날짜,시가,고가,저가,종가,MA5,MA20,MA60,MA120,거래량
2000-01-04,6000.0,6380.0,6000.0,6300.0,,,,,71700
2000-01-05,6300.0,6350.0,5950.0,6000.0,,,,,146900
2000-01-06,6100.0,6140.0,5660.0,5680.0,,,,,103700
2000-01-07,5500.0,5780.0,5500.0,5600.0,,,,,70600
2000-01-10,5700.0,5840.0,5560.0,5600.0,5836.0,,,,141200
2000-01-11,5590.0,5700.0,5500.0,5550.0,5686.0,,,,84800
2000-01-12,5600.0,5600.0,5280.0,5390.0,5564.0,,,,91500
2000-01-13,5150.0,5290.0,5070.0,5110.0,5450.0,,,,96000
2000-01-14,5120.0,5480.0,5120.0,5400.0,5410.0,,,,131700
2000-01-17,5500.0,6200.0,5500.0,5990.0,5488.0,,,,387700
2000-01-18,6100.0,6170.0,5630.0,6000.0,5578.0,,,,212200
2000-01-19,5800.0,5840.0,5490.0,5800.0,5660.0,,,,136800
2000-01-20,5500.0,5850.0,5350.0,5800.0,5798.0,,,,106300
2000-01-21,5950.0,5980.0,5550.0,5680.0,5854.0,,,,83800
2000-01-24,5700.0,5870.0,5600.0,5650.0,5786.0,,,,133300
2000-01-25,5650.0,5650.0,5300.0,5300.0,5646.0,,,,59500
2000-01-26,5200.0,5450.0,5200.0,5300.0,5546.0,,,,55000
2000-01-27,5500.0,5780.0,5400.0,5650.0,5516.0,,,,143600
2000-01-28,5650.0,5950.0,5650.0,5700.0,5520.0,,,,171100
2000-01-31,5530.0,5740.0,5530.0,5650.0,5520.0,5657.5,,,130300
2000-02-01,5660.0,5790.0,5580.0,5720.0,5604.0,5628.5,,,106400
2000-02-02,5750.0,6200.0,5750.0,6100.0,5764.0,5633.5,,,220000
2000-02-03,6300.0,6690.0,6200.0,6420.0,5918.0,5670.5,,,324000
2000-02-04,6420.0,6420.0,6420.0,6420.0,6062.0,5711.5,,,0
2000-02-07,6400.0,6870.0,6000.0,6550.0,6242.0,5759.0,,,472400
2000-02-08,6610.0,6650.0,6100.0,6250.0,6348.0,5794.0,,,192600
2000-02-09,6010.0,6240.0,5900.0,6000.0,6328.0,5824.5,,,134900
2000-02-10,5850.0,5890.0,5620.0,5700.0,6184.0,5854.0,,,116100
2000-02-11,5520.0,5750.0,5450.0,5700.0,6040.0,5869.0,,,147600
2000-02-14,5550.0,5700.0,5310.0,5420.0,5814.0,5840.5,,,52200
2000-02-15,5600.0,5600.0,5200.0,5200.0,5604.0,5800.5,,,55100
2000-02-16,5240.0,5400.0,5200.0,5350.0,5474.0,5778.0,,,43200
2000-02-17,5350.0,5350.0,5120.0,5290.0,5392.0,5752.5,,,69700
2000-02-18,5260.0,5290.0,5070.0,5210.0,5294.0,5729.0,,,92300
2000-02-21,5200.0,5200.0,4800.0,4800.0,5170.0,5686.5,,,67800
2000-02-22,4800.0,4940.0,4410.0,4540.0,5038.0,5648.5,,,97800
2000-02-23,4800.0,5210.0,4700.0,5000.0,4968.0,5633.5,,,178400
2000-02-24,5010.0,5100.0,4700.0,4840.0,4878.0,5593.0,,,71800
2000-02-25,4500.0,5000.0,4500.0,4840.0,4804.0,5550.0,,,85100
2000-02-28,4610.0,5200.0,4610.0,5200.0,4884.0,5527.5,,,120600
2000-02-29,5280.0,5280.0,4960.0,4980.0,4972.0,5490.5,,,85200
2000-03-01,4980.0,4980.0,4980.0,4980.0,4968.0,5434.5,,,0
2000-03-02,5050.0,5200.0,4950.0,5050.0,5010.0,5366.0,,,90700
2000-03-03,5060.0,5150.0,4900.0,4900.0,5022.0,5290.0,,,77800
2000-03-06,5300.0,5630.0,5010.0,5630.0,5108.0,5244.0,,,312700
2000-03-07,5630.0,5790.0,5400.0,5460.0,5204.0,5204.5,,,172500
2000-03-08,5400.0,6270.0,5190.0,6270.0,5462.0,5218.0,,,448300
2000-03-09,7210.0,7210.0,7210.0,7210.0,5894.0,5293.5,,,360000
2000-03-10,8290.0,8290.0,7910.0,8290.0,6572.0,5423.0,,,909100
2000-03-13,8790.0,9400.0,8100.0,9250.0,7296.0,5614.5,,,1133600
2000-03-14,8700.0,9450.0,8700.0,9100.0,8024.0,5809.5,,,542600
2000-03-15,9100.0,10150.0,8770.0,10000.0,8770.0,6042.0,,,982100
2000-03-16,10000.0,10300.0,9600.0,10000.0,9328.0,6277.5,,,739300
2000-03-17,10100.0,10350.0,9360.0,9800.0,9630.0,6507.0,,,695900
2000-03-20,9800.0,9900.0,8890.0,9100.0,9600.0,6722.0,,,396900
2000-03-21,8700.0,9300.0,7850.0,9300.0,9640.0,6960.0,,,567400
2000-03-22,9200.0,10650.0,8800.0,9700.0,9580.0,7195.0,,,1397300
2000-03-23,9400.0,9600.0,8600.0,8600.0,9300.0,7383.0,,,328000
2000-03-24,8600.0,9700.0,8020.0,9700.0,9280.0,7626.0,,,411900
2000-03-27,9200.0,9600.0,9030.0,9250.0,9310.0,7828.5,6337.833333333333,,210400
2000-03-28,8950.0,9700.0,8500.0,9700.0,9390.0,8064.5,6394.5,,600100
2000-03-29,9200.0,10500.0,9150.0,9890.0,9428.0,8310.0,6459.333333333333,,984300
2000-03-30,10000.0,10200.0,9100.0,10200.0,9748.0,8567.5,6534.666666666667,,1710200
2000-03-31,10250.0,11200.0,9800.0,10500.0,9908.0,8847.5,6616.333333333333,,2931600
2000-04-03,10600.0,10850.0,9800.0,9800.0,10018.0,9056.0,6686.333333333333,,1185400
2000-04-04,9300.0,9500.0,8610.0,9010.0,9880.0,9233.5,6744.0,,339500
2000-04-05,9010.0,9010.0,9010.0,9010.0,9704.0,9370.5,6804.333333333333,,0
2000-04-06,8500.0,9000.0,8000.0,8000.0,9264.0,9410.0,6852.5,,217500
2000-04-07,7500.0,8190.0,7500.0,7650.0,8694.0,9378.0,6890.0,,336200
2000-04-10,7770.0,8200.0,7410.0,8110.0,8356.0,9321.0,6925.333333333333,,332900
2000-04-11,8200.0,8250.0,7840.0,8100.0,8174.0,9271.0,6960.333333333333,,160500
2000-04-12,8110.0,8450.0,7900.0,8300.0,8032.0,9186.0,7002.0,,272400
2000-04-13,8300.0,8300.0,8300.0,8300.0,8092.0,9101.0,7043.666666666667,,0
2000-04-14,8300.0,8300.0,7800.0,7900.0,8142.0,9006.0,7080.666666666667,,116600
2000-04-17,6800.0,7250.0,6720.0,6990.0,7918.0,8900.5,7103.0,,214000
2000-04-18,7500.0,7700.0,7110.0,7330.0,7764.0,8802.0,7136.833333333333,,121300
2000-04-19,7330.0,7700.0,7110.0,7110.0,7526.0,8672.5,7167.0,,103700
2000-04-20,7200.0,7300.0,6700.0,6760.0,7218.0,8580.5,7185.5,,147700
2000-04-21,6730.0,7250.0,6450.0,7100.0,7058.0,8450.5,7208.833333333333,,146000
2000-04-24,7100.0,7100.0,6610.0,6670.0,6994.0,8321.5,7225.833333333333,,86600
2000-04-25,6540.0,6540.0,6200.0,6450.0,6818.0,8159.0,7238.0,,167100
2000-04-26,6500.0,6780.0,6200.0,6310.0,6658.0,7980.0,7241.5,,149800
2000-04-27,6110.0,6390.0,5500.0,5950.0,6496.0,7767.5,7233.666666666667,,96200
2000-04-28,5700.0,6300.0,5700.0,6300.0,6336.0,7557.5,7231.666666666667,,127600
2000-05-01,6300.0,6300.0,6300.0,6300.0,6262.0,7382.5,7227.5,,0
2000-05-02,6110.0,6300.0,6020.0,6120.0,6196.0,7238.0,7225.333333333333,,96200
2000-05-03,6050.0,6200.0,5910.0,6120.0,6158.0,7093.5,7227.333333333333,,56600
2000-05-04,6100.0,6100.0,5950.0,5950.0,6158.0,6991.0,7231.5,,61200
2000-05-05,5950.0,5950.0,5950.0,5950.0,6088.0,6906.0,7235.666666666667,,0
2000-05-08,5960.0,6170.0,5960.0,6130.0,6054.0,6807.0,7247.5,,104500
2000-05-09,6130.0,6130.0,6130.0,6130.0,6056.0,6708.5,7263.0,,0
2000-05-10,7040.0,7100.0,6550.0,6920.0,6216.0,6639.5,7289.166666666667,,157400
2000-05-11,6920.0,6920.0,6920.0,6920.0,6410.0,6570.5,7316.333333333333,,0
2000-05-12,6900.0,6900.0,6410.0,6420.0,6504.0,6496.5,7336.5,,106500
2000-05-15,6310.0,6310.0,5650.0,5700.0,6418.0,6432.0,7351.5,,108700
2000-05-16,5750.0,5980.0,5510.0,5790.0,6350.0,6355.0,7372.333333333333,,99100
2000-05-17,5690.0,5890.0,4930.0,4930.0,5952.0,6246.0,7371.166666666667,,108800
2000-05-18,4610.0,5290.0,4610.0,4900.0,5548.0,6153.0,7372.166666666667,,214000
2000-05-19,4900.0,5100.0,4420.0,4710.0,5206.0,6033.5,7370.0,,152200
2000-05-22,4980.0,4980.0,4200.0,4345.0,4935.0,5917.25,7355.75,,106600
2000-05-23,4080.0,4345.0,3830.0,4200.0,4617.0,5804.75,7342.75,,76200
2000-05-24,3850.0,4470.0,3850.0,4320.0,4495.0,5705.25,7331.75,,66900
2000-05-25,4355.0,4920.0,4355.0,4920.0,4499.0,5653.75,7329.583333333333,,90200
2000-05-26,4950.0,4995.0,4330.0,4500.0,4457.0,5563.75,7322.916666666667,,102700
2000-05-29,4300.0,4880.0,4240.0,4720.0,4532.0,5484.75,7307.75,,78300
2000-05-30,4720.0,4720.0,4720.0,4720.0,4636.0,5414.75,7295.416666666667,,0
2000-05-31,6230.0,6230.0,6230.0,6230.0,5018.0,5420.25,7294.75,,45900
2000-06-01,6530.0,7160.0,6230.0,6440.0,5322.0,5444.75,7281.916666666667,,314700
2000-06-02,6440.0,6700.0,6050.0,6180.0,5658.0,5456.25,7246.75,,234000
2000-06-05,6370.0,6440.0,6180.0,6250.0,5964.0,5462.25,7196.75,,226300
2000-06-06,6250.0,6250.0,6250.0,6250.0,6270.0,5468.25,7149.25,,0
2000-06-07,6250.0,6500.0,6100.0,6500.0,6324.0,5447.25,7090.916666666667,,238100
2000-06-08,6600.0,6690.0,6150.0,6470.0,6330.0,5424.75,7032.083333333333,,189400
2000-06-09,6500.0,6690.0,6100.0,6400.0,6374.0,5423.75,6975.416666666667,,472300
2000-06-12,6400.0,6550.0,6200.0,6500.0,6424.0,5463.75,6932.083333333333,,139800
2000-06-13,6250.0,6400.0,6140.0,6180.0,6410.0,5483.25,6880.083333333333,,77000
2000-06-14,6020.0,6270.0,6010.0,6100.0,6330.0,5541.75,6820.083333333333,,102100
2000-06-15,5900.0,6020.0,5800.0,5820.0,6200.0,5587.75,6773.75,,92800
2000-06-16,5600.0,5790.0,5510.0,5600.0,6040.0,5632.25,6705.416666666667,,59500
2000-06-19,5700.0,5700.0,5400.0,5550.0,5850.0,5692.5,6643.75,6490.791666666667,46600
2000-06-20,5400.0,5840.0,5400.0,5510.0,5716.0,5758.0,6573.916666666667,6484.208333333333,40800
2000-06-21,5510.0,5730.0,5420.0,5510.0,5598.0,5817.5,6500.916666666667,6480.125,97100
2000-06-22,5550.0,5970.0,5550.0,5900.0,5614.0,5866.5,6429.25,6481.958333333333,116200
2000-06-23,5800.0,5900.0,5600.0,5700.0,5634.0,5926.5,6349.25,6482.791666666667,72800
2000-06-26,5660.0,5940.0,5610.0,5700.0,5664.0,5975.5,6280.916666666667,6483.625,409200
2000-06-27,5900.0,6000.0,5720.0,5970.0,5756.0,6038.0,6230.25,6487.125,85500
2000-06-28,5910.0,5910.0,5700.0,5700.0,5794.0,6011.5,6175.083333333333,6489.708333333333,66600
2000-06-29,5700.0,5850.0,5480.0,5700.0,5754.0,5974.5,6136.75,6494.625,93600
2000-06-30,5600.0,5770.0,5550.0,5620.0,5738.0,5946.5,6102.916666666667,6496.458333333333,35400
2000-07-03,5830.0,6290.0,5830.0,6190.0,5836.0,5943.5,6070.916666666667,6498.125,300800
2000-07-04,6500.0,6500.0,6150.0,6160.0,5874.0,5939.0,6038.583333333333,6499.458333333333,233500
2000-07-05,6170.0,6290.0,5810.0,6060.0,5946.0,5917.0,6001.25,6501.625,148900
2000-07-06,6060.0,6590.0,5920.0,6590.0,6124.0,5923.0,5972.75,6508.208333333333,387300
2000-07-07,6590.0,6750.0,6310.0,6590.0,6318.0,5932.5,5950.916666666667,6515.791666666667,271700
2000-07-10,6700.0,6790.0,6450.0,6450.0,6370.0,5930.0,5941.916666666667,6522.458333333333,187100
2000-07-11,6500.0,6590.0,6250.0,6390.0,6416.0,5940.5,5926.25,6531.541666666667,230200
2000-07-12,6390.0,6750.0,6150.0,6750.0,6554.0,5973.0,5920.25,6543.625,171000
2000-07-13,6180.0,6490.0,6180.0,6200.0,6476.0,5992.0,5910.916666666667,6548.208333333333,65300
2000-07-14,6200.0,6700.0,6200.0,6300.0,6418.0,6027.0,5897.583333333333,6553.208333333333,245800
2000-07-17,6300.0,6300.0,6300.0,6300.0,6388.0,6064.5,5891.416666666667,6558.625,0
2000-07-18,6300.0,6350.0,5960.0,6000.0,6310.0,6089.0,5883.916666666667,6560.958333333333,68800
2000-07-19,6300.0,6350.0,5960.0,6000.0,6160.0,6113.5,5878.75,6560.125,68800
2000-07-20,6000.0,6000.0,5800.0,5920.0,6104.0,6114.5,5878.25,6555.958333333333,61800
2000-07-21,5920.0,6200.0,5810.0,5900.0,6024.0,6124.5,5871.583333333333,6551.625,52900
2000-07-24,5900.0,5900.0,5270.0,5450.0,5854.0,6112.0,5857.416666666667,6542.458333333333,103900
2000-07-25,5450.0,5550.0,5300.0,5430.0,5740.0,6085.0,5845.916666666667,6535.625,57800
2000-07-26,5430.0,5700.0,5430.0,5700.0,5680.0,6085.0,5838.916666666667,6533.125,70400
2000-07-27,5700.0,5700.0,5520.0,5700.0,5636.0,6085.0,5834.75,6533.125,50600
2000-07-28,5700.0,5830.0,5580.0,5600.0,5576.0,6084.0,5828.916666666667,6532.291666666667,57200
2000-07-31,5690.0,5690.0,5500.0,5590.0,5604.0,6054.0,5819.916666666667,6533.708333333333,49400
2000-08-01,5600.0,5840.0,5590.0,5660.0,5650.0,6029.0,5812.083333333333,6537.541666666667,33200
2000-08-02,5750.0,5750.0,5610.0,5610.0,5632.0,6006.5,5790.25,6539.708333333333,64800
2000-08-03,5700.0,5700.0,5460.0,5570.0,5606.0,5955.5,5767.75,6542.041666666667,44300
2000-08-04,5800.0,5800.0,5580.0,5620.0,5610.0,5907.0,5754.416666666667,6545.458333333333,22000
2000-08-07,5620.0,5620.0,5490.0,5500.0,5592.0,5859.5,5751.083333333333,6551.291666666667,47200
2000-08-08,5510.0,5600.0,5500.0,5500.0,5560.0,5815.0,5746.25,6559.291666666667,25900
2000-08-09,5510.0,5640.0,5500.0,5600.0,5558.0,5757.5,5757.416666666667,6564.291666666667,25400
2000-08-10,5610.0,5900.0,5600.0,5900.0,5624.0,5742.5,5774.083333333333,6573.125,41500
2000-08-11,5890.0,5890.0,5520.0,5700.0,5640.0,5712.5,5790.583333333333,6580.291666666667,64400
2000-08-14,6340.0,6340.0,5840.0,5870.0,5714.0,5691.0,5816.0,6585.875,37100
2000-08-15,5870.0,5870.0,5870.0,5870.0,5788.0,5684.5,5843.833333333333,6593.291666666667,0
2000-08-16,5870.0,6190.0,5870.0,5870.0,5842.0,5678.0,5869.666666666667,6600.708333333333,52500
2000-08-17,5670.0,5750.0,5630.0,5640.0,5790.0,5664.0,5881.666666666667,6605.625,32000
2000-08-18,5650.0,5790.0,5640.0,5640.0,5778.0,5651.0,5900.666666666667,6611.791666666667,39800
2000-08-21,5640.0,5650.0,5520.0,5590.0,5722.0,5658.0,5915.166666666667,6611.458333333333,13800
2000-08-22,5510.0,5700.0,5500.0,5690.0,5686.0,5671.0,5931.333333333333,6613.375,13500
2000-08-23,5750.0,5750.0,5550.0,5560.0,5624.0,5664.0,5920.166666666667,6607.458333333333,14600
2000-08-24,5510.0,5680.0,5310.0,5550.0,5606.0,5656.5,5905.333333333333,6593.625,15100
2000-08-25,5630.0,5630.0,5380.0,5550.0,5588.0,5654.0,5894.833333333333,6570.791666666667,36400
2000-08-28,5550.0,5610.0,5500.0,5500.0,5570.0,5649.5,5882.333333333333,6539.541666666667,19800
2000-08-29,5500.0,5600.0,5100.0,5110.0,5454.0,5622.0,5863.333333333333,6506.291666666667,68300
2000-08-30,5400.0,5400.0,5150.0,5180.0,5378.0,5600.5,5841.333333333333,6466.125,73800
2000-08-31,5200.0,5280.0,5020.0,5280.0,5324.0,5586.0,5821.5,6426.791666666667,44000
2000-09-01,4900.0,5250.0,4900.0,5210.0,5256.0,5565.5,5801.666666666667,6388.541666666667,31200
2000-09-04,5100.0,5480.0,5030.0,5150.0,5186.0,5548.0,5779.166666666667,6355.625,104700
2000-09-05,5250.0,5280.0,5090.0,5150.0,5194.0,5530.5,5762.0,6321.041666666667,35000
2000-09-06,5140.0,5190.0,5060.0,5110.0,5180.0,5506.0,5745.5,6282.791666666667,39900
2000-09-07,5060.0,5150.0,4970.0,5120.0,5148.0,5467.0,5733.833333333333,6253.791666666667,53500
2000-09-08,5010.0,5190.0,4960.0,5150.0,5136.0,5439.5,5726.333333333333,6215.875,41600
2000-09-11,5150.0,5150.0,5150.0,5150.0,5136.0,5403.5,5719.666666666667,6181.708333333333,0
2000-09-12,5150.0,5150.0,5150.0,5150.0,5136.0,5367.5,5713.666666666667,6143.791666666667,0
2000-09-13,5150.0,5150.0,5150.0,5150.0,5144.0,5331.5,5707.666666666667,6104.291666666667,0
2000-09-14,5010.0,5100.0,4850.0,4925.0,5105.0,5295.75,5691.416666666667,6060.333333333333,38700
2000-09-15,4925.0,4990.0,4800.0,4920.0,5059.0,5259.75,5678.416666666667,6013.833333333333,40400
2000-09-18,4880.0,4880.0,4300.0,4485.0,4926.0,5204.5,5658.166666666667,5969.541666666667,18800
2000-09-19,4310.0,4600.0,4310.0,4550.0,4806.0,5147.5,5634.5,5932.375,40300
2000-09-20,4560.0,4890.0,4500.0,4890.0,4754.0,5114.0,5621.0,5898.041666666667,42600
2000-09-21,4760.0,4780.0,4490.0,4500.0,4669.0,5061.5,5601.0,5868.875,31500
2000-09-22,4360.0,4500.0,4300.0,4300.0,4545.0,4999.0,5579.0,5840.958333333333,22600
2000-09-25,4500.0,4550.0,4400.0,4500.0,4548.0,4949.0,5550.833333333333,5810.875,10500
2000-09-26,4360.0,4490.0,4330.0,4330.0,4504.0,4910.0,5520.333333333333,5779.458333333333,73500
2000-09-27,4400.0,4450.0,4300.0,4350.0,4396.0,4868.5,5491.833333333333,5746.541666666667,257400
2000-09-28,4400.0,4430.0,4360.0,4400.0,4376.0,4824.5,5455.333333333333,5714.041666666667,95700
2000-09-29,4400.0,4450.0,4360.0,4390.0,4394.0,4783.5,5418.666666666667,5684.791666666667,57500
2000-10-02,4380.0,4380.0,4305.0,4320.0,4358.0,4742.0,5383.166666666667,5662.541666666667,38800
2000-10-03,4320.0,4320.0,4320.0,4320.0,4356.0,4700.5,5348.666666666667,5637.458333333333,0
2000-10-04,4290.0,4390.0,4120.0,4370.0,4360.0,4663.5,5309.0,5614.625,85100
2000-10-05,4400.0,4520.0,4370.0,4490.0,4378.0,4632.0,5280.5,5595.708333333333,69700
2000-10-06,4400.0,4490.0,4300.0,4490.0,4398.0,4599.0,5250.333333333333,5573.958333333333,67400
2000-10-09,4480.0,4510.0,4360.0,4490.0,4432.0,4566.0,5220.166666666667,5555.791666666667,62000
2000-10-10,4490.0,4520.0,4360.0,4395.0,4447.0,4528.25,5193.416666666667,5538.666666666667,22000
2000-10-11,4315.0,4980.0,4315.0,4740.0,4521.0,4507.75,5172.416666666667,5525.583333333333,126400
2000-10-12,4690.0,5450.0,4690.0,5450.0,4713.0,4534.0,5164.583333333333,5521.416666666667,244400
2000-10-13,5260.0,6150.0,5050.0,5900.0,4995.0,4583.0,5164.583333333333,5518.083333333333,597800
2000-10-16,5900.0,5900.0,5900.0,5900.0,5277.0,4653.75,5172.083333333333,5514.75,0
2000-10-17,5500.0,5950.0,5200.0,5600.0,5518.0,4706.25,5174.916666666667,5510.416666666667,150600
2000-10-18,5440.0,5580.0,5010.0,5350.0,5640.0,4729.25,5169.083333333333,5504.0,104300
2000-10-19,5300.0,5450.0,5000.0,5230.0,5596.0,4765.75,5161.25,5498.0,72800
2000-10-20,5200.0,5540.0,5200.0,5540.0,5524.0,4827.75,5160.25,5494.583333333333,138000
2000-10-23,5570.0,5850.0,5410.0,5600.0,5464.0,4882.75,5160.416666666667,5490.166666666667,93300
2000-10-24,5490.0,5770.0,5460.0,5750.0,5494.0,4953.75,5161.916666666667,5487.0,96500
2000-10-25,5750.0,5950.0,5670.0,5950.0,5614.0,5033.75,5167.583333333333,5478.916666666667,91400
2000-10-26,6000.0,6840.0,5860.0,6840.0,5936.0,5155.75,5188.75,5478.25,581000
2000-10-27,6840.0,6840.0,6840.0,6840.0,6196.0,5278.25,5209.083333333333,5481.75,0
2000-10-30,6300.0,6700.0,5560.0,5800.0,6236.0,5352.25,5214.083333333333,5482.583333333333,207800
2000-10-31,5330.0,5700.0,5330.0,5450.0,6176.0,5408.75,5213.25,5479.75,126400
2000-11-01,5450.0,6000.0,5450.0,5850.0,6156.0,5482.75,5217.416666666667,5487.416666666667,136700
2000-11-02,5610.0,5850.0,5400.0,5850.0,5958.0,5550.75,5216.583333333333,5495.333333333333,115100
2000-11-03,6000.0,6300.0,5890.0,6300.0,5850.0,5641.25,5226.583333333333,5508.583333333333,139300
2000-11-06,6480.0,6870.0,6400.0,6620.0,6014.0,5747.75,5239.083333333333,5527.541666666667,196200
2000-11-07,6800.0,6800.0,6310.0,6730.0,6270.0,5864.5,5253.416666666667,5548.625,108200
2000-11-08,6000.0,6900.0,6000.0,6800.0,6460.0,5967.5,5268.916666666667,5569.291666666667,153400
2000-11-09,6900.0,6950.0,6540.0,6950.0,6680.0,6042.5,5290.75,5586.208333333333,168600
2000-11-10,6950.0,7200.0,6800.0,7100.0,6840.0,6102.5,5315.083333333333,5607.875,152100
2000-11-13,6540.0,7050.0,6540.0,6800.0,6876.0,6147.5,5335.25,5625.208333333333,107400
2000-11-14,6900.0,6940.0,6550.0,6810.0,6892.0,6208.0,5353.916666666667,5642.625,123800
2000-11-15,6750.0,7000.0,6710.0,6880.0,6908.0,6284.5,5375.916666666667,5648.041666666667,91500
2000-11-16,6800.0,6900.0,6670.0,6900.0,6898.0,6368.0,5398.416666666667,5651.875,87800
2000-11-17,6900.0,7900.0,6750.0,7150.0,6908.0,6448.5,5425.083333333333,5659.958333333333,395000
2000-11-20,7300.0,7300.0,6850.0,7100.0,6968.0,6523.5,5451.75,5667.041666666667,133900
2000-11-21,7100.0,7100.0,6450.0,6590.0,6924.0,6565.5,5476.416666666667,5669.875,104500
2000-11-22,6310.0,6550.0,5950.0,5970.0,6742.0,6566.5,5489.583333333333,5665.458333333333,165800
2000-11-23,5750.0,5900.0,5600.0,5600.0,6482.0,6504.5,5494.916666666667,5658.208333333333,83700
2000-11-24,5600.0,6310.0,5600.0,5890.0,6230.0,6457.0,5506.25,5653.958333333333,138300
2000-11-27,6010.0,6280.0,5900.0,5990.0,6008.0,6466.5,5520.25,5649.708333333333,93100
2000-11-28,6010.0,6140.0,5710.0,5710.0,5832.0,6479.5,5529.583333333333,5645.791666666667,54400
2000-11-29,5710.0,5710.0,5410.0,5550.0,5748.0,6464.5,5536.916666666667,5641.208333333333,61700
2000-11-30,5570.0,5570.0,5220.0,5450.0,5718.0,6444.5,5542.416666666667,5638.125,106400
2000-12-01,5470.0,5690.0,5250.0,5450.0,5630.0,6402.0,5547.416666666667,5636.875,139700
2000-12-04,5550.0,5590.0,5300.0,5590.0,5550.0,6350.5,5554.75,5637.208333333333,55000
2000-12-05,5500.0,5570.0,5400.0,5400.0,5488.0,6284.0,5558.916666666667,5636.291666666667,33400
2000-12-06,5500.0,5590.0,5310.0,5310.0,5440.0,6209.5,5561.583333333333,5634.625,52000
2000-12-07,5320.0,5450.0,5200.0,5350.0,5420.0,6129.5,5568.666666666667,5630.041666666667,36100
2000-12-08,5370.0,5450.0,5220.0,5280.0,5386.0,6038.5,5574.666666666667,5626.541666666667,21800
2000-12-11,5450.0,5550.0,5330.0,5450.0,5358.0,5971.0,5590.75,5624.458333333333,51200
2000-12-12,5400.0,5600.0,5300.0,5300.0,5338.0,5895.5,5603.25,5618.875,61900
2000-12-13,5230.0,5470.0,5230.0,5370.0,5350.0,5820.0,5611.25,5616.125,34900
2000-12-14,5310.0,5500.0,5210.0,5500.0,5380.0,5750.0,5627.916666666667,5614.458333333333,74400
2000-12-15,5410.0,6200.0,5360.0,5510.0,5426.0,5668.0,5648.083333333333,5613.541666666667,206500
2000-12-18,5500.0,5790.0,5500.0,5640.0,5464.0,5595.0,5667.083333333333,5608.958333333333,63400
2000-12-19,5400.0,5630.0,5280.0,5300.0,5464.0,5530.5,5683.25,5601.791666666667,79800
2000-12-20,5100.0,5190.0,5010.0,5060.0,5402.0,5485.0,5695.083333333333,5593.458333333333,46900
2000-12-21,4860.0,5080.0,4800.0,5000.0,5302.0,5455.0,5705.083333333333,5580.208333333333,33600
2000-12-22,5000.0,5190.0,5000.0,5040.0,5208.0,5412.5,5715.916666666667,5567.291666666667,36400
2000-12-25,5040.0,5040.0,5040.0,5040.0,5088.0,5365.0,5727.916666666667,5555.541666666667,0
2000-12-26,5000.0,5400.0,5000.0,5360.0,5100.0,5347.5,5745.25,5546.958333333333,39200
2000-12-27,5360.0,5360.0,5360.0,5360.0,5160.0,5338.0,5761.75,5535.375,0
2000-12-28,5360.0,5360.0,5360.0,5360.0,5232.0,5333.5,5776.25,5528.375,0
2000-12-29,5360.0,5360.0,5360.0,5360.0,5296.0,5329.0,5790.75,5520.541666666667,0
2001-01-01,5360.0,5360.0,5360.0,5360.0,5360.0,5317.5,5805.25,5512.708333333333,0
2001-01-02,5100.0,5290.0,5100.0,5170.0,5322.0,5306.0,5818.166666666667,5505.791666666667,17000
2001-01-03,5100.0,5340.0,5100.0,5140.0,5278.0,5297.5,5824.833333333333,5498.625,38800
2001-01-04,5300.0,5400.0,5200.0,5210.0,5248.0,5290.5,5820.833333333333,5492.708333333333,117800
2001-01-05,5320.0,5600.0,5210.0,5540.0,5284.0,5303.5,5814.833333333333,5489.708333333333,258600
2001-01-08,5610.0,5680.0,5470.0,5620.0,5336.0,5312.0,5810.166666666667,5491.125,116500
2001-01-09,5620.0,5730.0,5490.0,5730.0,5448.0,5333.5,5812.333333333333,5493.625,165200
2001-01-10,5630.0,5810.0,5500.0,5500.0,5520.0,5340.0,5814.833333333333,5491.958333333333,126500
2001-01-11,5500.0,5600.0,5410.0,5410.0,5560.0,5335.5,5817.833333333333,5489.541666666667,86500
2001-01-12,5500.0,6220.0,5500.0,6220.0,5696.0,5371.0,5829.166666666667,5494.708333333333,557700
2001-01-15,6340.0,6680.0,6250.0,6450.0,5862.0,5411.5,5843.333333333333,5501.875,761900
2001-01-16,6390.0,6680.0,6250.0,6500.0,6016.0,5471.5,5855.833333333333,5508.875,280800
2001-01-17,6440.0,6700.0,6320.0,6330.0,6182.0,5535.0,5862.166666666667,5514.875,260100
2001-01-18,6530.0,6540.0,6270.0,6350.0,6370.0,5602.5,5854.0,5521.375,260600
2001-01-19,6410.0,7000.0,6350.0,7000.0,6526.0,5700.5,5856.666666666667,5532.875,548700
2001-01-22,7250.0,7250.0,6860.0,7070.0,6650.0,5802.0,5877.833333333333,5545.958333333333,552500
2001-01-23,7070.0,7070.0,7070.0,7070.0,6764.0,5887.5,5904.833333333333,5559.041666666667,0
2001-01-24,7070.0,7070.0,7070.0,7070.0,6912.0,5973.0,5925.166666666667,5571.291666666667,0
2001-01-25,7070.0,7070.0,7070.0,7070.0,7056.0,6058.5,5945.5,5581.041666666667,0
2001-01-26,7300.0,7680.0,6800.0,6840.0,7024.0,6132.5,5954.5,5590.541666666667,859900
2001-01-29,6780.0,6800.0,6400.0,6600.0,6930.0,6194.5,5954.166666666667,5596.625,356800
2001-01-30,6600.0,6950.0,6560.0,6560.0,6828.0,6264.0,5951.333333333333,5602.375,355200
2001-01-31,6470.0,6660.0,6420.0,6530.0,6720.0,6333.5,5946.833333333333,5607.875,213400
2001-02-01,6430.0,6510.0,6350.0,6360.0,6578.0,6391.0,5937.0,5613.875,107000
2001-02-02,6350.0,6580.0,6350.0,6580.0,6526.0,6443.0,5928.333333333333,5621.708333333333,136700
2001-02-05,6400.0,6790.0,6350.0,6600.0,6526.0,6492.0,5925.0,5630.125,235100
2001-02-06,6600.0,6770.0,6500.0,6760.0,6566.0,6543.5,5924.166666666667,5639.041666666667,120700
2001-02-07,6510.0,6760.0,6510.0,6740.0,6608.0,6605.5,5921.833333333333,5648.875,124900
2001-02-08,6740.0,6990.0,6710.0,6900.0,6716.0,6680.0,5921.833333333333,5660.125,222000
2001-02-09,6900.0,7140.0,6800.0,6980.0,6796.0,6718.0,5919.0,5672.041666666667,187600
2001-02-12,6900.0,7020.0,6710.0,7020.0,6880.0,6746.5,5917.666666666667,5684.708333333333,102700
2001-02-13,7020.0,7030.0,6860.0,6990.0,6926.0,6771.0,5924.333333333333,5700.375,80100
2001-02-14,6910.0,7050.0,6800.0,6960.0,6970.0,6802.5,5940.833333333333,5715.208333333333,131300
2001-02-15,6860.0,7000.0,6710.0,6900.0,6970.0,6830.0,5962.5,5728.708333333333,73100
2001-02-16,6900.0,7010.0,6830.0,6940.0,6962.0,6827.0,5980.0,5743.125,202300
2001-02-19,6800.0,6940.0,6710.0,6900.0,6938.0,6818.5,5995.166666666667,5757.708333333333,67200
2001-02-20,6950.0,7000.0,6850.0,6950.0,6930.0,6812.5,6015.833333333333,5772.708333333333,58500
2001-02-21,6900.0,6950.0,6820.0,6900.0,6918.0,6804.0,6038.333333333333,5787.625,57400
2001-02-22,6910.0,6950.0,6750.0,6900.0,6918.0,6795.5,6062.5,5802.458333333333,43700
2001-02-23,6950.0,6950.0,6800.0,6900.0,6910.0,6798.5,6086.666666666667,5817.041666666667,27600
2001-02-26,6800.0,7080.0,6800.0,6840.0,6898.0,6810.5,6107.5,5831.125,35400
2001-02-27,6890.0,6980.0,6830.0,6830.0,6874.0,6824.0,6131.333333333333,5845.125,51600
2001-02-28,6710.0,6830.0,6500.0,6500.0,6794.0,6822.5,6151.166666666667,5856.375,67500
2001-03-01,6500.0,6500.0,6500.0,6500.0,6714.0,6829.5,6170.333333333333,5869.5,0
2001-03-02,6340.0,6480.0,5930.0,6000.0,6534.0,6800.5,6182.333333333333,5878.5,80900
2001-03-05,5830.0,6290.0,5830.0,6280.0,6422.0,6784.5,6196.166666666667,5893.458333333333,56200
2001-03-06,6110.0,6310.0,6020.0,6150.0,6286.0,6754.0,6210.333333333333,5906.791666666667,34000
2001-03-07,6060.0,6350.0,6060.0,6300.0,6246.0,6732.0,6225.833333333333,5918.541666666667,57000
2001-03-08,6300.0,6500.0,6200.0,6500.0,6246.0,6712.0,6242.5,5935.208333333333,65800
2001-03-09,6600.0,6600.0,6300.0,6470.0,6340.0,6686.5,6258.5,5953.291666666667,80000
2001-03-12,6460.0,6590.0,6050.0,6580.0,6400.0,6664.5,6274.166666666667,5970.625,169900
2001-03-13,6000.0,6280.0,6000.0,6000.0,6370.0,6615.0,6285.833333333333,5984.541666666667,31700
2001-03-14,6000.0,6000.0,6000.0,6000.0,6310.0,6567.0,6301.5,5998.291666666667,0
2001-03-15,6000.0,6320.0,5960.0,6260.0,6262.0,6535.0,6322.5,6013.791666666667,24200
2001-03-16,6150.0,6300.0,6100.0,6240.0,6216.0,6500.0,6342.5,6029.208333333333,23700
2001-03-19,6150.0,6290.0,6050.0,6240.0,6148.0,6467.0,6362.5,6045.208333333333,25500
2001-03-20,6340.0,6340.0,6150.0,6290.0,6206.0,6434.0,6378.0,6061.625,34000
2001-03-21,6150.0,6290.0,6110.0,6250.0,6256.0,6401.5,6392.833333333333,6077.291666666667,31200
2001-03-22,6250.0,6400.0,6000.0,6300.0,6264.0,6371.5,6408.5,6092.375,211200
2001-03-23,6350.0,6500.0,6260.0,6500.0,6316.0,6351.5,6427.5,6109.125,89500
2001-03-26,6800.0,6800.0,6420.0,6570.0,6382.0,6338.0,6447.666666666667,6126.458333333333,143100
2001-03-27,6500.0,6500.0,6410.0,6490.0,6422.0,6321.0,6469.666666666667,6143.916666666667,48500
2001-03-28,6420.0,6550.0,6260.0,6490.0,6470.0,6320.5,6492.166666666667,6158.5,139800
2001-03-29,6350.0,6540.0,6110.0,6130.0,6436.0,6302.0,6507.5,6164.166666666667,58900
2001-03-30,5900.0,6220.0,5900.0,6050.0,6346.0,6304.5,6516.0,6165.416666666667,33900
2001-04-02,6150.0,6150.0,5920.0,6000.0,6232.0,6290.5,6522.333333333333,6166.25,10400
2001-04-03,6090.0,6150.0,5910.0,5950.0,6124.0,6280.5,6526.0,6169.166666666667,31000
2001-04-04,5810.0,5900.0,5610.0,5800.0,5986.0,6255.5,6531.0,6172.916666666667,16900
2001-04-05,5800.0,5800.0,5800.0,5800.0,5920.0,6220.5,6537.5,6177.666666666667,0
2001-04-06,6000.0,6100.0,5700.0,5710.0,5852.0,6182.5,6529.0,6179.083333333333,32600
2001-04-09,5710.0,5710.0,5480.0,5600.0,5772.0,6133.5,6514.833333333333,6179.083333333333,50100
2001-04-10,5600.0,5600.0,5350.0,5400.0,5662.0,6103.5,6496.5,6176.166666666667,40700
2001-04-11,5590.0,5590.0,5320.0,5320.0,5566.0,6069.5,6479.666666666667,6170.916666666667,48100
2001-04-12,5350.0,5470.0,5250.0,5390.0,5484.0,6026.0,6463.666666666667,6158.833333333333,66900
2001-04-13,5460.0,5800.0,5450.0,5650.0,5472.0,5996.5,6441.166666666667,6148.916666666667,112400
2001-04-16,5660.0,5750.0,5510.0,5600.0,5472.0,5964.5,6416.666666666667,6147.25,61700
2001-04-17,5600.0,5670.0,5530.0,5620.0,5516.0,5931.0,6392.5,6148.666666666667,38800
2001-04-18,5690.0,5700.0,5600.0,5680.0,5588.0,5902.5,6369.333333333333,6147.25,51300
2001-04-19,5760.0,5900.0,5650.0,5660.0,5642.0,5870.5,6345.833333333333,6145.666666666667,56200
2001-04-20,5630.0,5800.0,5630.0,5800.0,5672.0,5835.5,6328.5,6141.5,50400
2001-04-23,5850.0,5850.0,5700.0,5700.0,5692.0,5792.0,6313.5,6133.833333333333,23800
2001-04-24,5600.0,5850.0,5600.0,5720.0,5712.0,5753.5,6299.5,6125.416666666667,28100
2001-04-25,5600.0,5750.0,5600.0,5700.0,5716.0,5714.0,6285.666666666667,6116.25,21300
2001-04-26,5600.0,5750.0,5600.0,5700.0,5724.0,5692.5,6274.666666666667,6105.833333333333,21300
2001-04-27,5700.0,5710.0,5550.0,5700.0,5704.0,5675.0,6260.0,6094.166666666667,28500
2001-04-30,5620.0,5850.0,5620.0,5750.0,5714.0,5662.5,6245.833333333333,6085.416666666667,26100
2001-05-01,5750.0,5750.0,5750.0,5750.0,5720.0,5652.5,6229.0,6076.583333333333,0
2001-05-02,5900.0,5900.0,5750.0,5820.0,5744.0,5653.5,6213.666666666667,6067.75,45700
2001-05-03,5790.0,6050.0,5680.0,5960.0,5796.0,5661.5,6198.0,6059.916666666667,83200
2001-05-04,5890.0,5960.0,5880.0,5910.0,5838.0,5671.5,6180.166666666667,6049.583333333333,34800
2001-05-07,5850.0,5900.0,5780.0,5900.0,5868.0,5686.5,6161.5,6039.583333333333,33400
2001-05-08,6100.0,6100.0,5850.0,6010.0,5920.0,5717.0,6145.166666666667,6034.75,45100
2001-05-09,6000.0,6030.0,5830.0,5840.0,5924.0,5743.0,6126.5,6033.666666666667,23200
2001-05-10,5760.0,6500.0,5760.0,6130.0,5958.0,5780.0,6113.666666666667,6038.083333333333,125000
2001-05-11,6130.0,6130.0,5950.0,6030.0,5982.0,5799.0,6098.5,6039.25,44400
2001-05-14,6030.0,6110.0,5960.0,6100.0,6022.0,5824.0,6085.166666666667,6040.166666666667,41000
2001-05-15,6100.0,6160.0,6030.0,6150.0,6050.0,5850.5,6071.833333333333,6043.833333333333,48500
2001-05-16,6160.0,6290.0,6050.0,6160.0,6114.0,5874.5,6059.5,6048.916666666667,34400
2001-05-17,6400.0,6970.0,6300.0,6750.0,6238.0,5929.0,6057.0,6059.75,278500
2001-05-18,6750.0,6780.0,6570.0,6700.0,6372.0,5974.0,6053.666666666667,6070.166666666667,72600
2001-05-21,6730.0,6940.0,6730.0,6800.0,6512.0,6029.0,6053.0,6080.25,144100
2001-05-22,6820.0,6840.0,6660.0,6760.0,6634.0,6081.0,6051.833333333333,6091.583333333333,102000
2001-05-23,6800.0,6820.0,6750.0,6800.0,6762.0,6136.0,6056.833333333333,6104.0,74500
2001-05-24,6790.0,6790.0,6640.0,6780.0,6768.0,6190.0,6061.5,6115.916666666667,52300
2001-05-25,6800.0,6950.0,6500.0,6850.0,6798.0,6247.5,6075.666666666667,6129.0,107100
2001-05-28,7000.0,7000.0,6820.0,6850.0,6808.0,6302.5,6085.166666666667,6140.666666666667,239100
2001-05-29,6920.0,7200.0,6920.0,7010.0,6858.0,6365.5,6099.5,6154.916666666667,197900
2001-05-30,7100.0,7200.0,6900.0,7050.0,6908.0,6427.0,6112.0,6168.916666666667,59200
2001-05-31,6850.0,7020.0,6850.0,6900.0,6932.0,6474.0,6118.666666666667,6180.583333333333,17800
2001-06-01,6900.0,7350.0,6900.0,7300.0,7022.0,6543.5,6132.5,6195.5,311800
2001-06-04,7150.0,7900.0,7150.0,7900.0,7232.0,6643.5,6154.5,6214.333333333333,376600
2001-06-05,7950.0,8080.0,7750.0,7800.0,7390.0,6733.0,6184.5,6235.166666666667,235500
2001-06-06,7800.0,7800.0,7800.0,7800.0,7540.0,6831.0,6214.5,6258.0,0
2001-06-07,7600.0,7850.0,7520.0,7700.0,7700.0,6909.5,6238.5,6280.5,108800
2001-06-08,7800.0,7850.0,7700.0,7700.0,7780.0,6993.0,6262.833333333333,6302.666666666667,93200
2001-06-11,7700.0,7700.0,7550.0,7600.0,7720.0,7068.0,6285.5,6324.0,70300
2001-06-12,7510.0,7660.0,7510.0,7580.0,7676.0,7139.5,6307.0,6342.5,82500
2001-06-13,7500.0,7580.0,7430.0,7500.0,7616.0,7206.5,6327.833333333333,6360.333333333333,86900
2001-06-14,7500.0,7760.0,7300.0,7700.0,7616.0,7254.0,6351.166666666667,6379.833333333333,84500
2001-06-15,7500.0,7850.0,7500.0,7710.0,7618.0,7304.5,6371.333333333333,6399.416666666667,45500
2001-06-18,7800.0,7800.0,7620.0,7790.0,7656.0,7354.0,6391.666666666667,6419.666666666667,36700
2001-06-19,7820.0,7900.0,7670.0,7680.0,7676.0,7400.0,6411.5,6440.583333333333,54500
2001-06-20,7600.0,7700.0,7300.0,7500.0,7676.0,7435.0,6428.333333333333,6460.25,97400
2001-06-21,7460.0,7590.0,7230.0,7350.0,7606.0,7463.5,6448.666666666667,6478.083333333333,36400
2001-06-22,7230.0,7480.0,7190.0,7390.0,7542.0,7490.5,6471.0,6493.5,33000
2001-06-25,7190.0,7360.0,7100.0,7200.0,7424.0,7508.0,6491.0,6506.666666666667,17500
2001-06-26,7170.0,7200.0,6890.0,7000.0,7288.0,7507.5,6508.5,6517.25,40800
2001-06-27,7000.0,7080.0,6900.0,7040.0,7196.0,7507.0,6529.166666666667,6530.083333333333,73000
2001-06-28,7030.0,7150.0,6810.0,6810.0,7088.0,7502.5,6546.0,6541.75,20600
2001-06-29,6950.0,7200.0,6850.0,7200.0,7050.0,7497.5,6570.833333333333,6549.916666666667,35000
2001-07-02,7200.0,7200.0,6950.0,7100.0,7030.0,7457.5,6595.833333333333,6555.333333333333,22600
2001-07-03,7150.0,7300.0,7100.0,7200.0,7070.0,7427.5,6625.833333333333,6561.166666666667,20500
2001-07-04,7200.0,7300.0,7050.0,7300.0,7122.0,7402.5,6658.833333333333,6569.25,26000
2001-07-05,7310.0,7360.0,7210.0,7300.0,7220.0,7382.5,6690.666666666667,6577.166666666667,25000
2001-07-06,7240.0,7250.0,7050.0,7250.0,7230.0,7360.0,6717.333333333333,6579.25,23000
2001-07-09,7170.0,7180.0,6920.0,6920.0,7194.0,7326.0,6739.333333333333,6578.0,16200
2001-07-10,7000.0,7250.0,6750.0,7100.0,7174.0,7302.0,6764.0,6578.25,14700
2001-07-11,7000.0,7100.0,6850.0,7100.0,7134.0,7282.0,6787.666666666667,6578.5,11500
2001-07-12,7110.0,7150.0,6990.0,6990.0,7072.0,7246.5,6809.833333333333,6577.833333333333,32900
2001-07-13,7150.0,7200.0,6600.0,6800.0,6982.0,7201.0,6826.5,6577.5,23300
2001-07-16,6790.0,6930.0,6700.0,6780.0,6954.0,7150.5,6844.5,6579.0,8300
2001-07-17,6780.0,6780.0,6780.0,6780.0,6890.0,7105.5,6862.166666666667,6580.833333333333,0
2001-07-18,6750.0,6750.0,6450.0,6500.0,6770.0,7055.5,6875.5,6580.583333333333,32400
2001-07-19,6200.0,6600.0,6200.0,6450.0,6662.0,7010.5,6888.0,6581.333333333333,117100
2001-07-20,6440.0,6440.0,6240.0,6420.0,6586.0,6962.0,6900.0,6580.0,15800
2001-07-23,6120.0,6500.0,6120.0,6320.0,6494.0,6918.0,6909.5,6577.666666666667,16100
2001-07-24,6320.0,6440.0,6200.0,6330.0,6404.0,6884.5,6919.166666666667,6574.083333333333,28400
2001-07-25,6210.0,6240.0,6080.0,6220.0,6348.0,6843.5,6925.833333333333,6569.75,21600
2001-07-26,6230.0,6400.0,6160.0,6400.0,6338.0,6823.0,6933.166666666667,6565.583333333333,16500
2001-07-27,6400.0,6800.0,6240.0,6800.0,6414.0,6803.0,6948.0,6564.083333333333,15800
2001-07-30,6650.0,6740.0,6550.0,6560.0,6462.0,6776.0,6959.0,6560.25,15600
2001-07-31,6560.0,6700.0,6560.0,6680.0,6532.0,6750.0,6970.166666666667,6557.666666666667,7100
2001-08-01,6600.0,7000.0,6530.0,7000.0,6688.0,6735.0,6989.5,6558.0,12100
2001-08-02,6900.0,6900.0,6800.0,6810.0,6770.0,6710.5,7000.833333333333,6557.25,3800
2001-08-03,6810.0,6910.0,6620.0,6750.0,6760.0,6685.5,7012.833333333333,6555.666666666667,18600
2001-08-06,6750.0,6760.0,6530.0,6600.0,6768.0,6669.5,7021.166666666667,6553.166666666667,43400
2001-08-07,6550.0,6600.0,6400.0,6410.0,6714.0,6635.0,7025.5,6548.666666666667,10400
2001-08-08,6580.0,6580.0,6400.0,6500.0,6614.0,6605.0,7031.166666666667,6545.333333333333,6800
2001-08-09,6360.0,6540.0,6200.0,6200.0,6492.0,6565.5,7022.0,6539.5,9300
2001-08-10,6310.0,6390.0,6210.0,6210.0,6384.0,6536.0,7013.833333333333,6533.75,10600
2001-08-13,6250.0,6310.0,6150.0,6250.0,6314.0,6509.5,7004.666666666667,6528.833333333333,11100
2001-08-14,6250.0,6470.0,6210.0,6390.0,6310.0,6490.0,6998.5,6525.166666666667,11800
2001-08-15,6390.0,6390.0,6390.0,6390.0,6288.0,6484.5,6991.666666666667,6524.25,0
2001-08-16,6350.0,6470.0,6250.0,6450.0,6338.0,6484.5,6986.166666666667,6523.833333333333,17400
2001-08-17,6500.0,6500.0,6320.0,6450.0,6386.0,6486.0,6979.5,6527.583333333333,29600
2001-08-20,6600.0,7410.0,6500.0,6650.0,6466.0,6502.5,6976.166666666667,6530.666666666667,41900
2001-08-21,6750.0,6750.0,6530.0,6640.0,6516.0,6518.0,6970.0,6534.75,26800
2001-08-22,6530.0,6700.0,6500.0,6700.0,6578.0,6542.0,6964.166666666667,6538.083333333333,18500
2001-08-23,6620.0,6750.0,6620.0,6650.0,6618.0,6554.5,6960.0,6539.333333333333,11400
2001-08-24,6560.0,6670.0,6410.0,6590.0,6646.0,6544.0,6948.166666666667,6540.333333333333,23200
2001-08-27,6600.0,6750.0,6600.0,6700.0,6656.0,6551.0,6928.166666666667,6541.333333333333,11600
2001-08-28,6650.0,6690.0,6540.0,6600.0,6648.0,6547.0,6908.166666666667,6546.333333333333,6900
2001-08-29,6510.0,6600.0,6410.0,6480.0,6604.0,6521.0,6886.166666666667,6550.333333333333,14100
2001-08-30,6320.0,6520.0,6260.0,6480.0,6570.0,6504.5,6865.833333333333,6552.166666666667,13100
2001-08-31,6400.0,6700.0,6210.0,6220.0,6496.0,6478.0,6841.166666666667,6552.0,6100
2001-09-03,6210.0,6500.0,6210.0,6490.0,6454.0,6472.5,6822.666666666667,6554.083333333333,25100
2001-09-04,6490.0,6570.0,6360.0,6500.0,6434.0,6477.0,6804.666666666667,6555.833333333333,16700
2001-09-05,6490.0,6510.0,6310.0,6370.0,6412.0,6470.5,6785.833333333333,6556.833333333333,26000
2001-09-06,6390.0,6900.0,6350.0,6600.0,6436.0,6490.5,6767.5,6559.333333333333,341600
2001-09-07,6690.0,7240.0,6560.0,7100.0,6612.0,6535.0,6757.333333333333,6564.333333333333,198500
2001-09-10,7200.0,7480.0,7100.0,7140.0,6742.0,6579.5,6746.5,6569.083333333333,461100
2001-09-11,7130.0,7450.0,6850.0,7060.0,6854.0,6613.0,6736.166666666667,6573.833333333333,384500
2001-09-12,6050.0,6400.0,6050.0,6240.0,6828.0,6605.5,6715.166666666667,6571.75,173700
2001-09-13,6260.0,6530.0,6250.0,6450.0,6798.0,6605.5,6700.166666666667,6574.416666666667,85700
2001-09-14,6310.0,6340.0,6060.0,6200.0,6618.0,6593.0,6680.333333333333,6575.666666666667,109700
2001-09-17,6110.0,6180.0,5800.0,5800.0,6350.0,6550.5,6657.0,6574.0,26700
2001-09-18,5800.0,6200.0,5800.0,6200.0,6178.0,6528.5,6643.666666666667,6576.083333333333,52000
2001-09-19,6060.0,6400.0,6060.0,6400.0,6210.0,6513.5,6633.0,6581.083333333333,42700
2001-09-20,6800.0,6800.0,6430.0,6700.0,6260.0,6516.0,6631.166666666667,6588.583333333333,55900
2001-09-21,6600.0,6600.0,6450.0,6590.0,6338.0,6516.0,6621.0,6595.916666666667,25400
2001-09-24,6590.0,6590.0,6590.0,6590.0,6496.0,6510.5,6612.5,6604.166666666667,0
2001-09-25,6990.0,6990.0,6540.0,6630.0,6582.0,6512.0,6603.0,6614.416666666667,21700
2001-09-26,6630.0,6800.0,6630.0,6690.0,6640.0,6522.5,6592.833333333333,6625.833333333333,27000
2001-09-27,6610.0,6750.0,6570.0,6650.0,6630.0,6531.0,6582.0,6636.333333333333,8700
2001-09-28,6650.0,6650.0,6650.0,6650.0,6642.0,6552.5,6572.0,6644.666666666667,0
2001-10-01,6650.0,6650.0,6650.0,6650.0,6654.0,6560.5,6567.5,6653.416666666667,0
2001-10-02,6650.0,6650.0,6650.0,6650.0,6658.0,6568.0,6560.0,6662.0,0
2001-10-03,6650.0,6650.0,6650.0,6650.0,6650.0,6582.0,6552.5,6670.083333333333,0
2001-10-04,7200.0,7250.0,7000.0,7040.0,6728.0,6604.0,6553.333333333333,6681.583333333333,74900
2001-10-05,6930.0,7000.0,6860.0,6960.0,6790.0,6597.0,6556.0,6691.25,29700
2001-10-08,6960.0,7100.0,6830.0,6930.0,6846.0,6586.5,6558.5,6701.5,30000
2001-10-09,6930.0,7200.0,6880.0,7100.0,6936.0,6588.5,6563.833333333333,6713.0,144000
2001-10-10,7100.0,7120.0,7030.0,7040.0,7014.0,6628.5,6572.833333333333,6724.166666666667,48100
2001-10-11,7200.0,7400.0,7160.0,7270.0,7060.0,6669.5,6586.5,6737.25,205900
2001-10-12,7380.0,7450.0,7250.0,7400.0,7148.0,6729.5,6602.833333333333,6751.416666666667,126000
2001-10-15,7380.0,7580.0,7300.0,7580.0,7278.0,6818.5,6623.833333333333,6766.666666666667,173000
2001-10-16,7500.0,8220.0,7500.0,8200.0,7498.0,6918.5,6655.0,6787.083333333333,268100
2001-10-17,8200.0,8450.0,8050.0,8300.0,7750.0,7013.5,6689.666666666667,6807.75,303200
2001-10-18,8210.0,8210.0,7950.0,8200.0,7936.0,7088.5,6719.666666666667,6826.416666666667,81800
2001-10-19,8200.0,8380.0,8120.0,8130.0,8082.0,7165.5,6741.833333333333,6844.916666666667,178200
2001-10-22,8130.0,9010.0,7910.0,9010.0,8368.0,7286.5,6782.666666666667,6870.833333333333,291300
2001-10-23,9050.0,9390.0,9000.0,9100.0,8548.0,7410.0,6823.0,6896.583333333333,186900
2001-10-24,9000.0,9010.0,8900.0,8900.0,8668.0,7520.5,6854.666666666667,6922.083333333333,89200
2001-10-25,9000.0,9080.0,8810.0,9000.0,8828.0,7638.0,6891.166666666667,6946.0,51700
2001-10-26,9000.0,9220.0,8900.0,9100.0,9022.0,7760.5,6930.333333333333,6971.583333333333,79100
2001-10-29,9100.0,9200.0,8800.0,8870.0,8994.0,7871.5,6968.166666666667,6994.666666666667,60900
2001-10-30,8870.0,8870.0,8600.0,8750.0,8924.0,7976.5,7007.166666666667,7016.333333333333,61800
2001-10-31,8740.0,8840.0,8620.0,8620.0,8868.0,8075.0,7042.5,7036.833333333333,61400
2001-11-01,8620.0,8900.0,8400.0,8750.0,8818.0,8160.5,7085.0,7053.5,157400
2001-11-02,8750.0,8790.0,8510.0,8610.0,8720.0,8243.0,7125.0,7069.416666666667,90600
2001-11-05,8610.0,8850.0,8540.0,8850.0,8716.0,8339.0,7168.333333333333,7086.5,60500
2001-11-06,8630.0,8850.0,8630.0,8800.0,8726.0,8424.0,7208.5,7103.5,56700
2001-11-07,8650.0,9280.0,8650.0,9280.0,8858.0,8536.0,7256.666666666667,7124.166666666667,102700
2001-11-08,9280.0,9630.0,9220.0,9600.0,9028.0,8652.5,7309.166666666667,7147.666666666667,161800
2001-11-09,9600.0,9600.0,9600.0,9600.0,9226.0,8762.5,7361.666666666667,7170.583333333333,0
2001-11-12,9600.0,9720.0,9360.0,9400.0,9336.0,8853.5,7407.5,7191.833333333333,20000
2001-11-13,9200.0,9400.0,9100.0,9200.0,9416.0,8903.5,7450.166666666667,7210.083333333333,34600
2001-11-14,9550.0,9550.0,8960.0,9200.0,9400.0,8948.5,7491.833333333333,7228.0,75700
2001-11-15,9200.0,9440.0,9110.0,9110.0,9302.0,8994.0,7532.833333333333,7246.416666666667,85400
2001-11-16,9200.0,9300.0,9020.0,9100.0,9202.0,9042.5,7574.666666666667,7261.416666666667,129700
2001-11-19,9200.0,9430.0,9100.0,9400.0,9202.0,9062.0,7619.666666666667,7273.916666666667,119800
2001-11-20,9400.0,9530.0,9280.0,9500.0,9262.0,9082.0,7668.0,7288.083333333333,83400
2001-11-21,9590.0,9600.0,9300.0,9350.0,9292.0,9104.5,7715.833333333333,7301.0,83100
2001-11-22,9490.0,9880.0,9350.0,9840.0,9438.0,9146.5,7771.833333333333,7318.833333333333,228500
2001-11-23,9900.0,11300.0,9900.0,11300.0,9878.0,9256.5,7856.5,7348.833333333333,1419000
2001-11-26,11250.0,11900.0,11000.0,11400.0,10278.0,9383.0,7938.333333333333,7380.5,587300
2001-11-27,11450.0,11450.0,10650.0,11400.0,10658.0,9515.5,8020.0,7412.333333333333,371200
2001-11-28,11050.0,11400.0,10700.0,10750.0,10938.0,9622.0,8093.0,7439.416666666667,191300
2001-11-29,10400.0,10900.0,10400.0,10650.0,11100.0,9717.0,8160.5,7464.0,119500
2001-11-30,10700.0,11300.0,10000.0,10900.0,11020.0,9831.5,8223.833333333334,7490.583333333333,2213400
2001-12-03,11000.0,11100.0,10600.0,10800.0,10900.0,9929.0,8284.833333333334,7515.666666666667,184500
2001-12-04,10500.0,11100.0,10500.0,11100.0,10840.0,10044.0,8352.166666666666,7544.166666666667,387900
2001-12-05,11200.0,11300.0,10850.0,10900.0,10870.0,10125.0,8429.833333333334,7572.5,284000
2001-12-06,11050.0,11300.0,10600.0,10600.0,10860.0,10175.0,8499.0,7599.583333333333,299600
2001-12-07,10600.0,10750.0,10400.0,10600.0,10800.0,10225.0,8572.333333333334,7626.333333333333,202700
2001-12-10,10400.0,10850.0,10200.0,10200.0,10680.0,10265.0,8645.666666666666,7651.333333333333,142900
2001-12-11,10100.0,10350.0,9940.0,9940.0,10448.0,10302.0,8708.0,7675.833333333333,122400
2001-12-12,9960.0,10700.0,9950.0,10600.0,10388.0,10372.0,8778.0,7705.5,256100
2001-12-13,10600.0,10700.0,10300.0,10400.0,10348.0,10436.5,8839.666666666666,7735.416666666667,210400
2001-12-14,10200.0,10600.0,10050.0,10350.0,10298.0,10499.0,8902.333333333334,7761.666666666667,85900
2001-12-17,10200.0,10400.0,9970.0,10100.0,10278.0,10534.0,8960.833333333334,7786.666666666667,94800
2001-12-18,10000.0,10250.0,9780.0,9780.0,10246.0,10548.0,9013.333333333334,7808.166666666667,163700
2001-12-19,9760.0,9850.0,9610.0,9650.0,10056.0,10563.0,9062.666666666666,7827.75,113100
2001-12-20,9520.0,9800.0,9410.0,9800.0,9936.0,10561.0,9115.166666666666,7848.583333333333,94900
2001-12-21,9850.0,9890.0,9500.0,9560.0,9778.0,10474.0,9163.666666666666,7867.833333333333,1367900
2001-12-24,9570.0,9650.0,9400.0,9500.0,9658.0,10379.0,9211.166666666666,7889.333333333333,112800
2001-12-25,9500.0,9500.0,9500.0,9500.0,9602.0,10284.0,9258.666666666666,7909.333333333333,0
2001-12-26,9510.0,10200.0,9510.0,10050.0,9682.0,10249.0,9315.333333333334,7933.916666666667,376500
2001-12-27,10600.0,10650.0,10100.0,10500.0,9822.0,10241.5,9373.0,7963.166666666667,200900
2001-12-28,10600.0,11900.0,10600.0,11900.0,10290.0,10291.5,9455.333333333334,8005.666666666667,474000
2001-12-31,11900.0,11900.0,11900.0,11900.0,10770.0,10346.5,9538.166666666666,8048.333333333333,0
2002-01-01,11900.0,11900.0,11900.0,11900.0,11250.0,10386.5,9618.166666666666,8091.0,0
2002-01-02,11900.0,12000.0,11400.0,11900.0,11620.0,10436.5,9699.166666666666,8136.0,233500
2002-01-03,11900.0,11900.0,11900.0,11900.0,11900.0,10501.5,9776.333333333334,8181.416666666667,0
2002-01-04,12000.0,12200.0,11500.0,11700.0,11860.0,10556.5,9848.0,8225.416666666666,278700
2002-01-07,11500.0,11850.0,11300.0,11500.0,11780.0,10621.5,9913.333333333334,8268.583333333334,367500
2002-01-08,11700.0,12500.0,11500.0,12000.0,11800.0,10724.5,9976.666666666666,8315.833333333334,375500
2002-01-09,11700.0,12900.0,11700.0,12800.0,11980.0,10834.5,10051.666666666666,8370.666666666666,554700
2002-01-10,13200.0,13200.0,12550.0,12700.0,12140.0,10949.5,10126.666666666666,8423.166666666666,260100
2002-01-11,12800.0,12800.0,11900.0,12500.0,12300.0,11057.0,10199.5,8470.666666666666,250800
2002-01-14,12300.0,12650.0,12000.0,12000.0,12400.0,11152.0,10249.333333333334,8516.0,250800
2002-01-15,12000.0,12200.0,11800.0,12000.0,12400.0,11263.0,10297.666666666666,8560.333333333334,149000
2002-01-16,12000.0,12050.0,11750.0,11900.0,12220.0,11375.5,10347.666666666666,8601.166666666666,169100
2002-01-17,11300.0,12200.0,11300.0,11800.0,12040.0,11475.5,10394.333333333334,8642.75,251500
2002-01-18,12000.0,12350.0,11400.0,12000.0,11940.0,11597.5,10442.666666666666,8686.5,423200
2002-01-21,12000.0,12650.0,12000.0,12600.0,12060.0,11752.5,10504.833333333334,8736.5,232600
2002-01-22,12600.0,13500.0,12600.0,13100.0,12280.0,11932.5,10577.333333333334,8792.25,675500
2002-01-23,13100.0,13450.0,12750.0,13400.0,12580.0,12100.0,10657.0,8849.75,515400
2002-01-24,13500.0,13900.0,13200.0,13850.0,12990.0,12267.5,10742.0,8913.5,536800
2002-01-25,14000.0,14450.0,13800.0,14000.0,13390.0,12372.5,10831.833333333334,8978.416666666666,413700
2002-01-28,14100.0,14350.0,13750.0,14000.0,13670.0,12477.5,10917.666666666666,9043.0,288300
2002-01-29,14000.0,14300.0,13450.0,14100.0,13870.0,12587.5,11006.0,9107.25,184800
2002-01-30,13800.0,13850.0,13450.0,13800.0,13950.0,12682.5,11081.333333333334,9169.0,163300
2002-01-31,13800.0,13800.0,13800.0,13800.0,13940.0,12777.5,11151.333333333334,9230.25,0
2002-02-01,13500.0,14000.0,13350.0,13600.0,13860.0,12872.5,11218.0,9289.833333333334,175300
2002-02-04,13500.0,13750.0,13400.0,13500.0,13760.0,12972.5,11286.333333333334,9346.916666666666,105800
2002-02-05,13250.0,14000.0,13150.0,14000.0,13740.0,13072.5,11366.333333333334,9408.25,155200
2002-02-06,14200.0,14200.0,13800.0,13900.0,13760.0,13127.5,11444.666666666666,9468.25,87200
2002-02-07,13700.0,14000.0,13600.0,13850.0,13770.0,13185.0,11523.666666666666,9528.25,109600
2002-02-08,13850.0,14100.0,13600.0,14100.0,13870.0,13265.0,11607.0,9590.833333333334,111500
2002-02-11,14100.0,14100.0,14100.0,14100.0,13990.0,13370.0,11685.333333333334,9652.5,0
2002-02-12,14100.0,14100.0,14100.0,14100.0,14010.0,13475.0,11762.0,9715.0,0
2002-02-13,14100.0,14100.0,14100.0,14100.0,14050.0,13585.0,11841.166666666666,9778.5,0
2002-02-14,14100.0,14550.0,13850.0,14300.0,14140.0,13710.0,11915.5,9843.666666666666,269500
2002-02-15,14550.0,14800.0,14100.0,14550.0,14230.0,13837.5,11969.666666666666,9913.083333333334,281900
2002-02-18,14650.0,14700.0,14200.0,14700.0,14350.0,13942.5,12024.666666666666,9981.5,152300
2002-02-19,14500.0,14800.0,14400.0,14700.0,14470.0,14022.5,12079.666666666666,10049.833333333334,121200
2002-02-20,14400.0,14800.0,14200.0,14300.0,14510.0,14067.5,12138.833333333334,10115.916666666666,169300
2002-02-21,14700.0,14700.0,13950.0,14400.0,14530.0,14095.0,12201.333333333334,10180.916666666666,225400
2002-02-22,14300.0,14500.0,14050.0,14200.0,14460.0,14105.0,12256.333333333334,10240.083333333334,67000
2002-02-25,14050.0,14400.0,13900.0,14200.0,14360.0,14115.0,12313.0,10298.916666666666,111100
2002-02-26,14050.0,14400.0,13550.0,13550.0,14130.0,14087.5,12353.833333333334,10353.0,308100
2002-02-27,13600.0,14200.0,13350.0,14200.0,14110.0,14107.5,12408.833333333334,10419.333333333334,369500
2002-02-28,14100.0,14100.0,13700.0,13700.0,13970.0,14102.5,12460.5,10479.75,216400
2002-03-01,13700.0,13700.0,13700.0,13700.0,13870.0,14107.5,12512.166666666666,10542.25,0
2002-03-04,13850.0,14000.0,13400.0,13850.0,13800.0,14125.0,12573.0,10609.333333333334,470600
2002-03-05,13850.0,13850.0,13500.0,13750.0,13840.0,14112.5,12636.5,10672.25,193000
2002-03-06,13550.0,13850.0,13550.0,13700.0,13740.0,14102.5,12688.166666666666,10733.083333333334,138600
2002-03-07,13850.0,14350.0,13700.0,14000.0,13800.0,14110.0,12748.166666666666,10793.916666666666,244200
2002-03-08,14100.0,14150.0,13600.0,13900.0,13840.0,14100.0,12807.333333333334,10854.833333333334,95400
2002-03-11,13900.0,13950.0,13400.0,13450.0,13760.0,14067.5,12863.166666666666,10912.0,125800
2002-03-12,13450.0,13650.0,13300.0,13650.0,13740.0,14045.0,12927.666666666666,10970.5,152700
2002-03-13,13900.0,14500.0,13500.0,14500.0,13900.0,14065.0,13008.5,11035.583333333334,395000
2002-03-14,14450.0,15200.0,13850.0,15200.0,14140.0,14110.0,13098.5,11106.833333333334,374800
2002-03-15,15000.0,16250.0,15000.0,15800.0,14520.0,14172.5,13202.5,11183.083333333334,965200
2002-03-18,16500.0,16500.0,15750.0,15800.0,14990.0,14227.5,13307.5,11259.333333333334,242200
2002-03-19,16000.0,16100.0,15600.0,16000.0,15460.0,14292.5,13415.833333333334,11337.25,325200
2002-03-20,16000.0,16200.0,15400.0,15700.0,15700.0,14362.5,13510.0,11412.666666666666,275900
2002-03-21,15200.0,15400.0,14850.0,15300.0,15720.0,14407.5,13590.0,11481.5,310500
2002-03-22,15050.0,15700.0,14700.0,15500.0,15660.0,14472.5,13650.0,11552.666666666666,663300
2002-03-25,15300.0,15450.0,14800.0,14800.0,15460.0,14502.5,13698.333333333334,11618.25,284100
2002-03-26,14550.0,14800.0,13850.0,14000.0,15060.0,14525.0,13733.333333333334,11675.75,151000
2002-03-27,14000.0,14500.0,13800.0,14500.0,14820.0,14540.0,13776.666666666666,11737.916666666666,366600
2002-03-28,14300.0,14750.0,14200.0,14300.0,14620.0,14570.0,13816.666666666666,11796.5,201700
2002-03-29,14000.0,14400.0,13800.0,14350.0,14390.0,14602.5,13860.833333333334,11854.416666666666,269700
2002-04-01,14400.0,14400.0,13600.0,13600.0,14150.0,14590.0,13895.833333333334,11904.583333333334,198500
2002-04-02,13600.0,13950.0,13600.0,13800.0,14110.0,14592.5,13925.833333333334,11951.25,140900
2002-04-03,13900.0,14450.0,13600.0,14100.0,14030.0,14612.5,13947.5,11999.583333333334,333900
2002-04-04,14200.0,14700.0,14050.0,14250.0,14020.0,14625.0,13973.333333333334,12050.0,467700
2002-04-05,14250.0,14250.0,14250.0,14250.0,14000.0,14642.5,14002.5,12101.0,0
2002-04-08,14200.0,14400.0,13600.0,13700.0,14020.0,14655.0,14030.833333333334,12140.083333333334,158800
2002-04-09,13550.0,14050.0,13100.0,13300.0,13920.0,14637.5,14052.5,12175.083333333334,224300
2002-04-10,13350.0,13400.0,12550.0,12550.0,13610.0,14540.0,14063.333333333334,12205.5,163000
2002-04-11,12600.0,12800.0,12350.0,12450.0,13250.0,14402.5,14074.166666666666,12234.25,228300
2002-04-12,12450.0,12650.0,12200.0,12500.0,12900.0,14237.5,14082.5,12262.583333333334,130400
2002-04-15,12700.0,13000.0,12500.0,12800.0,12720.0,14087.5,14085.833333333334,12295.333333333334,122500
2002-04-16,12800.0,13600.0,12800.0,13600.0,12780.0,13967.5,14094.166666666666,12335.75,177700
2002-04-17,13700.0,14350.0,13600.0,14200.0,13110.0,13892.5,14107.5,12382.25,233000
2002-04-18,14200.0,14350.0,13850.0,14100.0,13440.0,13832.5,14111.666666666666,12426.833333333334,167100
2002-04-19,13850.0,14000.0,13700.0,13800.0,13700.0,13747.5,14108.333333333334,12470.083333333334,78200
2002-04-22,13700.0,14050.0,12750.0,13100.0,13760.0,13662.5,14093.333333333334,12505.5,138500
2002-04-23,13000.0,13150.0,12600.0,12750.0,13590.0,13600.0,14070.833333333334,12538.416666666666,142000
2002-04-24,12850.0,12900.0,12350.0,12350.0,13220.0,13492.5,14046.666666666666,12564.0,198300
2002-04-25,12300.0,12300.0,11600.0,11600.0,12720.0,13357.5,14010.0,12580.666666666666,202300
2002-04-26,11550.0,12550.0,11550.0,12400.0,12440.0,13260.0,13990.0,12604.0,114300
2002-04-29,11800.0,12300.0,11700.0,12100.0,12240.0,13185.0,13966.666666666666,12626.5,47600
2002-04-30,12300.0,12350.0,11800.0,12300.0,12150.0,13110.0,13938.333333333334,12652.333333333334,68900
2002-05-01,12300.0,12300.0,12300.0,12300.0,12140.0,13020.0,13911.666666666666,12678.166666666666,0
2002-05-02,12450.0,12500.0,12000.0,12300.0,12280.0,12922.5,13885.833333333334,12704.75,104300
2002-05-03,12100.0,12800.0,11800.0,12400.0,12280.0,12830.0,13857.5,12732.25,118300
2002-05-06,12100.0,12250.0,11900.0,11900.0,12240.0,12740.0,13820.833333333334,12753.083333333334,37200
2002-05-07,11900.0,12100.0,11600.0,11850.0,12150.0,12667.5,13783.333333333334,12772.666666666666,67000
2002-05-08,11950.0,12050.0,11750.0,11800.0,12050.0,12630.0,13745.0,12793.083333333334,240500
2002-05-09,12200.0,12300.0,11650.0,11650.0,11920.0,12590.0,13700.833333333334,12808.166666666666,368500
2002-05-10,11650.0,11900.0,11050.0,11300.0,11700.0,12530.0,13646.666666666666,12808.166666666666,144900
2002-05-13,11400.0,11400.0,11000.0,11050.0,11530.0,12442.5,13585.833333333334,12805.25,63600
2002-05-14,11050.0,11300.0,10950.0,11250.0,11410.0,12325.0,13528.333333333334,12804.0,157800
2002-05-15,11500.0,11950.0,11250.0,11500.0,11350.0,12190.0,13481.666666666666,12810.25,213500
2002-05-16,11500.0,11700.0,11300.0,11550.0,11330.0,12062.5,13434.166666666666,12817.75,141000
2002-05-17,11700.0,11900.0,11450.0,11600.0,11390.0,11952.5,13390.833333333334,12823.583333333334,141800
2002-05-20,11600.0,11800.0,11050.0,11050.0,11390.0,11850.0,13338.333333333334,12825.666666666666,395600
2002-05-21,11100.0,11100.0,10700.0,10900.0,11320.0,11757.5,13294.166666666666,12824.0,168900
2002-05-22,10650.0,10800.0,10350.0,10600.0,11140.0,11670.0,13234.166666666666,12821.5,475900
2002-05-23,10600.0,10650.0,9900.0,9920.0,10814.0,11586.0,13171.166666666666,12815.833333333334,418200
2002-05-24,9900.0,9950.0,9280.0,9420.0,10378.0,11437.0,13099.833333333334,12806.0,777900
2002-05-27,9450.0,9490.0,9000.0,9010.0,9970.0,11282.5,13019.166666666666,12796.083333333334,289900
2002-05-28,9100.0,9290.0,8950.0,9110.0,9612.0,11123.0,12941.833333333334,12789.166666666666,398200
2002-05-29,9070.0,9180.0,8800.0,9090.0,9310.0,10962.5,12865.0,12776.583333333334,316600
2002-05-30,9150.0,9350.0,9100.0,9200.0,9166.0,10807.5,12785.0,12766.583333333334,138100
2002-05-31,9300.0,9350.0,9030.0,9100.0,9102.0,10642.5,12705.0,12756.166666666666,133700
2002-06-03,9100.0,9230.0,9060.0,9230.0,9146.0,10509.0,12634.666666666666,12748.916666666666,76200
2002-06-04,9020.0,9370.0,9000.0,9330.0,9190.0,10383.0,12562.666666666666,12745.166666666666,141800
2002-06-05,9560.0,9730.0,9500.0,9590.0,9290.0,10272.5,12480.833333333334,12744.666666666666,184200
2002-06-06,9590.0,9590.0,9590.0,9590.0,9368.0,10169.5,12387.333333333334,12742.916666666666,0
2002-06-07,9450.0,9640.0,9250.0,9510.0,9450.0,10080.0,12282.5,12742.5,146200
2002-06-10,9510.0,9900.0,9510.0,9730.0,9550.0,10014.0,12181.333333333334,12744.416666666666,100700
2002-06-11,9650.0,9850.0,9600.0,9850.0,9654.0,9944.0,12078.833333333334,12747.333333333334,135900
2002-06-12,9830.0,9850.0,9720.0,9820.0,9700.0,9860.0,11980.833333333334,12745.416666666666,146200
2002-06-13,9820.0,9820.0,9820.0,9820.0,9746.0,9773.5,11889.5,12739.75,0
2002-06-14,9900.0,10300.0,9900.0,10200.0,9884.0,9703.5,11801.166666666666,12725.583333333334,304500
2002-06-17,10200.0,10500.0,10050.0,10500.0,10038.0,9676.0,11729.5,12713.916666666666,205700
2002-06-18,10600.0,10700.0,10200.0,10200.0,10108.0,9641.0,11666.166666666666,12699.75,381100
2002-06-19,10300.0,10500.0,9460.0,9500.0,10044.0,9586.0,11582.833333333334,12679.75,171300
2002-06-20,9320.0,9580.0,9190.0,9300.0,9940.0,9555.0,11499.5,12658.083333333334,158300
2002-06-21,9100.0,9150.0,8980.0,9100.0,9720.0,9539.0,11412.0,12636.416666666666,260400
2002-06-24,8900.0,9000.0,8820.0,8890.0,9398.0,9533.0,11333.5,12614.666666666666,146500
2002-06-25,9030.0,9040.0,8630.0,8630.0,9084.0,9509.0,11247.333333333334,12586.583333333334,141900
2002-06-26,8500.0,8500.0,7340.0,7500.0,8684.0,9429.5,11137.333333333334,12542.416666666666,386500
2002-06-27,7660.0,7850.0,7450.0,7500.0,8324.0,9344.5,11024.833333333334,12499.083333333334,813600
2002-06-28,7530.0,8490.0,7530.0,8490.0,8202.0,9314.0,10928.833333333334,12465.666666666666,698800
2002-07-01,8490.0,8490.0,8490.0,8490.0,8122.0,9277.0,10842.0,12436.416666666666,0
2002-07-02,8200.0,8240.0,8040.0,8220.0,8040.0,9221.5,10757.333333333334,12404.916666666666,202000
2002-07-03,8200.0,8330.0,7950.0,8250.0,8190.0,9154.5,10685.666666666666,12374.5,233200
2002-07-04,8320.0,8760.0,8250.0,8700.0,8430.0,9110.0,10623.166666666666,12348.666666666666,339000
2002-07-05,8700.0,9000.0,8670.0,8800.0,8492.0,9074.5,10561.5,12322.0,333800
2002-07-08,9020.0,9140.0,8690.0,8880.0,8570.0,9032.0,10496.166666666666,12291.0,192700
2002-07-09,9050.0,9230.0,9020.0,9180.0,8762.0,8998.5,10422.5,12258.333333333334,253400
2002-07-10,9000.0,9170.0,9000.0,9040.0,8920.0,8959.5,10336.5,12222.0,197500
2002-07-11,8900.0,9050.0,8700.0,8810.0,8942.0,8909.0,10248.333333333334,12180.0,143900
2002-07-12,8900.0,9320.0,8900.0,9300.0,9042.0,8864.0,10173.333333333334,12140.833333333334,268300
2002-07-15,9350.0,9700.0,9300.0,9370.0,9140.0,8807.5,10111.166666666666,12102.25,432800
2002-07-16,9410.0,9510.0,8860.0,9020.0,9108.0,8748.5,10049.0,12059.916666666666,196600
2002-07-17,9020.0,9020.0,9020.0,9020.0,9104.0,8724.5,9993.5,12020.083333333334,0
2002-07-18,9020.0,9190.0,8800.0,8800.0,9102.0,8699.5,9946.833333333334,11978.416666666666,89600
2002-07-19,8800.0,8800.0,8400.0,8510.0,8944.0,8670.0,9882.0,11936.0,176600
2002-07-22,8190.0,8300.0,8050.0,8100.0,8690.0,8630.5,9815.333333333334,11891.0,80700
2002-07-23,8100.0,8900.0,8050.0,8900.0,8666.0,8644.0,9758.666666666666,11848.5,154800
2002-07-24,8460.0,8900.0,8430.0,8770.0,8616.0,8707.5,9699.833333333334,11805.75,162300
2002-07-25,9060.0,9130.0,8950.0,9000.0,8656.0,8782.5,9644.833333333334,11765.333333333334,91400
2002-07-26,8900.0,9240.0,8710.0,9200.0,8794.0,8818.0,9591.5,11724.5,161700
2002-07-29,9240.0,9390.0,9050.0,9110.0,8996.0,8849.0,9545.0,11682.916666666666,91000
2002-07-30,9190.0,9480.0,9140.0,9190.0,9054.0,8897.5,9500.666666666666,11642.0,75900
2002-07-31,9060.0,9150.0,8700.0,8700.0,9040.0,8920.0,9449.0,11597.0,188500
2002-08-01,8760.0,8870.0,8460.0,8870.0,9014.0,8928.5,9402.666666666666,11551.75,136600
2002-08-02,8530.0,8980.0,8500.0,8970.0,8968.0,8937.0,9363.833333333334,11505.25,145300
2002-08-05,8970.0,9000.0,8700.0,8710.0,8888.0,8928.5,9324.833333333334,11455.333333333334,120400
2002-08-06,8450.0,8740.0,8450.0,8740.0,8798.0,8906.5,9283.0,11405.666666666666,87400
2002-08-07,8770.0,8960.0,8770.0,8780.0,8814.0,8893.5,9237.666666666666,11359.666666666666,61000
2002-08-08,8780.0,8880.0,8710.0,8780.0,8796.0,8892.0,9191.5,11312.833333333334,127300
2002-08-09,9000.0,9000.0,8650.0,8800.0,8762.0,8867.0,9144.833333333334,11267.833333333334,155700
2002-08-12,8800.0,8840.0,8610.0,8610.0,8742.0,8829.0,9104.166666666666,11221.25,53700
2002-08-13,8760.0,8760.0,8580.0,8640.0,8722.0,8810.0,9066.5,11180.333333333334,48900
2002-08-14,8400.0,8680.0,8400.0,8460.0,8658.0,8782.0,9030.833333333334,11132.5,111700
2002-08-15,8460.0,8460.0,8460.0,8460.0,8594.0,8765.0,9006.5,11088.833333333334,0
2002-08-16,8750.0,8800.0,8630.0,8670.0,8568.0,8773.0,8994.0,11046.916666666666,98800
2002-08-19,8610.0,8900.0,8570.0,8600.0,8566.0,8798.0,8987.166666666666,11003.166666666666,75500
2002-08-20,8890.0,9000.0,8770.0,9000.0,8638.0,8803.0,8985.333333333334,10963.583333333334,155600
2002-08-21,9240.0,9400.0,8950.0,9300.0,8806.0,8829.5,8988.833333333334,10926.916666666666,190100
2002-08-22,9390.0,9950.0,9250.0,9950.0,9104.0,8877.0,9001.333333333334,10893.166666666666,286100
2002-08-23,9950.0,9950.0,9950.0,9950.0,9360.0,8914.5,9015.5,10860.25,0
2002-08-26,9600.0,9950.0,9500.0,9900.0,9620.0,8954.0,9026.666666666666,10830.666666666666,66200
2002-08-27,10000.0,10000.0,9510.0,9510.0,9722.0,8970.0,9029.666666666666,10796.166666666666,92800
2002-08-28,9410.0,9800.0,9410.0,9800.0,9822.0,9025.0,9033.166666666666,10757.0,158300
2002-08-29,9600.0,9680.0,9350.0,9500.0,9732.0,9056.5,9031.666666666666,10709.5,96500
2002-08-30,9450.0,9650.0,9380.0,9640.0,9670.0,9090.0,9033.833333333334,10658.166666666666,105200
2002-09-02,9710.0,9900.0,9510.0,9660.0,9622.0,9137.5,9032.666666666666,10607.0,86000
2002-09-03,9730.0,9780.0,9400.0,9400.0,9600.0,9170.5,9025.166666666666,10552.0,83100
2002-09-04,9200.0,9200.0,8990.0,8990.0,9438.0,9181.0,9011.333333333334,10496.083333333334,208200
2002-09-05,9210.0,9210.0,9000.0,9140.0,9366.0,9199.0,9000.0,10444.75,68400
2002-09-06,9170.0,9170.0,8810.0,8830.0,9204.0,9200.5,8977.166666666666,10389.166666666666,65000
2002-09-09,8850.0,8990.0,8770.0,8770.0,9026.0,9208.5,8948.333333333334,10338.916666666666,50500
2002-09-10,8750.0,9080.0,8750.0,9000.0,8946.0,9226.5,8928.333333333334,10297.25,72500
2002-09-11,9190.0,9190.0,8980.0,9150.0,8978.0,9261.0,8922.5,10252.666666666666,196900
2002-09-12,9020.0,9300.0,9020.0,9300.0,9010.0,9303.0,8922.5,10211.0,210900
2002-09-13,9100.0,9210.0,8960.0,9100.0,9064.0,9324.5,8922.5,10167.25,257300
2002-09-16,9200.0,9210.0,8700.0,8720.0,9054.0,9330.5,8919.666666666666,10126.583333333334,127700
2002-09-17,8980.0,9090.0,8780.0,9050.0,9064.0,9333.0,8926.666666666666,10087.0,74300
2002-09-18,8880.0,8890.0,8630.0,8850.0,9004.0,9310.5,8949.166666666666,10043.25,103200
2002-09-19,8760.0,8910.0,8620.0,8620.0,8868.0,9244.0,8967.833333333334,9996.333333333334,68200
2002-09-20,8620.0,8620.0,8620.0,8620.0,8772.0,9177.5,8970.0,9949.416666666666,0
2002-09-23,8600.0,8600.0,8340.0,8400.0,8708.0,9102.5,8968.5,9905.25,41300
2002-09-24,8350.0,8380.0,8220.0,8220.0,8542.0,9038.0,8968.5,9862.916666666666,47300
2002-09-25,8200.0,8250.0,7560.0,7600.0,8292.0,8928.0,8957.666666666666,9821.666666666666,193800
2002-09-26,7800.0,8050.0,7800.0,8050.0,8178.0,8855.5,8946.833333333334,9785.0,157900
2002-09-27,8100.0,8280.0,8100.0,8200.0,8094.0,8783.5,8936.833333333334,9749.166666666666,91800
2002-09-30,7800.0,8150.0,7640.0,8150.0,8044.0,8708.0,8924.666666666666,9710.416666666666,90500
2002-10-01,7770.0,8150.0,7770.0,8150.0,8030.0,8645.5,8907.5,9665.0,39200
2002-10-02,8350.0,8350.0,8110.0,8150.0,8140.0,8603.5,8892.666666666666,9614.583333333334,49300
2002-10-03,8150.0,8150.0,8150.0,8150.0,8160.0,8554.0,8881.666666666666,9565.0,0
2002-10-04,7880.0,8260.0,7880.0,8150.0,8150.0,8520.0,8862.5,9517.916666666666,40100
2002-10-07,8010.0,8010.0,7770.0,7780.0,8076.0,8470.5,8836.0,9473.583333333334,59600
2002-10-08,7700.0,8000.0,7700.0,8000.0,8046.0,8420.5,8819.0,9434.0,45900
2002-10-09,8100.0,8100.0,7300.0,7790.0,7974.0,8352.5,8798.5,9396.0,82200
2002-10-10,7510.0,7850.0,7250.0,7250.0,7794.0,8250.0,8772.666666666666,9359.75,114700
2002-10-11,7510.0,7510.0,6600.0,7180.0,7600.0,8154.0,8750.5,9316.25,210700
2002-10-14,7220.0,7480.0,7200.0,7480.0,7540.0,8092.0,8740.166666666666,9277.75,172800
2002-10-15,7400.0,7640.0,7370.0,7530.0,7446.0,8016.0,8717.333333333334,9238.0,100600
2002-10-16,7740.0,7750.0,7430.0,7430.0,7374.0,7945.0,8695.0,9197.416666666666,178500
2002-10-17,7490.0,7700.0,7450.0,7690.0,7462.0,7898.5,8673.166666666666,9159.0,125200
2002-10-18,8840.0,8840.0,8190.0,8480.0,7722.0,7891.5,8661.166666666666,9126.333333333334,397700
2002-10-21,8460.0,8460.0,8240.0,8390.0,7904.0,7891.0,8649.166666666666,9097.083333333334,72400
2002-10-22,8500.0,8500.0,8050.0,8100.0,8018.0,7885.0,8631.0,9065.833333333334,64200
2002-10-23,8000.0,8290.0,7810.0,8270.0,8186.0,7918.5,8623.833333333334,9036.416666666666,178700
2002-10-24,8270.0,8330.0,8020.0,8020.0,8252.0,7917.0,8609.666666666666,9006.166666666666,107200
2002-10-25,8010.0,8150.0,7910.0,8030.0,8162.0,7908.5,8594.0,8978.916666666666,54500
2002-10-28,8060.0,8500.0,8060.0,8350.0,8154.0,7918.5,8588.0,8956.416666666666,123800
2002-10-29,8270.0,8450.0,8170.0,8350.0,8204.0,7928.5,8581.5,8932.25,82400
2002-10-30,8310.0,8540.0,8100.0,8100.0,8170.0,7926.0,8570.166666666666,8903.916666666666,105000
2002-10-31,8200.0,8250.0,7940.0,8150.0,8196.0,7926.0,8559.666666666666,8875.583333333334,137000
2002-11-01,8050.0,8140.0,7940.0,8100.0,8210.0,7923.5,8548.0,8846.416666666666,65600
2002-11-04,8100.0,8300.0,8100.0,8300.0,8200.0,7949.5,8542.833333333334,8823.5,79500
2002-11-05,8370.0,8370.0,8150.0,8300.0,8190.0,7964.5,8537.166666666666,8801.833333333334,95300
2002-11-06,8290.0,8510.0,8290.0,8400.0,8250.0,7995.0,8536.166666666666,8783.5,193700
2002-11-07,8380.0,8380.0,8180.0,8250.0,8270.0,8045.0,8532.666666666666,8769.583333333334,80700
2002-11-08,8200.0,8250.0,8030.0,8150.0,8280.0,8093.5,8524.0,8759.0,66800
2002-11-11,8100.0,8250.0,7950.0,7960.0,8212.0,8117.5,8513.333333333334,8750.25,86500
2002-11-12,7820.0,7950.0,7810.0,7940.0,8140.0,8138.0,8495.666666666666,8740.5,74700
2002-11-13,8000.0,8030.0,7680.0,7720.0,8004.0,8152.5,8469.333333333334,8729.083333333334,106500
2002-11-14,7850.0,7880.0,7770.0,7790.0,7912.0,8157.5,8433.333333333334,8717.333333333334,85700
2002-11-15,7860.0,8070.0,7860.0,7870.0,7856.0,8127.0,8398.666666666666,8707.083333333334,79500
2002-11-18,7790.0,7950.0,7790.0,7910.0,7846.0,8103.0,8365.5,8696.083333333334,95400
2002-11-19,7860.0,8100.0,7860.0,8100.0,7878.0,8103.0,8342.0,8685.833333333334,65600
2002-11-20,8180.0,8450.0,7860.0,8450.0,8024.0,8112.0,8319.5,8676.333333333334,114800
2002-11-21,8480.0,8650.0,8400.0,8600.0,8186.0,8141.0,8304.5,8668.083333333334,191700
2002-11-22,8750.0,9060.0,8700.0,8950.0,8402.0,8187.0,8293.0,8663.416666666666,426100
2002-11-25,8950.0,9210.0,8950.0,9170.0,8654.0,8228.0,8284.833333333334,8658.75,199500
2002-11-26,9170.0,9560.0,9010.0,9300.0,8894.0,8275.5,8283.166666666666,8654.166666666666,343400
2002-11-27,9160.0,9500.0,9150.0,9500.0,9104.0,8345.5,8291.666666666666,8651.5,172000
2002-11-28,9550.0,9860.0,9510.0,9760.0,9336.0,8426.0,8302.0,8651.0,432800
2002-11-29,9620.0,9800.0,9560.0,9800.0,9506.0,8511.0,8318.166666666666,8647.666666666666,69600
2002-12-02,9800.0,9800.0,9800.0,9800.0,9632.0,8586.0,8335.333333333334,8641.833333333334,0
2002-12-03,9700.0,9970.0,9700.0,9900.0,9752.0,8666.0,8350.333333333334,8639.333333333334,186400
2002-12-04,9800.0,9800.0,9600.0,9690.0,9790.0,8730.5,8359.333333333334,8640.916666666666,101500
2002-12-05,9580.0,9860.0,9480.0,9600.0,9758.0,8798.0,8364.333333333334,8643.416666666666,119300
2002-12-06,9600.0,9690.0,9420.0,9540.0,9706.0,8867.5,8371.666666666666,8647.083333333334,76700
2002-12-09,9690.0,9830.0,9450.0,9600.0,9666.0,8949.5,8386.333333333334,8653.0,118300
2002-12-10,9570.0,9680.0,9450.0,9610.0,9608.0,9033.0,8395.666666666666,8661.166666666666,32900
2002-12-11,9750.0,9930.0,9620.0,9660.0,9602.0,9130.0,8409.166666666666,8679.166666666666,71200
2002-12-12,9880.0,10300.0,9700.0,10300.0,9742.0,9255.5,8437.166666666666,8702.5,317200
2002-12-13,10100.0,10500.0,9980.0,10500.0,9934.0,9387.0,8468.5,8719.25,175200
2002-12-16,10400.0,10550.0,10250.0,10300.0,10074.0,9506.5,8500.166666666666,8734.333333333334,101600
2002-12-17,10550.0,11150.0,10400.0,11150.0,10382.0,9659.0,8549.0,8758.75,542100
2002-12-18,11100.0,11550.0,10900.0,11150.0,10680.0,9794.0,8608.166666666666,8782.916666666666,325200
2002-12-19,11150.0,11150.0,11150.0,11150.0,10850.0,9921.5,8659.833333333334,8803.333333333334,0
2002-12-20,11000.0,11300.0,10800.0,11300.0,11010.0,10039.0,8711.5,8824.166666666666,362800
2002-12-23,11000.0,11400.0,10600.0,10900.0,11130.0,10125.5,8757.333333333334,8841.0,194600
2002-12-24,10900.0,11100.0,10500.0,10900.0,11080.0,10205.5,8803.166666666666,8855.333333333334,176400
2002-12-25,10900.0,10900.0,10900.0,10900.0,11030.0,10275.5,8849.0,8870.833333333334,0
2002-12-26,10900.0,11500.0,10700.0,11300.0,11060.0,10352.5,8901.5,8891.583333333334,222300
2002-12-27,11200.0,11350.0,10650.0,10800.0,10960.0,10402.5,8945.666666666666,8904.083333333334,148100
2002-12-30,10500.0,10750.0,9800.0,10700.0,10920.0,10447.5,8994.333333333334,8915.166666666666,203400
2002-12-31,10700.0,10700.0,10700.0,10700.0,10880.0,10487.5,9039.333333333334,8929.166666666666,0
2003-01-01,10700.0,10700.0,10700.0,10700.0,10840.0,10538.0,9087.833333333334,8943.166666666666,0
2003-01-02,10500.0,10600.0,9970.0,10200.0,10620.0,10568.0,9137.0,8954.833333333334,253600
2003-01-03,10500.0,10500.0,10050.0,10400.0,10540.0,10611.0,9190.666666666666,8970.583333333334,248200
2003-01-06,10400.0,10800.0,10100.0,10800.0,10560.0,10671.0,9246.0,8993.083333333334,135600
2003-01-07,11150.0,11300.0,10600.0,10600.0,10540.0,10720.5,9297.166666666666,9007.25,380500
2003-01-08,10900.0,10950.0,10650.0,10950.0,10590.0,10785.0,9355.833333333334,9025.416666666666,152200
2003-01-09,10800.0,11200.0,10600.0,10650.0,10680.0,10802.5,9405.166666666666,9039.166666666666,1829400
2003-01-10,10800.0,10900.0,9700.0,9700.0,10540.0,10762.5,9425.5,9043.333333333334,662900
2003-01-13,9710.0,10550.0,9710.0,10400.0,10460.0,10767.5,9459.0,9054.083333333334,267000
2003-01-14,10350.0,10550.0,10200.0,10400.0,10420.0,10730.0,9497.333333333334,9064.166666666666,104400
2003-01-15,10400.0,10600.0,10150.0,10150.0,10260.0,10680.0,9528.666666666666,9076.25,179600
2003-01-16,9970.0,10200.0,9850.0,10200.0,10170.0,10632.5,9565.0,9087.333333333334,186200
2003-01-17,9910.0,10250.0,9880.0,10000.0,10230.0,10567.5,9597.833333333334,9095.916666666666,106900
2003-01-20,9800.0,9900.0,9760.0,9830.0,10116.0,10514.0,9622.5,9105.25,44300
2003-01-21,9780.0,9940.0,9610.0,9750.0,9986.0,10456.5,9645.833333333334,9113.666666666666,96400
2003-01-22,9600.0,9690.0,9470.0,9600.0,9876.0,10391.5,9670.833333333334,9120.5,116900
2003-01-23,9600.0,9850.0,9500.0,9600.0,9756.0,10306.5,9695.0,9127.333333333334,140600
2003-01-24,9700.0,9730.0,9110.0,9110.0,9578.0,10222.0,9711.833333333334,9129.916666666666,191900
2003-01-27,9050.0,9090.0,8700.0,8950.0,9402.0,10134.5,9722.666666666666,9132.75,134000
2003-01-28,9000.0,9030.0,8830.0,9030.0,9258.0,10051.0,9734.833333333334,9136.0,50500
2003-01-29,9000.0,9040.0,8770.0,8800.0,9098.0,9956.0,9741.5,9138.833333333334,110900
2003-01-30,8820.0,9290.0,8820.0,9290.0,9036.0,9910.5,9758.833333333334,9145.75,85600
2003-01-31,9290.0,9290.0,9290.0,9290.0,9072.0,9855.0,9777.833333333334,9150.916666666666,0
2003-02-03,9090.0,9400.0,9090.0,9400.0,9162.0,9785.0,9801.833333333334,9157.583333333334,52400
2003-02-04,9450.0,9500.0,9250.0,9500.0,9256.0,9730.0,9827.833333333334,9161.75,45900
2003-02-05,9380.0,9590.0,9210.0,9250.0,9346.0,9645.0,9853.333333333334,9161.333333333334,58000
2003-02-06,9170.0,9290.0,9020.0,9150.0,9318.0,9570.0,9876.0,9154.666666666666,90300
2003-02-07,9090.0,9180.0,8820.0,9040.0,9268.0,9537.0,9895.5,9147.083333333334,81000
2003-02-10,8860.0,9000.0,8860.0,8960.0,9180.0,9465.0,9913.0,9139.25,41100
2003-02-11,9050.0,9410.0,8960.0,9100.0,9100.0,9400.0,9929.666666666666,9135.833333333334,99200
2003-02-12,9060.0,9290.0,9060.0,9280.0,9106.0,9356.5,9943.5,9131.5,28000
2003-02-13,9350.0,9700.0,9310.0,9590.0,9194.0,9326.0,9960.0,9132.25,140600
2003-02-14,9650.0,9660.0,9330.0,9640.0,9314.0,9308.0,9971.5,9132.25,66700
2003-02-17,9780.0,9950.0,9750.0,9930.0,9508.0,9313.0,9984.166666666666,9134.5,109600
2003-02-18,9650.0,9750.0,9480.0,9640.0,9616.0,9307.5,9989.833333333334,9136.5,207200
2003-02-19,9800.0,9850.0,9600.0,9650.0,9690.0,9310.0,9992.333333333334,9142.0,205100
2003-02-20,9700.0,9770.0,9400.0,9740.0,9720.0,9317.0,9992.0,9147.0,92400
2003-02-21,9650.0,9650.0,9450.0,9530.0,9698.0,9338.0,9987.5,9152.833333333334,68600
2003-02-24,9650.0,9950.0,9540.0,9900.0,9692.0,9385.5,9989.166666666666,9162.25,181400
2003-02-25,9740.0,9900.0,9630.0,9700.0,9704.0,9419.0,9985.833333333334,9168.083333333334,155200
2003-02-26,9640.0,9830.0,9530.0,9600.0,9694.0,9459.0,9984.333333333334,9171.833333333334,125800
2003-02-27,9450.0,9660.0,9320.0,9620.0,9670.0,9475.5,9984.666666666666,9174.5,121400
2003-02-28,9520.0,9590.0,9120.0,9120.0,9588.0,9467.0,9977.666666666666,9174.666666666666,108900
2003-03-03,9060.0,9320.0,9050.0,9120.0,9432.0,9453.0,9969.666666666666,9178.0,79800
2003-03-04,9050.0,9070.0,8730.0,8790.0,9250.0,9417.5,9956.0,9175.833333333334,55400
2003-03-05,8710.0,8710.0,8250.0,8270.0,8984.0,9368.5,9932.833333333334,9171.0,129100
2003-03-06,8440.0,8440.0,7960.0,8240.0,8708.0,9323.0,9898.5,9167.833333333334,106800
2003-03-07,8040.0,8370.0,7940.0,8000.0,8484.0,9271.0,9856.833333333334,9162.666666666666,141800
2003-03-10,7920.0,8120.0,7620.0,7710.0,8202.0,9208.5,9813.666666666666,9156.916666666666,237700
2003-03-11,7600.0,7690.0,6560.0,6560.0,7756.0,9081.5,9737.166666666666,9143.083333333334,757400
2003-03-12,5580.0,5580.0,5580.0,5580.0,7218.0,8896.5,9644.333333333334,9126.25,178900
2003-03-13,4750.0,4895.0,4750.0,4750.0,6520.0,8654.5,9537.666666666666,9098.75,6871400
2003-03-14,4750.0,5110.0,4300.0,4425.0,5805.0,8393.75,9423.083333333334,9067.291666666666,4140800
2003-03-17,4550.0,4735.0,4360.0,4430.0,5149.0,8118.75,9315.25,9036.291666666666,2263900
2003-03-18,4680.0,5000.0,4450.0,4840.0,4805.0,7878.75,9214.25,9008.708333333334,1914400
2003-03-19,4980.0,5290.0,4920.0,5150.0,4719.0,7653.75,9118.416666666666,8983.708333333334,1678100
2003-03-20,5310.0,5730.0,5220.0,5620.0,4893.0,7447.75,9023.75,8962.625,1178400
2003-03-21,5750.0,6430.0,5600.0,6330.0,5274.0,7287.75,8949.25,8947.458333333334,1339700
2003-03-24,6500.0,7060.0,6020.0,6500.0,5688.0,7117.75,8879.25,8936.791666666666,3177100
2003-03-25,6050.0,6550.0,6030.0,6060.0,5932.0,6935.75,8801.916666666666,8920.625,1941200
2003-03-26,6300.0,6350.0,5840.0,5940.0,6090.0,6752.75,8722.583333333334,8905.208333333334,1259900
2003-03-27,5820.0,5990.0,5560.0,5680.0,6102.0,6555.75,8647.25,8892.125,1377600
2003-03-28,5630.0,5800.0,5450.0,5800.0,5996.0,6389.75,8570.583333333334,8880.625,1287100
2003-03-31,5500.0,5650.0,5000.0,5000.0,5696.0,6183.75,8473.916666666666,8859.958333333334,1124400
2003-04-01,4800.0,5600.0,4800.0,5350.0,5554.0,6011.75,8386.416666666666,8841.791666666666,1660900
2003-04-02,5440.0,5740.0,5330.0,5490.0,5464.0,5872.75,8295.416666666666,8825.625,952400
2003-04-03,5690.0,5740.0,5490.0,5530.0,5434.0,5737.25,8210.083333333334,8807.625,638900
2003-04-04,5580.0,5770.0,5500.0,5750.0,5424.0,5624.75,8144.25,8784.875,1130400
2003-04-07,5910.0,6430.0,5900.0,6300.0,5684.0,5554.25,8075.916666666667,8767.458333333334,2249900
2003-04-08,6300.0,6540.0,6170.0,6420.0,5898.0,5547.25,8009.583333333333,8753.458333333334,1949600
2003-04-09,6430.0,6520.0,5900.0,5900.0,5980.0,5563.25,7938.75,8733.708333333334,1274400
2003-04-10,5770.0,6060.0,5700.0,5870.0,6048.0,5619.25,7866.583333333333,8715.791666666666,925000
2003-04-11,5890.0,6050.0,5560.0,5610.0,6020.0,5678.5,7793.416666666667,8695.625,1312800
2003-04-14,5800.0,6450.0,5800.0,6450.0,6050.0,5779.5,7737.083333333333,8679.791666666666,3297800
2003-04-15,6790.0,7100.0,6510.0,6690.0,6104.0,5872.0,7686.083333333333,8665.958333333334,3838300
2003-04-16,6900.0,6910.0,6550.0,6770.0,6278.0,5953.0,7638.916666666667,8654.875,1668600
2003-04-17,6550.0,6740.0,5820.0,6160.0,6336.0,5980.0,7581.583333333333,8638.291666666666,2057700
2003-04-18,6180.0,6300.0,5610.0,5730.0,6360.0,5950.0,7525.25,8618.541666666666,2526100
2003-04-21,5860.0,6280.0,5850.0,6100.0,6290.0,5930.0,7477.75,8600.208333333334,2379800
2003-04-22,5900.0,5990.0,5720.0,5840.0,6120.0,5919.0,7424.583333333333,8579.708333333334,1068800
2003-04-23,5840.0,5970.0,5540.0,5610.0,5888.0,5902.5,7371.416666666667,8556.458333333334,1063400
2003-04-24,5510.0,5710.0,5480.0,5510.0,5758.0,5894.0,7308.416666666667,8533.625,742600
2003-04-25,5360.0,5480.0,5140.0,5180.0,5648.0,5863.0,7239.916666666667,8508.875,778800
2003-04-28,4880.0,5490.0,4880.0,5140.0,5456.0,5870.0,7168.916666666667,8485.375,883700
2003-04-29,5260.0,5430.0,5180.0,5280.0,5344.0,5866.5,7098.583333333333,8463.208333333334,708800
2003-04-30,5250.0,5460.0,5250.0,5310.0,5284.0,5857.5,7032.916666666667,8443.125,436200
2003-05-01,5310.0,5310.0,5310.0,5310.0,5244.0,5846.5,6968.916666666667,8422.458333333334,0
2003-05-02,5350.0,5370.0,5150.0,5300.0,5268.0,5824.0,6906.583333333333,8401.041666666666,448400
2003-05-05,5300.0,5300.0,5300.0,5300.0,5300.0,5774.0,6845.583333333333,8379.291666666666,0
2003-05-06,5350.0,5420.0,5070.0,5100.0,5264.0,5708.0,6778.916666666667,8354.291666666666,737500
2003-05-07,5150.0,5230.0,5020.0,5150.0,5232.0,5670.5,6710.083333333333,8326.791666666666,771000
2003-05-08,5150.0,5150.0,5150.0,5150.0,5200.0,5634.5,6636.083333333333,8298.041666666666,0
2003-05-09,5080.0,5350.0,5030.0,5220.0,5184.0,5615.0,6562.416666666667,8266.958333333334,883300
2003-05-12,5450.0,6000.0,5450.0,6000.0,5324.0,5592.5,6496.916666666667,8240.541666666666,1670900
2003-05-13,6000.0,6040.0,5660.0,5660.0,5436.0,5541.0,6430.583333333333,8210.208333333334,1531900
2003-05-14,5730.0,5930.0,5690.0,5730.0,5552.0,5489.0,6365.25,8178.791666666667,945900
2003-05-15,5840.0,5850.0,5550.0,5720.0,5666.0,5467.0,6298.25,8145.125,559800
2003-05-16,5800.0,6140.0,5790.0,5900.0,5802.0,5475.5,6237.75,8112.625,1389000
2003-05-19,5760.0,5890.0,5630.0,5670.0,5736.0,5454.0,6167.25,8078.208333333333,479800
2003-05-20,5600.0,5720.0,5470.0,5510.0,5706.0,5437.5,6097.416666666667,8041.625,448700
2003-05-21,5510.0,5580.0,5280.0,5410.0,5642.0,5427.5,6027.583333333333,8005.958333333333,645300
2003-05-22,5250.0,5630.0,5250.0,5360.0,5570.0,5420.0,5956.583333333333,7970.625,659500
2003-05-23,5430.0,5530.0,5360.0,5420.0,5474.0,5432.0,5894.916666666667,7936.291666666667,406400
2003-05-26,5400.0,5510.0,5330.0,5400.0,5420.0,5445.0,5832.916666666667,7901.291666666667,520700
2003-05-27,5440.0,5480.0,5330.0,5360.0,5390.0,5449.0,5775.75,7865.875,346200
2003-05-28,5590.0,5860.0,5510.0,5700.0,5448.0,5468.5,5732.916666666667,7832.875,1565900
2003-05-29,5390.0,5700.0,5280.0,5400.0,5456.0,5473.0,5685.583333333333,7792.041666666667,1229700
2003-05-30,5430.0,5520.0,5350.0,5480.0,5468.0,5482.0,5643.583333333333,7750.208333333333,467800
2003-06-02,5800.0,6300.0,5760.0,6300.0,5648.0,5532.0,5620.083333333333,7716.875,1569700
2003-06-03,6800.0,7070.0,6260.0,6650.0,5906.0,5609.5,5621.583333333333,7679.375,3449500
2003-06-04,6880.0,6890.0,6360.0,6500.0,6066.0,5677.0,5636.916666666667,7640.625,900100
2003-06-05,6590.0,6600.0,6120.0,6180.0,6222.0,5728.5,5660.75,7599.208333333333,833900
2003-06-06,6180.0,6180.0,6180.0,6180.0,6362.0,5776.5,5690.0,7556.541666666667,0
2003-06-09,6180.0,6530.0,6180.0,6480.0,6398.0,5800.5,5724.166666666667,7519.708333333333,804900
2003-06-10,6450.0,7050.0,6350.0,6870.0,6442.0,5861.0,5758.0,7486.125,1579300
2003-06-11,7020.0,7240.0,6920.0,7050.0,6552.0,5927.0,5789.666666666667,7454.041666666667,1301500
2003-06-12,7200.0,7710.0,7110.0,7620.0,6840.0,6022.0,5823.0,7423.375,1984500
2003-06-13,7740.0,8190.0,7390.0,7670.0,7138.0,6110.5,5845.333333333333,7397.291666666667,3101700
2003-06-16,7880.0,7940.0,7270.0,7460.0,7334.0,6200.0,5861.333333333333,7370.291666666667,1042300
2003-06-17,7650.0,7750.0,7410.0,7500.0,7460.0,6299.5,5885.333333333333,7343.625,812600
2003-06-18,7500.0,7710.0,7350.0,7650.0,7580.0,6411.5,5913.833333333333,7318.208333333333,822300
2003-06-19,7700.0,8090.0,7700.0,7900.0,7636.0,6538.5,5950.833333333333,7299.041666666667,784500
2003-06-20,7700.0,7850.0,7630.0,7850.0,7672.0,6660.0,5985.0,7277.791666666667,464500
2003-06-23,7750.0,8070.0,7660.0,7850.0,7750.0,6782.5,6032.5,7253.208333333333,547700
2003-06-24,7620.0,7840.0,7620.0,7830.0,7816.0,6906.0,6073.833333333333,7230.125,366300
2003-06-25,7830.0,8400.0,7820.0,8400.0,7966.0,7041.0,6122.333333333333,7208.875,1112400
2003-06-26,8200.0,8350.0,8150.0,8350.0,8056.0,7188.5,6169.333333333333,7189.708333333333,375300
2003-06-27,8450.0,8480.0,7960.0,8060.0,8098.0,7317.5,6207.833333333333,7176.041666666667,522300
2003-06-30,7950.0,8020.0,7750.0,7880.0,8104.0,7396.5,6234.166666666667,7155.041666666667,406700
2003-07-01,7800.0,8050.0,7740.0,7800.0,8098.0,7454.0,6257.166666666667,7133.375,379000
2003-07-02,7900.0,7900.0,7750.0,7800.0,7978.0,7519.0,6288.833333333333,7113.791666666667,349500
2003-07-03,7840.0,7950.0,7630.0,7630.0,7834.0,7591.5,6318.166666666667,7092.375,446300
2003-07-04,7550.0,7690.0,7470.0,7680.0,7758.0,7666.5,6352.666666666667,7073.041666666667,381300
2003-07-07,7680.0,7760.0,7480.0,7610.0,7704.0,7723.0,6372.0,7054.541666666667,565600
2003-07-08,7640.0,7720.0,7350.0,7390.0,7622.0,7749.0,6383.666666666667,7034.875,712300
2003-07-09,7340.0,7470.0,7120.0,7200.0,7502.0,7756.5,6390.833333333333,7014.875,508700
2003-07-10,7150.0,7520.0,7150.0,7370.0,7450.0,7744.0,6411.0,6996.291666666667,466900
2003-07-11,7200.0,7470.0,7160.0,7360.0,7386.0,7728.5,6438.166666666667,6981.708333333333,299600
2003-07-14,7370.0,7510.0,7250.0,7260.0,7316.0,7718.5,6457.5,6967.625,365600
2003-07-15,7230.0,7330.0,7190.0,7190.0,7276.0,7703.0,6480.0,6952.291666666667,267700
2003-07-16,7250.0,7260.0,6880.0,6910.0,7218.0,7666.0,6501.666666666667,6936.541666666667,371200
2003-07-17,6910.0,6910.0,6910.0,6910.0,7126.0,7616.5,6525.0,6916.708333333333,0
2003-07-18,6670.0,6870.0,6670.0,6730.0,7000.0,7560.5,6550.833333333333,6895.375,205800
2003-07-21,6600.0,7050.0,6600.0,6800.0,6908.0,7508.0,6578.5,6873.708333333333,303700
2003-07-22,6710.0,6940.0,6710.0,6850.0,6840.0,7459.0,6604.666666666667,6851.625,206000
2003-07-23,6880.0,7060.0,6880.0,7040.0,6866.0,7391.0,6633.5,6833.208333333333,152400
2003-07-24,6990.0,7200.0,6950.0,7200.0,6924.0,7333.5,6665.0,6816.958333333333,153700
2003-07-25,7110.0,7190.0,7020.0,7040.0,6986.0,7282.5,6694.0,6800.291666666667,130100
2003-07-28,7100.0,7400.0,7050.0,7300.0,7086.0,7253.5,6727.333333333333,6786.458333333333,396900
2003-07-29,7500.0,7700.0,7350.0,7360.0,7188.0,7231.5,6765.0,6771.958333333333,376300
2003-07-30,7500.0,7500.0,7150.0,7360.0,7252.0,7209.5,6801.833333333333,6755.958333333333,303700
2003-07-31,7400.0,7510.0,7200.0,7300.0,7272.0,7193.0,6837.666666666667,6736.875,205200
2003-08-01,7250.0,7470.0,7250.0,7300.0,7324.0,7174.0,6872.333333333333,6717.375,213300
2003-08-04,7210.0,7310.0,7160.0,7200.0,7304.0,7153.5,6892.333333333333,6694.625,123200
2003-08-05,7250.0,7900.0,7250.0,7900.0,7412.0,7179.0,6929.666666666667,6680.125,1097000
2003-08-06,7810.0,8360.0,7810.0,8190.0,7578.0,7228.5,6970.666666666667,6667.958333333333,1086200
2003-08-07,8350.0,8550.0,8150.0,8300.0,7778.0,7275.0,7013.666666666667,6655.958333333333,776600
2003-08-08,8310.0,8800.0,8270.0,8630.0,8044.0,7338.5,7059.166666666667,6648.458333333333,792200
2003-08-11,8700.0,9200.0,8610.0,9050.0,8414.0,7428.0,7115.5,6641.375,1208500
2003-08-12,9200.0,10400.0,9200.0,10300.0,8894.0,7583.5,7195.333333333333,6646.375,1444100
2003-08-13,10000.0,10550.0,9850.0,10200.0,9296.0,7748.0,7275.166666666667,6651.375,1129800
2003-08-14,10350.0,10850.0,10050.0,10850.0,9806.0,7945.0,7366.666666666667,6661.625,1058700
2003-08-15,10850.0,10850.0,10850.0,10850.0,10250.0,8151.0,7457.166666666667,6676.041666666667,0
2003-08-18,10900.0,12450.0,10550.0,11400.0,10720.0,8381.0,7557.166666666667,6695.041666666667,1482700
2003-08-19,11800.0,11900.0,11000.0,11400.0,10940.0,8608.5,7657.833333333333,6716.791666666667,820800
2003-08-20,12100.0,13100.0,12050.0,13100.0,11520.0,8911.5,7781.166666666667,6757.041666666667,2815200
2003-08-21,13200.0,13600.0,12750.0,13200.0,11990.0,9211.5,7911.166666666667,6798.375,1139700
2003-08-22,12850.0,12850.0,11400.0,11900.0,12200.0,9454.5,8018.166666666667,6830.875,1518400
2003-08-25,11900.0,12250.0,11400.0,12000.0,12320.0,9689.5,8113.166666666667,6866.625,1544700
2003-08-26,11700.0,12250.0,11700.0,11950.0,12430.0,9919.0,8201.5,6911.541666666667,497500
2003-08-27,12200.0,13700.0,12000.0,13700.0,12550.0,10236.0,8321.5,6979.208333333333,2118000
2003-08-28,14150.0,14250.0,13500.0,13800.0,12670.0,10561.0,8448.5,7054.625,1202600
2003-08-29,13700.0,13800.0,12900.0,13800.0,13050.0,10886.0,8575.5,7132.75,926500
2003-09-01,13850.0,14150.0,13400.0,13750.0,13400.0,11213.5,8696.666666666666,7210.416666666667,699100
2003-09-02,13800.0,13850.0,13100.0,13250.0,13660.0,11481.0,8803.0,7280.5,660300
2003-09-03,13300.0,13450.0,12350.0,12600.0,13440.0,11701.5,8895.5,7342.583333333333,800200
2003-09-04,12500.0,12500.0,11850.0,12100.0,13100.0,11891.5,8970.166666666666,7396.583333333333,775800
2003-09-05,12150.0,12650.0,11900.0,12450.0,12830.0,12082.5,9049.833333333334,7447.583333333333,672600
2003-09-08,12100.0,12450.0,11900.0,12050.0,12490.0,12232.5,9126.333333333334,7493.833333333333,456200
2003-09-09,12050.0,12350.0,11150.0,12200.0,12280.0,12327.5,9204.666666666666,7545.0,1028100
2003-09-10,12200.0,12200.0,12200.0,12200.0,12200.0,12427.5,9280.5,7597.166666666667,0
2003-09-11,12200.0,12200.0,12200.0,12200.0,12220.0,12495.0,9352.166666666666,7651.5,0
2003-09-12,12200.0,12200.0,12200.0,12200.0,12170.0,12562.5,9424.666666666666,7704.833333333333,0
2003-09-15,11850.0,12200.0,11300.0,11400.0,12040.0,12562.5,9483.833333333334,7758.166666666667,317600
2003-09-16,11350.0,11850.0,11350.0,11800.0,11960.0,12582.5,9550.0,7811.916666666667,338200
2003-09-17,12000.0,12450.0,11750.0,12400.0,12000.0,12547.5,9616.666666666666,7869.5,538600
2003-09-18,12300.0,12400.0,11700.0,11700.0,11900.0,12472.5,9672.5,7920.916666666667,317300
2003-09-19,12000.0,12450.0,11550.0,11850.0,11830.0,12470.0,9735.666666666666,7971.75,684400
2003-09-22,11400.0,11500.0,10500.0,10850.0,11720.0,12412.5,9785.166666666666,8009.666666666667,465200
2003-09-23,10200.0,11200.0,10150.0,10800.0,11520.0,12355.0,9835.166666666666,8046.166666666667,469000
2003-09-24,10600.0,11400.0,10600.0,11300.0,11300.0,12235.0,9893.5,8091.166666666667,653300
2003-09-25,10950.0,11200.0,10600.0,10750.0,11110.0,12082.5,9945.5,8131.833333333333,1609700
2003-09-26,10700.0,10950.0,10350.0,10500.0,10840.0,11917.5,9992.5,8172.583333333333,537900
2003-09-29,10400.0,10800.0,10050.0,10300.0,10730.0,11745.0,10037.333333333334,8204.666666666666,450300
2003-09-30,10400.0,10750.0,10300.0,10300.0,10630.0,11597.5,10085.833333333334,8234.75,472000
2003-10-01,10000.0,10300.0,10000.0,10300.0,10430.0,11482.5,10137.5,8264.166666666666,201400
2003-10-02,10600.0,10600.0,10000.0,10200.0,10320.0,11387.5,10184.666666666666,8297.833333333334,507300
2003-10-03,10200.0,10200.0,10200.0,10200.0,10260.0,11275.0,10232.0,8335.083333333334,0
2003-10-06,10800.0,11700.0,10600.0,11700.0,10540.0,11257.5,10306.0,8381.75,1237500
2003-10-07,12300.0,12500.0,11650.0,11850.0,10850.0,11240.0,10383.666666666666,8431.833333333334,1499400
2003-10-08,12000.0,12100.0,11550.0,11850.0,11160.0,11222.5,10466.0,8483.833333333334,716900
2003-10-09,12000.0,12800.0,11900.0,12250.0,11570.0,11225.0,10555.0,8540.0,1562500
2003-10-10,12250.0,12550.0,11900.0,12250.0,11980.0,11227.5,10647.0,8598.916666666666,805200
2003-10-13,12100.0,12250.0,11700.0,12250.0,12090.0,11270.0,10737.833333333334,8658.166666666666,589500
2003-10-14,12400.0,12850.0,12200.0,12250.0,12170.0,11292.5,10827.833333333334,8716.25,813900
2003-10-15,12300.0,12950.0,11950.0,12850.0,12370.0,11315.0,10924.666666666666,8779.083333333334,968000
2003-10-16,12750.0,13550.0,12700.0,13000.0,12520.0,11380.0,11021.333333333334,8843.166666666666,1470800
2003-10-17,13150.0,13450.0,12800.0,13200.0,12710.0,11447.5,11124.0,8909.0,744100
2003-10-20,13200.0,13450.0,12600.0,12750.0,12810.0,11542.5,11214.833333333334,8971.083333333334,854200
2003-10-21,13050.0,13250.0,12600.0,13200.0,13000.0,11662.5,11312.166666666666,9038.583333333334,947600
2003-10-22,13200.0,13350.0,12600.0,12600.0,12950.0,11727.5,11399.5,9100.666666666666,846100
2003-10-23,12200.0,12550.0,12050.0,12200.0,12790.0,11800.0,11481.166666666666,9159.416666666666,628900
2003-10-24,12200.0,13000.0,12100.0,13000.0,12750.0,11925.0,11576.166666666666,9224.25,758200
2003-10-27,13500.0,14800.0,13350.0,14350.0,13070.0,12127.5,11695.333333333334,9293.833333333334,3809800
2003-10-28,14600.0,15150.0,14250.0,14550.0,13340.0,12340.0,11806.166666666666,9367.916666666666,2345000
2003-10-29,14650.0,14900.0,14100.0,14550.0,13730.0,12552.5,11912.166666666666,9441.416666666666,1170500
2003-10-30,14600.0,16300.0,14400.0,15950.0,14480.0,12840.0,12039.666666666666,9526.666666666666,3120700
2003-10-31,16000.0,16500.0,15600.0,16500.0,15180.0,13155.0,12170.833333333334,9615.0,1311300
2003-11-03,16650.0,16850.0,16100.0,16650.0,15640.0,13402.5,12297.5,9706.5,1134400
2003-11-04,16800.0,18650.0,16600.0,17200.0,16170.0,13670.0,12412.5,9803.916666666666,3147700
2003-11-05,17550.0,17800.0,16300.0,17000.0,16660.0,13927.5,12525.833333333334,9900.5,1321400
2003-11-06,16900.0,17750.0,15600.0,15800.0,16630.0,14105.0,12608.333333333334,9987.5,1565500
2003-11-07,16000.0,16450.0,15600.0,16350.0,16600.0,14310.0,12700.0,10078.583333333334,1149000
2003-11-10,16100.0,16300.0,15650.0,15650.0,16400.0,14480.0,12770.833333333334,10164.0,635000
2003-11-11,15400.0,16400.0,15200.0,15750.0,16110.0,14655.0,12843.333333333334,10250.583333333334,1354000
2003-11-12,15750.0,16800.0,15750.0,16750.0,16060.0,14850.0,12904.166666666666,10342.666666666666,1084400
2003-11-13,16950.0,17100.0,16450.0,16900.0,16280.0,15045.0,12965.833333333334,10438.5,820100
2003-11-14,17000.0,17550.0,16350.0,16700.0,16350.0,15220.0,13045.833333333334,10532.0,846500
2003-11-17,16350.0,16500.0,15900.0,16400.0,16500.0,15402.5,13119.166666666666,10616.166666666666,516200
2003-11-18,16400.0,17200.0,16100.0,17100.0,16770.0,15597.5,13205.0,10703.25,739300
2003-11-19,16750.0,17250.0,16200.0,16200.0,16660.0,15777.5,13246.666666666666,10784.083333333334,944500
2003-11-20,16400.0,16500.0,15350.0,15700.0,16420.0,15952.5,13278.333333333334,10863.416666666666,940600
2003-11-21,15400.0,16000.0,15250.0,15850.0,16250.0,16095.0,13312.5,10944.0,606000
2003-11-24,15500.0,15800.0,14350.0,14500.0,15870.0,16102.5,13325.0,11010.833333333334,588200
2003-11-25,14950.0,15500.0,14800.0,15100.0,15470.0,16130.0,13355.833333333334,11079.416666666666,645300
2003-11-26,15100.0,15550.0,15000.0,15450.0,15320.0,16175.0,13403.333333333334,11149.416666666666,426400
2003-11-27,15700.0,16350.0,15550.0,15700.0,15320.0,16162.5,13463.333333333334,11216.75,729600
2003-11-28,15700.0,16200.0,15650.0,16200.0,15390.0,16147.5,13525.833333333334,11287.833333333334,532100
2003-12-01,16200.0,16550.0,16000.0,16500.0,15790.0,16140.0,13600.0,11363.166666666666,803400
2003-12-02,16600.0,16800.0,16250.0,16450.0,16060.0,16102.5,13670.833333333334,11437.75,652300
2003-12-03,16500.0,16850.0,16250.0,16350.0,16240.0,16070.0,13740.0,11510.25,476500
2003-12-04,16150.0,16400.0,15650.0,15700.0,16240.0,16065.0,13798.333333333334,11575.25,546100
2003-12-05,15650.0,15700.0,14900.0,14900.0,15980.0,15992.5,13843.333333333334,11634.0,481800
2003-12-08,14600.0,15050.0,14550.0,14700.0,15620.0,15945.0,13898.333333333334,11691.083333333334,322800
2003-12-09,14950.0,15300.0,14750.0,14800.0,15290.0,15897.5,13948.333333333334,11749.166666666666,501300
2003-12-10,14650.0,15250.0,14600.0,15000.0,15020.0,15810.0,13991.666666666666,11804.166666666666,506700
2003-12-11,14900.0,15100.0,14550.0,14800.0,14840.0,15705.0,14043.333333333334,11857.916666666666,869600
2003-12-12,15150.0,15450.0,15000.0,15000.0,14860.0,15620.0,14095.833333333334,11915.75,443000
2003-12-15,15600.0,15600.0,14750.0,14900.0,14900.0,15545.0,14163.333333333334,11974.25,620700
2003-12-16,14500.0,14750.0,13900.0,14000.0,14740.0,15390.0,14216.666666666666,12025.916666666666,3040200
2003-12-17,14400.0,14750.0,14100.0,14450.0,14630.0,15302.5,14269.166666666666,12081.333333333334,1097900
2003-12-18,14600.0,14700.0,13100.0,13350.0,14340.0,15185.0,14312.5,12129.0,1791900
2003-12-19,13500.0,13650.0,12700.0,13300.0,14000.0,15057.5,14359.166666666666,12175.833333333334,903100
2003-12-22,13400.0,13650.0,12700.0,12700.0,13560.0,14967.5,14399.166666666666,12218.25,465800
2003-12-23,12800.0,13200.0,12800.0,13000.0,13360.0,14862.5,14444.166666666666,12265.0,516200
2003-12-24,13200.0,13550.0,12900.0,13500.0,13170.0,14765.0,14497.5,12317.5,784900
2003-12-25,13500.0,13500.0,13500.0,13500.0,13200.0,14655.0,14552.5,12368.583333333334,0
2003-12-26,13400.0,13650.0,13150.0,13350.0,13210.0,14512.5,14605.0,12418.5,306900
2003-12-29,13200.0,13600.0,13200.0,13500.0,13370.0,14362.5,14635.0,12470.5,356800
2003-12-30,13750.0,14200.0,13650.0,14200.0,13610.0,14250.0,14674.166666666666,12528.916666666666,610700
2003-12-31,14200.0,14200.0,14200.0,14200.0,13750.0,14142.5,14713.333333333334,12589.666666666666,0
2004-01-01,14200.0,14200.0,14200.0,14200.0,13890.0,14067.5,14745.833333333334,12650.416666666666,0
2004-01-02,14200.0,14350.0,13850.0,14250.0,14070.0,14035.0,14779.166666666666,12713.083333333334,428600
2004-01-05,14150.0,14250.0,13750.0,13750.0,14120.0,13987.5,14804.166666666666,12771.0,332400
2004-01-06,13900.0,13900.0,13000.0,13300.0,13940.0,13912.5,14821.666666666666,12824.75,788800
2004-01-07,13200.0,13550.0,13100.0,13400.0,13780.0,13832.5,14830.833333333334,12877.75,385400
2004-01-08,13500.0,14300.0,13500.0,13750.0,13690.0,13780.0,14843.333333333334,12932.333333333334,1563100
2004-01-09,13800.0,14100.0,13300.0,13350.0,13510.0,13697.5,14845.833333333334,12984.916666666666,744100
2004-01-12,13550.0,14100.0,13300.0,14000.0,13560.0,13652.5,14866.666666666666,13040.75,853100
2004-01-13,14100.0,14550.0,13950.0,14300.0,13760.0,13667.5,14885.0,13098.583333333334,1006900
2004-01-14,14250.0,14350.0,14100.0,14300.0,13940.0,13660.0,14913.333333333334,13156.416666666666,527000
2004-01-15,14350.0,14400.0,13600.0,13600.0,13910.0,13672.5,14936.666666666666,13208.916666666666,592800
2004-01-16,13700.0,13900.0,13450.0,13450.0,13930.0,13680.0,14944.166666666666,13260.166666666666,403000
2004-01-19,13600.0,13700.0,13100.0,13550.0,13840.0,13722.5,14930.833333333334,13313.083333333334,582900
2004-01-20,13400.0,13700.0,13200.0,13700.0,13720.0,13757.5,14916.666666666666,13361.416666666666,461800
2004-01-21,13700.0,13700.0,13700.0,13700.0,13600.0,13767.5,14902.5,13407.333333333334,0
2004-01-22,13700.0,13700.0,13700.0,13700.0,13620.0,13777.5,14865.0,13452.333333333334,0
2004-01-23,13700.0,13700.0,13700.0,13700.0,13670.0,13795.0,14818.333333333334,13494.583333333334,0
2004-01-26,13700.0,13800.0,13400.0,13450.0,13650.0,13792.5,14765.0,13531.25,410900
2004-01-27,13550.0,13550.0,13150.0,13150.0,13540.0,13740.0,14697.5,13555.0,392500
2004-01-28,13000.0,13150.0,11200.0,11200.0,13040.0,13590.0,14600.833333333334,13563.333333333334,1869300
2004-01-29,11600.0,11750.0,11350.0,11500.0,12600.0,13455.0,14529.166666666666,13568.75,1271600
2004-01-30,11550.0,11800.0,10800.0,11200.0,12100.0,13302.5,14443.333333333334,13571.666666666666,966200
2004-02-02,11000.0,11600.0,11000.0,11500.0,11710.0,13190.0,14374.166666666666,13572.5,538000
2004-02-03,11400.0,11550.0,11000.0,11000.0,11280.0,13075.0,14295.0,13569.166666666666,468700
2004-02-04,11050.0,11350.0,10800.0,10900.0,11220.0,12950.0,14197.5,13550.833333333334,484000
2004-02-05,11000.0,11550.0,10950.0,11550.0,11230.0,12840.0,14108.333333333334,13537.083333333334,484100
2004-02-06,11550.0,12200.0,11350.0,12100.0,11410.0,12777.5,14031.666666666666,13538.75,1035400
2004-02-09,12350.0,12450.0,12000.0,12150.0,11540.0,12685.0,13960.833333333334,13540.0,562500
2004-02-10,12050.0,12050.0,11750.0,11850.0,11710.0,12562.5,13873.333333333334,13539.166666666666,422100
2004-02-11,11950.0,12250.0,11900.0,12100.0,11950.0,12452.5,13805.0,13525.833333333334,512300
2004-02-12,12350.0,12900.0,12250.0,12800.0,12200.0,12412.5,13756.666666666666,13517.5,1145400
2004-02-13,12800.0,13150.0,12550.0,12700.0,12320.0,12375.0,13704.166666666666,13508.333333333334,1032900
2004-02-16,12800.0,12800.0,12150.0,12250.0,12340.0,12310.0,13666.666666666666,13495.833333333334,500500
2004-02-17,12000.0,12000.0,11200.0,11350.0,12240.0,12192.5,13604.166666666666,13480.0,1158600
2004-02-18,11400.0,11500.0,10850.0,11200.0,12060.0,12067.5,13533.333333333334,13468.333333333334,779700
2004-02-19,11300.0,11650.0,11000.0,11350.0,11770.0,11950.0,13460.833333333334,13462.083333333334,669000
2004-02-20,11250.0,11600.0,11250.0,11300.0,11490.0,11830.0,13379.166666666666,13452.5,390100
2004-02-23,11150.0,11550.0,11150.0,11550.0,11350.0,11735.0,13296.666666666666,13448.333333333334,398600
2004-02-24,11400.0,11650.0,11350.0,11500.0,11380.0,11652.5,13214.166666666666,13442.5,381800
2004-02-25,11450.0,11700.0,11250.0,11300.0,11400.0,11657.5,13130.0,13435.0,583400
2004-02-26,11350.0,11400.0,10800.0,11000.0,11330.0,11632.5,13051.666666666666,13425.0,481400
2004-02-27,10800.0,10950.0,10350.0,10750.0,11220.0,11610.0,12982.5,13412.916666666666,948800
2004-03-01,10750.0,10750.0,10750.0,10750.0,11060.0,11572.5,12916.666666666666,13407.5,0
2004-03-02,10850.0,11350.0,10800.0,11350.0,11030.0,11590.0,12859.166666666666,13403.75,630200
2004-03-03,11200.0,11350.0,10950.0,10950.0,10960.0,11592.5,12791.666666666666,13391.666666666666,384900
2004-03-04,11050.0,11350.0,11000.0,11050.0,10970.0,11567.5,12729.166666666666,13386.25,513200
2004-03-05,11250.0,11350.0,11100.0,11300.0,11080.0,11527.5,12667.5,13381.666666666666,499400
2004-03-08,11500.0,12200.0,11400.0,12150.0,11360.0,11527.5,12621.666666666666,13392.5,1290300
2004-03-09,12050.0,12250.0,11850.0,12200.0,11530.0,11545.0,12591.666666666666,13404.166666666666,641500
2004-03-10,12050.0,12200.0,11450.0,11450.0,11630.0,11512.5,12541.666666666666,13405.416666666666,717800
2004-03-11,11200.0,11350.0,10900.0,11300.0,11680.0,11437.5,12507.5,13410.0,758000
2004-03-12,11100.0,11100.0,9810.0,10500.0,11520.0,11327.5,12460.833333333334,13410.0,1019500
2004-03-15,10600.0,10700.0,10200.0,10350.0,11160.0,11232.5,12421.666666666666,13410.416666666666,537400
2004-03-16,10250.0,10700.0,10250.0,10550.0,10830.0,11192.5,12380.833333333334,13412.5,962400
2004-03-17,10650.0,10850.0,10550.0,10750.0,10690.0,11170.0,12335.0,13416.25,551200
2004-03-18,10900.0,11100.0,10600.0,11000.0,10630.0,11152.5,12293.333333333334,13422.916666666666,486900
2004-03-19,10850.0,11000.0,10750.0,10850.0,10700.0,11130.0,12251.666666666666,13428.333333333334,315600
2004-03-22,10850.0,10850.0,10500.0,10550.0,10740.0,11080.0,12202.5,13418.75,323500
2004-03-23,10400.0,10650.0,10250.0,10600.0,10750.0,11035.0,12142.5,13408.333333333334,253600
2004-03-24,10550.0,10600.0,10450.0,10450.0,10690.0,10992.5,12080.0,13396.666666666666,177700
2004-03-25,10400.0,10600.0,10000.0,10050.0,10500.0,10945.0,12010.833333333334,13378.333333333334,351700
2004-03-26,10300.0,10800.0,10200.0,10800.0,10490.0,10947.5,11953.333333333334,13366.25,576500
2004-03-29,10800.0,10950.0,10600.0,10950.0,10570.0,10957.5,11906.666666666666,13355.416666666666,333800
2004-03-30,10950.0,11350.0,10800.0,11100.0,10670.0,10945.0,11870.0,13345.833333333334,750300
2004-03-31,11200.0,11250.0,10700.0,11100.0,10800.0,10952.5,11831.666666666666,13331.25,498500
2004-04-01,11050.0,11100.0,10800.0,10800.0,10950.0,10940.0,11782.5,13312.916666666666,275000
2004-04-02,10850.0,11000.0,10650.0,10750.0,10940.0,10912.5,11739.166666666666,13292.5,356000
2004-04-05,10750.0,10750.0,10750.0,10750.0,10900.0,10842.5,11685.0,13275.833333333334,0
2004-04-06,11100.0,11550.0,11100.0,11400.0,10960.0,10802.5,11636.666666666666,13260.833333333334,1075100
2004-04-07,11650.0,11950.0,11600.0,11750.0,11090.0,10817.5,11594.166666666666,13253.75,1050900
2004-04-08,11850.0,11900.0,11500.0,11650.0,11260.0,10835.0,11561.666666666666,13249.166666666666,560800
2004-04-09,11800.0,12050.0,11600.0,11700.0,11450.0,10895.0,11532.5,13238.333333333334,699400
2004-04-12,11500.0,11800.0,11400.0,11550.0,11610.0,10955.0,11499.166666666666,13215.0,548000
2004-04-13,11650.0,11750.0,11100.0,11150.0,11560.0,10985.0,11456.666666666666,13186.666666666666,522200
2004-04-14,11050.0,11600.0,11000.0,11450.0,11500.0,11020.0,11419.166666666666,13160.833333333334,504800
2004-04-15,11450.0,11450.0,11450.0,11450.0,11460.0,11042.5,11381.666666666666,13123.333333333334,0
2004-04-16,11400.0,11700.0,11300.0,11650.0,11450.0,11082.5,11347.5,13082.916666666666,528500
2004-04-19,11700.0,11750.0,11250.0,11400.0,11420.0,11125.0,11313.333333333334,13039.166666666666,300400
2004-04-20,11600.0,12250.0,11400.0,12150.0,11620.0,11202.5,11296.666666666666,12997.083333333334,1064500
2004-04-21,12100.0,12600.0,11900.0,12050.0,11740.0,11282.5,11310.833333333334,12955.833333333334,1134500
2004-04-22,12300.0,12750.0,12200.0,12300.0,11910.0,11395.0,11324.166666666666,12926.666666666666,1070900
2004-04-23,12650.0,12650.0,12100.0,12250.0,12030.0,11467.5,11341.666666666666,12892.5,804300
2004-04-26,12350.0,12800.0,12150.0,12450.0,12240.0,11542.5,11357.5,12865.833333333334,1075100
2004-04-27,12500.0,12600.0,11850.0,11950.0,12200.0,11585.0,11373.333333333334,12834.166666666666,686600
2004-04-28,11800.0,11900.0,11500.0,11550.0,12100.0,11607.5,11384.166666666666,12790.833333333334,543000
2004-04-29,11250.0,11500.0,10500.0,10550.0,11750.0,11595.0,11367.5,12737.916666666666,745800
2004-04-30,10300.0,10650.0,10250.0,10650.0,11430.0,11590.0,11343.333333333334,12687.5,462800
2004-05-03,10550.0,10750.0,10500.0,10500.0,11040.0,11577.5,11315.833333333334,12638.333333333334,246100
2004-05-04,10600.0,10950.0,10550.0,10850.0,10820.0,11550.0,11299.166666666666,12586.25,446700
2004-05-05,10850.0,10850.0,10850.0,10850.0,10680.0,11505.0,11278.333333333334,12541.666666666666,0
2004-05-06,10800.0,10850.0,10000.0,10000.0,10570.0,11422.5,11231.666666666666,12494.166666666666,656500
2004-05-07,9900.0,10150.0,9530.0,10150.0,10470.0,11345.0,11189.166666666666,12446.666666666666,424100
2004-05-10,9850.0,9970.0,8650.0,8710.0,10112.0,11203.0,11130.166666666666,12398.416666666666,564900
2004-05-11,8600.0,8910.0,8400.0,8610.0,9664.0,11076.0,11084.5,12344.333333333334,450300
2004-05-12,8720.0,9080.0,8720.0,9020.0,9298.0,10954.5,11048.166666666666,12290.75,568000
2004-05-13,8850.0,9000.0,8760.0,8760.0,9050.0,10820.0,11005.0,12232.916666666666,305100
2004-05-14,8850.0,9060.0,8460.0,8540.0,8728.0,10664.5,10959.0,12169.083333333334,348300
2004-05-17,8430.0,8630.0,7500.0,7750.0,8536.0,10482.0,10895.666666666666,12096.166666666666,471700
2004-05-18,7530.0,7880.0,7510.0,7880.0,8390.0,10268.5,10835.333333333334,12024.75,405800
2004-05-19,7980.0,8420.0,7950.0,8370.0,8260.0,10084.5,10786.5,11958.25,467000
2004-05-20,8030.0,8190.0,7670.0,7780.0,8064.0,9858.5,10732.833333333334,11892.25,460000
2004-05-21,7950.0,8150.0,7750.0,8150.0,7986.0,9653.5,10689.5,11836.0,543400
2004-05-24,8320.0,8600.0,8320.0,8430.0,8122.0,9452.5,10650.833333333334,11783.75,535700
2004-05-25,8200.0,8350.0,8000.0,8070.0,8160.0,9258.5,10596.166666666666,11727.666666666666,340400
2004-05-26,8070.0,8070.0,8070.0,8070.0,8100.0,9084.5,10548.166666666666,11669.916666666666,0
2004-05-27,8300.0,8370.0,8070.0,8090.0,8162.0,8961.5,10498.833333333334,11614.0,398600
2004-05-28,8230.0,8440.0,8120.0,8440.0,8220.0,8851.0,10451.166666666666,11559.333333333334,459500
2004-05-31,8490.0,8490.0,8150.0,8300.0,8194.0,8741.0,10387.0,11504.333333333334,318300
2004-06-01,8300.0,8410.0,8250.0,8400.0,8260.0,8618.5,10323.666666666666,11457.666666666666,296800
2004-06-02,8340.0,8370.0,8170.0,8280.0,8302.0,8490.0,10270.833333333334,11406.25,299800
2004-06-03,8460.0,8860.0,8000.0,8200.0,8324.0,8400.0,10219.166666666666,11363.333333333334,1524100
2004-06-04,8310.0,8380.0,8110.0,8230.0,8282.0,8304.0,10181.333333333334,11321.083333333334,429700
2004-06-07,8300.0,8460.0,8300.0,8460.0,8314.0,8291.5,10149.833333333334,11285.75,495300
2004-06-08,8540.0,8600.0,8240.0,8290.0,8292.0,8275.5,10112.166666666666,11246.5,439700
2004-06-09,8330.0,8420.0,7970.0,8010.0,8238.0,8225.0,10066.5,11200.75,509600
2004-06-10,8130.0,8200.0,8000.0,8120.0,8222.0,8193.0,10018.5,11155.916666666666,450400
2004-06-11,8200.0,8220.0,7810.0,7850.0,8146.0,8158.5,9968.5,11110.083333333334,414200
2004-06-14,7650.0,7900.0,7350.0,7350.0,7924.0,8138.5,9915.166666666666,11058.833333333334,352800
2004-06-15,7350.0,7430.0,7060.0,7380.0,7742.0,8113.5,9861.5,11002.0,359400
2004-06-16,7300.0,7530.0,7150.0,7220.0,7584.0,8056.0,9807.666666666666,10943.833333333334,340500
2004-06-17,7150.0,7250.0,6560.0,6840.0,7328.0,8009.0,9754.166666666666,10882.5,820600
2004-06-18,6830.0,6830.0,6600.0,6730.0,7104.0,7938.0,9686.333333333334,10819.833333333334,388700
2004-06-21,6660.0,6780.0,6470.0,6520.0,6938.0,7842.5,9612.5,10759.583333333334,394200
2004-06-22,6550.0,6750.0,6450.0,6600.0,6782.0,7769.0,9537.5,10703.75,566900
2004-06-23,6670.0,6800.0,6510.0,6660.0,6670.0,7698.5,9463.5,10647.583333333334,478200
2004-06-24,6710.0,6900.0,6710.0,6880.0,6678.0,7638.0,9398.166666666666,10590.333333333334,475100
2004-06-25,6910.0,7110.0,6810.0,7080.0,6748.0,7570.0,9337.0,10538.083333333334,374700
2004-06-28,7100.0,7100.0,6870.0,6970.0,6838.0,7503.5,9274.0,10479.5,231700
2004-06-29,6900.0,7160.0,6880.0,7080.0,6934.0,7437.5,9202.0,10419.333333333334,349400
2004-06-30,7130.0,7190.0,7020.0,7130.0,7028.0,7380.0,9125.0,10359.583333333334,288400
2004-07-01,7180.0,7460.0,7160.0,7310.0,7114.0,7335.5,9052.666666666666,10307.166666666666,447700
2004-07-02,7200.0,7200.0,7010.0,7020.0,7102.0,7275.0,8974.666666666666,10253.583333333334,229800
2004-07-05,6950.0,7080.0,6900.0,6970.0,7102.0,7200.5,8898.333333333334,10198.75,100300
2004-07-06,6880.0,7030.0,6850.0,6850.0,7056.0,7128.5,8826.666666666666,10141.666666666666,159800
2004-07-07,6650.0,6790.0,6620.0,6760.0,6982.0,7066.0,8748.5,10083.833333333334,179000
2004-07-08,6770.0,6780.0,6620.0,6620.0,6844.0,6991.0,8668.0,10024.833333333334,190300
2004-07-09,6550.0,6880.0,6550.0,6830.0,6806.0,6940.0,8587.666666666666,9967.583333333334,161700
2004-07-12,6960.0,6960.0,6700.0,6700.0,6752.0,6907.5,8509.333333333334,9911.333333333334,141300
2004-07-13,6640.0,6770.0,6640.0,6770.0,6736.0,6877.0,8419.666666666666,9858.166666666666,137300
2004-07-14,6750.0,6770.0,6600.0,6600.0,6704.0,6846.0,8328.833333333334,9819.833333333334,136400
2004-07-15,6580.0,6700.0,6490.0,6520.0,6684.0,6830.0,8232.5,9778.333333333334,168100
2004-07-16,6480.0,6590.0,6480.0,6570.0,6632.0,6822.0,8137.833333333333,9739.75,162800
2004-07-19,6510.0,6700.0,6500.0,6680.0,6628.0,6830.0,8041.666666666667,9699.583333333334,139500
2004-07-20,6680.0,6710.0,6550.0,6550.0,6584.0,6827.5,7951.666666666667,9662.5,124400
2004-07-21,6650.0,6840.0,6600.0,6780.0,6620.0,6833.5,7872.166666666667,9628.166666666666,253100
2004-07-22,6650.0,6800.0,6590.0,6800.0,6676.0,6829.5,7809.666666666667,9588.583333333334,116800
2004-07-23,6900.0,7050.0,6770.0,6920.0,6746.0,6821.5,7747.5,9545.416666666666,223500
2004-07-26,6850.0,6910.0,6720.0,6750.0,6760.0,6810.5,7685.0,9500.416666666666,128700
2004-07-27,6750.0,6750.0,6550.0,6660.0,6782.0,6789.5,7615.166666666667,9457.166666666666,155200
2004-07-28,6710.0,6770.0,6630.0,6630.0,6752.0,6764.5,7544.833333333333,9411.583333333334,131800
2004-07-29,6690.0,6690.0,6500.0,6530.0,6698.0,6725.5,7487.0,9359.333333333334,174400
2004-07-30,6550.0,6700.0,6510.0,6570.0,6628.0,6703.0,7427.333333333333,9308.25,226000
2004-08-02,6560.0,6560.0,6190.0,6190.0,6516.0,6664.0,7385.333333333333,9257.75,301100
2004-08-03,6190.0,6250.0,6030.0,6030.0,6390.0,6623.0,7342.333333333333,9213.416666666666,215700
2004-08-04,5900.0,5990.0,5640.0,5900.0,6244.0,6580.0,7290.333333333333,9169.25,359200
2004-08-05,5920.0,6210.0,5920.0,6110.0,6160.0,6554.5,7246.166666666667,9125.583333333334,259800
2004-08-06,5990.0,6190.0,5970.0,6040.0,6054.0,6515.0,7204.5,9081.75,143200
2004-08-09,6000.0,6170.0,5990.0,6160.0,6048.0,6488.0,7178.0,9036.833333333334,129900
2004-08-10,6160.0,6270.0,6160.0,6250.0,6092.0,6462.0,7150.833333333333,8993.083333333334,154600
2004-08-11,6300.0,6470.0,6300.0,6430.0,6198.0,6453.5,7118.5,8952.5,255700
2004-08-12,6420.0,6730.0,6410.0,6610.0,6298.0,6458.0,7099.0,8915.916666666666,235700
2004-08-13,6730.0,6730.0,6180.0,6400.0,6370.0,6449.5,7069.833333333333,8879.666666666666,775900
2004-08-16,6400.0,6500.0,6350.0,6440.0,6426.0,6437.5,7036.666666666667,8843.75,169200
2004-08-17,6520.0,6550.0,6330.0,6330.0,6442.0,6426.5,7007.666666666667,8801.916666666666,199700
2004-08-18,6330.0,6400.0,6280.0,6340.0,6424.0,6404.5,6978.833333333333,8763.5,189900
2004-08-19,6400.0,6560.0,6380.0,6540.0,6410.0,6391.5,6953.0,8725.916666666666,263000
2004-08-20,6500.0,6540.0,6450.0,6540.0,6438.0,6372.5,6921.333333333333,8686.25,117800
2004-08-23,6560.0,6690.0,6500.0,6690.0,6488.0,6369.5,6894.5,8640.75,191600
2004-08-24,6700.0,6820.0,6690.0,6770.0,6576.0,6375.0,6867.333333333333,8595.5,210400
2004-08-25,6800.0,6850.0,6700.0,6850.0,6678.0,6386.0,6843.5,8557.166666666666,184600
2004-08-26,6880.0,6930.0,6800.0,6850.0,6740.0,6402.0,6821.0,8520.083333333334,167000
2004-08-27,6850.0,7080.0,6740.0,7050.0,6842.0,6426.0,6801.333333333333,8491.333333333334,219200
2004-08-30,7080.0,7300.0,7050.0,7190.0,6942.0,6476.0,6780.166666666667,8465.0,362800
2004-08-31,7190.0,7250.0,7130.0,7240.0,7036.0,6536.5,6762.666666666667,8437.416666666666,177000
2004-09-01,7240.0,7610.0,7210.0,7570.0,7180.0,6620.0,6755.333333333333,8410.916666666666,449500
2004-09-02,7540.0,7630.0,7430.0,7620.0,7334.0,6695.5,6747.0,8382.75,343300
2004-09-03,7560.0,7650.0,7410.0,7500.0,7424.0,6768.5,6741.166666666667,8354.833333333334,267900
2004-09-06,7450.0,7540.0,7320.0,7320.0,7450.0,6826.5,6740.666666666667,8327.916666666666,170200
2004-09-07,7380.0,7460.0,7280.0,7340.0,7470.0,6881.0,6740.0,8300.75,176600
2004-09-08,7380.0,7580.0,7350.0,7440.0,7444.0,6931.5,6743.666666666667,8275.666666666666,224000
2004-09-09,7410.0,7440.0,7280.0,7370.0,7394.0,6969.5,6752.5,8253.333333333334,186300
2004-09-10,7350.0,7580.0,7350.0,7550.0,7404.0,7027.0,6766.166666666667,8226.25,230200
2004-09-13,7610.0,8030.0,7550.0,7900.0,7520.0,7100.0,6789.166666666667,8200.833333333334,714200
2004-09-14,8040.0,8060.0,7670.0,7780.0,7608.0,7172.5,6808.833333333333,8173.166666666667,354900
2004-09-15,7820.0,8170.0,7760.0,8060.0,7732.0,7258.5,6832.166666666667,8147.833333333333,438300
2004-09-16,8000.0,9090.0,8000.0,8610.0,7980.0,7362.0,6861.0,8129.583333333333,1877000
2004-09-17,8720.0,8850.0,8450.0,8700.0,8210.0,7470.0,6888.0,8112.5,601100
2004-09-20,8750.0,9110.0,8600.0,9070.0,8444.0,7589.0,6923.0,8098.5,937300
2004-09-21,9050.0,9140.0,8890.0,9100.0,8708.0,7705.5,6956.666666666667,8079.333333333333,530300
2004-09-22,9040.0,9040.0,8500.0,8600.0,8816.0,7793.0,6981.166666666667,8053.083333333333,644000
2004-09-23,8420.0,8700.0,8350.0,8520.0,8798.0,7876.5,7001.333333333333,8027.0,349200
2004-09-24,8470.0,8640.0,8050.0,8400.0,8738.0,7944.0,7024.333333333333,7999.5,412900
2004-09-27,8400.0,8400.0,8400.0,8400.0,8604.0,8004.5,7048.166666666667,7973.25,0
2004-09-28,8400.0,8400.0,8400.0,8400.0,8464.0,8062.5,7074.0,7950.333333333333,0
2004-09-29,8400.0,8400.0,8400.0,8400.0,8424.0,8104.0,7101.333333333333,7924.916666666667,0
2004-09-30,8300.0,8760.0,8230.0,8760.0,8472.0,8161.0,7137.0,7902.5,341900
2004-10-01,8670.0,8710.0,8550.0,8680.0,8528.0,8220.0,7167.833333333333,7877.75,369400
2004-10-04,8800.0,8870.0,8730.0,8790.0,8606.0,8293.5,7202.666666666667,7856.0,476200
2004-10-05,8800.0,8830.0,8390.0,8450.0,8616.0,8349.0,7230.666666666667,7825.166666666667,585800
2004-10-06,8390.0,8510.0,8280.0,8340.0,8604.0,8394.0,7259.666666666667,7794.25,349000
2004-10-07,8340.0,8520.0,8340.0,8360.0,8524.0,8443.5,7290.333333333333,7761.416666666667,358300
2004-10-08,8100.0,8780.0,8100.0,8570.0,8502.0,8494.5,7323.666666666667,7730.75,1219200
2004-10-11,8580.0,9720.0,8570.0,9480.0,8640.0,8573.5,7370.333333333333,7706.0,2031100
2004-10-12,9580.0,9580.0,8860.0,9080.0,8766.0,8638.5,7412.5,7682.083333333333,893400
2004-10-13,9250.0,9990.0,9150.0,9750.0,9048.0,8723.0,7462.0,7667.083333333333,1946100
2004-10-14,9650.0,9720.0,9280.0,9300.0,9236.0,8757.5,7503.666666666667,7656.666666666667,838800
2004-10-15,9030.0,9350.0,8850.0,9270.0,9376.0,8786.0,7542.833333333333,7645.166666666667,509500
2004-10-18,9220.0,9670.0,9220.0,9370.0,9354.0,8801.0,7586.5,7635.75,1042100
2004-10-19,9460.0,9520.0,9050.0,9150.0,9368.0,8803.5,7628.0,7621.583333333333,582200
2004-10-20,9160.0,9290.0,8510.0,8510.0,9120.0,8799.0,7659.333333333333,7602.083333333333,637400
2004-10-21,8520.0,8640.0,8050.0,8100.0,8880.0,8778.0,7685.5,7586.25,542800
2004-10-22,8200.0,8320.0,8160.0,8160.0,8658.0,8766.0,7712.0,7569.666666666667,370000
2004-10-25,8090.0,8090.0,7720.0,7760.0,8336.0,8734.0,7738.166666666667,7561.75,358300
2004-10-26,7810.0,8240.0,7810.0,8230.0,8152.0,8725.5,7774.833333333333,7558.583333333333,436500
2004-10-27,8360.0,8460.0,7880.0,8050.0,8060.0,8708.0,7810.666666666667,7550.5,462800
2004-10-28,8300.0,8370.0,8210.0,8240.0,8088.0,8682.0,7846.166666666667,7546.166666666667,362600
2004-10-29,8150.0,8170.0,7940.0,8000.0,8056.0,8648.0,7878.833333333333,7541.666666666667,270600
2004-11-01,8000.0,8210.0,8000.0,8050.0,8114.0,8611.0,7910.333333333333,7544.166666666667,145100
2004-11-02,8350.0,8580.0,8270.0,8450.0,8158.0,8611.0,7947.0,7548.916666666667,602600
2004-11-03,8450.0,8760.0,8260.0,8760.0,8300.0,8632.0,7985.833333333333,7552.166666666667,512500
2004-11-04,8800.0,8940.0,8680.0,8700.0,8392.0,8649.0,8020.666666666667,7559.833333333333,453200
2004-11-05,8870.0,9220.0,8700.0,9100.0,8612.0,8675.5,8065.666666666667,7567.75,813900
2004-11-08,9180.0,9180.0,8690.0,8750.0,8752.0,8639.0,8104.166666666667,7570.416666666667,441600
2004-11-09,8750.0,9110.0,8660.0,9100.0,8882.0,8640.0,8150.333333333333,7579.0,483000
2004-11-10,9120.0,9400.0,9120.0,9200.0,8970.0,8612.5,8198.0,7588.416666666667,615700
2004-11-11,9280.0,9680.0,9200.0,9470.0,9124.0,8621.0,8246.833333333334,7599.916666666667,1214300
2004-11-12,9630.0,9670.0,9370.0,9500.0,9204.0,8632.5,8296.166666666666,7608.75,658200
2004-11-15,9250.0,9290.0,8890.0,8900.0,9234.0,8609.0,8333.0,7613.75,1378500
2004-11-16,8860.0,9130.0,8820.0,9020.0,9218.0,8602.5,8370.5,7618.916666666667,574800
2004-11-17,9140.0,9140.0,8740.0,9050.0,9188.0,8629.5,8407.166666666666,7625.333333333333,753500
2004-11-18,9050.0,9310.0,8880.0,8890.0,9072.0,8669.0,8441.166666666666,7631.083333333333,666300
2004-11-19,8950.0,9050.0,8760.0,8850.0,8942.0,8703.5,8471.166666666666,7636.25,322700
2004-11-22,8610.0,8710.0,8480.0,8520.0,8866.0,8741.5,8493.333333333334,7636.75,263900
2004-11-23,8550.0,8670.0,8530.0,8650.0,8792.0,8762.5,8516.833333333334,7639.75,263600
2004-11-24,8570.0,8700.0,8500.0,8650.0,8712.0,8792.5,8534.833333333334,7645.083333333333,277000
2004-11-25,8750.0,8780.0,8570.0,8610.0,8656.0,8811.0,8551.333333333334,7649.166666666667,312600
2004-11-26,8570.0,8760.0,8480.0,8500.0,8586.0,8836.0,8568.0,7654.583333333333,303200
2004-11-29,8460.0,8550.0,8210.0,8400.0,8562.0,8853.5,8586.0,7663.333333333333,339500
2004-11-30,8420.0,8550.0,8360.0,8550.0,8542.0,8858.5,8606.166666666666,7673.083333333333,233700
2004-12-01,8500.0,8770.0,8470.0,8750.0,8562.0,8858.0,8628.0,7685.833333333333,335000
2004-12-02,8860.0,8900.0,8700.0,8740.0,8588.0,8860.0,8650.833333333334,7701.666666666667,283600
2004-12-03,8830.0,8870.0,8650.0,8730.0,8634.0,8841.5,8670.5,7718.333333333333,167500
2004-12-06,8770.0,9030.0,8730.0,8970.0,8748.0,8852.5,8688.333333333334,7738.75,429600
2004-12-07,9020.0,9170.0,8770.0,8800.0,8798.0,8837.5,8705.333333333334,7757.083333333333,463000
2004-12-08,8650.0,8790.0,8610.0,8640.0,8776.0,8809.5,8715.0,7773.583333333333,196800
2004-12-09,8600.0,8640.0,8500.0,8540.0,8736.0,8763.0,8713.833333333334,7787.416666666667,253600
2004-12-10,8470.0,8580.0,8170.0,8220.0,8634.0,8699.0,8705.833333333334,7796.916666666667,225500
2004-12-13,8150.0,8310.0,8120.0,8250.0,8490.0,8666.5,8692.166666666666,7807.583333333333,162600
2004-12-14,8330.0,8430.0,8140.0,8210.0,8372.0,8626.0,8677.333333333334,7817.0,287200
2004-12-15,8150.0,8310.0,8150.0,8270.0,8298.0,8587.0,8671.833333333334,7826.5,199700
2004-12-16,8320.0,8420.0,8310.0,8400.0,8270.0,8562.5,8669.833333333334,7835.583333333333,174200
2004-12-17,8420.0,8450.0,8300.0,8310.0,8288.0,8535.5,8668.333333333334,7846.333333333333,188600
2004-12-20,8270.0,8440.0,8250.0,8370.0,8312.0,8528.0,8667.833333333334,7858.0,160600
2004-12-21,8510.0,8750.0,8450.0,8710.0,8412.0,8531.0,8673.0,7873.5,497000
2004-12-22,8770.0,8800.0,8590.0,8680.0,8494.0,8532.5,8677.666666666666,7889.5,210700
2004-12-23,8650.0,8720.0,8430.0,8470.0,8508.0,8525.5,8672.833333333334,7904.916666666667,200500
2004-12-24,8380.0,8550.0,8380.0,8380.0,8522.0,8519.5,8667.833333333334,7917.833333333333,146000
2004-12-27,8380.0,8520.0,8360.0,8500.0,8548.0,8524.5,8663.0,7932.833333333333,123800
2004-12-28,8500.0,9200.0,8430.0,8730.0,8552.0,8533.5,8667.666666666666,7949.166666666667,677200
2004-12-29,8500.0,8700.0,8360.0,8680.0,8552.0,8530.0,8673.333333333334,7966.5,295800
2004-12-30,8860.0,8860.0,8560.0,8720.0,8602.0,8529.0,8679.333333333334,7984.833333333333,232500
2004-12-31,8720.0,8720.0,8720.0,8720.0,8670.0,8528.5,8681.833333333334,8002.75,0
2005-01-03,8880.0,9010.0,8730.0,8950.0,8760.0,8527.5,8673.0,8021.666666666667,363800
2005-01-04,8820.0,8870.0,8720.0,8780.0,8770.0,8526.5,8668.0,8040.25,242700
2005-01-05,8680.0,8680.0,8580.0,8640.0,8762.0,8526.5,8649.5,8055.75,259000
2005-01-06,8640.0,8740.0,8570.0,8670.0,8752.0,8533.0,8639.0,8071.333333333333,270200
2005-01-07,8670.0,8750.0,8490.0,8490.0,8706.0,8546.5,8626.0,8084.416666666667,238400
2005-01-10,8440.0,8580.0,8410.0,8530.0,8622.0,8560.5,8612.0,8099.25,200800
2005-01-11,8540.0,8910.0,8540.0,8870.0,8640.0,8593.5,8607.333333333334,8117.666666666667,543000
2005-01-12,8910.0,9000.0,8770.0,8950.0,8702.0,8627.5,8614.666666666666,8137.0,370400
2005-01-13,9050.0,9100.0,8850.0,8970.0,8762.0,8656.0,8629.166666666666,8157.333333333333,458400
2005-01-14,8890.0,9210.0,8890.0,9150.0,8894.0,8698.0,8645.666666666666,8178.833333333333,847500
2005-01-17,9350.0,9350.0,9080.0,9290.0,9046.0,8744.0,8671.166666666666,8204.666666666666,572100
2005-01-18,9500.0,9750.0,9450.0,9730.0,9218.0,8795.0,8696.166666666666,8235.5,1330300
2005-01-19,9720.0,10100.0,9520.0,9850.0,9398.0,8853.5,8726.166666666666,8268.416666666666,1244600
2005-01-20,9900.0,9900.0,9550.0,9570.0,9518.0,8908.5,8748.333333333334,8297.25,483300
2005-01-21,9570.0,10500.0,9570.0,10300.0,9748.0,9004.5,8786.666666666666,8332.75,1374800
2005-01-24,10300.0,10700.0,9950.0,10350.0,9960.0,9097.0,8825.0,8367.666666666666,1045600
2005-01-25,10050.0,10200.0,9880.0,10000.0,10014.0,9160.5,8850.833333333334,8398.916666666666,571800
2005-01-26,9960.0,10200.0,9880.0,10050.0,10054.0,9229.0,8872.333333333334,8429.083333333334,699900
2005-01-27,10050.0,10400.0,9960.0,10100.0,10160.0,9298.0,8895.666666666666,8458.166666666666,1049100
2005-01-28,10100.0,10100.0,9760.0,9860.0,10072.0,9355.0,8908.333333333334,8487.0,511500
2005-01-31,9760.0,9890.0,9640.0,9670.0,9936.0,9391.0,8923.666666666666,8513.916666666666,431900
2005-02-01,9650.0,9920.0,9650.0,9880.0,9912.0,9446.0,8936.666666666666,8543.5,420900
2005-02-02,9940.0,10400.0,9940.0,10350.0,9972.0,9531.5,8955.833333333334,8576.916666666666,918900
2005-02-03,10400.0,10500.0,10150.0,10150.0,9982.0,9605.5,8967.166666666666,8607.0,410600
2005-02-04,10200.0,10650.0,10050.0,10500.0,10110.0,9706.0,8983.833333333334,8640.0,578900
2005-02-07,10700.0,10950.0,10300.0,10300.0,10236.0,9794.5,9007.166666666666,8670.083333333334,725800
2005-02-08,10300.0,10300.0,10300.0,10300.0,10320.0,9866.0,9028.5,8699.5,0
2005-02-09,10300.0,10300.0,10300.0,10300.0,10310.0,9933.5,9049.333333333334,8728.25,0
2005-02-10,10300.0,10300.0,10300.0,10300.0,10340.0,10000.0,9072.833333333334,8757.0,0
2005-02-11,10000.0,10100.0,9690.0,9780.0,10196.0,10031.5,9088.333333333334,8779.75,864000
2005-02-14,9880.0,9940.0,9610.0,9610.0,10058.0,10047.5,9106.5,8799.916666666666,995600
2005-02-15,9670.0,9710.0,9410.0,9700.0,9938.0,10046.0,9124.0,8820.416666666666,959100
2005-02-16,9710.0,9980.0,9710.0,9840.0,9846.0,10045.5,9143.833333333334,8839.333333333334,1123000
2005-02-17,9900.0,9930.0,9710.0,9770.0,9740.0,10055.5,9163.166666666666,8857.25,527100
2005-02-18,9760.0,10200.0,9730.0,10150.0,9814.0,10048.0,9190.666666666666,8879.333333333334,770000
2005-02-21,10300.0,10300.0,9920.0,9920.0,9876.0,10026.5,9216.0,8901.0,787000
2005-02-22,9900.0,10100.0,9650.0,9700.0,9876.0,10011.5,9235.166666666666,8920.666666666666,682700
2005-02-23,9570.0,9640.0,9350.0,9400.0,9788.0,9979.0,9246.0,8937.0,664200
2005-02-24,9420.0,9670.0,9420.0,9550.0,9744.0,9951.5,9259.5,8955.166666666666,363900
2005-02-25,9560.0,9630.0,9370.0,9370.0,9588.0,9927.0,9270.166666666666,8970.333333333334,691900
2005-02-28,9500.0,9700.0,9460.0,9660.0,9536.0,9926.5,9281.666666666666,8985.0,480900
2005-03-01,9660.0,9660.0,9660.0,9660.0,9528.0,9915.5,9296.0,9000.666666666666,0
2005-03-02,9720.0,9930.0,9670.0,9810.0,9610.0,9888.5,9315.5,9015.25,537400
2005-03-03,9820.0,9890.0,9700.0,9800.0,9660.0,9871.0,9336.5,9025.166666666666,411300
2005-03-04,10050.0,10300.0,9970.0,10150.0,9816.0,9853.5,9368.666666666666,9037.25,1102800
2005-03-07,10300.0,10350.0,9700.0,9770.0,9838.0,9827.0,9394.0,9043.083333333334,559400
2005-03-08,9820.0,9920.0,9500.0,9600.0,9826.0,9792.0,9417.166666666666,9047.25,343600
2005-03-09,9500.0,9670.0,9500.0,9590.0,9782.0,9756.5,9439.166666666666,9055.5,244800
2005-03-10,9590.0,9830.0,9560.0,9790.0,9780.0,9731.0,9462.333333333334,9066.083333333334,373300
2005-03-11,9820.0,9940.0,9680.0,9800.0,9710.0,9732.0,9487.166666666666,9077.75,481900
2005-03-14,9900.0,9960.0,9700.0,9850.0,9726.0,9744.0,9511.833333333334,9089.833333333334,347500
2005-03-15,9870.0,9950.0,9410.0,9450.0,9696.0,9731.5,9524.166666666666,9098.583333333334,551100
2005-03-16,9400.0,9500.0,9240.0,9350.0,9648.0,9707.0,9535.333333333334,9106.5,351400
2005-03-17,9270.0,9300.0,8860.0,8860.0,9462.0,9661.5,9541.833333333334,9107.333333333334,532800
2005-03-18,8780.0,8940.0,8500.0,8520.0,9206.0,9580.0,9544.166666666666,9106.0,507300
2005-03-21,8530.0,8700.0,8430.0,8570.0,8950.0,9512.5,9545.333333333334,9104.166666666666,310900
2005-03-22,8590.0,8770.0,8550.0,8660.0,8792.0,9460.5,9544.166666666666,9105.916666666666,239400
2005-03-23,8570.0,8700.0,8530.0,8550.0,8632.0,9418.0,9542.0,9107.666666666666,198800
2005-03-24,8650.0,8680.0,8250.0,8300.0,8520.0,9355.5,9535.0,9107.166666666666,282900
2005-03-25,8400.0,8480.0,8320.0,8450.0,8506.0,9309.5,9530.5,9106.166666666666,132600
2005-03-28,8510.0,8690.0,8510.0,8670.0,8526.0,9260.0,9525.833333333334,9099.416666666666,272600
2005-03-29,8740.0,8750.0,8490.0,8510.0,8496.0,9202.5,9521.333333333334,9094.666666666666,294700
2005-03-30,8510.0,8580.0,8430.0,8440.0,8474.0,9134.0,9518.0,9083.75,173800
2005-03-31,8590.0,8590.0,8460.0,8470.0,8508.0,9067.5,9514.666666666666,9076.833333333334,134700
2005-04-01,8400.0,8680.0,8390.0,8580.0,8534.0,8989.0,9516.166666666666,9071.083333333334,253300
2005-04-04,8510.0,8600.0,8460.0,8530.0,8506.0,8927.0,9516.166666666666,9064.083333333334,151500
2005-04-05,8530.0,8530.0,8530.0,8530.0,8510.0,8873.5,9510.5,9058.916666666666,0
2005-04-06,8570.0,8950.0,8460.0,8850.0,8592.0,8836.5,9508.833333333334,9061.75,466200
2005-04-07,8850.0,9020.0,8730.0,8830.0,8664.0,8788.5,9506.5,9067.833333333334,214800
2005-04-08,8920.0,8950.0,8770.0,8780.0,8704.0,8737.5,9500.333333333334,9073.0,199800
2005-04-11,8690.0,8690.0,8510.0,8520.0,8702.0,8671.0,9487.5,9079.333333333334,301900
2005-04-12,8510.0,8670.0,8500.0,8580.0,8712.0,8627.5,9468.333333333334,9082.25,157100
2005-04-13,8580.0,8640.0,8510.0,8510.0,8644.0,8585.5,9446.0,9086.083333333334,158600
2005-04-14,8400.0,8440.0,8260.0,8300.0,8538.0,8557.5,9424.833333333334,9086.583333333334,283700
2005-04-15,8240.0,8250.0,8030.0,8100.0,8402.0,8536.5,9388.166666666666,9087.416666666666,234600
2005-04-18,7940.0,7980.0,7650.0,7660.0,8230.0,8491.0,9343.333333333334,9084.166666666666,327300
2005-04-19,7670.0,7820.0,7670.0,7800.0,8074.0,8448.0,9306.666666666666,9078.75,146800
2005-04-20,7830.0,7950.0,7790.0,7810.0,7934.0,8411.0,9269.333333333334,9070.833333333334,223200
2005-04-21,7720.0,7830.0,7600.0,7820.0,7838.0,8387.0,9231.333333333334,9063.5,115300
2005-04-22,8000.0,8050.0,7940.0,7940.0,7806.0,8361.5,9199.333333333334,9053.833333333334,200600
2005-04-25,7810.0,8000.0,7810.0,7860.0,7846.0,8321.0,9169.166666666666,9046.416666666666,103300
2005-04-26,7810.0,8030.0,7810.0,8000.0,7886.0,8295.5,9137.833333333334,9037.25,181800
2005-04-27,7860.0,7970.0,7850.0,7900.0,7904.0,8268.5,9097.0,9026.416666666666,136200
2005-04-28,7900.0,8010.0,7850.0,7940.0,7928.0,8242.0,9060.166666666666,9013.666666666666,135000
2005-04-29,7780.0,8000.0,7760.0,8000.0,7940.0,8213.0,9018.5,9001.166666666666,161600
2005-05-02,7920.0,8070.0,7920.0,8010.0,7970.0,8187.0,8980.333333333334,8993.75,180600
2005-05-03,8020.0,8190.0,8020.0,8140.0,7998.0,8167.5,8944.333333333334,8986.416666666666,152200
2005-05-04,8230.0,8750.0,8230.0,8500.0,8118.0,8150.0,8914.333333333334,8981.833333333334,636700
2005-05-05,8500.0,8500.0,8500.0,8500.0,8230.0,8133.5,8884.333333333334,8978.583333333334,0
2005-05-06,8600.0,8610.0,8340.0,8460.0,8322.0,8117.5,8862.333333333334,8975.333333333334,206000
2005-05-09,8460.0,8460.0,8070.0,8400.0,8400.0,8111.5,8842.166666666666,8974.333333333334,183600
2005-05-10,8310.0,8340.0,8150.0,8180.0,8408.0,8091.5,8816.833333333334,8970.416666666666,162900
2005-05-11,8030.0,8090.0,7770.0,7780.0,8264.0,8055.0,8782.5,8963.166666666666,300300
2005-05-12,7850.0,7900.0,7770.0,7770.0,8118.0,8028.5,8749.166666666666,8956.166666666666,111800
2005-05-13,7750.0,7980.0,7700.0,7800.0,7986.0,8013.5,8710.0,8950.333333333334,149600
2005-05-16,7720.0,7860.0,7720.0,7770.0,7860.0,8019.0,8674.166666666666,8945.083333333334,108000
2005-05-17,7830.0,7930.0,7760.0,7770.0,7778.0,8017.5,8642.0,8938.583333333334,164700
2005-05-18,7800.0,7840.0,7690.0,7700.0,7762.0,8012.0,8613.666666666666,8929.833333333334,208800
2005-05-19,7810.0,7930.0,7730.0,7900.0,7788.0,8016.0,8586.166666666666,8922.833333333334,244300
2005-05-20,7920.0,7980.0,7860.0,7980.0,7824.0,8018.0,8563.0,8916.583333333334,204000
2005-05-23,7930.0,8520.0,7930.0,8450.0,7960.0,8047.5,8542.833333333334,8912.25,1060500
2005-05-24,8600.0,8600.0,8270.0,8270.0,8060.0,8061.0,8519.666666666666,8907.833333333334,487300
2005-05-25,8290.0,8560.0,8200.0,8540.0,8228.0,8093.0,8498.5,8907.0,541200
2005-05-26,8500.0,8620.0,8420.0,8590.0,8366.0,8125.5,8478.333333333334,8907.416666666666,391900
2005-05-27,8590.0,8710.0,8470.0,8700.0,8510.0,8160.5,8454.166666666666,8911.416666666666,339500
2005-05-30,8650.0,8750.0,8600.0,8700.0,8560.0,8195.0,8436.333333333334,8915.166666666666,189500
2005-05-31,8700.0,8700.0,8460.0,8650.0,8636.0,8220.5,8420.5,8918.833333333334,228500
2005-06-01,8550.0,8640.0,8510.0,8580.0,8644.0,8224.5,8403.666666666666,8921.416666666666,169000
2005-06-02,8630.0,8650.0,8530.0,8590.0,8644.0,8229.0,8383.666666666666,8923.0,184600
2005-06-03,8610.0,8680.0,8560.0,8680.0,8640.0,8240.0,8365.0,8926.083333333334,157400
2005-06-06,8680.0,8680.0,8680.0,8680.0,8636.0,8254.0,8345.5,8928.666666666666,0
2005-06-07,8650.0,8690.0,8520.0,8520.0,8610.0,8271.0,8330.0,8927.083333333334,173400
2005-06-08,8530.0,8620.0,8370.0,8390.0,8572.0,8301.5,8314.0,8924.666666666666,216400
2005-06-09,8410.0,8450.0,8310.0,8310.0,8516.0,8328.5,8304.833333333334,8923.333333333334,307200
2005-06-10,8400.0,8880.0,8390.0,8530.0,8486.0,8365.0,8305.0,8924.583333333334,472600
2005-06-13,8530.0,8700.0,8460.0,8500.0,8450.0,8401.5,8303.833333333334,8924.583333333334,242600
2005-06-14,8500.0,8610.0,8470.0,8520.0,8450.0,8439.0,8301.5,8922.833333333334,218700
2005-06-15,8490.0,8770.0,8400.0,8750.0,8522.0,8491.5,8304.833333333334,8923.416666666666,392400
2005-06-16,8750.0,8810.0,8660.0,8670.0,8594.0,8530.0,8311.0,8923.0,251700
2005-06-17,8750.0,8990.0,8660.0,8780.0,8644.0,8570.0,8316.5,8923.5,512900
2005-06-20,8870.0,8900.0,8590.0,8610.0,8666.0,8578.0,8315.5,8920.666666666666,156500
2005-06-21,8520.0,8750.0,8430.0,8750.0,8712.0,8602.0,8319.5,8920.416666666666,229100
2005-06-22,8580.0,8780.0,8580.0,8750.0,8712.0,8612.5,8324.666666666666,8921.333333333334,265500
2005-06-23,8750.0,9190.0,8700.0,9150.0,8808.0,8640.5,8336.0,8925.333333333334,649900
2005-06-24,9070.0,9370.0,9030.0,9190.0,8890.0,8665.0,8346.166666666666,8931.166666666666,491500
2005-06-27,9110.0,9460.0,9030.0,9460.0,9060.0,8703.0,8361.666666666666,8938.916666666666,866400
2005-06-28,9400.0,9750.0,9380.0,9730.0,9256.0,8757.0,8381.666666666666,8946.083333333334,829600
2005-06-29,9750.0,9790.0,9500.0,9750.0,9456.0,8815.5,8396.666666666666,8952.75,516200
2005-06-30,9730.0,9940.0,9620.0,9910.0,9608.0,8881.5,8414.666666666666,8960.583333333334,580100
2005-07-01,9890.0,9970.0,9820.0,9900.0,9750.0,8942.5,8433.333333333334,8966.833333333334,354200
2005-07-04,9900.0,10600.0,9750.0,10600.0,9978.0,9038.5,8468.0,8977.75,978800
2005-07-05,10500.0,10600.0,9990.0,10200.0,10072.0,9122.5,8495.0,8981.666666666666,383400
2005-07-06,10300.0,10300.0,9900.0,9980.0,10118.0,9202.0,8519.5,8982.75,355200
2005-07-07,9820.0,10150.0,9750.0,10150.0,10166.0,9294.0,8550.333333333334,8987.583333333334,668500
2005-07-08,10000.0,10050.0,9730.0,9760.0,10138.0,9355.5,8578.0,8983.083333333334,408500
2005-07-11,9800.0,10050.0,9740.0,9910.0,10000.0,9426.0,8615.5,8979.416666666666,517900
2005-07-12,9760.0,9800.0,9010.0,9120.0,9784.0,9456.0,8637.5,8972.083333333334,1415000
2005-07-13,9100.0,9220.0,8930.0,9150.0,9618.0,9476.0,8659.833333333334,8964.583333333334,561600
2005-07-14,9230.0,9430.0,9180.0,9350.0,9458.0,9510.0,8685.333333333334,8958.333333333334,520200
2005-07-15,9350.0,9420.0,9140.0,9210.0,9348.0,9531.5,8706.5,8952.916666666666,373000
2005-07-18,9190.0,9300.0,9150.0,9170.0,9200.0,9559.5,8728.333333333334,8948.75,209700
2005-07-19,9170.0,9590.0,9170.0,9520.0,9280.0,9598.0,8753.666666666666,8945.75,391000
2005-07-20,9690.0,9740.0,9500.0,9690.0,9388.0,9645.0,8783.5,8940.25,424800
2005-07-21,9750.0,10100.0,9720.0,9820.0,9482.0,9678.5,8814.833333333334,8937.5,342900
2005-07-22,9800.0,9960.0,9550.0,9960.0,9632.0,9717.0,8847.5,8933.0,337100
2005-07-25,10100.0,10300.0,9990.0,10250.0,9848.0,9756.5,8884.833333333334,8932.583333333334,638000
2005-07-26,10150.0,10500.0,10000.0,10400.0,10024.0,9790.0,8922.5,8933.416666666666,369700
2005-07-27,10350.0,10550.0,10300.0,10500.0,10186.0,9827.5,8955.833333333334,8935.083333333334,359500
2005-07-28,10500.0,10550.0,10050.0,10350.0,10292.0,9849.5,8986.666666666666,8935.5,378800
2005-07-29,10300.0,10350.0,10100.0,10200.0,10340.0,9864.5,9015.666666666666,8939.0,203900
2005-08-01,10100.0,10100.0,9800.0,9980.0,10286.0,9833.5,9042.0,8942.083333333334,328900
2005-08-02,9910.0,9960.0,9840.0,9900.0,10186.0,9818.5,9070.666666666666,8943.75,115400
2005-08-03,9950.0,10100.0,9790.0,9850.0,10056.0,9812.0,9105.166666666666,8943.833333333334,323600
2005-08-04,10100.0,10150.0,9520.0,9660.0,9918.0,9787.5,9136.666666666666,8942.916666666666,302400
2005-08-05,9620.0,9640.0,9390.0,9480.0,9774.0,9773.5,9164.666666666666,8937.333333333334,169500
2005-08-08,9390.0,9660.0,9390.0,9560.0,9690.0,9756.0,9194.5,8934.333333333334,150000
2005-08-09,9450.0,9780.0,9450.0,9750.0,9660.0,9787.5,9227.5,8934.75,174600
2005-08-10,9750.0,9900.0,9710.0,9830.0,9656.0,9821.5,9263.0,8938.333333333334,120400
2005-08-11,9800.0,9890.0,9600.0,9830.0,9690.0,9845.5,9295.166666666666,8940.666666666666,224000
2005-08-12,9900.0,10150.0,9780.0,10000.0,9794.0,9885.0,9328.833333333334,8945.916666666666,326600
2005-08-15,10000.0,10000.0,10000.0,10000.0,9882.0,9926.5,9354.666666666666,8948.75,0
2005-08-16,10100.0,10250.0,9960.0,10000.0,9932.0,9950.5,9383.5,8951.583333333334,278800
2005-08-17,9940.0,10500.0,9910.0,10500.0,10066.0,9991.0,9416.166666666666,8957.333333333334,759700
2005-08-18,10650.0,11200.0,10400.0,10650.0,10230.0,10032.5,9450.5,8964.416666666666,1036800
2005-08-19,10650.0,10800.0,10300.0,10750.0,10380.0,10072.0,9484.666666666666,8969.416666666666,394500
2005-08-22,10650.0,10900.0,10650.0,10850.0,10550.0,10102.0,9520.5,8978.416666666666,490300
2005-08-23,10850.0,10950.0,10600.0,10900.0,10730.0,10127.0,9558.0,8989.25,386900
2005-08-24,10850.0,11100.0,10400.0,10550.0,10740.0,10129.5,9590.833333333334,8997.25,672700
2005-08-25,10350.0,11200.0,10300.0,11200.0,10850.0,10172.0,9634.333333333334,9009.0,794000
2005-08-26,11300.0,11700.0,11250.0,11450.0,10990.0,10234.5,9680.5,9022.75,654400
2005-08-29,11300.0,11450.0,10900.0,10900.0,11000.0,10280.5,9717.5,9031.5,321100
2005-08-30,11150.0,11300.0,10750.0,11100.0,11040.0,10340.5,9760.5,9045.25,382000
2005-08-31,11000.0,11450.0,11000.0,11400.0,11210.0,10418.0,9810.666666666666,9062.333333333334,585300
2005-09-01,11350.0,11700.0,11300.0,11500.0,11270.0,10510.0,9863.833333333334,9084.333333333334,426900
2005-09-02,11650.0,11700.0,11200.0,11550.0,11290.0,10613.5,9914.166666666666,9109.583333333334,442200
2005-09-05,11450.0,11550.0,11200.0,11350.0,11380.0,10703.0,9961.666666666666,9132.75,222100
2005-09-06,11400.0,11500.0,10850.0,10900.0,11340.0,10760.5,10001.333333333334,9151.416666666666,543000
2005-09-07,11000.0,11150.0,10850.0,11100.0,11280.0,10824.0,10040.5,9172.666666666666,540400
2005-09-08,11200.0,11450.0,10950.0,11150.0,11210.0,10890.0,10081.833333333334,9196.416666666666,569000
2005-09-09,11150.0,11200.0,10900.0,11000.0,11100.0,10940.0,10118.833333333334,9217.666666666666,271000
2005-09-12,11100.0,11150.0,10550.0,10650.0,10960.0,10972.5,10152.833333333334,9234.166666666666,638600
2005-09-13,10650.0,10750.0,10400.0,10500.0,10880.0,10997.5,10182.0,9250.75,389400
2005-09-14,10400.0,10750.0,10350.0,10750.0,10810.0,11010.0,10215.333333333334,9270.0,381300
2005-09-15,10750.0,11050.0,10650.0,10900.0,10760.0,11022.5,10244.5,9290.25,398000
2005-09-16,11000.0,11050.0,10750.0,10950.0,10750.0,11032.5,10273.833333333334,9310.0,320100
2005-09-19,10950.0,10950.0,10950.0,10950.0,10810.0,11037.5,10298.666666666666,9330.166666666666,0
2005-09-20,11100.0,11100.0,10800.0,10950.0,10900.0,11040.0,10319.0,9350.333333333334,403800
2005-09-21,10950.0,11050.0,10650.0,10950.0,10940.0,11060.0,10339.0,9367.833333333334,456300
2005-09-22,10850.0,11150.0,10800.0,11000.0,10960.0,11050.0,10357.166666666666,9385.916666666666,399700
2005-09-23,11100.0,11100.0,10650.0,10750.0,10920.0,11015.0,10371.333333333334,9402.333333333334,346700
2005-09-26,10750.0,10950.0,10650.0,10950.0,10920.0,11017.5,10377.166666666666,9422.583333333334,331300
2005-09-27,11050.0,11700.0,11050.0,11700.0,11070.0,11047.5,10402.166666666666,9448.583333333334,908700
2005-09-28,11750.0,12000.0,11550.0,11850.0,11250.0,11070.0,10433.333333333334,9476.416666666666,594900
2005-09-29,11800.0,12050.0,11550.0,12050.0,11460.0,11097.5,10465.0,9507.666666666666,407410
2005-09-30,12200.0,12850.0,12050.0,12200.0,11750.0,11130.0,10505.666666666666,9541.833333333334,1196451
2005-10-03,12400.0,12400.0,12400.0,12400.0,12040.0,11182.5,10547.166666666666,9581.333333333334,0
2005-10-04,12400.0,12400.0,11250.0,11500.0,12000.0,11212.5,10586.833333333334,9612.166666666666,2239386
2005-10-05,11450.0,11550.0,11200.0,11400.0,11910.0,11227.5,10624.333333333334,9642.083333333334,549684
2005-10-06,11250.0,11300.0,10850.0,10950.0,11690.0,11217.5,10651.0,9668.166666666666,631315
2005-10-07,10750.0,11350.0,10750.0,11200.0,11490.0,11227.5,10684.166666666666,9695.333333333334,634720
2005-10-10,11350.0,11450.0,11150.0,11350.0,11280.0,11262.5,10720.5,9724.416666666666,473927
2005-10-11,11350.0,11450.0,11200.0,11450.0,11270.0,11310.0,10752.666666666666,9753.166666666666,494497
2005-10-12,11450.0,11450.0,10800.0,10950.0,11180.0,11320.0,10773.666666666666,9778.583333333334,861840
2005-10-13,10850.0,10950.0,10450.0,10900.0,11170.0,11320.0,10791.666666666666,9803.25,906301
2005-10-14,11050.0,11250.0,10750.0,10850.0,11100.0,11315.0,10806.5,9827.0,1098462
2005-10-17,11000.0,11100.0,10550.0,10550.0,10940.0,11295.0,10811.5,9848.166666666666,698200
2005-10-18,10550.0,10700.0,10350.0,10600.0,10770.0,11277.5,10814.833333333334,9868.666666666666,728163
2005-10-19,10550.0,10600.0,9850.0,10000.0,10580.0,11230.0,10806.5,9881.166666666666,653804
2005-10-20,10200.0,10450.0,10150.0,10200.0,10440.0,11190.0,10804.0,9895.333333333334,396005
2005-10-21,9880.0,10400.0,9880.0,10350.0,10340.0,11170.0,10806.5,9911.083333333334,349850
2005-10-24,10350.0,10600.0,10350.0,10600.0,10350.0,11152.5,10816.833333333334,9929.416666666666,255657
2005-10-25,10800.0,10800.0,10500.0,10600.0,10350.0,11097.5,10828.5,9949.583333333334,316640
2005-10-26,10550.0,10600.0,10350.0,10550.0,10460.0,11032.5,10840.166666666666,9972.666666666666,232012
2005-10-27,10550.0,10850.0,10500.0,10700.0,10560.0,10965.0,10857.5,9997.083333333334,364751
2005-10-28,10500.0,10600.0,10250.0,10400.0,10570.0,10875.0,10872.833333333334,10018.75,246520
2005-10-31,10600.0,10600.0,10350.0,10500.0,10550.0,10780.0,10888.5,10041.5,202238
2005-11-01,10450.0,10700.0,10450.0,10600.0,10550.0,10735.0,10902.666666666666,10065.083333333334,320393
2005-11-02,10500.0,11250.0,10500.0,11200.0,10680.0,10725.0,10925.5,10094.25,675075
2005-11-03,11400.0,11450.0,11050.0,11150.0,10770.0,10735.0,10947.5,10121.333333333334,439532
2005-11-04,11200.0,11300.0,10750.0,10950.0,10880.0,10722.5,10963.333333333334,10146.083333333334,400622
2005-11-07,11100.0,11550.0,10950.0,11550.0,11090.0,10732.5,10989.166666666666,10171.916666666666,536161
2005-11-08,11600.0,11700.0,11400.0,11700.0,11310.0,10745.0,11017.5,10200.5,450909
2005-11-09,11650.0,11800.0,11500.0,11600.0,11390.0,10777.5,11035.833333333334,10226.0,290630
2005-11-10,11650.0,11950.0,11450.0,11850.0,11530.0,10825.0,11055.833333333334,10253.166666666666,511590
2005-11-11,11900.0,12150.0,11800.0,12100.0,11760.0,10887.5,11078.333333333334,10281.5,567370
2005-11-14,12200.0,12300.0,12000.0,12100.0,11870.0,10965.0,11099.166666666666,10309.833333333334,382160
2005-11-15,12100.0,12100.0,11500.0,11850.0,11900.0,11027.5,11115.0,10336.5,403332
2005-11-16,11750.0,12700.0,11700.0,12650.0,12110.0,11160.0,11150.0,10370.416666666666,1053323
2005-11-17,12650.0,13400.0,12450.0,13050.0,12350.0,11302.5,11180.833333333334,10407.583333333334,986070
2005-11-18,13150.0,13400.0,12750.0,13150.0,12560.0,11442.5,11209.166666666666,10444.833333333334,513350
2005-11-21,13100.0,13250.0,12750.0,13100.0,12760.0,11567.5,11245.833333333334,10481.666666666666,389063
2005-11-22,13200.0,13650.0,12850.0,13400.0,13070.0,11707.5,11284.166666666666,10522.333333333334,717763
2005-11-23,13600.0,14150.0,13450.0,14100.0,13360.0,11885.0,11329.166666666666,10569.916666666666,733120
2005-11-24,14300.0,14400.0,13850.0,13950.0,13540.0,12047.5,11370.0,10616.916666666666,418841
2005-11-25,14100.0,14300.0,13500.0,13700.0,13650.0,12212.5,11405.833333333334,10660.0,398030
2005-11-28,13950.0,14000.0,13150.0,13250.0,13680.0,12350.0,11437.5,10699.583333333334,413407
2005-11-29,13050.0,13500.0,13000.0,13300.0,13660.0,12485.0,11477.5,10739.416666666666,416740
2005-11-30,13150.0,13750.0,13150.0,13500.0,13540.0,12600.0,11517.5,10779.0,413110
2005-12-01,13350.0,14450.0,13350.0,14350.0,13620.0,12760.0,11570.833333333334,10826.333333333334,768719
2005-12-02,14350.0,14600.0,13800.0,14300.0,13740.0,12927.5,11625.833333333334,10872.333333333334,504854
2005-12-05,13950.0,13950.0,12950.0,13100.0,13710.0,13005.0,11666.666666666666,10909.75,905844
2005-12-06,12900.0,13150.0,12550.0,12700.0,13590.0,13055.0,11703.333333333334,10942.666666666666,1212633
2005-12-07,12700.0,12750.0,11950.0,12000.0,13290.0,13075.0,11724.166666666666,10969.75,1041985
2005-12-08,12000.0,12300.0,11950.0,12250.0,12870.0,13095.0,11746.666666666666,10995.583333333334,531974
2005-12-09,12100.0,12700.0,12050.0,12300.0,12470.0,13105.0,11769.166666666666,11021.5,675293
2005-12-12,12300.0,12700.0,12300.0,12600.0,12370.0,13130.0,11796.666666666666,11047.666666666666,304709
2005-12-13,12600.0,13100.0,12450.0,13050.0,12440.0,13190.0,11831.666666666666,11075.333333333334,512148
2005-12-14,13000.0,13100.0,12600.0,13100.0,12660.0,13212.5,11867.5,11103.25,336790
2005-12-15,12700.0,12800.0,12300.0,12350.0,12680.0,13177.5,11890.0,11123.583333333334,336250
2005-12-16,12100.0,12300.0,12000.0,12300.0,12680.0,13135.0,11915.833333333334,11143.583333333334,294750
2005-12-19,12250.0,12800.0,12150.0,12550.0,12670.0,13107.5,11942.5,11159.833333333334,257055
2005-12-20,12350.0,12550.0,12200.0,12200.0,12500.0,13047.5,11950.833333333334,11176.5,265851
2005-12-21,12200.0,12650.0,12200.0,12550.0,12390.0,12970.0,11962.5,11197.916666666666,294422
2005-12-22,12650.0,12650.0,12050.0,12100.0,12340.0,12877.5,11963.333333333334,11214.166666666666,347500
2005-12-23,12100.0,12150.0,11650.0,11800.0,12240.0,12782.5,11956.666666666666,11231.166666666666,338100
2005-12-26,11750.0,11950.0,11600.0,11850.0,12100.0,12712.5,11947.5,11247.333333333334,285900
2005-12-27,11950.0,12200.0,11900.0,12000.0,12060.0,12647.5,11955.833333333334,11271.333333333334,382624
2005-12-28,11800.0,12600.0,11700.0,12600.0,12070.0,12602.5,11975.833333333334,11300.083333333334,196663
2005-12-29,12100.0,12200.0,11950.0,11950.0,12040.0,12482.5,11992.5,11321.75,261340
2006-01-02,12000.0,12250.0,11750.0,12250.0,12130.0,12380.0,12010.0,11347.083333333334,332589
2006-01-03,12250.0,12950.0,12200.0,12950.0,12350.0,12372.5,12036.666666666666,11378.583333333334,890930
2006-01-04,12900.0,13000.0,12600.0,12600.0,12470.0,12367.5,12055.833333333334,11404.25,391620
2006-01-05,12600.0,12950.0,12350.0,12600.0,12470.0,12397.5,12083.333333333334,11428.5,540802
2006-01-06,12750.0,13800.0,12750.0,13750.0,12830.0,12472.5,12130.833333333334,11461.25,1475530
2006-01-09,14000.0,14300.0,13550.0,14050.0,13190.0,12560.0,12184.166666666666,11495.333333333334,1529850
2006-01-10,14200.0,14900.0,13950.0,14400.0,13480.0,12650.0,12248.333333333334,11529.916666666666,1475768
2006-01-11,14500.0,14650.0,13900.0,14500.0,13860.0,12722.5,12313.333333333334,11564.083333333334,691181
2006-01-12,14600.0,16000.0,14500.0,15650.0,14470.0,12850.0,12407.5,11607.0,1906081
2006-01-13,15850.0,16900.0,15400.0,16650.0,15050.0,13065.0,12515.0,11659.5,1396717
2006-01-16,16650.0,17750.0,16200.0,17200.0,15680.0,13310.0,12629.166666666666,11717.833333333334,1216699
2006-01-17,16950.0,17250.0,15950.0,16200.0,16040.0,13492.5,12722.5,11769.666666666666,886665
2006-01-18,16100.0,16350.0,14600.0,15950.0,16330.0,13680.0,12811.666666666666,11820.083333333334,1124400
2006-01-19,15550.0,15800.0,14950.0,15400.0,16280.0,13822.5,12892.5,11866.333333333334,839260
2006-01-20,15200.0,15650.0,13850.0,14050.0,15760.0,13920.0,12948.333333333334,11902.916666666666,799854
2006-01-23,13500.0,14500.0,12800.0,13950.0,15110.0,14027.5,13007.5,11940.166666666666,979381
2006-01-24,13800.0,14000.0,13100.0,14000.0,14670.0,14135.0,13065.833333333334,11977.166666666666,977720
2006-01-25,14050.0,15150.0,14000.0,14200.0,14320.0,14245.0,13125.833333333334,12014.25,1108142
2006-01-26,14200.0,14600.0,13950.0,14600.0,14160.0,14345.0,13182.5,12054.0,306068
2006-01-27,14900.0,15300.0,14600.0,15300.0,14410.0,14512.5,13251.666666666666,12099.583333333334,551484
2006-01-31,15450.0,15450.0,14800.0,15000.0,14620.0,14650.0,13319.166666666666,12141.25,656167
2006-02-01,14700.0,14750.0,13800.0,14100.0,14640.0,14707.5,13361.666666666666,12175.416666666666,616885
2006-02-02,14400.0,15000.0,14100.0,14700.0,14740.0,14812.5,13411.666666666666,12214.583333333334,934280
2006-02-03,14300.0,14650.0,13850.0,13950.0,14610.0,14880.0,13450.833333333334,12243.333333333334,489913
2006-02-06,13800.0,14400.0,13550.0,14300.0,14410.0,14907.5,13491.666666666666,12273.75,320608
2006-02-07,14050.0,14550.0,13900.0,14400.0,14290.0,14925.0,13530.0,12304.166666666666,322830
2006-02-08,14300.0,14850.0,14300.0,14450.0,14360.0,14927.5,13569.166666666666,12334.166666666666,472712
2006-02-09,14800.0,15250.0,14600.0,15250.0,14470.0,14965.0,13625.833333333334,12370.416666666666,615554
2006-02-10,15400.0,15550.0,14900.0,15400.0,14760.0,14952.5,13671.666666666666,12410.833333333334,375000
2006-02-13,15650.0,15650.0,14700.0,14700.0,14840.0,14855.0,13699.166666666666,12440.0,248443
2006-02-14,14700.0,15100.0,14400.0,15100.0,14980.0,14750.0,13731.666666666666,12470.416666666666,233270
2006-02-15,15250.0,15300.0,14100.0,14100.0,14910.0,14645.0,13748.333333333334,12497.083333333334,310405
2006-02-16,14250.0,14650.0,14250.0,14450.0,14750.0,14570.0,13765.833333333334,12525.0,201555
2006-02-17,14650.0,15150.0,14650.0,15000.0,14670.0,14550.0,13780.833333333334,12555.0,366182
2006-02-20,15200.0,15800.0,15100.0,15500.0,14830.0,14622.5,13806.666666666666,12588.333333333334,555497
2006-02-21,15500.0,16050.0,15400.0,15500.0,14910.0,14700.0,13836.666666666666,12621.25,395070
2006-02-22,15500.0,16250.0,15400.0,16000.0,15290.0,14800.0,13882.5,12660.0,746677
2006-02-23,16150.0,16900.0,15900.0,16900.0,15780.0,14935.0,13942.5,12710.0,605727
2006-02-24,16750.0,17450.0,16750.0,16900.0,16160.0,15050.0,13999.166666666666,12758.333333333334,575927
2006-02-27,16800.0,17650.0,16750.0,16750.0,16410.0,15122.5,14039.166666666666,12805.0,400397
2006-02-28,17150.0,17200.0,16500.0,16750.0,16660.0,15210.0,14080.0,12852.916666666666,378430
2006-03-02,16650.0,16850.0,16250.0,16700.0,16800.0,15340.0,14140.0,12903.333333333334,417529
2006-03-03,16650.0,16800.0,15750.0,16000.0,16620.0,15405.0,14195.0,12949.166666666666,358990
2006-03-06,16100.0,16550.0,15800.0,16400.0,16520.0,15527.5,14268.333333333334,12996.25,354239
2006-03-07,16300.0,16600.0,15800.0,16000.0,16370.0,15612.5,14330.833333333334,13038.75,383501
2006-03-08,15750.0,16250.0,15750.0,16200.0,16260.0,15702.5,14395.833333333334,13082.5,339621
2006-03-09,16300.0,17100.0,16300.0,16950.0,16310.0,15827.5,14468.333333333334,13132.5,458417
2006-03-10,17050.0,17450.0,16750.0,17250.0,16560.0,15927.5,14538.333333333334,13185.0,556920
2006-03-13,17500.0,17650.0,17150.0,17250.0,16730.0,16020.0,14607.5,13237.5,306312
2006-03-14,17400.0,17850.0,17100.0,17650.0,17060.0,16167.5,14695.833333333334,13292.916666666666,416344
2006-03-15,17800.0,18250.0,17600.0,17700.0,17360.0,16297.5,14785.833333333334,13350.833333333334,510720
2006-03-16,17850.0,18300.0,17850.0,18000.0,17570.0,16492.5,14876.666666666666,13409.583333333334,331108
2006-03-17,17800.0,18200.0,17800.0,18100.0,17740.0,16675.0,14975.0,13462.916666666666,274990
2006-03-20,18000.0,18200.0,17700.0,17800.0,17850.0,16815.0,15062.5,13512.5,237230
2006-03-21,17900.0,18250.0,17500.0,17550.0,17830.0,16917.5,15153.333333333334,13558.333333333334,267606
2006-03-22,17350.0,18250.0,17350.0,18100.0,17910.0,17047.5,15258.333333333334,13607.5,525540
2006-03-23,18300.0,19200.0,18100.0,18400.0,17990.0,17167.5,15367.5,13657.5,917834
2006-03-24,18400.0,18700.0,18100.0,18700.0,18110.0,17257.5,15479.166666666666,13717.5,440385
2006-03-27,18700.0,18850.0,18500.0,18600.0,18270.0,17342.5,15579.166666666666,13777.5,188920
2006-03-28,18400.0,18600.0,18100.0,18150.0,18390.0,17412.5,15682.5,13837.5,207430
2006-03-29,17800.0,18550.0,17750.0,18550.0,18480.0,17502.5,15787.5,13898.75,193268
2006-03-30,18800.0,19600.0,18700.0,19250.0,18650.0,17630.0,15892.5,13964.583333333334,522488
2006-03-31,19450.0,19450.0,19100.0,19250.0,18760.0,17792.5,16003.333333333334,14029.583333333334,227367
2006-04-03,19200.0,19550.0,19200.0,19550.0,18950.0,17950.0,16119.166666666666,14101.25,218530
2006-04-04,19550.0,19550.0,18750.0,19000.0,19120.0,18100.0,16206.666666666666,14168.75,371662
2006-04-05,18900.0,19350.0,18750.0,19150.0,19240.0,18247.5,16291.666666666666,14237.916666666666,251544
2006-04-06,19100.0,20200.0,19100.0,20200.0,19430.0,18410.0,16388.333333333332,14318.333333333334,691580
2006-04-07,20200.0,21050.0,20050.0,21000.0,19780.0,18597.5,16496.666666666668,14405.0,678106
2006-04-10,20600.0,21400.0,20600.0,21200.0,20110.0,18795.0,16589.166666666668,14498.333333333334,227518
2006-04-11,21400.0,21650.0,20750.0,21400.0,20590.0,18982.5,16668.333333333332,14591.666666666666,184402
2006-04-12,21000.0,21400.0,20700.0,21000.0,20960.0,19147.5,16731.666666666668,14680.416666666666,305043
2006-04-13,21000.0,21800.0,20900.0,21750.0,21270.0,19335.0,16824.166666666668,14773.333333333334,351769
2006-04-14,21750.0,22600.0,21400.0,22400.0,21550.0,19550.0,16931.666666666668,14871.666666666666,629528
2006-04-17,22200.0,22400.0,21500.0,21500.0,21610.0,19735.0,17033.333333333332,14962.916666666666,477320
2006-04-18,21250.0,22200.0,20900.0,22050.0,21740.0,19960.0,17166.666666666668,15057.5,455129
2006-04-19,22200.0,22350.0,21200.0,21650.0,21870.0,20137.5,17295.0,15151.25,503380
2006-04-20,21650.0,21850.0,21150.0,21500.0,21820.0,20292.5,17420.0,15242.916666666666,373182
2006-04-21,21350.0,21600.0,20900.0,21500.0,21640.0,20432.5,17541.666666666668,15333.75,282663
2006-04-24,20850.0,22050.0,20600.0,21900.0,21720.0,20597.5,17663.333333333332,15422.916666666666,442190
2006-04-25,22000.0,22300.0,21600.0,21750.0,21660.0,20777.5,17770.833333333332,15511.25,389244
2006-04-26,22000.0,23100.0,21700.0,22750.0,21880.0,20987.5,17900.0,15609.583333333334,456609
2006-04-27,23000.0,23300.0,22600.0,22900.0,22160.0,21170.0,18046.666666666668,15704.166666666666,441304
2006-04-28,23200.0,23200.0,21450.0,22000.0,22260.0,21307.5,18168.333333333332,15790.0,522575
2006-05-02,21750.0,21950.0,20950.0,21600.0,22200.0,21410.0,18295.833333333332,15873.333333333334,562357
2006-05-03,21850.0,22650.0,21650.0,22100.0,22270.0,21565.0,18425.833333333332,15958.75,486332
2006-05-04,21850.0,22100.0,20950.0,21150.0,21950.0,21665.0,18538.333333333332,16034.166666666666,417928
2006-05-08,21300.0,21300.0,19800.0,20050.0,21380.0,21657.5,18631.666666666668,16100.416666666666,742560
2006-05-09,20100.0,20750.0,20000.0,20100.0,21000.0,21612.5,18712.5,16169.166666666666,534548
2006-05-10,20100.0,20950.0,19550.0,20350.0,20750.0,21570.0,18795.0,16233.333333333334,474272
2006-05-11,20350.0,21100.0,19900.0,21100.0,20550.0,21555.0,18901.666666666668,16300.416666666666,544260
2006-05-12,20800.0,22000.0,20800.0,21800.0,20680.0,21595.0,19013.333333333332,16372.5,661780
2006-05-15,21600.0,21800.0,21200.0,21400.0,20950.0,21577.5,19135.0,16441.666666666668,258214
2006-05-16,21350.0,21350.0,19700.0,20050.0,20940.0,21460.0,19228.333333333332,16497.083333333332,412361
2006-05-17,20000.0,20700.0,20000.0,20400.0,20950.0,21405.0,19318.333333333332,16549.583333333332,194865
2006-05-18,19500.0,19750.0,18900.0,19350.0,20600.0,21270.0,19382.5,16594.583333333332,414200
2006-05-19,19000.0,19800.0,18800.0,19600.0,20160.0,21167.5,19450.833333333332,16643.75,223300
2006-05-22,19000.0,19800.0,18800.0,19600.0,19800.0,21072.5,19510.833333333332,16696.666666666668,227146
2006-05-23,18800.0,19050.0,18200.0,19000.0,19590.0,20947.5,19545.833333333332,16744.166666666668,189210
2006-05-24,18850.0,19700.0,18500.0,19700.0,19450.0,20837.5,19592.5,16795.833333333332,300194
2006-05-25,19800.0,19850.0,18650.0,19100.0,19400.0,20705.0,19631.666666666668,16835.416666666668,141880
2006-05-26,19550.0,19700.0,19150.0,19500.0,19380.0,20542.5,19677.5,16878.75,225456
2006-05-29,20000.0,20300.0,19700.0,20200.0,19500.0,20407.5,19735.833333333332,16937.916666666668,161700
2006-05-30,20300.0,21000.0,19700.0,21000.0,19900.0,20357.5,19819.166666666668,17007.083333333332,255500
2006-05-31,20000.0,20300.0,19700.0,20200.0,20000.0,20287.5,19882.5,17075.416666666668,165175
2006-06-01,20650.0,20900.0,20250.0,20650.0,20310.0,20215.0,19960.0,17145.416666666668,229317
2006-06-02,20900.0,20950.0,19750.0,20100.0,20430.0,20162.5,20025.0,17210.416666666668,179451
2006-06-05,20400.0,20400.0,18750.0,19000.0,20190.0,20110.0,20059.166666666668,17263.75,237880
2006-06-07,18350.0,18550.0,18000.0,18100.0,19610.0,20010.0,20073.333333333332,17305.833333333332,298616
2006-06-08,17900.0,18200.0,17300.0,17650.0,19100.0,19875.0,20080.0,17343.75,364197
2006-06-09,18000.0,18600.0,17750.0,18600.0,18690.0,19750.0,20095.833333333332,17395.833333333332,275276
2006-06-12,18400.0,19200.0,18100.0,19000.0,18470.0,19610.0,20117.5,17451.666666666668,172601
2006-06-13,18500.0,18700.0,18100.0,18500.0,18370.0,19465.0,20125.833333333332,17501.25,222476
2006-06-14,18700.0,19300.0,18450.0,19000.0,18550.0,19412.5,20140.833333333332,17557.916666666668,145393
2006-06-15,19250.0,19500.0,18600.0,18950.0,18810.0,19340.0,20160.0,17611.25,117730
2006-06-16,19500.0,19800.0,19400.0,19450.0,18980.0,19345.0,20191.666666666668,17672.5,141280
2006-06-19,19300.0,19500.0,19000.0,19250.0,19030.0,19327.5,20210.833333333332,17734.583333333332,117495
2006-06-20,18950.0,19350.0,18700.0,19100.0,19150.0,19302.5,20222.5,17795.0,113190
2006-06-21,18950.0,19900.0,18950.0,19900.0,19330.0,19347.5,20242.5,17860.833333333332,193201
2006-06-22,20400.0,20400.0,19750.0,20050.0,19550.0,19365.0,20266.666666666668,17922.916666666668,262260
2006-06-23,19700.0,20200.0,19200.0,20200.0,19700.0,19420.0,20300.833333333332,17991.666666666668,129700
2006-06-26,20200.0,20200.0,19750.0,19850.0,19820.0,19437.5,20322.5,18055.0,103634
2006-06-27,20050.0,20400.0,19900.0,20200.0,20040.0,19437.5,20338.333333333332,18115.416666666668,201592
2006-06-28,19850.0,20200.0,19600.0,20050.0,20070.0,19390.0,20351.666666666668,18177.5,138717
2006-06-29,20350.0,20350.0,19950.0,20350.0,20130.0,19397.5,20365.0,18242.083333333332,283730
2006-06-30,20550.0,20900.0,20500.0,20800.0,20250.0,19405.0,20395.0,18300.833333333332,283258
2006-07-03,20750.0,21650.0,20550.0,21500.0,20580.0,19475.0,20434.166666666668,18362.916666666668,361910
2006-07-04,21700.0,21700.0,20950.0,20950.0,20730.0,19572.5,20446.666666666668,18417.5,213500
2006-07-05,20200.0,20800.0,20200.0,20550.0,20830.0,19695.0,20439.166666666668,18467.916666666668,133400
2006-07-06,20250.0,20550.0,19900.0,20200.0,20800.0,19822.5,20422.5,18505.833333333332,140700
2006-07-07,20250.0,20500.0,20000.0,20000.0,20640.0,19892.5,20399.166666666668,18533.75,169500
2006-07-10,20000.0,20850.0,20000.0,20800.0,20500.0,19982.5,20395.833333333332,18563.75,303400
2006-07-11,20800.0,20950.0,20400.0,20900.0,20490.0,20102.5,20381.666666666668,18602.916666666668,185000
2006-07-12,21150.0,21200.0,20700.0,21100.0,20600.0,20207.5,20360.0,18645.833333333332,160500
2006-07-13,20800.0,21550.0,20800.0,21350.0,20830.0,20327.5,20357.5,18695.416666666668,382900
2006-07-14,21000.0,21150.0,20400.0,20750.0,20980.0,20392.5,20335.833333333332,18751.25,167200
2006-07-18,20700.0,20700.0,19100.0,19100.0,20640.0,20385.0,20293.333333333332,18794.166666666668,183700
2006-07-19,19200.0,20200.0,19200.0,19850.0,20430.0,20422.5,20265.833333333332,18842.916666666668,177300
2006-07-20,20250.0,20600.0,20200.0,20550.0,20320.0,20455.0,20250.0,18895.833333333332,134600
2006-07-21,20550.0,20550.0,20200.0,20350.0,20120.0,20470.0,20224.166666666668,18943.75,76397
2006-07-24,20450.0,20500.0,19900.0,20500.0,20070.0,20485.0,20203.333333333332,18987.083333333332,105808
2006-07-25,20700.0,21050.0,20400.0,20750.0,20400.0,20530.0,20170.0,19035.0,196878
2006-07-26,20800.0,21150.0,20550.0,20750.0,20580.0,20557.5,20134.166666666668,19090.416666666668,128500
2006-07-27,20800.0,21300.0,20500.0,20500.0,20570.0,20580.0,20109.166666666668,19138.75,211700
2006-07-28,20500.0,21300.0,20450.0,21200.0,20740.0,20622.5,20102.5,19199.166666666668,186020
2006-07-31,21500.0,21600.0,20750.0,20800.0,20800.0,20622.5,20080.833333333332,19253.333333333332,143846
2006-08-01,20800.0,20900.0,20150.0,20550.0,20760.0,20575.0,20070.833333333332,19304.583333333332,177135
2006-08-02,20250.0,20800.0,20150.0,20550.0,20720.0,20555.0,20079.166666666668,19355.416666666668,145174
2006-08-03,20700.0,20850.0,20300.0,20500.0,20720.0,20552.5,20085.833333333332,19399.166666666668,144010
2006-08-04,20400.0,20900.0,20400.0,20800.0,20640.0,20582.5,20093.333333333332,19444.166666666668,229769
2006-08-07,20850.0,21300.0,20500.0,20600.0,20600.0,20612.5,20085.0,19493.333333333332,264520
2006-08-08,20500.0,20950.0,20500.0,20750.0,20640.0,20610.0,20067.5,19540.416666666668,193863
2006-08-09,20800.0,20800.0,20300.0,20400.0,20610.0,20585.0,20050.833333333332,19592.916666666668,199417
2006-08-10,20350.0,20950.0,20350.0,20850.0,20680.0,20572.5,20064.166666666668,19646.25,274540
2006-08-11,20950.0,21200.0,20700.0,20700.0,20660.0,20540.0,20069.166666666668,19693.75,143389
2006-08-14,20750.0,20800.0,20150.0,20250.0,20590.0,20515.0,20084.166666666668,19733.333333333332,166333
2006-08-16,20550.0,21550.0,20500.0,21550.0,20750.0,20637.5,20116.666666666668,19783.75,215750
2006-08-17,21200.0,21650.0,20950.0,21500.0,20970.0,20720.0,20148.333333333332,19829.583333333332,304825
2006-08-18,21650.0,21900.0,21250.0,21600.0,21120.0,20772.5,20191.666666666668,19868.75,273452
2006-08-21,21500.0,22000.0,21350.0,21550.0,21290.0,20832.5,20222.5,19907.5,228700
2006-08-22,21550.0,21850.0,21250.0,21500.0,21540.0,20882.5,20262.5,19947.083333333332,193800
2006-08-23,21700.0,21700.0,20750.0,20900.0,21410.0,20890.0,20285.833333333332,19981.666666666668,198453
2006-08-24,20700.0,21100.0,20600.0,20700.0,21250.0,20887.5,20294.166666666668,20015.0,198867
2006-08-25,20700.0,20900.0,20350.0,20600.0,21050.0,20892.5,20287.5,20053.333333333332,237442
2006-08-28,20600.0,20650.0,20150.0,20350.0,20810.0,20850.0,20290.0,20086.25,210210
2006-08-29,20500.0,20850.0,20400.0,20750.0,20660.0,20847.5,20291.666666666668,20125.833333333332,199642
2006-08-30,20800.0,20850.0,20300.0,20500.0,20580.0,20845.0,20298.333333333332,20161.666666666668,164042
2006-08-31,20550.0,20700.0,20300.0,20650.0,20570.0,20850.0,20325.833333333332,20192.5,350572
2006-09-01,20700.0,20700.0,20200.0,20250.0,20500.0,20837.5,20361.666666666668,20217.5,247132
2006-09-04,20450.0,20550.0,19950.0,19950.0,20420.0,20795.0,20400.0,20240.0,303802
2006-09-05,20000.0,20000.0,19100.0,19550.0,20180.0,20742.5,20415.833333333332,20255.833333333332,841327
2006-09-06,19600.0,19650.0,19150.0,19200.0,19920.0,20665.0,20419.166666666668,20268.333333333332,378526
2006-09-07,18900.0,19350.0,18850.0,19350.0,19660.0,20612.5,20433.333333333332,20279.583333333332,383575
2006-09-08,19200.0,19850.0,19200.0,19750.0,19560.0,20557.5,20445.833333333332,20293.333333333332,347632
2006-09-11,19700.0,19950.0,19300.0,19300.0,19430.0,20487.5,20451.666666666668,20305.833333333332,112277
2006-09-12,19550.0,19650.0,18950.0,19050.0,19330.0,20427.5,20445.0,20318.333333333332,222366
2006-09-13,19350.0,19400.0,18800.0,18900.0,19270.0,20295.0,20439.166666666668,20325.0,270300
2006-09-14,19050.0,19750.0,18650.0,19750.0,19350.0,20207.5,20450.0,20336.25,403180
2006-09-15,19600.0,19850.0,19250.0,19800.0,19360.0,20117.5,20448.333333333332,20345.416666666668,165140
2006-09-18,19800.0,20000.0,19550.0,19650.0,19430.0,20022.5,20441.666666666668,20354.166666666668,226037
2006-09-19,19750.0,20150.0,19750.0,20000.0,19620.0,19947.5,20438.333333333332,20369.583333333332,182114
2006-09-20,20000.0,20650.0,19850.0,20150.0,19870.0,19910.0,20443.333333333332,20382.916666666668,338182
2006-09-21,20450.0,20650.0,20050.0,20650.0,20050.0,19907.5,20450.833333333332,20394.583333333332,203363
2006-09-22,20500.0,20500.0,19700.0,19800.0,20050.0,19867.5,20446.666666666668,20399.166666666668,194299
2006-09-25,19800.0,20300.0,19700.0,20300.0,20180.0,19865.0,20445.833333333332,20405.416666666668,197460
2006-09-26,20350.0,20350.0,19650.0,19900.0,20160.0,19822.5,20430.833333333332,20412.916666666668,145749
2006-09-27,19950.0,20100.0,19450.0,19900.0,20110.0,19792.5,20404.166666666668,20419.166666666668,185128
2006-09-28,20000.0,20400.0,19900.0,20300.0,20040.0,19775.0,20393.333333333332,20420.0,168106
2006-09-29,20450.0,21050.0,20400.0,20700.0,20220.0,19797.5,20395.833333333332,20417.5,466460
2006-10-02,20850.0,21100.0,20300.0,20600.0,20280.0,19830.0,20402.5,20412.5,252908
2006-10-04,20350.0,20750.0,20100.0,20500.0,20400.0,19877.5,20410.833333333332,20405.0,176288
2006-10-09,20800.0,21350.0,19500.0,20000.0,20420.0,19917.5,20397.5,20396.666666666668,557956
2006-10-10,20100.0,20450.0,19950.0,20300.0,20420.0,19965.0,20387.5,20384.583333333332,224597
2006-10-11,20100.0,20500.0,19900.0,20500.0,20380.0,20002.5,20377.5,20368.75,236364
2006-10-12,20400.0,21600.0,20400.0,21450.0,20550.0,20110.0,20379.166666666668,20368.333333333332,551683
2006-10-13,21750.0,22100.0,21450.0,21950.0,20840.0,20255.0,20399.166666666668,20367.5,446355
2006-10-16,22050.0,22250.0,21700.0,22050.0,21250.0,20412.5,20448.333333333332,20370.833333333332,200330
2006-10-17,22000.0,22000.0,21450.0,21500.0,21490.0,20500.0,20475.833333333332,20370.833333333332,259604
2006-10-18,21600.0,22500.0,21500.0,22250.0,21840.0,20622.5,20504.166666666668,20377.083333333332,416591
2006-10-19,22300.0,23200.0,22300.0,22700.0,22090.0,20775.0,20543.333333333332,20383.75,482390
2006-10-20,22900.0,23000.0,22350.0,22800.0,22260.0,20915.0,20581.666666666668,20392.5,188907
2006-10-23,23000.0,23400.0,22400.0,22500.0,22350.0,21032.5,20610.833333333332,20390.416666666668,217182
2006-10-24,22700.0,22950.0,22050.0,22950.0,22640.0,21147.5,20647.5,20390.833333333332,379900
2006-10-25,22750.0,22850.0,22300.0,22700.0,22730.0,21292.5,20684.166666666668,20396.666666666668,184788
2006-10-26,22750.0,22900.0,22350.0,22700.0,22730.0,21412.5,20709.166666666668,20405.833333333332,215661
2006-10-27,22900.0,22950.0,22450.0,22700.0,22710.0,21552.5,20740.833333333332,20410.833333333332,176330
2006-10-30,22550.0,22700.0,21850.0,22300.0,22670.0,21672.5,20770.0,20420.416666666668,183470
2006-10-31,22300.0,22900.0,22150.0,22800.0,22640.0,21797.5,20807.5,20443.333333333332,170021
2006-11-01,23000.0,23150.0,22850.0,22850.0,22670.0,21905.0,20846.666666666668,20466.25,189308
2006-11-02,22650.0,22850.0,22050.0,22150.0,22560.0,21982.5,20869.166666666668,20481.25,426601
2006-11-03,22350.0,23050.0,22200.0,23000.0,22620.0,22107.5,20909.166666666668,20497.083333333332,347283
2006-11-06,22850.0,23550.0,22600.0,23500.0,22860.0,22282.5,20955.0,20511.25,268094
2006-11-07,23600.0,23800.0,23200.0,23600.0,23020.0,22447.5,21008.333333333332,20529.583333333332,314990
2006-11-08,23500.0,23900.0,23200.0,23500.0,23150.0,22597.5,21052.5,20558.333333333332,262800
2006-11-09,23650.0,23800.0,23350.0,23600.0,23440.0,22705.0,21100.833333333332,20585.0,171089
2006-11-10,23400.0,23500.0,23000.0,23150.0,23470.0,22765.0,21149.166666666668,20616.666666666668,162666
2006-11-13,23300.0,23350.0,22550.0,22550.0,23280.0,22790.0,21165.833333333332,20641.25,110375
2006-11-14,22850.0,23250.0,22600.0,22900.0,23140.0,22860.0,21189.166666666668,20668.75,179014
2006-11-15,23200.0,23550.0,22700.0,22900.0,23020.0,22892.5,21210.833333333332,20701.25,282221
2006-11-16,22900.0,22950.0,22300.0,22650.0,22830.0,22890.0,21229.166666666668,20725.833333333332,240466
2006-11-17,22750.0,23200.0,22650.0,23050.0,22810.0,22902.5,21255.0,20758.75,187760
2006-11-20,23200.0,23200.0,22500.0,22500.0,22800.0,22902.5,21281.666666666668,20783.75,165265
2006-11-21,22700.0,22900.0,22200.0,22900.0,22800.0,22900.0,21318.333333333332,20806.25,112780
2006-11-22,22950.0,23350.0,22850.0,23050.0,22830.0,22917.5,21359.166666666668,20823.333333333332,201995
2006-11-23,23150.0,24050.0,22900.0,23900.0,23080.0,22977.5,21418.333333333332,20854.166666666668,268645
2006-11-24,24100.0,24500.0,24000.0,24100.0,23290.0,23047.5,21474.166666666668,20882.916666666668,289477
2006-11-27,24300.0,24300.0,23800.0,24300.0,23650.0,23147.5,21537.5,20917.916666666668,120461
2006-11-28,23900.0,23900.0,23650.0,23700.0,23810.0,23192.5,21588.333333333332,20957.083333333332,138495
2006-11-29,23650.0,24250.0,23650.0,24150.0,24030.0,23257.5,21653.333333333332,21007.5,112110
2006-11-30,24300.0,24600.0,24150.0,24600.0,24170.0,23380.0,21730.833333333332,21065.416666666668,124497
2006-12-01,24350.0,24700.0,24100.0,24100.0,24170.0,23435.0,21806.666666666668,21111.25,73266
2006-12-04,23700.0,24050.0,23100.0,23100.0,23930.0,23415.0,21871.666666666668,21145.416666666668,255979
2006-12-05,23400.0,23450.0,22900.0,23000.0,23790.0,23385.0,21932.5,21182.916666666668,161500
2006-12-06,23150.0,23150.0,22250.0,22900.0,23540.0,23355.0,21985.0,21215.416666666668,190877
2006-12-07,22600.0,22950.0,22550.0,22800.0,23180.0,23315.0,22043.333333333332,21247.5,146339
2006-12-08,22800.0,22800.0,22250.0,22250.0,22810.0,23270.0,22096.666666666668,21270.833333333332,113211
2006-12-11,22300.0,22500.0,22200.0,22200.0,22630.0,23252.5,22151.666666666668,21295.416666666668,91850
2006-12-12,22200.0,22400.0,21900.0,21950.0,22420.0,23205.0,22188.333333333332,21319.166666666668,88827
2006-12-13,21950.0,22300.0,21850.0,22100.0,22260.0,23165.0,22226.666666666668,21337.5,150890
2006-12-14,22150.0,22700.0,21900.0,22650.0,22230.0,23165.0,22276.666666666668,21359.166666666668,291772
2006-12-15,22700.0,23050.0,22550.0,22700.0,22320.0,23147.5,22321.666666666668,21380.0,109017
2006-12-18,22700.0,23100.0,22550.0,22950.0,22470.0,23170.0,22368.333333333332,21405.833333333332,140190
2006-12-19,23000.0,23100.0,22750.0,22850.0,22650.0,23167.5,22405.0,21427.916666666668,84071
2006-12-20,22950.0,23050.0,22650.0,22950.0,22820.0,23162.5,22457.5,21452.083333333332,118109
2006-12-21,22750.0,23000.0,22500.0,22800.0,22850.0,23107.5,22499.166666666668,21472.5,76690
2006-12-22,22750.0,23450.0,22600.0,23250.0,22960.0,23065.0,22555.0,21492.916666666668,96479
2006-12-26,23200.0,23250.0,22700.0,23000.0,22970.0,23000.0,22606.666666666668,21505.416666666668,110306
2006-12-27,23150.0,23150.0,22650.0,23000.0,23000.0,22965.0,22651.666666666668,21522.5,116854
2006-12-28,23200.0,23450.0,22750.0,23450.0,23100.0,22930.0,22697.5,21546.666666666668,215250
2007-01-02,23400.0,23400.0,22700.0,22900.0,23120.0,22845.0,22735.833333333332,21569.166666666668,80902
2007-01-03,23050.0,23050.0,21900.0,21900.0,22850.0,22735.0,22759.166666666668,21585.0,146183
2007-01-04,21800.0,22000.0,20950.0,21200.0,22490.0,22640.0,22779.166666666668,21588.333333333332,185034
2007-01-05,21100.0,21300.0,20200.0,20700.0,22030.0,22525.0,22785.833333333332,21586.666666666668,138955
2007-01-08,20700.0,20800.0,20350.0,20400.0,21420.0,22400.0,22784.166666666668,21580.833333333332,186240
2007-01-09,20450.0,20900.0,20300.0,20800.0,21000.0,22300.0,22773.333333333332,21576.25,160110
2007-01-10,20650.0,20850.0,20250.0,20450.0,20710.0,22210.0,22748.333333333332,21573.75,104941
2007-01-11,20550.0,20750.0,20300.0,20700.0,20610.0,22135.0,22725.833333333332,21587.083333333332,119199
2007-01-12,20900.0,20900.0,20100.0,20400.0,20550.0,22057.5,22707.5,21591.666666666668,352930
2007-01-15,20500.0,20650.0,19850.0,19850.0,20440.0,21945.0,22667.5,21585.833333333332,215824
2007-01-16,19900.0,20000.0,19500.0,19900.0,20260.0,21807.5,22620.833333333332,21582.083333333332,254408
2007-01-17,19900.0,20100.0,19600.0,20000.0,20170.0,21672.5,22574.166666666668,21577.916666666668,148230
2007-01-18,19850.0,20250.0,19700.0,20100.0,20050.0,21530.0,22534.166666666668,21572.5,144230
2007-01-19,20000.0,20050.0,19000.0,19000.0,19770.0,21337.5,22468.333333333332,21557.916666666668,148550
2007-01-22,19100.0,19150.0,18700.0,18750.0,19550.0,21127.5,22402.5,21543.333333333332,264427
2007-01-23,18750.0,19000.0,18100.0,18200.0,19210.0,20897.5,22327.5,21518.333333333332,294532
2007-01-24,18350.0,18900.0,18250.0,18900.0,18990.0,20680.0,22264.166666666668,21502.5,480888
2007-01-25,19200.0,19300.0,18800.0,19000.0,18770.0,20480.0,22209.166666666668,21489.583333333332,298096
2007-01-26,18500.0,18900.0,18300.0,18750.0,18720.0,20267.5,22141.666666666668,21474.583333333332,237952
2007-01-29,18950.0,19000.0,18650.0,18850.0,18740.0,20037.5,22075.0,21460.833333333332,202890
2007-01-30,18850.0,19150.0,18850.0,19050.0,18910.0,19845.0,22023.333333333332,21446.25,320337
2007-01-31,19150.0,19150.0,18000.0,18150.0,18760.0,19657.5,21942.5,21425.833333333332,447534
2007-02-01,18200.0,18350.0,17900.0,18350.0,18630.0,19515.0,21856.666666666668,21405.833333333332,331459
2007-02-02,18550.0,19200.0,18500.0,19000.0,18680.0,19430.0,21780.0,21394.166666666668,737393
2007-02-05,18900.0,19150.0,18600.0,18900.0,18690.0,19355.0,21703.333333333332,21377.916666666668,934304
2007-02-06,19100.0,20200.0,18850.0,20200.0,18920.0,19325.0,21646.666666666668,21373.75,1696119
2007-02-07,20300.0,20300.0,19850.0,20300.0,19350.0,19317.5,21599.166666666668,21374.166666666668,345569
2007-02-08,20250.0,20300.0,19600.0,20000.0,19680.0,19282.5,21556.666666666668,21361.25,442369
2007-02-09,19900.0,20200.0,19500.0,19500.0,19780.0,19237.5,21500.0,21344.583333333332,242485
2007-02-12,19350.0,20100.0,19250.0,20050.0,20010.0,19247.5,21452.5,21331.666666666668,351026
2007-02-13,20100.0,20850.0,19950.0,20800.0,20130.0,19292.5,21421.666666666668,21325.416666666668,574900
2007-02-14,21000.0,21000.0,20650.0,20850.0,20240.0,19335.0,21385.0,21320.0,255841
2007-02-15,20850.0,21000.0,20500.0,20500.0,20340.0,19355.0,21351.666666666668,21316.666666666668,186078
2007-02-16,20650.0,20650.0,20050.0,20250.0,20490.0,19417.5,21307.5,21312.916666666668,203381
2007-02-20,20400.0,21150.0,20350.0,21100.0,20700.0,19535.0,21275.0,21317.083333333332,291370
2007-02-21,21200.0,21200.0,20400.0,20650.0,20670.0,19657.5,21220.833333333332,21319.583333333332,234512
2007-02-22,20800.0,21450.0,20750.0,21250.0,20750.0,19775.0,21173.333333333332,21323.75,288517
2007-02-23,21250.0,21550.0,21000.0,21100.0,20870.0,19880.0,21120.0,21328.75,196191
2007-02-26,21100.0,21250.0,20700.0,20850.0,20990.0,19985.0,21072.5,21330.416666666668,148046
2007-02-27,21000.0,21200.0,20550.0,20550.0,20880.0,20070.0,21012.5,21332.916666666668,197960
2007-02-28,19300.0,20000.0,19300.0,19800.0,20710.0,20107.5,20932.5,21331.666666666668,295800
2007-03-01,19800.0,19800.0,19800.0,19800.0,20420.0,20190.0,20860.833333333332,21333.75,0
2007-03-05,20400.0,20500.0,19900.0,19900.0,20180.0,20267.5,20807.5,21339.583333333332,138160
2007-03-06,19800.0,20300.0,19700.0,20250.0,20060.0,20330.0,20761.666666666668,21347.083333333332,185820
2007-03-07,20400.0,20450.0,20000.0,20200.0,19990.0,20395.0,20716.666666666668,21350.833333333332,152610
2007-03-08,20050.0,20650.0,20000.0,20500.0,20130.0,20410.0,20678.333333333332,21360.833333333332,159498
2007-03-09,20650.0,20650.0,20000.0,20000.0,20170.0,20395.0,20640.833333333332,21368.75,153218
2007-03-12,20200.0,20350.0,19900.0,19900.0,20170.0,20390.0,20602.5,21377.083333333332,243893
2007-03-13,19900.0,19950.0,19300.0,19600.0,20040.0,20395.0,20563.333333333332,21375.833333333332,425022
2007-03-14,19200.0,19500.0,19100.0,19150.0,19830.0,20350.0,20514.166666666668,21370.416666666668,240827
2007-03-15,19300.0,19400.0,18900.0,18950.0,19520.0,20257.5,20452.5,21364.583333333332,453472
2007-03-16,19000.0,19400.0,18950.0,19050.0,19330.0,20167.5,20391.666666666668,21356.666666666668,288092
2007-03-19,19050.0,19900.0,19050.0,19900.0,19330.0,20137.5,20340.833333333332,21354.583333333332,260174
2007-03-20,19800.0,19850.0,19400.0,19450.0,19300.0,20097.5,20284.166666666668,21344.583333333332,217070
2007-03-21,19500.0,19650.0,19250.0,19300.0,19330.0,20007.5,20223.333333333332,21340.416666666668,142180
2007-03-22,19550.0,19750.0,19450.0,19650.0,19470.0,19957.5,20170.833333333332,21335.0,343601
2007-03-23,19800.0,19850.0,19200.0,19200.0,19500.0,19855.0,20103.333333333332,21329.166666666668,412069
2007-03-26,19150.0,19500.0,19000.0,19050.0,19330.0,19752.5,20037.5,21322.083333333332,437782
2007-03-27,19200.0,19550.0,19100.0,19400.0,19320.0,19680.0,19977.5,21314.583333333332,627731
2007-03-28,19400.0,20100.0,19200.0,19800.0,19420.0,19642.5,19916.666666666668,21307.083333333332,808870
2007-03-29,19950.0,20750.0,19850.0,20650.0,19620.0,19685.0,19879.166666666668,21307.5,771730
2007-03-30,20700.0,20800.0,20450.0,20600.0,19900.0,19725.0,19857.5,21308.333333333332,550761
2007-04-02,20800.0,20900.0,20300.0,20350.0,20160.0,19747.5,19843.333333333332,21311.25,471200
2007-04-03,20300.0,20800.0,19550.0,19800.0,20240.0,19725.0,19828.333333333332,21307.083333333332,1616160
2007-04-04,20000.0,20100.0,19300.0,19500.0,20180.0,19690.0,19813.333333333332,21298.75,1474823
2007-04-05,19600.0,20600.0,19450.0,20600.0,20170.0,19695.0,19810.0,21291.666666666668,1429038
2007-04-06,20600.0,21850.0,20550.0,21600.0,20370.0,19775.0,19829.166666666668,21288.75,1394733
2007-04-09,21450.0,22550.0,21400.0,22400.0,20780.0,19900.0,19857.5,21291.666666666668,1365813
2007-04-10,22550.0,22550.0,21950.0,22450.0,21310.0,20042.5,19891.666666666668,21299.583333333332,731527
2007-04-11,22450.0,22550.0,21850.0,22550.0,21920.0,20212.5,19936.666666666668,21302.083333333332,649291
2007-04-12,22950.0,23600.0,22450.0,23450.0,22490.0,20437.5,19995.833333333332,21308.333333333332,1370137
2007-04-13,23450.0,23450.0,22900.0,23150.0,22800.0,20642.5,20048.333333333332,21311.25,482122
2007-04-16,23050.0,23450.0,22500.0,23450.0,23010.0,20820.0,20104.166666666668,21319.166666666668,606051
2007-04-17,23550.0,23550.0,22200.0,22300.0,22980.0,20962.5,20159.166666666668,21313.75,550200
2007-04-18,22400.0,22850.0,22000.0,22500.0,22970.0,21122.5,20221.666666666668,21312.083333333332,520029
2007-04-19,22000.0,22350.0,21750.0,22150.0,22710.0,21247.5,20287.5,21307.5,581438
2007-04-20,22000.0,23050.0,21950.0,23000.0,22680.0,21437.5,20355.833333333332,21310.0,798884
2007-04-23,23150.0,23600.0,22700.0,22950.0,22580.0,21632.5,20421.666666666668,21315.416666666668,482727
2007-04-24,23000.0,24000.0,22750.0,23850.0,22890.0,21855.0,20506.666666666668,21324.166666666668,707507
2007-04-25,23550.0,24150.0,23100.0,23800.0,23150.0,22055.0,20589.166666666668,21332.083333333332,501577
2007-04-26,24250.0,24400.0,23250.0,23700.0,23460.0,22207.5,20666.666666666668,21345.0,390945
2007-04-27,23500.0,23500.0,22450.0,22900.0,23440.0,22322.5,20745.833333333332,21344.166666666668,487735
2007-04-30,22450.0,22700.0,21850.0,22200.0,23290.0,22415.0,20810.0,21333.333333333332,339485
2007-05-02,22400.0,22500.0,21700.0,22300.0,22980.0,22540.0,20865.0,21322.5,308369
2007-05-03,22400.0,22450.0,21900.0,22050.0,22630.0,22667.5,20917.5,21310.416666666668,247256
2007-05-04,22050.0,22600.0,21850.0,22250.0,22340.0,22750.0,20951.666666666668,21299.166666666668,273834
2007-05-07,22300.0,22300.0,21750.0,21900.0,22140.0,22765.0,20978.333333333332,21288.75,426203
2007-05-08,22100.0,22100.0,21150.0,21750.0,22050.0,22732.5,21007.5,21282.083333333332,626701
2007-05-09,21650.0,22500.0,21500.0,22450.0,22080.0,22732.5,21056.666666666668,21278.333333333332,623860
2007-05-10,22450.0,22750.0,22100.0,22750.0,22220.0,22742.5,21101.666666666668,21277.083333333332,509944
2007-05-11,22450.0,23500.0,22450.0,23450.0,22460.0,22742.5,21145.833333333332,21283.75,671100
2007-05-14,23550.0,23850.0,22450.0,22450.0,22570.0,22707.5,21172.5,21278.75,520921
2007-05-15,22300.0,22350.0,21450.0,21450.0,22510.0,22607.5,21188.333333333332,21270.0,450458
2007-05-16,21450.0,21850.0,21200.0,21750.0,22370.0,22580.0,21213.333333333332,21260.416666666668,213350
2007-05-17,21900.0,22150.0,21700.0,21800.0,22180.0,22545.0,21225.0,21250.0,276705
2007-05-18,21850.0,22450.0,21550.0,21800.0,21850.0,22527.5,21244.166666666668,21232.5,360016
2007-05-21,21950.0,22900.0,21950.0,22850.0,21930.0,22520.0,21270.833333333332,21222.083333333332,585153
2007-05-22,22900.0,23000.0,22500.0,22700.0,22180.0,22507.5,21297.5,21208.75,355699
2007-05-23,22750.0,23300.0,22400.0,22400.0,22310.0,22435.0,21323.333333333332,21197.916666666668,410918
2007-05-25,21900.0,22350.0,21850.0,21950.0,22340.0,22342.5,21346.666666666668,21179.583333333332,266100
2007-05-28,22050.0,22700.0,21900.0,22550.0,22490.0,22285.0,21392.5,21162.5,340122
2007-05-29,22700.0,23150.0,22350.0,22900.0,22500.0,22285.0,21444.166666666668,21152.5,468761
2007-05-30,22800.0,24500.0,22600.0,24500.0,22860.0,22400.0,21520.833333333332,21164.166666666668,1196686
2007-05-31,25100.0,25650.0,24650.0,24800.0,23340.0,22525.0,21596.666666666668,21179.166666666668,1185700
2007-06-01,25000.0,26050.0,24500.0,24700.0,23890.0,22657.5,21671.666666666668,21194.166666666668,819987
2007-06-04,24900.0,25600.0,24000.0,24500.0,24280.0,22770.0,21738.333333333332,21208.333333333332,709124
2007-06-05,24700.0,25750.0,24550.0,25600.0,24820.0,22955.0,21831.666666666668,21236.25,851909
2007-06-07,26200.0,28450.0,25800.0,28150.0,25550.0,23275.0,21969.166666666668,21285.833333333332,1702078
2007-06-08,27600.0,28150.0,27000.0,27650.0,26120.0,23535.0,22103.333333333332,21333.333333333332,799868
2007-06-11,28000.0,28350.0,27100.0,27150.0,26610.0,23755.0,22236.666666666668,21375.416666666668,711894
2007-06-12,27050.0,27850.0,26350.0,27600.0,27230.0,23962.5,22380.833333333332,21416.666666666668,624602
2007-06-13,27400.0,27800.0,26800.0,27000.0,27510.0,24190.0,22513.333333333332,21452.5,368731
2007-06-14,27300.0,28600.0,27200.0,28450.0,27570.0,24540.0,22655.833333333332,21498.333333333332,718269
2007-06-15,28500.0,29500.0,28000.0,28400.0,27720.0,24872.5,22805.0,21544.583333333332,673391
2007-06-18,28400.0,28650.0,27700.0,28550.0,28000.0,25210.0,22959.166666666668,21591.25,834287
2007-06-19,28550.0,28850.0,27800.0,28100.0,28100.0,25525.0,23100.0,21635.416666666668,709921
2007-06-20,28050.0,28050.0,26300.0,26300.0,27960.0,25697.5,23218.333333333332,21660.833333333332,695687
2007-06-21,26150.0,27000.0,25950.0,26750.0,27620.0,25900.0,23346.666666666668,21692.083333333332,506300
2007-06-22,26750.0,26750.0,25200.0,26150.0,27170.0,26087.5,23459.166666666668,21718.333333333332,631061
2007-06-25,25650.0,26700.0,25500.0,25750.0,26610.0,26277.5,23558.333333333332,21737.5,401337
2007-06-26,25750.0,26100.0,24600.0,25200.0,26030.0,26410.0,23634.166666666668,21756.666666666668,384884
2007-06-27,25150.0,25600.0,24600.0,25000.0,25770.0,26515.0,23707.5,21782.5,309697
2007-06-28,25150.0,26000.0,25000.0,26000.0,25620.0,26590.0,23801.666666666668,21822.5,339499
2007-06-29,26350.0,26700.0,25700.0,26300.0,25650.0,26665.0,23910.0,21869.166666666668,601600
2007-07-02,26300.0,26850.0,26100.0,26800.0,25860.0,26770.0,24031.666666666668,21922.5,360464
2007-07-03,27150.0,27450.0,26900.0,27300.0,26280.0,26910.0,24143.333333333332,21976.666666666668,566526
2007-07-04,27350.0,28250.0,27300.0,27800.0,26840.0,27020.0,24246.666666666668,22037.916666666668,795943
2007-07-05,27750.0,27900.0,26650.0,26650.0,26970.0,26945.0,24317.5,22087.5,712379
2007-07-06,26650.0,27000.0,25550.0,26250.0,26960.0,26875.0,24380.833333333332,22136.25,1101737
2007-07-09,26400.0,27200.0,25900.0,25900.0,26780.0,26812.5,24436.666666666668,22186.666666666668,1311617
2007-07-10,26400.0,27350.0,25900.0,26950.0,26710.0,26780.0,24495.0,22245.416666666668,1458657
2007-07-11,26600.0,30050.0,26600.0,29600.0,27070.0,26910.0,24602.5,22325.416666666668,2229794
2007-07-12,29800.0,30700.0,29200.0,30350.0,27810.0,27005.0,24717.5,22410.833333333332,1651568
2007-07-13,31050.0,31400.0,30250.0,31050.0,28770.0,27137.5,24863.333333333332,22511.25,1152487
2007-07-16,31150.0,32500.0,30600.0,31600.0,29910.0,27290.0,25015.0,22618.333333333332,1021919
2007-07-18,31850.0,31850.0,30650.0,30650.0,30650.0,27417.5,25156.666666666668,22722.083333333332,644957
2007-07-19,30550.0,31000.0,30100.0,30650.0,30860.0,27635.0,25284.166666666668,22820.0,445896
2007-07-20,31200.0,32400.0,30850.0,32400.0,31270.0,27917.5,25441.666666666668,22931.666666666668,767607
2007-07-23,32300.0,34100.0,32100.0,34000.0,31860.0,28310.0,25610.833333333332,23058.75,897675
2007-07-24,34800.0,34800.0,32600.0,33000.0,32140.0,28672.5,25764.166666666668,23176.666666666668,884316
2007-07-25,32100.0,32600.0,31350.0,32300.0,32470.0,29027.5,25907.5,23287.083333333332,940031
2007-07-26,32700.0,33250.0,31000.0,31000.0,32540.0,29327.5,26042.5,23394.166666666668,891736
2007-07-27,30200.0,31700.0,29500.0,30300.0,32120.0,29542.5,26177.5,23493.75,624945
2007-07-30,30600.0,32900.0,30100.0,32900.0,31900.0,29872.5,26354.166666666668,23609.583333333332,874405
2007-07-31,33200.0,34150.0,32600.0,33600.0,32020.0,30212.5,26546.666666666668,23732.083333333332,933437
2007-08-01,33050.0,34850.0,32300.0,32450.0,32050.0,30470.0,26716.666666666668,23834.166666666668,1060930
2007-08-02,33200.0,33800.0,31100.0,33450.0,32540.0,30752.5,26909.166666666668,23943.75,878966
2007-08-03,34000.0,35200.0,33700.0,33800.0,33240.0,31110.0,27110.0,24058.75,977960
2007-08-06,32800.0,34750.0,32750.0,34200.0,33500.0,31507.5,27305.833333333332,24181.25,505844
2007-08-07,34950.0,34950.0,33050.0,33600.0,33500.0,31892.5,27486.666666666668,24294.166666666668,586773
2007-08-08,33900.0,34000.0,32900.0,33500.0,33710.0,32220.0,27654.166666666668,24400.0,533383
2007-08-09,33900.0,33950.0,32800.0,32900.0,33600.0,32385.0,27828.333333333332,24500.416666666668,609927
2007-08-10,32100.0,32800.0,30000.0,30800.0,33000.0,32407.5,27984.166666666668,24586.25,765419
2007-08-13,31000.0,31800.0,30150.0,31100.0,32380.0,32410.0,28140.0,24676.666666666668,520736
2007-08-14,31150.0,32200.0,29000.0,29300.0,31520.0,32295.0,28265.0,24745.0,846457
2007-08-16,27850.0,27850.0,25550.0,27100.0,30240.0,32117.5,28353.333333333332,24798.75,897751
2007-08-17,27200.0,27650.0,25650.0,25950.0,28850.0,31882.5,28405.0,24837.916666666668,535821
2007-08-20,27000.0,28300.0,26850.0,28300.0,28350.0,31677.5,28498.333333333332,24897.916666666668,426191
2007-08-21,28000.0,28900.0,27800.0,27850.0,27700.0,31370.0,28589.166666666668,24956.25,290937
2007-08-22,28000.0,28850.0,27700.0,28800.0,27600.0,31160.0,28703.333333333332,25025.0,257558
2007-08-23,29250.0,29600.0,28800.0,29100.0,28000.0,31000.0,28812.5,25102.5,497422
2007-08-24,28800.0,29750.0,28800.0,29400.0,28690.0,30920.0,28920.833333333332,25182.5,299173
2007-08-27,30050.0,30200.0,29200.0,29400.0,28910.0,30875.0,29002.5,25261.666666666668,259498
2007-08-28,29250.0,30400.0,28800.0,29800.0,29300.0,30720.0,29085.833333333332,25341.25,501368
2007-08-29,28800.0,30200.0,28450.0,30200.0,29580.0,30550.0,29177.5,25424.583333333332,365966
2007-08-30,30800.0,31000.0,30200.0,30700.0,29900.0,30462.5,29280.833333333332,25509.583333333332,394480
2007-08-31,30850.0,31250.0,30600.0,31000.0,30220.0,30340.0,29370.833333333332,25601.25,373442
2007-09-03,31050.0,31550.0,30550.0,30550.0,30450.0,30177.5,29410.833333333332,25690.0,340055
2007-09-04,30550.0,31150.0,30250.0,30250.0,30540.0,29980.0,29454.166666666668,25778.75,226176
2007-09-05,30550.0,31100.0,29900.0,29900.0,30480.0,29795.0,29500.0,25868.333333333332,255524
2007-09-06,29500.0,30800.0,29500.0,30800.0,30500.0,29660.0,29553.333333333332,25967.083333333332,174220
2007-09-07,31000.0,33250.0,30850.0,33100.0,30920.0,29670.0,29655.0,26084.166666666668,1407520
2007-09-10,32500.0,32800.0,31300.0,32600.0,31330.0,29760.0,29724.166666666668,26190.0,648800
2007-09-11,32700.0,33050.0,31950.0,32650.0,31810.0,29837.5,29795.0,26300.0,341252
2007-09-12,32900.0,32900.0,31500.0,31650.0,32160.0,29955.0,29846.666666666668,26402.916666666668,359950
2007-09-13,31400.0,32200.0,31050.0,32100.0,32420.0,30205.0,29913.333333333332,26506.666666666668,339156
2007-09-14,32250.0,32900.0,31800.0,32600.0,32320.0,30537.5,30018.333333333332,26618.333333333332,293485
2007-09-17,32800.0,33600.0,32650.0,33050.0,32410.0,30775.0,30123.333333333332,26735.0,385700
2007-09-18,33000.0,33000.0,31050.0,31050.0,32090.0,30935.0,30205.0,26832.083333333332,292834
2007-09-19,32100.0,32400.0,31250.0,31450.0,32050.0,31067.5,30300.0,26929.166666666668,583454
2007-09-20,31600.0,32500.0,31300.0,32000.0,32030.0,31212.5,30413.333333333332,27023.75,430753
2007-09-21,31900.0,33500.0,31700.0,33500.0,32210.0,31417.5,30555.0,27131.25,745187
2007-09-27,33700.0,33950.0,32900.0,32900.0,32180.0,31592.5,30670.0,27235.833333333332,396668
2007-09-28,33100.0,33550.0,32300.0,32500.0,32470.0,31727.5,30773.333333333332,27341.666666666668,399127
2007-10-01,32550.0,32950.0,31850.0,31850.0,32550.0,31810.0,30857.5,27444.583333333332,416333
2007-10-02,32350.0,32400.0,31100.0,31200.0,32390.0,31835.0,30922.5,27532.916666666668,1015869
2007-10-04,31600.0,33000.0,31550.0,33000.0,32290.0,31935.0,31009.166666666668,27627.916666666668,974048
2007-10-05,33000.0,33350.0,32050.0,32300.0,32170.0,32022.5,31103.333333333332,27710.416666666668,533891
2007-10-08,32900.0,34800.0,32450.0,34800.0,32630.0,32250.0,31245.833333333332,27813.333333333332,1406305
2007-10-09,35100.0,35350.0,33950.0,34200.0,33100.0,32465.0,31384.166666666668,27910.416666666668,965633
2007-10-10,34600.0,35800.0,34400.0,35400.0,33940.0,32695.0,31525.0,28010.0,964413
2007-10-11,35350.0,38000.0,35100.0,38000.0,34940.0,32940.0,31665.0,28133.75,1408070
2007-10-12,37500.0,38900.0,37050.0,37050.0,35890.0,33162.5,31776.666666666668,28247.083333333332,1124335
2007-10-15,37550.0,40000.0,36600.0,40000.0,36930.0,33530.0,31925.833333333332,28394.583333333332,1528537
2007-10-16,39300.0,40750.0,34000.0,38200.0,37730.0,33857.5,32035.833333333332,28525.416666666668,1485242
2007-10-17,37900.0,39800.0,36400.0,39800.0,38610.0,34242.5,32188.333333333332,28672.5,1194016
2007-10-18,40350.0,41650.0,39200.0,40350.0,39080.0,34630.0,32350.0,28817.083333333332,894163
2007-10-19,40300.0,40950.0,37500.0,37500.0,39170.0,34852.5,32435.0,28938.333333333332,801897
2007-10-22,34500.0,36450.0,34500.0,35700.0,38310.0,35085.0,32463.333333333332,29037.083333333332,521900
2007-10-23,36600.0,37250.0,35550.0,36750.0,38020.0,35350.0,32525.833333333332,29145.0,492257
2007-10-24,37100.0,37600.0,34100.0,34600.0,36980.0,35480.0,32564.166666666668,29235.833333333332,853013
2007-10-25,35300.0,35750.0,33600.0,34500.0,35810.0,35530.0,32622.5,29332.5,606369
2007-10-26,34650.0,36450.0,33950.0,36250.0,35560.0,35697.5,32721.666666666668,29449.583333333332,839100
2007-10-29,36550.0,37450.0,36100.0,36100.0,35640.0,35877.5,32775.0,29564.583333333332,627000
2007-10-30,37050.0,37800.0,36550.0,37650.0,35820.0,36167.5,32842.5,29694.583333333332,733898
2007-10-31,36900.0,39250.0,36800.0,39000.0,36700.0,36557.5,32951.666666666664,29834.166666666668,861534
2007-11-01,39500.0,39700.0,37900.0,39000.0,37600.0,36857.5,33044.166666666664,29976.666666666668,744022
2007-11-02,38000.0,40350.0,37950.0,39200.0,38190.0,37202.5,33134.166666666664,30122.083333333332,856617
2007-11-05,39500.0,41000.0,39100.0,40600.0,39090.0,37492.5,33240.833333333336,30273.333333333332,718100
2007-11-06,40900.0,41500.0,40000.0,40800.0,39720.0,37822.5,33360.833333333336,30423.75,557516
2007-11-07,41000.0,41100.0,38150.0,38850.0,39690.0,37995.0,33450.0,30552.083333333332,889700
2007-11-08,38000.0,39550.0,38000.0,38100.0,39510.0,38000.0,33536.666666666664,30682.5,446300
2007-11-09,38750.0,38850.0,35400.0,36800.0,39030.0,37987.5,33636.666666666664,30810.416666666668,684320
2007-11-12,35900.0,36500.0,34000.0,34850.0,37880.0,37730.0,33699.166666666664,30919.583333333332,421919
2007-11-13,35000.0,36400.0,34450.0,36400.0,37000.0,37640.0,33817.5,31041.25,260868
2007-11-14,37300.0,37350.0,35050.0,35850.0,36400.0,37442.5,33963.333333333336,31158.333333333332,383981
2007-11-15,35200.0,35750.0,30750.0,30750.0,34930.0,36962.5,34043.333333333336,31224.166666666668,1018186
2007-11-16,30400.0,30600.0,28800.0,30300.0,33630.0,36602.5,34076.666666666664,31287.5,849504
2007-11-19,30650.0,31400.0,30400.0,31000.0,32860.0,36367.5,34129.166666666664,31359.166666666668,331500
2007-11-20,29900.0,30400.0,28200.0,29950.0,31570.0,36027.5,34148.333333333336,31425.833333333332,750872
2007-11-21,29850.0,30250.0,28400.0,29000.0,30200.0,35747.5,34146.666666666664,31479.583333333332,395504
2007-11-22,28250.0,29100.0,25250.0,26700.0,29390.0,35357.5,34101.666666666664,31511.25,994324
2007-11-23,26550.0,26950.0,22700.0,23700.0,28070.0,34730.0,34006.666666666664,31504.583333333332,3631689
2007-11-26,25000.0,27250.0,24400.0,27250.0,27320.0,34287.5,33964.166666666664,31525.0,1823100
2007-11-27,26500.0,28650.0,26100.0,28400.0,27010.0,33825.0,33934.166666666664,31555.833333333332,2002352
2007-11-28,28600.0,28600.0,26650.0,26900.0,26590.0,33220.0,33870.833333333336,31575.833333333332,804036
2007-11-29,27850.0,27950.0,27000.0,27250.0,26700.0,32632.5,33808.333333333336,31589.583333333332,464700
2007-11-30,28000.0,30750.0,27900.0,30000.0,27960.0,32172.5,33799.166666666664,31605.0,1400456
2007-12-03,30500.0,31350.0,29650.0,30550.0,28620.0,31670.0,33804.166666666664,31629.166666666668,919995
2007-12-04,30550.0,31200.0,30200.0,30700.0,29080.0,31165.0,33817.5,31658.75,474215
2007-12-05,30600.0,31200.0,30300.0,30800.0,29860.0,30762.5,33817.5,31685.416666666668,351789
2007-12-06,31200.0,31500.0,28800.0,28800.0,30170.0,30297.5,33745.833333333336,31700.416666666668,900050
2007-12-07,29300.0,29350.0,27150.0,27200.0,29610.0,29817.5,33655.833333333336,31690.0,646630
2007-12-10,27300.0,27800.0,27000.0,27300.0,28960.0,29440.0,33566.666666666664,31680.833333333332,345534
2007-12-11,28000.0,28500.0,27700.0,28350.0,28490.0,29037.5,33511.666666666664,31679.166666666668,326626
2007-12-12,27750.0,28500.0,27550.0,28250.0,27980.0,28657.5,33447.5,31680.416666666668,439800
2007-12-13,28300.0,29200.0,27900.0,28000.0,27820.0,28520.0,33370.833333333336,31694.583333333332,376034
2007-12-14,28250.0,28550.0,26900.0,27750.0,27930.0,28392.5,33282.5,31702.916666666668,280585
2007-12-17,27600.0,27850.0,26000.0,26000.0,27670.0,28142.5,33198.333333333336,31701.666666666668,342460
2007-12-18,25600.0,26850.0,25450.0,26600.0,27320.0,27975.0,33117.5,31708.75,522900
2007-12-20,26600.0,26900.0,25350.0,25400.0,26750.0,27795.0,33007.5,31710.416666666668,468961
2007-12-21,25500.0,25900.0,24100.0,25900.0,26330.0,27755.0,32880.833333333336,31717.916666666668,505549
2007-12-24,26450.0,27500.0,26150.0,27300.0,26240.0,27935.0,32787.5,31728.75,426799
2007-12-26,27600.0,27600.0,26850.0,27050.0,26450.0,27925.0,32696.666666666668,31735.0,258800
2007-12-27,27050.0,28200.0,27050.0,27900.0,26710.0,27900.0,32630.833333333332,31744.166666666668,261461
2007-12-28,27850.0,28150.0,27450.0,28000.0,27230.0,27955.0,32577.5,31750.0,166551
2008-01-02,27950.0,27950.0,26450.0,27000.0,27450.0,27942.5,32477.5,31743.333333333332,302653
2008-01-03,26450.0,26600.0,26000.0,26300.0,27250.0,27757.5,32377.5,31740.416666666668,323066
2008-01-04,26200.0,26200.0,25300.0,25700.0,26980.0,27515.0,32225.833333333332,31735.833333333332,469229
2008-01-07,24850.0,25400.0,24700.0,24700.0,26340.0,27215.0,32067.5,31725.833333333332,326977
2008-01-08,24800.0,25900.0,24800.0,25500.0,25840.0,26950.0,31902.5,31713.75,256472
2008-01-09,24950.0,26600.0,24850.0,26600.0,25760.0,26840.0,31712.5,31688.75,289134
2008-01-10,26600.0,26600.0,25450.0,25600.0,25620.0,26760.0,31521.666666666668,31649.166666666668,386875
2008-01-11,25900.0,26100.0,23850.0,23950.0,25270.0,26592.5,31254.166666666668,31590.0,389772
2008-01-14,24200.0,24400.0,23150.0,23650.0,25060.0,26357.5,31011.666666666668,31523.75,450646
2008-01-15,23900.0,24250.0,22550.0,23250.0,24610.0,26107.5,30735.833333333332,31462.083333333332,334903
2008-01-16,22750.0,23600.0,22600.0,22800.0,23850.0,25847.5,30443.333333333332,31396.666666666668,180225
2008-01-17,23750.0,24200.0,23000.0,23900.0,23510.0,25655.0,30216.666666666668,31325.833333333332,407533
2008-01-18,23400.0,25000.0,23300.0,25000.0,23720.0,25605.0,30038.333333333332,31250.833333333332,246210
2008-01-21,24950.0,24950.0,23500.0,23700.0,23730.0,25460.0,29820.833333333332,31173.333333333332,214915
2008-01-22,22700.0,23400.0,21100.0,22200.0,23520.0,25300.0,29614.166666666668,31089.166666666668,441531
2008-01-23,23100.0,23300.0,21200.0,21250.0,23210.0,25067.5,29393.333333333332,31007.916666666668,561423
2008-01-24,21900.0,22450.0,21750.0,22000.0,22830.0,24802.5,29155.833333333332,30938.75,481620
2008-01-25,22450.0,23200.0,22300.0,23200.0,22470.0,24610.0,28940.833333333332,30857.916666666668,435189
2008-01-28,22900.0,22950.0,21000.0,21000.0,21930.0,24265.0,28663.333333333332,30752.916666666668,432593
2008-01-29,21700.0,22000.0,20450.0,20450.0,21580.0,23887.5,28354.166666666668,30652.916666666668,588768
2008-01-30,20800.0,20850.0,18300.0,18500.0,21030.0,23462.5,28012.5,30528.333333333332,900483
2008-01-31,18050.0,19350.0,17800.0,19300.0,20490.0,23112.5,27680.833333333332,30407.5,936845
2008-02-01,19500.0,19750.0,18650.0,18950.0,19640.0,22775.0,27320.0,30280.416666666668,536499
2008-02-04,19300.0,21000.0,19300.0,20750.0,19590.0,22577.5,26985.833333333332,30173.333333333332,733779
2008-02-05,20400.0,21150.0,20200.0,21000.0,19700.0,22352.5,26688.333333333332,30069.166666666668,395839
2008-02-11,20150.0,20300.0,19700.0,20050.0,20010.0,22025.0,26387.5,29962.083333333332,312245
2008-02-12,20500.0,21200.0,20350.0,20800.0,20310.0,21785.0,26120.833333333332,29878.75,390238
2008-02-13,21250.0,21600.0,20950.0,21100.0,20740.0,21642.5,25891.666666666668,29795.416666666668,521797
2008-02-14,21500.0,22500.0,21500.0,22500.0,21090.0,21585.0,25660.0,29738.75,457576
2008-02-15,22000.0,22850.0,21800.0,22750.0,21440.0,21560.0,25441.666666666668,29702.5,300435
2008-02-18,22650.0,22900.0,21900.0,22050.0,21840.0,21522.5,25296.666666666668,29670.0,320759
2008-02-19,22400.0,23150.0,22400.0,22850.0,22250.0,21470.0,25172.5,29624.583333333332,368494
2008-02-20,22600.0,22850.0,21900.0,21900.0,22410.0,21315.0,25020.833333333332,29575.0,277174
2008-02-21,22200.0,22600.0,21950.0,21950.0,22300.0,21227.5,24887.5,29517.916666666668,210044
2008-02-22,21950.0,21950.0,21450.0,21650.0,22080.0,21200.0,24765.0,29455.833333333332,144571
2008-02-25,22300.0,23550.0,22100.0,23200.0,22310.0,21297.5,24706.666666666668,29404.166666666668,417676
2008-02-26,23500.0,23900.0,22800.0,23250.0,22390.0,21360.0,24699.166666666668,29352.916666666668,464087
2008-02-27,23600.0,24200.0,23300.0,24000.0,22810.0,21400.0,24645.0,29304.583333333332,382138
2008-02-28,24000.0,24100.0,23600.0,23750.0,23170.0,21537.5,24567.5,29250.833333333332,300178
2008-02-29,23400.0,24150.0,23350.0,23750.0,23590.0,21702.5,24515.0,29192.916666666668,271850
2008-03-03,23000.0,23000.0,22500.0,22750.0,23500.0,21915.0,24440.0,29124.166666666668,270972
2008-03-04,23000.0,23050.0,22300.0,22800.0,23410.0,22090.0,24320.0,29059.583333333332,220081
2008-03-05,22800.0,23300.0,22600.0,23100.0,23230.0,22297.5,24195.833333333332,29000.0,260805
2008-03-06,23300.0,23800.0,22700.0,23600.0,23200.0,22440.0,24077.5,28947.5,271353
2008-03-07,22950.0,23250.0,22250.0,22800.0,23010.0,22530.0,23944.166666666668,28880.833333333332,294304
2008-03-10,22100.0,22350.0,20300.0,20300.0,22520.0,22542.5,23802.5,28774.166666666668,640268
2008-03-11,19850.0,20700.0,19850.0,20050.0,21970.0,22505.0,23683.333333333332,28669.583333333332,425701
2008-03-12,20750.0,20800.0,19950.0,19950.0,21340.0,22447.5,23560.833333333332,28563.75,488203
2008-03-13,19700.0,20300.0,18650.0,18850.0,20390.0,22265.0,23402.5,28457.083333333332,619828
2008-03-14,19250.0,19600.0,18400.0,18650.0,19560.0,22060.0,23242.5,28345.0,368028
2008-03-17,18350.0,18650.0,17600.0,18250.0,19150.0,21870.0,23080.0,28225.416666666668,553334
2008-03-18,18400.0,18850.0,18250.0,18800.0,18900.0,21667.5,22930.833333333332,28106.666666666668,434928
2008-03-19,19400.0,19650.0,19050.0,19450.0,18800.0,21545.0,22821.666666666668,28010.0,584990
2008-03-20,18950.0,19750.0,18900.0,19650.0,18960.0,21430.0,22705.833333333332,27911.666666666668,256445
2008-03-21,20100.0,20200.0,19650.0,19900.0,19210.0,21342.5,22614.166666666668,27810.833333333332,327042
2008-03-24,20100.0,20400.0,19900.0,20050.0,19570.0,21185.0,22516.666666666668,27698.75,310660
2008-03-25,20400.0,20850.0,20000.0,20050.0,19820.0,21025.0,22395.833333333332,27591.666666666668,389956
2008-03-26,20250.0,20450.0,19850.0,19950.0,19920.0,20822.5,22277.5,27487.083333333332,249457
2008-03-27,19800.0,19900.0,19350.0,19400.0,19870.0,20605.0,22135.833333333332,27383.333333333332,353240
2008-03-28,19400.0,20500.0,19300.0,20500.0,19990.0,20442.5,22010.833333333332,27294.166666666668,593101
2008-03-31,20750.0,21350.0,20500.0,20700.0,20120.0,20340.0,21905.833333333332,27191.666666666668,560169
2008-04-01,20850.0,21200.0,20400.0,20600.0,20230.0,20230.0,21810.833333333332,27094.166666666668,438441
2008-04-02,20900.0,20900.0,18950.0,19050.0,20050.0,20027.5,21700.0,26962.916666666668,1887793
2008-04-03,19100.0,19750.0,19100.0,19600.0,20090.0,19827.5,21615.0,26841.25,660580
2008-04-04,19650.0,20300.0,19450.0,20250.0,20040.0,19700.0,21527.5,26715.0,604915
2008-04-07,20200.0,20800.0,20050.0,20700.0,20040.0,19720.0,21429.166666666668,26570.833333333332,567150
2008-04-08,20650.0,20650.0,20100.0,20100.0,19940.0,19722.5,21337.5,26429.583333333332,396256
2008-04-10,19900.0,20950.0,19900.0,20950.0,20320.0,19772.5,21287.5,26270.833333333332,449095
2008-04-11,21200.0,21700.0,20800.0,21500.0,20700.0,19905.0,21251.666666666668,26131.666666666668,797932
2008-04-14,20850.0,21450.0,20800.0,20800.0,20810.0,20012.5,21210.833333333332,25973.333333333332,426695
2008-04-15,21250.0,21800.0,21100.0,21700.0,21010.0,20185.0,21192.5,25817.916666666668,668493
2008-04-16,21950.0,22000.0,21450.0,21900.0,21370.0,20340.0,21159.166666666668,25687.916666666668,460342
2008-04-17,22150.0,22200.0,21500.0,21500.0,21480.0,20442.5,21100.833333333332,25569.583333333332,496307
2008-04-18,21750.0,22050.0,21350.0,22000.0,21580.0,20560.0,21072.5,25446.666666666668,380658
2008-04-21,22200.0,22300.0,21700.0,21700.0,21760.0,20650.0,21064.166666666668,25339.166666666668,420320
2008-04-22,21650.0,21650.0,20850.0,21150.0,21650.0,20705.0,21062.5,25227.916666666668,521591
2008-04-23,20900.0,21800.0,20850.0,21800.0,21630.0,20792.5,21059.166666666668,25107.5,364452
2008-04-24,22000.0,22500.0,21550.0,21550.0,21640.0,20872.5,21031.666666666668,24986.25,492367
2008-04-25,21750.0,22050.0,21550.0,21950.0,21630.0,21000.0,21047.5,24855.416666666668,354347
2008-04-28,22300.0,22300.0,21100.0,21100.0,21510.0,21030.0,21058.333333333332,24706.25,359376
2008-04-29,20900.0,21200.0,20050.0,20100.0,21300.0,21000.0,21085.0,24548.75,528888
2008-04-30,20300.0,20650.0,20150.0,20600.0,21060.0,21000.0,21106.666666666668,24393.75,226579
2008-05-01,20600.0,20600.0,20600.0,20600.0,20870.0,21077.5,21134.166666666668,24227.083333333332,0
2008-05-02,20550.0,20900.0,19800.0,20800.0,20640.0,21137.5,21135.0,24060.416666666668,659620
2008-05-05,20800.0,20800.0,20800.0,20800.0,20580.0,21165.0,21131.666666666668,23910.0,0
2008-05-06,20600.0,20950.0,20350.0,20500.0,20660.0,21155.0,21139.166666666668,23763.333333333332,248121
2008-05-07,20400.0,20650.0,20200.0,20300.0,20600.0,21165.0,21130.833333333332,23625.833333333332,267210
2008-05-08,20000.0,20700.0,20000.0,20300.0,20540.0,21132.5,21117.5,23504.583333333332,271608
2008-05-09,20400.0,20500.0,19850.0,19850.0,20350.0,21050.0,21073.333333333332,23366.666666666668,310834
2008-05-12,19850.0,19850.0,19850.0,19850.0,20160.0,21002.5,21025.0,23233.333333333332,0
2008-05-13,19900.0,19950.0,19350.0,19500.0,19960.0,20892.5,20982.5,23139.583333333332,347583
2008-05-14,19600.0,20150.0,19550.0,19650.0,19830.0,20780.0,20929.166666666668,23050.833333333332,240223
2008-05-15,19800.0,20500.0,19300.0,20500.0,19870.0,20730.0,20905.833333333332,22963.333333333332,471028
2008-05-16,20650.0,20650.0,20200.0,20200.0,19940.0,20640.0,20876.666666666668,22882.083333333332,228743
2008-05-19,20200.0,20450.0,19850.0,19900.0,19950.0,20550.0,20847.5,22806.25,356143
2008-05-20,20000.0,20600.0,20000.0,20550.0,20160.0,20520.0,20803.333333333332,22755.0,465268
2008-05-21,20350.0,21600.0,20200.0,21500.0,20530.0,20505.0,20774.166666666668,22736.666666666668,856781
2008-05-22,21450.0,21600.0,21100.0,21600.0,20750.0,20507.5,20734.166666666668,22689.583333333332,730592
2008-05-23,21700.0,21750.0,20950.0,21150.0,20940.0,20467.5,20690.833333333332,22629.166666666668,573309
2008-05-26,21000.0,21100.0,20300.0,20400.0,21040.0,20432.5,20635.0,22575.0,323891
2008-05-27,20450.0,21950.0,20300.0,21950.0,21320.0,20525.0,20621.666666666668,22530.833333333332,727360
2008-05-28,22150.0,22850.0,21600.0,21600.0,21340.0,20575.0,20601.666666666668,22460.833333333332,1550001
2008-05-29,22050.0,22750.0,22000.0,22350.0,21490.0,20662.5,20589.166666666668,22392.5,791757
2008-05-30,22600.0,22900.0,22150.0,22300.0,21720.0,20737.5,20567.5,22322.5,597823
2008-06-02,22400.0,22850.0,22300.0,22500.0,22140.0,20822.5,20562.5,22253.333333333332,496820
2008-06-03,22200.0,22250.0,21300.0,21300.0,22010.0,20862.5,20579.166666666668,22190.833333333332,537709
2008-06-04,21300.0,21950.0,21200.0,21800.0,22050.0,20937.5,20608.333333333332,22145.833333333332,294028
2008-06-05,21950.0,22200.0,21700.0,21950.0,21970.0,21020.0,20641.666666666668,22101.25,285047
2008-06-06,21950.0,21950.0,21950.0,21950.0,21900.0,21125.0,20693.333333333332,22047.916666666668,0
2008-06-09,21000.0,21600.0,20900.0,21300.0,21660.0,21197.5,20737.5,21990.0,256673
2008-06-10,21400.0,21500.0,20250.0,20300.0,21460.0,21237.5,20771.666666666668,21925.833333333332,415702
2008-06-11,20450.0,20700.0,20000.0,20500.0,21200.0,21280.0,20800.0,21865.416666666668,304720
2008-06-12,20000.0,20500.0,20000.0,20050.0,20820.0,21257.5,20810.0,21815.833333333332,299309
2008-06-13,20150.0,20550.0,20050.0,20500.0,20530.0,21272.5,20824.166666666668,21765.0,232272
2008-06-16,20700.0,20700.0,20150.0,20200.0,20310.0,21287.5,20829.166666666668,21721.666666666668,177203
2008-06-17,20150.0,20350.0,19400.0,19700.0,20190.0,21245.0,20823.333333333332,21670.0,296904
2008-06-18,19600.0,20300.0,19500.0,20200.0,20130.0,21180.0,20825.833333333332,21610.833333333332,175579
2008-06-19,19900.0,20100.0,19600.0,19700.0,20060.0,21085.0,20821.666666666668,21549.583333333332,167942
2008-06-20,20000.0,20150.0,19700.0,19800.0,19920.0,21017.5,20828.333333333332,21482.083333333332,191441
2008-06-23,19400.0,19900.0,19300.0,19650.0,19810.0,20980.0,20814.166666666668,21412.5,136216
2008-06-24,19550.0,20600.0,19500.0,20600.0,19990.0,20912.5,20812.5,21359.166666666668,294410
2008-06-25,20400.0,20550.0,19850.0,20400.0,20030.0,20852.5,20809.166666666668,21310.0,336470
2008-06-26,20400.0,20450.0,19100.0,19100.0,19910.0,20690.0,20810.0,21255.0,542915
2008-06-27,18250.0,18600.0,18100.0,18200.0,19590.0,20485.0,20786.666666666668,21200.833333333332,330364
2008-06-30,18050.0,18350.0,17250.0,17500.0,19160.0,20235.0,20740.833333333332,21134.166666666668,488815
2008-07-01,17350.0,17600.0,16400.0,16500.0,18340.0,19995.0,20670.833333333332,21050.0,708622
2008-07-02,16650.0,16700.0,15050.0,15450.0,17350.0,19677.5,20593.333333333332,20965.416666666668,618388
2008-07-03,14950.0,15700.0,14800.0,15550.0,16640.0,19357.5,20503.333333333332,20895.416666666668,416788
2008-07-04,15400.0,16000.0,15100.0,15350.0,16070.0,19027.5,20400.833333333332,20826.25,228917
2008-07-07,15100.0,15850.0,15000.0,15700.0,15710.0,18747.5,20315.833333333332,20763.333333333332,212521
2008-07-08,15600.0,15800.0,14550.0,14650.0,15340.0,18465.0,20198.333333333332,20695.416666666668,294721
2008-07-09,15050.0,15700.0,15050.0,15200.0,15290.0,18200.0,20086.666666666668,20622.916666666668,357732
2008-07-10,14800.0,15900.0,14800.0,15900.0,15360.0,17992.5,19993.333333333332,20547.083333333332,264767
2008-07-11,15950.0,16600.0,15600.0,16500.0,15590.0,17792.5,19901.666666666668,20487.083333333332,254182
2008-07-14,16200.0,16600.0,16000.0,16050.0,15660.0,17585.0,19807.5,20435.833333333332,246279
2008-07-15,15950.0,16100.0,15000.0,15050.0,15740.0,17352.5,19705.833333333332,20384.166666666668,235764
2008-07-16,15300.0,15600.0,14900.0,15400.0,15780.0,17112.5,19599.166666666668,20329.166666666668,203330
2008-07-17,16000.0,16100.0,15650.0,15700.0,15740.0,16912.5,19501.666666666668,20266.666666666668,172879
2008-07-18,16200.0,17150.0,16000.0,16700.0,15780.0,16757.5,19414.166666666668,20230.833333333332,748547
2008-07-21,17000.0,17500.0,17000.0,17500.0,16070.0,16650.0,19354.166666666668,20206.25,411510
2008-07-22,17350.0,17700.0,17150.0,17500.0,16560.0,16495.0,19310.833333333332,20197.916666666668,205779
2008-07-23,17900.0,18350.0,17600.0,17900.0,17060.0,16370.0,19265.833333333332,20186.25,381076
2008-07-24,18150.0,18250.0,17600.0,18100.0,17540.0,16320.0,19224.166666666668,20179.166666666668,237965
2008-07-25,17600.0,18400.0,17600.0,17950.0,17790.0,16307.5,19176.666666666668,20155.833333333332,164342
2008-07-28,18200.0,18400.0,18000.0,18400.0,17970.0,16352.5,19136.666666666668,20134.166666666668,145534
2008-07-29,17950.0,18100.0,17500.0,17700.0,18010.0,16412.5,19090.0,20114.583333333332,257780
2008-07-30,18100.0,18350.0,17850.0,18000.0,18030.0,16540.0,19051.666666666668,20091.25,167131
2008-07-31,17900.0,18350.0,17900.0,18150.0,18040.0,16670.0,19015.833333333332,20066.666666666668,212631
2008-08-01,18000.0,18200.0,17750.0,17750.0,18000.0,16790.0,18980.833333333332,20027.083333333332,97104
2008-08-04,17750.0,18250.0,17650.0,17950.0,17910.0,16902.5,18949.166666666668,19987.083333333332,235208
2008-08-05,18100.0,18600.0,18000.0,18450.0,18060.0,17092.5,18931.666666666668,19957.083333333332,331601
2008-08-06,18850.0,19100.0,18500.0,18950.0,18250.0,17280.0,18920.0,19924.583333333332,385802
2008-08-07,18950.0,19150.0,18750.0,18950.0,18410.0,17432.5,18894.166666666668,19900.0,257834
2008-08-08,18600.0,18900.0,18500.0,18800.0,18620.0,17547.5,18870.833333333332,19873.75,155021
2008-08-11,19100.0,19400.0,18800.0,18850.0,18800.0,17687.5,18853.333333333332,19850.416666666668,217130
2008-08-12,18700.0,18800.0,17350.0,17750.0,18660.0,17822.5,18806.666666666668,19805.0,629345
2008-08-13,18050.0,18350.0,17750.0,17750.0,18420.0,17940.0,18744.166666666668,19759.166666666668,208311
2008-08-14,17500.0,17950.0,17450.0,17800.0,18190.0,18045.0,18680.833333333332,19707.5,148113
2008-08-15,17800.0,17800.0,17800.0,17800.0,17990.0,18100.0,18625.0,19657.916666666668,0
2008-08-18,17600.0,17950.0,17200.0,17200.0,17660.0,18085.0,18571.666666666668,19603.333333333332,169532
2008-08-19,16900.0,17050.0,16800.0,16850.0,17480.0,18052.5,18486.666666666668,19554.166666666668,116529
2008-08-20,16750.0,17850.0,16750.0,17750.0,17480.0,18045.0,18422.5,19512.083333333332,261134
2008-08-21,17850.0,18000.0,17500.0,17600.0,17440.0,18020.0,18343.333333333332,19466.25,137232
2008-08-22,17400.0,17450.0,16700.0,17400.0,17360.0,17992.5,18261.666666666668,19414.583333333332,123785
2008-08-25,17500.0,17600.0,16800.0,16800.0,17280.0,17912.5,18166.666666666668,19364.583333333332,123785
2008-08-26,16300.0,17700.0,16300.0,17250.0,17360.0,17890.0,18099.166666666668,19339.166666666668,211151
2008-08-27,17350.0,18700.0,17150.0,18700.0,17550.0,17925.0,18047.5,19327.916666666668,393998
2008-08-28,18800.0,18850.0,18300.0,18650.0,17760.0,17950.0,17992.5,19317.083333333332,323340
2008-08-29,18850.0,19000.0,18450.0,18800.0,18040.0,18002.5,17940.0,19316.666666666668,299336
2008-09-01,18500.0,18600.0,17500.0,17600.0,18200.0,17985.0,17878.333333333332,19307.916666666668,399696
2008-09-02,17700.0,18100.0,16500.0,16850.0,18120.0,17905.0,17820.833333333332,19296.25,350809
2008-09-03,16650.0,18500.0,16650.0,18350.0,18050.0,17875.0,17785.0,19292.5,274994
2008-09-04,18150.0,18650.0,18000.0,18400.0,18000.0,17847.5,17757.5,19283.75,193822
2008-09-05,17800.0,18950.0,17800.0,18400.0,17920.0,17827.5,17722.5,19273.333333333332,268461
2008-09-08,18900.0,19700.0,18700.0,19650.0,18330.0,17867.5,17713.333333333332,19271.25,558634
2008-09-09,19500.0,19600.0,18800.0,19050.0,18770.0,17932.5,17702.5,19262.916666666668,326976
2008-09-10,18800.0,20100.0,18650.0,20000.0,19100.0,18045.0,17699.166666666668,19262.5,646082
2008-09-11,20100.0,20350.0,19750.0,20300.0,19480.0,18170.0,17709.166666666668,19265.416666666668,417082
2008-09-12,20500.0,20800.0,20100.0,20150.0,19830.0,18287.5,17715.0,19271.666666666668,300414
2008-09-15,20150.0,20150.0,20150.0,20150.0,19930.0,18435.0,17723.333333333332,19268.75,0
2008-09-16,18350.0,19200.0,18300.0,18600.0,19840.0,18522.5,17690.0,19251.25,298066
2008-09-17,19300.0,20200.0,19250.0,19800.0,19800.0,18625.0,17680.0,19244.583333333332,411200
2008-09-18,19200.0,19850.0,18800.0,19550.0,19650.0,18722.5,17687.5,19248.75,793
2008-09-19,20300.0,20750.0,19850.0,20600.0,19740.0,18882.5,17727.5,19257.083333333332,670691
2008-09-22,20800.0,20900.0,20100.0,20400.0,19790.0,19062.5,17775.833333333332,19258.333333333332,397712
2008-09-23,20250.0,20750.0,20050.0,20600.0,20190.0,19230.0,17844.166666666668,19257.5,359490
2008-09-24,20450.0,20700.0,20150.0,20700.0,20370.0,19330.0,17931.666666666668,19262.5,269170
2008-09-25,20500.0,21700.0,20400.0,21350.0,20730.0,19465.0,18028.333333333332,19265.833333333332,610580
2008-09-26,21350.0,21500.0,20700.0,20750.0,20760.0,19562.5,18118.333333333332,19259.583333333332,308195
2008-09-29,21000.0,21150.0,20000.0,20350.0,20750.0,19700.0,18195.833333333332,19255.833333333332,241050
2008-09-30,19350.0,20550.0,19050.0,20400.0,20710.0,19877.5,18291.666666666668,19245.0,275327
2008-10-01,20400.0,20600.0,19950.0,20150.0,20600.0,19967.5,18374.166666666668,19230.416666666668,151519
2008-10-02,20400.0,20450.0,19450.0,19700.0,20270.0,20032.5,18437.5,19215.416666666668,203636
2008-10-03,19700.0,19700.0,19700.0,19700.0,20060.0,20097.5,18490.833333333332,19196.25,0
2008-10-06,19400.0,19450.0,18550.0,18800.0,19750.0,20055.0,18536.666666666668,19172.083333333332,180150
2008-10-07,18400.0,19350.0,18350.0,19200.0,19510.0,20062.5,18605.833333333332,19155.833333333332,212750
2008-10-08,18650.0,18800.0,16350.0,16350.0,18750.0,19880.0,18621.666666666668,19110.416666666668,546360
2008-10-09,16000.0,16950.0,15400.0,15950.0,18000.0,19662.5,18625.833333333332,19063.75,743782
2008-10-10,14850.0,15300.0,13600.0,14900.0,17040.0,19400.0,18595.833333333332,19005.0,643489
2008-10-13,15700.0,16400.0,15450.0,16400.0,16560.0,19212.5,18577.5,18965.833333333332,361056
2008-10-14,17100.0,18850.0,17050.0,18750.0,16470.0,19220.0,18598.333333333332,18954.583333333332,631016
2008-10-15,18200.0,18550.0,17950.0,18200.0,16840.0,19140.0,18603.333333333332,18934.583333333332,251866
2008-10-16,16700.0,17350.0,15500.0,15500.0,16750.0,18937.5,18560.0,18892.083333333332,377625
2008-10-17,16600.0,16750.0,15250.0,16300.0,17030.0,18722.5,18532.5,18854.583333333332,266824
2008-10-20,16900.0,17700.0,16000.0,17700.0,17290.0,18587.5,18520.833333333332,18828.75,277257
2008-10-21,17850.0,18150.0,16450.0,16500.0,16840.0,18382.5,18500.833333333332,18795.416666666668,378577
2008-10-22,16400.0,16950.0,14250.0,15450.0,16290.0,18120.0,18458.333333333332,18755.0,382039
2008-10-23,14350.0,14850.0,13950.0,14750.0,16140.0,17790.0,18401.666666666668,18708.75,376151
2008-10-24,14750.0,15000.0,12650.0,12650.0,15410.0,17385.0,18316.666666666668,18648.75,596929
2008-10-27,12100.0,13400.0,10800.0,10800.0,14030.0,16907.5,18197.5,18573.333333333332,1032479
2008-10-28,9500.0,11650.0,9200.0,10800.0,12890.0,16427.5,18070.0,18500.833333333332,2770914
2008-10-29,11650.0,11900.0,9200.0,9720.0,11744.0,15906.0,17916.166666666668,18418.083333333332,1352035
2008-10-30,10700.0,11150.0,10100.0,11150.0,11024.0,15478.5,17786.166666666668,18340.166666666668,597236
2008-10-31,11500.0,12700.0,11200.0,12050.0,10904.0,15096.0,17673.666666666668,18272.25,998824
2008-11-03,12400.0,13750.0,12350.0,12750.0,11294.0,14793.5,17572.0,18212.666666666668,1352029
2008-11-04,12900.0,14150.0,12500.0,13700.0,11874.0,14518.5,17504.5,18155.583333333332,1103957
2008-11-05,14300.0,14950.0,13500.0,13800.0,12690.0,14391.0,17438.666666666668,18091.416666666668,906125
2008-11-06,12600.0,13150.0,11850.0,12000.0,12860.0,14193.5,17342.0,18011.416666666668,617618
2008-11-07,11700.0,13800.0,11500.0,13800.0,13210.0,14138.5,17275.333333333332,17950.166666666668,779356
2008-11-10,14300.0,15800.0,13800.0,15600.0,13780.0,14098.5,17248.666666666668,17910.166666666668,1030389
2008-11-11,15100.0,15750.0,14750.0,15500.0,14140.0,13936.0,17226.166666666668,17856.416666666668,496340
2008-11-12,15000.0,15300.0,14150.0,14500.0,14280.0,13751.0,17172.0,17797.25,552463
2008-11-13,13800.0,14300.0,13350.0,14300.0,14740.0,13691.0,17117.0,17730.166666666668,362663
2008-11-14,15150.0,15450.0,14450.0,15000.0,14980.0,13626.0,17077.0,17669.333333333332,750008
2008-11-17,14750.0,15300.0,14750.0,14900.0,14840.0,13486.0,17045.333333333332,17606.0,278137
2008-11-18,14800.0,14950.0,13800.0,13800.0,14500.0,13351.0,16987.833333333332,17543.5,211834
2008-11-19,14250.0,14250.0,13050.0,13600.0,14320.0,13258.5,16902.833333333332,17475.166666666668,363800
2008-11-20,12700.0,12900.0,11650.0,11650.0,13790.0,13103.5,16786.166666666668,17389.333333333332,348619
2008-11-21,11600.0,13500.0,11000.0,13500.0,13490.0,13146.0,16697.833333333332,17318.916666666668,544815
2008-11-24,13800.0,14600.0,13400.0,13900.0,13290.0,13301.0,16636.166666666668,17257.25,703770
2008-11-25,14750.0,15150.0,13600.0,13900.0,13310.0,13456.0,16587.0,17203.916666666668,481945
2008-11-26,14250.0,15000.0,14100.0,14700.0,13530.0,13705.0,16526.166666666668,17155.583333333332,458357
2008-11-27,15150.0,15700.0,14750.0,15450.0,14290.0,13920.0,16477.0,17117.25,651482
2008-11-28,15250.0,15600.0,14900.0,15600.0,14710.0,14097.5,16430.333333333332,17076.416666666668,484801
2008-12-01,15600.0,15600.0,14550.0,14550.0,14840.0,14187.5,16345.333333333334,17029.333333333332,100
2008-12-02,13700.0,13950.0,13550.0,13550.0,14770.0,14180.0,16253.666666666666,16978.083333333332,453360
2008-12-03,13950.0,14500.0,13500.0,13550.0,14540.0,14167.5,16146.166666666666,16922.666666666668,496019
2008-12-04,14050.0,14650.0,13000.0,13650.0,14180.0,14250.0,16035.333333333334,16872.25,471644
2008-12-05,13650.0,14200.0,13550.0,14100.0,13880.0,14265.0,15934.5,16824.75,282955
2008-12-08,14350.0,15150.0,14200.0,14900.0,13950.0,14230.0,15847.0,16785.166666666668,621894
2008-12-09,15200.0,15250.0,14400.0,14400.0,14120.0,14175.0,15777.0,16733.5,402210
2008-12-10,14400.0,14950.0,14400.0,14700.0,14350.0,14185.0,15692.0,16686.0,445265
2008-12-11,14950.0,14950.0,14000.0,14050.0,14430.0,14172.5,15600.333333333334,16643.916666666668,918295
2008-12-12,14050.0,14550.0,13150.0,13350.0,14280.0,14090.0,15479.5,16603.5,729899
2008-12-15,13800.0,14250.0,13800.0,14150.0,14130.0,14052.5,15375.333333333334,16575.583333333332,411785
2008-12-16,14150.0,15700.0,13850.0,15550.0,14360.0,14140.0,15291.166666666666,16567.666666666668,1563763
2008-12-17,16100.0,16250.0,15450.0,15650.0,14550.0,14242.5,15207.0,16569.333333333332,896797
2008-12-18,15800.0,16150.0,15050.0,16000.0,14940.0,14460.0,15117.833333333334,16573.083333333332,713281
2008-12-19,15750.0,16050.0,15500.0,15850.0,15440.0,14577.5,15036.166666666666,16577.25,464765
2008-12-22,15900.0,16350.0,15700.0,16350.0,15880.0,14700.0,14969.5,16582.666666666668,587476
2008-12-23,16250.0,16650.0,15650.0,15700.0,15910.0,14790.0,14891.166666666666,16591.416666666668,430816
2008-12-24,15700.0,15850.0,15300.0,15850.0,15950.0,14847.5,14819.5,16596.833333333332,265071
2008-12-25,15850.0,15850.0,15850.0,15850.0,15920.0,14867.5,14755.333333333334,16596.416666666668,0
2008-12-26,15950.0,16100.0,15350.0,15850.0,15920.0,14880.0,14691.166666666666,16591.0,287611
2008-12-29,15600.0,15900.0,15200.0,15900.0,15830.0,14947.5,14642.833333333334,16589.75,174827
2008-12-30,15900.0,16050.0,15700.0,15800.0,15850.0,15060.0,14586.166666666666,16596.0,439863
2008-12-31,15800.0,15800.0,15800.0,15800.0,15840.0,15172.5,14577.0,16599.333333333332,0
2009-01-02,16000.0,16750.0,15650.0,16750.0,16020.0,15327.5,14590.333333333334,16608.083333333332,504130
2009-01-05,16900.0,17050.0,16550.0,16650.0,16180.0,15455.0,14619.5,16607.666666666668,350148
2009-01-06,16500.0,16650.0,15650.0,15650.0,16130.0,15492.5,14607.0,16592.25,848195
2009-01-07,15650.0,15950.0,15350.0,15700.0,16110.0,15557.5,14556.166666666666,16577.25,1089135
2009-01-08,15450.0,15600.0,14800.0,14850.0,15920.0,15565.0,14500.333333333334,16551.833333333332,728233
2009-01-09,15000.0,15300.0,14800.0,14850.0,15540.0,15605.0,14489.5,16524.75,916507
2009-01-12,14600.0,14650.0,14050.0,14300.0,15070.0,15652.5,14456.166666666666,16494.333333333332,554395
2009-01-13,14250.0,14950.0,14100.0,14950.0,14930.0,15692.5,14410.333333333334,16465.583333333332,427425
2009-01-14,14850.0,15150.0,14600.0,15050.0,14800.0,15667.5,14386.166666666666,16443.5,337259
2009-01-15,14350.0,14550.0,13500.0,13500.0,14530.0,15560.0,14353.666666666666,16406.0,521746
2009-01-16,13850.0,14050.0,13550.0,13950.0,14350.0,15457.5,14340.333333333334,16371.0,488703
2009-01-19,14050.0,14450.0,13800.0,14450.0,14380.0,15387.5,14370.333333333334,16343.5,459672
2009-01-20,14350.0,14350.0,13800.0,14000.0,14190.0,15270.0,14423.666666666666,16310.583333333334,280801
2009-01-21,13350.0,13650.0,12750.0,12750.0,13730.0,15122.5,14456.166666666666,16263.083333333334,789085
2009-01-22,13250.0,13300.0,12750.0,13000.0,13630.0,14980.0,14510.833333333334,16213.5,606293
2009-01-23,12800.0,12950.0,12500.0,12950.0,13430.0,14835.0,14540.833333333334,16163.5,305305
2009-01-28,13150.0,13500.0,13150.0,13400.0,13220.0,14712.5,14563.333333333334,16118.5,444418
2009-01-29,13550.0,13650.0,12900.0,12950.0,13010.0,14565.0,14566.666666666666,16069.333333333334,464914
2009-01-30,12750.0,13500.0,12700.0,13400.0,13140.0,14445.0,14561.666666666666,16033.083333333334,424041
2009-02-02,13300.0,13650.0,12900.0,13000.0,13140.0,14305.0,14548.333333333334,15993.5,579579
2009-02-03,13100.0,13400.0,12850.0,13200.0,13190.0,14127.5,14568.333333333334,15955.166666666666,348280
2009-02-04,13450.0,14950.0,13400.0,14800.0,13470.0,14035.0,14585.0,15930.166666666666,1999074
2009-02-05,14650.0,15000.0,14100.0,14200.0,13720.0,13962.5,14561.666666666666,15905.166666666666,1007746
2009-02-06,14650.0,15550.0,14500.0,15400.0,14120.0,13947.5,14560.0,15893.083333333334,1849230
2009-02-09,15700.0,16600.0,15600.0,15950.0,14710.0,14002.5,14584.166666666666,15878.083333333334,2207072
2009-02-10,16400.0,16700.0,15900.0,16500.0,15370.0,14085.0,14620.833333333334,15868.916666666666,1059843
2009-02-11,16100.0,17700.0,15850.0,17600.0,15930.0,14250.0,14664.166666666666,15870.583333333334,1358419
2009-02-12,17750.0,18050.0,17300.0,17800.0,16650.0,14392.5,14712.5,15878.916666666666,746186
2009-02-13,17750.0,17950.0,17350.0,17650.0,17100.0,14522.5,14776.666666666666,15882.25,577218
2009-02-16,17400.0,18850.0,17400.0,18450.0,17600.0,14770.0,14857.5,15880.166666666666,770704
2009-02-17,18200.0,18400.0,15950.0,16000.0,17500.0,14872.5,14930.0,15858.083333333334,1208798
2009-02-18,16100.0,17550.0,15850.0,17250.0,17430.0,15012.5,14992.5,15845.166666666666,1025951
2009-02-19,17500.0,18650.0,16700.0,17550.0,17380.0,15190.0,15053.333333333334,15844.75,1362105
2009-02-20,17550.0,18900.0,16500.0,16800.0,17210.0,15392.5,15101.666666666666,15844.333333333334,1102488
2009-02-23,16950.0,18200.0,16800.0,18000.0,17120.0,15642.5,15156.666666666666,15841.416666666666,771481
2009-02-24,17500.0,19550.0,17200.0,19300.0,17780.0,15960.0,15220.833333333334,15848.916666666666,1480172
2009-02-25,19900.0,20300.0,18650.0,18650.0,18060.0,16222.5,15271.666666666666,15851.0,1074409
2009-02-26,19000.0,19550.0,16600.0,18050.0,18160.0,16477.5,15330.0,15837.666666666666,1264061
2009-02-27,17800.0,18300.0,17300.0,17750.0,18350.0,16695.0,15400.0,15826.833333333334,609912
2009-03-02,17500.0,17500.0,16300.0,16300.0,18010.0,16860.0,15445.833333333334,15796.0,436256
2009-03-03,15650.0,17100.0,15650.0,16800.0,17510.0,17040.0,15498.333333333334,15766.833333333334,626823
2009-03-04,16700.0,17450.0,16150.0,17400.0,17260.0,17170.0,15553.333333333334,15743.916666666666,772052
2009-03-05,17500.0,17700.0,16400.0,16500.0,16950.0,17285.0,15580.0,15713.5,558736
2009-03-06,15900.0,16950.0,15900.0,16950.0,16790.0,17362.5,15622.5,15699.75,528084
2009-03-09,17250.0,17500.0,16450.0,16800.0,16890.0,17405.0,15657.5,15674.75,452828
2009-03-10,16450.0,17300.0,16450.0,16800.0,16890.0,17420.0,15703.333333333334,15651.833333333334,610885
2009-03-11,17200.0,18200.0,17000.0,18050.0,17020.0,17442.5,15781.666666666666,15630.583333333334,1188103
2009-03-12,17900.0,18050.0,17000.0,17000.0,17120.0,17402.5,15829.166666666666,15602.25,778550
2009-03-13,17350.0,17450.0,16700.0,16950.0,17120.0,17367.5,15852.5,15571.833333333334,491242
2009-03-16,16950.0,17750.0,16950.0,17050.0,17170.0,17297.5,15875.833333333334,15541.416666666666,589464
2009-03-17,17300.0,17450.0,16550.0,17000.0,17210.0,17347.5,15892.5,15505.166666666666,935663
2009-03-18,17300.0,17900.0,16850.0,17750.0,17150.0,17372.5,15924.166666666666,15480.166666666666,910134
2009-03-19,18000.0,18300.0,17500.0,17650.0,17280.0,17377.5,15945.833333333334,15457.666666666666,873888
2009-03-20,17750.0,17900.0,16900.0,17150.0,17320.0,17395.0,15970.0,15430.583333333334,1047483
2009-03-23,17250.0,17350.0,17100.0,17350.0,17380.0,17362.5,15995.0,15407.25,93860
2009-03-24,17900.0,17950.0,17350.0,17400.0,17460.0,17267.5,16020.833333333334,15388.083333333334,611850
2009-03-25,17550.0,19150.0,17550.0,19150.0,17740.0,17292.5,16075.833333333334,15383.5,1823256
2009-03-26,19000.0,19500.0,18700.0,19400.0,18090.0,17360.0,16134.166666666666,15388.5,1014289
2009-03-27,19200.0,19850.0,18200.0,18450.0,18350.0,17395.0,16178.333333333334,15382.25,1130108
2009-03-30,18400.0,18700.0,17200.0,17250.0,18330.0,17442.5,16202.5,15389.75,671026
2009-03-31,17650.0,18100.0,17500.0,17650.0,18380.0,17485.0,16217.5,15403.916666666666,467632
2009-04-01,17850.0,18600.0,17700.0,18400.0,18230.0,17535.0,16246.666666666666,15433.083333333334,489386
2009-04-02,18600.0,18950.0,18450.0,18900.0,18130.0,17655.0,16300.833333333334,15453.916666666666,688468
2009-04-03,19600.0,19750.0,19000.0,19050.0,18250.0,17760.0,16356.666666666666,15456.416666666666,1141774
2009-04-06,19100.0,20800.0,18700.0,20650.0,18930.0,17952.5,16453.333333333332,15476.833333333334,1986816
2009-04-07,20600.0,21600.0,20250.0,21350.0,19670.0,18180.0,16561.666666666668,15525.583333333334,2153026
2009-04-08,21250.0,21650.0,20650.0,21300.0,20250.0,18342.5,16678.333333333332,15567.25,1135843
2009-04-09,21700.0,22500.0,21400.0,22300.0,20930.0,18607.5,16800.833333333332,15605.583333333334,1507478
2009-04-10,22650.0,22650.0,21350.0,21900.0,21500.0,18855.0,16915.0,15650.583333333334,979190
2009-04-13,22000.0,22300.0,21200.0,21300.0,21630.0,19067.5,17045.0,15699.333333333334,721770
2009-04-14,21650.0,22550.0,21450.0,21850.0,21730.0,19310.0,17176.666666666668,15758.5,889627
2009-04-15,21600.0,23000.0,21450.0,22500.0,21970.0,19547.5,17310.833333333332,15840.583333333334,1187976
2009-04-16,23150.0,23300.0,22500.0,22550.0,22020.0,19792.5,17453.333333333332,15938.5,989353
2009-04-17,22850.0,22900.0,20600.0,21100.0,21860.0,19990.0,17592.5,16024.333333333334,845056
2009-04-20,21100.0,21500.0,20450.0,21500.0,21900.0,20197.5,17734.166666666668,16122.5,335613
2009-04-21,20850.0,22150.0,20450.0,22150.0,21960.0,20435.0,17887.5,16214.166666666666,603727
2009-04-22,22450.0,22800.0,21750.0,22800.0,22020.0,20617.5,18044.166666666668,16303.75,839644
2009-04-23,23050.0,24100.0,22950.0,24000.0,22310.0,20847.5,18228.333333333332,16397.5,1226443
2009-04-24,24100.0,24250.0,23400.0,23600.0,22810.0,21105.0,18398.333333333332,16480.0,563080
2009-04-27,23600.0,23950.0,22850.0,23000.0,23110.0,21392.5,18565.0,16556.666666666668,344673
2009-04-28,23000.0,23300.0,21450.0,22000.0,23080.0,21610.0,18711.666666666668,16640.0,474470
2009-04-29,22100.0,23300.0,21000.0,22950.0,23110.0,21837.5,18847.5,16716.25,663451
2009-04-30,23150.0,23500.0,22300.0,23000.0,22910.0,22042.5,18994.166666666668,16777.916666666668,632304
2009-05-04,23150.0,23150.0,22600.0,23000.0,22790.0,22240.0,19120.833333333332,16840.416666666668,326909
2009-05-06,23350.0,24800.0,23350.0,24600.0,23110.0,22437.5,19265.0,16924.583333333332,1167580
2009-05-07,24800.0,25000.0,23800.0,24100.0,23530.0,22575.0,19391.666666666668,17006.25,504330
2009-05-08,23900.0,24650.0,23600.0,24100.0,23760.0,22715.0,19500.0,17082.083333333332,459748
2009-05-11,24100.0,24100.0,23250.0,23300.0,23820.0,22765.0,19591.666666666668,17152.083333333332,369021
2009-05-12,23200.0,23750.0,22950.0,23500.0,23920.0,22845.0,19689.166666666668,17232.916666666668,337001
2009-05-13,23700.0,23850.0,22600.0,22800.0,23560.0,22920.0,19761.666666666668,17309.583333333332,602923
2009-05-14,22800.0,23300.0,21800.0,22700.0,23280.0,22962.5,19873.333333333332,17401.666666666668,987365
2009-05-15,22900.0,23400.0,22250.0,23100.0,23080.0,22992.5,19970.833333333332,17481.666666666668,488518
2009-05-18,23300.0,23850.0,23050.0,23300.0,23080.0,23030.0,20066.666666666668,17560.0,497060
2009-05-19,23600.0,24250.0,23500.0,24250.0,23230.0,23187.5,20190.833333333332,17646.25,670420
2009-05-20,24050.0,24600.0,23700.0,24250.0,23520.0,23325.0,20295.0,17725.833333333332,463874
2009-05-21,24500.0,24500.0,23300.0,23300.0,23640.0,23382.5,20361.666666666668,17791.25,463994
2009-05-22,23000.0,24000.0,22600.0,23800.0,23780.0,23432.5,20447.5,17859.583333333332,546957
2009-05-25,23450.0,26600.0,23050.0,26600.0,24440.0,23562.5,20590.0,17960.0,3404453
2009-05-26,27150.0,27950.0,25450.0,26200.0,24830.0,23692.5,20730.833333333332,18065.416666666668,2168131
2009-05-27,26700.0,27050.0,25300.0,25900.0,25160.0,23837.5,20890.833333333332,18168.333333333332,1474773
2009-05-28,25600.0,26300.0,24000.0,25400.0,25580.0,24007.5,21034.166666666668,18266.25,1079776
2009-05-29,26000.0,26350.0,25100.0,25600.0,25940.0,24140.0,21170.833333333332,18362.083333333332,662700
2009-06-01,25800.0,26900.0,25800.0,26700.0,25960.0,24325.0,21340.833333333332,18460.416666666668,709993
2009-06-02,27000.0,27050.0,25850.0,26600.0,26040.0,24505.0,21501.666666666668,18562.083333333332,721385
2009-06-03,26800.0,26800.0,25850.0,25850.0,26030.0,24567.5,21652.5,18655.0,520716
2009-06-04,26000.0,26000.0,24500.0,24500.0,25850.0,24587.5,21780.833333333332,18742.083333333332,552651
2009-06-05,25000.0,25350.0,24150.0,25350.0,25800.0,24650.0,21902.5,18842.083333333332,397313
2009-06-08,25000.0,25700.0,24500.0,24500.0,25360.0,24710.0,22027.5,18928.333333333332,345465
2009-06-09,24750.0,25150.0,23300.0,23400.0,24720.0,24705.0,22135.0,18993.75,501736
2009-06-10,23450.0,24000.0,22850.0,23700.0,24290.0,24750.0,22245.833333333332,19060.833333333332,506111
2009-06-11,23850.0,24450.0,23700.0,24450.0,24280.0,24837.5,22370.0,19131.25,345860
2009-06-12,24450.0,24650.0,23650.0,23850.0,23980.0,24875.0,22471.666666666668,19197.916666666668,312664
2009-06-15,23950.0,24000.0,22850.0,23050.0,23690.0,24862.5,22561.666666666668,19253.75,413455
2009-06-16,22700.0,23500.0,22450.0,23000.0,23610.0,24800.0,22659.166666666668,19314.583333333332,481609
2009-06-17,22900.0,23550.0,22600.0,23350.0,23540.0,24755.0,22759.166666666668,19377.083333333332,353010
2009-06-18,23500.0,23600.0,22550.0,23400.0,23330.0,24760.0,22859.166666666668,19440.0,363662
2009-06-19,23400.0,23450.0,22500.0,22700.0,23100.0,24705.0,22918.333333333332,19497.083333333332,408799
2009-06-22,22800.0,22900.0,22100.0,22200.0,22930.0,24485.0,22965.0,19549.583333333332,454956
2009-06-23,21500.0,21700.0,20600.0,20800.0,22490.0,24215.0,23004.166666666668,19591.25,640337
2009-06-24,21000.0,21650.0,20750.0,21300.0,22080.0,23985.0,23071.666666666668,19637.083333333332,587624
2009-06-25,21600.0,22350.0,21550.0,22300.0,21860.0,23830.0,23149.166666666668,19683.333333333332,662802
2009-06-26,22400.0,22650.0,22000.0,22200.0,21760.0,23660.0,23212.5,19729.583333333332,385717
2009-06-29,22550.0,22550.0,21400.0,22000.0,21720.0,23425.0,23264.166666666668,19782.5,292291
2009-06-30,22300.0,22400.0,21500.0,22000.0,21960.0,23195.0,23313.333333333332,19835.0,430790
2009-07-01,21750.0,22300.0,21600.0,22100.0,22120.0,23007.5,23337.5,19895.416666666668,224170
2009-07-02,22350.0,22350.0,21500.0,21700.0,22000.0,22867.5,23343.333333333332,19952.5,371692
2009-07-03,21200.0,21550.0,21000.0,21500.0,21860.0,22675.0,23346.666666666668,20012.5,450545
2009-07-06,21750.0,22150.0,21450.0,21450.0,21750.0,22522.5,23332.5,20066.666666666668,410423
2009-07-07,21650.0,22350.0,21500.0,22200.0,21790.0,22462.5,23337.5,20126.25,501292
2009-07-08,22000.0,22150.0,21500.0,21800.0,21730.0,22367.5,23345.833333333332,20195.416666666668,320620
2009-07-09,21950.0,21950.0,20950.0,21000.0,21590.0,22195.0,23331.666666666668,20254.166666666668,468931
2009-07-10,21200.0,21250.0,20700.0,20950.0,21480.0,22050.0,23305.833333333332,20308.333333333332,227256
2009-07-13,21050.0,21400.0,19700.0,19700.0,21130.0,21882.5,23258.333333333332,20355.833333333332,515854
2009-07-14,20000.0,20100.0,18700.0,19050.0,20500.0,21685.0,23224.166666666668,20408.333333333332,553808
2009-07-15,19200.0,19650.0,19150.0,19300.0,20000.0,21482.5,23187.5,20460.833333333332,470133
2009-07-16,19700.0,19800.0,18300.0,18500.0,19500.0,21237.5,23126.666666666668,20507.083333333332,1159312
2009-07-17,18650.0,19350.0,18600.0,19000.0,19110.0,21052.5,23063.333333333332,20553.75,886385
2009-07-20,19300.0,19850.0,19200.0,19700.0,19110.0,20927.5,22991.666666666668,20610.0,1330676
2009-07-21,19950.0,20100.0,18800.0,19150.0,19130.0,20845.0,22917.5,20657.916666666668,1554426
2009-07-22,19450.0,19850.0,19150.0,19650.0,19200.0,20762.5,22861.666666666668,20713.333333333332,1543782
2009-07-23,19950.0,20300.0,19800.0,20050.0,19510.0,20650.0,22829.166666666668,20770.416666666668,1463078
2009-07-24,20250.0,20300.0,19650.0,19850.0,19680.0,20532.5,22777.5,20812.5,793206
2009-07-27,20000.0,20150.0,19750.0,19900.0,19720.0,20427.5,22725.833333333332,20860.0,780839
2009-07-28,20000.0,20750.0,19900.0,20300.0,19950.0,20342.5,22680.833333333332,20900.833333333332,1351082
2009-07-29,20550.0,20550.0,19700.0,19800.0,19980.0,20227.5,22600.833333333332,20932.916666666668,915374
2009-07-30,19650.0,19800.0,19250.0,19600.0,19890.0,20122.5,22525.833333333332,20958.75,654526
2009-07-31,19750.0,20800.0,19450.0,20750.0,20070.0,20085.0,22470.0,20985.0,1499180
2009-08-03,20800.0,21150.0,20550.0,20850.0,20260.0,20055.0,22429.166666666668,21010.416666666668,964280
2009-08-04,21050.0,21350.0,20500.0,20500.0,20300.0,19970.0,22379.166666666668,21034.166666666668,1191061
2009-08-05,20650.0,21100.0,20450.0,20550.0,20450.0,19907.5,22341.666666666668,21051.666666666668,626926
2009-08-06,20650.0,21050.0,20600.0,21000.0,20730.0,19907.5,22313.333333333332,21093.333333333332,751300
2009-08-07,20900.0,21000.0,20600.0,20900.0,20760.0,19905.0,22276.666666666668,21123.75,447002
2009-08-10,21100.0,21650.0,21000.0,21500.0,20890.0,19995.0,22246.666666666668,21156.666666666668,1011729
2009-08-11,21350.0,21600.0,21200.0,21550.0,21100.0,20120.0,22201.666666666668,21196.25,563916
2009-08-12,21400.0,21800.0,20900.0,21800.0,21350.0,20245.0,22160.833333333332,21227.916666666668,936993
2009-08-13,22050.0,22100.0,21650.0,21900.0,21530.0,20415.0,22137.5,21249.583333333332,1012327
2009-08-14,22050.0,22100.0,21400.0,21500.0,21650.0,20540.0,22099.166666666668,21273.333333333332,730270
2009-08-17,21200.0,21350.0,20500.0,20550.0,21460.0,20582.5,21998.333333333332,21294.166666666668,573382
2009-08-18,20250.0,20600.0,19500.0,20000.0,21150.0,20625.0,21895.0,21312.916666666668,851585
2009-08-19,20050.0,20350.0,19600.0,19600.0,20710.0,20622.5,21790.0,21340.416666666668,565896
2009-08-20,19900.0,20400.0,19700.0,20300.0,20390.0,20635.0,21705.0,21369.583333333332,335439
2009-08-21,20500.0,20750.0,20050.0,20250.0,20140.0,20655.0,21615.833333333332,21393.333333333332,559996
2009-08-24,20500.0,20550.0,19700.0,19750.0,19980.0,20647.5,21500.0,21420.416666666668,870687
2009-08-25,19700.0,20200.0,19550.0,19750.0,19930.0,20620.0,21385.833333333332,21443.75,441051
2009-08-26,19900.0,20550.0,19900.0,20500.0,20110.0,20655.0,21296.666666666668,21474.583333333332,510209
2009-08-27,20650.0,20700.0,20000.0,20000.0,20050.0,20675.0,21221.666666666668,21501.25,379327
2009-08-28,20200.0,20300.0,19700.0,19900.0,19980.0,20632.5,21130.833333333332,21516.666666666668,386599
2009-08-31,20000.0,20000.0,19300.0,19350.0,19900.0,20557.5,21045.0,21536.25,380444
2009-09-01,19300.0,19450.0,18900.0,19200.0,19790.0,20492.5,20975.0,21555.0,379870
2009-09-02,18850.0,19150.0,18850.0,18850.0,19460.0,20407.5,20894.166666666668,21570.0,427773
2009-09-03,18950.0,19350.0,18900.0,19200.0,19300.0,20317.5,20806.666666666668,21588.333333333332,284110
2009-09-04,19250.0,19750.0,19200.0,19350.0,19190.0,20240.0,20731.666666666668,21601.666666666668,379064
2009-09-07,19550.0,19550.0,19050.0,19100.0,19140.0,20120.0,20665.833333333332,21613.75,267004
2009-09-08,19100.0,20500.0,19050.0,20350.0,19370.0,20060.0,20621.666666666668,21640.416666666668,1354268
2009-09-09,20550.0,20600.0,20000.0,20100.0,19620.0,19975.0,20567.5,21663.333333333332,625390
2009-09-10,20100.0,20500.0,19900.0,20400.0,19860.0,19900.0,20517.5,21688.333333333332,670147
2009-09-11,20500.0,20900.0,20350.0,20400.0,20070.0,19845.0,20479.166666666668,21698.75,595556
2009-09-14,20400.0,20500.0,19800.0,19900.0,20230.0,19812.5,20440.833333333332,21702.916666666668,379007
2009-09-15,20100.0,20450.0,19950.0,20200.0,20200.0,19822.5,20430.833333333332,21717.5,351693
2009-09-16,20250.0,20450.0,19950.0,20300.0,20240.0,19857.5,20414.166666666668,21742.916666666668,510357
2009-09-17,20650.0,21350.0,20600.0,21100.0,20380.0,19897.5,20394.166666666668,21771.666666666668,1364256
2009-09-18,21250.0,21400.0,20950.0,21000.0,20500.0,19935.0,20374.166666666668,21793.333333333332,716929
2009-09-21,21200.0,21500.0,20650.0,20650.0,20650.0,19980.0,20351.666666666668,21807.916666666668,525655
2009-09-22,20700.0,21100.0,20700.0,20850.0,20780.0,20035.0,20332.5,21822.916666666668,399455
2009-09-23,21000.0,21300.0,20250.0,20250.0,20770.0,20022.5,20301.666666666668,21819.583333333332,606309
2009-09-24,20100.0,20700.0,20050.0,20400.0,20630.0,20042.5,20280.0,21811.666666666668,437556
2009-09-25,20450.0,20550.0,19900.0,20200.0,20470.0,20057.5,20258.333333333332,21802.5,298628
2009-09-28,20250.0,20750.0,20100.0,20550.0,20450.0,20117.5,20243.333333333332,21787.916666666668,394290
2009-09-29,20700.0,21250.0,20550.0,21250.0,20530.0,20220.0,20227.5,21782.5,907704
2009-09-30,21200.0,21500.0,20400.0,20450.0,20570.0,20300.0,20205.0,21775.416666666668,689332
2009-10-01,20800.0,20900.0,20150.0,20450.0,20580.0,20362.5,20195.833333333332,21763.75,626829
2009-10-05,20150.0,20300.0,19700.0,19700.0,20480.0,20380.0,20175.0,21740.416666666668,399667
2009-10-06,19850.0,19850.0,18850.0,18900.0,20150.0,20370.0,20161.666666666668,21710.0,563903
2009-10-07,19100.0,19450.0,19050.0,19400.0,19780.0,20322.5,20167.5,21695.833333333332,294253
2009-10-08,19500.0,19500.0,19150.0,19400.0,19570.0,20287.5,20169.166666666668,21678.333333333332,196716
2009-10-09,19350.0,19750.0,19250.0,19550.0,19390.0,20245.0,20186.666666666668,21656.666666666668,243507
2009-10-12,19650.0,19700.0,19250.0,19350.0,19320.0,20192.5,20192.5,21627.916666666668,217560
2009-10-13,19300.0,19400.0,18800.0,18900.0,19320.0,20142.5,20179.166666666668,21585.416666666668,391556
2009-10-14,19100.0,19650.0,18900.0,19650.0,19370.0,20115.0,20187.5,21552.5,307395
2009-10-15,19650.0,19700.0,19400.0,19500.0,19390.0,20075.0,20185.0,21523.333333333332,276570
2009-10-16,19500.0,19700.0,19300.0,19300.0,19340.0,19985.0,20172.5,21500.833333333332,219277
2009-10-19,19200.0,19250.0,18950.0,19100.0,19290.0,19890.0,20160.0,21468.75,153796
2009-10-20,19550.0,20400.0,19500.0,20350.0,19580.0,19875.0,20167.5,21446.666666666668,913216
2009-10-21,20300.0,20600.0,20200.0,20450.0,19740.0,19855.0,20170.0,21425.416666666668,649573
2009-10-22,20400.0,20900.0,20350.0,20500.0,19940.0,19867.5,20181.666666666668,21391.25,621985
2009-10-23,20850.0,20900.0,20350.0,20450.0,20170.0,19870.0,20195.833333333332,21360.833333333332,520427
2009-10-26,20300.0,20650.0,20150.0,20450.0,20440.0,19882.5,20190.833333333332,21330.416666666668,326035
2009-10-27,20450.0,20800.0,20300.0,20800.0,20530.0,19895.0,20190.0,21309.583333333332,457762
2009-10-28,20800.0,20850.0,19350.0,19350.0,20310.0,19800.0,20170.833333333332,21275.0,570609
2009-10-29,18950.0,19100.0,18550.0,18700.0,19950.0,19712.5,20140.0,21240.833333333332,411004
2009-10-30,19100.0,19300.0,18450.0,18450.0,19550.0,19612.5,20097.5,21205.416666666668,367532
2009-11-02,17850.0,18300.0,17550.0,18050.0,19070.0,19530.0,20050.0,21163.333333333332,285774
2009-11-03,18150.0,18250.0,17650.0,17700.0,18450.0,19470.0,19986.666666666668,21116.666666666668,312367
2009-11-04,17650.0,18100.0,17650.0,18100.0,18200.0,19405.0,19929.166666666668,21065.416666666668,259556
2009-11-05,17950.0,18050.0,17700.0,17850.0,18030.0,19327.5,19863.333333333332,21012.083333333332,231351
2009-11-06,18150.0,18400.0,18050.0,18100.0,17960.0,19255.0,19800.0,20968.75,227884
2009-11-09,18100.0,18300.0,17900.0,18000.0,17950.0,19187.5,19741.666666666668,20920.416666666668,190584
2009-11-10,18150.0,18250.0,17850.0,17850.0,17980.0,19135.0,19696.666666666668,20847.5,163507
2009-11-11,17950.0,18100.0,17750.0,17900.0,17940.0,19047.5,19661.666666666668,20778.333333333332,199789
2009-11-12,17950.0,18100.0,17600.0,17600.0,17890.0,18952.5,19628.333333333332,20709.166666666668,259702
2009-11-13,17750.0,17900.0,17000.0,17050.0,17680.0,18840.0,19574.166666666668,20639.583333333332,391774
2009-11-16,17200.0,17500.0,17050.0,17400.0,17560.0,18755.0,19526.666666666668,20571.25,216659
2009-11-17,17450.0,17800.0,17450.0,17550.0,17500.0,18615.0,19490.0,20495.0,237444
2009-11-18,17600.0,18000.0,17600.0,17650.0,17450.0,18475.0,19455.0,20420.416666666668,204981
2009-11-19,17700.0,17800.0,17500.0,17700.0,17470.0,18335.0,19408.333333333332,20352.5,177340
2009-11-20,17650.0,17900.0,17400.0,17850.0,17630.0,18205.0,19372.5,20297.083333333332,181802
2009-11-23,17750.0,17900.0,17650.0,17750.0,17700.0,18070.0,19336.666666666668,20233.75,140906
2009-11-24,17900.0,17950.0,17550.0,17600.0,17710.0,17910.0,19307.5,20176.25,153069
2009-11-25,17600.0,17750.0,17300.0,17550.0,17690.0,17820.0,19280.0,20127.5,146453
2009-11-26,17500.0,17600.0,17250.0,17400.0,17630.0,17755.0,19255.833333333332,20075.0,233550
2009-11-27,17000.0,17200.0,15900.0,16000.0,17260.0,17632.5,19202.5,20004.583333333332,360457
2009-11-30,16350.0,16650.0,16200.0,16350.0,16980.0,17547.5,19152.5,19942.083333333332,289455
2009-12-01,16350.0,16600.0,16200.0,16550.0,16770.0,17490.0,19110.0,19887.916666666668,178049
2009-12-02,16700.0,16800.0,16550.0,16600.0,16580.0,17415.0,19047.5,19834.583333333332,166614
2009-12-03,16550.0,17100.0,16550.0,17100.0,16520.0,17377.5,18997.5,19782.5,224978
2009-12-04,17000.0,17200.0,16950.0,17050.0,16730.0,17325.0,18941.666666666668,19729.583333333332,150823
2009-12-07,17100.0,17500.0,17000.0,17450.0,16950.0,17297.5,18892.5,19685.833333333332,213817
2009-12-08,17300.0,17700.0,17250.0,17600.0,17160.0,17285.0,18854.166666666668,19647.5,161224
2009-12-09,17350.0,17800.0,17350.0,17700.0,17380.0,17275.0,18812.5,19621.666666666668,148325
2009-12-10,17750.0,17750.0,17200.0,17300.0,17420.0,17260.0,18762.5,19588.333333333332,315744
2009-12-11,17350.0,17950.0,17300.0,17850.0,17580.0,17300.0,18708.333333333332,19551.25,298163
2009-12-14,18050.0,18100.0,17700.0,18000.0,17690.0,17330.0,18658.333333333332,19516.25,237825
2009-12-15,17950.0,18000.0,17800.0,18000.0,17770.0,17352.5,18614.166666666668,19482.916666666668,156693
2009-12-16,18250.0,19000.0,18250.0,18900.0,18010.0,17415.0,18581.666666666668,19457.083333333332,964684
2009-12-17,18900.0,19050.0,18650.0,18650.0,18280.0,17462.5,18555.0,19428.333333333332,316364
2009-12-18,18500.0,18800.0,18350.0,18750.0,18460.0,17507.5,18527.5,19403.75,202629
2009-12-21,19050.0,19050.0,18650.0,18900.0,18640.0,17565.0,18505.833333333332,19382.083333333332,305980
2009-12-22,18950.0,19300.0,18500.0,18550.0,18750.0,17612.5,18472.5,19357.916666666668,298381
2009-12-23,18600.0,18650.0,18350.0,18500.0,18670.0,17660.0,18426.666666666668,19327.083333333332,150057
2009-12-24,18500.0,18850.0,18450.0,18700.0,18680.0,17725.0,18397.5,19301.25,214751
2009-12-28,19050.0,19200.0,18700.0,18700.0,18670.0,17860.0,18368.333333333332,19282.083333333332,317663
2009-12-29,18750.0,19350.0,18750.0,19050.0,18700.0,17995.0,18357.5,19266.25,326059
2009-12-30,19100.0,19150.0,18700.0,18950.0,18780.0,18115.0,18358.333333333332,19260.0,207714
2010-01-04,19000.0,19500.0,18850.0,19350.0,18950.0,18252.5,18357.5,19262.5,281413
2010-01-05,19600.0,19850.0,19350.0,19500.0,19110.0,18372.5,18359.166666666668,19264.166666666668,351420
2010-01-06,19450.0,19550.0,19050.0,19200.0,19210.0,18480.0,18353.333333333332,19270.0,366988
2010-01-07,19250.0,19250.0,18750.0,18800.0,19160.0,18547.5,18344.166666666668,19268.333333333332,454097
2010-01-08,18850.0,19450.0,18850.0,19400.0,19250.0,18637.5,18352.5,19265.833333333332,341552
2010-01-11,19650.0,19850.0,19500.0,19550.0,19290.0,18730.0,18350.833333333332,19269.166666666668,420928
2010-01-12,19500.0,19700.0,19150.0,19200.0,19230.0,18825.0,18345.833333333332,19265.416666666668,226950
2010-01-13,19050.0,19200.0,18350.0,18450.0,19080.0,18855.0,18331.666666666668,19252.083333333332,411109
2010-01-14,18550.0,18650.0,18400.0,18500.0,19020.0,18880.0,18321.666666666668,19240.833333333332,279434
2010-01-15,18550.0,18800.0,18400.0,18500.0,18840.0,18905.0,18290.833333333332,19229.166666666668,270860
2010-01-18,18400.0,18500.0,18000.0,18150.0,18560.0,18867.5,18252.5,19211.25,441646
2010-01-19,18300.0,18700.0,18200.0,18450.0,18410.0,18857.5,18218.333333333332,19200.0,276556
2010-01-20,18600.0,18800.0,18100.0,18100.0,18340.0,18825.0,18179.166666666668,19187.5,229912
2010-01-21,18200.0,18650.0,18050.0,18600.0,18360.0,18810.0,18148.333333333332,19169.583333333332,284847
2010-01-22,18200.0,18400.0,17900.0,18100.0,18280.0,18787.5,18103.333333333332,19146.666666666668,241303
2010-01-25,17800.0,17950.0,17600.0,17650.0,18180.0,18745.0,18075.0,19122.916666666668,247058
2010-01-26,17750.0,17800.0,17150.0,17350.0,17960.0,18677.5,18052.5,19096.25,238910
2010-01-27,17350.0,17550.0,17200.0,17350.0,17810.0,18610.0,18034.166666666668,19065.833333333332,176661
2010-01-28,17500.0,17550.0,17100.0,17500.0,17590.0,18532.5,18025.0,19037.5,146230
2010-01-29,17100.0,17200.0,16750.0,16800.0,17330.0,18425.0,18010.0,18998.333333333332,212592
2010-02-01,16950.0,17050.0,16650.0,16750.0,17150.0,18295.0,17987.5,18958.333333333332,173831
2010-02-02,16900.0,17150.0,16750.0,16750.0,17030.0,18157.5,17969.166666666668,18916.25,156982
2010-02-03,17050.0,17400.0,16950.0,17350.0,17030.0,18065.0,17956.666666666668,18878.333333333332,162312
2010-02-04,17450.0,17500.0,17150.0,17350.0,17000.0,17992.5,17945.833333333332,18843.75,123423
2010-02-05,16500.0,16750.0,16400.0,16700.0,16980.0,17857.5,17926.666666666668,18811.666666666668,184595
2010-02-08,16700.0,16800.0,16300.0,16300.0,16890.0,17695.0,17900.0,18780.833333333332,108441
2010-02-09,16300.0,16650.0,16250.0,16650.0,16870.0,17567.5,17884.166666666668,18756.25,110514
2010-02-10,16850.0,16850.0,16550.0,16600.0,16720.0,17475.0,17876.666666666668,18725.416666666668,95584
2010-02-11,16650.0,17300.0,16650.0,17100.0,16670.0,17405.0,17871.666666666668,18699.166666666668,212272
2010-02-12,17100.0,17150.0,16850.0,17050.0,16740.0,17332.5,17863.333333333332,18676.666666666668,82351
2010-02-16,17000.0,17200.0,16850.0,17100.0,16900.0,17280.0,17854.166666666668,18654.583333333332,80095
2010-02-17,17250.0,17350.0,17200.0,17350.0,17040.0,17225.0,17848.333333333332,18628.333333333332,124250
2010-02-18,17350.0,17350.0,17050.0,17100.0,17140.0,17175.0,17835.833333333332,18604.166666666668,103147
2010-02-19,17050.0,17100.0,16650.0,16750.0,17070.0,17082.5,17819.166666666668,18577.916666666668,143593
2010-02-22,16900.0,17200.0,16900.0,17200.0,17100.0,17037.5,17812.5,18560.0,81598
2010-02-23,17100.0,17200.0,17000.0,17150.0,17110.0,17012.5,17805.833333333332,18542.916666666668,68288
2010-02-24,17000.0,17100.0,16850.0,17000.0,17040.0,16995.0,17799.166666666668,18527.5,106497
2010-02-25,17100.0,17450.0,17050.0,17250.0,17070.0,16990.0,17820.0,18511.25,222759
2010-02-26,17300.0,17650.0,17050.0,17550.0,17230.0,16992.5,17840.0,18496.25,209357
2010-03-02,17800.0,17800.0,17450.0,17550.0,17300.0,17030.0,17856.666666666668,18483.333333333332,210894
2010-03-03,17550.0,17550.0,17400.0,17450.0,17360.0,17065.0,17870.833333333332,18459.166666666668,73646
2010-03-04,17450.0,17600.0,17100.0,17250.0,17410.0,17090.0,17873.333333333332,18435.416666666668,142779
2010-03-05,17250.0,17600.0,17250.0,17450.0,17450.0,17095.0,17880.0,18410.833333333332,107898
2010-03-08,17850.0,18000.0,17600.0,17700.0,17480.0,17112.5,17884.166666666668,18388.333333333332,230316
2010-03-09,17700.0,17750.0,17550.0,17600.0,17490.0,17157.5,17884.166666666668,18369.166666666668,100292
2010-03-10,17700.0,17950.0,17450.0,17850.0,17570.0,17235.0,17886.666666666668,18349.583333333332,177965
2010-03-11,17850.0,17850.0,17600.0,17650.0,17650.0,17285.0,17892.5,18327.5,154709
2010-03-12,17800.0,17900.0,17700.0,17850.0,17730.0,17347.5,17892.5,18300.416666666668,113431
2010-03-15,18250.0,18650.0,18150.0,18200.0,17830.0,17402.5,17895.833333333332,18277.083333333332,631222
2010-03-16,18100.0,18350.0,18050.0,18100.0,17930.0,17455.0,17897.5,18255.833333333332,189832
2010-03-17,18200.0,18350.0,18100.0,18200.0,18000.0,17510.0,17885.833333333332,18233.75,197477
2010-03-18,18300.0,18550.0,18050.0,18050.0,18080.0,17545.0,17875.833333333332,18215.416666666668,295759
2010-03-19,18150.0,18350.0,18100.0,18350.0,18180.0,17607.5,17869.166666666668,18198.333333333332,207780
2010-03-22,18250.0,18350.0,17900.0,17950.0,18130.0,17667.5,17853.333333333332,18179.583333333332,164020
2010-03-23,18050.0,18500.0,17850.0,18450.0,18200.0,17730.0,17851.666666666668,18162.083333333332,322333
2010-03-24,18600.0,18600.0,18150.0,18350.0,18230.0,17790.0,17849.166666666668,18137.916666666668,194653
2010-03-25,18350.0,18350.0,18050.0,18250.0,18270.0,17852.5,17841.666666666668,18119.583333333332,156303
2010-03-26,18200.0,18600.0,18050.0,18550.0,18310.0,17917.5,17839.166666666668,18103.75,179368
2010-03-29,18300.0,18650.0,18150.0,18600.0,18440.0,17970.0,17831.666666666668,18094.583333333332,368615
2010-03-30,19000.0,19100.0,18650.0,18800.0,18510.0,18032.5,17829.166666666668,18093.75,558490
2010-03-31,18900.0,19400.0,18750.0,18750.0,18590.0,18097.5,17819.166666666668,18088.333333333332,627356
2010-04-01,19000.0,19550.0,19000.0,19550.0,18850.0,18212.5,17820.0,18089.583333333332,811116
2010-04-02,19700.0,19800.0,19400.0,19600.0,19060.0,18320.0,17826.666666666668,18090.0,395289
2010-04-05,19650.0,19650.0,18800.0,19200.0,19180.0,18395.0,17833.333333333332,18088.75,318524
2010-04-06,19350.0,19700.0,19150.0,19600.0,19340.0,18495.0,17836.666666666668,18094.583333333332,366955
2010-04-07,19850.0,20100.0,19600.0,19600.0,19510.0,18582.5,17837.5,18094.166666666668,377332
2010-04-08,19500.0,19750.0,19400.0,19500.0,19500.0,18675.0,17842.5,18094.166666666668,249480
2010-04-09,19500.0,19800.0,18900.0,19700.0,19520.0,18767.5,17863.333333333332,18097.5,423943
2010-04-12,19900.0,20250.0,19800.0,19900.0,19660.0,18852.5,17886.666666666668,18104.166666666668,501807
2010-04-13,19900.0,20000.0,19500.0,19750.0,19690.0,18935.0,17907.5,18099.166666666668,223440
2010-04-14,19800.0,19950.0,19550.0,19700.0,19710.0,19010.0,17933.333333333332,18092.916666666668,200534
2010-04-15,19900.0,20500.0,19650.0,20400.0,19890.0,19127.5,17965.833333333332,18092.083333333332,649629
2010-04-16,20400.0,20600.0,20100.0,20400.0,20030.0,19230.0,18004.166666666668,18091.666666666668,359142
2010-04-19,20000.0,20100.0,19450.0,19450.0,19940.0,19305.0,18018.333333333332,18083.333333333332,375879
2010-04-20,19700.0,19850.0,19500.0,19600.0,19910.0,19362.5,18043.333333333332,18073.333333333332,238698
2010-04-21,19750.0,20200.0,19700.0,19800.0,19930.0,19435.0,18079.166666666668,18077.083333333332,291635
2010-04-22,19850.0,20150.0,19750.0,19800.0,19810.0,19512.5,18120.0,18086.25,325012
2010-04-23,19950.0,19950.0,19000.0,19000.0,19530.0,19535.0,18147.5,18090.833333333332,475775
2010-04-26,19100.0,19150.0,18600.0,18950.0,19430.0,19552.5,18171.666666666668,18098.333333333332,382306
2010-04-27,19000.0,19300.0,19000.0,19050.0,19320.0,19565.0,18209.166666666668,18109.583333333332,344156
2010-04-28,18650.0,19500.0,18500.0,19500.0,19260.0,19602.5,18255.0,18121.25,559390
2010-04-29,19700.0,20100.0,19250.0,19300.0,19160.0,19590.0,18297.5,18133.333333333332,642449
2010-04-30,19700.0,20550.0,19650.0,20550.0,19470.0,19637.5,18350.833333333332,18153.75,974145
2010-05-03,20650.0,21050.0,20250.0,20600.0,19800.0,19707.5,18405.0,18175.416666666668,862773
2010-05-04,20950.0,22450.0,20750.0,22250.0,20440.0,19840.0,18497.5,18212.083333333332,2428229
2010-05-06,21850.0,23100.0,21650.0,22750.0,21090.0,19997.5,18605.0,18252.5,1792083
2010-05-07,22100.0,23600.0,21700.0,22950.0,21820.0,20170.0,18710.0,18297.083333333332,1501697
2010-05-10,23400.0,23400.0,22500.0,23000.0,22310.0,20335.0,18816.666666666668,18346.666666666668,1013737
2010-05-11,23200.0,24400.0,22850.0,23700.0,22930.0,20525.0,18926.666666666668,18399.166666666668,1381937
2010-05-12,24000.0,24600.0,23450.0,23750.0,23230.0,20725.0,19038.333333333332,18450.833333333332,739922
2010-05-13,24100.0,24350.0,23550.0,24000.0,23480.0,20940.0,19153.333333333332,18503.75,685603
2010-05-14,23950.0,25200.0,23750.0,24100.0,23710.0,21125.0,19265.833333333332,18557.083333333332,1054722
2010-05-17,23750.0,24150.0,23250.0,24150.0,23940.0,21312.5,19383.333333333332,18609.583333333332,660511
2010-05-18,24700.0,25350.0,24200.0,24250.0,24050.0,21552.5,19508.333333333332,18663.75,1124439
2010-05-19,23950.0,24250.0,22650.0,23100.0,23920.0,21727.5,19606.666666666668,18709.583333333332,914658
2010-05-20,23350.0,25000.0,23250.0,23800.0,23880.0,21927.5,19717.5,18761.666666666668,1364561
2010-05-24,24450.0,25100.0,24150.0,24800.0,24020.0,22177.5,19847.5,18823.333333333332,1015393
2010-05-25,24800.0,25200.0,22450.0,23200.0,23830.0,22387.5,19946.666666666668,18883.333333333332,1856692
2010-05-26,23700.0,23800.0,22750.0,23350.0,23650.0,22607.5,20043.333333333332,18941.666666666668,764205
2010-05-27,23000.0,24200.0,22900.0,24100.0,23850.0,22860.0,20152.5,19004.583333333332,750061
2010-05-28,24450.0,24550.0,23700.0,24500.0,23990.0,23110.0,20270.0,19070.416666666668,678285
2010-05-31,24850.0,26200.0,24600.0,26000.0,24230.0,23445.0,20415.833333333332,19144.583333333332,1408383
2010-06-01,26100.0,26200.0,25400.0,25900.0,24770.0,23712.5,20556.666666666668,19218.333333333332,791195
2010-06-03,26300.0,26350.0,25100.0,25550.0,25210.0,23960.0,20687.5,19285.833333333332,749142
2010-06-04,25750.0,26000.0,25200.0,25300.0,25450.0,24112.5,20815.833333333332,19350.0,601546
2010-06-07,24350.0,25600.0,24300.0,25500.0,25650.0,24250.0,20943.333333333332,19415.0,597944
2010-06-08,25850.0,26800.0,25650.0,26350.0,25720.0,24420.0,21088.333333333332,19490.416666666668,978383
2010-06-09,26650.0,27100.0,26200.0,26500.0,25840.0,24595.0,21232.5,19562.5,680001
2010-06-10,26800.0,26900.0,26200.0,26500.0,26030.0,24735.0,21370.833333333332,19633.333333333332,503700
2010-06-11,26650.0,26750.0,25300.0,25300.0,26030.0,24812.5,21490.833333333332,19694.166666666668,936503
2010-06-14,25250.0,25750.0,25100.0,25150.0,25960.0,24870.0,21606.666666666668,19746.25,748852
2010-06-15,25350.0,26350.0,25300.0,26350.0,25960.0,24982.5,21745.0,19810.416666666668,734420
2010-06-16,26450.0,27200.0,26050.0,26850.0,26030.0,25117.5,21886.666666666668,19877.916666666668,717987
2010-06-17,27000.0,27550.0,26650.0,27150.0,26160.0,25262.5,22040.0,19946.666666666668,634086
2010-06-18,27500.0,27550.0,26900.0,27450.0,26590.0,25480.0,22190.0,20020.833333333332,450661
2010-06-21,27700.0,27900.0,27250.0,27450.0,27050.0,25662.5,22341.666666666668,20095.416666666668,625767
2010-06-22,27300.0,27350.0,26800.0,27100.0,27200.0,25777.5,22489.166666666668,20165.416666666668,508530
2010-06-23,26850.0,28600.0,26850.0,28250.0,27480.0,26030.0,22650.833333333332,20245.0,876245
2010-06-24,28250.0,28600.0,27900.0,28400.0,27730.0,26282.5,22814.166666666668,20322.916666666668,391362
2010-06-25,28000.0,29200.0,28000.0,28700.0,27980.0,26512.5,22979.166666666668,20404.166666666668,567219
2010-06-28,28800.0,28900.0,28400.0,28400.0,28170.0,26707.5,23140.0,20479.583333333332,298575
2010-06-29,28500.0,29650.0,28200.0,28200.0,28390.0,26817.5,23284.166666666668,20552.083333333332,695692
2010-06-30,27800.0,29600.0,27700.0,29450.0,28630.0,26995.0,23448.333333333332,20637.5,869813
2010-07-01,29350.0,29850.0,28600.0,29400.0,28830.0,27187.5,23618.333333333332,20725.833333333332,711254
2010-07-02,29500.0,30400.0,28200.0,28450.0,28780.0,27345.0,23765.833333333332,20801.25,1310257
2010-07-05,28600.0,29450.0,28200.0,29350.0,28970.0,27537.5,23928.333333333332,20882.916666666668,600726
2010-07-06,29500.0,30100.0,28700.0,30000.0,29330.0,27720.0,24103.333333333332,20972.916666666668,533513
2010-07-07,30050.0,30400.0,29550.0,29800.0,29400.0,27885.0,24271.666666666668,21067.5,439217
2010-07-08,30150.0,30250.0,29300.0,29350.0,29390.0,28027.5,24429.166666666668,21157.916666666668,507971
2010-07-09,29550.0,29700.0,28600.0,29150.0,29530.0,28220.0,24585.833333333332,21246.666666666668,648270
2010-07-12,29400.0,29750.0,28950.0,29300.0,29520.0,28427.5,24745.833333333332,21339.583333333332,619289
2010-07-13,29700.0,30200.0,29300.0,29450.0,29410.0,28582.5,24896.666666666668,21431.25,560928
2010-07-14,29800.0,29900.0,29050.0,29300.0,29310.0,28705.0,25045.0,21524.583333333332,626053
2010-07-15,29800.0,30500.0,29750.0,30350.0,29510.0,28865.0,25226.666666666668,21622.5,834942
2010-07-16,30400.0,30750.0,29350.0,29600.0,29600.0,28972.5,25393.333333333332,21718.333333333332,792063
2010-07-19,29200.0,30250.0,29150.0,29600.0,29660.0,29080.0,25556.666666666668,21817.916666666668,367889
2010-07-20,29800.0,30100.0,29350.0,29900.0,29750.0,29220.0,25725.0,21922.5,366451
2010-07-21,30200.0,30250.0,28100.0,28250.0,29540.0,29220.0,25879.166666666668,22013.333333333332,1089669
2010-07-22,28300.0,28350.0,27150.0,27350.0,28940.0,29167.5,26019.166666666668,22095.416666666668,1307228
2010-07-23,27750.0,28350.0,27100.0,28300.0,28680.0,29147.5,26173.333333333332,22191.25,545167
2010-07-26,28200.0,28500.0,27850.0,28000.0,28360.0,29127.5,26315.0,22285.0,363007
2010-07-27,28300.0,28750.0,27300.0,27400.0,27860.0,29087.5,26450.0,22373.75,584755
2010-07-28,27500.0,27700.0,27050.0,27600.0,27730.0,28995.0,26567.5,22459.166666666668,309219
2010-07-29,27400.0,28450.0,27400.0,28200.0,27900.0,28935.0,26694.166666666668,22549.583333333332,471324
2010-07-30,28300.0,28550.0,27650.0,27700.0,27780.0,28897.5,26785.0,22641.25,435043
2010-08-02,27700.0,28300.0,27300.0,28300.0,27840.0,28845.0,26877.5,22741.25,517252
2010-08-03,28550.0,28900.0,28100.0,28450.0,28050.0,28767.5,26969.166666666668,22839.583333333332,467684
2010-08-04,28500.0,28650.0,27850.0,28000.0,28130.0,28677.5,27052.5,22934.583333333332,335939
2010-08-05,28150.0,28300.0,27450.0,28300.0,28150.0,28625.0,27129.166666666668,23027.916666666668,450984
2010-08-06,28500.0,28500.0,27850.0,28000.0,28210.0,28567.5,27200.0,23119.166666666668,261466
2010-08-09,27800.0,27900.0,27450.0,27600.0,28070.0,28482.5,27260.0,23206.666666666668,374560
2010-08-10,27700.0,28100.0,27450.0,27550.0,27890.0,28387.5,27317.5,23291.666666666668,273643
2010-08-11,27300.0,27800.0,27300.0,27300.0,27750.0,28287.5,27370.0,23376.666666666668,250890
2010-08-12,26500.0,27000.0,26400.0,26500.0,27390.0,28095.0,27407.5,23457.916666666668,352167
2010-08-13,26850.0,27150.0,26350.0,26650.0,27120.0,27947.5,27466.666666666668,23536.666666666668,395845
2010-08-16,26650.0,26650.0,25600.0,26100.0,26820.0,27772.5,27505.0,23611.25,486860
2010-08-17,26150.0,28600.0,26000.0,28550.0,27020.0,27705.0,27567.5,23707.5,1050395
2010-08-18,28850.0,29600.0,28400.0,29350.0,27430.0,27760.0,27670.0,23808.333333333332,908781
2010-08-19,29350.0,29800.0,28900.0,29500.0,28030.0,27867.5,27772.5,23907.916666666668,505435
2010-08-20,29200.0,30250.0,29000.0,30100.0,28720.0,27957.5,27872.5,24012.5,651960
2010-08-23,30000.0,30800.0,29400.0,30650.0,29630.0,28090.0,27975.0,24122.5,900087
2010-08-24,30600.0,31000.0,29850.0,30000.0,29920.0,28220.0,28041.666666666668,24228.75,525006
2010-08-25,29600.0,31250.0,29550.0,30650.0,30180.0,28372.5,28120.833333333332,24338.75,988960
2010-08-26,31000.0,31100.0,29150.0,29250.0,30130.0,28425.0,28182.5,24435.0,921273
2010-08-27,28950.0,30150.0,28650.0,29800.0,30070.0,28530.0,28257.5,24536.666666666668,510482
2010-08-30,30200.0,30250.0,29600.0,29650.0,29870.0,28597.5,28326.666666666668,24635.0,423407
2010-08-31,29300.0,30900.0,29000.0,30900.0,30050.0,28720.0,28402.5,24745.416666666668,765136
2010-09-01,31100.0,32600.0,30850.0,32400.0,30400.0,28940.0,28500.833333333332,24866.666666666668,1228541
2010-09-02,32750.0,33200.0,31900.0,33050.0,31160.0,29177.5,28610.0,24990.416666666668,819871
2010-09-03,33050.0,33600.0,31800.0,32200.0,31640.0,29387.5,28725.0,25107.916666666668,683345
2010-09-06,32050.0,32450.0,31500.0,32050.0,32120.0,29610.0,28840.0,25223.333333333332,548732
2010-09-07,31950.0,32800.0,31850.0,32200.0,32380.0,29842.5,28937.5,25341.25,512936
2010-09-08,32200.0,32700.0,31950.0,32150.0,32330.0,30085.0,29025.833333333332,25456.25,299052
2010-09-09,32200.0,33700.0,31950.0,33700.0,32460.0,30445.0,29135.0,25587.5,673422
2010-09-10,33800.0,34800.0,33700.0,34200.0,32860.0,30822.5,29247.5,25718.75,835855
2010-09-13,34450.0,34700.0,33650.0,34300.0,33310.0,31232.5,29361.666666666668,25851.666666666668,474542
2010-09-14,34500.0,34850.0,33300.0,33450.0,33560.0,31477.5,29467.5,25978.333333333332,399765
2010-09-15,34000.0,35500.0,33750.0,34950.0,34120.0,31757.5,29579.166666666668,26115.0,757613
2010-09-16,35150.0,35350.0,34700.0,34950.0,34370.0,32030.0,29688.333333333332,26251.25,357742
2010-09-17,35200.0,35200.0,33800.0,34950.0,34520.0,32272.5,29792.5,26385.833333333332,350848
2010-09-20,34600.0,34900.0,34100.0,34100.0,34480.0,32445.0,29887.5,26513.75,169539
2010-09-24,34100.0,35000.0,33750.0,34950.0,34780.0,32692.5,30000.0,26642.083333333332,326273
2010-09-27,35200.0,35800.0,34550.0,35650.0,34920.0,32942.5,30103.333333333332,26775.833333333332,393809
2010-09-28,35500.0,35600.0,34600.0,34950.0,34920.0,33227.5,30195.833333333332,26907.083333333332,264027
2010-09-29,35150.0,35300.0,34150.0,35050.0,34940.0,33490.0,30305.833333333332,27035.833333333332,531370
2010-09-30,34600.0,35150.0,34350.0,34350.0,34990.0,33725.0,30389.166666666668,27158.75,270166
2010-10-01,34750.0,34950.0,33650.0,33650.0,34730.0,33862.5,30450.0,27276.666666666668,387273
2010-10-04,33500.0,33750.0,31900.0,31900.0,33980.0,33837.5,30485.0,27378.333333333332,923315
2010-10-05,32250.0,32550.0,31650.0,32150.0,33420.0,33792.5,30531.666666666668,27480.416666666668,641725
2010-10-06,32550.0,33700.0,32250.0,33650.0,33140.0,33865.0,30606.666666666668,27596.25,618752
2010-10-07,33250.0,33850.0,31900.0,32400.0,32750.0,33882.5,30658.333333333332,27702.083333333332,625245
2010-10-08,32600.0,33300.0,32500.0,32700.0,32560.0,33907.5,30712.5,27804.583333333332,292285
2010-10-11,32400.0,32750.0,30550.0,30600.0,32300.0,33830.0,30734.166666666668,27889.583333333332,1211057
2010-10-12,30600.0,31050.0,30050.0,30650.0,32000.0,33677.5,30739.166666666668,27982.916666666668,521648
2010-10-13,31000.0,31700.0,30950.0,31550.0,31580.0,33545.0,30771.666666666668,28082.5,420576
2010-10-14,31950.0,34100.0,31900.0,34100.0,31920.0,33535.0,30846.666666666668,28201.666666666668,990499
2010-10-15,34300.0,34550.0,33300.0,34300.0,32240.0,33577.5,30920.0,28322.5,686427
2010-10-18,34200.0,34650.0,33100.0,33450.0,32810.0,33502.5,31006.666666666668,28442.916666666668,554280
2010-10-19,33200.0,34000.0,32750.0,33050.0,33290.0,33407.5,31101.666666666668,28560.416666666668,442894
2010-10-20,32600.0,33700.0,32300.0,32950.0,33570.0,33307.5,31179.166666666668,28676.25,377927
2010-10-21,33300.0,34400.0,32950.0,34400.0,33630.0,33322.5,31285.833333333332,28800.416666666668,376468
2010-10-22,34400.0,35350.0,33900.0,34650.0,33700.0,33307.5,31406.666666666668,28928.333333333332,757804
2010-10-25,34850.0,36100.0,34700.0,35850.0,34180.0,33317.5,31544.166666666668,29055.833333333332,809848
2010-10-26,35950.0,37600.0,35550.0,37500.0,35070.0,33445.0,31699.166666666668,29196.666666666668,894381
2010-10-27,37700.0,37800.0,37000.0,37500.0,35980.0,33567.5,31862.5,29323.75,478357
2010-10-28,37150.0,38200.0,36500.0,37450.0,36590.0,33722.5,32015.0,29446.25,499126
2010-10-29,37950.0,39000.0,36950.0,38350.0,37330.0,33957.5,32180.0,29574.583333333332,903445
2010-11-01,38550.0,40200.0,38550.0,39500.0,38060.0,34337.5,32371.666666666668,29712.083333333332,828515
2010-11-02,39600.0,39900.0,39000.0,39450.0,38450.0,34702.5,32557.5,29843.333333333332,421082
2010-11-03,39600.0,40000.0,38800.0,39450.0,38840.0,34992.5,32748.333333333332,29974.166666666668,401404
2010-11-04,39200.0,39400.0,38150.0,38200.0,38990.0,35282.5,32925.0,30092.5,655480
2010-11-05,38550.0,38650.0,36850.0,36950.0,38710.0,35495.0,33081.666666666664,30199.583333333332,706504
2010-11-08,37450.0,39750.0,37200.0,39750.0,38760.0,35952.5,33289.166666666664,30329.583333333332,671377
2010-11-09,39800.0,41150.0,39350.0,40200.0,38910.0,36430.0,33517.5,30462.5,636957
2010-11-10,40200.0,41500.0,40000.0,41500.0,39320.0,36927.5,33765.0,30615.833333333332,531627
2010-11-11,41950.0,42800.0,41150.0,42150.0,40110.0,37330.0,34032.5,30768.75,735759
2010-11-12,42300.0,42900.0,39450.0,40150.0,40750.0,37622.5,34225.833333333336,30896.666666666668,632993
2010-11-15,40200.0,41650.0,39950.0,40950.0,40990.0,37997.5,34419.166666666664,31044.583333333332,452528
2010-11-16,41000.0,41450.0,40150.0,40400.0,41030.0,38365.0,34600.833333333336,31186.666666666668,301237
2010-11-17,39800.0,43150.0,39650.0,42850.0,41300.0,38860.0,34813.333333333336,31342.916666666668,650521
2010-11-18,42900.0,43700.0,42600.0,43700.0,41610.0,39325.0,35030.833333333336,31502.916666666668,399408
2010-11-19,43750.0,44350.0,43000.0,43400.0,42260.0,39762.5,35254.166666666664,31647.916666666668,400397
2010-11-22,42850.0,43100.0,40300.0,40700.0,42210.0,40005.0,35421.666666666664,31771.25,1346569
2010-11-23,40400.0,41300.0,39400.0,40650.0,42260.0,40162.5,35611.666666666664,31897.083333333332,725831
2010-11-24,39300.0,40400.0,39150.0,39500.0,41590.0,40262.5,35773.333333333336,32015.416666666668,649908
2010-11-25,39700.0,40700.0,39700.0,39700.0,40790.0,40375.0,35940.833333333336,32133.75,360585
2010-11-26,40000.0,40200.0,37950.0,38150.0,39740.0,40365.0,36061.666666666664,32232.083333333332,365252
2010-11-29,38150.0,38950.0,38000.0,38650.0,39330.0,40322.5,36165.833333333336,32333.333333333332,238432
2010-11-30,38900.0,40200.0,38750.0,39850.0,39170.0,40342.5,36279.166666666664,32444.583333333332,353908
2010-12-01,39550.0,40500.0,38850.0,40500.0,39370.0,40395.0,36417.5,32571.25,521722
2010-12-02,41050.0,41300.0,40550.0,41100.0,39650.0,40540.0,36568.333333333336,32704.166666666668,403832
2010-12-03,40950.0,40950.0,40400.0,40400.0,40100.0,40712.5,36705.0,32821.25,265013
2010-12-06,40800.0,40800.0,38900.0,38900.0,40150.0,40670.0,36817.5,32921.666666666664,388388
2010-12-07,38750.0,39700.0,38100.0,38950.0,39970.0,40607.5,36905.0,33020.0,361940
2010-12-08,39000.0,39300.0,37800.0,37800.0,39430.0,40422.5,36965.0,33106.25,519680
2010-12-09,37900.0,38900.0,37800.0,38900.0,38990.0,40260.0,37041.666666666664,33201.666666666664,306868
2010-12-10,39050.0,40200.0,38950.0,39850.0,38880.0,40245.0,37148.333333333336,33307.916666666664,359980
2010-12-13,40100.0,40200.0,39200.0,39500.0,39000.0,40172.5,37224.166666666664,33401.666666666664,231856
2010-12-14,39500.0,40800.0,39400.0,40500.0,39310.0,40177.5,37316.666666666664,33502.5,373412
2010-12-15,40500.0,41200.0,40100.0,40850.0,39920.0,40077.5,37415.0,33603.75,322956
2010-12-16,40800.0,41700.0,40450.0,40750.0,40290.0,39930.0,37525.833333333336,33706.666666666664,336787
2010-12-17,40800.0,41250.0,40000.0,40250.0,40370.0,39772.5,37614.166666666664,33807.083333333336,303640
2010-12-20,39250.0,39900.0,38550.0,39150.0,40300.0,39695.0,37672.5,33887.916666666664,361811
2010-12-21,39400.0,40350.0,39400.0,40000.0,40200.0,39662.5,37756.666666666664,33976.25,451108
2010-12-22,40100.0,40550.0,39700.0,39850.0,40000.0,39680.0,37836.666666666664,34071.25,220764
2010-12-23,40000.0,40250.0,39100.0,39100.0,39670.0,39650.0,37915.833333333336,34152.5,209095
2010-12-24,39000.0,39400.0,38300.0,38500.0,39320.0,39667.5,37996.666666666664,34223.333333333336,208867
2010-12-27,38500.0,38950.0,37100.0,37100.0,38910.0,39590.0,38083.333333333336,34284.166666666664,400097
2010-12-28,37500.0,38000.0,36950.0,37100.0,38330.0,39452.5,38165.833333333336,34348.75,367333
2010-12-29,37500.0,38850.0,37200.0,38750.0,38110.0,39365.0,38250.833333333336,34428.75,300493
2010-12-30,39250.0,39250.0,38000.0,38100.0,37910.0,39215.0,38345.833333333336,34502.083333333336,280613
2011-01-03,38450.0,38450.0,37800.0,38250.0,37860.0,39107.5,38438.333333333336,34575.416666666664,322214
2011-01-04,38700.0,40550.0,38700.0,40550.0,38550.0,39190.0,38604.166666666664,34669.166666666664,746525
2011-01-05,40700.0,42350.0,40150.0,42350.0,39600.0,39360.0,38799.166666666664,34769.166666666664,830783
2011-01-06,42400.0,42900.0,41650.0,42200.0,40290.0,39580.0,38976.666666666664,34874.166666666664,570932
2011-01-07,42050.0,42900.0,41850.0,42700.0,41210.0,39770.0,39120.0,34983.333333333336,284773
2011-01-10,42650.0,42650.0,41000.0,41400.0,41840.0,39847.5,39238.333333333336,35079.166666666664,433554
2011-01-11,41200.0,42150.0,40900.0,42050.0,42140.0,39975.0,39381.666666666664,35194.166666666664,368501
2011-01-12,42000.0,42500.0,41600.0,42200.0,42110.0,40060.0,39534.166666666664,35317.916666666664,474512
2011-01-13,42500.0,42550.0,41100.0,41350.0,41940.0,40085.0,39674.166666666664,35426.666666666664,527513
2011-01-14,41150.0,41650.0,40450.0,41100.0,41620.0,40102.5,39785.833333333336,35535.833333333336,379787
2011-01-17,41000.0,41700.0,40400.0,40400.0,41420.0,40110.0,39881.666666666664,35644.166666666664,373692
2011-01-18,40200.0,41700.0,40000.0,40550.0,41120.0,40180.0,39960.0,35752.083333333336,505655
2011-01-19,40700.0,41950.0,40400.0,41850.0,41050.0,40272.5,40032.5,35865.833333333336,474019
2011-01-20,41850.0,44100.0,41550.0,44000.0,41580.0,40480.0,40140.833333333336,36001.666666666664,1001432
2011-01-21,44250.0,44450.0,42600.0,42600.0,41880.0,40655.0,40226.666666666664,36120.833333333336,847255
2011-01-24,42500.0,42650.0,41450.0,42100.0,42220.0,40835.0,40289.166666666664,36234.583333333336,567010
2011-01-25,42100.0,43400.0,41700.0,43250.0,42760.0,41142.5,40351.666666666664,36361.666666666664,561429
2011-01-26,43450.0,43850.0,42800.0,43050.0,43000.0,41440.0,40411.666666666664,36484.583333333336,380809
2011-01-27,43300.0,44350.0,42950.0,43050.0,42810.0,41655.0,40471.666666666664,36610.0,630246
2011-01-28,43500.0,43900.0,42700.0,43500.0,42990.0,41925.0,40560.0,36742.5,472522
2011-01-31,42700.0,44800.0,42700.0,44050.0,43380.0,42215.0,40678.333333333336,36880.0,571363
2011-02-01,44450.0,44950.0,43650.0,44150.0,43560.0,42395.0,40751.666666666664,37020.416666666664,491919
2011-02-07,44800.0,45000.0,44350.0,44650.0,43880.0,42510.0,40825.833333333336,37171.666666666664,289403
2011-02-08,44900.0,44900.0,42700.0,42750.0,43820.0,42537.5,40846.666666666664,37305.833333333336,545453
2011-02-09,42750.0,42850.0,40350.0,40700.0,43260.0,42437.5,40822.5,37427.5,643005
2011-02-10,40700.0,40900.0,39500.0,39850.0,42420.0,42360.0,40817.5,37521.666666666664,584411
2011-02-11,40000.0,40950.0,39600.0,39800.0,41550.0,42247.5,40798.333333333336,37608.75,359569
2011-02-14,40200.0,40600.0,39650.0,40500.0,40720.0,42162.5,40800.0,37700.416666666664,266255
2011-02-15,40250.0,41350.0,40250.0,41050.0,40380.0,42147.5,40770.0,37791.666666666664,316794
2011-02-16,41200.0,42750.0,41200.0,41200.0,40480.0,42152.5,40728.333333333336,37879.583333333336,528868
2011-02-17,41600.0,42000.0,39550.0,39900.0,40490.0,42127.5,40670.0,37962.083333333336,346520
2011-02-18,40050.0,42000.0,40000.0,41450.0,40820.0,42172.5,40682.5,38052.083333333336,269272
2011-02-21,41800.0,43150.0,41250.0,42750.0,41270.0,42217.5,40717.5,38164.583333333336,363897
2011-02-22,42200.0,42550.0,41500.0,41700.0,41400.0,42102.5,40754.166666666664,38263.75,269153
2011-02-23,41500.0,42900.0,41400.0,42000.0,41560.0,42072.5,40792.5,38366.666666666664,343527
2011-02-24,41600.0,42050.0,39550.0,39900.0,41560.0,41962.5,40821.666666666664,38441.666666666664,394592
2011-02-25,40400.0,41350.0,40000.0,40800.0,41430.0,41840.0,40857.5,38511.666666666664,264205
2011-02-28,40800.0,41300.0,40050.0,40750.0,41030.0,41725.0,40872.5,38575.833333333336,161378
2011-03-02,40500.0,40950.0,38700.0,38900.0,40470.0,41517.5,40845.833333333336,38631.666666666664,283736
2011-03-03,39050.0,40700.0,39050.0,40600.0,40190.0,41372.5,40837.5,38702.916666666664,209426
2011-03-04,41150.0,41400.0,40000.0,41000.0,40410.0,41220.0,40847.5,38776.25,321518
2011-03-07,41000.0,41000.0,39600.0,39700.0,40190.0,40997.5,40860.833333333336,38839.166666666664,351691
2011-03-08,39700.0,40600.0,39600.0,40050.0,40050.0,40767.5,40879.166666666664,38892.083333333336,284400
2011-03-09,40350.0,40450.0,38800.0,38950.0,40060.0,40577.5,40898.333333333336,38931.666666666664,467731
2011-03-10,39100.0,40200.0,38850.0,40200.0,39980.0,40552.5,40920.0,38980.833333333336,466019
2011-03-11,39600.0,40450.0,39200.0,40200.0,39820.0,40570.0,40925.833333333336,39037.083333333336,282806
2011-03-14,41000.0,41600.0,40000.0,40700.0,40020.0,40615.0,40945.833333333336,39085.0,608490
2011-03-15,41300.0,42300.0,39000.0,41300.0,40270.0,40655.0,40959.166666666664,39137.916666666664,809692
2011-03-16,41950.0,43450.0,41800.0,43450.0,41170.0,40775.0,41002.5,39208.75,986405
2011-03-17,42800.0,45300.0,42800.0,45200.0,42170.0,40975.0,41076.666666666664,39301.25,1320169
2011-03-18,45550.0,47000.0,45050.0,45700.0,43270.0,41265.0,41167.5,39390.833333333336,762731
2011-03-21,45700.0,47700.0,45150.0,47700.0,44670.0,41577.5,41310.0,39491.25,563043
2011-03-22,48050.0,49800.0,47250.0,48100.0,46030.0,41845.0,41445.0,39600.833333333336,559241
2011-03-23,48550.0,50200.0,46750.0,47000.0,46740.0,42110.0,41564.166666666664,39700.416666666664,698661
2011-03-24,47800.0,51000.0,47500.0,51000.0,47900.0,42560.0,41762.5,39839.166666666664,588549
2011-03-25,51900.0,52700.0,49650.0,49800.0,48720.0,43055.0,41950.833333333336,39973.75,566398
2011-03-28,49700.0,50500.0,49200.0,49850.0,49150.0,43507.5,42163.333333333336,40123.333333333336,333747
2011-03-29,50200.0,52400.0,49850.0,52300.0,49990.0,44085.0,42416.666666666664,40291.25,461674
2011-03-30,52600.0,53800.0,51300.0,51300.0,50850.0,44705.0,42625.833333333336,40438.333333333336,545538
2011-03-31,51500.0,52800.0,50100.0,51700.0,50990.0,45260.0,42852.5,40599.166666666664,386591
2011-04-01,51700.0,52700.0,51000.0,51300.0,51290.0,45775.0,43070.0,40754.166666666664,327528
2011-04-04,51400.0,51400.0,48200.0,49250.0,51170.0,46252.5,43215.0,40909.583333333336,929703
2011-04-05,49600.0,52900.0,49500.0,52600.0,51230.0,46880.0,43385.833333333336,41092.5,574814
2011-04-06,52600.0,55000.0,51100.0,51800.0,51330.0,47522.5,43545.833333333336,41261.25,904595
2011-04-07,52500.0,52900.0,51500.0,52000.0,51390.0,48112.5,43700.833333333336,41410.416666666664,262939
2011-04-08,52700.0,54900.0,52400.0,54300.0,51990.0,48817.5,43915.833333333336,41577.083333333336,590690
2011-04-11,54900.0,55700.0,53700.0,54700.0,53080.0,49517.5,44126.666666666664,41754.166666666664,432085
2011-04-12,54700.0,54700.0,51900.0,52200.0,53000.0,50062.5,44293.333333333336,41913.75,504447
2011-04-13,51600.0,54500.0,51600.0,54200.0,53480.0,50600.0,44507.5,42090.833333333336,498787
2011-04-14,54000.0,57200.0,53500.0,56600.0,54400.0,51170.0,44765.833333333336,42275.833333333336,610629
2011-04-15,57300.0,59500.0,56900.0,59500.0,55440.0,51860.0,45084.166666666664,42482.916666666664,677855
2011-04-18,61000.0,62500.0,58800.0,60500.0,56600.0,52500.0,45416.666666666664,42688.333333333336,898834
2011-04-19,59800.0,62400.0,59400.0,60500.0,58260.0,53120.0,45727.5,42880.0,621269
2011-04-20,61300.0,62400.0,58700.0,58900.0,59200.0,53715.0,45975.833333333336,43058.333333333336,687236
2011-04-21,59800.0,65600.0,58100.0,63500.0,60580.0,54340.0,46324.166666666664,43275.416666666664,1077697
2011-04-22,64100.0,67200.0,63100.0,63800.0,61440.0,55040.0,46685.833333333336,43487.5,678960
2011-04-25,62100.0,64400.0,62100.0,63700.0,62080.0,55732.5,47026.666666666664,43689.166666666664,568111
2011-04-26,65000.0,66900.0,64900.0,65800.0,63140.0,56407.5,47405.833333333336,43908.75,671255
2011-04-27,67600.0,69800.0,63600.0,64700.0,64300.0,57077.5,47766.666666666664,44119.166666666664,1066877
2011-04-28,64900.0,67600.0,62700.0,64300.0,64460.0,57707.5,48113.333333333336,44336.666666666664,858826
2011-04-29,64700.0,65500.0,60200.0,61500.0,64000.0,58217.5,48404.166666666664,44541.25,688559
2011-05-02,62200.0,63800.0,61600.0,63000.0,63860.0,58905.0,48718.333333333336,44735.0,405367
2011-05-03,63000.0,63900.0,60000.0,61600.0,63020.0,59355.0,49000.833333333336,44913.333333333336,436327
2011-05-04,61300.0,61900.0,59500.0,59800.0,62040.0,59755.0,49285.0,45065.833333333336,535888
2011-05-06,58300.0,59200.0,55600.0,57200.0,60620.0,60015.0,49560.0,45191.25,542344
2011-05-09,57700.0,59200.0,57400.0,58100.0,59940.0,60205.0,49864.166666666664,45340.833333333336,267944
2011-05-11,59900.0,63600.0,59300.0,63600.0,60060.0,60650.0,50260.833333333336,45529.583333333336,707316
2011-05-12,63300.0,66000.0,62900.0,64600.0,60660.0,61270.0,50662.5,45731.25,865948
2011-05-13,65400.0,65600.0,61800.0,63200.0,61340.0,61720.0,51031.666666666664,45900.833333333336,633376
2011-05-16,63700.0,64900.0,63300.0,63600.0,62620.0,62070.0,51405.0,46066.666666666664,330646
2011-05-17,63100.0,64000.0,60100.0,60800.0,63160.0,62135.0,51753.333333333336,46211.666666666664,496306
2011-05-18,61000.0,63300.0,60900.0,62400.0,62920.0,62230.0,52102.5,46392.5,379494
2011-05-19,63100.0,64300.0,61100.0,61400.0,62280.0,62275.0,52413.333333333336,46565.416666666664,431723
2011-05-20,61700.0,61900.0,58400.0,60500.0,61740.0,62355.0,52726.666666666664,46740.416666666664,489731
2011-05-23,60200.0,60300.0,55900.0,55900.0,60200.0,61975.0,52958.333333333336,46875.416666666664,623930
2011-05-24,55900.0,59400.0,55200.0,58800.0,59800.0,61725.0,53273.333333333336,47047.5,528971
2011-05-25,58900.0,60200.0,56900.0,57000.0,58720.0,61390.0,53543.333333333336,47200.416666666664,521807
2011-05-26,58100.0,65200.0,57700.0,63500.0,59140.0,61275.0,53922.5,47397.5,834328
2011-05-27,63100.0,65300.0,62500.0,63700.0,59780.0,61225.0,54335.833333333336,47590.833333333336,631682
2011-05-30,64600.0,64600.0,62700.0,64000.0,61400.0,61210.0,54725.833333333336,47781.666666666664,341904
2011-05-31,64600.0,67200.0,64100.0,66900.0,63020.0,61480.0,55157.5,48002.5,702035
2011-06-01,66500.0,67300.0,64800.0,65200.0,64660.0,61590.0,55582.5,48221.666666666664,468754
2011-06-02,63000.0,66100.0,62900.0,64800.0,64920.0,61750.0,55995.0,48437.083333333336,369608
2011-06-03,65300.0,67900.0,65200.0,66200.0,65420.0,62070.0,56449.166666666664,48673.75,506528
2011-06-07,66400.0,67400.0,62800.0,62900.0,65200.0,62355.0,56827.5,48873.75,593369
2011-06-08,63600.0,64700.0,60600.0,63300.0,64480.0,62615.0,57212.5,49069.166666666664,510386
2011-06-09,62900.0,64600.0,62700.0,64300.0,64300.0,62650.0,57605.833333333336,49275.833333333336,411325
2011-06-10,65200.0,68000.0,65000.0,67700.0,64880.0,62805.0,58045.833333333336,49502.5,954821
2011-06-13,67600.0,68900.0,65600.0,67700.0,65180.0,63030.0,58450.0,49726.25,655468
2011-06-14,68100.0,70900.0,67100.0,70500.0,66700.0,63375.0,58871.666666666664,49974.166666666664,778496
2011-06-15,71000.0,71500.0,69600.0,70700.0,68180.0,63870.0,59288.333333333336,50227.916666666664,394757
2011-06-16,69700.0,72700.0,69700.0,70000.0,69320.0,64250.0,59660.0,50485.0,453292
2011-06-17,70500.0,71200.0,69400.0,70500.0,69880.0,64705.0,60033.333333333336,50739.166666666664,301865
2011-06-20,71000.0,71400.0,68600.0,69000.0,70140.0,65130.0,60400.0,50982.083333333336,337614
2011-06-21,70000.0,70500.0,65900.0,69400.0,69920.0,65805.0,60706.666666666664,51234.583333333336,533901
2011-06-22,70000.0,70300.0,68500.0,69300.0,69640.0,66330.0,61031.666666666664,51491.25,340800
2011-06-23,69200.0,70500.0,67600.0,68000.0,69240.0,66880.0,61334.166666666664,51748.75,307706
2011-06-24,68000.0,68500.0,63600.0,65100.0,68160.0,66960.0,61547.5,51982.083333333336,1179113
2011-06-27,64500.0,66400.0,64200.0,66000.0,67560.0,67075.0,61792.5,52209.166666666664,354289
2011-06-28,66700.0,68000.0,66100.0,66400.0,66960.0,67195.0,62037.5,52445.0,401112
2011-06-29,67600.0,68700.0,67000.0,67900.0,66680.0,67245.0,62314.166666666664,52692.083333333336,372958
2011-06-30,68600.0,68700.0,67500.0,67600.0,66600.0,67365.0,62620.0,52917.5,197091
2011-07-01,68500.0,69100.0,67500.0,68200.0,67220.0,67535.0,62880.0,53132.916666666664,302715
2011-07-04,68600.0,68900.0,66000.0,66300.0,67280.0,67540.0,63121.666666666664,53333.75,507875
2011-07-05,66300.0,68200.0,66200.0,66800.0,67360.0,67735.0,63368.333333333336,53534.583333333336,391890
2011-07-06,66700.0,66800.0,65000.0,65300.0,66840.0,67835.0,63551.666666666664,53733.75,484240
2011-07-07,63500.0,66200.0,62400.0,66100.0,66540.0,67925.0,63741.666666666664,53934.166666666664,659408
2011-07-08,65600.0,66500.0,64300.0,64700.0,65840.0,67775.0,63950.0,54121.666666666664,525400
2011-07-11,64400.0,65600.0,64300.0,65000.0,65580.0,67640.0,64130.0,54318.75,270781
2011-07-12,64400.0,65400.0,63700.0,63700.0,64960.0,67300.0,64248.333333333336,54507.083333333336,253163
2011-07-13,64200.0,66400.0,63200.0,66100.0,65120.0,67070.0,64358.333333333336,54721.25,411798
2011-07-14,66100.0,66300.0,65000.0,66300.0,65160.0,66885.0,64455.0,54935.833333333336,247237
2011-07-15,66300.0,66900.0,65500.0,66300.0,65480.0,66675.0,64551.666666666664,55139.583333333336,246707
2011-07-18,66900.0,68900.0,66700.0,68000.0,66080.0,66625.0,64703.333333333336,55339.583333333336,495597
2011-07-19,67600.0,69200.0,66700.0,67600.0,66860.0,66535.0,64771.666666666664,55547.916666666664,338428
2011-07-20,68500.0,68800.0,64900.0,66000.0,66840.0,66370.0,64808.333333333336,55747.083333333336,463728
2011-07-21,66400.0,66900.0,64700.0,64700.0,66520.0,66205.0,64825.0,55925.833333333336,276823
2011-07-22,65600.0,67800.0,65500.0,67400.0,66740.0,66320.0,64851.666666666664,56128.75,370584
2011-07-25,68300.0,69700.0,68300.0,69100.0,66960.0,66475.0,64925.0,56345.833333333336,601020
2011-07-26,70000.0,70000.0,68600.0,70000.0,67440.0,66655.0,65020.0,56566.666666666664,355654
2011-07-27,69600.0,69800.0,68500.0,68500.0,67940.0,66685.0,65136.666666666664,56770.416666666664,284560
2011-07-28,67600.0,70800.0,67100.0,70800.0,69160.0,66845.0,65266.666666666664,56992.5,429502
2011-07-29,70700.0,71300.0,69700.0,69700.0,69620.0,66920.0,65401.666666666664,57201.25,347780
2011-08-01,70600.0,71400.0,69700.0,70500.0,69900.0,67130.0,65580.0,57432.5,344291
2011-08-02,69900.0,71800.0,69400.0,70400.0,69980.0,67310.0,65800.0,57680.0,398909
2011-08-03,68700.0,69300.0,62000.0,67300.0,69740.0,67410.0,65953.33333333333,57908.75,448092
2011-08-04,67500.0,67600.0,62100.0,62300.0,68040.0,67220.0,65931.66666666667,58096.25,626013
2011-08-05,57500.0,60900.0,56500.0,59900.0,66080.0,66980.0,65853.33333333333,58257.916666666664,537226
2011-08-08,59000.0,61300.0,51400.0,55100.0,63000.0,66485.0,65718.33333333333,58375.0,677157
2011-08-09,53000.0,58100.0,49250.0,57000.0,60320.0,66150.0,65608.33333333333,58506.666666666664,775277
2011-08-10,61000.0,61700.0,57000.0,59000.0,58660.0,65795.0,65578.33333333333,58665.833333333336,563114
2011-08-11,56100.0,63400.0,56000.0,62400.0,58680.0,65600.0,65578.33333333333,58840.416666666664,500656
2011-08-12,63600.0,65500.0,61600.0,62000.0,59100.0,65385.0,65588.33333333333,59000.833333333336,600183
2011-08-16,64600.0,65500.0,62100.0,62800.0,60640.0,65125.0,65626.66666666667,59176.666666666664,489187
2011-08-17,62800.0,64400.0,62800.0,63500.0,61940.0,64920.0,65753.33333333333,59355.833333333336,275259
2011-08-18,63900.0,64100.0,60600.0,61300.0,62400.0,64685.0,65795.0,59534.166666666664,426213
2011-08-19,58800.0,59500.0,52200.0,52200.0,60360.0,64060.0,65715.0,59629.166666666664,457109
2011-08-22,52200.0,56500.0,52200.0,52800.0,58520.0,63330.0,65536.66666666667,59729.583333333336,592831
2011-08-23,54000.0,60000.0,53700.0,59500.0,57860.0,62850.0,65466.666666666664,59901.25,428930
2011-08-24,61000.0,61400.0,57700.0,57700.0,56700.0,62235.0,65361.666666666664,60043.75,356159
2011-08-25,59200.0,59600.0,55100.0,56500.0,55740.0,61635.0,65188.333333333336,60172.916666666664,333532
2011-08-26,56000.0,58500.0,55700.0,57500.0,56800.0,60970.0,65060.0,60321.25,197295
2011-08-29,58800.0,60100.0,57800.0,59700.0,58180.0,60470.0,64975.0,60485.0,329388
2011-08-30,60600.0,60900.0,57100.0,57300.0,57740.0,59810.0,64826.666666666664,60637.916666666664,477959
2011-08-31,57900.0,59100.0,56300.0,57400.0,57680.0,59160.0,64735.0,60781.25,481740
2011-09-01,57500.0,59200.0,55500.0,55900.0,57560.0,58590.0,64611.666666666664,60912.083333333336,589940
2011-09-02,56400.0,57700.0,55600.0,57400.0,57540.0,58345.0,64496.666666666664,61051.25,256612
2011-09-05,56500.0,56800.0,52400.0,53000.0,56200.0,58000.0,64251.666666666664,61148.75,503483
2011-09-06,52000.0,54100.0,50900.0,52000.0,55140.0,57845.0,63990.0,61220.0,360692
2011-09-07,53500.0,55000.0,52600.0,54100.0,54480.0,57700.0,63716.666666666664,61294.166666666664,265599
2011-09-08,54800.0,54900.0,51200.0,51900.0,53680.0,57345.0,63403.333333333336,61345.833333333336,383906
2011-09-09,51500.0,53200.0,49200.0,49200.0,52040.0,56685.0,63056.666666666664,61358.333333333336,567211
2011-09-14,49350.0,50600.0,44700.0,44700.0,50380.0,55820.0,62626.666666666664,61330.0,634808
2011-09-15,47000.0,47000.0,38450.0,40300.0,48040.0,54695.0,62148.333333333336,61274.166666666664,1898844
2011-09-16,42000.0,43450.0,41550.0,43050.0,45830.0,53672.5,61709.166666666664,61207.916666666664,1162364
2011-09-19,42850.0,43950.0,41000.0,41050.0,43660.0,52660.0,61238.333333333336,61135.0,843841
2011-09-20,40850.0,44550.0,40600.0,43700.0,42560.0,52235.0,60833.333333333336,61083.75,818876
2011-09-21,43750.0,44650.0,42900.0,43350.0,42290.0,51762.5,60470.833333333336,61009.166666666664,766276
2011-09-22,41950.0,42400.0,40450.0,41000.0,42430.0,50837.5,60054.166666666664,60923.333333333336,541707
2011-09-23,38700.0,39500.0,37850.0,37850.0,41390.0,49845.0,59578.333333333336,60807.916666666664,562734
2011-09-26,38700.0,39700.0,35100.0,36950.0,40570.0,48867.5,59062.5,60688.333333333336,840015
2011-09-27,38500.0,38800.0,37050.0,38800.0,39590.0,47932.5,58582.5,60601.25,777774
2011-09-28,38450.0,40350.0,36700.0,37500.0,38420.0,46822.5,58070.833333333336,60475.416666666664,903537
2011-09-29,36800.0,39550.0,36800.0,39550.0,38130.0,45935.0,57625.0,60373.333333333336,499132
2011-09-30,39000.0,40600.0,38850.0,39900.0,38540.0,45060.0,57176.666666666664,60272.5,630492
2011-10-04,36900.0,37550.0,36100.0,37350.0,38620.0,44132.5,56710.833333333336,60131.25,447822
2011-10-05,37800.0,37850.0,33700.0,34500.0,37760.0,42987.5,56184.166666666664,59962.916666666664,638308
2011-10-06,35950.0,36450.0,34200.0,35650.0,37390.0,42120.0,55700.0,59825.0,710375
2011-10-07,36500.0,37350.0,34100.0,36900.0,36860.0,41365.0,55231.666666666664,59680.833333333336,1670093
2011-10-10,37100.0,37950.0,36300.0,36800.0,36240.0,40500.0,54783.333333333336,59515.833333333336,699583
2011-10-11,38400.0,39550.0,36900.0,37150.0,36200.0,39762.5,54300.833333333336,59329.583333333336,1187474
2011-10-12,37150.0,40100.0,36600.0,40100.0,37320.0,39307.5,53864.166666666664,59159.583333333336,1167268
2011-10-13,40800.0,41700.0,39750.0,39750.0,38140.0,39060.0,53421.666666666664,58986.666666666664,1087828
2011-10-14,39750.0,41150.0,39250.0,40250.0,38810.0,39057.5,52959.166666666664,58831.25,726731
2011-10-17,40900.0,40900.0,39850.0,40600.0,39570.0,38935.0,52509.166666666664,58640.416666666664,622636
2011-10-18,39450.0,42050.0,39200.0,41500.0,40440.0,38957.5,52100.833333333336,58454.583333333336,859887
2011-10-19,42150.0,42200.0,40500.0,41550.0,40730.0,38850.0,51715.0,58270.0,550263
2011-10-20,41800.0,42950.0,39100.0,39150.0,40610.0,38640.0,51244.166666666664,58047.916666666664,723725
2011-10-21,40300.0,41800.0,39500.0,41800.0,40920.0,38680.0,50789.166666666664,57857.083333333336,427552
2011-10-24,42650.0,42850.0,41700.0,42400.0,41280.0,38907.5,50329.166666666664,57674.583333333336,531015
2011-10-25,42400.0,42400.0,40450.0,40500.0,41080.0,39085.0,49862.5,57499.583333333336,608631
2011-10-26,39850.0,41100.0,39400.0,41100.0,40990.0,39200.0,49367.5,57317.083333333336,468482
2011-10-27,41250.0,43250.0,40150.0,42850.0,41730.0,39467.5,48920.0,57160.833333333336,1048623
2011-10-28,44400.0,46800.0,43800.0,44450.0,42260.0,39712.5,48485.833333333336,57032.916666666664,1729232
2011-10-31,44900.0,45650.0,43300.0,43350.0,42450.0,39885.0,48035.0,56917.5,568591
2011-11-01,42550.0,43200.0,41600.0,41800.0,42710.0,40107.5,47610.0,56781.666666666664,642203
2011-11-02,40000.0,40850.0,39300.0,40850.0,42660.0,40425.0,47252.5,56592.083333333336,726460
2011-11-03,41200.0,41300.0,38850.0,38900.0,41870.0,40587.5,46902.5,56377.916666666664,626819
2011-11-04,40200.0,41250.0,39900.0,41100.0,41200.0,40797.5,46669.166666666664,56193.75,497545
2011-11-07,41150.0,42200.0,40500.0,41200.0,40770.0,41017.5,46405.833333333336,56007.083333333336,409785
2011-11-08,40600.0,40900.0,40050.0,40100.0,40430.0,41165.0,46090.833333333336,55834.583333333336,410475
2011-11-09,40700.0,40900.0,39750.0,39900.0,40240.0,41155.0,45715.833333333336,55647.083333333336,287618
2011-11-10,38200.0,38500.0,36950.0,37050.0,39870.0,41020.0,45300.0,55444.166666666664,512225
2011-11-11,37800.0,38300.0,37400.0,37900.0,39230.0,40902.5,44885.0,55255.833333333336,210858
2011-11-14,38650.0,39450.0,38650.0,39050.0,38800.0,40825.0,44477.5,55115.416666666664,272932
2011-11-15,38500.0,40300.0,38300.0,40000.0,38780.0,40750.0,44122.5,54958.75,430537
2011-11-16,40300.0,41450.0,39550.0,39550.0,38710.0,40650.0,43911.666666666664,54813.333333333336,536346
2011-11-17,40100.0,42350.0,39500.0,42100.0,39720.0,40797.5,43733.333333333336,54635.0,670055
2011-11-18,41450.0,42600.0,41250.0,42500.0,40640.0,40832.5,43450.0,54458.333333333336,618168
2011-11-21,42050.0,42100.0,39500.0,40900.0,41010.0,40757.5,43170.0,54265.833333333336,785410
2011-11-22,40400.0,44000.0,40100.0,44000.0,41810.0,40932.5,42961.666666666664,54075.0,1036562
2011-11-23,43800.0,44800.0,42450.0,43500.0,42600.0,41052.5,42728.333333333336,53894.166666666664,686596
2011-11-24,43400.0,44700.0,42800.0,44350.0,43050.0,41127.5,42472.5,53723.75,608823
2011-11-25,43900.0,44850.0,42150.0,42800.0,43110.0,41045.0,42230.833333333336,53528.75,369306
2011-11-28,43500.0,45000.0,43250.0,43850.0,43700.0,41070.0,42005.0,53370.0,421822
2011-11-29,44100.0,44650.0,43100.0,44550.0,43810.0,41207.5,41815.833333333336,53213.75,544260
2011-11-30,44450.0,45250.0,43650.0,43650.0,43840.0,41347.5,41586.666666666664,53041.666666666664,454787
2011-12-01,45500.0,46800.0,44900.0,46050.0,44180.0,41705.0,41470.833333333336,52861.25,842184
2011-12-02,46000.0,47000.0,45250.0,46800.0,44980.0,41990.0,41384.166666666664,52687.083333333336,398051
2011-12-05,47200.0,47900.0,45800.0,47900.0,45790.0,42325.0,41280.833333333336,52498.75,486590
2011-12-06,47400.0,49200.0,46450.0,46500.0,46180.0,42645.0,41190.833333333336,52297.083333333336,596025
2011-12-07,46900.0,46950.0,45950.0,46300.0,46710.0,42965.0,41142.5,52099.583333333336,268444
2011-12-08,46200.0,47200.0,45900.0,46200.0,46740.0,43422.5,41167.5,51897.083333333336,308916
2011-12-09,45650.0,45950.0,44650.0,45450.0,46470.0,43800.0,41253.333333333336,51700.833333333336,222144
2011-12-12,46500.0,46900.0,46000.0,46000.0,46090.0,44147.5,41302.5,51505.833333333336,207828
2011-12-13,45450.0,46900.0,45100.0,46400.0,46070.0,44467.5,41391.666666666664,51315.0,227337
2011-12-14,46450.0,47300.0,44950.0,45050.0,45820.0,44742.5,41414.166666666664,51123.75,282389
2011-12-15,44300.0,44400.0,41900.0,42250.0,45030.0,44750.0,41395.833333333336,50933.333333333336,462128
2011-12-16,42600.0,43350.0,41800.0,42150.0,44370.0,44732.5,41415.0,50734.583333333336,279988
2011-12-19,41650.0,41900.0,37650.0,40000.0,43170.0,44687.5,41450.833333333336,50514.583333333336,395995
2011-12-20,40500.0,40900.0,39500.0,40600.0,42010.0,44517.5,41511.666666666664,50287.083333333336,163684
2011-12-21,41900.0,42350.0,41250.0,41300.0,41260.0,44407.5,41553.333333333336,50067.916666666664,235830
2011-12-22,41300.0,41300.0,39900.0,40450.0,40900.0,44212.5,41602.5,49836.666666666664,326574
2011-12-23,40750.0,40850.0,40050.0,40050.0,40480.0,44075.0,41610.833333333336,49617.916666666664,321485
2011-12-26,40450.0,40450.0,39150.0,39250.0,40330.0,43845.0,41600.0,49388.333333333336,232734
2011-12-27,39250.0,39650.0,38050.0,38450.0,39900.0,43540.0,41618.333333333336,49164.583333333336,263985
2011-12-28,38450.0,38500.0,38050.0,38100.0,39260.0,43262.5,41678.333333333336,48931.25,168464
2011-12-29,37450.0,38700.0,37400.0,38100.0,38790.0,42865.0,41719.166666666664,48709.583333333336,160645
2012-01-02,37600.0,38200.0,37600.0,38000.0,38380.0,42425.0,41737.5,48484.583333333336,145343
2012-01-03,38200.0,39950.0,38200.0,39950.0,38520.0,42027.5,41790.0,48286.666666666664,381257
2012-01-04,39800.0,40450.0,39350.0,39450.0,38720.0,41675.0,41828.333333333336,48064.583333333336,204857
2012-01-05,39300.0,41350.0,39250.0,41200.0,39340.0,41420.0,41846.666666666664,47855.416666666664,417542
2012-01-06,40950.0,41300.0,39900.0,41050.0,39930.0,41162.5,41868.333333333336,47645.0,269146
2012-01-09,40800.0,40950.0,39850.0,40450.0,40420.0,40912.5,41871.666666666664,47415.416666666664,200815
2012-01-10,40850.0,41450.0,40550.0,41150.0,40660.0,40670.0,41880.833333333336,47195.0,219669
2012-01-11,41200.0,41900.0,40750.0,41000.0,40970.0,40400.0,41872.5,46986.666666666664,241217
2012-01-12,41500.0,45200.0,41500.0,43850.0,41500.0,40340.0,41910.833333333336,46812.916666666664,970063
2012-01-13,44200.0,44300.0,42450.0,42900.0,41870.0,40372.5,41973.333333333336,46608.75,395435
2012-01-16,42300.0,43850.0,41650.0,43850.0,42550.0,40457.5,42007.5,46398.333333333336,254104
2012-01-17,43900.0,45000.0,43800.0,44650.0,43250.0,40690.0,42045.0,46187.083333333336,510031
2012-01-18,44500.0,45000.0,44000.0,44000.0,43850.0,40860.0,42103.333333333336,45982.916666666664,247323
2012-01-19,44050.0,44650.0,42900.0,42900.0,43660.0,40940.0,42133.333333333336,45750.416666666664,256201
2012-01-20,43350.0,44750.0,43300.0,44400.0,43960.0,41137.5,42159.166666666664,45539.583333333336,493115
2012-01-25,44300.0,44400.0,42300.0,42500.0,43690.0,41260.0,42126.666666666664,45306.25,483512
2012-01-26,42700.0,42900.0,41950.0,42350.0,43230.0,41415.0,42110.0,45072.5,422039
2012-01-27,42800.0,46500.0,42750.0,46200.0,43670.0,41802.5,42183.333333333336,44896.666666666664,966234
2012-01-30,45900.0,46650.0,45200.0,46650.0,44420.0,42230.0,42280.0,44766.25,658476
2012-01-31,46500.0,49100.0,46000.0,48300.0,45200.0,42740.0,42436.666666666664,44669.583333333336,899549
2012-02-01,48200.0,49300.0,47750.0,49000.0,46500.0,43290.0,42568.333333333336,44618.75,486535
2012-02-02,49300.0,50400.0,48600.0,49850.0,48000.0,43785.0,42712.5,44559.166666666664,482763
2012-02-03,49750.0,50800.0,48950.0,50600.0,48880.0,44342.5,42887.5,44489.166666666664,437521
2012-02-06,51500.0,52900.0,50500.0,52000.0,49950.0,44882.5,43089.166666666664,44402.5,584131
2012-02-07,52000.0,52800.0,50500.0,50500.0,50390.0,45355.0,43313.333333333336,44306.666666666664,311655
2012-02-08,50500.0,54200.0,49850.0,52800.0,51150.0,45972.5,43561.666666666664,44223.333333333336,525442
2012-02-09,52500.0,53900.0,52400.0,53300.0,51840.0,46580.0,43799.166666666664,44138.333333333336,273804
2012-02-10,53000.0,53700.0,50500.0,51700.0,52060.0,47115.0,43994.166666666664,44058.333333333336,510695
2012-02-13,51000.0,51700.0,49650.0,50200.0,51700.0,47432.5,44171.666666666664,44041.666666666664,584542
2012-02-14,50000.0,52100.0,49850.0,51500.0,51900.0,47862.5,44328.333333333336,44030.833333333336,385880
2012-02-15,51300.0,51900.0,50100.0,51100.0,51560.0,48225.0,44471.666666666664,43960.833333333336,358133
2012-02-16,50200.0,50900.0,49000.0,49200.0,50740.0,48452.5,44610.0,43890.0,350745
2012-02-17,50200.0,50700.0,49500.0,50400.0,50480.0,48772.5,44716.666666666664,43839.166666666664,320759
2012-02-20,51100.0,51500.0,49700.0,49900.0,50420.0,49122.5,44823.333333333336,43775.833333333336,219114
2012-02-21,50200.0,50300.0,47200.0,48500.0,49820.0,49327.5,44892.5,43682.5,624134
2012-02-22,48600.0,49100.0,48050.0,48500.0,49300.0,49627.5,44987.5,43609.166666666664,171630
2012-02-23,48050.0,48500.0,47300.0,47750.0,49010.0,49897.5,45052.5,43528.75,166635
2012-02-24,48100.0,49100.0,48000.0,48700.0,48670.0,50022.5,45121.666666666664,43468.75,226978
2012-02-27,48450.0,48450.0,46600.0,48000.0,48290.0,50090.0,45194.166666666664,43390.416666666664,296420
2012-02-28,47900.0,48400.0,47000.0,47500.0,48090.0,50050.0,45218.333333333336,43344.583333333336,195684
2012-02-29,47800.0,49650.0,47800.0,49000.0,48190.0,50050.0,45255.0,43319.583333333336,388793
2012-03-02,49300.0,49700.0,48550.0,49000.0,48440.0,50007.5,45273.333333333336,43277.083333333336,213525
2012-03-05,49050.0,49200.0,47200.0,47200.0,48140.0,49837.5,45285.0,43237.916666666664,246886
2012-03-06,47000.0,47650.0,45600.0,46400.0,47820.0,49557.5,45286.666666666664,43214.583333333336,324144
2012-03-07,45200.0,47000.0,45200.0,46300.0,47580.0,49347.5,45288.333333333336,43227.916666666664,238755
2012-03-08,46600.0,48300.0,46500.0,48000.0,47380.0,49107.5,45330.833333333336,43292.083333333336,358418
2012-03-09,48900.0,49150.0,47700.0,48900.0,47360.0,48887.5,45379.166666666664,43340.833333333336,396926
2012-03-12,49200.0,49200.0,46850.0,47350.0,47390.0,48670.0,45395.0,43393.333333333336,337942
2012-03-13,47600.0,48100.0,46800.0,47200.0,47550.0,48520.0,45430.833333333336,43422.5,303618
2012-03-14,48300.0,49450.0,47850.0,47850.0,47860.0,48337.5,45524.166666666664,43460.0,519862
2012-03-15,47500.0,48850.0,47350.0,47450.0,47750.0,48155.0,45612.5,43513.75,293095
2012-03-16,47850.0,48050.0,46700.0,47150.0,47400.0,48052.5,45731.666666666664,43591.25,164183
2012-03-19,47100.0,48650.0,47100.0,47650.0,47460.0,47915.0,45849.166666666664,43680.416666666664,226911
2012-03-20,47650.0,48400.0,47300.0,47550.0,47530.0,47797.5,45953.333333333336,43753.333333333336,177315
2012-03-21,46950.0,47500.0,46350.0,46350.0,47230.0,47690.0,46051.666666666664,43827.083333333336,296398
2012-03-22,46050.0,46350.0,44800.0,45100.0,46760.0,47520.0,46135.833333333336,43873.333333333336,375227
2012-03-23,44800.0,47150.0,44750.0,46850.0,46700.0,47475.0,46262.5,43931.25,236392
2012-03-26,46600.0,47400.0,45000.0,45000.0,46170.0,47290.0,46371.666666666664,43995.0,286514
2012-03-27,45550.0,45850.0,44950.0,45500.0,45760.0,47165.0,46495.0,44086.666666666664,178857
2012-03-28,45500.0,46000.0,44800.0,45100.0,45510.0,47045.0,46611.666666666664,44165.416666666664,177119
2012-03-29,45200.0,45700.0,44800.0,45050.0,45500.0,46847.5,46729.166666666664,44233.333333333336,187952
2012-03-30,44800.0,46850.0,44800.0,46600.0,45450.0,46727.5,46840.0,44315.0,296621
2012-04-02,47150.0,47150.0,46150.0,46250.0,45700.0,46680.0,46953.333333333336,44390.833333333336,97767
2012-04-03,46450.0,46800.0,45650.0,46800.0,45960.0,46700.0,47046.666666666664,44446.666666666664,212512
2012-04-04,46800.0,46800.0,44850.0,45600.0,46060.0,46665.0,47122.5,44495.416666666664,267746
2012-04-05,44900.0,45600.0,43850.0,43850.0,45820.0,46457.5,47179.166666666664,44525.416666666664,362020
2012-04-06,43600.0,45500.0,43250.0,44750.0,45450.0,46250.0,47239.166666666664,44560.0,296944
2012-04-09,44100.0,44850.0,42600.0,42650.0,44730.0,46015.0,47266.666666666664,44569.583333333336,204744
2012-04-10,42700.0,43950.0,42000.0,42100.0,43790.0,45760.0,47237.5,44574.166666666664,239425
2012-04-12,41750.0,43100.0,41750.0,43100.0,43290.0,45522.5,47240.833333333336,44607.083333333336,257141
2012-04-13,44000.0,44450.0,43000.0,43150.0,43150.0,45307.5,47229.166666666664,44618.333333333336,334230
2012-04-16,42250.0,43850.0,42200.0,43550.0,42910.0,45127.5,47210.833333333336,44627.916666666664,132971
2012-04-17,44050.0,44050.0,42950.0,43550.0,43090.0,44922.5,47203.333333333336,44653.333333333336,163399
2012-04-18,44250.0,45350.0,43950.0,45100.0,43690.0,44800.0,47240.0,44686.666666666664,341405
2012-04-19,44900.0,45500.0,44400.0,44950.0,44060.0,44730.0,47249.166666666664,44704.166666666664,175041
2012-04-20,44800.0,44950.0,42600.0,42650.0,43960.0,44607.5,47251.666666666664,44689.166666666664,278032
2012-04-23,42700.0,43050.0,41950.0,41950.0,43640.0,44362.5,47245.0,44677.5,201682
2012-04-24,41250.0,41450.0,38850.0,38950.0,42720.0,44060.0,47124.166666666664,44653.75,574771
2012-04-25,39400.0,39550.0,37100.0,37500.0,41200.0,43660.0,46971.666666666664,44625.833333333336,793601
2012-04-26,38250.0,38700.0,37500.0,38200.0,39850.0,43315.0,46803.333333333336,44620.0,485140
2012-04-27,38400.0,38550.0,37150.0,38100.0,38940.0,42967.5,46621.666666666664,44595.0,347762
2012-04-30,38400.0,39300.0,37450.0,39150.0,38380.0,42595.0,46443.333333333336,44577.916666666664,300033
2012-05-02,39650.0,41550.0,39600.0,40950.0,38780.0,42330.0,46282.5,44585.0,446114
2012-05-03,41000.0,41200.0,40050.0,41050.0,39490.0,42042.5,46100.0,44594.583333333336,175787
2012-05-04,41100.0,41500.0,40500.0,41100.0,40070.0,41817.5,45943.333333333336,44628.333333333336,171424
2012-05-07,39500.0,40500.0,39400.0,39650.0,40380.0,41607.5,45724.166666666664,44642.916666666664,151977
2012-05-08,40150.0,40800.0,40000.0,40450.0,40640.0,41392.5,45510.0,44654.583333333336,116854
2012-05-09,39400.0,40650.0,38500.0,40450.0,40540.0,41282.5,45322.5,44658.333333333336,273743
2012-05-10,40250.0,40250.0,39200.0,40150.0,40360.0,41185.0,45155.0,44663.333333333336,183512
2012-05-11,40000.0,40150.0,38500.0,38900.0,39920.0,40975.0,44945.0,44636.666666666664,179904
2012-05-14,39450.0,39750.0,38600.0,39000.0,39790.0,40767.5,44743.333333333336,44607.5,185113
2012-05-15,38100.0,38700.0,37650.0,37850.0,39270.0,40482.5,44554.166666666664,44582.083333333336,277198
2012-05-16,37500.0,39700.0,37450.0,38500.0,38880.0,40230.0,44355.833333333336,44536.25,248338
2012-05-17,37950.0,41100.0,37950.0,41100.0,39070.0,40030.0,44209.166666666664,44516.25,656161
2012-05-18,40600.0,41350.0,39950.0,41000.0,39490.0,39832.5,44084.166666666664,44488.333333333336,501936
2012-05-21,41400.0,41650.0,39650.0,41500.0,39990.0,39775.0,43967.5,44477.5,317111
2012-05-22,42000.0,42100.0,41050.0,41600.0,40740.0,39757.5,43865.0,44458.75,257492
2012-05-23,41400.0,42850.0,40850.0,42200.0,41480.0,39920.0,43756.666666666664,44439.166666666664,514193
2012-05-24,42450.0,42450.0,40800.0,41700.0,41600.0,40130.0,43651.666666666664,44422.916666666664,242265
2012-05-25,41800.0,43050.0,41800.0,42900.0,41980.0,40365.0,43575.0,44396.666666666664,418504
2012-05-29,42950.0,43550.0,42550.0,43100.0,42300.0,40615.0,43476.666666666664,44365.833333333336,178059
2012-05-30,43200.0,43200.0,42100.0,42600.0,42500.0,40787.5,43370.0,44321.666666666664,155913
2012-05-31,41800.0,42350.0,41400.0,41750.0,42410.0,40827.5,43279.166666666664,44282.083333333336,165694
2012-06-01,41700.0,42850.0,41600.0,42150.0,42500.0,40882.5,43208.333333333336,44247.5,179948
2012-06-04,40500.0,41500.0,40400.0,41500.0,42220.0,40902.5,43128.333333333336,44208.333333333336,216916
2012-06-05,42000.0,42500.0,41250.0,42400.0,42080.0,41040.0,43035.0,44182.916666666664,133521
2012-06-07,43150.0,43750.0,42400.0,42700.0,42100.0,41152.5,42931.666666666664,44155.416666666664,244628
2012-06-08,43350.0,43800.0,42500.0,42850.0,42320.0,41272.5,42856.666666666664,44125.833333333336,124457
2012-06-11,43300.0,44200.0,43250.0,44200.0,42730.0,41475.0,42806.666666666664,44118.75,192533
2012-06-12,43400.0,44600.0,43400.0,44100.0,43250.0,41735.0,42744.166666666664,44134.166666666664,193060
2012-06-13,44750.0,45150.0,43100.0,43250.0,43420.0,41947.5,42674.166666666664,44143.333333333336,255965
2012-06-14,42950.0,44000.0,42800.0,43100.0,43500.0,42210.0,42606.666666666664,44169.166666666664,204660
2012-06-15,43300.0,43850.0,43100.0,43300.0,43590.0,42450.0,42534.166666666664,44191.666666666664,131458
2012-06-18,44000.0,44450.0,43400.0,43500.0,43450.0,42570.0,42466.666666666664,44210.0,196560
2012-06-19,43500.0,44300.0,42850.0,43350.0,43300.0,42687.5,42416.666666666664,44234.166666666664,144051
2012-06-20,43900.0,44000.0,42850.0,43150.0,43280.0,42770.0,42384.166666666664,44260.0,166941
2012-06-21,43250.0,43450.0,42300.0,42350.0,43130.0,42807.5,42309.166666666664,44285.833333333336,132432
2012-06-22,41700.0,42300.0,41200.0,42000.0,42870.0,42797.5,42259.166666666664,44315.416666666664,121934
2012-06-25,42100.0,43000.0,41350.0,42800.0,42730.0,42852.5,42214.166666666664,44354.583333333336,131083
2012-06-26,42800.0,43400.0,42200.0,42400.0,42540.0,42827.5,42169.166666666664,44390.416666666664,113432
2012-06-27,42950.0,43250.0,42200.0,43050.0,42520.0,42825.0,42135.833333333336,44432.5,131484
2012-06-28,43350.0,43450.0,42500.0,43250.0,42700.0,42857.5,42080.0,44460.0,76572
2012-06-29,42900.0,44000.0,42650.0,43950.0,43090.0,42967.5,42041.666666666664,44497.5,285593
2012-07-02,44300.0,44350.0,43400.0,43600.0,43250.0,43040.0,41988.333333333336,44517.5,218743
2012-07-03,43700.0,44150.0,42850.0,43450.0,43460.0,43137.5,41952.5,44537.5,404449
2012-07-04,43500.0,43550.0,42400.0,42750.0,43400.0,43155.0,41934.166666666664,44556.666666666664,374357
2012-07-05,42500.0,43000.0,41500.0,41600.0,43070.0,43100.0,41881.666666666664,44560.416666666664,673329
2012-07-06,41850.0,42200.0,41700.0,42050.0,42690.0,43060.0,41871.666666666664,44569.166666666664,219261
2012-07-09,41750.0,42100.0,41200.0,42050.0,42380.0,42952.5,41870.833333333336,44554.166666666664,143580
2012-07-10,42100.0,42450.0,41150.0,41500.0,41990.0,42822.5,41844.166666666664,44542.5,109709
2012-07-11,41400.0,42250.0,41050.0,42100.0,41860.0,42765.0,41826.666666666664,44527.916666666664,177681
2012-07-12,42150.0,42250.0,41200.0,41250.0,41790.0,42672.5,41788.333333333336,44499.583333333336,204696
2012-07-13,41250.0,42900.0,39850.0,42900.0,41960.0,42652.5,41777.5,44490.416666666664,351868
2012-07-16,42150.0,43350.0,42150.0,43350.0,42220.0,42645.0,41748.333333333336,44494.166666666664,291639
2012-07-17,42650.0,43650.0,42650.0,43350.0,42590.0,42645.0,41721.666666666664,44485.416666666664,222074
2012-07-18,43400.0,43500.0,41900.0,43000.0,42770.0,42637.5,41727.5,44489.583333333336,224169
2012-07-19,43300.0,43900.0,43050.0,43750.0,43270.0,42707.5,41757.5,44501.25,344816
2012-07-20,43750.0,44200.0,43150.0,44200.0,43530.0,42817.5,41845.0,44484.583333333336,249050
2012-07-23,43400.0,44000.0,43100.0,44000.0,43660.0,42877.5,41953.333333333336,44462.5,263600
2012-07-24,43050.0,43800.0,42150.0,43500.0,43690.0,42932.5,42041.666666666664,44422.5,277875
2012-07-25,42500.0,43000.0,41700.0,42350.0,43560.0,42897.5,42112.5,44367.083333333336,452821
2012-07-26,42200.0,42500.0,41400.0,42500.0,43310.0,42860.0,42168.333333333336,44305.833333333336,389646
2012-07-27,42950.0,43300.0,42100.0,43100.0,43090.0,42817.5,42204.166666666664,44243.333333333336,315557
2012-07-30,43300.0,43650.0,42600.0,43650.0,43020.0,42820.0,42247.5,44173.75,240318
2012-07-31,44000.0,44700.0,43400.0,44700.0,43260.0,42882.5,42307.5,44125.416666666664,381110
2012-08-01,44200.0,44900.0,44100.0,44900.0,43770.0,42990.0,42395.0,44059.583333333336,246916
2012-08-02,44600.0,45550.0,44600.0,44850.0,44240.0,43152.5,42468.333333333336,43989.166666666664,283091
2012-08-03,44850.0,44850.0,44000.0,44450.0,44510.0,43272.5,42535.0,43928.75,195579
2012-08-06,45050.0,45800.0,44900.0,45300.0,44840.0,43435.0,42620.833333333336,43887.916666666664,312343
2012-08-07,45100.0,45650.0,45000.0,45650.0,45030.0,43642.5,42733.333333333336,43839.166666666664,202846
2012-08-08,46000.0,46100.0,45400.0,46100.0,45270.0,43842.5,42851.666666666664,43797.5,423429
2012-08-09,46100.0,46500.0,45900.0,46500.0,45600.0,44105.0,42995.833333333336,43775.0,218787
2012-08-10,46500.0,46500.0,45150.0,45450.0,45800.0,44232.5,43111.666666666664,43733.75,345000
2012-08-13,45300.0,46200.0,45300.0,46000.0,45940.0,44365.0,43193.333333333336,43701.25,186673
2012-08-14,46200.0,46500.0,45600.0,46500.0,46110.0,44522.5,43285.0,43684.583333333336,340954
2012-08-16,46200.0,47300.0,46200.0,47200.0,46330.0,44732.5,43380.0,43673.75,409986
2012-08-17,47400.0,47450.0,46700.0,47450.0,46520.0,44917.5,43477.5,43671.25,214047
2012-08-20,47450.0,47750.0,46800.0,47450.0,46920.0,45080.0,43565.0,43660.833333333336,264857
2012-08-21,47600.0,47650.0,46500.0,47450.0,47210.0,45252.5,43660.833333333336,43656.25,260768
2012-08-22,47450.0,47450.0,46300.0,47050.0,47320.0,45430.0,43730.0,43652.5,380793
2012-08-23,46900.0,47000.0,46300.0,47000.0,47280.0,45662.5,43795.0,43635.833333333336,231014
2012-08-24,46200.0,46500.0,45800.0,46400.0,47070.0,45857.5,43858.333333333336,43614.166666666664,224756
2012-08-27,46400.0,47000.0,46050.0,47000.0,46980.0,46052.5,43945.833333333336,43612.5,169194
2012-08-28,46500.0,47100.0,46400.0,46800.0,46850.0,46210.0,44023.333333333336,43615.833333333336,105373
2012-08-29,46600.0,46900.0,46000.0,46850.0,46810.0,46317.5,44112.5,43620.416666666664,183243
2012-08-30,46900.0,46900.0,44900.0,45700.0,46550.0,46357.5,44167.5,43601.25,414634
2012-08-31,45000.0,45500.0,44750.0,44750.0,46220.0,46352.5,44201.666666666664,43566.666666666664,325207
2012-09-03,45050.0,45700.0,44300.0,45300.0,45880.0,46395.0,44242.5,43549.583333333336,304105
2012-09-04,45300.0,45550.0,44850.0,44850.0,45490.0,46372.5,44253.333333333336,43530.0,221067
2012-09-05,44500.0,45100.0,43000.0,43500.0,44820.0,46265.0,44243.333333333336,43493.75,672000
2012-09-06,43500.0,43650.0,42400.0,43400.0,44360.0,46130.0,44245.833333333336,43460.0,413283
2012-09-07,44000.0,45000.0,43900.0,45000.0,44410.0,46055.0,44277.5,43442.083333333336,438478
2012-09-10,45000.0,45000.0,43900.0,43950.0,44140.0,45980.0,44288.333333333336,43411.25,320073
2012-09-11,43600.0,44800.0,43550.0,44100.0,43990.0,45885.0,44298.333333333336,43382.5,258817
2012-09-12,44500.0,44700.0,43850.0,43850.0,44060.0,45752.5,44306.666666666664,43361.666666666664,263272
2012-09-13,43700.0,43800.0,42900.0,42900.0,43960.0,45537.5,44302.5,43343.333333333336,219511
2012-09-14,44300.0,45500.0,44000.0,45300.0,44020.0,45430.0,44351.666666666664,43330.416666666664,478973
2012-09-17,45550.0,45550.0,44700.0,44850.0,44200.0,45300.0,44399.166666666664,43329.166666666664,221425
2012-09-18,45000.0,45400.0,44550.0,44900.0,44360.0,45172.5,44434.166666666664,43324.166666666664,187475
2012-09-19,44950.0,46000.0,44650.0,45750.0,44740.0,45107.5,44490.0,43329.583333333336,391540
2012-09-20,45650.0,45950.0,43500.0,43500.0,44860.0,44932.5,44497.5,43316.666666666664,452535
2012-09-21,43800.0,44300.0,43350.0,43600.0,44520.0,44792.5,44503.333333333336,43291.666666666664,408625
2012-09-24,43500.0,43850.0,42600.0,43300.0,44210.0,44607.5,44492.5,43267.083333333336,270509
2012-09-25,43000.0,44350.0,43000.0,44150.0,44060.0,44475.0,44501.666666666664,43245.0,315443
2012-09-26,43600.0,43850.0,42800.0,42850.0,43480.0,44275.0,44491.666666666664,43222.083333333336,225341
2012-09-27,42600.0,43500.0,41650.0,43250.0,43430.0,44152.5,44500.0,43217.083333333336,308809
2012-09-28,43300.0,43900.0,42600.0,43900.0,43490.0,44110.0,44538.333333333336,43210.0,169724
2012-10-02,43700.0,44500.0,43500.0,44050.0,43640.0,44047.5,44571.666666666664,43221.666666666664,160412
2012-10-04,43500.0,44300.0,42100.0,42200.0,43250.0,43915.0,44574.166666666664,43222.5,261434
2012-10-05,42550.0,42850.0,41350.0,42600.0,43200.0,43870.0,44592.5,43218.333333333336,333288
2012-10-08,42300.0,43850.0,42300.0,43800.0,43310.0,43890.0,44620.833333333336,43223.75,256178
2012-10-09,43500.0,45450.0,43450.0,45150.0,43560.0,43897.5,44685.833333333336,43237.083333333336,455010
2012-10-10,45150.0,46150.0,44750.0,45750.0,43900.0,43987.5,44733.333333333336,43255.416666666664,629126
2012-10-11,45850.0,46000.0,45000.0,45550.0,44570.0,44060.0,44770.0,43259.166666666664,313459
2012-10-12,45950.0,46150.0,45200.0,45300.0,45110.0,44132.5,44802.5,43262.083333333336,180151
2012-10-15,45300.0,45500.0,44500.0,44950.0,45340.0,44235.0,44835.0,43281.25,173967
2012-10-16,45600.0,47000.0,45300.0,47000.0,45710.0,44320.0,44889.166666666664,43323.333333333336,452780
2012-10-17,47200.0,47400.0,46600.0,46900.0,45940.0,44422.5,44934.166666666664,43389.583333333336,255795
2012-10-18,47250.0,47400.0,46000.0,46500.0,46130.0,44502.5,44975.833333333336,43464.583333333336,201155
2012-10-19,46300.0,46600.0,45050.0,45200.0,46110.0,44475.0,45004.166666666664,43522.916666666664,176614
2012-10-22,44500.0,46450.0,44250.0,46450.0,46410.0,44622.5,45072.5,43592.5,187204
2012-10-23,46700.0,46850.0,45650.0,46000.0,46210.0,44742.5,45130.833333333336,43649.583333333336,153369
2012-10-24,45350.0,46150.0,45100.0,45850.0,46000.0,44870.0,45176.666666666664,43690.416666666664,177672
2012-10-25,45800.0,47150.0,45500.0,46750.0,46050.0,45000.0,45228.333333333336,43737.916666666664,292004
2012-10-26,46800.0,47000.0,45400.0,45750.0,46160.0,45145.0,45245.833333333336,43776.666666666664,137045
2012-10-29,45750.0,46650.0,45150.0,45500.0,45970.0,45257.5,45255.833333333336,43825.416666666664,117487
2012-10-30,45200.0,46300.0,44900.0,45050.0,45780.0,45315.0,45259.166666666664,43863.75,124100
2012-10-31,45200.0,46000.0,44300.0,44600.0,45530.0,45342.5,45261.666666666664,43898.333333333336,155141
2012-11-01,44350.0,44550.0,43050.0,43250.0,44830.0,45395.0,45227.5,43924.166666666664,157180
2012-11-02,43600.0,44200.0,43000.0,43400.0,44360.0,45435.0,45190.0,43961.666666666664,158176
2012-11-05,42900.0,43350.0,42550.0,42650.0,43790.0,45377.5,45132.5,43992.083333333336,129221
2012-11-06,42700.0,44300.0,42700.0,44250.0,43630.0,45332.5,45095.0,44045.416666666664,111036
2012-11-07,44300.0,44550.0,43750.0,44150.0,43540.0,45252.5,45073.333333333336,44092.5,106504
2012-11-08,43400.0,43900.0,42900.0,42950.0,43480.0,45122.5,45022.5,44107.916666666664,105728
2012-11-09,42500.0,42500.0,39950.0,40100.0,42820.0,44862.5,44915.833333333336,44100.416666666664,664973
2012-11-12,39700.0,39900.0,38600.0,39000.0,42090.0,44565.0,44779.166666666664,44079.583333333336,439016
2012-11-13,39000.0,39400.0,38100.0,38650.0,40970.0,44147.5,44632.5,44055.0,205704
2012-11-14,38200.0,38850.0,37200.0,38250.0,39790.0,43715.0,44479.166666666664,44022.083333333336,321034
2012-11-15,37100.0,38100.0,36350.0,37900.0,38780.0,43285.0,44320.0,43990.416666666664,346710
2012-11-16,37900.0,39600.0,37900.0,39450.0,38650.0,42997.5,44193.333333333336,43961.666666666664,327154
2012-11-19,39700.0,39700.0,38600.0,38800.0,38610.0,42615.0,44056.666666666664,43925.833333333336,214035
2012-11-20,39300.0,39450.0,38100.0,39000.0,38680.0,42265.0,43933.333333333336,43895.833333333336,233938
2012-11-21,38700.0,38850.0,37400.0,38400.0,38710.0,41892.5,43790.0,43867.916666666664,220965
2012-11-22,38500.0,39300.0,38500.0,39000.0,38930.0,41505.0,43660.0,43841.666666666664,172270
2012-11-23,39050.0,39700.0,38200.0,39600.0,38960.0,41197.5,43539.166666666664,43825.833333333336,148424
2012-11-26,39650.0,40450.0,39550.0,40250.0,39250.0,40935.0,43448.333333333336,43807.916666666664,135232
2012-11-27,40250.0,40900.0,40200.0,40750.0,39600.0,40720.0,43381.666666666664,43791.666666666664,128437
2012-11-28,40650.0,40700.0,39650.0,39650.0,39850.0,40472.5,43287.5,43765.0,126896
2012-11-29,40100.0,40700.0,40000.0,40100.0,40070.0,40315.0,43208.333333333336,43730.833333333336,165440
2012-11-30,40000.0,41100.0,39850.0,40850.0,40320.0,40187.5,43164.166666666664,43703.75,133516
2012-12-03,41000.0,41300.0,40300.0,40850.0,40440.0,40097.5,43121.666666666664,43683.75,105005
2012-12-04,40300.0,40800.0,39950.0,40600.0,40410.0,39915.0,43048.333333333336,43662.916666666664,106977
2012-12-05,40200.0,41500.0,40150.0,41000.0,40680.0,39757.5,42999.166666666664,43643.75,173350
2012-12-06,41450.0,42450.0,40700.0,42200.0,41100.0,39720.0,42967.5,43632.916666666664,242546
2012-12-07,42200.0,43000.0,41700.0,42650.0,41460.0,39847.5,42947.5,43627.083333333336,170213
2012-12-10,41500.0,42650.0,41150.0,42200.0,41730.0,40007.5,42935.833333333336,43619.166666666664,167000
2012-12-11,42100.0,42900.0,41500.0,42000.0,42010.0,40175.0,42880.833333333336,43616.25,204802
2012-12-12,42100.0,42500.0,41400.0,41950.0,42200.0,40360.0,42832.5,43615.833333333336,112393
2012-12-13,42050.0,42450.0,41500.0,42350.0,42230.0,40582.5,42790.0,43612.083333333336,177995
2012-12-14,41500.0,42000.0,41100.0,41250.0,41950.0,40672.5,42715.0,43602.5,126829
2012-12-17,41400.0,42100.0,40800.0,40850.0,41680.0,40775.0,42670.833333333336,43584.166666666664,147938
2012-12-18,41300.0,41800.0,40850.0,41100.0,41500.0,40880.0,42629.166666666664,43566.25,102324
2012-12-20,41200.0,41550.0,40600.0,41100.0,41330.0,41015.0,42592.5,43542.5,113001
2012-12-21,41450.0,41950.0,41000.0,41300.0,41120.0,41130.0,42545.0,43523.333333333336,111108
2012-12-24,41500.0,41500.0,40850.0,41200.0,41110.0,41210.0,42517.5,43504.583333333336,69586
2012-12-26,41250.0,41950.0,41200.0,41900.0,41320.0,41292.5,42495.0,43497.5,82193
2012-12-27,41500.0,41800.0,40550.0,41300.0,41360.0,41320.0,42451.666666666664,43495.0,184779
2012-12-28,41200.0,42300.0,41000.0,42100.0,41560.0,41442.5,42419.166666666664,43495.416666666664,131150
2013-01-02,42300.0,42300.0,41650.0,41700.0,41640.0,41522.5,42410.833333333336,43492.5,212088
2013-01-03,42000.0,43700.0,42000.0,42950.0,41990.0,41627.5,42416.666666666664,43504.583333333336,459109
2013-01-04,42900.0,43500.0,42400.0,42600.0,42130.0,41715.0,42396.666666666664,43508.75,159215
2013-01-07,42800.0,42850.0,40250.0,40250.0,41920.0,41697.5,42315.0,43500.416666666664,428998
2013-01-08,40500.0,41200.0,40150.0,40150.0,41530.0,41655.0,42221.666666666664,43477.5,280432
2013-01-09,40350.0,40550.0,39600.0,39600.0,41110.0,41525.0,42122.5,43446.25,232686
2013-01-10,40050.0,40700.0,38700.0,40700.0,40660.0,41427.5,42045.833333333336,43424.166666666664,310598
2013-01-11,40800.0,41100.0,40150.0,41000.0,40340.0,41367.5,41980.0,43407.5,148470
2013-01-14,40600.0,40800.0,40100.0,40150.0,40320.0,41275.0,41865.833333333336,43377.5,93019
2013-01-15,40000.0,40600.0,39850.0,39900.0,40270.0,41172.5,41749.166666666664,43341.666666666664,86396
2013-01-16,40100.0,40150.0,39050.0,39300.0,40210.0,41020.0,41629.166666666664,43302.5,161817
2013-01-17,39200.0,39850.0,39000.0,39650.0,40000.0,40940.0,41536.666666666664,43270.416666666664,74130
2013-01-18,39800.0,39950.0,38850.0,38950.0,39590.0,40845.0,41411.666666666664,43242.083333333336,160724
2013-01-21,38900.0,39100.0,38350.0,38450.0,39250.0,40712.5,41285.833333333336,43208.333333333336,143776
2013-01-22,38450.0,38450.0,37350.0,37600.0,38790.0,40537.5,41148.333333333336,43162.5,324691
2013-01-23,37650.0,37850.0,37500.0,37650.0,38460.0,40355.0,40996.666666666664,43112.5,163004
2013-01-24,37600.0,38250.0,37150.0,37500.0,38030.0,40170.0,40859.166666666664,43052.5,192886
2013-01-25,37650.0,37700.0,36650.0,36750.0,37590.0,39912.5,40713.333333333336,42984.583333333336,171453
2013-01-28,37000.0,37000.0,35150.0,35450.0,36990.0,39620.0,40553.333333333336,42906.25,346394
2013-01-29,35150.0,35300.0,34450.0,34800.0,36430.0,39255.0,40390.0,42825.833333333336,452412
2013-01-30,35000.0,35400.0,34950.0,35300.0,35960.0,38935.0,40257.5,42742.5,259798
2013-01-31,35100.0,35600.0,34650.0,34900.0,35440.0,38532.5,40115.833333333336,42652.916666666664,188833
2013-02-01,34650.0,34900.0,34000.0,34150.0,34920.0,38110.0,39974.166666666664,42553.333333333336,287092
2013-02-04,34400.0,34800.0,34100.0,34550.0,34740.0,37825.0,39812.5,42453.75,170442
2013-02-05,34150.0,34950.0,33500.0,33950.0,34570.0,37515.0,39642.5,42357.916666666664,268548
2013-02-06,34050.0,34250.0,33550.0,34200.0,34350.0,37245.0,39496.666666666664,42259.583333333336,200969
2013-02-07,34050.0,34600.0,33250.0,33250.0,34020.0,36872.5,39382.5,42149.166666666664,368370
2013-02-08,33250.0,34250.0,32700.0,34150.0,34020.0,36530.0,39301.666666666664,42040.416666666664,256636
2013-02-12,34300.0,34950.0,34150.0,34500.0,34010.0,36247.5,39232.5,41932.5,164836
2013-02-13,34550.0,35500.0,34550.0,35100.0,34240.0,36007.5,39180.0,41829.583333333336,359149
2013-02-14,35200.0,35500.0,35000.0,35200.0,34440.0,35802.5,39135.0,41727.5,236205
2013-02-15,35200.0,35350.0,34650.0,35150.0,34820.0,35577.5,39063.333333333336,41628.333333333336,99163
2013-02-18,35050.0,35100.0,34100.0,34500.0,34890.0,35355.0,38991.666666666664,41524.166666666664,249552
2013-02-19,34550.0,36350.0,34400.0,36350.0,35260.0,35250.0,38947.5,41440.416666666664,343695
2013-02-20,36300.0,36600.0,35650.0,35750.0,35390.0,35157.5,38903.333333333336,41346.666666666664,421873
2013-02-21,35650.0,36050.0,34750.0,35200.0,35390.0,35035.0,38840.0,41250.0,310879
2013-02-22,35150.0,35700.0,34650.0,34950.0,35350.0,34907.5,38762.5,41150.833333333336,280955
2013-02-25,35000.0,35200.0,34000.0,34050.0,35260.0,34772.5,38659.166666666664,41053.75,325649
2013-02-26,34050.0,34800.0,33900.0,34600.0,34910.0,34730.0,38556.666666666664,40969.166666666664,154158
2013-02-27,34550.0,34750.0,34300.0,34600.0,34680.0,34720.0,38472.5,40880.0,160875
2013-02-28,35050.0,35600.0,34900.0,35050.0,34650.0,34707.5,38388.333333333336,40798.333333333336,246835
2013-03-04,35200.0,35350.0,34450.0,34450.0,34550.0,34685.0,38281.666666666664,40722.916666666664,140279
2013-03-05,34450.0,34950.0,34400.0,34550.0,34650.0,34705.0,38176.666666666664,40649.166666666664,162511
2013-03-06,34850.0,35200.0,34500.0,34500.0,34630.0,34702.5,38075.0,40561.666666666664,186533
2013-03-07,34900.0,35850.0,34800.0,35200.0,34750.0,34765.0,37978.333333333336,40488.75,650681
2013-03-08,35400.0,35400.0,34800.0,35150.0,34770.0,34812.5,37860.833333333336,40414.166666666664,144534
2013-03-11,35050.0,35150.0,34150.0,34500.0,34780.0,34875.0,37725.0,40336.25,172091
2013-03-12,34850.0,35600.0,34550.0,35500.0,34970.0,34942.5,37613.333333333336,40274.583333333336,222405
2013-03-13,35700.0,35750.0,35250.0,35250.0,35120.0,34980.0,37500.833333333336,40190.833333333336,129297
2013-03-14,35250.0,35600.0,34900.0,35600.0,35200.0,35005.0,37395.0,40113.75,168004
2013-03-15,35800.0,35850.0,35250.0,35700.0,35310.0,35030.0,37284.166666666664,40037.083333333336,248108
2013-03-18,35400.0,35500.0,34000.0,34100.0,35230.0,34977.5,37165.0,39940.0,224266
2013-03-19,34100.0,34750.0,34100.0,34500.0,35030.0,34977.5,37059.166666666664,39865.0,121660
2013-03-20,34350.0,34450.0,33450.0,33600.0,34700.0,34840.0,36934.166666666664,39781.666666666664,209872
2013-03-21,33800.0,34200.0,33600.0,33700.0,34320.0,34737.5,36810.833333333336,39701.666666666664,104908
2013-03-22,33500.0,33750.0,33200.0,33500.0,33880.0,34652.5,36680.833333333336,39612.916666666664,89581
2013-03-25,33650.0,34350.0,33600.0,33800.0,33820.0,34595.0,36557.5,39537.5,128366
2013-03-26,33700.0,33950.0,32600.0,32650.0,33450.0,34525.0,36403.333333333336,39449.166666666664,373694
2013-03-27,32850.0,32900.0,32400.0,32650.0,33260.0,34427.5,36259.166666666664,39355.416666666664,227533
2013-03-28,32650.0,32900.0,31950.0,32000.0,32920.0,34297.5,36090.833333333336,39255.0,239138
2013-03-29,32250.0,32850.0,32200.0,32500.0,32720.0,34170.0,35937.5,39174.166666666664,137145
2013-04-01,32550.0,32850.0,32550.0,32750.0,32510.0,34085.0,35767.5,39092.083333333336,72267
2013-04-02,32650.0,32800.0,31300.0,31350.0,32250.0,33925.0,35580.0,38988.333333333336,317231
2013-04-03,31450.0,31500.0,30050.0,30200.0,31760.0,33710.0,35412.5,38863.75,403700
2013-04-04,30050.0,30800.0,29550.0,30800.0,31520.0,33490.0,35256.666666666664,38739.166666666664,257624
2013-04-05,31000.0,31000.0,29950.0,30000.0,31020.0,33232.5,35096.666666666664,38609.583333333336,246695
2013-04-08,30000.0,31550.0,29900.0,31250.0,30720.0,33070.0,34939.166666666664,38492.5,239226
2013-04-09,31250.0,31500.0,30600.0,31150.0,30680.0,32852.5,34775.0,38377.5,231772
2013-04-10,31450.0,33100.0,31400.0,32950.0,31230.0,32737.5,34655.0,38260.416666666664,460988
2013-04-11,33250.0,33500.0,32300.0,33500.0,31770.0,32632.5,34548.333333333336,38148.75,299604
2013-04-12,33700.0,33700.0,31900.0,32000.0,32170.0,32447.5,34426.666666666664,38027.916666666664,236776
2013-04-15,31600.0,32350.0,31200.0,31600.0,32240.0,32322.5,34292.5,37914.583333333336,236707
2013-04-16,30800.0,32100.0,30500.0,31700.0,32350.0,32182.5,34171.666666666664,37791.666666666664,263316
2013-04-17,31950.0,32050.0,30000.0,30950.0,31950.0,32050.0,34046.666666666664,37666.25,334683
2013-04-18,30550.0,30900.0,29500.0,29500.0,31150.0,31840.0,33911.666666666664,37530.0,428908
2013-04-19,29600.0,30950.0,29500.0,30900.0,30930.0,31710.0,33799.166666666664,37397.916666666664,326647
2013-04-22,31000.0,31150.0,30400.0,30700.0,30750.0,31555.0,33685.833333333336,37272.5,206100
2013-04-23,30750.0,31200.0,30350.0,30500.0,30510.0,31447.5,33581.666666666664,37147.5,146968
2013-04-24,31100.0,33150.0,30900.0,32650.0,30850.0,31447.5,33535.0,37044.166666666664,566073
2013-04-25,32500.0,33200.0,32250.0,32850.0,31520.0,31490.0,33502.5,36946.25,230974
2013-04-26,32750.0,33350.0,32100.0,32150.0,31770.0,31472.5,33450.0,36853.75,264886
2013-04-29,32400.0,32400.0,31700.0,31750.0,31980.0,31422.5,33397.5,36756.666666666664,147567
2013-04-30,32200.0,33450.0,32100.0,33200.0,32520.0,31515.0,33381.666666666664,36677.916666666664,531127
2013-05-02,33000.0,34050.0,33000.0,34000.0,32790.0,31705.0,33372.5,36592.5,421388
2013-05-03,34200.0,34800.0,33600.0,34650.0,33150.0,31897.5,33384.166666666664,36513.333333333336,305278
2013-05-06,34650.0,34800.0,34200.0,34450.0,33610.0,32120.0,33388.333333333336,36442.5,234383
2013-05-07,34200.0,34450.0,33900.0,34100.0,34080.0,32262.5,33402.5,36392.5,128272
2013-05-08,34150.0,35800.0,34150.0,35300.0,34500.0,32470.0,33421.666666666664,36361.666666666664,666722
2013-05-09,35500.0,36800.0,34800.0,36300.0,34960.0,32637.5,33451.666666666664,36342.083333333336,614148
2013-05-10,36100.0,36750.0,35700.0,36000.0,35230.0,32762.5,33466.666666666664,36323.333333333336,338854
2013-05-13,36150.0,36200.0,35750.0,36000.0,35540.0,32962.5,33480.0,36307.5,126850
2013-05-14,36250.0,37000.0,36200.0,36850.0,36090.0,33225.0,33508.333333333336,36285.833333333336,283982
2013-05-15,36850.0,37050.0,36050.0,36300.0,36290.0,33455.0,33538.333333333336,36265.0,206312
2013-05-16,36650.0,37000.0,36150.0,36400.0,36310.0,33727.5,33539.166666666664,36243.333333333336,197440
2013-05-20,36400.0,36400.0,35050.0,35400.0,36190.0,34022.5,33533.333333333336,36218.333333333336,317182
2013-05-21,35500.0,36200.0,35100.0,35150.0,36020.0,34235.0,33532.5,36186.25,210420
2013-05-22,35400.0,35950.0,35350.0,35500.0,35750.0,34475.0,33541.666666666664,36152.083333333336,159226
2013-05-23,35050.0,35450.0,33800.0,33800.0,35250.0,34640.0,33537.5,36098.333333333336,246679
2013-05-24,34250.0,34550.0,33600.0,34050.0,34780.0,34710.0,33528.333333333336,36042.5,180335
2013-05-27,34300.0,34400.0,33200.0,33350.0,34370.0,34735.0,33507.5,35990.0,225903
2013-05-28,33550.0,35450.0,33400.0,35350.0,34410.0,34895.0,33512.5,35950.416666666664,319954
2013-05-29,35550.0,36100.0,35100.0,35100.0,34330.0,35062.5,33523.333333333336,35902.5,197017
2013-05-30,34600.0,35250.0,33900.0,34000.0,34370.0,35102.5,33514.166666666664,35845.416666666664,256519
2013-05-31,34300.0,35100.0,33950.0,34000.0,34360.0,35102.5,33505.833333333336,35790.416666666664,246152
2013-06-03,34150.0,34750.0,33900.0,34300.0,34550.0,35085.0,33490.833333333336,35734.583333333336,209845
2013-06-04,34150.0,34650.0,33500.0,33600.0,34200.0,35042.5,33465.0,35662.916666666664,226888
2013-06-05,33700.0,34300.0,33500.0,33600.0,33900.0,35017.5,33450.0,35587.5,179484
2013-06-07,33600.0,33900.0,33250.0,33350.0,33770.0,34920.0,33414.166666666664,35513.75,112360
2013-06-10,33750.0,33750.0,32550.0,32700.0,33510.0,34740.0,33371.666666666664,35436.25,207741
2013-06-11,32800.0,33650.0,32150.0,33500.0,33350.0,34615.0,33336.666666666664,35365.833333333336,277443
2013-06-12,33400.0,33650.0,32550.0,32550.0,33140.0,34442.5,33284.166666666664,35284.166666666664,127221
2013-06-13,32350.0,33450.0,32300.0,32950.0,33010.0,34247.5,33265.0,35215.0,207198
2013-06-14,33350.0,33450.0,32100.0,32600.0,32860.0,34062.5,33233.333333333336,35146.25,243863
2013-06-17,32750.0,33650.0,32250.0,33150.0,32950.0,33900.0,33225.833333333336,35080.0,245419
2013-06-18,33200.0,33200.0,32100.0,32500.0,32750.0,33755.0,33205.833333333336,35008.333333333336,308541
2013-06-19,32450.0,32450.0,30500.0,31400.0,32520.0,33567.5,33170.833333333336,34925.833333333336,548913
2013-06-20,30300.0,30650.0,28150.0,28300.0,31590.0,33207.5,33079.166666666664,34818.333333333336,1028729
2013-06-21,27300.0,28650.0,26800.0,28650.0,30800.0,32950.0,33012.5,34707.916666666664,490343
2013-06-24,28650.0,28700.0,27350.0,27350.0,29640.0,32615.0,32924.166666666664,34591.666666666664,250842
2013-06-25,27400.0,28450.0,26600.0,27100.0,28560.0,32302.5,32842.5,34466.666666666664,377541
2013-06-26,27600.0,27650.0,26150.0,27500.0,27780.0,31910.0,32759.166666666668,34348.333333333336,556290
2013-06-27,27850.0,28350.0,27600.0,27700.0,27660.0,31540.0,32675.0,34221.25,404942
2013-06-28,27550.0,28400.0,27350.0,27900.0,27510.0,31235.0,32617.5,34098.75,481323
2013-07-01,27750.0,28800.0,27700.0,28600.0,27760.0,30965.0,32590.833333333332,34001.666666666664,293967
2013-07-02,28900.0,28900.0,28050.0,28300.0,28000.0,30665.0,32549.166666666668,33902.916666666664,329862
2013-07-03,28400.0,28550.0,27200.0,27200.0,27940.0,30345.0,32502.5,33799.583333333336,308241
2013-07-04,27250.0,27900.0,27250.0,27700.0,27940.0,30050.0,32443.333333333332,33691.25,147711
2013-07-05,28050.0,28750.0,27850.0,28000.0,27960.0,29782.5,32390.833333333332,33582.916666666664,397592
2013-07-08,28200.0,28750.0,27300.0,27300.0,27700.0,29512.5,32296.666666666668,33475.833333333336,259327
2013-07-09,27550.0,27750.0,26900.0,27750.0,27590.0,29225.0,32200.833333333332,33374.583333333336,118414
2013-07-10,28000.0,28150.0,27000.0,27200.0,27590.0,28957.5,32120.833333333332,33273.75,177567
2013-07-11,27500.0,28700.0,27500.0,28600.0,27770.0,28740.0,32070.833333333332,33181.666666666664,225055
2013-07-12,28650.0,29200.0,28250.0,28750.0,27920.0,28547.5,32021.666666666668,33096.666666666664,283113
2013-07-15,28600.0,29450.0,28150.0,29200.0,28300.0,28350.0,31992.5,33019.583333333336,206858
2013-07-16,29650.0,30750.0,29500.0,29950.0,28740.0,28222.5,32000.0,32955.833333333336,676891
2013-07-17,30200.0,30300.0,29200.0,30100.0,29320.0,28157.5,31986.666666666668,32892.916666666664,367562
2013-07-18,30100.0,30200.0,29650.0,29700.0,29540.0,28227.5,31970.0,32827.916666666664,184378
2013-07-19,30100.0,31150.0,29600.0,29600.0,29710.0,28275.0,31955.0,32768.333333333336,396647
2013-07-22,29950.0,30950.0,29650.0,30900.0,30050.0,28452.5,31925.833333333332,32730.416666666668,352406
2013-07-23,30750.0,31100.0,29950.0,29950.0,30050.0,28595.0,31877.5,32690.0,445946
2013-07-24,30250.0,30850.0,29650.0,29850.0,30000.0,28712.5,31839.166666666668,32644.583333333332,365062
2013-07-25,29850.0,30500.0,29650.0,30200.0,30100.0,28837.5,31813.333333333332,32605.416666666668,289005
2013-07-26,30100.0,30800.0,30100.0,30400.0,30260.0,28962.5,31766.666666666668,32574.166666666668,225008
2013-07-29,30600.0,30600.0,29400.0,29500.0,29980.0,29007.5,31691.666666666668,32532.083333333332,295326
2013-07-30,29500.0,29950.0,29150.0,29950.0,29980.0,29090.0,31613.333333333332,32498.75,278368
2013-07-31,29750.0,29850.0,29150.0,29200.0,29850.0,29190.0,31525.833333333332,32457.083333333332,496637
2013-08-01,29250.0,29500.0,28650.0,29200.0,29650.0,29265.0,31444.166666666668,32423.333333333332,342521
2013-08-02,29550.0,30200.0,29250.0,30100.0,29590.0,29370.0,31357.5,32389.583333333332,374045
2013-08-05,30050.0,30800.0,29950.0,30000.0,29690.0,29505.0,31252.5,32352.083333333332,187538
2013-08-06,30200.0,30200.0,29150.0,29200.0,29540.0,29577.5,31139.166666666668,32302.916666666668,325202
2013-08-07,28950.0,29300.0,28450.0,29200.0,29540.0,29677.5,31025.833333333332,32252.916666666668,345483
2013-08-08,29050.0,29350.0,28700.0,28800.0,29460.0,29687.5,30891.666666666668,32200.0,145226
2013-08-09,27800.0,28200.0,26950.0,27350.0,28910.0,29617.5,30742.5,32140.416666666668,1104855
2013-08-12,27350.0,27800.0,27200.0,27800.0,28470.0,29547.5,30599.166666666668,32069.166666666668,238608
2013-08-13,27900.0,29250.0,27800.0,29000.0,28430.0,29500.0,30492.5,32012.916666666668,462605
2013-08-14,29100.0,29400.0,28750.0,29400.0,28470.0,29465.0,30396.666666666668,31964.583333333332,297751
2013-08-16,28700.0,29350.0,28600.0,29050.0,28520.0,29432.5,30289.166666666668,31915.416666666668,220296
2013-08-19,28950.0,30100.0,28850.0,30000.0,29050.0,29452.5,30225.833333333332,31881.666666666668,297619
2013-08-20,29800.0,30300.0,28900.0,28900.0,29270.0,29352.5,30140.0,31834.166666666668,405078
2013-08-21,29000.0,29200.0,28000.0,28350.0,29140.0,29272.5,30056.666666666668,31782.083333333332,309288
2013-08-22,28050.0,29000.0,27750.0,28800.0,29020.0,29220.0,29947.5,31730.0,304932
2013-08-23,29000.0,29350.0,28400.0,28850.0,28980.0,29152.5,29843.333333333332,31683.333333333332,290612
2013-08-26,28900.0,29500.0,28800.0,29400.0,28860.0,29102.5,29766.666666666668,31640.416666666668,285742
2013-08-27,29200.0,29600.0,28450.0,28700.0,28820.0,29062.5,29678.333333333332,31592.083333333332,248785
2013-08-28,28150.0,29100.0,28100.0,29100.0,28970.0,29020.0,29591.666666666668,31541.25,181807
2013-08-29,29250.0,29750.0,29100.0,29500.0,29110.0,29035.0,29523.333333333332,31494.166666666668,236208
2013-08-30,29800.0,30050.0,29400.0,29900.0,29320.0,29070.0,29461.666666666668,31455.833333333332,354214
2013-09-02,29900.0,30300.0,29350.0,30200.0,29480.0,29075.0,29409.166666666668,31411.666666666668,252439
2013-09-03,30450.0,30650.0,30100.0,30250.0,29790.0,29087.5,29368.333333333332,31370.0,291217
2013-09-04,30250.0,30900.0,29850.0,30900.0,30150.0,29172.5,29325.0,31330.833333333332,334909
2013-09-05,30900.0,30950.0,30400.0,30400.0,30330.0,29232.5,29289.166666666668,31286.666666666668,255618
2013-09-06,30450.0,30700.0,30050.0,30500.0,30450.0,29317.5,29248.333333333332,31256.666666666668,165154
2013-09-09,30650.0,31100.0,30500.0,30600.0,30530.0,29480.0,29215.0,31224.166666666668,317976
2013-09-10,31050.0,31250.0,30300.0,30400.0,30560.0,29610.0,29169.166666666668,31197.5,332748
2013-09-11,30700.0,32250.0,30550.0,32200.0,30820.0,29770.0,29164.166666666668,31185.0,858803
2013-09-12,32400.0,32500.0,31900.0,32350.0,31210.0,29917.5,29180.0,31175.416666666668,391807
2013-09-13,32200.0,32400.0,31400.0,31400.0,31390.0,30035.0,29231.666666666668,31155.416666666668,269931
2013-09-16,31850.0,32150.0,31450.0,31900.0,31650.0,30130.0,29285.833333333332,31149.166666666668,272814
2013-09-17,31550.0,31800.0,31250.0,31700.0,31910.0,30270.0,29358.333333333332,31141.25,187648
2013-09-23,31950.0,32000.0,31350.0,31500.0,31770.0,30427.5,29431.666666666668,31137.083333333332,184160
2013-09-24,31200.0,31950.0,31200.0,31950.0,31690.0,30585.0,29505.833333333332,31132.5,173370
2013-09-25,32100.0,32400.0,31400.0,31550.0,31720.0,30720.0,29570.0,31122.5,258554
2013-09-26,31400.0,32200.0,31350.0,32200.0,31780.0,30860.0,29641.666666666668,31129.583333333332,179459
2013-09-27,32250.0,32250.0,31450.0,31450.0,31730.0,30997.5,29689.166666666668,31140.0,331930
2013-09-30,30900.0,30950.0,30050.0,30050.0,31440.0,31045.0,29718.333333333332,31133.75,423506
2013-10-01,30100.0,31000.0,30100.0,30600.0,31170.0,31100.0,29775.0,31138.75,304337
2013-10-02,30900.0,31400.0,30200.0,30450.0,30950.0,31127.5,29820.833333333332,31132.083333333332,289460
2013-10-04,30150.0,30150.0,29500.0,29600.0,30430.0,31097.5,29847.5,31119.166666666668,282651
2013-10-07,29700.0,30050.0,29650.0,29850.0,30110.0,31077.5,29890.0,31093.333333333332,112172
2013-10-08,29700.0,30400.0,29650.0,30400.0,30180.0,31052.5,29934.166666666668,31067.5,118912
2013-10-10,30450.0,30450.0,29900.0,30400.0,30140.0,31052.5,29987.5,31054.166666666668,130994
2013-10-11,30650.0,31300.0,30450.0,31300.0,30310.0,31092.5,30032.5,31051.666666666668,386680
2013-10-14,31350.0,31500.0,30750.0,30800.0,30550.0,31102.5,30066.666666666668,31044.166666666668,311340
2013-10-15,31000.0,31350.0,30050.0,30300.0,30640.0,31097.5,30085.0,31038.75,366857
2013-10-16,30300.0,30900.0,30300.0,30600.0,30680.0,31017.5,30095.833333333332,31047.916666666668,223896
2013-10-17,31050.0,33500.0,30900.0,33500.0,31300.0,31075.0,30152.5,31069.583333333332,1342456
2013-10-18,33250.0,34200.0,33100.0,33950.0,31830.0,31202.5,30223.333333333332,31096.666666666668,818304
2013-10-21,34000.0,34000.0,33050.0,33800.0,32430.0,31297.5,30293.333333333332,31124.166666666668,381338
2013-10-22,33800.0,34750.0,33250.0,33750.0,33120.0,31400.0,30340.833333333332,31133.333333333332,547583
2013-10-23,34100.0,34200.0,32500.0,32900.0,33580.0,31470.0,30390.0,31133.75,607337
2013-10-24,32850.0,33550.0,32800.0,33150.0,33510.0,31530.0,30445.0,31142.083333333332,306243
2013-10-25,33100.0,33150.0,31800.0,32100.0,33140.0,31557.5,30476.666666666668,31145.0,415657
2013-10-28,32000.0,32300.0,31150.0,31900.0,32760.0,31542.5,30501.666666666668,31134.166666666668,234583
2013-10-29,31800.0,32750.0,31700.0,32450.0,32500.0,31592.5,30550.833333333332,31121.25,294371
2013-10-30,32500.0,33750.0,32150.0,33250.0,32570.0,31752.5,30605.833333333332,31109.583333333332,403562
2013-10-31,33100.0,33350.0,32200.0,32200.0,32380.0,31832.5,30655.833333333332,31090.833333333332,253309
2013-11-01,32300.0,33000.0,32150.0,32500.0,32460.0,31935.0,30710.833333333332,31077.5,212887
2013-11-04,32550.0,33200.0,32050.0,32450.0,32570.0,32077.5,30750.0,31053.75,222535
2013-11-05,32450.0,33100.0,32300.0,32950.0,32670.0,32232.5,30799.166666666668,31025.833333333332,283187
2013-11-06,32650.0,33350.0,32650.0,33150.0,32650.0,32370.0,30865.0,31002.083333333332,268803
2013-11-07,33100.0,33350.0,32200.0,32800.0,32770.0,32490.0,30925.0,30975.416666666668,192810
2013-11-08,32400.0,32900.0,31350.0,31350.0,32540.0,32492.5,30967.5,30929.583333333332,361055
2013-11-11,31500.0,31550.0,30800.0,31150.0,32280.0,32510.0,31030.833333333332,30886.666666666668,141081
2013-11-12,31150.0,31800.0,31150.0,31450.0,31980.0,32567.5,31091.666666666668,30845.416666666668,73662
2013-11-13,31400.0,31500.0,30600.0,30600.0,31470.0,32567.5,31118.333333333332,30805.416666666668,126833
2013-11-14,30800.0,31950.0,30800.0,31700.0,31250.0,32477.5,31156.666666666668,30776.666666666668,188881
2013-11-15,31700.0,32200.0,31700.0,32150.0,31410.0,32387.5,31208.333333333332,30748.75,180416
2013-11-18,32150.0,32750.0,31900.0,31900.0,31560.0,32292.5,31240.0,30732.916666666668,127238
2013-11-19,31750.0,33100.0,31750.0,32950.0,31860.0,32252.5,31307.5,30723.75,247051
2013-11-20,32900.0,33400.0,32650.0,33100.0,32360.0,32262.5,31386.666666666668,30721.666666666668,143815
2013-11-21,33000.0,33000.0,31950.0,32300.0,32480.0,32220.0,31445.0,30696.25,214282
2013-11-22,32500.0,33100.0,32200.0,32850.0,32620.0,32257.5,31511.666666666668,30677.5,214523
2013-11-25,33100.0,33550.0,32900.0,33350.0,32910.0,32330.0,31577.5,30672.083333333332,208659
2013-11-26,33150.0,33300.0,32700.0,33050.0,32930.0,32360.0,31650.0,30664.166666666668,158777
2013-11-27,33050.0,33600.0,32600.0,33550.0,33020.0,32375.0,31724.166666666668,30657.916666666668,215357
2013-11-28,33700.0,33750.0,33050.0,33250.0,33210.0,32427.5,31786.666666666668,30655.0,209704
2013-11-29,33250.0,33450.0,32750.0,32950.0,33230.0,32450.0,31837.5,30649.583333333332,127824
2013-12-02,33000.0,33200.0,32500.0,33200.0,33200.0,32487.5,31887.5,30648.333333333332,134343
2013-12-03,33200.0,33200.0,32500.0,32750.0,33140.0,32477.5,31929.166666666668,30648.75,129262
2013-12-04,32750.0,32950.0,31500.0,32000.0,32830.0,32420.0,31947.5,30636.25,218241
2013-12-05,32050.0,32050.0,31350.0,31400.0,32460.0,32350.0,31964.166666666668,30626.666666666668,181812
2013-12-06,31350.0,31400.0,30650.0,30800.0,32030.0,32322.5,31969.166666666668,30608.75,228480
2013-12-09,31250.0,31300.0,30550.0,30600.0,31510.0,32295.0,31969.166666666668,30592.083333333332,180353
2013-12-10,30650.0,30850.0,30400.0,30750.0,31110.0,32260.0,31975.0,30572.083333333332,124925
2013-12-11,30600.0,31050.0,30000.0,30200.0,30750.0,32240.0,31941.666666666668,30552.916666666668,179217
2013-12-12,29900.0,30400.0,29700.0,30300.0,30530.0,32170.0,31907.5,30543.75,111961
2013-12-13,29800.0,30300.0,29750.0,30100.0,30390.0,32067.5,31885.833333333332,30558.75,117698
2013-12-16,29800.0,30200.0,29350.0,29650.0,30200.0,31955.0,31848.333333333332,30567.083333333332,130929
2013-12-17,30000.0,30400.0,29750.0,30350.0,30120.0,31825.0,31825.833333333332,30592.083333333332,127870
2013-12-18,30100.0,30600.0,30050.0,30550.0,30190.0,31697.5,31810.0,30620.833333333332,95706
2013-12-19,30750.0,31000.0,29700.0,29850.0,30100.0,31575.0,31775.0,30640.416666666668,165623
2013-12-20,29850.0,30650.0,29850.0,30500.0,30180.0,31457.5,31757.5,30663.75,135987
2013-12-23,30650.0,30800.0,30250.0,30800.0,30410.0,31330.0,31734.166666666668,30687.916666666668,81101
2013-12-24,30900.0,31100.0,30650.0,30950.0,30530.0,31225.0,31725.833333333332,30707.5,153895
2013-12-26,30950.0,31100.0,30500.0,30800.0,30580.0,31087.5,31738.333333333332,30728.333333333332,146962
2013-12-27,30700.0,30900.0,30050.0,30500.0,30710.0,30950.0,31736.666666666668,30755.833333333332,254657
2013-12-30,30700.0,30700.0,30350.0,30550.0,30720.0,30830.0,31738.333333333332,30779.583333333332,105706
2014-01-02,30800.0,31250.0,29800.0,29850.0,30530.0,30662.5,31742.5,30795.0,171611
2014-01-03,30000.0,30850.0,29950.0,30800.0,30500.0,30565.0,31758.333333333332,30824.166666666668,215233
2014-01-06,30850.0,30900.0,30150.0,30250.0,30390.0,30477.5,31755.833333333332,30845.0,163412
2014-01-07,30300.0,30950.0,30250.0,30700.0,30430.0,30442.5,31760.833333333332,30874.166666666668,84297
2014-01-08,30700.0,30950.0,30050.0,30300.0,30380.0,30417.5,31744.166666666668,30888.333333333332,147969
2014-01-09,30300.0,31000.0,30300.0,30800.0,30570.0,30427.5,31744.166666666668,30905.416666666668,136746
2014-01-10,30800.0,31100.0,30000.0,30250.0,30460.0,30402.5,31743.333333333332,30914.166666666668,165131
2014-01-13,30250.0,30350.0,29800.0,29850.0,30380.0,30385.0,31730.833333333332,30913.333333333332,143394
2014-01-14,29700.0,30350.0,29650.0,30000.0,30240.0,30370.0,31672.5,30912.5,123583
2014-01-15,30150.0,30450.0,30100.0,30450.0,30270.0,30387.5,31614.166666666668,30918.75,88118
2014-01-16,30450.0,31000.0,30450.0,31000.0,30310.0,30455.0,31567.5,30930.416666666668,151628
2014-01-17,30900.0,31050.0,30450.0,30900.0,30440.0,30482.5,31520.0,30930.416666666668,106149
2014-01-20,30700.0,31000.0,30450.0,30850.0,30640.0,30497.5,31485.833333333332,30937.916666666668,62933
2014-01-21,30850.0,31750.0,30650.0,31700.0,30980.0,30590.0,31461.666666666668,30953.333333333332,179522
2014-01-22,31750.0,32150.0,31600.0,32150.0,31320.0,30672.5,31462.5,30969.583333333332,191566
2014-01-23,32150.0,32500.0,31900.0,32100.0,31540.0,30737.5,31465.833333333332,30983.75,235381
2014-01-24,31950.0,32000.0,31300.0,31850.0,31730.0,30782.5,31455.833333333332,31003.333333333332,123489
2014-01-27,31000.0,31400.0,30400.0,31300.0,31820.0,30807.5,31423.333333333332,31014.583333333332,244337
2014-01-28,31250.0,31500.0,30900.0,30950.0,31670.0,30830.0,31402.5,31029.166666666668,67807
2014-01-29,31000.0,31500.0,31000.0,31050.0,31450.0,30855.0,31378.333333333332,31044.583333333332,69190
2014-02-03,31050.0,31250.0,30400.0,30600.0,31150.0,30892.5,31347.5,31048.75,69920
2014-02-04,30000.0,30550.0,29900.0,30500.0,30880.0,30877.5,31306.666666666668,31052.916666666668,152661
2014-02-05,30300.0,30900.0,30300.0,30700.0,30760.0,30900.0,31265.833333333332,31065.416666666668,81905
2014-02-06,30500.0,31400.0,30500.0,31200.0,30810.0,30925.0,31239.166666666668,31082.083333333332,115624
2014-02-07,31200.0,32300.0,31100.0,32300.0,31060.0,31025.0,31255.0,31111.25,329334
2014-02-10,32400.0,32500.0,32150.0,32200.0,31380.0,31095.0,31272.5,31151.666666666668,157157
2014-02-11,32050.0,32900.0,31900.0,32700.0,31820.0,31217.5,31293.333333333332,31192.5,205166
2014-02-12,32700.0,32850.0,32600.0,32700.0,32220.0,31360.0,31328.333333333332,31223.333333333332,112273
2014-02-13,32800.0,32800.0,32050.0,32300.0,32440.0,31475.0,31338.333333333332,31247.5,125297
2014-02-14,32300.0,32750.0,32150.0,32700.0,32520.0,31587.5,31347.5,31277.916666666668,88659
2014-02-17,32800.0,33000.0,32150.0,32450.0,32570.0,31660.0,31356.666666666668,31298.333333333332,103182
2014-02-18,32600.0,32700.0,32000.0,32300.0,32490.0,31730.0,31345.833333333332,31326.666666666668,116341
2014-02-19,32100.0,32300.0,31450.0,31600.0,32270.0,31767.5,31320.833333333332,31353.75,199119
2014-02-20,31600.0,32150.0,31450.0,32050.0,32220.0,31785.0,31316.666666666668,31380.833333333332,163399
2014-02-21,32000.0,32400.0,31500.0,32250.0,32130.0,31790.0,31306.666666666668,31409.166666666668,177525
2014-02-24,31900.0,31900.0,30750.0,31000.0,31840.0,31735.0,31267.5,31422.5,359203
2014-02-25,31100.0,31350.0,30600.0,30650.0,31510.0,31675.0,31227.5,31438.75,206596
2014-02-26,30750.0,30900.0,30350.0,30550.0,31300.0,31637.5,31177.5,31450.833333333332,135431
2014-02-27,30550.0,31200.0,30250.0,30550.0,31000.0,31617.5,31132.5,31459.583333333332,222293
2014-02-28,30600.0,30650.0,30100.0,30500.0,30650.0,31590.0,31091.666666666668,31464.583333333332,155108
2014-03-03,30400.0,30500.0,29900.0,30100.0,30470.0,31565.0,31040.0,31463.75,179424
2014-03-04,29900.0,30100.0,29700.0,29750.0,30290.0,31527.5,30990.0,31459.583333333332,116286
2014-03-05,30100.0,30350.0,29650.0,30000.0,30180.0,31492.5,30956.666666666668,31452.083333333332,177186
2014-03-06,30050.0,30150.0,29650.0,29900.0,30050.0,31427.5,30931.666666666668,31447.916666666668,135490
2014-03-07,30000.0,30150.0,29750.0,30000.0,29950.0,31312.5,30918.333333333332,31443.75,140046
2014-03-10,30000.0,30000.0,29100.0,29650.0,29860.0,31185.0,30902.5,31435.833333333332,197003
2014-03-11,29550.0,29600.0,28700.0,29300.0,29770.0,31015.0,30878.333333333332,31426.666666666668,295486
2014-03-12,29200.0,29550.0,28450.0,28450.0,29460.0,30802.5,30849.166666666668,31395.416666666668,245328
2014-03-13,28750.0,29000.0,28400.0,29000.0,29280.0,30637.5,30827.5,31367.5,94579
2014-03-14,28550.0,29050.0,28500.0,28950.0,29070.0,30450.0,30808.333333333332,31347.083333333332,82506
2014-03-17,28650.0,29100.0,28450.0,28650.0,28870.0,30260.0,30791.666666666668,31320.0,136885
2014-03-18,28900.0,29450.0,28900.0,29100.0,28830.0,30100.0,30770.833333333332,31298.333333333332,129077
2014-03-19,29150.0,29450.0,29000.0,29400.0,29020.0,29990.0,30751.666666666668,31280.833333333332,101221
2014-03-20,29350.0,29450.0,29100.0,29300.0,29080.0,29852.5,30742.5,31258.75,153251
2014-03-21,29300.0,29350.0,28550.0,29300.0,29150.0,29705.0,30722.5,31240.0,298920
2014-03-24,29200.0,29600.0,29150.0,29300.0,29280.0,29620.0,30697.5,31215.833333333332,108515
2014-03-25,29350.0,30450.0,29250.0,30400.0,29540.0,29607.5,30688.333333333332,31207.083333333332,285563
2014-03-26,30800.0,31100.0,30650.0,30850.0,29830.0,29622.5,30689.166666666668,31213.75,373527
2014-03-27,30650.0,30900.0,30350.0,30850.0,30140.0,29637.5,30695.0,31215.833333333332,164966
2014-03-28,30650.0,31150.0,30650.0,30900.0,30460.0,29657.5,30700.833333333332,31219.583333333332,192382
2014-03-31,30750.0,31050.0,30700.0,30950.0,30790.0,29700.0,30719.166666666668,31230.833333333332,143640
2014-04-01,31150.0,31950.0,30600.0,31650.0,31040.0,29795.0,30733.333333333332,31245.833333333332,261001
2014-04-02,31600.0,32050.0,31500.0,31850.0,31240.0,29887.5,30760.0,31257.916666666668,201957
2014-04-03,31450.0,31850.0,31000.0,31000.0,31270.0,29942.5,30765.0,31262.916666666668,173453
2014-04-04,30800.0,31600.0,30700.0,31550.0,31400.0,30020.0,30785.833333333332,31265.0,200411
2014-04-07,31550.0,32250.0,31300.0,32050.0,31620.0,30140.0,30806.666666666668,31275.416666666668,186568
2014-04-08,31850.0,32000.0,31400.0,31700.0,31630.0,30260.0,30830.833333333332,31287.083333333332,73003
2014-04-09,31700.0,32550.0,31700.0,32150.0,31690.0,30445.0,30869.166666666668,31300.0,147653
2014-04-10,32300.0,32450.0,31900.0,32000.0,31890.0,30595.0,30902.5,31287.5,77101
2014-04-11,31700.0,31850.0,31350.0,31500.0,31880.0,30722.5,30920.0,31267.083333333332,92867
2014-04-14,31450.0,32300.0,31250.0,32250.0,31920.0,30902.5,30940.833333333332,31254.166666666668,137234
2014-04-15,32200.0,32250.0,31750.0,31800.0,31940.0,31037.5,30955.833333333332,31237.916666666668,101292
2014-04-16,31800.0,33000.0,31800.0,32750.0,32060.0,31205.0,30987.5,31236.666666666668,322429
2014-04-17,32900.0,33550.0,32900.0,33350.0,32330.0,31407.5,31015.0,31238.333333333332,255625
2014-04-18,33200.0,33400.0,32850.0,33000.0,32630.0,31592.5,31029.166666666668,31245.833333333332,126678
2014-04-21,32800.0,33500.0,32800.0,33450.0,32870.0,31800.0,31051.666666666668,31258.75,158962
2014-04-22,33300.0,33400.0,32900.0,33250.0,33160.0,31942.5,31075.0,31265.416666666668,128689
2014-04-23,33250.0,33550.0,32850.0,33200.0,33250.0,32060.0,31106.666666666668,31265.0,135035
2014-04-24,33100.0,33200.0,32150.0,32200.0,33020.0,32127.5,31127.5,31265.0,129887
2014-04-25,32300.0,32700.0,31900.0,31900.0,32800.0,32177.5,31141.666666666668,31260.0,98042
2014-04-28,31850.0,33000.0,31850.0,32350.0,32580.0,32247.5,31170.833333333332,31259.166666666668,106761
2014-04-29,33000.0,34250.0,32850.0,34250.0,32780.0,32377.5,31233.333333333332,31270.0,736478
2014-04-30,34450.0,34650.0,34000.0,34150.0,32970.0,32492.5,31290.833333333332,31278.333333333332,238267
2014-05-02,34150.0,34500.0,33850.0,34350.0,33400.0,32660.0,31343.333333333332,31291.25,160302
2014-05-07,34200.0,34350.0,33050.0,33500.0,33720.0,32757.5,31363.333333333332,31309.166666666668,229272
2014-05-08,33500.0,33950.0,33000.0,33550.0,33960.0,32832.5,31385.833333333332,31329.166666666668,164259
2014-05-09,33550.0,33850.0,32750.0,33550.0,33820.0,32925.0,31400.0,31346.666666666668,223676
2014-05-12,33600.0,33850.0,33000.0,33200.0,33630.0,32977.5,31408.333333333332,31368.333333333332,146926
2014-05-13,33300.0,33500.0,32700.0,32850.0,33330.0,33020.0,31417.5,31377.916666666668,172927
2014-05-14,33000.0,33850.0,33000.0,33650.0,33360.0,33127.5,31433.333333333332,31390.416666666668,152721
2014-05-15,33650.0,33900.0,32900.0,32950.0,33240.0,33162.5,31441.666666666668,31399.166666666668,130624
2014-05-16,32950.0,32950.0,32200.0,32450.0,33020.0,33195.0,31444.166666666668,31395.0,151252
2014-05-19,32600.0,32600.0,31700.0,31900.0,32760.0,33152.5,31449.166666666668,31385.0,127930
2014-05-20,31900.0,32500.0,31900.0,32300.0,32650.0,33100.0,31453.333333333332,31385.0,103145
2014-05-21,32300.0,32950.0,32100.0,32650.0,32450.0,33082.5,31460.0,31383.333333333332,132028
2014-05-22,32800.0,33050.0,32350.0,33050.0,32470.0,33062.5,31494.166666666668,31380.833333333332,128505
2014-05-23,33050.0,33100.0,32000.0,32100.0,32400.0,33005.0,31518.333333333332,31372.916666666668,147748
2014-05-26,32100.0,32600.0,31950.0,32450.0,32510.0,32967.5,31550.0,31363.75,95843
2014-05-27,32500.0,32700.0,31950.0,32600.0,32570.0,32987.5,31584.166666666668,31358.333333333332,111468
2014-05-28,32350.0,32700.0,32050.0,32350.0,32510.0,33010.0,31615.0,31353.333333333332,115050
2014-05-29,32350.0,32350.0,31500.0,31500.0,32200.0,32967.5,31638.333333333332,31339.166666666668,126589
2014-05-30,31550.0,32550.0,31550.0,32100.0,32200.0,32860.0,31677.5,31333.75,152089
2014-06-02,32250.0,32550.0,31800.0,32300.0,32170.0,32767.5,31715.833333333332,31336.25,88158
2014-06-03,32100.0,32400.0,31800.0,32200.0,32090.0,32660.0,31754.166666666668,31342.916666666668,99076
2014-06-05,32200.0,32350.0,30800.0,31650.0,31950.0,32567.5,31781.666666666668,31350.0,215303
2014-06-09,31700.0,32150.0,31550.0,32050.0,32060.0,32492.5,31821.666666666668,31362.083333333332,147929
2014-06-10,32000.0,32100.0,31550.0,31750.0,31990.0,32402.5,31862.5,31370.416666666668,93820
2014-06-11,31950.0,33350.0,31550.0,33300.0,32190.0,32407.5,31943.333333333332,31396.25,213840
2014-06-12,33100.0,33600.0,33000.0,33600.0,32470.0,32445.0,32020.0,31423.75,148497
2014-06-13,33300.0,33850.0,33000.0,33700.0,32880.0,32447.5,32099.166666666668,31453.75,195304
2014-06-16,33850.0,34000.0,33500.0,33800.0,33230.0,32490.0,32185.0,31488.333333333332,113595
2014-06-17,33850.0,33850.0,33150.0,33250.0,33530.0,32530.0,32254.166666666668,31512.5,105203
2014-06-18,33500.0,34000.0,33050.0,33850.0,33640.0,32627.5,32328.333333333332,31540.0,140047
2014-06-19,34100.0,35500.0,34100.0,35300.0,33980.0,32777.5,32428.333333333332,31585.416666666668,564884
2014-06-20,35350.0,35450.0,34600.0,34600.0,34160.0,32875.0,32516.666666666668,31619.583333333332,225212
2014-06-23,34950.0,35750.0,34550.0,34750.0,34350.0,32960.0,32607.5,31652.5,213024
2014-06-24,34300.0,35450.0,34300.0,35450.0,34790.0,33127.5,32691.666666666668,31690.0,210209
2014-06-25,35500.0,35500.0,34600.0,35000.0,35020.0,33255.0,32760.833333333332,31725.0,128631
2014-06-26,35150.0,35400.0,33950.0,34100.0,34780.0,33330.0,32815.0,31755.0,234895
2014-06-27,34300.0,34650.0,33700.0,34650.0,34790.0,33445.0,32877.5,31789.166666666668,155360
2014-06-30,34700.0,35050.0,34150.0,34350.0,34710.0,33587.5,32934.166666666664,31826.666666666668,108213
2014-07-01,34400.0,35450.0,33950.0,35400.0,34700.0,33752.5,32996.666666666664,31865.0,227518
2014-07-02,35200.0,36600.0,35150.0,36250.0,34950.0,33950.0,33070.0,31915.0,432242
2014-07-03,36250.0,36900.0,36100.0,36800.0,35490.0,34180.0,33166.666666666664,31965.833333333332,273890
2014-07-04,36800.0,37000.0,36400.0,36800.0,35920.0,34437.5,33254.166666666664,32020.0,225161
2014-07-07,36900.0,36950.0,36300.0,36650.0,36380.0,34667.5,33330.833333333336,32068.75,192352
2014-07-08,36450.0,36450.0,35750.0,35850.0,36470.0,34872.5,33400.0,32115.416666666668,150809
2014-07-09,35800.0,37800.0,35550.0,37200.0,36660.0,35067.5,33484.166666666664,32176.666666666668,398255
2014-07-10,37300.0,37450.0,36800.0,37050.0,36710.0,35240.0,33568.333333333336,32235.416666666668,171225
2014-07-11,37000.0,37050.0,36250.0,36800.0,36710.0,35395.0,33656.666666666664,32288.333333333332,147977
2014-07-14,37050.0,37700.0,36850.0,37650.0,36910.0,35587.5,33746.666666666664,32343.75,169685
2014-07-15,37700.0,38000.0,36750.0,37150.0,37170.0,35782.5,33835.833333333336,32395.833333333332,176509
2014-07-16,37150.0,37700.0,36900.0,37000.0,37130.0,35940.0,33906.666666666664,32447.083333333332,147964
2014-07-17,37000.0,37450.0,36300.0,36700.0,37060.0,36010.0,33962.5,32488.75,120198
2014-07-18,36350.0,37000.0,36300.0,36600.0,37020.0,36110.0,34022.5,32525.833333333332,90576
2014-07-21,37000.0,37050.0,36450.0,36800.0,36850.0,36212.5,34078.333333333336,32565.0,90693
2014-07-22,36600.0,37400.0,36300.0,37350.0,36890.0,36307.5,34146.666666666664,32610.833333333332,139079
2014-07-23,37400.0,37650.0,36650.0,37000.0,36890.0,36407.5,34210.0,32658.333333333332,142099
2014-07-24,37000.0,37450.0,36550.0,37350.0,37020.0,36570.0,34295.833333333336,32711.666666666668,142899
2014-07-25,37350.0,37450.0,36900.0,37350.0,37170.0,36705.0,34386.666666666664,32764.166666666668,124308
2014-07-28,37300.0,37350.0,35600.0,35750.0,36960.0,36775.0,34443.333333333336,32807.083333333336,238976
2014-07-29,35950.0,36450.0,34800.0,35600.0,36610.0,36785.0,34465.833333333336,32849.583333333336,243160
2014-07-30,36800.0,37550.0,35100.0,35500.0,36310.0,36747.5,34488.333333333336,32889.583333333336,493678
2014-07-31,35300.0,36350.0,35300.0,36350.0,36110.0,36725.0,34521.666666666664,32932.5,323373
2014-08-01,36100.0,36300.0,35650.0,35750.0,35790.0,36672.5,34559.166666666664,32961.25,178505
2014-08-04,35800.0,36300.0,35500.0,36300.0,35900.0,36655.0,34605.0,32995.416666666664,134951
2014-08-05,36050.0,36500.0,34950.0,35100.0,35800.0,36617.5,34630.833333333336,33015.416666666664,296387
2014-08-06,34950.0,35350.0,33550.0,33800.0,35460.0,36447.5,34640.833333333336,33024.583333333336,390772
2014-08-07,33700.0,34350.0,33700.0,34050.0,35000.0,36297.5,34660.833333333336,33039.166666666664,117133
2014-08-08,34150.0,34350.0,33600.0,34000.0,34650.0,36157.5,34666.666666666664,33050.0,129855
2014-08-11,34400.0,34550.0,33750.0,33850.0,34160.0,35967.5,34681.666666666664,33061.666666666664,84709
2014-08-12,33950.0,34300.0,33600.0,33850.0,33910.0,35802.5,34705.0,33074.583333333336,171779
2014-08-13,33950.0,35100.0,33900.0,34950.0,34140.0,35700.0,34755.833333333336,33102.5,166303
2014-08-14,35100.0,35250.0,34450.0,34850.0,34300.0,35607.5,34798.333333333336,33125.833333333336,137919
2014-08-18,35050.0,35300.0,34700.0,34850.0,34470.0,35520.0,34835.0,33147.5,150097
2014-08-19,35100.0,35150.0,33800.0,34450.0,34590.0,35402.5,34858.333333333336,33176.25,205846
2014-08-20,34500.0,34500.0,33600.0,33700.0,34560.0,35220.0,34885.0,33201.666666666664,148723
2014-08-21,33650.0,34000.0,33300.0,33350.0,34240.0,35037.5,34900.0,33225.0,157126
2014-08-22,33350.0,34100.0,33350.0,34100.0,34090.0,34875.0,34925.0,33254.583333333336,155852
2014-08-25,34250.0,34500.0,33650.0,34400.0,34000.0,34727.5,34959.166666666664,33287.083333333336,126366
2014-08-26,34550.0,34900.0,34250.0,34850.0,34080.0,34682.5,35015.0,33326.666666666664,168663
2014-08-27,34850.0,35150.0,34600.0,35150.0,34370.0,34660.0,35065.833333333336,33371.666666666664,139106
2014-08-28,34950.0,35100.0,34400.0,35000.0,34700.0,34635.0,35110.833333333336,33413.333333333336,138887
2014-08-29,34850.0,34950.0,34200.0,34250.0,34730.0,34530.0,35145.0,33449.583333333336,96683
2014-09-01,34100.0,34450.0,33900.0,34100.0,34670.0,34447.5,35185.833333333336,33483.75,90878
2014-09-02,34400.0,34500.0,33450.0,33700.0,34440.0,34317.5,35213.333333333336,33517.5,120085
2014-09-03,33500.0,33750.0,32550.0,32600.0,33930.0,34192.5,35227.5,33545.0,260634
2014-09-04,32850.0,33450.0,32700.0,33350.0,33600.0,34170.0,35228.333333333336,33585.833333333336,167679
2014-09-05,33200.0,33900.0,33200.0,33450.0,33440.0,34140.0,35225.833333333336,33622.916666666664,90689
2014-09-11,33200.0,34300.0,33200.0,33750.0,33370.0,34127.5,35226.666666666664,33662.916666666664,130639
2014-09-12,33450.0,34000.0,33150.0,33400.0,33310.0,34105.0,35220.0,33702.5,107774
2014-09-15,33050.0,33550.0,33050.0,33300.0,33450.0,34077.5,35220.833333333336,33737.5,71266
2014-09-16,33300.0,33750.0,33200.0,33700.0,33520.0,34015.0,35218.333333333336,33773.333333333336,94745
2014-09-17,33750.0,33750.0,32850.0,33200.0,33470.0,33932.5,35183.333333333336,33805.833333333336,159565
2014-09-18,33100.0,33500.0,32750.0,32950.0,33310.0,33837.5,35155.833333333336,33836.25,213681
2014-09-19,32700.0,33150.0,32550.0,33050.0,33240.0,33767.5,35127.5,33867.5,164146
2014-09-22,32900.0,33000.0,32300.0,32400.0,33060.0,33702.5,35076.666666666664,33884.166666666664,118083
2014-09-23,32350.0,32500.0,31500.0,31650.0,32650.0,33617.5,35020.833333333336,33890.833333333336,182516
2014-09-24,31600.0,33000.0,31100.0,32900.0,32590.0,33557.5,35000.833333333336,33907.916666666664,189259
2014-09-25,32900.0,33150.0,32000.0,32350.0,32470.0,33455.0,34962.5,33920.0,177639
2014-09-26,32050.0,32550.0,31950.0,32200.0,32300.0,33322.5,34926.666666666664,33930.416666666664,73802
2014-09-29,32200.0,32550.0,31100.0,31250.0,32070.0,33127.5,34857.5,33927.083333333336,170367
2014-09-30,31150.0,31850.0,30750.0,31550.0,32050.0,32955.0,34779.166666666664,33924.583333333336,160091
2014-10-01,31500.0,31500.0,30000.0,30050.0,31480.0,32745.0,34666.666666666664,33916.666666666664,157849
2014-10-02,29850.0,31000.0,29800.0,30550.0,31120.0,32567.5,34562.5,33908.333333333336,203751
2014-10-06,30350.0,31100.0,30250.0,30600.0,30800.0,32412.5,34461.666666666664,33896.25,112321
2014-10-07,30700.0,31100.0,30650.0,30850.0,30720.0,32325.0,34378.333333333336,33889.166666666664,103665
2014-10-08,30650.0,31100.0,30450.0,30950.0,30600.0,32205.0,34274.166666666664,33879.166666666664,107075
2014-10-10,30850.0,30850.0,29750.0,29800.0,30550.0,32022.5,34153.333333333336,33860.833333333336,133153
2014-10-13,29600.0,30150.0,29000.0,29200.0,30280.0,31795.0,34026.666666666664,33841.666666666664,119462
2014-10-14,29100.0,29650.0,28050.0,28300.0,29820.0,31540.0,33870.833333333336,33808.75,457629
2014-10-15,28500.0,28650.0,27850.0,28400.0,29330.0,31295.0,33725.0,33780.416666666664,200527
2014-10-16,28100.0,28100.0,27300.0,27300.0,28600.0,30975.0,33563.333333333336,33735.0,215315
2014-10-17,27600.0,28050.0,27200.0,27700.0,28180.0,30700.0,33413.333333333336,33687.916666666664,271092
2014-10-20,27950.0,28150.0,27600.0,27750.0,27890.0,30440.0,33265.833333333336,33644.166666666664,188203
2014-10-21,27850.0,27850.0,25050.0,25500.0,27330.0,30062.5,33077.5,33577.916666666664,794306
2014-10-22,26150.0,27850.0,26100.0,27550.0,27160.0,29820.0,32914.166666666664,33530.416666666664,717773
2014-10-23,27350.0,28150.0,26800.0,26900.0,27080.0,29582.5,32745.833333333332,33477.916666666664,281596
2014-10-24,27400.0,27950.0,27150.0,27700.0,27080.0,29322.5,32585.0,33440.416666666664,213324
2014-10-27,28100.0,29050.0,28100.0,28300.0,27190.0,29120.0,32434.166666666668,33410.416666666664,301891
2014-10-28,28400.0,28650.0,27500.0,27900.0,27670.0,28905.0,32303.333333333332,33373.333333333336,157200
2014-10-29,27900.0,29000.0,27800.0,28900.0,27940.0,28787.5,32191.666666666668,33328.75,209282
2014-10-30,28700.0,28850.0,27750.0,28200.0,28200.0,28620.0,32070.0,33279.166666666664,113275
2014-10-31,28450.0,28450.0,27300.0,27500.0,28160.0,28492.5,31922.5,33222.083333333336,160658
2014-11-03,27300.0,27750.0,25200.0,25750.0,27650.0,28252.5,31755.833333333332,33157.5,563150
2014-11-04,25650.0,26200.0,23950.0,25050.0,27080.0,27975.0,31568.333333333332,33086.666666666664,610644
2014-11-05,24450.0,24800.0,23550.0,24500.0,26200.0,27657.5,31391.666666666668,33011.25,504985
2014-11-06,24600.0,25400.0,24000.0,25350.0,25630.0,27377.5,31250.833333333332,32945.833333333336,442697
2014-11-07,25250.0,25500.0,24900.0,25050.0,25140.0,27140.0,31100.833333333332,32880.833333333336,191254
2014-11-10,25250.0,25300.0,24750.0,24800.0,24950.0,26920.0,30947.5,32807.083333333336,211183
2014-11-11,24900.0,25500.0,24900.0,25050.0,24950.0,26757.5,30800.833333333332,32741.25,238626
2014-11-12,25300.0,26300.0,25100.0,25900.0,25230.0,26632.5,30668.333333333332,32686.666666666668,383003
2014-11-13,26000.0,26400.0,25850.0,26300.0,25420.0,26582.5,30524.166666666668,32640.0,171239
2014-11-14,26500.0,26500.0,25850.0,26150.0,25640.0,26505.0,30379.166666666668,32588.75,113930
2014-11-17,26200.0,27150.0,26150.0,26450.0,25970.0,26440.0,30239.166666666668,32537.083333333332,193990
2014-11-18,26800.0,27150.0,26350.0,27050.0,26370.0,26517.5,30115.833333333332,32487.083333333332,199096
2014-11-19,27150.0,27200.0,26450.0,26750.0,26540.0,26477.5,30000.0,32442.5,176791
2014-11-20,26650.0,26750.0,26150.0,26200.0,26520.0,26442.5,29880.833333333332,32390.416666666668,147158
2014-11-21,26200.0,27600.0,26200.0,27500.0,26790.0,26432.5,29770.833333333332,32347.916666666668,266040
2014-11-24,27800.0,28800.0,27350.0,28700.0,27240.0,26452.5,29675.833333333332,32317.5,526064
2014-11-25,28150.0,28650.0,27250.0,27650.0,27360.0,26440.0,29555.833333333332,32285.416666666668,329814
2014-11-26,27750.0,27750.0,27100.0,27400.0,27490.0,26365.0,29426.666666666668,32246.25,132199
2014-11-27,27300.0,27400.0,26700.0,27000.0,27650.0,26305.0,29293.333333333332,32202.083333333332,191507
2014-11-28,26700.0,27400.0,26550.0,27100.0,27570.0,26285.0,29174.166666666668,32159.583333333332,90930
2014-12-01,27000.0,27250.0,26000.0,26050.0,27040.0,26300.0,29040.0,32112.916666666668,175271
2014-12-02,25950.0,26550.0,25700.0,26150.0,26740.0,26355.0,28914.166666666668,32063.75,167845
2014-12-03,26250.0,26400.0,25650.0,25800.0,26420.0,26420.0,28800.833333333332,32014.166666666668,153731
2014-12-04,25850.0,26450.0,25850.0,26150.0,26250.0,26460.0,28680.833333333332,31954.583333333332,107847
2014-12-05,26250.0,26550.0,26100.0,26400.0,26110.0,26527.5,28563.333333333332,31894.583333333332,68267
2014-12-08,26500.0,26700.0,26150.0,26200.0,26140.0,26597.5,28437.5,31832.083333333332,83402
2014-12-09,26200.0,26200.0,25750.0,25800.0,26070.0,26635.0,28310.833333333332,31765.416666666668,96346
2014-12-10,25750.0,26000.0,25150.0,25150.0,25940.0,26597.5,28175.0,31697.916666666668,138014
2014-12-11,25000.0,25450.0,24700.0,25150.0,25740.0,26540.0,28032.5,31625.416666666668,106042
2014-12-12,25400.0,25400.0,24750.0,24800.0,25420.0,26472.5,27892.5,31537.916666666668,138069
2014-12-15,24400.0,25450.0,24100.0,25400.0,25260.0,26420.0,27766.666666666668,31461.25,152665
2014-12-16,25100.0,25150.0,24600.0,24700.0,25040.0,26302.5,27627.5,31377.5,142549
2014-12-17,24900.0,25800.0,24750.0,25700.0,25150.0,26250.0,27515.833333333332,31296.25,281664
2014-12-18,25950.0,26050.0,25350.0,25650.0,25250.0,26222.5,27415.833333333332,31218.333333333332,140504
2014-12-19,25900.0,26150.0,25700.0,25950.0,25480.0,26145.0,27300.0,31150.416666666668,444321
2014-12-22,26200.0,26850.0,25950.0,26550.0,25710.0,26037.5,27203.333333333332,31082.916666666668,649453
2014-12-23,26900.0,28100.0,26700.0,27850.0,26340.0,26047.5,27130.833333333332,31028.75,431513
2014-12-24,27950.0,28100.0,27300.0,27850.0,26770.0,26070.0,27074.166666666668,30965.833333333332,163939
2014-12-26,27950.0,28100.0,27500.0,27550.0,27150.0,26097.5,27007.5,30893.333333333332,163196
2014-12-29,27350.0,27500.0,26900.0,27500.0,27460.0,26117.5,26965.0,30815.833333333332,86170
2014-12-30,27400.0,27600.0,26600.0,26600.0,27470.0,26145.0,26899.166666666668,30730.833333333332,112362
2015-01-02,26400.0,26650.0,26150.0,26250.0,27150.0,26150.0,26826.666666666668,30644.166666666668,120179
2015-01-05,26250.0,26700.0,25700.0,26450.0,26870.0,26182.5,26753.333333333332,30565.833333333332,152718
2015-01-06,26250.0,27100.0,26250.0,26750.0,26710.0,26212.5,26683.333333333332,30478.75,236188
2015-01-07,26650.0,27000.0,26300.0,26750.0,26560.0,26230.0,26632.5,30392.916666666668,112533
2015-01-08,26950.0,27350.0,26350.0,26400.0,26520.0,26240.0,26585.833333333332,30306.25,173494
2015-01-09,26700.0,27300.0,26400.0,27150.0,26700.0,26307.5,26566.666666666668,30218.75,211927
2015-01-12,27050.0,27800.0,26850.0,27500.0,26910.0,26425.0,26551.666666666668,30138.333333333332,230373
2015-01-13,27400.0,27450.0,27000.0,27100.0,26980.0,26522.5,26548.333333333332,30055.833333333332,120582
2015-01-14,27000.0,27450.0,26950.0,27350.0,27100.0,26650.0,26542.5,29977.916666666668,91502
2015-01-15,27400.0,27900.0,27300.0,27900.0,27400.0,26775.0,26545.0,29905.416666666668,123841
2015-01-16,27650.0,27950.0,27300.0,27900.0,27550.0,26935.0,26585.0,29831.25,186493
2015-01-19,28050.0,28550.0,28050.0,28150.0,27680.0,27057.5,26595.0,29754.583333333332,167063
2015-01-20,28300.0,28400.0,27950.0,28300.0,27920.0,27190.0,26618.333333333332,29682.083333333332,107825
2015-01-21,28350.0,28450.0,27850.0,28150.0,28080.0,27300.0,26625.833333333332,29605.416666666668,114141
2015-01-22,28350.0,28950.0,28050.0,28200.0,28140.0,27382.5,26624.166666666668,29529.166666666668,158312
2015-01-23,28650.0,29150.0,28400.0,29150.0,28390.0,27447.5,26645.0,29474.166666666668,228676
2015-01-26,29100.0,29300.0,28650.0,28700.0,28500.0,27490.0,26641.666666666668,29416.666666666668,155764
2015-01-27,29000.0,30600.0,28950.0,30200.0,28880.0,27622.5,26675.0,29372.5,361078
2015-01-28,29950.0,30450.0,29600.0,29750.0,29200.0,27735.0,26712.5,29317.5,204801
2015-01-29,29500.0,29950.0,29300.0,29600.0,29480.0,27885.0,26776.666666666668,29266.25,142512
2015-01-30,29750.0,30350.0,29450.0,30250.0,29700.0,28085.0,26863.333333333332,29215.833333333332,164807
2015-02-02,30300.0,30700.0,29700.0,29750.0,29910.0,28250.0,26950.833333333332,29171.25,120081
2015-02-03,30050.0,31350.0,29150.0,31000.0,30070.0,28462.5,27045.0,29147.916666666668,397822
2015-02-04,31150.0,31650.0,30600.0,31250.0,30370.0,28687.5,27148.333333333332,29124.583333333332,263254
2015-02-05,31050.0,31600.0,30850.0,31200.0,30690.0,28927.5,27255.0,29101.25,167461
2015-02-06,31300.0,31500.0,30800.0,31400.0,30920.0,29140.0,27360.833333333332,29080.833333333332,135937
2015-02-09,31500.0,31500.0,30250.0,30500.0,31070.0,29290.0,27437.5,29052.916666666668,161115
2015-02-10,30400.0,30850.0,30050.0,30550.0,30980.0,29462.5,27508.333333333332,29016.25,122308
2015-02-11,30750.0,30750.0,30200.0,30350.0,30800.0,29612.5,27578.333333333332,28978.75,65424
2015-02-12,30350.0,30600.0,30150.0,30400.0,30640.0,29737.5,27644.166666666668,28941.666666666668,104173
2015-02-13,31000.0,32800.0,30950.0,32450.0,30850.0,29965.0,27734.166666666668,28925.0,404079
2015-02-16,32750.0,33600.0,31950.0,32650.0,31280.0,30190.0,27832.5,28916.25,388229
2015-02-17,32850.0,33000.0,32050.0,32300.0,31630.0,30390.0,27934.166666666668,28907.5,168786
2015-02-23,32300.0,32700.0,32200.0,32550.0,32070.0,30610.0,28018.333333333332,28894.583333333332,141970
2015-02-24,32550.0,34000.0,32550.0,33900.0,32770.0,30895.0,28105.0,28890.416666666668,243794
2015-02-25,33950.0,34500.0,33400.0,33500.0,32980.0,31112.5,28202.5,28879.166666666668,219577
2015-02-26,33300.0,34000.0,33150.0,33400.0,33130.0,31347.5,28302.5,28864.583333333332,134772
2015-02-27,33500.0,34300.0,33300.0,33850.0,33440.0,31530.0,28416.666666666668,28855.0,119892
2015-03-02,33500.0,34800.0,33500.0,34500.0,33830.0,31767.5,28540.0,28857.083333333332,172580
2015-03-03,34350.0,34500.0,33300.0,33600.0,33770.0,31967.5,28665.833333333332,28852.916666666668,278735
2015-03-04,33300.0,33900.0,32500.0,32800.0,33630.0,32095.0,28776.666666666668,28845.416666666668,264285
2015-03-05,32550.0,33100.0,32500.0,32700.0,33490.0,32242.5,28891.666666666668,28846.25,103525
2015-03-06,32750.0,33450.0,32700.0,33000.0,33320.0,32342.5,29005.833333333332,28843.333333333332,151571
2015-03-09,32500.0,33200.0,32450.0,32700.0,32960.0,32415.0,29110.833333333332,28837.083333333332,91758
2015-03-10,32800.0,33000.0,32250.0,32700.0,32780.0,32490.0,29219.166666666668,28828.333333333332,147981
2015-03-11,32150.0,32600.0,31400.0,31450.0,32510.0,32492.5,29313.333333333332,28812.083333333332,212996
2015-03-12,31450.0,32900.0,31200.0,32750.0,32520.0,32605.0,29440.0,28807.5,246458
2015-03-13,32900.0,32900.0,31300.0,31600.0,32240.0,32657.5,29547.5,28790.0,243658
2015-03-16,31300.0,31450.0,30000.0,30850.0,31870.0,32682.5,29648.333333333332,28770.416666666668,328844
2015-03-17,31000.0,31200.0,30550.0,31200.0,31570.0,32722.5,29745.0,28755.833333333332,187332
2015-03-18,31800.0,33200.0,31750.0,32900.0,31860.0,32745.0,29881.666666666668,28754.583333333332,552150
2015-03-19,33350.0,34400.0,32800.0,34300.0,32170.0,32827.5,30025.0,28770.416666666668,434055
2015-03-20,34050.0,34550.0,33500.0,34200.0,32690.0,32922.5,30167.5,28791.666666666668,253644
2015-03-23,34250.0,36500.0,34250.0,35550.0,33630.0,33072.5,30327.5,28813.75,608657
2015-03-24,35550.0,36400.0,35050.0,36300.0,34650.0,33192.5,30490.0,28846.666666666668,420135
2015-03-25,36200.0,36500.0,35800.0,36000.0,35270.0,33317.5,30625.833333333332,28878.333333333332,190866
2015-03-26,35350.0,36050.0,35250.0,35600.0,35530.0,33427.5,30755.0,28914.583333333332,181133
2015-03-27,35950.0,35950.0,34900.0,35400.0,35770.0,33505.0,30885.833333333332,28946.666666666668,156185
2015-03-30,35250.0,36350.0,35050.0,36000.0,35860.0,33580.0,31027.5,28996.25,193395
2015-03-31,35900.0,36900.0,35900.0,36100.0,35820.0,33705.0,31185.833333333332,29042.5,235148
2015-04-01,36100.0,37800.0,36050.0,37400.0,36100.0,33935.0,31371.666666666668,29099.166666666668,387677
2015-04-02,37700.0,39550.0,37350.0,39150.0,36810.0,34257.5,31583.333333333332,29168.333333333332,382699
2015-04-03,39100.0,39350.0,38500.0,38850.0,37500.0,34550.0,31785.0,29234.166666666668,211824
2015-04-06,38550.0,38650.0,37800.0,37900.0,37880.0,34810.0,31970.833333333332,29301.666666666668,233689
2015-04-07,38000.0,38900.0,37650.0,38350.0,38330.0,35092.5,32170.0,29377.916666666668,248269
2015-04-08,38300.0,38350.0,36700.0,37450.0,38340.0,35392.5,32341.666666666668,29454.166666666668,448533
2015-04-09,37050.0,38300.0,36900.0,37350.0,37980.0,35622.5,32505.833333333332,29528.75,185015
2015-04-10,38600.0,39300.0,37950.0,38850.0,37980.0,35985.0,32701.666666666668,29625.0,333928
2015-04-13,39100.0,39700.0,38400.0,38700.0,38140.0,36377.5,32890.833333333336,29716.666666666668,206657
2015-04-14,39300.0,39850.0,37900.0,38100.0,38090.0,36722.5,33060.833333333336,29802.916666666668,199577
2015-04-15,38150.0,39200.0,37450.0,38150.0,38230.0,36985.0,33231.666666666664,29908.333333333332,186866
2015-04-16,38800.0,39400.0,38000.0,38050.0,38370.0,37172.5,33396.666666666664,29995.833333333332,183852
2015-04-17,38600.0,38700.0,37650.0,38450.0,38290.0,37385.0,33565.833333333336,30092.083333333332,177469
2015-04-20,38450.0,39750.0,38200.0,39500.0,38450.0,37582.5,33755.0,30190.416666666668,302884
2015-04-21,40000.0,40050.0,38600.0,39000.0,38630.0,37717.5,33935.0,30279.583333333332,264194
2015-04-22,39250.0,41150.0,39050.0,40700.0,39140.0,37952.5,34127.5,30386.25,485332
2015-04-23,42000.0,42700.0,39900.0,40700.0,39670.0,38207.5,34327.5,30484.583333333332,625551
2015-04-24,40750.0,40750.0,39050.0,40200.0,40020.0,38447.5,34494.166666666664,30584.583333333332,496985
2015-04-27,40500.0,41000.0,39500.0,40600.0,40240.0,38677.5,34675.0,30693.75,321335
2015-04-28,40950.0,42700.0,40750.0,42450.0,40930.0,38995.0,34889.166666666664,30832.916666666668,479984
2015-04-29,42700.0,43000.0,41800.0,42900.0,41370.0,39270.0,35100.0,30981.666666666668,361147
2015-04-30,42300.0,42900.0,41750.0,42400.0,41710.0,39432.5,35310.833333333336,31130.833333333332,209550
2015-05-04,42100.0,42650.0,41250.0,42350.0,42140.0,39607.5,35500.0,31272.5,127114
2015-05-06,42550.0,42550.0,41250.0,41750.0,42370.0,39800.0,35675.0,31411.666666666668,152899
2015-05-07,41400.0,41600.0,39600.0,40450.0,41970.0,39905.0,35829.166666666664,31542.083333333332,262782
2015-05-08,40450.0,41850.0,39800.0,41450.0,41680.0,40105.0,35996.666666666664,31678.75,209015
2015-05-11,41450.0,42400.0,41050.0,41700.0,41540.0,40322.5,36183.333333333336,31810.416666666668,131264
2015-05-12,41750.0,42200.0,41150.0,41850.0,41440.0,40472.5,36371.666666666664,31940.0,122279
2015-05-13,42200.0,42200.0,41350.0,41600.0,41410.0,40617.5,36559.166666666664,32068.75,116049
2015-05-14,41400.0,42200.0,41000.0,41100.0,41540.0,40767.5,36737.5,32190.833333333332,140404
2015-05-15,41100.0,41550.0,40650.0,40900.0,41430.0,40905.0,36878.333333333336,32306.25,110511
2015-05-18,40900.0,41000.0,39500.0,39700.0,41030.0,40987.5,36995.833333333336,32414.166666666668,211341
2015-05-19,39300.0,41500.0,39300.0,41400.0,40940.0,41135.0,37147.5,32540.833333333332,219802
2015-05-20,40700.0,41200.0,39900.0,40750.0,40770.0,41197.5,37284.166666666664,32651.25,169427
2015-05-21,39550.0,41250.0,39550.0,40600.0,40670.0,41277.5,37395.833333333336,32750.416666666668,123841
2015-05-22,41000.0,42800.0,40500.0,41450.0,40780.0,41315.0,37528.333333333336,32865.416666666664,212082
2015-05-26,41400.0,41600.0,40350.0,40550.0,40950.0,41307.5,37647.5,32975.0,143297
2015-05-27,40050.0,40350.0,38700.0,38900.0,40450.0,41242.5,37731.666666666664,33074.166666666664,185731
2015-05-28,39150.0,39400.0,38700.0,39100.0,40120.0,41167.5,37808.333333333336,33174.166666666664,127767
2015-05-29,38900.0,40000.0,38650.0,39050.0,39810.0,40997.5,37899.166666666664,33282.5,136182
2015-06-01,39100.0,39350.0,38050.0,38300.0,39180.0,40767.5,37990.833333333336,33383.75,136536
2015-06-02,38350.0,40850.0,38300.0,40050.0,39080.0,40650.0,38113.333333333336,33502.5,377923
2015-06-03,40200.0,41150.0,39150.0,39350.0,39170.0,40500.0,38219.166666666664,33612.5,175059
2015-06-04,39500.0,40150.0,38850.0,39000.0,39150.0,40362.5,38324.166666666664,33717.5,106721
2015-06-05,38500.0,39800.0,38150.0,38350.0,39010.0,40257.5,38418.333333333336,33818.75,172601
2015-06-08,38600.0,38750.0,36450.0,36550.0,38660.0,40012.5,38503.333333333336,33908.333333333336,421612
2015-06-09,36800.0,37950.0,36700.0,37800.0,38210.0,39817.5,38587.5,34013.75,366801
2015-06-10,38050.0,38100.0,35900.0,36500.0,37640.0,39550.0,38669.166666666664,34108.333333333336,293115
2015-06-11,36700.0,36950.0,35200.0,35600.0,36960.0,39250.0,38748.333333333336,34198.333333333336,373832
2015-06-12,35900.0,36300.0,35150.0,35500.0,36390.0,38970.0,38820.0,34282.5,249485
2015-06-15,35200.0,36850.0,35200.0,36000.0,36280.0,38725.0,38871.666666666664,34376.666666666664,176537
2015-06-16,36250.0,36350.0,34150.0,34450.0,35610.0,38462.5,38874.166666666664,34449.583333333336,269101
2015-06-17,34800.0,34800.0,33100.0,34050.0,35120.0,38095.0,38871.666666666664,34519.583333333336,517175
2015-06-18,34400.0,34900.0,33850.0,34300.0,34860.0,37772.5,38850.833333333336,34589.166666666664,401807
2015-06-19,34800.0,35950.0,34450.0,35600.0,34880.0,37522.5,38839.166666666664,34664.583333333336,415701
2015-06-22,36400.0,36450.0,34800.0,35000.0,34680.0,37200.0,38822.5,34724.166666666664,295278
2015-06-23,35450.0,36400.0,34950.0,36400.0,35070.0,36992.5,38835.833333333336,34795.416666666664,329825
2015-06-24,36600.0,36950.0,36150.0,36500.0,35560.0,36872.5,38854.166666666664,34870.0,271041
2015-06-25,36500.0,37650.0,36150.0,37600.0,36220.0,36797.5,38880.833333333336,34954.166666666664,282408
2015-06-26,37800.0,38000.0,37100.0,37600.0,36620.0,36725.0,38905.833333333336,35045.833333333336,281171
2015-06-29,36650.0,37300.0,35450.0,35450.0,36710.0,36582.5,38873.333333333336,35122.5,306623
2015-06-30,35300.0,37100.0,34750.0,36800.0,36790.0,36420.0,38834.166666666664,35208.75,257113
2015-07-01,37350.0,38900.0,37150.0,38650.0,37220.0,36385.0,38830.833333333336,35307.916666666664,315723
2015-07-02,39050.0,39050.0,37950.0,38750.0,37450.0,36372.5,38845.0,35407.916666666664,285110
2015-07-03,38950.0,39150.0,38250.0,38500.0,37630.0,36380.0,38847.5,35508.75,194033
2015-07-06,38000.0,38150.0,36900.0,37350.0,38010.0,36420.0,38845.833333333336,35593.75,199601
2015-07-07,37750.0,38200.0,36600.0,37800.0,38210.0,36420.0,38853.333333333336,35679.583333333336,262084
2015-07-08,37850.0,38450.0,36500.0,36750.0,37830.0,36432.5,38818.333333333336,35760.0,223959
2015-07-09,36000.0,36350.0,35300.0,36000.0,37280.0,36452.5,38773.333333333336,35832.083333333336,268659
2015-07-10,35800.0,37400.0,35750.0,36950.0,36970.0,36525.0,38754.166666666664,35907.5,255025
2015-07-13,36500.0,37750.0,36300.0,37700.0,37040.0,36610.0,38746.666666666664,35989.166666666664,136576
2015-07-14,38000.0,38100.0,36700.0,36750.0,36830.0,36725.0,38725.0,36060.833333333336,224135
2015-07-15,36950.0,37600.0,36600.0,36600.0,36800.0,36852.5,38694.166666666664,36130.0,169726
2015-07-16,36850.0,39950.0,36600.0,39500.0,37500.0,37112.5,38694.166666666664,36224.583333333336,569203
2015-07-17,39900.0,39900.0,38700.0,39500.0,38010.0,37307.5,38702.5,36318.75,340752
2015-07-20,39650.0,41750.0,39650.0,40100.0,38490.0,37562.5,38692.5,36410.0,364930
2015-07-21,40500.0,40600.0,39550.0,40350.0,39210.0,37760.0,38686.666666666664,36507.083333333336,127161
2015-07-22,39900.0,40350.0,39000.0,39000.0,39690.0,37885.0,38666.666666666664,36580.416666666664,165207
2015-07-23,39000.0,40150.0,37850.0,39350.0,39660.0,37972.5,38645.833333333336,36660.416666666664,170220
2015-07-24,39000.0,39750.0,38300.0,39100.0,39580.0,38047.5,38590.0,36739.583333333336,148419
2015-07-27,39300.0,39850.0,38800.0,39600.0,39480.0,38255.0,38535.0,36817.5,151025
2015-07-28,39150.0,39300.0,37600.0,37800.0,38970.0,38305.0,38458.333333333336,36884.583333333336,196107
2015-07-29,38100.0,38700.0,37500.0,37700.0,38710.0,38257.5,38380.833333333336,36940.416666666664,121631
2015-07-30,37800.0,38350.0,36900.0,37300.0,38300.0,38185.0,38306.666666666664,36990.833333333336,110540
2015-07-31,37300.0,37650.0,35500.0,35650.0,37610.0,38042.5,38226.666666666664,37027.916666666664,261560
2015-08-03,35450.0,35550.0,33350.0,33350.0,36360.0,37842.5,38091.666666666664,37044.166666666664,425972
2015-08-04,33200.0,34200.0,33100.0,34100.0,35620.0,37657.5,37965.0,37074.166666666664,203170
2015-08-05,34050.0,34800.0,33400.0,34600.0,35000.0,37550.0,37844.166666666664,37107.916666666664,162478
2015-08-06,34650.0,37100.0,34650.0,36200.0,34780.0,37560.0,37754.166666666664,37156.666666666664,319012
2015-08-07,36150.0,37400.0,35250.0,36150.0,34880.0,37520.0,37671.666666666664,37204.583333333336,275558
2015-08-10,36450.0,37400.0,36150.0,36600.0,35530.0,37465.0,37600.0,37239.166666666664,190133
2015-08-11,37150.0,37950.0,36800.0,37550.0,36220.0,37505.0,37564.166666666664,37280.0,222578
2015-08-12,37550.0,38000.0,35700.0,36200.0,36540.0,37485.0,37477.5,37312.5,197046
2015-08-13,36400.0,38950.0,36250.0,38600.0,37020.0,37440.0,37441.666666666664,37362.916666666664,228564
2015-08-14,38600.0,38600.0,38600.0,38600.0,37510.0,37395.0,37408.333333333336,37402.083333333336,0
2015-08-17,38600.0,38850.0,37850.0,38550.0,37900.0,37317.5,37360.0,37444.166666666664,157296
2015-08-18,38800.0,39400.0,37700.0,38950.0,38180.0,37247.5,37333.333333333336,37490.416666666664,203036
2015-08-19,38250.0,38850.0,36150.0,36900.0,38320.0,37142.5,37300.0,37515.833333333336,277740
2015-08-20,36550.0,36900.0,35450.0,35950.0,37790.0,36972.5,37247.5,37527.916666666664,190039
2015-08-21,34700.0,35400.0,33850.0,34350.0,36940.0,36735.0,37169.166666666664,37534.166666666664,261666
2015-08-24,33600.0,35550.0,33600.0,35300.0,36290.0,36520.0,37119.166666666664,37555.0,260869
2015-08-25,35500.0,36350.0,34400.0,35500.0,35600.0,36405.0,37043.333333333336,37578.333333333336,162947
2015-08-26,35100.0,37300.0,35050.0,36900.0,35600.0,36365.0,37002.5,37610.833333333336,154152
2015-08-27,37050.0,37600.0,36450.0,36550.0,35720.0,36327.5,36961.666666666664,37642.916666666664,157645
2015-08-28,37400.0,38100.0,37200.0,37800.0,36410.0,36435.0,36952.5,37685.416666666664,201590
2015-08-31,37500.0,38450.0,37500.0,38350.0,37020.0,36685.0,36982.5,37742.916666666664,133588
2015-09-01,38000.0,38400.0,37400.0,37650.0,37450.0,36862.5,36980.0,37783.75,113640
2015-09-02,36900.0,38450.0,36650.0,37850.0,37640.0,37025.0,37002.5,37835.833333333336,96977
2015-09-03,37950.0,38150.0,37000.0,37350.0,37800.0,37082.5,37031.666666666664,37890.0,98286
2015-09-04,37350.0,37600.0,35500.0,36000.0,37440.0,37075.0,37040.0,37930.0,183231
2015-09-07,35600.0,36700.0,35400.0,36350.0,37040.0,37062.5,37045.833333333336,37958.75,102743
2015-09-08,36600.0,37150.0,34550.0,35550.0,36620.0,36962.5,37064.166666666664,37969.166666666664,152817
2015-09-09,36000.0,36450.0,35250.0,36400.0,36330.0,36972.5,37103.333333333336,37987.5,201417
2015-09-10,35700.0,36900.0,35450.0,36900.0,36240.0,36887.5,37146.666666666664,37998.75,176589
2015-09-11,36500.0,37400.0,36450.0,37150.0,36470.0,36815.0,37172.5,38005.833333333336,93956
2015-09-14,37400.0,38150.0,37200.0,37500.0,36700.0,36762.5,37214.166666666664,38018.333333333336,114202
2015-09-15,37550.0,38600.0,37550.0,38450.0,37280.0,36737.5,37248.333333333336,38042.083333333336,168798
2015-09-16,38550.0,38700.0,37750.0,37750.0,37550.0,36780.0,37269.166666666664,38061.666666666664,236855
2015-09-17,38300.0,40450.0,37750.0,39050.0,37980.0,36935.0,37293.333333333336,38087.083333333336,344500
2015-09-18,38900.0,39450.0,38350.0,38800.0,38310.0,37157.5,37313.333333333336,38109.583333333336,137446
2015-09-21,38050.0,39150.0,38000.0,38800.0,38570.0,37332.5,37369.166666666664,38121.25,113136
2015-09-22,39000.0,39800.0,38650.0,38950.0,38670.0,37505.0,37405.0,38119.583333333336,114533
2015-09-23,38300.0,39700.0,38200.0,39550.0,39030.0,37637.5,37420.0,38125.416666666664,192423
2015-09-24,39600.0,40000.0,38800.0,39350.0,39090.0,37777.5,37430.0,38137.5,194900
2015-09-25,39400.0,40150.0,39350.0,40000.0,39330.0,37887.5,37455.0,38151.25,134822
2015-09-30,39200.0,39600.0,37600.0,38100.0,39190.0,37875.0,37467.5,38156.666666666664,301206
2015-10-01,38300.0,38750.0,37650.0,38650.0,39130.0,37925.0,37481.666666666664,38167.5,204022
2015-10-02,38750.0,38750.0,37650.0,37850.0,38790.0,37925.0,37500.0,38159.166666666664,147198
2015-10-05,38000.0,39200.0,38000.0,38800.0,38680.0,37997.5,37546.666666666664,38160.0,162734
2015-10-06,39200.0,39650.0,38250.0,38350.0,38350.0,38115.0,37570.0,38162.083333333336,125003
2015-10-07,38350.0,38700.0,37750.0,37750.0,38280.0,38185.0,37570.833333333336,38158.75,67852
2015-10-08,37900.0,38300.0,37600.0,38050.0,38160.0,38310.0,37592.5,38158.75,80336
2015-10-12,38400.0,38450.0,37350.0,37650.0,38120.0,38372.5,37610.0,38152.083333333336,160685
2015-10-13,37650.0,37800.0,36700.0,37000.0,37760.0,38377.5,37568.333333333336,38131.25,138794
2015-10-14,36850.0,37450.0,36700.0,37200.0,37530.0,38380.0,37530.0,38116.25,81473
2015-10-15,37200.0,37900.0,36900.0,37550.0,37490.0,38382.5,37487.5,38090.0,107042
2015-10-16,37700.0,37900.0,37000.0,37000.0,37280.0,38310.0,37431.666666666664,38059.166666666664,97816
2015-10-19,37200.0,38150.0,37150.0,37350.0,37220.0,38290.0,37404.166666666664,38035.416666666664,110711
2015-10-20,37450.0,37750.0,36350.0,36550.0,37130.0,38165.0,37357.5,38001.666666666664,158410
2015-10-21,36550.0,37950.0,36400.0,37700.0,37230.0,38110.0,37334.166666666664,37962.083333333336,133954
2015-10-22,37300.0,37700.0,36600.0,37150.0,37150.0,38027.5,37293.333333333336,37914.166666666664,124885
2015-10-23,37650.0,38600.0,37300.0,38200.0,37390.0,37990.0,37300.0,37879.166666666664,171242
2015-10-26,38500.0,38500.0,37750.0,37950.0,37510.0,37910.0,37304.166666666664,37842.5,58805
2015-10-27,38000.0,38150.0,36900.0,36900.0,37580.0,37787.5,37297.5,37802.083333333336,86428
2015-10-28,36950.0,37500.0,36700.0,37000.0,37440.0,37637.5,37320.0,37773.333333333336,78939
2015-10-29,38050.0,38150.0,37300.0,37750.0,37560.0,37620.0,37393.333333333336,37742.5,198262
2015-10-30,37750.0,38650.0,37750.0,38450.0,37610.0,37610.0,37465.833333333336,37715.416666666664,180976
2015-11-02,38650.0,39500.0,38500.0,39100.0,37840.0,37672.5,37540.833333333336,37692.5,246543
2015-11-03,39300.0,39500.0,38100.0,39300.0,38320.0,37697.5,37592.5,37673.333333333336,204037
2015-11-04,39400.0,39700.0,38950.0,39500.0,38820.0,37755.0,37648.333333333336,37660.0,136699
2015-11-05,39250.0,39350.0,38500.0,38700.0,39010.0,37802.5,37683.333333333336,37641.666666666664,88766
2015-11-06,38600.0,39100.0,38500.0,38500.0,39020.0,37825.0,37699.166666666664,37631.666666666664,52057
2015-11-09,38350.0,38450.0,37200.0,37300.0,38660.0,37807.5,37717.5,37597.5,82620
2015-11-10,36800.0,37300.0,36500.0,36650.0,38130.0,37790.0,37685.0,37563.333333333336,83840
2015-11-11,36600.0,37050.0,36400.0,36650.0,37560.0,37762.5,37652.5,37530.416666666664,59880
2015-11-12,36950.0,37050.0,36500.0,37050.0,37230.0,37737.5,37627.5,37493.75,38127
2015-11-13,36700.0,36700.0,36000.0,36150.0,36760.0,37695.0,37580.833333333336,37457.083333333336,55950
2015-11-16,35650.0,36700.0,35600.0,36550.0,36610.0,37655.0,37575.0,37437.5,58247
2015-11-17,36800.0,37450.0,36400.0,37150.0,36710.0,37685.0,37595.0,37421.25,62784
2015-11-18,37300.0,37350.0,35600.0,35600.0,36500.0,37580.0,37615.833333333336,37392.5,209447
2015-11-19,35950.0,36650.0,35900.0,36600.0,36410.0,37552.5,37637.5,37378.333333333336,88768
2015-11-20,36700.0,37050.0,36550.0,36750.0,36530.0,37480.0,37658.333333333336,37350.833333333336,44126
2015-11-23,36600.0,37050.0,35850.0,36100.0,36440.0,37387.5,37645.0,37323.75,102680
2015-11-24,36000.0,36250.0,35550.0,36250.0,36260.0,37355.0,37640.0,37300.833333333336,127669
2015-11-25,36000.0,36600.0,35800.0,36200.0,36380.0,37315.0,37613.333333333336,37282.916666666664,113170
2015-11-26,36200.0,36750.0,36000.0,36750.0,36410.0,37265.0,37586.666666666664,37284.583333333336,105879
2015-11-27,36750.0,36750.0,35750.0,35850.0,36230.0,37135.0,37556.666666666664,37268.333333333336,118054
2015-11-30,35600.0,35750.0,35050.0,35250.0,36060.0,36942.5,37513.333333333336,37257.916666666664,137020
2015-12-01,35300.0,35750.0,35250.0,35600.0,35930.0,36757.5,37484.166666666664,37257.916666666664,127877
2015-12-02,35400.0,35500.0,34700.0,34750.0,35640.0,36520.0,37463.333333333336,37251.666666666664,213863
2015-12-03,34550.0,35150.0,34200.0,34900.0,35270.0,36330.0,37439.166666666664,37242.5,135500
2015-12-04,34650.0,35000.0,34200.0,34600.0,35020.0,36135.0,37423.333333333336,37243.75,78372
2015-12-07,34700.0,35150.0,34300.0,34800.0,34930.0,36010.0,37396.666666666664,37250.0,81785
2015-12-08,34500.0,35000.0,34200.0,34300.0,34670.0,35892.5,37353.333333333336,37250.0,54189
2015-12-09,34350.0,34850.0,34250.0,34800.0,34680.0,35800.0,37314.166666666664,37243.333333333336,75355
2015-12-10,34800.0,34900.0,33450.0,33600.0,34420.0,35627.5,37249.166666666664,37231.666666666664,178345
2015-12-11,33700.0,34200.0,33700.0,34150.0,34330.0,35527.5,37177.5,37212.916666666664,112594
2015-12-14,33750.0,33800.0,32650.0,33050.0,33980.0,35352.5,37099.166666666664,37184.166666666664,133797
2015-12-15,32750.0,33300.0,32750.0,33150.0,33750.0,35152.5,37000.833333333336,37147.083333333336,59092
2015-12-16,33550.0,34000.0,33300.0,33900.0,33570.0,35067.5,36919.166666666664,37116.25,108368
2015-12-17,34150.0,34200.0,33000.0,33550.0,33560.0,34915.0,36831.666666666664,37100.416666666664,151767
2015-12-18,33150.0,34100.0,33050.0,34100.0,33550.0,34782.5,36750.833333333336,37077.916666666664,128983
2015-12-21,34050.0,34250.0,33500.0,33850.0,33710.0,34670.0,36655.833333333336,37037.916666666664,111393
2015-12-22,33800.0,34000.0,32850.0,33050.0,33690.0,34510.0,36550.833333333336,36990.416666666664,228847
2015-12-23,33150.0,33800.0,33000.0,33500.0,33610.0,34375.0,36442.5,36948.75,159564
2015-12-24,33850.0,34100.0,33500.0,33800.0,33660.0,34227.5,36370.833333333336,36919.166666666664,92026
2015-12-28,33550.0,33950.0,33400.0,33900.0,33620.0,34130.0,36291.666666666664,36886.666666666664,92233
2015-12-29,33600.0,34100.0,33200.0,33750.0,33600.0,34055.0,36223.333333333336,36861.666666666664,81565
2015-12-30,33800.0,34350.0,33400.0,33800.0,33750.0,33965.0,36140.0,36843.333333333336,90873
2016-01-04,33550.0,34000.0,32750.0,32850.0,33620.0,33870.0,36048.333333333336,36809.166666666664,113224
2016-01-05,32550.0,32850.0,31150.0,31650.0,33190.0,33707.5,35946.666666666664,36758.75,452752
2016-01-06,31700.0,31700.0,30650.0,31300.0,32670.0,33542.5,35834.166666666664,36713.333333333336,292454
2016-01-07,31250.0,32150.0,31050.0,31900.0,32300.0,33397.5,35738.333333333336,36674.166666666664,138389
2016-01-08,31050.0,32200.0,31050.0,32000.0,31940.0,33282.5,35655.0,36611.666666666664,103413
2016-01-11,31600.0,32350.0,31450.0,32250.0,31820.0,33155.0,35572.5,36551.25,86689
2016-01-12,32250.0,32550.0,32000.0,32050.0,31900.0,33077.5,35480.833333333336,36484.166666666664,84021
2016-01-13,32250.0,32650.0,32200.0,32450.0,32130.0,32992.5,35405.0,36418.333333333336,72035
2016-01-14,31850.0,32050.0,31300.0,31500.0,32050.0,32915.0,35307.5,36355.833333333336,110865
2016-01-15,31750.0,31850.0,30850.0,31650.0,31980.0,32840.0,35225.833333333336,36291.666666666664,154959
2016-01-18,31500.0,31500.0,30600.0,31050.0,31740.0,32697.5,35115.0,36224.583333333336,103641
2016-01-19,30800.0,31200.0,30300.0,30900.0,31510.0,32565.0,35010.833333333336,36152.083333333336,115984
2016-01-20,30650.0,30850.0,29000.0,29750.0,30970.0,32347.5,34870.0,36085.0,174847
2016-01-21,29700.0,30150.0,29300.0,29700.0,30610.0,32140.0,34732.5,36018.333333333336,79675
2016-01-22,29900.0,30300.0,29600.0,30250.0,30330.0,32000.0,34621.666666666664,35959.583333333336,132138
2016-01-25,30600.0,31450.0,30550.0,31250.0,30370.0,31887.5,34525.833333333336,35922.916666666664,104520
2016-01-26,31000.0,31150.0,30050.0,30350.0,30260.0,31715.0,34402.5,35897.916666666664,110248
2016-01-27,30650.0,31500.0,30450.0,30900.0,30490.0,31565.0,34276.666666666664,35871.25,179093
2016-01-28,30650.0,31300.0,30600.0,31200.0,30790.0,31437.5,34145.0,35842.916666666664,91099
2016-01-29,31200.0,31300.0,30650.0,30850.0,30910.0,31290.0,34004.166666666664,35798.333333333336,73320
2016-02-01,31050.0,31450.0,30600.0,31350.0,30930.0,31215.0,33868.333333333336,35758.333333333336,143270
2016-02-02,31000.0,31200.0,29200.0,29500.0,30760.0,31107.5,33715.0,35699.166666666664,363511
2016-02-03,29050.0,29450.0,28650.0,29350.0,30450.0,31010.0,33562.5,35630.833333333336,118842
2016-02-04,30150.0,30450.0,29800.0,29950.0,30200.0,30912.5,33440.0,35578.75,131716
2016-02-05,30200.0,30550.0,29600.0,29900.0,30010.0,30807.5,33327.5,35506.25,153930
2016-02-11,29000.0,29400.0,28650.0,29100.0,29560.0,30650.0,33201.666666666664,35427.083333333336,128455
2016-02-12,28750.0,29000.0,27800.0,27800.0,29220.0,30437.5,33047.5,35337.5,225010
2016-02-15,28200.0,29450.0,28150.0,29300.0,29210.0,30280.0,32933.333333333336,35257.083333333336,150069
2016-02-16,29200.0,29750.0,29050.0,29450.0,29110.0,30177.5,32815.0,35195.0,93961
2016-02-17,29300.0,30350.0,29050.0,30250.0,29180.0,30107.5,32700.0,35147.5,171701
2016-02-18,30500.0,31000.0,30200.0,30500.0,29460.0,30080.0,32615.0,35115.416666666664,158461
2016-02-19,30600.0,31450.0,30200.0,31250.0,30150.0,30097.5,32525.833333333332,35081.666666666664,151779
2016-02-22,31000.0,31150.0,30500.0,30850.0,30460.0,30152.5,32427.5,35042.916666666664,111498
2016-02-23,31250.0,31300.0,30650.0,31150.0,30800.0,30225.0,32345.0,34995.0,125925
2016-02-24,31100.0,31300.0,30750.0,31100.0,30970.0,30267.5,32259.166666666668,34949.583333333336,79404
2016-02-25,31550.0,32100.0,31050.0,31750.0,31220.0,30292.5,32185.0,34899.166666666664,189964
2016-02-26,31900.0,31900.0,31100.0,31300.0,31230.0,30340.0,32094.166666666668,34840.416666666664,99602
2016-02-29,31300.0,31650.0,30750.0,31100.0,31280.0,30350.0,32015.0,34785.833333333336,163713
2016-03-02,31400.0,31650.0,31050.0,31100.0,31270.0,30345.0,31945.833333333332,34729.583333333336,175244
2016-03-03,31100.0,31250.0,30700.0,31150.0,31280.0,30360.0,31871.666666666668,34677.916666666664,124797
2016-03-04,31050.0,31550.0,30650.0,31350.0,31200.0,30360.0,31815.0,34639.166666666664,174968
2016-03-07,31300.0,31850.0,30700.0,31150.0,31170.0,30442.5,31752.5,34595.833333333336,206602
2016-03-08,31000.0,31550.0,30650.0,31400.0,31230.0,30545.0,31699.166666666668,34561.25,152962
2016-03-09,31300.0,32400.0,31000.0,32250.0,31460.0,30660.0,31656.666666666668,34526.666666666664,242648
2016-03-10,32500.0,32550.0,31800.0,32350.0,31700.0,30782.5,31624.166666666668,34488.75,181216
2016-03-11,32050.0,32300.0,31450.0,31550.0,31740.0,30905.0,31570.0,34442.083333333336,203401
2016-03-14,31550.0,31600.0,30350.0,30600.0,31630.0,31045.0,31520.0,34384.583333333336,345691
2016-03-15,30550.0,30700.0,30000.0,30200.0,31390.0,31090.0,31454.166666666668,34315.833333333336,222739
2016-03-16,30250.0,30450.0,29600.0,29750.0,30890.0,31105.0,31399.166666666668,34249.166666666664,238950
2016-03-17,30000.0,30300.0,29800.0,30000.0,30420.0,31092.5,31346.666666666668,34173.75,302693
2016-03-18,30300.0,31000.0,30300.0,30850.0,30280.0,31110.0,31295.833333333332,34107.5,386997
2016-03-21,31100.0,31500.0,30400.0,30650.0,30290.0,31080.0,31247.5,34039.583333333336,300128
2016-03-22,30650.0,31050.0,30550.0,30950.0,30440.0,31085.0,31195.0,33972.916666666664,133644
2016-03-23,31000.0,31250.0,30700.0,31050.0,30700.0,31080.0,31148.333333333332,33902.083333333336,152923
2016-03-24,30950.0,31350.0,30800.0,31100.0,30920.0,31080.0,31115.833333333332,33833.333333333336,160020
2016-03-25,31100.0,31650.0,30900.0,31400.0,31030.0,31062.5,31080.833333333332,33761.666666666664,180389
2016-03-28,31600.0,31700.0,31000.0,31300.0,31160.0,31062.5,31039.166666666668,33705.0,117076
2016-03-29,31300.0,31450.0,30800.0,31000.0,31170.0,31057.5,30990.833333333332,33641.25,136987
2016-03-30,31100.0,32800.0,31050.0,32600.0,31480.0,31132.5,30971.666666666668,33597.5,449431
2016-03-31,32250.0,32400.0,31750.0,31800.0,31620.0,31165.0,30938.333333333332,33539.166666666664,252786
2016-04-01,31800.0,32000.0,29650.0,29950.0,31330.0,31095.0,30890.0,33469.166666666664,656856
2016-04-04,29950.0,30350.0,29500.0,30200.0,31110.0,31047.5,30865.833333333332,33406.25,278051
2016-04-05,30050.0,30500.0,29400.0,29550.0,30820.0,30955.0,30836.666666666668,33335.416666666664,280975
2016-04-06,29450.0,29750.0,29250.0,29550.0,30210.0,30820.0,30797.5,33267.916666666664,227658
2016-04-07,29700.0,29700.0,29300.0,29450.0,29740.0,30675.0,30755.0,33205.0,186126
2016-04-08,29300.0,29950.0,29250.0,29800.0,29710.0,30587.5,30714.166666666668,33143.333333333336,187078
2016-04-11,29950.0,29950.0,29150.0,29250.0,29520.0,30520.0,30667.5,33074.166666666664,253803
2016-04-12,29250.0,29450.0,29150.0,29450.0,29500.0,30482.5,30617.5,33011.25,101420
2016-04-14,29600.0,30250.0,29600.0,30250.0,29640.0,30507.5,30596.666666666668,32952.083333333336,230100
2016-04-15,30150.0,30550.0,30100.0,30100.0,29770.0,30512.5,30570.833333333332,32898.333333333336,163579
2016-04-18,29950.0,30600.0,29800.0,30050.0,29820.0,30472.5,30554.166666666668,32834.583333333336,185475
2016-04-19,30150.0,30350.0,30050.0,30350.0,30040.0,30457.5,30545.0,32777.916666666664,166667
2016-04-20,30450.0,30650.0,30050.0,30200.0,30190.0,30420.0,30552.5,32711.25,190431
2016-04-21,30300.0,30500.0,29950.0,30050.0,30150.0,30370.0,30558.333333333332,32645.416666666668,193270
2016-04-22,30150.0,30300.0,29950.0,30100.0,30150.0,30320.0,30555.833333333332,32588.75,118940
2016-04-25,30150.0,30350.0,29950.0,30150.0,30170.0,30257.5,30537.5,32531.666666666668,85466
2016-04-26,30400.0,30400.0,29500.0,29650.0,30030.0,30175.0,30525.833333333332,32464.166666666668,274156
2016-04-27,29550.0,29600.0,28950.0,29000.0,29790.0,30075.0,30494.166666666668,32385.416666666668,267284
2016-04-28,29150.0,29400.0,28200.0,28300.0,29440.0,29860.0,30445.833333333332,32295.416666666668,357086
2016-04-29,28250.0,28700.0,28000.0,28050.0,29030.0,29672.5,30399.166666666668,32201.666666666668,293698
2016-05-02,28050.0,28450.0,27750.0,28200.0,28640.0,29585.0,30346.666666666668,32107.5,211851
2016-05-03,28350.0,28600.0,28250.0,28400.0,28390.0,29495.0,30328.333333333332,32021.666666666668,255629
2016-05-04,28150.0,28550.0,28050.0,28100.0,28210.0,29422.5,30307.5,31935.0,148318
2016-05-09,28200.0,28300.0,27150.0,27400.0,28030.0,29315.0,30265.0,31852.5,295597
2016-05-10,27300.0,27800.0,27250.0,27450.0,27910.0,29215.0,30224.166666666668,31775.833333333332,221696
2016-05-11,27850.0,29500.0,27800.0,29400.0,28150.0,29195.0,30229.166666666668,31715.416666666668,1350707
2016-05-12,29000.0,29450.0,28600.0,29450.0,28360.0,29205.0,30256.666666666668,31652.083333333332,374879
2016-05-13,29450.0,29500.0,28700.0,28900.0,28520.0,29177.5,30250.0,31591.666666666668,242324
2016-05-16,28800.0,29200.0,28550.0,29050.0,28850.0,29117.5,30243.333333333332,31529.166666666668,167219
2016-05-17,29400.0,29450.0,28600.0,28850.0,29130.0,29055.0,30220.0,31460.0,177391
2016-05-18,28650.0,28700.0,28050.0,28300.0,28910.0,28967.5,30183.333333333332,31399.166666666668,242607
2016-05-19,28000.0,28200.0,27500.0,27950.0,28610.0,28847.5,30128.333333333332,31327.083333333332,284921
2016-05-20,27900.0,28350.0,27650.0,27800.0,28390.0,28727.5,30077.5,31252.5,183665
2016-05-23,28050.0,28050.0,27700.0,27850.0,28150.0,28617.5,30022.5,31183.75,167416
2016-05-24,27750.0,27950.0,27600.0,27700.0,27920.0,28497.5,29965.833333333332,31112.5,152516
2016-05-25,27900.0,28050.0,27700.0,27800.0,27820.0,28380.0,29900.0,31042.5,234878
2016-05-26,27950.0,28000.0,27750.0,27900.0,27810.0,28292.5,29843.333333333332,30968.75,182229
2016-05-27,27950.0,28200.0,27800.0,28000.0,27850.0,28242.5,29791.666666666668,30903.333333333332,297106
2016-05-30,28050.0,28150.0,27650.0,27650.0,27810.0,28210.0,29734.166666666668,30840.0,120319
2016-05-31,27600.0,27800.0,27400.0,27750.0,27820.0,28195.0,29677.5,30774.583333333332,171441
2016-06-01,27850.0,28000.0,27600.0,27850.0,27830.0,28177.5,29619.166666666668,30717.083333333332,112079
2016-06-02,27850.0,27900.0,27550.0,27650.0,27780.0,28140.0,29560.833333333332,30656.666666666668,93557
2016-06-03,27650.0,27900.0,27600.0,27800.0,27740.0,28125.0,29500.833333333332,30600.0,117615
2016-06-07,27950.0,28250.0,27800.0,28100.0,27830.0,28160.0,29431.666666666668,30544.166666666668,122330
2016-06-08,28100.0,28950.0,28050.0,28900.0,28060.0,28232.5,29374.166666666668,30499.166666666668,242099
2016-06-09,28900.0,29350.0,28750.0,29350.0,28360.0,28230.0,29337.5,30453.75,375873
2016-06-10,29200.0,29250.0,28650.0,28800.0,28590.0,28197.5,29307.5,30413.75,199158
2016-06-13,28500.0,28600.0,27950.0,28000.0,28630.0,28152.5,29270.833333333332,30362.5,207546
2016-06-14,27850.0,28000.0,27100.0,27200.0,28450.0,28060.0,29228.333333333332,30313.75,277411
2016-06-15,27250.0,27550.0,27100.0,27450.0,28160.0,27990.0,29185.833333333332,30266.25,112916
2016-06-16,27450.0,27600.0,27000.0,27100.0,27710.0,27930.0,29123.333333333332,30209.583333333332,117788
2016-06-17,27300.0,27450.0,27150.0,27150.0,27380.0,27890.0,29065.0,30156.25,99861
2016-06-20,27250.0,28200.0,27250.0,28150.0,27410.0,27907.5,29018.333333333332,30106.666666666668,123793
2016-06-21,28350.0,28350.0,28050.0,28250.0,27620.0,27927.5,28971.666666666668,30060.0,124676
2016-06-22,28150.0,28550.0,28050.0,28350.0,27800.0,27960.0,28925.833333333332,30020.833333333332,147001
2016-06-23,28050.0,28300.0,27700.0,27850.0,27950.0,27962.5,28866.666666666668,29973.75,149164
2016-06-24,28100.0,28250.0,25950.0,26300.0,27780.0,27882.5,28783.333333333332,29911.25,473666
2016-06-27,25700.0,26550.0,25550.0,26550.0,27460.0,27810.0,28709.166666666668,29850.0,196942
2016-06-28,26150.0,26700.0,26000.0,26650.0,27140.0,27760.0,28610.0,29790.833333333332,106303
2016-06-29,26850.0,27400.0,26600.0,26900.0,26850.0,27717.5,28528.333333333332,29733.333333333332,188843
2016-06-30,27250.0,27350.0,27000.0,27050.0,26690.0,27677.5,28480.0,29685.0,120507
2016-07-01,27200.0,27650.0,27150.0,27450.0,26920.0,27667.5,28434.166666666668,29650.0,119675
2016-07-04,27350.0,27800.0,27200.0,27450.0,27100.0,27650.0,28399.166666666668,29617.916666666668,168639
2016-07-05,27450.0,27700.0,27250.0,27450.0,27260.0,27617.5,28364.166666666668,29580.833333333332,101468
2016-07-06,27300.0,27450.0,26600.0,26850.0,27250.0,27515.0,28320.833333333332,29537.916666666668,148829
2016-07-07,27100.0,27450.0,26950.0,27250.0,27290.0,27410.0,28278.333333333332,29496.25,131200
2016-07-08,27150.0,27250.0,26550.0,26600.0,27120.0,27300.0,28234.166666666668,29450.833333333332,136771
2016-07-11,26900.0,27050.0,26550.0,26750.0,26980.0,27237.5,28189.166666666668,29403.333333333332,114415
2016-07-12,26750.0,27200.0,26650.0,27150.0,26920.0,27235.0,28137.5,29367.083333333332,117828
2016-07-13,27250.0,27800.0,27250.0,27700.0,27090.0,27247.5,28097.5,29334.166666666668,168687
2016-07-14,27800.0,28300.0,27700.0,28150.0,27270.0,27300.0,28065.833333333332,29310.0,174464
2016-07-15,28200.0,28250.0,27850.0,27850.0,27520.0,27335.0,28024.166666666668,29284.583333333332,111121
2016-07-18,27900.0,28200.0,27750.0,27750.0,27720.0,27315.0,27983.333333333332,29267.916666666668,69650
2016-07-19,27750.0,27850.0,27100.0,27100.0,27710.0,27257.5,27934.166666666668,29246.25,181882
2016-07-20,27200.0,27300.0,27050.0,27200.0,27610.0,27200.0,27885.833333333332,29220.833333333332,87953
2016-07-21,27350.0,27850.0,27300.0,27750.0,27530.0,27195.0,27845.833333333332,29191.666666666668,144436
2016-07-22,27750.0,27750.0,27300.0,27450.0,27450.0,27252.5,27809.166666666668,29167.5,72795
2016-07-25,27550.0,28300.0,27550.0,27800.0,27460.0,27315.0,27789.166666666668,29141.666666666668,119540
2016-07-26,28000.0,28300.0,27850.0,27950.0,27630.0,27380.0,27783.333333333332,29114.583333333332,151236
2016-07-27,28200.0,28950.0,28050.0,28850.0,27960.0,27477.5,27796.666666666668,29097.916666666668,362890
2016-07-28,28950.0,29200.0,28500.0,28750.0,28160.0,27562.5,27805.833333333332,29076.25,173095
2016-07-29,29000.0,30350.0,29000.0,29900.0,28650.0,27685.0,27830.833333333332,29079.583333333332,732184
2016-08-01,30150.0,30350.0,29900.0,30200.0,29130.0,27822.5,27865.833333333332,29086.666666666668,268596
2016-08-02,30000.0,30850.0,29900.0,30300.0,29600.0,27965.0,27914.166666666668,29089.583333333332,337211
2016-08-03,30150.0,30800.0,29950.0,30650.0,29960.0,28155.0,27967.5,29095.833333333332,299181
2016-08-04,30550.0,30850.0,30100.0,30650.0,30340.0,28325.0,27988.333333333332,29108.75,186498
2016-08-05,30650.0,31250.0,30450.0,31100.0,30580.0,28550.0,28015.833333333332,29136.25,270382
2016-08-08,31500.0,31600.0,30400.0,30450.0,30630.0,28735.0,28041.666666666668,29145.833333333332,281304
2016-08-09,30100.0,32150.0,29750.0,31750.0,30920.0,28965.0,28086.666666666668,29165.0,951138
2016-08-10,31750.0,32300.0,31200.0,31250.0,31040.0,29142.5,28126.666666666668,29173.333333333332,397521
2016-08-11,31200.0,31250.0,30000.0,30000.0,30910.0,29235.0,28155.0,29169.166666666668,441543
2016-08-12,30100.0,30650.0,29850.0,30000.0,30690.0,29342.5,28189.166666666668,29158.75,296462
2016-08-16,30050.0,30400.0,29450.0,29500.0,30500.0,29430.0,28217.5,29147.5,255505
2016-08-17,29300.0,29500.0,28900.0,29200.0,29990.0,29535.0,28240.0,29131.25,190027
2016-08-18,29350.0,29450.0,28750.0,28800.0,29500.0,29615.0,28258.333333333332,29112.083333333332,184358
2016-08-19,28850.0,29250.0,28350.0,28900.0,29280.0,29672.5,28276.666666666668,29088.333333333332,229080
2016-08-22,28900.0,28900.0,28300.0,28350.0,28950.0,29717.5,28284.166666666668,29063.75,185346
2016-08-23,28350.0,28700.0,28250.0,28500.0,28750.0,29752.5,28292.5,29042.083333333332,155918
2016-08-24,28500.0,28650.0,28000.0,28250.0,28560.0,29767.5,28302.5,29018.333333333332,200976
2016-08-25,28250.0,28950.0,28150.0,28500.0,28500.0,29750.0,28315.0,28996.25,249142
2016-08-26,28500.0,28750.0,28100.0,28250.0,28370.0,29725.0,28321.666666666668,28970.416666666668,210063
2016-08-29,28050.0,28200.0,27200.0,27250.0,28150.0,29592.5,28315.0,28937.916666666668,388795
2016-08-30,27400.0,27900.0,27250.0,27500.0,27950.0,29457.5,28310.0,28905.416666666668,184958
2016-08-31,27350.0,27800.0,27350.0,27450.0,27790.0,29315.0,28299.166666666668,28865.416666666668,120770
2016-09-01,27350.0,27450.0,26950.0,27200.0,27530.0,29142.5,28270.833333333332,28822.5,217654
2016-09-02,27300.0,27800.0,26750.0,27650.0,27410.0,28992.5,28242.5,28790.0,184330
2016-09-05,27750.0,28000.0,27650.0,28000.0,27560.0,28837.5,28229.166666666668,28768.333333333332,142675
2016-09-06,28000.0,28000.0,27400.0,27450.0,27550.0,28687.5,28220.0,28745.416666666668,129991
2016-09-07,27450.0,27800.0,27350.0,27450.0,27550.0,28472.5,28224.166666666668,28726.25,117648
2016-09-08,27350.0,27600.0,26950.0,27050.0,27520.0,28262.5,28217.5,28701.666666666668,175636
2016-09-09,27000.0,27250.0,26750.0,27250.0,27440.0,28125.0,28220.0,28671.666666666668,104379
2016-09-12,26950.0,27250.0,26600.0,26650.0,27170.0,27957.5,28211.666666666668,28638.333333333332,161067
2016-09-13,26950.0,27000.0,26250.0,26400.0,26960.0,27802.5,28182.5,28600.416666666668,219314
2016-09-19,26200.0,27100.0,26000.0,27100.0,26890.0,27697.5,28163.333333333332,28567.5,238235
2016-09-20,27000.0,27300.0,26750.0,27100.0,26900.0,27612.5,28142.5,28534.166666666668,143162
2016-09-21,27250.0,27800.0,26900.0,27650.0,26980.0,27550.0,28139.166666666668,28502.916666666668,273343
2016-09-22,27650.0,27950.0,27600.0,27700.0,27190.0,27517.5,28162.5,28472.916666666668,141002
2016-09-23,27950.0,28050.0,27700.0,28000.0,27510.0,27492.5,28186.666666666668,28447.916666666668,130314
2016-09-26,28000.0,28100.0,27750.0,27900.0,27670.0,27475.0,28207.5,28408.75,57330
2016-09-27,27900.0,28700.0,27850.0,28650.0,27980.0,27482.5,28236.666666666668,28382.5,215660
2016-09-28,28600.0,28750.0,28000.0,28450.0,28140.0,27492.5,28260.0,28370.0,141445
2016-09-29,28450.0,28650.0,28400.0,28600.0,28320.0,27560.0,28279.166666666668,28356.666666666668,141678
2016-09-30,28350.0,28500.0,28000.0,28300.0,28380.0,27600.0,28293.333333333332,28346.25,126354
2016-10-04,28200.0,28800.0,28200.0,28700.0,28540.0,27662.5,28314.166666666668,28339.166666666668,208436
2016-10-05,28400.0,28750.0,28200.0,28650.0,28540.0,27735.0,28344.166666666668,28332.5,132199
2016-10-06,28500.0,28550.0,27650.0,28050.0,28460.0,27755.0,28357.5,28317.916666666668,231009
2016-10-07,28200.0,28250.0,27750.0,28150.0,28370.0,27762.5,28383.333333333332,28308.75,109127
2016-10-10,28300.0,28350.0,27850.0,27950.0,28300.0,27787.5,28403.333333333332,28296.25,101552
2016-10-11,28250.0,28300.0,27850.0,27900.0,28140.0,27810.0,28415.833333333332,28276.666666666668,90173
2016-10-12,28000.0,28550.0,27900.0,28400.0,28090.0,27877.5,28427.5,28262.5,117852
2016-10-13,28400.0,28400.0,27500.0,27550.0,27990.0,27892.5,28417.5,28241.666666666668,176121
2016-10-14,27700.0,28600.0,27600.0,28600.0,28080.0,27990.0,28430.0,28227.083333333332,207336
2016-10-17,28550.0,28950.0,28400.0,28700.0,28230.0,28105.0,28445.833333333332,28214.583333333332,206496
2016-10-18,28750.0,29650.0,28750.0,29600.0,28570.0,28230.0,28487.5,28210.833333333332,380828
2016-10-19,29550.0,29600.0,29050.0,29450.0,28780.0,28347.5,28525.0,28205.416666666668,200691
2016-10-20,29450.0,29450.0,28650.0,28950.0,29060.0,28412.5,28545.0,28195.416666666668,241430
2016-10-21,28700.0,29250.0,28700.0,29250.0,29190.0,28490.0,28575.0,28192.083333333332,124552
2016-10-24,29100.0,29450.0,28850.0,29000.0,29250.0,28540.0,28595.0,28192.083333333332,128806
2016-10-25,29100.0,29100.0,28500.0,28600.0,29050.0,28575.0,28605.833333333332,28194.583333333332,129825
2016-10-26,28600.0,28650.0,27850.0,28050.0,28770.0,28545.0,28592.5,28194.583333333332,159819
2016-10-27,27900.0,28400.0,27900.0,28300.0,28640.0,28537.5,28585.0,28195.416666666668,77850
2016-10-28,28250.0,28250.0,27550.0,27700.0,28330.0,28492.5,28548.333333333332,28189.583333333332,163677
2016-10-31,27500.0,27700.0,26900.0,27050.0,27940.0,28430.0,28495.833333333332,28180.833333333332,128205
2016-11-01,26650.0,27450.0,26650.0,27400.0,27700.0,28365.0,28447.5,28180.833333333332,107810
2016-11-02,27100.0,27400.0,26800.0,27250.0,27540.0,28295.0,28390.833333333332,28179.166666666668,157369
2016-11-03,27200.0,27500.0,27000.0,27500.0,27380.0,28267.5,28338.333333333332,28163.333333333332,81487
2016-11-04,27600.0,27700.0,27350.0,27550.0,27350.0,28237.5,28279.166666666668,28147.5,85931
2016-11-07,27850.0,27950.0,27500.0,27800.0,27500.0,28230.0,28235.0,28138.333333333332,62067
2016-11-08,27450.0,27800.0,27300.0,27450.0,27510.0,28207.5,28163.333333333332,28125.0,130814
2016-11-09,27750.0,27750.0,26350.0,27250.0,27510.0,28150.0,28096.666666666668,28111.666666666668,304062
2016-11-10,27500.0,28650.0,27300.0,28650.0,27740.0,28205.0,28074.166666666668,28114.583333333332,305005
2016-11-11,28400.0,29250.0,27950.0,29100.0,28050.0,28230.0,28059.166666666668,28124.166666666668,390258
2016-11-14,29700.0,31650.0,29650.0,31100.0,28710.0,28350.0,28085.833333333332,28151.666666666668,1076972
2016-11-15,30950.0,31200.0,30600.0,31050.0,29430.0,28422.5,28116.666666666668,28178.333333333332,298325
2016-11-16,31050.0,32000.0,30750.0,31800.0,30340.0,28540.0,28166.666666666668,28212.5,450510
2016-11-17,31750.0,32000.0,31450.0,31600.0,30930.0,28672.5,28211.666666666668,28244.166666666668,184898
2016-11-18,31400.0,31700.0,30750.0,31600.0,31430.0,28790.0,28265.833333333332,28275.0,262582
2016-11-21,31200.0,31950.0,31200.0,31450.0,31500.0,28912.5,28315.0,28303.75,303442
2016-11-22,31400.0,31500.0,30850.0,31350.0,31560.0,29050.0,28366.666666666668,28334.583333333332,160357
2016-11-23,31150.0,31450.0,30850.0,31150.0,31430.0,29205.0,28410.833333333332,28362.916666666668,208624
2016-11-24,31100.0,31900.0,30450.0,31000.0,31310.0,29340.0,28456.666666666668,28389.166666666668,426104
2016-11-25,31100.0,31600.0,30600.0,31350.0,31260.0,29522.5,28525.0,28420.0,314026
2016-11-28,31300.0,31500.0,30800.0,30900.0,31150.0,29715.0,28581.666666666668,28445.833333333332,106085
2016-11-29,30650.0,31000.0,30550.0,30850.0,31050.0,29887.5,28638.333333333332,28468.75,113278
2016-11-30,31000.0,31000.0,30100.0,30300.0,30880.0,30040.0,28690.0,28480.416666666668,198009
2016-12-01,30300.0,31500.0,30300.0,31350.0,30950.0,30232.5,28751.666666666668,28497.083333333332,228956
2016-12-02,31200.0,31450.0,30550.0,30550.0,30790.0,30382.5,28794.166666666668,28511.666666666668,185987
2016-12-05,30450.0,31000.0,30000.0,30100.0,30630.0,30497.5,28838.333333333332,28529.166666666668,174236
2016-12-06,30250.0,31000.0,30250.0,30650.0,30590.0,30657.5,28891.666666666668,28557.916666666668,157424
2016-12-07,30650.0,31200.0,30500.0,31100.0,30750.0,30850.0,28959.166666666668,28588.333333333332,137573
2016-12-08,31450.0,31850.0,30800.0,30950.0,30670.0,30965.0,29020.833333333332,28620.416666666668,232659
2016-12-09,31050.0,31800.0,30900.0,31300.0,30820.0,31075.0,29098.333333333332,28655.0,203949
2016-12-12,31750.0,32300.0,31450.0,32150.0,31230.0,31127.5,29194.166666666668,28688.333333333332,281308
2016-12-13,32150.0,32450.0,31850.0,32150.0,31530.0,31182.5,29278.333333333332,28720.833333333332,226127
2016-12-14,32350.0,32400.0,31200.0,31200.0,31550.0,31152.5,29346.666666666668,28744.583333333332,238297
2016-12-15,30900.0,32650.0,30750.0,32300.0,31820.0,31187.5,29424.166666666668,28781.666666666668,308887
2016-12-16,32200.0,32750.0,31950.0,32500.0,32060.0,31232.5,29504.166666666668,28833.333333333332,169891
2016-12-19,32700.0,32750.0,32100.0,32200.0,32070.0,31270.0,29574.166666666668,28880.416666666668,126206
2016-12-20,32000.0,32650.0,32000.0,32000.0,32040.0,31302.5,29642.5,28925.0,109129
2016-12-21,32000.0,32800.0,31850.0,32750.0,32350.0,31382.5,29710.833333333332,28973.75,134909
2016-12-22,32800.0,33250.0,32500.0,33050.0,32500.0,31485.0,29787.5,29023.75,253206
2016-12-23,33050.0,33400.0,33000.0,33150.0,32630.0,31575.0,29863.333333333332,29071.25,157375
2016-12-26,33150.0,33650.0,32650.0,33550.0,32900.0,31707.5,29950.833333333332,29122.083333333332,156806
2016-12-27,33550.0,33800.0,33100.0,33650.0,33230.0,31847.5,30033.333333333332,29173.75,188778
2016-12-28,33200.0,33450.0,32750.0,33100.0,33300.0,31987.5,30107.5,29225.833333333332,153023
2016-12-29,33100.0,33350.0,32500.0,33000.0,33290.0,32070.0,30190.0,29273.75,190754
2017-01-02,33000.0,34350.0,32550.0,33600.0,33380.0,32222.5,30280.833333333332,29332.083333333332,178061
2017-01-03,33600.0,34350.0,33300.0,33900.0,33450.0,32412.5,30380.0,29391.666666666668,157876
2017-01-04,34200.0,34200.0,32500.0,32600.0,33240.0,32510.0,30458.333333333332,29437.083333333332,327433
2017-01-05,32800.0,33400.0,32350.0,32550.0,33130.0,32582.5,30527.5,29477.5,282152
2017-01-06,32500.0,33100.0,32150.0,32500.0,33030.0,32660.0,30610.0,29513.75,164119
2017-01-09,32550.0,32700.0,31450.0,31550.0,32620.0,32672.5,30659.166666666668,29544.583333333332,294467
2017-01-10,31500.0,32050.0,31350.0,31550.0,32150.0,32642.5,30706.666666666668,29576.25,206685
2017-01-11,31500.0,32200.0,31500.0,32000.0,32030.0,32635.0,30746.666666666668,29617.083333333332,169287
2017-01-12,32000.0,33050.0,32000.0,33000.0,32120.0,32725.0,30805.833333333332,29665.416666666668,157378
2017-01-13,32950.0,33000.0,32050.0,32400.0,32100.0,32730.0,30863.333333333332,29704.166666666668,146412
2017-01-16,32300.0,32450.0,31550.0,31650.0,32120.0,32687.5,30903.333333333332,29739.166666666668,96322
2017-01-17,31600.0,32050.0,31500.0,31750.0,32160.0,32665.0,30949.166666666668,29772.083333333332,92165
2017-01-18,31700.0,32000.0,31150.0,32000.0,32160.0,32665.0,31005.833333333332,29805.833333333332,80268
2017-01-19,31950.0,31950.0,31250.0,31450.0,31850.0,32600.0,31062.5,29827.5,118650
2017-01-20,31450.0,32000.0,31200.0,31350.0,31640.0,32515.0,31113.333333333332,29849.166666666668,78671
2017-01-23,31350.0,31600.0,31150.0,31300.0,31570.0,32422.5,31173.333333333332,29860.833333333332,91093
2017-01-24,31500.0,31600.0,30950.0,31550.0,31530.0,32322.5,31248.333333333332,29872.083333333332,79002
2017-01-25,31650.0,31800.0,30350.0,30650.0,31260.0,32172.5,31302.5,29875.0,203279
2017-01-26,30800.0,31450.0,30650.0,31300.0,31230.0,32082.5,31370.0,29880.416666666668,68723
2017-01-31,31100.0,31250.0,30600.0,31050.0,31170.0,31985.0,31429.166666666668,29883.75,80460
2017-02-01,31050.0,31900.0,30950.0,31750.0,31260.0,31892.5,31499.166666666668,29889.166666666668,93198
2017-02-02,31450.0,31900.0,31300.0,31400.0,31230.0,31767.5,31559.166666666668,29897.083333333332,129863
2017-02-03,31300.0,31700.0,31100.0,31350.0,31370.0,31705.0,31624.166666666668,29893.75,107458
2017-02-06,31600.0,32100.0,30900.0,31950.0,31500.0,31675.0,31702.5,29899.583333333332,151732
2017-02-07,32100.0,32150.0,31100.0,31500.0,31590.0,31625.0,31750.0,29912.083333333332,143132
2017-02-08,31300.0,31450.0,30850.0,30850.0,31410.0,31590.0,31779.166666666668,29919.166666666668,90387
2017-02-09,30800.0,31550.0,30800.0,31200.0,31370.0,31572.5,31780.833333333332,29933.333333333332,78726
2017-02-10,31500.0,33700.0,31350.0,33250.0,31750.0,31635.0,31817.5,29967.083333333332,401664
2017-02-13,33150.0,33950.0,33050.0,33750.0,32110.0,31672.5,31850.0,30008.333333333332,161660
2017-02-14,33850.0,33850.0,33100.0,33250.0,32460.0,31715.0,31877.5,30044.583333333332,118921
2017-02-15,33400.0,33600.0,33050.0,33300.0,32950.0,31797.5,31905.833333333332,30085.833333333332,98769
2017-02-16,33350.0,33600.0,32400.0,32550.0,33220.0,31837.5,31924.166666666668,30119.583333333332,149464
2017-02-17,32500.0,33550.0,32200.0,33150.0,33200.0,31895.0,31954.166666666668,30160.416666666668,158150
2017-02-20,32950.0,33150.0,32400.0,32600.0,32970.0,31952.5,31978.333333333332,30194.583333333332,100335
2017-02-21,32300.0,33400.0,32300.0,33400.0,33000.0,32055.0,32018.333333333332,30237.5,139170
2017-02-22,33600.0,33600.0,32600.0,32800.0,32900.0,32130.0,32042.5,30283.75,169616
2017-02-23,32850.0,33200.0,32650.0,32950.0,32980.0,32200.0,32076.666666666668,30329.166666666668,95038
2017-02-24,33000.0,33000.0,32300.0,32750.0,32900.0,32305.0,32108.333333333332,30373.333333333332,102087
2017-02-27,32850.0,32900.0,31900.0,32050.0,32790.0,32342.5,32137.5,30413.75,112446
2017-02-28,32050.0,32050.0,31350.0,31450.0,32400.0,32362.5,32139.166666666668,30445.416666666668,146260
2017-03-02,31600.0,32000.0,31050.0,31150.0,32070.0,32332.5,32149.166666666668,30471.666666666668,117175
2017-03-03,31000.0,31350.0,30650.0,31100.0,31700.0,32317.5,32165.833333333332,30502.083333333332,83015
2017-03-06,30850.0,30850.0,30100.0,30550.0,31260.0,32277.5,32164.166666666668,30527.916666666668,172695
2017-03-07,30650.0,31800.0,30600.0,31650.0,31180.0,32262.5,32173.333333333332,30566.25,114918
2017-03-08,31650.0,31650.0,30850.0,31050.0,31100.0,32240.0,32175.0,30597.916666666668,111134
2017-03-09,30750.0,30900.0,29700.0,29900.0,30850.0,32192.5,32151.666666666668,30625.0,461347
2017-03-10,30000.0,30600.0,29700.0,30550.0,30740.0,32160.0,32125.0,30659.583333333332,151543
2017-03-13,30650.0,30700.0,29900.0,30100.0,30650.0,32002.5,32090.833333333332,30684.583333333332,177884
2017-03-14,30100.0,30350.0,29900.0,29950.0,30310.0,31812.5,32070.0,30708.333333333332,153070
2017-03-15,29950.0,30350.0,29900.0,30150.0,30130.0,31657.5,32034.166666666668,30729.166666666668,103589
2017-03-16,30350.0,30800.0,30300.0,30450.0,30240.0,31515.0,32000.0,30752.083333333332,111605
2017-03-17,30800.0,30950.0,30300.0,30650.0,30260.0,31420.0,31974.166666666668,30774.166666666668,140537
2017-03-20,30600.0,30600.0,30000.0,30350.0,30310.0,31280.0,31946.666666666668,30794.583333333332,96882
2017-03-21,30500.0,30800.0,30400.0,30500.0,30420.0,31175.0,31909.166666666668,30810.0,86557
2017-03-22,30300.0,30500.0,30000.0,30200.0,30430.0,31015.0,31861.666666666668,30824.583333333332,101825
2017-03-23,30200.0,30650.0,30200.0,30350.0,30410.0,30892.5,31815.0,30839.166666666668,95745
2017-03-24,30450.0,30900.0,30400.0,30550.0,30390.0,30772.5,31765.0,30857.916666666668,122629
2017-03-27,30700.0,30700.0,30250.0,30400.0,30400.0,30655.0,31710.833333333332,30872.083333333332,59789
2017-03-28,30500.0,31300.0,30500.0,30900.0,30480.0,30597.5,31674.166666666668,30890.833333333332,145733
2017-03-29,31050.0,31100.0,30450.0,30700.0,30580.0,30560.0,31635.833333333332,30912.916666666668,139924
2017-03-30,30700.0,30800.0,30450.0,30600.0,30630.0,30532.5,31585.833333333332,30933.333333333332,76126
2017-03-31,30700.0,30900.0,30500.0,30800.0,30680.0,30517.5,31534.166666666668,30957.083333333332,86462
2017-04-03,30800.0,31100.0,30650.0,30800.0,30760.0,30530.0,31504.166666666668,30981.25,121406
2017-04-04,30850.0,30850.0,30250.0,30400.0,30660.0,30467.5,31468.333333333332,30997.916666666668,145002
2017-04-05,30300.0,30550.0,30100.0,30200.0,30560.0,30425.0,31430.0,31020.0,124216
2017-04-06,30150.0,30200.0,29950.0,30100.0,30460.0,30435.0,31405.833333333332,31032.5,120552
2017-04-07,30100.0,30350.0,29800.0,29900.0,30280.0,30402.5,31378.333333333332,31042.5,289687
2017-04-10,30000.0,30000.0,28900.0,29200.0,29960.0,30357.5,31331.666666666668,31039.166666666668,267143
2017-04-11,29050.0,29600.0,29050.0,29250.0,29730.0,30322.5,31269.166666666668,31037.5,127117
2017-04-12,29250.0,29500.0,28750.0,28800.0,29450.0,30255.0,31209.166666666668,31036.25,172569
2017-04-13,28700.0,29000.0,28500.0,28800.0,29190.0,30172.5,31161.666666666668,31032.5,158492
2017-04-14,28600.0,28800.0,28500.0,28600.0,28930.0,30070.0,31109.166666666668,31029.166666666668,107794
2017-04-17,28550.0,28900.0,28350.0,28450.0,28780.0,29975.0,31050.0,31027.916666666668,157637
2017-04-18,28600.0,28700.0,28250.0,28400.0,28610.0,29870.0,30999.166666666668,31030.833333333332,168815
2017-04-19,28450.0,28850.0,28350.0,28650.0,28580.0,29792.5,30954.166666666668,31033.75,141475
2017-04-20,28700.0,28750.0,28300.0,28650.0,28550.0,29707.5,30910.0,31041.666666666668,134058
2017-04-21,28750.0,28900.0,28600.0,28850.0,28600.0,29622.5,30865.0,31056.666666666668,117055
2017-04-24,28800.0,29150.0,28650.0,29100.0,28730.0,29557.5,30839.166666666668,31070.833333333332,125811
2017-04-25,29200.0,29350.0,28750.0,29150.0,28880.0,29470.0,30803.333333333332,31086.666666666668,136119
2017-04-26,29150.0,29650.0,29150.0,29500.0,29050.0,29410.0,30777.5,31103.333333333332,161633
2017-04-27,29500.0,29700.0,29200.0,29450.0,29210.0,29352.5,30739.166666666668,31119.166666666668,95639
2017-04-28,29200.0,29300.0,28600.0,28650.0,29170.0,29245.0,30693.333333333332,31126.25,248857
2017-05-02,28650.0,28900.0,28550.0,28750.0,29100.0,29142.5,30650.0,31137.083333333332,86332
2017-05-04,28600.0,28950.0,28400.0,28600.0,28990.0,29052.5,30594.166666666668,31148.333333333332,145114
2017-05-08,28600.0,28900.0,28550.0,28850.0,28860.0,28985.0,30550.0,31150.0,146444
2017-05-10,28900.0,29500.0,28800.0,28850.0,28740.0,28922.5,30516.666666666668,31147.916666666668,221192
2017-05-11,28950.0,29550.0,28850.0,29550.0,28920.0,28905.0,30489.166666666668,31135.0,195857
2017-05-12,29600.0,29600.0,29200.0,29300.0,29030.0,28910.0,30423.333333333332,31120.416666666668,137461
2017-05-15,29500.0,29550.0,29150.0,29250.0,29160.0,28910.0,30348.333333333332,31099.166666666668,85470
2017-05-16,29300.0,29900.0,29200.0,29800.0,29350.0,28960.0,30290.833333333332,31084.166666666668,234470
2017-05-17,29750.0,29900.0,28950.0,29200.0,29420.0,28980.0,30222.5,31064.166666666668,299124
2017-05-18,28900.0,29100.0,28800.0,28850.0,29280.0,28992.5,30160.833333333332,31042.5,182237
2017-05-19,28900.0,29200.0,28850.0,29150.0,29250.0,29027.5,30094.166666666668,31024.166666666668,115126
2017-05-22,29300.0,29750.0,29200.0,29550.0,29310.0,29085.0,30043.333333333332,31010.833333333332,186709
2017-05-23,29600.0,30850.0,29450.0,30600.0,29470.0,29182.5,29996.666666666668,31007.5,572858
2017-05-24,31000.0,31350.0,30750.0,30800.0,29790.0,29290.0,29963.333333333332,31002.916666666668,398211
2017-05-25,30800.0,31600.0,30800.0,31250.0,30270.0,29410.0,29935.0,31005.833333333332,394132
2017-05-26,31450.0,31500.0,31000.0,31300.0,30700.0,29520.0,29910.833333333332,31009.583333333332,193411
2017-05-29,31550.0,31800.0,31250.0,31600.0,31110.0,29642.5,29903.333333333332,31020.416666666668,247085
2017-05-30,31500.0,32050.0,31250.0,31850.0,31360.0,29760.0,29910.0,31024.583333333332,256342
2017-05-31,31850.0,32200.0,31450.0,31650.0,31530.0,29870.0,29918.333333333332,31033.75,293836
2017-06-01,31500.0,31600.0,30950.0,31350.0,31550.0,30005.0,29922.5,31044.166666666668,197700
2017-06-02,31550.0,31700.0,31150.0,31300.0,31550.0,30132.5,29935.0,31049.583333333332,137741
2017-06-05,31500.0,31500.0,31000.0,31050.0,31440.0,30255.0,29925.0,31049.166666666668,710083
2017-06-07,30700.0,30850.0,30100.0,30200.0,31110.0,30322.5,29910.833333333332,31042.916666666668,612245
2017-06-08,30300.0,30400.0,29900.0,30000.0,30780.0,30380.0,29912.5,31032.083333333332,361855
2017-06-09,30100.0,31400.0,30100.0,31300.0,30770.0,30467.5,29925.0,31025.0,373150
2017-06-12,31200.0,31800.0,30950.0,31050.0,30720.0,30555.0,29940.833333333332,31015.833333333332,163569
2017-06-13,31000.0,33850.0,31000.0,33800.0,31270.0,30782.5,30005.0,31037.5,1004550
2017-06-14,34200.0,34400.0,33550.0,34400.0,32110.0,31012.5,30075.833333333332,31055.0,732741
2017-06-15,34200.0,34300.0,33250.0,33550.0,32820.0,31230.0,30127.5,31063.75,351120
2017-06-16,33550.0,34400.0,33300.0,33750.0,33310.0,31475.0,30179.166666666668,31076.666666666668,302082
2017-06-19,33900.0,33950.0,33200.0,33400.0,33780.0,31687.5,30230.0,31088.333333333332,189273
2017-06-20,33300.0,33800.0,33000.0,33200.0,33660.0,31870.0,30275.0,31092.083333333332,177355
2017-06-21,33100.0,33200.0,32500.0,33150.0,33410.0,31997.5,30324.166666666668,31092.916666666668,147387
2017-06-22,33200.0,33550.0,32300.0,32550.0,33210.0,32085.0,30360.833333333332,31087.916666666668,251334
2017-06-23,32550.0,33850.0,32550.0,33100.0,33080.0,32177.5,30403.333333333332,31084.166666666668,204555
2017-06-26,33000.0,33200.0,32550.0,32800.0,32960.0,32252.5,30443.333333333332,31077.083333333332,121366
2017-06-27,33150.0,34250.0,33150.0,33450.0,33010.0,32345.0,30485.833333333332,31080.0,280624
2017-06-28,33400.0,33950.0,32600.0,33750.0,33130.0,32440.0,30536.666666666668,31086.25,276292
2017-06-29,33900.0,33900.0,33200.0,33450.0,33310.0,32530.0,30584.166666666668,31085.0,168963
2017-06-30,33000.0,33700.0,32850.0,33550.0,33400.0,32640.0,30630.0,31082.083333333332,151669
2017-07-03,33450.0,34050.0,33200.0,33600.0,33560.0,32755.0,30676.666666666668,31090.416666666668,120418
2017-07-04,33700.0,33900.0,32850.0,33100.0,33490.0,32857.5,30721.666666666668,31095.0,149212
2017-07-05,32900.0,34000.0,32850.0,33850.0,33510.0,33040.0,30782.5,31106.25,145096
2017-07-06,33800.0,35000.0,33450.0,34850.0,33790.0,33282.5,30861.666666666668,31133.75,333365
2017-07-07,34500.0,35200.0,34450.0,34950.0,34070.0,33465.0,30945.833333333332,31162.083333333332,276425
2017-07-10,34700.0,35200.0,34300.0,34750.0,34300.0,33650.0,31038.333333333332,31185.0,186332
2017-07-11,34750.0,34900.0,33750.0,34350.0,34550.0,33677.5,31123.333333333332,31196.25,312957
2017-07-12,34300.0,37500.0,34200.0,37500.0,35280.0,33832.5,31268.333333333332,31238.75,1326254
2017-07-13,37450.0,38200.0,36800.0,37500.0,35810.0,34030.0,31413.333333333332,31287.5,610117
2017-07-14,37450.0,38500.0,37200.0,37450.0,36310.0,34215.0,31560.833333333332,31335.0,400584
2017-07-17,37250.0,38400.0,37250.0,37850.0,36930.0,34437.5,31717.5,31383.75,455660
2017-07-18,37850.0,39150.0,37650.0,38350.0,37730.0,34695.0,31883.333333333332,31441.25,577474
2017-07-19,38350.0,38850.0,37800.0,38350.0,37900.0,34955.0,32045.0,31499.583333333332,271420
2017-07-20,38300.0,38800.0,37150.0,37550.0,37910.0,35205.0,32193.333333333332,31551.666666666668,603547
2017-07-21,37150.0,37400.0,35900.0,36100.0,37640.0,35355.0,32314.166666666668,31589.583333333332,788678
2017-07-24,36050.0,37100.0,35900.0,36950.0,37460.0,35562.5,32445.0,31642.083333333332,413660
2017-07-25,36900.0,37400.0,36150.0,36600.0,37110.0,35720.0,32569.166666666668,31686.25,380078
2017-07-26,36800.0,37350.0,36250.0,36900.0,36820.0,35877.5,32692.5,31735.0,215169
2017-07-27,37150.0,37250.0,36600.0,37250.0,36760.0,36067.5,32822.5,31780.833333333332,146497
2017-07-28,37150.0,37300.0,35700.0,36000.0,36740.0,36190.0,32945.0,31819.166666666668,278529
2017-07-31,35950.0,36500.0,35500.0,36250.0,36600.0,36322.5,33070.0,31860.0,126826
2017-08-01,36350.0,38000.0,36250.0,37750.0,36830.0,36555.0,33222.5,31908.333333333332,301182
2017-08-02,37700.0,37750.0,37100.0,37350.0,36920.0,36730.0,33364.166666666664,31957.083333333332,150846
2017-08-03,37100.0,37350.0,35700.0,36550.0,36780.0,36815.0,33492.5,32004.583333333332,197795
2017-08-04,36550.0,37850.0,36500.0,37650.0,37110.0,36950.0,33627.5,32058.333333333332,176760
2017-08-07,37900.0,37900.0,36300.0,36350.0,37130.0,37030.0,33745.0,32084.166666666668,325033
2017-08-08,36700.0,36700.0,35050.0,36200.0,36820.0,37122.5,33860.833333333336,32104.583333333332,359303
2017-08-09,36100.0,38000.0,36100.0,37550.0,36860.0,37125.0,33990.0,32140.416666666668,449747
2017-08-10,37150.0,38500.0,37100.0,37950.0,37140.0,37147.5,34135.833333333336,32179.166666666668,224800
2017-08-11,36900.0,37950.0,36800.0,37150.0,37040.0,37132.5,34274.166666666664,32217.5,152279
2017-08-14,37350.0,38000.0,37300.0,37750.0,37320.0,37127.5,34417.5,32255.833333333332,133210
2017-08-16,38000.0,38500.0,37050.0,37400.0,37560.0,37080.0,34548.333333333336,32295.833333333332,158355
2017-08-17,37200.0,38100.0,37100.0,38100.0,37670.0,37067.5,34673.333333333336,32335.0,147642
2017-08-18,37600.0,37950.0,37400.0,37500.0,37580.0,37065.0,34785.0,32374.166666666668,153613
2017-08-21,37600.0,37900.0,37100.0,37200.0,37590.0,37120.0,34884.166666666664,32409.583333333332,112481
2017-08-22,37200.0,37800.0,37000.0,37350.0,37510.0,37140.0,34985.0,32447.916666666668,101433
2017-08-23,37350.0,38100.0,37300.0,37750.0,37580.0,37197.5,35087.5,32495.416666666668,195780
2017-08-24,38050.0,38200.0,36700.0,37200.0,37400.0,37212.5,35176.666666666664,32543.333333333332,197260
2017-08-25,36900.0,37700.0,36700.0,37500.0,37400.0,37225.0,35274.166666666664,32596.25,107014
2017-08-28,37250.0,37750.0,36850.0,37050.0,37370.0,37277.5,35369.166666666664,32645.833333333332,95081
2017-08-29,37050.0,37350.0,36300.0,37200.0,37340.0,37325.0,35467.5,32701.25,113688
2017-08-30,37350.0,37450.0,36300.0,36800.0,37150.0,37277.5,35563.333333333336,32744.166666666668,148775
2017-08-31,36800.0,37150.0,36400.0,36900.0,37090.0,37255.0,35675.0,32792.916666666664,97301
2017-09-01,36750.0,37050.0,36150.0,36300.0,36850.0,37242.5,35780.0,32846.25,109974
2017-09-04,36300.0,36300.0,36300.0,36300.0,36700.0,37175.0,35863.333333333336,32894.166666666664,0
2017-09-05,36650.0,36850.0,35650.0,35800.0,36420.0,37147.5,35942.5,32941.666666666664,104341
2017-09-06,36100.0,37550.0,36000.0,37350.0,36530.0,37205.0,36001.666666666664,33003.333333333336,197572
2017-09-07,37500.0,38300.0,37100.0,38100.0,36770.0,37232.5,36063.333333333336,33069.583333333336,229702
2017-09-08,37900.0,38900.0,37900.0,38600.0,37230.0,37265.0,36147.5,33137.5,235682
2017-09-11,39100.0,40250.0,38850.0,39850.0,37940.0,37400.0,36249.166666666664,33214.166666666664,395949
2017-09-12,40150.0,40350.0,39250.0,39900.0,38760.0,37507.5,36357.5,33293.75,190706
2017-09-13,40100.0,41750.0,39800.0,41150.0,39520.0,37695.0,36490.0,33382.5,314481
2017-09-14,41150.0,41800.0,40700.0,41550.0,40210.0,37867.5,36630.0,33477.083333333336,202785
2017-09-15,41000.0,41850.0,40800.0,41250.0,40740.0,38055.0,36775.0,33567.916666666664,145723
2017-09-18,41400.0,44700.0,41400.0,43400.0,41450.0,38365.0,36946.666666666664,33675.0,552952
2017-09-19,43500.0,44950.0,42900.0,43300.0,42130.0,38662.5,37121.666666666664,33782.5,377933
2017-09-20,43750.0,44450.0,42250.0,42550.0,42410.0,38902.5,37273.333333333336,33879.583333333336,197205
2017-09-21,42500.0,42800.0,41450.0,41850.0,42470.0,39135.0,37408.333333333336,33972.5,242199
2017-09-25,40300.0,41400.0,39700.0,41050.0,42430.0,39312.5,37535.0,34059.583333333336,164993
2017-09-26,41050.0,41050.0,41050.0,41050.0,41960.0,39512.5,37660.0,34145.0,0
2017-09-27,42300.0,42300.0,40700.0,41050.0,41510.0,39705.0,37784.166666666664,34230.416666666664,167584
2017-09-28,41050.0,41850.0,40150.0,41750.0,41350.0,39952.5,37928.333333333336,34325.0,125586
2017-09-29,41900.0,42200.0,40900.0,41250.0,41230.0,40170.0,38051.666666666664,34417.083333333336,111303
2017-10-10,41300.0,41450.0,39800.0,40700.0,41160.0,40390.0,38149.166666666664,34505.416666666664,236182
2017-10-11,40900.0,41150.0,40250.0,40700.0,41090.0,40610.0,38245.0,34595.416666666664,135991
2017-10-12,41000.0,42500.0,40750.0,41250.0,41130.0,40882.5,38353.333333333336,34695.833333333336,285803
2017-10-13,41300.0,41350.0,39900.0,40350.0,40850.0,41032.5,38453.333333333336,34788.333333333336,149150
2017-10-16,40350.0,40500.0,39750.0,40200.0,40640.0,41137.5,38498.333333333336,34883.333333333336,113295
2017-10-17,40150.0,40150.0,38900.0,39700.0,40440.0,41192.5,38535.0,34974.166666666664,145452
2017-10-18,39600.0,39600.0,38650.0,39100.0,40120.0,41155.0,38562.5,35061.666666666664,157611
2017-10-19,39100.0,39450.0,38750.0,39150.0,39700.0,41117.5,38584.166666666664,35150.833333333336,120788
2017-10-20,39200.0,39200.0,38400.0,38950.0,39420.0,41007.5,38594.166666666664,35238.75,157588
2017-10-23,38950.0,40700.0,38950.0,40600.0,39500.0,40960.0,38631.666666666664,35338.333333333336,194652
2017-10-24,40650.0,40700.0,40000.0,40150.0,39590.0,40905.0,38675.0,35434.166666666664,114846
2017-10-25,40100.0,41500.0,39950.0,41500.0,40070.0,40810.0,38765.0,35539.583333333336,169279
2017-10-26,41500.0,41550.0,40400.0,40800.0,40400.0,40685.0,38829.166666666664,35637.083333333336,144113
2017-10-27,40800.0,41250.0,40600.0,40700.0,40750.0,40592.5,38897.5,35733.333333333336,80702
2017-10-30,40700.0,40700.0,39200.0,39600.0,40550.0,40480.0,38942.5,35817.5,168782
2017-10-31,39600.0,39950.0,39100.0,39750.0,40470.0,40415.0,38984.166666666664,35903.333333333336,133016
2017-11-01,39600.0,40250.0,39200.0,39850.0,40140.0,40355.0,39048.333333333336,35996.666666666664,194156
2017-11-02,39850.0,40100.0,39000.0,39350.0,39850.0,40270.0,39100.0,36085.0,169509
2017-11-03,39350.0,40700.0,38950.0,40350.0,39780.0,40200.0,39143.333333333336,36182.916666666664,219817
2017-11-06,40350.0,41100.0,39600.0,40900.0,40040.0,40182.5,39202.5,36283.333333333336,185520
2017-11-07,41150.0,41150.0,39700.0,39800.0,40050.0,40137.5,39256.666666666664,36374.583333333336,166595
2017-11-08,39550.0,40100.0,39100.0,39650.0,40010.0,40085.0,39290.0,36458.75,150505
2017-11-09,40200.0,41450.0,39700.0,40150.0,40170.0,40030.0,39353.333333333336,36549.166666666664,300736
2017-11-10,40150.0,42100.0,40050.0,42000.0,40500.0,40112.5,39450.0,36655.416666666664,336721
2017-11-13,42000.0,42650.0,41700.0,42000.0,40720.0,40202.5,39524.166666666664,36757.083333333336,225959
2017-11-14,42150.0,43050.0,42050.0,42750.0,41310.0,40355.0,39604.166666666664,36870.0,192467
2017-11-15,42750.0,43000.0,41700.0,42800.0,41940.0,40540.0,39698.333333333336,36986.25,195197
2017-11-16,42700.0,42750.0,42000.0,42400.0,42390.0,40702.5,39775.833333333336,37096.666666666664,136896
2017-11-17,42350.0,43800.0,41600.0,42000.0,42390.0,40855.0,39852.5,37200.416666666664,171239
2017-11-20,41600.0,42250.0,41200.0,41900.0,42370.0,40920.0,39915.833333333336,37294.583333333336,117179
2017-11-21,41900.0,43150.0,41650.0,42950.0,42410.0,41060.0,40006.666666666664,37395.833333333336,182933
2017-11-22,43000.0,43600.0,42250.0,43500.0,42550.0,41160.0,40111.666666666664,37497.916666666664,214529
2017-11-23,43250.0,43750.0,43000.0,43500.0,42770.0,41295.0,40214.166666666664,37599.583333333336,108486
2017-11-24,43500.0,43950.0,43000.0,43600.0,43090.0,41440.0,40311.666666666664,37699.583333333336,103829
2017-11-27,43750.0,44400.0,42300.0,42750.0,43260.0,41597.5,40404.166666666664,37790.416666666664,123184
2017-11-28,42450.0,43300.0,42150.0,42400.0,43150.0,41730.0,40485.833333333336,37880.0,127531
2017-11-29,42400.0,42900.0,41650.0,42250.0,42900.0,41850.0,40572.5,37970.833333333336,129445
2017-11-30,42250.0,42700.0,40600.0,41350.0,42470.0,41950.0,40641.666666666664,38054.583333333336,189572
2017-12-01,41600.0,41800.0,40700.0,40950.0,41940.0,41980.0,40710.833333333336,38137.083333333336,110300
2017-12-04,41800.0,42000.0,41000.0,41800.0,41750.0,42025.0,40792.5,38233.75,112460
2017-12-05,41450.0,42600.0,41100.0,42300.0,41730.0,42150.0,40892.5,38336.25,105123
2017-12-06,42500.0,42500.0,40700.0,40800.0,41440.0,42207.5,40967.5,38415.416666666664,110177
2017-12-07,40900.0,41200.0,39350.0,40050.0,41180.0,42202.5,41038.333333333336,38490.416666666664,147860
2017-12-08,40500.0,40750.0,39650.0,40550.0,41100.0,42130.0,41091.666666666664,38546.666666666664,116976
2017-12-11,40150.0,42650.0,40150.0,42600.0,41260.0,42160.0,41166.666666666664,38615.0,152480
2017-12-12,42450.0,42750.0,41750.0,42100.0,41220.0,42127.5,41225.0,38686.25,83495
2017-12-13,41550.0,43650.0,41550.0,43450.0,41750.0,42160.0,41285.0,38767.083333333336,162435
2017-12-14,43450.0,44850.0,42650.0,42650.0,42270.0,42172.5,41330.833333333336,38844.166666666664,276637
2017-12-15,43000.0,45000.0,43000.0,44850.0,43130.0,42315.0,41392.5,38941.25,253793
2017-12-18,44850.0,45900.0,44300.0,44450.0,43500.0,42442.5,41440.833333333336,39035.416666666664,177190
2017-12-19,44500.0,45400.0,42600.0,42600.0,43600.0,42425.0,41463.333333333336,39119.166666666664,235861
2017-12-21,43350.0,43900.0,42850.0,43100.0,43530.0,42405.0,41458.333333333336,39202.5,68493
2017-12-22,43400.0,44500.0,42900.0,44050.0,43810.0,42432.5,41470.833333333336,39296.25,126835
2017-12-26,43600.0,44950.0,43100.0,44750.0,43790.0,42490.0,41507.5,39390.416666666664,228669
2017-12-27,44300.0,45250.0,43550.0,43850.0,43670.0,42545.0,41540.833333333336,39474.583333333336,109049
2017-12-28,45300.0,50600.0,44900.0,47000.0,44550.0,42775.0,41640.0,39587.5,857606
2018-01-02,47650.0,48600.0,46200.0,46500.0,45230.0,42987.5,41730.833333333336,39695.416666666664,390326
2018-01-03,46800.0,50400.0,46550.0,49000.0,46220.0,43370.0,41863.333333333336,39823.75,416954
2018-01-04,49300.0,49750.0,48000.0,48000.0,46870.0,43722.5,41967.5,39947.916666666664,202333
2018-01-05,48000.0,48500.0,46500.0,46950.0,47490.0,43980.0,42062.5,40057.083333333336,272162
2018-01-08,47100.0,48500.0,46200.0,48500.0,47790.0,44290.0,42192.5,40170.833333333336,290887
2018-01-09,48200.0,49200.0,46200.0,46500.0,47790.0,44575.0,42289.166666666664,40267.083333333336,323663
2018-01-10,46500.0,47450.0,45550.0,45800.0,47150.0,44862.5,42365.0,40359.166666666664,173791
2018-01-11,45700.0,46100.0,43700.0,44550.0,46460.0,45062.5,42435.0,40444.166666666664,396741
2018-01-12,44800.0,45900.0,44600.0,45450.0,46160.0,45205.0,42522.5,40510.416666666664,195762
2018-01-15,45400.0,46050.0,45000.0,45750.0,45610.0,45387.5,42623.333333333336,40579.166666666664,146171
2018-01-16,45750.0,46000.0,44800.0,44950.0,45300.0,45462.5,42720.833333333336,40641.666666666664,161874
2018-01-17,44850.0,44900.0,43500.0,43800.0,44900.0,45520.0,42798.333333333336,40691.25,198298
2018-01-18,43900.0,44900.0,43800.0,43800.0,44750.0,45467.5,42879.166666666664,40736.666666666664,150880
2018-01-19,43650.0,44700.0,43450.0,44150.0,44490.0,45452.5,42938.333333333336,40785.0,140501
2018-01-22,44600.0,44700.0,42750.0,43300.0,44000.0,45487.5,42990.833333333336,40832.916666666664,151557
2018-01-23,43150.0,44150.0,43150.0,43950.0,43800.0,45530.0,43031.666666666664,40898.333333333336,135694
2018-01-24,44050.0,45300.0,43950.0,45250.0,44090.0,45590.0,43105.833333333336,40967.5,216723
2018-01-25,45300.0,45300.0,44400.0,44800.0,44290.0,45592.5,43174.166666666664,41035.833333333336,141763
2018-01-26,44300.0,45100.0,44250.0,44450.0,44350.0,45622.5,43255.0,41098.75,111465
2018-01-29,44900.0,45650.0,44650.0,45300.0,44750.0,45537.5,43347.5,41165.833333333336,170612
2018-01-30,45500.0,46250.0,44400.0,44850.0,44930.0,45455.0,43430.833333333336,41239.583333333336,185550
2018-01-31,44300.0,45800.0,43550.0,45300.0,44940.0,45270.0,43530.0,41315.0,141630
2018-02-01,45650.0,45700.0,44550.0,44650.0,44910.0,45102.5,43601.666666666664,41372.5,103146
2018-02-02,44500.0,44850.0,42850.0,43450.0,44710.0,44927.5,43644.166666666664,41423.333333333336,176532
2018-02-05,42500.0,42700.0,40900.0,41350.0,43920.0,44570.0,43670.0,41463.333333333336,253242
2018-02-06,40000.0,40350.0,37100.0,39800.0,42910.0,44235.0,43672.5,41481.25,835782
2018-02-07,40350.0,40350.0,37650.0,37950.0,41440.0,43842.5,43635.833333333336,41494.583333333336,453620
2018-02-08,38000.0,38500.0,37250.0,37600.0,40030.0,43495.0,43562.5,41506.25,325821
2018-02-09,36100.0,37150.0,36100.0,36500.0,38640.0,43047.5,43470.833333333336,41497.5,346092
2018-02-12,36600.0,37500.0,36250.0,37150.0,37800.0,42617.5,43377.5,41490.833333333336,190944
2018-02-13,37550.0,37650.0,36250.0,36300.0,37100.0,42185.0,43269.166666666664,41483.75,232357
2018-02-14,36400.0,37000.0,35950.0,36400.0,36790.0,41815.0,43169.166666666664,41472.5,153843
2018-02-19,37250.0,38100.0,36900.0,37850.0,36840.0,41517.5,43100.0,41476.25,192615
2018-02-20,37900.0,38550.0,37500.0,37750.0,37090.0,41197.5,43030.833333333336,41473.333333333336,143754
2018-02-21,37750.0,37900.0,37250.0,37550.0,37170.0,40910.0,42940.833333333336,41473.75,126626
2018-02-22,37250.0,37500.0,36650.0,37450.0,37400.0,40585.0,42840.0,41475.833333333336,103891
2018-02-23,37600.0,38200.0,37000.0,38200.0,37760.0,40232.5,42751.666666666664,41482.916666666664,160922
2018-02-26,38550.0,39150.0,38300.0,38700.0,37930.0,39927.5,42670.0,41490.833333333336,172248
2018-02-27,39100.0,39500.0,38600.0,38850.0,38150.0,39647.5,42605.0,41504.583333333336,158288
2018-02-28,38400.0,39450.0,38250.0,39250.0,38490.0,39345.0,42552.5,41519.166666666664,216952
2018-03-02,38500.0,39050.0,37700.0,38550.0,38710.0,39030.0,42490.833333333336,41531.666666666664,189710
2018-03-05,38250.0,38650.0,37850.0,38250.0,38720.0,38677.5,42439.166666666664,41540.416666666664,84250
2018-03-06,38550.0,39850.0,38300.0,39450.0,38870.0,38417.5,42414.166666666664,41562.5,157368
2018-03-07,39150.0,39450.0,38500.0,38550.0,38810.0,38172.5,42360.0,41576.25,128808
2018-03-08,38850.0,39150.0,38200.0,39150.0,38790.0,38062.5,42307.5,41600.0,114439
2018-03-09,39250.0,40150.0,38750.0,39400.0,38960.0,38042.5,42284.166666666664,41625.833333333336,125727
2018-03-12,39600.0,40700.0,39100.0,40400.0,39390.0,38165.0,42290.0,41664.166666666664,216249
2018-03-13,40050.0,40750.0,39600.0,40300.0,39560.0,38300.0,42285.833333333336,41688.75,116492
2018-03-14,39900.0,40350.0,39500.0,40250.0,39900.0,38487.5,42246.666666666664,41706.666666666664,73608
2018-03-15,40350.0,40350.0,39550.0,40300.0,40130.0,38645.0,42216.666666666664,41720.833333333336,69141
2018-03-16,40050.0,40250.0,39600.0,39850.0,40220.0,38822.5,42156.666666666664,41720.833333333336,87748
2018-03-19,39750.0,39850.0,39250.0,39500.0,40040.0,38977.5,42104.166666666664,41717.5,49385
2018-03-20,39200.0,39400.0,38700.0,38900.0,39760.0,39030.0,42005.0,41698.75,72351
2018-03-21,38800.0,39300.0,38250.0,39050.0,39520.0,39095.0,41915.0,41677.916666666664,97754
2018-03-22,38950.0,39900.0,38700.0,39150.0,39290.0,39175.0,41857.5,41660.416666666664,104047
2018-03-23,38300.0,38450.0,36950.0,36950.0,38710.0,39150.0,41755.0,41606.666666666664,171075
2018-03-26,36500.0,37800.0,36250.0,37500.0,38310.0,39115.0,41645.833333333336,41558.333333333336,141702
2018-03-27,37800.0,38500.0,37550.0,38200.0,38170.0,39090.0,41536.666666666664,41522.083333333336,81513
2018-03-28,37950.0,38900.0,37900.0,38200.0,38000.0,39057.5,41442.5,41491.666666666664,100023
2018-03-29,38100.0,38250.0,37450.0,38200.0,37810.0,39005.0,41295.833333333336,41467.916666666664,62974
2018-03-30,38350.0,38400.0,37800.0,38250.0,38070.0,38990.0,41158.333333333336,41444.583333333336,92794
2018-04-02,37950.0,38250.0,36450.0,36650.0,37900.0,38910.0,40952.5,41407.916666666664,259054
2018-04-03,36400.0,38000.0,35850.0,38000.0,37860.0,38837.5,40785.833333333336,41376.666666666664,224482
2018-04-04,37650.0,37900.0,36350.0,36600.0,37540.0,38740.0,40613.333333333336,41337.916666666664,158711
2018-04-05,36700.0,37450.0,36600.0,36800.0,37260.0,38622.5,40418.333333333336,41305.416666666664,85105
2018-04-06,36800.0,36850.0,36050.0,36650.0,36940.0,38485.0,40254.166666666664,41271.666666666664,85050
2018-04-09,36250.0,36450.0,36000.0,36300.0,36870.0,38280.0,40095.833333333336,41230.416666666664,94145
2018-04-10,36000.0,36200.0,35550.0,35600.0,36390.0,38045.0,39946.666666666664,41190.833333333336,97634
2018-04-11,35700.0,36950.0,35650.0,36800.0,36430.0,37872.5,39802.5,41162.5,136016
2018-04-12,36650.0,38050.0,36500.0,37750.0,36620.0,37745.0,39669.166666666664,41146.25,168099
2018-04-13,38000.0,38150.0,37250.0,37400.0,36770.0,37622.5,39543.333333333336,41132.083333333336,75799
2018-04-16,37700.0,37750.0,37000.0,37250.0,36960.0,37510.0,39434.166666666664,41116.25,71489
2018-04-17,37250.0,38000.0,37000.0,37950.0,37430.0,37462.5,39336.666666666664,41107.916666666664,71094
2018-04-18,37700.0,38650.0,37650.0,38200.0,37710.0,37420.0,39237.5,41087.916666666664,87591
2018-04-19,37950.0,38100.0,37150.0,37600.0,37680.0,37342.5,39142.5,41066.666666666664,111021
2018-04-20,37350.0,38000.0,37150.0,37400.0,37680.0,37365.0,39033.333333333336,41032.5,58955
2018-04-23,37200.0,39300.0,36800.0,38900.0,38010.0,37435.0,38927.5,41016.666666666664,189637
2018-04-24,38700.0,39300.0,38200.0,38650.0,38150.0,37457.5,38825.0,40999.583333333336,91953
2018-04-25,38550.0,38550.0,37550.0,37550.0,38020.0,37425.0,38710.0,40982.5,73904
2018-04-26,37650.0,38750.0,37300.0,38300.0,38160.0,37430.0,38593.333333333336,40970.416666666664,95565
2018-04-27,37950.0,38500.0,37250.0,37600.0,38200.0,37397.5,38472.5,40951.666666666664,108538
2018-04-30,37800.0,38300.0,37200.0,38100.0,38040.0,37470.0,38352.5,40941.25,58835
2018-05-02,37700.0,38400.0,37500.0,37500.0,37810.0,37445.0,38233.333333333336,40917.5,55145
2018-05-03,37500.0,37900.0,37350.0,37650.0,37830.0,37497.5,38136.666666666664,40890.416666666664,35868
2018-05-04,38200.0,40150.0,37850.0,40000.0,38170.0,37657.5,38114.166666666664,40892.083333333336,341699
2018-05-08,40350.0,40350.0,39200.0,39350.0,38520.0,37792.5,38106.666666666664,40889.583333333336,128790
2018-05-09,39500.0,40000.0,38800.0,39900.0,38880.0,37972.5,38139.166666666664,40887.5,113145
2018-05-10,39750.0,40200.0,39000.0,39400.0,39260.0,38162.5,38169.166666666664,40865.833333333336,110842
2018-05-11,39400.0,39900.0,39050.0,39750.0,39680.0,38310.0,38223.333333333336,40847.083333333336,93100
2018-05-14,40100.0,40800.0,39950.0,39950.0,39670.0,38420.0,38270.0,40823.75,90029
2018-05-15,39950.0,40500.0,39000.0,39850.0,39770.0,38542.5,38329.166666666664,40799.166666666664,77104
2018-05-16,39950.0,39950.0,38900.0,39150.0,39620.0,38637.5,38375.0,40772.083333333336,61991
2018-05-17,39150.0,39850.0,38800.0,39050.0,39550.0,38692.5,38395.0,40747.5,91888
2018-05-18,39050.0,40250.0,39050.0,40250.0,39650.0,38795.0,38436.666666666664,40733.75,121576
2018-05-21,40250.0,40300.0,39000.0,39450.0,39550.0,38887.5,38468.333333333336,40704.583333333336,115826
2018-05-23,39550.0,39700.0,38550.0,38850.0,39350.0,38960.0,38491.666666666664,40665.833333333336,149134
2018-05-24,39200.0,39200.0,38100.0,38800.0,39280.0,38955.0,38501.666666666664,40626.666666666664,119007
2018-05-25,38500.0,39500.0,38300.0,38900.0,39250.0,38967.5,38505.0,40587.5,104846
2018-05-28,38700.0,39150.0,38550.0,39100.0,39020.0,39045.0,38509.166666666664,40557.083333333336,69232
2018-05-29,39050.0,40150.0,38650.0,39750.0,39080.0,39117.5,38517.5,40535.0,146117
2018-05-30,39550.0,39700.0,37900.0,38600.0,39030.0,39167.5,38518.333333333336,40504.583333333336,186076
2018-05-31,38750.0,39300.0,38200.0,38650.0,39000.0,39195.0,38525.0,40482.083333333336,98012
2018-06-01,38500.0,39450.0,38500.0,38950.0,39010.0,39267.5,38516.666666666664,40465.416666666664,125874
2018-06-04,38950.0,39450.0,38550.0,39300.0,39050.0,39350.0,38529.166666666664,40444.583333333336,77953
2018-06-05,39250.0,41200.0,39150.0,40900.0,39280.0,39395.0,38558.333333333336,40432.916666666664,337335
2018-06-07,40900.0,41550.0,40550.0,41350.0,39830.0,39495.0,38590.833333333336,40437.5,141798
2018-06-08,41500.0,41550.0,40350.0,40550.0,40210.0,39527.5,38593.333333333336,40441.666666666664,76797
2018-06-11,40550.0,41300.0,40250.0,40800.0,40580.0,39597.5,38601.666666666664,40443.75,79913
2018-06-12,41150.0,42600.0,41150.0,42300.0,41180.0,39725.0,38635.833333333336,40441.25,259280
2018-06-14,42300.0,43100.0,40800.0,40800.0,41160.0,39767.5,38644.166666666664,40430.416666666664,287053
2018-06-15,41300.0,41650.0,40550.0,41150.0,41120.0,39832.5,38665.833333333336,40411.25,175328
2018-06-18,41300.0,42100.0,40250.0,40850.0,41180.0,39917.5,38688.333333333336,40396.25,201903
2018-06-19,40600.0,41100.0,40050.0,40050.0,41030.0,39967.5,38707.5,40356.25,144580
2018-06-20,40350.0,44500.0,40200.0,44100.0,41390.0,40160.0,38791.666666666664,40353.333333333336,544091
2018-06-21,43900.0,46300.0,43850.0,45450.0,42320.0,40460.0,38896.666666666664,40377.083333333336,621916
2018-06-22,45100.0,45650.0,43950.0,45550.0,43200.0,40795.0,39040.0,40397.5,251225
2018-06-25,45400.0,45950.0,44200.0,45200.0,44070.0,41115.0,39168.333333333336,40407.083333333336,167494
2018-06-26,44150.0,45000.0,43450.0,44450.0,44950.0,41392.5,39272.5,40404.583333333336,168746
2018-06-27,44100.0,44450.0,43100.0,43800.0,44890.0,41627.5,39365.833333333336,40404.166666666664,282767
2018-06-28,43500.0,44000.0,42750.0,43850.0,44570.0,41832.5,39460.0,40377.916666666664,134728
2018-06-29,44200.0,44350.0,42400.0,43150.0,44090.0,42060.0,39541.666666666664,40350.0,186781
2018-07-02,43350.0,44200.0,42300.0,42650.0,43580.0,42260.0,39641.666666666664,40297.083333333336,127427
2018-07-03,42700.0,42700.0,38550.0,41600.0,43010.0,42392.5,39701.666666666664,40243.75,726020
2018-07-04,41450.0,41750.0,40900.0,41150.0,42480.0,42485.0,39777.5,40195.416666666664,103572
2018-07-05,41150.0,42800.0,41150.0,42000.0,42110.0,42540.0,39864.166666666664,40141.25,151153
2018-07-06,42000.0,43400.0,42000.0,43150.0,42110.0,42630.0,39972.5,40113.333333333336,165494
2018-07-09,43150.0,44200.0,42800.0,43400.0,42260.0,42772.5,40090.833333333336,40093.333333333336,110133
2018-07-10,43400.0,43700.0,42400.0,42600.0,42460.0,42862.5,40207.5,40077.083333333336,114803
2018-07-11,42100.0,43400.0,41150.0,43300.0,42890.0,42912.5,40315.833333333336,40059.166666666664,136765
2018-07-12,43350.0,43750.0,42550.0,43400.0,43170.0,43042.5,40410.0,40039.583333333336,81579
2018-07-13,43600.0,44600.0,43400.0,43700.0,43280.0,43170.0,40515.0,40029.166666666664,83142
2018-07-16,43350.0,43650.0,42000.0,42200.0,43040.0,43237.5,40597.5,40015.833333333336,101882
2018-07-17,42200.0,42850.0,41400.0,42650.0,43050.0,43367.5,40675.833333333336,40006.25,55688
2018-07-18,42700.0,43150.0,42000.0,42350.0,42860.0,43280.0,40745.0,39991.25,57683
2018-07-19,42000.0,42850.0,41850.0,41950.0,42570.0,43105.0,40817.5,39980.0,49476
2018-07-20,42000.0,42800.0,41900.0,42550.0,42340.0,42955.0,40903.333333333336,39968.333333333336,50063
2018-07-23,42550.0,43000.0,41500.0,41600.0,42220.0,42775.0,40948.333333333336,39937.916666666664,69588
2018-07-24,42000.0,42200.0,41650.0,42000.0,42090.0,42652.5,41004.166666666664,39914.583333333336,45923
2018-07-25,42000.0,43700.0,42000.0,42800.0,42180.0,42602.5,41091.666666666664,39900.833333333336,117629
2018-07-26,42950.0,43650.0,42650.0,43000.0,42390.0,42560.0,41170.0,39881.666666666664,40985
2018-07-27,43450.0,44200.0,43050.0,44100.0,42700.0,42607.5,41278.333333333336,39875.416666666664,64509
2018-07-30,43800.0,44400.0,43500.0,44050.0,43190.0,42677.5,41377.5,39865.0,58453
2018-07-31,44050.0,44200.0,42550.0,42900.0,43370.0,42742.5,41467.5,39850.416666666664,73476
2018-08-01,43350.0,44800.0,43000.0,43700.0,43550.0,42870.0,41568.333333333336,39852.5,167663
2018-08-02,43500.0,44100.0,43100.0,43300.0,43610.0,42935.0,41623.333333333336,39868.75,55063
2018-08-03,43500.0,43550.0,42450.0,43450.0,43480.0,42950.0,41691.666666666664,39899.166666666664,125138
2018-08-06,43100.0,43850.0,42550.0,42750.0,43220.0,42917.5,41739.166666666664,39939.166666666664,90925
2018-08-07,43600.0,44400.0,43450.0,43900.0,43420.0,42982.5,41814.166666666664,39991.666666666664,264926
2018-08-08,43900.0,45000.0,43850.0,44250.0,43530.0,43030.0,41889.166666666664,40056.25,168331
2018-08-09,44250.0,44900.0,44250.0,44550.0,43780.0,43087.5,41965.833333333336,40117.916666666664,111401
2018-08-10,44450.0,45750.0,44450.0,45250.0,44140.0,43165.0,42055.833333333336,40192.5,177554
2018-08-13,45100.0,45350.0,44300.0,44650.0,44520.0,43287.5,42147.5,40261.25,122989
2018-08-14,45250.0,45600.0,44600.0,45550.0,44850.0,43432.5,42255.833333333336,40325.416666666664,83793
2018-08-16,44800.0,45200.0,44400.0,45050.0,45010.0,43567.5,42335.833333333336,40386.25,96431
2018-08-17,44800.0,45150.0,44200.0,44650.0,45030.0,43702.5,42422.5,40445.416666666664,76621
2018-08-20,44700.0,46800.0,44700.0,46400.0,45260.0,43895.0,42548.333333333336,40520.0,243006
2018-08-21,46300.0,47050.0,45900.0,46350.0,45600.0,44132.5,42674.166666666664,40587.916666666664,170026
2018-08-22,45900.0,46550.0,45200.0,45400.0,45570.0,44302.5,42782.5,40643.75,126103
2018-08-23,45550.0,46050.0,44300.0,45050.0,45570.0,44415.0,42881.666666666664,40695.416666666664,108997
2018-08-24,44750.0,45900.0,44550.0,45750.0,45790.0,44552.5,42981.666666666664,40749.583333333336,104114
2018-08-27,45850.0,46400.0,45000.0,45900.0,45690.0,44642.5,43103.333333333336,40810.833333333336,76628
2018-08-28,45800.0,46450.0,45400.0,46150.0,45650.0,44747.5,43228.333333333336,40876.666666666664,75033
2018-08-29,46050.0,47750.0,46000.0,47350.0,46040.0,44970.0,43368.333333333336,40942.5,204951
2018-08-30,47350.0,47500.0,46350.0,47000.0,46430.0,45135.0,43496.666666666664,41012.916666666664,134253
2018-08-31,46700.0,47400.0,46050.0,47050.0,46690.0,45322.5,43599.166666666664,41078.75,89934
2018-09-03,46650.0,46900.0,45750.0,45900.0,46690.0,45445.0,43675.0,41132.916666666664,110974
2018-09-04,46050.0,46700.0,45800.0,46550.0,46770.0,45635.0,43775.0,41184.166666666664,77241
2018-09-05,46550.0,47050.0,45850.0,46450.0,46590.0,45762.5,43869.166666666664,41235.416666666664,84092
2018-09-06,46500.0,47200.0,46300.0,46900.0,46570.0,45895.0,43945.833333333336,41290.833333333336,73640
2018-09-07,47200.0,47250.0,46400.0,47000.0,46560.0,46017.5,44049.166666666664,41346.666666666664,72952
2018-09-10,46600.0,48000.0,46600.0,47000.0,46780.0,46105.0,44146.666666666664,41406.25,104422
2018-09-11,47000.0,47500.0,46450.0,47100.0,46890.0,46227.5,44250.833333333336,41469.583333333336,73737
2018-09-12,46650.0,46800.0,45300.0,46700.0,46940.0,46285.0,44361.666666666664,41534.583333333336,220017
2018-09-13,46900.0,46900.0,45750.0,46700.0,46900.0,46367.5,44405.0,41598.333333333336,111571
2018-09-14,47000.0,47550.0,46200.0,46950.0,46890.0,46482.5,44430.0,41663.333333333336,96755
2018-09-17,46900.0,46900.0,45600.0,46050.0,46700.0,46465.0,44438.333333333336,41739.166666666664,117549
2018-09-18,45600.0,46300.0,45300.0,46050.0,46490.0,46450.0,44452.5,41810.416666666664,79126
2018-09-19,46000.0,46150.0,45050.0,45300.0,46210.0,46445.0,44466.666666666664,41869.583333333336,93850
2018-09-20,45050.0,45100.0,42850.0,44200.0,45710.0,46402.5,44473.333333333336,41919.583333333336,367540
2018-09-21,44700.0,44900.0,42850.0,43050.0,44930.0,46267.5,44460.0,41960.0,293455
2018-09-27,43050.0,43500.0,42500.0,42700.0,44260.0,46107.5,44452.5,41997.083333333336,148292
2018-09-28,43000.0,43100.0,42350.0,42650.0,43580.0,45932.5,44452.5,42047.083333333336,128057
2018-10-01,42650.0,42950.0,41750.0,42150.0,42950.0,45672.5,44461.666666666664,42081.666666666664,162361
2018-10-02,42150.0,42300.0,40850.0,41800.0,42470.0,45412.5,44472.5,42125.0,165091
2018-10-04,41900.0,42000.0,41000.0,41650.0,42190.0,45142.5,44466.666666666664,42165.416666666664,133281
2018-10-05,41500.0,42300.0,40700.0,42050.0,42060.0,44950.0,44448.333333333336,42210.416666666664,138374
2018-10-08,41600.0,41600.0,40550.0,41200.0,41770.0,44682.5,44411.666666666664,42251.25,219218
2018-10-10,40800.0,41550.0,40500.0,40900.0,41520.0,44405.0,44383.333333333336,42295.416666666664,122904
2018-10-11,39500.0,41550.0,38650.0,38700.0,40900.0,43995.0,44306.666666666664,42311.25,229665
2018-10-12,38600.0,39350.0,38300.0,39150.0,40400.0,43602.5,44235.833333333336,42322.916666666664,109796
2018-10-15,38900.0,39200.0,38100.0,38350.0,39660.0,43170.0,44146.666666666664,42330.833333333336,116584
2018-10-16,38150.0,38650.0,37950.0,38050.0,39030.0,42717.5,44077.5,42337.5,70921
2018-10-17,38550.0,38800.0,37300.0,37500.0,38350.0,42257.5,43991.666666666664,42333.75,149255
2018-10-18,37700.0,38250.0,37450.0,37700.0,38150.0,41807.5,43914.166666666664,42329.583333333336,137428
2018-10-19,37100.0,37650.0,36400.0,37400.0,37800.0,41330.0,43838.333333333336,42327.916666666664,138693
2018-10-22,37000.0,37850.0,36800.0,37800.0,37690.0,40917.5,43759.166666666664,42331.25,63712
2018-10-23,37800.0,37850.0,35200.0,35750.0,37230.0,40402.5,43661.666666666664,42305.0,201755
2018-10-24,36200.0,36450.0,34700.0,35000.0,36730.0,39887.5,43545.0,42274.583333333336,209389
2018-10-25,34300.0,34700.0,33650.0,34350.0,36060.0,39395.0,43404.166666666664,42247.916666666664,227203
2018-10-26,34350.0,34400.0,32650.0,33750.0,35330.0,38930.0,43250.0,42210.0,234576
2018-10-29,33750.0,33900.0,32250.0,32250.0,34220.0,38407.5,43052.5,42165.416666666664,179320
2018-10-30,32000.0,32750.0,31300.0,32500.0,33570.0,37900.0,42860.0,42118.75,204030
2018-10-31,33050.0,33550.0,32000.0,33150.0,33200.0,37450.0,42697.5,42082.5,164278
2018-11-01,33400.0,34150.0,32950.0,33000.0,32930.0,37010.0,42519.166666666664,42043.75,152120
2018-11-02,33250.0,34850.0,33250.0,34650.0,33110.0,36660.0,42375.0,41999.166666666664,167238
2018-11-05,34250.0,34350.0,33400.0,33750.0,33410.0,36245.0,42213.333333333336,41952.5,133460
2018-11-06,34000.0,34150.0,33250.0,33700.0,33650.0,35870.0,42062.5,41900.833333333336,110135
2018-11-07,33900.0,34150.0,32600.0,32850.0,33590.0,35467.5,41878.333333333336,41846.25,170401
2018-11-08,33600.0,35600.0,33500.0,34000.0,33790.0,35232.5,41707.5,41798.333333333336,296864
2018-11-09,34600.0,36100.0,34250.0,35000.0,33860.0,35025.0,41548.333333333336,41757.083333333336,206999
2018-11-12,35100.0,36650.0,35100.0,35700.0,34250.0,34892.5,41389.166666666664,41722.5,185417
2018-11-13,35000.0,35300.0,34250.0,35100.0,34530.0,34745.0,41230.0,41688.75,163852
2018-11-14,35300.0,35700.0,34600.0,35050.0,34970.0,34622.5,41055.0,41655.416666666664,89106
2018-11-15,34800.0,35400.0,34100.0,35100.0,35190.0,34492.5,40889.166666666664,41612.5,98353
2018-11-16,35200.0,35350.0,34450.0,35000.0,35190.0,34372.5,40728.333333333336,41575.416666666664,117373
2018-11-19,35000.0,35800.0,34700.0,35500.0,35150.0,34257.5,40546.666666666664,41547.5,123036
2018-11-20,34850.0,35550.0,34550.0,35000.0,35130.0,34220.0,40357.5,41515.833333333336,94994
2018-11-21,34500.0,35450.0,33400.0,35250.0,35170.0,34232.5,40188.333333333336,41485.416666666664,230357
2018-11-22,35050.0,35150.0,34400.0,34750.0,35100.0,34252.5,40016.666666666664,41449.166666666664,82392
2018-11-23,34700.0,34950.0,34250.0,34450.0,34990.0,34287.5,39828.333333333336,41405.0,51503
2018-11-26,34700.0,35050.0,34350.0,34650.0,34820.0,34407.5,39640.833333333336,41372.083333333336,53493
2018-11-27,34850.0,35000.0,34350.0,34750.0,34770.0,34520.0,39450.833333333336,41339.583333333336,63902
2018-11-28,34950.0,35300.0,34500.0,34650.0,34650.0,34595.0,39239.166666666664,41303.75,129968
2018-11-29,35200.0,36200.0,35150.0,35550.0,34810.0,34722.5,39048.333333333336,41272.5,186827
2018-11-30,35800.0,36650.0,35500.0,36500.0,35220.0,34815.0,38872.5,41235.833333333336,142630
2018-12-03,36700.0,37400.0,36550.0,36800.0,35650.0,34967.5,38720.833333333336,41197.916666666664,106311
2018-12-04,36800.0,36900.0,36050.0,36200.0,35940.0,35092.5,38548.333333333336,41161.666666666664,75553
2018-12-05,35500.0,36700.0,35450.0,36300.0,36270.0,35265.0,38379.166666666664,41124.166666666664,81179
2018-12-06,36600.0,36600.0,35500.0,35750.0,36310.0,35352.5,38193.333333333336,41069.583333333336,56285
2018-12-07,36000.0,36400.0,35100.0,35650.0,36140.0,35385.0,38004.166666666664,41026.666666666664,59316
2018-12-10,35150.0,35550.0,34750.0,35150.0,35810.0,35357.5,37806.666666666664,40976.666666666664,70857
2018-12-11,35350.0,35350.0,34400.0,34500.0,35470.0,35327.5,37596.666666666664,40923.75,71549
2018-12-12,34500.0,34800.0,33950.0,34400.0,35090.0,35295.0,37391.666666666664,40876.666666666664,159054
2018-12-13,34650.0,35950.0,34400.0,35950.0,35130.0,35337.5,37212.5,40808.75,157744
2018-12-14,35550.0,36000.0,34950.0,35050.0,35010.0,35340.0,37014.166666666664,40722.083333333336,83717
2018-12-17,35200.0,35850.0,35200.0,35450.0,35070.0,35337.5,36837.5,40637.916666666664,70554
2018-12-18,35300.0,35600.0,34450.0,35100.0,35190.0,35342.5,36655.0,40553.75,107618
2018-12-19,35100.0,35450.0,34800.0,35200.0,35350.0,35340.0,36486.666666666664,40476.666666666664,90827
2018-12-20,35200.0,35550.0,34500.0,35250.0,35210.0,35365.0,36337.5,40405.416666666664,67120
2018-12-21,35350.0,36500.0,35350.0,36300.0,35460.0,35457.5,36225.0,40342.5,114338
2018-12-24,36300.0,36850.0,35850.0,36000.0,35570.0,35525.0,36113.333333333336,40282.916666666664,104783
2018-12-26,35250.0,36400.0,34750.0,36300.0,35810.0,35602.5,36007.5,40230.0,160453
2018-12-27,35850.0,35950.0,35150.0,35400.0,35850.0,35640.0,35895.0,40178.333333333336,97844
2018-12-28,35350.0,36350.0,35350.0,35800.0,35960.0,35652.5,35795.0,40133.75,109729
2019-01-02,35950.0,36000.0,35150.0,35450.0,35790.0,35600.0,35691.666666666664,40079.166666666664,66989
2019-01-03,35200.0,35800.0,34950.0,34950.0,35580.0,35507.5,35573.333333333336,40010.833333333336,67150
2019-01-04,34650.0,35450.0,34500.0,35150.0,35350.0,35455.0,35472.5,39942.083333333336,63167
2019-01-07,35850.0,37700.0,35600.0,37300.0,35730.0,35505.0,35412.5,39897.916666666664,127528
2019-01-08,37500.0,37550.0,36650.0,36950.0,35960.0,35565.0,35383.333333333336,39845.0,70041
2019-01-09,37000.0,38250.0,37000.0,37950.0,36460.0,35680.0,35363.333333333336,39799.583333333336,107958
2019-01-10,37500.0,38350.0,37350.0,37800.0,37030.0,35812.5,35354.166666666664,39750.416666666664,74618
2019-01-11,37850.0,38950.0,37550.0,38300.0,37660.0,36002.5,35358.333333333336,39717.916666666664,121490
2019-01-14,38500.0,38800.0,38050.0,38200.0,37840.0,36192.5,35370.0,39680.833333333336,97778
2019-01-15,38700.0,38700.0,38000.0,38300.0,38110.0,36310.0,35380.0,39647.083333333336,82965
2019-01-16,38050.0,39050.0,38050.0,38850.0,38290.0,36500.0,35404.166666666664,39621.25,80258
2019-01-17,39100.0,39450.0,38550.0,39000.0,38530.0,36677.5,35424.166666666664,39591.666666666664,85735
2019-01-18,39450.0,39500.0,38550.0,38700.0,38610.0,36857.5,35473.333333333336,39567.5,69314
2019-01-21,39200.0,39650.0,38900.0,39300.0,38830.0,37062.5,35545.0,39545.0,78448
2019-01-22,39300.0,39300.0,38300.0,38400.0,38850.0,37220.0,35612.5,39508.333333333336,60889
2019-01-23,38350.0,39050.0,38100.0,38900.0,38860.0,37350.0,35698.333333333336,39474.166666666664,58726
2019-01-24,38550.0,39000.0,37850.0,37950.0,38650.0,37447.5,35793.333333333336,39422.916666666664,95375
2019-01-25,37950.0,38900.0,37950.0,38750.0,38660.0,37570.0,35897.5,39378.75,83285
2019-01-28,38550.0,39450.0,38500.0,38700.0,38540.0,37735.0,35990.0,39343.75,72243
2019-01-29,38800.0,39100.0,38200.0,38500.0,38560.0,37870.0,36081.666666666664,39300.416666666664,68692
2019-01-30,38450.0,39350.0,38400.0,39300.0,38640.0,38062.5,36159.166666666664,39267.083333333336,57349
2019-01-31,39800.0,39800.0,38550.0,38700.0,38790.0,38250.0,36241.666666666664,39227.5,66135
2019-02-01,38700.0,39250.0,38150.0,38400.0,38720.0,38412.5,36320.0,39191.25,61732
2019-02-07,38450.0,39950.0,38300.0,39900.0,38960.0,38542.5,36437.5,39157.916666666664,105514
2019-02-08,39900.0,39900.0,38900.0,39100.0,39080.0,38650.0,36522.5,39115.0,71437
2019-02-11,39300.0,39900.0,38800.0,39700.0,39160.0,38737.5,36600.833333333336,39074.583333333336,89317
2019-02-12,39700.0,40500.0,39400.0,40250.0,39470.0,38860.0,36676.666666666664,39032.916666666664,103099
2019-02-13,40250.0,41300.0,40100.0,41000.0,39990.0,38995.0,36775.0,39002.5,96458
2019-02-14,40550.0,41100.0,39850.0,41100.0,40230.0,39140.0,36875.833333333336,38965.416666666664,154249
2019-02-15,40650.0,41450.0,40550.0,41250.0,40660.0,39287.5,36978.333333333336,38933.75,114943
2019-02-18,41550.0,42900.0,41550.0,42100.0,41140.0,39450.0,37096.666666666664,38912.5,196810
2019-02-19,40800.0,40850.0,39500.0,39600.0,41010.0,39480.0,37165.0,38855.833333333336,448190
2019-02-20,39750.0,40550.0,39750.0,40400.0,40890.0,39565.0,37255.0,38806.25,192873
2019-02-21,40600.0,40800.0,39700.0,39750.0,40620.0,39587.5,37330.0,38759.166666666664,95703
2019-02-22,39800.0,40250.0,39600.0,39750.0,40320.0,39655.0,37413.333333333336,38715.0,87763
2019-02-25,39600.0,40350.0,39150.0,39350.0,39770.0,39677.5,37495.0,38661.666666666664,100647
2019-02-26,39150.0,39750.0,39050.0,39250.0,39700.0,39742.5,37571.666666666664,38606.25,60259
2019-02-27,39300.0,39450.0,38850.0,39100.0,39440.0,39760.0,37644.166666666664,38547.5,66209
2019-02-28,39350.0,39350.0,38700.0,38700.0,39230.0,39760.0,37711.666666666664,38475.416666666664,87086
2019-03-04,38650.0,39700.0,38600.0,39350.0,39150.0,39802.5,37775.0,38411.666666666664,70016
2019-03-05,39100.0,39150.0,38300.0,38750.0,39030.0,39775.0,37812.5,38342.5,75129
2019-03-06,38500.0,38750.0,38200.0,38250.0,38830.0,39752.5,37836.666666666664,38278.75,70815
2019-03-07,38400.0,38400.0,37350.0,37900.0,38590.0,39727.5,37865.0,38206.666666666664,108291
2019-03-08,37550.0,37850.0,36700.0,36900.0,38230.0,39577.5,37875.0,38127.083333333336,96746
2019-03-11,36750.0,37850.0,36600.0,37650.0,37890.0,39505.0,37906.666666666664,38050.0,88191
2019-03-12,37900.0,38600.0,37550.0,37800.0,37700.0,39410.0,37942.5,37973.333333333336,115663
2019-03-13,37800.0,38100.0,37450.0,37950.0,37640.0,39295.0,37989.166666666664,37897.916666666664,55395
2019-03-14,38300.0,38300.0,37900.0,38300.0,37720.0,39160.0,38052.5,37824.583333333336,61359
2019-03-15,38300.0,39100.0,38250.0,39100.0,38160.0,39060.0,38130.833333333336,37761.25,116489
2019-03-18,39350.0,39350.0,37900.0,38050.0,38240.0,38900.0,38165.833333333336,37689.166666666664,86450
2019-03-19,38200.0,38300.0,37550.0,37550.0,38190.0,38672.5,38207.5,37610.833333333336,68663
2019-03-20,37450.0,37700.0,36350.0,37100.0,38020.0,38547.5,38235.0,37536.25,99820
2019-03-21,36650.0,37500.0,36200.0,36300.0,37620.0,38342.5,38255.0,37455.0,112484
2019-03-22,36250.0,36600.0,36050.0,36150.0,37030.0,38162.5,38270.833333333336,37378.75,81573
2019-03-25,35500.0,36050.0,35250.0,35300.0,36480.0,37940.0,38271.666666666664,37304.583333333336,72151
2019-03-26,35300.0,36400.0,35300.0,36050.0,36180.0,37775.0,38267.5,37246.25,70778
2019-03-27,36600.0,36600.0,35850.0,36150.0,35990.0,37620.0,38270.0,37191.666666666664,56949
2019-03-28,35850.0,36350.0,35700.0,35950.0,35920.0,37462.5,38264.166666666664,37135.833333333336,27677
2019-03-29,36300.0,36450.0,35900.0,36150.0,35920.0,37335.0,38276.666666666664,37085.833333333336,35062
2019-04-01,36100.0,36950.0,36100.0,36600.0,36180.0,37197.5,38290.0,37042.5,63042
2019-04-02,36600.0,36800.0,36250.0,36500.0,36270.0,37085.0,38307.5,36999.583333333336,58716
2019-04-03,36150.0,36500.0,36050.0,36450.0,36330.0,36995.0,38332.5,36952.916666666664,62934
2019-04-04,36500.0,37000.0,36500.0,36800.0,36500.0,36940.0,38360.0,36916.25,51922
2019-04-05,37050.0,37100.0,36200.0,36500.0,36570.0,36920.0,38346.666666666664,36879.583333333336,40511
2019-04-08,36700.0,36750.0,36150.0,36150.0,36480.0,36845.0,38333.333333333336,36858.333333333336,45844
2019-04-09,36000.0,36450.0,35900.0,35950.0,36370.0,36752.5,38300.0,36831.666666666664,72906
2019-04-10,35700.0,36300.0,35700.0,36000.0,36280.0,36655.0,38270.0,36812.083333333336,64739
2019-04-11,36500.0,36500.0,35550.0,35750.0,36070.0,36527.5,38227.5,36792.916666666664,101257
2019-04-12,35650.0,35950.0,35250.0,35750.0,35920.0,36360.0,38186.666666666664,36778.333333333336,111080
2019-04-15,35800.0,36400.0,35800.0,36350.0,35960.0,36275.0,38154.166666666664,36767.083333333336,83362
2019-04-16,36350.0,36950.0,36250.0,36750.0,36120.0,36235.0,38119.166666666664,36761.666666666664,75467
2019-04-17,36900.0,37550.0,36800.0,37300.0,36380.0,36245.0,38090.833333333336,36757.5,83847
2019-04-18,37150.0,37450.0,36650.0,37000.0,36630.0,36280.0,38062.5,36767.916666666664,93905
2019-04-19,37450.0,37450.0,36850.0,37050.0,36890.0,36325.0,38025.0,36785.0,46387
2019-04-22,37100.0,37100.0,36350.0,36950.0,37010.0,36407.5,38000.833333333336,36806.666666666664,76830
2019-04-23,36950.0,36950.0,36050.0,36250.0,36910.0,36417.5,37956.666666666664,36827.5,93265
2019-04-24,36250.0,36500.0,35850.0,36150.0,36680.0,36417.5,37926.666666666664,36860.0,72010
2019-04-25,36250.0,36300.0,35600.0,35900.0,36460.0,36415.0,37879.166666666664,36888.333333333336,73089
2019-04-26,35800.0,36450.0,35050.0,36200.0,36290.0,36417.5,37837.5,36913.75,157763
2019-04-29,36200.0,36350.0,35650.0,36350.0,36170.0,36405.0,37801.666666666664,36941.666666666664,46460
2019-04-30,36300.0,36300.0,35350.0,35750.0,36070.0,36367.5,37742.5,36950.833333333336,74652
2019-05-02,35500.0,36450.0,35500.0,36300.0,36100.0,36360.0,37702.5,36972.083333333336,55715
2019-05-03,36500.0,36750.0,36000.0,36400.0,36200.0,36340.0,37669.166666666664,36994.583333333336,65669
2019-05-07,35700.0,35900.0,35500.0,35800.0,36120.0,36305.0,37600.833333333336,37019.166666666664,69939
2019-05-08,35200.0,36150.0,35200.0,35600.0,35970.0,36277.5,37542.5,37032.5,36763
2019-05-09,35600.0,35700.0,34650.0,34650.0,35750.0,36212.5,37458.333333333336,37029.583333333336,90162
2019-05-10,34600.0,35250.0,34500.0,34900.0,35470.0,36157.5,37369.166666666664,37022.916666666664,70785
2019-05-13,34500.0,34550.0,32150.0,32250.0,34640.0,35982.5,37223.333333333336,36999.166666666664,241494
2019-05-14,31800.0,33200.0,31550.0,32450.0,33970.0,35817.5,37079.166666666664,36977.5,107866
2019-05-15,32450.0,33900.0,31950.0,33150.0,33480.0,35657.5,36944.166666666664,36961.25,126729
2019-05-16,32950.0,33050.0,32200.0,32400.0,33030.0,35440.0,36782.5,36939.583333333336,78852
2019-05-17,33000.0,33000.0,32000.0,32000.0,32450.0,35175.0,36655.833333333336,36910.416666666664,37791
2019-05-20,32050.0,32450.0,31200.0,31350.0,32270.0,34892.5,36505.0,36880.0,77063
2019-05-21,31000.0,31700.0,31000.0,31500.0,32080.0,34615.0,36367.5,36848.75,78266
2019-05-22,31600.0,32350.0,31300.0,31500.0,31750.0,34342.5,36230.0,36821.666666666664,62113
2019-05-23,31300.0,31500.0,31050.0,31050.0,31480.0,34082.5,36091.666666666664,36793.333333333336,54583
2019-05-24,30800.0,31600.0,30700.0,31350.0,31350.0,33842.5,35960.0,36765.833333333336,61463
2019-05-27,31200.0,32000.0,31100.0,31200.0,31320.0,33607.5,35828.333333333336,36736.25,37331
2019-05-28,31200.0,31850.0,31200.0,31650.0,31350.0,33380.0,35710.833333333336,36711.25,60866
2019-05-29,31850.0,31900.0,30500.0,30550.0,31160.0,33090.0,35564.166666666664,36669.583333333336,82686
2019-05-30,30500.0,30800.0,30150.0,30400.0,31030.0,32822.5,35425.0,36618.75,83229
2019-05-31,30400.0,30650.0,30050.0,30450.0,30850.0,32530.0,35295.0,36565.833333333336,88226
2019-06-03,30200.0,30500.0,29950.0,30500.0,30710.0,32235.0,35171.666666666664,36518.333333333336,162494
2019-06-04,30500.0,30800.0,30450.0,30800.0,30540.0,31985.0,35070.0,36472.5,121988
2019-06-05,31100.0,31200.0,30750.0,30800.0,30590.0,31745.0,34955.833333333336,36431.25,116135
2019-06-07,31000.0,31750.0,30700.0,31300.0,30770.0,31577.5,34847.5,36395.0,133653
2019-06-10,31600.0,32200.0,31250.0,31800.0,31040.0,31422.5,34745.0,36367.083333333336,131005
2019-06-11,32150.0,33850.0,32050.0,32950.0,31530.0,31457.5,34655.833333333336,36354.166666666664,269083
2019-06-12,33500.0,35450.0,33500.0,35200.0,32410.0,31595.0,34590.833333333336,36360.833333333336,504668
2019-06-13,35300.0,38800.0,34250.0,36150.0,33480.0,31745.0,34559.166666666664,36362.5,1590250
2019-06-14,37200.0,39200.0,36150.0,37800.0,34780.0,32015.0,34563.333333333336,36385.416666666664,1513448
2019-06-17,37650.0,38150.0,36350.0,36450.0,35710.0,32237.5,34552.5,36393.75,503657
2019-06-18,36500.0,37750.0,36200.0,36650.0,36450.0,32502.5,34558.333333333336,36406.666666666664,341757
2019-06-19,36700.0,37100.0,36050.0,36400.0,36690.0,32747.5,34562.5,36416.666666666664,258754
2019-06-20,36250.0,36850.0,35600.0,36650.0,36790.0,33005.0,34585.0,36428.333333333336,251749
2019-06-21,36400.0,36600.0,35000.0,35500.0,36330.0,33227.5,34575.833333333336,36421.666666666664,373847
2019-06-24,35550.0,35850.0,34450.0,35500.0,36140.0,33435.0,34565.0,36417.5,185946
2019-06-25,35850.0,37350.0,35600.0,36900.0,36190.0,33720.0,34580.833333333336,36422.5,434561
2019-06-26,36650.0,36950.0,35800.0,36300.0,36170.0,33952.5,34583.333333333336,36430.0,234713
2019-06-27,36200.0,36800.0,35750.0,36800.0,36200.0,34265.0,34586.666666666664,36438.333333333336,168826
2019-06-28,36800.0,39650.0,36600.0,39600.0,37020.0,34725.0,34638.333333333336,36472.916666666664,513524
2019-07-01,39700.0,41100.0,38100.0,39100.0,37740.0,35157.5,34682.5,36507.5,466775
2019-07-02,38950.0,38950.0,37600.0,38400.0,38040.0,35552.5,34709.166666666664,36534.583333333336,233433
2019-07-03,38700.0,39600.0,37550.0,38550.0,38490.0,35940.0,34743.333333333336,36545.0,262051
2019-07-04,39650.0,39650.0,38350.0,39150.0,38960.0,36357.5,34793.333333333336,36563.333333333336,227491
2019-07-05,39150.0,39400.0,38000.0,38350.0,38710.0,36710.0,34833.333333333336,36566.666666666664,182462
2019-07-08,38100.0,39100.0,37500.0,38000.0,38490.0,37020.0,34866.666666666664,36568.333333333336,308713
2019-07-09,38900.0,40250.0,38700.0,39350.0,38680.0,37340.0,34926.666666666664,36577.083333333336,598570
2019-07-10,39400.0,41600.0,39150.0,40300.0,39030.0,37595.0,35002.5,36594.583333333336,478613
2019-07-11,40700.0,41400.0,40000.0,40650.0,39330.0,37820.0,35074.166666666664,36614.166666666664,223206
2019-07-12,41300.0,42050.0,40500.0,41750.0,40010.0,38017.5,35157.5,36638.333333333336,304073
2019-07-15,42400.0,43650.0,42400.0,43200.0,41050.0,38355.0,35255.833333333336,36673.333333333336,446005
2019-07-16,43200.0,43250.0,42050.0,42950.0,41770.0,38670.0,35355.0,36708.75,240704
2019-07-17,42700.0,43600.0,42350.0,42850.0,42280.0,38992.5,35451.666666666664,36738.333333333336,175882
2019-07-18,45650.0,46700.0,43000.0,44000.0,42950.0,39360.0,35569.166666666664,36785.0,858560
2019-07-19,44050.0,44250.0,43300.0,43600.0,43320.0,39765.0,35691.666666666664,36824.166666666664,205587
2019-07-22,43450.0,43450.0,42450.0,43000.0,43280.0,40140.0,35805.833333333336,36866.25,220335
2019-07-23,42900.0,44200.0,42600.0,44100.0,43510.0,40500.0,35942.5,36910.833333333336,193885
2019-07-24,43900.0,44300.0,43050.0,43400.0,43620.0,40855.0,36062.5,36950.0,145039
2019-07-25,43150.0,43150.0,40850.0,41800.0,43180.0,41105.0,36153.333333333336,36977.5,502894
2019-07-26,42000.0,42100.0,40550.0,41650.0,42790.0,41207.5,36251.666666666664,36997.083333333336,259817
2019-07-29,41400.0,42100.0,40650.0,41300.0,42450.0,41317.5,36335.0,37018.75,200310
2019-07-30,41250.0,41600.0,40500.0,40900.0,41810.0,41442.5,36410.0,37039.583333333336,102710
2019-07-31,40600.0,42550.0,39800.0,42300.0,41590.0,41630.0,36518.333333333336,37059.583333333336,233381
2019-08-01,41900.0,42600.0,41300.0,41750.0,41580.0,41760.0,36620.833333333336,37081.666666666664,136503
2019-08-02,40850.0,42400.0,40700.0,42250.0,41700.0,41955.0,36747.5,37102.916666666664,163544
2019-08-05,42600.0,43400.0,41200.0,41800.0,41800.0,42145.0,36862.5,37115.833333333336,317587
2019-08-06,41000.0,41850.0,40100.0,41000.0,41820.0,42227.5,37008.333333333336,37115.833333333336,246658
2019-08-07,41350.0,43350.0,40700.0,42500.0,41860.0,42337.5,37175.833333333336,37127.5,316158
2019-08-08,43950.0,43950.0,42200.0,43850.0,42280.0,42497.5,37354.166666666664,37149.166666666664,396097
2019-08-09,43900.0,44000.0,42350.0,42850.0,42400.0,42552.5,37528.333333333336,37155.416666666664,297024
2019-08-12,42800.0,42800.0,40900.0,41000.0,42240.0,42442.5,37678.333333333336,37167.083333333336,329159
2019-08-13,40650.0,41000.0,39650.0,40150.0,42070.0,42302.5,37825.0,37165.0,283440
2019-08-14,40300.0,41350.0,40050.0,40900.0,41750.0,42205.0,37981.666666666664,37174.583333333336,206208
2019-08-16,41300.0,43000.0,40550.0,42700.0,41520.0,42140.0,38168.333333333336,37199.166666666664,291842
2019-08-19,42750.0,42750.0,41600.0,41750.0,41300.0,42047.5,38346.666666666664,37219.166666666664,128177
2019-08-20,41700.0,42200.0,41150.0,41900.0,41480.0,41992.5,38522.5,37241.25,128102
2019-08-21,41500.0,42700.0,41500.0,42450.0,41940.0,41910.0,38710.0,37269.166666666664,146229
2019-08-22,42700.0,43950.0,42650.0,43450.0,42450.0,41912.5,38906.666666666664,37308.75,255953
2019-08-23,43150.0,45250.0,43100.0,44750.0,42860.0,42060.0,39143.333333333336,37353.75,341641
2019-08-26,43900.0,45200.0,43450.0,44650.0,43440.0,42210.0,39380.833333333336,37402.916666666664,239192
2019-08-27,45350.0,46850.0,44950.0,45050.0,44070.0,42397.5,39624.166666666664,37459.583333333336,273653
2019-08-28,45450.0,48000.0,45200.0,46900.0,44960.0,42697.5,39897.5,37534.583333333336,440153
2019-08-29,47300.0,47500.0,46050.0,46750.0,45620.0,42920.0,40163.333333333336,37616.666666666664,223564
2019-08-30,46900.0,47300.0,45150.0,46000.0,45870.0,43132.5,40416.666666666664,37686.25,393085
2019-09-02,45300.0,45650.0,44150.0,45450.0,46030.0,43292.5,40652.5,37750.0,284835
2019-09-03,45700.0,46350.0,45150.0,45500.0,46120.0,43477.5,40880.833333333336,37812.916666666664,176885
2019-09-04,45400.0,46300.0,45200.0,45550.0,45850.0,43705.0,41090.833333333336,37873.333333333336,132715
2019-09-05,45650.0,47350.0,45300.0,46050.0,45710.0,43882.5,41271.666666666664,37931.25,250906
2019-09-06,46150.0,46900.0,44800.0,44900.0,45490.0,43935.0,41417.5,37988.333333333336,226889
2019-09-09,44700.0,45850.0,43750.0,44350.0,45270.0,44010.0,41526.666666666664,38045.0,337933
2019-09-10,44600.0,44600.0,43300.0,44100.0,44990.0,44165.0,41654.166666666664,38103.333333333336,212772
2019-09-11,44450.0,44800.0,43650.0,44650.0,44810.0,44390.0,41787.5,38172.916666666664,219911
2019-09-16,44350.0,44550.0,43450.0,43850.0,44370.0,44537.5,41911.666666666664,38237.083333333336,236329
2019-09-17,44000.0,44450.0,43300.0,43300.0,44050.0,44567.5,42022.5,38303.75,157310
2019-09-18,43350.0,44250.0,43350.0,43650.0,43910.0,44662.5,42158.333333333336,38367.083333333336,108308
2019-09-19,43700.0,43850.0,43200.0,43200.0,43730.0,44727.5,42286.666666666664,38425.833333333336,165641
2019-09-20,43000.0,44050.0,42850.0,44050.0,43610.0,44807.5,42405.833333333336,38493.333333333336,126961
2019-09-23,44000.0,44000.0,42250.0,42250.0,43290.0,44747.5,42505.0,38544.166666666664,285822
2019-09-24,42050.0,42800.0,41550.0,42500.0,43130.0,44635.0,42600.0,38593.333333333336,152686
2019-09-25,42450.0,42450.0,39250.0,39850.0,42370.0,44395.0,42604.166666666664,38621.25,717814
2019-09-26,39950.0,40350.0,38850.0,39500.0,41630.0,44117.5,42610.833333333336,38646.666666666664,386675
2019-09-27,39600.0,39900.0,38950.0,39350.0,40690.0,43740.0,42626.666666666664,38667.916666666664,173491
2019-09-30,39050.0,40150.0,39050.0,39800.0,40200.0,43392.5,42647.5,38695.416666666664,195520
2019-10-01,40100.0,40600.0,39600.0,39900.0,39680.0,43087.5,42660.0,38726.666666666664,190913
2019-10-02,39400.0,40800.0,39400.0,39700.0,39650.0,42800.0,42682.5,38757.916666666664,203641
2019-10-04,39750.0,40050.0,39350.0,39400.0,39630.0,42495.0,42705.833333333336,38786.25,125957
2019-10-07,39800.0,41500.0,39700.0,40800.0,39920.0,42257.5,42730.0,38828.333333333336,262783
2019-10-08,40800.0,41650.0,40200.0,41000.0,40160.0,42005.0,42741.666666666664,38872.083333333336,174242
2019-10-10,40550.0,40750.0,39850.0,40250.0,40230.0,41772.5,42735.0,38904.583333333336,145692
2019-10-11,40600.0,41400.0,40150.0,40600.0,40410.0,41585.0,42715.833333333336,38936.666666666664,139447
2019-10-14,41150.0,42000.0,41150.0,41700.0,40870.0,41465.0,42690.833333333336,38973.333333333336,134724
2019-10-15,41700.0,41700.0,41100.0,41200.0,40950.0,41292.5,42661.666666666664,39008.333333333336,75972
2019-10-16,41200.0,42350.0,41100.0,41750.0,41100.0,41187.5,42643.333333333336,39047.5,155276
2019-10-17,41750.0,42200.0,41700.0,41900.0,41430.0,41117.5,42608.333333333336,39088.75,90395
2019-10-18,41800.0,42900.0,41650.0,42150.0,41740.0,41042.5,42584.166666666664,39137.916666666664,180615
2019-10-21,42100.0,42400.0,41350.0,41700.0,41740.0,40967.5,42562.5,39184.166666666664,89747
2019-10-22,41800.0,42600.0,41550.0,42050.0,41910.0,40867.5,42528.333333333336,39235.416666666664,141041
2019-10-23,42100.0,42500.0,41600.0,41600.0,41880.0,40835.0,42498.333333333336,39280.416666666664,101084
2019-10-24,41700.0,42400.0,41350.0,42000.0,41900.0,40810.0,42501.666666666664,39327.5,102412
2019-10-25,42050.0,42150.0,40700.0,41100.0,41690.0,40872.5,42492.5,39372.083333333336,155177
2019-10-28,41400.0,44800.0,41400.0,44800.0,42310.0,41137.5,42550.833333333336,39442.916666666664,547251
2019-10-29,45100.0,45650.0,43750.0,44250.0,42750.0,41382.5,42606.666666666664,39508.333333333336,243532
2019-10-30,44250.0,44600.0,43450.0,44150.0,43260.0,41600.0,42637.5,39577.916666666664,113904
2019-10-31,44100.0,45100.0,43800.0,44350.0,43730.0,41822.5,42680.833333333336,39650.833333333336,178896
2019-11-01,44350.0,45000.0,43900.0,44750.0,44460.0,42075.0,42722.5,39735.0,211139
2019-11-04,45050.0,47800.0,44900.0,47100.0,44920.0,42460.0,42810.833333333336,39836.666666666664,367117
2019-11-05,46950.0,47050.0,45850.0,46000.0,45270.0,42720.0,42894.166666666664,39951.25,200922
2019-11-06,45950.0,46250.0,44550.0,44700.0,45380.0,42905.0,42930.833333333336,40053.333333333336,200934
2019-11-07,44700.0,45100.0,43550.0,44100.0,45330.0,43097.5,42935.0,40144.583333333336,163325
2019-11-08,44350.0,46200.0,43950.0,46050.0,45590.0,43370.0,42988.333333333336,40258.333333333336,239015
2019-11-11,45700.0,47550.0,45450.0,47150.0,45600.0,43642.5,43090.833333333336,40384.583333333336,275868
2019-11-12,46850.0,47350.0,45200.0,45400.0,45480.0,43852.5,43178.333333333336,40501.666666666664,228872
2019-11-13,45400.0,45600.0,44400.0,45200.0,45580.0,44025.0,43250.0,40615.833333333336,155613
2019-11-14,45200.0,45600.0,44700.0,45450.0,45850.0,44202.5,43295.833333333336,40732.083333333336,149116
2019-11-15,45600.0,45750.0,45000.0,45250.0,45690.0,44357.5,43354.166666666664,40850.416666666664,142152
2019-11-18,45550.0,45550.0,44550.0,44950.0,45250.0,44520.0,43405.0,40963.75,140572
2019-11-19,44950.0,46500.0,44800.0,45800.0,45330.0,44707.5,43460.833333333336,41085.416666666664,162009
2019-11-20,45400.0,45950.0,44750.0,45050.0,45300.0,44880.0,43487.5,41197.083333333336,126292
2019-11-21,45300.0,45700.0,44600.0,45100.0,45230.0,45035.0,43493.333333333336,41318.333333333336,152987
2019-11-22,45700.0,46400.0,44800.0,46050.0,45390.0,45282.5,43516.666666666664,41448.75,159101
2019-11-25,46050.0,47250.0,46050.0,46450.0,45690.0,45365.0,43540.0,41582.083333333336,134857
2019-11-26,46850.0,47100.0,45800.0,45950.0,45720.0,45450.0,43524.166666666664,41710.833333333336,152370
2019-11-27,45950.0,47300.0,45800.0,46300.0,45970.0,45557.5,43516.666666666664,41840.0,258111
2019-11-28,45400.0,46350.0,45300.0,46050.0,46160.0,45642.5,43517.5,41967.083333333336,81355
2019-11-29,46400.0,48350.0,46250.0,47450.0,46440.0,45777.5,43550.833333333336,42101.666666666664,319749
2019-12-02,47850.0,49700.0,47850.0,48500.0,46850.0,45847.5,43600.833333333336,42240.833333333336,249358
2019-12-03,47700.0,47850.0,46900.0,47650.0,47190.0,45930.0,43635.833333333336,42363.333333333336,139616
2019-12-04,47200.0,47500.0,45000.0,46100.0,47150.0,46000.0,43636.666666666664,42454.166666666664,267092
2019-12-05,46100.0,46350.0,45000.0,46150.0,47170.0,46102.5,43657.5,42537.5,203750
2019-12-06,46450.0,46650.0,45150.0,45350.0,46750.0,46067.5,43674.166666666664,42600.416666666664,253411
2019-12-09,45400.0,46000.0,44500.0,44850.0,46020.0,45952.5,43686.666666666664,42670.416666666664,259125
2019-12-10,44550.0,45450.0,44550.0,45350.0,45560.0,45950.0,43698.333333333336,42742.916666666664,111285
2019-12-11,45500.0,45950.0,45300.0,45700.0,45480.0,45975.0,43729.166666666664,42820.416666666664,107997
2019-12-12,45700.0,46400.0,45700.0,46250.0,45500.0,46015.0,43778.333333333336,42900.416666666664,160544
2019-12-13,46900.0,48400.0,46600.0,47100.0,45850.0,46107.5,43835.833333333336,42997.083333333336,427598
2019-12-16,47250.0,48650.0,47050.0,47450.0,46370.0,46232.5,43906.666666666664,43096.666666666664,154455
2019-12-17,47450.0,49000.0,47400.0,48800.0,47060.0,46382.5,43985.833333333336,43195.833333333336,259037
2019-12-18,49100.0,49100.0,47400.0,47400.0,47400.0,46500.0,44071.666666666664,43288.333333333336,261511
2019-12-19,47400.0,48400.0,47200.0,48200.0,47790.0,46655.0,44166.666666666664,43383.333333333336,95760
2019-12-20,48500.0,49500.0,48350.0,49250.0,48220.0,46815.0,44323.333333333336,43463.75,156431
2019-12-23,49350.0,50100.0,49000.0,49300.0,48590.0,46957.5,44486.666666666664,43548.75,189795
2019-12-24,49550.0,50000.0,49250.0,49900.0,48810.0,47155.0,44662.5,43644.583333333336,252669
2019-12-26,49900.0,49900.0,49000.0,49750.0,49280.0,47327.5,44828.333333333336,43737.916666666664,160917
2019-12-27,49850.0,51400.0,49800.0,50500.0,49740.0,47550.0,45005.0,43832.5,202830
2019-12-30,50400.0,51200.0,50000.0,51000.0,50090.0,47727.5,45193.333333333336,43937.916666666664,144005
2020-01-02,51300.0,51600.0,50500.0,50600.0,50350.0,47832.5,45380.0,44042.916666666664,115259
2020-01-03,51000.0,51000.0,49500.0,49850.0,50340.0,47942.5,45530.833333333336,44130.416666666664,207507
2020-01-06,49100.0,51000.0,49100.0,50700.0,50530.0,48172.5,45692.5,44217.083333333336,198063
2020-01-07,51000.0,53400.0,50900.0,52200.0,50870.0,48475.0,45891.666666666664,44313.333333333336,402497
2020-01-08,51600.0,52400.0,50800.0,51300.0,50930.0,48772.5,46070.0,44392.916666666664,296180
2020-01-09,52300.0,52500.0,50300.0,51800.0,51170.0,49120.0,46238.333333333336,44464.583333333336,269120
2020-01-10,51000.0,53100.0,50000.0,51200.0,51440.0,49412.5,46405.0,44533.333333333336,564427
2020-01-13,50900.0,53400.0,50300.0,52300.0,51760.0,49742.5,46580.833333333336,44612.083333333336,367430
2020-01-14,52900.0,53800.0,52100.0,52300.0,51780.0,50045.0,46754.166666666664,44681.25,262909
2020-01-15,52500.0,52500.0,50700.0,51300.0,51780.0,50255.0,46906.666666666664,44745.416666666664,254079
2020-01-16,51400.0,51800.0,50800.0,51600.0,51740.0,50462.5,47071.666666666664,44817.083333333336,244576
2020-01-17,51600.0,51700.0,50600.0,50600.0,51620.0,50552.5,47214.166666666664,44871.25,230592
2020-01-20,50800.0,52600.0,50500.0,51400.0,51440.0,50752.5,47377.5,44937.916666666664,332006
2020-01-21,51400.0,52500.0,51200.0,52100.0,51400.0,50947.5,47545.833333333336,45023.75,179244
2020-01-22,52400.0,55000.0,51900.0,54600.0,52060.0,51215.0,47770.833333333336,45131.666666666664,426653
2020-01-23,54600.0,56000.0,53900.0,54500.0,52640.0,51475.0,47932.5,45241.666666666664,235510
2020-01-28,52500.0,53600.0,51400.0,53400.0,53200.0,51650.0,48085.0,45345.833333333336,408343
2020-01-29,53500.0,53600.0,51900.0,52300.0,53380.0,51777.5,48220.833333333336,45429.166666666664,296593
2020-01-30,52900.0,55900.0,52800.0,53700.0,53700.0,51937.5,48376.666666666664,45528.75,555348
2020-01-31,54100.0,54500.0,51300.0,52100.0,53200.0,51992.5,48499.166666666664,45610.833333333336,348212
2020-02-03,50700.0,54000.0,50700.0,53900.0,53080.0,52157.5,48612.5,45711.666666666664,297291
2020-02-04,55600.0,59500.0,55100.0,58000.0,54000.0,52565.0,48812.5,45853.333333333336,815230
2020-02-05,59500.0,60500.0,57700.0,58900.0,55320.0,52975.0,49049.166666666664,45990.0,575097
2020-02-06,58000.0,58500.0,56100.0,57300.0,56040.0,53230.0,49269.166666666664,46102.083333333336,742261
2020-02-07,57400.0,58600.0,55700.0,56400.0,56900.0,53485.0,49441.666666666664,46215.0,643554
2020-02-10,55400.0,56800.0,55000.0,55900.0,57300.0,53690.0,49587.5,46339.166666666664,365829
2020-02-11,56400.0,59900.0,56200.0,58900.0,57480.0,54075.0,49812.5,46495.416666666664,775403
2020-02-12,58200.0,58600.0,55900.0,56200.0,56940.0,54270.0,49995.833333333336,46622.916666666664,712465
2020-02-13,56400.0,57100.0,55400.0,56000.0,56680.0,54455.0,50171.666666666664,46733.75,462709
2020-02-14,56000.0,57200.0,55500.0,57000.0,56800.0,54740.0,50367.5,46860.833333333336,352583
2020-02-17,55800.0,56700.0,55100.0,55900.0,56800.0,54955.0,50550.0,46977.5,337511
2020-02-18,55800.0,57300.0,55300.0,56200.0,56260.0,55235.0,50723.333333333336,47092.083333333336,345741
2020-02-19,57100.0,57100.0,54900.0,55800.0,56180.0,55455.0,50902.5,47195.0,265384
2020-02-20,55800.0,58200.0,55100.0,57500.0,56480.0,55725.0,51109.166666666664,47301.25,468177
2020-02-21,56300.0,57200.0,55500.0,55500.0,56180.0,55770.0,51266.666666666664,47391.666666666664,322483
2020-02-24,54000.0,55600.0,53300.0,54400.0,55880.0,55765.0,51399.166666666664,47469.583333333336,459792
2020-02-25,54700.0,56400.0,53700.0,56400.0,55920.0,55915.0,51573.333333333336,47548.75,291296
2020-02-26,55100.0,56100.0,54800.0,55300.0,55820.0,56065.0,51723.333333333336,47620.0,204904
2020-02-27,55200.0,55400.0,53100.0,53700.0,55060.0,56065.0,51850.833333333336,47684.166666666664,299195
2020-02-28,52000.0,53000.0,51000.0,51400.0,54240.0,56030.0,51916.666666666664,47733.75,505688
2020-03-02,52000.0,52900.0,51200.0,52400.0,53840.0,55955.0,51981.666666666664,47791.25,324614
2020-03-03,53900.0,54100.0,52300.0,52500.0,53060.0,55680.0,52062.5,47849.166666666664,254935
2020-03-04,52500.0,54800.0,52500.0,54400.0,52880.0,55455.0,52200.833333333336,47918.75,270159
2020-03-05,55200.0,55300.0,54000.0,54400.0,53020.0,55310.0,52338.333333333336,47997.916666666664,258237
2020-03-06,53700.0,54700.0,53000.0,53500.0,53440.0,55165.0,52474.166666666664,48074.166666666664,248282
2020-03-09,53500.0,53500.0,53500.0,53500.0,53660.0,55045.0,52618.333333333336,48152.5,0
2020-03-10,49500.0,51200.0,49250.0,50300.0,53220.0,54615.0,52700.833333333336,48199.583333333336,401809
2020-03-11,50400.0,50400.0,47950.0,48850.0,52110.0,54247.5,52753.333333333336,48241.25,379854
2020-03-12,48850.0,48850.0,48850.0,48850.0,51000.0,53890.0,52796.666666666664,48287.5,0
2020-03-13,41700.0,43900.0,39500.0,43250.0,48950.0,53202.5,52732.5,48284.166666666664,655249
2020-03-16,43250.0,43950.0,39750.0,39750.0,46200.0,52395.0,52604.166666666664,48255.416666666664,339291
2020-03-17,37000.0,40200.0,37000.0,39300.0,44000.0,51550.0,52445.833333333336,48215.833333333336,457338
2020-03-18,39500.0,39750.0,34700.0,34700.0,41170.0,50495.0,52234.166666666664,48152.916666666664,571181
2020-03-19,35500.0,36000.0,27700.0,28050.0,37010.0,49022.5,51898.333333333336,48032.5,962144
2020-03-20,29600.0,32750.0,28300.0,32100.0,34780.0,47852.5,51612.5,47967.916666666664,725893
2020-03-23,28800.0,31600.0,28650.0,30250.0,32880.0,46645.0,51295.0,47890.833333333336,510875
2020-03-24,31550.0,33700.0,30800.0,33700.0,31760.0,45510.0,51025.0,47843.75,514471
2020-03-25,35250.0,36800.0,34150.0,36450.0,32110.0,44567.5,50803.333333333336,47815.833333333336,611397
2020-03-26,36450.0,39600.0,35100.0,37550.0,34010.0,43760.0,50587.5,47796.25,638681
2020-03-27,40000.0,40100.0,37450.0,38500.0,35290.0,43115.0,50379.166666666664,47786.25,462923
2020-03-30,36950.0,38700.0,36450.0,38500.0,36940.0,42420.0,50177.5,47778.75,302625
2020-03-31,38900.0,39450.0,36100.0,37200.0,37640.0,41655.0,49966.666666666664,47748.75,522849
2020-04-01,37150.0,39500.0,36300.0,37600.0,37870.0,40815.0,49748.333333333336,47720.416666666664,520751
2020-04-02,37950.0,38500.0,36050.0,37400.0,37840.0,39965.0,49501.666666666664,47696.666666666664,440826
2020-04-03,38600.0,38900.0,36300.0,36900.0,37520.0,39135.0,49261.666666666664,47665.833333333336,404732
2020-04-06,37300.0,39000.0,37050.0,38900.0,37600.0,38405.0,49046.666666666664,47642.5,394806
2020-04-07,40000.0,40500.0,38300.0,39450.0,38050.0,37862.5,48850.833333333336,47627.916666666664,485043
2020-04-08,39250.0,42850.0,38700.0,41550.0,38840.0,37497.5,48671.666666666664,47626.25,804422
2020-04-09,42250.0,43300.0,42150.0,43200.0,40000.0,37215.0,48520.0,47637.083333333336,443603
2020-04-10,43250.0,44150.0,42050.0,43750.0,41370.0,37240.0,48394.166666666664,47650.416666666664,380159
2020-04-13,43450.0,43450.0,41000.0,41100.0,41810.0,37307.5,48219.166666666664,47645.416666666664,378340
2020-04-14,42400.0,44300.0,42250.0,43750.0,42670.0,37530.0,48105.0,47659.583333333336,464781
2020-04-16,43750.0,47200.0,43650.0,46550.0,43670.0,38122.5,48024.166666666664,47700.833333333336,530645
2020-04-17,48000.0,52700.0,48000.0,50200.0,45070.0,39230.0,47992.5,47769.166666666664,745410
2020-04-20,51100.0,52700.0,50200.0,50800.0,46480.0,40165.0,47929.166666666664,47850.0,496748
2020-04-21,51300.0,54000.0,48550.0,53800.0,49020.0,41342.5,47917.5,47925.0,990195
2020-04-22,52600.0,53600.0,51800.0,53000.0,50870.0,42307.5,47910.833333333336,47997.916666666664,514539
2020-04-23,53400.0,53900.0,51800.0,52100.0,51980.0,43090.0,47907.5,48064.166666666664,406022
2020-04-24,50900.0,51500.0,49250.0,49650.0,51870.0,43695.0,47840.0,48108.333333333336,674208
2020-04-27,50400.0,51200.0,49350.0,50200.0,51750.0,44280.0,47808.333333333336,48153.75,333210
2020-04-28,50900.0,51400.0,49500.0,49600.0,50910.0,44835.0,47736.666666666664,48174.583333333336,311063
2020-04-29,49400.0,50300.0,49250.0,49550.0,50220.0,45452.5,47595.833333333336,48204.166666666664,311220
2020-05-04,48500.0,49350.0,48250.0,48550.0,49510.0,46000.0,47423.333333333336,48236.25,269777
2020-05-06,49350.0,49750.0,48050.0,48750.0,49330.0,46567.5,47280.833333333336,48275.0,262215
2020-05-07,48700.0,50600.0,48450.0,50100.0,49310.0,47227.5,47175.833333333336,48308.75,335789
2020-05-08,49900.0,50700.0,49600.0,50600.0,49510.0,47812.5,47087.5,48337.5,349840
2020-05-11,50600.0,50600.0,49700.0,49900.0,49580.0,48335.0,46937.5,48375.0,229346
2020-05-12,49900.0,49950.0,48200.0,48600.0,49590.0,48687.5,46810.833333333336,48403.333333333336,277710
2020-05-13,47700.0,52100.0,47600.0,51100.0,50060.0,49082.5,46729.166666666664,48450.416666666664,758424
2020-05-14,50500.0,51500.0,49650.0,50100.0,50060.0,49400.0,46614.166666666664,48490.833333333336,307043
2020-05-15,50600.0,51700.0,49650.0,51000.0,50140.0,49895.0,46532.5,48541.25,289483
2020-05-18,51200.0,53300.0,50200.0,53200.0,50800.0,50367.5,46482.5,48602.916666666664,519478
2020-05-19,54300.0,54900.0,53200.0,53800.0,51840.0,50730.0,46449.166666666664,48675.833333333336,404243
2020-05-20,53500.0,54300.0,53100.0,54100.0,52440.0,50925.0,46392.5,48750.833333333336,256772
2020-05-21,54500.0,55800.0,53900.0,54400.0,53300.0,51105.0,46374.166666666664,48820.416666666664,411507
2020-05-22,54800.0,55000.0,51900.0,52700.0,53640.0,51050.0,46345.833333333336,48872.5,446969
2020-05-25,52900.0,54800.0,52300.0,54600.0,53920.0,51130.0,46315.833333333336,48944.583333333336,381372
2020-05-26,55600.0,58900.0,55200.0,58900.0,54940.0,51470.0,46375.833333333336,49049.583333333336,859136
2020-05-27,58900.0,58900.0,56000.0,56900.0,55500.0,51832.5,46429.166666666664,49140.0,627068
2020-05-28,58300.0,61900.0,56100.0,58500.0,56320.0,52247.5,46547.5,49232.083333333336,1841375
2020-05-29,57500.0,58300.0,56200.0,57100.0,57200.0,52622.5,46625.833333333336,49303.75,445098
2020-06-01,57500.0,59200.0,57500.0,58800.0,58040.0,53085.0,46730.833333333336,49396.666666666664,360233
2020-06-02,60000.0,60300.0,58100.0,58800.0,58020.0,53597.5,46804.166666666664,49502.5,314631
2020-06-03,58900.0,59300.0,56200.0,56600.0,57960.0,53990.0,46840.833333333336,49589.583333333336,616111
2020-06-04,56800.0,58200.0,56800.0,57900.0,57840.0,54380.0,46914.166666666664,49694.166666666664,375942
2020-06-05,57900.0,59100.0,57600.0,58600.0,58140.0,54780.0,46999.166666666664,49808.75,317413
2020-06-08,59300.0,59600.0,58200.0,58400.0,58060.0,55205.0,47134.166666666664,49917.5,313532
2020-06-09,59700.0,62300.0,59200.0,60400.0,58380.0,55795.0,47326.666666666664,50040.0,866550
2020-06-10,60400.0,62000.0,60100.0,61000.0,59260.0,56290.0,47529.166666666664,50162.916666666664,422131
2020-06-11,61400.0,61500.0,59300.0,59700.0,59620.0,56770.0,47803.333333333336,50267.916666666664,512501
2020-06-12,56000.0,58500.0,56000.0,58200.0,59540.0,57130.0,48110.833333333336,50357.5,675903
2020-06-15,57000.0,57400.0,53200.0,53200.0,58500.0,57130.0,48342.5,50394.166666666664,648329
2020-06-16,54900.0,57300.0,54900.0,57200.0,57860.0,57300.0,48717.5,50475.833333333336,432090
2020-06-17,57000.0,58700.0,56400.0,58200.0,57300.0,57505.0,49220.0,50559.166666666664,465774
2020-06-18,57600.0,58900.0,57500.0,57900.0,56940.0,57680.0,49650.0,50631.25,269511
2020-06-19,59400.0,60200.0,58300.0,59000.0,57100.0,57995.0,50129.166666666664,50712.083333333336,460031
2020-06-22,59400.0,62200.0,59000.0,62200.0,58900.0,58375.0,50604.166666666664,50814.583333333336,903177
2020-06-23,63800.0,64900.0,61800.0,62700.0,60000.0,58565.0,51041.666666666664,50922.5,903736
2020-06-24,63000.0,63200.0,61400.0,62800.0,60920.0,58860.0,51462.5,51025.0,347497
2020-06-25,61900.0,64500.0,61800.0,63300.0,62000.0,59100.0,51875.833333333336,51127.5,616368
2020-06-26,65100.0,65600.0,62400.0,63400.0,62880.0,59415.0,52290.833333333336,51234.166666666664,590635
2020-06-29,62400.0,62800.0,60800.0,61200.0,62680.0,59535.0,52690.833333333336,51328.75,405174
2020-06-30,62300.0,62400.0,60100.0,61000.0,62340.0,59645.0,53080.833333333336,51414.583333333336,346041
2020-07-01,61800.0,62700.0,60300.0,60600.0,61900.0,59845.0,53467.5,51484.583333333336,247981
2020-07-02,61400.0,62300.0,60200.0,62300.0,61700.0,60065.0,53890.833333333336,51576.25,263966
2020-07-03,63100.0,63500.0,61300.0,61700.0,61360.0,60220.0,54270.833333333336,51658.75,326376
2020-07-06,62600.0,64500.0,61700.0,64500.0,62020.0,60525.0,54688.333333333336,51769.583333333336,448329
2020-07-07,65500.0,66100.0,64300.0,64900.0,62800.0,60750.0,55077.5,51874.583333333336,513374
2020-07-08,65300.0,65900.0,63700.0,65200.0,63720.0,60960.0,55444.166666666664,51982.083333333336,268791
2020-07-09,65300.0,69900.0,64300.0,69600.0,65180.0,61455.0,55875.0,52134.583333333336,751267
2020-07-10,69800.0,72100.0,68500.0,70400.0,66920.0,62065.0,56363.333333333336,52291.25,542130
2020-07-13,71700.0,72400.0,70700.0,71400.0,68300.0,62975.0,56824.166666666664,52464.583333333336,253700
2020-07-14,70100.0,70500.0,68700.0,69600.0,69240.0,63595.0,57208.333333333336,52616.25,384989
2020-07-15,70000.0,70300.0,67700.0,68800.0,69960.0,64125.0,57518.333333333336,52755.416666666664,388865
2020-07-16,68800.0,69300.0,67300.0,67700.0,69580.0,64615.0,57800.0,52864.583333333336,256648
2020-07-17,67500.0,68300.0,66500.0,67600.0,69020.0,65045.0,58030.0,52973.75,246623
2020-07-20,67800.0,68400.0,66100.0,67000.0,68140.0,65285.0,58263.333333333336,53087.083333333336,279173
2020-07-21,68500.0,69500.0,67400.0,68200.0,67860.0,65560.0,58531.666666666664,53219.583333333336,368390
2020-07-22,67700.0,68400.0,66800.0,67400.0,67580.0,65790.0,58827.5,53333.75,282110
2020-07-23,68000.0,70700.0,67200.0,70500.0,68140.0,66150.0,59165.833333333336,53487.083333333336,422996
2020-07-24,69400.0,71600.0,67700.0,69200.0,68460.0,66440.0,59492.5,53614.583333333336,423266
2020-07-27,68400.0,70300.0,68400.0,69300.0,68920.0,66845.0,59821.666666666664,53708.75,227485
2020-07-28,70000.0,70800.0,69700.0,70400.0,69360.0,67315.0,60185.833333333336,53804.583333333336,275240
2020-07-29,69700.0,70400.0,69300.0,70400.0,69960.0,67805.0,60546.666666666664,53913.75,179696
2020-07-30,70300.0,70700.0,68800.0,69500.0,69760.0,68165.0,60870.0,54022.916666666664,253257
2020-07-31,69600.0,71100.0,69100.0,69900.0,69900.0,68575.0,61191.666666666664,54139.583333333336,393356
2020-08-03,69900.0,77500.0,69700.0,77000.0,71440.0,69200.0,61643.333333333336,54290.416666666664,952558
2020-08-04,78000.0,78100.0,74900.0,75400.0,72440.0,69725.0,62090.0,54450.416666666664,423808
2020-08-05,75800.0,80500.0,74700.0,78900.0,74140.0,70410.0,62553.333333333336,54641.25,716819
2020-08-06,78600.0,85000.0,78100.0,82600.0,76760.0,71060.0,63095.0,54854.583333333336,743012
2020-08-07,82900.0,89500.0,82800.0,86800.0,80140.0,71880.0,63691.666666666664,55112.083333333336,983407
2020-08-10,88300.0,88300.0,84400.0,87000.0,82140.0,72660.0,64255.0,55368.75,822402
2020-08-11,87100.0,90500.0,86100.0,87800.0,84620.0,73570.0,64821.666666666664,55635.416666666664,610649
2020-08-12,93000.0,104500.0,89400.0,91000.0,87040.0,74680.0,65436.666666666664,55914.583333333336,2760791
2020-08-13,93500.0,94100.0,88300.0,89500.0,88420.0,75770.0,66021.66666666667,56197.916666666664,815655
2020-08-14,88500.0,88500.0,83800.0,84500.0,87960.0,76615.0,66551.66666666667,56448.75,813931
2020-08-18,83400.0,87600.0,81500.0,82600.0,87080.0,77395.0,67018.33333333333,56667.083333333336,643158
2020-08-19,83600.0,85100.0,82100.0,84400.0,86400.0,78205.0,67443.33333333333,56909.583333333336,363718
2020-08-20,83700.0,85500.0,79900.0,80200.0,84240.0,78845.0,67831.66666666667,57130.416666666664,474352
2020-08-21,81400.0,90000.0,81200.0,88100.0,83960.0,79725.0,68325.0,57436.25,1079569
2020-08-24,88500.0,96000.0,86600.0,94900.0,86040.0,81010.0,68955.0,57790.416666666664,1060520
2020-08-25,95900.0,96700.0,92500.0,94800.0,88480.0,82285.0,69555.0,58142.916666666664,545603
2020-08-26,94800.0,98000.0,91800.0,97000.0,91000.0,83615.0,70191.66666666667,58497.916666666664,610472
2020-08-27,96500.0,98700.0,95100.0,95200.0,94000.0,84855.0,70835.0,58837.916666666664,515294
2020-08-28,95200.0,96400.0,93300.0,95200.0,95420.0,86140.0,71456.66666666667,59185.416666666664,404157
2020-08-31,95200.0,96300.0,90200.0,92500.0,94940.0,87270.0,72021.66666666667,59510.416666666664,634202
2020-09-01,91800.0,93300.0,90100.0,92700.0,94520.0,88055.0,72593.33333333333,59863.75,324424
2020-09-02,92800.0,92900.0,90000.0,91600.0,93440.0,88865.0,73113.33333333333,60220.0,381790
2020-09-03,92000.0,93300.0,90800.0,91400.0,92680.0,89490.0,73620.0,60574.583333333336,288245
2020-09-04,87000.0,93900.0,86900.0,93300.0,92300.0,90025.0,74180.0,60991.666666666664,514280
2020-09-07,93700.0,93700.0,89400.0,90100.0,91820.0,90190.0,74711.66666666667,61411.25,488446
2020-09-08,90700.0,91300.0,87300.0,88700.0,91020.0,90275.0,75303.33333333333,61822.916666666664,484662
2020-09-09,86700.0,87500.0,85500.0,86000.0,89900.0,90185.0,75783.33333333333,62250.416666666664,435661
2020-09-10,87700.0,89200.0,85600.0,89200.0,89460.0,90095.0,76300.0,62760.0,381712
2020-09-11,88400.0,88700.0,86100.0,87400.0,88280.0,89990.0,76791.66666666667,63220.833333333336,264434
2020-09-14,87400.0,89500.0,86100.0,89000.0,88060.0,90215.0,77291.66666666667,63710.416666666664,313878
2020-09-15,89300.0,89300.0,87500.0,88400.0,88000.0,90505.0,77728.33333333333,64166.25,250379
2020-09-16,89200.0,90600.0,88000.0,88600.0,88520.0,90715.0,78160.0,64600.833333333336,284220
2020-09-17,88000.0,88600.0,85300.0,86000.0,87880.0,91005.0,78546.66666666667,65004.583333333336,415546
2020-09-18,86000.0,89900.0,86000.0,88700.0,88140.0,91035.0,78970.0,65422.916666666664,507791
2020-09-21,89300.0,91700.0,88200.0,89100.0,88160.0,90745.0,79398.33333333333,65844.58333333333,514774
2020-09-22,89600.0,90400.0,86500.0,87200.0,87920.0,90365.0,79831.66666666667,66261.25,290127
2020-09-23,89200.0,89400.0,80500.0,85600.0,87320.0,89795.0,80241.66666666667,66661.25,474710
2020-09-24,83000.0,84200.0,77400.0,78100.0,85740.0,88940.0,80533.33333333333,67000.41666666667,707403
2020-09-25,78700.0,79600.0,75500.0,77600.0,83520.0,88060.0,80788.33333333333,67339.58333333333,389384
2020-09-28,78500.0,81000.0,77200.0,81000.0,81900.0,87485.0,81110.0,67690.41666666667,241127
2020-09-29,82600.0,83300.0,81300.0,83000.0,81060.0,87000.0,81418.33333333333,68053.33333333333,241639
2020-10-05,82800.0,84000.0,80800.0,83800.0,80700.0,86610.0,81733.33333333333,68405.41666666667,275630
2020-10-06,84000.0,84600.0,82700.0,83000.0,81680.0,86190.0,82030.0,68737.08333333333,175283
2020-10-07,81700.0,82800.0,81700.0,82300.0,82620.0,85640.0,82241.66666666667,69058.33333333333,150540
2020-10-08,83100.0,84000.0,82200.0,83500.0,83120.0,85310.0,82460.0,69411.66666666667,257322
2020-10-12,84100.0,84400.0,82000.0,82100.0,82940.0,84980.0,82638.33333333333,69731.25,189262
2020-10-13,82500.0,82600.0,79100.0,79300.0,82040.0,84645.0,82800.0,70004.16666666667,336501
2020-10-14,79300.0,81400.0,78500.0,80100.0,81460.0,84190.0,82988.33333333333,70253.33333333333,281288
2020-10-15,80000.0,80700.0,78300.0,78700.0,80740.0,83755.0,83171.66666666667,70485.83333333333,289241
2020-10-16,79300.0,79800.0,76000.0,78200.0,79680.0,83215.0,83348.33333333333,70689.16666666667,298708
2020-10-19,77800.0,78200.0,72600.0,72900.0,77840.0,82440.0,83446.66666666667,70855.0,647889
2020-10-20,71600.0,75000.0,71600.0,74300.0,76840.0,81725.0,83548.33333333333,71040.0,339076
2020-10-21,74400.0,75300.0,73300.0,73700.0,75560.0,81110.0,83653.33333333333,71240.41666666667,172239
2020-10-22,73900.0,75700.0,73500.0,73700.0,74560.0,80360.0,83706.66666666667,71436.25,335953
2020-10-23,74500.0,74500.0,73000.0,73700.0,73660.0,79590.0,83781.66666666667,71637.08333333333,183729
2020-10-26,72600.0,73200.0,70400.0,70900.0,73260.0,78775.0,83808.33333333333,71815.0,349080
2020-10-27,69800.0,73700.0,69600.0,71500.0,72700.0,78070.0,83826.66666666667,72006.25,313618
2020-10-28,71300.0,73900.0,71200.0,73900.0,72740.0,77860.0,83885.0,72215.83333333333,225829
2020-10-29,72500.0,74300.0,72100.0,74300.0,72860.0,77695.0,83965.0,72417.5,209868
2020-10-30,74300.0,75600.0,72800.0,73200.0,72760.0,77305.0,84020.0,72605.83333333333,262078
2020-11-02,73500.0,74000.0,72300.0,73900.0,73360.0,76850.0,83968.33333333333,72805.83333333333,132813
2020-11-03,74300.0,81700.0,74300.0,80400.0,75140.0,76680.0,84051.66666666667,73070.83333333333,909163
2020-11-04,81900.0,82100.0,79700.0,81500.0,76660.0,76605.0,84095.0,73324.16666666667,421096
2020-11-05,83000.0,85300.0,82000.0,84700.0,78740.0,76725.0,84130.0,73612.5,394794
2020-11-06,85300.0,86800.0,83300.0,83600.0,80820.0,76730.0,84076.66666666667,73884.16666666667,322849
2020-11-09,86100.0,86600.0,84400.0,85200.0,83080.0,76885.0,84046.66666666667,74150.83333333333,319102
2020-11-10,85500.0,85900.0,82400.0,83200.0,83640.0,77080.0,83970.0,74395.83333333333,329799
2020-11-11,82800.0,82900.0,80700.0,82100.0,83760.0,77180.0,83821.66666666667,74629.16666666667,220797
2020-11-12,82600.0,82800.0,81900.0,82300.0,83280.0,77360.0,83701.66666666667,74861.66666666667,135843
2020-11-13,81500.0,82200.0,79700.0,81800.0,82920.0,77540.0,83656.66666666667,75104.16666666667,209953
2020-11-16,80500.0,81100.0,79700.0,81100.0,82100.0,77950.0,83631.66666666667,75325.0,232319
2020-11-17,81600.0,82500.0,81100.0,81200.0,81700.0,78295.0,83578.33333333333,75510.83333333333,182022
2020-11-18,81200.0,83500.0,80900.0,83300.0,81940.0,78775.0,83630.0,75730.83333333333,215481
2020-11-19,83300.0,84800.0,82300.0,83300.0,82140.0,79255.0,83550.0,75937.5,202375
2020-11-20,83900.0,84000.0,82500.0,82900.0,82360.0,79715.0,83350.0,76152.5,156602
2020-11-23,83900.0,84400.0,83400.0,83800.0,82900.0,80360.0,83166.66666666667,76360.83333333333,212157
2020-11-24,84500.0,84600.0,83500.0,84200.0,83500.0,80995.0,82953.33333333333,76572.5,223633
2020-11-25,85400.0,85500.0,82200.0,82500.0,83340.0,81425.0,82741.66666666667,76788.33333333333,361883
2020-11-26,82500.0,82800.0,81600.0,82400.0,83160.0,81830.0,82528.33333333333,76992.5,182072
2020-11-27,83500.0,89100.0,83400.0,88600.0,84300.0,82600.0,82463.33333333333,77242.5,1250995
2020-11-30,89800.0,90500.0,87800.0,89700.0,85480.0,83390.0,82413.33333333333,77503.33333333333,614056
2020-12-01,89900.0,90400.0,88100.0,88900.0,86420.0,83815.0,82368.33333333333,77740.83333333333,339019
2020-12-02,89000.0,89100.0,87700.0,88900.0,87700.0,84185.0,82326.66666666667,77973.33333333333,289253
2020-12-03,88900.0,89500.0,87900.0,88300.0,88880.0,84365.0,82243.33333333333,78211.66666666667,240573
2020-12-04,88700.0,88800.0,85900.0,86600.0,88480.0,84515.0,82185.0,78448.33333333333,445721
2020-12-07,86600.0,86600.0,83800.0,84200.0,87380.0,84465.0,82110.0,78706.66666666667,316254
2020-12-08,84200.0,87400.0,84200.0,85100.0,86620.0,84560.0,82095.0,78939.16666666667,333032
2020-12-09,86100.0,88400.0,85600.0,87900.0,86420.0,84850.0,82073.33333333333,79186.66666666667,388399
2020-12-10,87100.0,87600.0,85300.0,87200.0,86200.0,85095.0,82070.0,79430.83333333333,310353
2020-12-11,87800.0,87900.0,86600.0,87500.0,86380.0,85380.0,82045.0,79668.33333333333,184554
2020-12-14,86600.0,86900.0,85200.0,86000.0,86740.0,85625.0,82005.0,79866.66666666667,255519
2020-12-15,86500.0,86500.0,84800.0,85900.0,86900.0,85860.0,81960.0,80060.0,159345
2020-12-16,86500.0,89600.0,85900.0,88500.0,87020.0,86120.0,82001.66666666667,80274.16666666667,453470
2020-12-17,89000.0,93000.0,88700.0,91600.0,87900.0,86535.0,82050.0,80510.0,796719
2020-12-18,93900.0,94900.0,91000.0,91800.0,88760.0,86980.0,82095.0,80746.66666666667,491884
2020-12-21,91900.0,94100.0,89800.0,93700.0,90300.0,87475.0,82203.33333333333,81017.5,505215
2020-12-22,93400.0,93500.0,89700.0,90000.0,91120.0,87765.0,82276.66666666667,81259.16666666667,424790
2020-12-23,89600.0,91500.0,88100.0,90900.0,91600.0,88185.0,82490.0,81511.66666666667,296034
2020-12-24,90900.0,92500.0,89900.0,91600.0,91600.0,88645.0,82723.33333333333,81755.83333333333,292107
2020-12-28,92000.0,92200.0,90500.0,91700.0,91580.0,88800.0,82901.66666666667,82005.83333333333,248044
2020-12-29,92000.0,93400.0,90500.0,93400.0,91520.0,88985.0,83075.0,82246.66666666667,362230
2020-12-30,94000.0,94100.0,92600.0,94000.0,92320.0,89240.0,83245.0,82489.16666666667,315760
2021-01-04,95800.0,102500.0,94000.0,101500.0,94440.0,89870.0,83553.33333333333,82791.66666666667,1004073
2021-01-05,100500.0,104000.0,99100.0,102500.0,96620.0,90580.0,83890.0,83065.83333333333,535864
2021-01-06,104000.0,107000.0,100500.0,102000.0,98680.0,91350.0,84198.33333333333,83329.16666666667,633921
2021-01-07,103000.0,105000.0,101000.0,102000.0,100400.0,92240.0,84530.0,83584.16666666667,454619
2021-01-08,104500.0,110000.0,102000.0,106500.0,102900.0,93310.0,84983.33333333333,83891.66666666667,756952
2021-01-11,108500.0,110000.0,99900.0,103000.0,103200.0,94065.0,85365.0,84176.66666666667,964841
2021-01-12,101000.0,101500.0,97200.0,100500.0,102800.0,94730.0,85728.33333333333,84450.0,626246
2021-01-13,100500.0,101500.0,98500.0,99300.0,102260.0,95320.0,86080.0,84714.16666666667,378084
2021-01-14,101500.0,105000.0,99800.0,105000.0,102860.0,96270.0,86615.0,85030.83333333333,435318
2021-01-15,106000.0,107000.0,102000.0,104000.0,102360.0,97175.0,87110.0,85329.16666666667,351697
2021-01-18,102000.0,104000.0,99800.0,101000.0,101960.0,97800.0,87565.0,85609.16666666667,311133
2021-01-19,104500.0,112000.0,104000.0,110000.0,103860.0,98720.0,88170.0,85938.33333333333,1108463
2021-01-20,112000.0,112500.0,107000.0,111500.0,106300.0,99705.0,88800.0,86290.83333333333,456460
2021-01-21,111500.0,119000.0,110000.0,118500.0,109000.0,100945.0,89593.33333333333,86700.83333333333,613499
2021-01-22,118500.0,125000.0,117000.0,121500.0,112500.0,102520.0,90426.66666666667,87126.66666666667,901526
2021-01-25,122500.0,130000.0,121000.0,125500.0,117400.0,104250.0,91286.66666666667,87585.83333333333,709263
2021-01-26,126500.0,130000.0,123000.0,130000.0,121400.0,106170.0,92215.0,88090.0,572105
2021-01-27,130500.0,133500.0,122000.0,127500.0,124600.0,107960.0,93120.0,88570.0,686850
2021-01-28,122000.0,126500.0,121000.0,123500.0,125600.0,109465.0,93946.66666666667,88957.5,571812
2021-01-29,125500.0,125500.0,115000.0,121000.0,125500.0,110815.0,94623.33333333333,89337.5,678971
2021-02-01,122000.0,124500.0,118000.0,124500.0,125300.0,111965.0,95340.0,89717.5,513469
2021-02-02,126500.0,139000.0,124000.0,135000.0,126300.0,113590.0,96178.33333333333,90154.16666666667,1291196
2021-02-03,137000.0,137500.0,133000.0,136500.0,128100.0,115315.0,97060.0,90568.33333333333,486004
2021-02-04,135500.0,137500.0,130000.0,132000.0,129800.0,116815.0,97840.0,90943.33333333333,402331
2021-02-05,133500.0,135500.0,128500.0,130500.0,131700.0,118015.0,98628.33333333333,91299.16666666667,450527
2021-02-08,130000.0,130000.0,123500.0,125500.0,131900.0,119140.0,99351.66666666667,91586.66666666667,611461
2021-02-09,127000.0,129500.0,123000.0,124000.0,129700.0,120315.0,100046.66666666667,91874.16666666667,520670
2021-02-10,125000.0,132500.0,124000.0,131000.0,128600.0,121900.0,100866.66666666667,92261.66666666667,680105
2021-02-15,128000.0,138500.0,128000.0,136500.0,129500.0,123475.0,101790.0,92710.83333333333,652023
2021-02-16,138000.0,138000.0,133500.0,136500.0,130700.0,125100.0,102711.66666666667,93145.0,345827
2021-02-17,135500.0,139000.0,133000.0,138000.0,133200.0,126950.0,103623.33333333333,93626.66666666667,346999
2021-02-18,137500.0,143000.0,136500.0,138000.0,136000.0,128350.0,104535.0,94042.5,410092
2021-02-19,137000.0,139500.0,132500.0,137500.0,137300.0,129650.0,105445.0,94397.5,407922
2021-02-22,137500.0,138500.0,130500.0,132000.0,136400.0,130325.0,106248.33333333333,94707.5,405858
2021-02-23,127000.0,131500.0,126000.0,127000.0,134500.0,130600.0,106961.66666666667,94957.5,461857
2021-02-24,127000.0,128500.0,118500.0,120500.0,131000.0,130350.0,107595.0,95168.33333333333,713869
2021-02-25,124000.0,125500.0,119500.0,121000.0,127600.0,129900.0,108238.33333333333,95383.33333333333,455643
2021-02-26,117000.0,118500.0,114500.0,117500.0,123600.0,129400.0,108720.0,95591.66666666667,485222
2021-03-02,121500.0,122000.0,115500.0,116500.0,120500.0,129050.0,109166.66666666667,95790.0,410375
2021-03-03,116000.0,121000.0,113500.0,120500.0,119200.0,129025.0,109693.33333333333,96030.83333333333,303989
2021-03-04,118000.0,122500.0,116500.0,118000.0,118700.0,128700.0,110178.33333333333,96252.5,302881
2021-03-05,115500.0,117000.0,112000.0,114000.0,117300.0,127650.0,110606.66666666667,96425.0,398414
2021-03-08,114000.0,114000.0,114000.0,114000.0,116600.0,126525.0,111063.33333333333,96624.16666666667,0
2021-03-09,114000.0,114000.0,114000.0,114000.0,116100.0,125625.0,111560.0,96835.0,0
2021-03-10,114000.0,114000.0,114000.0,114000.0,114800.0,124800.0,112041.66666666667,97068.33333333333,0
2021-03-11,114000.0,114000.0,114000.0,114000.0,114000.0,124225.0,112476.66666666667,97275.0,0
2021-03-12,114000.0,114000.0,114000.0,114000.0,114000.0,123725.0,112923.33333333333,97496.66666666667,0
2021-03-15,114000.0,114000.0,114000.0,114000.0,114000.0,122875.0,113365.0,97705.0,0
2021-03-16,114000.0,114000.0,114000.0,114000.0,114000.0,121750.0,113831.66666666667,97918.33333333333,0
2021-03-17,114000.0,114000.0,114000.0,114000.0,114000.0,120625.0,114300.0,98130.0,0
2021-03-18,114000.0,114000.0,114000.0,114000.0,114000.0,119425.0,114725.0,98363.33333333333,0
2021-03-19,114000.0,114000.0,114000.0,114000.0,114000.0,118225.0,115098.33333333333,98574.16666666667,0
2021-03-22,114000.0,114000.0,114000.0,114000.0,114000.0,117050.0,115468.33333333333,98781.66666666667,0
2021-03-23,116000.0,119000.0,105500.0,107000.0,112600.0,115800.0,115690.0,98946.66666666667,1266374
2021-03-24,105500.0,114000.0,104500.0,112500.0,112300.0,115075.0,116065.0,99170.83333333333,592142
2021-03-25,113000.0,121000.0,112500.0,121000.0,113700.0,115100.0,116566.66666666667,99528.33333333333,614029
2021-03-26,124000.0,125000.0,119500.0,122000.0,115300.0,115150.0,117073.33333333333,99898.33333333333,385174
2021-03-29,122500.0,125000.0,120000.0,122500.0,117000.0,115400.0,117586.66666666667,100244.16666666667,268417
2021-03-30,124500.0,129500.0,124000.0,129000.0,121400.0,116025.0,118180.0,100627.5,407194
2021-03-31,129000.0,130500.0,126500.0,128500.0,124600.0,116425.0,118755.0,101000.0,220423
2021-04-01,130500.0,133500.0,129500.0,133500.0,127100.0,117200.0,119288.33333333333,101420.83333333333,341648
2021-04-02,134500.0,136000.0,131500.0,133500.0,129400.0,118175.0,119805.0,101847.5,262406
2021-04-05,134000.0,134500.0,129000.0,134000.0,131700.0,119175.0,120338.33333333333,102268.33333333333,198750
2021-04-06,134000.0,135000.0,130500.0,131000.0,132100.0,120025.0,120821.66666666667,102675.83333333333,215589
2021-04-07,131500.0,135000.0,131000.0,133500.0,133100.0,121000.0,121271.66666666667,103127.5,220547
2021-04-08,134500.0,139000.0,132500.0,133500.0,133100.0,121975.0,121780.0,103572.5,562425
2021-04-09,135000.0,138000.0,133500.0,136500.0,133700.0,123100.0,122380.0,104054.16666666667,281761
2021-04-12,146000.0,150500.0,142000.0,144000.0,135700.0,124600.0,123125.0,104602.5,1062066
2021-04-13,145000.0,147000.0,142500.0,145000.0,138500.0,126150.0,123791.66666666667,105203.33333333333,319626
2021-04-14,146000.0,150000.0,143500.0,149000.0,141600.0,127900.0,124541.66666666667,105825.83333333333,419103
2021-04-15,147500.0,151000.0,145000.0,147000.0,144300.0,129550.0,125308.33333333333,106436.66666666667,339991
2021-04-16,147500.0,150000.0,145000.0,148500.0,146700.0,131275.0,125950.0,107060.0,298369
2021-04-19,148500.0,149500.0,143500.0,144000.0,146700.0,132775.0,126491.66666666667,107645.83333333333,387932
2021-04-20,142000.0,144500.0,137000.0,143000.0,146300.0,134575.0,126900.0,108246.66666666667,582214
2021-04-21,143000.0,145000.0,140500.0,142000.0,144900.0,136050.0,127241.66666666667,108834.16666666667,196529
2021-04-22,144500.0,149000.0,143000.0,145500.0,144600.0,137275.0,127575.0,109430.83333333333,406492
2021-04-23,144500.0,147500.0,143500.0,146000.0,144100.0,138475.0,127841.66666666667,110028.33333333333,225415
2021-04-26,146000.0,146500.0,142000.0,142500.0,143800.0,139475.0,128091.66666666667,110605.83333333333,295977
2021-04-27,142500.0,145000.0,140000.0,141000.0,143400.0,140075.0,128383.33333333333,111165.0,233227
2021-04-28,139500.0,139500.0,133500.0,135500.0,142100.0,140425.0,128625.0,111624.16666666667,469418
2021-04-29,135000.0,144000.0,132000.0,142000.0,141400.0,140850.0,128916.66666666667,112128.33333333333,471127
2021-04-30,143000.0,144000.0,133500.0,135000.0,139200.0,140925.0,128916.66666666667,112547.5,538661
2021-05-03,132500.0,135000.0,129500.0,132000.0,137100.0,140825.0,128841.66666666667,112950.83333333333,392350
2021-05-04,132000.0,136500.0,132000.0,136000.0,136100.0,141075.0,128908.33333333333,113374.16666666667,379306
2021-05-06,136500.0,141000.0,136000.0,138000.0,136600.0,141300.0,129033.33333333333,113830.83333333333,295632
2021-05-07,139500.0,143000.0,137500.0,142500.0,136700.0,141750.0,129316.66666666667,114334.16666666667,254677
2021-05-10,145000.0,147500.0,142000.0,143000.0,138300.0,142075.0,129633.33333333333,114840.0,375281
2021-05-11,141000.0,142000.0,138000.0,140000.0,139900.0,141875.0,129783.33333333333,115325.0,319654
2021-05-12,141000.0,142500.0,133000.0,136500.0,140000.0,141450.0,129783.33333333333,115786.66666666667,529696
2021-05-13,132500.0,134500.0,126000.0,128500.0,138100.0,140425.0,129650.0,116180.83333333333,659609
2021-05-14,130000.0,131500.0,128000.0,129000.0,135400.0,139525.0,129500.0,116561.66666666667,287567
2021-05-17,130500.0,133500.0,125000.0,128000.0,132400.0,138500.0,129333.33333333333,116934.16666666667,371782
2021-05-18,128500.0,130000.0,127500.0,129000.0,130200.0,137750.0,129191.66666666667,117318.33333333333,195864
2021-05-20,128500.0,132500.0,127500.0,130500.0,129000.0,137125.0,129166.66666666667,117707.5,282435
2021-05-21,132000.0,134000.0,128500.0,131000.0,129500.0,136575.0,129233.33333333333,118097.5,343535
2021-05-24,131000.0,132500.0,129000.0,130000.0,129700.0,135800.0,129391.66666666667,118493.33333333333,243795
2021-05-25,131500.0,131500.0,130000.0,131500.0,130400.0,135075.0,129566.66666666667,118902.5,162405
2021-05-26,132000.0,135000.0,131500.0,134000.0,131400.0,134650.0,129841.66666666667,119280.83333333333,289733
2021-05-27,135500.0,136000.0,129500.0,132500.0,131800.0,134225.0,130108.33333333333,119637.5,1934014
2021-05-28,131500.0,132000.0,129000.0,130000.0,131600.0,133950.0,130266.66666666667,119980.0,300073
2021-05-31,129500.0,130000.0,126000.0,127500.0,131100.0,133225.0,130425.0,120301.66666666667,270690
2021-06-01,128500.0,133000.0,126500.0,133000.0,131400.0,133125.0,130741.66666666667,120674.16666666667,337279
2021-06-02,133500.0,138000.0,132500.0,133500.0,131300.0,133200.0,131066.66666666667,121065.0,315318
2021-06-03,133500.0,134000.0,131000.0,134000.0,131600.0,133100.0,131400.0,121480.0,152088
2021-06-04,135500.0,136500.0,132500.0,134000.0,132400.0,132900.0,131733.33333333334,121887.5,217191
2021-06-07,135000.0,135500.0,133500.0,134500.0,133800.0,132500.0,132075.0,122275.83333333333,144948
2021-06-08,134500.0,135000.0,131000.0,132500.0,133700.0,131975.0,132383.33333333334,122653.33333333333,197034
2021-06-09,132500.0,133000.0,131000.0,132000.0,133400.0,131575.0,132683.33333333334,123024.16666666667,155305
2021-06-10,131500.0,131500.0,128500.0,130500.0,132700.0,131275.0,132958.33333333334,123395.0,276215
2021-06-11,131500.0,140000.0,131500.0,140000.0,133900.0,131850.0,133391.66666666666,123845.83333333333,891712
2021-06-14,140500.0,142500.0,137500.0,140500.0,135100.0,132425.0,133833.33333333334,124279.16666666667,332265
2021-06-15,141500.0,144500.0,139500.0,140500.0,136700.0,133050.0,134275.0,124686.66666666667,237754
2021-06-16,139500.0,141000.0,137500.0,138000.0,137900.0,133500.0,134675.0,125071.66666666667,165428
2021-06-17,138000.0,146000.0,137500.0,145000.0,140800.0,134225.0,135308.33333333334,125499.16666666667,598212
2021-06-18,145000.0,149000.0,143500.0,145500.0,141900.0,134950.0,135858.33333333334,125961.66666666667,406829
2021-06-21,144500.0,146500.0,141500.0,144500.0,142700.0,135675.0,136250.0,126408.33333333333,302612
2021-06-22,145500.0,146500.0,142000.0,143000.0,143200.0,136250.0,136600.0,126836.66666666667,201977
2021-06-23,143500.0,156000.0,142500.0,153500.0,146300.0,137225.0,137116.66666666666,127351.66666666667,952071
2021-06-24,153500.0,157500.0,150500.0,151500.0,147600.0,138175.0,137491.66666666666,127835.83333333333,442418
2021-06-25,154500.0,158500.0,153000.0,155000.0,149500.0,139425.0,137933.33333333334,128344.16666666667,435100
2021-06-28,156000.0,159500.0,153500.0,154500.0,151500.0,140775.0,138283.33333333334,128785.83333333333,286316
2021-06-29,156000.0,159500.0,154500.0,158500.0,154600.0,142050.0,138700.0,129252.5,355785
2021-06-30,158500.0,161000.0,157000.0,158500.0,155600.0,143300.0,139108.33333333334,129723.33333333333,311038
2021-07-01,158500.0,161000.0,153000.0,156000.0,156500.0,144400.0,139525.0,130173.33333333333,423123
2021-07-02,156500.0,159000.0,153000.0,155000.0,156500.0,145450.0,139883.33333333334,130577.5,230412
2021-07-05,155000.0,157000.0,153500.0,154500.0,156500.0,146450.0,140233.33333333334,131006.66666666667,119731
2021-07-06,155500.0,157000.0,154000.0,154500.0,155700.0,147550.0,140533.33333333334,131456.66666666666,164588
2021-07-07,155000.0,163000.0,152000.0,160500.0,156100.0,148975.0,140808.33333333334,131966.66666666666,524957
2021-07-08,160000.0,162000.0,154000.0,158000.0,156500.0,150350.0,141025.0,132408.33333333334,458399
2021-07-09,156000.0,161500.0,152000.0,160000.0,157500.0,151350.0,141208.33333333334,132875.0,373846
2021-07-12,162000.0,162500.0,157000.0,159500.0,158500.0,152300.0,141416.66666666666,133362.5,202630
2021-07-13,161000.0,165500.0,158000.0,161000.0,159800.0,153325.0,141625.0,133787.5,367199
2021-07-14,160000.0,164000.0,157500.0,159500.0,159600.0,154400.0,141883.33333333334,134187.5,412902
2021-07-15,161000.0,169500.0,159500.0,167500.0,161500.0,155525.0,142291.66666666666,134595.83333333334,576523
2021-07-16,168500.0,171500.0,164000.0,168000.0,163100.0,156650.0,142725.0,134983.33333333334,329015
2021-07-19,165000.0,169500.0,164500.0,166500.0,164500.0,157750.0,143075.0,135325.0,224191
2021-07-20,164000.0,169000.0,156500.0,161500.0,164600.0,158675.0,143333.33333333334,135587.5,461592
2021-07-21,162500.0,163000.0,156500.0,158000.0,164300.0,158900.0,143591.66666666666,135841.66666666666,310219
2021-07-22,160500.0,161500.0,155500.0,158000.0,162400.0,159225.0,143875.0,136129.16666666666,280775
2021-07-23,157500.0,161500.0,157500.0,159500.0,160700.0,159450.0,144275.0,136450.0,195935
2021-07-26,159500.0,163000.0,157500.0,161000.0,159600.0,159775.0,144591.66666666666,136754.16666666666,249892
2021-07-27,162000.0,165500.0,160000.0,164000.0,160100.0,160050.0,145075.0,136995.83333333334,247565
2021-07-28,162500.0,164500.0,157000.0,159500.0,160400.0,160100.0,145533.33333333334,137187.5,260631
2021-07-29,159500.0,162000.0,158000.0,161500.0,161100.0,160375.0,145958.33333333334,137433.33333333334,169954
2021-07-30,160500.0,163000.0,159500.0,161500.0,161500.0,160700.0,146350.0,137691.66666666666,219441
2021-08-02,162500.0,164000.0,158000.0,160000.0,161300.0,160975.0,146641.66666666666,137979.16666666666,171897
2021-08-03,159000.0,162000.0,158500.0,159500.0,160400.0,161225.0,146916.66666666666,138275.0,122404
2021-08-04,161000.0,163000.0,158000.0,162000.0,160900.0,161300.0,147283.33333333334,138533.33333333334,275733
2021-08-05,163500.0,168000.0,162000.0,163500.0,161300.0,161575.0,147733.33333333334,138758.33333333334,419495
2021-08-06,165000.0,165500.0,160000.0,161000.0,161200.0,161625.0,148275.0,138962.5,210305
2021-08-09,161500.0,168500.0,160000.0,166500.0,162500.0,161975.0,148900.0,139200.0,470208
2021-08-10,167000.0,167000.0,162000.0,163500.0,163300.0,162100.0,149491.66666666666,139412.5,242431
2021-08-11,163500.0,164000.0,159500.0,160000.0,162900.0,162125.0,150008.33333333334,139600.0,211870
2021-08-12,161000.0,166000.0,159500.0,164000.0,163000.0,161950.0,150566.66666666666,139866.66666666666,287794
2021-08-13,165000.0,168000.0,161000.0,163500.0,163500.0,161725.0,151108.33333333334,140170.83333333334,307999
2021-08-17,162000.0,163500.0,152000.0,153500.0,160900.0,161075.0,151500.0,140445.83333333334,478133
2021-08-18,152500.0,160000.0,150000.0,160000.0,160200.0,161000.0,151975.0,140770.83333333334,295007
2021-08-19,157500.0,169000.0,155000.0,163500.0,160900.0,161275.0,152466.66666666666,141154.16666666666,652462
2021-08-20,166000.0,178000.0,162000.0,172000.0,162500.0,161975.0,153125.0,141616.66666666666,1090655
2021-08-23,175000.0,175000.0,155500.0,157500.0,161300.0,161875.0,153583.33333333334,141925.0,1318534
2021-08-24,159500.0,164000.0,147000.0,149500.0,160500.0,161300.0,153950.0,142187.5,1190615
2021-08-25,151500.0,153500.0,148000.0,152500.0,159000.0,160725.0,154275.0,142508.33333333334,505443
2021-08-26,156500.0,158000.0,151500.0,152500.0,156800.0,160375.0,154591.66666666666,142829.16666666666,544270
2021-08-27,151500.0,153500.0,150000.0,151000.0,152600.0,159850.0,154875.0,143137.5,236222
2021-08-30,151500.0,152000.0,139500.0,147500.0,150600.0,159150.0,155100.0,143416.66666666666,1213175
2021-08-31,154000.0,160000.0,151000.0,159500.0,152600.0,159125.0,155516.66666666666,143795.83333333334,904084
2021-09-01,159500.0,160000.0,155000.0,156000.0,153300.0,158950.0,155908.33333333334,144145.83333333334,295119
2021-09-02,150000.0,150500.0,143000.0,144500.0,151700.0,158075.0,156116.66666666666,144400.0,1091165
2021-09-03,147000.0,150500.0,145000.0,150500.0,151600.0,157425.0,156450.0,144704.16666666666,463182
2021-09-06,149500.0,154000.0,148500.0,151000.0,152300.0,156925.0,156633.33333333334,145012.5,256545
2021-09-07,153000.0,157500.0,151000.0,154500.0,151300.0,156325.0,156866.66666666666,145350.0,398087
2021-09-08,155000.0,157500.0,152500.0,157500.0,151600.0,156025.0,157150.0,145712.5,363601
2021-09-09,163000.0,176000.0,159500.0,165000.0,155700.0,156275.0,157600.0,146137.5,1684968
2021-09-10,165000.0,173500.0,163500.0,173500.0,160300.0,156750.0,158075.0,146691.66666666666,720840
2021-09-13,173500.0,184000.0,172500.0,175500.0,165200.0,157350.0,158575.0,147216.66666666666,918454
2021-09-14,178000.0,180000.0,170000.0,177500.0,169800.0,158550.0,159125.0,147687.5,509563
2021-09-15,178500.0,180000.0,173500.0,176500.0,173600.0,159375.0,159683.33333333334,148141.66666666666,317053
2021-09-16,176500.0,179500.0,172000.0,174500.0,175500.0,159925.0,160033.33333333334,148575.0,378732
2021-09-17,173000.0,177500.0,169500.0,175500.0,175900.0,160100.0,160433.33333333334,148962.5,329971
2021-09-23,172000.0,177500.0,172000.0,174500.0,175700.0,160950.0,160758.33333333334,149345.83333333334,309712
2021-09-24,177500.0,183000.0,166000.0,176000.0,175400.0,162275.0,161116.66666666666,149700.0,997770
2021-09-27,179000.0,194000.0,179000.0,191000.0,178300.0,164200.0,161658.33333333334,150179.16666666666,1166657
2021-09-28,191500.0,196000.0,184500.0,192500.0,181900.0,166200.0,162225.0,150666.66666666666,742259
2021-09-29,188000.0,201000.0,186000.0,199000.0,186600.0,168600.0,162941.66666666666,151233.33333333334,822244
2021-09-30,180000.0,184000.0,168500.0,169000.0,185500.0,169675.0,163175.0,151529.16666666666,2952554
2021-10-01,168000.0,172500.0,164500.0,165000.0,183300.0,169950.0,163350.0,151791.66666666666,772692
2021-10-05,162000.0,169000.0,161500.0,167000.0,178500.0,170500.0,163558.33333333334,152045.83333333334,525753
2021-10-06,169000.0,171000.0,149500.0,153000.0,170600.0,170925.0,163433.33333333334,152120.83333333334,1217442
2021-10-07,154500.0,156000.0,147000.0,154500.0,161700.0,171125.0,163375.0,152200.0,703401
2021-10-08,158000.0,162000.0,155500.0,157500.0,159400.0,171450.0,163333.33333333334,152270.83333333334,532336
2021-10-12,152500.0,155500.0,149000.0,153000.0,157000.0,171375.0,163225.0,152320.83333333334,465781
2021-10-13,152500.0,160000.0,152000.0,157500.0,155100.0,171375.0,163166.66666666666,152395.83333333334,405536
2021-10-14,160000.0,161500.0,157000.0,157000.0,155900.0,170975.0,163125.0,152504.16666666666,423842
2021-10-15,159000.0,162000.0,157500.0,158500.0,156700.0,170225.0,162975.0,152633.33333333334,264960
2021-10-18,158500.0,167500.0,157500.0,164000.0,158000.0,169650.0,162908.33333333334,152816.66666666666,472057
2021-10-19,167000.0,172000.0,165500.0,168000.0,161000.0,169175.0,162933.33333333334,153004.16666666666,425443
2021-10-20,167500.0,167500.0,160500.0,166500.0,162800.0,168675.0,163016.66666666666,153175.0,436585
2021-10-21,170500.0,175000.0,164000.0,169000.0,165200.0,168400.0,163200.0,153395.83333333334,757052
2021-10-22,170500.0,175500.0,169500.0,175500.0,168600.0,168400.0,163491.66666666666,153683.33333333334,479475
2021-10-25,176000.0,176500.0,170000.0,175500.0,170900.0,168450.0,163758.33333333334,154016.66666666666,342081
2021-10-26,177500.0,178000.0,174000.0,176000.0,172500.0,168450.0,164008.33333333334,154300.0,230551
2021-10-27,174000.0,177000.0,168500.0,175000.0,174200.0,167650.0,164191.66666666666,154633.33333333334,580715
2021-10-28,176000.0,176000.0,171000.0,171500.0,174700.0,166600.0,164391.66666666666,154962.5,258417
2021-10-29,175000.0,180000.0,172000.0,178000.0,175200.0,165550.0,164666.66666666666,155312.5,623262
2021-11-01,181500.0,182500.0,167500.0,168000.0,173700.0,165500.0,164775.0,155562.5,797197
2021-11-02,170000.0,171500.0,166500.0,170500.0,172600.0,165775.0,164950.0,155795.83333333334,340741
2021-11-03,172000.0,178500.0,172000.0,175500.0,172700.0,166200.0,165216.66666666666,156066.66666666666,412309
2021-11-04,176500.0,177500.0,174000.0,175500.0,173500.0,167325.0,165441.66666666666,156362.5,234645
2021-11-05,177000.0,177000.0,174000.0,174500.0,172800.0,168325.0,165625.0,156679.16666666666,264815
2021-11-08,174500.0,176000.0,169000.0,172000.0,173600.0,169050.0,165808.33333333334,157041.66666666666,218366
2021-11-09,173000.0,179500.0,171000.0,179000.0,175300.0,170350.0,166016.66666666666,157458.33333333334,409614
2021-11-10,177500.0,182000.0,173500.0,174500.0,175100.0,171200.0,166200.0,157845.83333333334,326928
2021-11-11,172000.0,178500.0,171500.0,177500.0,175500.0,172225.0,166491.66666666666,158250.0,261426
2021-11-12,180000.0,180500.0,175000.0,176500.0,175900.0,173125.0,166700.0,158633.33333333334,273213
2021-11-15,176500.0,177000.0,172000.0,173000.0,176100.0,173575.0,166858.33333333334,158983.33333333334,293820
2021-11-16,173000.0,175000.0,169000.0,170000.0,174300.0,173675.0,167133.33333333334,159316.66666666666,318389
2021-11-17,171000.0,173000.0,168500.0,169500.0,173300.0,173825.0,167291.66666666666,159633.33333333334,222482
2021-11-18,170000.0,183000.0,167000.0,181500.0,174100.0,174450.0,167591.66666666666,160029.16666666666,803063
2021-11-19,187500.0,194500.0,182000.0,188000.0,176400.0,175075.0,167858.33333333334,160491.66666666666,927111
2021-11-22,191000.0,195500.0,183000.0,189500.0,179700.0,175775.0,168391.66666666666,160987.5,633702
2021-11-23,186500.0,194000.0,186000.0,187500.0,183200.0,176350.0,169025.0,161487.5,291596
2021-11-24,186500.0,199000.0,186500.0,196000.0,188500.0,177400.0,169750.0,162012.5,514829
2021-11-25,202000.0,208000.0,197000.0,199000.0,192000.0,178775.0,170525.0,162558.33333333334,778705
2021-11-26,197500.0,207500.0,197000.0,199500.0,194300.0,179850.0,171333.33333333334,163104.16666666666,444262
2021-11-29,194000.0,202500.0,190500.0,199000.0,196200.0,181400.0,172191.66666666666,163645.83333333334,391666
2021-11-30,203000.0,207500.0,193000.0,198000.0,198300.0,182775.0,172833.33333333334,164175.0,613822
2021-12-01,200000.0,200500.0,184000.0,193000.0,197700.0,183650.0,173450.0,164679.16666666666,597427
2021-12-02,189000.0,192500.0,182000.0,184500.0,194800.0,184100.0,174116.66666666666,165116.66666666666,535968
2021-12-03,186000.0,189000.0,183500.0,188500.0,192600.0,184800.0,174750.0,165600.0,248130
2021-12-06,185500.0,187500.0,182000.0,185500.0,189900.0,185475.0,175325.0,165979.16666666666,238454
2021-12-07,187000.0,189500.0,180000.0,181500.0,186600.0,185600.0,175775.0,166320.83333333334,284635
2021-12-08,183000.0,188000.0,182500.0,184500.0,184900.0,186100.0,176225.0,166687.5,245027
2021-12-09,186000.0,188500.0,184500.0,185500.0,185100.0,186500.0,176566.66666666666,167083.33333333334,219916
2021-12-10,183500.0,185000.0,181500.0,181500.0,183700.0,186750.0,176700.0,167387.5,135540
2021-12-13,181000.0,183000.0,179000.0,179500.0,182500.0,187075.0,176766.66666666666,167670.83333333334,174946
2021-12-14,178500.0,181500.0,176500.0,181000.0,182400.0,187625.0,176825.0,167975.0,206006
2021-12-15,180000.0,180500.0,174500.0,178500.0,181200.0,188075.0,176858.33333333334,168270.83333333334,227618
2021-12-16,180000.0,182000.0,177000.0,179000.0,179900.0,187950.0,176933.33333333334,168483.33333333334,160706
2021-12-17,174500.0,177500.0,174500.0,176000.0,178800.0,187350.0,176941.66666666666,168687.5,150501
2021-12-20,174500.0,176500.0,171500.0,172500.0,177400.0,186500.0,176908.33333333334,168833.33333333334,153724
2021-12-21,172500.0,173500.0,165000.0,170500.0,175300.0,185650.0,176816.66666666666,168966.66666666666,239697
2021-12-22,172000.0,174000.0,166000.0,168500.0,173300.0,184275.0,176441.66666666666,169050.0,224992
2021-12-23,171000.0,175000.0,170000.0,171000.0,171700.0,182875.0,176083.33333333334,169154.16666666666,265821
2021-12-24,172000.0,173000.0,169500.0,170500.0,170600.0,181425.0,175608.33333333334,169275.0,169987
2021-12-27,170000.0,170500.0,167000.0,167000.0,169500.0,179825.0,175575.0,169375.0,150716
2021-12-28,167000.0,174500.0,166500.0,174500.0,170300.0,178650.0,175733.33333333334,169541.66666666666,290215
2021-12-29,175000.0,179000.0,172500.0,173000.0,171200.0,177650.0,175833.33333333334,169695.83333333334,215853
2021-12-30,173000.0,175500.0,170500.0,174500.0,171900.0,177150.0,176191.66666666666,169812.5,147928
2022-01-04,172000.0,174500.0,169000.0,170000.0,171800.0,176225.0,176450.0,169912.5,187522
2022-01-05,170500.0,170500.0,162500.0,163500.0,171100.0,175125.0,176550.0,169941.66666666666,326600
2022-01-06,159500.0,166000.0,159500.0,160000.0,168200.0,174050.0,176666.66666666666,169945.83333333334,205646
2022-01-07,160500.0,163500.0,159000.0,162000.0,166000.0,172925.0,176741.66666666666,169954.16666666666,136714
2022-01-10,161000.0,163000.0,158000.0,160000.0,163100.0,171650.0,176791.66666666666,169958.33333333334,158147
2022-01-11,159000.0,160000.0,154500.0,155500.0,160200.0,170350.0,176741.66666666666,169858.33333333334,218780
2022-01-12,158000.0,161000.0,158000.0,160500.0,159600.0,169400.0,176683.33333333334,169795.83333333334,215921
2022-01-13,162000.0,165500.0,160500.0,162000.0,160000.0,168450.0,176583.33333333334,169758.33333333334,221780
2022-01-14,159500.0,160000.0,157000.0,157000.0,159000.0,167375.0,176425.0,169720.83333333334,171092
2022-01-17,157000.0,160500.0,155500.0,156000.0,158200.0,166225.0,176208.33333333334,169704.16666666666,146334
2022-01-18,156000.0,159000.0,154500.0,156000.0,158300.0,165225.0,175883.33333333334,169687.5,139767
2022-01-19,153000.0,155500.0,150500.0,153000.0,156800.0,164250.0,175508.33333333334,169633.33333333334,227976
2022-01-20,153000.0,162500.0,152500.0,162000.0,156800.0,163825.0,175275.0,169641.66666666666,196449
2022-01-21,159500.0,161500.0,153500.0,155500.0,156500.0,163175.0,174950.0,169570.83333333334,212281
2022-01-24,154000.0,155500.0,148000.0,149500.0,155200.0,162100.0,174583.33333333334,169487.5,226342
2022-01-25,150000.0,150500.0,144000.0,146000.0,153200.0,160875.0,174050.0,169358.33333333334,238861
2022-01-26,146000.0,146000.0,146000.0,146000.0,151800.0,159825.0,173683.33333333334,169229.16666666666,0
2022-01-27,149500.0,150500.0,140500.0,142000.0,147800.0,158200.0,173208.33333333334,169079.16666666666,254659
2022-01-28,142000.0,142000.0,142000.0,142000.0,145100.0,156650.0,172650.0,168933.33333333334,0
2022-02-03,143500.0,144000.0,140000.0,140500.0,143300.0,154950.0,172066.66666666666,168754.16666666666,151316
2022-02-04,138000.0,144000.0,137500.0,143500.0,142800.0,153625.0,171550.0,168587.5,137442
2022-02-07,142500.0,142500.0,136500.0,138000.0,141200.0,152350.0,170983.33333333334,168395.83333333334,243650
2022-02-08,138000.0,138000.0,138000.0,138000.0,140400.0,151250.0,170300.0,168158.33333333334,0
2022-02-09,138000.0,138000.0,138000.0,138000.0,139600.0,150050.0,169691.66666666666,167945.83333333334,0
2022-02-10,142500.0,143000.0,137500.0,139000.0,139300.0,149000.0,169050.0,167770.83333333334,190607
2022-02-11,136500.0,138500.0,134500.0,136500.0,137900.0,148050.0,168383.33333333334,167541.66666666666,163017
2022-02-14,133500.0,137000.0,133500.0,134000.0,137100.0,146725.0,167733.33333333334,167295.83333333334,178242
2022-02-15,134000.0,135500.0,129000.0,131000.0,135700.0,145175.0,167083.33333333334,167108.33333333334,262950
2022-02-16,133000.0,135000.0,132000.0,134000.0,134900.0,144025.0,166491.66666666666,166891.66666666666,127991
2022-02-17,137000.0,139500.0,132000.0,134500.0,134000.0,142950.0,165708.33333333334,166650.0,229780
2022-02-18,131500.0,136500.0,131000.0,136000.0,133900.0,141950.0,164841.66666666666,166350.0,101876
2022-02-21,136000.0,136000.0,136000.0,136000.0,134300.0,141100.0,163950.0,166170.83333333334,0
2022-02-22,136000.0,136000.0,136000.0,136000.0,135300.0,139800.0,163091.66666666666,166058.33333333334,0
2022-02-23,136000.0,136000.0,136000.0,136000.0,135700.0,138825.0,162091.66666666666,165920.83333333334,0
2022-02-24,131000.0,137000.0,128500.0,128500.0,134500.0,137775.0,160916.66666666666,165720.83333333334,239363
2022-02-25,131000.0,137000.0,131000.0,135500.0,134400.0,137250.0,159850.0,165591.66666666666,248722
2022-02-28,135500.0,135500.0,135500.0,135500.0,134300.0,136725.0,158791.66666666666,165491.66666666666,0
2022-03-02,138000.0,141500.0,137000.0,139000.0,134900.0,136575.0,157808.33333333334,165320.83333333334,157180
2022-03-03,142000.0,142000.0,139000.0,140500.0,135800.0,136500.0,156933.33333333334,165191.66666666666,143126
2022-03-04,140500.0,140500.0,140500.0,140500.0,138200.0,136500.0,156200.0,165158.33333333334,0
2022-03-07,133000.0,134500.0,131000.0,132000.0,137500.0,135925.0,155258.33333333334,165004.16666666666,101177
2022-03-08,129000.0,132000.0,129000.0,129500.0,136300.0,135500.0,154325.0,164825.0,120698
2022-03-10,129500.0,129500.0,129500.0,129500.0,134400.0,135075.0,153458.33333333334,164616.66666666666,0
2022-03-11,129500.0,129500.0,129500.0,129500.0,132200.0,134650.0,152541.66666666666,164383.33333333334,0
2022-03-14,130500.0,131000.0,123000.0,126000.0,129300.0,134000.0,151550.0,164058.33333333334,238834
2022-03-15,126000.0,126000.0,126000.0,126000.0,128100.0,133475.0,150625.0,163662.5,0
2022-03-16,126000.0,126000.0,126000.0,126000.0,127400.0,133075.0,149733.33333333334,163250.0,0
2022-03-17,126000.0,126000.0,126000.0,126000.0,126700.0,132825.0,148816.66666666666,162820.83333333334,0
2022-03-18,135500.0,137500.0,134000.0,135500.0,127900.0,132900.0,148100.0,162479.16666666666,117429
2022-03-21,135500.0,135500.0,135500.0,135500.0,129800.0,132950.0,147375.0,162154.16666666666,0
2022-03-22,142000.0,143500.0,140000.0,141000.0,132800.0,133200.0,146791.66666666666,161866.66666666666,99066
2022-03-23,142500.0,143500.0,140000.0,142000.0,136000.0,133500.0,146283.33333333334,161595.83333333334,124526
2022-03-24,140000.0,142500.0,138000.0,142500.0,139300.0,133825.0,145816.66666666666,161316.66666666666,101871
2022-03-25,142500.0,146500.0,142500.0,145000.0,141200.0,134275.0,145425.0,160933.33333333334,158914
2022-03-28,143000.0,145000.0,141000.0,144500.0,143000.0,135075.0,144983.33333333334,160533.33333333334,84823
2022-03-29,146000.0,149000.0,145500.0,146500.0,144100.0,135625.0,144583.33333333334,160095.83333333334,120829
2022-03-30,149000.0,149000.0,144500.0,146500.0,145000.0,136175.0,144241.66666666666,159908.33333333334,144925
2022-03-31,145500.0,154500.0,145500.0,154500.0,147400.0,136950.0,143908.33333333334,159820.83333333334,306192
2022-04-01,152500.0,155500.0,151000.0,154500.0,149300.0,137650.0,143600.0,159716.66666666666,198155
2022-04-04,154500.0,159500.0,153000.0,159000.0,152200.0,138575.0,143341.66666666666,159766.66666666666,294451
2022-04-05,161000.0,162000.0,157500.0,160000.0,154900.0,139975.0,143175.0,159812.5,249095
2022-04-06,158000.0,161500.0,156500.0,158500.0,157300.0,141425.0,143091.66666666666,159820.83333333334,193313
2022-04-07,156500.0,160000.0,155500.0,159000.0,158200.0,142900.0,143075.0,159870.83333333334,202724
2022-04-08,160000.0,168000.0,159000.0,166500.0,160600.0,144750.0,143150.0,159945.83333333334,430337
2022-04-11,165000.0,166500.0,158500.0,159500.0,160700.0,146425.0,143141.66666666666,159966.66666666666,239009
2022-04-12,155000.0,159000.0,152500.0,157000.0,160100.0,147975.0,143166.66666666666,159954.16666666666,315569
2022-04-13,157500.0,158500.0,153000.0,156000.0,159600.0,149475.0,143091.66666666666,159887.5,242800
2022-04-14,158000.0,161000.0,156000.0,158500.0,159500.0,151100.0,143033.33333333334,159808.33333333334,316876
2022-04-15,156500.0,158000.0,155500.0,156500.0,157500.0,152150.0,143025.0,159725.0,107414
2022-04-18,155000.0,156000.0,148000.0,148500.0,155300.0,152800.0,142900.0,159554.16666666666,313852
2022-04-19,149500.0,153500.0,149000.0,152500.0,154400.0,153375.0,142841.66666666666,159362.5,140128
2022-04-20,153000.0,153500.0,150000.0,152000.0,153600.0,153875.0,142825.0,159166.66666666666,83025
2022-04-21,153500.0,161000.0,152500.0,156000.0,153100.0,154550.0,142725.0,159000.0,254207
2022-04-22,153000.0,155000.0,152000.0,152500.0,152300.0,154925.0,142675.0,158812.5,95995
2022-04-25,149000.0,151000.0,145500.0,149000.0,152400.0,155150.0,142666.66666666666,158625.0,144426
2022-04-26,150000.0,154000.0,148500.0,150500.0,152000.0,155350.0,142741.66666666666,158395.83333333334,115213
2022-04-27,145500.0,152000.0,145000.0,150000.0,151600.0,155525.0,142808.33333333334,158245.83333333334,131951
2022-04-28,151500.0,153500.0,149000.0,153500.0,151100.0,155475.0,143000.0,158104.16666666666,124679
2022-04-29,153000.0,154000.0,150500.0,151500.0,150900.0,155325.0,143158.33333333334,157904.16666666666,150808
2022-05-02,148500.0,153500.0,148500.0,153000.0,151700.0,155025.0,143366.66666666666,157716.66666666666,120043
2022-05-03,153000.0,156500.0,152500.0,153500.0,152300.0,154700.0,143533.33333333334,157541.66666666666,104236
2022-05-04,153500.0,155000.0,153000.0,154000.0,153100.0,154475.0,143800.0,157391.66666666666,74692
2022-05-06,151000.0,152500.0,149500.0,152000.0,152800.0,154125.0,144033.33333333334,157166.66666666666,76238
2022-05-10,143500.0,150000.0,141000.0,148000.0,152100.0,153200.0,144200.0,156945.83333333334,237136
2022-05-11,147500.0,149500.0,145000.0,148000.0,151100.0,152625.0,144350.0,156700.0,144832
2022-05-12,145000.0,145500.0,139000.0,140000.0,148400.0,151775.0,144408.33333333334,156395.83333333334,263681
2022-05-13,141500.0,144500.0,140500.0,143500.0,146300.0,151150.0,144566.66666666666,156150.0,125829
2022-05-16,145000.0,147000.0,141000.0,141500.0,144200.0,150300.0,144741.66666666666,155912.5,101292
2022-05-17,140500.0,145000.0,140500.0,142500.0,143100.0,149600.0,144883.33333333334,155687.5,140999
2022-05-18,144000.0,149500.0,144000.0,148000.0,143100.0,149575.0,145108.33333333334,155408.33333333334,237566
2022-05-19,144000.0,154500.0,143000.0,153000.0,145700.0,149600.0,145391.66666666666,155116.66666666666,331118
2022-05-20,153000.0,158000.0,152000.0,156000.0,148200.0,149800.0,145725.0,154837.5,175461
2022-05-23,156500.0,157000.0,152500.0,154500.0,150800.0,149725.0,146033.33333333334,154562.5,120855
2022-05-24,153000.0,154000.0,148500.0,149000.0,152100.0,149550.0,146250.0,154170.83333333334,145488
2022-05-25,150000.0,150500.0,145000.0,149000.0,152300.0,149550.0,146591.66666666666,153754.16666666666,160835
2022-05-26,149500.0,153500.0,148500.0,149500.0,151600.0,149500.0,146825.0,153337.5,102648
2022-05-27,152000.0,156500.0,152000.0,154000.0,151200.0,149700.0,147133.33333333334,152962.5,196467
2022-05-30,155000.0,156000.0,153500.0,154000.0,151100.0,149725.0,147383.33333333334,152595.83333333334,125350
2022-05-31,154500.0,162000.0,154000.0,161000.0,153500.0,150200.0,147725.0,152329.16666666666,353404
2022-06-02,158500.0,162500.0,158500.0,159000.0,155500.0,150500.0,148033.33333333334,152116.66666666666,169803
2022-06-03,162500.0,166500.0,159500.0,165500.0,158700.0,151100.0,148591.66666666666,151925.0,493901
2022-06-07,165500.0,165500.0,152000.0,153500.0,158600.0,151075.0,148991.66666666666,151658.33333333334,429153
2022-06-08,155500.0,157500.0,153500.0,157500.0,159300.0,151350.0,149458.33333333334,151458.33333333334,164137
2022-06-09,157000.0,161500.0,156000.0,160000.0,159100.0,151950.0,149966.66666666666,151254.16666666666,251205
2022-06-10,158000.0,163000.0,157000.0,163000.0,159900.0,152700.0,150583.33333333334,151066.66666666666,217080
2022-06-13,158000.0,159500.0,155000.0,155000.0,157800.0,153450.0,151066.66666666666,150845.83333333334,242567
2022-06-14,152000.0,161000.0,152000.0,159000.0,158900.0,154225.0,151616.66666666666,150675.0,275915
2022-06-15,157500.0,160000.0,151500.0,153500.0,158100.0,154825.0,152075.0,150445.83333333334,183057
2022-06-16,158000.0,164500.0,157000.0,160500.0,158200.0,155725.0,152491.66666666666,150295.83333333334,306924
2022-06-17,157500.0,167500.0,157000.0,166500.0,158900.0,156650.0,153008.33333333334,150191.66666666666,435704
2022-06-20,167500.0,168500.0,162500.0,164500.0,160800.0,157225.0,153400.0,150095.83333333334,244933
2022-06-21,165500.0,167500.0,158000.0,161000.0,161200.0,157475.0,153716.66666666666,150000.0,289116
2022-06-22,162000.0,163000.0,155000.0,155000.0,161500.0,157500.0,153925.0,149870.83333333334,250205
2022-06-23,154500.0,156500.0,145500.0,146000.0,158600.0,157350.0,153941.66666666666,149683.33333333334,366027
2022-06-24,147500.0,154000.0,145000.0,151500.0,155600.0,157475.0,154058.33333333334,149520.83333333334,277533
2022-06-27,152500.0,155500.0,151000.0,153500.0,153400.0,157675.0,154175.0,149379.16666666666,155898
2022-06-28,153000.0,158000.0,152500.0,156500.0,152500.0,157800.0,154341.66666666666,149291.66666666666,120782
2022-06-29,154000.0,155000.0,146500.0,147500.0,151000.0,157475.0,154225.0,149066.66666666666,342847
2022-06-30,147000.0,148500.0,131000.0,133000.0,148400.0,156075.0,153866.66666666666,148733.33333333334,682743
2022-07-01,134000.0,135500.0,129000.0,130500.0,144200.0,154650.0,153391.66666666666,148366.66666666666,421228
2022-07-04,131000.0,132000.0,124500.0,128000.0,139100.0,152775.0,152858.33333333334,148016.66666666666,291434
2022-07-05,128000.0,132500.0,126500.0,131500.0,134100.0,151675.0,152408.33333333334,147750.0,252812
2022-07-06,130500.0,134000.0,128000.0,128500.0,130300.0,150225.0,151900.0,147487.5,214968
2022-07-07,130500.0,134000.0,128000.0,131500.0,130000.0,148800.0,151316.66666666666,147233.33333333334,173512
2022-07-08,133000.0,137000.0,132000.0,132000.0,130300.0,147250.0,150858.33333333334,147000.0,177663
2022-07-11,132000.0,133000.0,129000.0,130000.0,130700.0,146000.0,150408.33333333334,146787.5,128916
2022-07-12,128500.0,129000.0,124000.0,125000.0,129400.0,144300.0,149891.66666666666,146491.66666666666,238384
2022-07-13,124500.0,127000.0,122500.0,126000.0,128900.0,142925.0,149350.0,146191.66666666666,185884
2022-07-14,125500.0,129500.0,124000.0,128000.0,128200.0,141300.0,148875.0,145950.0,237941
2022-07-15,128500.0,128500.0,123500.0,125000.0,126800.0,139225.0,148483.33333333334,145691.66666666666,191972
2022-07-18,126500.0,127000.0,123000.0,127000.0,126200.0,137350.0,148058.33333333334,145450.0,170211
2022-07-19,126000.0,128500.0,124500.0,126000.0,126400.0,135600.0,147625.0,145225.0,114464
2022-07-20,129000.0,130000.0,127500.0,128500.0,126900.0,134275.0,147166.66666666666,144945.83333333334,143205
2022-07-21,129000.0,130500.0,127000.0,130000.0,127300.0,133475.0,146791.66666666666,144733.33333333334,179632
2022-07-22,131000.0,136000.0,131000.0,132000.0,128700.0,132500.0,146508.33333333334,144587.5,268630
2022-07-25,132000.0,133000.0,130500.0,132000.0,129700.0,131425.0,146200.0,144470.83333333334,87778
2022-07-26,131500.0,134000.0,129500.0,132500.0,131000.0,130225.0,145908.33333333334,144358.33333333334,110880
2022-07-27,132500.0,133000.0,129500.0,131000.0,131500.0,129400.0,145533.33333333334,144266.66666666666,99697
2022-07-28,132500.0,137500.0,132000.0,135500.0,132600.0,129525.0,145266.66666666666,144212.5,229210
2022-07-29,137500.0,139000.0,135000.0,136000.0,133400.0,129800.0,144983.33333333334,144175.0,117964
2022-08-01,137000.0,141500.0,135500.0,140500.0,135100.0,130425.0,144766.66666666666,144150.0,143727
2022-08-02,141000.0,141000.0,136000.0,137500.0,136100.0,130725.0,144491.66666666666,144145.83333333334,156833
2022-08-03,137500.0,140000.0,136500.0,139000.0,137700.0,131250.0,144275.0,144154.16666666666,128218
2022-08-04,141000.0,141500.0,137500.0,138000.0,138200.0,131575.0,144108.33333333334,144154.16666666666,121929
2022-08-05,138500.0,141500.0,138000.0,139000.0,138800.0,131925.0,143958.33333333334,144154.16666666666,114220
2022-08-08,137500.0,141500.0,135500.0,139000.0,138500.0,132375.0,143941.66666666666,144175.0,187732
2022-08-09,137500.0,138000.0,128500.0,131500.0,137300.0,132700.0,143741.66666666666,144154.16666666666,659234
2022-08-10,131000.0,134000.0,130500.0,131500.0,135800.0,132975.0,143575.0,144158.33333333334,229697
2022-08-11,133500.0,135000.0,131000.0,133000.0,134800.0,133225.0,143416.66666666666,144150.0,309345
2022-08-12,132000.0,140000.0,132000.0,138000.0,134600.0,133875.0,143250.0,144179.16666666666,356640
2022-08-16,139500.0,139500.0,136500.0,137000.0,134200.0,134375.0,142983.33333333334,144187.5,170996
2022-08-17,137000.0,138000.0,134000.0,134500.0,134800.0,134800.0,142625.0,144175.0,132822
2022-08-18,134000.0,134000.0,131000.0,132500.0,135000.0,135000.0,142258.33333333334,144145.83333333334,151981
2022-08-19,133500.0,133500.0,127500.0,128000.0,134000.0,134900.0,141908.33333333334,144079.16666666666,248511
2022-08-22,126000.0,130000.0,125000.0,128000.0,132000.0,134700.0,141558.33333333334,144075.0,145342
2022-08-23,127500.0,128000.0,123000.0,124500.0,129500.0,134325.0,141141.66666666666,143983.33333333334,240404
2022-08-24,126000.0,127000.0,124000.0,126500.0,127900.0,134025.0,140683.33333333334,143908.33333333334,123901
2022-08-25,126500.0,130000.0,126000.0,127000.0,126800.0,133825.0,140233.33333333334,143808.33333333334,145122
2022-08-26,128000.0,128500.0,124500.0,125500.0,126300.0,133325.0,139641.66666666666,143683.33333333334,162457
2022-08-29,120000.0,122500.0,119500.0,121000.0,124900.0,132575.0,139008.33333333334,143520.83333333334,312168
2022-08-30,120500.0,122000.0,116000.0,118500.0,123700.0,131475.0,138225.0,143408.33333333334,529711
2022-08-31,117000.0,121500.0,116500.0,121500.0,122700.0,130675.0,137691.66666666666,143341.66666666666,288226
2022-09-01,119500.0,120000.0,113000.0,114000.0,120100.0,129425.0,136966.66666666666,143212.5,406153
2022-09-02,115000.0,116500.0,112500.0,115000.0,118000.0,128275.0,136216.66666666666,143091.66666666666,186736
2022-09-05,113500.0,115000.0,111000.0,112000.0,116200.0,126925.0,135366.66666666666,142975.0,315716
2022-09-06,111500.0,114500.0,111500.0,112500.0,115000.0,125600.0,134658.33333333334,142862.5,154254
2022-09-07,111500.0,112500.0,109000.0,111000.0,112900.0,124575.0,133858.33333333334,142737.5,214137
2022-09-08,112000.0,113500.0,110500.0,111000.0,112300.0,123550.0,133150.0,142612.5,210660
2022-09-13,113000.0,117500.0,113000.0,115500.0,112400.0,122675.0,132400.0,142445.83333333334,279102
2022-09-14,111000.0,112500.0,109500.0,110000.0,112000.0,121275.0,131458.33333333334,142233.33333333334,326821
2022-09-15,111000.0,114000.0,110000.0,111000.0,111700.0,119975.0,130566.66666666667,141983.33333333334,230498
2022-09-16,110000.0,112500.0,107000.0,108500.0,111200.0,118675.0,129691.66666666667,141704.16666666666,200759
2022-09-19,108500.0,109000.0,104500.0,106000.0,110200.0,117350.0,128875.0,141400.0,239440
2022-09-20,106500.0,107500.0,102500.0,105000.0,108100.0,116200.0,128191.66666666667,141066.66666666666,321699
2022-09-21,103500.0,104000.0,101500.0,103000.0,106700.0,114950.0,127383.33333333333,140720.83333333334,273041
2022-09-22,100500.0,101500.0,98700.0,101500.0,104800.0,113800.0,126516.66666666667,140345.83333333334,480377
2022-09-23,101500.0,101500.0,96600.0,97600.0,102620.0,112355.0,125535.0,139938.33333333334,313094
2022-09-26,94500.0,96300.0,93600.0,93600.0,100140.0,110685.0,124636.66666666667,139430.83333333334,325519
2022-09-27,93000.0,94300.0,90900.0,92800.0,97700.0,109050.0,123966.66666666667,138916.66666666666,238187
2022-09-28,92000.0,92400.0,86500.0,88500.0,94800.0,107425.0,123266.66666666667,138329.16666666666,613461
2022-09-29,89500.0,90700.0,86000.0,86000.0,91700.0,105800.0,122566.66666666667,137712.5,352591
2022-09-30,84700.0,87200.0,83400.0,83900.0,88960.0,103920.0,121773.33333333333,137090.83333333334,401487
2022-10-04,84400.0,87800.0,84400.0,87600.0,87760.0,102600.0,121091.66666666667,136495.83333333334,209299
2022-10-05,89400.0,89400.0,85100.0,85200.0,86240.0,101110.0,120320.0,135818.33333333334,197209
2022-10-06,86000.0,88300.0,86000.0,87800.0,86100.0,99900.0,119583.33333333333,135220.83333333334,163827
2022-10-07,86700.0,93400.0,85800.0,92600.0,87420.0,98905.0,118960.0,134684.16666666666,501121
2022-10-11,92300.0,92400.0,83800.0,84000.0,87440.0,97555.0,118276.66666666667,134084.16666666666,644657
2022-10-12,85000.0,92800.0,84200.0,92600.0,88440.0,96635.0,117720.0,133535.0,536807
2022-10-13,92200.0,95700.0,92000.0,92500.0,89900.0,95485.0,117128.33333333333,133001.66666666666,557411
2022-10-14,95000.0,102000.0,94600.0,99200.0,92180.0,94945.0,116698.33333333333,132590.83333333334,597232
2022-10-17,97700.0,103500.0,96900.0,100500.0,93760.0,94420.0,116256.66666666667,132157.5,378244
2022-10-18,102000.0,103000.0,97600.0,99000.0,96760.0,93945.0,115806.66666666667,131715.83333333334,366439
2022-10-19,100500.0,104000.0,98900.0,100000.0,98240.0,93645.0,115331.66666666667,131249.16666666666,410446
2022-10-20,99700.0,99700.0,95200.0,97500.0,99240.0,93270.0,114790.0,130790.83333333333,361810
2022-10-21,96300.0,99200.0,96000.0,97600.0,98920.0,93000.0,114216.66666666667,130362.5,206043
2022-10-24,99200.0,102000.0,98300.0,100500.0,98920.0,92950.0,113691.66666666667,129945.83333333333,326485
2022-10-25,100500.0,100500.0,96700.0,97300.0,98580.0,92935.0,113105.0,129506.66666666667,250715
2022-10-26,98500.0,101000.0,96000.0,96500.0,97880.0,93080.0,112530.0,129031.66666666667,435380
2022-10-27,97500.0,103500.0,97500.0,103000.0,98980.0,93590.0,111988.33333333333,128627.5,449950
2022-10-28,103000.0,106500.0,101500.0,104000.0,100260.0,94365.0,111455.0,128219.16666666667,342321
2022-10-31,106000.0,106500.0,102500.0,103500.0,100860.0,95240.0,110838.33333333333,127802.5,216129
2022-11-01,104000.0,107500.0,102500.0,104500.0,102300.0,96270.0,110288.33333333333,127390.0,213285
2022-11-02,104000.0,107000.0,102000.0,103500.0,103700.0,97065.0,109696.66666666667,126985.83333333333,220421
2022-11-03,101500.0,108500.0,101000.0,107000.0,104500.0,98155.0,109180.0,126644.16666666667,300682
2022-11-04,106500.0,109000.0,105500.0,107000.0,105100.0,99115.0,108646.66666666667,126302.5,183441
2022-11-07,106000.0,106500.0,103500.0,105500.0,105500.0,99760.0,108088.33333333333,126015.0,154470
2022-11-08,106000.0,107000.0,102000.0,106000.0,105800.0,100860.0,107663.33333333333,125702.5,180915
2022-11-09,106500.0,107000.0,105000.0,106500.0,106400.0,101555.0,107246.66666666667,125410.83333333333,150982
2022-11-10,104500.0,109500.0,102500.0,106000.0,106200.0,102230.0,106796.66666666667,125106.66666666667,453604
2022-11-11,110000.0,111500.0,107000.0,111000.0,107000.0,102820.0,106346.66666666667,124798.33333333333,462760
2022-11-14,114000.0,117500.0,113000.0,114500.0,108800.0,103520.0,105971.66666666667,124477.5,435080
2022-11-15,114500.0,115500.0,113000.0,115500.0,110700.0,104345.0,105655.0,124140.0,193702
2022-11-16,115500.0,115500.0,111500.0,112500.0,111900.0,104970.0,105321.66666666667,123790.0,226225
2022-11-17,112000.0,113000.0,111000.0,112000.0,113100.0,105695.0,105055.0,123481.66666666667,125935
2022-11-18,112000.0,113000.0,108000.0,108500.0,112600.0,106240.0,104730.0,123144.16666666667,253905
2022-11-21,109000.0,109500.0,104500.0,106500.0,111000.0,106540.0,104430.0,122785.83333333333,183283
2022-11-22,105500.0,106500.0,101500.0,102000.0,108300.0,106775.0,104021.66666666667,122352.5,326613
2022-11-23,103000.0,107500.0,102000.0,105500.0,106900.0,107225.0,103663.33333333333,121948.33333333333,286994
2022-11-24,106500.0,110500.0,106000.0,110000.0,106500.0,107575.0,103405.0,121523.33333333333,149055
2022-11-25,109500.0,112500.0,108500.0,110500.0,106900.0,107900.0,103230.0,121119.16666666667,148031
2022-11-28,110000.0,111500.0,108000.0,109000.0,107400.0,108175.0,103071.66666666667,120648.33333333333,114618
2022-11-29,109000.0,111500.0,107000.0,109500.0,108900.0,108425.0,102871.66666666667,120281.66666666667,130574
2022-11-30,108500.0,113000.0,108000.0,112000.0,110200.0,108850.0,102838.33333333333,119902.5,175407
2022-12-01,113500.0,114500.0,111500.0,113500.0,110900.0,109175.0,102813.33333333333,119515.0,162816
2022-12-02,113500.0,113500.0,110000.0,111000.0,111000.0,109375.0,102796.66666666667,119081.66666666667,145125
2022-12-05,111000.0,112500.0,109500.0,112000.0,111600.0,109700.0,102788.33333333333,118723.33333333333,120813
2022-12-06,110500.0,111500.0,106500.0,107000.0,111100.0,109750.0,102721.66666666667,118290.0,204457
2022-12-07,106000.0,108000.0,106000.0,107000.0,110100.0,109775.0,102655.0,117902.5,160265
2022-12-08,107500.0,108000.0,103500.0,105500.0,108500.0,109750.0,102488.33333333333,117444.16666666667,218054
2022-12-09,105000.0,105500.0,97900.0,98100.0,105920.0,109105.0,102290.0,116874.16666666667,477073
2022-12-12,98200.0,101000.0,97000.0,100500.0,103620.0,108405.0,102115.0,116340.83333333333,260524
2022-12-13,100500.0,101500.0,99300.0,101500.0,102520.0,107705.0,101998.33333333333,115845.0,153078
2022-12-14,101500.0,104500.0,100500.0,104000.0,101920.0,107280.0,101965.0,115420.0,106930
2022-12-15,102500.0,104500.0,100000.0,102000.0,101220.0,106780.0,101915.0,115053.33333333333,175249
2022-12-16,100000.0,102000.0,99700.0,101500.0,101900.0,106430.0,101890.0,114636.66666666667,115883
2022-12-19,100500.0,101500.0,99200.0,99900.0,101780.0,106100.0,101863.33333333333,114190.0,176036
2022-12-20,100000.0,100500.0,95900.0,96300.0,100740.0,105815.0,101841.66666666667,113688.33333333333,217186
2022-12-21,97200.0,97600.0,93500.0,93700.0,98680.0,105225.0,101843.33333333333,113240.0,192063
2022-12-22,94200.0,97000.0,93800.0,96400.0,97560.0,104545.0,101903.33333333333,112935.0,136961
2022-12-23,94900.0,95900.0,92200.0,92400.0,95740.0,103640.0,101968.33333333333,112617.5,146808
2022-12-26,92400.0,93200.0,91400.0,92800.0,94320.0,102830.0,102081.66666666667,112324.16666666667,119402
2022-12-27,93700.0,94300.0,92300.0,92900.0,93640.0,102000.0,102231.66666666667,112002.5,109614
2022-12-28,91500.0,91600.0,88800.0,89400.0,92780.0,100870.0,102261.66666666667,111676.66666666667,181192
2022-12-29,88500.0,90200.0,87800.0,88500.0,91200.0,99620.0,102316.66666666667,111318.33333333333,116511
2023-01-02,89800.0,91200.0,87400.0,88100.0,90340.0,98475.0,102321.66666666667,110952.5,100660
2023-01-03,88100.0,88400.0,85900.0,87900.0,89360.0,97270.0,102243.33333333333,110601.66666666667,257299
2023-01-04,86300.0,88400.0,84800.0,88100.0,88400.0,96325.0,102311.66666666667,110294.16666666667,188074
2023-01-05,88900.0,89800.0,87100.0,88000.0,88120.0,95375.0,102235.0,109977.5,184038
2023-01-06,88000.0,91900.0,87000.0,91100.0,88640.0,94655.0,102211.66666666667,109670.0,139455
2023-01-09,91800.0,94300.0,90600.0,94100.0,89840.0,94455.0,102126.66666666667,109412.5,129592
2023-01-10,93600.0,94800.0,92300.0,92700.0,90800.0,94065.0,101996.66666666667,109126.66666666667,142643
2023-01-11,93000.0,94900.0,92800.0,93500.0,91880.0,93665.0,101905.0,108855.83333333333,147115
2023-01-12,94300.0,94300.0,91800.0,93000.0,92880.0,93115.0,101788.33333333333,108560.0,246842
2023-01-13,93900.0,95400.0,93200.0,93800.0,93420.0,92705.0,101726.66666666667,108258.33333333333,172413
2023-01-16,94100.0,95400.0,93000.0,94700.0,93540.0,92365.0,101678.33333333333,107947.5,109709
2023-01-17,95200.0,95300.0,93900.0,94200.0,93840.0,92080.0,101573.33333333333,107632.5,87722
2023-01-18,95300.0,95300.0,92700.0,94500.0,94040.0,91990.0,101526.66666666667,107315.83333333333,80886
2023-01-19,93100.0,93600.0,92200.0,92300.0,93900.0,91920.0,101456.66666666667,106993.33333333333,98417
2023-01-20,92000.0,93300.0,91800.0,93100.0,93760.0,91755.0,101291.66666666667,106640.0,81766
2023-01-25,93500.0,95500.0,93300.0,95500.0,93920.0,91910.0,101150.0,106302.5,733
2023-01-26,95600.0,98900.0,94100.0,98400.0,94760.0,92190.0,101065.0,105951.66666666667,1016
2023-01-27,99200.0,99300.0,96800.0,97900.0,95440.0,92440.0,100955.0,105621.66666666667,1087
2023-01-30,97800.0,98200.0,95000.0,95100.0,96000.0,92725.0,100815.0,105255.83333333333,775
2023-01-31,94800.0,96900.0,93500.0,95600.0,96500.0,93080.0,100625.0,104902.5,399
2023-02-01,95300.0,97500.0,95300.0,97400.0,96880.0,93545.0,100465.0,104555.83333333333,398
2023-02-02,98800.0,100400.0,98100.0,97400.0,96680.0,94020.0,100330.0,104209.16666666667,686
2023-02-03,99000.0,99400.0,97200.0,98200.0,96740.0,94525.0,100200.0,103931.66666666667,509
2023-02-06,97200.0,99200.0,96100.0,96200.0,96960.0,94935.0,100028.33333333333,103637.5,1401
2023-02-07,95100.0,101200.0,93400.0,100400.0,97920.0,95400.0,99935.0,103365.83333333333,671
2023-02-08,100800.0,101000.0,95700.0,95800.0,97600.0,95485.0,99681.66666666667,103014.16666666667,2127
2023-02-09,95800.0,97000.0,94800.0,96100.0,97340.0,95655.0,99375.0,102673.33333333333,1887
2023-02-10,95600.0,95700.0,92000.0,93100.0,96320.0,95635.0,99001.66666666667,102328.33333333333,1818
2023-02-13,92700.0,93300.0,90900.0,91800.0,95440.0,95575.0,98656.66666666667,101989.16666666667,1397
2023-02-14,92300.0,93200.0,91600.0,92600.0,93880.0,95515.0,98333.33333333333,101694.16666666667,743
2023-02-15,92800.0,93500.0,89400.0,89700.0,92660.0,95265.0,98020.0,101375.0,1886
2023-02-16,90200.0,92200.0,90000.0,92000.0,91840.0,95155.0,97778.33333333333,101104.16666666667,1044
2023-02-17,90600.0,91100.0,89300.0,90900.0,91400.0,94975.0,97593.33333333333,100807.5,1204
2023-02-20,94300.0,99700.0,93500.0,97300.0,92500.0,95225.0,97456.66666666667,100560.0,2615
2023-02-21,96600.0,102300.0,95500.0,100700.0,94120.0,95605.0,97301.66666666667,100353.33333333333,2465
2023-02-22,97800.0,98000.0,94300.0,94400.0,95060.0,95550.0,97033.33333333333,100131.66666666667,3055
2023-02-23,94700.0,95400.0,92800.0,94100.0,95480.0,95335.0,96785.0,99928.33333333333,1034
2023-02-24,94900.0,94900.0,92200.0,93200.0,95940.0,95100.0,96513.33333333333,99692.5,1071
2023-02-27,92100.0,92800.0,90200.0,91500.0,94780.0,94920.0,96171.66666666667,99505.0,176528
2023-02-28,92000.0,100000.0,92000.0,98000.0,94240.0,95040.0,95913.33333333333,99363.33333333333,596975
2023-03-02,98000.0,104400.0,96500.0,103000.0,95960.0,95320.0,95780.0,99288.33333333333,611718
2023-03-03,104200.0,112700.0,104200.0,112300.0,99600.0,96065.0,95785.0,99286.66666666667,843665
2023-03-06,114100.0,114900.0,109200.0,110300.0,103020.0,96670.0,95840.0,99280.83333333333,613865
2023-03-07,110300.0,116400.0,106100.0,114900.0,107700.0,97605.0,95971.66666666667,99313.33333333333,896781
2023-03-08,112400.0,113500.0,108200.0,108600.0,109820.0,98015.0,96023.33333333333,99255.83333333333,508762
2023-03-09,109500.0,109900.0,104500.0,104800.0,110180.0,98465.0,96135.0,99212.5,389528
2023-03-10,102100.0,105800.0,101900.0,103500.0,108420.0,98835.0,96185.0,99150.0,259019
2023-03-13,103500.0,107500.0,102100.0,107400.0,107840.0,99550.0,96283.33333333333,99140.83333333333,285056
2023-03-14,105500.0,105500.0,101200.0,103400.0,105540.0,100130.0,96273.33333333333,99119.16666666667,315114
2023-03-15,105400.0,107400.0,102100.0,103000.0,104420.0,100650.0,96290.0,99102.5,253760
2023-03-16,101500.0,103100.0,100000.0,101100.0,103680.0,101220.0,96283.33333333333,99086.66666666667,235831
2023-03-17,103200.0,104000.0,99000.0,99800.0,102940.0,101610.0,96281.66666666667,99072.5,296532
2023-03-20,100000.0,102500.0,98200.0,100100.0,101480.0,102070.0,96345.0,99093.33333333333,166001
2023-03-21,100600.0,103100.0,99000.0,102500.0,101300.0,102330.0,96491.66666666667,99167.5,203194
2023-03-22,103900.0,109000.0,102300.0,108100.0,102320.0,102700.0,96686.66666666667,99295.0,427861
2023-03-23,106800.0,108300.0,104000.0,105800.0,103260.0,103270.0,96910.0,99439.16666666667,427282
2023-03-24,106000.0,106900.0,101200.0,102400.0,103780.0,103685.0,97070.0,99575.83333333333,294755
2023-03-27,103200.0,107200.0,103100.0,104300.0,104620.0,104240.0,97260.0,99745.83333333333,281298
2023-03-28,105600.0,106100.0,103800.0,105300.0,105180.0,104930.0,97525.0,99893.33333333333,161544
2023-03-29,105300.0,109300.0,103200.0,108000.0,105160.0,105430.0,97850.0,100083.33333333333,295156
2023-03-30,110000.0,111600.0,107000.0,109100.0,105820.0,105735.0,98200.0,100260.83333333333,477280
2023-03-31,113000.0,121000.0,112200.0,114300.0,108200.0,105835.0,98640.0,100441.66666666667,1225597
2023-04-03,117000.0,117400.0,109200.0,109300.0,109200.0,105785.0,98993.33333333333,100652.5,657274
2023-04-04,110000.0,122200.0,110000.0,113000.0,110740.0,105690.0,99410.0,100822.5,1231368
2023-04-05,120500.0,122300.0,114400.0,116300.0,112400.0,106075.0,99830.0,101020.83333333333,1586278
2023-04-06,114500.0,114700.0,109500.0,111400.0,112860.0,106405.0,100118.33333333333,101122.5,682763
2023-04-07,111800.0,114100.0,110200.0,113500.0,112700.0,106905.0,100465.0,101230.83333333333,444609
2023-04-10,114500.0,116200.0,111100.0,112000.0,113240.0,107135.0,100773.33333333333,101339.16666666667,546791
2023-04-11,113500.0,115700.0,108200.0,110800.0,112800.0,107505.0,101070.0,101429.16666666667,572456
2023-04-12,110800.0,110900.0,104800.0,105800.0,110700.0,107645.0,101270.0,101498.33333333333,634127
2023-04-13,104100.0,109200.0,103100.0,108600.0,110140.0,108020.0,101501.66666666667,101590.0,461608
2023-04-14,108200.0,109900.0,107600.0,109800.0,109400.0,108520.0,101761.66666666667,101667.5,265339
2023-04-17,110300.0,110500.0,107500.0,109400.0,108880.0,108985.0,102010.0,101768.33333333333,258391
2023-04-18,109500.0,110400.0,107100.0,108000.0,108320.0,109260.0,102271.66666666667,101864.16666666667,287710
2023-04-19,107900.0,110800.0,107000.0,108900.0,108940.0,109300.0,102535.0,101913.33333333333,270015
2023-04-20,108700.0,109600.0,106200.0,107100.0,108640.0,109365.0,102728.33333333333,101939.16666666667,218050
2023-04-21,106800.0,108400.0,105600.0,106900.0,108060.0,109590.0,102870.0,101967.5,205660
2023-04-24,106800.0,107900.0,104500.0,105000.0,107180.0,109625.0,102988.33333333333,101971.66666666667,186288
2023-04-25,104800.0,105300.0,100600.0,101700.0,105920.0,109445.0,103098.33333333333,101956.66666666667,315375
2023-04-26,101000.0,101500.0,99100.0,99700.0,104080.0,109030.0,103166.66666666667,101895.83333333333,314808
2023-04-27,98500.0,100500.0,97800.0,99600.0,102580.0,108555.0,103203.33333333333,101834.16666666667,264929
2023-04-28,100500.0,100900.0,98600.0,99400.0,101080.0,107810.0,103236.66666666667,101783.33333333333,264416
2023-05-02,99700.0,101100.0,98500.0,99600.0,100000.0,107325.0,103260.0,101730.0,172476
2023-05-03,98900.0,99900.0,97300.0,97800.0,99220.0,106565.0,103286.66666666667,101657.5,172235
2023-05-04,97900.0,98700.0,95400.0,98200.0,98920.0,105660.0,103250.0,101592.5,203439
2023-05-08,99100.0,100400.0,98500.0,100100.0,99020.0,105095.0,103321.66666666667,101501.66666666667,212145
2023-05-09,100400.0,100800.0,97900.0,99500.0,99040.0,104395.0,103378.33333333333,101376.66666666667,213515
2023-05-10,98900.0,100000.0,97000.0,97400.0,98600.0,103665.0,103450.0,101225.83333333333,178104
2023-05-11,97900.0,98300.0,94600.0,95100.0,98060.0,102880.0,103505.0,101080.83333333333,208799
2023-05-12,94200.0,95200.0,93800.0,93800.0,97180.0,102280.0,103525.0,100929.16666666667,166789
2023-05-15,92700.0,93500.0,91200.0,92300.0,95620.0,101465.0,103568.33333333333,100794.16666666667,172992
2023-05-16,92700.0,93500.0,91600.0,92000.0,94120.0,100575.0,103568.33333333333,100673.33333333333,137472
2023-05-17,91700.0,93900.0,91300.0,93800.0,93400.0,99795.0,103616.66666666667,100605.0,114743
2023-05-18,94100.0,94200.0,91700.0,93200.0,93020.0,99055.0,103548.33333333333,100502.5,177292
2023-05-19,93400.0,93900.0,92200.0,93500.0,92960.0,98285.0,103428.33333333333,100365.0,192667
2023-05-22,95100.0,96800.0,94200.0,96100.0,93720.0,97735.0,103456.66666666667,100245.0,238159
2023-05-23,96300.0,97500.0,95700.0,96100.0,94540.0,97195.0,103490.0,100137.5,186246
2023-05-24,95300.0,96800.0,95200.0,96400.0,95060.0,96765.0,103543.33333333333,100028.33333333333,118991
2023-05-25,96400.0,97400.0,95600.0,95900.0,95600.0,96475.0,103616.66666666667,99894.16666666667,99044
2023-05-26,95500.0,96200.0,94300.0,94500.0,95800.0,96215.0,103558.33333333333,99735.83333333333,104820
2023-05-30,94500.0,95700.0,93500.0,95700.0,95720.0,96020.0,103436.66666666667,99608.33333333333,179525
2023-05-31,95600.0,96700.0,94700.0,94900.0,95480.0,95795.0,103146.66666666667,99465.83333333333,358372
2023-06-01,94700.0,95800.0,94000.0,94500.0,95100.0,95540.0,102883.33333333333,99361.66666666667,154302
2023-06-02,94900.0,103500.0,94900.0,102600.0,96440.0,95780.0,102678.33333333333,99325.0,563063
2023-06-05,103500.0,105000.0,101000.0,104600.0,98460.0,96100.0,102611.66666666667,99317.5,310283
2023-06-07,103800.0,108600.0,103700.0,107900.0,100900.0,96490.0,102663.33333333333,99399.16666666667,440558
2023-06-08,107800.0,110500.0,106400.0,108200.0,103560.0,96925.0,102741.66666666667,99463.33333333333,357374
2023-06-09,108800.0,110600.0,108800.0,110300.0,106720.0,97570.0,102790.0,99536.66666666667,254532
2023-06-12,110200.0,110800.0,108700.0,109300.0,108060.0,98280.0,102888.33333333333,99580.83333333333,213982
2023-06-13,110800.0,111500.0,109000.0,110000.0,109140.0,99090.0,103005.0,99647.5,219343
2023-06-14,111000.0,111000.0,106600.0,107400.0,109040.0,99845.0,103110.0,99696.66666666667,246122
2023-06-15,107200.0,109600.0,106000.0,107300.0,108860.0,100610.0,103235.0,99758.33333333333,217523
2023-06-16,107600.0,108500.0,106100.0,107400.0,108280.0,101290.0,103356.66666666667,99850.83333333333,159731
2023-06-19,107100.0,107700.0,104400.0,106100.0,107640.0,101935.0,103416.66666666667,99954.16666666667,160063
2023-06-20,105900.0,106100.0,103200.0,104600.0,106560.0,102490.0,103358.33333333333,100022.5,156627
2023-06-21,106100.0,107600.0,105000.0,106200.0,106320.0,102995.0,103365.0,100137.5,143835
2023-06-22,105000.0,107300.0,102800.0,106600.0,106180.0,103520.0,103435.0,100252.5,163241
2023-06-23,107900.0,109700.0,106200.0,107600.0,106220.0,104080.0,103490.0,100375.0,161817
2023-06-26,107500.0,107500.0,102100.0,102600.0,105520.0,104415.0,103445.0,100485.0,262637
2023-06-27,102300.0,103600.0,101500.0,102100.0,105020.0,104795.0,103346.66666666667,100598.33333333333,147378
2023-06-28,102500.0,103000.0,98000.0,98000.0,103380.0,104910.0,103161.66666666667,100680.83333333333,223699
2023-06-29,98000.0,98400.0,96300.0,96300.0,101320.0,104980.0,102861.66666666667,100750.83333333333,176928
2023-06-30,96300.0,98500.0,95500.0,97600.0,99320.0,105135.0,102666.66666666667,100830.0,132185
2023-07-03,97600.0,100200.0,97600.0,99900.0,98780.0,105000.0,102448.33333333333,100929.16666666667,140112
2023-07-04,99900.0,102300.0,98500.0,100600.0,98480.0,104800.0,102186.66666666667,101008.33333333333,217717
2023-07-05,101000.0,108600.0,101000.0,106600.0,100200.0,104735.0,102106.66666666667,101112.5,420775
2023-07-06,107700.0,107800.0,102900.0,103200.0,101580.0,104485.0,101935.0,101200.0,242137
2023-07-07,102800.0,106000.0,102700.0,104300.0,102920.0,104185.0,101806.66666666667,101290.0,215528
2023-07-10,106000.0,107100.0,98200.0,100100.0,102960.0,103725.0,101628.33333333333,101349.16666666667,322846
2023-07-11,101400.0,105400.0,101300.0,103800.0,103600.0,103415.0,101595.0,101432.5,193048
2023-07-12,104200.0,104700.0,100700.0,101100.0,102500.0,103100.0,101470.0,101485.83333333333,168216
2023-07-13,101800.0,103500.0,100000.0,100000.0,101860.0,102735.0,101306.66666666667,101534.16666666667,298180
2023-07-14,101400.0,102200.0,99200.0,100400.0,101080.0,102385.0,101156.66666666667,101583.33333333333,269848
2023-07-17,99800.0,100500.0,98000.0,99700.0,101000.0,102065.0,101018.33333333333,101645.0,140803
2023-07-18,99500.0,100200.0,97100.0,100000.0,100240.0,101835.0,100870.0,101702.5,334697
2023-07-19,100000.0,100000.0,95900.0,96300.0,99280.0,101340.0,100690.0,101709.16666666667,388514
2023-07-20,96300.0,100300.0,95200.0,97900.0,98860.0,100905.0,100540.0,101705.0,270333
2023-07-21,96500.0,97800.0,96000.0,96800.0,98140.0,100365.0,100403.33333333333,101695.83333333333,145573
2023-07-24,96800.0,99800.0,94300.0,99000.0,98000.0,100185.0,100358.33333333333,101728.33333333333,305950
2023-07-25,101000.0,101800.0,96100.0,97300.0,97460.0,99945.0,100318.33333333333,101742.5,374078
2023-07-26,97800.0,111000.0,97600.0,103000.0,98800.0,100195.0,100375.0,101789.16666666667,1822591
2023-07-27,104900.0,105900.0,94500.0,95300.0,98280.0,100145.0,100306.66666666667,101771.66666666667,736795
2023-07-28,94600.0,95600.0,92800.0,94800.0,97880.0,100005.0,100226.66666666667,101743.33333333333,327444
2023-07-31,95800.0,101300.0,95600.0,99200.0,97920.0,99970.0,100250.0,101768.33333333333,409516
2023-08-01,101600.0,108000.0,101100.0,103000.0,99060.0,100090.0,100330.0,101790.0,590891
2023-08-02,101000.0,102300.0,98700.0,99600.0,98380.0,99740.0,100321.66666666667,101821.66666666667,282431
2023-08-03,100200.0,100800.0,97600.0,99800.0,99280.0,99570.0,100326.66666666667,101852.5,206553
2023-08-04,99800.0,100800.0,97600.0,98800.0,100080.0,99295.0,100350.0,101900.0,188588
2023-08-07,98300.0,99800.0,95700.0,96000.0,99440.0,99090.0,100365.0,101935.0,226633
2023-08-08,98400.0,100600.0,95300.0,95600.0,97960.0,98680.0,100395.0,101960.0,328023
2023-08-09,95600.0,98600.0,94400.0,97800.0,97600.0,98515.0,100486.66666666667,102027.5,271155
2023-08-10,96100.0,98000.0,95800.0,97000.0,97040.0,98365.0,100570.0,102069.16666666667,226760
2023-08-11,99500.0,105500.0,99400.0,103700.0,98020.0,98530.0,100735.0,102175.83333333333,783294
2023-08-14,103700.0,103800.0,96800.0,97700.0,98360.0,98430.0,100810.0,102179.16666666667,437289
2023-08-16,97500.0,98000.0,95300.0,95300.0,98300.0,98195.0,100840.0,102134.16666666667,248734
2023-08-17,95000.0,95800.0,91900.0,93800.0,97500.0,98070.0,100801.66666666667,102129.16666666667,254331
2023-08-18,92600.0,92900.0,90000.0,90700.0,96240.0,97710.0,100711.66666666667,102100.83333333333,281878
2023-08-21,90800.0,92200.0,90100.0,90800.0,93660.0,97410.0,100618.33333333333,102080.83333333333,160569
2023-08-22,91500.0,92600.0,90400.0,91000.0,92320.0,97010.0,100536.66666666667,102076.66666666667,175117
2023-08-23,90400.0,90700.0,88100.0,88400.0,90940.0,96565.0,100435.0,101996.66666666667,215427
2023-08-24,89200.0,90100.0,88300.0,89600.0,90100.0,95895.0,100333.33333333333,101885.0,155739
2023-08-25,88100.0,89200.0,88000.0,88900.0,89740.0,95575.0,100233.33333333333,101690.0,161674
2023-08-28,89300.0,91000.0,88400.0,91000.0,89780.0,95385.0,100175.0,101529.16666666667,125332
2023-08-29,91500.0,92200.0,90600.0,91600.0,89900.0,95005.0,99991.66666666667,101335.0,103409
2023-08-30,92300.0,92600.0,91000.0,91400.0,90500.0,94425.0,99771.66666666667,101191.66666666667,156339
2023-08-31,91700.0,92100.0,89800.0,91500.0,90880.0,94020.0,99498.33333333333,101080.83333333333,339628
2023-09-01,91600.0,91600.0,88900.0,89500.0,91000.0,93505.0,99186.66666666667,100964.16666666667,193152
2023-09-04,88200.0,90800.0,88200.0,90500.0,90900.0,93090.0,98856.66666666667,100823.33333333333,176612
2023-09-05,90500.0,92000.0,90100.0,91700.0,90920.0,92875.0,98563.33333333333,100725.83333333333,141757
2023-09-06,93100.0,94900.0,91400.0,91800.0,91000.0,92685.0,98260.0,100632.5,293605
2023-09-07,91200.0,92300.0,88700.0,88900.0,90480.0,92240.0,97951.66666666667,100530.83333333333,175882
2023-09-08,88700.0,88800.0,83400.0,84100.0,89400.0,91595.0,97565.0,100400.0,571159
2023-09-11,83900.0,84000.0,82400.0,82800.0,87860.0,90550.0,97155.0,100255.83333333333,184808
2023-09-12,83400.0,84400.0,82100.0,82800.0,86080.0,89805.0,96766.66666666667,100091.66666666667,162664
2023-09-13,82200.0,82400.0,78000.0,78400.0,83400.0,88960.0,96330.0,99844.16666666667,432138
2023-09-14,79100.0,81500.0,78800.0,81500.0,81920.0,88345.0,95918.33333333333,99641.66666666667,309837
2023-09-15,81600.0,82600.0,80300.0,81300.0,81360.0,87875.0,95496.66666666667,99465.83333333333,202090
2023-09-18,81000.0,83200.0,80600.0,82000.0,81200.0,87435.0,95070.0,99280.0,179827
2023-09-19,83900.0,84000.0,81300.0,81300.0,80900.0,86950.0,94715.0,99080.0,150818
2023-09-20,81400.0,81900.0,80400.0,81600.0,81540.0,86610.0,94373.33333333333,98860.0,84317
2023-09-21,80700.0,81300.0,78600.0,78900.0,81020.0,86075.0,94055.0,98608.33333333333,150832
2023-09-22,78200.0,79100.0,77600.0,78100.0,80380.0,85535.0,93751.66666666667,98306.66666666667,108794
2023-09-25,78000.0,78800.0,76700.0,77100.0,79400.0,84840.0,93410.0,98038.33333333333,104463
2023-09-26,77100.0,77900.0,74700.0,75100.0,78160.0,84015.0,92996.66666666667,97722.5,197836
2023-09-27,73800.0,76100.0,73700.0,75900.0,77020.0,83240.0,92585.0,97385.83333333333,186393
2023-10-04,74900.0,75000.0,69200.0,70100.0,75260.0,82170.0,91976.66666666667,97041.66666666667,308315
2023-10-05,71300.0,73300.0,70300.0,71500.0,73940.0,81270.0,91448.33333333333,96691.66666666667,162339
2023-10-06,70200.0,72600.0,70200.0,71900.0,72900.0,80340.0,90908.33333333333,96357.5,95149
2023-10-10,73200.0,73900.0,70500.0,70800.0,72040.0,79295.0,90420.0,96024.16666666667,138960
2023-10-11,71100.0,73100.0,71100.0,72500.0,71360.0,78330.0,89898.33333333333,95746.66666666667,187164
2023-10-12,73200.0,75900.0,72700.0,75600.0,72460.0,77665.0,89473.33333333333,95471.66666666667,237927
2023-10-13,75600.0,77000.0,74500.0,76500.0,73460.0,77285.0,89081.66666666667,95194.16666666667,166094
2023-10-16,74900.0,75400.0,72300.0,73200.0,73720.0,76805.0,88628.33333333333,94892.5,186325
2023-10-17,73500.0,78200.0,73500.0,75600.0,74680.0,76445.0,88226.66666666667,94622.5,223126
2023-10-18,75300.0,75900.0,73200.0,73700.0,74920.0,76210.0,87788.33333333333,94329.16666666667,190613
2023-10-19,71800.0,74100.0,71200.0,71700.0,74140.0,75720.0,87378.33333333333,94034.16666666667,249392
2023-10-20,71000.0,72000.0,68300.0,68600.0,72560.0,75085.0,86890.0,93715.0,263915
2023-10-23,68600.0,69900.0,68000.0,68500.0,71620.0,74410.0,86418.33333333333,93410.83333333333,180440
2023-10-24,72300.0,75300.0,69200.0,74000.0,71300.0,74045.0,86001.66666666667,93180.0,685496
2023-10-25,74600.0,74700.0,70700.0,71600.0,70880.0,73545.0,85573.33333333333,92945.83333333333,261299
2023-10-26,71400.0,73500.0,70000.0,70500.0,70640.0,73125.0,85031.66666666667,92703.33333333333,401408
2023-10-27,71900.0,75000.0,71300.0,73000.0,71520.0,72870.0,84660.0,92483.33333333333,293945
2023-10-30,72500.0,77000.0,72500.0,74900.0,72800.0,72760.0,84328.33333333333,92277.5,311807
2023-10-31,75700.0,78800.0,70400.0,78700.0,73740.0,72940.0,83986.66666666667,92118.33333333333,891305
2023-11-01,78800.0,78900.0,72300.0,75900.0,74600.0,72940.0,83535.0,91932.5,895751
2023-11-02,77500.0,84000.0,77400.0,83300.0,77160.0,73600.0,83263.33333333333,91792.5,892745
2023-11-03,84500.0,87200.0,83200.0,83900.0,79340.0,74220.0,82998.33333333333,91662.5,600959
2023-11-06,93000.0,96400.0,90500.0,95200.0,83400.0,75385.0,82938.33333333333,91644.16666666667,1600024
2023-11-07,94200.0,94400.0,87600.0,90200.0,85700.0,76355.0,82841.66666666667,91603.33333333333,692070
2023-11-08,90200.0,92000.0,86700.0,87200.0,87960.0,77090.0,82701.66666666667,91548.33333333333,329446
2023-11-09,87900.0,88000.0,84000.0,86300.0,88560.0,77625.0,82510.0,91498.33333333333,329674
2023-11-10,84100.0,86100.0,83600.0,84300.0,88640.0,78015.0,82298.33333333333,91434.16666666667,172174
2023-11-13,86500.0,88600.0,85400.0,86100.0,86820.0,78660.0,82005.0,91370.0,344155
2023-11-14,87300.0,91700.0,86500.0,90700.0,86920.0,79415.0,81888.33333333333,91349.16666666667,311415
2023-11-15,94600.0,95900.0,92700.0,94200.0,88320.0,80440.0,81870.0,91355.0,430093
2023-11-16,94200.0,95800.0,93600.0,94500.0,89960.0,81580.0,81881.66666666667,91341.66666666667,219887
2023-11-17,93500.0,98900.0,93200.0,98400.0,92780.0,83070.0,82010.0,91360.83333333333,489125
2023-11-20,97300.0,100000.0,96100.0,97500.0,95060.0,84520.0,82121.66666666667,91370.0,284514
2023-11-21,98600.0,102900.0,98500.0,102800.0,97480.0,85960.0,82318.33333333333,91427.5,486149
2023-11-22,101000.0,102700.0,100200.0,101900.0,99020.0,87475.0,82543.33333333333,91489.16666666667,224098
2023-11-23,101900.0,102200.0,97500.0,97800.0,99680.0,88840.0,82680.0,91506.66666666667,325445
2023-11-24,96900.0,98300.0,96400.0,97000.0,99400.0,90040.0,82815.0,91524.16666666667,190326
2023-11-27,97300.0,97800.0,96000.0,97000.0,99300.0,91145.0,82915.0,91545.0,159766
2023-11-28,96500.0,98200.0,96400.0,97500.0,98240.0,92085.0,83013.33333333333,91502.5,146867
2023-11-29,97500.0,97500.0,93300.0,95600.0,96980.0,93070.0,83083.33333333333,91427.5,312975
2023-11-30,95200.0,98000.0,94100.0,97000.0,96820.0,93755.0,83175.0,91336.66666666667,324511
2023-12-01,96300.0,98800.0,94700.0,95200.0,96460.0,94320.0,83270.0,91228.33333333333,229808
2023-12-04,96800.0,98300.0,94500.0,94800.0,96020.0,94300.0,83341.66666666667,91099.16666666667,304808
2023-12-05,94700.0,96200.0,93000.0,93400.0,95200.0,94460.0,83370.0,90966.66666666667,177175
2023-12-06,93400.0,93700.0,91500.0,91600.0,94400.0,94680.0,83366.66666666667,90813.33333333333,166562
2023-12-07,91500.0,93000.0,89000.0,90300.0,93060.0,94880.0,83390.0,90670.83333333333,216287
2023-12-08,90800.0,92400.0,90700.0,92300.0,92480.0,95280.0,83526.66666666667,90545.83333333333,139196
2023-12-11,93000.0,93400.0,91100.0,92000.0,91920.0,95575.0,83680.0,90417.5,92111
2023-12-12,91500.0,92400.0,90000.0,91100.0,91460.0,95595.0,83818.33333333333,90292.5,143919
2023-12-13,90200.0,91000.0,88600.0,89000.0,90940.0,95335.0,83995.0,90162.5,171088
2023-12-14,90000.0,91800.0,89800.0,90500.0,90980.0,95135.0,84145.0,90031.66666666667,254216
2023-12-15,91800.0,92600.0,90400.0,91000.0,90720.0,94765.0,84306.66666666667,89901.66666666667,265292
2023-12-18,91800.0,93800.0,91400.0,93000.0,90920.0,94540.0,84490.0,89780.0,194875
2023-12-19,92600.0,92600.0,90700.0,91000.0,90900.0,93950.0,84651.66666666667,89683.33333333333,140506
2023-12-20,91300.0,91900.0,90600.0,91900.0,91480.0,93450.0,84823.33333333333,89598.33333333333,129414
2023-12-21,90800.0,92300.0,90400.0,90400.0,91460.0,93080.0,85015.0,89535.0,121751
2023-12-22,91400.0,91400.0,89600.0,90200.0,91300.0,92740.0,85216.66666666667,89484.16666666667,91662
2023-12-26,90100.0,91000.0,86400.0,86900.0,90080.0,92235.0,85380.0,89395.0,203607
2023-12-27,87100.0,90200.0,87100.0,89600.0,89800.0,91840.0,85621.66666666667,89309.16666666667,124946
2023-12-28,89400.0,90600.0,88800.0,90600.0,89540.0,91590.0,85866.66666666667,89225.83333333333,98169
2024-01-02,89000.0,90600.0,88700.0,88800.0,89220.0,91180.0,86178.33333333333,89077.5,143966
2024-01-03,88000.0,90600.0,86600.0,89100.0,89000.0,90875.0,86471.66666666667,88960.0,181572
2024-01-04,88400.0,88900.0,86800.0,87500.0,89120.0,90510.0,86731.66666666667,88820.0,125305
2024-01-05,87500.0,89900.0,86800.0,88000.0,88800.0,90240.0,87018.33333333333,88719.16666666667,108758
2024-01-08,88000.0,89100.0,87100.0,88300.0,88340.0,90075.0,87281.66666666667,88590.0,95418
2024-01-09,88800.0,89100.0,87100.0,87500.0,88080.0,89935.0,87480.0,88476.66666666667,115214
2024-01-10,87100.0,87500.0,84300.0,84800.0,87220.0,89560.0,87618.33333333333,88350.0,207546
2024-01-11,84800.0,85900.0,83500.0,84500.0,86620.0,89185.0,87806.66666666667,88217.5,234830
2024-01-12,84800.0,84900.0,82000.0,82600.0,85540.0,88760.0,87923.33333333333,88075.0,151395
2024-01-15,82200.0,82900.0,81000.0,81600.0,84200.0,88390.0,88055.0,87921.66666666667,27468
2024-01-16,80400.0,81600.0,79100.0,79400.0,82580.0,87835.0,88183.33333333333,87780.83333333333,224008
2024-01-17,81000.0,82900.0,78900.0,79500.0,81520.0,87260.0,88365.0,87627.5,293645
2024-01-18,79000.0,80400.0,77300.0,77600.0,80140.0,86490.0,88516.66666666667,87467.5,237388
2024-01-19,77600.0,83400.0,76200.0,80100.0,79640.0,85945.0,88618.33333333333,87310.0,378927
2024-01-22,80100.0,80100.0,75800.0,75800.0,78480.0,85140.0,88688.33333333333,87130.83333333333,287380
2024-01-23,75400.0,80000.0,75400.0,77000.0,78000.0,84470.0,88796.66666666667,86914.16666666667,256195
2024-01-24,76800.0,78200.0,74900.0,75500.0,77200.0,83735.0,88838.33333333333,86749.16666666667,172323
2024-01-25,74600.0,75300.0,72900.0,74000.0,76480.0,83090.0,88823.33333333333,86575.83333333333,189938
2024-01-26,72700.0,75500.0,72000.0,74100.0,75280.0,82315.0,88746.66666666667,86366.66666666667,206813
2024-01-29,75800.0,79700.0,75300.0,77800.0,75680.0,81675.0,88778.33333333333,86156.66666666667,330658
2024-01-30,80000.0,81500.0,77500.0,78100.0,75900.0,81140.0,88691.66666666667,85977.5,239163
2024-01-31,78500.0,80900.0,76200.0,76800.0,76160.0,80525.0,88573.33333333333,85785.83333333333,197191
2024-02-01,76100.0,77200.0,74400.0,76900.0,76740.0,79995.0,88268.33333333333,85603.33333333333,125496
2024-02-02,77500.0,79300.0,76200.0,77600.0,77440.0,79475.0,88058.33333333333,85450.0,158404
2024-02-05,79400.0,81500.0,77100.0,80000.0,77880.0,79060.0,87938.33333333333,85320.0,258899
2024-02-06,79000.0,84400.0,78300.0,81100.0,78480.0,78740.0,87851.66666666667,85180.83333333333,376559
2024-02-07,82100.0,86300.0,80600.0,81200.0,79360.0,78560.0,87800.0,85049.16666666667,287314
2024-02-08,82000.0,83200.0,80200.0,83200.0,80620.0,78495.0,87751.66666666667,84878.33333333333,204454
2024-02-13,83000.0,83200.0,81000.0,82500.0,81600.0,78490.0,87615.0,84751.66666666667,164157
2024-02-14,80500.0,83100.0,80400.0,81600.0,81920.0,78490.0,87405.0,84637.5,196080
2024-02-15,82300.0,83200.0,80900.0,81500.0,82000.0,78595.0,87188.33333333333,84535.0,139952
2024-02-16,82800.0,84600.0,81900.0,82800.0,82320.0,78760.0,86928.33333333333,84469.16666666667,168980
2024-02-19,82800.0,85900.0,82000.0,85300.0,82740.0,79145.0,86725.0,84423.33333333333,224366
2024-02-20,86000.0,92700.0,84000.0,92600.0,84760.0,79770.0,86555.0,84436.66666666667,563146
2024-02-21,92500.0,95000.0,91000.0,92100.0,86860.0,80585.0,86391.66666666667,84467.5,289818
2024-02-22,92500.0,94200.0,90700.0,91000.0,88760.0,81285.0,86278.33333333333,84479.16666666667,207590
2024-02-23,91000.0,91000.0,88000.0,88100.0,89820.0,81915.0,86130.0,84472.5,209280
2024-02-26,87900.0,88900.0,86500.0,87600.0,90280.0,82595.0,85973.33333333333,84444.16666666667,106945
2024-02-27,87500.0,89000.0,85200.0,85700.0,88900.0,83175.0,85776.66666666667,84395.0,157367
2024-02-28,85100.0,86400.0,83300.0,84000.0,87280.0,83485.0,85583.33333333333,84333.33333333333,170371
2024-02-29,84000.0,84300.0,82700.0,82800.0,85640.0,83720.0,85346.66666666667,84260.83333333333,177716
2024-03-04,85500.0,89900.0,85400.0,87800.0,85580.0,84270.0,85223.33333333333,84246.66666666667,333041
2024-03-05,92000.0,99500.0,90500.0,95800.0,87220.0,85215.0,85240.0,84290.83333333333,1102041
2024-03-06,94100.0,97800.0,91600.0,96300.0,89340.0,86150.0,85288.33333333333,84329.16666666667,391156
2024-03-07,97200.0,97500.0,93800.0,96800.0,91900.0,86990.0,85375.0,84370.83333333333,257523
2024-03-08,97800.0,105400.0,97000.0,103700.0,96080.0,88120.0,85598.33333333333,84494.16666666667,817210
2024-03-11,104500.0,109700.0,101000.0,106300.0,99780.0,89375.0,85831.66666666667,84679.16666666667,692892
2024-03-12,107500.0,110000.0,105400.0,106600.0,101940.0,90545.0,86075.0,84877.5,356785
2024-03-13,110200.0,115800.0,107100.0,108300.0,104340.0,91835.0,86361.66666666667,85090.0,823329
2024-03-14,109800.0,115000.0,109500.0,114700.0,107920.0,93490.0,86790.0,85392.5,781617
2024-03-15,112600.0,115900.0,110700.0,114700.0,110120.0,95150.0,87193.33333333333,85669.16666666667,412218
2024-03-18,116200.0,121800.0,116200.0,121800.0,113220.0,97100.0,87706.66666666667,86006.66666666667,628902
2024-03-19,124000.0,127300.0,120000.0,123800.0,116660.0,99025.0,88220.0,86355.0,678438
2024-03-20,122300.0,122900.0,114800.0,115100.0,118020.0,100150.0,88621.66666666667,86636.66666666667,794041
2024-03-21,114600.0,118300.0,113300.0,116300.0,118340.0,101360.0,89028.33333333333,86925.83333333333,410467
2024-03-22,115300.0,117500.0,113900.0,114800.0,118360.0,102550.0,89435.0,87225.0,246156
2024-03-25,115400.0,121500.0,115300.0,117700.0,117540.0,104030.0,89893.33333333333,87555.0,343575
2024-03-26,118300.0,119100.0,115700.0,117500.0,116280.0,105525.0,90403.33333333333,87891.66666666667,313128
2024-03-27,118500.0,120500.0,115800.0,116700.0,116600.0,107075.0,90855.0,88238.33333333333,244511
2024-03-28,118500.0,121600.0,116600.0,119600.0,117260.0,108855.0,91338.33333333333,88602.5,351156
2024-03-29,119700.0,119900.0,109500.0,111200.0,116540.0,110275.0,91711.66666666667,88945.0,655052
2024-04-01,111200.0,118000.0,110200.0,117900.0,116580.0,111780.0,92191.66666666667,89331.66666666667,362450
2024-04-02,118900.0,119400.0,114000.0,115000.0,116080.0,112740.0,92650.0,89690.83333333333,224935
2024-04-03,112100.0,115300.0,108500.0,112500.0,115240.0,113550.0,93058.33333333333,90038.33333333333,462404
2024-04-04,113000.0,133000.0,111600.0,130600.0,117440.0,115240.0,93763.33333333333,90522.5,1978682
2024-04-05,128900.0,144100.0,128000.0,138100.0,122820.0,116960.0,94606.66666666667,91043.33333333333,2382564
2024-04-08,144700.0,147500.0,132800.0,145300.0,128300.0,118910.0,95615.0,91616.66666666667,1873017
2024-04-09,140900.0,149700.0,134900.0,135500.0,132400.0,120355.0,96465.0,92135.83333333333,1290419
2024-04-11,133000.0,137700.0,131100.0,134800.0,136860.0,121680.0,97335.0,92629.16666666667,623252
2024-04-12,135300.0,135500.0,127400.0,127700.0,136280.0,122330.0,98103.33333333333,93079.16666666667,954789
2024-04-15,124500.0,126300.0,120700.0,121200.0,132900.0,122655.0,98800.0,93491.66666666667,804329
2024-04-16,120000.0,120500.0,113400.0,114900.0,126820.0,122310.0,99390.0,93877.5,757114
2024-04-17,115900.0,119400.0,112100.0,112300.0,122180.0,121735.0,99968.33333333333,94242.5,660834
2024-04-18,112100.0,116500.0,110000.0,113700.0,117960.0,121665.0,100528.33333333333,94573.33333333333,606290
2024-04-19,112400.0,112500.0,106300.0,109300.0,114280.0,121315.0,101086.66666666667,94887.5,625700
2024-04-22,110400.0,111400.0,106500.0,109900.0,112020.0,121070.0,101635.0,95215.83333333333,427933
2024-04-23,111000.0,112000.0,107500.0,107800.0,110600.0,120575.0,102173.33333333333,95505.83333333333,349831
2024-04-24,107300.0,114900.0,107300.0,113100.0,110760.0,120355.0,102825.0,95824.16666666667,568260
2024-04-25,111500.0,112800.0,108100.0,108400.0,109700.0,119940.0,103396.66666666667,96071.66666666667,286331
2024-04-26,108500.0,109800.0,105200.0,105600.0,108960.0,119240.0,103860.0,96319.16666666667,325170
2024-04-29,106800.0,111900.0,106600.0,110700.0,109120.0,119215.0,104403.33333333333,96547.5,366785
2024-04-30,112200.0,114100.0,110300.0,110400.0,109640.0,118840.0,104963.33333333333,96768.33333333333,290071
2024-05-02,111600.0,115700.0,111500.0,113900.0,109800.0,118785.0,105580.0,96924.16666666667,378248
2024-05-03,114700.0,117400.0,111100.0,113900.0,110900.0,118855.0,106185.0,97121.66666666667,345575
2024-05-07,115100.0,117200.0,111400.0,115300.0,112840.0,118090.0,106773.33333333333,97355.83333333333,291125
2024-05-08,115800.0,119400.0,115000.0,119200.0,114540.0,117145.0,107408.33333333333,97630.0,312097
2024-05-09,119600.0,119900.0,115000.0,117000.0,115860.0,115730.0,108005.0,97902.5,332090
2024-05-10,116400.0,117100.0,111200.0,111900.0,115460.0,114550.0,108483.33333333333,98117.5,261719
2024-05-13,110900.0,111700.0,109000.0,110600.0,114800.0,113340.0,108951.66666666667,98283.33333333333,202752
2024-05-14,110600.0,111100.0,108300.0,109200.0,113580.0,112415.0,109411.66666666667,98408.33333333333,190751
2024-05-16,110100.0,112900.0,110100.0,110700.0,111880.0,111890.0,109898.33333333333,98543.33333333333,194738
2024-05-17,110100.0,110100.0,101300.0,101300.0,108740.0,111210.0,110206.66666666667,98567.5,630583
2024-05-20,102500.0,105000.0,102500.0,104200.0,107200.0,110805.0,110521.66666666667,98623.33333333333,254096
2024-05-21,103900.0,104700.0,101800.0,103600.0,105800.0,110300.0,110705.0,98630.0,169679
2024-05-22,106400.0,112900.0,106300.0,111100.0,106180.0,110390.0,111021.66666666667,98706.66666666667,468521
2024-05-23,109200.0,117700.0,108100.0,117000.0,107440.0,110745.0,111455.0,98866.66666666667,453210
2024-05-24,125000.0,125500.0,117000.0,117100.0,110600.0,111210.0,111938.33333333333,99034.16666666667,1149003
2024-05-27,119100.0,138800.0,118900.0,135600.0,116880.0,112335.0,112738.33333333333,99355.83333333333,2434548
2024-05-28,133700.0,143800.0,132800.0,139700.0,124100.0,113900.0,113638.33333333333,99707.5,1144147
2024-05-29,145200.0,153000.0,140000.0,141000.0,130080.0,115670.0,114588.33333333333,100085.83333333333,1897725
2024-05-30,140900.0,142300.0,131700.0,138500.0,134380.0,117060.0,115516.66666666667,100431.66666666667,1060019
2024-05-31,135500.0,144300.0,132200.0,139200.0,138800.0,118500.0,116373.33333333333,100798.33333333333,754585
2024-06-03,145900.0,151300.0,142500.0,145700.0,140820.0,120090.0,117205.0,101222.5,970297
2024-06-04,143700.0,149500.0,141100.0,149500.0,142780.0,121870.0,118091.66666666667,101690.0,503997
2024-06-05,151000.0,152600.0,146200.0,148000.0,144180.0,123505.0,118945.0,102160.0,509448
2024-06-07,149900.0,156300.0,146200.0,149200.0,146320.0,125005.0,119703.33333333333,102650.83333333333,734425
2024-06-10,150100.0,176300.0,150000.0,169700.0,152420.0,127640.0,120760.0,103295.83333333333,2951605
2024-06-11,169600.0,172800.0,162700.0,166300.0,156540.0,130360.0,121755.0,103915.0,901260
2024-06-12,166000.0,171500.0,162800.0,169600.0,160560.0,133310.0,122776.66666666667,104569.16666666667,603048
2024-06-13,169500.0,184000.0,167000.0,183700.0,167700.0,137035.0,123926.66666666667,105358.33333333333,1252505
2024-06-14,181600.0,199900.0,174900.0,195300.0,176920.0,141265.0,125270.0,106231.66666666667,1869446
2024-06-17,189500.0,196700.0,188000.0,188100.0,180600.0,145605.0,126375.0,107040.83333333333,686495
2024-06-18,189100.0,200000.0,172900.0,182000.0,183740.0,149495.0,127345.0,107782.5,1381511
2024-06-19,179500.0,189100.0,175000.0,182500.0,186320.0,153440.0,128468.33333333333,108545.0,772829
2024-06-20,185700.0,186500.0,175600.0,179000.0,185380.0,156835.0,129513.33333333333,109270.83333333333,504585
2024-06-21,177200.0,179500.0,170600.0,177000.0,181720.0,159835.0,130550.0,109992.5,652451
2024-06-24,176700.0,176800.0,164500.0,167700.0,177640.0,162365.0,131383.33333333334,110638.33333333333,742284
2024-06-25,165000.0,167500.0,163100.0,164000.0,174040.0,163785.0,132158.33333333334,111280.83333333333,430640
2024-06-26,169500.0,172500.0,158100.0,158800.0,169300.0,164740.0,132860.0,111857.5,864045
2024-06-27,157200.0,161000.0,155800.0,158000.0,165100.0,165590.0,133500.0,112419.16666666667,438978
2024-06-28,158800.0,175900.0,158400.0,168600.0,163420.0,167095.0,134456.66666666666,113084.16666666667,1032694
2024-07-01,169900.0,170700.0,161500.0,162300.0,162340.0,168250.0,135196.66666666666,113694.16666666667,486353
2024-07-02,162000.0,162500.0,155900.0,157000.0,160940.0,168815.0,135896.66666666666,114273.33333333333,420981
2024-07-03,156500.0,161700.0,155700.0,160000.0,161180.0,169340.0,136688.33333333334,114873.33333333333,361204
2024-07-04,161400.0,168800.0,157500.0,166200.0,162820.0,170250.0,137281.66666666666,115522.5,498872
2024-07-05,164400.0,167500.0,160800.0,164100.0,161920.0,170995.0,137715.0,116160.83333333333,354176
2024-07-08,171700.0,172600.0,161500.0,162000.0,161860.0,170610.0,137993.33333333334,116804.16666666667,555402
2024-07-09,164000.0,171700.0,163700.0,169000.0,164260.0,170745.0,138551.66666666666,117508.33333333333,666472
2024-07-10,170600.0,179600.0,167000.0,176300.0,167520.0,171080.0,139243.33333333334,118289.16666666667,751593
2024-07-11,178200.0,179200.0,166200.0,169200.0,168120.0,170355.0,139935.0,119019.16666666667,731095
2024-07-12,165500.0,169700.0,160200.0,160200.0,167340.0,168600.0,140585.0,119692.5,505776
2024-07-15,160200.0,166600.0,154100.0,154500.0,165840.0,166920.0,141245.0,120317.5,590509
2024-07-16,152800.0,159200.0,150300.0,153800.0,162800.0,165510.0,141936.66666666666,120952.5,646907
2024-07-17,154800.0,158900.0,152100.0,154600.0,158460.0,164115.0,142618.33333333334,121573.33333333333,401503
2024-07-18,149600.0,154500.0,147200.0,152900.0,155200.0,162810.0,143345.0,122215.83333333333,343380
2024-07-19,152100.0,156600.0,151100.0,155500.0,154260.0,161735.0,144105.0,122870.0,223564
2024-07-22,154700.0,155000.0,142200.0,146000.0,152560.0,160650.0,144741.66666666666,123457.5,592723
2024-07-23,148000.0,150800.0,143500.0,145800.0,150960.0,159740.0,145286.66666666666,124055.83333333333,272391
2024-07-24,144000.0,147500.0,143200.0,143200.0,148680.0,158960.0,145866.66666666666,124631.66666666667,231891
2024-07-25,138600.0,142600.0,136400.0,140100.0,146120.0,158065.0,146441.66666666666,125150.83333333333,363046
2024-07-26,140100.0,141200.0,132100.0,133000.0,141620.0,156285.0,146813.33333333334,125608.33333333333,521723
2024-07-29,133000.0,137800.0,131300.0,137500.0,139920.0,155045.0,147265.0,126114.16666666667,381315
2024-07-30,136800.0,138900.0,135100.0,136100.0,137980.0,154000.0,147635.0,126607.5,176870
2024-07-31,134900.0,136900.0,132500.0,136300.0,136600.0,152815.0,148008.33333333334,127096.66666666667,197422
2024-08-01,140000.0,144400.0,137400.0,139600.0,136500.0,151485.0,148413.33333333334,127593.33333333333,241676
2024-08-02,133800.0,136200.0,128100.0,129200.0,135740.0,149740.0,148580.0,127994.16666666667,414117
2024-08-05,123100.0,125000.0,107600.0,114100.0,131060.0,147345.0,148531.66666666666,128268.33333333333,606740
2024-08-06,117500.0,124700.0,115700.0,123400.0,128520.0,145065.0,148723.33333333334,128603.33333333333,442672
2024-08-07,120300.0,124500.0,120200.0,121000.0,125460.0,142300.0,148896.66666666666,128924.16666666667,217779
2024-08-08,118500.0,118800.0,112600.0,113700.0,120280.0,139525.0,148971.66666666666,129191.66666666667,391947
2024-08-09,118600.0,124200.0,118600.0,121500.0,118740.0,137590.0,149151.66666666666,129525.0,244433
2024-08-12,121800.0,124200.0,117500.0,118900.0,119700.0,135810.0,149445.0,129825.83333333333,247273
2024-08-13,119900.0,122900.0,118400.0,120000.0,119020.0,134120.0,149708.33333333334,130115.0,183093
2024-08-14,123200.0,127300.0,121000.0,123900.0,119600.0,132585.0,150046.66666666666,130375.83333333333,262848
2024-08-16,127500.0,132500.0,123900.0,124900.0,121840.0,131185.0,150276.66666666666,130649.16666666667,362239
2024-08-19,126200.0,127000.0,120700.0,121500.0,121840.0,129485.0,150351.66666666666,130903.33333333333,173267
2024-08-20,123200.0,127200.0,121300.0,123800.0,122820.0,128375.0,150463.33333333334,131200.83333333334,266581
2024-08-21,125600.0,126900.0,122300.0,124000.0,123620.0,127285.0,150270.0,131504.16666666666,221863
2024-08-22,125400.0,130500.0,124100.0,125300.0,123900.0,126390.0,150030.0,131834.16666666666,332163
2024-08-23,123500.0,127600.0,122100.0,125200.0,123960.0,125645.0,149766.66666666666,132177.5,213419
2024-08-26,128000.0,131000.0,126400.0,127100.0,125080.0,125350.0,149576.66666666666,132546.66666666666,233395
2024-08-27,126100.0,128900.0,123200.0,128300.0,125980.0,124890.0,149395.0,132884.16666666666,171376
2024-08-28,128900.0,129700.0,124500.0,124500.0,126080.0,124310.0,149041.66666666666,133123.33333333334,162592
2024-08-29,121000.0,128200.0,120900.0,126800.0,126380.0,123835.0,148663.33333333334,133377.5,166458
2024-08-30,127600.0,130600.0,125500.0,128800.0,127100.0,123295.0,148343.33333333334,133644.16666666666,216175
2024-09-02,131100.0,133200.0,126200.0,129200.0,127520.0,123295.0,148010.0,133856.66666666666,338130
2024-09-03,131800.0,131900.0,125600.0,127400.0,127340.0,123960.0,147305.0,134032.5,224912
2024-09-04,120700.0,123400.0,118100.0,118700.0,126180.0,123725.0,146511.66666666666,134133.33333333334,343605
2024-09-05,119300.0,122300.0,116600.0,116900.0,124200.0,123520.0,145633.33333333334,134205.0,203570
2024-09-06,116300.0,117200.0,108500.0,109100.0,120260.0,123290.0,144390.0,134158.33333333334,363314
2024-09-09,105000.0,111800.0,104300.0,111000.0,116620.0,122765.0,142985.0,134127.5,269267
2024-09-10,111900.0,113400.0,108200.0,109800.0,113100.0,122310.0,141680.0,134027.5,149400
2024-09-11,109800.0,126200.0,109800.0,122300.0,113820.0,122425.0,140685.0,134015.0,600027
2024-09-12,124800.0,125500.0,121100.0,124700.0,115380.0,122465.0,139721.66666666666,134095.0,360044
2024-09-13,125600.0,125600.0,122300.0,123800.0,118320.0,122410.0,138801.66666666666,134157.5,122586
2024-09-19,126600.0,129000.0,122500.0,126700.0,121460.0,122670.0,137963.33333333334,134256.66666666666,218306
2024-09-20,128400.0,131100.0,127000.0,127200.0,124940.0,122840.0,137288.33333333334,134335.83333333334,229915
2024-09-23,127800.0,132400.0,126700.0,130700.0,126620.0,123175.0,136733.33333333334,134445.83333333334,169127
2024-09-24,130500.0,133000.0,129100.0,131800.0,128040.0,123500.0,136283.33333333334,134571.66666666666,209228
2024-09-25,133100.0,135600.0,130900.0,132300.0,129740.0,123855.0,135855.0,134677.5,266940
2024-09-26,133800.0,146900.0,132900.0,146900.0,133780.0,124845.0,135493.33333333334,134975.0,523965
2024-09-27,145900.0,152000.0,144500.0,151500.0,138640.0,126005.0,135313.33333333334,135255.0,417608
2024-09-30,149500.0,151300.0,143200.0,143200.0,141140.0,126940.0,135083.33333333334,135490.0,323578
2024-10-02,142600.0,150700.0,141000.0,147000.0,144180.0,127950.0,134866.66666666666,135777.5,276750
2024-10-04,149300.0,150700.0,143600.0,147600.0,147240.0,128890.0,134556.66666666666,135919.16666666666,189020
2024-10-07,148600.0,150600.0,146600.0,150100.0,147880.0,129935.0,134323.33333333334,136019.16666666666,223505
2024-10-08,149000.0,155800.0,146200.0,153800.0,148340.0,131255.0,134186.66666666666,136090.0,323084
2024-10-10,154800.0,157600.0,150900.0,154800.0,150660.0,133060.0,133950.0,136250.83333333334,344112
2024-10-11,154200.0,166000.0,153000.0,160900.0,153440.0,135260.0,133693.33333333334,136468.33333333334,489795
2024-10-14,164900.0,171400.0,160200.0,160900.0,156100.0,137850.0,133555.0,136745.0,620942
2024-10-15,159300.0,162900.0,148300.0,152900.0,156660.0,139945.0,133433.33333333334,137009.16666666666,609239
2024-10-16,154500.0,156000.0,148800.0,152200.0,156340.0,142065.0,133395.0,137320.0,365454
2024-10-17,151000.0,154600.0,149200.0,149600.0,155300.0,143430.0,133325.0,137630.83333333334,203020
2024-10-18,147400.0,152100.0,144500.0,145900.0,152300.0,144490.0,133180.0,137899.16666666666,257617
2024-10-21,146600.0,151100.0,144500.0,148000.0,149720.0,145700.0,133098.33333333334,138221.66666666666,198973
2024-10-22,148900.0,149300.0,140200.0,143000.0,147740.0,146515.0,132890.0,138497.5,280490
2024-10-23,142900.0,146400.0,139100.0,144800.0,146260.0,147395.0,132870.0,138805.83333333334,224510
2024-10-24,144700.0,144800.0,140500.0,141600.0,144660.0,147940.0,132800.0,139043.33333333334,155036
2024-10-25,143200.0,145000.0,139600.0,140000.0,143480.0,148350.0,132746.66666666666,139306.66666666666,146908
2024-10-28,139200.0,154300.0,138800.0,153800.0,144640.0,149425.0,132975.0,139708.33333333334,342645
2024-10-29,152500.0,156000.0,150800.0,153300.0,146700.0,149745.0,133313.33333333334,140063.33333333334,187372
2024-10-30,152700.0,153400.0,144500.0,144700.0,146680.0,149405.0,133433.33333333334,140349.16666666666,215456
2024-10-31,143000.0,152900.0,141700.0,151700.0,148700.0,149830.0,133693.33333333334,140664.16666666666,277606
2024-11-01,148700.0,149400.0,141100.0,142100.0,149120.0,149585.0,133790.0,140899.16666666666,313495
2024-11-04,142800.0,145400.0,140500.0,143900.0,147140.0,149400.0,133861.66666666666,141137.5,242511
2024-11-05,144000.0,144100.0,138200.0,139000.0,144280.0,148845.0,134025.0,141302.5,249791
2024-11-06,139500.0,140700.0,125600.0,127400.0,140820.0,147525.0,134246.66666666666,141389.16666666666,631737
2024-11-07,127400.0,130800.0,121500.0,127400.0,135960.0,146155.0,134313.33333333334,141518.33333333334,290142
2024-11-08,129100.0,131500.0,126900.0,127100.0,132960.0,144465.0,134415.0,141655.83333333334,184084
2024-11-11,123700.0,126700.0,120200.0,121600.0,128500.0,142500.0,134546.66666666666,141759.16666666666,265375
2024-11-12,120400.0,122800.0,117000.0,117400.0,124180.0,140725.0,134478.33333333334,141815.0,326006
2024-11-13,116000.0,116500.0,110500.0,110700.0,120840.0,138650.0,134341.66666666666,141893.33333333334,363666
2024-11-14,111300.0,112000.0,101900.0,102300.0,115820.0,136285.0,134046.66666666666,141877.5,488167
2024-11-15,97900.0,105700.0,93400.0,103100.0,111020.0,134145.0,133700.0,141873.33333333334,524175
2024-11-18,103200.0,107300.0,101200.0,105400.0,107780.0,132015.0,133375.0,141825.83333333334,240201
2024-11-19,105100.0,106400.0,102300.0,105000.0,105300.0,130115.0,133100.0,141725.83333333334,186243
2024-11-20,105000.0,107700.0,103000.0,105000.0,104160.0,128125.0,132786.66666666666,141625.0,169740
2024-11-21,105100.0,107200.0,103800.0,105100.0,104720.0,126300.0,132471.66666666666,141370.83333333334,163565
2024-11-22,114000.0,119300.0,110600.0,113800.0,106860.0,124990.0,132280.0,141155.0,804175
2024-11-25,112800.0,116600.0,111500.0,112600.0,108300.0,122930.0,132070.0,140918.33333333334,353104
2024-11-26,112200.0,114300.0,106000.0,106500.0,108600.0,120590.0,131726.66666666666,140651.66666666666,314541
2024-11-27,104100.0,106000.0,102000.0,103300.0,108260.0,118520.0,131310.0,140352.5,311370
2024-11-28,103300.0,104300.0,101800.0,103900.0,108020.0,116130.0,130966.66666666667,140004.16666666666,189623
2024-11-29,103100.0,103300.0,97700.0,98900.0,105040.0,113970.0,130501.66666666667,139582.5,378840
2024-12-02,99900.0,101900.0,97400.0,98300.0,102180.0,111690.0,129993.33333333333,139168.33333333334,201647
2024-12-03,98300.0,103500.0,98300.0,103100.0,101500.0,109895.0,129558.33333333333,138784.16666666666,232204
2024-12-04,100700.0,103300.0,98000.0,100400.0,100920.0,108545.0,129108.33333333333,138206.66666666666,258069
2024-12-05,101000.0,101600.0,98000.0,98100.0,99760.0,107080.0,128765.0,137638.33333333334,176195
2024-12-06,101500.0,103600.0,94100.0,97500.0,99480.0,105600.0,128441.66666666667,137037.5,364472
2024-12-09,93200.0,95200.0,90300.0,90400.0,97900.0,104040.0,128130.0,136260.0,366026
2024-12-10,91200.0,100100.0,91100.0,98100.0,96900.0,103075.0,127915.0,135450.0,293105
2024-12-11,99800.0,99800.0,96400.0,99000.0,96620.0,102490.0,127735.0,134707.5,189723
2024-12-12,100200.0,107300.0,98400.0,105100.0,98020.0,102630.0,127448.33333333333,134066.66666666666,465412
2024-12-13,103400.0,105600.0,99600.0,100300.0,98580.0,102490.0,127041.66666666667,133381.66666666666,326946
2024-12-16,105800.0,115700.0,105300.0,110600.0,102620.0,102750.0,126821.66666666667,132811.66666666666,889445
2024-12-17,113000.0,113800.0,104700.0,108700.0,104740.0,102935.0,126521.66666666667,132242.5,653194
2024-12-18,110100.0,118600.0,110100.0,115400.0,108020.0,103455.0,126325.0,131806.66666666666,760327
2024-12-19,111800.0,114400.0,109200.0,109600.0,108920.0,103680.0,125973.33333333333,131353.33333333334,397441
2024-12-20,110800.0,112300.0,105400.0,105500.0,109960.0,103265.0,125535.0,130909.16666666667,302050
2024-12-23,107400.0,111600.0,104000.0,109900.0,109820.0,103130.0,125161.66666666667,130508.33333333333,304101
2024-12-24,111600.0,111900.0,104500.0,104700.0,109020.0,103040.0,124458.33333333333,129975.83333333333,298873
2024-12-26,106100.0,112800.0,104100.0,109800.0,107900.0,103365.0,123763.33333333333,129538.33333333333,477089
2024-12-27,108900.0,110800.0,105000.0,106900.0,107360.0,103515.0,123158.33333333333,129120.83333333333,267986
2024-12-30,106100.0,107700.0,104000.0,105100.0,107280.0,103825.0,122460.0,128663.33333333333,303283
2025-01-02,105800.0,111000.0,104200.0,109700.0,107240.0,104395.0,121828.33333333333,128192.5,286715
2025-01-03,109800.0,119100.0,108500.0,117000.0,109700.0,105090.0,121276.66666666667,127800.0,451116
2025-01-06,117000.0,119400.0,115600.0,117900.0,111320.0,105965.0,120678.33333333333,127432.5,296951
2025-01-07,124900.0,127000.0,120000.0,120300.0,114000.0,107075.0,120103.33333333333,127026.66666666667,600044
2025-01-08,119000.0,139000.0,118100.0,135400.0,120060.0,108970.0,119678.33333333333,126685.83333333333,1459579
2025-01-09,144000.0,166600.0,143400.0,161600.0,130440.0,112530.0,119690.0,126622.5,4402299
2025-01-10,167100.0,167100.0,156200.0,156800.0,138400.0,115465.0,119755.0,126594.16666666667,1632040
2025-01-13,155100.0,159000.0,150600.0,150800.0,144980.0,118055.0,119731.66666666667,126563.33333333333,818761
2025-01-14,158000.0,163800.0,154500.0,158100.0,152540.0,120705.0,119873.33333333333,126599.16666666667,1890089
2025-01-15,156100.0,165600.0,156000.0,158400.0,157140.0,123610.0,120081.66666666667,126630.83333333333,1230390
2025-01-16,165100.0,166000.0,158300.0,159500.0,156720.0,126055.0,120273.33333333333,126685.83333333333,958894
2025-01-17,158300.0,174800.0,156900.0,174500.0,160260.0,129345.0,120798.33333333333,126844.16666666667,2329863
2025-01-20,173300.0,181000.0,168800.0,170400.0,164180.0,132095.0,121225.0,127047.5,1079353
2025-01-21,171500.0,175800.0,167400.0,170500.0,166660.0,135140.0,121706.66666666667,127253.33333333333,910526
2025-01-22,174000.0,177500.0,169800.0,171400.0,169260.0,138435.0,122230.0,127488.33333333333,686773
2025-01-23,170200.0,171900.0,161900.0,162200.0,169800.0,141050.0,122370.0,127672.5,841097
2025-01-24,161300.0,166200.0,160500.0,162700.0,167440.0,143950.0,122526.66666666667,127920.0,435978
2025-01-31,150600.0,159000.0,150000.0,156900.0,164740.0,146305.0,122730.0,128081.66666666667,643385
2025-02-03,152100.0,153700.0,141400.0,143500.0,159340.0,148135.0,122593.33333333333,128143.33333333333,883969
2025-02-04,146100.0,149300.0,139000.0,139600.0,152980.0,149860.0,122551.66666666667,128170.83333333333,722948
2025-02-05,140500.0,148500.0,140300.0,145200.0,149580.0,151635.0,122573.33333333333,128217.5,783896
2025-02-06,148400.0,154600.0,143800.0,154600.0,147960.0,153515.0,122833.33333333333,128429.16666666667,806257
2025-02-07,159300.0,164600.0,156300.0,157200.0,148020.0,155480.0,123330.0,128788.33333333333,1159977
2025-02-10,154500.0,162300.0,151800.0,156500.0,150620.0,157290.0,123815.0,129064.16666666667,604232
2025-02-11,158900.0,164300.0,152500.0,153700.0,153440.0,158205.0,124258.33333333333,129336.66666666667,653541
2025-02-12,150400.0,160800.0,150400.0,158300.0,156060.0,158040.0,124870.0,129708.33333333333,607354
2025-02-13,160000.0,163300.0,152600.0,162100.0,157560.0,158305.0,125615.0,130046.66666666667,734459
2025-02-14,160100.0,162500.0,155800.0,156100.0,157340.0,158570.0,126371.66666666667,130356.66666666667,424071
2025-02-17,157600.0,158600.0,154000.0,154200.0,156880.0,158375.0,127236.66666666667,130641.66666666667,456429
2025-02-18,154600.0,154700.0,148400.0,149000.0,155940.0,157905.0,128001.66666666667,130850.83333333333,576841
2025-02-19,149600.0,153700.0,148600.0,152100.0,154700.0,157535.0,128780.0,131077.5,595782
2025-02-20,151900.0,151900.0,140800.0,141000.0,150480.0,155860.0,129380.0,131240.0,737679
2025-02-21,141100.0,146900.0,141000.0,146300.0,148520.0,154655.0,130068.33333333333,131427.5,431035
2025-02-24,142600.0,143200.0,139000.0,142200.0,146120.0,153240.0,130686.66666666667,131579.16666666666,384258
2025-02-25,141200.0,145100.0,140200.0,140300.0,144380.0,151685.0,131128.33333333334,131704.16666666666,307219
2025-02-26,139300.0,140100.0,137100.0,138900.0,141740.0,150520.0,131566.66666666666,131818.33333333334,325861
2025-02-27,139900.0,139900.0,133900.0,134200.0,140380.0,149095.0,132028.33333333334,131877.5,395359
2025-02-28,131300.0,135200.0,129700.0,130000.0,137120.0,147750.0,132473.33333333334,131891.66666666666,480918
2025-03-04,126100.0,127900.0,123700.0,125700.0,133820.0,146860.0,132836.66666666666,131901.66666666666,365380
2025-03-05,126400.0,128700.0,123900.0,127000.0,131160.0,146230.0,133305.0,131903.33333333334,351452
2025-03-06,128400.0,129100.0,120400.0,124300.0,128240.0,145185.0,133738.33333333334,131865.83333333334,532314
2025-03-07,123000.0,126400.0,120900.0,121900.0,125780.0,143550.0,134051.66666666666,131805.0,342898
2025-03-10,120700.0,126400.0,119700.0,123900.0,124560.0,141885.0,134443.33333333334,131775.83333333334,363349
2025-03-11,118700.0,127200.0,118300.0,125800.0,124580.0,140350.0,134905.0,131835.0,473756
2025-03-12,127100.0,127400.0,124900.0,126300.0,124440.0,138980.0,135385.0,131913.33333333334,281912
2025-03-13,127500.0,137300.0,127300.0,130500.0,125680.0,137590.0,136053.33333333334,132091.66666666666,921802
2025-03-14,130000.0,137800.0,129000.0,136500.0,128600.0,136310.0,136693.33333333334,132304.16666666666,459621
2025-03-17,138100.0,139000.0,132700.0,133900.0,130600.0,135200.0,137275.0,132505.0,387532
2025-03-18,135300.0,136100.0,128400.0,129200.0,131280.0,133950.0,137676.66666666666,132562.5,353557
2025-03-19,128000.0,131200.0,126100.0,126200.0,131260.0,132810.0,138108.33333333334,132575.0,301639
2025-03-20,127300.0,128100.0,120800.0,122300.0,129620.0,131320.0,138303.33333333334,132562.5,440315
2025-03-21,122300.0,123000.0,120200.0,121100.0,126540.0,130325.0,138510.0,132515.83333333334,261786
2025-03-24,120900.0,121400.0,119200.0,119200.0,123600.0,128970.0,138573.33333333334,132449.16666666666,156613
2025-03-25,120800.0,121300.0,116300.0,116600.0,121080.0,127690.0,138690.0,132331.66666666666,169517
2025-03-26,117600.0,120000.0,116500.0,119500.0,119740.0,126650.0,138923.33333333334,132229.16666666666,202044
2025-03-27,117300.0,118200.0,113300.0,113700.0,118020.0,125390.0,138986.66666666666,132074.16666666666,206642
2025-03-28,114300.0,114700.0,109500.0,110000.0,115800.0,124180.0,139075.0,131766.66666666666,198168
2025-03-31,106200.0,107300.0,101500.0,102900.0,112540.0,122825.0,138960.0,131361.66666666666,443219
2025-04-01,103900.0,107900.0,103900.0,107400.0,110700.0,121910.0,138968.33333333334,131063.33333333333,204835
2025-04-02,107900.0,108000.0,100500.0,101600.0,107120.0,120640.0,138910.0,130685.0,294966
2025-04-03,97000.0,101700.0,96600.0,101000.0,104580.0,119475.0,138765.0,130296.66666666667,219249
2025-04-04,99500.0,105500.0,98400.0,102500.0,103080.0,118505.0,138523.33333333334,129900.0,321148
2025-04-07,97500.0,97700.0,90700.0,90800.0,100660.0,116850.0,138071.66666666666,129375.0,387956
2025-04-08,94200.0,95500.0,90900.0,91900.0,97560.0,115155.0,137598.33333333334,128850.83333333333,223872
2025-04-09,90100.0,92000.0,86200.0,88700.0,94980.0,113275.0,136820.0,128249.16666666667,276240
2025-04-10,96100.0,97300.0,93200.0,97100.0,94200.0,111605.0,135745.0,127717.5,373503
2025-04-11,94200.0,100700.0,93600.0,100700.0,93840.0,109815.0,134810.0,127282.5,201848
2025-04-14,102100.0,103100.0,99100.0,101400.0,95960.0,108190.0,133986.66666666666,126859.16666666667,214530
2025-04-15,101400.0,101800.0,99800.0,101100.0,97800.0,106785.0,133036.66666666666,126455.0,111683
2025-04-16,99900.0,100300.0,95000.0,96300.0,99320.0,105290.0,132001.66666666666,126041.66666666667,199316
2025-04-17,96300.0,98400.0,96100.0,97900.0,99480.0,104070.0,130975.0,125624.16666666667,111359
2025-04-18,98000.0,98600.0,96900.0,98300.0,99000.0,102930.0,129705.0,125251.66666666667,86438
2025-04-21,97800.0,100400.0,97200.0,97800.0,98280.0,101860.0,128495.0,124860.0,108378
2025-04-22,95000.0,97500.0,93800.0,94500.0,96960.0,100755.0,127228.33333333333,124467.5,201758
2025-04-23,96400.0,102000.0,96200.0,101900.0,98080.0,99875.0,126070.0,124150.0,285527
2025-04-24,104000.0,104400.0,100000.0,102600.0,99020.0,99320.0,125076.66666666667,123723.33333333333,226546
2025-04-25,104600.0,106650.0,103200.0,104400.0,100240.0,99040.0,124105.0,123315.83333333333,222232
2025-04-28,103900.0,106100.0,102100.0,102800.0,101240.0,99035.0,123203.33333333333,122966.66666666667,131546
2025-04-29,102100.0,103000.0,101000.0,102200.0,102780.0,98775.0,122515.0,122554.16666666667,171688
2025-04-30,102100.0,102900.0,99900.0,102100.0,102820.0,98800.0,121890.0,122220.83333333333,143814
2025-05-02,101100.0,102500.0,100400.0,101600.0,102620.0,98830.0,121163.33333333333,121868.33333333333,121809
2025-05-07,101700.0,102700.0,100000.0,100300.0,101800.0,98720.0,120258.33333333333,121545.83333333333,128622
2025-05-08,101400.0,104700.0,101300.0,101300.0,101500.0,99245.0,119326.66666666667,121328.33333333333,188784
2025-05-09,102000.0,102000.0,96000.0,96400.0,100340.0,99470.0,118325.0,121070.0,266110
2025-05-12,97400.0,99700.0,96800.0,99300.0,99780.0,100000.0,117418.33333333333,120838.33333333333,121531
2025-05-13,101700.0,102700.0,98900.0,100000.0,99460.0,100145.0,116446.66666666667,120658.33333333333,138584
2025-05-14,101600.0,108500.0,101200.0,105800.0,100560.0,100400.0,115508.33333333333,120561.66666666667,455032
2025-05-15,106400.0,107000.0,100200.0,101000.0,100500.0,100380.0,114590.0,120480.83333333333,217959
2025-05-16,101700.0,102500.0,98100.0,98700.0,100960.0,100260.0,113665.0,120450.83333333333,149314
2025-05-19,97600.0,98000.0,95500.0,96600.0,100420.0,100275.0,112791.66666666667,120396.66666666667,163482
2025-05-20,97700.0,98000.0,90100.0,92400.0,98900.0,100000.0,111796.66666666667,120288.33333333333,301188
2025-05-21,92700.0,94200.0,92100.0,93400.0,96420.0,99755.0,111003.33333333333,120191.66666666667,170300
2025-05-22,91500.0,92200.0,88400.0,89500.0,94120.0,99340.0,110056.66666666667,120062.5,255429
2025-05-23,90000.0,90100.0,85900.0,86000.0,91580.0,98915.0,109120.0,119903.33333333333,257731
2025-05-26,87000.0,94400.0,87000.0,92900.0,90840.0,98465.0,108330.0,119729.16666666667,361774
2025-05-27,93400.0,93400.0,89600.0,90400.0,90440.0,97855.0,107521.66666666667,119544.16666666667,199086
2025-05-28,91800.0,92200.0,89100.0,91900.0,90140.0,97230.0,106816.66666666667,119422.5,278890
2025-05-29,94300.0,94400.0,90700.0,92200.0,90680.0,96700.0,106186.66666666667,119330.0,222962
2025-05-30,91200.0,91400.0,88300.0,89100.0,91300.0,96045.0,105576.66666666667,119206.66666666667,343794
2025-06-02,90000.0,90700.0,87700.0,88400.0,90400.0,95360.0,104933.33333333333,119119.16666666667,151714
2025-06-04,90000.0,91400.0,89500.0,90300.0,90380.0,94795.0,104366.66666666667,119052.5,186386
2025-06-05,91900.0,97500.0,91200.0,95400.0,91080.0,94550.0,103925.0,118988.33333333333,437104
2025-06-09,97300.0,97900.0,93400.0,94700.0,91580.0,94220.0,103438.33333333333,118940.83333333333,246280
2025-06-10,96200.0,96700.0,93500.0,94800.0,92720.0,94140.0,102921.66666666667,118913.33333333333,189455
2025-06-11,95100.0,97300.0,95000.0,96300.0,94300.0,93990.0,102421.66666666667,118903.33333333333,241319
2025-06-12,95600.0,96100.0,94400.0,94600.0,95160.0,93720.0,101823.33333333333,118938.33333333333,274123
2025-06-13,95000.0,95000.0,91000.0,91900.0,94460.0,93025.0,101080.0,118886.66666666667,247328
2025-06-16,90900.0,91400.0,88900.0,90400.0,93600.0,92495.0,100355.0,118815.0,231285
2025-06-17,91000.0,107500.0,90400.0,104400.0,95520.0,92780.0,99941.66666666667,118809.16666666667,1927976
2025-06-18,105600.0,105600.0,101600.0,103000.0,96860.0,93100.0,99555.0,118831.66666666667,478563
2025-06-19,109300.0,114500.0,108000.0,110600.0,100060.0,94010.0,99360.0,118831.66666666667,1279821
2025-06-20,113100.0,113200.0,107300.0,111600.0,104000.0,94920.0,99201.66666666667,118855.83333333333,496667
2025-06-23,108400.0,109900.0,105600.0,107000.0,107320.0,95795.0,98998.33333333333,118785.83333333333,424283
2025-06-24,110300.0,112300.0,106700.0,108300.0,108100.0,96910.0,98860.0,118775.0,392323
2025-06-25,113200.0,114800.0,109000.0,110200.0,109540.0,97775.0,98705.0,118814.16666666667,526977
2025-06-26,110500.0,118800.0,109200.0,118800.0,111180.0,99195.0,98790.0,118888.33333333333,954701
2025-06-27,116500.0,117300.0,111000.0,112400.0,111340.0,100220.0,98830.0,118952.5,484271
2025-06-30,111700.0,113600.0,109400.0,110200.0,111980.0,101120.0,98951.66666666667,118955.83333333333,247288
2025-07-01,112000.0,112300.0,104000.0,104500.0,111220.0,101890.0,98903.33333333333,118935.83333333333,553817
2025-07-02,104800.0,106300.0,104000.0,106300.0,110440.0,102785.0,98981.66666666667,118945.83333333333,216132
2025-07-03,106700.0,109400.0,105800.0,108700.0,108420.0,103705.0,99110.0,118937.5,269982
2025-07-04,114300.0,115400.0,108500.0,109000.0,107740.0,104385.0,99218.33333333333,118870.83333333333,498241
2025-07-07,107700.0,108400.0,105600.0,105700.0,106840.0,104935.0,99466.66666666667,118769.16666666667,174888
2025-07-08,104400.0,106200.0,102600.0,104100.0,106760.0,105400.0,99670.0,118634.16666666667,262596
2025-07-09,104800.0,105300.0,101000.0,101400.0,105780.0,105655.0,99881.66666666667,118350.83333333333,292225
2025-07-10,102300.0,106000.0,101900.0,106000.0,105240.0,106225.0,100030.0,117887.5,239029
2025-07-11,104600.0,105800.0,103200.0,103700.0,104180.0,106815.0,100080.0,117445.0,165802
2025-07-14,103400.0,104100.0,101500.0,102000.0,103440.0,107395.0,100090.0,117038.33333333333,143505
2025-07-15,102200.0,102600.0,101000.0,102500.0,103120.0,107300.0,100113.33333333333,116575.0,119411
2025-07-16,102200.0,102700.0,101100.0,101100.0,103060.0,107205.0,100193.33333333333,116097.5,140109
2025-07-17,101500.0,101700.0,96500.0,99300.0,101720.0,106640.0,100216.66666666667,115595.83333333333,292284
2025-07-18,100000.0,101400.0,98800.0,100000.0,100980.0,106060.0,100245.0,114975.0,185853
2025-07-21,100300.0,103400.0,99800.0,102900.0,101160.0,105855.0,100330.0,114412.5,194415
2025-07-22,103400.0,103900.0,100200.0,100900.0,100840.0,105485.0,100436.66666666667,113832.5,161508
2025-07-23,101800.0,102700.0,99400.0,102400.0,101100.0,105095.0,100445.0,113257.5,154254
2025-07-24,103600.0,111900.0,102800.0,110300.0,103300.0,104670.0,100573.33333333333,112825.0,905333
2025-07-25,109300.0,109300.0,104800.0,105300.0,104360.0,104315.0,100588.33333333333,112346.66666666667,377335
2025-07-28,104300.0,104400.0,102000.0,103900.0,104560.0,104000.0,100606.66666666667,111905.0,216660
2025-07-29,104500.0,104700.0,102200.0,102500.0,104880.0,103900.0,100611.66666666667,111563.33333333333,154671
2025-07-30,102200.0,105500.0,102200.0,103100.0,105020.0,103740.0,100628.33333333333,111259.16666666667,233985
2025-07-31,104300.0,104300.0,99600.0,101200.0,103200.0,103365.0,100621.66666666667,110892.5,313671
2025-08-01,99900.0,100400.0,96500.0,96600.0,101460.0,102745.0,100560.0,110409.16666666667,273628
2025-08-04,96200.0,97700.0,95900.0,97100.0,100100.0,102315.0,100490.0,109908.33333333333,168047
2025-08-05,98200.0,101900.0,97800.0,98600.0,99320.0,102040.0,100526.66666666667,109425.83333333333,264594
2025-08-06,97900.0,100000.0,97500.0,98800.0,98460.0,101910.0,100518.33333333333,108968.33333333333,102811
2025-08-07,99300.0,100300.0,98300.0,99700.0,98160.0,101595.0,100513.33333333333,108480.0,128719
2025-08-08,98900.0,101200.0,98200.0,99900.0,98820.0,101405.0,100415.0,107961.66666666667,213391
2025-08-11,100200.0,101200.0,98600.0,99600.0,99320.0,101285.0,100391.66666666667,107490.83333333333,208036
2025-08-12,99300.0,100100.0,98300.0,98500.0,99300.0,101085.0,100388.33333333333,107026.66666666667,146116
2025-08-13,99300.0,100700.0,97600.0,100400.0,99620.0,101050.0,100451.66666666667,106621.66666666667,178379
2025-08-14,100500.0,103200.0,100500.0,103000.0,100280.0,101235.0,100628.33333333333,106212.5,276987
2025-08-18,101100.0,101700.0,99800.0,100500.0,100400.0,101260.0,100746.66666666667,105875.0,219559
2025-08-19,100600.0,101300.0,97900.0,98100.0,100100.0,101020.0,100890.0,105473.33333333333,153114
2025-08-20,96600.0,97700.0,95500.0,96800.0,99760.0,100815.0,101070.0,105095.0,130009
2025-08-21,96700.0,97800.0,96000.0,96000.0,98880.0,100495.0,101121.66666666667,104725.83333333333,129541
2025-08-22,96400.0,98500.0,96400.0,97400.0,97760.0,99850.0,101238.33333333333,104380.0,118616
2025-08-25,98200.0,100600.0,98200.0,99900.0,97640.0,99580.0,101371.66666666667,104094.16666666667,240607
2025-08-26,100200.0,106200.0,97200.0,97200.0,97460.0,99245.0,101455.0,103820.83333333333,2496941
2025-08-27,98300.0,98400.0,95800.0,95800.0,97260.0,98910.0,101566.66666666667,103571.66666666667,302951
2025-08-28,96300.0,96300.0,94100.0,94900.0,97040.0,98500.0,101675.0,103304.16666666667,194054
2025-08-29,95100.0,95800.0,93800.0,93800.0,96320.0,98130.0,101733.33333333333,103050.0,144196
2025-09-01,92800.0,92900.0,89900.0,90100.0,94360.0,97805.0,101645.0,102785.0,209637
2025-09-02,90300.0,92000.0,89400.0,91300.0,93180.0,97515.0,101588.33333333333,102513.33333333333,126884
2025-09-03,90800.0,95400.0,90600.0,92500.0,92520.0,97210.0,101550.0,102235.83333333333,185385
2025-09-04,92900.0,94400.0,92600.0,93900.0,92320.0,96965.0,101510.0,101965.83333333333,104689
2025-09-05,94400.0,101000.0,94000.0,97700.0,93100.0,96865.0,101561.66666666667,101692.5,554187
2025-09-08,97000.0,98900.0,95600.0,97300.0,94540.0,96735.0,101651.66666666667,101365.83333333333,147750
2025-09-09,98500.0,98800.0,97000.0,97800.0,95840.0,96645.0,101775.0,101065.0,114490
2025-09-10,97800.0,99100.0,96500.0,98700.0,97080.0,96655.0,101680.0,100810.83333333333,209551
2025-09-11,99600.0,102900.0,98300.0,101400.0,98580.0,96705.0,101653.33333333333,100604.16666666667,465794
2025-09-12,101700.0,105300.0,100900.0,104100.0,99860.0,96760.0,101545.0,100452.5,444674
2025-09-15,104800.0,104800.0,101600.0,102200.0,100840.0,96845.0,101388.33333333333,100295.0,224326
2025-09-16,103400.0,109600.0,102900.0,105600.0,102400.0,97220.0,101365.0,100181.66666666667,635458
2025-09-17,105900.0,105900.0,102800.0,103000.0,103260.0,97530.0,101276.66666666667,100068.33333333333,175046
2025-09-18,103500.0,106200.0,101900.0,105200.0,104020.0,97990.0,101193.33333333333,99949.16666666667,236684
2025-09-22,104800.0,107000.0,104700.0,105300.0,104260.0,98385.0,100968.33333333333,99879.16666666667,180777
2025-09-23,106400.0,106500.0,103500.0,104700.0,104760.0,98625.0,100840.0,99835.0,153378
2025-09-24,103800.0,103900.0,100000.0,102400.0,104120.0,98885.0,100710.0,99830.83333333333,238429
2025-09-25,101900.0,101900.0,100700.0,101200.0,103760.0,99155.0,100655.0,99779.16666666667,104208
2025-09-26,100300.0,100500.0,97000.0,98000.0,102320.0,99310.0,100516.66666666667,99749.16666666667,218024
2025-09-29,98900.0,100700.0,97800.0,99200.0,101100.0,99580.0,100358.33333333333,99734.16666666667,162747
2025-09-30,100100.0,105500.0,99600.0,101100.0,100380.0,100130.0,100226.66666666667,99722.5,325620
2025-10-01,101900.0,104200.0,101100.0,102100.0,100320.0,100670.0,100166.66666666667,99816.66666666667,203606
2025-10-02,103400.0,106600.0,102500.0,103800.0,100840.0,101235.0,100161.66666666667,99915.83333333333,344151
2025-10-10,105900.0,106300.0,103600.0,104100.0,102060.0,101745.0,100206.66666666667,100044.16666666667,234708
2025-10-13,100900.0,104200.0,99900.0,104200.0,103060.0,102070.0,100176.66666666667,100103.33333333333,175919
2025-10-14,105200.0,110400.0,101400.0,103300.0,103500.0,102370.0,100170.0,100125.0,468975
2025-10-15,105300.0,106800.0,103100.0,106500.0,104380.0,102805.0,100245.0,100167.5,177325
2025-10-16,105800.0,108500.0,104900.0,108100.0,105240.0,103275.0,100338.33333333333,100225.83333333333,327700
2025-10-17,106900.0,112100.0,106300.0,109800.0,106380.0,103695.0,100483.33333333333,100338.33333333333,517872
2025-10-20,109400.0,109400.0,105200.0,107400.0,107020.0,103860.0,100618.33333333333,100417.5,288791
2025-10-21,109000.0,110600.0,106500.0,106800.0,107720.0,104090.0,100731.66666666667,100488.33333333333,309407
2025-10-22,107100.0,108500.0,105600.0,108300.0,108080.0,104225.0,100821.66666666667,100575.83333333333,247125
2025-10-23,106900.0,108300.0,105100.0,105200.0,107500.0,104335.0,100893.33333333333,100665.0,211855
2025-10-24,106500.0,113000.0,106400.0,111800.0,107900.0,104665.0,101050.0,100747.5,617307
2025-10-27,115600.0,115600.0,110700.0,112700.0,108960.0,105035.0,101090.0,100831.66666666667,393860
2025-10-28,118100.0,128900.0,115400.0,121800.0,111960.0,105890.0,101365.0,100976.66666666667,2042519
2025-10-29,124900.0,125400.0,121200.0,123600.0,115020.0,106950.0,101693.33333333333,101150.0,574537
2025-10-30,123100.0,123100.0,114200.0,116100.0,117200.0,107695.0,101920.0,101265.83333333333,742311
2025-10-31,117400.0,128100.0,116600.0,127700.0,120380.0,109180.0,102330.0,101479.16666666667,732205
2025-11-03,129700.0,136800.0,126200.0,134800.0,124800.0,110960.0,102890.0,101755.83333333333,1245470
2025-11-04,138500.0,138500.0,129300.0,131400.0,126720.0,112475.0,103470.0,102015.0,655007
2025-11-05,126600.0,128800.0,118900.0,126200.0,127240.0,113680.0,103955.0,102222.5,731441
2025-11-06,129000.0,129500.0,117000.0,117300.0,127480.0,114355.0,104266.66666666667,102396.66666666667,650511
2025-11-07,112000.0,115600.0,109400.0,110900.0,124120.0,114695.0,104468.33333333333,102493.33333333333,464920
2025-11-10,113000.0,119600.0,111000.0,119300.0,121020.0,115450.0,104795.0,102654.16666666667,441856
2025-11-11,120800.0,122500.0,115700.0,117400.0,118220.0,116155.0,105086.66666666667,102750.83333333333,360631
2025-11-12,119800.0,125500.0,116700.0,123000.0,117580.0,116980.0,105476.66666666667,102934.16666666667,564329
2025-11-13,122600.0,124000.0,120200.0,122000.0,118520.0,117675.0,105868.33333333333,103128.33333333333,267109
2025-11-14,117800.0,118900.0,115200.0,115500.0,119440.0,117960.0,106120.0,103285.83333333333,234463
2025-11-17,117900.0,119200.0,115200.0,117800.0,119140.0,118480.0,106366.66666666667,103497.5,142517
2025-11-18,116000.0,117600.0,111500.0,111500.0,117960.0,118715.0,106550.0,103648.33333333333,222689
2025-11-19,112000.0,112200.0,107000.0,110100.0,115380.0,118805.0,106750.0,103820.0,197956
2025-11-20,113900.0,114100.0,112200.0,112800.0,113540.0,119185.0,107016.66666666667,104043.33333333333,127739
2025-11-21,107000.0,108300.0,105800.0,105900.0,111620.0,118890.0,107181.66666666667,104151.66666666667,207229
2025-11-24,106900.0,108200.0,105200.0,106300.0,109320.0,118570.0,107330.0,104284.16666666667,162013
2025-11-25,109400.0,109900.0,105950.0,106900.0,108400.0,117825.0,107446.66666666667,104409.16666666667,132339
2025-11-26,108500.0,110800.0,107600.0,110800.0,108540.0,117185.0,107673.33333333333,104564.16666666667,136327
2025-11-27,112100.0,112300.0,109600.0,110600.0,108100.0,116910.0,107920.0,104743.33333333333,121255
2025-11-28,111100.0,111600.0,109900.0,111200.0,109160.0,116085.0,108191.66666666667,104933.33333333333,104179
2025-12-01,111700.0,111700.0,109000.0,109200.0,109740.0,114805.0,108448.33333333333,105090.83333333333,172105
2025-12-02,110000.0,110600.0,109100.0,110500.0,110460.0,113760.0,108788.33333333333,105216.66666666667,110804
2025-12-03,111200.0,112100.0,109500.0,111600.0,110620.0,113030.0,109126.66666666667,105357.5,109032
2025-12-04,111500.0,112000.0,108900.0,110500.0,110600.0,112690.0,109426.66666666667,105488.33333333333,114484
2025-12-05,110000.0,110800.0,109100.0,110000.0,110360.0,112645.0,109695.0,105602.5,131906
2025-12-08,110100.0,110400.0,108900.0,110400.0,110600.0,112200.0,109906.66666666667,105734.16666666667,160189
2025-12-09,112500.0,116200.0,111800.0,114500.0,111400.0,112055.0,110193.33333333333,105922.5,383417
2025-12-10,116300.0,116500.0,113400.0,113900.0,111860.0,111600.0,110461.66666666667,106118.33333333333,181107
2025-12-11,115800.0,116700.0,113000.0,113400.0,112440.0,111170.0,110706.66666666667,106193.33333333333,247368
2025-12-12,109200.0,109200.0,107500.0,108600.0,112160.0,110825.0,110826.66666666667,106240.0,273516
2025-12-15,107300.0,112800.0,106300.0,112200.0,112520.0,110545.0,110961.66666666667,106253.33333333333,247545
2025-12-16,112300.0,115000.0,108800.0,109200.0,111460.0,110430.0,111078.33333333333,106233.33333333333,235602
2025-12-17,110100.0,110400.0,107700.0,108600.0,110400.0,110355.0,111128.33333333333,106246.66666666667,99083
2025-12-18,106200.0,106900.0,104700.0,105200.0,108760.0,109975.0,111165.0,106220.83333333333,138087
2025-12-19,106900.0,107500.0,101800.0,104000.0,107840.0,109880.0,111145.0,106169.16666666667,179016
2025-12-22,106000.0,108600.0,105200.0,108400.0,107080.0,109985.0,111196.66666666667,106082.5,142950
2025-12-23,109000.0,109000.0,107000.0,107200.0,106680.0,110000.0,111238.33333333333,106039.16666666667,103949
2025-12-24,107900.0,108900.0,105600.0,106000.0,106160.0,109760.0,111298.33333333333,106004.16666666667,108023
2025-12-26,106700.0,107800.0,105600.0,105600.0,106240.0,109510.0,111371.66666666667,106013.33333333333,114224
2025-12-29,105700.0,106200.0,103900.0,106100.0,106660.0,109255.0,111506.66666666667,106011.66666666667,97134
2025-12-30,105300.0,105400.0,104000.0,104400.0,105860.0,109015.0,111593.33333333333,105975.83333333333,107469
2026-01-02,104400.0,104400.0,100700.0,103000.0,105020.0,108640.0,111625.0,105925.83333333333,188248
2026-01-05,105300.0,109100.0,105300.0,108400.0,105500.0,108480.0,111730.0,105948.33333333333,231039
2026-01-06,108900.0,110600.0,106900.0,110400.0,106460.0,108475.0,111840.0,106000.83333333333,228481
2026-01-07,111300.0,111500.0,104900.0,106100.0,106460.0,108280.0,111873.33333333333,106040.0,276233
2026-01-08,104800.0,105200.0,102800.0,104300.0,106440.0,107975.0,111875.0,106025.83333333333,273806
2026-01-09,104200.0,104200.0,101600.0,102200.0,106280.0,107360.0,111856.66666666667,106013.33333333333,173923
2026-01-12,103100.0,104300.0,102300.0,104000.0,105400.0,106865.0,111815.0,106030.0,186500
2026-01-13,105200.0,106200.0,102900.0,105900.0,104500.0,106490.0,111778.33333333333,106058.33333333333,217561
2026-01-14,106100.0,106300.0,104000.0,104400.0,104160.0,106280.0,111688.33333333333,106085.83333333333,119475
2026-01-15,103800.0,105700.0,102700.0,105500.0,104400.0,105945.0,111656.66666666667,106137.5,139917
2026-01-16,107100.0,109500.0,105600.0,106000.0,105160.0,105785.0,111643.33333333333,106187.5,253368
2026-01-19,106900.0,112500.0,106700.0,110700.0,106500.0,105890.0,111683.33333333333,106252.5,457880
2026-01-20,113700.0,113800.0,109200.0,111900.0,107700.0,106225.0,111795.0,106344.16666666667,339196
2026-01-21,107600.0,109600.0,106700.0,108900.0,108600.0,106470.0,111746.66666666667,106398.33333333333,227705
2026-01-22,110100.0,117300.0,109200.0,116100.0,110720.0,106855.0,111803.33333333333,106446.66666666667,677769
2026-01-23,114300.0,114400.0,110800.0,113000.0,112120.0,107145.0,111656.66666666667,106510.83333333333,360273
2026-01-26,113900.0,117600.0,112200.0,116900.0,113360.0,107690.0,111545.0,106619.16666666667,373445
2026-01-27,115000.0,115100.0,112500.0,113900.0,113760.0,108105.0,111508.33333333333,106714.16666666667,303102
2026-01-28,115100.0,116900.0,112700.0,116900.0,115360.0,108645.0,111328.33333333333,106829.16666666667,395706
2026-01-29,120800.0,120900.0,112900.0,117300.0,115600.0,109290.0,111036.66666666667,106963.33333333333,482941
2026-01-30,116000.0,122500.0,115000.0,117100.0,116420.0,109995.0,110798.33333333333,107134.16666666667,562013
2026-02-02,115300.0,121000.0,110900.0,111400.0,115320.0,110145.0,110551.66666666667,107253.33333333333,419415
2026-02-03,114300.0,117400.0,112700.0,117000.0,115940.0,110475.0,110546.66666666667,107406.66666666667,263752
2026-02-04,115300.0,118500.0,115000.0,118200.0,116200.0,111080.0,110668.33333333333,107568.33333333333,281647
2026-02-05,116800.0,117300.0,110300.0,111700.0,115080.0,111450.0,110541.66666666667,107668.33333333333,388251
2026-02-06,107800.0,109300.0,103800.0,107600.0,113180.0,111720.0,110378.33333333333,107732.5,309556
2026-02-09,110000.0,114800.0,110000.0,114000.0,113700.0,112220.0,110228.33333333333,107852.5,339475
2026-02-10,114100.0,114900.0,111100.0,111700.0,112640.0,112510.0,110056.66666666667,107962.5,210103
2026-02-11,111200.0,111200.0,109400.0,109700.0,110940.0,112775.0,109960.0,108040.0,196603
2026-02-12,110900.0,111000.0,109200.0,109700.0,110540.0,112985.0,109825.0,108095.83333333333,205003
2026-02-13,108700.0,109500.0,106600.0,108200.0,110660.0,113095.0,109770.0,108160.0,218254
2026-02-19,109000.0,113200.0,109000.0,112800.0,110420.0,113200.0,109815.0,108282.5,264951
2026-02-20,112000.0,113200.0,110900.0,111000.0,110280.0,113155.0,109785.0,108400.83333333333,256006
2026-02-23,111800.0,112900.0,109800.0,110300.0,110400.0,113225.0,109858.33333333333,108520.0,290112
2026-02-24,109900.0,114200.0,109300.0,112900.0,111040.0,113065.0,109968.33333333333,108649.16666666667,328967
2026-02-25,114100.0,114700.0,111600.0,113700.0,112140.0,113100.0,110081.66666666667,108764.16666666667,306626
2026-02-26,114000.0,116700.0,111000.0,112400.0,112060.0,112875.0,110108.33333333333,108890.83333333333,597872
2026-02-27,104700.0,118500.0,104600.0,113200.0,112500.0,112840.0,110151.66666666667,109035.83333333333,1402183
2026-03-03,111400.0,116400.0,105200.0,105400.0,111520.0,112265.0,110055.0,109123.33333333333,564583
2026-03-04,101500.0,104000.0,88000.0,88000.0,106540.0,110800.0,109701.66666666667,109075.0,646708
2026-03-05,95200.0,101800.0,95200.0,99200.0,103640.0,109905.0,109513.33333333333,109150.83333333333,320286
2026-03-06,97900.0,103600.0,97100.0,103600.0,101880.0,109515.0,109380.0,109253.33333333333,216522
2026-03-09,97100.0,99400.0,93500.0,96800.0,98600.0,108505.0,109151.66666666667,109289.16666666667,255678
2026-03-10,100700.0,101000.0,97400.0,99800.0,97480.0,107585.0,108981.66666666667,109338.33333333333,168756
2026-03-11,100400.0,105600.0,100400.0,102600.0,100400.0,107130.0,108851.66666666667,109379.16666666667,227791
2026-03-12,101300.0,103500.0,100300.0,100600.0,100680.0,106780.0,108620.0,109406.66666666667,239221
2026-03-13,98200.0,100400.0,97400.0,99400.0,99840.0,106050.0,108378.33333333333,109420.0,131272
2026-03-16,99500.0,101700.0,96800.0,97600.0,100000.0,105345.0,108115.0,109410.83333333333,139907
2026-03-17,99300.0,100000.0,98500.0,99000.0,99840.0,104810.0,107955.0,109390.83333333333,110562
2026-03-18,99900.0,100500.0,97600.0,98800.0,99080.0,104265.0,107731.66666666667,109346.66666666667,196835
2026-03-19,96900.0,101700.0,96300.0,99100.0,98780.0,103810.0,107563.33333333333,109320.83333333333,184770
2026-03-20,100000.0,100700.0,99100.0,99400.0,98780.0,103140.0,107410.0,109269.16666666667,104857
2026-03-23,97000.0,97100.0,93500.0,93700.0,98000.0,102275.0,107218.33333333333,109191.66666666667,169834
2026-03-24,98000.0,101300.0,97100.0,99900.0,98180.0,101755.0,107150.0,109147.5,197805
2026-03-25,101500.0,104600.0,101200.0,102100.0,98840.0,101215.0,107045.0,109120.83333333333,180427
2026-03-26,101600.0,101700.0,98000.0,98100.0,98640.0,100435.0,106893.33333333333,109065.83333333333,121810
2026-03-27,96000.0,98700.0,93900.0,98700.0,98500.0,99750.0,106771.66666666667,109035.0,126598
2026-03-30,88045.1640625,90194.890625,87577.8359375,89727.5546875,97705.5109375,98576.377734375,106507.12591145834,108939.3962890625,141551
2026-03-31,88886.359375,89540.625,85241.1796875,85334.640625,94792.4390625,97573.109765625,106161.03658854167,108833.85162760416,207389
2026-04-01,88792.890625,92438.078125,87764.765625,92157.6796875,92803.975,97780.99375,105956.99791666666,108775.165625,161107
2026-04-02,92064.2109375,93092.3359375,86736.640625,87484.3671875,90680.8484375,97195.212109375,105698.40403645833,108661.70201822916,237868
2026-04-03,87764.765625,89540.625,85988.90625,88699.4296875,88680.734375,96450.18359375,105370.06119791667,108550.03059895833,246485
2026-04-06,91000.0,93300.0,88900.0,89900.0,88715.2234375,96105.18359375,105028.39453125,108434.197265625,153616
2026-04-07,90300.0,96200.0,90000.0,91300.0,89908.2953125,95680.18359375,104781.72786458333,108327.53059895833,218251
2026-04-08,95800.0,96100.0,94100.0,96100.0,90696.759375,95355.18359375,104645.06119791667,108260.03059895833,174610
2026-04-09,95200.0,95900.0,92500.0,94800.0,92159.8859375,95065.18359375,104521.72786458333,108189.197265625,238768
2026-04-10,95400.0,98600.0,95000.0,96100.0,93640.0,94900.18359375,104390.06119791667,108102.53059895833,148700
2026-04-13,94600.0,96000.0,93500.0,96000.0,94860.0,94820.18359375,104225.06119791667,108001.697265625,126374
2026-04-14,97100.0,98000.0,95800.0,96800.0,95960.0,94710.18359375,104098.39453125,107893.36393229167,136156
2026-04-15,98600.0,101100.0,98000.0,99800.0,96700.0,94760.18359375,104003.39453125,107830.03059895833,198882
2026-04-16,100400.0,122000.0,100400.0,122000.0,102140.0,95905.18359375,104270.06119791667,107956.697265625,2372862
2026-04-17,117000.0,117000.0,112400.0,113700.0,105660.0,96620.18359375,104320.06119791667,108001.697265625,547893
2026-04-20,113700.0,113800.0,108600.0,108900.0,108240.0,97380.18359375,104270.06119791667,108032.53059895833,342400
2026-04-21,110100.0,110300.0,106100.0,110300.0,110940.0,97900.18359375,104293.39453125,108020.03059895833,457528
2026-04-22,116200.0,117400.0,112900.0,114900.0,113960.0,98540.18359375,104273.39453125,108038.36393229167,586364
2026-04-23,116000.0,116100.0,108700.0,111600.0,111880.0,99215.18359375,104250.06119791667,107953.36393229167,350713
2026-04-24,112700.0,117900.0,112100.0,116100.0,112360.0,100085.18359375,104236.72786458333,107890.86393229167,398482
2026-04-27,118900.0,129900.0,113900.0,124700.0,115520.0,101833.805859375,104416.72786458333,107962.53059895833,1966444
2026-04-28,122200.0,125600.0,119400.0,124400.0,118340.0,103787.073828125,104541.72786458333,107935.03059895833,549970
2026-04-29,121500.0,123200.0,118800.0,123000.0,119960.0,105329.18984375,104636.72786458333,107836.697265625,364515
2026-04-30,122200.0,123000.0,117100.0,118000.0,121240.0,106854.971484375,104651.72786458333,107725.03059895833,338644
2026-05-04,119800.0,126800.0,119800.0,124000.0,122820.0,108620.0,104861.72786458333,107706.697265625,702550
2026-05-06,140000.0,161200.0,134500.0,161200.0,130120.0,112185.0,105598.39453125,108072.53059895833,2481911
2026-05-07,184000.0,184400.0,165000.0,174100.0,140060.0,116325.0,106530.06119791667,108599.197265625,2756221
2026-05-08,163700.0,168300.0,151300.0,159900.0,147440.0,119515.0,107333.39453125,108937.53059895833,1508553
2026-05-11,168400.0,179500.0,155700.0,156300.0,155100.0,122590.0,108145.06119791667,109261.697265625,1938941
2026-05-12,153000.0,156000.0,138000.0,145000.0,159300.0,125035.0,108661.72786458333,109445.03059895833,1270455
2026-05-13,138800.0,148900.0,136700.0,144100.0,155880.0,127440.0,109201.72786458333,109629.197265625,791729
2026-05-14,148300.0,148900.0,137600.0,146200.0,150300.0,129910.0,109810.06119791667,109885.03059895833,874338
2026-05-15,149900.0,150000.0,131100.0,133500.0,145020.0,131595.0,110206.72786458333,110015.86393229167,608487
2026-05-18,128900.0,139700.0,123700.0,136500.0,141060.0,132320.0,110678.39453125,110224.197265625,655771
2026-05-19,135400.0,139900.0,127100.0,127800.0,137620.0,133025.0,110928.39453125,110371.697265625,439150
2026-05-20,125000.0,127800.0,120300.0,122900.0,133380.0,133725.0,111126.72786458333,110455.86393229167,383006
2026-05-21,127500.0,141800.0,126300.0,136600.0,131460.0,135040.0,111565.06119791667,110711.697265625,550706
2026-05-22,138500.0,147300.0,134500.0,142100.0,133180.0,136400.0,112051.72786458333,111010.03059895833,689647
2026-05-26,149100.0,161000.0,148800.0,152400.0,136360.0,138440.0,112696.72786458333,111389.197265625,1349763
2026-05-27,159900.0,160000.0,143300.0,144500.0,139700.0,139860.0,113231.72786458333,111670.03059895833,857261
2026-05-28,142300.0,143800.0,129400.0,137200.0,142560.0,140485.0,113631.72786458333,111891.697265625,594871
2026-05-29,141100.0,146700.0,130900.0,139300.0,143100.0,141230.0,114196.72786458333,112125.86393229167,688861
2026-06-01,151200.0,181000.0,150200.0,156500.0,145980.0,142905.0,115338.39453125,112520.03059895833,3991380
2026-06-02,156400.0,158100.0,138500.0,140200.0,143540.0,144015.0,116021.72786458333,112767.53059895833,1024104
2026-06-04,149600.0,163000.0,145800.0,155900.0,145820.0,145610.0,116893.39453125,113136.697265625,1976788
2026-06-05,150200.0,151100.0,139000.0,142300.0,146840.0,144665.0,117651.72786458333,113401.697265625,692465
2026-06-08,125000.0,133900.0,125000.0,128000.0,144580.0,142360.0,118121.72786458333,113551.697265625,671068
2026-06-09,136000.0,137500.0,130200.0,135500.0,140380.0,141140.0,118670.06119791667,113760.86393229167,557156
2026-06-10,131500.0,132700.0,120800.0,124100.0,137160.0,139530.0,119061.72786458333,113840.86393229167,31
2026-06-11,118900.0,140000.0,116700.0,140000.0,133980.0,139280.0,119738.39453125,114058.36393229167,829530
2026-06-12,145400.0,146300.0,138200.0,140300.0,133580.0,139090.0,120450.06119791667,114282.53059895833,716689
2026-06-15,142900.0,145600.0,140400.0,143100.0,136600.0,138935.0,121185.06119791667,114570.03059895833,368252
2026-06-16,151700.0,151700.0,142600.0,144600.0,138420.0,139490.0,121948.39453125,114840.03059895833,612721
2026-06-17,142100.0,146000.0,140900.0,142400.0,142080.0,139785.0,122670.06119791667,115116.697265625,247552
2026-06-18,141700.0,141800.0,120600.0,125600.0,139200.0,139675.0,123106.72786458333,115258.36393229167,2238311
2026-06-19,130400.0,130500.0,115300.0,119600.0,135060.0,139510.0,123538.39453125,115378.36393229167,913340
2026-06-22,116600.0,121800.0,116200.0,119600.0,130360.0,138660.0,123866.72786458333,115508.36393229167,408468
2026-06-23,118000.0,122000.0,105500.0,105600.0,122560.0,136835.0,123925.06119791667,115485.03059895833,614615
2026-06-24,103700.0,109500.0,102000.0,106800.0,115440.0,134555.0,124070.06119791667,115481.697265625,381534
2026-06-25,110400.0,116800.0,108600.0,109000.0,112120.0,132780.0,124241.72786458333,115506.697265625,334945
2026-06-26,113100.0,114500.0,100200.0,104000.0,109000.0,131120.0,124479.601953125,115493.36393229167,475226
2026-06-29,104100.0,111000.0,101400.0,110400.0,107160.0,129675.0,124897.35794270833,115529.197265625,284597
2026-06-30,109400.0,109500.0,105800.0,106600.0,107360.0,127180.0,125138.06328125,115547.53059895833,211833
2026-07-01,108300.0,108400.0,102000.0,104700.0,106940.0,125405.0,125424.99049479167,115561.697265625,213167
2026-07-02,101000.0,103500.0,97000.0,98900.0,104920.0,122555.0,125595.0,115482.53059895833,277437
2026-07-03,98200.0,107000.0,92100.0,102700.0,104660.0,120575.0,125808.33333333333,115418.36393229167,365354
2026-07-06,103000.0,105000.0,97000.0,101000.0,102780.0,119225.0,125970.0,115375.86393229167,243085
2026-07-07,98300.0,100800.0,94100.0,97000.0,100860.0,117300.0,125985.0,115315.03059895833,225637
2026-07-08,92800.0,95400.0,88100.0,88700.0,97660.0,115530.0,125883.33333333333,115202.53059895833,344624
2026-07-09,88700.0,94300.0,88700.0,91900.0,96260.0,113125.0,125813.33333333333,115101.697265625,534438
2026-07-10,93700.0,97100.0,93300.0,94600.0,94640.0,110840.0,125790.0,115007.53059895833,228808
2026-07-13,94600.0,97800.0,87500.0,88000.0,92040.0,108085.0,125643.33333333333,114870.86393229167,233902
2026-07-14,87800.0,88800.0,82100.0,84300.0,89500.0,105070.0,125385.0,114694.197265625,273156
2026-07-15,87100.0,91500.0,87100.0,90400.0,89840.0,102470.0,124858.33333333333,114564.197265625,201544
2026-07-16,87900.0,88400.0,83800.0,85200.0,88500.0,100450.0,124383.33333333333,114351.697265625,179133
