날짜,시가,고가,저가,종가,MA5,MA20,MA60,MA120,거래량
2007-06-27,62200.0,63200.0,58300.0,61200.0,,,,,6559871
2007-06-28,60500.0,60800.0,57700.0,58000.0,,,,,1761128
2007-06-29,58000.0,59800.0,56600.0,56800.0,,,,,1144900
2007-07-02,56500.0,57500.0,56200.0,57000.0,,,,,605419
2007-07-03,57600.0,59800.0,57000.0,59700.0,58540.0,,,,1067955
2007-07-04,60400.0,60500.0,59300.0,59500.0,58200.0,,,,606237
2007-07-05,58700.0,59200.0,58200.0,58800.0,58360.0,,,,570849
2007-07-06,59000.0,59300.0,57700.0,57700.0,58540.0,,,,508565
2007-07-09,57500.0,58400.0,57500.0,58000.0,58740.0,,,,449100
2007-07-10,58300.0,59000.0,58000.0,58100.0,58420.0,,,,529867
2007-07-11,58100.0,58800.0,58000.0,58800.0,58280.0,,,,391310
2007-07-12,58800.0,62000.0,58500.0,62000.0,58920.0,,,,1260237
2007-07-13,63000.0,65500.0,61300.0,65000.0,60380.0,,,,2134277
2007-07-16,65400.0,68100.0,64000.0,66400.0,62060.0,,,,1212094
2007-07-18,66400.0,68100.0,65600.0,66900.0,63820.0,,,,1038298
2007-07-19,66900.0,68000.0,66200.0,68000.0,65660.0,,,,523756
2007-07-20,68200.0,68400.0,66700.0,67900.0,66840.0,,,,484453
2007-07-23,67800.0,67900.0,66200.0,67700.0,67380.0,,,,378322
2007-07-24,67300.0,67600.0,66000.0,66200.0,67340.0,,,,402467
2007-07-25,65200.0,66200.0,64100.0,64700.0,66900.0,61920.0,,,590451
2007-07-26,65000.0,65900.0,62800.0,63600.0,66020.0,62040.0,,,489630
2007-07-27,61500.0,62500.0,60100.0,61700.0,64780.0,62225.0,,,504882
2007-07-30,60800.0,62100.0,60300.0,61700.0,63580.0,62470.0,,,318582
2007-07-31,62200.0,66900.0,62000.0,66900.0,63720.0,62965.0,,,589377
2007-08-01,65600.0,66000.0,62600.0,63100.0,63400.0,63135.0,,,359886
2007-08-02,64200.0,64500.0,60500.0,62300.0,63140.0,63275.0,,,409772
2007-08-03,63500.0,63600.0,61400.0,61800.0,63160.0,63425.0,,,330542
2007-08-06,60300.0,62800.0,60300.0,61700.0,63160.0,63625.0,,,263706
2007-08-07,62500.0,62700.0,61100.0,61400.0,62060.0,63795.0,,,238743
2007-08-08,61800.0,62900.0,61300.0,62800.0,62000.0,64030.0,,,433847
2007-08-09,63600.0,63600.0,61500.0,61900.0,61920.0,64185.0,,,239450
2007-08-10,60600.0,61000.0,59100.0,59700.0,61500.0,64070.0,,,295459
2007-08-13,59800.0,59900.0,57800.0,58600.0,60880.0,63750.0,,,290282
2007-08-14,58600.0,59500.0,57500.0,58400.0,60280.0,63350.0,,,198740
2007-08-16,55900.0,55900.0,53000.0,54200.0,58560.0,62715.0,,,636446
2007-08-17,54500.0,55000.0,52000.0,52000.0,56580.0,61915.0,,,419749
2007-08-20,53500.0,55600.0,53300.0,55000.0,55640.0,61270.0,,,222529
2007-08-21,55300.0,55400.0,53800.0,53900.0,54700.0,60580.0,,,196233
2007-08-22,54300.0,55100.0,53900.0,55100.0,54040.0,60025.0,,,215969
2007-08-23,56300.0,57400.0,55900.0,57200.0,54640.0,59650.0,,,222411
2007-08-24,56900.0,57200.0,55800.0,57200.0,55680.0,59330.0,,,99427
2007-08-27,58200.0,58500.0,55400.0,56000.0,55880.0,59045.0,,,189409
2007-08-28,55400.0,56300.0,54800.0,55600.0,56220.0,58740.0,,,150396
2007-08-29,53400.0,55200.0,53200.0,55000.0,56200.0,58145.0,,,377098
2007-08-30,55500.0,57500.0,55500.0,57300.0,56220.0,57855.0,,,346507
2007-08-31,56800.0,57800.0,56700.0,57600.0,56300.0,57620.0,,,206368
2007-09-03,57800.0,58500.0,57500.0,58500.0,56800.0,57455.0,,,148000
2007-09-04,58300.0,59200.0,57200.0,57200.0,57120.0,57230.0,,,104149
2007-09-05,57800.0,57900.0,57100.0,57400.0,57600.0,57030.0,,,162479
2007-09-06,56900.0,57200.0,56000.0,56400.0,57420.0,56710.0,,,149504
2007-09-07,56700.0,56900.0,55700.0,56000.0,57100.0,56415.0,,,157393
2007-09-10,54800.0,55100.0,54000.0,54500.0,56300.0,56155.0,,,182300
2007-09-11,54700.0,54900.0,53100.0,53800.0,55620.0,55915.0,,,243300
2007-09-12,54100.0,54400.0,53600.0,53700.0,54880.0,55680.0,,,105313
2007-09-13,53300.0,54300.0,53100.0,54300.0,54460.0,55685.0,,,179978
2007-09-14,54700.0,54700.0,53300.0,53300.0,53920.0,55750.0,,,258121
2007-09-17,53600.0,55200.0,53500.0,55200.0,54060.0,55760.0,,,205565
2007-09-18,55400.0,56100.0,54500.0,55500.0,54400.0,55840.0,,,172476
2007-09-19,56600.0,57600.0,56200.0,57000.0,55060.0,55935.0,,,384351
2007-09-20,56000.0,56400.0,54200.0,54400.0,55080.0,55795.0,59121.666666666664,,357752
2007-09-21,54500.0,56200.0,54200.0,56200.0,55660.0,55745.0,59038.333333333336,,219063
2007-09-27,56800.0,57000.0,55600.0,56700.0,55960.0,55780.0,59016.666666666664,,254613
2007-09-28,57100.0,57200.0,55900.0,56500.0,56160.0,55825.0,59011.666666666664,,145710
2007-10-01,56800.0,56800.0,55100.0,55500.0,55860.0,55850.0,58986.666666666664,,224051
2007-10-02,56400.0,57900.0,56100.0,57200.0,56420.0,55845.0,58945.0,,542217
2007-10-04,57000.0,58700.0,56800.0,58700.0,56920.0,55900.0,58931.666666666664,,562953
2007-10-05,58700.0,60600.0,58700.0,60600.0,57700.0,56005.0,58961.666666666664,,571300
2007-10-08,61100.0,61300.0,59900.0,60400.0,58480.0,56165.0,59006.666666666664,,529500
2007-10-09,60500.0,60500.0,59400.0,60000.0,59380.0,56295.0,59040.0,,271325
2007-10-10,60700.0,61000.0,60200.0,60800.0,60100.0,56515.0,59085.0,,298900
2007-10-11,60800.0,62200.0,60100.0,61500.0,60660.0,56790.0,59130.0,,492726
2007-10-12,61000.0,61300.0,59700.0,60100.0,60560.0,57070.0,59098.333333333336,,556076
2007-10-15,61200.0,64700.0,61000.0,64000.0,61280.0,57580.0,59081.666666666664,,1058335
2007-10-16,63500.0,64600.0,61000.0,61000.0,61480.0,57945.0,58991.666666666664,,583676
2007-10-17,61700.0,62500.0,60100.0,61800.0,61680.0,58320.0,58906.666666666664,,519807
2007-10-18,61900.0,65200.0,61900.0,64900.0,62360.0,58900.0,58855.0,,794433
2007-10-19,65800.0,66200.0,63400.0,63600.0,63060.0,59320.0,58783.333333333336,,841072
2007-10-22,59100.0,62400.0,59000.0,62000.0,62660.0,59645.0,58688.333333333336,,389500
2007-10-23,63000.0,64400.0,62300.0,63200.0,63100.0,59955.0,58638.333333333336,,352945
2007-10-24,63700.0,63800.0,60600.0,60600.0,62860.0,60265.0,58570.0,,397837
2007-10-25,61900.0,62000.0,58800.0,60600.0,62000.0,60485.0,58520.0,,369152
2007-10-26,60800.0,62300.0,59300.0,61000.0,61480.0,60700.0,58508.333333333336,,349374
2007-10-29,62000.0,65000.0,61300.0,64500.0,61980.0,61100.0,58555.0,,782485
2007-10-30,64800.0,64900.0,62500.0,63600.0,62060.0,61505.0,58500.0,,462000
2007-10-31,63500.0,64400.0,61800.0,62100.0,62360.0,61750.0,58483.333333333336,,465377
2007-11-01,61900.0,62100.0,59100.0,59100.0,62060.0,61770.0,58430.0,,747600
2007-11-02,57700.0,58600.0,57000.0,57700.0,61400.0,61625.0,58361.666666666664,,450280
2007-11-05,57800.0,60100.0,57400.0,59700.0,60440.0,61590.0,58328.333333333336,,299756
2007-11-06,59700.0,61200.0,59600.0,61000.0,59920.0,61640.0,58321.666666666664,,306581
2007-11-07,61400.0,61900.0,58900.0,59700.0,59440.0,61585.0,58270.0,,312200
2007-11-08,59000.0,59100.0,57500.0,57500.0,59120.0,61385.0,58196.666666666664,,236682
2007-11-09,57500.0,58100.0,54600.0,56100.0,58800.0,61185.0,58136.666666666664,,505775
2007-11-12,55200.0,55600.0,53900.0,54500.0,57760.0,60710.0,58068.333333333336,,226700
2007-11-13,54800.0,55900.0,54300.0,55900.0,56740.0,60455.0,58026.666666666664,,135130
2007-11-14,57200.0,57200.0,54800.0,55000.0,55800.0,60115.0,58040.0,,181993
2007-11-15,54600.0,55700.0,54500.0,55700.0,55440.0,59655.0,58101.666666666664,,155699
2007-11-16,54600.0,55700.0,54500.0,55700.0,55360.0,59260.0,58113.333333333336,,155699
2007-11-19,55100.0,56000.0,54800.0,54800.0,55420.0,58900.0,58128.333333333336,,114382
2007-11-20,54300.0,55800.0,54000.0,55000.0,55240.0,58490.0,58126.666666666664,,553700
2007-11-21,54800.0,55300.0,52800.0,53000.0,54840.0,58110.0,58056.666666666664,,359830
2007-11-22,52100.0,52700.0,50700.0,51700.0,54040.0,57665.0,57965.0,,269001
2007-11-23,51200.0,52200.0,50500.0,50500.0,53000.0,57140.0,57873.333333333336,,306371
2007-11-26,51000.0,54000.0,50000.0,54000.0,52840.0,56615.0,57846.666666666664,,394700
2007-11-27,52200.0,53200.0,49950.0,52900.0,52420.0,56080.0,57811.666666666664,,364849
2007-11-28,53400.0,53600.0,52500.0,52900.0,52400.0,55620.0,57738.333333333336,,190576
2007-11-29,53600.0,54600.0,53400.0,54400.0,52940.0,55385.0,57685.0,,652677
2007-11-30,54400.0,56500.0,53900.0,56500.0,54140.0,55325.0,57651.666666666664,,1020332
2007-12-03,56600.0,56600.0,54900.0,55600.0,54460.0,55120.0,57625.0,,207843
2007-12-04,55900.0,55900.0,52000.0,52300.0,54340.0,54685.0,57540.0,,384936
2007-12-05,52400.0,52800.0,49500.0,50700.0,53900.0,54235.0,57445.0,,831949
2007-12-06,51400.0,51800.0,50800.0,51500.0,53320.0,53935.0,57370.0,,359637
2007-12-07,51800.0,53100.0,50600.0,52500.0,52520.0,53755.0,57336.666666666664,,324952
2007-12-10,52100.0,52400.0,51100.0,51700.0,51740.0,53615.0,57301.666666666664,,172074
2007-12-11,51600.0,52500.0,51100.0,51900.0,51660.0,53415.0,57271.666666666664,,139205
2007-12-12,51100.0,51900.0,51100.0,51800.0,51880.0,53255.0,57230.0,,87581
2007-12-13,52200.0,52200.0,51500.0,52000.0,51980.0,53070.0,57208.333333333336,,136049
2007-12-14,52200.0,52300.0,51400.0,51800.0,51840.0,52875.0,57151.666666666664,,89567
2007-12-17,51500.0,51800.0,50400.0,50500.0,51600.0,52660.0,57068.333333333336,,151541
2007-12-18,50000.0,50800.0,49800.0,50500.0,51320.0,52435.0,56960.0,,128800
2007-12-20,51200.0,51300.0,50000.0,50100.0,50980.0,52290.0,56888.333333333336,58005.0,175900
2007-12-21,50400.0,50600.0,49750.0,50400.0,50660.0,52225.0,56791.666666666664,57915.0,177894
2007-12-24,50800.0,51200.0,50600.0,51000.0,50500.0,52250.0,56696.666666666664,57856.666666666664,183337
2007-12-26,51300.0,51400.0,50700.0,50700.0,50540.0,52085.0,56600.0,57805.833333333336,167400
2007-12-27,50700.0,50900.0,50200.0,50900.0,50620.0,51985.0,56523.333333333336,57755.0,240505
2007-12-28,50300.0,50900.0,50000.0,50300.0,50660.0,51855.0,56408.333333333336,57676.666666666664,150274
2008-01-02,50200.0,50200.0,49450.0,49500.0,50480.0,51610.0,56255.0,57593.333333333336,192547
2008-01-03,49000.0,49000.0,48250.0,48600.0,50000.0,51215.0,56055.0,57508.333333333336,198764
2008-01-04,48400.0,48600.0,47000.0,47000.0,49260.0,50785.0,55831.666666666664,57419.166666666664,337184
2008-01-07,45150.0,45800.0,44500.0,44650.0,48010.0,50402.5,55575.833333333336,57307.916666666664,381145
2008-01-08,44600.0,45400.0,43650.0,44500.0,46850.0,50092.5,55304.166666666664,57194.583333333336,312613
2008-01-09,43700.0,44450.0,43550.0,44350.0,45820.0,49735.0,55018.333333333336,57074.166666666664,160373
2008-01-10,44900.0,46850.0,44600.0,46500.0,45400.0,49435.0,54791.666666666664,56945.0,311058
2008-01-11,46900.0,48400.0,46700.0,47500.0,45500.0,49225.0,54516.666666666664,56799.166666666664,372786
2008-01-14,46650.0,47400.0,46350.0,46850.0,45940.0,48972.5,54280.833333333336,56636.25,142969
2008-01-15,46900.0,47100.0,46200.0,46600.0,46360.0,48712.5,54027.5,56467.083333333336,135637
2008-01-16,45500.0,47100.0,45000.0,46600.0,46810.0,48442.5,53722.5,56288.75,136341
2008-01-17,46550.0,48900.0,46500.0,48900.0,47290.0,48297.5,53477.5,56130.416666666664,156991
2008-01-18,48350.0,50700.0,47700.0,50000.0,47790.0,48272.5,53277.5,55982.916666666664,306270
2008-01-21,49700.0,50000.0,49000.0,49600.0,48340.0,48227.5,53050.833333333336,55844.583333333336,151327
2008-01-22,48500.0,49000.0,46600.0,48000.0,48620.0,48122.5,52840.833333333336,55705.416666666664,151476
2008-01-23,49000.0,49200.0,47800.0,48850.0,49070.0,48045.0,52645.0,55582.5,179299
2008-01-24,49000.0,49500.0,48550.0,48950.0,49080.0,47942.5,52444.166666666664,55476.25,124179
2008-01-25,48950.0,48950.0,47900.0,48400.0,48760.0,47827.5,52175.833333333336,55365.416666666664,149702
2008-01-28,47900.0,48000.0,46800.0,46800.0,48200.0,47622.5,51895.833333333336,55197.916666666664,77946
2008-01-29,47000.0,47500.0,45900.0,46000.0,47800.0,47407.5,51627.5,55055.416666666664,113089
2008-01-30,45000.0,45750.0,42550.0,42650.0,46560.0,47065.0,51353.333333333336,54891.666666666664,343569
2008-01-31,42550.0,47100.0,42550.0,46000.0,45970.0,46935.0,51158.333333333336,54760.0,403752
2008-02-01,46550.0,47900.0,46400.0,47900.0,45870.0,46980.0,50961.666666666664,54645.0,233512
2008-02-04,47900.0,49250.0,47350.0,48950.0,46300.0,47195.0,50760.833333333336,54541.25,196057
2008-02-05,49000.0,50300.0,48900.0,48900.0,46880.0,47415.0,50580.833333333336,54425.416666666664,190456
2008-02-11,47000.0,49350.0,47000.0,48900.0,48130.0,47642.5,50437.5,54317.083333333336,175474
2008-02-12,48500.0,49600.0,48500.0,49000.0,48730.0,47767.5,50319.166666666664,54227.916666666664,116839
2008-02-13,49900.0,49900.0,49000.0,49400.0,49030.0,47862.5,50234.166666666664,54151.25,205218
2008-02-14,49800.0,49800.0,49000.0,49100.0,49060.0,47975.0,50120.833333333336,54073.75,70740
2008-02-15,48400.0,49450.0,48250.0,49100.0,49100.0,48100.0,50022.5,54031.25,91721
2008-02-18,49000.0,49450.0,48250.0,48600.0,49040.0,48200.0,49904.166666666664,54002.916666666664,55342
2008-02-19,48650.0,49300.0,48550.0,49300.0,49100.0,48220.0,49797.5,53955.416666666664,140354
2008-02-20,49000.0,49450.0,48600.0,49400.0,49100.0,48190.0,49707.5,53917.916666666664,106883
2008-02-21,49700.0,50700.0,49700.0,50400.0,49360.0,48230.0,49630.833333333336,53878.75,133912
2008-02-22,49950.0,50300.0,49300.0,50000.0,49540.0,48330.0,49580.833333333336,53818.75,95709
2008-02-25,50300.0,50600.0,49550.0,49600.0,49740.0,48367.5,49545.833333333336,53755.416666666664,74195
2008-02-26,49150.0,50100.0,48400.0,49400.0,49760.0,48390.0,49527.5,53700.416666666664,72187
2008-02-27,49900.0,51000.0,49600.0,49600.0,49800.0,48450.0,49454.166666666664,53650.416666666664,118937
2008-02-28,49900.0,50700.0,49800.0,50700.0,49860.0,48645.0,49417.5,53614.583333333336,109124
2008-02-29,50500.0,50700.0,50200.0,50600.0,49980.0,48875.0,49379.166666666664,53558.75,102021
2008-03-03,49150.0,50000.0,49000.0,49600.0,49980.0,49222.5,49299.166666666664,53492.083333333336,79661
2008-03-04,49100.0,49600.0,47700.0,48800.0,49860.0,49362.5,49170.833333333336,53411.25,126670
2008-03-05,48800.0,48800.0,47700.0,48200.0,49580.0,49377.5,49047.5,53336.25,86386
2008-03-06,48000.0,49000.0,47200.0,47350.0,48910.0,49297.5,48965.0,53252.5,130951
2008-03-07,47100.0,47100.0,45600.0,45600.0,47910.0,49132.5,48880.0,53162.5,139132
2008-03-10,45100.0,45850.0,44650.0,44700.0,46930.0,48922.5,48766.666666666664,53068.333333333336,169827
2008-03-11,44000.0,45000.0,43850.0,44250.0,46020.0,48685.0,48629.166666666664,52982.916666666664,219326
2008-03-12,46000.0,46750.0,45550.0,46100.0,45600.0,48520.0,48535.833333333336,52918.75,150332
2008-03-13,46000.0,48350.0,45450.0,46800.0,45490.0,48405.0,48450.833333333336,52861.25,182651
2008-03-14,47450.0,48000.0,45500.0,47500.0,45870.0,48325.0,48379.166666666664,52804.583333333336,89409
2008-03-17,47300.0,47300.0,45350.0,46000.0,46130.0,48195.0,48279.166666666664,52743.75,91539
2008-03-18,45700.0,46200.0,45450.0,45900.0,46460.0,48025.0,48180.833333333336,52666.25,81621
2008-03-19,47000.0,47400.0,46650.0,46800.0,46600.0,47895.0,48119.166666666664,52593.75,124447
2008-03-20,46150.0,47000.0,45800.0,47000.0,46640.0,47725.0,48060.833333333336,52510.416666666664,72531
2008-03-21,47800.0,47800.0,46650.0,46800.0,46500.0,47565.0,48005.833333333336,52447.083333333336,79882
2008-03-24,47300.0,48900.0,47000.0,48900.0,47080.0,47530.0,47980.833333333336,52386.25,131864
2008-03-25,49000.0,49150.0,47700.0,48350.0,47570.0,47477.5,47936.666666666664,52316.666666666664,142972
2008-03-26,48400.0,48900.0,47500.0,48400.0,47890.0,47417.5,47898.333333333336,52249.166666666664,112514
2008-03-27,47800.0,48100.0,46250.0,46300.0,47750.0,47197.5,47821.666666666664,52172.5,173731
2008-03-28,45950.0,48750.0,45900.0,47300.0,47850.0,47032.5,47771.666666666664,52090.0,260021
2008-03-31,47550.0,47550.0,46150.0,46800.0,47430.0,46892.5,47726.666666666664,51990.833333333336,132069
2008-04-01,46950.0,49000.0,46350.0,49000.0,47560.0,46902.5,47733.333333333336,51894.166666666664,472839
2008-04-02,50100.0,51800.0,49850.0,51700.0,48220.0,47077.5,47811.666666666664,51821.666666666664,652909
2008-04-03,51500.0,51700.0,50700.0,51600.0,49280.0,47290.0,47927.5,51751.666666666664,248013
2008-04-04,51300.0,51800.0,50600.0,51500.0,50120.0,47585.0,48044.166666666664,51674.166666666664,220981
2008-04-07,51300.0,51400.0,50000.0,50100.0,50780.0,47855.0,48140.0,51579.166666666664,180025
2008-04-08,50300.0,52300.0,50100.0,51400.0,51260.0,48212.5,48221.666666666664,51506.666666666664,507066
2008-04-10,51500.0,53100.0,51200.0,53100.0,51540.0,48562.5,48315.0,51415.833333333336,391383
2008-04-11,53700.0,55000.0,53300.0,55000.0,52220.0,48972.5,48450.833333333336,51365.833333333336,577074
2008-04-14,54300.0,56100.0,54100.0,55500.0,53020.0,49372.5,48599.166666666664,51313.333333333336,638536
2008-04-15,55800.0,56200.0,54800.0,55400.0,54080.0,49842.5,48745.833333333336,51234.166666666664,313219
2008-04-16,56200.0,56600.0,55500.0,56100.0,55020.0,50352.5,48865.833333333336,51171.666666666664,414697
2008-04-17,56500.0,57500.0,56400.0,56700.0,55740.0,50847.5,48977.5,51127.5,334045
2008-04-18,56700.0,57100.0,56400.0,56500.0,56040.0,51322.5,49092.5,51071.666666666664,288390
2008-04-21,56800.0,57200.0,55100.0,55100.0,55960.0,51737.5,49210.833333333336,51025.833333333336,314979
2008-04-22,56700.0,59300.0,53700.0,55800.0,56040.0,52082.5,49326.666666666664,50985.833333333336,1810344
2008-04-23,56400.0,56500.0,53500.0,53600.0,55540.0,52345.0,49404.166666666664,50924.166666666664,503170
2008-04-24,53600.0,54200.0,51500.0,51600.0,54520.0,52505.0,49457.5,50816.666666666664,665615
2008-04-25,52300.0,57500.0,52300.0,57300.0,54680.0,53055.0,49632.5,50764.166666666664,846177
2008-04-28,57000.0,57100.0,55500.0,56000.0,54860.0,53490.0,49799.166666666664,50713.333333333336,251988
2008-04-29,56300.0,56300.0,54600.0,55000.0,54700.0,53900.0,50005.0,50679.166666666664,174753
2008-04-30,54500.0,56400.0,54200.0,55800.0,55140.0,54240.0,50168.333333333336,50663.333333333336,295543
2008-05-01,55800.0,55800.0,55800.0,55800.0,55980.0,54445.0,50300.0,50630.833333333336,0
2008-05-02,56400.0,56400.0,54800.0,55800.0,55680.0,54655.0,50414.166666666664,50587.5,242125
2008-05-05,55800.0,55800.0,55800.0,55800.0,55640.0,54870.0,50529.166666666664,50555.0,0
2008-05-06,56000.0,57100.0,55400.0,56800.0,56000.0,55205.0,50660.833333333336,50549.166666666664,408555
2008-05-07,56900.0,56900.0,54600.0,55000.0,55840.0,55385.0,50760.833333333336,50540.0,232254
2008-05-08,54400.0,54700.0,53200.0,53500.0,55380.0,55405.0,50829.166666666664,50531.666666666664,303800
2008-05-09,53300.0,53500.0,52100.0,52200.0,54660.0,55265.0,50880.833333333336,50500.833333333336,168968
2008-05-12,52200.0,52200.0,52200.0,52200.0,53940.0,55100.0,50932.5,50477.5,0
2008-05-13,52300.0,53300.0,52200.0,53300.0,53240.0,54995.0,51010.833333333336,50457.5,191170
2008-05-14,52400.0,53000.0,51600.0,51700.0,52580.0,54775.0,51050.833333333336,50424.166666666664,168218
2008-05-15,52000.0,53300.0,51800.0,52800.0,52440.0,54580.0,51107.5,50407.5,261794
2008-05-16,53400.0,53400.0,52700.0,52800.0,52560.0,54395.0,51147.5,50389.166666666664,122938
2008-05-19,52500.0,52500.0,51300.0,52000.0,52520.0,54240.0,51180.833333333336,50380.833333333336,243355
2008-05-20,52000.0,52000.0,50900.0,51000.0,52060.0,54000.0,51204.166666666664,50375.0,228853
2008-05-21,50500.0,51400.0,50000.0,51300.0,51980.0,53885.0,51235.833333333336,50381.666666666664,305034
2008-05-22,50700.0,51300.0,50500.0,50900.0,51600.0,53850.0,51257.5,50355.833333333336,380974
2008-05-23,50900.0,51300.0,50700.0,51000.0,51240.0,53535.0,51262.5,50340.0,354923
2008-05-26,50700.0,51500.0,50100.0,51500.0,51140.0,53310.0,51277.5,50328.333333333336,106131
2008-05-27,51200.0,52300.0,50800.0,52000.0,51340.0,53160.0,51317.5,50308.333333333336,179763
2008-05-28,52300.0,52800.0,51700.0,52400.0,51560.0,52990.0,51377.5,50274.166666666664,180979
2008-05-29,52500.0,52700.0,51600.0,52500.0,51880.0,52825.0,51449.166666666664,50248.333333333336,250127
2008-05-30,52900.0,53000.0,52200.0,52800.0,52240.0,52675.0,51540.0,50252.5,162219
2008-06-02,52800.0,52800.0,51400.0,52000.0,52340.0,52485.0,51646.666666666664,50263.333333333336,158093
2008-06-03,51500.0,52200.0,51300.0,52000.0,52340.0,52245.0,51768.333333333336,50267.5,102940
2008-06-04,51900.0,52600.0,51700.0,52400.0,52340.0,52115.0,51904.166666666664,50266.666666666664,109324
2008-06-05,52300.0,52700.0,51500.0,52600.0,52360.0,52070.0,52012.5,50274.166666666664,168960
2008-06-06,52600.0,52600.0,52600.0,52600.0,52320.0,52090.0,52109.166666666664,50280.0,0
2008-06-09,51500.0,52700.0,51300.0,52500.0,52420.0,52105.0,52192.5,50285.833333333336,97162
2008-06-10,52600.0,52700.0,51600.0,52500.0,52520.0,52065.0,52300.833333333336,50290.0,138347
2008-06-11,52700.0,53400.0,52300.0,53100.0,52660.0,52135.0,52420.833333333336,50300.833333333336,151881
2008-06-12,52800.0,53300.0,52600.0,53200.0,52780.0,52155.0,52527.5,50323.333333333336,129845
2008-06-13,53400.0,54300.0,52600.0,54000.0,53060.0,52215.0,52644.166666666664,50352.5,218824
2008-06-16,54600.0,54700.0,53800.0,54200.0,53400.0,52325.0,52767.5,50386.666666666664,194278
2008-06-17,54400.0,54400.0,52700.0,54000.0,53700.0,52475.0,52852.5,50416.666666666664,171692
2008-06-18,53700.0,54100.0,53500.0,54000.0,53880.0,52610.0,52946.666666666664,50441.666666666664,154372
2008-06-19,53900.0,53900.0,51100.0,51100.0,53460.0,52620.0,52991.666666666664,50445.0,117772
2008-06-20,51800.0,52100.0,51100.0,52000.0,53060.0,52670.0,53086.666666666664,50454.166666666664,121959
2008-06-23,51000.0,51600.0,50500.0,51500.0,52520.0,52670.0,53156.666666666664,50464.166666666664,98003
2008-06-24,51000.0,51600.0,50700.0,51200.0,51960.0,52630.0,53230.0,50478.333333333336,87202
2008-06-25,51000.0,51100.0,49800.0,50700.0,51300.0,52545.0,53258.333333333336,50495.833333333336,203494
2008-06-26,50200.0,50800.0,49750.0,50300.0,51140.0,52435.0,53235.0,50523.333333333336,139658
2008-06-27,48700.0,49000.0,46700.0,46900.0,50120.0,52140.0,53156.666666666664,50542.083333333336,364912
2008-06-30,46200.0,46400.0,45250.0,46200.0,49060.0,51850.0,53068.333333333336,50556.25,414821
2008-07-01,46600.0,46650.0,45500.0,46300.0,48080.0,51565.0,53005.0,50572.5,157380
2008-07-02,46100.0,47100.0,45700.0,46800.0,47300.0,51285.0,52928.333333333336,50575.0,195510
2008-07-03,45500.0,47000.0,45400.0,46800.0,46600.0,50995.0,52823.333333333336,50569.166666666664,153777
2008-07-04,46850.0,47550.0,46000.0,46300.0,46480.0,50680.0,52678.333333333336,50564.583333333336,104047
2008-07-07,45050.0,46350.0,44800.0,46300.0,46500.0,50370.0,52525.0,50562.083333333336,175955
2008-07-08,45850.0,46150.0,42500.0,44550.0,46150.0,49972.5,52344.166666666664,50545.0,265121
2008-07-09,45050.0,45050.0,41050.0,42300.0,45250.0,49432.5,52114.166666666664,50490.0,729490
2008-07-10,40600.0,42750.0,40600.0,42750.0,44440.0,48910.0,51881.666666666664,50429.583333333336,215941
2008-07-11,42100.0,43150.0,41750.0,43000.0,43780.0,48360.0,51656.666666666664,50374.583333333336,288928
2008-07-14,43000.0,43400.0,42700.0,42950.0,43110.0,47797.5,51454.166666666664,50332.5,141687
2008-07-15,42550.0,42850.0,41250.0,41250.0,42450.0,47160.0,51211.666666666664,50269.166666666664,162438
2008-07-16,41750.0,41750.0,40050.0,41000.0,42190.0,46510.0,51001.666666666664,50202.916666666664,295636
2008-07-17,42300.0,42300.0,40850.0,41200.0,41880.0,46015.0,50828.333333333336,50142.916666666664,183493
2008-07-18,41600.0,41700.0,40400.0,40600.0,41400.0,45445.0,50550.0,50091.25,126042
2008-07-21,40700.0,44500.0,40600.0,43750.0,41560.0,45057.5,50345.833333333336,50072.5,340474
2008-07-22,42850.0,43550.0,42250.0,43200.0,41950.0,44657.5,50149.166666666664,50077.083333333336,161482
2008-07-23,43900.0,44600.0,42750.0,43300.0,42410.0,44287.5,49940.833333333336,50054.583333333336,472150
2008-07-24,43650.0,44650.0,43100.0,44500.0,43070.0,43997.5,49752.5,50026.25,241617
2008-07-25,43500.0,44300.0,42600.0,44200.0,43790.0,43862.5,49559.166666666664,49986.666666666664,262177
2008-07-28,44400.0,45800.0,43550.0,45500.0,44140.0,43827.5,49387.5,49958.333333333336,212727
2008-07-29,44650.0,44650.0,43300.0,43900.0,44280.0,43707.5,49172.5,49916.666666666664,154082
2008-07-30,44800.0,44800.0,41800.0,42500.0,44120.0,43492.5,48964.166666666664,49862.5,272284
2008-07-31,42100.0,45000.0,41700.0,45000.0,44220.0,43402.5,48822.5,49825.833333333336,359349
2008-08-01,44000.0,44500.0,43200.0,43400.0,44060.0,43257.5,48675.833333333336,49778.333333333336,50959
2008-08-04,43100.0,43200.0,41850.0,42050.0,43370.0,43045.0,48506.666666666664,49719.583333333336,90766
2008-08-05,41650.0,43000.0,41650.0,42600.0,43110.0,42947.5,48328.333333333336,49669.583333333336,149833
2008-08-06,43300.0,43600.0,42300.0,43000.0,43210.0,42982.5,48183.333333333336,49617.083333333336,206721
2008-08-07,43100.0,43400.0,42500.0,42650.0,42740.0,42977.5,48014.166666666664,49560.833333333336,140108
2008-08-08,42400.0,42400.0,41750.0,42000.0,42460.0,42927.5,47834.166666666664,49490.833333333336,118276
2008-08-11,42750.0,42850.0,42150.0,42250.0,42500.0,42892.5,47671.666666666664,49426.25,87986
2008-08-12,42000.0,42400.0,41850.0,42000.0,42380.0,42930.0,47521.666666666664,49362.916666666664,49431
2008-08-13,42200.0,42200.0,41300.0,41450.0,42070.0,42952.5,47357.5,49296.666666666664,132746
2008-08-14,41500.0,42400.0,41400.0,41900.0,41920.0,42987.5,47207.5,49232.5,61234
2008-08-15,41900.0,41900.0,41900.0,41900.0,41900.0,43052.5,47055.833333333336,49159.166666666664,0
2008-08-18,41500.0,41900.0,41200.0,41350.0,41720.0,42932.5,46886.666666666664,49082.083333333336,53871
2008-08-19,41400.0,41400.0,40500.0,41000.0,41520.0,42822.5,46703.333333333336,49010.416666666664,126062
2008-08-20,40550.0,41800.0,40550.0,41500.0,41530.0,42732.5,46521.666666666664,48949.583333333336,55944
2008-08-21,41300.0,41300.0,39300.0,39550.0,41060.0,42485.0,46305.833333333336,48877.5,214611
2008-08-22,39300.0,39450.0,37350.0,37600.0,40200.0,42155.0,46052.5,48796.25,172970
2008-08-25,37600.0,38000.0,37350.0,37800.0,39490.0,41770.0,45815.833333333336,48731.25,93647
2008-08-26,37100.0,38550.0,36600.0,37900.0,38870.0,41470.0,45580.833333333336,48674.583333333336,87818
2008-08-27,37450.0,37950.0,36700.0,37950.0,38160.0,41242.5,45340.0,48622.083333333336,97325
2008-08-28,38350.0,39650.0,38250.0,39000.0,38050.0,40942.5,45113.333333333336,48562.916666666664,131842
2008-08-29,38800.0,40000.0,38400.0,40000.0,38530.0,40772.5,44903.333333333336,48506.25,162254
2008-09-01,38300.0,39000.0,37600.0,37600.0,38490.0,40550.0,44655.0,48423.75,100449
2008-09-02,37800.0,38000.0,35700.0,35850.0,38080.0,40212.5,44377.5,48339.166666666664,161888
2008-09-03,34600.0,37300.0,34600.0,37300.0,37950.0,39927.5,44114.166666666664,48267.5,180018
2008-09-04,36600.0,39000.0,36500.0,38800.0,37910.0,39735.0,43874.166666666664,48200.833333333336,124655
2008-09-05,37600.0,37700.0,36750.0,36950.0,37300.0,39482.5,43590.0,48117.083333333336,143193
2008-09-08,38000.0,41000.0,37600.0,41000.0,37980.0,39420.0,43370.0,48068.75,522914
2008-09-09,40800.0,40800.0,38300.0,39950.0,38800.0,39317.5,43135.833333333336,47994.166666666664,153827
2008-09-10,39200.0,39650.0,38400.0,39000.0,39140.0,39195.0,42885.833333333336,47916.25,336507
2008-09-11,39000.0,39500.0,38450.0,39300.0,39240.0,39065.0,42689.166666666664,47840.416666666664,113903
2008-09-12,39700.0,40150.0,39700.0,39750.0,39800.0,38957.5,42485.0,47785.833333333336,160025
2008-09-15,39750.0,39750.0,39750.0,39750.0,39550.0,38877.5,42289.166666666664,47722.916666666664,0
2008-09-16,35000.0,38800.0,35000.0,38650.0,39290.0,38760.0,42080.0,47655.0,195330
2008-09-17,38750.0,39550.0,38450.0,38550.0,39200.0,38612.5,41877.5,47567.916666666664,160683
2008-09-18,38400.0,38400.0,35450.0,37000.0,38740.0,38485.0,41655.833333333336,47445.416666666664,129
2008-09-19,38200.0,38450.0,37400.0,37400.0,38270.0,38475.0,41497.5,47327.083333333336,240189
2008-09-22,38150.0,39250.0,37400.0,37400.0,37800.0,38455.0,41350.833333333336,47209.583333333336,120700
2008-09-23,36700.0,38100.0,36600.0,38000.0,37670.0,38460.0,41212.5,47108.75,233456
2008-09-24,38000.0,39950.0,37600.0,39800.0,37920.0,38552.5,41095.833333333336,47012.083333333336,213000
2008-09-25,39500.0,39950.0,39100.0,39900.0,38500.0,38597.5,40980.833333333336,46902.083333333336,71860
2008-09-26,39700.0,39850.0,38800.0,39350.0,38890.0,38565.0,40865.0,46771.666666666664,100947
2008-09-29,39700.0,39850.0,38150.0,38750.0,39160.0,38622.5,40739.166666666664,46632.083333333336,71942
2008-09-30,36050.0,42500.0,36050.0,40100.0,39580.0,38835.0,40665.0,46504.583333333336,138392
2008-10-01,40450.0,40450.0,39500.0,39900.0,39600.0,38965.0,40625.0,46369.583333333336,137614
2008-10-02,39800.0,40100.0,38600.0,39250.0,39470.0,38987.5,40566.666666666664,46224.166666666664,80635
2008-10-03,39250.0,39250.0,39250.0,39250.0,39450.0,39102.5,40504.166666666664,46080.416666666664,0
2008-10-06,38800.0,38800.0,36800.0,36800.0,39060.0,38892.5,40401.666666666664,45927.916666666664,148330
2008-10-07,36000.0,36350.0,35100.0,36000.0,38240.0,38695.0,40314.166666666664,45762.916666666664,220760
2008-10-08,34850.0,35750.0,32700.0,33500.0,36960.0,38420.0,40189.166666666664,45595.416666666664,179510
2008-10-09,33000.0,35000.0,32500.0,33750.0,35860.0,38142.5,40065.0,45446.666666666664,175090
2008-10-10,32050.0,33100.0,30250.0,32700.0,34550.0,37790.0,39933.333333333336,45241.666666666664,259395
2008-10-13,32900.0,34400.0,32900.0,33400.0,33870.0,37472.5,39760.833333333336,45053.333333333336,214335
2008-10-14,35200.0,36700.0,34700.0,36500.0,33970.0,37365.0,39649.166666666664,44899.166666666664,266814
2008-10-15,35600.0,36700.0,35300.0,36400.0,34550.0,37257.5,39534.166666666664,44737.5,79491
2008-10-16,34850.0,35100.0,31700.0,31900.0,34180.0,37002.5,39324.166666666664,44538.333333333336,263137
2008-10-17,32900.0,33200.0,30100.0,30950.0,33830.0,36680.0,39103.333333333336,44331.25,344169
2008-10-20,31400.0,32400.0,30450.0,32100.0,33570.0,36415.0,38880.0,44133.75,119782
2008-10-21,32750.0,34500.0,32750.0,33800.0,33030.0,36205.0,38711.666666666664,43942.083333333336,197880
2008-10-22,33500.0,33500.0,30300.0,32300.0,32210.0,35830.0,38541.666666666664,43752.916666666664,258689
2008-10-23,30600.0,31550.0,29000.0,30500.0,31930.0,35360.0,38300.0,43561.25,274109
2008-10-24,30100.0,30500.0,25950.0,25950.0,30930.0,34690.0,38009.166666666664,43342.5,249216
2008-10-27,24300.0,27000.0,24300.0,25900.0,29690.0,34047.5,37740.0,43123.333333333336,185487
2008-10-28,24100.0,28100.0,24000.0,27400.0,28410.0,33412.5,37486.666666666664,42907.5,287609
2008-10-29,28200.0,30550.0,24300.0,27800.0,27510.0,32807.5,37233.333333333336,42708.333333333336,283906
2008-10-30,29400.0,30900.0,27850.0,30200.0,27450.0,32355.0,37025.833333333336,42520.0,417442
2008-10-31,30400.0,31300.0,29100.0,29100.0,28080.0,31847.5,36810.833333333336,42322.5,261631
2008-11-03,30100.0,34350.0,30100.0,33800.0,29660.0,31697.5,36670.0,42170.833333333336,394470
2008-11-04,33800.0,35500.0,33000.0,34900.0,31160.0,31642.5,36551.666666666664,42036.666666666664,323295
2008-11-05,35850.0,38450.0,35600.0,36050.0,32810.0,31770.0,36461.666666666664,41909.583333333336,332473
2008-11-06,33800.0,36450.0,33800.0,34900.0,33750.0,31827.5,36345.0,41776.25,177903
2008-11-07,33600.0,37200.0,33350.0,37150.0,35360.0,32050.0,36265.833333333336,41660.833333333336,193783
2008-11-10,37150.0,37800.0,36300.0,37750.0,36150.0,32267.5,36205.833333333336,41546.25,136238
2008-11-11,36550.0,37350.0,35500.0,35600.0,36290.0,32222.5,36115.833333333336,41409.583333333336,180730
2008-11-12,33850.0,35950.0,33800.0,35000.0,36080.0,32152.5,36007.5,41264.583333333336,163012
2008-11-13,34000.0,34950.0,33150.0,34200.0,35940.0,32267.5,35918.333333333336,41112.083333333336,134386
2008-11-14,35500.0,35500.0,33500.0,34300.0,35370.0,32435.0,35863.333333333336,40957.916666666664,176096
2008-11-17,33550.0,33900.0,33200.0,33550.0,34530.0,32507.5,35792.5,40804.166666666664,118434
2008-11-18,33000.0,33250.0,32100.0,32200.0,33850.0,32427.5,35697.5,40639.166666666664,115477
2008-11-19,32200.0,32450.0,29600.0,30500.0,32950.0,32337.5,35573.333333333336,40456.666666666664,260390
2008-11-20,28050.0,29350.0,28050.0,28900.0,31890.0,32257.5,35405.0,40259.166666666664,126144
2008-11-21,28000.0,30500.0,27500.0,29950.0,31020.0,32457.5,35237.5,40070.416666666664,183029
2008-11-24,30000.0,34000.0,29900.0,32850.0,30880.0,32805.0,35158.333333333336,39906.666666666664,572335
2008-11-25,33900.0,34950.0,32450.0,34900.0,31420.0,33180.0,35142.5,39760.0,294790
2008-11-26,34750.0,36300.0,34750.0,35800.0,32480.0,33580.0,35117.5,39615.833333333336,180107
2008-11-27,36000.0,36450.0,34500.0,35050.0,33710.0,33822.5,35055.0,39464.583333333336,245003
2008-11-28,35100.0,35600.0,34650.0,35600.0,34840.0,34147.5,35032.5,39311.25,134718
2008-12-01,35800.0,35800.0,34700.0,34850.0,35240.0,34200.0,34930.0,39150.0,36810
2008-12-02,32800.0,34650.0,32800.0,33600.0,34980.0,34135.0,34824.166666666664,38980.0,119777
2008-12-03,34400.0,34450.0,33150.0,33500.0,34520.0,34007.5,34732.5,38809.166666666664,125308
2008-12-04,34000.0,34400.0,31650.0,31950.0,33900.0,33860.0,34610.0,38649.583333333336,240949
2008-12-05,31500.0,33100.0,31200.0,33000.0,33380.0,33652.5,34497.5,38491.25,158834
2008-12-08,33500.0,34100.0,32700.0,33900.0,33190.0,33460.0,34400.0,38344.583333333336,270066
2008-12-09,34450.0,36050.0,33800.0,35600.0,33590.0,33460.0,34349.166666666664,38214.583333333336,340113
2008-12-10,35300.0,35500.0,33850.0,35000.0,33890.0,33460.0,34290.0,38083.75,259105
2008-12-11,35050.0,38300.0,35050.0,37350.0,34970.0,33617.5,34295.833333333336,37975.833333333336,305595
2008-12-12,36500.0,36900.0,35100.0,36000.0,35570.0,33702.5,34272.5,37885.0,192543
2008-12-15,37000.0,37200.0,35700.0,36500.0,36090.0,33850.0,34257.5,37804.166666666664,294704
2008-12-16,36500.0,36650.0,35250.0,35250.0,36020.0,34002.5,34211.666666666664,37712.083333333336,155244
2008-12-17,36200.0,36450.0,35300.0,35900.0,36200.0,34272.5,34146.666666666664,37621.25,221208
2008-12-18,36100.0,37400.0,35700.0,36700.0,36070.0,34662.5,34093.333333333336,37537.083333333336,266462
2008-12-19,36700.0,37500.0,35500.0,37250.0,36320.0,35027.5,34058.333333333336,37461.666666666664,207360
2008-12-22,37350.0,38200.0,37000.0,37600.0,36540.0,35265.0,34039.166666666664,37389.166666666664,91177
2008-12-23,37400.0,37400.0,35650.0,36700.0,36830.0,35355.0,33982.5,37323.75,101435
2008-12-24,36000.0,36950.0,35800.0,36700.0,36990.0,35400.0,33929.166666666664,37277.083333333336,102217
2008-12-25,36700.0,36700.0,36700.0,36700.0,36990.0,35482.5,33886.666666666664,37226.666666666664,0
2008-12-26,36500.0,36700.0,35500.0,36200.0,36780.0,35512.5,33835.833333333336,37170.0,74773
2008-12-29,35300.0,37000.0,35300.0,36300.0,36520.0,35585.0,33827.5,37114.583333333336,99734
2008-12-30,36400.0,37500.0,36150.0,36700.0,36520.0,35740.0,33839.166666666664,37076.666666666664,169771
2008-12-31,36700.0,36700.0,36700.0,36700.0,36520.0,35900.0,33892.5,37040.833333333336,0
2009-01-02,36800.0,37100.0,36550.0,37100.0,36600.0,36157.5,33948.333333333336,37006.666666666664,44724
2009-01-05,37400.0,37650.0,36000.0,36450.0,36650.0,36330.0,34010.833333333336,36972.083333333336,237824
2009-01-06,36900.0,36900.0,36150.0,36700.0,36730.0,36470.0,34065.833333333336,36913.333333333336,194225
2009-01-07,37100.0,38600.0,36700.0,38250.0,37040.0,36602.5,34095.0,36872.083333333336,208482
2009-01-08,37600.0,38950.0,37600.0,38500.0,37400.0,36777.5,34130.0,36832.083333333336,190403
2009-01-09,38650.0,39050.0,37300.0,37800.0,37540.0,36800.0,34228.333333333336,36776.25,161084
2009-01-12,37400.0,37800.0,36900.0,37500.0,37750.0,36875.0,34337.5,36720.416666666664,90689
2009-01-13,37500.0,37500.0,36300.0,37000.0,37810.0,36900.0,34419.166666666664,36649.583333333336,163923
2009-01-14,36950.0,36950.0,35800.0,35900.0,37340.0,36932.5,34454.166666666664,36582.916666666664,314221
2009-01-15,35000.0,35350.0,32750.0,34000.0,36440.0,36837.5,34482.5,36512.083333333336,374320
2009-01-16,34000.0,36050.0,33850.0,35500.0,35980.0,36777.5,34565.833333333336,36432.916666666664,168408
2009-01-19,36000.0,36000.0,35050.0,35050.0,35490.0,36667.5,34717.5,36363.333333333336,159310
2009-01-20,35050.0,35750.0,34500.0,35500.0,35190.0,36562.5,34877.5,36308.75,133341
2009-01-21,34900.0,36800.0,34700.0,36500.0,35310.0,36552.5,35029.166666666664,36257.916666666664,266234
2009-01-22,36900.0,37450.0,36000.0,37100.0,35930.0,36572.5,35184.166666666664,36208.75,131652
2009-01-23,37100.0,37600.0,36600.0,37100.0,36250.0,36592.5,35299.166666666664,36162.5,149559
2009-01-28,37150.0,38400.0,37150.0,38000.0,36840.0,36682.5,35447.5,36129.166666666664,163399
2009-01-29,38350.0,38700.0,32300.0,38000.0,37340.0,36767.5,35517.5,36093.75,162882
2009-01-30,37200.0,38400.0,37200.0,37900.0,37620.0,36827.5,35567.5,36059.583333333336,230703
2009-02-02,38000.0,38100.0,36800.0,37800.0,37760.0,36882.5,35596.666666666664,36029.166666666664,135987
2009-02-03,37800.0,38350.0,37350.0,38000.0,37940.0,36927.5,35648.333333333336,35996.666666666664,166323
2009-02-04,38550.0,38550.0,37250.0,38000.0,37940.0,37005.0,35662.5,35964.166666666664,144690
2009-02-05,37850.0,37850.0,35500.0,36300.0,37600.0,36985.0,35638.333333333336,35922.083333333336,490001
2009-02-06,36300.0,36600.0,34500.0,35000.0,37020.0,36822.5,35628.333333333336,35872.083333333336,589947
2009-02-09,35350.0,35400.0,34500.0,34500.0,36360.0,36622.5,35620.0,35813.75,379923
2009-02-10,34750.0,35000.0,34350.0,34600.0,35680.0,36462.5,35626.666666666664,35772.5,157181
2009-02-11,33900.0,34400.0,33800.0,33950.0,34870.0,36285.0,35620.833333333336,35742.083333333336,249516
2009-02-12,34400.0,34700.0,33900.0,34250.0,34460.0,36147.5,35632.5,35712.5,190718
2009-02-13,34300.0,34650.0,34250.0,34500.0,34360.0,36077.5,35670.833333333336,35684.166666666664,165001
2009-02-16,34550.0,34550.0,33800.0,33950.0,34250.0,36075.0,35728.333333333336,35650.833333333336,154975
2009-02-17,33900.0,33900.0,31250.0,31300.0,33590.0,35865.0,35768.333333333336,35586.666666666664,174368
2009-02-18,30450.0,31000.0,29700.0,30000.0,32800.0,35612.5,35769.166666666664,35503.333333333336,319274
2009-02-19,30100.0,30600.0,28800.0,29600.0,31870.0,35317.5,35715.0,35436.666666666664,105374
2009-02-20,28550.0,28900.0,27300.0,28000.0,30570.0,34892.5,35600.0,35371.25,320873
2009-02-23,28000.0,29200.0,27700.0,28800.0,29540.0,34477.5,35483.333333333336,35300.416666666664,284484
2009-02-24,27800.0,28400.0,27100.0,28400.0,28960.0,34042.5,35372.5,35213.75,134143
2009-02-25,28950.0,28950.0,27200.0,27200.0,28400.0,33502.5,35232.5,35132.5,98225
2009-02-26,27200.0,28150.0,26800.0,26800.0,27840.0,32942.5,35098.333333333336,35014.166666666664,143559
2009-02-27,26600.0,27300.0,26600.0,26700.0,27580.0,32382.5,34983.333333333336,34903.75,172565
2009-03-02,26550.0,26550.0,24600.0,24600.0,26740.0,31722.5,34835.0,34783.75,192355
2009-03-03,23950.0,23950.0,23000.0,23600.0,25780.0,31002.5,34695.833333333336,34652.916666666664,423220
2009-03-04,23750.0,24750.0,22900.0,24300.0,25200.0,30317.5,34550.833333333336,34524.166666666664,497023
2009-03-05,24900.0,25650.0,24300.0,24400.0,24720.0,29722.5,34392.5,34396.25,431478
2009-03-06,24150.0,25700.0,23600.0,25100.0,24400.0,29227.5,34217.5,34283.333333333336,606741
2009-03-09,25750.0,26400.0,25000.0,25500.0,24580.0,28777.5,34059.166666666664,34174.583333333336,407640
2009-03-10,25100.0,26800.0,25100.0,26100.0,25080.0,28352.5,33871.666666666664,34083.75,430426
2009-03-11,27000.0,27700.0,26750.0,27500.0,25720.0,28030.0,33730.0,34001.25,567072
2009-03-12,27400.0,28200.0,26350.0,27250.0,26290.0,27680.0,33575.833333333336,33916.666666666664,349825
2009-03-13,27700.0,27700.0,26750.0,26900.0,26650.0,27300.0,33436.666666666664,33824.166666666664,223044
2009-03-16,27200.0,28750.0,26850.0,27700.0,27090.0,26987.5,33300.0,33723.333333333336,335790
2009-03-17,28150.0,29600.0,27850.0,29400.0,27750.0,26892.5,33178.333333333336,33635.833333333336,343444
2009-03-18,29850.0,29850.0,28750.0,29850.0,28220.0,26885.0,33055.0,33556.666666666664,224933
2009-03-19,29900.0,30650.0,29000.0,29850.0,28740.0,26897.5,32925.833333333336,33482.5,262742
2009-03-20,29600.0,30500.0,29600.0,30400.0,29440.0,27017.5,32820.833333333336,33401.666666666664,179587
2009-03-23,30450.0,30750.0,30250.0,30500.0,30000.0,27102.5,32717.5,33323.333333333336,12130
2009-03-24,31550.0,31750.0,30000.0,31100.0,30340.0,27237.5,32624.166666666668,33255.416666666664,321051
2009-03-25,30700.0,31650.0,30100.0,31500.0,30670.0,27452.5,32545.833333333332,33190.833333333336,243987
2009-03-26,31650.0,31650.0,30800.0,31200.0,30940.0,27672.5,32460.833333333332,33144.166666666664,144554
2009-03-27,31350.0,31350.0,30800.0,31100.0,31080.0,27892.5,32367.5,33103.333333333336,170484
2009-03-30,31100.0,31200.0,30100.0,30350.0,31050.0,28180.0,32261.666666666668,33077.083333333336,157365
2009-03-31,30100.0,31400.0,30050.0,31400.0,31110.0,28570.0,32166.666666666668,33057.5,159361
2009-04-01,31800.0,32750.0,31650.0,31850.0,31180.0,28947.5,32090.0,33050.416666666664,228076
2009-04-02,32200.0,32900.0,32200.0,32750.0,31490.0,29365.0,32024.166666666668,33045.0,144336
2009-04-03,33000.0,33000.0,31850.0,32000.0,31670.0,29710.0,31920.0,33007.5,183608
2009-04-06,32000.0,33600.0,31800.0,33600.0,32320.0,30115.0,31838.333333333332,32984.166666666664,217308
2009-04-07,33200.0,34800.0,33000.0,34500.0,32940.0,30535.0,31783.333333333332,33005.833333333336,198679
2009-04-08,34350.0,35500.0,33800.0,35200.0,33610.0,30920.0,31745.0,33041.25,295881
2009-04-09,34850.0,38000.0,34850.0,37950.0,34650.0,31455.0,31760.833333333332,33090.0,308484
2009-04-10,39100.0,39600.0,37200.0,38100.0,35870.0,32015.0,31797.5,33125.833333333336,255804
2009-04-13,37950.0,38050.0,36750.0,37950.0,36740.0,32527.5,31863.333333333332,33172.916666666664,240446
2009-04-14,37950.0,38800.0,37300.0,38450.0,37530.0,32980.0,31912.5,33239.166666666664,230716
2009-04-15,37900.0,38300.0,36450.0,38100.0,38110.0,33392.5,31963.333333333332,33340.416666666664,106016
2009-04-16,38650.0,38650.0,37250.0,38100.0,38140.0,33805.0,32006.666666666668,33442.083333333336,389226
2009-04-17,38450.0,38450.0,37450.0,38000.0,38120.0,34185.0,32031.666666666668,33530.416666666664,144980
2009-04-20,38000.0,38000.0,37050.0,37350.0,38000.0,34527.5,32035.833333333332,33610.0,78745
2009-04-21,35550.0,37800.0,35550.0,37800.0,37870.0,34862.5,32047.5,33673.333333333336,140568
2009-04-22,38200.0,38400.0,36950.0,38000.0,37850.0,35187.5,32047.5,33747.5,251315
2009-04-23,37900.0,37950.0,37050.0,37900.0,37810.0,35522.5,32045.833333333332,33781.666666666664,201083
2009-04-24,37600.0,38200.0,37250.0,37400.0,37690.0,35837.5,32037.5,33802.5,100791
2009-04-27,37900.0,37950.0,36800.0,37400.0,37700.0,36190.0,32030.833333333332,33813.75,72347
2009-04-28,37750.0,37850.0,35600.0,36700.0,37480.0,36455.0,32009.166666666668,33828.75,199393
2009-04-29,36400.0,37050.0,36000.0,36800.0,37240.0,36702.5,31989.166666666668,33825.833333333336,101170
2009-04-30,37500.0,38800.0,36300.0,38300.0,37320.0,36980.0,32022.5,33830.416666666664,373866
2009-05-04,38700.0,40100.0,38500.0,40100.0,37860.0,37385.0,32107.5,33867.916666666664,451982
2009-05-06,40100.0,40100.0,37900.0,38350.0,38050.0,37622.5,32171.666666666668,33895.833333333336,359131
2009-05-07,39300.0,39400.0,37500.0,38350.0,38380.0,37815.0,32234.166666666668,33930.416666666664,247348
2009-05-08,38350.0,39450.0,38100.0,39000.0,38820.0,38005.0,32318.333333333332,33969.583333333336,182135
2009-05-11,39700.0,39700.0,38550.0,39050.0,38970.0,38060.0,32398.333333333332,34015.416666666664,104023
2009-05-12,39050.0,39150.0,38700.0,39000.0,38750.0,38105.0,32473.333333333332,34072.083333333336,127997
2009-05-13,39050.0,40100.0,39050.0,40000.0,39080.0,38207.5,32574.166666666668,34151.25,255511
2009-05-14,39150.0,40400.0,39100.0,39600.0,39330.0,38265.0,32712.5,34240.416666666664,132488
2009-05-15,40400.0,41550.0,40250.0,40950.0,39720.0,38407.5,32895.0,34332.083333333336,277383
2009-05-18,41100.0,41100.0,39500.0,40950.0,40100.0,38550.0,33084.166666666664,34399.583333333336,159731
2009-05-19,42000.0,42850.0,41400.0,41900.0,40680.0,38745.0,33315.833333333336,34457.916666666664,447571
2009-05-20,42450.0,43200.0,41050.0,42900.0,41260.0,39022.5,33550.833333333336,34517.083333333336,428799
2009-05-21,42700.0,44800.0,42700.0,44000.0,42140.0,39332.5,33810.833333333336,34591.666666666664,566592
2009-05-22,44350.0,45100.0,44000.0,44500.0,42850.0,39657.5,34099.166666666664,34665.833333333336,519243
2009-05-25,43800.0,44950.0,42150.0,44800.0,43620.0,40002.5,34399.166666666664,34748.75,263361
2009-05-26,46200.0,47350.0,45000.0,45900.0,44420.0,40427.5,34719.166666666664,34851.25,549991
2009-05-27,46800.0,46800.0,44000.0,45150.0,44870.0,40815.0,35061.666666666664,34948.333333333336,171707
2009-05-28,44450.0,45150.0,42600.0,45150.0,45100.0,41237.5,35420.833333333336,35058.333333333336,360086
2009-05-29,44950.0,47950.0,44300.0,47450.0,45690.0,41770.0,35806.666666666664,35178.75,466789
2009-06-01,48000.0,49450.0,46950.0,49350.0,46600.0,42322.5,36222.5,35307.5,411847
2009-06-02,50000.0,50900.0,48300.0,48550.0,47130.0,42745.0,36613.333333333336,35415.416666666664,247529
2009-06-03,49900.0,49900.0,48000.0,48500.0,47800.0,43252.5,36996.666666666664,35527.916666666664,241112
2009-06-04,48500.0,50000.0,47100.0,48900.0,48550.0,43780.0,37376.666666666664,35624.166666666664,270769
2009-06-05,49500.0,50000.0,47850.0,50000.0,49060.0,44330.0,37751.666666666664,35740.833333333336,326667
2009-06-08,50300.0,50900.0,47950.0,49250.0,49040.0,44840.0,38118.333333333336,35847.083333333336,287036
2009-06-09,49700.0,49700.0,47050.0,48150.0,48960.0,45297.5,38472.5,35954.583333333336,469611
2009-06-10,47950.0,48900.0,47200.0,48350.0,48930.0,45715.0,38816.666666666664,36058.333333333336,375119
2009-06-11,48600.0,50000.0,47500.0,48100.0,48770.0,46140.0,39128.333333333336,36153.333333333336,910621
2009-06-12,47850.0,48750.0,46600.0,48050.0,48380.0,46495.0,39431.666666666664,36243.333333333336,245347
2009-06-15,47500.0,47800.0,46750.0,47000.0,47930.0,46797.5,39717.5,36321.666666666664,192443
2009-06-16,46500.0,46700.0,45300.0,46400.0,47580.0,47022.5,39984.166666666664,36402.5,191287
2009-06-17,45950.0,47050.0,45300.0,46500.0,47210.0,47202.5,40250.833333333336,36484.166666666664,147240
2009-06-18,46500.0,47350.0,45800.0,46450.0,46880.0,47325.0,40506.666666666664,36565.416666666664,121502
2009-06-19,47200.0,47200.0,46000.0,46800.0,46630.0,47440.0,40761.666666666664,36653.75,61551
2009-06-22,46300.0,46500.0,45600.0,45650.0,46360.0,47482.5,41002.5,36731.666666666664,171819
2009-06-23,45500.0,45500.0,43550.0,44000.0,45880.0,47387.5,41217.5,36792.5,145857
2009-06-24,43700.0,44000.0,42750.0,42900.0,45160.0,47275.0,41426.666666666664,36844.166666666664,196832
2009-06-25,43000.0,45000.0,43000.0,44200.0,44710.0,47227.5,41640.0,36903.333333333336,172090
2009-06-26,44000.0,44800.0,43900.0,44700.0,44290.0,47090.0,41854.166666666664,36972.083333333336,120017
2009-06-29,45100.0,45250.0,43500.0,44750.0,44110.0,46860.0,42054.166666666664,37039.166666666664,144423
2009-06-30,45000.0,45150.0,44100.0,44950.0,44300.0,46680.0,42270.0,37095.0,231400
2009-07-01,44500.0,44950.0,43850.0,44300.0,44580.0,46470.0,42448.333333333336,37143.333333333336,142480
2009-07-02,44300.0,44400.0,42800.0,42900.0,44320.0,46170.0,42588.333333333336,37185.833333333336,246710
2009-07-03,42050.0,43550.0,41850.0,43100.0,44000.0,45825.0,42720.0,37232.5,129175
2009-07-06,43100.0,44350.0,42500.0,43100.0,43670.0,45517.5,42805.833333333336,37283.333333333336,208640
2009-07-07,43650.0,43850.0,43150.0,43700.0,43420.0,45295.0,42899.166666666664,37348.333333333336,113218
2009-07-08,43500.0,43900.0,42300.0,43100.0,43180.0,45032.5,42985.0,37424.166666666664,108111
2009-07-09,43250.0,43600.0,42150.0,42150.0,43030.0,44735.0,43046.666666666664,37479.583333333336,142012
2009-07-10,42200.0,42600.0,41600.0,41600.0,42730.0,44412.5,43105.0,37534.166666666664,82100
2009-07-13,41550.0,42200.0,40600.0,40800.0,42270.0,44102.5,43150.0,37578.333333333336,84795
2009-07-14,41050.0,43350.0,41000.0,42550.0,42040.0,43910.0,43225.833333333336,37628.75,213963
2009-07-15,43400.0,45150.0,42750.0,44900.0,42400.0,43830.0,43351.666666666664,37693.75,289639
2009-07-16,45450.0,46700.0,45200.0,45800.0,43130.0,43797.5,43485.0,37766.25,380706
2009-07-17,45800.0,46700.0,44850.0,45800.0,43970.0,43747.5,43615.0,37831.25,174742
2009-07-20,45500.0,46800.0,45350.0,46200.0,45050.0,43775.0,43753.333333333336,37899.583333333336,183849
2009-07-21,46300.0,46300.0,45750.0,46200.0,45780.0,43885.0,43900.0,37968.75,127577
2009-07-22,46500.0,47400.0,46200.0,47150.0,46230.0,44097.5,44062.5,38046.666666666664,173619
2009-07-23,47450.0,49500.0,47450.0,48500.0,46770.0,44312.5,44259.166666666664,38134.166666666664,325966
2009-07-24,48400.0,49300.0,48400.0,48500.0,47310.0,44502.5,44454.166666666664,38221.666666666664,138539
2009-07-27,49000.0,49600.0,48500.0,49000.0,47870.0,44715.0,44632.5,38327.5,317542
2009-07-28,48300.0,49150.0,48200.0,48650.0,48360.0,44900.0,44775.0,38441.25,129135
2009-07-29,48950.0,49300.0,48350.0,48350.0,48600.0,45102.5,44941.666666666664,38556.666666666664,124052
2009-07-30,48850.0,48950.0,47900.0,47900.0,48480.0,45352.5,45100.833333333336,38667.5,199789
2009-07-31,47900.0,50000.0,47500.0,50000.0,48780.0,45697.5,45284.166666666664,38801.25,306794
2009-08-03,50000.0,50200.0,48650.0,49700.0,48920.0,46027.5,45461.666666666664,38930.0,213624
2009-08-04,49500.0,50600.0,49250.0,49950.0,49180.0,46340.0,45644.166666666664,39058.75,186716
2009-08-05,49550.0,50100.0,49000.0,49850.0,49480.0,46677.5,45808.333333333336,39191.25,173721
2009-08-06,49950.0,50000.0,49150.0,49300.0,49760.0,47035.0,45970.0,39341.25,202155
2009-08-07,48750.0,49950.0,48750.0,49700.0,49700.0,47440.0,46115.833333333336,39505.416666666664,97908
2009-08-10,49400.0,49950.0,49400.0,49700.0,49700.0,47885.0,46261.666666666664,39672.916666666664,128747
2009-08-11,49950.0,50000.0,48400.0,48950.0,49500.0,48205.0,46379.166666666664,39847.5,134854
2009-08-12,48950.0,49000.0,46850.0,47100.0,48950.0,48315.0,46449.166666666664,40000.0,234439
2009-08-13,47500.0,47900.0,46650.0,46850.0,48460.0,48367.5,46496.666666666664,40153.75,262549
2009-08-14,47300.0,50100.0,47150.0,50000.0,48520.0,48577.5,46588.333333333336,40343.75,534991
2009-08-17,50200.0,50200.0,48500.0,48950.0,48370.0,48715.0,46657.5,40528.333333333336,205799
2009-08-18,48850.0,49900.0,47400.0,48500.0,48280.0,48830.0,46700.833333333336,40710.0,139135
2009-08-19,48300.0,49000.0,47200.0,47600.0,48380.0,48852.5,46741.666666666664,40901.666666666664,165121
2009-08-20,47650.0,49000.0,47300.0,48600.0,48730.0,48857.5,46799.166666666664,41110.0,123853
2009-08-21,48300.0,51100.0,48150.0,51000.0,48930.0,48982.5,46858.333333333336,41332.5,461425
2009-08-24,52200.0,53300.0,51500.0,53300.0,49800.0,49197.5,46924.166666666664,41573.333333333336,511275
2009-08-25,52300.0,53000.0,51200.0,51600.0,50420.0,49345.0,46975.0,41794.166666666664,222548
2009-08-26,51600.0,52500.0,50400.0,52300.0,51360.0,49542.5,47038.333333333336,42017.5,171310
2009-08-27,52400.0,52400.0,51300.0,51800.0,52000.0,49737.5,47086.666666666664,42231.666666666664,109231
2009-08-28,52000.0,52000.0,50600.0,50900.0,51980.0,49782.5,47101.666666666664,42426.666666666664,148117
2009-08-31,51700.0,51800.0,50600.0,51000.0,51520.0,49847.5,47130.833333333336,42624.583333333336,135034
2009-09-01,50700.0,52000.0,50300.0,52000.0,51600.0,49950.0,47195.0,42833.75,156157
2009-09-02,51000.0,51400.0,50200.0,51400.0,51420.0,50027.5,47245.833333333336,43031.25,203476
2009-09-03,50600.0,50700.0,49100.0,50300.0,51120.0,50077.5,47282.5,43205.416666666664,359849
2009-09-04,50000.0,53100.0,50000.0,53100.0,51560.0,50247.5,47366.666666666664,43399.166666666664,482769
2009-09-07,53400.0,53400.0,52200.0,53000.0,51960.0,50412.5,47466.666666666664,43592.083333333336,142096
2009-09-08,53800.0,54500.0,52500.0,52500.0,52060.0,50590.0,47568.333333333336,43776.25,283065
2009-09-09,52700.0,53000.0,51700.0,52600.0,52300.0,50865.0,47670.0,43960.416666666664,132211
2009-09-10,52700.0,53800.0,51800.0,53700.0,52980.0,51207.5,47790.833333333336,44148.75,332288
2009-09-11,53100.0,54700.0,52600.0,54600.0,53280.0,51437.5,47920.833333333336,44341.25,362632
2009-09-14,54600.0,56000.0,53900.0,54900.0,53660.0,51735.0,48075.0,44538.75,395175
2009-09-15,54800.0,54900.0,52900.0,53000.0,53760.0,51960.0,48225.0,44721.25,280052
2009-09-16,53000.0,53900.0,52000.0,53000.0,53840.0,52230.0,48393.333333333336,44910.0,340070
2009-09-17,53500.0,54400.0,53200.0,53600.0,53820.0,52480.0,48550.0,45095.0,278811
2009-09-18,53600.0,55400.0,53100.0,55000.0,53900.0,52680.0,48721.666666666664,45287.916666666664,466555
2009-09-21,55100.0,55300.0,53900.0,54700.0,53860.0,52750.0,48887.5,45470.833333333336,218299
2009-09-22,55700.0,55700.0,53900.0,54800.0,54220.0,52910.0,49051.666666666664,45660.833333333336,249340
2009-09-23,54600.0,54800.0,52500.0,54700.0,54560.0,53030.0,49225.0,45836.666666666664,331155
2009-09-24,55000.0,55000.0,52800.0,53100.0,54460.0,53095.0,49395.0,45991.666666666664,276067
2009-09-25,52800.0,53100.0,51000.0,53100.0,54080.0,53205.0,49561.666666666664,46140.833333333336,275229
2009-09-28,52500.0,52800.0,51800.0,52000.0,53540.0,53255.0,49710.0,46257.916666666664,366007
2009-09-29,52100.0,52800.0,51400.0,52800.0,53140.0,53295.0,49861.666666666664,46380.416666666664,218397
2009-09-30,52800.0,53400.0,51900.0,52800.0,52760.0,53365.0,50023.333333333336,46504.166666666664,259160
2009-10-01,52800.0,54400.0,52200.0,53200.0,52780.0,53510.0,50207.5,46627.083333333336,244128
2009-10-05,52800.0,52900.0,51000.0,51000.0,52360.0,53405.0,50364.166666666664,46734.583333333336,274765
2009-10-06,51300.0,51400.0,49000.0,49700.0,51900.0,53240.0,50512.5,46831.25,278444
2009-10-07,49900.0,50500.0,49050.0,49100.0,51160.0,53070.0,50621.666666666664,46923.75,165668
2009-10-08,49300.0,50700.0,48550.0,50700.0,50740.0,52975.0,50718.333333333336,47035.0,167583
2009-10-09,50700.0,52200.0,49600.0,52000.0,50500.0,52890.0,50821.666666666664,47153.333333333336,165942
2009-10-12,51600.0,52400.0,51000.0,52400.0,50780.0,52780.0,50931.666666666664,47273.333333333336,97609
2009-10-13,51600.0,52000.0,50600.0,51300.0,51100.0,52600.0,51016.666666666664,47385.0,105247
2009-10-14,51100.0,52300.0,51100.0,51500.0,51580.0,52525.0,51105.0,47502.5,78771
2009-10-15,51500.0,52200.0,50500.0,50500.0,51540.0,52400.0,51160.833333333336,47611.666666666664,139740
2009-10-16,50400.0,51800.0,50400.0,50800.0,51300.0,52260.0,51199.166666666664,47729.166666666664,91194
2009-10-19,51000.0,51900.0,50200.0,51600.0,51140.0,52090.0,51250.833333333336,47852.5,98322
2009-10-20,51400.0,51900.0,51400.0,51800.0,51240.0,51945.0,51297.5,47965.0,69418
2009-10-21,51900.0,52700.0,51300.0,52700.0,51480.0,51840.0,51365.0,48070.0,161938
2009-10-22,52100.0,52800.0,51600.0,52700.0,51920.0,51740.0,51437.5,48189.583333333336,93154
2009-10-23,52200.0,52500.0,51600.0,52100.0,52180.0,51690.0,51507.5,48304.166666666664,100834
2009-10-26,52000.0,52400.0,51400.0,51500.0,52160.0,51610.0,51532.5,48408.333333333336,57163
2009-10-27,51900.0,51900.0,50500.0,51200.0,52040.0,51570.0,51557.5,48509.583333333336,98054
2009-10-28,50800.0,51300.0,49300.0,49800.0,51460.0,51420.0,51555.0,48599.583333333336,140758
2009-10-29,49500.0,49750.0,48050.0,48700.0,50660.0,51215.0,51535.833333333336,48672.083333333336,133934
2009-10-30,49100.0,49150.0,47600.0,47600.0,49760.0,50935.0,51507.5,48738.75,162713
2009-11-02,47000.0,48100.0,46100.0,47550.0,48970.0,50762.5,51471.666666666664,48793.75,132825
2009-11-03,47500.0,47550.0,46100.0,47050.0,48140.0,50630.0,51427.5,48844.583333333336,84276
2009-11-04,47050.0,49000.0,46700.0,48150.0,47810.0,50582.5,51414.166666666664,48896.666666666664,99969
2009-11-05,47550.0,47600.0,45800.0,45800.0,47230.0,50337.5,51392.5,48920.833333333336,304854
2009-11-06,46350.0,46500.0,44850.0,45250.0,46760.0,50000.0,51365.833333333336,48931.25,306118
2009-11-09,45100.0,46900.0,45100.0,46500.0,46550.0,49705.0,51307.5,48947.916666666664,152253
2009-11-10,47000.0,48450.0,46600.0,47200.0,46580.0,49500.0,51278.333333333336,48967.916666666664,195817
2009-11-11,48000.0,48000.0,46700.0,47600.0,46470.0,49305.0,51263.333333333336,48982.083333333336,98279
2009-11-12,47600.0,49150.0,47600.0,47950.0,46900.0,49177.5,51269.166666666664,49005.416666666664,163466
2009-11-13,48600.0,48900.0,46500.0,47800.0,47410.0,49027.5,51255.833333333336,49027.5,125379
2009-11-16,47150.0,50600.0,46250.0,50200.0,48150.0,48957.5,51242.5,49050.416666666664,276258
2009-11-17,50200.0,53000.0,49550.0,52500.0,49210.0,48992.5,51229.166666666664,49076.666666666664,475001
2009-11-18,51900.0,53100.0,50800.0,52200.0,50130.0,48967.5,51239.166666666664,49107.083333333336,295195
2009-11-19,51300.0,52200.0,51000.0,51200.0,50780.0,48892.5,51220.833333333336,49129.583333333336,305398
2009-11-20,50700.0,51600.0,50600.0,51300.0,51480.0,48852.5,51212.5,49149.583333333336,144939
2009-11-23,51000.0,52500.0,50900.0,52000.0,51840.0,48877.5,51230.833333333336,49166.25,169355
2009-11-24,52200.0,53100.0,51800.0,52700.0,51880.0,48952.5,51259.166666666664,49195.0,167308
2009-11-25,52400.0,52800.0,51200.0,52800.0,52000.0,49102.5,51272.5,49233.75,115134
2009-11-26,52000.0,52800.0,51800.0,52300.0,52220.0,49282.5,51287.5,49266.666666666664,105037
2009-11-27,51300.0,51900.0,48900.0,48900.0,51740.0,49347.5,51264.166666666664,49273.333333333336,200403
2009-11-30,49650.0,49800.0,49000.0,49100.0,51160.0,49425.0,51197.5,49282.083333333336,251209
2009-12-01,49100.0,51100.0,48600.0,50300.0,50680.0,49587.5,51152.5,49309.583333333336,191033
2009-12-02,50500.0,52700.0,50400.0,52000.0,50520.0,49780.0,51144.166666666664,49356.25,174249
2009-12-03,52500.0,53600.0,52500.0,53500.0,50760.0,50165.0,51159.166666666664,49414.583333333336,222296
2009-12-04,53600.0,54800.0,52800.0,54200.0,51820.0,50612.5,51167.5,49479.166666666664,274392
2009-12-07,54700.0,55400.0,53700.0,55400.0,53080.0,51057.5,51180.833333333336,49550.833333333336,252348
2009-12-08,54900.0,56500.0,54900.0,55900.0,54200.0,51492.5,51197.5,49636.25,293130
2009-12-09,55400.0,56500.0,55300.0,55900.0,54980.0,51907.5,51245.833333333336,49735.416666666664,199379
2009-12-10,56000.0,56700.0,54600.0,56700.0,55620.0,52345.0,51307.5,49850.416666666664,392276
2009-12-11,56500.0,56900.0,55300.0,56000.0,55980.0,52755.0,51347.5,49948.75,195869
2009-12-14,56100.0,56300.0,55200.0,56000.0,56100.0,53045.0,51364.166666666664,50042.916666666664,103688
2009-12-15,55500.0,56500.0,55300.0,56500.0,56220.0,53245.0,51394.166666666664,50140.833333333336,257459
2009-12-16,56500.0,57000.0,55200.0,55600.0,56160.0,53415.0,51407.5,50229.583333333336,146589
2009-12-17,55300.0,55900.0,54700.0,54800.0,55780.0,53595.0,51409.166666666664,50317.083333333336,79108
2009-12-18,55100.0,57400.0,54900.0,57400.0,56060.0,53900.0,51480.833333333336,50437.916666666664,269911
2009-12-21,57400.0,57500.0,56600.0,57100.0,56280.0,54155.0,51547.5,50554.583333333336,171405
2009-12-22,57500.0,58000.0,56900.0,57900.0,56560.0,54415.0,51645.833333333336,50677.916666666664,153828
2009-12-23,57800.0,58200.0,57000.0,58200.0,57080.0,54685.0,51735.833333333336,50798.75,142477
2009-12-24,57600.0,58300.0,57500.0,58100.0,57740.0,54975.0,51824.166666666664,50923.75,133974
2009-12-28,57300.0,57900.0,56300.0,57500.0,57760.0,55405.0,51895.833333333336,51051.666666666664,151436
2009-12-29,57500.0,57500.0,56100.0,57300.0,57800.0,55815.0,52000.833333333336,51182.5,79920
2009-12-30,57500.0,58000.0,56300.0,57500.0,57720.0,56175.0,52130.833333333336,51321.666666666664,110740
2010-01-04,56700.0,57200.0,54000.0,55000.0,57080.0,56325.0,52229.166666666664,51425.416666666664,431185
2010-01-05,55400.0,55700.0,54400.0,55200.0,56500.0,56410.0,52304.166666666664,51511.25,211545
2010-01-06,55200.0,55600.0,54800.0,54900.0,55980.0,56445.0,52352.5,51587.083333333336,138534
2010-01-07,55000.0,55000.0,54300.0,54500.0,55420.0,56400.0,52387.5,51659.583333333336,141142
2010-01-08,54300.0,54500.0,53600.0,54500.0,54820.0,56330.0,52440.833333333336,51728.75,127195
2010-01-11,54500.0,54900.0,52600.0,53600.0,54540.0,56215.0,52475.833333333336,51790.416666666664,293193
2010-01-12,53900.0,55000.0,52600.0,53700.0,54240.0,56065.0,52529.166666666664,51845.0,178138
2010-01-13,53700.0,54300.0,52800.0,53500.0,53960.0,55940.0,52574.166666666664,51886.666666666664,168662
2010-01-14,53100.0,53600.0,51400.0,52100.0,53480.0,55745.0,52582.5,51916.666666666664,289597
2010-01-15,51800.0,52300.0,50800.0,52300.0,53040.0,55535.0,52590.833333333336,51944.166666666664,400345
2010-01-18,52100.0,53200.0,51600.0,51800.0,52680.0,55345.0,52575.833333333336,51970.416666666664,244635
2010-01-19,52100.0,54400.0,52100.0,53900.0,52720.0,55300.0,52595.833333333336,52016.666666666664,422037
2010-01-20,54200.0,55800.0,53500.0,55800.0,53180.0,55220.0,52657.5,52082.5,478591
2010-01-21,55300.0,57200.0,55300.0,56600.0,54080.0,55195.0,52742.5,52137.5,408834
2010-01-22,56000.0,57300.0,54200.0,54800.0,54580.0,55040.0,52802.5,52180.0,318978
2010-01-25,53200.0,53400.0,51000.0,53000.0,54820.0,54780.0,52855.833333333336,52205.416666666664,337714
2010-01-26,52600.0,53000.0,51500.0,52000.0,54440.0,54475.0,52910.833333333336,52223.333333333336,310360
2010-01-27,52000.0,52200.0,50800.0,51300.0,53540.0,54165.0,52972.5,52240.0,184016
2010-01-28,51400.0,52000.0,50400.0,51400.0,52500.0,53870.0,53036.666666666664,52254.166666666664,225070
2010-01-29,50600.0,51200.0,50000.0,51200.0,51780.0,53555.0,53105.833333333336,52266.666666666664,129201
2010-02-01,50700.0,51800.0,50700.0,51000.0,51380.0,53355.0,53153.333333333336,52283.75,121223
2010-02-02,51500.0,51600.0,50500.0,51500.0,51280.0,53170.0,53248.333333333336,52320.416666666664,97035
2010-02-03,51700.0,52100.0,51200.0,51500.0,51320.0,53000.0,53352.5,52359.166666666664,84504
2010-02-04,52000.0,52100.0,51300.0,52000.0,51440.0,52875.0,53444.166666666664,52375.833333333336,73531
2010-02-05,50500.0,51200.0,50300.0,50400.0,51280.0,52670.0,53497.5,52387.916666666664,97555
2010-02-08,50400.0,50800.0,50000.0,50100.0,51100.0,52495.0,53539.166666666664,52401.25,77416
2010-02-09,50200.0,50900.0,49900.0,50200.0,50840.0,52320.0,53576.666666666664,52422.916666666664,310841
2010-02-10,50300.0,50600.0,50000.0,50500.0,50640.0,52170.0,53621.666666666664,52438.75,258164
2010-02-11,51000.0,52500.0,50400.0,52300.0,50700.0,52180.0,53656.666666666664,52449.583333333336,108215
2010-02-12,51700.0,51800.0,50800.0,51000.0,50820.0,52115.0,53631.666666666664,52430.416666666664,89468
2010-02-16,51000.0,51700.0,51000.0,51400.0,51080.0,52095.0,53618.333333333336,52428.75,38444
2010-02-17,51600.0,52400.0,51300.0,52200.0,51480.0,52010.0,53635.0,52427.916666666664,84721
2010-02-18,52600.0,52700.0,52100.0,52100.0,51800.0,51825.0,53648.333333333336,52430.416666666664,45162
2010-02-19,52000.0,52300.0,51000.0,51100.0,51560.0,51550.0,53633.333333333336,52432.083333333336,80134
2010-02-22,51800.0,52700.0,51600.0,51800.0,51720.0,51400.0,53618.333333333336,52438.75,91699
2010-02-23,52000.0,52200.0,51200.0,51700.0,51780.0,51335.0,53600.0,52436.25,68046
2010-02-24,51800.0,52000.0,51200.0,51800.0,51700.0,51325.0,53591.666666666664,52439.583333333336,75731
2010-02-25,51500.0,51900.0,50500.0,50700.0,51420.0,51295.0,53621.666666666664,52442.916666666664,84017
2010-02-26,50500.0,51500.0,50500.0,50700.0,51340.0,51260.0,53648.333333333336,52422.916666666664,66690
2010-03-02,50900.0,52100.0,50800.0,51600.0,51300.0,51280.0,53670.0,52411.25,78478
2010-03-03,51600.0,52200.0,51400.0,51900.0,51340.0,51325.0,53668.333333333336,52406.25,83858
2010-03-04,51500.0,52000.0,51500.0,52000.0,51380.0,51350.0,53643.333333333336,52401.25,51930
2010-03-05,51800.0,52800.0,51800.0,52400.0,51720.0,51395.0,53613.333333333336,52390.416666666664,66667
2010-03-08,52500.0,52900.0,52100.0,52400.0,52060.0,51415.0,53563.333333333336,52372.083333333336,75044
2010-03-09,52400.0,52700.0,51000.0,52000.0,52140.0,51495.0,53498.333333333336,52347.916666666664,90305
2010-03-10,51700.0,52100.0,51600.0,52000.0,52160.0,51590.0,53433.333333333336,52339.583333333336,62614
2010-03-11,52100.0,52900.0,51800.0,51900.0,52140.0,51675.0,53353.333333333336,52330.416666666664,200054
2010-03-12,52100.0,55100.0,52100.0,54600.0,52580.0,51880.0,53330.0,52338.75,345905
2010-03-15,55000.0,55100.0,53700.0,54300.0,52960.0,51980.0,53301.666666666664,52332.916666666664,92091
2010-03-16,54400.0,55000.0,53800.0,54000.0,53360.0,52130.0,53260.0,52327.083333333336,122760
2010-03-17,54500.0,54900.0,53800.0,54200.0,53800.0,52270.0,53236.666666666664,52322.083333333336,169206
2010-03-18,53600.0,54300.0,53000.0,53000.0,54020.0,52310.0,53206.666666666664,52307.916666666664,181649
2010-03-19,53100.0,53600.0,52800.0,53000.0,53700.0,52355.0,53133.333333333336,52307.083333333336,110901
2010-03-22,52700.0,53000.0,52000.0,52600.0,53360.0,52430.0,53058.333333333336,52302.916666666664,68964
2010-03-23,52600.0,53100.0,51800.0,52000.0,52960.0,52440.0,52960.0,52302.916666666664,146770
2010-03-24,52100.0,53700.0,51400.0,52100.0,52540.0,52460.0,52858.333333333336,52297.083333333336,331549
2010-03-25,52300.0,52900.0,51700.0,52400.0,52420.0,52490.0,52763.333333333336,52293.75,175228
2010-03-26,52500.0,52800.0,51600.0,52100.0,52240.0,52560.0,52673.333333333336,52284.583333333336,193623
2010-03-29,51700.0,51900.0,50700.0,51000.0,51920.0,52575.0,52568.333333333336,52284.583333333336,160774
2010-03-30,51000.0,52000.0,50100.0,51600.0,51840.0,52575.0,52470.0,52300.416666666664,327503
2010-03-31,51500.0,51900.0,50300.0,51300.0,51680.0,52545.0,52408.333333333336,52318.75,276586
2010-04-01,51200.0,53200.0,50800.0,53200.0,51840.0,52605.0,52375.0,52339.583333333336,434680
2010-04-02,52800.0,53500.0,51800.0,52800.0,51980.0,52625.0,52340.0,52346.25,213946
2010-04-05,52400.0,52600.0,50900.0,51300.0,52040.0,52570.0,52286.666666666664,52337.083333333336,221687
2010-04-06,51300.0,51900.0,50800.0,51500.0,52020.0,52545.0,52236.666666666664,52338.75,204093
2010-04-07,51700.0,52400.0,51100.0,51400.0,52040.0,52515.0,52200.0,52337.916666666664,217742
2010-04-08,51700.0,51800.0,50700.0,51000.0,51600.0,52470.0,52155.0,52342.083333333336,293101
2010-04-09,51000.0,52000.0,50700.0,51800.0,51400.0,52330.0,52126.666666666664,52350.416666666664,166794
2010-04-12,51500.0,52200.0,51500.0,51900.0,51520.0,52210.0,52123.333333333336,52352.916666666664,111700
2010-04-13,51700.0,52200.0,51600.0,52100.0,51640.0,52115.0,52120.0,52355.416666666664,76405
2010-04-14,52100.0,53100.0,52100.0,53100.0,51980.0,52060.0,52141.666666666664,52358.75,181211
2010-04-15,53400.0,54800.0,52900.0,54600.0,52700.0,52140.0,52153.333333333336,52374.583333333336,393216
2010-04-16,54500.0,54900.0,53700.0,54900.0,53320.0,52235.0,52138.333333333336,52397.916666666664,193240
2010-04-19,53700.0,53800.0,52400.0,52400.0,53420.0,52225.0,52068.333333333336,52405.416666666664,234046
2010-04-20,52800.0,53900.0,52600.0,53200.0,53640.0,52285.0,52041.666666666664,52422.083333333336,160601
2010-04-21,53300.0,53900.0,52700.0,53900.0,53800.0,52375.0,52056.666666666664,52456.25,144391
2010-04-22,53000.0,54600.0,52500.0,53600.0,53600.0,52435.0,52083.333333333336,52497.083333333336,190051
2010-04-23,53600.0,54400.0,53500.0,54200.0,53460.0,52540.0,52131.666666666664,52552.083333333336,138979
2010-04-26,54400.0,56200.0,54300.0,56100.0,54200.0,52795.0,52210.0,52623.333333333336,426196
2010-04-27,56300.0,56300.0,54600.0,55200.0,54600.0,52975.0,52276.666666666664,52691.25,232072
2010-04-28,54700.0,55900.0,53700.0,55200.0,54860.0,53170.0,52346.666666666664,52750.0,228964
2010-04-29,55000.0,55100.0,54000.0,55000.0,55140.0,53260.0,52405.0,52826.666666666664,143945
2010-04-30,55000.0,55900.0,54400.0,55200.0,55340.0,53380.0,52466.666666666664,52909.583333333336,183051
2010-05-03,55300.0,55700.0,54100.0,54300.0,54980.0,53530.0,52505.0,52974.583333333336,84934
2010-05-04,53700.0,54200.0,53100.0,53100.0,54560.0,53610.0,52550.0,53023.75,144871
2010-05-06,51600.0,53000.0,51600.0,52600.0,54040.0,53670.0,52591.666666666664,53065.416666666664,210216
2010-05-07,51500.0,51500.0,50200.0,51300.0,53300.0,53685.0,52610.0,53093.333333333336,248203
2010-05-10,51900.0,52000.0,51200.0,51700.0,52600.0,53680.0,52630.0,53125.833333333336,135689
2010-05-11,52400.0,52600.0,52000.0,52500.0,52240.0,53710.0,52633.333333333336,53145.0,136932
2010-05-12,53000.0,53000.0,50900.0,51500.0,51920.0,53680.0,52641.666666666664,53136.666666666664,232062
2010-05-13,51600.0,52500.0,51500.0,52200.0,51840.0,53635.0,52655.0,53136.666666666664,182379
2010-05-14,51700.0,52000.0,50700.0,51700.0,51920.0,53490.0,52646.666666666664,53140.833333333336,195151
2010-05-17,51400.0,51700.0,49700.0,51700.0,51920.0,53330.0,52640.0,53144.166666666664,256863
2010-05-18,51200.0,51700.0,50500.0,51100.0,51640.0,53265.0,52640.0,53136.666666666664,129600
2010-05-19,51400.0,52000.0,49300.0,50000.0,51340.0,53105.0,52610.0,53114.166666666664,323570
2010-05-20,49400.0,50500.0,49400.0,49400.0,50780.0,52880.0,52571.666666666664,53085.833333333336,132358
2010-05-24,49900.0,50300.0,48900.0,50200.0,50480.0,52710.0,52545.0,53068.333333333336,146304
2010-05-25,49900.0,49900.0,45200.0,46700.0,49480.0,52335.0,52478.333333333336,53050.0,510707
2010-05-26,46700.0,48100.0,44250.0,48100.0,48880.0,51935.0,52435.0,53041.666666666664,673764
2010-05-27,47000.0,47750.0,46100.0,47300.0,48340.0,51540.0,52363.333333333336,53016.666666666664,239939
2010-05-28,47500.0,48000.0,47100.0,47650.0,47990.0,51162.5,52292.5,52980.416666666664,242609
2010-05-31,47600.0,48550.0,47400.0,48400.0,47630.0,50832.5,52232.5,52937.916666666664,80893
2010-06-01,48400.0,48850.0,47800.0,48850.0,48060.0,50515.0,52173.333333333336,52893.333333333336,113636
2010-06-03,48800.0,49350.0,48500.0,48800.0,48200.0,50240.0,52113.333333333336,52838.333333333336,147710
2010-06-04,49450.0,49450.0,48300.0,48500.0,48440.0,50010.0,52055.0,52776.666666666664,91328
2010-06-07,48000.0,48200.0,46400.0,46800.0,48270.0,49720.0,51968.333333333336,52700.833333333336,219618
2010-06-08,46500.0,47800.0,46300.0,47500.0,48090.0,49530.0,51895.0,52624.166666666664,183688
2010-06-09,47500.0,48250.0,47000.0,47700.0,47860.0,49330.0,51780.0,52555.0,131977
2010-06-10,47650.0,48800.0,47400.0,48200.0,47740.0,49115.0,51678.333333333336,52490.0,195265
2010-06-11,48700.0,49450.0,48600.0,49000.0,47840.0,48990.0,51595.0,52427.5,280510
2010-06-14,49300.0,50600.0,49300.0,50000.0,48480.0,48880.0,51525.0,52380.833333333336,211877
2010-06-15,50000.0,50600.0,49150.0,49450.0,48870.0,48767.5,51465.833333333336,52336.25,177979
2010-06-16,50100.0,50200.0,49350.0,49750.0,49280.0,48670.0,51411.666666666664,52272.5,102610
2010-06-17,49400.0,50000.0,49100.0,50000.0,49640.0,48615.0,51368.333333333336,52213.333333333336,166201
2010-06-18,49650.0,49850.0,49000.0,49850.0,49810.0,48607.5,51332.5,52146.25,106403
2010-06-21,49550.0,50700.0,49550.0,50000.0,49810.0,48637.5,51297.5,52077.916666666664,107717
2010-06-22,49700.0,50200.0,49250.0,49500.0,49820.0,48602.5,51249.166666666664,52006.25,70179
2010-06-23,49750.0,51200.0,49300.0,50900.0,50050.0,48812.5,51229.166666666664,51951.25,124052
2010-06-24,50900.0,51500.0,50200.0,50200.0,50090.0,48917.5,51215.833333333336,51892.083333333336,169342
2010-06-25,50200.0,50400.0,48850.0,49200.0,49960.0,49012.5,51175.833333333336,51822.916666666664,206272
2010-06-28,49400.0,49650.0,48950.0,49350.0,49830.0,49097.5,51143.333333333336,51775.833333333336,62694
2010-06-29,49350.0,49700.0,48200.0,49000.0,49730.0,49127.5,51073.333333333336,51724.166666666664,138172
2010-06-30,48450.0,49700.0,47950.0,49700.0,49490.0,49170.0,51021.666666666664,51680.833333333336,143946
2010-07-01,48900.0,49400.0,47950.0,48350.0,49120.0,49147.5,50972.5,51629.583333333336,165972
2010-07-02,48500.0,48500.0,48000.0,48050.0,48890.0,49125.0,50915.0,51575.833333333336,61673
2010-07-05,48350.0,48350.0,47300.0,47300.0,48480.0,49150.0,50846.666666666664,51523.333333333336,62233
2010-07-06,47000.0,47200.0,46150.0,47200.0,48120.0,49135.0,50783.333333333336,51469.166666666664,124952
2010-07-07,47500.0,47500.0,46350.0,46800.0,47540.0,49090.0,50700.0,51413.333333333336,99577
2010-07-08,47050.0,47900.0,46900.0,47050.0,47280.0,49032.5,50619.166666666664,51371.25,169537
2010-07-09,47300.0,48900.0,47300.0,48750.0,47420.0,49020.0,50563.333333333336,51341.666666666664,156533
2010-07-12,48600.0,48900.0,47850.0,47900.0,47540.0,48915.0,50476.666666666664,51309.166666666664,132397
2010-07-13,47850.0,48500.0,47850.0,48400.0,47780.0,48862.5,50373.333333333336,51263.333333333336,122304
2010-07-14,48500.0,49450.0,48500.0,49000.0,48220.0,48825.0,50275.0,51206.666666666664,200202
2010-07-15,48950.0,48950.0,48150.0,48400.0,48490.0,48745.0,50208.333333333336,51138.333333333336,88180
2010-07-16,48000.0,48350.0,47350.0,47700.0,48280.0,48637.5,50116.666666666664,51079.166666666664,158032
2010-07-19,47150.0,47850.0,47000.0,47300.0,48160.0,48502.5,50006.666666666664,51031.666666666664,133824
2010-07-20,47200.0,47800.0,47000.0,47500.0,47980.0,48402.5,49905.0,50994.166666666664,114769
2010-07-21,47550.0,47800.0,46300.0,46850.0,47550.0,48200.0,49782.5,50957.083333333336,343999
2010-07-22,46800.0,46800.0,46250.0,46400.0,47150.0,48010.0,49620.833333333336,50915.416666666664,168705
2010-07-23,46500.0,48800.0,46500.0,48800.0,47370.0,47990.0,49514.166666666664,50895.416666666664,356776
2010-07-26,48800.0,49000.0,47700.0,48950.0,47700.0,47970.0,49410.0,50878.333333333336,302863
2010-07-27,48950.0,49750.0,48650.0,49000.0,48000.0,47970.0,49310.0,50857.5,180399
2010-07-28,49000.0,49750.0,48650.0,49400.0,48510.0,47955.0,49213.333333333336,50840.0,198953
2010-07-29,49400.0,51100.0,49350.0,50800.0,49390.0,48077.5,49155.0,50830.0,351461
2010-07-30,51300.0,52700.0,51000.0,52300.0,50090.0,48290.0,49141.666666666664,50845.833333333336,436509
2010-08-02,52900.0,52900.0,51400.0,52300.0,50760.0,48540.0,49136.666666666664,50864.166666666664,380214
2010-08-03,52700.0,52700.0,51400.0,52200.0,51400.0,48790.0,49151.666666666664,50880.833333333336,136719
2010-08-04,51900.0,52300.0,50400.0,52200.0,51960.0,49060.0,49160.0,50895.0,209444
2010-08-05,51700.0,52200.0,51200.0,52000.0,52200.0,49307.5,49151.666666666664,50892.5,125805
2010-08-06,51700.0,53500.0,51500.0,53300.0,52400.0,49535.0,49181.666666666664,50911.666666666664,270517
2010-08-09,53700.0,54700.0,53100.0,54500.0,52840.0,49865.0,49220.0,50937.5,466954
2010-08-10,54000.0,54200.0,53300.0,53300.0,53060.0,50110.0,49246.666666666664,50946.666666666664,136315
2010-08-11,53000.0,53700.0,52100.0,52300.0,53080.0,50275.0,49256.666666666664,50948.333333333336,188060
2010-08-12,51900.0,53000.0,51000.0,51000.0,52880.0,50405.0,49255.0,50947.5,218178
2010-08-13,51200.0,52200.0,51200.0,51600.0,52540.0,50600.0,49281.666666666664,50945.833333333336,132349
2010-08-16,51600.0,53500.0,50600.0,52900.0,52220.0,50880.0,49340.0,50955.833333333336,335587
2010-08-17,52500.0,53900.0,52500.0,53600.0,52280.0,51185.0,49396.666666666664,50970.833333333336,247446
2010-08-18,53400.0,54400.0,53400.0,53900.0,52600.0,51537.5,49516.666666666664,50997.5,118430
2010-08-19,53500.0,53900.0,53000.0,53300.0,53060.0,51882.5,49603.333333333336,51019.166666666664,137550
2010-08-20,53300.0,53400.0,52400.0,52600.0,53260.0,52072.5,49691.666666666664,51027.5,146676
2010-08-23,52500.0,53400.0,52100.0,52900.0,53260.0,52270.0,49779.166666666664,51035.833333333336,143977
2010-08-24,53300.0,55000.0,52900.0,54900.0,53520.0,52565.0,49887.5,51060.0,425252
2010-08-25,54600.0,55300.0,53800.0,54500.0,53640.0,52820.0,49981.666666666664,51077.5,157596
2010-08-26,54500.0,54700.0,53900.0,54500.0,53880.0,53005.0,50076.666666666664,51095.0,135470
2010-08-27,54000.0,54500.0,52700.0,53800.0,54120.0,53080.0,50165.0,51110.0,139852
2010-08-30,54500.0,54500.0,53800.0,54200.0,54380.0,53175.0,50288.333333333336,51128.333333333336,82913
2010-08-31,54200.0,54200.0,53000.0,53500.0,54100.0,53240.0,50388.333333333336,51141.666666666664,125890
2010-09-01,53400.0,54900.0,53200.0,54100.0,54020.0,53335.0,50495.0,51137.5,239397
2010-09-02,54700.0,56100.0,53800.0,55800.0,54280.0,53525.0,50621.666666666664,51150.0,449957
2010-09-03,55400.0,56500.0,55400.0,55600.0,54640.0,53640.0,50731.666666666664,51163.333333333336,358861
2010-09-06,55700.0,56000.0,54600.0,54800.0,54760.0,53655.0,50811.666666666664,51168.333333333336,189227
2010-09-07,54300.0,54800.0,52400.0,53300.0,54720.0,53655.0,50875.833333333336,51170.833333333336,291676
2010-09-08,53200.0,55000.0,53100.0,54700.0,54840.0,53775.0,50958.333333333336,51185.0,331010
2010-09-09,55300.0,55300.0,54100.0,55200.0,54720.0,53985.0,51045.0,51206.666666666664,223116
2010-09-10,55000.0,55700.0,55000.0,55600.0,54720.0,54185.0,51140.833333333336,51236.666666666664,168118
2010-09-13,55300.0,56900.0,55300.0,56200.0,55000.0,54350.0,51244.166666666664,51270.833333333336,234214
2010-09-14,56300.0,56500.0,55500.0,56500.0,55640.0,54495.0,51360.833333333336,51305.0,277463
2010-09-15,56100.0,57800.0,56100.0,57800.0,56260.0,54690.0,51475.833333333336,51352.5,345402
2010-09-16,57500.0,58000.0,57000.0,57600.0,56740.0,54905.0,51599.166666666664,51407.5,135884
2010-09-17,57900.0,58000.0,55500.0,55500.0,56720.0,55050.0,51704.166666666664,51440.0,185106
2010-09-20,55500.0,57200.0,55200.0,56900.0,56860.0,55250.0,51830.0,51486.666666666664,149514
2010-09-24,57500.0,57800.0,56500.0,57800.0,57120.0,55395.0,51976.666666666664,51525.0,130806
2010-09-27,57700.0,58200.0,57500.0,58000.0,57160.0,55570.0,52115.0,51568.333333333336,139578
2010-09-28,57600.0,58000.0,57000.0,57600.0,57160.0,55725.0,52269.166666666664,51620.833333333336,121789
2010-09-29,57500.0,58000.0,56900.0,57300.0,57520.0,55900.0,52423.333333333336,51669.166666666664,234873
2010-09-30,57400.0,57700.0,56500.0,57400.0,57620.0,56060.0,52591.666666666664,51719.166666666664,111617
2010-10-01,57700.0,59800.0,57100.0,59200.0,57900.0,56345.0,52791.666666666664,51787.5,428857
2010-10-04,59400.0,60000.0,59300.0,59300.0,58160.0,56605.0,53000.0,51850.0,164154
2010-10-05,58600.0,60000.0,58600.0,60000.0,58640.0,56815.0,53215.833333333336,51917.5,202826
2010-10-06,60200.0,60300.0,59600.0,60000.0,59180.0,57035.0,53403.333333333336,51983.333333333336,167531
2010-10-07,59900.0,60000.0,59200.0,59600.0,59620.0,57275.0,53598.333333333336,52037.5,96156
2010-10-08,59200.0,59700.0,58300.0,59000.0,59580.0,57560.0,53775.0,52074.166666666664,130224
2010-10-11,58800.0,59100.0,57500.0,57500.0,59220.0,57700.0,53916.666666666664,52095.833333333336,132637
2010-10-12,57500.0,57900.0,56200.0,57000.0,58620.0,57790.0,54060.0,52134.166666666664,130901
2010-10-13,57700.0,58900.0,56800.0,57600.0,58140.0,57890.0,54225.0,52170.833333333336,141438
2010-10-14,57600.0,59100.0,57600.0,58400.0,57900.0,58000.0,54410.0,52208.333333333336,195829
2010-10-15,58200.0,59400.0,58100.0,58500.0,57800.0,58100.0,54593.333333333336,52249.166666666664,84168
2010-10-18,58300.0,58500.0,57200.0,58000.0,57900.0,58110.0,54779.166666666664,52280.833333333336,152092
2010-10-19,57700.0,58000.0,56900.0,57700.0,58040.0,58115.0,54967.5,52294.166666666664,165364
2010-10-20,56900.0,57500.0,56500.0,56700.0,57860.0,58175.0,55099.166666666664,52306.666666666664,211491
2010-10-21,57500.0,57500.0,55500.0,57100.0,57600.0,58185.0,55235.0,52322.5,230613
2010-10-22,56600.0,57100.0,55400.0,55600.0,57020.0,58075.0,55345.0,52327.5,257584
2010-10-25,55800.0,56800.0,55600.0,56500.0,56720.0,58000.0,55463.333333333336,52338.333333333336,149667
2010-10-26,56200.0,57200.0,55600.0,57200.0,56620.0,57980.0,55570.0,52362.5,113246
2010-10-27,57200.0,57700.0,55600.0,55800.0,56440.0,57905.0,55628.333333333336,52385.0,143357
2010-10-28,55600.0,55800.0,54500.0,55000.0,56020.0,57785.0,55673.333333333336,52405.0,105312
2010-10-29,55400.0,55400.0,53800.0,53900.0,55680.0,57520.0,55701.666666666664,52426.666666666664,188836
2010-11-01,54300.0,55400.0,53300.0,55200.0,55420.0,57315.0,55751.666666666664,52455.833333333336,135521
2010-11-02,55300.0,56700.0,55300.0,55800.0,55140.0,57105.0,55815.0,52483.333333333336,132898
2010-11-03,56500.0,57500.0,56200.0,57000.0,55380.0,56955.0,55876.666666666664,52529.166666666664,246975
2010-11-04,57600.0,60000.0,57600.0,59900.0,56360.0,56970.0,55966.666666666664,52593.333333333336,672385
2010-11-05,59900.0,60500.0,59300.0,59600.0,57500.0,57000.0,56071.666666666664,52659.166666666664,294847
2010-11-08,59300.0,60000.0,58600.0,59600.0,58380.0,57105.0,56193.333333333336,52725.0,171845
2010-11-09,59200.0,59600.0,57900.0,59600.0,59140.0,57235.0,56336.666666666664,52795.833333333336,135546
2010-11-10,58800.0,59500.0,58300.0,58800.0,59500.0,57295.0,56456.666666666664,52869.166666666664,208891
2010-11-11,58800.0,59600.0,56800.0,56800.0,58880.0,57215.0,56521.666666666664,52930.833333333336,377028
2010-11-12,59900.0,60700.0,55700.0,57500.0,58460.0,57165.0,56586.666666666664,52991.666666666664,904491
2010-11-15,57800.0,59100.0,57300.0,58200.0,58180.0,57175.0,56658.333333333336,53087.5,219062
2010-11-16,57700.0,58600.0,55800.0,56900.0,57640.0,57135.0,56718.333333333336,53160.833333333336,194908
2010-11-17,56000.0,57500.0,55800.0,56800.0,57240.0,57140.0,56788.333333333336,53240.0,105038
2010-11-18,56900.0,60000.0,56600.0,59300.0,57740.0,57250.0,56895.0,53337.083333333336,335689
2010-11-19,59800.0,60000.0,58100.0,58500.0,57940.0,57395.0,56955.0,53421.25,169625
2010-11-22,59000.0,64900.0,58900.0,63900.0,59080.0,57765.0,57111.666666666664,53546.666666666664,1373820
2010-11-23,63000.0,63400.0,61700.0,62000.0,60100.0,58005.0,57236.666666666664,53656.666666666664,610777
2010-11-24,60500.0,64600.0,59900.0,64200.0,61580.0,58425.0,57410.0,53787.5,824199
2010-11-25,64700.0,64900.0,63300.0,64200.0,62560.0,58885.0,57576.666666666664,53932.5,380111
2010-11-26,64000.0,64500.0,61800.0,63400.0,63540.0,59360.0,57741.666666666664,54065.0,302816
2010-11-29,63500.0,63900.0,62200.0,62600.0,63280.0,59730.0,57883.333333333336,54189.166666666664,234965
2010-11-30,62300.0,64000.0,62200.0,63400.0,63560.0,60110.0,58010.0,54315.833333333336,332554
2010-12-01,63000.0,63400.0,61600.0,62200.0,63160.0,60370.0,58120.0,54425.833333333336,214279
2010-12-02,62700.0,64400.0,61700.0,64400.0,63200.0,60595.0,58280.0,54545.833333333336,500590
2010-12-03,64600.0,66000.0,62800.0,64000.0,63320.0,60815.0,58458.333333333336,54667.083333333336,482789
2010-12-06,64100.0,65300.0,63800.0,64200.0,63640.0,61045.0,58616.666666666664,54787.5,273544
2010-12-07,64300.0,64400.0,62100.0,62600.0,63480.0,61195.0,58740.0,54892.5,325899
2010-12-08,62000.0,63300.0,61700.0,62200.0,63480.0,61365.0,58850.0,54995.416666666664,259955
2010-12-09,62500.0,63100.0,62000.0,63000.0,63200.0,61675.0,58963.333333333336,55103.75,292048
2010-12-10,62400.0,63500.0,62300.0,62400.0,62880.0,61920.0,59061.666666666664,55211.25,161697
2010-12-13,62900.0,63000.0,62100.0,62700.0,62580.0,62145.0,59143.333333333336,55309.583333333336,140489
2010-12-14,62300.0,62500.0,60500.0,61400.0,62340.0,62370.0,59206.666666666664,55402.916666666664,457692
2010-12-15,61700.0,62200.0,60800.0,62200.0,62340.0,62640.0,59318.333333333336,55511.25,180884
2010-12-16,62200.0,62200.0,61200.0,61800.0,62100.0,62765.0,59400.0,55615.0,179091
2010-12-17,61800.0,63700.0,61300.0,62700.0,62160.0,62975.0,59481.666666666664,55729.166666666664,303607
2010-12-20,61700.0,62400.0,60600.0,61900.0,62000.0,62875.0,59546.666666666664,55830.833333333336,337395
2010-12-21,61900.0,63800.0,61600.0,63300.0,62380.0,62940.0,59641.666666666664,55955.416666666664,402062
2010-12-22,63100.0,63300.0,61500.0,62100.0,62360.0,62835.0,59721.666666666664,56072.5,236370
2010-12-23,62100.0,62200.0,61200.0,62100.0,62420.0,62730.0,59800.0,56195.833333333336,111146
2010-12-24,61700.0,62100.0,60700.0,62000.0,62280.0,62660.0,59846.666666666664,56319.166666666664,118349
2010-12-27,61900.0,62200.0,61200.0,62000.0,62300.0,62630.0,59891.666666666664,56445.833333333336,181911
2010-12-28,61800.0,62400.0,61600.0,61800.0,62000.0,62550.0,59921.666666666664,56568.75,153102
2010-12-29,61000.0,62000.0,61000.0,61800.0,61940.0,62530.0,59951.666666666664,56677.5,118365
2010-12-30,63100.0,64000.0,62400.0,63000.0,62120.0,62460.0,60008.333333333336,56803.333333333336,307866
2011-01-03,62800.0,63400.0,61600.0,61800.0,62080.0,62350.0,60055.0,56915.0,232809
2011-01-04,62100.0,62500.0,61400.0,61900.0,62060.0,62235.0,60128.333333333336,57022.5,233139
2011-01-05,61600.0,61800.0,60200.0,60300.0,61760.0,62120.0,60183.333333333336,57121.666666666664,312048
2011-01-06,60400.0,60700.0,57800.0,58400.0,61080.0,61930.0,60196.666666666664,57210.833333333336,769461
2011-01-07,58300.0,58400.0,57300.0,57600.0,60000.0,61660.0,60183.333333333336,57296.666666666664,691067
2011-01-10,58100.0,59600.0,58000.0,59400.0,59520.0,61510.0,60198.333333333336,57395.833333333336,623042
2011-01-11,59700.0,59700.0,58400.0,59400.0,59020.0,61345.0,60221.666666666664,57500.416666666664,158855
2011-01-12,59300.0,59500.0,58700.0,59100.0,58780.0,61230.0,60245.0,57606.25,154462
2011-01-13,58800.0,59400.0,57900.0,58000.0,58700.0,61020.0,60266.666666666664,57682.916666666664,284062
2011-01-14,57900.0,58000.0,57200.0,57300.0,58640.0,60795.0,60270.0,57752.5,250905
2011-01-17,57100.0,57700.0,56700.0,56900.0,58140.0,60505.0,60291.666666666664,57818.333333333336,190216
2011-01-18,56500.0,56800.0,55800.0,56000.0,57460.0,60210.0,60283.333333333336,57873.333333333336,383997
2011-01-19,56000.0,58000.0,55900.0,57000.0,57040.0,59895.0,60280.0,57925.0,270904
2011-01-20,57200.0,58000.0,57100.0,57700.0,56980.0,59675.0,60311.666666666664,57970.0,189220
2011-01-21,58200.0,58200.0,55500.0,55700.0,56660.0,59355.0,60323.333333333336,57998.333333333336,255394
2011-01-24,55400.0,56500.0,54900.0,56500.0,56580.0,59080.0,60366.666666666664,58034.166666666664,126321
2011-01-25,57300.0,59200.0,57200.0,57500.0,56880.0,58855.0,60405.0,58078.333333333336,495951
2011-01-26,57800.0,59000.0,57600.0,58500.0,57180.0,58690.0,60450.0,58132.5,220777
2011-01-27,58100.0,58500.0,57100.0,57300.0,57100.0,58465.0,60455.0,58165.833333333336,185408
2011-01-28,57000.0,57200.0,56000.0,56600.0,57280.0,58145.0,60400.0,58183.333333333336,252081
2011-01-31,55800.0,57100.0,55200.0,55400.0,57060.0,57825.0,60330.0,58200.833333333336,168297
2011-02-01,55500.0,56000.0,55100.0,56000.0,56760.0,57530.0,60270.0,58231.666666666664,166304
2011-02-07,56600.0,57100.0,55100.0,55100.0,56080.0,57270.0,60195.0,58265.833333333336,174442
2011-02-08,55200.0,55500.0,54900.0,55000.0,55620.0,57100.0,60131.666666666664,58294.166666666664,85817
2011-02-09,55000.0,55600.0,52600.0,52800.0,54860.0,56860.0,60065.0,58293.333333333336,399285
2011-02-10,52800.0,53800.0,52800.0,53000.0,54380.0,56540.0,59990.0,58288.333333333336,301623
2011-02-11,53100.0,53600.0,51300.0,51300.0,53440.0,56135.0,59875.0,58266.666666666664,236644
2011-02-14,51500.0,53100.0,51400.0,52800.0,52980.0,55820.0,59806.666666666664,58262.5,191593
2011-02-15,52400.0,53000.0,50900.0,51200.0,52220.0,55480.0,59713.333333333336,58250.833333333336,221570
2011-02-16,51000.0,51900.0,50700.0,51000.0,51860.0,55165.0,59575.0,58235.0,213151
2011-02-17,51000.0,51600.0,49500.0,50600.0,51380.0,54850.0,59443.333333333336,58199.166666666664,150970
2011-02-18,50200.0,54900.0,50200.0,53200.0,51760.0,54710.0,59265.0,58188.333333333336,510309
2011-02-21,53700.0,54400.0,51000.0,51600.0,51520.0,54440.0,59091.666666666664,58164.166666666664,284315
2011-02-22,51500.0,52000.0,50600.0,50600.0,51400.0,54085.0,58865.0,58137.5,298270
2011-02-23,50600.0,52500.0,50500.0,50600.0,51320.0,53830.0,58638.333333333336,58107.5,419776
2011-02-24,51300.0,52600.0,50600.0,52300.0,51660.0,53620.0,58453.333333333336,58097.5,199011
2011-02-25,52000.0,53400.0,52000.0,52800.0,51580.0,53385.0,58290.0,58086.666666666664,173728
2011-02-28,53100.0,53300.0,51600.0,52500.0,51760.0,53085.0,58108.333333333336,58059.166666666664,117006
2011-03-02,52700.0,54800.0,52700.0,53900.0,52420.0,52915.0,57970.0,58045.0,283463
2011-03-03,54100.0,55800.0,53300.0,55300.0,53360.0,52850.0,57818.333333333336,58049.166666666664,351789
2011-03-04,56200.0,56300.0,54700.0,56000.0,54100.0,52880.0,57685.0,58071.666666666664,245729
2011-03-07,55600.0,55900.0,54600.0,55000.0,54540.0,52830.0,57531.666666666664,58074.166666666664,173830
2011-03-08,54700.0,56900.0,54500.0,56500.0,55340.0,52900.0,57430.0,58085.0,247589
2011-03-09,56000.0,57100.0,55700.0,56600.0,55880.0,52980.0,57336.666666666664,58093.333333333336,159620
2011-03-10,56000.0,56600.0,54700.0,55500.0,55920.0,53115.0,57211.666666666664,58087.5,259990
2011-03-11,54500.0,56400.0,54500.0,55300.0,55780.0,53230.0,57093.333333333336,58077.5,150860
2011-03-14,54500.0,55500.0,53400.0,55200.0,55820.0,53425.0,56968.333333333336,58055.833333333336,161236
2011-03-15,54600.0,55800.0,52800.0,53600.0,55240.0,53465.0,56838.333333333336,58022.5,217876
2011-03-16,53600.0,54800.0,53600.0,54100.0,54740.0,53610.0,56703.333333333336,58010.833333333336,98884
2011-03-17,53800.0,53900.0,51400.0,52600.0,54160.0,53690.0,56550.0,57975.0,388181
2011-03-18,52700.0,53600.0,52500.0,53100.0,53720.0,53815.0,56390.0,57935.833333333336,170515
2011-03-21,53100.0,53600.0,52700.0,53600.0,53400.0,53835.0,56251.666666666664,57899.166666666664,81117
2011-03-22,53400.0,54000.0,53300.0,53600.0,53400.0,53935.0,56090.0,57865.833333333336,130435
2011-03-23,53500.0,53800.0,52800.0,53600.0,53300.0,54085.0,55948.333333333336,57835.0,180198
2011-03-24,54000.0,54800.0,54000.0,54700.0,53720.0,54290.0,55825.0,57812.5,176880
2011-03-25,54800.0,57200.0,54600.0,57200.0,54540.0,54535.0,55745.0,57795.833333333336,318306
2011-03-28,57200.0,57200.0,56300.0,56900.0,55200.0,54740.0,55660.0,57775.833333333336,97388
2011-03-29,56900.0,57100.0,55700.0,56700.0,55820.0,54950.0,55575.0,57748.333333333336,210637
2011-03-30,56700.0,57300.0,56100.0,56500.0,56400.0,55080.0,55486.666666666664,57719.166666666664,277636
2011-03-31,56400.0,56500.0,54500.0,55500.0,56560.0,55090.0,55361.666666666664,57685.0,818487
2011-04-01,55700.0,55800.0,54300.0,54700.0,56060.0,55025.0,55243.333333333336,57649.166666666664,429168
2011-04-04,55000.0,56500.0,54800.0,56500.0,55980.0,55100.0,55153.333333333336,57640.833333333336,327081
2011-04-05,56600.0,56700.0,55300.0,55600.0,55760.0,55055.0,55075.0,57629.166666666664,217069
2011-04-06,55600.0,55600.0,54000.0,54700.0,55400.0,54960.0,55013.333333333336,57605.0,356121
2011-04-07,55000.0,55000.0,53200.0,53800.0,55060.0,54875.0,54950.0,57566.666666666664,337269
2011-04-08,53800.0,54600.0,53300.0,54000.0,54920.0,54810.0,54860.0,57529.166666666664,308461
2011-04-11,54200.0,54300.0,53600.0,54000.0,54420.0,54750.0,54770.0,57495.833333333336,182076
2011-04-12,54000.0,54200.0,53200.0,53800.0,54060.0,54760.0,54681.666666666664,57463.333333333336,322783
2011-04-13,53800.0,54000.0,52600.0,52900.0,53700.0,54700.0,54596.666666666664,57431.666666666664,277021
2011-04-14,52900.0,53600.0,52500.0,53400.0,53620.0,54740.0,54531.666666666664,57400.833333333336,249155
2011-04-15,53500.0,53700.0,52200.0,52400.0,53300.0,54705.0,54456.666666666664,57374.166666666664,276072
2011-04-18,52600.0,52700.0,51600.0,52400.0,52980.0,54645.0,54396.666666666664,57340.0,254567
2011-04-19,51900.0,52000.0,51000.0,51400.0,52500.0,54535.0,54303.333333333336,57291.666666666664,258633
2011-04-20,51400.0,53300.0,51300.0,52900.0,52500.0,54500.0,54223.333333333336,57267.5,244057
2011-04-21,53000.0,53500.0,52300.0,53100.0,52440.0,54420.0,54180.0,57251.666666666664,210401
2011-04-22,53700.0,55500.0,53600.0,55300.0,53020.0,54325.0,54160.0,57263.333333333336,619758
2011-04-25,54800.0,56000.0,54200.0,55400.0,53620.0,54250.0,54125.0,57265.0,387491
2011-04-26,55800.0,55800.0,54300.0,55400.0,54420.0,54185.0,54073.333333333336,57261.666666666664,270186
2011-04-27,55400.0,55800.0,53800.0,53800.0,54600.0,54050.0,54015.0,57235.0,215163
2011-04-28,54000.0,54200.0,51800.0,52600.0,54500.0,53905.0,53948.333333333336,57174.166666666664,526362
2011-04-29,51800.0,53200.0,51700.0,53200.0,54080.0,53830.0,53911.666666666664,57120.833333333336,249477
2011-05-02,52500.0,54200.0,52500.0,53500.0,53700.0,53680.0,53870.0,57070.0,170353
2011-05-03,53100.0,54000.0,52800.0,52800.0,53180.0,53540.0,53831.666666666664,57013.333333333336,180934
2011-05-04,52900.0,53600.0,52500.0,53500.0,53120.0,53480.0,53806.666666666664,56969.166666666664,140315
2011-05-06,53100.0,54100.0,52800.0,53400.0,53280.0,53460.0,53816.666666666664,56940.833333333336,137333
2011-05-09,53300.0,53400.0,52200.0,52500.0,53140.0,53385.0,53808.333333333336,56899.166666666664,138117
2011-05-11,52500.0,53500.0,52100.0,53400.0,53120.0,53355.0,53843.333333333336,56859.166666666664,149767
2011-05-12,53200.0,54500.0,52600.0,53000.0,53160.0,53315.0,53846.666666666664,56826.666666666664,316090
2011-05-13,53300.0,53400.0,52600.0,52700.0,53000.0,53305.0,53871.666666666664,56792.5,96331
2011-05-16,52500.0,52500.0,51500.0,51800.0,52680.0,53225.0,53885.0,56730.0,154568
2011-05-17,51900.0,52800.0,51800.0,51800.0,52540.0,53195.0,53905.0,56674.166666666664,210549
2011-05-18,52300.0,54200.0,52300.0,54000.0,52660.0,53275.0,53918.333333333336,56591.666666666664,227384
2011-05-19,53500.0,54300.0,52500.0,53500.0,52760.0,53380.0,53950.0,56520.833333333336,166110
2011-05-20,53300.0,53700.0,52500.0,53300.0,52880.0,53400.0,53995.0,56430.0,102225
2011-05-23,53400.0,53400.0,51700.0,52200.0,52960.0,53355.0,54021.666666666664,56330.0,196896
2011-05-24,52000.0,52800.0,51600.0,52400.0,53080.0,53210.0,54023.333333333336,56238.333333333336,152154
2011-05-25,52300.0,53000.0,51800.0,52300.0,52740.0,53055.0,54015.0,56152.5,130940
2011-05-26,52400.0,53500.0,52400.0,53100.0,52660.0,52940.0,54025.0,56066.666666666664,99101
2011-05-27,52700.0,53900.0,52500.0,53300.0,52660.0,52915.0,54015.0,55992.5,102915
2011-05-30,53800.0,53800.0,52500.0,53100.0,52840.0,52940.0,53978.333333333336,55898.333333333336,73824
2011-05-31,53600.0,54000.0,52500.0,54000.0,53160.0,52980.0,53945.0,55815.0,187409
2011-06-01,53400.0,54000.0,52700.0,53000.0,53300.0,52955.0,53911.666666666664,55721.666666666664,155361
2011-06-02,52100.0,53000.0,52100.0,52800.0,53240.0,52955.0,53850.0,55640.0,104029
2011-06-03,52400.0,55100.0,52300.0,54500.0,53480.0,53005.0,53815.0,55575.833333333336,450361
2011-06-07,54400.0,55600.0,53800.0,55200.0,53900.0,53095.0,53810.0,55510.833333333336,316465
2011-06-08,54500.0,56300.0,53900.0,56200.0,54340.0,53280.0,53825.0,55459.166666666664,416975
2011-06-09,56000.0,56000.0,53900.0,55400.0,54820.0,53380.0,53828.333333333336,55398.333333333336,335044
2011-06-10,54500.0,55100.0,53600.0,54500.0,55160.0,53455.0,53843.333333333336,55340.833333333336,124512
2011-06-13,54000.0,54700.0,53600.0,54200.0,55100.0,53530.0,53845.0,55274.166666666664,60584
2011-06-14,54600.0,55300.0,53900.0,53900.0,54840.0,53635.0,53866.666666666664,55208.333333333336,97591
2011-06-15,54600.0,54700.0,53200.0,54300.0,54460.0,53760.0,53886.666666666664,55138.333333333336,116253
2011-06-16,54200.0,55000.0,52700.0,53000.0,53980.0,53710.0,53876.666666666664,55064.166666666664,127899
2011-06-17,53100.0,54600.0,53000.0,54300.0,53940.0,53750.0,53888.333333333336,54989.166666666664,142543
2011-06-20,54000.0,54500.0,52900.0,53500.0,53800.0,53760.0,53886.666666666664,54917.5,168078
2011-06-21,53700.0,55300.0,53500.0,54800.0,53980.0,53890.0,53888.333333333336,54856.666666666664,207001
2011-06-22,55000.0,55900.0,54800.0,55800.0,54280.0,54060.0,53865.0,54805.0,163035
2011-06-23,55700.0,57300.0,55100.0,57000.0,55080.0,54295.0,53866.666666666664,54763.333333333336,415149
2011-06-24,57100.0,57700.0,56900.0,57600.0,55740.0,54520.0,53881.666666666664,54728.333333333336,198930
2011-06-27,57600.0,57600.0,56600.0,57300.0,56500.0,54720.0,53895.0,54690.833333333336,118162
2011-06-28,57600.0,58000.0,56000.0,56500.0,56840.0,54890.0,53911.666666666664,54636.666666666664,175746
2011-06-29,57400.0,58000.0,55800.0,58000.0,57280.0,55090.0,53966.666666666664,54605.0,213678
2011-06-30,57900.0,58200.0,57200.0,57800.0,57440.0,55330.0,53988.333333333336,54570.833333333336,124709
2011-07-01,57900.0,58700.0,57800.0,58700.0,57660.0,55625.0,54040.0,54557.5,156495
2011-07-04,58800.0,58900.0,57500.0,58400.0,57880.0,55820.0,54101.666666666664,54557.5,191024
2011-07-05,58500.0,58500.0,56500.0,57900.0,58160.0,55955.0,54170.0,54560.0,292947
2011-07-06,57400.0,58600.0,56800.0,58000.0,58160.0,56045.0,54236.666666666664,54548.333333333336,420450
2011-07-07,57500.0,58400.0,57100.0,58400.0,58280.0,56195.0,54310.0,54540.0,143076
2011-07-08,57900.0,58300.0,57500.0,57900.0,58120.0,56365.0,54378.333333333336,54530.0,154344
2011-07-11,58500.0,58500.0,57500.0,58000.0,58040.0,56555.0,54463.333333333336,54530.0,123340
2011-07-12,57900.0,57900.0,55600.0,57000.0,57860.0,56710.0,54523.333333333336,54527.5,256960
2011-07-13,57000.0,58200.0,56500.0,58200.0,57900.0,56905.0,54620.0,54538.333333333336,190715
2011-07-14,58300.0,58300.0,57000.0,58200.0,57860.0,57165.0,54716.666666666664,54556.666666666664,104046
2011-07-15,58200.0,59400.0,57800.0,59400.0,58160.0,57420.0,54850.0,54576.666666666664,167917
2011-07-18,59200.0,59300.0,58500.0,59100.0,58380.0,57700.0,54953.333333333336,54588.333333333336,118650
2011-07-19,58600.0,59200.0,58300.0,59000.0,58780.0,57910.0,55051.666666666664,54615.833333333336,120195
2011-07-20,59100.0,62200.0,59100.0,61200.0,59380.0,58180.0,55150.0,54655.0,504477
2011-07-21,61300.0,62000.0,60700.0,62000.0,60140.0,58430.0,55260.0,54692.5,138516
2011-07-22,61900.0,62400.0,60600.0,61800.0,60620.0,58640.0,55366.666666666664,54720.0,154560
2011-07-25,61100.0,61400.0,60100.0,60900.0,60980.0,58820.0,55485.0,54750.0,179491
2011-07-26,61900.0,62500.0,59900.0,61100.0,61400.0,59050.0,55626.666666666664,54787.5,224896
2011-07-27,60600.0,61600.0,59600.0,61000.0,61360.0,59200.0,55756.666666666664,54834.166666666664,196789
2011-07-28,60400.0,61000.0,60000.0,60000.0,60960.0,59310.0,55865.0,54867.5,129653
2011-07-29,59800.0,60200.0,59100.0,60000.0,60600.0,59375.0,55985.0,54908.333333333336,112013
2011-08-01,60500.0,61000.0,60300.0,60600.0,60540.0,59485.0,56103.333333333336,54955.0,98104
2011-08-02,60000.0,60000.0,58500.0,59100.0,60140.0,59545.0,56198.333333333336,55007.5,154345
2011-08-03,57700.0,57700.0,56300.0,56900.0,59320.0,59490.0,56271.666666666664,55040.0,212744
2011-08-04,56600.0,57900.0,55600.0,56900.0,58700.0,59415.0,56330.0,55086.666666666664,171702
2011-08-05,53300.0,55600.0,53300.0,55600.0,57820.0,59300.0,56373.333333333336,55110.0,242318
2011-08-08,54000.0,55600.0,53600.0,53600.0,56420.0,59080.0,56388.333333333336,55130.0,292668
2011-08-09,53600.0,53600.0,46100.0,51400.0,54880.0,58800.0,56381.666666666664,55133.333333333336,395673
2011-08-10,53000.0,53400.0,49600.0,52300.0,53960.0,58505.0,56390.0,55147.5,458826
2011-08-11,49250.0,51900.0,49250.0,51400.0,52860.0,58165.0,56346.666666666664,55132.5,267904
2011-08-12,51800.0,52000.0,50700.0,50900.0,51920.0,57740.0,56303.333333333336,55126.666666666664,315405
2011-08-16,52000.0,54100.0,52000.0,54100.0,52020.0,57490.0,56316.666666666664,55155.833333333336,283354
2011-08-17,53400.0,55000.0,53100.0,53100.0,52360.0,57195.0,56331.666666666664,55176.666666666664,286699
2011-08-18,52800.0,53100.0,50400.0,51900.0,52280.0,56730.0,56323.333333333336,55173.333333333336,339494
2011-08-19,50500.0,52300.0,49500.0,50900.0,52180.0,56175.0,56300.0,55157.5,266024
2011-08-22,50100.0,51200.0,49850.0,50900.0,52180.0,55630.0,56263.333333333336,55144.166666666664,235840
2011-08-23,51700.0,52000.0,49900.0,50000.0,51360.0,55085.0,56208.333333333336,55111.666666666664,302494
2011-08-24,50500.0,50600.0,48200.0,49550.0,50650.0,54507.5,56149.166666666664,55063.75,240822
2011-08-25,49450.0,51300.0,49350.0,50300.0,50330.0,53972.5,56087.5,55016.25,169660
2011-08-26,50300.0,50800.0,49550.0,50400.0,50230.0,53492.5,56044.166666666664,54977.916666666664,101152
2011-08-29,50400.0,50500.0,49350.0,49850.0,50020.0,52985.0,55995.0,54922.5,233433
2011-08-30,50400.0,51500.0,50000.0,50900.0,50200.0,52500.0,55935.0,54875.0,226408
2011-08-31,50500.0,51800.0,49900.0,51600.0,50610.0,52125.0,55875.0,54842.5,526224
2011-09-01,51600.0,52600.0,51300.0,51800.0,50910.0,51870.0,55801.666666666664,54813.333333333336,1078410
2011-09-02,51800.0,52700.0,51100.0,51500.0,51130.0,51600.0,55736.666666666664,54782.5,201956
2011-09-05,50600.0,51000.0,48050.0,48850.0,50930.0,51262.5,55642.5,54742.916666666664,294489
2011-09-06,47200.0,47850.0,45350.0,46700.0,50090.0,50917.5,55517.5,54681.25,508251
2011-09-07,47300.0,47600.0,46600.0,47100.0,49190.0,50702.5,55404.166666666664,54635.416666666664,361624
2011-09-08,47500.0,49150.0,47500.0,48850.0,48600.0,50530.0,55313.333333333336,54600.0,477410
2011-09-09,47900.0,48250.0,47100.0,47550.0,47810.0,50337.5,55222.5,54549.583333333336,208604
2011-09-14,50800.0,52000.0,46100.0,46350.0,47310.0,50110.0,55090.0,54489.166666666664,689514
2011-09-15,47600.0,47950.0,44900.0,46100.0,47190.0,49710.0,54966.666666666664,54426.666666666664,448378
2011-09-16,46700.0,47400.0,46650.0,46800.0,47130.0,49395.0,54833.333333333336,54360.833333333336,415621
2011-09-19,47000.0,47650.0,46300.0,47400.0,46840.0,49170.0,54693.333333333336,54279.166666666664,378226
2011-09-20,47000.0,47400.0,46250.0,47000.0,46730.0,48975.0,54526.666666666664,54196.666666666664,364745
2011-09-21,46700.0,47300.0,46500.0,47150.0,46890.0,48787.5,54352.5,54117.083333333336,312576
2011-09-22,46300.0,46350.0,44750.0,45550.0,46780.0,48565.0,54156.666666666664,54025.833333333336,423640
2011-09-23,43800.0,44250.0,40500.0,40500.0,45520.0,48112.5,53890.0,53900.833333333336,324231
2011-09-26,40900.0,41750.0,38350.0,39400.0,43920.0,47567.5,53580.0,53773.333333333336,364219
2011-09-27,40000.0,40700.0,39400.0,40450.0,42610.0,47070.0,53290.833333333336,53639.583333333336,346202
2011-09-28,40700.0,42500.0,40400.0,41300.0,41440.0,46642.5,53000.833333333336,53520.416666666664,314606
2011-09-29,41300.0,42900.0,40750.0,42850.0,40900.0,46240.0,52741.666666666664,53421.666666666664,169092
2011-09-30,42450.0,42900.0,41800.0,42400.0,41280.0,45780.0,52483.333333333336,53326.666666666664,174556
2011-10-04,40800.0,41000.0,39050.0,39900.0,41380.0,45185.0,52181.666666666664,53209.166666666664,160028
2011-10-05,40400.0,40400.0,38350.0,39750.0,41240.0,44597.5,51870.833333333336,53090.416666666664,221924
2011-10-06,40300.0,41350.0,40000.0,40050.0,40990.0,44157.5,51573.333333333336,52975.833333333336,166324
2011-10-07,41000.0,43650.0,40850.0,42900.0,41000.0,43967.5,51321.666666666664,52892.5,336651
2011-10-10,42000.0,43100.0,42000.0,42850.0,41090.0,43755.0,51085.833333333336,52804.583333333336,137805
2011-10-11,44450.0,46750.0,44000.0,45600.0,42230.0,43592.5,50875.833333333336,52747.916666666664,371768
2011-10-12,45300.0,46000.0,44900.0,45400.0,43360.0,43485.0,50662.5,52689.583333333336,135329
2011-10-13,45550.0,47000.0,45550.0,46100.0,44570.0,43472.5,50440.833333333336,52645.416666666664,277307
2011-10-14,45200.0,46850.0,45000.0,46500.0,45290.0,43492.5,50230.833333333336,52592.083333333336,105618
2011-10-17,46200.0,46450.0,45500.0,45800.0,45880.0,43442.5,50010.833333333336,52531.25,326439
2011-10-18,44500.0,44950.0,43750.0,44100.0,45580.0,43277.5,49725.833333333336,52437.916666666664,279724
2011-10-19,44700.0,44700.0,42550.0,44150.0,45330.0,43135.0,49428.333333333336,52344.166666666664,239644
2011-10-20,43750.0,44000.0,42500.0,42550.0,44620.0,42905.0,49107.5,52237.083333333336,158128
2011-10-21,42800.0,43000.0,41900.0,42600.0,43840.0,42757.5,48802.5,52143.75,143583
2011-10-24,42600.0,43250.0,41950.0,42100.0,43100.0,42837.5,48485.833333333336,52056.25,346105
2011-10-25,42250.0,42450.0,41000.0,41250.0,42530.0,42930.0,48156.666666666664,51956.666666666664,263122
2011-10-26,41250.0,41550.0,41050.0,41400.0,41980.0,42977.5,47846.666666666664,51855.833333333336,170332
2011-10-27,41600.0,42450.0,41050.0,42450.0,41960.0,43035.0,47554.166666666664,51769.583333333336,272545
2011-10-28,43750.0,43900.0,43050.0,43050.0,42050.0,43045.0,47261.666666666664,51682.5,309054
2011-10-31,43450.0,43700.0,41800.0,41950.0,42020.0,43022.5,46975.833333333336,51587.083333333336,250100
2011-11-01,41900.0,42900.0,41500.0,42900.0,42350.0,43172.5,46742.5,51507.083333333336,193893
2011-11-02,41550.0,42000.0,40750.0,41200.0,42310.0,43245.0,46480.833333333336,51405.416666666664,314420
2011-11-03,41300.0,41350.0,40050.0,40400.0,41900.0,43262.5,46227.5,51300.416666666664,221437
2011-11-04,41000.0,41300.0,40450.0,40550.0,41400.0,43145.0,46010.0,51199.166666666664,319245
2011-11-07,40700.0,41300.0,40150.0,41150.0,41240.0,43060.0,45839.166666666664,51110.416666666664,348608
2011-11-08,41000.0,41400.0,40550.0,41000.0,40860.0,42830.0,45650.833333333336,51020.416666666664,578027
2011-11-09,41600.0,42200.0,41400.0,41950.0,41010.0,42657.5,45493.333333333336,50920.0,421492
2011-11-10,40750.0,40900.0,40400.0,40600.0,41050.0,42382.5,45321.666666666664,50812.5,352851
2011-11-11,40800.0,41700.0,40450.0,41200.0,41180.0,42117.5,45106.666666666664,50711.666666666664,233851
2011-11-14,41250.0,42150.0,41250.0,42000.0,41350.0,41927.5,44921.666666666664,50626.666666666664,170025
2011-11-15,41650.0,41850.0,41450.0,41600.0,41470.0,41802.5,44750.0,50536.666666666664,198733
2011-11-16,41950.0,42150.0,41300.0,41500.0,41380.0,41670.0,44593.333333333336,50446.666666666664,194820
2011-11-17,41500.0,41550.0,40850.0,41450.0,41550.0,41615.0,44435.833333333336,50349.583333333336,172690
2011-11-18,40850.0,41000.0,40250.0,40650.0,41440.0,41517.5,44280.0,50244.166666666664,204637
2011-11-21,40300.0,40300.0,39700.0,40150.0,41070.0,41420.0,44123.333333333336,50136.25,155910
2011-11-22,39600.0,40100.0,39550.0,40100.0,40770.0,41362.5,43953.333333333336,50020.416666666664,121109
2011-11-23,40000.0,40000.0,39550.0,39700.0,40410.0,41277.5,43775.0,49909.583333333336,139901
2011-11-24,39700.0,40450.0,39700.0,40150.0,40150.0,41162.5,43613.333333333336,49804.166666666664,106291
2011-11-25,40000.0,40300.0,39800.0,40000.0,40020.0,41010.0,43431.666666666664,49683.333333333336,79633
2011-11-28,40050.0,40950.0,40050.0,40500.0,40090.0,40937.5,43246.666666666664,49560.833333333336,72185
2011-11-29,40600.0,41850.0,40500.0,41150.0,40300.0,40850.0,43069.166666666664,49435.416666666664,161582
2011-11-30,40750.0,41150.0,40300.0,40600.0,40480.0,40820.0,42887.5,49312.083333333336,179852
2011-12-01,41500.0,42000.0,40950.0,40950.0,40640.0,40847.5,42755.833333333336,49199.166666666664,296876
2011-12-02,41250.0,43350.0,41250.0,42400.0,41120.0,40940.0,42684.166666666664,49100.833333333336,201967
2011-12-05,43000.0,43050.0,42400.0,43000.0,41620.0,41032.5,42615.833333333336,49010.0,121576
2011-12-06,43350.0,43350.0,42350.0,42950.0,41980.0,41130.0,42517.5,48915.416666666664,204475
2011-12-07,43350.0,43350.0,41550.0,42950.0,42450.0,41180.0,42440.833333333336,48831.666666666664,247346
2011-12-08,42550.0,43350.0,41750.0,42900.0,42840.0,41295.0,42383.333333333336,48736.666666666664,168782
2011-12-09,42150.0,42350.0,41450.0,41850.0,42730.0,41327.5,42312.5,48639.583333333336,117223
2011-12-12,42100.0,42150.0,41550.0,41700.0,42470.0,41312.5,42227.5,48530.416666666664,66136
2011-12-13,40450.0,41300.0,38800.0,39250.0,41730.0,41195.0,42091.666666666664,48392.5,1008556
2011-12-14,39250.0,39300.0,38900.0,39000.0,40940.0,41070.0,41958.333333333336,48242.5,323523
2011-12-15,38900.0,39250.0,38500.0,38800.0,40120.0,40937.5,41819.166666666664,48085.833333333336,250321
2011-12-16,38800.0,39600.0,38800.0,39350.0,39620.0,40872.5,41715.833333333336,47936.25,186429
2011-12-19,38950.0,38950.0,38200.0,38750.0,39030.0,40802.5,41686.666666666664,47788.333333333336,248520
2011-12-20,39100.0,39400.0,38650.0,38850.0,38950.0,40740.0,41677.5,47628.75,153496
2011-12-21,39500.0,39600.0,38950.0,39300.0,39010.0,40720.0,41658.333333333336,47474.583333333336,169894
2011-12-22,39350.0,39350.0,38700.0,39100.0,39070.0,40667.5,41621.666666666664,47311.25,89310
2011-12-23,39100.0,39500.0,39100.0,39200.0,39040.0,40627.5,41560.833333333336,47151.25,97531
2011-12-26,39450.0,39550.0,39250.0,39350.0,39160.0,40570.0,41510.0,46996.666666666664,77200
2011-12-27,39200.0,39550.0,39100.0,39500.0,39290.0,40487.5,41503.333333333336,46842.5,101782
2011-12-28,39350.0,39350.0,38600.0,39100.0,39250.0,40412.5,41492.5,46681.666666666664,159133
2011-12-29,38800.0,39100.0,38750.0,38900.0,39210.0,40310.0,41473.333333333336,46523.333333333336,143924
2012-01-02,39300.0,39300.0,38500.0,39000.0,39170.0,40140.0,41408.333333333336,46365.0,56569
2012-01-03,38750.0,39700.0,38750.0,39700.0,39240.0,39975.0,41355.833333333336,46220.833333333336,128653
2012-01-04,40000.0,40500.0,39750.0,40000.0,39340.0,39827.5,41262.5,46069.166666666664,119244
2012-01-05,40100.0,40300.0,40000.0,40000.0,39520.0,39680.0,41172.5,45917.5,87333
2012-01-06,40000.0,40100.0,39650.0,40050.0,39750.0,39537.5,41071.666666666664,45756.25,90330
2012-01-09,40000.0,40150.0,39700.0,40150.0,39980.0,39452.5,40965.833333333336,45598.333333333336,290599
2012-01-10,40200.0,40550.0,40000.0,40000.0,40040.0,39367.5,40869.166666666664,45440.0,108718
2012-01-11,40100.0,40100.0,39700.0,40000.0,40040.0,39405.0,40800.833333333336,45263.333333333336,203478
2012-01-12,40000.0,40300.0,39850.0,40300.0,40100.0,39470.0,40736.666666666664,45082.5,145381
2012-01-13,40000.0,40200.0,39950.0,40100.0,40110.0,39535.0,40695.833333333336,44901.666666666664,99076
2012-01-16,39950.0,40000.0,39600.0,40000.0,40080.0,39567.5,40652.5,44727.5,120677
2012-01-17,40000.0,40600.0,39950.0,40200.0,40120.0,39640.0,40620.833333333336,44553.333333333336,173385
2012-01-18,40150.0,40350.0,40000.0,40150.0,40150.0,39705.0,40602.5,44379.583333333336,147729
2012-01-19,40600.0,41150.0,40350.0,40850.0,40260.0,39782.5,40593.333333333336,44220.0,209482
2012-01-20,40750.0,41450.0,40550.0,41100.0,40460.0,39882.5,40570.833333333336,44062.5,208695
2012-01-25,41100.0,41900.0,41000.0,41500.0,40760.0,39997.5,40545.0,43903.333333333336,274172
2012-01-26,41750.0,42150.0,41600.0,42000.0,41120.0,40130.0,40545.833333333336,43760.833333333336,201966
2012-01-27,42000.0,42500.0,41700.0,42500.0,41590.0,40280.0,40539.166666666664,43640.833333333336,201294
2012-01-30,42150.0,43200.0,41950.0,42450.0,41910.0,40447.5,40560.0,43520.416666666664,321838
2012-01-31,42600.0,43400.0,42250.0,43400.0,42370.0,40672.5,40610.0,43418.75,278319
2012-02-01,43000.0,44750.0,42800.0,44200.0,42910.0,40932.5,40670.833333333336,43340.416666666664,232547
2012-02-02,44950.0,44950.0,44300.0,44550.0,43420.0,41175.0,40727.5,43283.333333333336,218584
2012-02-03,44100.0,44400.0,43650.0,44000.0,43720.0,41375.0,40777.5,43214.166666666664,109552
2012-02-06,43800.0,44900.0,43750.0,44100.0,44050.0,41580.0,40813.333333333336,43153.333333333336,117205
2012-02-07,43800.0,44650.0,43300.0,43750.0,44120.0,41765.0,40865.833333333336,43093.75,134388
2012-02-08,43750.0,43800.0,42100.0,42600.0,43800.0,41887.5,40889.166666666664,42997.916666666664,290425
2012-02-09,42650.0,42750.0,41200.0,42400.0,43370.0,42007.5,40895.833333333336,42908.75,432280
2012-02-10,42400.0,42600.0,41500.0,42000.0,42970.0,42107.5,40902.5,42826.25,378135
2012-02-13,41800.0,42250.0,41800.0,42000.0,42550.0,42192.5,40910.833333333336,42752.083333333336,259511
2012-02-14,41850.0,42050.0,41700.0,41850.0,42170.0,42280.0,40917.5,42676.666666666664,274559
2012-02-15,41800.0,42100.0,41500.0,42000.0,42050.0,42380.0,40940.0,42610.0,318984
2012-02-16,41900.0,42200.0,41600.0,42000.0,41970.0,42470.0,40970.833333333336,42547.083333333336,266468
2012-02-17,42000.0,42400.0,41550.0,41550.0,41880.0,42540.0,40995.0,42474.166666666664,532619
2012-02-20,42300.0,42350.0,41700.0,42050.0,41890.0,42600.0,41034.166666666664,42404.583333333336,144001
2012-02-21,41900.0,42350.0,41800.0,42150.0,41950.0,42652.5,41067.5,42340.416666666664,79573
2012-02-22,42000.0,42000.0,41600.0,41950.0,41940.0,42675.0,41100.0,42265.833333333336,123855
2012-02-23,41900.0,42100.0,41350.0,42000.0,41940.0,42675.0,41125.0,42185.833333333336,138616
2012-02-24,42000.0,42050.0,41800.0,42000.0,42030.0,42650.0,41139.166666666664,42104.166666666664,131214
2012-02-27,42000.0,42200.0,41900.0,42000.0,42020.0,42627.5,41162.5,42025.0,314699
2012-02-28,42000.0,42200.0,41850.0,42000.0,41990.0,42557.5,41180.0,41967.916666666664,210006
2012-02-29,42200.0,42650.0,42100.0,42350.0,42070.0,42465.0,41179.166666666664,41931.666666666664,176763
2012-03-02,42600.0,43350.0,42350.0,42900.0,42250.0,42382.5,41177.5,41896.666666666664,262341
2012-03-05,42900.0,42950.0,42700.0,42900.0,42430.0,42327.5,41176.666666666664,41847.083333333336,177975
2012-03-06,42800.0,43300.0,42800.0,42950.0,42620.0,42270.0,41176.666666666664,41808.75,265288
2012-03-07,42800.0,43200.0,42350.0,42900.0,42800.0,42227.5,41176.666666666664,41780.0,213185
2012-03-08,43200.0,43200.0,42700.0,42900.0,42910.0,42242.5,41194.166666666664,41753.333333333336,156613
2012-03-09,43000.0,43150.0,42900.0,43050.0,42940.0,42275.0,41216.666666666664,41722.083333333336,111423
2012-03-12,43100.0,43100.0,42900.0,43000.0,42960.0,42325.0,41279.166666666664,41685.416666666664,66010
2012-03-13,43000.0,43550.0,43000.0,43100.0,42990.0,42380.0,41347.5,41652.916666666664,118838
2012-03-14,43300.0,43500.0,42900.0,43250.0,43060.0,42450.0,41421.666666666664,41620.416666666664,131040
2012-03-15,43050.0,43200.0,42850.0,42900.0,43060.0,42495.0,41480.833333333336,41598.333333333336,220259
2012-03-16,42750.0,42900.0,41900.0,42150.0,42880.0,42502.5,41537.5,41612.083333333336,120550
2012-03-19,42400.0,42800.0,41900.0,42000.0,42680.0,42525.0,41590.0,41633.75,84123
2012-03-20,42000.0,42500.0,41850.0,42050.0,42470.0,42525.0,41635.833333333336,41647.083333333336,202648
2012-03-21,41800.0,42200.0,41750.0,42150.0,42250.0,42525.0,41686.666666666664,41654.166666666664,97718
2012-03-22,42250.0,42250.0,40850.0,40850.0,41840.0,42470.0,41714.166666666664,41637.5,184012
2012-03-23,41150.0,41450.0,40900.0,41250.0,41660.0,42432.5,41745.833333333336,41627.916666666664,119669
2012-03-26,41250.0,41750.0,41000.0,41250.0,41510.0,42395.0,41775.0,41639.166666666664,70920
2012-03-27,41200.0,41550.0,40500.0,40850.0,41270.0,42337.5,41804.166666666664,41648.333333333336,126706
2012-03-28,40400.0,40700.0,39600.0,40000.0,40840.0,42237.5,41822.5,41647.916666666664,136285
2012-03-29,39900.0,39950.0,39000.0,39450.0,40560.0,42092.5,41830.0,41619.166666666664,109291
2012-03-30,39750.0,40400.0,39000.0,39450.0,40200.0,41920.0,41825.833333333336,41590.833333333336,200629
2012-04-02,39300.0,39800.0,39100.0,39500.0,39850.0,41750.0,41817.5,41540.0,123392
2012-04-03,39350.0,41000.0,39300.0,41000.0,39880.0,41652.5,41834.166666666664,41503.333333333336,134980
2012-04-04,40800.0,40800.0,39600.0,39600.0,39800.0,41487.5,41826.666666666664,41449.166666666664,107605
2012-04-05,39750.0,39950.0,38800.0,39300.0,39770.0,41307.5,41812.5,41389.166666666664,65796
2012-04-06,39200.0,39250.0,38550.0,39000.0,39680.0,41105.0,41795.833333333336,41332.5,69528
2012-04-09,38950.0,38950.0,37000.0,37000.0,39180.0,40805.0,41745.833333333336,41273.333333333336,170875
2012-04-10,37350.0,37350.0,36050.0,36900.0,38360.0,40495.0,41689.166666666664,41212.916666666664,214194
2012-04-12,36350.0,36750.0,36150.0,36750.0,37790.0,40170.0,41633.333333333336,41164.583333333336,118780
2012-04-13,36950.0,38250.0,36900.0,37850.0,37500.0,39917.5,41597.5,41125.0,181844
2012-04-16,37650.0,38300.0,37000.0,37800.0,37260.0,39700.0,41557.5,41089.166666666664,69990
2012-04-17,38200.0,38200.0,37600.0,37750.0,37410.0,39487.5,41517.5,41060.0,84757
2012-04-18,37900.0,38250.0,37750.0,37750.0,37580.0,39272.5,41465.833333333336,41029.583333333336,69466
2012-04-19,37750.0,37950.0,37350.0,37350.0,37700.0,39032.5,41403.333333333336,40987.083333333336,76989
2012-04-20,37700.0,37900.0,37150.0,37900.0,37710.0,38885.0,41343.333333333336,40944.166666666664,71045
2012-04-23,37050.0,39200.0,37050.0,38850.0,37920.0,38765.0,41290.833333333336,40918.333333333336,164175
2012-04-24,39000.0,39000.0,38000.0,38850.0,38140.0,38645.0,41230.0,40884.583333333336,129928
2012-04-25,38950.0,39100.0,37450.0,38200.0,38230.0,38512.5,41159.166666666664,40859.583333333336,168936
2012-04-26,37800.0,38650.0,37050.0,37150.0,38190.0,38370.0,41055.0,40832.5,114760
2012-04-27,37200.0,37200.0,36250.0,36450.0,37900.0,38220.0,40925.833333333336,40798.333333333336,115478
2012-04-30,36800.0,36800.0,34650.0,34700.0,37070.0,37982.5,40761.666666666664,40744.583333333336,164837
2012-05-02,35500.0,35500.0,34500.0,35250.0,36350.0,37770.0,40615.833333333336,40696.666666666664,166449
2012-05-03,34900.0,35600.0,34900.0,35300.0,35770.0,37485.0,40469.166666666664,40641.25,86845
2012-05-04,35700.0,37200.0,35600.0,36800.0,35700.0,37345.0,40353.333333333336,40609.583333333336,213194
2012-05-07,36750.0,36750.0,35900.0,35900.0,35590.0,37175.0,40241.666666666664,40565.416666666664,119546
2012-05-08,36100.0,36550.0,35900.0,36100.0,35870.0,37030.0,40136.666666666664,40516.25,92756
2012-05-09,36250.0,36750.0,36200.0,36550.0,36130.0,37007.5,40045.833333333336,40474.166666666664,80278
2012-05-10,36100.0,37350.0,36100.0,36550.0,36380.0,36990.0,39955.0,40432.916666666664,91806
2012-05-11,36600.0,36900.0,35950.0,36000.0,36220.0,36952.5,39857.5,40387.5,112287
2012-05-14,35650.0,35650.0,34850.0,34850.0,36010.0,36802.5,39738.333333333336,40339.166666666664,207404
2012-05-15,35000.0,35350.0,34250.0,34400.0,35670.0,36632.5,39611.666666666664,40291.25,142828
2012-05-16,34300.0,34550.0,33600.0,33950.0,35150.0,36442.5,39485.0,40240.0,128768
2012-05-17,33700.0,34200.0,33500.0,33500.0,34540.0,36230.0,39342.5,40188.333333333336,146926
2012-05-18,32650.0,33500.0,32150.0,32850.0,33910.0,36005.0,39187.5,40127.5,147602
2012-05-21,32400.0,32800.0,31650.0,32050.0,33350.0,35712.5,39022.5,40061.25,114046
2012-05-22,32200.0,32350.0,31450.0,32100.0,32890.0,35375.0,38857.5,39991.25,148408
2012-05-23,31700.0,32100.0,30900.0,31350.0,32370.0,35000.0,38680.0,39909.583333333336,148460
2012-05-24,31150.0,31900.0,31100.0,31550.0,31980.0,34667.5,38505.833333333336,39834.166666666664,73281
2012-05-25,31600.0,31900.0,31400.0,31900.0,31790.0,34405.0,38337.5,39758.75,77560
2012-05-29,31900.0,33200.0,31900.0,32800.0,31940.0,34222.5,38178.333333333336,39678.75,105309
2012-05-30,32800.0,33100.0,32250.0,33000.0,32120.0,34137.5,38013.333333333336,39595.416666666664,90393
2012-05-31,32750.0,33200.0,31950.0,33200.0,32490.0,34035.0,37851.666666666664,39514.166666666664,120794
2012-06-01,32600.0,33650.0,32550.0,33650.0,32910.0,33952.5,37696.666666666664,39436.666666666664,73916
2012-06-04,32500.0,33450.0,32150.0,33450.0,33220.0,33785.0,37539.166666666664,39357.916666666664,94264
2012-06-05,33650.0,33650.0,32100.0,32100.0,33080.0,33595.0,37359.166666666664,39276.666666666664,135902
2012-06-07,32350.0,32450.0,31650.0,31900.0,32860.0,33385.0,37173.333333333336,39195.0,274350
2012-06-08,31700.0,31900.0,31000.0,31000.0,32420.0,33107.5,36973.333333333336,39126.25,152449
2012-06-11,31300.0,31550.0,30900.0,31250.0,31940.0,32842.5,36775.833333333336,39061.666666666664,154381
2012-06-12,30850.0,30950.0,30550.0,30700.0,31390.0,32577.5,36566.666666666664,38994.166666666664,90768
2012-06-13,30900.0,31400.0,30700.0,31300.0,31230.0,32400.0,36373.333333333336,38927.083333333336,336844
2012-06-14,31250.0,32300.0,30750.0,32300.0,31310.0,32295.0,36209.166666666664,38873.333333333336,398187
2012-06-15,31800.0,32100.0,31250.0,31550.0,31420.0,32175.0,36035.0,38812.5,190701
2012-06-18,32000.0,32450.0,31900.0,32450.0,31660.0,32122.5,35875.0,38755.416666666664,219377
2012-06-19,32400.0,33250.0,32200.0,32950.0,32110.0,32127.5,35721.666666666664,38704.166666666664,197910
2012-06-20,32950.0,33150.0,32500.0,32800.0,32410.0,32165.0,35587.5,38650.833333333336,132622
2012-06-21,32500.0,32750.0,31800.0,32200.0,32390.0,32170.0,35436.666666666664,38591.25,214189
2012-06-22,31300.0,31500.0,31050.0,31250.0,32330.0,32165.0,35270.0,38522.5,126298
2012-06-25,31150.0,31800.0,30700.0,31500.0,32140.0,32162.5,35114.166666666664,38459.166666666664,137736
2012-06-26,31200.0,31500.0,30700.0,30750.0,31700.0,32105.0,34960.0,38391.25,135681
2012-06-27,30750.0,30850.0,30050.0,30150.0,31170.0,31972.5,34805.0,38317.5,219804
2012-06-28,30200.0,30850.0,30100.0,30150.0,30760.0,31830.0,34650.0,38237.916666666664,199363
2012-06-29,30150.0,31900.0,29600.0,31900.0,30890.0,31765.0,34523.333333333336,38170.416666666664,401457
2012-07-02,31600.0,32000.0,31350.0,32000.0,30990.0,31682.5,34373.333333333336,38103.75,137266
2012-07-03,32000.0,33100.0,32000.0,33100.0,31460.0,31665.0,34265.0,38045.833333333336,262256
2012-07-04,32900.0,36600.0,32650.0,35250.0,32480.0,31822.5,34197.5,38005.0,567784
2012-07-05,35100.0,35700.0,34550.0,34800.0,33410.0,31967.5,34127.5,37961.666666666664,168054
2012-07-06,35000.0,36400.0,35000.0,35700.0,34170.0,32202.5,34105.833333333336,37925.833333333336,253884
2012-07-09,35000.0,35650.0,34650.0,34700.0,34710.0,32375.0,34069.166666666664,37879.166666666664,113414
2012-07-10,34400.0,34650.0,33350.0,33550.0,34800.0,32517.5,34015.833333333336,37824.583333333336,151310
2012-07-11,33650.0,34400.0,32900.0,34100.0,34570.0,32657.5,33953.333333333336,37775.416666666664,86092
2012-07-12,34500.0,34600.0,33900.0,34500.0,34510.0,32767.5,33898.333333333336,37727.916666666664,210911
2012-07-13,34650.0,34650.0,33500.0,33500.0,34070.0,32865.0,33827.5,37672.5,149327
2012-07-16,33500.0,34350.0,33100.0,34250.0,33980.0,32955.0,33769.166666666664,37617.5,93301
2012-07-17,34000.0,34250.0,33350.0,33500.0,33970.0,32982.5,33705.0,37554.166666666664,117626
2012-07-18,33250.0,33650.0,32600.0,33400.0,33830.0,33012.5,33630.0,37486.666666666664,92176
2012-07-19,34100.0,34100.0,33400.0,33400.0,33610.0,33072.5,33539.166666666664,37415.0,74655
2012-07-20,33250.0,34150.0,33250.0,34100.0,33730.0,33215.0,33460.0,37345.0,80467
2012-07-23,33800.0,34200.0,33700.0,34050.0,33690.0,33342.5,33390.833333333336,37275.0,85432
2012-07-24,33550.0,34600.0,33500.0,34300.0,33850.0,33520.0,33343.333333333336,37199.166666666664,125225
2012-07-25,33750.0,34100.0,32500.0,32500.0,33670.0,33637.5,33277.5,37101.666666666664,213931
2012-07-26,32500.0,32550.0,31300.0,31550.0,33300.0,33707.5,33225.0,36993.333333333336,139166
2012-07-27,32500.0,33150.0,32000.0,33150.0,33110.0,33770.0,33190.0,36902.916666666664,132639
2012-07-30,32850.0,33700.0,32500.0,32800.0,32860.0,33810.0,33148.333333333336,36808.75,58676
2012-07-31,32800.0,34150.0,32200.0,33450.0,32690.0,33827.5,33092.5,36722.916666666664,148013
2012-08-01,33400.0,34150.0,32950.0,34050.0,33000.0,33767.5,33061.666666666664,36651.666666666664,149262
2012-08-02,34050.0,34050.0,33400.0,33850.0,33460.0,33720.0,33024.166666666664,36580.416666666664,103614
2012-08-03,33750.0,33750.0,33300.0,33650.0,33560.0,33617.5,32975.833333333336,36510.833333333336,43968
2012-08-06,34000.0,34200.0,33400.0,33750.0,33750.0,33570.0,32929.166666666664,36442.083333333336,59646
2012-08-07,33600.0,34000.0,33600.0,34000.0,33860.0,33592.5,32895.833333333336,36376.666666666664,75885
2012-08-08,33750.0,34500.0,33700.0,34300.0,33910.0,33602.5,32886.666666666664,36312.5,344061
2012-08-09,34400.0,34500.0,34050.0,34300.0,34000.0,33592.5,32885.0,36248.333333333336,252439
2012-08-10,34300.0,34850.0,34050.0,34850.0,34240.0,33660.0,32900.0,36192.5,135581
2012-08-13,34850.0,35300.0,34350.0,35200.0,34530.0,33707.5,32928.333333333336,36135.416666666664,166913
2012-08-14,35300.0,35500.0,34800.0,35200.0,34770.0,33792.5,32967.5,36077.5,109161
2012-08-16,34900.0,35600.0,34900.0,35550.0,35020.0,33900.0,33025.833333333336,36024.166666666664,117294
2012-08-17,35650.0,36000.0,35300.0,35600.0,35280.0,34010.0,33084.166666666664,35970.833333333336,109226
2012-08-20,35850.0,35950.0,35150.0,35150.0,35340.0,34062.5,33147.5,35913.75,89203
2012-08-21,35600.0,35800.0,35000.0,35000.0,35300.0,34110.0,33205.0,35855.416666666664,73702
2012-08-22,35100.0,35300.0,34450.0,35150.0,35290.0,34152.5,33259.166666666664,35798.333333333336,69331
2012-08-23,35350.0,35350.0,34850.0,35200.0,35220.0,34287.5,33299.166666666664,35738.75,59182
2012-08-24,35200.0,35200.0,34300.0,34500.0,35000.0,34435.0,33324.166666666664,35668.75,104519
2012-08-27,34750.0,35450.0,34500.0,35000.0,34970.0,34527.5,33354.166666666664,35602.916666666664,102838
2012-08-28,34550.0,35100.0,33850.0,33850.0,34740.0,34580.0,33357.5,35527.083333333336,115611
2012-08-29,33900.0,34700.0,33750.0,34650.0,34640.0,34640.0,33377.5,35458.333333333336,119214
2012-08-30,34400.0,35250.0,33950.0,35150.0,34630.0,34695.0,33428.333333333336,35393.75,106412
2012-08-31,34600.0,35950.0,34600.0,35950.0,34920.0,34800.0,33495.833333333336,35334.583333333336,152523
2012-09-03,38000.0,41250.0,37900.0,41200.0,36160.0,35177.5,33665.833333333336,35319.583333333336,856517
2012-09-04,41200.0,43200.0,40050.0,40850.0,37560.0,35532.5,33825.833333333336,35300.833333333336,360632
2012-09-05,41000.0,42600.0,40200.0,42450.0,39120.0,35955.0,34021.666666666664,35294.166666666664,482601
2012-09-06,42450.0,43350.0,41800.0,42750.0,40640.0,36377.5,34212.5,35292.916666666664,197592
2012-09-07,42850.0,43350.0,41250.0,41550.0,41760.0,36740.0,34366.666666666664,35287.916666666664,381125
2012-09-10,41500.0,41500.0,40700.0,40850.0,41690.0,37040.0,34521.666666666664,35278.333333333336,215199
2012-09-11,40850.0,40950.0,40300.0,40400.0,41600.0,37300.0,34654.166666666664,35264.583333333336,186610
2012-09-12,40550.0,40850.0,40050.0,40350.0,41180.0,37557.5,34777.5,35249.583333333336,239181
2012-09-13,40350.0,40550.0,39000.0,39300.0,40490.0,37745.0,34885.833333333336,35236.666666666664,328298
2012-09-14,39850.0,40500.0,39800.0,40400.0,40260.0,37985.0,35022.5,35229.583333333336,350444
2012-09-17,40400.0,40600.0,39700.0,39750.0,40040.0,38215.0,35164.166666666664,35217.083333333336,235456
2012-09-18,39750.0,40150.0,39700.0,40000.0,39960.0,38465.0,35305.833333333336,35210.0,151725
2012-09-19,40300.0,41850.0,39800.0,41600.0,40210.0,38787.5,35486.666666666664,35223.333333333336,190934
2012-09-20,41400.0,41900.0,40700.0,41250.0,40600.0,39090.0,35671.666666666664,35238.333333333336,171462
2012-09-21,41500.0,42350.0,41300.0,42250.0,40970.0,39477.5,35873.333333333336,35261.666666666664,203500
2012-09-24,42250.0,42250.0,41500.0,41800.0,41380.0,39817.5,36038.333333333336,35280.833333333336,112319
2012-09-25,41800.0,41850.0,40350.0,40850.0,41550.0,40167.5,36185.833333333336,35279.583333333336,132572
2012-09-26,40850.0,40850.0,40100.0,40350.0,41300.0,40452.5,36306.666666666664,35285.833333333336,157203
2012-09-27,40350.0,40850.0,39950.0,40100.0,41070.0,40700.0,36387.5,35292.5,71196
2012-09-28,40300.0,40800.0,39850.0,40050.0,40630.0,40905.0,36475.0,35301.25,163873
2012-10-02,40050.0,40600.0,39600.0,39900.0,40250.0,40840.0,36545.0,35325.416666666664,76574
2012-10-04,40250.0,41500.0,40000.0,40050.0,40090.0,40800.0,36634.166666666664,35351.666666666664,161215
2012-10-05,40200.0,41650.0,40200.0,41650.0,40350.0,40760.0,36769.166666666664,35392.5,124385
2012-10-08,41200.0,41650.0,40750.0,41600.0,40650.0,40702.5,36894.166666666664,35423.75,105680
2012-10-09,41600.0,41900.0,41100.0,41150.0,40870.0,40682.5,37005.0,35451.666666666664,130456
2012-10-10,41450.0,41450.0,40200.0,40750.0,41040.0,40677.5,37125.833333333336,35476.666666666664,100515
2012-10-11,40750.0,41100.0,40300.0,40600.0,41150.0,40687.5,37231.666666666664,35500.416666666664,124355
2012-10-12,40650.0,41950.0,40650.0,41950.0,41210.0,40767.5,37372.5,35538.75,118861
2012-10-15,41950.0,41950.0,41200.0,41500.0,41190.0,40877.5,37507.5,35568.75,156752
2012-10-16,41500.0,42100.0,40600.0,41950.0,41350.0,40955.0,37650.0,35594.583333333336,212663
2012-10-17,41550.0,42100.0,41350.0,41350.0,41470.0,41035.0,37770.833333333336,35615.416666666664,288678
2012-10-18,41600.0,42000.0,41250.0,41300.0,41610.0,41100.0,37891.666666666664,35641.25,210095
2012-10-19,41450.0,42400.0,41450.0,41500.0,41520.0,41095.0,38011.666666666664,35677.5,254356
2012-10-22,40900.0,42300.0,40900.0,41900.0,41600.0,41127.5,38168.333333333336,35722.916666666664,220474
2012-10-23,42000.0,42400.0,41700.0,41800.0,41570.0,41105.0,38339.166666666664,35782.083333333336,252037
2012-10-24,41800.0,42450.0,41500.0,42000.0,41700.0,41115.0,38486.666666666664,35838.333333333336,260169
2012-10-25,42000.0,42350.0,42000.0,42050.0,41850.0,41175.0,38640.833333333336,35894.583333333336,283173
2012-10-26,42100.0,42400.0,42000.0,42000.0,41950.0,41257.5,38783.333333333336,35937.916666666664,155940
2012-10-29,42050.0,42650.0,42050.0,42500.0,42070.0,41377.5,38924.166666666664,35992.916666666664,135923
2012-10-30,42800.0,42850.0,42300.0,42300.0,42170.0,41490.0,39065.0,36044.583333333336,73069
2012-10-31,42300.0,42600.0,42150.0,42200.0,42210.0,41605.0,39207.5,36091.666666666664,121959
2012-11-01,42200.0,42600.0,42050.0,42300.0,42260.0,41717.5,39350.0,36139.583333333336,230031
2012-11-02,42250.0,42550.0,42200.0,42200.0,42300.0,41745.0,39486.666666666664,36191.25,307575
2012-11-05,42500.0,42550.0,42250.0,42550.0,42310.0,41792.5,39624.166666666664,36255.416666666664,209051
2012-11-06,42350.0,42550.0,42350.0,42550.0,42360.0,41862.5,39761.666666666664,36323.333333333336,118950
2012-11-07,42350.0,42550.0,42300.0,42350.0,42390.0,41942.5,39886.666666666664,36393.333333333336,147283
2012-11-08,42350.0,42550.0,42350.0,42350.0,42400.0,42030.0,40005.833333333336,36467.083333333336,307782
2012-11-09,42350.0,42650.0,42350.0,42350.0,42430.0,42050.0,40125.0,36546.25,277785
2012-11-12,42350.0,42550.0,42350.0,42450.0,42410.0,42097.5,40240.0,36632.916666666664,307327
2012-11-13,42550.0,42550.0,42350.0,42550.0,42410.0,42127.5,40355.833333333336,36720.0,266966
2012-11-14,42400.0,42550.0,42350.0,42500.0,42440.0,42185.0,40478.333333333336,36812.916666666664,182348
2012-11-15,42500.0,42550.0,42350.0,42350.0,42440.0,42237.5,40600.833333333336,36902.916666666664,462070
2012-11-16,42350.0,42450.0,41600.0,41600.0,42290.0,42242.5,40708.333333333336,36983.75,312580
2012-11-19,41950.0,42050.0,41600.0,41850.0,42170.0,42240.0,40819.166666666664,37059.166666666664,109170
2012-11-20,41850.0,42050.0,41650.0,41650.0,41990.0,42232.5,40938.333333333336,37131.25,285117
2012-11-21,41650.0,41850.0,39800.0,41000.0,41690.0,42182.5,41038.333333333336,37196.25,713161
2012-11-22,41300.0,41300.0,38300.0,38300.0,40880.0,41995.0,41112.5,37235.0,393133
2012-11-23,37900.0,38000.0,36850.0,37550.0,40070.0,41772.5,41160.833333333336,37269.166666666664,196641
2012-11-26,37950.0,38050.0,37600.0,37800.0,39260.0,41537.5,41205.0,37316.666666666664,305682
2012-11-27,38300.0,39200.0,37850.0,39000.0,38730.0,41372.5,41255.833333333336,37375.833333333336,179745
2012-11-28,39350.0,39400.0,37200.0,37850.0,38100.0,41155.0,41200.0,37432.916666666664,469626
2012-11-29,38000.0,38100.0,37300.0,37900.0,38020.0,40935.0,41150.833333333336,37488.333333333336,73198
2012-11-30,37650.0,38300.0,36350.0,36350.0,37780.0,40642.5,41049.166666666664,37535.416666666664,190267
2012-12-03,35950.0,36150.0,35700.0,36000.0,37420.0,40315.0,40936.666666666664,37574.583333333336,105043
2012-12-04,36050.0,36200.0,34850.0,35200.0,36660.0,39947.5,40830.833333333336,37598.75,177555
2012-12-05,35150.0,35250.0,34600.0,34700.0,36030.0,39565.0,40728.333333333336,37625.0,146321
2012-12-06,34600.0,35150.0,34550.0,34650.0,35380.0,39180.0,40632.5,37643.333333333336,102269
2012-12-07,34700.0,35050.0,34700.0,34700.0,35050.0,38797.5,40538.333333333336,37657.916666666664,119934
2012-12-10,34700.0,35500.0,34650.0,35100.0,34870.0,38430.0,40468.333333333336,37677.083333333336,182231
2012-12-11,35350.0,36200.0,35150.0,36150.0,35060.0,38110.0,40397.5,37710.0,120177
2012-12-12,36150.0,36750.0,35900.0,36250.0,35370.0,37797.5,40339.166666666664,37751.666666666664,158855
2012-12-13,35950.0,38000.0,35900.0,38000.0,36040.0,37580.0,40305.833333333336,37805.833333333336,233516
2012-12-14,37350.0,37700.0,37150.0,37550.0,36610.0,37377.5,40238.333333333336,37862.5,91199
2012-12-17,38100.0,38100.0,36750.0,36750.0,36940.0,37122.5,40163.333333333336,37917.5,94217
2012-12-18,37150.0,37950.0,36650.0,37650.0,37240.0,36922.5,40086.666666666664,37980.0,76628
2012-12-20,38000.0,38250.0,37200.0,37550.0,37500.0,36750.0,40015.833333333336,38027.083333333336,89573
2012-12-21,37950.0,38450.0,37150.0,37350.0,37370.0,36702.5,39957.5,38071.666666666664,136846
2012-12-24,37700.0,38100.0,36900.0,37250.0,37310.0,36687.5,39905.833333333336,38106.25,68302
2012-12-26,37600.0,37600.0,36800.0,37100.0,37380.0,36652.5,39855.833333333336,38121.666666666664,76448
2012-12-27,36500.0,36750.0,36300.0,36350.0,37120.0,36520.0,39794.166666666664,38134.583333333336,71978
2012-12-28,37100.0,37950.0,36500.0,36500.0,36910.0,36452.5,39737.5,38141.25,120489
2013-01-02,36850.0,37500.0,36550.0,36550.0,36750.0,36385.0,39679.166666666664,38156.666666666664,74760
2013-01-03,36800.0,37650.0,36750.0,37400.0,36780.0,36437.5,39608.333333333336,38188.75,101849
2013-01-04,37850.0,38000.0,36750.0,37800.0,36920.0,36527.5,39545.0,38219.583333333336,127009
2013-01-07,37450.0,37800.0,37300.0,37550.0,37160.0,36645.0,39485.0,38245.0,55782
2013-01-08,37800.0,37800.0,37050.0,37200.0,37300.0,36770.0,39425.833333333336,38275.833333333336,47456
2013-01-09,37050.0,37500.0,36950.0,37500.0,37490.0,36912.5,39374.166666666664,38302.916666666664,57024
2013-01-10,37200.0,37700.0,36800.0,37500.0,37510.0,37052.5,39300.0,38336.25,76860
2013-01-11,37250.0,37450.0,36400.0,36400.0,37230.0,37117.5,39215.0,38361.25,91235
2013-01-14,36100.0,37100.0,36000.0,37100.0,37140.0,37165.0,39134.166666666664,38392.083333333336,41944
2013-01-15,36650.0,37300.0,36550.0,36550.0,37010.0,37180.0,39054.166666666664,38412.5,78196
2013-01-16,36650.0,37700.0,35600.0,36000.0,36710.0,37080.0,38965.833333333336,38428.75,147007
2013-01-17,36400.0,37250.0,36050.0,37150.0,36640.0,37060.0,38893.333333333336,38452.5,79011
2013-01-18,37150.0,37200.0,36550.0,37000.0,36760.0,37072.5,38811.666666666664,38490.0,92209
2013-01-21,37000.0,37850.0,36750.0,37700.0,36880.0,37075.0,38743.333333333336,38541.25,54328
2013-01-22,37950.0,37950.0,37250.0,37650.0,37100.0,37080.0,38670.833333333336,38578.75,35601
2013-01-23,37300.0,37600.0,36350.0,36350.0,37170.0,37030.0,38575.833333333336,38608.333333333336,64228
2013-01-24,36200.0,37100.0,36200.0,36750.0,37090.0,37005.0,38488.333333333336,38635.833333333336,57477
2013-01-25,36750.0,36900.0,36250.0,36500.0,36990.0,36975.0,38388.333333333336,38656.25,52357
2013-01-28,36850.0,37200.0,36300.0,36900.0,36830.0,37002.5,38298.333333333336,38681.666666666664,39872
2013-01-29,36800.0,37500.0,36800.0,37050.0,36710.0,37030.0,38212.5,38710.0,66539
2013-01-30,37300.0,37600.0,36700.0,37150.0,36870.0,37060.0,38126.666666666664,38738.333333333336,120313
2013-01-31,37150.0,37400.0,35800.0,35800.0,36680.0,36980.0,38020.0,38753.333333333336,113701
2013-02-01,35600.0,36300.0,35600.0,35650.0,36510.0,36872.5,37905.0,38764.583333333336,62472
2013-02-04,35800.0,36750.0,35650.0,36400.0,36410.0,36815.0,37802.5,38782.083333333336,134647
2013-02-05,35950.0,36350.0,35200.0,35300.0,36060.0,36720.0,37685.0,38785.833333333336,66038
2013-02-06,35800.0,36800.0,35250.0,36800.0,35990.0,36685.0,37592.5,38799.166666666664,157468
2013-02-07,36500.0,37350.0,36500.0,37100.0,36250.0,36665.0,37505.0,38815.0,101327
2013-02-08,37100.0,37600.0,36550.0,36600.0,36440.0,36675.0,37407.5,38823.75,113510
2013-02-12,36300.0,37200.0,36300.0,37000.0,36560.0,36670.0,37315.0,38835.416666666664,65257
2013-02-13,37200.0,37600.0,36650.0,37600.0,37020.0,36722.5,37233.333333333336,38855.833333333336,64534
2013-02-14,37200.0,37550.0,36900.0,37550.0,37170.0,36800.0,37153.333333333336,38877.083333333336,61658
2013-02-15,37300.0,38100.0,37300.0,38050.0,37360.0,36845.0,37094.166666666664,38901.25,72819
2013-02-18,38250.0,38450.0,37750.0,38400.0,37720.0,36915.0,37036.666666666664,38927.916666666664,63113
2013-02-19,37850.0,38600.0,37600.0,38550.0,38030.0,36957.5,36985.0,38961.666666666664,60510
2013-02-20,38600.0,39250.0,38300.0,39250.0,38360.0,37037.5,36955.833333333336,38997.083333333336,92732
2013-02-21,38600.0,39750.0,38600.0,39500.0,38750.0,37195.0,36975.833333333336,39044.166666666664,101302
2013-02-22,39500.0,40400.0,39250.0,40400.0,39220.0,37377.5,37023.333333333336,39092.083333333336,124452
2013-02-25,39950.0,40200.0,39100.0,39100.0,39360.0,37507.5,37045.0,39125.0,68660
2013-02-26,39050.0,39500.0,38200.0,38300.0,39310.0,37577.5,37033.333333333336,39144.583333333336,102281
2013-02-27,38600.0,39200.0,37900.0,38250.0,39110.0,37637.5,37040.0,39120.0,77999
2013-02-28,38500.0,39200.0,38400.0,38950.0,39000.0,37727.5,37057.5,39104.166666666664,95985
2013-03-04,38550.0,39350.0,38100.0,38300.0,38580.0,37852.5,37090.0,39069.583333333336,84926
2013-03-05,38300.0,38950.0,38100.0,38850.0,38530.0,38012.5,37137.5,39037.083333333336,72658
2013-03-06,39400.0,39550.0,39050.0,39450.0,38760.0,38165.0,37208.333333333336,39019.583333333336,59575
2013-03-07,38900.0,40250.0,38900.0,40250.0,39160.0,38412.5,37300.833333333336,39014.583333333336,107557
2013-03-08,40250.0,40850.0,40050.0,40600.0,39490.0,38602.5,37400.0,39016.25,78772
2013-03-11,40400.0,41000.0,39900.0,41000.0,40030.0,38797.5,37505.0,39021.666666666664,140711
2013-03-12,41400.0,41400.0,40600.0,40800.0,40420.0,39007.5,37600.0,39034.166666666664,208249
2013-03-13,40500.0,40800.0,39500.0,40450.0,40620.0,39180.0,37671.666666666664,39034.583333333336,106234
2013-03-14,40650.0,40650.0,39050.0,39500.0,40470.0,39275.0,37725.833333333336,39032.5,209359
2013-03-15,39950.0,40700.0,39450.0,39650.0,40280.0,39380.0,37753.333333333336,39029.583333333336,169827
2013-03-18,39250.0,39650.0,38500.0,38550.0,39790.0,39405.0,37770.0,39004.166666666664,104292
2013-03-19,38950.0,39750.0,38800.0,39750.0,39580.0,39472.5,37820.0,38991.666666666664,67202
2013-03-20,39750.0,39750.0,39000.0,39450.0,39380.0,39517.5,37850.0,38968.333333333336,60681
2013-03-21,39300.0,40900.0,39100.0,39300.0,39340.0,39520.0,37879.166666666664,38947.5,63370
2013-03-22,39500.0,39800.0,39100.0,39300.0,39270.0,39510.0,37911.666666666664,38934.583333333336,78416
2013-03-25,39450.0,40200.0,39300.0,39700.0,39500.0,39475.0,37952.5,38929.166666666664,46621
2013-03-26,39500.0,40150.0,39250.0,39250.0,39400.0,39482.5,37988.333333333336,38922.083333333336,75130
2013-03-27,39100.0,39250.0,38550.0,38700.0,39250.0,39502.5,38027.5,38910.833333333336,89319
2013-03-28,38600.0,39150.0,37600.0,38100.0,39010.0,39495.0,38054.166666666664,38895.833333333336,216812
2013-03-29,38200.0,39600.0,38100.0,39550.0,39060.0,39525.0,38104.166666666664,38891.666666666664,82508
2013-04-01,39400.0,39400.0,38350.0,38600.0,38840.0,39540.0,38124.166666666664,38866.25,40589
2013-04-02,38600.0,40350.0,38400.0,39800.0,38950.0,39587.5,38157.5,38851.25,126720
2013-04-03,40000.0,40050.0,38550.0,38900.0,38990.0,39560.0,38180.0,38832.5,59352
2013-04-04,38900.0,39800.0,38300.0,39700.0,39310.0,39532.5,38221.666666666664,38823.75,70877
2013-04-05,40400.0,40400.0,38650.0,39450.0,39290.0,39475.0,38254.166666666664,38814.166666666664,145854
2013-04-08,39900.0,40400.0,38650.0,39050.0,39380.0,39377.5,38280.0,38790.0,82452
2013-04-09,39300.0,40250.0,39050.0,39300.0,39280.0,39302.5,38328.333333333336,38771.666666666664,98429
2013-04-10,39150.0,40500.0,39150.0,40000.0,39500.0,39280.0,38376.666666666664,38755.416666666664,83984
2013-04-11,40500.0,41000.0,40050.0,40950.0,39750.0,39352.5,38450.0,38752.083333333336,63159
2013-04-12,40800.0,41200.0,40200.0,41050.0,40070.0,39422.5,38534.166666666664,38750.0,133576
2013-04-15,40650.0,41250.0,40050.0,40800.0,40420.0,39535.0,38595.0,38744.166666666664,52912
2013-04-16,40600.0,42000.0,40300.0,40700.0,40700.0,39582.5,38656.666666666664,38734.166666666664,141697
2013-04-17,40850.0,42000.0,40500.0,41000.0,40900.0,39660.0,38711.666666666664,38727.5,106321
2013-04-18,40650.0,42300.0,40650.0,41150.0,40940.0,39752.5,38770.0,38720.416666666664,95762
2013-04-19,41150.0,41650.0,40350.0,40800.0,40890.0,39827.5,38844.166666666664,38710.0,52278
2013-04-22,40100.0,41750.0,40000.0,41750.0,41080.0,39930.0,38927.5,38707.916666666664,71264
2013-04-23,41300.0,41750.0,40900.0,41750.0,41290.0,40055.0,39015.0,38701.666666666664,41989
2013-04-24,41750.0,42550.0,41400.0,42350.0,41560.0,40237.5,39105.833333333336,38702.083333333336,120359
2013-04-25,42750.0,42900.0,41750.0,41800.0,41690.0,40422.5,39185.0,38698.75,57089
2013-04-26,41500.0,42350.0,40950.0,41300.0,41790.0,40510.0,39254.166666666664,38690.416666666664,66220
2013-04-29,41500.0,41500.0,41000.0,41300.0,41700.0,40645.0,39345.833333333336,38682.916666666664,57811
2013-04-30,41200.0,42450.0,41050.0,42250.0,41800.0,40767.5,39455.833333333336,38680.416666666664,135965
2013-05-02,41600.0,42600.0,41600.0,42250.0,41780.0,40935.0,39553.333333333336,38677.916666666664,75880
2013-05-03,42250.0,42600.0,41400.0,41850.0,41790.0,41042.5,39662.5,38673.75,31852
2013-05-06,42100.0,42500.0,41100.0,41300.0,41790.0,41135.0,39737.5,38665.0,61384
2013-05-07,41050.0,41500.0,40700.0,40900.0,41710.0,41227.5,39800.833333333336,38652.916666666664,48030
2013-05-08,40900.0,42250.0,40600.0,42000.0,41660.0,41362.5,39890.833333333336,38649.166666666664,98085
2013-05-09,42250.0,42450.0,41350.0,42050.0,41620.0,41465.0,39975.0,38645.0,113542
2013-05-10,41950.0,41950.0,41250.0,41500.0,41550.0,41492.5,40040.0,38636.666666666664,77163
2013-05-13,41500.0,42300.0,41500.0,42200.0,41730.0,41550.0,40117.5,38635.416666666664,45051
2013-05-14,42400.0,42400.0,41550.0,41950.0,41940.0,41607.5,40182.5,38638.333333333336,77322
2013-05-15,42000.0,42000.0,41200.0,42000.0,41940.0,41672.5,40242.5,38639.583333333336,48089
2013-05-16,41600.0,41900.0,40200.0,41000.0,41730.0,41672.5,40283.333333333336,38634.166666666664,174215
2013-05-20,41000.0,41000.0,40250.0,41000.0,41630.0,41665.0,40312.5,38634.166666666664,105172
2013-05-21,40550.0,41000.0,40200.0,40450.0,41280.0,41647.5,40328.333333333336,38652.083333333336,80155
2013-05-22,40200.0,40400.0,39750.0,39950.0,40880.0,41557.5,40320.833333333336,38672.083333333336,103569
2013-05-23,39750.0,40050.0,39200.0,39850.0,40450.0,41462.5,40333.333333333336,38689.166666666664,91778
2013-05-24,40000.0,40000.0,39200.0,39200.0,40090.0,41305.0,40348.333333333336,38690.833333333336,64431
2013-05-27,39150.0,39550.0,39100.0,39450.0,39780.0,41187.5,40368.333333333336,38704.166666666664,39600
2013-05-28,39600.0,39700.0,39200.0,39300.0,39550.0,41087.5,40374.166666666664,38715.833333333336,121150
2013-05-29,39650.0,39900.0,39300.0,39350.0,39430.0,40990.0,40391.666666666664,38740.833333333336,67237
2013-05-30,39400.0,39700.0,38500.0,38500.0,39160.0,40802.5,40385.833333333336,38761.666666666664,76933
2013-05-31,38500.0,39100.0,37050.0,37550.0,38830.0,40567.5,40354.166666666664,38781.25,432127
2013-06-03,37800.0,38400.0,37500.0,37500.0,38440.0,40350.0,40308.333333333336,38804.583333333336,163279
2013-06-04,37750.0,38600.0,37500.0,37500.0,38080.0,40160.0,40256.666666666664,38828.333333333336,132794
2013-06-05,37800.0,38450.0,37050.0,37050.0,37620.0,39967.5,40190.833333333336,38847.916666666664,120873
2013-06-07,36900.0,37900.0,35650.0,35650.0,37050.0,39650.0,40105.0,38852.5,150582
2013-06-10,35900.0,38350.0,35900.0,36500.0,36840.0,39372.5,40039.166666666664,38855.416666666664,167328
2013-06-11,36800.0,38150.0,36500.0,37700.0,36880.0,39182.5,40009.166666666664,38867.5,130835
2013-06-12,37200.0,37950.0,37200.0,37500.0,36880.0,38947.5,39973.333333333336,38863.333333333336,67893
2013-06-13,37200.0,37500.0,36800.0,36900.0,36850.0,38695.0,39945.833333333336,38857.916666666664,205203
2013-06-14,37000.0,37850.0,37000.0,37400.0,37200.0,38465.0,39906.666666666664,38863.333333333336,56697
2013-06-17,37800.0,38150.0,37250.0,37450.0,37390.0,38287.5,39873.333333333336,38861.666666666664,68531
2013-06-18,37500.0,37950.0,37450.0,37500.0,37350.0,38112.5,39843.333333333336,38861.25,58778
2013-06-19,37900.0,38100.0,37000.0,37900.0,37430.0,37985.0,39820.0,38865.833333333336,86049
2013-06-20,37900.0,37900.0,37200.0,37650.0,37580.0,37870.0,39785.833333333336,38869.166666666664,67246
2013-06-21,36500.0,38400.0,36400.0,37400.0,37580.0,37747.5,39755.0,38871.666666666664,203994
2013-06-24,37000.0,37650.0,36700.0,36750.0,37440.0,37625.0,39722.5,38875.0,87768
2013-06-25,37000.0,37300.0,35600.0,35600.0,37060.0,37432.5,39680.833333333336,38867.5,146582
2013-06-26,35800.0,37450.0,35750.0,36550.0,36790.0,37295.0,39630.833333333336,38867.5,112588
2013-06-27,37200.0,37200.0,36550.0,37000.0,36660.0,37177.5,39604.166666666664,38864.166666666664,108755
2013-06-28,36700.0,38900.0,36700.0,38900.0,36960.0,37197.5,39589.166666666664,38873.333333333336,167524
2013-07-01,40900.0,41300.0,37650.0,38500.0,37310.0,37245.0,39582.5,38881.25,236607
2013-07-02,38100.0,38900.0,37950.0,38700.0,37930.0,37305.0,39565.833333333336,38893.75,143400
2013-07-03,38250.0,38900.0,37450.0,38200.0,38260.0,37340.0,39545.0,38899.583333333336,172352
2013-07-04,37850.0,38250.0,37600.0,38050.0,38470.0,37390.0,39528.333333333336,38904.166666666664,113046
2013-07-05,38500.0,38500.0,37800.0,38000.0,38290.0,37507.5,39506.666666666664,38917.5,155358
2013-07-08,38000.0,38150.0,37600.0,38000.0,38190.0,37582.5,39473.333333333336,38925.0,53469
2013-07-09,38000.0,38050.0,37550.0,38000.0,38050.0,37597.5,39424.166666666664,38937.083333333336,58972
2013-07-10,38150.0,38150.0,37650.0,37700.0,37950.0,37607.5,39368.333333333336,38951.25,226547
2013-07-11,38200.0,38400.0,37600.0,38350.0,38010.0,37680.0,39327.5,38961.25,93682
2013-07-12,38100.0,38550.0,37650.0,38550.0,38120.0,37737.5,39291.666666666664,38974.166666666664,122387
2013-07-15,38550.0,38900.0,37950.0,38750.0,38270.0,37802.5,39254.166666666664,38982.916666666664,44552
2013-07-16,38550.0,39050.0,38250.0,38500.0,38370.0,37852.5,39210.0,38990.0,48295
2013-07-17,38500.0,39500.0,38500.0,39000.0,38630.0,37907.5,39180.0,39012.083333333336,55265
2013-07-18,38900.0,39500.0,38150.0,38500.0,38660.0,37950.0,39125.833333333336,39026.666666666664,65391
2013-07-19,38400.0,38700.0,38000.0,38300.0,38610.0,37995.0,39068.333333333336,39041.666666666664,101843
2013-07-22,38750.0,39150.0,38300.0,38500.0,38560.0,38082.5,39004.166666666664,39055.0,95441
2013-07-23,38650.0,39000.0,38350.0,38500.0,38560.0,38227.5,38949.166666666664,39067.083333333336,110607
2013-07-24,38650.0,38700.0,38250.0,38350.0,38430.0,38317.5,38900.0,39077.083333333336,44645
2013-07-25,38200.0,38350.0,38000.0,38050.0,38340.0,38370.0,38845.833333333336,39095.833333333336,106646
2013-07-26,38100.0,38650.0,38100.0,38450.0,38370.0,38347.5,38782.5,39119.166666666664,73387
2013-07-29,38300.0,38700.0,38150.0,38150.0,38300.0,38330.0,38714.166666666664,39133.75,57422
2013-07-30,38050.0,38600.0,38050.0,38150.0,38230.0,38302.5,38652.5,39157.5,52916
2013-07-31,38150.0,38400.0,37650.0,37750.0,38110.0,38280.0,38593.333333333336,39165.416666666664,144288
2013-08-01,37900.0,38600.0,37900.0,38300.0,38160.0,38292.5,38550.0,39175.416666666664,75573
2013-08-02,38300.0,38550.0,37950.0,38350.0,38140.0,38310.0,38489.166666666664,39190.0,116703
2013-08-05,38500.0,38500.0,38150.0,38350.0,38180.0,38327.5,38427.5,39201.25,67473
2013-08-06,38350.0,38350.0,37200.0,38200.0,38190.0,38337.5,38372.5,39206.25,83443
2013-08-07,38250.0,38400.0,37800.0,38000.0,38240.0,38352.5,38302.5,39210.0,101441
2013-08-08,38000.0,38200.0,37800.0,38000.0,38180.0,38335.0,38236.666666666664,39209.583333333336,47056
2013-08-09,37600.0,38000.0,37250.0,37650.0,38040.0,38290.0,38164.166666666664,39203.333333333336,55536
2013-08-12,37900.0,38250.0,37550.0,37900.0,37950.0,38247.5,38112.5,39197.916666666664,79595
2013-08-13,37650.0,38400.0,37650.0,38400.0,37990.0,38242.5,38069.166666666664,39190.833333333336,46193
2013-08-14,38100.0,38300.0,37600.0,37850.0,37960.0,38185.0,38025.833333333336,39177.083333333336,65298
2013-08-16,37200.0,38050.0,37050.0,37400.0,37840.0,38130.0,37983.333333333336,39152.083333333336,66561
2013-08-19,37300.0,37450.0,37150.0,37350.0,37780.0,38082.5,37941.666666666664,39137.5,52720
2013-08-20,37000.0,37100.0,36550.0,36650.0,37530.0,37990.0,37899.166666666664,39123.75,116661
2013-08-21,36800.0,36800.0,36100.0,36250.0,37100.0,37877.5,37845.833333333336,39107.083333333336,97516
2013-08-22,36100.0,36150.0,35150.0,35600.0,36650.0,37740.0,37784.166666666664,39079.166666666664,96602
2013-08-23,35600.0,35900.0,35250.0,35650.0,36300.0,37620.0,37722.5,39057.083333333336,89367
2013-08-26,35650.0,36650.0,35650.0,36250.0,36080.0,37510.0,37685.0,39035.416666666664,49523
2013-08-27,36050.0,36700.0,36050.0,36350.0,36020.0,37420.0,37665.0,39009.583333333336,44118
2013-08-28,35850.0,36600.0,35550.0,35750.0,35920.0,37300.0,37635.833333333336,38972.083333333336,60110
2013-08-29,36150.0,36800.0,35850.0,36600.0,36120.0,37242.5,37620.833333333336,38938.75,65240
2013-08-30,37000.0,37000.0,36200.0,36200.0,36230.0,37137.5,37606.666666666664,38898.75,156631
2013-09-02,36100.0,36550.0,35900.0,36350.0,36250.0,37037.5,37618.333333333336,38861.666666666664,95071
2013-09-03,36800.0,36800.0,36350.0,36650.0,36310.0,36952.5,37620.833333333336,38830.0,116301
2013-09-04,36850.0,39300.0,36700.0,39200.0,37000.0,37002.5,37645.833333333336,38827.5,253439
2013-09-05,39250.0,39800.0,38900.0,39150.0,37510.0,37060.0,37673.333333333336,38823.333333333336,231071
2013-09-06,39550.0,39550.0,38500.0,38800.0,38030.0,37100.0,37705.0,38825.416666666664,180289
2013-09-09,38650.0,39450.0,38650.0,39250.0,38610.0,37180.0,37735.833333333336,38821.25,217136
2013-09-10,39300.0,39750.0,39000.0,39500.0,39180.0,37260.0,37770.0,38821.666666666664,129539
2013-09-11,39500.0,40000.0,38700.0,39900.0,39320.0,37335.0,37810.0,38826.666666666664,200661
2013-09-12,39550.0,40250.0,39500.0,39950.0,39480.0,37440.0,37844.166666666664,38832.083333333336,150858
2013-09-13,39500.0,40000.0,38900.0,39000.0,39520.0,37520.0,37866.666666666664,38826.25,150239
2013-09-16,39100.0,39400.0,38750.0,39000.0,39470.0,37602.5,37893.333333333336,38824.166666666664,157755
2013-09-17,38600.0,39000.0,38050.0,38500.0,39270.0,37695.0,37922.5,38822.5,114190
2013-09-23,38600.0,40000.0,38550.0,39350.0,39160.0,37850.0,37985.0,38832.916666666664,148663
2013-09-24,39500.0,39950.0,39000.0,39250.0,39020.0,38032.5,38030.0,38830.416666666664,457865
2013-09-25,39300.0,39600.0,38500.0,39200.0,39060.0,38210.0,38066.666666666664,38835.416666666664,184461
2013-09-26,39150.0,39650.0,38950.0,39150.0,39090.0,38355.0,38070.833333333336,38830.0,178479
2013-09-27,39950.0,40150.0,39350.0,39900.0,39370.0,38532.5,38094.166666666664,38838.333333333336,218937
2013-09-30,39500.0,40050.0,39050.0,40000.0,39500.0,38745.0,38115.833333333336,38840.833333333336,216712
2013-10-01,39450.0,40700.0,39450.0,40700.0,39790.0,38950.0,38157.5,38851.25,137190
2013-10-02,40700.0,40700.0,40100.0,40400.0,40030.0,39160.0,38196.666666666664,38862.5,214672
2013-10-04,40000.0,41000.0,39700.0,40750.0,40350.0,39380.0,38242.5,38874.583333333336,235750
2013-10-07,40400.0,40500.0,40050.0,40300.0,40430.0,39562.5,38280.833333333336,38877.083333333336,74842
2013-10-08,40300.0,40500.0,39250.0,40300.0,40490.0,39617.5,38319.166666666664,38871.666666666664,116146
2013-10-10,40300.0,40500.0,39550.0,40150.0,40380.0,39667.5,38360.0,38864.166666666664,116472
2013-10-11,39950.0,40450.0,39800.0,39900.0,40280.0,39722.5,38385.833333333336,38856.666666666664,78622
2013-10-14,39750.0,40150.0,39550.0,39850.0,40100.0,39752.5,38407.5,38849.583333333336,52470
2013-10-15,40000.0,40350.0,38800.0,39400.0,39920.0,39747.5,38418.333333333336,38836.25,197031
2013-10-16,39450.0,39500.0,38800.0,39200.0,39700.0,39712.5,38430.0,38820.0,88933
2013-10-17,39450.0,39450.0,39050.0,39200.0,39510.0,39675.0,38433.333333333336,38806.666666666664,65095
2013-10-18,39200.0,39450.0,38850.0,39400.0,39410.0,39695.0,38448.333333333336,38787.083333333336,96464
2013-10-21,39100.0,39400.0,38850.0,39000.0,39240.0,39695.0,38460.0,38764.166666666664,67593
2013-10-22,39400.0,40350.0,39400.0,40000.0,39360.0,39770.0,38485.0,38744.583333333336,272031
2013-10-23,39850.0,40550.0,39800.0,40000.0,39520.0,39802.5,38510.0,38729.583333333336,180079
2013-10-24,40200.0,40200.0,39550.0,39700.0,39620.0,39825.0,38532.5,38716.25,80914
2013-10-25,39950.0,40200.0,38850.0,39450.0,39630.0,39837.5,38555.833333333336,38700.833333333336,128563
2013-10-28,39150.0,39450.0,38850.0,39200.0,39670.0,39840.0,38568.333333333336,38675.416666666664,60851
2013-10-29,38900.0,39200.0,38800.0,39100.0,39490.0,39800.0,38584.166666666664,38649.166666666664,118351
2013-10-30,38900.0,39200.0,38750.0,38850.0,39260.0,39742.5,38595.833333333336,38624.166666666664,145851
2013-10-31,38650.0,39350.0,38500.0,39300.0,39180.0,39672.5,38621.666666666664,38607.5,152306
2013-11-01,38900.0,39350.0,38900.0,39150.0,39120.0,39610.0,38635.833333333336,38592.916666666664,54975
2013-11-04,38900.0,39100.0,37800.0,38450.0,38970.0,39495.0,38637.5,38563.333333333336,139566
2013-11-05,37850.0,38750.0,37850.0,38450.0,38840.0,39402.5,38639.166666666664,38533.333333333336,48980
2013-11-06,38100.0,39050.0,38100.0,38900.0,38850.0,39332.5,38650.833333333336,38511.666666666664,83937
2013-11-07,38600.0,39100.0,37950.0,38500.0,38690.0,39250.0,38659.166666666664,38480.833333333336,126781
2013-11-08,38300.0,38650.0,38050.0,38300.0,38520.0,39170.0,38664.166666666664,38450.416666666664,67745
2013-11-11,38200.0,38500.0,37950.0,38000.0,38430.0,39077.5,38670.0,38417.083333333336,51965
2013-11-12,38050.0,38400.0,37950.0,38050.0,38350.0,39010.0,38672.5,38392.5,66354
2013-11-13,37850.0,38200.0,37250.0,37250.0,38020.0,38912.5,38653.333333333336,38361.25,49970
2013-11-14,37200.0,37800.0,37200.0,37350.0,37790.0,38820.0,38645.0,38335.416666666664,119565
2013-11-15,37650.0,37950.0,37350.0,37650.0,37660.0,38732.5,38649.166666666664,38316.25,83322
2013-11-18,37750.0,37800.0,37150.0,37150.0,37490.0,38640.0,38645.833333333336,38293.75,93644
2013-11-19,37350.0,37600.0,37100.0,37400.0,37360.0,38510.0,38658.333333333336,38278.75,84459
2013-11-20,37300.0,37600.0,36900.0,37300.0,37370.0,38375.0,38675.833333333336,38260.833333333336,172707
2013-11-21,37300.0,37300.0,36450.0,36600.0,37220.0,38220.0,38692.5,38238.333333333336,106413
2013-11-22,36850.0,37600.0,36600.0,37300.0,37150.0,38112.5,38720.0,38221.25,68173
2013-11-25,37300.0,38600.0,37300.0,38250.0,37370.0,38065.0,38753.333333333336,38219.166666666664,225048
2013-11-26,38000.0,38200.0,37600.0,37950.0,37480.0,38007.5,38780.0,38222.5,160729
2013-11-27,37950.0,38450.0,37800.0,38150.0,37650.0,37972.5,38820.0,38227.916666666664,99326
2013-11-28,38600.0,38600.0,38000.0,38050.0,37940.0,37910.0,38844.166666666664,38232.5,70670
2013-11-29,38100.0,38400.0,37600.0,38100.0,38100.0,37857.5,38875.833333333336,38241.25,130500
2013-12-02,38000.0,38100.0,37050.0,37150.0,37880.0,37792.5,38889.166666666664,38253.75,109361
2013-12-03,37100.0,37150.0,36600.0,36800.0,37650.0,37710.0,38891.666666666664,38256.25,93928
2013-12-04,36500.0,36650.0,35950.0,36200.0,37260.0,37575.0,38841.666666666664,38243.75,144476
2013-12-05,36200.0,36650.0,36200.0,36500.0,36950.0,37475.0,38797.5,38235.416666666664,84994
2013-12-06,36500.0,36850.0,35950.0,36700.0,36670.0,37395.0,38762.5,38233.75,96993
2013-12-09,36900.0,37050.0,36650.0,36700.0,36580.0,37330.0,38720.0,38227.916666666664,65435
2013-12-10,37000.0,37000.0,36150.0,36500.0,36520.0,37252.5,38670.0,38220.0,99530
2013-12-11,36200.0,36550.0,36100.0,36400.0,36560.0,37210.0,38611.666666666664,38210.833333333336,59821
2013-12-12,36150.0,36500.0,35600.0,35700.0,36400.0,37127.5,38540.833333333336,38192.5,170212
2013-12-13,36000.0,36000.0,35400.0,35700.0,36200.0,37030.0,38485.833333333336,38176.25,7497376
2013-12-16,35850.0,36500.0,35600.0,35600.0,35980.0,36952.5,38429.166666666664,38161.25,188270
2013-12-17,36100.0,36100.0,35500.0,35850.0,35850.0,36875.0,38385.0,38153.75,124090
2013-12-18,35600.0,36350.0,35600.0,36100.0,35790.0,36815.0,38330.833333333336,38157.916666666664,111256
2013-12-19,36650.0,36650.0,35900.0,36000.0,35850.0,36785.0,38276.666666666664,38153.333333333336,87066
2013-12-20,36200.0,36300.0,35950.0,36250.0,35960.0,36732.5,38227.5,38147.083333333336,98411
2013-12-23,36500.0,36750.0,36150.0,36450.0,36130.0,36642.5,38182.5,38126.666666666664,98624
2013-12-24,36450.0,37300.0,36450.0,37100.0,36380.0,36600.0,38135.833333333336,38115.0,129287
2013-12-26,37350.0,37400.0,36850.0,37150.0,36590.0,36550.0,38088.333333333336,38102.083333333336,119836
2013-12-27,36800.0,37750.0,36700.0,37650.0,36920.0,36530.0,38037.5,38097.5,132253
2013-12-30,37650.0,37650.0,36850.0,37400.0,37150.0,36495.0,37987.5,38092.083333333336,169165
2014-01-02,37500.0,37500.0,36600.0,37000.0,37260.0,36487.5,37925.0,38083.75,133553
2014-01-03,37000.0,37000.0,36000.0,36150.0,37070.0,36455.0,37855.833333333336,38068.333333333336,155094
2014-01-06,36100.0,36350.0,35950.0,36050.0,36850.0,36447.5,37785.0,38052.083333333336,93894
2014-01-07,36050.0,36450.0,35950.0,35950.0,36510.0,36420.0,37715.0,38037.5,68607
2014-01-08,35950.0,36250.0,35600.0,35800.0,36190.0,36375.0,37646.666666666664,38016.25,108592
2014-01-09,36050.0,36100.0,35250.0,35250.0,35840.0,36302.5,37570.0,37988.75,179331
2014-01-10,35350.0,35600.0,35000.0,35250.0,35660.0,36240.0,37500.833333333336,37959.583333333336,164589
2014-01-13,35250.0,35450.0,35150.0,35200.0,35490.0,36180.0,37434.166666666664,37932.083333333336,90586
2014-01-14,35150.0,35400.0,35050.0,35050.0,35310.0,36147.5,37365.0,37899.166666666664,77860
2014-01-15,35050.0,35300.0,34850.0,34900.0,35130.0,36107.5,37290.0,37869.166666666664,120262
2014-01-16,35150.0,35250.0,34850.0,34850.0,35050.0,36070.0,37220.833333333336,37840.416666666664,120886
2014-01-17,34850.0,35200.0,34850.0,34850.0,34970.0,36020.0,37135.0,37810.0,78993
2014-01-20,35000.0,35050.0,34550.0,34600.0,34850.0,35945.0,37045.0,37777.5,68400
2014-01-21,34750.0,35000.0,34650.0,34700.0,34780.0,35880.0,36961.666666666664,37747.083333333336,81633
2014-01-22,34900.0,35650.0,34800.0,35450.0,34890.0,35840.0,36895.0,37725.416666666664,178892
2014-01-23,35650.0,36750.0,35600.0,36100.0,35140.0,35822.5,36843.333333333336,37705.833333333336,344251
2014-01-24,36250.0,36400.0,35400.0,35650.0,35300.0,35750.0,36785.833333333336,37685.0,149316
2014-01-27,35300.0,35750.0,34600.0,35250.0,35430.0,35655.0,36725.833333333336,37660.833333333336,107400
2014-01-28,35300.0,35400.0,34300.0,34700.0,35430.0,35507.5,36649.166666666664,37635.416666666664,205087
2014-01-29,34800.0,35100.0,34450.0,34850.0,35310.0,35380.0,36577.5,37606.666666666664,425478
2014-02-03,34850.0,35050.0,33100.0,33700.0,34830.0,35215.0,36498.333333333336,37567.916666666664,389668
2014-02-04,33200.0,33650.0,33050.0,33200.0,34340.0,35067.5,36410.833333333336,37525.0,236451
2014-02-05,33150.0,33550.0,33100.0,33250.0,33940.0,34927.5,36316.666666666664,37483.75,150081
2014-02-06,33500.0,33500.0,32200.0,32500.0,33500.0,34755.0,36216.666666666664,37437.916666666664,409925
2014-02-07,32800.0,33250.0,32550.0,33150.0,33160.0,34622.5,36130.833333333336,37397.5,219209
2014-02-10,33300.0,33300.0,32650.0,32950.0,33010.0,34507.5,36046.666666666664,37358.333333333336,112719
2014-02-11,32900.0,33350.0,32900.0,32950.0,32960.0,34392.5,35961.666666666664,37317.083333333336,123112
2014-02-12,33050.0,33550.0,32950.0,33400.0,32990.0,34302.5,35897.5,37275.416666666664,105917
2014-02-13,33450.0,33650.0,33250.0,33450.0,33180.0,34222.5,35832.5,37238.75,127191
2014-02-14,33700.0,34150.0,33400.0,34050.0,33360.0,34180.0,35772.5,37210.833333333336,210911
2014-02-17,34500.0,34500.0,33950.0,34000.0,33570.0,34137.5,35720.0,37182.916666666664,102004
2014-02-18,33950.0,34250.0,33700.0,34100.0,33800.0,34100.0,35665.0,37161.666666666664,53620
2014-02-19,33800.0,34200.0,33500.0,33750.0,33870.0,34057.5,35605.833333333336,37140.833333333336,116117
2014-02-20,33700.0,33950.0,33400.0,33850.0,33950.0,34015.0,35560.0,37126.25,69579
2014-02-21,33700.0,34150.0,33700.0,34000.0,33940.0,33942.5,35505.0,37112.5,96354
2014-02-24,33800.0,34300.0,33800.0,34050.0,33950.0,33840.0,35435.0,37094.166666666664,106093
2014-02-25,34350.0,34350.0,33850.0,34050.0,33940.0,33760.0,35370.0,37075.0,109771
2014-02-26,33850.0,34100.0,33700.0,33900.0,33970.0,33692.5,35299.166666666664,37059.583333333336,70238
2014-02-27,33750.0,33900.0,33300.0,33750.0,33950.0,33645.0,35227.5,37035.833333333336,141754
2014-02-28,33650.0,34050.0,33300.0,33600.0,33870.0,33582.5,35152.5,37014.166666666664,125194
2014-03-03,33550.0,33850.0,33400.0,33750.0,33810.0,33585.0,35095.833333333336,36992.5,85146
2014-03-04,33650.0,34000.0,33400.0,33850.0,33770.0,33617.5,35046.666666666664,36969.166666666664,95544
2014-03-05,34050.0,34250.0,33900.0,34050.0,33800.0,33657.5,35010.833333333336,36926.25,74121
2014-03-06,34100.0,34150.0,33750.0,34050.0,33860.0,33735.0,34970.0,36883.75,54803
2014-03-07,34000.0,34200.0,33850.0,33900.0,33920.0,33772.5,34923.333333333336,36842.916666666664,68383
2014-03-10,34050.0,34100.0,33800.0,33900.0,33950.0,33820.0,34876.666666666664,36798.333333333336,89780
2014-03-11,33900.0,34200.0,33750.0,34200.0,34020.0,33882.5,34838.333333333336,36754.166666666664,107245
2014-03-12,34000.0,34100.0,33600.0,33700.0,33950.0,33897.5,34793.333333333336,36702.5,95443
2014-03-13,33550.0,33850.0,33350.0,33700.0,33880.0,33910.0,34760.0,36650.416666666664,109464
2014-03-14,33650.0,33650.0,32750.0,33100.0,33720.0,33862.5,34716.666666666664,36601.25,179472
2014-03-17,33050.0,33100.0,32350.0,32850.0,33510.0,33805.0,34670.833333333336,36550.0,146010
2014-03-18,32900.0,33000.0,32650.0,32800.0,33230.0,33740.0,34620.0,36502.5,120637
2014-03-19,32700.0,33000.0,32650.0,32750.0,33040.0,33690.0,34564.166666666664,36447.5,74560
2014-03-20,32850.0,32950.0,32050.0,32600.0,32820.0,33627.5,34507.5,36392.083333333336,77463
2014-03-21,32600.0,32900.0,32450.0,32900.0,32780.0,33572.5,34451.666666666664,36339.583333333336,164388
2014-03-24,32650.0,33100.0,32650.0,32900.0,32790.0,33515.0,34392.5,36287.5,55280
2014-03-25,32800.0,33350.0,32700.0,33200.0,32870.0,33472.5,34327.5,36231.666666666664,129626
2014-03-26,33200.0,33850.0,33150.0,33700.0,33060.0,33462.5,34270.0,36179.166666666664,115655
2014-03-27,33850.0,34400.0,33700.0,34050.0,33350.0,33477.5,34210.0,36123.75,184122
2014-03-28,33950.0,34600.0,33900.0,34150.0,33600.0,33505.0,34155.833333333336,36071.666666666664,116910
2014-03-31,34150.0,35000.0,34150.0,34650.0,33950.0,33550.0,34116.666666666664,36020.833333333336,163665
2014-04-01,34400.0,34800.0,34300.0,34450.0,34200.0,33580.0,34088.333333333336,35972.083333333336,120294
2014-04-02,34300.0,34950.0,34300.0,34750.0,34410.0,33615.0,34066.666666666664,35925.833333333336,144876
2014-04-03,34800.0,35200.0,34200.0,34450.0,34490.0,33635.0,34041.666666666664,35878.333333333336,125623
2014-04-04,34600.0,34750.0,34150.0,34450.0,34550.0,33662.5,34019.166666666664,35832.916666666664,119654
2014-04-07,34200.0,34500.0,34000.0,34500.0,34520.0,33692.5,34006.666666666664,35788.333333333336,67274
2014-04-08,34500.0,35100.0,34100.0,35000.0,34630.0,33732.5,34002.5,35751.666666666664,89548
2014-04-09,35000.0,35500.0,34900.0,35450.0,34770.0,33820.0,34006.666666666664,35720.416666666664,95499
2014-04-10,35550.0,35600.0,35100.0,35450.0,34970.0,33907.5,34013.333333333336,35689.166666666664,92903
2014-04-11,35100.0,35150.0,34550.0,35100.0,35100.0,34007.5,34016.666666666664,35653.333333333336,98497
2014-04-14,34800.0,35100.0,34400.0,34450.0,35090.0,34087.5,34010.0,35615.416666666664,127709
2014-04-15,34550.0,34750.0,34150.0,34150.0,34920.0,34155.0,33998.333333333336,35566.666666666664,156837
2014-04-16,34450.0,34550.0,34100.0,34150.0,34660.0,34225.0,33990.833333333336,35517.916666666664,67802
2014-04-17,34600.0,35050.0,34400.0,35000.0,34570.0,34345.0,33995.833333333336,35478.75,167996
2014-04-18,35100.0,35350.0,34900.0,35000.0,34550.0,34450.0,33988.333333333336,35441.666666666664,56260
2014-04-21,34700.0,35000.0,34300.0,34550.0,34570.0,34532.5,33962.5,35402.916666666664,104055
2014-04-22,34550.0,34550.0,34050.0,34250.0,34590.0,34585.0,33939.166666666664,35362.5,130427
2014-04-23,34800.0,35950.0,34500.0,35600.0,34880.0,34680.0,33945.0,35335.416666666664,282200
2014-04-24,35600.0,36450.0,35300.0,36400.0,35160.0,34797.5,33973.333333333336,35311.25,169831
2014-04-25,35950.0,36350.0,34950.0,35850.0,35330.0,34882.5,33990.0,35283.75,126236
2014-04-28,35800.0,37050.0,35500.0,36900.0,35800.0,34995.0,34043.333333333336,35270.833333333336,152937
2014-04-29,37000.0,37100.0,36650.0,36850.0,36320.0,35115.0,34104.166666666664,35257.5,106829
2014-04-30,36850.0,37500.0,36800.0,37450.0,36690.0,35250.0,34174.166666666664,35245.416666666664,159330
2014-05-02,37150.0,37700.0,36550.0,37700.0,36950.0,35412.5,34260.833333333336,35238.75,122351
2014-05-07,37550.0,37550.0,36650.0,36800.0,37140.0,35530.0,34321.666666666664,35226.25,103589
2014-05-08,36500.0,37300.0,36200.0,37050.0,37170.0,35657.5,34390.0,35218.333333333336,103684
2014-05-09,36500.0,37950.0,36500.0,37650.0,37330.0,35790.0,34468.333333333336,35215.0,110982
2014-05-12,37700.0,37850.0,37000.0,37800.0,37400.0,35907.5,34541.666666666664,35219.583333333336,140401
2014-05-13,37350.0,38650.0,36800.0,38550.0,37570.0,36062.5,34626.666666666664,35229.583333333336,170679
2014-05-14,38200.0,39500.0,38050.0,38850.0,37980.0,36250.0,34706.666666666664,35239.583333333336,245529
2014-05-15,38700.0,39500.0,38400.0,39500.0,38470.0,36502.5,34798.333333333336,35259.166666666664,119362
2014-05-16,39400.0,39650.0,38800.0,39600.0,38860.0,36775.0,34890.0,35277.5,163003
2014-05-19,39650.0,39950.0,39300.0,39950.0,39290.0,37065.0,34993.333333333336,35299.583333333336,223394
2014-05-20,39800.0,39800.0,38700.0,39050.0,39390.0,37267.5,35080.0,35320.0,226201
2014-05-21,38950.0,38950.0,37900.0,38850.0,39390.0,37460.0,35160.833333333336,35332.916666666664,261552
2014-05-22,38600.0,39200.0,38400.0,38850.0,39260.0,37675.0,35240.833333333336,35337.916666666664,115850
2014-05-23,39150.0,39500.0,38800.0,39050.0,39150.0,37915.0,35324.166666666664,35347.083333333336,156090
2014-05-26,38750.0,39000.0,37850.0,38650.0,38890.0,38067.5,35403.333333333336,35351.25,135883
2014-05-27,38850.0,38950.0,37850.0,38250.0,38730.0,38160.0,35478.333333333336,35352.916666666664,86689
2014-05-28,37750.0,38300.0,37750.0,38250.0,38610.0,38280.0,35555.833333333336,35354.166666666664,109453
2014-05-29,38200.0,38600.0,37900.0,38550.0,38550.0,38362.5,35635.833333333336,35365.833333333336,65154
2014-05-30,38100.0,38100.0,37300.0,37550.0,38250.0,38397.5,35697.5,35372.083333333336,145764
2014-06-02,37550.0,38400.0,37150.0,38400.0,38200.0,38445.0,35770.0,35390.416666666664,76542
2014-06-03,41200.0,41500.0,39300.0,40250.0,38600.0,38572.5,35873.333333333336,35421.666666666664,858534
2014-06-05,40300.0,40550.0,39500.0,40300.0,39010.0,38747.5,35980.0,35451.666666666664,443619
2014-06-09,40600.0,40900.0,39350.0,40150.0,39330.0,38902.5,36084.166666666664,35480.416666666664,381207
2014-06-10,40100.0,40350.0,39500.0,40300.0,39880.0,39035.0,36185.833333333336,35512.083333333336,242525
2014-06-11,40350.0,40700.0,39950.0,40600.0,40320.0,39175.0,36300.833333333336,35547.083333333336,135269
2014-06-12,40300.0,41350.0,40100.0,41100.0,40490.0,39302.5,36424.166666666664,35592.083333333336,214530
2014-06-13,40950.0,42000.0,40750.0,42000.0,40830.0,39460.0,36572.5,35644.583333333336,220044
2014-06-16,42000.0,43850.0,41050.0,41700.0,41140.0,39570.0,36720.0,35695.416666666664,259862
2014-06-17,41700.0,42700.0,41450.0,42700.0,41620.0,39725.0,36885.0,35752.5,126417
2014-06-18,42750.0,42750.0,41800.0,42000.0,41900.0,39827.5,37039.166666666664,35801.666666666664,155727
2014-06-19,42000.0,42500.0,41200.0,42000.0,42080.0,39975.0,37195.833333333336,35851.666666666664,174548
2014-06-20,42200.0,42200.0,41150.0,41150.0,41910.0,40090.0,37333.333333333336,35892.5,187401
2014-06-23,41000.0,41950.0,40650.0,41650.0,41900.0,40230.0,37479.166666666664,35935.833333333336,111408
2014-06-24,41350.0,43500.0,41350.0,43350.0,42030.0,40445.0,37648.333333333336,35987.916666666664,177126
2014-06-25,43350.0,43350.0,42500.0,42750.0,42180.0,40650.0,37799.166666666664,36034.583333333336,109794
2014-06-26,42650.0,43600.0,42400.0,43300.0,42440.0,40902.5,37953.333333333336,36081.666666666664,113679
2014-06-27,43400.0,43400.0,42600.0,42800.0,42770.0,41130.0,38097.5,36126.666666666664,65925
2014-06-30,43300.0,43300.0,42550.0,43150.0,43070.0,41360.0,38239.166666666664,36177.916666666664,87328
2014-07-01,42650.0,43300.0,42150.0,43100.0,43020.0,41637.5,38383.333333333336,36235.833333333336,61447
2014-07-02,43100.0,43250.0,42500.0,43250.0,43120.0,41880.0,38525.0,36295.833333333336,125490
2014-07-03,42850.0,43200.0,42550.0,42550.0,42970.0,41995.0,38660.0,36350.833333333336,73547
2014-07-04,43150.0,43150.0,42450.0,42750.0,42960.0,42117.5,38798.333333333336,36408.75,46265
2014-07-07,43100.0,43800.0,42700.0,43600.0,43050.0,42290.0,38950.0,36478.333333333336,115681
2014-07-08,43600.0,43800.0,42650.0,43150.0,43060.0,42432.5,39085.833333333336,36544.166666666664,83882
2014-07-09,43050.0,43050.0,41950.0,42150.0,42840.0,42510.0,39197.5,36602.083333333336,106903
2014-07-10,42000.0,42650.0,41750.0,42250.0,42780.0,42567.5,39310.833333333336,36662.083333333336,125776
2014-07-11,41800.0,42600.0,41200.0,42500.0,42730.0,42592.5,39434.166666666664,36725.416666666664,66467
2014-07-14,42400.0,43400.0,42200.0,42950.0,42600.0,42655.0,39575.833333333336,36792.916666666664,44223
2014-07-15,42950.0,43750.0,42950.0,43300.0,42630.0,42685.0,39728.333333333336,36863.333333333336,81528
2014-07-16,42800.0,43750.0,42800.0,43500.0,42900.0,42760.0,39884.166666666664,36937.5,46392
2014-07-17,43050.0,43700.0,43050.0,43700.0,43190.0,42845.0,40029.166666666664,37012.5,52529
2014-07-18,43000.0,43450.0,42950.0,43050.0,43300.0,42940.0,40163.333333333336,37075.833333333336,44205
2014-07-21,43050.0,44200.0,43050.0,44000.0,43510.0,43057.5,40320.833333333336,37141.666666666664,104969
2014-07-22,43750.0,44100.0,43300.0,43800.0,43610.0,43080.0,40480.0,37209.583333333336,61946
2014-07-23,43600.0,44800.0,43550.0,44700.0,43850.0,43177.5,40631.666666666664,37288.333333333336,82183
2014-07-24,44700.0,44900.0,44250.0,44850.0,44080.0,43255.0,40772.5,37372.916666666664,73622
2014-07-25,44600.0,44600.0,43800.0,44050.0,44280.0,43317.5,40909.166666666664,37449.583333333336,84831
2014-07-28,44450.0,45000.0,43600.0,44450.0,44370.0,43382.5,41035.0,37539.166666666664,89034
2014-07-29,44900.0,45300.0,44350.0,44650.0,44540.0,43460.0,41165.0,37634.583333333336,112625
2014-07-30,45100.0,49800.0,44300.0,47650.0,45130.0,43680.0,41335.0,37754.583333333336,461461
2014-07-31,47750.0,49400.0,47650.0,48050.0,45770.0,43955.0,41507.5,37884.166666666664,346832
2014-08-01,48350.0,49100.0,46350.0,47400.0,46440.0,44187.5,41684.166666666664,38002.916666666664,186983
2014-08-04,47400.0,47400.0,46200.0,47250.0,47000.0,44370.0,41854.166666666664,38122.083333333336,148381
2014-08-05,47700.0,47700.0,46750.0,47250.0,47520.0,44575.0,42014.166666666664,38241.25,110897
2014-08-06,47350.0,47350.0,46250.0,47100.0,47410.0,44822.5,42169.166666666664,38355.416666666664,88740
2014-08-07,46500.0,47700.0,46250.0,47450.0,47290.0,45082.5,42317.5,38472.083333333336,58378
2014-08-08,47600.0,47600.0,46300.0,46900.0,47190.0,45302.5,42451.666666666664,38579.166666666664,64863
2014-08-11,47250.0,47950.0,46650.0,47400.0,47220.0,45525.0,42583.333333333336,38690.833333333336,58981
2014-08-12,47450.0,48250.0,47150.0,47750.0,47320.0,45747.5,42719.166666666664,38804.583333333336,55068
2014-08-13,48150.0,48850.0,47600.0,48000.0,47500.0,45972.5,42853.333333333336,38923.333333333336,93853
2014-08-14,47450.0,48500.0,47300.0,47750.0,47560.0,46175.0,42998.333333333336,39039.166666666664,91143
2014-08-18,47750.0,48450.0,47100.0,48050.0,47790.0,46425.0,43151.666666666664,39156.25,118853
2014-08-19,47550.0,48400.0,47550.0,47750.0,47860.0,46612.5,43300.0,39270.416666666664,137698
2014-08-20,48000.0,49200.0,47050.0,49200.0,48150.0,46882.5,43469.166666666664,39396.666666666664,134495
2014-08-21,49000.0,49200.0,47550.0,48800.0,48310.0,47087.5,43638.333333333336,39520.833333333336,104961
2014-08-22,48350.0,49150.0,48350.0,49150.0,48590.0,47302.5,43820.0,39649.166666666664,59653
2014-08-25,49150.0,49300.0,46950.0,49050.0,48790.0,47552.5,44000.0,39777.916666666664,65096
2014-08-26,49100.0,49100.0,47600.0,47800.0,48800.0,47720.0,44154.166666666664,39895.0,154074
2014-08-27,48300.0,49800.0,47900.0,49500.0,48860.0,47962.5,44353.333333333336,40025.416666666664,136647
2014-08-28,48950.0,49800.0,48650.0,49550.0,49010.0,48057.5,44539.166666666664,40154.583333333336,76502
2014-08-29,49700.0,49700.0,48050.0,48750.0,48930.0,48092.5,44680.833333333336,40277.083333333336,145085
2014-09-01,48150.0,49000.0,48050.0,48700.0,48860.0,48157.5,44820.833333333336,40400.416666666664,37747
2014-09-02,48500.0,49000.0,47200.0,47250.0,48750.0,48157.5,44939.166666666664,40511.666666666664,79276
2014-09-03,46500.0,48500.0,46300.0,48350.0,48520.0,48212.5,45073.333333333336,40629.583333333336,121170
2014-09-04,48800.0,49500.0,48500.0,49450.0,48500.0,48330.0,45220.833333333336,40760.833333333336,63626
2014-09-05,48550.0,49500.0,48400.0,48900.0,48530.0,48402.5,45350.833333333336,40887.5,46388
2014-09-11,48100.0,48750.0,47200.0,47200.0,48230.0,48417.5,45437.5,41005.0,97456
2014-09-12,47200.0,47950.0,46700.0,47450.0,48270.0,48420.0,45533.333333333336,41126.666666666664,109888
2014-09-15,47900.0,49200.0,47600.0,48400.0,48280.0,48452.5,45628.333333333336,41256.666666666664,110252
2014-09-16,48100.0,49500.0,48100.0,49000.0,48190.0,48502.5,45745.0,41392.083333333336,125205
2014-09-17,49500.0,50500.0,49450.0,50400.0,48490.0,48635.0,45885.0,41540.416666666664,176687
2014-09-18,50100.0,52500.0,49900.0,52500.0,49550.0,48857.5,46074.166666666664,41703.75,197173
2014-09-19,52300.0,52600.0,50300.0,50300.0,50120.0,48985.0,46218.333333333336,41848.75,179652
2014-09-22,51000.0,51200.0,50400.0,50900.0,50620.0,49070.0,46344.166666666664,41996.25,75339
2014-09-23,51200.0,51900.0,50400.0,51900.0,51200.0,49225.0,46496.666666666664,42147.916666666664,80425
2014-09-24,52000.0,52600.0,51100.0,51600.0,51440.0,49347.5,46635.0,42294.166666666664,72939
2014-09-25,51700.0,52000.0,49950.0,50400.0,51020.0,49415.0,46761.666666666664,42429.583333333336,108780
2014-09-26,50400.0,51000.0,49900.0,50200.0,51000.0,49535.0,46879.166666666664,42559.166666666664,51852
2014-09-29,50200.0,51200.0,49600.0,50600.0,50940.0,49590.0,47004.166666666664,42693.75,66336
2014-09-30,50100.0,52300.0,50000.0,52200.0,51000.0,49722.5,47153.333333333336,42839.166666666664,122880
2014-10-01,52000.0,52000.0,50000.0,50400.0,50760.0,49805.0,47284.166666666664,42972.083333333336,141469
2014-10-02,49850.0,50100.0,47300.0,48750.0,50430.0,49807.5,47384.166666666664,43091.25,247376
2014-10-06,49150.0,49250.0,47700.0,48200.0,50030.0,49855.0,47460.833333333336,43205.416666666664,100027
2014-10-07,48200.0,49700.0,48000.0,48600.0,49630.0,49867.5,47551.666666666664,43318.75,75350
2014-10-08,48850.0,49200.0,48300.0,49200.0,49030.0,49855.0,47669.166666666664,43433.333333333336,76299
2014-10-10,49750.0,49750.0,47700.0,48000.0,48550.0,49810.0,47765.0,43537.916666666664,93497
2014-10-13,48000.0,48300.0,46500.0,46950.0,48190.0,49797.5,47839.166666666664,43636.666666666664,109532
2014-10-14,48000.0,48000.0,46300.0,47050.0,47960.0,49777.5,47907.5,43741.666666666664,141777
2014-10-15,47150.0,47450.0,45800.0,46000.0,47440.0,49657.5,47952.5,43840.416666666664,116625
2014-10-16,45900.0,47300.0,45700.0,46450.0,46890.0,49530.0,48001.666666666664,43942.916666666664,107300
2014-10-17,48000.0,48000.0,45700.0,46000.0,46490.0,49310.0,48040.0,44034.583333333336,73244
2014-10-20,46300.0,46950.0,45950.0,46100.0,46320.0,48990.0,48090.833333333336,44127.083333333336,68195
2014-10-21,45800.0,46450.0,44250.0,45900.0,46090.0,48770.0,48122.5,44221.666666666664,111888
2014-10-22,46350.0,48200.0,46100.0,48150.0,46520.0,48632.5,48195.0,44337.5,162547
2014-10-23,47500.0,48000.0,46950.0,47100.0,46650.0,48392.5,48235.0,44433.333333333336,62456
2014-10-24,47450.0,47800.0,46350.0,46750.0,46800.0,48150.0,48266.666666666664,44519.583333333336,49874
2014-10-27,47000.0,47950.0,45450.0,45600.0,46700.0,47910.0,48292.5,44600.833333333336,84857
2014-10-28,45900.0,46300.0,45150.0,45150.0,46550.0,47657.5,48304.166666666664,44669.583333333336,102815
2014-10-29,45750.0,46050.0,45050.0,45650.0,46050.0,47410.0,48320.833333333336,44742.916666666664,126587
2014-10-30,45250.0,46150.0,45000.0,46150.0,45860.0,47107.5,48295.833333333336,44815.416666666664,75109
2014-10-31,46700.0,47500.0,45300.0,46000.0,45710.0,46887.5,48261.666666666664,44884.583333333336,168561
2014-11-03,45500.0,48250.0,45500.0,47500.0,46090.0,46825.0,48263.333333333336,44973.75,218967
2014-11-04,47500.0,48650.0,47250.0,47300.0,46520.0,46780.0,48264.166666666664,45059.166666666664,220115
2014-11-05,48000.0,48750.0,47200.0,47550.0,46900.0,46727.5,48269.166666666664,45141.666666666664,156137
2014-11-06,47250.0,48400.0,47250.0,47550.0,47180.0,46645.0,48276.666666666664,45222.916666666664,103209
2014-11-07,47100.0,48000.0,46800.0,47300.0,47440.0,46610.0,48274.166666666664,45295.833333333336,77066
2014-11-10,47750.0,48550.0,47400.0,47950.0,47530.0,46660.0,48291.666666666664,45371.666666666664,125075
2014-11-11,47950.0,48900.0,47400.0,48000.0,47670.0,46707.5,48301.666666666664,45442.5,215401
2014-11-12,47700.0,48450.0,47550.0,47850.0,47730.0,46800.0,48303.333333333336,45511.25,150321
2014-11-13,48000.0,48200.0,47300.0,47700.0,47760.0,46862.5,48298.333333333336,45575.833333333336,97605
2014-11-14,48500.0,48500.0,47400.0,48350.0,47970.0,46980.0,48308.333333333336,45653.333333333336,326988
2014-11-17,48250.0,48600.0,47600.0,48000.0,47980.0,47075.0,48307.5,45729.583333333336,162777
2014-11-18,48000.0,48400.0,47300.0,48000.0,47980.0,47180.0,48311.666666666664,45805.833333333336,81982
2014-11-19,47650.0,48200.0,47500.0,47900.0,47990.0,47167.5,48290.0,45879.583333333336,82228
2014-11-20,47900.0,48300.0,47450.0,48000.0,48050.0,47212.5,48276.666666666664,45957.5,71373
2014-11-21,48350.0,48400.0,47800.0,48000.0,47980.0,47275.0,48257.5,46038.75,87305
2014-11-24,47850.0,48350.0,47100.0,47700.0,47920.0,47380.0,48235.0,46117.5,112947
2014-11-25,47750.0,48150.0,47750.0,47850.0,47890.0,47515.0,48235.833333333336,46195.0,156337
2014-11-26,48250.0,49250.0,47750.0,48600.0,48030.0,47662.5,48220.833333333336,46287.083333333336,163084
2014-11-27,48250.0,48700.0,47200.0,48050.0,48040.0,47757.5,48195.833333333336,46367.5,144214
2014-11-28,47700.0,48350.0,47550.0,47950.0,48030.0,47855.0,48182.5,46431.666666666664,85886
2014-12-01,47750.0,48600.0,47600.0,47850.0,48060.0,47872.5,48168.333333333336,46494.583333333336,127597
2014-12-02,47850.0,47900.0,46000.0,46000.0,47690.0,47807.5,48147.5,46543.333333333336,204485
2014-12-03,46000.0,47550.0,45500.0,47400.0,47450.0,47800.0,48131.666666666664,46602.5,188225
2014-12-04,47200.0,47900.0,46450.0,47750.0,47390.0,47810.0,48103.333333333336,46662.083333333336,87479
2014-12-05,47750.0,47750.0,45650.0,45650.0,46930.0,47727.5,48049.166666666664,46700.0,172526
2014-12-08,45800.0,46600.0,45200.0,46500.0,46660.0,47655.0,48037.5,46737.5,82325
2014-12-09,46150.0,46650.0,45350.0,45450.0,46550.0,47527.5,48004.166666666664,46768.75,58515
2014-12-10,44800.0,45900.0,44400.0,45300.0,46130.0,47400.0,47952.5,46790.416666666664,112755
2014-12-11,44550.0,45900.0,44450.0,45350.0,45650.0,47282.5,47891.666666666664,46818.333333333336,158716
2014-12-12,46300.0,46300.0,44050.0,44150.0,45350.0,47072.5,47787.5,46836.25,194956
2014-12-15,44000.0,44850.0,43050.0,44650.0,44980.0,46905.0,47656.666666666664,46865.416666666664,113397
2014-12-16,44300.0,44550.0,43050.0,43650.0,44620.0,46687.5,47545.833333333336,46882.083333333336,85533
2014-12-17,44100.0,44350.0,43100.0,43500.0,44260.0,46467.5,47422.5,46883.333333333336,126732
2014-12-18,43150.0,44450.0,42600.0,44400.0,44070.0,46287.5,47297.5,46897.083333333336,138497
2014-12-19,44000.0,44850.0,43550.0,44500.0,44140.0,46112.5,47179.166666666664,46907.083333333336,137020
2014-12-22,43950.0,45400.0,43700.0,45050.0,44220.0,45980.0,47090.0,46925.833333333336,81030
2014-12-23,44900.0,46450.0,44500.0,46050.0,44700.0,45890.0,47020.833333333336,46950.0,106246
2014-12-24,46000.0,46600.0,45650.0,46600.0,45320.0,45790.0,46954.166666666664,46979.166666666664,94977
2014-12-26,46050.0,47250.0,45850.0,47050.0,45850.0,45740.0,46868.333333333336,47010.833333333336,137004
2014-12-29,46200.0,46400.0,44350.0,45050.0,45960.0,45595.0,46779.166666666664,47031.666666666664,135015
2014-12-30,44500.0,45450.0,43900.0,44200.0,45790.0,45412.5,46703.333333333336,47043.75,101159
2015-01-02,43650.0,44150.0,43500.0,43750.0,45330.0,45300.0,46629.166666666664,47045.0,56764
2015-01-05,43050.0,44000.0,41250.0,41300.0,44270.0,44995.0,46507.5,47029.583333333336,233274
2015-01-06,41000.0,41050.0,40050.0,40150.0,42890.0,44615.0,46356.666666666664,47012.916666666664,266237
2015-01-07,40250.0,40600.0,39700.0,39950.0,41870.0,44330.0,46222.5,46993.75,150131
2015-01-08,40050.0,40950.0,40050.0,40750.0,41180.0,44042.5,46119.166666666664,46979.166666666664,111397
2015-01-09,40950.0,41300.0,40650.0,40650.0,40560.0,43802.5,46012.5,46960.0,128073
2015-01-12,40350.0,40600.0,39200.0,39350.0,40170.0,43505.0,45901.666666666664,46927.083333333336,202885
2015-01-13,39700.0,40050.0,39200.0,39350.0,40010.0,43205.0,45783.333333333336,46892.5,130491
2015-01-14,39300.0,40000.0,39100.0,39500.0,39920.0,42972.5,45675.0,46857.5,133472
2015-01-15,39250.0,39600.0,37250.0,37550.0,39280.0,42617.5,45532.5,46811.666666666664,443331
2015-01-16,37500.0,37550.0,36800.0,37450.0,38640.0,42307.5,45391.666666666664,46757.083333333336,210632
2015-01-19,37800.0,38200.0,37450.0,37600.0,38290.0,42012.5,45215.833333333336,46705.416666666664,98450
2015-01-20,37950.0,38050.0,36700.0,36750.0,37770.0,41630.0,45043.333333333336,46639.166666666664,133181
2015-01-21,36800.0,37400.0,36600.0,37400.0,37350.0,41275.0,44887.5,46577.083333333336,136816
2015-01-22,37400.0,37450.0,37000.0,37100.0,37260.0,40877.5,44745.833333333336,46519.166666666664,97991
2015-01-23,37600.0,39100.0,37400.0,38800.0,37530.0,40515.0,44640.0,46472.083333333336,204053
2015-01-26,39050.0,39150.0,37400.0,37700.0,37550.0,40070.0,44507.5,46414.166666666664,133943
2015-01-27,38200.0,38600.0,37500.0,38050.0,37810.0,39620.0,44372.5,46334.166666666664,116756
2015-01-28,37650.0,37950.0,37250.0,37400.0,37810.0,39237.5,44229.166666666664,46245.416666666664,121621
2015-01-29,37400.0,38350.0,37250.0,38300.0,38050.0,38942.5,44075.833333333336,46169.583333333336,163693
2015-01-30,39250.0,39250.0,37500.0,38200.0,37930.0,38665.0,43924.166666666664,46094.166666666664,208219
2015-02-02,38650.0,38650.0,37550.0,37650.0,37920.0,38482.5,43759.166666666664,46014.166666666664,160433
2015-02-03,37900.0,38950.0,37650.0,38950.0,38100.0,38422.5,43615.833333333336,45946.25,241321
2015-02-04,39450.0,39450.0,38500.0,38650.0,38350.0,38357.5,43471.666666666664,45872.916666666664,184335
2015-02-05,38650.0,39050.0,38200.0,38750.0,38440.0,38257.5,43318.333333333336,45805.0,146553
2015-02-06,38750.0,38800.0,37050.0,37200.0,38240.0,38085.0,43138.333333333336,45720.0,218453
2015-02-09,37200.0,37400.0,36550.0,36750.0,38060.0,37955.0,42953.333333333336,45628.333333333336,180282
2015-02-10,37050.0,37050.0,36600.0,36700.0,37610.0,37822.5,42770.0,45534.166666666664,126150
2015-02-11,36950.0,37200.0,36750.0,37150.0,37310.0,37705.0,42583.333333333336,45445.833333333336,155645
2015-02-12,36900.0,37150.0,36700.0,37000.0,36960.0,37677.5,42400.0,45353.75,109832
2015-02-13,36800.0,37100.0,36550.0,36700.0,36860.0,37640.0,42211.666666666664,45261.666666666664,126668
2015-02-16,36700.0,36850.0,36200.0,36250.0,36760.0,37572.5,42017.5,45153.75,120313
2015-02-17,36300.0,37000.0,36250.0,36950.0,36810.0,37582.5,41833.333333333336,45055.0,111158
2015-02-23,37000.0,37250.0,36900.0,37000.0,36780.0,37562.5,41650.0,44953.75,125301
2015-02-24,37000.0,38100.0,37000.0,37850.0,36950.0,37600.0,41485.833333333336,44860.416666666664,210335
2015-02-25,38050.0,38450.0,37850.0,38000.0,37210.0,37560.0,41321.666666666664,44778.75,122264
2015-02-26,38050.0,38100.0,37300.0,37300.0,37420.0,37540.0,41133.333333333336,44677.083333333336,114471
2015-02-27,37250.0,37650.0,37100.0,37500.0,37530.0,37512.5,40957.5,44576.666666666664,135607
2015-03-02,37600.0,38050.0,37350.0,37900.0,37710.0,37537.5,40790.0,44486.25,141166
2015-03-03,37850.0,38150.0,37500.0,37550.0,37650.0,37500.0,40618.333333333336,44393.333333333336,189213
2015-03-04,37600.0,37850.0,37150.0,37150.0,37480.0,37447.5,40470.833333333336,44309.166666666664,102930
2015-03-05,37200.0,37550.0,36950.0,37300.0,37480.0,37430.0,40302.5,44217.083333333336,100558
2015-03-06,37400.0,38100.0,37350.0,38050.0,37590.0,37385.0,40140.833333333336,44122.083333333336,122254
2015-03-09,38050.0,38200.0,37600.0,37850.0,37580.0,37345.0,40010.833333333336,44030.0,87565
2015-03-10,37850.0,38100.0,36800.0,37000.0,37470.0,37257.5,39852.5,43945.0,148171
2015-03-11,36700.0,36750.0,35100.0,35150.0,37070.0,37155.0,39680.833333333336,43842.5,371506
2015-03-12,35600.0,37200.0,35200.0,37200.0,37050.0,37177.5,39545.833333333336,43749.166666666664,280070
2015-03-13,37700.0,37750.0,37250.0,37350.0,36910.0,37210.0,39412.5,43652.083333333336,138821
2015-03-16,37300.0,37300.0,36050.0,36050.0,36550.0,37155.0,39277.5,43532.5,119817
2015-03-17,36250.0,37650.0,36250.0,37500.0,36650.0,37180.0,39158.333333333336,43407.5,153109
2015-03-18,37700.0,37900.0,37000.0,37300.0,37080.0,37210.0,39052.5,43299.166666666664,144575
2015-03-19,37750.0,37900.0,37000.0,37800.0,37200.0,37287.5,38957.5,43190.0,161938
2015-03-20,37850.0,37850.0,37150.0,37550.0,37240.0,37317.5,38843.333333333336,43070.416666666664,136735
2015-03-23,37150.0,38300.0,37150.0,38000.0,37630.0,37367.5,38735.0,42957.083333333336,127467
2015-03-24,38150.0,39000.0,37850.0,39000.0,37930.0,37425.0,38634.166666666664,42862.083333333336,179258
2015-03-25,39100.0,40000.0,38500.0,38750.0,38220.0,37462.5,38512.5,42766.666666666664,252297
2015-03-26,38650.0,39400.0,38350.0,39050.0,38470.0,37550.0,38386.666666666664,42670.416666666664,120628
2015-03-27,39200.0,39250.0,38500.0,39250.0,38810.0,37637.5,38256.666666666664,42562.5,133460
2015-03-30,39750.0,41400.0,39450.0,39800.0,39170.0,37732.5,38169.166666666664,42474.166666666664,263106
2015-03-31,40250.0,41100.0,40000.0,41050.0,39580.0,37907.5,38116.666666666664,42410.0,205336
2015-04-01,41000.0,41050.0,40300.0,41000.0,40030.0,38100.0,38070.833333333336,42350.0,177300
2015-04-02,40850.0,41550.0,40850.0,41100.0,40440.0,38290.0,38067.5,42287.5,145890
2015-04-03,41200.0,41200.0,39800.0,40300.0,40650.0,38402.5,38070.0,42213.333333333336,106011
2015-04-06,40450.0,40750.0,40000.0,40550.0,40800.0,38537.5,38080.0,42151.25,103069
2015-04-07,40600.0,41250.0,40400.0,41250.0,40840.0,38750.0,38088.333333333336,42103.75,334938
2015-04-08,40800.0,41250.0,40700.0,40800.0,40800.0,39032.5,38090.833333333336,42051.666666666664,117975
2015-04-09,40750.0,41050.0,39700.0,39850.0,40550.0,39165.0,38099.166666666664,42000.416666666664,423212
2015-04-10,40700.0,42000.0,40200.0,41350.0,40760.0,39365.0,38132.5,41957.916666666664,236540
2015-04-13,41350.0,41400.0,40450.0,40600.0,40770.0,39592.5,38150.833333333336,41912.916666666664,270306
2015-04-14,40300.0,42300.0,40300.0,41700.0,40860.0,39802.5,38220.0,41876.25,270926
2015-04-15,41800.0,41900.0,40850.0,41500.0,41000.0,40012.5,38287.5,41839.583333333336,191557
2015-04-16,41600.0,42700.0,41600.0,42050.0,41440.0,40225.0,38361.666666666664,41788.75,199680
2015-04-17,41800.0,42450.0,41750.0,42250.0,41620.0,40460.0,38453.333333333336,41748.333333333336,183151
2015-04-20,42100.0,42500.0,42000.0,42300.0,41960.0,40675.0,38535.0,41711.25,187444
2015-04-21,42300.0,42300.0,41600.0,41900.0,42000.0,40820.0,38615.0,41680.416666666664,210281
2015-04-22,41600.0,42400.0,41500.0,41900.0,42080.0,40977.5,38666.666666666664,41653.333333333336,174147
2015-04-23,42700.0,43950.0,41900.0,43800.0,42430.0,41215.0,38768.333333333336,41637.916666666664,319654
2015-04-24,43250.0,44450.0,42850.0,43000.0,42580.0,41402.5,38850.833333333336,41611.666666666664,266721
2015-04-27,43750.0,43750.0,42400.0,42800.0,42680.0,41552.5,38940.833333333336,41585.0,192061
2015-04-28,43150.0,43500.0,42250.0,42350.0,42770.0,41617.5,39008.333333333336,41542.083333333336,195062
2015-04-29,42800.0,43250.0,41350.0,41800.0,42750.0,41657.5,39068.333333333336,41496.25,207969
2015-04-30,41700.0,42850.0,41050.0,41100.0,42210.0,41657.5,39125.833333333336,41442.5,289330
2015-05-04,41100.0,42300.0,41100.0,41700.0,41950.0,41727.5,39171.666666666664,41393.75,170329
2015-05-06,42200.0,42950.0,41700.0,42800.0,41950.0,41840.0,39240.833333333336,41356.25,204820
2015-05-07,42500.0,42950.0,42350.0,42550.0,41990.0,41905.0,39304.166666666664,41311.25,156339
2015-05-08,42950.0,42950.0,42100.0,42200.0,42070.0,41975.0,39387.5,41262.916666666664,154906
2015-05-11,42300.0,43600.0,42250.0,43400.0,42530.0,42152.5,39498.333333333336,41225.833333333336,99993
2015-05-12,43200.0,43450.0,42250.0,42600.0,42710.0,42215.0,39596.666666666664,41183.333333333336,138200
2015-05-13,42450.0,43100.0,42450.0,42500.0,42650.0,42310.0,39685.833333333336,41134.583333333336,104682
2015-05-14,42300.0,43100.0,42150.0,42850.0,42710.0,42367.5,39783.333333333336,41091.666666666664,131175
2015-05-15,43500.0,43550.0,42550.0,42850.0,42840.0,42435.0,39885.833333333336,41048.75,536659
2015-05-18,42600.0,43000.0,42400.0,42500.0,42660.0,42457.5,39990.0,41003.75,141615
2015-05-19,42350.0,43400.0,42350.0,42500.0,42640.0,42470.0,40082.5,40957.916666666664,726695
2015-05-20,42450.0,43200.0,42450.0,42500.0,42640.0,42480.0,40174.166666666664,40912.083333333336,153026
2015-05-21,42300.0,42700.0,41950.0,42150.0,42500.0,42492.5,40245.833333333336,40865.833333333336,89057
2015-05-22,42050.0,43300.0,42000.0,43150.0,42560.0,42555.0,40331.666666666664,40826.666666666664,130129
2015-05-26,42700.0,43200.0,42350.0,42800.0,42620.0,42505.0,40423.333333333336,40778.333333333336,105459
2015-05-27,42000.0,42650.0,41800.0,42000.0,42520.0,42455.0,40498.333333333336,40727.916666666664,143731
2015-05-28,41600.0,42250.0,41400.0,41950.0,42410.0,42412.5,40565.833333333336,40677.916666666664,124816
2015-05-29,41300.0,42300.0,41250.0,41800.0,42340.0,42385.0,40636.666666666664,40627.5,157307
2015-06-01,41850.0,42250.0,41350.0,42100.0,42130.0,42400.0,40719.166666666664,40595.0,76136
2015-06-02,41550.0,42350.0,41550.0,41800.0,41930.0,42435.0,40794.166666666664,40548.333333333336,110054
2015-06-03,42200.0,42600.0,41050.0,41700.0,41870.0,42435.0,40855.0,40497.916666666664,87994
2015-06-04,41300.0,41700.0,40600.0,40800.0,41640.0,42335.0,40904.166666666664,40457.5,120291
2015-06-05,40450.0,41350.0,40400.0,40850.0,41450.0,42250.0,40968.333333333336,40410.416666666664,96313
2015-06-08,40300.0,41450.0,39900.0,41050.0,41240.0,42192.5,41066.666666666664,40373.75,92742
2015-06-09,41200.0,41200.0,40100.0,40250.0,40930.0,42035.0,41117.5,40331.666666666664,128867
2015-06-10,40250.0,41150.0,40100.0,40700.0,40730.0,41940.0,41173.333333333336,40292.916666666664,91825
2015-06-11,40700.0,41300.0,39800.0,41250.0,40820.0,41877.5,41260.0,40268.75,211478
2015-06-12,40750.0,40850.0,39300.0,39750.0,40600.0,41722.5,41297.5,40227.916666666664,205685
2015-06-15,39550.0,39550.0,38550.0,38900.0,40170.0,41525.0,41324.166666666664,40188.333333333336,160312
2015-06-16,38950.0,39050.0,37900.0,38300.0,39780.0,41315.0,41332.5,40145.0,157618
2015-06-17,38300.0,38400.0,37350.0,37700.0,39180.0,41075.0,41335.0,40089.166666666664,226341
2015-06-18,37700.0,38050.0,36750.0,37700.0,38470.0,40835.0,41330.0,40032.5,114793
2015-06-19,38000.0,38100.0,37150.0,37150.0,37950.0,40585.0,41299.166666666664,39966.666666666664,118589
2015-06-22,37150.0,38100.0,37150.0,37850.0,37740.0,40320.0,41284.166666666664,39898.333333333336,44170
2015-06-23,37800.0,38550.0,37650.0,38000.0,37680.0,40080.0,41266.666666666664,39826.666666666664,45242
2015-06-24,38100.0,38450.0,37950.0,38250.0,37790.0,39892.5,41250.0,39753.333333333336,52883
2015-06-25,38250.0,38700.0,37350.0,38150.0,37880.0,39702.5,41222.5,39695.833333333336,131122
2015-06-26,38350.0,38350.0,37550.0,37550.0,37960.0,39490.0,41164.166666666664,39640.416666666664,99250
2015-06-29,37400.0,37400.0,36650.0,37000.0,37790.0,39235.0,41097.5,39584.166666666664,106114
2015-06-30,37000.0,37350.0,36600.0,37000.0,37590.0,38995.0,41029.166666666664,39548.333333333336,91626
2015-07-01,36850.0,37950.0,36800.0,37100.0,37360.0,38765.0,40975.833333333336,39522.916666666664,115182
2015-07-02,37300.0,38150.0,37300.0,37800.0,37290.0,38615.0,40930.0,39505.0,134636
2015-07-03,38000.0,39250.0,37650.0,39250.0,37630.0,38535.0,40896.666666666664,39492.5,119694
2015-07-06,39000.0,39150.0,37750.0,38200.0,37870.0,38392.5,40853.333333333336,39472.083333333336,89317
2015-07-07,38750.0,39100.0,37900.0,39000.0,38270.0,38330.0,40839.166666666664,39469.166666666664,121747
2015-07-08,39700.0,39700.0,38350.0,38350.0,38520.0,38212.5,40789.166666666664,39460.833333333336,121592
2015-07-09,38200.0,38350.0,37450.0,38150.0,38590.0,38057.5,40748.333333333336,39449.583333333336,98936
2015-07-10,38100.0,38550.0,37700.0,37700.0,38280.0,37955.0,40681.666666666664,39450.833333333336,82925
2015-07-13,37650.0,38500.0,37250.0,37850.0,38210.0,37902.5,40620.833333333336,39454.166666666664,136583
2015-07-14,37900.0,39300.0,37900.0,38150.0,38040.0,37895.0,40555.833333333336,39458.75,135765
2015-07-15,38450.0,38750.0,37650.0,38300.0,38030.0,37925.0,40490.0,39471.666666666664,73926
2015-07-16,38300.0,38500.0,37700.0,38000.0,38000.0,37940.0,40418.333333333336,39476.666666666664,68473
2015-07-17,38250.0,38250.0,37450.0,37500.0,37960.0,37957.5,40345.0,39480.0,111305
2015-07-20,37500.0,37800.0,37150.0,37400.0,37870.0,37935.0,40270.0,39468.333333333336,74257
2015-07-21,37400.0,37850.0,37300.0,37550.0,37750.0,37912.5,40165.833333333336,39467.083333333336,88970
2015-07-22,37300.0,37650.0,36850.0,37200.0,37530.0,37860.0,40069.166666666664,39460.0,130165
2015-07-23,37200.0,37450.0,37150.0,37150.0,37360.0,37810.0,39975.0,39457.916666666664,53974
2015-07-24,37200.0,37250.0,36800.0,36850.0,37230.0,37775.0,39883.333333333336,39445.833333333336,74882
2015-07-27,36850.0,37500.0,36500.0,37200.0,37190.0,37785.0,39806.666666666664,39437.5,110442
2015-07-28,37400.0,37550.0,36700.0,37450.0,37170.0,37807.5,39745.833333333336,39435.833333333336,87359
2015-07-29,37200.0,37550.0,37000.0,37200.0,37170.0,37812.5,39670.833333333336,39421.25,112812
2015-07-30,37000.0,38100.0,37000.0,37150.0,37170.0,37780.0,39576.666666666664,39408.75,97961
2015-07-31,37350.0,38700.0,37250.0,38600.0,37520.0,37747.5,39510.833333333336,39407.5,115385
2015-08-03,38750.0,38950.0,38050.0,38950.0,37870.0,37785.0,39456.666666666664,39422.083333333336,67067
2015-08-04,38450.0,39100.0,38150.0,39100.0,38200.0,37790.0,39385.0,39441.666666666664,66711
2015-08-05,38500.0,39050.0,37950.0,38100.0,38380.0,37777.5,39310.0,39453.333333333336,62439
2015-08-06,38150.0,41100.0,38150.0,40850.0,39120.0,37912.5,39282.5,39484.166666666664,182422
2015-08-07,40550.0,40700.0,39800.0,39950.0,39390.0,38025.0,39234.166666666664,39508.75,87872
2015-08-10,39950.0,40050.0,38600.0,38750.0,39350.0,38070.0,39165.833333333336,39525.833333333336,77017
2015-08-11,39100.0,39100.0,38350.0,38600.0,39250.0,38092.5,39100.833333333336,39545.416666666664,48161
2015-08-12,38900.0,39050.0,38050.0,38550.0,39340.0,38105.0,39035.0,39558.75,55804
2015-08-13,38200.0,38500.0,38100.0,38100.0,38790.0,38110.0,38961.666666666664,39567.916666666664,66975
2015-08-14,38100.0,38100.0,38100.0,38100.0,38420.0,38140.0,38894.166666666664,39570.0,0
2015-08-17,38300.0,38550.0,37400.0,37550.0,38180.0,38147.5,38800.833333333336,39566.25,96858
2015-08-18,37450.0,37900.0,37450.0,37550.0,37970.0,38147.5,38713.333333333336,39568.333333333336,88469
2015-08-19,37000.0,37800.0,36900.0,37300.0,37720.0,38152.5,38635.0,39566.666666666664,122731
2015-08-20,37000.0,37250.0,35950.0,35950.0,37290.0,38092.5,38535.0,39550.416666666664,137853
2015-08-21,35750.0,36100.0,35000.0,35250.0,36720.0,38012.5,38425.833333333336,39531.25,127851
2015-08-24,34550.0,35250.0,34200.0,34950.0,36200.0,37900.0,38306.666666666664,39512.916666666664,160178
2015-08-25,34950.0,35000.0,34100.0,34100.0,35510.0,37732.5,38178.333333333336,39486.25,140398
2015-08-26,34200.0,35750.0,34050.0,35500.0,35150.0,37647.5,38075.0,39465.0,122353
2015-08-27,35350.0,36550.0,35300.0,36400.0,35240.0,37610.0,38001.666666666664,39452.916666666664,126837
2015-08-28,36450.0,36950.0,36150.0,36300.0,35450.0,37495.0,37925.833333333336,39447.083333333336,80721
2015-08-31,35950.0,36250.0,35500.0,36250.0,35710.0,37360.0,37845.833333333336,39456.25,129480
2015-09-01,35600.0,35950.0,35050.0,35100.0,35910.0,37160.0,37760.0,39438.75,124681
2015-09-02,34600.0,35300.0,34600.0,35150.0,35840.0,37012.5,37667.5,39420.416666666664,56583
2015-09-03,35200.0,35450.0,34650.0,34700.0,35500.0,36705.0,37558.333333333336,39409.166666666664,79104
2015-09-04,34700.0,34800.0,34200.0,34500.0,35140.0,36432.5,37470.833333333336,39384.166666666664,69351
2015-09-07,34550.0,34750.0,34300.0,34450.0,34780.0,36217.5,37396.666666666664,39360.416666666664,57351
2015-09-08,34950.0,34950.0,33550.0,33800.0,34520.0,35977.5,37321.666666666664,39327.083333333336,107035
2015-09-09,34000.0,34950.0,34000.0,34950.0,34480.0,35797.5,37275.833333333336,39305.416666666664,137569
2015-09-10,34800.0,35700.0,34500.0,35250.0,34590.0,35655.0,37235.0,39282.5,231162
2015-09-11,34950.0,35750.0,34950.0,35200.0,34730.0,35510.0,37202.5,39250.833333333336,107500
2015-09-14,35500.0,35550.0,34850.0,35050.0,34850.0,35385.0,37155.833333333336,39220.0,150889
2015-09-15,34850.0,35400.0,34850.0,35250.0,35140.0,35270.0,37110.0,39188.333333333336,105216
2015-09-16,35400.0,35800.0,35150.0,35350.0,35220.0,35172.5,37061.666666666664,39155.833333333336,143852
2015-09-17,35750.0,36800.0,35450.0,36800.0,35530.0,35215.0,37039.166666666664,39130.833333333336,261767
2015-09-18,36400.0,36700.0,35750.0,35750.0,35640.0,35240.0,37009.166666666664,39086.666666666664,200132
2015-09-21,35150.0,35800.0,35150.0,35700.0,35770.0,35277.5,36987.5,39042.5,71212
2015-09-22,36100.0,36300.0,35700.0,36050.0,35930.0,35375.0,36971.666666666664,39000.416666666664,72414
2015-09-23,35750.0,36650.0,35600.0,35650.0,35990.0,35382.5,36947.5,38961.666666666664,138612
2015-09-24,36400.0,36450.0,36050.0,36250.0,35880.0,35375.0,36921.666666666664,38925.833333333336,92177
2015-09-25,35850.0,36550.0,35850.0,36350.0,36000.0,35377.5,36873.333333333336,38885.0,69663
2015-09-30,36250.0,36450.0,35900.0,36250.0,36110.0,35377.5,36840.833333333336,38847.083333333336,101542
2015-10-01,36450.0,37100.0,36300.0,37050.0,36310.0,35475.0,36808.333333333336,38823.75,74987
2015-10-02,37100.0,37350.0,36450.0,36550.0,36490.0,35545.0,36778.333333333336,38783.75,50396
2015-10-05,36900.0,36900.0,35900.0,36250.0,36490.0,35622.5,36746.666666666664,38747.5,62063
2015-10-06,36300.0,36400.0,35150.0,35200.0,36260.0,35657.5,36705.0,38693.333333333336,180094
2015-10-07,35200.0,36000.0,35000.0,36000.0,36210.0,35735.0,36674.166666666664,38647.5,147418
2015-10-08,35700.0,36300.0,35500.0,35850.0,35970.0,35837.5,36635.833333333336,38595.833333333336,141218
2015-10-12,35850.0,37350.0,35850.0,36050.0,35870.0,35892.5,36598.333333333336,38544.166666666664,224285
2015-10-13,36150.0,36350.0,35600.0,35900.0,35800.0,35925.0,36563.333333333336,38490.833333333336,133128
2015-10-14,35950.0,37000.0,35600.0,37000.0,36160.0,36015.0,36555.0,38450.0,220950
2015-10-15,36950.0,37000.0,36250.0,36750.0,36310.0,36100.0,36544.166666666664,38407.083333333336,177921
2015-10-16,37000.0,37150.0,36550.0,36850.0,36510.0,36180.0,36532.5,38349.166666666664,114190
2015-10-19,36800.0,37400.0,36750.0,37100.0,36720.0,36267.5,36530.833333333336,38300.0,87743
2015-10-20,37200.0,37350.0,36900.0,37200.0,36980.0,36287.5,36531.666666666664,38253.333333333336,99591
2015-10-21,37300.0,38250.0,36800.0,37900.0,37160.0,36395.0,36549.166666666664,38216.25,144074
2015-10-22,37650.0,38300.0,37250.0,37350.0,37280.0,36477.5,36551.666666666664,38179.166666666664,139226
2015-10-23,37850.0,39400.0,37400.0,38650.0,37640.0,36607.5,36571.666666666664,38158.75,188371
2015-10-26,39300.0,39300.0,37800.0,38700.0,37960.0,36760.0,36596.666666666664,38133.75,94604
2015-10-27,38300.0,38500.0,37450.0,38450.0,38210.0,36870.0,36618.333333333336,38097.5,80780
2015-10-28,38200.0,38600.0,37700.0,38250.0,38280.0,36965.0,36612.5,38061.666666666664,75685
2015-10-29,37900.0,38100.0,37250.0,37650.0,38340.0,37035.0,36590.833333333336,38023.75,85914
2015-10-30,37700.0,38600.0,37200.0,38600.0,38330.0,37112.5,36582.5,37983.75,97707
2015-11-02,38450.0,38600.0,37650.0,38100.0,38210.0,37190.0,36582.5,37946.25,121807
2015-11-03,37650.0,38200.0,37450.0,38150.0,38150.0,37285.0,36537.5,37910.0,123419
2015-11-04,38150.0,38850.0,37700.0,38850.0,38270.0,37467.5,36519.166666666664,37876.666666666664,154518
2015-11-05,38700.0,38750.0,37400.0,37600.0,38260.0,37547.5,36500.0,37832.916666666664,144891
2015-11-06,37600.0,37650.0,36500.0,36600.0,37860.0,37585.0,36466.666666666664,37783.75,151122
2015-11-09,36600.0,36950.0,35800.0,36200.0,37480.0,37592.5,36427.5,37731.25,120472
2015-11-10,36400.0,36400.0,34700.0,35100.0,36870.0,37552.5,36377.5,37669.583333333336,129847
2015-11-11,34750.0,34950.0,34300.0,34600.0,36020.0,37432.5,36319.166666666664,37606.666666666664,122808
2015-11-12,34600.0,34600.0,34100.0,34350.0,35370.0,37312.5,36265.833333333336,37533.333333333336,84253
2015-11-13,34100.0,34250.0,33800.0,34000.0,34850.0,37170.0,36206.666666666664,37460.0,78973
2015-11-16,33800.0,34000.0,33200.0,33350.0,34280.0,36982.5,36140.833333333336,37387.916666666664,114118
2015-11-17,33600.0,33700.0,31800.0,31900.0,33640.0,36717.5,36073.333333333336,37304.166666666664,504557
2015-11-18,32300.0,33100.0,32150.0,33000.0,33320.0,36472.5,36035.833333333336,37230.833333333336,296815
2015-11-19,33100.0,33100.0,32250.0,32500.0,32950.0,36230.0,35995.0,37150.833333333336,151171
2015-11-20,32250.0,32600.0,32000.0,32100.0,32570.0,35902.5,35961.666666666664,37070.0,136656
2015-11-23,32200.0,32500.0,30900.0,31500.0,32200.0,35542.5,35895.0,36985.0,305768
2015-11-24,31500.0,31850.0,31050.0,31750.0,32170.0,35207.5,35817.5,36909.583333333336,181321
2015-11-25,31600.0,31600.0,30650.0,30650.0,31700.0,34827.5,35723.333333333336,36824.583333333336,297628
2015-11-26,30900.0,31450.0,30700.0,31400.0,31480.0,34515.0,35642.5,36744.166666666664,194346
2015-11-27,31550.0,31750.0,31050.0,31350.0,31330.0,34152.5,35580.0,36670.0,153366
2015-11-30,31350.0,31450.0,30800.0,31450.0,31320.0,33820.0,35518.333333333336,36592.916666666664,261887
2015-12-01,31400.0,31650.0,31200.0,31550.0,31280.0,33490.0,35465.833333333336,36512.083333333336,117039
2015-12-02,31550.0,31600.0,30950.0,30950.0,31340.0,33095.0,35406.666666666664,36438.75,168736
2015-12-03,31000.0,31300.0,30700.0,31300.0,31320.0,32780.0,35354.166666666664,36375.416666666664,106031
2015-12-04,31100.0,31250.0,30950.0,31050.0,31260.0,32502.5,35308.333333333336,36315.0,128067
2015-12-07,31400.0,31850.0,31200.0,31500.0,31270.0,32267.5,35250.833333333336,36263.333333333336,176309
2015-12-08,31700.0,31900.0,31350.0,31600.0,31280.0,32092.5,35190.0,36212.5,167190
2015-12-09,31800.0,31800.0,31250.0,31350.0,31360.0,31930.0,35125.833333333336,36164.166666666664,131980
2015-12-10,31400.0,31850.0,31300.0,31800.0,31460.0,31802.5,35071.666666666664,36113.75,176926
2015-12-11,31800.0,31950.0,31300.0,31550.0,31560.0,31680.0,35010.0,36060.0,134440
2015-12-14,31250.0,31700.0,31000.0,31700.0,31600.0,31597.5,34949.166666666664,36005.416666666664,124665
2015-12-15,31900.0,31950.0,31450.0,31850.0,31650.0,31595.0,34866.666666666664,35952.916666666664,159438
2015-12-16,31850.0,32150.0,31650.0,31650.0,31710.0,31527.5,34798.333333333336,35903.75,129399
2015-12-17,31950.0,33350.0,31750.0,33200.0,31990.0,31562.5,34756.666666666664,35872.083333333336,291867
2015-12-18,33100.0,33450.0,32400.0,32950.0,32270.0,31605.0,34705.0,35838.333333333336,138558
2015-12-21,33100.0,33400.0,32000.0,32000.0,32330.0,31630.0,34644.166666666664,35795.833333333336,202917
2015-12-22,32050.0,33000.0,32050.0,32900.0,32540.0,31687.5,34588.333333333336,35755.0,111512
2015-12-23,32650.0,32950.0,32450.0,32600.0,32730.0,31785.0,34525.833333333336,35699.583333333336,81946
2015-12-24,32650.0,32950.0,32650.0,32750.0,32640.0,31852.5,34467.5,35654.166666666664,80245
2015-12-28,32750.0,33000.0,32350.0,32350.0,32520.0,31902.5,34389.166666666664,35598.75,101085
2015-12-29,31450.0,31650.0,30800.0,31050.0,32330.0,31882.5,34297.5,35537.916666666664,171867
2015-12-30,31100.0,31200.0,30700.0,30850.0,31920.0,31847.5,34207.5,35477.083333333336,90900
2016-01-04,30750.0,30950.0,29500.0,30100.0,31420.0,31805.0,34122.5,35413.75,157049
2016-01-05,29700.0,30150.0,29700.0,29800.0,30830.0,31730.0,34019.166666666664,35346.666666666664,91554
2016-01-06,29750.0,29800.0,28650.0,28950.0,30150.0,31625.0,33904.166666666664,35270.0,169480
2016-01-07,28850.0,29300.0,28650.0,28900.0,29720.0,31495.0,33785.0,35191.666666666664,108420
2016-01-08,28850.0,28900.0,28150.0,28750.0,29300.0,31352.5,33665.833333333336,35114.583333333336,102331
2016-01-11,28400.0,28950.0,28150.0,28700.0,29020.0,31220.0,33527.5,35041.25,93885
2016-01-12,29000.0,29550.0,29000.0,29100.0,28880.0,31085.0,33400.0,34972.083333333336,158091
2016-01-13,29350.0,29850.0,29100.0,29800.0,29050.0,30997.5,33282.5,34907.5,72098
2016-01-14,29750.0,29750.0,29050.0,29500.0,29170.0,30887.5,33155.833333333336,34843.333333333336,95837
2016-01-15,29550.0,29750.0,28800.0,28950.0,29210.0,30742.5,33018.333333333336,34775.0,69677
2016-01-18,29100.0,30400.0,28950.0,30100.0,29490.0,30665.0,32888.333333333336,34718.75,139715
2016-01-19,30300.0,30500.0,29300.0,30000.0,29670.0,30505.0,32765.833333333332,34658.75,64345
2016-01-20,29600.0,30000.0,28700.0,28700.0,29450.0,30292.5,32600.0,34585.833333333336,83130
2016-01-21,29350.0,29450.0,28800.0,29400.0,29430.0,30162.5,32445.0,34520.833333333336,74652
2016-01-22,29650.0,29950.0,29050.0,29800.0,29600.0,30007.5,32300.833333333332,34459.583333333336,65708
2016-01-25,29800.0,31100.0,29800.0,30300.0,29640.0,29892.5,32168.333333333332,34390.416666666664,148115
2016-01-26,30650.0,31400.0,29900.0,31350.0,29910.0,29822.5,32063.333333333332,34327.083333333336,142415
2016-01-27,31800.0,32000.0,30850.0,31700.0,30510.0,29790.0,31948.333333333332,34265.416666666664,131819
2016-01-28,31000.0,40750.0,31000.0,35000.0,31630.0,29987.5,31896.666666666668,34239.583333333336,44455656
2016-01-29,36350.0,39950.0,36200.0,38050.0,33280.0,30347.5,31895.0,34216.25,2190306
2016-02-01,38000.0,38300.0,36850.0,37750.0,34770.0,30730.0,31876.666666666668,34197.916666666664,449507
2016-02-02,37700.0,38100.0,36900.0,37550.0,36010.0,31117.5,31875.833333333332,34187.916666666664,387717
2016-02-03,36900.0,38250.0,36900.0,37400.0,37150.0,31540.0,31889.166666666668,34177.916666666664,286867
2016-02-04,37500.0,37900.0,37000.0,37750.0,37700.0,31982.5,31915.0,34171.25,161366
2016-02-05,37500.0,38400.0,37000.0,37800.0,37650.0,32435.0,31960.0,34168.75,460447
2016-02-11,37700.0,38100.0,36650.0,37600.0,37620.0,32880.0,32010.0,34164.583333333336,200224
2016-02-12,37600.0,37650.0,36150.0,36150.0,37340.0,33232.5,32040.0,34152.916666666664,244011
2016-02-15,36200.0,37300.0,36150.0,36650.0,37190.0,33575.0,32084.166666666668,34145.416666666664,262875
2016-02-16,36650.0,37150.0,35850.0,36850.0,37010.0,33942.5,32142.5,34141.666666666664,118160
2016-02-17,36500.0,37400.0,36300.0,36800.0,36810.0,34335.0,32224.166666666668,34148.75,181023
2016-02-18,37150.0,38000.0,36850.0,37700.0,36830.0,34715.0,32302.5,34169.166666666664,235833
2016-02-19,37650.0,37650.0,36100.0,37050.0,37010.0,35067.5,32378.333333333332,34186.666666666664,149946
2016-02-22,37000.0,37350.0,36500.0,37350.0,37150.0,35500.0,32465.833333333332,34213.75,87974
2016-02-23,37350.0,37850.0,37050.0,37350.0,37250.0,35897.5,32563.333333333332,34229.166666666664,147073
2016-02-24,37300.0,37350.0,36350.0,37050.0,37300.0,36260.0,32651.666666666668,34234.583333333336,111003
2016-02-25,37150.0,37550.0,36600.0,36750.0,37110.0,36582.5,32753.333333333332,34238.333333333336,102547
2016-02-26,36750.0,37750.0,36700.0,37050.0,37110.0,36867.5,32847.5,34245.0,115855
2016-02-29,36550.0,37550.0,35700.0,35700.0,36780.0,37067.5,32920.0,34250.0,191321
2016-03-02,35800.0,37000.0,35800.0,36250.0,36560.0,37130.0,33000.0,34259.166666666664,116837
2016-03-03,36850.0,37050.0,36300.0,36600.0,36470.0,37057.5,33084.166666666664,34275.0,90817
2016-03-04,36450.0,36750.0,36050.0,36300.0,36380.0,36985.0,33173.333333333336,34290.0,198993
2016-03-07,36600.0,36600.0,35800.0,36100.0,36190.0,36912.5,33253.333333333336,34303.75,86432
2016-03-08,35950.0,36050.0,34350.0,34600.0,35970.0,36772.5,33312.5,34310.416666666664,217177
2016-03-09,34550.0,35150.0,34350.0,35150.0,35750.0,36642.5,33373.333333333336,34312.083333333336,90326
2016-03-10,35200.0,37000.0,35150.0,36100.0,35650.0,36557.5,33448.333333333336,34319.166666666664,219210
2016-03-11,36250.0,36250.0,34600.0,34700.0,35330.0,36412.5,33504.166666666664,34315.0,207842
2016-03-14,34950.0,35950.0,34750.0,35100.0,35130.0,36360.0,33559.166666666664,34315.416666666664,229492
2016-03-15,35850.0,37200.0,35550.0,36700.0,35550.0,36362.5,33645.0,34327.5,264409
2016-03-16,36750.0,36900.0,36200.0,36700.0,35860.0,36355.0,33728.333333333336,34338.75,89298
2016-03-17,36700.0,38400.0,36600.0,38300.0,36300.0,36430.0,33835.833333333336,34351.25,239463
2016-03-18,38300.0,38550.0,37400.0,38000.0,36960.0,36445.0,33941.666666666664,34370.0,219063
2016-03-21,38000.0,38450.0,37500.0,37800.0,37500.0,36482.5,34018.333333333336,34387.5,177071
2016-03-22,37750.0,38050.0,37200.0,37500.0,37660.0,36490.0,34094.166666666664,34399.583333333336,192075
2016-03-23,37400.0,38550.0,37400.0,37900.0,37900.0,36517.5,34192.5,34418.333333333336,99701
2016-03-24,37500.0,37800.0,37050.0,37550.0,37750.0,36542.5,34270.0,34429.166666666664,107835
2016-03-25,37550.0,38850.0,37550.0,38250.0,37800.0,36617.5,34364.166666666664,34445.0,148768
2016-03-28,38250.0,38600.0,37700.0,37900.0,37820.0,36660.0,34450.0,34458.75,62398
2016-03-29,37900.0,37950.0,37050.0,37500.0,37820.0,36750.0,34535.833333333336,34462.5,109558
2016-03-30,37900.0,37900.0,37100.0,37200.0,37680.0,36797.5,34638.333333333336,34467.916666666664,132487
2016-03-31,37900.0,38650.0,37550.0,37650.0,37700.0,36850.0,34751.666666666664,34479.583333333336,268412
2016-04-01,38000.0,39900.0,37800.0,39700.0,37990.0,37020.0,34911.666666666664,34517.083333333336,368249
2016-04-04,39400.0,40150.0,39100.0,39450.0,38300.0,37187.5,35072.5,34545.833333333336,129883
2016-04-05,39250.0,39700.0,38500.0,39200.0,38640.0,37417.5,35243.333333333336,34573.75,120851
2016-04-06,38900.0,39450.0,38550.0,38750.0,38950.0,37597.5,35407.5,34596.25,132338
2016-04-07,38400.0,39000.0,38400.0,38750.0,39170.0,37730.0,35574.166666666664,34620.0,68167
2016-04-08,38400.0,39650.0,37900.0,39450.0,39120.0,37967.5,35753.333333333336,34640.416666666664,150214
2016-04-11,38850.0,39600.0,38400.0,38650.0,38960.0,38145.0,35912.5,34656.25,109957
2016-04-12,38400.0,39500.0,38300.0,38650.0,38850.0,38242.5,36060.0,34671.25,170357
2016-04-14,38500.0,40050.0,38500.0,39650.0,39030.0,38390.0,36229.166666666664,34692.5,216304
2016-04-15,39450.0,40100.0,39150.0,39500.0,39180.0,38450.0,36405.0,34711.666666666664,152792
2016-04-18,39050.0,39100.0,37300.0,38550.0,39000.0,38477.5,36545.833333333336,34717.083333333336,183176
2016-04-19,38500.0,39800.0,38450.0,39200.0,39110.0,38547.5,36699.166666666664,34732.5,110874
2016-04-20,39250.0,39950.0,38650.0,39350.0,39250.0,38640.0,36876.666666666664,34738.333333333336,117645
2016-04-21,39650.0,39650.0,38150.0,38750.0,39070.0,38682.5,37032.5,34738.75,216172
2016-04-22,38400.0,39400.0,38400.0,39300.0,39030.0,38770.0,37190.833333333336,34745.833333333336,69994
2016-04-25,38800.0,39400.0,38650.0,39350.0,39190.0,38825.0,37341.666666666664,34755.0,83322
2016-04-26,39050.0,39850.0,38500.0,39750.0,39300.0,38917.5,37481.666666666664,34772.5,133142
2016-04-27,39450.0,39800.0,38900.0,39550.0,39340.0,39020.0,37612.5,34780.416666666664,148305
2016-04-28,39850.0,40350.0,39700.0,40000.0,39590.0,39160.0,37695.833333333336,34796.25,187141
2016-04-29,39900.0,39900.0,38650.0,38800.0,39490.0,39217.5,37708.333333333336,34801.666666666664,133339
2016-05-02,38500.0,39700.0,38400.0,39700.0,39560.0,39217.5,37740.833333333336,34808.75,97468
2016-05-03,39700.0,39700.0,38900.0,38900.0,39390.0,39190.0,37763.333333333336,34819.583333333336,104292
2016-05-04,38500.0,39250.0,38150.0,38550.0,39190.0,39157.5,37782.5,34835.833333333336,147637
2016-05-09,38600.0,39050.0,38100.0,38600.0,38910.0,39150.0,37796.666666666664,34855.833333333336,124974
2016-05-10,38300.0,38850.0,38050.0,38750.0,38900.0,39150.0,37812.5,34886.25,88788
2016-05-11,38550.0,39150.0,37600.0,38950.0,38750.0,39125.0,37835.0,34922.5,129720
2016-05-12,38700.0,39050.0,38550.0,38750.0,38720.0,39130.0,37878.333333333336,34959.166666666664,59327
2016-05-13,39150.0,39400.0,38500.0,39050.0,38820.0,39150.0,37918.333333333336,35001.25,65051
2016-05-16,38700.0,39300.0,38650.0,38800.0,38860.0,39107.5,37950.833333333336,35046.666666666664,75382
2016-05-17,38800.0,39100.0,38000.0,38250.0,38760.0,39045.0,37975.0,35099.583333333336,72649
2016-05-18,38250.0,38600.0,37900.0,38350.0,38640.0,39035.0,37985.833333333336,35144.166666666664,63840
2016-05-19,38100.0,39250.0,38050.0,39050.0,38700.0,39027.5,38019.166666666664,35198.75,101198
2016-05-20,38900.0,39200.0,38650.0,38750.0,38640.0,38997.5,38042.5,35254.166666666664,59018
2016-05-23,38450.0,38900.0,37950.0,38200.0,38520.0,38970.0,38056.666666666664,35310.0,60377
2016-05-24,38100.0,38450.0,37900.0,38000.0,38470.0,38905.0,38072.5,35362.083333333336,58430
2016-05-25,38050.0,38800.0,37950.0,38650.0,38530.0,38870.0,38104.166666666664,35428.75,70573
2016-05-26,38400.0,39000.0,38350.0,38350.0,38390.0,38800.0,38125.833333333336,35486.666666666664,49895
2016-05-27,38800.0,38900.0,38350.0,38500.0,38340.0,38747.5,38172.5,35546.25,38987
2016-05-30,38300.0,38400.0,37600.0,37950.0,38290.0,38645.0,38200.833333333336,35600.416666666664,101925
2016-05-31,37850.0,39100.0,37600.0,38350.0,38360.0,38622.5,38230.0,35657.083333333336,191372
2016-06-01,38250.0,39200.0,38200.0,38850.0,38400.0,38580.0,38272.5,35722.916666666664,144375
2016-06-02,38650.0,39350.0,38300.0,38700.0,38470.0,38570.0,38315.833333333336,35784.583333333336,73859
2016-06-03,38700.0,39250.0,38700.0,39100.0,38590.0,38597.5,38390.833333333336,35851.666666666664,129664
2016-06-07,39100.0,39850.0,39050.0,39450.0,38890.0,38640.0,38462.5,35917.916666666664,121520
2016-06-08,39150.0,40450.0,39150.0,40450.0,39310.0,38725.0,38535.0,35991.666666666664,171778
2016-06-09,40450.0,41950.0,40150.0,41950.0,39930.0,38875.0,38655.833333333336,36080.0,235191
2016-06-10,42200.0,42500.0,40800.0,41400.0,40470.0,39007.5,38760.833333333336,36160.0,203602
2016-06-13,41400.0,42650.0,41200.0,42350.0,41120.0,39172.5,38855.0,36250.0,256635
2016-06-14,42350.0,42400.0,41500.0,41800.0,41590.0,39322.5,38940.0,36334.166666666664,102493
2016-06-15,41400.0,41650.0,40900.0,41400.0,41780.0,39480.0,38991.666666666664,36413.75,110312
2016-06-16,41400.0,41400.0,40650.0,41100.0,41610.0,39617.5,39043.333333333336,36492.5,137533
2016-06-17,41700.0,41700.0,40750.0,41400.0,41610.0,39735.0,39103.333333333336,36560.833333333336,113377
2016-06-20,42000.0,42000.0,40450.0,41150.0,41370.0,39855.0,39164.166666666664,36629.166666666664,121663
2016-06-21,40950.0,41200.0,40400.0,40650.0,41140.0,39977.5,39210.0,36701.25,111318
2016-06-22,40500.0,41350.0,40250.0,41000.0,41060.0,40127.5,39267.5,36768.75,170579
2016-06-23,41350.0,42450.0,41100.0,41550.0,41150.0,40272.5,39322.5,36843.333333333336,205894
2016-06-24,41550.0,42950.0,40800.0,41200.0,41110.0,40415.0,39377.5,36913.75,372992
2016-06-27,42200.0,42200.0,39750.0,40600.0,41000.0,40520.0,39429.166666666664,36982.5,95627
2016-06-28,40050.0,41450.0,39450.0,41400.0,41150.0,40692.5,39499.166666666664,37068.75,148636
2016-06-29,41050.0,41450.0,40650.0,41000.0,41150.0,40825.0,39555.0,37153.333333333336,107487
2016-06-30,41150.0,42600.0,40800.0,41500.0,41140.0,40957.5,39585.0,37248.333333333336,195986
2016-07-01,41600.0,42150.0,41100.0,41550.0,41210.0,41100.0,39620.0,37346.25,60727
2016-07-04,41350.0,41900.0,41150.0,41250.0,41340.0,41207.5,39654.166666666664,37448.75,32588
2016-07-05,41200.0,41850.0,41000.0,41400.0,41340.0,41305.0,39698.333333333336,37552.916666666664,61658
2016-07-06,41700.0,41700.0,39950.0,40450.0,41230.0,41305.0,39726.666666666664,37650.416666666664,104537
2016-07-07,40850.0,40850.0,40100.0,40300.0,40990.0,41222.5,39740.833333333336,37747.083333333336,46628
2016-07-08,40650.0,40900.0,40150.0,40700.0,40820.0,41187.5,39775.0,37843.75,134241
2016-07-11,41450.0,43000.0,41300.0,42700.0,41110.0,41205.0,39842.5,37951.25,270691
2016-07-12,42600.0,44400.0,42450.0,44150.0,41660.0,41322.5,39917.5,38073.333333333336,255445
2016-07-13,44400.0,45100.0,44400.0,44900.0,42550.0,41497.5,40007.5,38206.25,174050
2016-07-14,44850.0,44900.0,43050.0,43600.0,43210.0,41622.5,40091.666666666664,38318.75,185138
2016-07-15,43650.0,44900.0,43500.0,44500.0,43970.0,41777.5,40180.0,38439.583333333336,177608
2016-07-18,44600.0,45100.0,44300.0,44800.0,44390.0,41960.0,40270.833333333336,38573.75,152363
2016-07-19,44800.0,45200.0,44050.0,44800.0,44520.0,42167.5,40371.666666666664,38702.083333333336,110389
2016-07-20,44800.0,45500.0,43850.0,45400.0,44620.0,42387.5,40473.333333333336,38832.083333333336,130627
2016-07-21,45000.0,45000.0,42700.0,42750.0,44450.0,42447.5,40530.0,38935.833333333336,215884
2016-07-22,42850.0,43500.0,42600.0,43050.0,44160.0,42540.0,40585.0,39033.333333333336,96602
2016-07-25,43200.0,43600.0,42500.0,42850.0,43770.0,42652.5,40640.0,39126.25,124397
2016-07-26,42700.0,43000.0,42150.0,42650.0,43340.0,42715.0,40684.166666666664,39190.0,135154
2016-07-27,42850.0,43600.0,42600.0,43350.0,42930.0,42832.5,40760.0,39234.166666666664,108686
2016-07-28,43000.0,43600.0,42750.0,43450.0,43070.0,42930.0,40822.5,39281.666666666664,92078
2016-07-29,42950.0,43950.0,42250.0,43150.0,43090.0,43010.0,40893.333333333336,39328.333333333336,202986
2016-08-01,43150.0,44350.0,42900.0,44150.0,43350.0,43155.0,40986.666666666664,39384.583333333336,202025
2016-08-02,43650.0,43800.0,42350.0,43500.0,43520.0,43260.0,41068.333333333336,39432.5,158375
2016-08-03,42650.0,43150.0,42100.0,43050.0,43460.0,43390.0,41140.0,39476.25,102793
2016-08-04,42700.0,43250.0,42500.0,43000.0,43370.0,43525.0,41207.5,39521.25,83790
2016-08-05,42700.0,43400.0,42700.0,43050.0,43350.0,43642.5,41279.166666666664,39578.75,105111
2016-08-08,43100.0,43150.0,41750.0,42100.0,42940.0,43612.5,41330.0,39624.166666666664,144297
2016-08-09,41950.0,42450.0,41900.0,42250.0,42690.0,43517.5,41387.5,39669.166666666664,102837
2016-08-10,42000.0,42400.0,41700.0,42000.0,42480.0,43372.5,41450.0,39712.5,82036
2016-08-11,41800.0,42000.0,41300.0,41550.0,42190.0,43270.0,41503.333333333336,39744.583333333336,92860
2016-08-12,41650.0,42950.0,41550.0,42450.0,42070.0,43167.5,41560.0,39789.583333333336,133994
2016-08-16,42850.0,42950.0,41250.0,41350.0,41920.0,42995.0,41603.333333333336,39822.916666666664,111748
2016-08-17,41350.0,41550.0,41050.0,41400.0,41750.0,42825.0,41656.666666666664,39856.666666666664,89771
2016-08-18,41200.0,41750.0,41050.0,41450.0,41640.0,42627.5,41714.166666666664,39893.333333333336,138065
2016-08-19,41500.0,43250.0,41450.0,42900.0,41910.0,42635.0,41785.0,39944.583333333336,392665
2016-08-22,42950.0,43150.0,42050.0,42450.0,41910.0,42605.0,41853.333333333336,39989.583333333336,151165
2016-08-23,42650.0,42650.0,41800.0,41900.0,42020.0,42557.5,41910.0,40041.25,132207
2016-08-24,41800.0,43100.0,41650.0,42850.0,42310.0,42567.5,41991.666666666664,40096.25,224792
2016-08-25,43300.0,44200.0,42900.0,44050.0,42830.0,42602.5,42086.666666666664,40158.333333333336,137302
2016-08-26,44550.0,44550.0,42950.0,43000.0,42850.0,42580.0,42155.833333333336,40214.166666666664,122096
2016-08-29,43300.0,44000.0,42600.0,43200.0,43000.0,42582.5,42230.833333333336,40273.333333333336,121546
2016-08-30,43250.0,44350.0,43250.0,43800.0,43380.0,42565.0,42309.166666666664,40350.0,85708
2016-08-31,44200.0,44350.0,43300.0,44250.0,43660.0,42602.5,42389.166666666664,40425.833333333336,187849
2016-09-01,52000.0,53200.0,49550.0,50900.0,45030.0,42995.0,42563.333333333336,40549.166666666664,1421011
2016-09-02,51300.0,51300.0,50000.0,50200.0,46470.0,43355.0,42700.833333333336,40678.333333333336,274125
2016-09-05,50000.0,50800.0,49950.0,50700.0,47970.0,43737.5,42855.833333333336,40808.333333333336,255011
2016-09-06,50500.0,52000.0,50400.0,51700.0,49550.0,44217.5,43011.666666666664,40933.333333333336,258054
2016-09-07,51700.0,52600.0,51500.0,52400.0,51180.0,44725.0,43188.333333333336,41064.166666666664,321813
2016-09-08,52600.0,53400.0,52000.0,52500.0,51500.0,45250.0,43373.333333333336,41182.5,325031
2016-09-09,52000.0,53000.0,51500.0,52700.0,52000.0,45807.5,43566.666666666664,41305.0,146814
2016-09-12,52700.0,55000.0,51500.0,54300.0,52720.0,46400.0,43781.666666666664,41442.5,403736
2016-09-13,55300.0,55300.0,53100.0,53300.0,53040.0,46997.5,43984.166666666664,41574.166666666664,423351
2016-09-19,52400.0,53200.0,51600.0,52400.0,53040.0,47547.5,44180.0,41695.0,493779
2016-09-20,52000.0,52500.0,51100.0,51100.0,52760.0,48030.0,44348.333333333336,41807.916666666664,499537
2016-09-21,51300.0,52500.0,51100.0,52200.0,52660.0,48495.0,44525.833333333336,41924.166666666664,352267
2016-09-22,52300.0,52700.0,51400.0,51700.0,52140.0,48957.5,44700.833333333336,42039.166666666664,382958
2016-09-23,52000.0,52100.0,51200.0,51500.0,51780.0,49437.5,44882.5,42155.833333333336,405157
2016-09-26,51800.0,51800.0,49950.0,50300.0,51360.0,49810.0,45030.833333333336,42265.0,244435
2016-09-27,49650.0,51400.0,49650.0,50800.0,51300.0,50147.5,45194.166666666664,42374.583333333336,222646
2016-09-28,50800.0,51500.0,50200.0,51500.0,51160.0,50572.5,45360.833333333336,42472.916666666664,296775
2016-09-29,51400.0,52000.0,51100.0,51900.0,51200.0,51007.5,45533.333333333336,42576.666666666664,270045
2016-09-30,51300.0,51700.0,50100.0,50100.0,50920.0,51322.5,45680.833333333336,42667.5,401125
2016-10-04,50200.0,51100.0,49900.0,50200.0,50900.0,51620.0,45827.5,42762.916666666664,282924
2016-10-05,49850.0,50700.0,49450.0,50600.0,50860.0,51605.0,45996.666666666664,42861.666666666664,340765
2016-10-06,50000.0,50700.0,49950.0,49950.0,50550.0,51592.5,46157.5,42949.166666666664,256652
2016-10-07,49800.0,50600.0,49700.0,49750.0,50120.0,51545.0,46308.333333333336,43041.666666666664,422658
2016-10-10,50400.0,50600.0,49850.0,49850.0,50070.0,51452.5,46427.5,43135.0,254363
2016-10-11,50500.0,50600.0,50000.0,50400.0,50110.0,51352.5,46531.666666666664,43224.583333333336,221682
2016-10-12,50500.0,51300.0,50200.0,50800.0,50150.0,51267.5,46630.0,43318.75,248103
2016-10-13,50600.0,51200.0,50300.0,51200.0,50400.0,51192.5,46756.666666666664,43424.166666666664,216567
2016-10-14,51400.0,51600.0,50700.0,51300.0,50710.0,51042.5,46870.0,43525.0,215665
2016-10-17,51900.0,51900.0,49600.0,50300.0,50800.0,50892.5,46961.666666666664,43616.25,177891
2016-10-18,50300.0,50800.0,50000.0,50800.0,50880.0,50812.5,47061.666666666664,43716.666666666664,272835
2016-10-19,50400.0,50800.0,50300.0,50600.0,50840.0,50787.5,47148.333333333336,43810.833333333336,244194
2016-10-20,50600.0,50900.0,50200.0,50700.0,50740.0,50712.5,47280.833333333336,43905.416666666664,197382
2016-10-21,51000.0,51100.0,50400.0,50600.0,50600.0,50657.5,47406.666666666664,43995.833333333336,216358
2016-10-24,50200.0,51000.0,50200.0,50800.0,50700.0,50622.5,47539.166666666664,44089.583333333336,193117
2016-10-25,50400.0,50900.0,49950.0,50000.0,50540.0,50607.5,47661.666666666664,44172.916666666664,159522
2016-10-26,50000.0,50100.0,48850.0,49400.0,50300.0,50537.5,47762.5,44261.25,129424
2016-10-27,49300.0,49300.0,47950.0,48600.0,49880.0,50392.5,47848.333333333336,44335.416666666664,207079
2016-10-28,48000.0,49050.0,47700.0,49050.0,49570.0,50250.0,47946.666666666664,44420.0,145783
2016-10-31,48350.0,48900.0,47800.0,48200.0,49050.0,50155.0,48014.166666666664,44500.416666666664,159942
2016-11-01,48700.0,48700.0,47450.0,47600.0,48570.0,50025.0,48082.5,44575.416666666664,168041
2016-11-02,47100.0,47750.0,46900.0,47150.0,48120.0,49852.5,48150.833333333336,44645.416666666664,141218
2016-11-03,47500.0,47500.0,46250.0,46950.0,47790.0,49702.5,48216.666666666664,44712.083333333336,190304
2016-11-04,48050.0,48050.0,46450.0,46800.0,47340.0,49555.0,48279.166666666664,44779.166666666664,116966
2016-11-07,47800.0,47800.0,46600.0,47300.0,47160.0,49427.5,48365.833333333336,44847.916666666664,132491
2016-11-08,47150.0,47750.0,46250.0,47300.0,47100.0,49272.5,48450.0,44918.75,139739
2016-11-09,47450.0,47450.0,45000.0,45500.0,46770.0,49007.5,48508.333333333336,44979.166666666664,180745
2016-11-10,46000.0,46350.0,45350.0,45650.0,46510.0,48730.0,48576.666666666664,45040.0,188972
2016-11-11,45000.0,45700.0,44250.0,45300.0,46210.0,48430.0,48624.166666666664,45092.083333333336,213232
2016-11-14,44750.0,45300.0,44300.0,44950.0,45740.0,48162.5,48684.166666666664,45143.75,128979
2016-11-15,44300.0,45200.0,44300.0,44600.0,45200.0,47852.5,48737.5,45197.083333333336,91586
2016-11-16,44600.0,45500.0,44600.0,44650.0,45030.0,47555.0,48790.833333333336,45252.5,170667
2016-11-17,44650.0,45200.0,44650.0,45050.0,44910.0,47272.5,48826.666666666664,45305.833333333336,160011
2016-11-18,45350.0,45500.0,43700.0,44250.0,44700.0,46955.0,48856.666666666664,45355.0,143407
2016-11-21,44750.0,45150.0,44000.0,44350.0,44580.0,46632.5,48897.5,45403.75,142917
2016-11-22,44750.0,45200.0,43400.0,43400.0,44340.0,46302.5,48906.666666666664,45449.166666666664,140972
2016-11-23,43000.0,44650.0,42950.0,44300.0,44270.0,46047.5,48910.833333333336,45498.75,142670
2016-11-24,43850.0,44250.0,42750.0,43450.0,43950.0,45790.0,48918.333333333336,45537.083333333336,125375
2016-11-25,43600.0,44050.0,43150.0,43200.0,43740.0,45497.5,48918.333333333336,45574.583333333336,81419
2016-11-28,43100.0,43450.0,42500.0,42850.0,43440.0,45230.0,48902.5,45605.833333333336,87682
2016-11-29,42500.0,43100.0,42000.0,42350.0,43230.0,44967.5,48870.833333333336,45630.0,169845
2016-11-30,42500.0,42850.0,41800.0,41800.0,42730.0,44700.0,48719.166666666664,45641.25,237339
2016-12-01,41700.0,42150.0,41600.0,42000.0,42440.0,44452.5,48582.5,45641.666666666664,130032
2016-12-02,42000.0,42050.0,41050.0,41200.0,42040.0,44172.5,48424.166666666664,45640.0,171945
2016-12-05,41350.0,42700.0,41000.0,42200.0,41910.0,43917.5,48265.833333333336,45638.75,145122
2016-12-06,42800.0,42800.0,41250.0,41400.0,41720.0,43622.5,48082.5,45635.416666666664,169520
2016-12-07,41650.0,42050.0,41100.0,41650.0,41690.0,43430.0,47901.666666666664,45637.5,117565
2016-12-08,41700.0,42500.0,41050.0,42500.0,41790.0,43272.5,47731.666666666664,45649.166666666664,264583
2016-12-09,41600.0,41750.0,41050.0,41450.0,41840.0,43080.0,47517.5,45649.583333333336,143088
2016-12-12,41600.0,42000.0,41050.0,41700.0,41740.0,42917.5,47324.166666666664,45654.166666666664,139750
2016-12-13,41950.0,41950.0,41350.0,41400.0,41740.0,42757.5,47140.833333333336,45660.416666666664,135566
2016-12-14,41450.0,42300.0,41350.0,41950.0,41800.0,42622.5,46988.333333333336,45668.333333333336,158879
2016-12-15,41700.0,42150.0,41300.0,41700.0,41640.0,42455.0,46813.333333333336,45669.583333333336,140870
2016-12-16,41550.0,42200.0,41200.0,42050.0,41760.0,42345.0,46652.5,45676.666666666664,209879
2016-12-19,41850.0,42650.0,41800.0,42100.0,41840.0,42232.5,46495.833333333336,45689.166666666664,122657
2016-12-20,42050.0,42600.0,41900.0,42100.0,41980.0,42167.5,46359.166666666664,45695.0,125934
2016-12-21,42300.0,42350.0,41200.0,41200.0,41830.0,42012.5,46199.166666666664,45696.666666666664,218301
2016-12-22,41300.0,42200.0,41250.0,41500.0,41790.0,41915.0,46032.5,45696.666666666664,224594
2016-12-23,41750.0,41800.0,41350.0,41600.0,41700.0,41835.0,45860.833333333336,45697.083333333336,84591
2016-12-26,41600.0,42650.0,41600.0,42500.0,41780.0,41817.5,45734.166666666664,45707.5,97200
2016-12-27,42800.0,43350.0,42450.0,43150.0,41990.0,41857.5,45616.666666666664,45722.083333333336,184279
2016-12-28,41950.0,42000.0,41000.0,41200.0,41990.0,41827.5,45460.0,45728.333333333336,194358
2016-12-29,41200.0,41250.0,39650.0,39700.0,41630.0,41712.5,45289.166666666664,45723.333333333336,282124
2017-01-02,39650.0,40550.0,39450.0,40300.0,41370.0,41667.5,45131.666666666664,45720.0,101621
2017-01-03,40200.0,40600.0,39200.0,39500.0,40770.0,41532.5,44959.166666666664,45693.333333333336,173172
2017-01-04,39500.0,39500.0,38750.0,39200.0,39980.0,41422.5,44772.5,45652.083333333336,208537
2017-01-05,38950.0,39350.0,38700.0,39000.0,39540.0,41290.0,44575.833333333336,45602.916666666664,183530
2017-01-06,39000.0,39600.0,38800.0,39550.0,39510.0,41142.5,44381.666666666664,45569.166666666664,106895
2017-01-09,39250.0,39500.0,38750.0,38750.0,39200.0,41007.5,44172.5,45521.25,92455
2017-01-10,38450.0,39250.0,38200.0,38950.0,39090.0,40870.0,43983.333333333336,45472.5,125844
2017-01-11,38550.0,39550.0,38550.0,39450.0,39140.0,40772.5,43794.166666666664,45427.916666666664,99937
2017-01-12,39500.0,39550.0,38550.0,39200.0,39180.0,40635.0,43604.166666666664,45376.25,160683
2017-01-13,38800.0,39200.0,38800.0,39050.0,39080.0,40502.5,43410.0,45345.416666666664,106432
2017-01-16,39100.0,39250.0,38750.0,39100.0,39150.0,40355.0,43218.333333333336,45312.5,52689
2017-01-17,39200.0,39200.0,38550.0,38550.0,39070.0,40177.5,43014.166666666664,45276.666666666664,115567
2017-01-18,38700.0,38950.0,38450.0,38700.0,38920.0,40007.5,42825.833333333336,45243.75,121101
2017-01-19,38700.0,39350.0,38700.0,39150.0,38910.0,39905.0,42655.0,45208.75,108947
2017-01-20,39200.0,39350.0,38800.0,39200.0,38940.0,39790.0,42498.333333333336,45173.333333333336,78206
2017-01-23,39200.0,39250.0,38700.0,38750.0,38870.0,39647.5,42326.666666666664,45136.666666666664,55677
2017-01-24,38600.0,39100.0,38500.0,38700.0,38900.0,39457.5,42168.333333333336,45091.25,81563
2017-01-25,38950.0,39400.0,38650.0,39200.0,39000.0,39260.0,42028.333333333336,45055.416666666664,128193
2017-01-26,39500.0,39950.0,39250.0,39600.0,39090.0,39180.0,41902.5,45026.666666666664,135527
2017-01-31,39600.0,40150.0,39150.0,39150.0,39080.0,39152.5,41772.5,44994.583333333336,176728
2017-02-01,39550.0,39600.0,38700.0,38750.0,39080.0,39075.0,41638.333333333336,44958.75,126603
2017-02-02,38650.0,39300.0,38650.0,38950.0,39130.0,39047.5,41499.166666666664,44932.5,88092
2017-02-03,38950.0,40550.0,38950.0,40400.0,39370.0,39107.5,41384.166666666664,44917.083333333336,161621
2017-02-06,40650.0,41700.0,40500.0,41600.0,39770.0,39237.5,41319.166666666664,44913.75,161444
2017-02-07,41700.0,41850.0,40650.0,41750.0,40290.0,39347.5,41254.166666666664,44915.416666666664,102231
2017-02-08,41300.0,41900.0,41200.0,41750.0,40890.0,39497.5,41195.0,44909.583333333336,111195
2017-02-09,41300.0,42100.0,41100.0,42050.0,41510.0,39652.5,41146.666666666664,44915.416666666664,80309
2017-02-10,42350.0,42600.0,41750.0,42300.0,41890.0,39795.0,41108.333333333336,44922.916666666664,110604
2017-02-13,42200.0,42700.0,42100.0,42550.0,42080.0,39962.5,41073.333333333336,44932.083333333336,81686
2017-02-14,42700.0,42700.0,41800.0,41900.0,42110.0,40105.0,41020.833333333336,44923.75,136873
2017-02-15,41450.0,42550.0,41450.0,41950.0,42150.0,40247.5,40982.5,44919.583333333336,101074
2017-02-16,42000.0,42250.0,41350.0,41800.0,42100.0,40410.0,40940.0,44918.75,104695
2017-02-17,41800.0,41900.0,40950.0,41100.0,41860.0,40530.0,40901.666666666664,44904.166666666664,68356
2017-02-20,41100.0,41250.0,40300.0,40500.0,41450.0,40597.5,40838.333333333336,44874.583333333336,71035
2017-02-21,40400.0,41200.0,40350.0,40900.0,41250.0,40682.5,40795.833333333336,44857.083333333336,114185
2017-02-22,40800.0,42100.0,40750.0,42000.0,41260.0,40845.0,40775.833333333336,44847.083333333336,74260
2017-02-23,42400.0,42850.0,41850.0,42800.0,41460.0,41050.0,40775.0,44838.75,116530
2017-02-24,42850.0,43200.0,42350.0,42750.0,41790.0,41227.5,40781.666666666664,44826.25,80845
2017-02-27,43000.0,43000.0,41250.0,41450.0,41980.0,41320.0,40775.833333333336,44747.5,118801
2017-02-28,41650.0,42400.0,41050.0,42350.0,42270.0,41480.0,40781.666666666664,44682.083333333336,136674
2017-03-02,42350.0,42500.0,41100.0,41450.0,42160.0,41615.0,40785.833333333336,44605.0,140252
2017-03-03,41200.0,41750.0,40700.0,41250.0,41850.0,41730.0,40770.0,44517.916666666664,61945
2017-03-06,41100.0,41250.0,40300.0,40550.0,41410.0,41737.5,40755.833333333336,44419.166666666664,113994
2017-03-07,40550.0,40850.0,40400.0,40500.0,41220.0,41682.5,40736.666666666664,44319.166666666664,90318
2017-03-08,40500.0,40600.0,39950.0,40500.0,40850.0,41620.0,40703.333333333336,44217.5,75715
2017-03-09,40300.0,40700.0,40150.0,40600.0,40680.0,41562.5,40689.166666666664,44103.333333333336,89118
2017-03-10,40450.0,40450.0,39950.0,40050.0,40440.0,41462.5,40661.666666666664,43992.916666666664,100588
2017-03-13,40050.0,40100.0,39550.0,39650.0,40260.0,41330.0,40632.5,43886.666666666664,139269
2017-03-14,39700.0,40000.0,39300.0,39300.0,40020.0,41167.5,40588.333333333336,43788.333333333336,249033
2017-03-15,39450.0,40450.0,39200.0,40350.0,39990.0,41090.0,40565.833333333336,43689.583333333336,227878
2017-03-16,40450.0,40900.0,39900.0,40250.0,39920.0,41005.0,40535.833333333336,43594.166666666664,129612
2017-03-17,40250.0,40900.0,40100.0,40700.0,40050.0,40950.0,40512.5,43504.166666666664,87945
2017-03-20,40650.0,40800.0,40200.0,40200.0,40160.0,40905.0,40480.833333333336,43420.0,70605
2017-03-21,40650.0,40650.0,39600.0,39650.0,40230.0,40862.5,40455.0,43327.083333333336,136576
2017-03-22,39900.0,39950.0,38500.0,38500.0,39860.0,40742.5,40405.0,43218.75,234020
2017-03-23,38800.0,39100.0,38700.0,38700.0,39550.0,40577.5,40356.666666666664,43108.75,117837
2017-03-24,38800.0,39850.0,38800.0,39700.0,39350.0,40422.5,40310.0,43022.083333333336,121079
2017-03-27,39900.0,39950.0,39150.0,39850.0,39280.0,40277.5,40255.0,42935.833333333336,134004
2017-03-28,39750.0,39750.0,39400.0,39450.0,39240.0,40177.5,40225.833333333336,42842.916666666664,69518
2017-03-29,39450.0,39600.0,38750.0,38750.0,39290.0,39997.5,40210.0,42749.583333333336,151888
2017-03-30,38850.0,39000.0,38650.0,38850.0,39320.0,39867.5,40185.833333333336,42658.75,65075
2017-03-31,38850.0,39250.0,38800.0,39200.0,39220.0,39765.0,40180.833333333336,42570.0,60674
2017-04-03,39200.0,39550.0,38950.0,39450.0,39140.0,39710.0,40185.0,42478.75,53420
2017-04-04,39300.0,39550.0,38800.0,38950.0,39040.0,39632.5,40184.166666666664,42380.0,102688
2017-04-05,39000.0,39450.0,38900.0,39050.0,39100.0,39560.0,40175.833333333336,42278.75,69577
2017-04-06,38900.0,39200.0,38800.0,38800.0,39090.0,39470.0,40176.666666666664,42174.583333333336,59964
2017-04-07,38850.0,39100.0,38600.0,38600.0,38970.0,39397.5,40170.833333333336,42077.083333333336,115501
2017-04-10,38600.0,38950.0,37800.0,37800.0,38640.0,39305.0,40143.333333333336,41968.75,136476
2017-04-11,37750.0,38400.0,37750.0,37900.0,38430.0,39235.0,40121.666666666664,41862.916666666664,103191
2017-04-12,37900.0,38450.0,37800.0,37850.0,38190.0,39110.0,40101.666666666664,41755.833333333336,113858
2017-04-13,38300.0,39300.0,37950.0,39200.0,38270.0,39057.5,40103.333333333336,41660.833333333336,125170
2017-04-14,38900.0,39150.0,38350.0,38450.0,38240.0,38945.0,40101.666666666664,41557.916666666664,64142
2017-04-17,38600.0,39150.0,38500.0,39050.0,38490.0,38887.5,40107.5,41466.666666666664,71998
2017-04-18,39350.0,39350.0,38700.0,39150.0,38740.0,38862.5,40107.5,41381.25,79148
2017-04-19,38800.0,39100.0,38550.0,38800.0,38930.0,38877.5,40100.833333333336,41299.583333333336,86089
2017-04-20,38650.0,39300.0,38650.0,38900.0,38870.0,38887.5,40103.333333333336,41215.0,114248
2017-04-21,39050.0,39150.0,38650.0,38800.0,38940.0,38842.5,40105.0,41136.666666666664,100416
2017-04-24,39000.0,39500.0,38800.0,39250.0,38980.0,38812.5,40105.833333333336,41067.083333333336,100834
2017-04-25,39250.0,39450.0,38800.0,39300.0,39010.0,38805.0,40100.833333333336,41001.666666666664,109866
2017-04-26,39300.0,40000.0,39200.0,39500.0,39150.0,38842.5,40106.666666666664,40939.583333333336,136072
2017-04-27,39900.0,40450.0,39300.0,39750.0,39320.0,38887.5,40123.333333333336,40880.833333333336,128357
2017-04-28,39200.0,39950.0,39000.0,39900.0,39540.0,38922.5,40139.166666666664,40819.166666666664,130268
2017-05-02,40200.0,40650.0,40150.0,40400.0,39770.0,38970.0,40139.166666666664,40761.666666666664,139440
2017-05-04,40050.0,40900.0,40000.0,40700.0,40050.0,39057.5,40124.166666666664,40721.666666666664,95080
2017-05-08,40900.0,42150.0,40900.0,42050.0,40560.0,39207.5,40129.166666666664,40691.666666666664,252458
2017-05-10,42300.0,43150.0,42000.0,42500.0,41110.0,39392.5,40141.666666666664,40668.333333333336,380454
2017-05-11,42500.0,42700.0,41850.0,42450.0,41620.0,39585.0,40148.333333333336,40647.5,246843
2017-05-12,42200.0,42250.0,41500.0,41850.0,41910.0,39787.5,40140.833333333336,40624.583333333336,151759
2017-05-15,41900.0,42150.0,41150.0,41300.0,42030.0,39957.5,40120.0,40596.666666666664,168675
2017-05-16,41400.0,41550.0,40650.0,40850.0,41790.0,40107.5,40102.5,40561.666666666664,297829
2017-05-17,41000.0,41350.0,40200.0,40600.0,41410.0,40177.5,40080.0,40531.25,181429
2017-05-18,40300.0,40850.0,40300.0,40500.0,41020.0,40280.0,40058.333333333336,40499.166666666664,132135
2017-05-19,40400.0,41250.0,40400.0,40750.0,40800.0,40365.0,40052.5,40477.083333333336,101846
2017-05-22,41200.0,41200.0,39900.0,40100.0,40560.0,40412.5,40045.833333333336,40442.083333333336,183979
2017-05-23,40100.0,41050.0,40050.0,40750.0,40540.0,40510.0,40043.333333333336,40419.583333333336,138021
2017-05-24,40550.0,40750.0,39900.0,40050.0,40430.0,40567.5,40010.833333333336,40393.333333333336,250078
2017-05-25,40250.0,40450.0,40050.0,40200.0,40370.0,40637.5,39967.5,40371.25,166273
2017-05-26,40200.0,41900.0,40200.0,41850.0,40590.0,40767.5,39952.5,40367.083333333336,274269
2017-05-29,42250.0,42300.0,41550.0,41800.0,40930.0,40892.5,39958.333333333336,40367.083333333336,181595
2017-05-30,41650.0,41900.0,41250.0,41450.0,41070.0,40990.0,39943.333333333336,40362.5,153108
2017-05-31,41250.0,42300.0,41100.0,42000.0,41460.0,41102.5,39952.5,40369.166666666664,593898
2017-06-01,41900.0,41900.0,40750.0,40950.0,41610.0,41155.0,39947.5,40358.75,155893
2017-06-02,40800.0,41550.0,40500.0,41150.0,41470.0,41192.5,39957.5,40356.666666666664,157490
2017-06-05,41450.0,41450.0,40700.0,40950.0,41300.0,41205.0,39965.0,40350.833333333336,148187
2017-06-07,40750.0,40950.0,40500.0,40650.0,41140.0,41135.0,39967.5,40335.416666666664,168549
2017-06-08,40800.0,41200.0,40500.0,40850.0,40910.0,41052.5,39971.666666666664,40330.416666666664,385938
2017-06-09,40800.0,41550.0,40800.0,41400.0,41000.0,41000.0,39994.166666666664,40327.916666666664,200566
2017-06-12,41400.0,41850.0,40450.0,40600.0,40890.0,40937.5,40010.0,40321.25,226777
2017-06-13,40650.0,41250.0,40550.0,41200.0,40940.0,40932.5,40041.666666666664,40315.0,102068
2017-06-14,41000.0,41150.0,40600.0,40700.0,40950.0,40925.0,40047.5,40306.666666666664,143464
2017-06-15,40700.0,40850.0,40250.0,40500.0,40880.0,40920.0,40051.666666666664,40293.75,105419
2017-06-16,40500.0,40600.0,40000.0,40500.0,40700.0,40920.0,40048.333333333336,40280.416666666664,129766
2017-06-19,40500.0,40700.0,40100.0,40150.0,40610.0,40890.0,40047.5,40264.166666666664,105604
2017-06-20,40100.0,40300.0,39650.0,39800.0,40330.0,40875.0,40050.0,40252.5,125200
2017-06-21,39600.0,39900.0,39000.0,39400.0,40070.0,40807.5,40065.0,40235.0,181155
2017-06-22,39050.0,39500.0,38750.0,39350.0,39840.0,40772.5,40075.833333333336,40216.25,177333
2017-06-23,39200.0,39650.0,39100.0,39350.0,39610.0,40730.0,40070.0,40190.0,97751
2017-06-26,39350.0,39350.0,38900.0,38900.0,39360.0,40582.5,40054.166666666664,40154.583333333336,95660
2017-06-27,38750.0,39350.0,38750.0,38850.0,39170.0,40435.0,40044.166666666664,40135.0,107033
2017-06-28,38900.0,39450.0,38900.0,39000.0,39090.0,40312.5,40048.333333333336,40129.166666666664,100459
2017-06-29,39100.0,39500.0,39050.0,39350.0,39090.0,40180.0,40056.666666666664,40121.25,99188
2017-06-30,39100.0,39200.0,38950.0,39050.0,39030.0,40085.0,40054.166666666664,40117.5,83944
2017-07-03,39200.0,39350.0,38900.0,39050.0,39060.0,39980.0,40047.5,40116.25,67172
2017-07-04,38850.0,39200.0,38700.0,38750.0,39040.0,39870.0,40044.166666666664,40114.166666666664,80850
2017-07-05,38750.0,39050.0,38750.0,38950.0,39030.0,39785.0,40042.5,40109.166666666664,42781
2017-07-06,38900.0,39450.0,38900.0,39100.0,38980.0,39697.5,40047.5,40112.083333333336,84597
2017-07-07,39050.0,39250.0,39050.0,39100.0,38990.0,39582.5,40055.833333333336,40113.333333333336,94730
2017-07-10,39100.0,39350.0,39000.0,39000.0,38980.0,39502.5,40075.833333333336,40109.583333333336,28902
2017-07-11,38950.0,39300.0,38950.0,39000.0,39030.0,39392.5,40094.166666666664,40107.916666666664,56502
2017-07-12,38900.0,39200.0,38800.0,38950.0,39030.0,39305.0,40112.5,40107.083333333336,47723
2017-07-13,38750.0,39200.0,38750.0,38750.0,38960.0,39217.5,40105.0,40104.166666666664,103190
2017-07-14,38800.0,39000.0,38550.0,38950.0,38930.0,39140.0,40113.333333333336,40107.5,116643
2017-07-17,38950.0,39400.0,38850.0,39300.0,38990.0,39097.5,40117.5,40112.5,127660
2017-07-18,39450.0,39800.0,39400.0,39700.0,39130.0,39092.5,40126.666666666664,40117.083333333336,98969
2017-07-19,39800.0,39800.0,39350.0,39400.0,39220.0,39092.5,40136.666666666664,40118.75,77632
2017-07-20,39450.0,39650.0,39250.0,39350.0,39340.0,39092.5,40144.166666666664,40123.75,77197
2017-07-21,39350.0,40200.0,39300.0,40150.0,39580.0,39132.5,40166.666666666664,40135.833333333336,180436
2017-07-24,40100.0,40350.0,39850.0,40250.0,39770.0,39200.0,40183.333333333336,40144.583333333336,56992
2017-07-25,40350.0,40350.0,39900.0,40100.0,39850.0,39262.5,40196.666666666664,40148.75,77805
2017-07-26,40250.0,40800.0,40250.0,40650.0,40100.0,39345.0,40215.833333333336,40161.25,135481
2017-07-27,40800.0,41000.0,40400.0,40850.0,40400.0,39420.0,40234.166666666664,40178.75,112012
2017-07-28,40700.0,41250.0,40500.0,41150.0,40600.0,39525.0,40255.0,40197.083333333336,169434
2017-07-31,41150.0,41400.0,39700.0,39700.0,40490.0,39557.5,40243.333333333336,40191.25,332331
2017-08-01,39650.0,40900.0,39650.0,40700.0,40610.0,39655.0,40243.333333333336,40183.75,129407
2017-08-02,40850.0,41050.0,40500.0,40700.0,40620.0,39742.5,40220.833333333336,40175.0,88499
2017-08-03,40500.0,40850.0,39700.0,39750.0,40400.0,39775.0,40175.0,40158.333333333336,105846
2017-08-04,39650.0,40050.0,39300.0,39550.0,40080.0,39797.5,40126.666666666664,40137.5,90792
2017-08-07,39600.0,39750.0,39300.0,39350.0,40010.0,39815.0,40085.0,40112.916666666664,99930
2017-08-08,39400.0,39450.0,39000.0,39200.0,39710.0,39825.0,40050.0,40085.0,140979
2017-08-09,39000.0,39300.0,38900.0,39000.0,39370.0,39827.5,40019.166666666664,40060.833333333336,83011
2017-08-10,38900.0,39200.0,38400.0,39050.0,39230.0,39842.5,39993.333333333336,40036.666666666664,164955
2017-08-11,38650.0,38900.0,38350.0,38550.0,39030.0,39822.5,39960.833333333336,40009.583333333336,157018
2017-08-14,38700.0,38900.0,38450.0,38650.0,38890.0,39790.0,39925.833333333336,39989.166666666664,95000
2017-08-16,38650.0,38800.0,38450.0,38550.0,38760.0,39732.5,39900.0,39972.916666666664,104575
2017-08-17,38500.0,38700.0,38250.0,38400.0,38640.0,39682.5,39860.833333333336,39952.083333333336,96419
2017-08-18,38250.0,38700.0,38100.0,38200.0,38470.0,39625.0,39830.0,39920.416666666664,116554
2017-08-21,38250.0,38250.0,37950.0,38200.0,38400.0,39527.5,39796.666666666664,39882.083333333336,70865
2017-08-22,38100.0,38400.0,37950.0,38000.0,38270.0,39415.0,39732.5,39842.5,59254
2017-08-23,38000.0,38350.0,37900.0,38000.0,38160.0,39310.0,39669.166666666664,39813.75,59916
2017-08-24,37950.0,38200.0,37650.0,37800.0,38040.0,39167.5,39608.333333333336,39775.833333333336,93617
2017-08-25,37800.0,38150.0,37700.0,38000.0,38000.0,39025.0,39541.666666666664,39747.083333333336,73537
2017-08-28,38000.0,38250.0,38000.0,38200.0,38000.0,38877.5,39495.833333333336,39721.666666666664,47827
2017-08-29,38200.0,38200.0,37750.0,37950.0,37990.0,38790.0,39442.5,39700.0,70020
2017-08-30,38000.0,38100.0,37750.0,37800.0,37950.0,38645.0,39390.0,39677.5,75527
2017-08-31,37750.0,37850.0,37100.0,37100.0,37810.0,38465.0,39330.833333333336,39649.166666666664,146410
2017-09-01,37150.0,37450.0,36750.0,36800.0,37570.0,38317.5,39263.333333333336,39617.5,153833
2017-09-04,36450.0,36900.0,36050.0,36050.0,37140.0,38142.5,39174.166666666664,39584.166666666664,141334
2017-09-05,36300.0,36350.0,35950.0,36000.0,36750.0,37975.0,39097.5,39553.75,75326
2017-09-06,35900.0,36250.0,35650.0,35750.0,36340.0,37802.5,39006.666666666664,39524.166666666664,126349
2017-09-07,36000.0,36150.0,35850.0,36050.0,36130.0,37655.0,38929.166666666664,39488.333333333336,95359
2017-09-08,35950.0,36350.0,35950.0,36250.0,36020.0,37515.0,38858.333333333336,39455.0,92518
2017-09-11,36500.0,36900.0,36300.0,36650.0,36140.0,37420.0,38794.166666666664,39421.25,106872
2017-09-12,36650.0,36800.0,36500.0,36600.0,36260.0,37317.5,38735.0,39391.25,67887
2017-09-13,36500.0,36550.0,35750.0,35900.0,36290.0,37185.0,38670.0,39360.0,161566
2017-09-14,35800.0,36700.0,35800.0,36700.0,36420.0,37100.0,38625.0,39345.0,150391
2017-09-15,36500.0,36500.0,35600.0,35800.0,36330.0,36980.0,38565.833333333336,39320.833333333336,312295
2017-09-18,35800.0,35900.0,35350.0,35550.0,36110.0,36847.5,38502.5,39286.25,127201
2017-09-19,35500.0,35900.0,35350.0,35600.0,35910.0,36727.5,38447.5,39250.833333333336,130983
2017-09-20,35750.0,36350.0,35750.0,36250.0,35980.0,36640.0,38404.166666666664,39224.166666666664,182233
2017-09-21,36250.0,36350.0,35850.0,36200.0,35880.0,36560.0,38357.5,39202.916666666664,137562
2017-09-25,36000.0,36200.0,35600.0,35850.0,35890.0,36452.5,38299.166666666664,39177.916666666664,98618
2017-09-26,35850.0,35850.0,35850.0,35850.0,35950.0,36335.0,38245.833333333336,39150.0,0
2017-09-27,36700.0,36750.0,36050.0,36350.0,36100.0,36255.0,38200.833333333336,39124.166666666664,153471
2017-09-28,36150.0,36200.0,35800.0,35850.0,36020.0,36157.5,38152.5,39098.333333333336,114031
2017-09-29,35950.0,36850.0,35850.0,36850.0,36150.0,36145.0,38117.5,39080.0,209403
2017-10-10,36650.0,37500.0,36600.0,37450.0,36470.0,36177.5,38090.0,39068.75,229354
2017-10-11,37450.0,37500.0,37000.0,37150.0,36730.0,36232.5,38057.5,39056.666666666664,188836
2017-10-12,37150.0,37300.0,36700.0,37150.0,36890.0,36290.0,38026.666666666664,39051.25,164735
2017-10-13,36950.0,37250.0,36550.0,36750.0,37070.0,36340.0,37989.166666666664,39041.666666666664,123419
2017-10-16,36700.0,36950.0,36550.0,36700.0,37040.0,36372.5,37951.666666666664,39032.083333333336,102151
2017-10-17,36700.0,36850.0,36100.0,36250.0,36800.0,36372.5,37910.0,39007.5,157608
2017-10-18,36100.0,36400.0,35900.0,36000.0,36570.0,36340.0,37860.833333333336,38987.083333333336,111604
2017-10-19,36000.0,36550.0,35950.0,36250.0,36390.0,36322.5,37810.0,38963.75,142600
2017-10-20,36350.0,36900.0,36350.0,36700.0,36380.0,36362.5,37760.0,38943.333333333336,164262
2017-10-23,36600.0,36700.0,36200.0,36200.0,36280.0,36337.5,37706.666666666664,38921.666666666664,150397
2017-10-24,36200.0,36800.0,36200.0,36600.0,36350.0,36377.5,37660.833333333336,38902.5,145337
2017-10-25,36650.0,36900.0,36450.0,36750.0,36500.0,36437.5,37604.166666666664,38885.416666666664,131217
2017-10-26,36650.0,37100.0,36600.0,36600.0,36570.0,36487.5,37543.333333333336,38863.333333333336,111024
2017-10-27,36700.0,37150.0,36650.0,37000.0,36630.0,36525.0,37491.666666666664,38844.166666666664,100137
2017-10-30,37000.0,37000.0,36600.0,36700.0,36730.0,36550.0,37425.833333333336,38820.833333333336,68453
2017-10-31,36700.0,36900.0,36600.0,36650.0,36740.0,36590.0,37355.833333333336,38795.0,130220
2017-11-01,36450.0,37150.0,36400.0,37150.0,36820.0,36655.0,37289.166666666664,38772.083333333336,145216
2017-11-02,36950.0,37550.0,36900.0,37550.0,37010.0,36715.0,37253.333333333336,38748.333333333336,156104
2017-11-03,37550.0,38000.0,37500.0,37800.0,37170.0,36812.5,37205.0,38724.166666666664,207109
2017-11-06,37800.0,38850.0,37750.0,38550.0,37540.0,36897.5,37169.166666666664,38695.0,314080
2017-11-07,38350.0,38750.0,38200.0,38500.0,37910.0,36950.0,37148.333333333336,38661.666666666664,118366
2017-11-08,38300.0,38350.0,37700.0,38250.0,38130.0,37005.0,37126.666666666664,38626.666666666664,167873
2017-11-09,38300.0,38500.0,37900.0,38250.0,38270.0,37060.0,37108.333333333336,38596.666666666664,149712
2017-11-10,37950.0,38550.0,37950.0,38200.0,38350.0,37132.5,37091.666666666664,38570.833333333336,83010
2017-11-13,38000.0,38400.0,37950.0,38200.0,38280.0,37207.5,37078.333333333336,38548.75,79915
2017-11-14,38200.0,38600.0,37850.0,38550.0,38290.0,37322.5,37070.0,38531.666666666664,117601
2017-11-15,38250.0,38800.0,38200.0,38350.0,38310.0,37440.0,37066.666666666664,38513.75,123543
2017-11-16,38700.0,38700.0,37750.0,38100.0,38280.0,37532.5,37057.5,38491.666666666664,90048
2017-11-17,38050.0,38500.0,37950.0,38250.0,38290.0,37610.0,37052.5,38476.25,98544
2017-11-20,38050.0,38400.0,37950.0,38100.0,38270.0,37705.0,37047.5,38454.166666666664,92981
2017-11-21,37900.0,38200.0,37700.0,37800.0,38120.0,37765.0,37040.833333333336,38435.416666666664,110798
2017-11-22,37800.0,38200.0,37700.0,37700.0,37990.0,37812.5,37032.5,38414.583333333336,72901
2017-11-23,37500.0,37950.0,37200.0,37650.0,37900.0,37865.0,37026.666666666664,38379.583333333336,95772
2017-11-24,37800.0,37850.0,37450.0,37750.0,37800.0,37902.5,37022.5,38345.833333333336,52820
2017-11-27,37750.0,38000.0,37600.0,37700.0,37720.0,37952.5,37020.833333333336,38314.583333333336,58232
2017-11-28,37700.0,38150.0,37700.0,38100.0,37780.0,38025.0,37022.5,38282.083333333336,76135
2017-11-29,38100.0,38150.0,37700.0,37750.0,37790.0,38055.0,37015.0,38255.416666666664,66369
2017-11-30,38050.0,38550.0,37550.0,38200.0,37900.0,38087.5,37019.166666666664,38230.833333333336,231844
2017-12-01,38650.0,38650.0,37800.0,37900.0,37930.0,38092.5,37020.833333333336,38205.416666666664,101306
2017-12-04,38500.0,39300.0,38450.0,38900.0,38170.0,38110.0,37050.833333333336,38190.833333333336,170038
2017-12-05,39050.0,39100.0,38650.0,39100.0,38370.0,38140.0,37089.166666666664,38176.25,121363
2017-12-06,39000.0,39600.0,38750.0,39500.0,38720.0,38202.5,37146.666666666664,38160.416666666664,211432
2017-12-07,39600.0,39650.0,38950.0,39350.0,38950.0,38257.5,37202.5,38150.0,135559
2017-12-08,39300.0,39300.0,38550.0,39100.0,39190.0,38302.5,37258.333333333336,38132.5,117833
2017-12-11,38850.0,39100.0,38750.0,39100.0,39230.0,38347.5,37309.166666666664,38119.166666666664,68796
2017-12-12,38900.0,39300.0,38900.0,39300.0,39270.0,38385.0,37360.0,38109.166666666664,97591
2017-12-13,39300.0,40000.0,39200.0,40000.0,39370.0,38467.5,37415.833333333336,38105.0,152789
2017-12-14,40000.0,41300.0,39950.0,40750.0,39650.0,38600.0,37485.0,38110.0,486829
2017-12-15,40750.0,40900.0,40450.0,40900.0,40010.0,38732.5,37568.333333333336,38119.166666666664,153285
2017-12-18,40900.0,41300.0,40700.0,41200.0,40430.0,38887.5,37643.333333333336,38134.166666666664,225145
2017-12-19,41200.0,41300.0,40750.0,41000.0,40770.0,39047.5,37730.0,38147.916666666664,170085
2017-12-21,40900.0,41800.0,40650.0,41300.0,41030.0,39227.5,37825.833333333336,38164.166666666664,167582
2017-12-22,41400.0,41400.0,41050.0,41200.0,41120.0,39405.0,37919.166666666664,38183.333333333336,124873
2017-12-26,41200.0,41800.0,41000.0,41350.0,41210.0,39585.0,38004.166666666664,38204.166666666664,176812
2017-12-27,39750.0,40000.0,38600.0,39450.0,40860.0,39672.5,38058.333333333336,38207.916666666664,284737
2017-12-28,39500.0,40000.0,39250.0,39600.0,40580.0,39747.5,38120.833333333336,38210.0,102283
2018-01-02,39600.0,39700.0,38450.0,39000.0,40120.0,39810.0,38173.333333333336,38209.583333333336,130990
2018-01-03,38650.0,39300.0,38650.0,39250.0,39730.0,39862.5,38221.666666666664,38211.25,147628
2018-01-04,39500.0,39500.0,38800.0,39050.0,39270.0,39920.0,38275.0,38213.75,173695
2018-01-05,39250.0,39250.0,38800.0,38950.0,39170.0,39922.5,38310.0,38213.75,111364
2018-01-08,38950.0,39150.0,38650.0,38950.0,39040.0,39915.0,38335.0,38212.5,114249
2018-01-09,38850.0,38900.0,38000.0,38400.0,38920.0,39860.0,38355.833333333336,38206.666666666664,213141
2018-01-10,38300.0,38400.0,38000.0,38300.0,38730.0,39807.5,38375.0,38200.833333333336,133592
2018-01-11,38500.0,38500.0,37800.0,37900.0,38500.0,39747.5,38394.166666666664,38191.666666666664,198294
2018-01-12,37950.0,38300.0,37800.0,38000.0,38310.0,39692.5,38415.833333333336,38183.75,107363
2018-01-15,37900.0,38200.0,37700.0,37750.0,38070.0,39615.0,38440.833333333336,38175.416666666664,84655
2018-01-16,37750.0,37950.0,37650.0,37950.0,37980.0,39512.5,38473.333333333336,38167.083333333336,126817
2018-01-17,37800.0,38250.0,37600.0,38250.0,37970.0,39387.5,38506.666666666664,38158.333333333336,192321
2018-01-18,38350.0,39050.0,38200.0,38700.0,38130.0,39277.5,38540.0,38150.0,221215
2018-01-19,38350.0,38900.0,38350.0,38850.0,38300.0,39160.0,38584.166666666664,38145.416666666664,134363
2018-01-22,38800.0,38850.0,38350.0,38800.0,38510.0,39050.0,38620.833333333336,38140.833333333336,116742
2018-01-23,38800.0,39250.0,38500.0,39150.0,38750.0,38942.5,38660.833333333336,38132.5,126841
2018-01-24,39500.0,40700.0,39350.0,39850.0,39070.0,38875.0,38715.0,38129.166666666664,161123
2018-01-25,39900.0,40500.0,39900.0,40400.0,39410.0,38827.5,38771.666666666664,38131.666666666664,231080
2018-01-26,40100.0,40350.0,39400.0,39850.0,39610.0,38847.5,38824.166666666664,38125.0,189465
2018-01-29,39950.0,40000.0,39200.0,39300.0,39710.0,38832.5,38868.333333333336,38112.083333333336,214371
2018-01-30,39500.0,39600.0,38300.0,38300.0,39540.0,38797.5,38887.5,38088.333333333336,168550
2018-01-31,38300.0,38950.0,37550.0,38950.0,39360.0,38782.5,38910.833333333336,38082.083333333336,279854
2018-02-01,38900.0,38900.0,38200.0,38300.0,38940.0,38745.0,38919.166666666664,38062.083333333336,103211
2018-02-02,38350.0,38600.0,38000.0,38100.0,38590.0,38702.5,38911.666666666664,38040.416666666664,148191
2018-02-05,38000.0,38200.0,37750.0,38000.0,38330.0,38655.0,38903.333333333336,38025.833333333336,128642
2018-02-06,37750.0,38350.0,36900.0,37450.0,38160.0,38607.5,38890.0,38008.333333333336,229353
2018-02-07,37450.0,38150.0,37450.0,37700.0,37910.0,38577.5,38880.833333333336,37994.583333333336,168916
2018-02-08,37500.0,37900.0,37050.0,37550.0,37760.0,38560.0,38870.0,37980.833333333336,134767
2018-02-09,37000.0,37300.0,36800.0,37300.0,37600.0,38525.0,38855.0,37966.666666666664,132130
2018-02-12,37100.0,37300.0,36900.0,37200.0,37440.0,38497.5,38832.5,37951.25,62665
2018-02-13,37150.0,37600.0,36950.0,37200.0,37390.0,38460.0,38813.333333333336,37940.0,77122
2018-02-14,37200.0,37400.0,36850.0,37000.0,37250.0,38397.5,38795.0,37926.25,76362
2018-02-19,37400.0,37550.0,37000.0,37150.0,37170.0,38320.0,38776.666666666664,37914.583333333336,53449
2018-02-20,37100.0,37300.0,36850.0,36950.0,37100.0,38225.0,38757.5,37902.5,46073
2018-02-21,37200.0,37300.0,36900.0,37200.0,37100.0,38145.0,38747.5,37894.166666666664,93591
2018-02-22,37000.0,37200.0,36500.0,36650.0,36990.0,38020.0,38730.0,37881.25,97222
2018-02-23,36900.0,37050.0,36600.0,36950.0,36980.0,37875.0,38718.333333333336,37872.5,101896
2018-02-26,36750.0,37000.0,36750.0,37000.0,36950.0,37705.0,38705.833333333336,37864.166666666664,67243
2018-02-27,37000.0,37400.0,36800.0,36800.0,36920.0,37552.5,38690.833333333336,37855.833333333336,122808
2018-02-28,36800.0,37500.0,36300.0,36300.0,36740.0,37402.5,38660.833333333336,37841.666666666664,219123
2018-03-02,36200.0,36250.0,35350.0,35450.0,36500.0,37260.0,38622.5,37818.75,161550
2018-03-05,35500.0,36050.0,35500.0,35650.0,36240.0,37095.0,38580.0,37799.583333333336,90337
2018-03-06,35800.0,36100.0,35650.0,35700.0,35980.0,36965.0,38543.333333333336,37782.083333333336,91829
2018-03-07,35750.0,36000.0,35350.0,35850.0,35790.0,36852.5,38492.5,37771.666666666664,106839
2018-03-08,35800.0,35900.0,35450.0,35900.0,35710.0,36747.5,38439.166666666664,37764.166666666664,137544
2018-03-09,35950.0,36500.0,35750.0,36400.0,35900.0,36695.0,38387.5,37767.083333333336,100483
2018-03-12,36500.0,37100.0,36100.0,36600.0,36090.0,36640.0,38341.666666666664,37772.083333333336,62683
2018-03-13,36400.0,36600.0,36100.0,36300.0,36210.0,36577.5,38295.0,37776.666666666664,78627
2018-03-14,36050.0,36250.0,35750.0,35750.0,36190.0,36500.0,38239.166666666664,37774.166666666664,84429
2018-03-15,35850.0,36000.0,35450.0,35900.0,36190.0,36435.0,38182.5,37771.25,100472
2018-03-16,36300.0,36450.0,35900.0,36050.0,36120.0,36377.5,38116.666666666664,37766.25,116203
2018-03-19,36100.0,36200.0,35650.0,35750.0,35950.0,36315.0,38033.333333333336,37759.166666666664,105177
2018-03-20,35600.0,35900.0,35400.0,35700.0,35830.0,36242.5,37946.666666666664,37757.5,95693
2018-03-21,35500.0,35650.0,35400.0,35550.0,35790.0,36172.5,37852.5,37747.916666666664,91943
2018-03-22,35350.0,35700.0,35250.0,35500.0,35710.0,36087.5,37760.833333333336,37745.416666666664,154253
2018-03-23,35250.0,35350.0,34800.0,35000.0,35500.0,36005.0,37655.833333333336,37740.833333333336,161429
2018-03-26,34800.0,35450.0,34750.0,35100.0,35370.0,35912.5,37554.166666666664,37736.666666666664,108677
2018-03-27,35150.0,35750.0,35050.0,35650.0,35360.0,35845.0,37459.166666666664,37731.666666666664,68399
2018-03-28,35500.0,35700.0,35200.0,35500.0,35350.0,35780.0,37393.333333333336,37725.833333333336,91095
2018-03-29,35600.0,35850.0,35250.0,35850.0,35420.0,35757.5,37330.833333333336,37725.833333333336,74817
2018-03-30,35900.0,35900.0,35500.0,35850.0,35590.0,35777.5,37278.333333333336,37725.833333333336,56709
2018-04-02,35600.0,36000.0,35600.0,35900.0,35750.0,35790.0,37222.5,37722.083333333336,46769
2018-04-03,35700.0,35900.0,35500.0,35700.0,35760.0,35790.0,37166.666666666664,37720.833333333336,64450
2018-04-04,35500.0,35700.0,35050.0,35100.0,35680.0,35752.5,37102.5,37706.25,82190
2018-04-05,35100.0,35450.0,35050.0,35200.0,35550.0,35717.5,37040.0,37687.5,61391
2018-04-06,35300.0,35300.0,35000.0,35150.0,35410.0,35655.0,36985.833333333336,37670.833333333336,78592
2018-04-09,34950.0,35350.0,34900.0,35200.0,35270.0,35585.0,36934.166666666664,37654.583333333336,64475
2018-04-10,35000.0,35650.0,35000.0,35650.0,35260.0,35552.5,36896.666666666664,37645.416666666664,103075
2018-04-11,35250.0,35550.0,35200.0,35250.0,35290.0,35527.5,36850.833333333336,37633.333333333336,57110
2018-04-12,35250.0,35450.0,35100.0,35100.0,35270.0,35487.5,36806.666666666664,37623.75,59223
2018-04-13,35050.0,35300.0,34950.0,35150.0,35270.0,35442.5,36760.0,37616.666666666664,81027
2018-04-16,35300.0,35300.0,34850.0,34950.0,35220.0,35402.5,36705.0,37605.833333333336,45592
2018-04-17,34950.0,35400.0,34900.0,35150.0,35120.0,35375.0,36645.833333333336,37592.916666666664,67085
2018-04-18,35050.0,35350.0,35050.0,35100.0,35090.0,35352.5,36583.333333333336,37583.75,99846
2018-04-19,35000.0,35250.0,34950.0,35000.0,35070.0,35327.5,36520.0,37570.416666666664,76812
2018-04-20,34900.0,35050.0,34850.0,35000.0,35040.0,35327.5,36450.833333333336,37555.833333333336,68386
2018-04-23,35000.0,35550.0,35000.0,35400.0,35130.0,35342.5,36376.666666666664,37545.833333333336,91296
2018-04-24,35400.0,35950.0,35350.0,35800.0,35260.0,35350.0,36300.0,37535.833333333336,95002
2018-04-25,35900.0,36750.0,35750.0,36750.0,35590.0,35412.5,36248.333333333336,37536.25,183722
2018-04-26,36750.0,36950.0,36400.0,36750.0,35940.0,35457.5,36205.833333333336,37537.083333333336,126987
2018-04-27,36400.0,36850.0,36200.0,36650.0,36270.0,35497.5,36178.333333333336,37532.916666666664,95338
2018-04-30,36800.0,37300.0,36200.0,37300.0,36650.0,35567.5,36150.833333333336,37530.833333333336,103226
2018-05-02,37400.0,39650.0,37000.0,39450.0,37380.0,35755.0,36170.0,37544.583333333336,534961
2018-05-03,39450.0,40100.0,39050.0,39750.0,37980.0,35987.5,36197.5,37554.583333333336,279515
2018-05-04,39450.0,39950.0,39050.0,39450.0,38520.0,36200.0,36221.666666666664,37562.5,202010
2018-05-08,39450.0,39800.0,39250.0,39400.0,39070.0,36412.5,36254.166666666664,37572.083333333336,189133
2018-05-09,39450.0,39950.0,39400.0,39550.0,39520.0,36630.0,36285.0,37582.916666666664,117749
2018-05-10,39400.0,39600.0,38650.0,38650.0,39360.0,36780.0,36303.333333333336,37586.666666666664,225164
2018-05-11,38600.0,39000.0,38050.0,38800.0,39170.0,36957.5,36328.333333333336,37591.666666666664,181310
2018-05-14,38600.0,39100.0,38250.0,39000.0,39080.0,37152.5,36358.333333333336,37595.416666666664,107097
2018-05-15,38550.0,39300.0,38550.0,39100.0,39020.0,37350.0,36390.0,37601.666666666664,88436
2018-05-16,38900.0,39350.0,38650.0,39250.0,38960.0,37565.0,36427.5,37611.25,116772
2018-05-17,39000.0,39450.0,38750.0,39350.0,39100.0,37775.0,36464.166666666664,37620.416666666664,83566
2018-05-18,39100.0,39500.0,38950.0,39500.0,39240.0,37995.0,36506.666666666664,37632.083333333336,102285
2018-05-21,39350.0,39550.0,38950.0,39500.0,39340.0,38220.0,36545.0,37646.25,96659
2018-05-23,39050.0,39350.0,38800.0,38850.0,39290.0,38412.5,36581.666666666664,37655.833333333336,128266
2018-05-24,38700.0,39000.0,38450.0,38800.0,39200.0,38582.5,36612.5,37665.416666666664,77907
2018-05-25,38700.0,38900.0,38350.0,38450.0,39020.0,38715.0,36636.666666666664,37671.25,249247
2018-05-28,38300.0,38750.0,37700.0,38550.0,38830.0,38805.0,36665.833333333336,37678.333333333336,157045
2018-05-29,38250.0,38300.0,37500.0,37550.0,38440.0,38845.0,36686.666666666664,37673.75,146548
2018-05-30,37200.0,37550.0,36800.0,37000.0,38070.0,38862.5,36712.5,37667.5,126439
2018-05-31,36850.0,37300.0,36800.0,37100.0,37730.0,38852.5,36736.666666666664,37658.333333333336,185585
2018-06-01,36750.0,37700.0,36550.0,37700.0,37580.0,38765.0,36770.0,37656.666666666664,88928
2018-06-04,37600.0,37950.0,37300.0,37950.0,37460.0,38675.0,36805.0,37648.75,65760
2018-06-05,37550.0,37950.0,37350.0,37700.0,37490.0,38587.5,36835.0,37637.083333333336,109932
2018-06-07,37700.0,39050.0,37700.0,38900.0,37870.0,38562.5,36876.666666666664,37632.083333333336,125000
2018-06-08,38800.0,39400.0,38400.0,39200.0,38290.0,38545.0,36920.0,37630.833333333336,138103
2018-06-11,39100.0,39500.0,39000.0,39350.0,38620.0,38580.0,36970.833333333336,37632.916666666664,135679
2018-06-12,39700.0,39800.0,39000.0,39450.0,38920.0,38612.5,37032.5,37635.833333333336,153095
2018-06-14,39000.0,40000.0,39000.0,39500.0,39280.0,38637.5,37092.5,37637.5,199079
2018-06-15,39400.0,39400.0,36250.0,36650.0,38830.0,38515.0,37102.5,37609.583333333336,326483
2018-06-18,36950.0,37100.0,36500.0,37100.0,38410.0,38407.5,37125.0,37579.166666666664,117345
2018-06-19,36550.0,37100.0,36000.0,36250.0,37790.0,38252.5,37134.166666666664,37540.416666666664,310475
2018-06-20,36250.0,37100.0,36200.0,36950.0,37290.0,38125.0,37157.5,37505.0,86175
2018-06-21,36400.0,37000.0,36300.0,36750.0,36740.0,37987.5,37178.333333333336,37469.583333333336,100387
2018-06-22,36400.0,37850.0,36400.0,37750.0,36960.0,37932.5,37224.166666666664,37440.0,132361
2018-06-25,37000.0,38400.0,37000.0,38150.0,37170.0,37900.0,37275.0,37414.583333333336,113338
2018-06-26,38150.0,38950.0,38000.0,38800.0,37680.0,37917.5,37327.5,37393.333333333336,157542
2018-06-27,38200.0,38800.0,38150.0,38600.0,38010.0,37920.0,37379.166666666664,37386.25,162627
2018-06-28,38850.0,38850.0,37550.0,37900.0,38240.0,37937.5,37413.333333333336,37372.083333333336,94237
2018-06-29,38200.0,38450.0,37650.0,38300.0,38350.0,38002.5,37454.166666666664,37366.25,127882
2018-07-02,38050.0,38300.0,37350.0,37450.0,38210.0,38020.0,37480.0,37351.25,74593
2018-07-03,37400.0,37400.0,36500.0,37050.0,37860.0,37987.5,37502.5,37334.583333333336,85281
2018-07-04,36350.0,36850.0,35750.0,35800.0,37300.0,37880.0,37514.166666666664,37308.333333333336,86313
2018-07-05,35900.0,36650.0,35850.0,36550.0,37030.0,37822.5,37536.666666666664,37288.333333333336,34526
2018-07-06,36000.0,37350.0,36000.0,37050.0,36780.0,37730.0,37568.333333333336,37277.083333333336,53362
2018-07-09,36650.0,37700.0,36600.0,37300.0,36750.0,37635.0,37603.333333333336,37268.75,54096
2018-07-10,36900.0,37200.0,36700.0,36800.0,36700.0,37507.5,37622.5,37259.583333333336,65591
2018-07-11,36250.0,36800.0,36250.0,36650.0,36870.0,37367.5,37645.833333333336,37248.333333333336,39078
2018-07-12,36600.0,37100.0,36600.0,36700.0,36900.0,37227.5,37672.5,37239.583333333336,83944
2018-07-13,36450.0,37050.0,36350.0,37000.0,36890.0,37245.0,37703.333333333336,37231.666666666664,38943
2018-07-16,36350.0,36950.0,36350.0,36500.0,36730.0,37215.0,37729.166666666664,37217.083333333336,55958
2018-07-17,36200.0,36600.0,35500.0,36250.0,36620.0,37215.0,37747.5,37196.666666666664,76066
2018-07-18,35900.0,36400.0,35600.0,35900.0,36470.0,37162.5,37760.833333333336,37172.083333333336,43314
2018-07-19,35650.0,36300.0,35400.0,35500.0,36230.0,37100.0,37769.166666666664,37144.583333333336,51154
2018-07-20,35800.0,36550.0,35500.0,36450.0,36120.0,37035.0,37793.333333333336,37122.083333333336,87129
2018-07-23,36700.0,37200.0,36200.0,36850.0,36190.0,36970.0,37817.5,37097.083333333336,64254
2018-07-24,37100.0,37100.0,36500.0,37050.0,36350.0,36882.5,37838.333333333336,37069.166666666664,52370
2018-07-25,37000.0,37350.0,36550.0,37050.0,36580.0,36805.0,37843.333333333336,37045.833333333336,43157
2018-07-26,37400.0,37400.0,36300.0,36600.0,36800.0,36740.0,37840.833333333336,37023.333333333336,102646
2018-07-27,37000.0,37000.0,36000.0,36300.0,36770.0,36640.0,37835.0,37006.666666666664,58299
2018-07-30,35900.0,36150.0,35350.0,36050.0,36610.0,36570.0,37814.166666666664,36982.5,88934
2018-07-31,36150.0,36150.0,35400.0,35400.0,36280.0,36487.5,37746.666666666664,36958.333333333336,309550
2018-08-01,35500.0,35700.0,35100.0,35150.0,35900.0,36455.0,37670.0,36933.75,135583
2018-08-02,35100.0,35350.0,34900.0,34950.0,35570.0,36375.0,37595.0,36908.333333333336,88816
2018-08-03,34900.0,34950.0,34000.0,34800.0,35270.0,36262.5,37518.333333333336,36886.25,144071
2018-08-06,34800.0,35400.0,34800.0,35250.0,35110.0,36160.0,37446.666666666664,36865.833333333336,86634
2018-08-07,34850.0,35050.0,34600.0,34800.0,34990.0,36060.0,37382.5,36842.916666666664,92188
2018-08-08,34650.0,35400.0,34650.0,35350.0,35030.0,35995.0,37325.0,36826.666666666664,109973
2018-08-09,35350.0,35400.0,35000.0,35250.0,35090.0,35922.5,37262.5,36810.416666666664,82168
2018-08-10,35100.0,35350.0,34800.0,35000.0,35130.0,35822.5,37194.166666666664,36792.083333333336,66195
2018-08-13,34850.0,34900.0,34250.0,34450.0,34970.0,35720.0,37114.166666666664,36770.833333333336,73664
2018-08-14,34450.0,34800.0,34400.0,34600.0,34930.0,35637.5,37035.0,36749.583333333336,32540
2018-08-16,34450.0,35100.0,34400.0,34450.0,34750.0,35565.0,36950.833333333336,36728.75,94100
2018-08-17,34400.0,34750.0,34050.0,34700.0,34640.0,35525.0,36870.833333333336,36707.916666666664,42406
2018-08-20,34950.0,35100.0,34750.0,35000.0,34640.0,35452.5,36806.666666666664,36694.166666666664,50753
2018-08-21,34650.0,35400.0,34650.0,35050.0,34760.0,35362.5,36744.166666666664,36678.333333333336,76547
2018-08-22,34800.0,35100.0,34750.0,34800.0,34800.0,35250.0,36683.333333333336,36660.0,61658
2018-08-23,34900.0,34950.0,34450.0,34500.0,34810.0,35122.5,36615.833333333336,36640.833333333336,56731
2018-08-24,34350.0,35200.0,34300.0,34950.0,34860.0,35040.0,36572.5,36629.583333333336,72859
2018-08-27,34450.0,35000.0,34300.0,34600.0,34780.0,34955.0,36532.5,36622.5,67634
2018-08-28,34500.0,35200.0,34500.0,34850.0,34740.0,34895.0,36495.0,36615.833333333336,96789
2018-08-29,34900.0,35350.0,34750.0,34850.0,34750.0,34867.5,36447.5,36608.75,73068
2018-08-30,34850.0,35300.0,34600.0,34800.0,34810.0,34850.0,36395.0,36600.0,115345
2018-08-31,34900.0,35600.0,34900.0,35250.0,34870.0,34865.0,36354.166666666664,36594.583333333336,148499
2018-09-03,35250.0,36050.0,35200.0,35950.0,35140.0,34922.5,36305.0,36590.833333333336,96245
2018-09-04,35750.0,35950.0,35050.0,35450.0,35260.0,34932.5,36242.5,36581.25,66305
2018-09-05,35350.0,35700.0,35050.0,35050.0,35300.0,34945.0,36170.833333333336,36570.833333333336,84976
2018-09-06,35050.0,35700.0,35050.0,35200.0,35380.0,34937.5,36100.0,36566.25,61708
2018-09-07,35500.0,35500.0,35100.0,35300.0,35390.0,34940.0,36030.0,36561.25,71668
2018-09-10,35100.0,35450.0,35050.0,35350.0,35270.0,34957.5,36008.333333333336,36555.416666666664,63259
2018-09-11,35150.0,35500.0,35150.0,35250.0,35230.0,34997.5,35977.5,36551.25,34940
2018-09-12,35500.0,35700.0,35200.0,35400.0,35300.0,35037.5,35963.333333333336,36548.75,80399
2018-09-13,35750.0,36150.0,35450.0,36150.0,35490.0,35122.5,35950.0,36553.75,91614
2018-09-14,36150.0,36250.0,35900.0,36150.0,35660.0,35195.0,35940.0,36559.166666666664,54571
2018-09-17,35650.0,35950.0,35550.0,35750.0,35740.0,35232.5,35906.666666666664,36565.416666666664,30126
2018-09-18,35450.0,35550.0,35250.0,35550.0,35800.0,35257.5,35863.333333333336,36569.166666666664,53991
2018-09-19,35300.0,35700.0,35300.0,35450.0,35810.0,35290.0,35807.5,36567.5,49782
2018-09-20,35350.0,35750.0,35050.0,35600.0,35700.0,35345.0,35757.5,36568.333333333336,68580
2018-09-21,35900.0,36900.0,35900.0,36900.0,35850.0,35442.5,35740.833333333336,36577.083333333336,135500
2018-09-27,36300.0,36950.0,36200.0,36600.0,36020.0,35542.5,35712.5,36583.333333333336,85566
2018-09-28,36700.0,37000.0,36300.0,36800.0,36270.0,35640.0,35701.666666666664,36590.833333333336,90148
2018-10-01,36400.0,37000.0,36300.0,36950.0,36570.0,35745.0,35700.0,36601.25,40358
2018-10-02,36550.0,37000.0,36050.0,36350.0,36720.0,35822.5,35709.166666666664,36611.666666666664,69513
2018-10-04,36350.0,36850.0,36050.0,36300.0,36600.0,35875.0,35705.0,36620.833333333336,65341
2018-10-05,36350.0,36500.0,35650.0,36400.0,36560.0,35897.5,35694.166666666664,36631.25,68503
2018-10-08,36000.0,36500.0,35950.0,36050.0,36410.0,35927.5,35673.333333333336,36638.333333333336,49450
2018-10-10,35700.0,36350.0,35200.0,35300.0,36080.0,35940.0,35648.333333333336,36635.416666666664,90986
2018-10-11,34450.0,35750.0,34300.0,34800.0,35770.0,35920.0,35617.5,36631.666666666664,117312
2018-10-12,34800.0,34800.0,33450.0,34100.0,35330.0,35860.0,35574.166666666664,36623.333333333336,103286
2018-10-15,33900.0,33950.0,33150.0,33400.0,34730.0,35762.5,35514.166666666664,36608.75,97296
2018-10-16,33400.0,33600.0,33050.0,33350.0,34190.0,35667.5,35461.666666666664,36595.416666666664,59464
2018-10-17,33450.0,33650.0,33000.0,33050.0,33740.0,35550.0,35408.333333333336,36577.916666666664,70385
2018-10-18,33100.0,33400.0,32600.0,33000.0,33380.0,35392.5,35360.0,36560.416666666664,80669
2018-10-19,33000.0,33200.0,32700.0,33000.0,33160.0,35235.0,35318.333333333336,36543.75,68299
2018-10-22,32950.0,33500.0,32500.0,33450.0,33170.0,35120.0,35268.333333333336,36530.833333333336,98281
2018-10-23,33150.0,33600.0,32550.0,32650.0,33030.0,34975.0,35198.333333333336,36507.916666666664,73879
2018-10-24,32900.0,33850.0,32700.0,33750.0,33170.0,34890.0,35143.333333333336,36490.833333333336,89373
2018-10-25,33500.0,34650.0,33150.0,34650.0,33500.0,34842.5,35103.333333333336,36473.333333333336,121311
2018-10-26,34450.0,35450.0,33900.0,34650.0,33830.0,34730.0,35070.833333333336,36455.833333333336,146845
2018-10-29,34950.0,35050.0,34250.0,34400.0,34020.0,34620.0,35039.166666666664,36437.083333333336,99006
2018-10-30,34850.0,34850.0,32700.0,32850.0,34060.0,34422.5,34985.833333333336,36400.0,122854
2018-10-31,32750.0,33700.0,32200.0,33650.0,34040.0,34257.5,34956.666666666664,36351.666666666664,121801
2018-11-01,33300.0,33350.0,32750.0,32950.0,33700.0,34087.5,34920.0,36295.0,94231
2018-11-02,32800.0,33150.0,32750.0,33100.0,33390.0,33927.5,34889.166666666664,36242.083333333336,104243
2018-11-05,32850.0,33200.0,32650.0,32750.0,33060.0,33745.0,34855.0,36186.666666666664,89722
2018-11-06,32950.0,33550.0,32900.0,33350.0,33160.0,33610.0,34823.333333333336,36135.0,97328
2018-11-07,33050.0,33650.0,32950.0,33050.0,33040.0,33497.5,34794.166666666664,36088.333333333336,91264
2018-11-08,33300.0,33850.0,33300.0,33300.0,33110.0,33422.5,34760.0,36042.5,115954
2018-11-09,33150.0,34050.0,33000.0,33550.0,33200.0,33395.0,34731.666666666664,35997.083333333336,109669
2018-11-12,33850.0,34500.0,33250.0,34350.0,33520.0,33442.5,34720.833333333336,35957.5,87882
2018-11-13,33950.0,34900.0,33300.0,33850.0,33620.0,33467.5,34710.833333333336,35912.5,107958
2018-11-14,33800.0,34600.0,33600.0,34500.0,33910.0,33540.0,34709.166666666664,35872.083333333336,65890
2018-11-15,34000.0,34250.0,33650.0,33850.0,34020.0,33582.5,34699.166666666664,35825.0,53236
2018-11-16,33650.0,33900.0,33400.0,33550.0,34020.0,33610.0,34680.0,35775.416666666664,77176
2018-11-19,33250.0,33800.0,33150.0,33250.0,33800.0,33600.0,34650.833333333336,35728.75,99208
2018-11-20,33300.0,33550.0,33100.0,33450.0,33720.0,33640.0,34624.166666666664,35684.166666666664,102920
2018-11-21,33550.0,33550.0,32600.0,32750.0,33370.0,33590.0,34590.0,35636.666666666664,129137
2018-11-22,32750.0,33200.0,32550.0,32850.0,33170.0,33500.0,34562.5,35589.166666666664,101525
2018-11-23,32800.0,32950.0,32400.0,32600.0,32980.0,33397.5,34523.333333333336,35547.916666666664,62122
2018-11-26,32500.0,32750.0,32000.0,32650.0,32860.0,33310.0,34490.833333333336,35511.666666666664,133042
2018-11-27,32400.0,32700.0,32000.0,32250.0,32620.0,33280.0,34447.5,35471.25,115592
2018-11-28,32250.0,32400.0,31550.0,31750.0,32420.0,33185.0,34395.833333333336,35421.666666666664,161384
2018-11-29,31950.0,32200.0,31900.0,32100.0,32270.0,33142.5,34350.833333333336,35372.916666666664,141626
2018-11-30,32150.0,32450.0,31950.0,32300.0,32210.0,33102.5,34301.666666666664,35327.916666666664,212381
2018-12-03,32350.0,32700.0,32300.0,32400.0,32160.0,33085.0,34242.5,35273.75,278281
2018-12-04,32450.0,32450.0,32050.0,32200.0,32150.0,33027.5,34188.333333333336,35215.416666666664,213179
2018-12-05,32100.0,32700.0,32000.0,32250.0,32250.0,32987.5,34141.666666666664,35156.25,161856
2018-12-06,32450.0,32700.0,32050.0,32400.0,32310.0,32942.5,34095.0,35097.5,114185
2018-12-07,32500.0,33900.0,32300.0,32350.0,32320.0,32882.5,34045.833333333336,35037.916666666664,147013
2018-12-10,32100.0,33300.0,32050.0,33150.0,32470.0,32822.5,34009.166666666664,35008.75,112051
2018-12-11,32800.0,34000.0,32800.0,33200.0,32670.0,32790.0,33975.0,34976.25,99165
2018-12-12,33750.0,34100.0,33250.0,33300.0,32880.0,32730.0,33940.0,34951.666666666664,87558
2018-12-13,33500.0,33950.0,33050.0,33750.0,33150.0,32725.0,33900.0,34925.0,222098
2018-12-14,33750.0,34500.0,33500.0,34300.0,33540.0,32762.5,33869.166666666664,34904.583333333336,152440
2018-12-17,34600.0,35050.0,33350.0,33550.0,33620.0,32777.5,33832.5,34869.583333333336,171066
2018-12-18,33950.0,35100.0,33850.0,34750.0,33930.0,32842.5,33819.166666666664,34841.25,218178
2018-12-19,34950.0,35600.0,34950.0,35350.0,34340.0,32972.5,33817.5,34812.5,145176
2018-12-20,35650.0,36000.0,34300.0,35500.0,34690.0,33105.0,33815.833333333336,34786.666666666664,197746
2018-12-21,35900.0,36200.0,35300.0,36000.0,35030.0,33275.0,33800.833333333336,34770.833333333336,209471
2018-12-24,36150.0,36950.0,35150.0,36900.0,35700.0,33487.5,33805.833333333336,34759.166666666664,188035
2018-12-26,36500.0,37250.0,34800.0,35750.0,35900.0,33662.5,33788.333333333336,34745.0,224331
2018-12-27,34600.0,35100.0,33800.0,34850.0,35800.0,33817.5,33753.333333333336,34726.666666666664,208487
2018-12-28,34250.0,34950.0,34000.0,34550.0,35610.0,33940.0,33723.333333333336,34716.25,114719
2019-01-02,34200.0,34700.0,33950.0,34700.0,35350.0,34060.0,33696.666666666664,34700.833333333336,69225
2019-01-03,35300.0,35350.0,33600.0,33950.0,34760.0,34137.5,33655.833333333336,34675.0,112990
2019-01-04,34200.0,34900.0,33800.0,34500.0,34510.0,34252.5,33630.0,34651.666666666664,102668
2019-01-07,34800.0,35550.0,34400.0,34850.0,34510.0,34382.5,33622.5,34635.416666666664,96405
2019-01-08,35500.0,35550.0,34800.0,35000.0,34600.0,34512.5,33625.833333333336,34621.666666666664,62845
2019-01-09,34800.0,35350.0,34750.0,35000.0,34660.0,34645.0,33640.833333333336,34607.5,53298
2019-01-10,34500.0,35300.0,34400.0,34650.0,34800.0,34720.0,33661.666666666664,34587.916666666664,113568
2019-01-11,34800.0,35100.0,34450.0,34500.0,34800.0,34785.0,33680.833333333336,34571.25,75026
2019-01-14,34300.0,35200.0,34100.0,35150.0,34860.0,34877.5,33715.833333333336,34562.083333333336,84471
2019-01-15,35250.0,35300.0,34700.0,34700.0,34800.0,34925.0,33744.166666666664,34552.083333333336,63914
2019-01-16,34550.0,35050.0,34450.0,34800.0,34760.0,34950.0,33774.166666666664,34546.25,70096
2019-01-17,34550.0,35500.0,34550.0,35250.0,34880.0,35035.0,33804.166666666664,34536.25,71578
2019-01-18,35500.0,35550.0,34750.0,34950.0,34970.0,35045.0,33842.5,34520.416666666664,58423
2019-01-21,35100.0,35200.0,34750.0,34900.0,34920.0,35022.5,33861.666666666664,34502.5,55088
2019-01-22,34700.0,34950.0,34450.0,34900.0,34960.0,34992.5,33865.833333333336,34484.583333333336,64317
2019-01-23,34850.0,35050.0,34500.0,34700.0,34940.0,34927.5,33866.666666666664,34468.75,50079
2019-01-24,34350.0,34850.0,34150.0,34600.0,34810.0,34812.5,33870.0,34454.583333333336,71978
2019-01-25,34400.0,35050.0,34150.0,34600.0,34740.0,34755.0,33899.166666666664,34442.5,79819
2019-01-28,34250.0,34500.0,33600.0,33650.0,34490.0,34695.0,33899.166666666664,34427.916666666664,119971
2019-01-29,33450.0,33500.0,32650.0,33050.0,34120.0,34620.0,33900.833333333336,34410.416666666664,124057
2019-01-30,33350.0,33350.0,32200.0,32450.0,33670.0,34507.5,33890.0,34389.583333333336,130690
2019-01-31,32700.0,33400.0,32400.0,33350.0,33420.0,34477.5,33900.0,34377.5,140419
2019-02-01,33200.0,33500.0,33000.0,33300.0,33160.0,34417.5,33899.166666666664,34361.25,75647
2019-02-07,33300.0,33600.0,32950.0,33500.0,33130.0,34350.0,33906.666666666664,34350.416666666664,71964
2019-02-08,33500.0,33700.0,33250.0,33250.0,33170.0,34262.5,33905.833333333336,34332.916666666664,56683
2019-02-11,33550.0,33750.0,33050.0,33350.0,33350.0,34180.0,33902.5,34317.083333333336,62728
2019-02-12,33500.0,33500.0,32850.0,33200.0,33320.0,34107.5,33883.333333333336,34302.083333333336,40698
2019-02-13,33150.0,33450.0,32900.0,33350.0,33330.0,34050.0,33875.0,34292.916666666664,50172
2019-02-14,33050.0,34400.0,32950.0,34400.0,33510.0,34012.5,33873.333333333336,34291.25,157985
2019-02-15,34000.0,34250.0,33400.0,33600.0,33580.0,33957.5,33869.166666666664,34284.166666666664,59874
2019-02-18,33500.0,33900.0,33450.0,33700.0,33650.0,33902.5,33871.666666666664,34275.833333333336,44379
2019-02-19,33500.0,33750.0,33300.0,33450.0,33700.0,33812.5,33875.0,34262.916666666664,47781
2019-02-20,33300.0,34000.0,33300.0,33750.0,33780.0,33752.5,33880.0,34252.083333333336,79022
2019-02-21,33650.0,34100.0,33450.0,33950.0,33690.0,33705.0,33900.0,34245.0,73112
2019-02-22,33700.0,34100.0,33600.0,33900.0,33750.0,33655.0,33917.5,34240.0,49489
2019-02-25,34150.0,34450.0,33900.0,34050.0,33820.0,33622.5,33941.666666666664,34232.5,59283
2019-02-26,33800.0,34150.0,33800.0,33950.0,33920.0,33590.0,33963.333333333336,34227.083333333336,41686
2019-02-27,34100.0,34100.0,33550.0,33800.0,33930.0,33550.0,33989.166666666664,34218.333333333336,39372
2019-02-28,33950.0,34250.0,33500.0,34050.0,33950.0,33570.0,34027.5,34211.666666666664,79102
2019-03-04,33600.0,34100.0,33050.0,33100.0,33790.0,33572.5,34044.166666666664,34197.5,97297
2019-03-05,33100.0,33600.0,32850.0,33550.0,33690.0,33627.5,34065.0,34183.333333333336,87529
2019-03-06,33700.0,33800.0,33000.0,33650.0,33630.0,33642.5,34085.833333333336,34164.166666666664,62573
2019-03-07,33800.0,34000.0,33300.0,33800.0,33630.0,33667.5,34112.5,34150.416666666664,89449
2019-03-08,33200.0,33400.0,32950.0,33000.0,33420.0,33642.5,34125.0,34133.333333333336,49244
2019-03-11,33000.0,33450.0,32850.0,33250.0,33450.0,33642.5,34139.166666666664,34117.083333333336,52122
2019-03-12,33400.0,33600.0,33050.0,33050.0,33350.0,33627.5,34150.833333333336,34098.333333333336,51228
2019-03-13,33400.0,33750.0,32950.0,33500.0,33320.0,33642.5,34156.666666666664,34082.916666666664,74981
2019-03-14,33850.0,34300.0,33050.0,34300.0,33420.0,33690.0,34175.0,34075.0,136255
2019-03-15,34500.0,35000.0,34100.0,34650.0,33750.0,33702.5,34197.5,34068.75,198019
2019-03-18,34950.0,34950.0,34150.0,34800.0,34060.0,33762.5,34215.0,34057.5,57740
2019-03-19,34500.0,35050.0,34150.0,34900.0,34430.0,33822.5,34225.0,34047.083333333336,102786
2019-03-20,34450.0,35250.0,34400.0,34850.0,34700.0,33892.5,34246.666666666664,34039.583333333336,57820
2019-03-21,35000.0,35500.0,34500.0,34700.0,34780.0,33940.0,34245.833333333336,34032.5,97466
2019-03-22,34300.0,34600.0,33800.0,34000.0,34650.0,33942.5,34223.333333333336,34020.416666666664,66736
2019-03-25,34400.0,34650.0,33350.0,34550.0,34600.0,33975.0,34207.5,34011.666666666664,95848
2019-03-26,34450.0,34600.0,33700.0,33700.0,34360.0,33957.5,34169.166666666664,33985.0,48709
2019-03-27,33750.0,33950.0,33250.0,33800.0,34150.0,33950.0,34117.5,33961.666666666664,33164
2019-03-28,33850.0,34300.0,33550.0,33950.0,34000.0,33957.5,34087.5,33937.916666666664,50290
2019-03-29,34200.0,34800.0,34050.0,34400.0,34080.0,33975.0,34080.0,33916.666666666664,80608
2019-04-01,34250.0,35300.0,34250.0,35250.0,34220.0,34082.5,34091.666666666664,33907.5,55404
2019-04-02,34800.0,35250.0,34700.0,34850.0,34450.0,34147.5,34094.166666666664,33895.416666666664,61757
2019-04-03,34400.0,35350.0,34400.0,35350.0,34760.0,34232.5,34117.5,33886.666666666664,44749
2019-04-04,35200.0,35200.0,34350.0,34700.0,34910.0,34277.5,34120.833333333336,33875.416666666664,58952
2019-04-05,34800.0,34900.0,34600.0,34650.0,34960.0,34360.0,34117.5,33870.0,18771
2019-04-08,34700.0,35050.0,34450.0,35050.0,34920.0,34450.0,34118.333333333336,33872.083333333336,39403
2019-04-09,35050.0,35200.0,34800.0,34900.0,34930.0,34542.5,34116.666666666664,33878.75,38177
2019-04-10,34800.0,35500.0,34800.0,35500.0,34960.0,34642.5,34130.833333333336,33896.25,43918
2019-04-11,35750.0,35950.0,35350.0,35600.0,35140.0,34707.5,34149.166666666664,33915.0,79395
2019-04-12,35850.0,36100.0,35300.0,35850.0,35380.0,34767.5,34160.833333333336,33938.333333333336,52245
2019-04-15,35550.0,36100.0,35350.0,35900.0,35550.0,34822.5,34180.833333333336,33962.5,56212
2019-04-16,35450.0,35950.0,35400.0,35900.0,35750.0,34872.5,34199.166666666664,33986.666666666664,32671
2019-04-17,35600.0,35950.0,35050.0,35350.0,35720.0,34897.5,34200.833333333336,34002.5,53256
2019-04-18,35000.0,35450.0,34750.0,35250.0,35650.0,34925.0,34205.833333333336,34024.166666666664,46953
2019-04-19,35150.0,35150.0,34600.0,34750.0,35430.0,34962.5,34203.333333333336,34032.5,34611
2019-04-22,34750.0,34950.0,34500.0,34850.0,35220.0,34977.5,34202.5,34034.166666666664,42731
2019-04-23,35050.0,36300.0,34800.0,36300.0,35300.0,35107.5,34229.166666666664,34047.916666666664,80522
2019-04-24,36400.0,37800.0,36350.0,37350.0,35700.0,35285.0,34275.0,34072.5,168740
2019-04-25,37500.0,37550.0,36900.0,37550.0,36160.0,35465.0,34324.166666666664,34111.666666666664,65107
2019-04-26,37500.0,37550.0,36450.0,36750.0,36560.0,35582.5,34375.833333333336,34137.5,62049
2019-04-29,36800.0,37750.0,36300.0,37050.0,37000.0,35672.5,34442.5,34171.666666666664,67353
2019-04-30,37400.0,37700.0,36550.0,37100.0,37160.0,35785.0,34520.0,34205.0,88008
2019-05-02,36500.0,37300.0,36300.0,37200.0,37130.0,35877.5,34584.166666666664,34242.083333333336,56008
2019-05-03,37250.0,37250.0,36250.0,36950.0,37010.0,35990.0,34645.0,34272.083333333336,44509
2019-05-07,36250.0,36900.0,35800.0,36650.0,36990.0,36090.0,34697.5,34302.083333333336,64335
2019-05-08,36050.0,37100.0,36050.0,36750.0,36930.0,36175.0,34755.833333333336,34330.833333333336,65016
2019-05-09,37050.0,37050.0,35900.0,35900.0,36690.0,36225.0,34798.333333333336,34350.416666666664,112426
2019-05-10,36500.0,36600.0,35550.0,35850.0,36420.0,36242.5,34842.5,34362.916666666664,74166
2019-05-13,35150.0,35750.0,35100.0,35350.0,36100.0,36230.0,34875.833333333336,34375.416666666664,55287
2019-05-14,35350.0,36250.0,35000.0,35700.0,35910.0,36222.5,34897.5,34385.416666666664,90871
2019-05-15,35300.0,35700.0,34600.0,35050.0,35570.0,36180.0,34921.666666666664,34395.416666666664,114302
2019-05-16,34800.0,35150.0,34550.0,35000.0,35390.0,36135.0,34943.333333333336,34407.5,63486
2019-05-17,35500.0,35950.0,34950.0,35650.0,35350.0,36150.0,34980.0,34427.5,82682
2019-05-20,36000.0,36250.0,35650.0,36000.0,35480.0,36187.5,35017.5,34448.75,77068
2019-05-21,35300.0,36200.0,35300.0,35950.0,35530.0,36247.5,35050.833333333336,34475.416666666664,68488
2019-05-22,35250.0,36150.0,35250.0,36000.0,35720.0,36305.0,35085.833333333336,34501.666666666664,92142
2019-05-23,36250.0,36800.0,35700.0,36700.0,36060.0,36325.0,35130.0,34535.833333333336,256482
2019-05-24,36550.0,37000.0,36150.0,36800.0,36290.0,36297.5,35177.5,34570.416666666664,140152
2019-05-27,36850.0,37400.0,36700.0,37300.0,36550.0,36285.0,35235.833333333336,34612.5,83485
2019-05-28,37450.0,37450.0,36700.0,36700.0,36700.0,36282.5,35280.0,34653.75,180502
2019-05-29,37250.0,37250.0,36400.0,36700.0,36840.0,36265.0,35340.0,34692.083333333336,79099
2019-05-30,36900.0,37150.0,36350.0,37000.0,36900.0,36260.0,35397.5,34731.25,103095
2019-05-31,36550.0,37050.0,36200.0,36800.0,36900.0,36240.0,35450.0,34767.916666666664,106086
2019-06-03,37150.0,37200.0,36300.0,37050.0,36850.0,36245.0,35504.166666666664,34808.333333333336,124525
2019-06-04,37400.0,37450.0,36850.0,37200.0,36950.0,36272.5,35574.166666666664,34849.583333333336,116340
2019-06-05,37300.0,37500.0,36900.0,37450.0,37100.0,36307.5,35644.166666666664,34891.666666666664,62880
2019-06-07,37550.0,37600.0,37000.0,37300.0,37160.0,36377.5,35715.0,34932.916666666664,71111
2019-06-10,37500.0,37800.0,36850.0,37800.0,37360.0,36475.0,35786.666666666664,34971.666666666664,65135
2019-06-11,37400.0,38100.0,37350.0,38100.0,37570.0,36612.5,35850.0,35012.5,90455
2019-06-12,38100.0,38500.0,37750.0,38200.0,37770.0,36737.5,35909.166666666664,35053.333333333336,90952
2019-06-13,38150.0,38800.0,38050.0,38500.0,37980.0,36910.0,35970.833333333336,35092.916666666664,127346
2019-06-14,38500.0,38500.0,37600.0,38100.0,38140.0,37065.0,36024.166666666664,35124.583333333336,82318
2019-06-17,37800.0,38700.0,37800.0,38000.0,38180.0,37182.5,36076.666666666664,35161.666666666664,66318
2019-06-18,37900.0,38350.0,37200.0,37350.0,38030.0,37250.0,36120.833333333336,35183.333333333336,155367
2019-06-19,37700.0,38500.0,37400.0,38000.0,37990.0,37352.5,36187.5,35205.416666666664,81854
2019-06-20,37600.0,38250.0,37450.0,38200.0,37930.0,37462.5,36248.333333333336,35227.916666666664,75388
2019-06-21,38200.0,38200.0,37500.0,37750.0,37860.0,37515.0,36315.833333333336,35242.5,109426
2019-06-24,37900.0,38300.0,37550.0,37700.0,37800.0,37560.0,36380.833333333336,35249.166666666664,54385
2019-06-25,38300.0,38300.0,37350.0,37650.0,37860.0,37577.5,36442.5,35265.0,137677
2019-06-26,38200.0,38750.0,37550.0,38750.0,38010.0,37680.0,36515.0,35297.5,168988
2019-06-27,38300.0,38750.0,37800.0,38650.0,38100.0,37777.5,36571.666666666664,35331.666666666664,81644
2019-06-28,38100.0,38800.0,38000.0,38200.0,38190.0,37837.5,36627.5,35360.833333333336,61928
2019-07-01,38500.0,38650.0,37600.0,37900.0,38230.0,37892.5,36670.0,35393.75,53526
2019-07-02,37650.0,38250.0,37350.0,37850.0,38270.0,37932.5,36722.5,35421.666666666664,67633
2019-07-03,38150.0,38400.0,37250.0,37300.0,37980.0,37937.5,36766.666666666664,35442.083333333336,47619
2019-07-04,37100.0,37700.0,37050.0,37350.0,37720.0,37932.5,36805.0,35461.666666666664,58304
2019-07-05,38000.0,38000.0,37300.0,37500.0,37580.0,37942.5,36848.333333333336,35482.5,48104
2019-07-08,37550.0,37550.0,36000.0,36300.0,37260.0,37867.5,36861.666666666664,35496.25,53886
2019-07-09,36550.0,36900.0,36050.0,36100.0,36910.0,37767.5,36870.0,35509.583333333336,56166
2019-07-10,36500.0,37100.0,35950.0,36850.0,36820.0,37700.0,36886.666666666664,35523.75,69595
2019-07-11,36500.0,37550.0,36500.0,37300.0,36810.0,37640.0,36910.0,35545.416666666664,101761
2019-07-12,36950.0,37200.0,36600.0,36750.0,36660.0,37572.5,36924.166666666664,35561.666666666664,46371
2019-07-15,36700.0,36950.0,36250.0,36350.0,36670.0,37490.0,36940.833333333336,35570.833333333336,29996
2019-07-16,36350.0,36650.0,35600.0,36150.0,36680.0,37430.0,36955.833333333336,35580.833333333336,44743
2019-07-17,36200.0,36750.0,35700.0,36650.0,36640.0,37362.5,36987.5,35595.416666666664,53426
2019-07-18,36250.0,36700.0,35800.0,36650.0,36510.0,37285.0,37017.5,35610.0,45477
2019-07-19,36200.0,36950.0,36200.0,36550.0,36470.0,37225.0,37021.666666666664,35625.416666666664,51606
2019-07-22,36200.0,36850.0,36050.0,36600.0,36520.0,37170.0,37009.166666666664,35642.083333333336,41052
2019-07-23,36400.0,36900.0,36200.0,36550.0,36600.0,37115.0,36992.5,35658.333333333336,49616
2019-07-24,36300.0,36800.0,36000.0,36000.0,36470.0,36977.5,36980.0,35677.916666666664,58552
2019-07-25,36000.0,36300.0,35850.0,36200.0,36380.0,36855.0,36965.833333333336,35704.166666666664,81685
2019-07-26,35950.0,36350.0,35850.0,36000.0,36270.0,36745.0,36947.5,35733.75,55715
2019-07-29,36000.0,36250.0,35150.0,35400.0,36030.0,36620.0,36917.5,35750.833333333336,56624
2019-07-30,35400.0,35700.0,35000.0,35350.0,35790.0,36495.0,36890.833333333336,35767.916666666664,37444
2019-07-31,35650.0,36300.0,35050.0,36300.0,35850.0,36445.0,36885.0,35791.25,80713
2019-08-01,35900.0,36250.0,35400.0,35800.0,35770.0,36367.5,36869.166666666664,35812.5,58099
2019-08-02,35200.0,35700.0,34600.0,35350.0,35640.0,36260.0,36860.0,35829.166666666664,92107
2019-08-05,34700.0,35300.0,34250.0,34650.0,35490.0,36177.5,36840.0,35841.25,81557
2019-08-06,35100.0,35100.0,33800.0,34800.0,35380.0,36112.5,36830.833333333336,35853.333333333336,113471
2019-08-07,34200.0,34700.0,34000.0,34450.0,35010.0,35992.5,36810.0,35853.75,82951
2019-08-08,35000.0,35100.0,34250.0,34300.0,34710.0,35842.5,36797.5,35859.583333333336,153243
2019-08-09,34500.0,34700.0,33650.0,33900.0,34420.0,35700.0,36779.166666666664,35861.25,97305
2019-08-12,33700.0,34350.0,33300.0,33700.0,34230.0,35567.5,36746.666666666664,35863.333333333336,74847
2019-08-13,33250.0,33700.0,32750.0,32950.0,33860.0,35407.5,36695.833333333336,35856.666666666664,91188
2019-08-14,33000.0,33650.0,32600.0,32600.0,33490.0,35205.0,36640.0,35845.416666666664,68012
2019-08-16,32100.0,32600.0,32000.0,32400.0,33110.0,34992.5,36580.0,35832.916666666664,60478
2019-08-19,32650.0,32700.0,32200.0,32400.0,32810.0,34785.0,36508.333333333336,35819.166666666664,57667
2019-08-20,32300.0,32850.0,32250.0,32550.0,32580.0,34582.5,36437.5,35807.5,47559
2019-08-21,32300.0,32850.0,32150.0,32700.0,32530.0,34390.0,36360.833333333336,35798.333333333336,49268
2019-08-22,32650.0,32800.0,32350.0,32700.0,32550.0,34225.0,36294.166666666664,35787.083333333336,54639
2019-08-23,32400.0,32800.0,31850.0,32150.0,32500.0,34022.5,36218.333333333336,35779.166666666664,61403
2019-08-26,31950.0,32350.0,31650.0,32150.0,32450.0,33830.0,36137.5,35767.5,66834
2019-08-27,31900.0,32400.0,31500.0,31500.0,32240.0,33635.0,36049.166666666664,35749.583333333336,198791
2019-08-28,31800.0,32350.0,31600.0,32300.0,32160.0,33482.5,35970.0,35737.083333333336,48212
2019-08-29,32100.0,32650.0,31800.0,32500.0,32120.0,33292.5,35891.666666666664,35732.916666666664,40802
2019-08-30,32700.0,33450.0,32550.0,33150.0,32320.0,33160.0,35820.0,35732.083333333336,99235
2019-09-02,33000.0,33400.0,32750.0,33400.0,32570.0,33062.5,35755.0,35735.0,38670
2019-09-03,33450.0,33650.0,33050.0,33150.0,32900.0,32987.5,35677.5,35732.083333333336,66164
2019-09-04,32950.0,33800.0,32950.0,33500.0,33140.0,32922.5,35600.833333333336,35725.416666666664,54938
2019-09-05,33100.0,33450.0,32950.0,32950.0,33230.0,32847.5,35513.333333333336,35711.25,66693
2019-09-06,32800.0,33450.0,32800.0,33200.0,33240.0,32792.5,35425.0,35697.916666666664,30228
2019-09-09,32850.0,33650.0,32850.0,33400.0,33240.0,32767.5,35346.666666666664,35685.416666666664,48563
2019-09-10,33350.0,34400.0,33250.0,34300.0,33470.0,32797.5,35285.0,35680.833333333336,60219
2019-09-11,34350.0,35150.0,34350.0,34900.0,33750.0,32895.0,35244.166666666664,35682.5,151329
2019-09-16,34500.0,35000.0,33900.0,34250.0,34010.0,32977.5,35181.666666666664,35684.583333333336,104703
2019-09-17,33650.0,34400.0,33650.0,34250.0,34220.0,33070.0,35115.833333333336,35682.083333333336,54398
2019-09-18,34300.0,34300.0,33600.0,34000.0,34340.0,33150.0,35053.333333333336,35684.583333333336,65496
2019-09-19,33750.0,34150.0,33650.0,33800.0,34240.0,33212.5,34988.333333333336,35684.583333333336,52678
2019-09-20,33900.0,34050.0,33700.0,33700.0,34000.0,33262.5,34922.5,35682.5,60153
2019-09-23,33750.0,34100.0,33700.0,33950.0,33940.0,33325.0,34842.5,35678.75,35955
2019-09-24,34250.0,34300.0,33700.0,33950.0,33880.0,33415.0,34764.166666666664,35667.916666666664,51319
2019-09-25,34000.0,34300.0,33700.0,33750.0,33830.0,33495.0,34690.0,35658.75,54377
2019-09-26,33650.0,34200.0,33600.0,34150.0,33900.0,33627.5,34627.5,35648.75,47556
2019-09-27,34450.0,34450.0,33500.0,33550.0,33870.0,33690.0,34555.833333333336,35639.166666666664,50491
2019-09-30,33700.0,35150.0,33500.0,35150.0,34110.0,33822.5,34520.0,35643.333333333336,92591
2019-10-01,35150.0,35250.0,34300.0,34950.0,34310.0,33912.5,34480.0,35642.5,51879
2019-10-02,34650.0,34950.0,33750.0,34000.0,34360.0,33942.5,34421.666666666664,35635.0,94576
2019-10-04,33700.0,34150.0,33650.0,33700.0,34270.0,33970.0,34378.333333333336,35620.0,48219
2019-10-07,33350.0,33850.0,33350.0,33650.0,34290.0,33977.5,34337.5,35603.75,51886
2019-10-08,33600.0,33850.0,33250.0,33550.0,33970.0,34007.5,34282.5,35584.583333333336,66936
2019-10-10,33250.0,33750.0,32750.0,33300.0,33640.0,34012.5,34215.833333333336,35562.916666666664,109811
2019-10-11,33650.0,34150.0,33550.0,34100.0,33660.0,34047.5,34171.666666666664,35547.916666666664,83957
2019-10-14,34250.0,34750.0,34050.0,34650.0,33850.0,34065.0,34143.333333333336,35542.083333333336,66610
2019-10-15,34800.0,35450.0,34250.0,34600.0,34040.0,34050.0,34117.5,35536.666666666664,90745
2019-10-16,34600.0,35550.0,34550.0,35150.0,34360.0,34095.0,34092.5,35540.0,55453
2019-10-17,35150.0,35600.0,34750.0,35250.0,34750.0,34145.0,34069.166666666664,35543.333333333336,61935
2019-10-18,35550.0,35650.0,34600.0,34600.0,34850.0,34175.0,34036.666666666664,35529.166666666664,58809
2019-10-21,34750.0,35000.0,34450.0,34800.0,34880.0,34225.0,34006.666666666664,35507.916666666664,40912
2019-10-22,34300.0,35000.0,34300.0,34900.0,34940.0,34285.0,33979.166666666664,35485.833333333336,58495
2019-10-23,34450.0,34900.0,34150.0,34350.0,34780.0,34305.0,33951.666666666664,35465.833333333336,52439
2019-10-24,34100.0,34650.0,34000.0,34450.0,34620.0,34330.0,33922.5,35444.166666666664,45486
2019-10-25,33950.0,34550.0,33900.0,34100.0,34520.0,34347.5,33890.833333333336,35419.166666666664,44044
2019-10-28,34300.0,34850.0,34100.0,34100.0,34380.0,34345.0,33869.166666666664,35393.333333333336,85128
2019-10-29,34100.0,34350.0,33850.0,33950.0,34190.0,34365.0,33845.833333333336,35368.333333333336,62500
2019-10-30,33800.0,34150.0,33600.0,33650.0,34050.0,34290.0,33801.666666666664,35343.333333333336,68536
2019-10-31,33650.0,34000.0,33400.0,33550.0,33870.0,34220.0,33764.166666666664,35316.666666666664,78033
2019-11-01,33400.0,33750.0,33000.0,33400.0,33730.0,34190.0,33731.666666666664,35295.833333333336,54852
2019-11-04,33300.0,34650.0,33300.0,34100.0,33730.0,34210.0,33722.5,35281.25,90058
2019-11-05,33900.0,34500.0,33650.0,34200.0,33780.0,34237.5,33712.5,35271.666666666664,72634
2019-11-06,34100.0,34650.0,34000.0,34250.0,33900.0,34272.5,33709.166666666664,35259.583333333336,81372
2019-11-07,33950.0,34500.0,33800.0,34200.0,34030.0,34317.5,33707.5,35252.5,68742
2019-11-08,34600.0,35200.0,34300.0,35000.0,34350.0,34362.5,33725.833333333336,35252.5,85805
2019-11-11,36000.0,37750.0,36000.0,37300.0,34990.0,34495.0,33785.833333333336,35266.25,208719
2019-11-12,37450.0,37850.0,36950.0,37150.0,35580.0,34622.5,33855.833333333336,35275.833333333336,89496
2019-11-13,37400.0,37400.0,36600.0,36750.0,36080.0,34702.5,33925.0,35282.5,71727
2019-11-14,36700.0,37450.0,36500.0,37400.0,36720.0,34810.0,34008.333333333336,35294.166666666664,93905
2019-11-15,36250.0,37650.0,36250.0,37200.0,37160.0,34940.0,34088.333333333336,35298.333333333336,87459
2019-11-18,36850.0,37150.0,36400.0,36750.0,37050.0,35037.5,34158.333333333336,35297.916666666664,85550
2019-11-19,36350.0,37250.0,36150.0,37050.0,37030.0,35145.0,34230.833333333336,35295.833333333336,74572
2019-11-20,36450.0,37300.0,36400.0,37000.0,37080.0,35277.5,34302.5,35298.333333333336,73125
2019-11-21,37550.0,37550.0,36400.0,36700.0,36940.0,35390.0,34378.333333333336,35298.333333333336,76789
2019-11-22,37400.0,37400.0,36400.0,36800.0,36860.0,35525.0,34455.833333333336,35296.666666666664,62570
2019-11-25,36450.0,37250.0,36450.0,36600.0,36830.0,35650.0,34540.833333333336,35295.0,60759
2019-11-26,36300.0,37250.0,36300.0,37050.0,36830.0,35805.0,34620.0,35295.0,166207
2019-11-27,37600.0,37700.0,37050.0,37600.0,36950.0,36002.5,34705.0,35298.333333333336,88894
2019-11-28,37050.0,37550.0,36600.0,37500.0,37110.0,36200.0,34777.5,35298.75,54652
2019-11-29,37800.0,37800.0,36900.0,37100.0,37170.0,36385.0,34839.166666666664,35297.083333333336,83347
2019-12-02,37450.0,37450.0,36800.0,36950.0,37240.0,36527.5,34902.5,35290.0,67885
2019-12-03,37300.0,37300.0,35450.0,36200.0,37070.0,36627.5,34947.5,35274.166666666664,152782
2019-12-04,35850.0,36950.0,35800.0,36600.0,36870.0,36745.0,35008.333333333336,35260.833333333336,112136
2019-12-05,36350.0,37700.0,36350.0,37400.0,36850.0,36905.0,35078.333333333336,35251.666666666664,151037
2019-12-06,37200.0,37750.0,37050.0,37300.0,36890.0,37020.0,35143.333333333336,35245.0,88392
2019-12-09,37350.0,38000.0,37150.0,37950.0,37090.0,37052.5,35204.166666666664,35244.583333333336,62529
2019-12-10,37800.0,38000.0,37400.0,37800.0,37410.0,37085.0,35252.5,35248.333333333336,37191
2019-12-11,38050.0,38800.0,37800.0,38450.0,37780.0,37170.0,35322.5,35252.083333333336,93172
2019-12-12,38900.0,39650.0,38750.0,39550.0,38210.0,37277.5,35410.833333333336,35263.333333333336,192083
2019-12-13,39700.0,40100.0,39650.0,40000.0,38750.0,37417.5,35510.833333333336,35282.083333333336,140850
2019-12-16,40100.0,40200.0,39300.0,39500.0,39060.0,37555.0,35605.833333333336,35297.083333333336,99270
2019-12-17,39600.0,40800.0,39550.0,40450.0,39590.0,37725.0,35718.333333333336,35320.416666666664,199905
2019-12-18,40450.0,41750.0,40350.0,41650.0,40230.0,37957.5,35846.666666666664,35344.583333333336,155597
2019-12-19,41600.0,41700.0,40700.0,40950.0,40510.0,38170.0,35963.333333333336,35363.75,62091
2019-12-20,41400.0,41500.0,40400.0,40550.0,40620.0,38357.5,36076.666666666664,35383.333333333336,120204
2019-12-23,41400.0,41400.0,40500.0,41150.0,40950.0,38585.0,36193.333333333336,35410.416666666664,81804
2019-12-24,41150.0,41200.0,40150.0,40350.0,40930.0,38750.0,36306.666666666664,35431.25,60641
2019-12-26,40500.0,40550.0,39500.0,39650.0,40530.0,38852.5,36381.666666666664,35450.833333333336,91775
2019-12-27,38700.0,39000.0,38100.0,38550.0,40050.0,38905.0,36441.666666666664,35460.833333333336,152863
2019-12-30,38850.0,38950.0,38100.0,38600.0,39660.0,38980.0,36518.333333333336,35470.0,75092
2020-01-02,38600.0,38800.0,37400.0,37450.0,38920.0,39005.0,36580.833333333336,35479.583333333336,81976
2020-01-03,37800.0,38050.0,37350.0,37600.0,38370.0,39075.0,36646.666666666664,35492.083333333336,87649
2020-01-06,36800.0,37550.0,36550.0,37150.0,37870.0,39102.5,36706.666666666664,35494.583333333336,66830
2020-01-07,37250.0,37850.0,37250.0,37750.0,37710.0,39120.0,36780.833333333336,35498.333333333336,71690
2020-01-08,37400.0,38150.0,37050.0,38000.0,37590.0,39155.0,36845.833333333336,35508.75,126159
2020-01-09,37700.0,38450.0,37700.0,38150.0,37730.0,39165.0,36904.166666666664,35523.75,108659
2020-01-10,37850.0,38300.0,37600.0,37950.0,37800.0,39172.5,36960.0,35538.75,74201
2020-01-13,37400.0,37900.0,37300.0,37800.0,37930.0,39140.0,37004.166666666664,35548.333333333336,68455
2020-01-14,37800.0,39250.0,37500.0,38750.0,38130.0,39100.0,37062.5,35565.833333333336,140458
2020-01-15,38850.0,39050.0,38300.0,38750.0,38280.0,39037.5,37131.666666666664,35584.166666666664,85515
2020-01-16,38500.0,39350.0,37800.0,39300.0,38510.0,39027.5,37206.666666666664,35606.666666666664,102301
2020-01-17,39000.0,39350.0,38400.0,38600.0,38640.0,38935.0,37268.333333333336,35623.75,54917
2020-01-20,38300.0,38550.0,37950.0,38050.0,38690.0,38755.0,37330.0,35640.833333333336,61607
2020-01-21,38050.0,38500.0,37750.0,38250.0,38590.0,38620.0,37393.333333333336,35657.916666666664,38168
2020-01-22,38600.0,38600.0,37850.0,38450.0,38530.0,38515.0,37465.833333333336,35678.333333333336,63552
2020-01-23,38150.0,38800.0,37950.0,38350.0,38340.0,38375.0,37536.666666666664,35702.916666666664,72619
2020-01-28,38200.0,38600.0,36500.0,36900.0,38000.0,38202.5,37585.833333333336,35715.833333333336,75226
2020-01-29,36600.0,36800.0,36200.0,36550.0,37700.0,38047.5,37634.166666666664,35717.916666666664,85845
2020-01-30,36350.0,37650.0,36300.0,37200.0,37490.0,37980.0,37695.0,35729.583333333336,90395
2020-01-31,37550.0,38200.0,37150.0,37950.0,37390.0,37947.5,37770.833333333336,35751.25,93972
2020-02-03,37750.0,38200.0,36450.0,36850.0,37090.0,37917.5,37816.666666666664,35769.583333333336,115139
2020-02-04,36300.0,36650.0,35550.0,35900.0,36890.0,37832.5,37845.0,35778.75,147212
2020-02-05,35750.0,36150.0,35500.0,35900.0,36760.0,37770.0,37872.5,35790.833333333336,113632
2020-02-06,36400.0,38650.0,36000.0,38350.0,36990.0,37800.0,37941.666666666664,35824.583333333336,171331
2020-02-07,37850.0,38250.0,37300.0,37850.0,36970.0,37792.5,37989.166666666664,35857.5,96129
2020-02-10,37150.0,37800.0,37100.0,37350.0,37070.0,37752.5,37990.0,35887.916666666664,95690
2020-02-11,37800.0,37800.0,36850.0,36850.0,37260.0,37697.5,37985.0,35920.416666666664,103188
2020-02-12,36350.0,38450.0,36300.0,38000.0,37680.0,37707.5,38005.833333333336,35965.416666666664,114541
2020-02-13,37500.0,37650.0,36550.0,36850.0,37380.0,37612.5,37996.666666666664,36002.5,149510
2020-02-14,36450.0,37350.0,36300.0,36850.0,37180.0,37517.5,37990.833333333336,36039.583333333336,81180
2020-02-17,37300.0,37300.0,36350.0,36650.0,37040.0,37385.0,37989.166666666664,36073.75,83280
2020-02-18,36050.0,36300.0,35850.0,36100.0,36890.0,37260.0,37973.333333333336,36102.083333333336,57262
2020-02-19,36650.0,36750.0,35200.0,35750.0,36440.0,37145.0,37952.5,36127.5,94172
2020-02-20,35300.0,35900.0,35150.0,35150.0,36100.0,36990.0,37926.666666666664,36152.5,80078
2020-02-21,35000.0,35300.0,34350.0,34900.0,35710.0,36812.5,37895.0,36175.416666666664,59081
2020-02-24,35200.0,35400.0,33400.0,33550.0,35090.0,36572.5,37844.166666666664,36192.5,93045
2020-02-25,33800.0,34450.0,33400.0,33900.0,34650.0,36422.5,37791.666666666664,36205.833333333336,143792
2020-02-26,34100.0,34350.0,33650.0,33900.0,34280.0,36290.0,37730.0,36217.5,111115
2020-02-27,33650.0,34350.0,33650.0,34100.0,34070.0,36135.0,37673.333333333336,36225.416666666664,75048
2020-02-28,34450.0,34450.0,33150.0,33700.0,33830.0,35922.5,37616.666666666664,36227.916666666664,215838
2020-03-02,33800.0,34400.0,33100.0,33350.0,33790.0,35747.5,37556.666666666664,36229.583333333336,103684
2020-03-03,33700.0,34600.0,33450.0,34050.0,33820.0,35655.0,37520.833333333336,36234.166666666664,158766
2020-03-04,34250.0,34500.0,33600.0,33900.0,33820.0,35555.0,37475.833333333336,36242.083333333336,126245
2020-03-05,33950.0,35400.0,33700.0,35000.0,34000.0,35387.5,37435.833333333336,36257.083333333336,144611
2020-03-06,35150.0,35150.0,34200.0,34500.0,34160.0,35220.0,37389.166666666664,36266.25,77134
2020-03-09,34500.0,34500.0,34500.0,34500.0,34390.0,35077.5,37331.666666666664,36267.916666666664,0
2020-03-10,34800.0,34800.0,33250.0,33500.0,34280.0,34910.0,37260.0,36256.25,132417
2020-03-11,33150.0,34300.0,33150.0,33650.0,34230.0,34692.5,37180.0,36251.25,122435
2020-03-12,33650.0,33650.0,33650.0,33650.0,33960.0,34532.5,37081.666666666664,36246.25,0
2020-03-13,28750.0,31950.0,28750.0,31300.0,33320.0,34255.0,36936.666666666664,36223.75,184684
2020-03-16,31150.0,32600.0,30400.0,31050.0,32630.0,33975.0,36795.833333333336,36200.833333333336,139945
2020-03-17,30250.0,30900.0,29700.0,29750.0,31880.0,33657.5,36617.5,36167.916666666664,132261
2020-03-18,29550.0,29700.0,27750.0,28150.0,30780.0,33277.5,36392.5,36119.583333333336,145562
2020-03-19,28450.0,28800.0,23600.0,23600.0,28770.0,32700.0,36103.333333333336,36033.333333333336,223211
2020-03-20,23600.0,28350.0,22000.0,27300.0,27970.0,32320.0,35882.5,35979.583333333336,222603
2020-03-23,24650.0,26850.0,24650.0,25150.0,26790.0,31900.0,35615.833333333336,35904.583333333336,181905
2020-03-24,25200.0,26300.0,24900.0,25950.0,26030.0,31502.5,35375.833333333336,35841.25,158409
2020-03-25,26000.0,27150.0,26000.0,27150.0,25830.0,31165.0,35167.5,35774.583333333336,169395
2020-03-26,26800.0,27400.0,26200.0,26700.0,26450.0,30795.0,34970.0,35705.833333333336,195869
2020-03-27,28050.0,28900.0,27150.0,28900.0,26770.0,30555.0,34808.333333333336,35663.333333333336,212279
2020-03-30,28600.0,30900.0,27350.0,30850.0,27910.0,30430.0,34698.333333333336,35639.583333333336,123892
2020-03-31,30350.0,31250.0,29800.0,29900.0,28700.0,30222.5,34570.0,35608.333333333336,168345
2020-04-01,29250.0,29550.0,28000.0,28000.0,28870.0,29927.5,34417.5,35562.083333333336,146956
2020-04-02,27650.0,28850.0,27650.0,28500.0,29230.0,29602.5,34263.333333333336,35522.083333333336,113473
2020-04-03,28100.0,28850.0,27800.0,28400.0,29130.0,29297.5,34103.333333333336,35474.583333333336,147753
2020-04-06,28400.0,29300.0,28250.0,29050.0,28770.0,29025.0,33951.666666666664,35427.916666666664,140745
2020-04-07,29550.0,29750.0,28700.0,29050.0,28600.0,28802.5,33803.333333333336,35381.666666666664,151118
2020-04-08,29000.0,29250.0,28400.0,28800.0,28760.0,28560.0,33653.333333333336,35328.75,153695
2020-04-09,29300.0,29600.0,28750.0,28750.0,28810.0,28315.0,33486.666666666664,35274.583333333336,172558
2020-04-10,28850.0,29550.0,28850.0,29250.0,28980.0,28212.5,33328.333333333336,35230.0,182815
2020-04-13,29200.0,29200.0,28500.0,28950.0,28960.0,28107.5,33155.833333333336,35181.25,95709
2020-04-14,28950.0,29250.0,28800.0,29100.0,28970.0,28075.0,32997.5,35132.916666666664,120930
2020-04-16,28700.0,29050.0,28200.0,28750.0,28960.0,28105.0,32842.5,35086.25,193604
2020-04-17,28750.0,29500.0,28750.0,29000.0,29010.0,28375.0,32688.333333333332,35040.833333333336,244526
2020-04-20,29050.0,29150.0,28500.0,28600.0,28880.0,28440.0,32524.166666666668,34995.0,162821
2020-04-21,28500.0,28600.0,27800.0,28050.0,28700.0,28585.0,32352.5,34944.583333333336,155763
2020-04-22,28000.0,28000.0,27400.0,27750.0,28430.0,28675.0,32200.0,34892.916666666664,156638
2020-04-23,27750.0,28400.0,27750.0,27950.0,28270.0,28715.0,32056.666666666668,34845.416666666664,118401
2020-04-24,27950.0,28150.0,27700.0,27800.0,28030.0,28770.0,31900.0,34797.5,89541
2020-04-27,27850.0,29050.0,27850.0,28900.0,28090.0,28770.0,31749.166666666668,34760.0,167133
2020-04-28,28900.0,29100.0,28250.0,28550.0,28190.0,28655.0,31610.833333333332,34713.75,154662
2020-04-29,28750.0,30650.0,28600.0,30000.0,28640.0,28660.0,31512.5,34678.75,365982
2020-05-04,29200.0,29550.0,28750.0,29050.0,28860.0,28712.5,31398.333333333332,34635.416666666664,385323
2020-05-06,29400.0,29500.0,28750.0,28850.0,29070.0,28730.0,31240.0,34590.833333333336,266877
2020-05-07,28850.0,29850.0,28850.0,29750.0,29240.0,28797.5,31105.0,34547.083333333336,230265
2020-05-08,30150.0,30700.0,30000.0,30150.0,29560.0,28852.5,30985.0,34487.5,287783
2020-05-11,30650.0,30950.0,29500.0,29500.0,29460.0,28875.0,30862.5,34423.75,312764
2020-05-12,29500.0,29700.0,28750.0,29000.0,29450.0,28885.0,30712.5,34359.166666666664,236755
2020-05-13,29000.0,29450.0,28550.0,29350.0,29550.0,28915.0,30587.5,34292.083333333336,135163
2020-05-14,29050.0,29400.0,28800.0,29050.0,29410.0,28905.0,30457.5,34224.166666666664,182408
2020-05-15,29250.0,29850.0,29000.0,29450.0,29270.0,28930.0,30337.5,34163.333333333336,220321
2020-05-18,29750.0,29800.0,29200.0,29200.0,29210.0,28935.0,30222.5,34097.916666666664,109107
2020-05-19,29750.0,30200.0,29550.0,30200.0,29450.0,29007.5,30130.0,34041.25,242804
2020-05-20,29950.0,30050.0,29750.0,29800.0,29540.0,29047.5,30040.833333333332,33983.75,169409
2020-05-21,29900.0,29950.0,29400.0,29500.0,29630.0,29092.5,29950.833333333332,33922.916666666664,208203
2020-05-22,29450.0,29700.0,29300.0,29300.0,29600.0,29155.0,29880.0,33862.083333333336,133411
2020-05-25,29500.0,29500.0,29100.0,29300.0,29620.0,29232.5,29803.333333333332,33797.5,104672
2020-05-26,29350.0,29700.0,29250.0,29650.0,29510.0,29317.5,29732.5,33731.25,194184
2020-05-27,29650.0,29850.0,29350.0,29550.0,29460.0,29405.0,29656.666666666668,33665.0,211712
2020-05-28,29600.0,30150.0,29350.0,29850.0,29530.0,29452.5,29592.5,33604.583333333336,389958
2020-05-29,29700.0,29700.0,29000.0,29550.0,29580.0,29502.5,29529.166666666668,33542.916666666664,375708
2020-06-01,29300.0,29550.0,29300.0,29450.0,29610.0,29475.0,29452.5,33486.666666666664,220841
2020-06-02,29450.0,30150.0,29400.0,29900.0,29660.0,29517.5,29385.833333333332,33430.833333333336,393050
2020-06-03,30300.0,31250.0,30150.0,31200.0,29990.0,29635.0,29322.5,33379.166666666664,739069
2020-06-04,32300.0,32300.0,30250.0,30550.0,30130.0,29675.0,29256.666666666668,33322.916666666664,518659
2020-06-05,30600.0,31100.0,30300.0,30900.0,30400.0,29712.5,29196.666666666668,33264.166666666664,171934
2020-06-08,31300.0,31400.0,30650.0,30850.0,30680.0,29780.0,29152.5,33206.25,226275
2020-06-09,31100.0,31200.0,30200.0,30400.0,30780.0,29850.0,29098.333333333332,33139.166666666664,238779
2020-06-10,30400.0,30450.0,29900.0,30000.0,30540.0,29882.5,29037.5,33059.583333333336,207496
2020-06-11,29900.0,29950.0,29300.0,29300.0,30290.0,29895.0,29004.166666666668,32970.416666666664,290979
2020-06-12,28000.0,28900.0,28000.0,28550.0,29820.0,29850.0,28962.5,32879.166666666664,328623
2020-06-15,28300.0,28600.0,27200.0,27250.0,29100.0,29752.5,28920.833333333332,32769.166666666664,275456
2020-06-16,27900.0,28600.0,27650.0,28400.0,28700.0,29662.5,28925.0,32658.75,259846
2020-06-17,28300.0,28500.0,27650.0,27900.0,28280.0,29567.5,28996.666666666668,32550.0,167597
2020-06-18,27700.0,28100.0,27550.0,27550.0,27930.0,29470.0,29000.833333333332,32441.666666666668,154739
2020-06-19,27850.0,27850.0,27400.0,27750.0,27770.0,29392.5,29044.166666666668,32330.0,111556
2020-06-22,27450.0,27750.0,27400.0,27400.0,27800.0,29297.5,29068.333333333332,32222.083333333332,115971
2020-06-23,27600.0,28000.0,27250.0,27650.0,27650.0,29197.5,29076.666666666668,32122.083333333332,175739
2020-06-24,27700.0,28550.0,27700.0,28200.0,27710.0,29130.0,29101.666666666668,32035.833333333332,147755
2020-06-25,28000.0,28300.0,27300.0,27850.0,27770.0,29030.0,29084.166666666668,31946.25,141004
2020-06-26,28050.0,28400.0,27700.0,27950.0,27810.0,28950.0,29035.833333333332,31867.083333333332,63024
2020-06-29,27400.0,27600.0,27100.0,27150.0,27760.0,28835.0,28990.0,31780.0,105552
2020-06-30,27250.0,27750.0,27150.0,27350.0,27700.0,28707.5,28979.166666666668,31698.333333333332,116822
2020-07-01,27450.0,28000.0,27400.0,27800.0,27620.0,28537.5,28967.5,31615.416666666668,92508
2020-07-02,28200.0,29000.0,28000.0,28700.0,27790.0,28445.0,28972.5,31537.916666666668,156010
2020-07-03,28800.0,28950.0,28500.0,28700.0,27940.0,28335.0,28966.666666666668,31459.166666666668,65172
2020-07-06,28950.0,29050.0,28300.0,28900.0,28290.0,28237.5,28964.166666666668,31383.75,123249
2020-07-07,28950.0,29150.0,28250.0,28300.0,28480.0,28132.5,28955.833333333332,31304.583333333332,181711
2020-07-08,28450.0,28500.0,28150.0,28400.0,28600.0,28052.5,28950.0,31218.333333333332,96783
2020-07-09,28400.0,28650.0,28350.0,28400.0,28540.0,28007.5,28935.833333333332,31132.083333333332,103425
2020-07-10,28500.0,28550.0,27950.0,28000.0,28400.0,27980.0,28920.0,31037.916666666668,190985
2020-07-13,28150.0,28450.0,28000.0,28300.0,28280.0,28032.5,28906.666666666668,30952.083333333332,97863
2020-07-14,28750.0,28950.0,28550.0,28800.0,28380.0,28052.5,28907.5,30875.0,152519
2020-07-15,29000.0,29150.0,28650.0,28700.0,28440.0,28092.5,28902.5,30795.416666666668,128980
2020-07-16,28850.0,29000.0,28650.0,28750.0,28510.0,28152.5,28905.0,30714.583333333332,100639
2020-07-17,28950.0,28950.0,28700.0,28750.0,28660.0,28202.5,28916.666666666668,30634.583333333332,65289
2020-07-20,28750.0,28800.0,28400.0,28550.0,28710.0,28260.0,28930.0,30565.0,59245
2020-07-21,28650.0,28750.0,28350.0,28350.0,28620.0,28295.0,28936.666666666668,30496.666666666668,216279
2020-07-22,28450.0,29650.0,28450.0,28550.0,28590.0,28312.5,28949.166666666668,30424.583333333332,277546
2020-07-23,28600.0,28650.0,28200.0,28300.0,28500.0,28335.0,28939.166666666668,30344.166666666668,137291
2020-07-24,28300.0,28350.0,27900.0,28100.0,28370.0,28342.5,28931.666666666668,30271.25,88015
2020-07-27,28000.0,28450.0,28000.0,28150.0,28290.0,28392.5,28900.833333333332,30206.666666666668,73313
2020-07-28,28100.0,28700.0,28000.0,28050.0,28230.0,28427.5,28884.166666666668,30141.25,220003
2020-07-29,28200.0,28750.0,28050.0,28700.0,28260.0,28472.5,28881.666666666668,30060.833333333332,229601
2020-07-30,28600.0,28950.0,28350.0,28850.0,28370.0,28480.0,28866.666666666668,29985.833333333332,196129
2020-07-31,28650.0,28900.0,28200.0,28300.0,28410.0,28460.0,28835.833333333332,29910.416666666668,165178
2020-08-03,28300.0,28450.0,28000.0,28100.0,28400.0,28420.0,28812.5,29837.5,152316
2020-08-04,28150.0,28550.0,28100.0,28200.0,28430.0,28415.0,28799.166666666668,29755.833333333332,173294
2020-08-05,28250.0,28350.0,28150.0,28300.0,28350.0,28410.0,28781.666666666668,29684.583333333332,134065
2020-08-06,28450.0,28800.0,28300.0,28650.0,28310.0,28422.5,28775.0,29616.25,191322
2020-08-07,28800.0,28800.0,28400.0,28600.0,28370.0,28452.5,28760.833333333332,29549.166666666668,151534
2020-08-10,28400.0,29450.0,28350.0,29250.0,28600.0,28500.0,28761.666666666668,29492.083333333332,289188
2020-08-11,29350.0,29700.0,29100.0,29350.0,28830.0,28527.5,28747.5,29438.75,213417
2020-08-12,29400.0,29700.0,28900.0,29700.0,29110.0,28577.5,28745.833333333332,29393.333333333332,283877
2020-08-13,30000.0,30550.0,29500.0,29950.0,29370.0,28637.5,28753.333333333332,29352.083333333332,439032
2020-08-14,30500.0,30600.0,29650.0,30050.0,29660.0,28702.5,28765.833333333332,29322.916666666668,234710
2020-08-18,30200.0,30350.0,29150.0,29150.0,29640.0,28732.5,28763.333333333332,29283.333333333332,405777
2020-08-19,29700.0,30100.0,29500.0,29900.0,29750.0,28810.0,28767.5,29250.0,187959
2020-08-20,29900.0,30300.0,28800.0,28850.0,29580.0,28825.0,28755.833333333332,29206.25,297463
2020-08-21,29000.0,29350.0,28850.0,28850.0,29360.0,28852.5,28739.166666666668,29165.833333333332,153556
2020-08-24,28850.0,29350.0,28500.0,29350.0,29220.0,28915.0,28735.833333333332,29132.5,125106
2020-08-25,29600.0,29750.0,29300.0,29750.0,29340.0,28995.0,28740.833333333332,29096.666666666668,146647
2020-08-26,29750.0,29850.0,29250.0,29450.0,29250.0,29065.0,28733.333333333332,29059.583333333332,104172
2020-08-27,29300.0,29450.0,28500.0,28900.0,29260.0,29075.0,28695.0,29008.75,174804
2020-08-28,29100.0,29200.0,28750.0,29150.0,29320.0,29090.0,28671.666666666668,28964.166666666668,149013
2020-08-31,29150.0,29200.0,28500.0,28750.0,29200.0,29112.5,28635.833333333332,28916.25,258331
2020-09-01,28650.0,29000.0,28600.0,28850.0,29020.0,29150.0,28602.5,28877.5,105561
2020-09-02,28950.0,29000.0,28650.0,28950.0,28920.0,29187.5,28578.333333333332,28838.333333333332,100825
2020-09-03,29000.0,29050.0,28700.0,28700.0,28880.0,29207.5,28556.666666666668,28797.083333333332,136951
2020-09-04,28300.0,28600.0,28100.0,28600.0,28770.0,29205.0,28545.0,28774.583333333332,143834
2020-09-07,29050.0,29050.0,28600.0,28650.0,28750.0,29207.5,28546.666666666668,28754.583333333332,134434
2020-09-08,28850.0,29050.0,28650.0,28800.0,28740.0,29185.0,28572.5,28746.666666666668,127337
2020-09-09,28650.0,28700.0,28400.0,28650.0,28680.0,29150.0,28576.666666666668,28750.833333333332,131588
2020-09-10,28800.0,28800.0,28400.0,28400.0,28620.0,29085.0,28585.0,28790.833333333332,188752
2020-09-11,28400.0,28600.0,28300.0,28450.0,28590.0,29010.0,28600.0,28800.416666666668,103336
2020-09-14,28450.0,28950.0,28400.0,28850.0,28630.0,28950.0,28618.333333333332,28831.25,116563
2020-09-15,28850.0,29000.0,28600.0,29000.0,28670.0,28942.5,28645.0,28856.666666666668,110183
2020-09-16,28800.0,29050.0,28750.0,28850.0,28710.0,28890.0,28665.0,28870.833333333332,83749
2020-09-17,28900.0,29000.0,28550.0,28750.0,28780.0,28885.0,28674.166666666668,28887.916666666668,124712
2020-09-18,28850.0,28900.0,28650.0,28900.0,28870.0,28887.5,28691.666666666668,28887.916666666668,112577
2020-09-21,28900.0,29000.0,28550.0,28650.0,28830.0,28852.5,28703.333333333332,28869.583333333332,124243
2020-09-22,28750.0,28750.0,28300.0,28400.0,28710.0,28785.0,28724.166666666668,28857.083333333332,135279
2020-09-23,28400.0,28450.0,28200.0,28250.0,28590.0,28725.0,28739.166666666668,28859.166666666668,130827
2020-09-24,28200.0,28200.0,27650.0,27650.0,28370.0,28662.5,28736.666666666668,28852.083333333332,147978
2020-09-25,28100.0,28100.0,27700.0,27700.0,28130.0,28590.0,28720.0,28846.25,59510
2020-09-28,27800.0,28150.0,27750.0,27850.0,27970.0,28545.0,28705.833333333332,28836.25,59882
2020-09-29,28150.0,28250.0,27900.0,28200.0,27930.0,28512.5,28694.166666666668,28829.166666666668,101700
2020-10-05,28500.0,28750.0,28250.0,28650.0,28010.0,28497.5,28700.0,28827.916666666668,122059
2020-10-06,28550.0,28800.0,28500.0,28650.0,28210.0,28495.0,28704.166666666668,28827.083333333332,58946
2020-10-07,28950.0,28950.0,28350.0,28800.0,28430.0,28505.0,28710.833333333332,28823.333333333332,95427
2020-10-08,28900.0,29200.0,28800.0,29100.0,28680.0,28527.5,28729.166666666668,28824.583333333332,218704
2020-10-12,29250.0,29250.0,28900.0,29200.0,28880.0,28547.5,28744.166666666668,28825.416666666668,120544
2020-10-13,29250.0,29300.0,28950.0,29100.0,28970.0,28570.0,28749.166666666668,28828.333333333332,116049
2020-10-14,29000.0,29050.0,28750.0,28800.0,29000.0,28590.0,28750.833333333332,28826.666666666668,98931
2020-10-15,28600.0,29050.0,28600.0,29050.0,29050.0,28620.0,28755.833333333332,28830.416666666668,88293
2020-10-16,29200.0,29200.0,28700.0,28800.0,28990.0,28617.5,28756.666666666668,28836.666666666668,108402
2020-10-19,28900.0,29300.0,28900.0,29250.0,29000.0,28630.0,28768.333333333332,28849.166666666668,156290
2020-10-20,29100.0,29350.0,29000.0,29300.0,29040.0,28652.5,28784.166666666668,28860.416666666668,115944
2020-10-21,29300.0,30000.0,29200.0,30000.0,29280.0,28715.0,28808.333333333332,28878.75,204170
2020-10-22,30000.0,30050.0,29650.0,29650.0,29400.0,28752.5,28830.833333333332,28885.0,133066
2020-10-23,29800.0,30300.0,29700.0,30150.0,29670.0,28827.5,28865.0,28898.333333333332,199783
2020-10-26,30450.0,30500.0,29900.0,30100.0,29840.0,28912.5,28897.5,28899.166666666668,188045
2020-10-27,29750.0,30150.0,29500.0,29700.0,29920.0,28985.0,28925.0,28904.583333333332,150386
2020-10-28,29450.0,30450.0,29450.0,30300.0,29980.0,29117.5,28951.666666666668,28916.666666666668,164525
2020-10-29,30000.0,30200.0,29800.0,30100.0,30070.0,29237.5,28972.5,28919.583333333332,121659
2020-10-30,30300.0,30400.0,29250.0,29400.0,29920.0,29315.0,28990.833333333332,28913.333333333332,196842
2020-11-02,29450.0,31250.0,29450.0,31250.0,30150.0,29467.5,29043.333333333332,28927.916666666668,385524
2020-11-03,31300.0,31400.0,30900.0,31250.0,30460.0,29597.5,29094.166666666668,28946.666666666668,197813
2020-11-04,31350.0,31400.0,30950.0,31150.0,30630.0,29722.5,29141.666666666668,28961.666666666668,108808
2020-11-05,31050.0,31400.0,30800.0,31400.0,30890.0,29852.5,29187.5,28981.25,118890
2020-11-06,31150.0,31650.0,30850.0,31600.0,31330.0,29977.5,29237.5,28999.166666666668,139225
2020-11-09,31700.0,31850.0,31500.0,31850.0,31450.0,30110.0,29280.833333333332,29021.25,111066
2020-11-10,32250.0,32300.0,31750.0,32150.0,31630.0,30262.5,29327.5,29037.5,221715
2020-11-11,32000.0,33000.0,31950.0,32900.0,31980.0,30467.5,29380.833333333332,29063.333333333332,236003
2020-11-12,32600.0,32800.0,32050.0,32250.0,32150.0,30627.5,29419.166666666668,29086.25,174950
2020-11-13,32100.0,32400.0,31650.0,32050.0,32240.0,30790.0,29452.5,29109.166666666668,147096
2020-11-16,32050.0,32800.0,31900.0,32400.0,32350.0,30947.5,29506.666666666668,29135.0,228422
2020-11-17,32050.0,32450.0,32000.0,32100.0,32340.0,31087.5,29543.333333333332,29155.416666666668,177790
2020-11-18,32000.0,32850.0,32000.0,32850.0,32330.0,31230.0,29610.0,29182.916666666668,183746
2020-11-19,32850.0,34750.0,32550.0,34750.0,32830.0,31485.0,29708.333333333332,29223.75,416655
2020-11-20,34750.0,35050.0,34100.0,34750.0,33370.0,31715.0,29798.333333333332,29267.083333333332,156350
2020-11-23,34700.0,35000.0,33950.0,34900.0,33870.0,31955.0,29884.166666666668,29312.5,165168
2020-11-24,34850.0,34900.0,34350.0,34600.0,34370.0,32200.0,29970.0,29351.666666666668,143912
2020-11-25,34600.0,35000.0,34000.0,34100.0,34620.0,32390.0,30056.666666666668,29375.833333333332,219711
2020-11-26,33800.0,34300.0,33500.0,34250.0,34520.0,32597.5,30141.666666666668,29406.666666666668,93804
2020-11-27,34250.0,34250.0,33850.0,33950.0,34360.0,32825.0,30228.333333333332,29432.083333333332,78888
2020-11-30,33900.0,34250.0,33100.0,33100.0,34000.0,32917.5,30299.166666666668,29450.833333333332,328357
2020-12-01,33500.0,33850.0,33300.0,33700.0,33820.0,33040.0,30378.333333333332,29478.333333333332,85705
2020-12-02,33850.0,34450.0,33550.0,34450.0,33890.0,33205.0,30474.166666666668,29515.416666666668,174400
2020-12-03,34050.0,34700.0,34000.0,34400.0,33920.0,33355.0,30570.833333333332,29557.916666666668,107269
2020-12-04,34100.0,34600.0,33900.0,34350.0,34000.0,33492.5,30665.833333333332,29606.25,139601
2020-12-07,34350.0,34350.0,33600.0,33900.0,34160.0,33595.0,30750.833333333332,29661.666666666668,133371
2020-12-08,34250.0,34450.0,33900.0,34150.0,34250.0,33695.0,30842.5,29709.583333333332,120625
2020-12-09,34200.0,34700.0,34100.0,34600.0,34280.0,33780.0,30945.833333333332,29765.416666666668,125449
2020-12-10,34650.0,34650.0,34100.0,34250.0,34250.0,33880.0,31042.5,29821.25,213079
2020-12-11,34250.0,34650.0,34200.0,34450.0,34270.0,34000.0,31135.833333333332,29877.083333333332,139376
2020-12-14,34500.0,34600.0,34200.0,34600.0,34410.0,34110.0,31229.166666666668,29937.083333333332,134916
2020-12-15,34600.0,34900.0,34300.0,34900.0,34560.0,34250.0,31330.0,29997.5,198183
2020-12-16,35000.0,35500.0,34950.0,35050.0,34650.0,34360.0,31435.0,30054.583333333332,188909
2020-12-17,34850.0,35300.0,34700.0,35000.0,34800.0,34372.5,31536.666666666668,30114.166666666668,123899
2020-12-18,35000.0,35450.0,35000.0,35400.0,34990.0,34405.0,31649.166666666668,30176.25,102638
2020-12-21,35500.0,35650.0,35150.0,35400.0,35150.0,34430.0,31765.833333333332,30245.0,91054
2020-12-22,35100.0,35700.0,34900.0,34900.0,35150.0,34445.0,31876.666666666668,30307.916666666668,142295
2020-12-23,35000.0,35150.0,34000.0,34600.0,35060.0,34470.0,31992.5,30364.583333333332,102752
2020-12-24,34550.0,35300.0,34500.0,35250.0,35110.0,34520.0,32118.333333333332,30419.166666666668,133895
2020-12-28,35700.0,35700.0,34700.0,35050.0,35040.0,34575.0,32238.333333333332,30472.083333333332,348624
2020-12-29,33500.0,33600.0,32750.0,33100.0,34580.0,34575.0,32320.0,30507.083333333332,325446
2020-12-30,33050.0,33050.0,32000.0,32500.0,34100.0,34515.0,32384.166666666668,30542.083333333332,256237
2021-01-04,32500.0,32500.0,31150.0,31250.0,33430.0,34355.0,32427.5,30565.833333333332,333567
2021-01-05,31250.0,31950.0,30800.0,31950.0,32770.0,34232.5,32480.0,30595.416666666668,235303
2021-01-06,31800.0,32150.0,31400.0,31800.0,32120.0,34105.0,32525.0,30627.083333333332,240735
2021-01-07,32100.0,32450.0,32000.0,32300.0,31960.0,34025.0,32576.666666666668,30660.416666666668,278454
2021-01-08,32850.0,32850.0,32250.0,32600.0,31980.0,33947.5,32635.0,30692.083333333332,235722
2021-01-11,32450.0,32850.0,31600.0,32250.0,32180.0,33830.0,32692.5,30721.666666666668,264385
2021-01-12,32200.0,32450.0,31700.0,32200.0,32230.0,33727.5,32745.0,30750.416666666668,222909
2021-01-13,32200.0,32550.0,32050.0,32550.0,32380.0,33632.5,32807.5,30782.083333333332,184893
2021-01-14,32500.0,32900.0,32300.0,32900.0,32500.0,33547.5,32868.333333333336,30818.333333333332,216524
2021-01-15,32900.0,33100.0,32100.0,32700.0,32520.0,33437.5,32925.0,30854.583333333332,196423
2021-01-18,32650.0,32700.0,31850.0,32200.0,32510.0,33295.0,32961.666666666664,30885.0,131803
2021-01-19,32250.0,32750.0,31900.0,32700.0,32610.0,33180.0,33012.5,30921.666666666668,177754
2021-01-20,32750.0,32800.0,32200.0,32800.0,32660.0,33050.0,33056.666666666664,30960.833333333332,142232
2021-01-21,32950.0,32950.0,32550.0,32700.0,32620.0,32915.0,33100.0,30998.75,151341
2021-01-22,32700.0,32800.0,32100.0,32200.0,32520.0,32780.0,33141.666666666664,31033.333333333332,186112
2021-01-25,32350.0,32600.0,32150.0,32300.0,32540.0,32665.0,33175.0,31063.333333333332,118274
2021-01-26,32300.0,32300.0,31750.0,31750.0,32350.0,32490.0,33202.5,31087.5,151840
2021-01-27,31750.0,32250.0,31750.0,32000.0,32190.0,32337.5,33245.833333333336,31118.333333333332,151625
2021-01-28,31700.0,31900.0,30800.0,30850.0,31820.0,32225.0,33239.166666666664,31141.25,197293
2021-01-29,31000.0,31150.0,29700.0,29700.0,31320.0,32085.0,33213.333333333336,31153.75,300922
2021-02-01,29850.0,31000.0,29850.0,30900.0,31040.0,32067.5,33209.166666666664,31175.416666666668,187508
2021-02-02,30900.0,31800.0,30650.0,31150.0,30920.0,32027.5,33205.0,31196.25,161142
2021-02-03,31750.0,31750.0,31000.0,31300.0,30780.0,32002.5,33200.0,31218.75,119871
2021-02-04,31550.0,31550.0,30700.0,30750.0,30760.0,31925.0,33181.666666666664,31231.25,137222
2021-02-05,30800.0,31700.0,30750.0,31700.0,31160.0,31880.0,33174.166666666664,31250.833333333332,121394
2021-02-08,31750.0,32450.0,31550.0,32250.0,31430.0,31880.0,33163.333333333336,31272.083333333332,161640
2021-02-09,32100.0,32450.0,32100.0,32300.0,31660.0,31885.0,33164.166666666664,31291.666666666668,110654
2021-02-10,32400.0,32650.0,32150.0,32350.0,31870.0,31875.0,33169.166666666664,31310.833333333332,146523
2021-02-15,32550.0,32550.0,32050.0,32050.0,32130.0,31832.5,33163.333333333336,31335.0,90832
2021-02-16,32050.0,32250.0,31800.0,32000.0,32190.0,31797.5,33161.666666666664,31352.5,78738
2021-02-17,32050.0,32250.0,31900.0,32200.0,32180.0,31797.5,33150.833333333336,31380.416666666668,114451
2021-02-18,32300.0,32300.0,31600.0,31600.0,32040.0,31742.5,33098.333333333336,31403.333333333332,107969
2021-02-19,31600.0,32000.0,30850.0,32000.0,31970.0,31702.5,33052.5,31425.416666666668,152298
2021-02-22,32000.0,32000.0,31600.0,31600.0,31880.0,31647.5,32997.5,31440.833333333332,103584
2021-02-23,31800.0,31850.0,31200.0,31600.0,31800.0,31617.5,32947.5,31458.75,141320
2021-02-24,31600.0,32000.0,31150.0,31300.0,31620.0,31567.5,32900.833333333336,31478.75,168840
2021-02-25,31350.0,32000.0,31100.0,31950.0,31690.0,31577.5,32862.5,31502.083333333332,117309
2021-02-26,31550.0,32950.0,31200.0,32950.0,31880.0,31625.0,32845.833333333336,31537.083333333332,259417
2021-03-02,32800.0,33400.0,32600.0,33100.0,32180.0,31737.5,32845.833333333336,31572.5,209338
2021-03-03,33000.0,33200.0,32800.0,33200.0,32500.0,31912.5,32837.5,31607.916666666668,132284
2021-03-04,32750.0,33050.0,32200.0,32800.0,32800.0,32007.5,32810.0,31642.083333333332,138861
2021-03-05,32800.0,32850.0,32300.0,32600.0,32930.0,32080.0,32780.0,31675.416666666668,107521
2021-03-08,32800.0,33250.0,32650.0,33150.0,32970.0,32172.5,32760.0,31712.916666666668,134354
2021-03-09,33300.0,33800.0,33250.0,33300.0,33010.0,32300.0,32750.0,31750.416666666668,202155
2021-03-10,33300.0,33850.0,33050.0,33850.0,33140.0,32407.5,32745.0,31793.75,162708
2021-03-11,33900.0,34250.0,33700.0,34150.0,33410.0,32502.5,32737.5,31841.666666666668,163857
2021-03-12,34150.0,34400.0,33700.0,33900.0,33670.0,32582.5,32731.666666666668,31887.083333333332,96350
2021-03-15,33800.0,34200.0,33550.0,34150.0,33870.0,32672.5,32726.666666666668,31931.25,86134
2021-03-16,33950.0,34200.0,33950.0,34200.0,34050.0,32780.0,32720.0,31974.583333333332,69574
2021-03-17,34100.0,34200.0,33700.0,34050.0,34090.0,32882.5,32705.833333333332,32017.916666666668,67936
2021-03-18,34000.0,34150.0,33800.0,33800.0,34020.0,32962.5,32685.0,32060.0,69501
2021-03-19,33750.0,33750.0,33250.0,33350.0,33910.0,33050.0,32657.5,32097.083333333332,111638
2021-03-22,33450.0,34400.0,33450.0,34400.0,33960.0,33170.0,32640.833333333332,32145.0,125312
2021-03-23,34600.0,34600.0,33950.0,34000.0,33920.0,33290.0,32617.5,32191.666666666668,69194
2021-03-24,33950.0,34050.0,33550.0,33600.0,33830.0,33390.0,32595.833333333332,32236.25,63861
2021-03-25,33400.0,34000.0,33300.0,34000.0,33870.0,33525.0,32585.833333333332,32289.166666666668,72221
2021-03-26,34050.0,34300.0,33700.0,33850.0,33970.0,33620.0,32562.5,32340.416666666668,74825
2021-03-29,33850.0,33950.0,33250.0,33900.0,33870.0,33667.5,32543.333333333332,32390.833333333332,75625
2021-03-30,34000.0,34350.0,33700.0,34350.0,33940.0,33730.0,32564.166666666668,32442.083333333332,80251
2021-03-31,34000.0,34550.0,33850.0,34450.0,34110.0,33792.5,32596.666666666668,32490.416666666668,99376
2021-04-01,34400.0,34550.0,34150.0,34150.0,34140.0,33860.0,32645.0,32536.25,59173
2021-04-02,33850.0,34300.0,33700.0,33900.0,34150.0,33925.0,32677.5,32578.75,68764
2021-04-05,33550.0,33850.0,33500.0,33750.0,34120.0,33955.0,32710.0,32617.5,35180
2021-04-06,33600.0,34250.0,33550.0,34200.0,34090.0,34000.0,32741.666666666668,32659.166666666668,76713
2021-04-07,34050.0,34550.0,34000.0,34500.0,34100.0,34032.5,32773.333333333336,32704.166666666668,75584
2021-04-08,34300.0,34500.0,34000.0,34150.0,34100.0,34032.5,32805.0,32748.75,91856
2021-04-09,34650.0,34650.0,34050.0,34400.0,34200.0,34057.5,32841.666666666664,32793.333333333336,57058
2021-04-12,34300.0,34600.0,34150.0,34550.0,34360.0,34077.5,32875.0,32841.25,54525
2021-04-13,34550.0,34600.0,34150.0,34150.0,34350.0,34075.0,32895.833333333336,32882.083333333336,56199
2021-04-14,34100.0,34300.0,33950.0,34100.0,34270.0,34077.5,32919.166666666664,32922.083333333336,71401
2021-04-15,34000.0,34500.0,34000.0,34500.0,34340.0,34112.5,32957.5,32959.583333333336,75338
2021-04-16,34250.0,34500.0,34250.0,34500.0,34360.0,34170.0,32987.5,33000.0,56266
2021-04-19,34350.0,34500.0,34250.0,34350.0,34320.0,34167.5,33013.333333333336,33035.0,51506
2021-04-20,34300.0,34950.0,34300.0,34650.0,34420.0,34200.0,33045.833333333336,33072.916666666664,93335
2021-04-21,34500.0,34850.0,34000.0,34100.0,34420.0,34225.0,33077.5,33109.583333333336,95557
2021-04-22,34100.0,34450.0,34050.0,34350.0,34390.0,34242.5,33111.666666666664,33143.333333333336,49513
2021-04-23,34300.0,34900.0,33950.0,34400.0,34370.0,34270.0,33155.833333333336,33179.166666666664,83976
2021-04-26,34400.0,35000.0,34400.0,35000.0,34500.0,34325.0,33205.833333333336,33225.833333333336,86845
2021-04-27,35050.0,35700.0,34650.0,35400.0,34650.0,34377.5,33281.666666666664,33260.416666666664,182856
2021-04-28,35400.0,35850.0,34700.0,35050.0,34840.0,34407.5,33370.833333333336,33292.083333333336,124456
2021-04-29,35150.0,35500.0,34550.0,34800.0,34930.0,34440.0,33435.833333333336,33322.5,117010
2021-04-30,34600.0,35500.0,34500.0,35300.0,35110.0,34510.0,33505.0,33355.0,145627
2021-05-03,35300.0,35350.0,33600.0,33650.0,34840.0,34505.0,33544.166666666664,33372.083333333336,278369
2021-05-04,33650.0,33700.0,32950.0,33000.0,34360.0,34445.0,33581.666666666664,33381.666666666664,271238
2021-05-06,33300.0,34450.0,33200.0,34300.0,34210.0,34435.0,33625.0,33399.583333333336,318263
2021-05-07,34350.0,34750.0,34200.0,34250.0,34100.0,34440.0,33658.333333333336,33410.833333333336,202359
2021-05-10,34400.0,34700.0,34200.0,34600.0,33960.0,34450.0,33696.666666666664,33430.416666666664,256726
2021-05-11,34600.0,35300.0,34350.0,35250.0,34280.0,34485.0,33745.0,33457.083333333336,272244
2021-05-12,34850.0,35150.0,33150.0,33300.0,34340.0,34442.5,33765.833333333336,33464.583333333336,625267
2021-05-13,32800.0,33550.0,32500.0,33550.0,34190.0,34415.0,33791.666666666664,33476.666666666664,261320
2021-05-14,33550.0,33750.0,33200.0,33600.0,34060.0,34370.0,33815.0,33482.916666666664,178362
2021-05-17,33450.0,33600.0,32750.0,32900.0,33720.0,34290.0,33836.666666666664,33467.5,295743
2021-05-18,32800.0,33500.0,32800.0,33050.0,33280.0,34225.0,33854.166666666664,33453.333333333336,261041
2021-05-20,32900.0,32950.0,32200.0,32250.0,33070.0,34105.0,33865.0,33431.25,455821
2021-05-21,32500.0,32600.0,32200.0,32200.0,32800.0,34010.0,33875.0,33411.25,237212
2021-05-24,32200.0,32400.0,32000.0,32050.0,32490.0,33895.0,33887.5,33394.166666666664,436048
2021-05-25,32050.0,32350.0,31950.0,32150.0,32340.0,33782.5,33890.833333333336,33376.666666666664,629815
2021-05-26,32150.0,32400.0,32050.0,32050.0,32140.0,33635.0,33875.833333333336,33360.833333333336,592130
2021-05-27,32100.0,33400.0,32100.0,32800.0,32250.0,33505.0,33870.833333333336,33358.333333333336,3378250
2021-05-28,33350.0,33700.0,33200.0,33300.0,32470.0,33417.5,33872.5,33355.0,416656
2021-05-31,33700.0,34200.0,33650.0,34000.0,32860.0,33377.5,33892.5,33351.25,350705
2021-06-01,34350.0,34550.0,33800.0,34050.0,33240.0,33315.0,33916.666666666664,33348.333333333336,298317
2021-06-02,34050.0,34150.0,33750.0,33750.0,33580.0,33320.0,33926.666666666664,33343.333333333336,308674
2021-06-03,33800.0,34100.0,33750.0,33800.0,33780.0,33360.0,33935.0,33342.5,243736
2021-06-04,33750.0,33950.0,33500.0,33500.0,33820.0,33320.0,33929.166666666664,33337.083333333336,177216
2021-06-07,33600.0,33900.0,33300.0,33800.0,33780.0,33297.5,33923.333333333336,33330.416666666664,240047
2021-06-08,33850.0,34100.0,33850.0,33950.0,33760.0,33265.0,33924.166666666664,33327.916666666664,190997
2021-06-09,34000.0,34200.0,33500.0,33550.0,33720.0,33180.0,33914.166666666664,33320.416666666664,239482
2021-06-10,33450.0,33850.0,33400.0,33500.0,33660.0,33190.0,33902.5,33311.25,344314
2021-06-11,33700.0,34150.0,33650.0,34150.0,33790.0,33220.0,33904.166666666664,33305.0,262360
2021-06-14,34200.0,34600.0,34100.0,34250.0,33880.0,33252.5,33911.666666666664,33298.333333333336,330208
2021-06-15,33950.0,34700.0,33950.0,34700.0,34030.0,33342.5,33934.166666666664,33295.833333333336,254414
2021-06-16,34500.0,35200.0,34400.0,34900.0,34300.0,33435.0,33942.5,33291.666666666664,423206
2021-06-17,34850.0,34850.0,34250.0,34300.0,34460.0,33537.5,33947.5,33282.5,341466
2021-06-18,34350.0,34650.0,34050.0,34400.0,34510.0,33647.5,33960.833333333336,33278.333333333336,290266
2021-06-21,34200.0,34200.0,33450.0,33550.0,34370.0,33722.5,33953.333333333336,33269.583333333336,322008
2021-06-22,33900.0,34300.0,33800.0,34050.0,34240.0,33817.5,33956.666666666664,33259.583333333336,198864
2021-06-23,34100.0,34150.0,33550.0,33550.0,33970.0,33892.5,33950.833333333336,33247.083333333336,278259
2021-06-24,33600.0,33750.0,33350.0,33600.0,33830.0,33932.5,33938.333333333336,33251.25,184277
2021-06-25,33650.0,34100.0,33600.0,34100.0,33770.0,33972.5,33932.5,33264.583333333336,164542
2021-06-28,34400.0,34700.0,34100.0,34650.0,33990.0,34005.0,33940.833333333336,33292.916666666664,294506
2021-06-29,34700.0,34750.0,34200.0,34350.0,34050.0,34020.0,33948.333333333336,33312.916666666664,205071
2021-06-30,34500.0,34600.0,34200.0,34300.0,34200.0,34047.5,33957.5,33333.75,125756
2021-07-01,34300.0,34350.0,34050.0,34050.0,34290.0,34060.0,33955.0,33348.333333333336,133989
2021-07-02,34150.0,34300.0,34050.0,34250.0,34320.0,34097.5,33950.833333333336,33362.083333333336,90277
2021-07-05,34700.0,35000.0,34400.0,34800.0,34350.0,34147.5,33961.666666666664,33383.333333333336,340255
2021-07-06,35000.0,35250.0,34800.0,34850.0,34450.0,34192.5,33969.166666666664,33405.416666666664,292433
2021-07-07,34800.0,35200.0,34500.0,35150.0,34620.0,34272.5,33979.166666666664,33427.083333333336,298767
2021-07-08,35200.0,35950.0,35200.0,35400.0,34890.0,34367.5,34000.0,33447.916666666664,454701
2021-07-09,35200.0,35200.0,34100.0,34650.0,34970.0,34392.5,34009.166666666664,33464.166666666664,428272
2021-07-12,34600.0,34900.0,34450.0,34700.0,34950.0,34415.0,34012.5,33485.0,201219
2021-07-13,34850.0,35050.0,34700.0,34750.0,34930.0,34417.5,34016.666666666664,33502.083333333336,175920
2021-07-14,34750.0,35100.0,34400.0,35000.0,34900.0,34422.5,34027.5,33520.416666666664,175201
2021-07-15,35200.0,35200.0,34850.0,35150.0,34850.0,34465.0,34035.833333333336,33540.833333333336,109493
2021-07-16,35000.0,35600.0,34950.0,35500.0,35020.0,34520.0,34059.166666666664,33568.333333333336,166953
2021-07-19,35350.0,35350.0,35050.0,35200.0,35120.0,34602.5,34073.333333333336,33592.5,117551
2021-07-20,34800.0,35200.0,34600.0,35150.0,35200.0,34657.5,34085.833333333336,33620.833333333336,238546
2021-07-21,35200.0,35300.0,34700.0,34800.0,35160.0,34720.0,34082.5,33644.166666666664,177463
2021-07-22,34850.0,35300.0,34850.0,35300.0,35190.0,34805.0,34080.833333333336,33681.25,130714
2021-07-23,35300.0,35300.0,34900.0,35000.0,35090.0,34850.0,34080.0,33725.416666666664,125927
2021-07-26,35050.0,35250.0,34700.0,34750.0,35000.0,34855.0,34079.166666666664,33757.5,119779
2021-07-27,35000.0,35400.0,34800.0,35150.0,35000.0,34895.0,34076.666666666664,33790.833333333336,138602
2021-07-28,35150.0,35200.0,34700.0,34800.0,35000.0,34920.0,34095.833333333336,33820.0,133189
2021-07-29,35000.0,35200.0,34900.0,34900.0,34920.0,34962.5,34127.5,33854.583333333336,133162
2021-07-30,34800.0,35150.0,34550.0,35000.0,34920.0,35000.0,34139.166666666664,33882.083333333336,254805
2021-08-02,35150.0,35200.0,34650.0,34700.0,34910.0,34995.0,34146.666666666664,33902.5,117972
2021-08-03,34600.0,34800.0,34400.0,34650.0,34810.0,34985.0,34147.5,33922.083333333336,122253
2021-08-04,34650.0,34900.0,34600.0,34850.0,34820.0,34970.0,34140.833333333336,33942.916666666664,78632
2021-08-05,34850.0,34950.0,34700.0,34800.0,34800.0,34940.0,34165.833333333336,33965.833333333336,96937
2021-08-06,34800.0,34900.0,34650.0,34750.0,34750.0,34945.0,34185.833333333336,33988.75,74284
2021-08-09,34600.0,34900.0,34500.0,34650.0,34740.0,34942.5,34203.333333333336,34009.166666666664,102391
2021-08-10,34600.0,34650.0,34250.0,34350.0,34680.0,34922.5,34227.5,34032.083333333336,147083
2021-08-11,34350.0,34500.0,34050.0,34150.0,34540.0,34880.0,34245.833333333336,34050.0,141135
2021-08-12,34300.0,34500.0,34200.0,34200.0,34420.0,34832.5,34278.333333333336,34071.666666666664,164669
2021-08-13,34500.0,34500.0,33900.0,34250.0,34320.0,34770.0,34312.5,34093.75,162866
2021-08-17,34400.0,34400.0,33900.0,33900.0,34170.0,34705.0,34343.333333333336,34115.416666666664,167083
2021-08-18,33900.0,34100.0,33600.0,33950.0,34090.0,34645.0,34373.333333333336,34132.083333333336,93146
2021-08-19,34100.0,34450.0,33550.0,33900.0,34040.0,34600.0,34404.166666666664,34140.0,244523
2021-08-20,33900.0,33950.0,33050.0,33100.0,33820.0,34490.0,34409.166666666664,34140.0,163014
2021-08-23,33300.0,33900.0,33100.0,33700.0,33710.0,34425.0,34415.833333333336,34144.166666666664,122545
2021-08-24,33750.0,34000.0,33700.0,33850.0,33700.0,34380.0,34413.333333333336,34152.916666666664,135622
2021-08-25,33850.0,34000.0,33750.0,33850.0,33680.0,34315.0,34410.0,34163.333333333336,104282
2021-08-26,33900.0,34600.0,33900.0,34150.0,33730.0,34282.5,34416.666666666664,34171.666666666664,159704
2021-08-27,34300.0,34550.0,33950.0,34350.0,33980.0,34255.0,34425.833333333336,34180.416666666664,98868
2021-08-30,34600.0,34650.0,34400.0,34450.0,34130.0,34227.5,34441.666666666664,34185.416666666664,85654
2021-08-31,34450.0,34500.0,33900.0,34100.0,34180.0,34197.5,34446.666666666664,34185.0,166926
2021-09-01,34000.0,34650.0,34000.0,34550.0,34320.0,34192.5,34456.666666666664,34190.416666666664,104500
2021-09-02,34450.0,34600.0,34250.0,34500.0,34390.0,34175.0,34472.5,34193.333333333336,101887
2021-09-03,34350.0,34600.0,34300.0,34350.0,34390.0,34152.5,34486.666666666664,34194.583333333336,76809
2021-09-06,34450.0,34450.0,34200.0,34200.0,34340.0,34125.0,34487.5,34195.833333333336,84129
2021-09-07,34500.0,34500.0,34100.0,34300.0,34380.0,34107.5,34488.333333333336,34200.0,60136
2021-09-08,34000.0,34300.0,34000.0,34050.0,34280.0,34092.5,34477.5,34205.833333333336,80988
2021-09-09,34050.0,34050.0,33550.0,33550.0,34090.0,34062.5,34455.0,34198.75,214669
2021-09-10,33700.0,34050.0,33550.0,33900.0,34000.0,34047.5,34448.333333333336,34197.916666666664,100969
2021-09-13,33800.0,34100.0,33750.0,34100.0,33980.0,34040.0,34443.333333333336,34202.083333333336,74123
2021-09-14,34150.0,34350.0,34050.0,34100.0,33940.0,34050.0,34452.5,34202.916666666664,94645
2021-09-15,34000.0,34300.0,34000.0,34200.0,33970.0,34062.5,34455.0,34205.833333333336,91191
2021-09-16,34100.0,34250.0,33900.0,34100.0,34080.0,34072.5,34464.166666666664,34207.5,68575
2021-09-17,34050.0,34200.0,33800.0,33800.0,34060.0,34107.5,34467.5,34202.916666666664,139963
2021-09-23,33650.0,33900.0,33450.0,33900.0,34020.0,34117.5,34464.166666666664,34198.333333333336,141133
2021-09-24,33800.0,34050.0,33700.0,33850.0,33970.0,34117.5,34450.833333333336,34195.833333333336,96229
2021-09-27,33750.0,34000.0,33700.0,33900.0,33910.0,34120.0,34443.333333333336,34195.833333333336,114924
2021-09-28,33800.0,33850.0,33500.0,33700.0,33830.0,34097.5,34433.333333333336,34195.416666666664,160987
2021-09-29,33400.0,33800.0,33400.0,33500.0,33770.0,34055.0,34424.166666666664,34189.583333333336,151423
2021-09-30,33500.0,33900.0,33500.0,33800.0,33750.0,34022.5,34416.666666666664,34183.75,188490
2021-10-01,33850.0,34450.0,33650.0,34100.0,33800.0,34022.5,34405.0,34183.333333333336,169034
2021-10-05,33750.0,34300.0,33750.0,34050.0,33830.0,33997.5,34391.666666666664,34180.416666666664,168232
2021-10-06,34200.0,34450.0,34000.0,34050.0,33900.0,33975.0,34373.333333333336,34176.25,204681
2021-10-07,34400.0,34700.0,34300.0,34550.0,34110.0,33985.0,34359.166666666664,34179.583333333336,192875
2021-10-08,34500.0,34750.0,34450.0,34750.0,34300.0,34012.5,34360.833333333336,34185.0,117281
2021-10-12,34750.0,34850.0,34050.0,34100.0,34300.0,34002.5,34350.833333333336,34181.666666666664,166851
2021-10-13,34100.0,34500.0,34100.0,34350.0,34360.0,34017.5,34344.166666666664,34180.416666666664,62006
2021-10-14,34500.0,34600.0,34250.0,34350.0,34420.0,34057.5,34333.333333333336,34180.416666666664,93220
2021-10-15,34350.0,34700.0,34350.0,34700.0,34450.0,34097.5,34325.833333333336,34180.833333333336,89050
2021-10-18,34700.0,35100.0,34500.0,35100.0,34520.0,34147.5,34319.166666666664,34189.166666666664,160129
2021-10-19,35150.0,35300.0,35000.0,35200.0,34740.0,34202.5,34319.166666666664,34196.25,125375
2021-10-20,35250.0,35300.0,34900.0,34900.0,34850.0,34237.5,34315.0,34200.416666666664,108159
2021-10-21,34850.0,35300.0,34850.0,35300.0,35040.0,34297.5,34323.333333333336,34202.916666666664,98013
2021-10-22,35200.0,35300.0,35050.0,35100.0,35120.0,34362.5,34320.0,34200.416666666664,90034
2021-10-25,35150.0,35550.0,35000.0,35400.0,35180.0,34437.5,34326.666666666664,34203.333333333336,102000
2021-10-26,35600.0,35600.0,35200.0,35350.0,35210.0,34512.5,34336.666666666664,34207.916666666664,75823
2021-10-27,35300.0,35350.0,35050.0,35150.0,35260.0,34575.0,34336.666666666664,34206.666666666664,135361
2021-10-28,35100.0,35100.0,34500.0,34650.0,35130.0,34622.5,34334.166666666664,34215.0,237534
2021-10-29,34650.0,34850.0,34150.0,34250.0,34960.0,34660.0,34323.333333333336,34225.416666666664,192181
2021-11-01,34350.0,34700.0,34300.0,34300.0,34740.0,34685.0,34311.666666666664,34225.416666666664,130426
2021-11-02,34350.0,34800.0,34350.0,34600.0,34590.0,34710.0,34310.0,34228.333333333336,113096
2021-11-03,34600.0,34600.0,34150.0,34250.0,34410.0,34720.0,34303.333333333336,34225.416666666664,103553
2021-11-04,34300.0,34600.0,34250.0,34250.0,34330.0,34730.0,34293.333333333336,34217.083333333336,87715
2021-11-05,34400.0,34500.0,33950.0,34100.0,34300.0,34707.5,34281.666666666664,34223.75,142657
2021-11-08,34000.0,34150.0,33900.0,34100.0,34260.0,34675.0,34270.833333333336,34228.333333333336,92584
2021-11-09,34100.0,34550.0,34050.0,34050.0,34150.0,34672.5,34260.833333333336,34232.083333333336,80910
2021-11-10,34050.0,34150.0,33900.0,33950.0,34090.0,34652.5,34254.166666666664,34240.833333333336,89618
2021-11-11,33800.0,33950.0,33650.0,33800.0,34000.0,34625.0,34248.333333333336,34247.083333333336,140710
2021-11-12,33800.0,34300.0,33750.0,34200.0,34020.0,34600.0,34248.333333333336,34263.333333333336,96028
2021-11-15,34100.0,34350.0,33950.0,34300.0,34060.0,34560.0,34249.166666666664,34280.833333333336,61011
2021-11-16,34200.0,34350.0,34050.0,34200.0,34090.0,34510.0,34254.166666666664,34298.75,86566
2021-11-17,34050.0,34300.0,34000.0,34300.0,34160.0,34480.0,34260.0,34316.666666666664,93497
2021-11-18,34150.0,34150.0,33850.0,33850.0,34170.0,34407.5,34259.166666666664,34331.666666666664,99350
2021-11-19,33800.0,34050.0,33750.0,33900.0,34110.0,34347.5,34272.5,34340.833333333336,69106
2021-11-22,33700.0,33900.0,33650.0,33800.0,34010.0,34267.5,34274.166666666664,34345.0,185847
2021-11-23,33750.0,34000.0,33750.0,33900.0,33950.0,34195.0,34275.0,34344.166666666664,57426
2021-11-24,33850.0,34100.0,33800.0,34100.0,33910.0,34142.5,34279.166666666664,34344.583333333336,77553
2021-11-25,34000.0,34100.0,33850.0,33850.0,33910.0,34102.5,34274.166666666664,34345.416666666664,51194
2021-11-26,33800.0,33850.0,33600.0,33600.0,33850.0,34070.0,34261.666666666664,34343.75,122814
2021-11-29,33150.0,33550.0,33100.0,33200.0,33730.0,34015.0,34240.833333333336,34341.25,145569
2021-11-30,33250.0,33400.0,32400.0,32450.0,33440.0,33907.5,34213.333333333336,34330.0,206765
2021-12-01,32600.0,32750.0,32300.0,32550.0,33130.0,33822.5,34180.0,34318.333333333336,107798
2021-12-02,32400.0,33000.0,32250.0,32900.0,32940.0,33755.0,34153.333333333336,34312.916666666664,99297
2021-12-03,32900.0,33450.0,32750.0,33300.0,32880.0,33715.0,34135.833333333336,34311.25,102829
2021-12-06,33400.0,33450.0,33000.0,33400.0,32920.0,33680.0,34122.5,34305.0,108026
2021-12-07,33550.0,33800.0,33300.0,33800.0,33190.0,33667.5,34114.166666666664,34301.25,97347
2021-12-08,33950.0,34250.0,33850.0,33950.0,33470.0,33667.5,34112.5,34295.0,104781
2021-12-09,33950.0,34150.0,33850.0,34100.0,33710.0,33682.5,34121.666666666664,34288.333333333336,167786
2021-12-10,34050.0,34100.0,33900.0,34050.0,33860.0,33675.0,34124.166666666664,34286.25,59225
2021-12-13,34100.0,34300.0,34000.0,34150.0,34010.0,33667.5,34125.0,34284.166666666664,64338
2021-12-14,34000.0,34150.0,33700.0,33700.0,33990.0,33642.5,34118.333333333336,34285.416666666664,139455
2021-12-15,33800.0,34200.0,33700.0,34000.0,34000.0,33627.5,34115.0,34285.0,80131
2021-12-16,34000.0,34200.0,33900.0,34050.0,33990.0,33637.5,34114.166666666664,34289.166666666664,57270
2021-12-17,34000.0,34950.0,34000.0,34950.0,34170.0,33690.0,34133.333333333336,34300.416666666664,261090
2021-12-20,34450.0,34700.0,34300.0,34600.0,34260.0,33730.0,34145.0,34304.583333333336,168543
2021-12-21,34600.0,34700.0,34300.0,34500.0,34420.0,33760.0,34155.833333333336,34303.333333333336,166249
2021-12-22,34500.0,34550.0,34300.0,34450.0,34510.0,33777.5,34165.0,34304.166666666664,122566
2021-12-23,34450.0,34500.0,34000.0,34050.0,34510.0,33787.5,34170.833333333336,34302.083333333336,145363
2021-12-24,34050.0,34300.0,33850.0,34000.0,34320.0,33807.5,34179.166666666664,34301.666666666664,151289
2021-12-27,34100.0,34200.0,34000.0,34200.0,34240.0,33857.5,34185.833333333336,34301.25,169981
2021-12-28,34250.0,34450.0,34100.0,34350.0,34210.0,33952.5,34190.0,34297.5,372798
2021-12-29,32600.0,32800.0,31650.0,31750.0,33670.0,33912.5,34151.666666666664,34271.666666666664,785796
2021-12-30,31750.0,31850.0,31400.0,31500.0,33160.0,33842.5,34109.166666666664,34241.25,161532
2022-01-04,31250.0,31400.0,31150.0,31200.0,32600.0,33737.5,34053.333333333336,34206.25,143091
2022-01-05,31250.0,31800.0,31200.0,31800.0,32120.0,33657.5,34004.166666666664,34182.5,197293
2022-01-06,31650.0,31700.0,31400.0,31450.0,31540.0,33540.0,33960.0,34155.416666666664,112677
2022-01-07,31400.0,31650.0,31350.0,31550.0,31500.0,33420.0,33913.333333333336,34128.75,72354
2022-01-10,31600.0,31800.0,31250.0,31550.0,31510.0,33292.5,33866.666666666664,34100.0,101195
2022-01-11,31350.0,31600.0,31200.0,31450.0,31560.0,33162.5,33812.5,34069.166666666664,103399
2022-01-12,31400.0,31600.0,31400.0,31500.0,31500.0,33030.0,33752.5,34035.833333333336,85718
2022-01-13,31600.0,31650.0,31350.0,31550.0,31520.0,32922.5,33691.666666666664,34005.416666666664,101589
2022-01-14,31550.0,31550.0,31100.0,31150.0,31440.0,32780.0,33629.166666666664,33972.083333333336,129936
2022-01-17,31050.0,31300.0,30850.0,30900.0,31310.0,32622.5,33555.833333333336,33939.583333333336,90344
2022-01-18,30900.0,31000.0,30550.0,30650.0,31150.0,32407.5,33481.666666666664,33900.833333333336,110541
2022-01-19,30500.0,31000.0,30450.0,30950.0,31040.0,32225.0,33407.5,33867.083333333336,104276
2022-01-20,31050.0,31100.0,30500.0,30500.0,30830.0,32025.0,33326.666666666664,33831.666666666664,112659
2022-01-21,30500.0,31150.0,30450.0,31100.0,30820.0,31857.5,33259.166666666664,33797.916666666664,139539
2022-01-24,31100.0,31300.0,30750.0,30850.0,30810.0,31697.5,33195.833333333336,33765.0,67457
2022-01-25,30600.0,30800.0,30200.0,30350.0,30750.0,31515.0,33130.833333333336,33727.083333333336,100924
2022-01-26,30350.0,30350.0,30350.0,30350.0,30630.0,31322.5,33065.0,33688.333333333336,0
2022-01-27,30650.0,30650.0,29750.0,29800.0,30490.0,31095.0,32985.0,33647.5,151992
2022-01-28,30200.0,31150.0,29800.0,30950.0,30460.0,31055.0,32930.0,33616.666666666664,180640
2022-02-03,31100.0,31700.0,31000.0,31250.0,30540.0,31042.5,32880.0,33586.666666666664,157631
2022-02-04,31450.0,31600.0,31350.0,31550.0,30780.0,31060.0,32837.5,33559.583333333336,111891
2022-02-07,31700.0,31850.0,31500.0,31750.0,31060.0,31057.5,32798.333333333336,33534.583333333336,179917
2022-02-08,31750.0,31750.0,31750.0,31750.0,31450.0,31072.5,32760.0,33510.416666666664,0
2022-02-09,31750.0,31750.0,31750.0,31750.0,31610.0,31082.5,32723.333333333332,33488.75,0
2022-02-10,32600.0,32650.0,32250.0,32350.0,31830.0,31122.5,32699.166666666668,33473.75,173256
2022-02-11,32100.0,32500.0,32050.0,32200.0,31960.0,31160.0,32665.833333333332,33457.083333333336,69730
2022-02-14,32100.0,32600.0,31800.0,32600.0,32130.0,31215.0,32637.5,33443.333333333336,196687
2022-02-15,32600.0,32600.0,32100.0,32300.0,32240.0,31252.5,32605.833333333332,33430.0,94182
2022-02-16,32350.0,32550.0,32250.0,32400.0,32370.0,31315.0,32574.166666666668,33417.083333333336,66252
2022-02-17,32400.0,32550.0,32100.0,32300.0,32360.0,31385.0,32548.333333333332,33403.75,116995
2022-02-18,32200.0,32500.0,32150.0,32350.0,32390.0,31470.0,32522.5,33397.5,50887
2022-02-21,32350.0,32350.0,32350.0,32350.0,32340.0,31540.0,32498.333333333332,33386.25,0
2022-02-22,32350.0,32350.0,32350.0,32350.0,32350.0,31632.5,32472.5,33373.75,0
2022-02-23,32350.0,32350.0,32350.0,32350.0,32340.0,31695.0,32443.333333333332,33361.25,0
2022-02-24,31900.0,32200.0,31850.0,32150.0,32310.0,31760.0,32415.0,33344.583333333336,89458
2022-02-25,31950.0,32300.0,31900.0,32000.0,32240.0,31842.5,32388.333333333332,33325.0,61904
2022-02-28,32000.0,32000.0,32000.0,32000.0,32170.0,31925.0,32368.333333333332,33304.583333333336,0
2022-03-02,32200.0,32450.0,31950.0,32200.0,32140.0,32045.0,32364.166666666668,33288.75,111968
2022-03-03,32100.0,32700.0,32100.0,32700.0,32210.0,32132.5,32366.666666666668,33273.333333333336,104816
2022-03-04,32700.0,32700.0,32700.0,32700.0,32320.0,32205.0,32363.333333333332,33258.333333333336,0
2022-03-07,32050.0,32050.0,31500.0,31850.0,32290.0,32220.0,32339.166666666668,33237.5,89538
2022-03-08,31850.0,31900.0,31400.0,31700.0,32230.0,32217.5,32310.833333333332,33216.666666666664,44124
2022-03-10,31700.0,31700.0,31700.0,31700.0,32130.0,32215.0,32275.833333333332,33195.0,0
2022-03-11,31700.0,31700.0,31700.0,31700.0,31930.0,32212.5,32238.333333333332,33175.416666666664,0
2022-03-14,31950.0,32050.0,31700.0,32000.0,31790.0,32195.0,32203.333333333332,33162.5,72610
2022-03-15,32000.0,32000.0,32000.0,32000.0,31820.0,32185.0,32169.166666666668,33146.666666666664,0
2022-03-16,32000.0,32000.0,32000.0,32000.0,31880.0,32155.0,32133.333333333332,33129.166666666664,0
2022-03-17,32000.0,32000.0,32000.0,32000.0,31940.0,32140.0,32105.0,33111.666666666664,0
2022-03-18,31800.0,32050.0,31650.0,32050.0,32010.0,32122.5,32072.5,33093.75,118186
2022-03-21,32050.0,32050.0,32050.0,32050.0,32020.0,32110.0,32039.166666666668,33076.666666666664,0
2022-03-22,32000.0,32100.0,31750.0,32100.0,32040.0,32097.5,31991.666666666668,33062.5,61531
2022-03-23,32100.0,32300.0,32000.0,32050.0,32050.0,32082.5,31949.166666666668,33047.083333333336,57504
2022-03-24,31900.0,32250.0,31900.0,32250.0,32100.0,32077.5,31911.666666666668,33033.75,47425
2022-03-25,32150.0,32250.0,31950.0,32000.0,32090.0,32060.0,31870.833333333332,33017.916666666664,65872
2022-03-28,31900.0,32000.0,31850.0,32000.0,32080.0,32052.5,31836.666666666668,33003.75,73093
2022-03-29,32150.0,32250.0,31900.0,32100.0,32080.0,32057.5,31805.0,32992.083333333336,67732
2022-03-30,32200.0,32200.0,32050.0,32150.0,32100.0,32065.0,31770.833333333332,32978.333333333336,55530
2022-03-31,32100.0,32450.0,32100.0,32300.0,32110.0,32070.0,31736.666666666668,32963.333333333336,61681
2022-04-01,32050.0,32400.0,32000.0,32200.0,32150.0,32045.0,31744.166666666668,32947.916666666664,44259
2022-04-04,32100.0,32750.0,32100.0,32650.0,32280.0,32042.5,31763.333333333332,32936.25,86117
2022-04-05,32650.0,32650.0,32300.0,32450.0,32350.0,32072.5,31784.166666666668,32918.75,31927
2022-04-06,32450.0,32850.0,32250.0,32850.0,32490.0,32130.0,31801.666666666668,32902.916666666664,127561
2022-04-07,32900.0,32950.0,32550.0,32700.0,32570.0,32180.0,31822.5,32891.25,129107
2022-04-08,32800.0,32850.0,32550.0,32600.0,32650.0,32225.0,31840.0,32876.666666666664,56998
2022-04-11,32500.0,33050.0,32450.0,33050.0,32730.0,32277.5,31865.0,32865.833333333336,76806
2022-04-12,32700.0,33100.0,32700.0,32750.0,32790.0,32315.0,31886.666666666668,32849.583333333336,66581
2022-04-13,32800.0,33250.0,32800.0,33250.0,32870.0,32377.5,31915.833333333332,32834.166666666664,94338
2022-04-14,32900.0,33400.0,32850.0,33400.0,33010.0,32447.5,31946.666666666668,32819.166666666664,115914
2022-04-15,33150.0,33300.0,33050.0,33200.0,33130.0,32505.0,31980.833333333332,32805.0,59221
2022-04-18,32950.0,33200.0,32850.0,33000.0,33120.0,32552.5,32015.833333333332,32785.833333333336,27668
2022-04-19,33050.0,33150.0,32800.0,33150.0,33200.0,32605.0,32057.5,32769.583333333336,25538
2022-04-20,33150.0,33300.0,33000.0,33300.0,33210.0,32667.5,32096.666666666668,32752.083333333332,51769
2022-04-21,33400.0,33400.0,33150.0,33300.0,33190.0,32720.0,32143.333333333332,32735.0,49998
2022-04-22,33100.0,33250.0,32900.0,33050.0,33160.0,32772.5,32175.833333333332,32717.5,55142
2022-04-25,32950.0,33500.0,32800.0,33300.0,33220.0,32837.5,32216.666666666668,32706.25,129765
2022-04-26,33050.0,33300.0,33050.0,33300.0,33250.0,32897.5,32265.833333333332,32698.333333333332,99042
2022-04-27,32850.0,33250.0,32750.0,33150.0,33220.0,32947.5,32312.5,32688.75,113053
2022-04-28,33000.0,33400.0,32900.0,33400.0,33240.0,33002.5,32372.5,32678.75,70061
2022-04-29,33400.0,33500.0,33150.0,33450.0,33320.0,33065.0,32414.166666666668,32672.083333333332,83152
2022-05-02,33150.0,33400.0,33150.0,33400.0,33340.0,33102.5,32450.0,32665.0,44821
2022-05-03,33250.0,33350.0,33050.0,33250.0,33330.0,33142.5,32478.333333333332,32657.916666666668,64836
2022-05-04,33300.0,33450.0,33200.0,33450.0,33390.0,33172.5,32506.666666666668,32652.5,71872
2022-05-06,33450.0,33450.0,33050.0,33450.0,33400.0,33210.0,32535.0,32647.5,45727
2022-05-10,33000.0,33300.0,32600.0,33300.0,33370.0,33245.0,32560.833333333332,32642.083333333332,99683
2022-05-11,33000.0,33100.0,32800.0,32900.0,33270.0,33237.5,32570.0,32634.583333333332,75474
2022-05-12,32700.0,32900.0,32500.0,32800.0,33180.0,33240.0,32580.0,32622.916666666668,90122
2022-05-13,33000.0,33300.0,32750.0,33250.0,33140.0,33240.0,32590.833333333332,32614.166666666668,77913
2022-05-16,33350.0,33350.0,32950.0,33200.0,33090.0,33230.0,32605.833333333332,32605.833333333332,60291
2022-05-17,33200.0,33350.0,33050.0,33350.0,33100.0,33237.5,32621.666666666668,32597.916666666668,61856
2022-05-18,33200.0,33400.0,33150.0,33300.0,33180.0,33252.5,32638.333333333332,32593.333333333332,42807
2022-05-19,32900.0,33250.0,32850.0,33250.0,33270.0,33257.5,32653.333333333332,32587.916666666668,61017
2022-05-20,33400.0,33500.0,33200.0,33450.0,33310.0,33265.0,32671.666666666668,32585.0,85123
2022-05-23,33450.0,33500.0,33100.0,33400.0,33350.0,33270.0,32689.166666666668,32580.833333333332,35540
2022-05-24,33150.0,33400.0,33100.0,33400.0,33360.0,33287.5,32706.666666666668,32575.0,40697
2022-05-25,33450.0,33700.0,33350.0,33550.0,33410.0,33300.0,32730.0,32572.5,121979
2022-05-26,33450.0,33650.0,33450.0,33550.0,33470.0,33312.5,32755.833333333332,32572.083333333332,55758
2022-05-27,33700.0,33850.0,33650.0,33850.0,33550.0,33347.5,32786.666666666664,32577.5,78304
2022-05-30,33850.0,34100.0,33700.0,33700.0,33610.0,33362.5,32811.666666666664,32587.916666666668,73682
2022-05-31,33900.0,34050.0,33850.0,34050.0,33740.0,33392.5,32834.166666666664,32600.416666666668,79865
2022-06-02,33850.0,34100.0,33700.0,33850.0,33800.0,33415.0,32853.333333333336,32608.333333333332,86504
2022-06-03,33750.0,33950.0,33700.0,33850.0,33860.0,33445.0,32886.666666666664,32612.916666666668,54474
2022-06-07,33900.0,33900.0,33400.0,33500.0,33790.0,33447.5,32916.666666666664,32613.75,104255
2022-06-08,33500.0,33500.0,33050.0,33100.0,33670.0,33430.0,32940.0,32607.916666666668,94303
2022-06-09,33100.0,33300.0,32450.0,32750.0,33410.0,33402.5,32957.5,32597.916666666668,229107
2022-06-10,32500.0,32850.0,32400.0,32850.0,33210.0,33400.0,32971.666666666664,32587.5,90406
2022-06-13,32450.0,32500.0,32000.0,32000.0,32840.0,33360.0,32971.666666666664,32570.416666666668,103687
2022-06-14,32250.0,32250.0,31500.0,31800.0,32500.0,33287.5,32968.333333333336,32550.833333333332,155220
2022-06-15,31850.0,31850.0,31250.0,31250.0,32130.0,33190.0,32955.833333333336,32530.416666666668,74720
2022-06-16,31300.0,31650.0,31150.0,31150.0,31810.0,33080.0,32940.833333333336,32506.666666666668,84145
2022-06-17,30550.0,31250.0,30550.0,30750.0,31390.0,32952.5,32919.166666666664,32479.166666666668,371385
2022-06-20,30800.0,31250.0,30700.0,30900.0,31170.0,32835.0,32899.166666666664,32445.416666666668,95879
2022-06-21,31300.0,31850.0,31150.0,31550.0,31120.0,32740.0,32890.833333333336,32420.0,80234
2022-06-22,31600.0,31600.0,31000.0,31100.0,31090.0,32625.0,32871.666666666664,32391.666666666668,104752
2022-06-23,31400.0,31700.0,31100.0,31200.0,31100.0,32515.0,32858.333333333336,32364.583333333332,83297
2022-06-24,31300.0,31900.0,31250.0,31300.0,31210.0,32402.5,32846.666666666664,32341.666666666668,91684
2022-06-27,31400.0,31650.0,31200.0,31450.0,31320.0,32297.5,32835.833333333336,32320.416666666668,78207
2022-06-28,31400.0,31550.0,31350.0,31400.0,31290.0,32175.0,32823.333333333336,32297.083333333332,50044
2022-06-29,31200.0,31350.0,30900.0,30950.0,31260.0,32037.5,32800.833333333336,32268.75,77515
2022-06-30,31000.0,31050.0,30500.0,30500.0,31120.0,31860.0,32772.5,32258.333333333332,65707
2022-07-01,30700.0,30950.0,30600.0,30850.0,31030.0,31710.0,32742.5,32252.916666666668,68141
2022-07-04,30650.0,31000.0,30300.0,30800.0,30900.0,31557.5,32715.0,32249.583333333332,79687
2022-07-05,31000.0,31850.0,30750.0,31750.0,30970.0,31470.0,32696.666666666668,32249.166666666668,76530
2022-07-06,31250.0,31400.0,30450.0,30450.0,30870.0,31337.5,32659.166666666668,32240.833333333332,113874
2022-07-07,30950.0,30950.0,30200.0,30250.0,30820.0,31212.5,32620.0,32230.0,114848
2022-07-08,30350.0,30700.0,30250.0,30500.0,30750.0,31095.0,32577.5,32221.25,51335
2022-07-11,30500.0,30600.0,30300.0,30300.0,30650.0,31010.0,32536.666666666668,32211.666666666668,42818
2022-07-12,30350.0,30550.0,30100.0,30450.0,30390.0,30942.5,32490.0,32202.916666666668,66680
2022-07-13,30650.0,30650.0,30150.0,30150.0,30330.0,30887.5,32435.833333333332,32191.25,49345
2022-07-14,30050.0,30350.0,30000.0,30000.0,30280.0,30830.0,32382.5,32181.666666666668,70529
2022-07-15,30000.0,30200.0,29550.0,29750.0,30130.0,30780.0,32328.333333333332,32172.083333333332,100781
2022-07-18,29900.0,30600.0,29800.0,30500.0,30170.0,30760.0,32284.166666666668,32170.833333333332,75478
2022-07-19,30450.0,30600.0,30300.0,30350.0,30150.0,30700.0,32235.0,32165.833333333332,35203
2022-07-20,30450.0,30750.0,30350.0,30550.0,30230.0,30672.5,32189.166666666668,32166.25,62994
2022-07-21,30400.0,30950.0,30300.0,30850.0,30400.0,30655.0,32152.5,32164.166666666668,60298
2022-07-22,30600.0,31050.0,30600.0,30700.0,30590.0,30625.0,32109.166666666668,32162.916666666668,64722
2022-07-25,30700.0,31250.0,30700.0,31100.0,30710.0,30607.5,32072.5,32169.166666666668,100580
2022-07-26,31150.0,31300.0,30800.0,31250.0,30890.0,30600.0,32040.833333333332,32176.666666666668,67549
2022-07-27,31300.0,31550.0,31050.0,31500.0,31080.0,30627.5,32009.166666666668,32190.833333333332,61691
2022-07-28,31650.0,32000.0,31300.0,31300.0,31170.0,30667.5,31973.333333333332,32193.75,47515
2022-07-29,31700.0,32050.0,31300.0,32050.0,31440.0,30727.5,31950.833333333332,32200.416666666668,155181
2022-08-01,31550.0,31950.0,31550.0,31750.0,31570.0,30775.0,31925.833333333332,32202.083333333332,47753
2022-08-02,31750.0,31800.0,31500.0,31600.0,31640.0,30767.5,31895.0,32200.833333333332,48313
2022-08-03,31450.0,31900.0,31450.0,31600.0,31660.0,30825.0,31864.166666666668,32199.583333333332,30374
2022-08-04,31600.0,31850.0,31600.0,31700.0,31740.0,30897.5,31837.5,32199.166666666668,42321
2022-08-05,31900.0,32200.0,31750.0,31850.0,31700.0,30965.0,31820.0,32195.0,66701
2022-08-08,31850.0,32000.0,31700.0,32000.0,31750.0,31050.0,31806.666666666668,32193.333333333332,41865
2022-08-09,31850.0,32150.0,31550.0,31550.0,31740.0,31105.0,31778.333333333332,32184.583333333332,119675
2022-08-10,31700.0,31800.0,31300.0,31450.0,31710.0,31170.0,31749.166666666668,32177.5,77512
2022-08-11,31750.0,32050.0,31600.0,32050.0,31780.0,31272.5,31727.5,32174.583333333332,69393
2022-08-12,32000.0,32300.0,31800.0,32050.0,31820.0,31387.5,31706.666666666668,32172.5,54931
2022-08-16,32100.0,32200.0,32000.0,32050.0,31830.0,31465.0,31686.666666666668,32170.0,41615
2022-08-17,32250.0,32300.0,31850.0,31850.0,31890.0,31540.0,31660.0,32165.833333333332,40281
2022-08-18,31750.0,31850.0,31550.0,31550.0,31910.0,31590.0,31629.166666666668,32159.166666666668,49690
2022-08-19,31550.0,31800.0,31450.0,31600.0,31820.0,31627.5,31599.166666666668,32152.916666666668,49398
2022-08-22,31500.0,31750.0,31350.0,31600.0,31730.0,31672.5,31566.666666666668,32148.333333333332,43049
2022-08-23,31350.0,31750.0,31350.0,31450.0,31610.0,31690.0,31531.666666666668,32143.75,47331
2022-08-24,31550.0,31850.0,31350.0,31500.0,31540.0,31702.5,31492.5,32139.583333333332,53469
2022-08-25,31550.0,31900.0,31550.0,31800.0,31590.0,31717.5,31460.833333333332,32136.25,35395
2022-08-26,31800.0,31850.0,31600.0,31700.0,31610.0,31737.5,31421.666666666668,32127.916666666668,42630
2022-08-29,31550.0,32000.0,31350.0,31400.0,31570.0,31705.0,31380.833333333332,32117.083333333332,54572
2022-08-30,31550.0,31600.0,31400.0,31450.0,31570.0,31690.0,31340.833333333332,32113.75,37722
2022-08-31,31450.0,31550.0,31200.0,31350.0,31540.0,31677.5,31305.0,32110.833333333332,42118
2022-09-01,31250.0,31500.0,30950.0,31050.0,31390.0,31650.0,31270.833333333332,32105.416666666668,74041
2022-09-02,31200.0,31300.0,30950.0,31000.0,31250.0,31615.0,31241.666666666668,32099.583333333332,39596
2022-09-05,31150.0,31600.0,31150.0,31400.0,31250.0,31592.5,31217.5,32094.583333333332,32418
2022-09-06,31550.0,31750.0,31150.0,31550.0,31270.0,31570.0,31210.0,32090.833333333332,37864
2022-09-07,31400.0,31450.0,30950.0,30950.0,31190.0,31540.0,31195.833333333332,32082.083333333332,58787
2022-09-08,31300.0,31300.0,30850.0,30900.0,31160.0,31512.5,31190.0,32072.916666666668,78135
2022-09-13,31200.0,31800.0,31000.0,31450.0,31250.0,31482.5,31195.0,32067.916666666668,73103
2022-09-14,31250.0,31500.0,30950.0,31350.0,31240.0,31447.5,31205.0,32062.083333333332,76281
2022-09-15,31400.0,31550.0,31250.0,31350.0,31200.0,31412.5,31212.5,32055.833333333332,46933
2022-09-16,31300.0,31550.0,31100.0,31250.0,31260.0,31382.5,31207.5,32049.166666666668,58769
2022-09-19,31350.0,31550.0,31200.0,31250.0,31330.0,31367.5,31210.0,32040.833333333332,24549
2022-09-20,31500.0,31550.0,31150.0,31350.0,31310.0,31355.0,31212.5,32035.416666666668,56073
2022-09-21,31200.0,31600.0,31100.0,31400.0,31320.0,31345.0,31214.166666666668,32030.416666666668,44927
2022-09-22,31300.0,31600.0,31000.0,31450.0,31340.0,31345.0,31214.166666666668,32025.0,77983
2022-09-23,31550.0,31550.0,31200.0,31400.0,31370.0,31340.0,31214.166666666668,32018.75,47417
2022-09-26,31150.0,31500.0,30600.0,31000.0,31320.0,31300.0,31215.0,32007.916666666668,83836
2022-09-27,30700.0,31050.0,30500.0,31000.0,31250.0,31265.0,31223.333333333332,31997.916666666668,74224
2022-09-28,30750.0,30900.0,30000.0,30250.0,31020.0,31207.5,31213.333333333332,31977.916666666668,140892
2022-09-29,30250.0,30600.0,30200.0,30450.0,30820.0,31157.5,31207.5,31961.25,105697
2022-09-30,30550.0,30550.0,30150.0,30200.0,30580.0,31100.0,31181.666666666668,31939.166666666668,72889
2022-10-04,30300.0,30850.0,30250.0,30750.0,30530.0,31085.0,31186.666666666668,31922.916666666668,77509
2022-10-05,30750.0,30800.0,30350.0,30400.0,30410.0,31055.0,31189.166666666668,31904.583333333332,67367
2022-10-06,30400.0,30600.0,30350.0,30450.0,30450.0,31007.5,31188.333333333332,31882.916666666668,44512
2022-10-07,30300.0,30850.0,30250.0,30700.0,30500.0,30965.0,31195.0,31865.833333333332,61395
2022-10-11,30400.0,30800.0,30100.0,30200.0,30500.0,30927.5,31190.833333333332,31840.416666666668,63951
2022-10-12,30300.0,30300.0,30000.0,30250.0,30400.0,30895.0,31192.5,31814.166666666668,43519
2022-10-13,30250.0,30400.0,30150.0,30150.0,30350.0,30830.0,31195.0,31788.75,60206
2022-10-14,30350.0,30450.0,30150.0,30250.0,30310.0,30775.0,31203.333333333332,31765.833333333332,87554
2022-10-17,30250.0,30800.0,30150.0,30750.0,30320.0,30745.0,31207.5,31745.833333333332,77347
2022-10-18,30850.0,30900.0,30550.0,30700.0,30420.0,30717.5,31213.333333333332,31724.166666666668,52521
2022-10-19,30750.0,30850.0,30600.0,30600.0,30490.0,30685.0,31214.166666666668,31701.666666666668,49928
2022-10-20,30450.0,30700.0,30350.0,30350.0,30530.0,30635.0,31205.833333333332,31679.166666666668,75362
2022-10-21,30350.0,30600.0,30300.0,30600.0,30600.0,30595.0,31204.166666666668,31656.666666666668,56673
2022-10-24,30800.0,30800.0,30450.0,30650.0,30580.0,30555.0,31196.666666666668,31634.583333333332,52968
2022-10-25,30650.0,30650.0,30300.0,30550.0,30550.0,30512.5,31185.0,31612.916666666668,53595
2022-10-26,30400.0,30500.0,30200.0,30250.0,30480.0,30475.0,31164.166666666668,31586.666666666668,72706
2022-10-27,30450.0,30800.0,30350.0,30800.0,30570.0,30465.0,31155.833333333332,31564.583333333332,72820
2022-10-28,30700.0,31250.0,30650.0,30950.0,30640.0,30500.0,31137.5,31544.166666666668,84592
2022-10-31,31050.0,31200.0,30700.0,30900.0,30690.0,30522.5,31123.333333333332,31524.583333333332,47755
2022-11-01,31000.0,31050.0,30550.0,30600.0,30700.0,30542.5,31106.666666666668,31500.833333333332,67689
2022-11-02,30500.0,30850.0,30450.0,30650.0,30780.0,30537.5,31090.833333333332,31477.5,56020
2022-11-03,30650.0,30950.0,30400.0,30600.0,30740.0,30547.5,31072.5,31455.0,62524
2022-11-04,30550.0,31100.0,30550.0,30950.0,30740.0,30572.5,31057.5,31438.75,77636
2022-11-07,30900.0,31200.0,30750.0,31000.0,30760.0,30587.5,31040.833333333332,31423.75,44328
2022-11-08,31350.0,31350.0,30900.0,31050.0,30850.0,30630.0,31032.5,31405.416666666668,67949
2022-11-09,31350.0,31400.0,31050.0,31200.0,30960.0,30677.5,31028.333333333332,31388.75,57390
2022-11-10,31200.0,31500.0,31100.0,31200.0,31080.0,30730.0,31014.166666666668,31370.833333333332,62846
2022-11-11,31600.0,31700.0,31350.0,31400.0,31170.0,30787.5,31003.333333333332,31355.0,73513
2022-11-14,31350.0,32050.0,31350.0,31850.0,31340.0,30842.5,31000.0,31343.333333333332,87140
2022-11-15,32150.0,32200.0,31600.0,31600.0,31450.0,30887.5,30995.833333333332,31327.916666666668,49079
2022-11-16,31600.0,31800.0,31400.0,31400.0,31490.0,30927.5,30993.333333333332,31311.25,66409
2022-11-17,31550.0,31750.0,31250.0,31250.0,31500.0,30972.5,30987.5,31293.333333333332,48364
2022-11-18,31250.0,31600.0,31250.0,31300.0,31480.0,31007.5,30982.5,31274.583333333332,32639
2022-11-21,31500.0,31600.0,31250.0,31450.0,31400.0,31047.5,30982.5,31257.083333333332,44275
2022-11-22,31600.0,31650.0,31450.0,31500.0,31380.0,31095.0,30982.5,31237.5,26916
2022-11-23,31600.0,31650.0,31400.0,31500.0,31400.0,31157.5,30977.5,31219.166666666668,31623
2022-11-24,31500.0,31750.0,31450.0,31650.0,31480.0,31200.0,30976.666666666668,31199.166666666668,30965
2022-11-25,31650.0,31800.0,31550.0,31600.0,31540.0,31232.5,30980.0,31180.416666666668,26453
2022-11-28,31450.0,31650.0,31400.0,31500.0,31550.0,31262.5,30980.833333333332,31160.833333333332,38045
2022-11-29,31600.0,31850.0,31450.0,31650.0,31580.0,31315.0,30985.833333333332,31145.416666666668,91711
2022-11-30,31650.0,32400.0,31650.0,32300.0,31740.0,31397.5,31006.666666666668,31138.75,98764
2022-12-01,32350.0,32550.0,32200.0,32500.0,31910.0,31492.5,31031.666666666668,31136.666666666668,60477
2022-12-02,32450.0,32450.0,32050.0,32150.0,32020.0,31552.5,31044.166666666668,31130.833333333332,56880
2022-12-05,32150.0,32500.0,32100.0,32350.0,32190.0,31620.0,31057.5,31133.75,44561
2022-12-06,32100.0,32450.0,32100.0,32150.0,32290.0,31675.0,31077.5,31136.666666666668,44200
2022-12-07,32300.0,32450.0,32050.0,32400.0,32310.0,31735.0,31102.5,31146.25,37339
2022-12-08,32350.0,32650.0,32200.0,32400.0,32290.0,31795.0,31118.333333333332,31156.666666666668,130139
2022-12-09,32550.0,32700.0,32300.0,32500.0,32360.0,31850.0,31137.5,31171.25,64963
2022-12-12,32500.0,32800.0,32450.0,32550.0,32400.0,31885.0,31157.5,31185.0,53820
2022-12-13,32550.0,33000.0,32450.0,32950.0,32560.0,31952.5,31185.833333333332,31196.666666666668,107713
2022-12-14,33100.0,33100.0,32650.0,32950.0,32670.0,32030.0,31214.166666666668,31212.083333333332,52945
2022-12-15,33000.0,33000.0,32550.0,32550.0,32700.0,32095.0,31234.166666666668,31223.333333333332,45114
2022-12-16,32450.0,32700.0,32150.0,32500.0,32700.0,32155.0,31252.5,31233.333333333332,43281
2022-12-19,32250.0,32500.0,32250.0,32450.0,32680.0,32205.0,31269.166666666668,31241.666666666668,40306
2022-12-20,32250.0,32550.0,32250.0,32450.0,32580.0,32252.5,31286.666666666668,31250.416666666668,54933
2022-12-21,32600.0,32650.0,32350.0,32500.0,32490.0,32302.5,31311.666666666668,31263.333333333332,61073
2022-12-22,32500.0,32650.0,32400.0,32600.0,32500.0,32350.0,31338.333333333332,31280.833333333332,63518
2022-12-23,32600.0,32850.0,32550.0,32850.0,32570.0,32412.5,31381.666666666668,31297.5,111640
2022-12-26,32650.0,33000.0,32650.0,33000.0,32680.0,32487.5,31424.166666666668,31315.833333333332,161905
2022-12-27,33000.0,33000.0,32550.0,32650.0,32720.0,32537.5,31465.0,31323.333333333332,242684
2022-12-28,30500.0,30650.0,30000.0,30050.0,32230.0,32425.0,31453.333333333332,31320.0,367524
2022-12-29,30050.0,30150.0,29550.0,29550.0,31620.0,32277.5,31439.166666666668,31314.166666666668,113735
2023-01-02,29750.0,29750.0,28850.0,28900.0,30830.0,32115.0,31413.333333333332,31300.833333333332,157640
2023-01-03,29200.0,29200.0,28550.0,29000.0,30030.0,31947.5,31385.0,31290.0,65175
2023-01-04,29000.0,29400.0,28650.0,29200.0,29340.0,31800.0,31368.333333333332,31279.583333333332,92516
2023-01-05,29500.0,30150.0,29300.0,29950.0,29320.0,31677.5,31363.333333333332,31277.916666666668,142220
2023-01-06,29950.0,30500.0,29700.0,30300.0,29470.0,31572.5,31365.833333333332,31280.416666666668,92808
2023-01-09,30300.0,30500.0,30200.0,30300.0,29750.0,31462.5,31366.666666666668,31285.0,75357
2023-01-10,30300.0,30500.0,30150.0,30400.0,30030.0,31355.0,31360.833333333332,31284.166666666668,73448
2023-01-11,30500.0,30550.0,30250.0,30300.0,30250.0,31222.5,31354.166666666668,31283.75,64037
2023-01-12,30250.0,30450.0,30050.0,30100.0,30280.0,31080.0,31345.833333333332,31280.0,86591
2023-01-13,30300.0,30500.0,30200.0,30350.0,30290.0,30970.0,31345.833333333332,31275.833333333332,92161
2023-01-16,30250.0,30750.0,30200.0,30600.0,30350.0,30875.0,31345.833333333332,31275.0,75178
2023-01-17,30550.0,30600.0,30200.0,30250.0,30320.0,30765.0,31339.166666666668,31267.916666666668,68589
2023-01-18,30300.0,30500.0,30150.0,30300.0,30320.0,30657.5,31335.0,31260.0,51231
2023-01-19,30250.0,30500.0,30250.0,30400.0,30380.0,30552.5,31337.5,31250.833333333332,46264
2023-01-20,30350.0,30650.0,30300.0,30500.0,30410.0,30447.5,31332.5,31244.166666666668,65373
2023-01-25,30400.0,30700.0,30400.0,30500.0,30390.0,30330.0,31325.0,31231.25,149
2023-01-26,30400.0,30650.0,30350.0,30650.0,30470.0,30212.5,31320.833333333332,31222.083333333332,55
2023-01-27,30550.0,31200.0,30550.0,31150.0,30640.0,30137.5,31330.0,31218.333333333332,119
2023-01-30,31150.0,31200.0,30600.0,31150.0,30790.0,30192.5,31338.333333333332,31214.583333333332,53
2023-01-31,31000.0,31000.0,30350.0,30700.0,30830.0,30250.0,31340.0,31206.25,632
2023-02-01,30450.0,30850.0,30450.0,30700.0,30870.0,30340.0,31335.833333333332,31196.666666666668,19
2023-02-02,30950.0,30950.0,30550.0,30850.0,30910.0,30432.5,31333.333333333332,31187.083333333332,65919
2023-02-03,30700.0,31100.0,30450.0,30900.0,30860.0,30517.5,31330.833333333332,31181.666666666668,74
2023-02-06,31050.0,31050.0,30550.0,30900.0,30810.0,30565.0,31325.833333333332,31177.083333333332,44
2023-02-07,30700.0,30950.0,30550.0,30650.0,30800.0,30582.5,31316.666666666668,31165.416666666668,80
2023-02-08,30650.0,31100.0,30650.0,30950.0,30850.0,30615.0,31309.166666666668,31156.25,243
2023-02-09,30750.0,31550.0,30750.0,30900.0,30860.0,30640.0,31293.333333333332,31146.666666666668,399
2023-02-10,30700.0,30950.0,30650.0,30950.0,30870.0,30672.5,31282.5,31139.166666666668,59
2023-02-13,30950.0,31100.0,30800.0,31100.0,30910.0,30722.5,31277.5,31135.416666666668,43
2023-02-14,31200.0,31200.0,30800.0,30850.0,30950.0,30747.5,31270.833333333332,31129.166666666668,49352
2023-02-15,31150.0,31150.0,30600.0,30600.0,30880.0,30747.5,31259.166666666668,31120.833333333332,104
2023-02-16,30600.0,30900.0,30550.0,30650.0,30830.0,30767.5,31245.833333333332,31114.166666666668,62050
2023-02-17,30600.0,30750.0,30500.0,30500.0,30740.0,30777.5,31229.166666666668,31105.833333333332,907
2023-02-20,30500.0,30800.0,30450.0,30700.0,30660.0,30792.5,31215.833333333332,31096.666666666668,446
2023-02-21,30700.0,30850.0,30550.0,30750.0,30640.0,30805.0,31200.833333333332,31088.75,87
2023-02-22,30700.0,30700.0,30400.0,30450.0,30610.0,30802.5,31181.666666666668,31080.833333333332,139
2023-02-23,30450.0,30650.0,30350.0,30600.0,30600.0,30800.0,31166.666666666668,31073.75,35
2023-02-24,30600.0,30750.0,30400.0,30500.0,30600.0,30767.5,31147.5,31066.666666666668,398
2023-02-27,30450.0,30450.0,30200.0,30350.0,30530.0,30727.5,31115.0,31060.833333333332,55836
2023-02-28,30400.0,30700.0,30300.0,30700.0,30520.0,30727.5,31085.0,31058.333333333332,86345
2023-03-02,30700.0,30700.0,30300.0,30450.0,30520.0,30715.0,31056.666666666668,31050.416666666668,58493
2023-03-03,30400.0,30500.0,30200.0,30250.0,30450.0,30685.0,31021.666666666668,31039.583333333332,55488
2023-03-06,30450.0,30450.0,30250.0,30300.0,30410.0,30655.0,30990.833333333332,31034.166666666668,56908
2023-03-07,30300.0,30450.0,30250.0,30250.0,30390.0,30622.5,30955.0,31028.75,45227
2023-03-08,30150.0,30300.0,29950.0,30000.0,30250.0,30590.0,30915.0,31016.666666666668,104572
2023-03-09,30000.0,30200.0,29950.0,30100.0,30180.0,30547.5,30875.0,31006.25,63228
2023-03-10,30100.0,30100.0,29850.0,30050.0,30140.0,30505.0,30833.333333333332,30995.416666666668,70967
2023-03-13,30050.0,30150.0,29550.0,30100.0,30100.0,30462.5,30785.833333333332,30985.833333333332,92253
2023-03-14,30000.0,30100.0,29750.0,29800.0,30010.0,30397.5,30733.333333333332,30973.75,99299
2023-03-15,29850.0,29900.0,29550.0,29750.0,29960.0,30342.5,30686.666666666668,30960.416666666668,109864
2023-03-16,29700.0,29700.0,29200.0,29450.0,29830.0,30285.0,30635.833333333332,30944.166666666668,121758
2023-03-17,29500.0,29950.0,29400.0,29650.0,29750.0,30235.0,30589.166666666668,30929.166666666668,143773
2023-03-20,29650.0,29950.0,29650.0,29800.0,29690.0,30200.0,30545.0,30915.833333333332,81855
2023-03-21,29900.0,30300.0,29850.0,30300.0,29790.0,30180.0,30508.333333333332,30910.0,77117
2023-03-22,30300.0,30300.0,29900.0,30000.0,29840.0,30142.5,30465.0,30901.666666666668,73200
2023-03-23,30000.0,30200.0,29800.0,30200.0,29990.0,30130.0,30420.833333333332,30901.25,82822
2023-03-24,29900.0,30100.0,29800.0,29950.0,30050.0,30097.5,30370.0,30897.083333333332,63266
2023-03-27,29900.0,30100.0,29650.0,29750.0,30040.0,30060.0,30321.666666666668,30893.333333333332,60885
2023-03-28,29800.0,30200.0,29800.0,30100.0,30000.0,30047.5,30322.5,30887.916666666668,44112
2023-03-29,30200.0,30400.0,30050.0,30300.0,30060.0,30027.5,30335.0,30887.083333333332,72512
2023-03-30,30150.0,30500.0,30100.0,30300.0,30080.0,30020.0,30358.333333333332,30885.833333333332,65378
2023-03-31,30350.0,30500.0,30100.0,30400.0,30170.0,30027.5,30381.666666666668,30883.333333333332,44826
2023-04-03,30400.0,30500.0,30200.0,30300.0,30280.0,30027.5,30400.0,30884.166666666668,37702
2023-04-04,30400.0,30450.0,30100.0,30400.0,30340.0,30035.0,30407.5,30885.416666666668,51800
2023-04-05,30450.0,30600.0,30250.0,30300.0,30340.0,30050.0,30407.5,30886.666666666668,39460
2023-04-06,30250.0,30350.0,30050.0,30150.0,30310.0,30052.5,30405.0,30885.833333333332,43962
2023-04-07,30100.0,30400.0,29950.0,30350.0,30300.0,30067.5,30404.166666666668,30882.5,38166
2023-04-10,30150.0,30350.0,30050.0,30050.0,30250.0,30065.0,30400.0,30877.083333333332,45082
2023-04-11,30050.0,30300.0,30000.0,30150.0,30200.0,30082.5,30400.833333333332,30873.333333333332,37090
2023-04-12,30100.0,30400.0,30100.0,30250.0,30190.0,30107.5,30399.166666666668,30872.5,54439
2023-04-13,30200.0,30500.0,30200.0,30500.0,30260.0,30160.0,30397.5,30871.666666666668,55203
2023-04-14,30400.0,30650.0,30400.0,30400.0,30270.0,30197.5,30400.0,30869.583333333332,77463
2023-04-17,30350.0,30450.0,30250.0,30300.0,30320.0,30222.5,30400.0,30867.5,56715
2023-04-18,30200.0,30400.0,30100.0,30250.0,30340.0,30220.0,30397.5,30867.5,64013
2023-04-19,30150.0,30500.0,30150.0,30350.0,30360.0,30237.5,30395.0,30863.75,63680
2023-04-20,30300.0,30600.0,30300.0,30550.0,30370.0,30255.0,30395.833333333332,30860.416666666668,62015
2023-04-21,30400.0,30550.0,30350.0,30400.0,30370.0,30277.5,30391.666666666668,30856.25,27711
2023-04-24,30400.0,30600.0,30250.0,30300.0,30370.0,30305.0,30377.5,30853.75,43681
2023-04-25,30100.0,30450.0,30100.0,30200.0,30360.0,30310.0,30361.666666666668,30850.0,64518
2023-04-26,30200.0,30350.0,30000.0,30050.0,30300.0,30297.5,30350.833333333332,30845.416666666668,89722
2023-04-27,30050.0,30050.0,29650.0,29700.0,30130.0,30267.5,30334.166666666668,30835.0,131190
2023-04-28,29750.0,29900.0,29700.0,29800.0,30010.0,30237.5,30316.666666666668,30825.0,81060
2023-05-02,29750.0,30000.0,29750.0,29950.0,29940.0,30220.0,30300.833333333332,30815.833333333332,58869
2023-05-03,29800.0,30000.0,29750.0,29750.0,29850.0,30187.5,30281.666666666668,30803.75,51558
2023-05-04,29750.0,29850.0,29700.0,29750.0,29790.0,30160.0,30266.666666666668,30791.666666666668,32092
2023-05-08,29800.0,30150.0,29800.0,30150.0,29880.0,30160.0,30253.333333333332,30781.25,62052
2023-05-09,30100.0,30350.0,30050.0,30300.0,29980.0,30157.5,30243.333333333332,30768.333333333332,52412
2023-05-10,30150.0,30300.0,29950.0,29950.0,29980.0,30152.5,30226.666666666668,30754.583333333332,54424
2023-05-11,30050.0,30300.0,30050.0,30100.0,30050.0,30150.0,30210.0,30743.75,42984
2023-05-12,30100.0,30150.0,29900.0,29950.0,30090.0,30135.0,30195.0,30732.916666666668,56834
2023-05-15,29950.0,30200.0,29900.0,30200.0,30100.0,30120.0,30188.333333333332,30723.75,32106
2023-05-16,30050.0,30200.0,30000.0,30150.0,30070.0,30107.5,30180.0,30712.916666666668,33559
2023-05-17,30000.0,30100.0,29950.0,30000.0,30080.0,30092.5,30171.666666666668,30700.416666666668,32314
2023-05-18,30050.0,30100.0,29950.0,30100.0,30080.0,30085.0,30161.666666666668,30688.75,29575
2023-05-19,30000.0,30250.0,30000.0,30150.0,30120.0,30075.0,30151.666666666668,30676.25,47575
2023-05-22,30250.0,30550.0,30150.0,30350.0,30150.0,30065.0,30150.0,30665.833333333332,80384
2023-05-23,30400.0,30550.0,30300.0,30500.0,30220.0,30070.0,30148.333333333332,30657.5,41873
2023-05-24,30500.0,30600.0,30300.0,30450.0,30310.0,30077.5,30147.5,30647.5,45635
2023-05-25,30300.0,30500.0,30300.0,30400.0,30370.0,30087.5,30148.333333333332,30631.666666666668,35640
2023-05-26,30350.0,30400.0,30150.0,30200.0,30380.0,30095.0,30140.0,30612.5,63736
2023-05-30,30200.0,30300.0,30100.0,30250.0,30360.0,30122.5,30136.666666666668,30596.666666666668,56068
2023-05-31,30200.0,30350.0,30050.0,30050.0,30270.0,30135.0,30133.333333333332,30577.5,60085
2023-06-01,30200.0,30250.0,29950.0,30000.0,30180.0,30137.5,30128.333333333332,30559.583333333332,64904
2023-06-02,30100.0,30200.0,30000.0,30150.0,30130.0,30157.5,30126.666666666668,30540.833333333332,40378
2023-06-05,30200.0,30300.0,30050.0,30100.0,30110.0,30175.0,30128.333333333332,30521.666666666668,47157
2023-06-07,30150.0,30250.0,30050.0,30100.0,30080.0,30172.5,30128.333333333332,30501.666666666668,71463
2023-06-08,30250.0,30250.0,30050.0,30250.0,30120.0,30170.0,30131.666666666668,30482.5,72739
2023-06-09,30250.0,30250.0,29950.0,30000.0,30120.0,30172.5,30130.0,30457.916666666668,150381
2023-06-12,30100.0,30200.0,30000.0,30200.0,30130.0,30177.5,30136.666666666668,30435.0,72246
2023-06-13,30200.0,30250.0,29950.0,30000.0,30110.0,30180.0,30140.833333333332,30413.75,80948
2023-06-14,29950.0,30000.0,29800.0,29950.0,30080.0,30167.5,30149.166666666668,30392.5,87700
2023-06-15,29950.0,30000.0,29850.0,29850.0,30000.0,30152.5,30152.5,30370.833333333332,55381
2023-06-16,29950.0,30000.0,29850.0,29850.0,29970.0,30145.0,30153.333333333332,30349.166666666668,69736
2023-06-19,29900.0,30000.0,29850.0,30000.0,29930.0,30140.0,30148.333333333332,30328.333333333332,36834
2023-06-20,29950.0,30000.0,29850.0,29900.0,29910.0,30127.5,30146.666666666668,30305.833333333332,39344
2023-06-21,29950.0,29950.0,29800.0,29850.0,29890.0,30102.5,30140.833333333332,30280.833333333332,47000
2023-06-22,29900.0,30000.0,29750.0,29850.0,29890.0,30070.0,30139.166666666668,30254.583333333332,63413
2023-06-23,29800.0,29850.0,29450.0,29550.0,29830.0,30025.0,30135.833333333332,30228.75,138904
2023-06-26,29650.0,29650.0,29400.0,29500.0,29730.0,29980.0,30125.833333333332,30224.166666666668,51931
2023-06-27,29400.0,29650.0,29400.0,29500.0,29650.0,29945.0,30112.5,30223.75,41772
2023-06-28,29550.0,29600.0,29450.0,29450.0,29570.0,29905.0,30098.333333333332,30228.333333333332,48341
2023-06-29,29400.0,29600.0,29250.0,29250.0,29450.0,29865.0,30079.166666666668,30230.416666666668,81801
2023-06-30,29500.0,29650.0,29250.0,29650.0,29470.0,29847.5,30068.333333333332,30234.166666666668,50890
2023-07-03,29700.0,29750.0,29550.0,29650.0,29500.0,29822.5,30055.833333333332,30231.666666666668,74611
2023-07-04,29600.0,29700.0,29350.0,29400.0,29480.0,29787.5,30040.833333333332,30224.166666666668,74899
2023-07-05,29350.0,29500.0,29150.0,29150.0,29420.0,29740.0,30024.166666666668,30214.583333333332,79437
2023-07-06,29150.0,29250.0,28600.0,28800.0,29330.0,29667.5,29998.333333333332,30201.25,174115
2023-07-07,28650.0,28750.0,28250.0,28500.0,29100.0,29592.5,29972.5,30186.25,130074
2023-07-10,28600.0,28950.0,28550.0,28900.0,28950.0,29527.5,29951.666666666668,30176.25,54258
2023-07-11,29100.0,29200.0,28800.0,28950.0,28860.0,29475.0,29930.0,30164.583333333332,49098
2023-07-12,29000.0,29150.0,28800.0,28800.0,28790.0,29417.5,29901.666666666668,30149.583333333332,58484
2023-07-13,29000.0,29050.0,28800.0,28850.0,28800.0,29367.5,29875.833333333332,30137.916666666668,79857
2023-07-14,29050.0,29150.0,28850.0,29050.0,28910.0,29327.5,29855.0,30127.5,64840
2023-07-17,28900.0,29100.0,28850.0,28900.0,28910.0,29272.5,29832.5,30115.0,58057
2023-07-18,29100.0,29100.0,28900.0,28950.0,28910.0,29225.0,29809.166666666668,30102.083333333332,32235
2023-07-19,28950.0,29050.0,28900.0,29000.0,28950.0,29182.5,29783.333333333332,30089.583333333332,46697
2023-07-20,28900.0,29100.0,28900.0,28950.0,28970.0,29137.5,29759.166666666668,30075.416666666668,50565
2023-07-21,29000.0,29050.0,28800.0,28950.0,28950.0,29107.5,29736.666666666668,30057.083333333332,73012
2023-07-24,29000.0,29000.0,28750.0,28800.0,28930.0,29072.5,29713.333333333332,30037.5,74150
2023-07-25,28800.0,28850.0,28650.0,28700.0,28880.0,29032.5,29690.833333333332,30020.833333333332,77530
2023-07-26,28650.0,28650.0,28150.0,28550.0,28790.0,28987.5,29671.666666666668,30002.916666666668,197985
2023-07-27,28350.0,28900.0,28350.0,28900.0,28780.0,28970.0,29656.666666666668,29986.666666666668,62459
2023-07-28,28800.0,28800.0,28500.0,28600.0,28710.0,28917.5,29634.166666666668,29967.5,74036
2023-07-31,28600.0,28750.0,28500.0,28500.0,28650.0,28860.0,29613.333333333332,29947.5,93414
2023-08-01,28500.0,28850.0,28500.0,28800.0,28670.0,28830.0,29597.5,29932.083333333332,67690
2023-08-02,28650.0,28950.0,28650.0,28750.0,28710.0,28810.0,29574.166666666668,29913.75,89273
2023-08-03,28850.0,28950.0,28600.0,28700.0,28670.0,28805.0,29547.5,29895.416666666668,81899
2023-08-04,28750.0,29150.0,28650.0,29100.0,28770.0,28835.0,29533.333333333332,29880.0,88296
2023-08-07,29050.0,29300.0,28950.0,29150.0,28900.0,28847.5,29517.5,29863.75,58932
2023-08-08,29300.0,29350.0,28950.0,28950.0,28930.0,28847.5,29500.833333333332,29847.916666666668,81363
2023-08-09,29200.0,29300.0,28900.0,29300.0,29040.0,28872.5,29485.833333333332,29837.083333333332,63302
2023-08-10,29050.0,29450.0,28950.0,29050.0,29110.0,28882.5,29467.5,29823.75,116034
2023-08-11,29000.0,29350.0,29000.0,29350.0,29160.0,28897.5,29456.666666666668,29814.166666666668,63639
2023-08-14,29150.0,29350.0,29050.0,29350.0,29200.0,28920.0,29444.166666666668,29802.916666666668,101899
2023-08-16,29150.0,29450.0,29000.0,29350.0,29280.0,28940.0,29430.833333333332,29791.25,74018
2023-08-17,29250.0,29300.0,29050.0,29300.0,29280.0,28955.0,29413.333333333332,29781.666666666668,63788
2023-08-18,29050.0,29300.0,29050.0,29200.0,29310.0,28967.5,29391.666666666668,29770.0,48086
2023-08-21,29000.0,29300.0,29000.0,29250.0,29290.0,28982.5,29371.666666666668,29759.583333333332,45149
2023-08-22,29150.0,29350.0,29050.0,29200.0,29260.0,29002.5,29351.666666666668,29750.0,55447
2023-08-23,29150.0,29350.0,29150.0,29300.0,29250.0,29032.5,29336.666666666668,29738.333333333332,26401
2023-08-24,29300.0,29500.0,29200.0,29500.0,29290.0,29080.0,29324.166666666668,29730.416666666668,70262
2023-08-25,29250.0,29750.0,29250.0,29700.0,29390.0,29120.0,29318.333333333332,29725.833333333332,82646
2023-08-28,29850.0,29850.0,29550.0,29600.0,29460.0,29170.0,29311.666666666668,29720.0,50214
2023-08-29,29600.0,29900.0,29600.0,29800.0,29580.0,29235.0,29305.833333333332,29716.25,86374
2023-08-30,29900.0,30100.0,29850.0,29950.0,29710.0,29292.5,29303.333333333332,29715.833333333332,83070
2023-08-31,29900.0,30000.0,29800.0,29950.0,29800.0,29352.5,29300.833333333332,29714.583333333332,50754
2023-09-01,29750.0,30150.0,29700.0,30000.0,29860.0,29417.5,29296.666666666668,29714.166666666668,58743
2023-09-04,29900.0,30300.0,29900.0,30200.0,29980.0,29472.5,29300.0,29715.0,67810
2023-09-05,30050.0,30200.0,29850.0,29900.0,30000.0,29510.0,29295.0,29715.833333333332,52969
2023-09-06,29900.0,30300.0,29900.0,30200.0,30050.0,29572.5,29298.333333333332,29719.583333333332,66904
2023-09-07,29950.0,30300.0,29950.0,30250.0,30110.0,29620.0,29303.333333333332,29726.25,66369
2023-09-08,30250.0,30600.0,30200.0,30550.0,30220.0,29695.0,29315.0,29733.75,61882
2023-09-11,30400.0,30850.0,30400.0,30700.0,30320.0,29762.5,29329.166666666668,29741.25,84631
2023-09-12,30800.0,30800.0,30500.0,30500.0,30440.0,29820.0,29337.5,29742.916666666668,68417
2023-09-13,30400.0,30750.0,30400.0,30650.0,30530.0,29885.0,29350.0,29748.333333333332,45166
2023-09-14,30750.0,30850.0,30650.0,30850.0,30650.0,29962.5,29366.666666666668,29753.75,101975
2023-09-15,30950.0,31050.0,30750.0,30900.0,30720.0,30047.5,29384.166666666668,29761.666666666668,111685
2023-09-18,30900.0,31050.0,30800.0,30800.0,30740.0,30125.0,29405.0,29770.416666666668,49121
2023-09-19,30650.0,30900.0,30650.0,30750.0,30790.0,30202.5,29425.833333333332,29775.833333333332,42233
2023-09-20,30750.0,31000.0,30750.0,30950.0,30850.0,30285.0,29450.0,29781.25,42373
2023-09-21,30800.0,30950.0,30650.0,30700.0,30820.0,30345.0,29470.833333333332,29784.583333333332,68928
2023-09-22,30600.0,30850.0,30500.0,30800.0,30800.0,30400.0,29496.666666666668,29787.916666666668,44903
2023-09-25,30950.0,30950.0,30600.0,30650.0,30770.0,30452.5,29513.333333333332,29790.833333333332,38725
2023-09-26,30550.0,30700.0,30350.0,30550.0,30730.0,30490.0,29528.333333333332,29792.083333333332,71868
2023-09-27,30400.0,30700.0,30350.0,30450.0,30630.0,30515.0,29545.833333333332,29793.333333333332,45527
2023-10-04,30450.0,30450.0,30050.0,30100.0,30510.0,30522.5,29561.666666666668,29792.916666666668,97775
2023-10-05,30100.0,30400.0,30100.0,30300.0,30410.0,30537.5,29586.666666666668,29792.5,56383
2023-10-06,30350.0,30700.0,30200.0,30600.0,30400.0,30557.5,29621.666666666668,29797.083333333332,66324
2023-10-10,30800.0,30900.0,30600.0,30800.0,30450.0,30602.5,29653.333333333332,29802.5,52576
2023-10-11,30800.0,31050.0,30700.0,30900.0,30540.0,30637.5,29685.833333333332,29807.916666666668,82068
2023-10-12,31100.0,31100.0,30700.0,31050.0,30730.0,30677.5,29723.333333333332,29812.5,79148
2023-10-13,30750.0,31150.0,30600.0,30950.0,30860.0,30697.5,29758.333333333332,29817.083333333332,66394
2023-10-16,30900.0,31100.0,30800.0,30900.0,30920.0,30707.5,29789.166666666668,29822.083333333332,41545
2023-10-17,31050.0,31100.0,30900.0,30900.0,30940.0,30727.5,29822.5,29827.5,38724
2023-10-18,30850.0,31250.0,30800.0,31100.0,30980.0,30750.0,29858.333333333332,29833.75,71486
2023-10-19,31000.0,31200.0,30850.0,31100.0,30990.0,30762.5,29893.333333333332,29838.333333333332,71144
2023-10-20,31050.0,31200.0,30750.0,31000.0,31000.0,30767.5,29927.5,29843.333333333332,68710
2023-10-23,31150.0,31200.0,30500.0,30650.0,30950.0,30760.0,29955.833333333332,29846.25,101130
2023-10-24,30900.0,30900.0,30500.0,30700.0,30910.0,30757.5,29987.5,29850.416666666668,52241
2023-10-25,30650.0,30950.0,30650.0,30900.0,30870.0,30755.0,30024.166666666668,29857.5,41464
2023-10-26,30950.0,30950.0,30550.0,30800.0,30810.0,30760.0,30061.666666666668,29866.666666666668,72180
2023-10-27,30950.0,31300.0,30750.0,31300.0,30870.0,30785.0,30101.666666666668,29879.166666666668,85336
2023-10-30,31350.0,31400.0,31100.0,31400.0,31020.0,30822.5,30148.333333333332,29891.25,75186
2023-10-31,31500.0,31500.0,31050.0,31350.0,31150.0,30862.5,30195.833333333332,29904.583333333332,64924
2023-11-01,31400.0,31450.0,31150.0,31350.0,31240.0,30907.5,30238.333333333332,29917.916666666668,27756
2023-11-02,31400.0,31500.0,31250.0,31250.0,31330.0,30965.0,30280.0,29927.083333333332,70640
2023-11-03,31400.0,31500.0,31250.0,31450.0,31360.0,31022.5,30325.833333333332,29936.666666666668,51757
2023-11-06,31450.0,32000.0,31350.0,32000.0,31480.0,31092.5,30374.166666666668,29953.75,134048
2023-11-07,32000.0,32050.0,31750.0,32050.0,31620.0,31155.0,30422.5,29970.0,89811
2023-11-08,32100.0,32250.0,31750.0,32150.0,31780.0,31217.5,30475.833333333332,29988.333333333332,108439
2023-11-09,32250.0,32650.0,32200.0,32650.0,32060.0,31297.5,30531.666666666668,30008.75,162065
2023-11-10,32500.0,32750.0,32450.0,32600.0,32290.0,31380.0,30590.833333333332,30029.166666666668,75115
2023-11-13,32800.0,32800.0,32450.0,32700.0,32430.0,31470.0,30646.666666666668,30051.666666666668,73027
2023-11-14,32750.0,32900.0,32600.0,32850.0,32590.0,31567.5,30705.0,30074.583333333332,115655
2023-11-15,32950.0,33300.0,32900.0,33000.0,32760.0,31662.5,30765.833333333332,30098.333333333332,154770
2023-11-16,32950.0,33050.0,32800.0,33000.0,32830.0,31757.5,30827.5,30120.416666666668,47825
2023-11-17,33000.0,33100.0,32900.0,33000.0,32910.0,31857.5,30890.833333333332,30141.25,56426
2023-11-20,33050.0,33100.0,32900.0,33000.0,32970.0,31975.0,30953.333333333332,30162.5,61701
2023-11-21,33000.0,33150.0,32950.0,33050.0,33010.0,32092.5,31017.5,30184.583333333332,46896
2023-11-22,32950.0,33150.0,32900.0,33000.0,33010.0,32197.5,31079.166666666668,30207.916666666668,47482
2023-11-23,32900.0,33100.0,32850.0,33050.0,33020.0,32310.0,31138.333333333332,30231.25,47362
2023-11-24,33100.0,33100.0,32650.0,32650.0,32950.0,32377.5,31187.5,30252.916666666668,34549
2023-11-27,32550.0,32950.0,32500.0,32700.0,32890.0,32442.5,31239.166666666668,30275.416666666668,49227
2023-11-28,32900.0,32950.0,32600.0,32700.0,32820.0,32510.0,31287.5,30296.666666666668,79982
2023-11-29,32700.0,32850.0,32300.0,32400.0,32700.0,32562.5,31328.333333333332,30315.833333333332,77981
2023-11-30,32550.0,33000.0,32400.0,33000.0,32690.0,32650.0,31379.166666666668,30340.0,94703
2023-12-01,32950.0,33000.0,32600.0,32650.0,32690.0,32710.0,31423.333333333332,30360.0,36610
2023-12-04,32600.0,32850.0,32500.0,32650.0,32680.0,32742.5,31464.166666666668,30382.083333333332,38051
2023-12-05,32500.0,33100.0,32500.0,32950.0,32730.0,32787.5,31515.0,30405.0,116003
2023-12-06,32850.0,33050.0,32750.0,32750.0,32800.0,32817.5,31557.5,30427.916666666668,86906
2023-12-07,32750.0,33000.0,32650.0,32950.0,32790.0,32832.5,31602.5,30452.916666666668,63261
2023-12-08,33000.0,33000.0,32800.0,32850.0,32830.0,32845.0,31640.833333333332,30477.916666666668,28236
2023-12-11,32950.0,32950.0,32650.0,32750.0,32850.0,32847.5,31675.0,30502.083333333332,38064
2023-12-12,32600.0,32850.0,32550.0,32600.0,32780.0,32835.0,31710.0,30523.75,50392
2023-12-13,32600.0,32750.0,32300.0,32550.0,32740.0,32812.5,31741.666666666668,30545.833333333332,52820
2023-12-14,32700.0,32750.0,32450.0,32700.0,32690.0,32797.5,31772.5,30569.583333333332,104754
2023-12-15,32550.0,32750.0,32450.0,32450.0,32610.0,32770.0,31798.333333333332,30591.25,87491
2023-12-18,32300.0,32450.0,32000.0,32250.0,32510.0,32732.5,31822.5,30613.75,81201
2023-12-19,32050.0,32250.0,32000.0,32100.0,32410.0,32685.0,31845.0,30635.416666666668,56535
2023-12-20,32100.0,32500.0,32000.0,32450.0,32390.0,32657.5,31870.0,30660.0,94146
2023-12-21,32450.0,32450.0,32250.0,32300.0,32310.0,32620.0,31896.666666666668,30683.75,41066
2023-12-22,32400.0,32400.0,32150.0,32350.0,32290.0,32605.0,31922.5,30709.583333333332,63610
2023-12-26,32450.0,32450.0,32000.0,32350.0,32310.0,32587.5,31950.833333333332,30732.083333333332,109113
2023-12-27,31950.0,32200.0,31800.0,32150.0,32320.0,32560.0,31977.5,30752.916666666668,135012
2023-12-28,32150.0,32500.0,32000.0,32350.0,32300.0,32557.5,32009.166666666668,30777.5,74767
2024-01-02,32050.0,32350.0,31800.0,32100.0,32260.0,32512.5,32042.5,30802.083333333332,110509
2024-01-03,32050.0,32100.0,31700.0,31800.0,32150.0,32470.0,32067.5,30827.083333333332,69126
2024-01-04,31800.0,31850.0,31600.0,31600.0,32000.0,32417.5,32084.166666666668,30852.916666666668,57988
2024-01-05,31600.0,31850.0,31600.0,31700.0,31910.0,32355.0,32099.166666666668,30876.25,45149
2024-01-08,31750.0,31800.0,31500.0,31600.0,31760.0,32297.5,32110.833333333332,30898.333333333332,53353
2024-01-09,31950.0,31950.0,31600.0,31700.0,31680.0,32235.0,32121.666666666668,30922.5,29946
2024-01-10,31750.0,31950.0,31600.0,31800.0,31680.0,32182.5,32135.833333333332,30947.083333333332,51636
2024-01-11,31700.0,32000.0,31700.0,31700.0,31700.0,32130.0,32149.166666666668,30969.166666666668,50408
2024-01-12,31900.0,31900.0,31550.0,31550.0,31670.0,32077.5,32160.0,30991.25,27915
2024-01-15,31550.0,31800.0,31550.0,31700.0,31690.0,32035.0,32170.0,31014.166666666668,2522
2024-01-16,31600.0,31850.0,31500.0,31800.0,31710.0,31990.0,32181.666666666668,31037.5,36029
2024-01-17,31850.0,31900.0,31500.0,31500.0,31650.0,31942.5,32190.0,31058.75,28079
2024-01-18,31650.0,31650.0,31250.0,31450.0,31600.0,31902.5,32203.333333333332,31079.583333333332,35545
2024-01-19,31450.0,31800.0,31450.0,31550.0,31600.0,31875.0,32217.5,31102.5,30259
2024-01-22,31750.0,32050.0,31600.0,31950.0,31650.0,31850.0,32235.0,31129.583333333332,56158
2024-01-23,32100.0,32150.0,31850.0,32050.0,31700.0,31837.5,32255.833333333332,31158.75,38177
2024-01-24,32100.0,32300.0,31900.0,32250.0,31850.0,31832.5,32271.666666666668,31186.666666666668,44132
2024-01-25,32300.0,32550.0,32250.0,32550.0,32070.0,31842.5,32290.833333333332,31219.583333333332,69829
2024-01-26,32300.0,32650.0,32250.0,32400.0,32240.0,31855.0,32308.333333333332,31252.083333333332,51360
2024-01-29,32500.0,33000.0,32400.0,32900.0,32430.0,31882.5,32334.166666666668,31286.25,100633
2024-01-30,32800.0,32900.0,31950.0,31950.0,32410.0,31875.0,32345.833333333332,31312.916666666668,227608
2024-01-31,32150.0,33000.0,32150.0,33000.0,32560.0,31935.0,32371.666666666668,31348.75,127305
2024-02-01,32850.0,35000.0,32750.0,34900.0,33030.0,32100.0,32420.0,31397.083333333332,651870
2024-02-02,34650.0,35050.0,34100.0,34800.0,33510.0,32255.0,32465.833333333332,31444.166666666668,243031
2024-02-05,34500.0,34800.0,33800.0,34450.0,33820.0,32397.5,32504.166666666668,31490.0,126727
2024-02-06,34150.0,34750.0,34000.0,34150.0,34260.0,32520.0,32529.166666666668,31530.416666666668,62390
2024-02-07,34500.0,35050.0,34100.0,35000.0,34660.0,32680.0,32569.166666666668,31580.0,150218
2024-02-08,34900.0,36100.0,34850.0,35400.0,34760.0,32865.0,32614.166666666668,31630.416666666668,262029
2024-02-13,35950.0,36900.0,35850.0,36200.0,35040.0,33097.5,32670.0,31687.5,229322
2024-02-14,35750.0,36350.0,35400.0,36200.0,35390.0,33322.5,32723.333333333332,31744.583333333332,126634
2024-02-15,36500.0,36500.0,35900.0,36200.0,35800.0,33542.5,32776.666666666664,31802.083333333332,78231
2024-02-16,36250.0,36450.0,35850.0,36350.0,36070.0,33785.0,32832.5,31861.666666666668,87811
2024-02-19,36350.0,36900.0,36200.0,36700.0,36330.0,34047.5,32894.166666666664,31923.75,152136
2024-02-20,36900.0,37200.0,36450.0,37100.0,36510.0,34325.0,32961.666666666664,31989.583333333332,229300
2024-02-21,37150.0,37250.0,36250.0,36900.0,36650.0,34572.5,33026.666666666664,32052.916666666668,207710
2024-02-22,37250.0,37500.0,36450.0,37200.0,36850.0,34830.0,33095.833333333336,32117.083333333332,135123
2024-02-23,37250.0,38000.0,36850.0,38000.0,37180.0,35117.5,33185.0,32186.25,196252
2024-02-26,38000.0,38000.0,35800.0,36200.0,37080.0,35300.0,33243.333333333336,32241.25,218762
2024-02-27,36150.0,36650.0,35550.0,36150.0,36890.0,35487.5,33300.833333333336,32294.166666666668,102407
2024-02-28,36150.0,36450.0,35650.0,36450.0,36800.0,35665.0,33368.333333333336,32348.333333333332,48207
2024-02-29,36450.0,37950.0,36250.0,37550.0,36870.0,35945.0,33444.166666666664,32411.666666666668,167862
2024-03-04,37900.0,39300.0,37550.0,38800.0,37030.0,36235.0,33546.666666666664,32485.0,208227
2024-03-05,38550.0,39250.0,38500.0,39100.0,37610.0,36445.0,33654.166666666664,32559.166666666668,99311
2024-03-06,38900.0,39300.0,38750.0,39300.0,38240.0,36670.0,33760.0,32637.5,82278
2024-03-07,39500.0,39500.0,39000.0,39350.0,38820.0,36915.0,33870.0,32713.75,93840
2024-03-08,39700.0,40200.0,39350.0,39700.0,39250.0,37192.5,33982.5,32792.5,140941
2024-03-11,39400.0,39400.0,38750.0,38800.0,39250.0,37382.5,34081.666666666664,32861.25,64107
2024-03-12,39150.0,39650.0,38700.0,38750.0,39180.0,37550.0,34181.666666666664,32928.333333333336,82492
2024-03-13,39100.0,39600.0,38800.0,39350.0,39190.0,37707.5,34294.166666666664,33002.083333333336,96004
2024-03-14,39650.0,40500.0,39500.0,40400.0,39400.0,37917.5,34425.0,33083.333333333336,177410
2024-03-15,40450.0,40900.0,40000.0,40350.0,39530.0,38125.0,34552.5,33162.5,128427
2024-03-18,40750.0,40750.0,38800.0,39100.0,39590.0,38262.5,34663.333333333336,33230.833333333336,132825
2024-03-19,38850.0,39300.0,38600.0,38800.0,39600.0,38367.5,34772.5,33297.5,94243
2024-03-20,39150.0,39600.0,38700.0,39250.0,39580.0,38475.0,34891.666666666664,33368.333333333336,85879
2024-03-21,39600.0,40700.0,39550.0,40550.0,39610.0,38657.5,35026.666666666664,33448.333333333336,197893
2024-03-22,40600.0,41450.0,40550.0,41450.0,39830.0,38870.0,35179.166666666664,33537.916666666664,196876
2024-03-25,41600.0,41600.0,40900.0,41500.0,40310.0,39045.0,35331.666666666664,33627.083333333336,197477
2024-03-26,38950.0,39650.0,38050.0,39250.0,40400.0,39197.5,35446.666666666664,33698.75,420027
2024-03-27,38900.0,39000.0,37750.0,38550.0,40260.0,39317.5,35553.333333333336,33765.416666666664,242037
2024-03-28,38250.0,38850.0,38000.0,38450.0,39840.0,39417.5,35655.0,33832.083333333336,159255
2024-03-29,38500.0,38600.0,37500.0,37850.0,39120.0,39432.5,35750.833333333336,33896.666666666664,124920
2024-04-01,38100.0,38250.0,36600.0,36750.0,38170.0,39330.0,35833.333333333336,33950.416666666664,142006
2024-04-02,36300.0,37000.0,36150.0,36550.0,37630.0,39202.5,35915.833333333336,34000.0,102451
2024-04-03,36300.0,36750.0,36000.0,36450.0,37210.0,39060.0,35995.0,34047.083333333336,105194
2024-04-04,36800.0,36950.0,36150.0,36400.0,36800.0,38912.5,36075.0,34092.916666666664,82202
2024-04-05,36050.0,36500.0,36050.0,36100.0,36450.0,38732.5,36148.333333333336,34135.0,52530
2024-04-08,36100.0,36750.0,35950.0,36450.0,36390.0,38615.0,36225.833333333336,34180.833333333336,54116
2024-04-09,36700.0,36750.0,36100.0,36500.0,36380.0,38502.5,36305.833333333336,34227.5,65797
2024-04-11,35500.0,36100.0,35050.0,35400.0,36170.0,38305.0,36370.0,34265.0,166571
2024-04-12,35050.0,35650.0,34850.0,35400.0,35970.0,38055.0,36431.666666666664,34300.833333333336,98833
2024-04-15,35350.0,35650.0,34850.0,35650.0,35880.0,37820.0,36495.833333333336,34338.75,95405
2024-04-16,35000.0,37050.0,35000.0,37000.0,35990.0,37715.0,36587.5,34388.75,144188
2024-04-17,36900.0,36900.0,36050.0,36350.0,35960.0,37592.5,36669.166666666664,34436.25,72934
2024-04-18,36650.0,36650.0,35500.0,35800.0,36040.0,37420.0,36740.0,34478.75,55101
2024-04-19,35200.0,36350.0,35150.0,35950.0,36150.0,37190.0,36806.666666666664,34520.833333333336,85441
2024-04-22,36850.0,38100.0,36350.0,37750.0,36570.0,37005.0,36901.666666666664,34578.75,115406
2024-04-23,37350.0,38300.0,37200.0,38100.0,36790.0,36835.0,36999.166666666664,34635.416666666664,59123
2024-04-24,38450.0,38500.0,37250.0,37450.0,37010.0,36745.0,37080.833333333336,34685.833333333336,51255
2024-04-25,37250.0,38200.0,37250.0,37850.0,37420.0,36710.0,37171.666666666664,34740.0,46810
2024-04-26,37800.0,38700.0,37650.0,38350.0,37900.0,36705.0,37262.5,34798.333333333336,81383
2024-04-29,38850.0,40450.0,38400.0,40150.0,38380.0,36820.0,37399.166666666664,34872.5,154926
2024-04-30,39650.0,40100.0,38650.0,39100.0,38580.0,36937.5,37500.833333333336,34936.25,83743
2024-05-02,38450.0,39000.0,38400.0,38600.0,38810.0,37040.0,37562.5,34991.25,28126
2024-05-03,38450.0,38700.0,38200.0,38250.0,38890.0,37130.0,37620.0,35042.916666666664,20060
2024-05-07,38700.0,38750.0,38200.0,38450.0,38910.0,37232.5,37686.666666666664,35095.416666666664,50922
2024-05-08,38800.0,38900.0,38400.0,38600.0,38600.0,37357.5,37760.833333333336,35145.0,28552
2024-05-09,38700.0,39000.0,38550.0,38850.0,38550.0,37477.5,37825.0,35197.083333333336,45255
2024-05-10,39250.0,39600.0,38600.0,39550.0,38740.0,37630.0,37894.166666666664,35254.166666666664,57598
2024-05-13,39600.0,39900.0,39100.0,39600.0,39010.0,37840.0,37950.833333333336,35310.416666666664,59527
2024-05-14,39600.0,39900.0,39250.0,39500.0,39220.0,38045.0,38005.833333333336,35364.583333333336,34074
2024-05-16,40200.0,40250.0,39400.0,39500.0,39400.0,38237.5,38060.833333333336,35418.75,64969
2024-05-17,39150.0,40200.0,38850.0,39700.0,39570.0,38372.5,38116.666666666664,35474.583333333336,70458
2024-05-20,39700.0,40250.0,39550.0,39950.0,39650.0,38552.5,38170.833333333336,35532.5,56636
2024-05-21,39550.0,40450.0,39300.0,40050.0,39740.0,38765.0,38220.0,35590.833333333336,38650
2024-05-22,39850.0,40150.0,38500.0,38750.0,39590.0,38905.0,38250.833333333336,35638.75,66020
2024-05-23,38500.0,39350.0,38500.0,38950.0,39480.0,38965.0,38280.0,35687.916666666664,50939
2024-05-24,38700.0,39350.0,38650.0,39100.0,39360.0,39015.0,38298.333333333336,35741.666666666664,38051
2024-05-27,39050.0,40000.0,38750.0,39650.0,39300.0,39125.0,38355.833333333336,35799.583333333336,48860
2024-05-28,39400.0,40250.0,39200.0,40200.0,39330.0,39242.5,38423.333333333336,35862.083333333336,58574
2024-05-29,39800.0,40450.0,39600.0,40450.0,39670.0,39347.5,38490.0,35929.166666666664,76139
2024-05-30,39700.0,40300.0,39700.0,40000.0,39880.0,39340.0,38530.833333333336,35987.5,52845
2024-05-31,40350.0,40500.0,39800.0,40500.0,40160.0,39410.0,38559.166666666664,36052.916666666664,80524
2024-06-03,40600.0,40800.0,39750.0,40000.0,40230.0,39480.0,38574.166666666664,36114.166666666664,47003
2024-06-04,39300.0,40000.0,38600.0,38750.0,39940.0,39505.0,38565.0,36162.5,104848
2024-06-05,38750.0,39000.0,38300.0,38750.0,39600.0,39520.0,38555.0,36212.5,26994
2024-06-07,38500.0,39550.0,38500.0,38700.0,39340.0,39525.0,38538.333333333336,36260.416666666664,37321
2024-06-10,38300.0,39550.0,38300.0,38900.0,39020.0,39527.5,38540.0,36310.833333333336,61575
2024-06-11,38900.0,39300.0,38650.0,38950.0,38810.0,39497.5,38543.333333333336,36362.5,54916
2024-06-12,38600.0,39050.0,38500.0,38850.0,38830.0,39460.0,38535.0,36414.583333333336,33982
2024-06-13,38550.0,43300.0,38000.0,43300.0,39740.0,39650.0,38583.333333333336,36504.166666666664,176353
2024-06-14,39900.0,40000.0,38150.0,38200.0,39640.0,39585.0,38547.5,36550.0,243196
2024-06-17,38300.0,38450.0,37850.0,37850.0,39430.0,39492.5,38526.666666666664,36595.0,83998
2024-06-18,37950.0,38000.0,36800.0,36850.0,39010.0,39337.5,38494.166666666664,36633.333333333336,134674
2024-06-19,36850.0,37700.0,36850.0,36900.0,38620.0,39180.0,38455.0,36673.333333333336,90276
2024-06-20,37100.0,37550.0,36850.0,37200.0,37400.0,39102.5,38399.166666666664,36712.916666666664,82101
2024-06-21,37500.0,37850.0,37300.0,37650.0,37290.0,39037.5,38335.833333333336,36757.5,75681
2024-06-24,37700.0,37850.0,37250.0,37250.0,37170.0,38945.0,38265.0,36798.333333333336,49299
2024-06-25,37600.0,37800.0,37250.0,37500.0,37300.0,38837.5,38235.833333333336,36841.25,28136
2024-06-26,37150.0,37850.0,37050.0,37600.0,37440.0,38707.5,38220.0,36886.666666666664,47072
2024-06-27,37150.0,37750.0,36850.0,37350.0,37470.0,38552.5,38201.666666666664,36928.333333333336,34394
2024-06-28,37700.0,38350.0,37500.0,38300.0,37600.0,38467.5,38209.166666666664,36980.0,61585
2024-07-01,38100.0,38350.0,37800.0,38200.0,37790.0,38352.5,38233.333333333336,37033.333333333336,24220
2024-07-02,37800.0,38650.0,37650.0,38400.0,37970.0,38272.5,38264.166666666664,37090.0,41730
2024-07-03,38700.0,40000.0,38300.0,39300.0,38310.0,38300.0,38311.666666666664,37153.333333333336,119399
2024-07-04,39600.0,40400.0,39200.0,39800.0,38800.0,38352.5,38368.333333333336,37221.666666666664,89633
2024-07-05,40000.0,40350.0,39300.0,39550.0,39050.0,38395.0,38425.833333333336,37287.083333333336,69444
2024-07-08,39200.0,39900.0,39100.0,39100.0,39230.0,38405.0,38470.0,37347.916666666664,29502
2024-07-09,39550.0,39600.0,38900.0,39150.0,39380.0,38415.0,38514.166666666664,37410.0,41320
2024-07-10,38800.0,39300.0,38700.0,39250.0,39370.0,38435.0,38578.333333333336,37474.166666666664,25923
2024-07-11,39750.0,39900.0,39100.0,39900.0,39390.0,38265.0,38653.333333333336,37542.5,53412
2024-07-12,39950.0,39950.0,39250.0,39600.0,39400.0,38335.0,38719.166666666664,37607.5,23818
2024-07-15,39950.0,39950.0,39000.0,39000.0,39380.0,38392.5,38752.5,37670.0,19091
2024-07-16,39200.0,39800.0,38750.0,39500.0,39450.0,38525.0,38805.0,37737.083333333336,30457
2024-07-17,39950.0,39950.0,39300.0,39300.0,39460.0,38645.0,38863.333333333336,37801.666666666664,21364
2024-07-18,39650.0,39700.0,39000.0,39450.0,39370.0,38757.5,38921.666666666664,37864.166666666664,31600
2024-07-19,39000.0,39550.0,38850.0,39550.0,39360.0,38852.5,38951.666666666664,37926.666666666664,20152
2024-07-22,39600.0,40500.0,39150.0,39850.0,39530.0,38982.5,38980.833333333336,37990.0,67624
2024-07-23,40100.0,40100.0,39500.0,39500.0,39530.0,39082.5,39015.0,38047.916666666664,33653
2024-07-24,39150.0,39650.0,39050.0,39450.0,39560.0,39175.0,39041.666666666664,38106.666666666664,33421
2024-07-25,39800.0,39800.0,38750.0,38900.0,39450.0,39252.5,39050.833333333336,38156.666666666664,36835
2024-07-26,38850.0,39650.0,38700.0,39500.0,39440.0,39312.5,39040.0,38219.583333333336,33088
2024-07-29,39600.0,41600.0,39400.0,41250.0,39720.0,39465.0,39075.833333333336,38288.333333333336,185858
2024-07-30,40850.0,41150.0,40450.0,40600.0,39940.0,39575.0,39109.166666666664,38335.833333333336,38267
2024-07-31,40600.0,42200.0,40600.0,42100.0,40470.0,39715.0,39173.333333333336,38396.666666666664,100972
2024-08-01,41450.0,41950.0,40900.0,40900.0,40870.0,39770.0,39214.166666666664,38450.416666666664,58410
2024-08-02,40700.0,41200.0,39900.0,40200.0,41010.0,39802.5,39240.833333333336,38500.833333333336,54009
2024-08-05,40200.0,40250.0,37800.0,39500.0,40660.0,39822.5,39251.666666666664,38538.333333333336,130941
2024-08-06,42650.0,42650.0,38700.0,38800.0,40300.0,39805.0,39239.166666666664,38566.666666666664,102820
2024-08-07,38350.0,39400.0,38050.0,39000.0,39680.0,39792.5,39229.166666666664,38590.0,56369
2024-08-08,38850.0,40650.0,38850.0,40650.0,39630.0,39830.0,39248.333333333336,38627.083333333336,92607
2024-08-09,40300.0,41500.0,40250.0,41200.0,39830.0,39910.0,39276.666666666664,38668.75,46857
2024-08-12,41600.0,41600.0,40500.0,40900.0,40110.0,40005.0,39296.666666666664,38706.666666666664,16956
2024-08-13,40550.0,41250.0,40550.0,40550.0,40460.0,40057.5,39306.666666666664,38738.75,20314
2024-08-14,40600.0,40950.0,40300.0,40850.0,40830.0,40135.0,39320.0,38770.0,23790
2024-08-16,41100.0,41800.0,40900.0,40900.0,40880.0,40207.5,39355.833333333336,38803.333333333336,27368
2024-08-19,40800.0,41500.0,40800.0,41450.0,40930.0,40302.5,39397.5,38838.75,24925
2024-08-20,41500.0,41750.0,41150.0,41400.0,41030.0,40380.0,39435.833333333336,38867.083333333336,29234
2024-08-21,41800.0,41950.0,41500.0,41750.0,41270.0,40492.5,39470.833333333336,38913.333333333336,28286
2024-08-22,42000.0,42400.0,41600.0,42050.0,41510.0,40622.5,39501.666666666664,38962.5,40097
2024-08-23,42050.0,44950.0,42000.0,44850.0,42300.0,40920.0,39575.0,39032.5,277454
2024-08-26,44800.0,45550.0,44500.0,45200.0,43050.0,41205.0,39661.666666666664,39096.25,112949
2024-08-27,45400.0,45400.0,44600.0,45400.0,43850.0,41412.5,39743.333333333336,39151.25,63119
2024-08-28,45300.0,45300.0,43700.0,44300.0,44360.0,41597.5,39815.0,39194.583333333336,57488
2024-08-29,44300.0,46000.0,43850.0,44500.0,44850.0,41717.5,39910.833333333336,39237.916666666664,102030
2024-08-30,44500.0,44650.0,43300.0,43450.0,44570.0,41845.0,39989.166666666664,39272.083333333336,53228
2024-09-02,43450.0,44250.0,43450.0,44100.0,44350.0,42040.0,40079.166666666664,39308.75,53513
2024-09-03,44300.0,45550.0,44100.0,45200.0,44310.0,42325.0,40184.166666666664,39362.083333333336,83180
2024-09-04,45400.0,45450.0,44200.0,44700.0,44390.0,42620.0,40280.0,39411.666666666664,61039
2024-09-05,44750.0,45100.0,44150.0,44600.0,44410.0,42900.0,40375.833333333336,39455.416666666664,44494
2024-09-06,44900.0,44900.0,43450.0,44600.0,44640.0,43097.5,40397.5,39490.416666666664,87192
2024-09-09,43900.0,44450.0,42250.0,42550.0,44330.0,43165.0,40470.0,39508.75,77465
2024-09-10,42650.0,43750.0,42600.0,43150.0,43920.0,43277.5,40558.333333333336,39542.5,44475
2024-09-11,43200.0,43200.0,41250.0,42000.0,43380.0,43350.0,40644.166666666664,39569.166666666664,89895
2024-09-12,42050.0,42150.0,41550.0,42050.0,42870.0,43410.0,40730.0,39592.5,83640
2024-09-13,42000.0,43050.0,41900.0,43050.0,42560.0,43517.5,40827.5,39613.333333333336,46567
2024-09-19,44200.0,44500.0,43100.0,43600.0,42770.0,43625.0,40926.666666666664,39631.25,50366
2024-09-20,43950.0,43950.0,43050.0,43200.0,42780.0,43715.0,41025.833333333336,39645.416666666664,98737
2024-09-23,43900.0,43900.0,42800.0,42800.0,42940.0,43767.5,41114.166666666664,39675.0,23856
2024-09-24,43000.0,43750.0,41900.0,42700.0,43070.0,43800.0,41199.166666666664,39709.583333333336,57055
2024-09-25,43150.0,43550.0,40250.0,40300.0,42520.0,43572.5,41248.333333333336,39725.0,220599
2024-09-26,40500.0,41200.0,40400.0,41200.0,42040.0,43372.5,41296.666666666664,39752.916666666664,83059
2024-09-27,41250.0,41300.0,40500.0,40600.0,41520.0,43132.5,41336.666666666664,39785.0,47568
2024-09-30,41300.0,41450.0,40500.0,41150.0,41190.0,42975.0,41382.5,39823.333333333336,69600
2024-10-02,41150.0,41150.0,40200.0,40450.0,40740.0,42772.5,41401.666666666664,39856.666666666664,65048
2024-10-04,40800.0,41250.0,40350.0,41000.0,40880.0,42650.0,41421.666666666664,39895.0,33490
2024-10-07,40650.0,41150.0,40550.0,41000.0,40840.0,42495.0,41445.833333333336,39935.833333333336,28747
2024-10-08,41000.0,41000.0,39900.0,40150.0,40750.0,42242.5,41463.333333333336,39966.666666666664,98537
2024-10-10,41200.0,41200.0,40000.0,40000.0,40520.0,42007.5,41477.5,39995.833333333336,55026
2024-10-11,40500.0,40900.0,40250.0,40900.0,40610.0,41822.5,41505.0,40041.666666666664,22928
2024-10-14,40500.0,41350.0,40450.0,40900.0,40590.0,41637.5,41521.666666666664,40087.5,58667
2024-10-15,40800.0,41050.0,40300.0,41050.0,40600.0,41562.5,41545.833333333336,40132.5,56370
2024-10-16,40600.0,40950.0,40500.0,40700.0,40710.0,41440.0,41574.166666666664,40163.333333333336,38127
2024-10-17,40900.0,41150.0,40600.0,40600.0,40830.0,41370.0,41592.5,40198.75,27943
2024-10-18,40950.0,41000.0,40300.0,40950.0,40840.0,41315.0,41620.0,40241.666666666664,66889
2024-10-21,41000.0,41050.0,40600.0,40650.0,40790.0,41195.0,41640.0,40280.833333333336,29475
2024-10-22,40550.0,41050.0,40550.0,40800.0,40740.0,41055.0,41660.833333333336,40306.25,45939
2024-10-23,40950.0,40950.0,40400.0,40600.0,40720.0,40925.0,41673.333333333336,40327.083333333336,35780
2024-10-24,40600.0,40850.0,40500.0,40650.0,40730.0,40817.5,41692.5,40353.75,56345
2024-10-25,40700.0,41200.0,40550.0,41000.0,40740.0,40732.5,41718.333333333336,40380.0,43258
2024-10-28,41050.0,41050.0,39100.0,39400.0,40490.0,40687.5,41726.666666666664,40388.75,181681
2024-10-29,39350.0,39850.0,39300.0,39550.0,40240.0,40605.0,41727.5,40383.75,66612
2024-10-30,39500.0,40300.0,39450.0,40150.0,40150.0,40582.5,41709.166666666664,40392.5,73805
2024-10-31,40350.0,40400.0,39600.0,40400.0,40100.0,40545.0,41705.833333333336,40407.5,64846
2024-11-01,40300.0,40650.0,39800.0,40200.0,39940.0,40532.5,41674.166666666664,40423.75,43579
2024-11-04,40200.0,40350.0,39600.0,40050.0,40070.0,40485.0,41660.0,40437.083333333336,72273
2024-11-05,39650.0,40050.0,39550.0,39950.0,40150.0,40432.5,41655.833333333336,40448.333333333336,33539
2024-11-06,39900.0,40000.0,39550.0,39750.0,40070.0,40412.5,41660.0,40455.833333333336,66456
2024-11-07,39600.0,40900.0,39550.0,40000.0,39990.0,40412.5,41680.0,40459.583333333336,71655
2024-11-08,40700.0,40800.0,40100.0,40300.0,40010.0,40382.5,41701.666666666664,40465.416666666664,38726
2024-11-11,40050.0,40700.0,40050.0,40450.0,40090.0,40360.0,41698.333333333336,40473.333333333336,50239
2024-11-12,40200.0,41300.0,40200.0,40650.0,40230.0,40340.0,41689.166666666664,40482.916666666664,69409
2024-11-13,40400.0,40400.0,39600.0,39750.0,40230.0,40292.5,41670.0,40483.333333333336,42648
2024-11-14,39900.0,40100.0,39200.0,39250.0,40080.0,40225.0,41648.333333333336,40477.5,73389
2024-11-15,39700.0,40150.0,39250.0,39400.0,39900.0,40147.5,41624.166666666664,40472.083333333336,55394
2024-11-18,39050.0,41100.0,39050.0,40850.0,39980.0,40157.5,41623.333333333336,40489.583333333336,97139
2024-11-19,40450.0,40950.0,40150.0,40550.0,39960.0,40145.0,41608.333333333336,40502.916666666664,36395
2024-11-20,40300.0,40950.0,40300.0,40550.0,40120.0,40142.5,41594.166666666664,40515.0,20796
2024-11-21,40650.0,41350.0,40600.0,41050.0,40480.0,40162.5,41582.5,40526.666666666664,45260
2024-11-22,41350.0,42250.0,41150.0,42200.0,41040.0,40222.5,41585.0,40543.333333333336,62131
2024-11-25,42650.0,42650.0,41400.0,41600.0,41190.0,40332.5,41530.833333333336,40552.916666666664,52898
2024-11-26,41300.0,41550.0,41000.0,41550.0,41390.0,40432.5,41470.0,40565.833333333336,23376
2024-11-27,41300.0,43000.0,41300.0,42400.0,41760.0,40545.0,41420.0,40581.666666666664,84804
2024-11-28,42800.0,43700.0,42250.0,43400.0,42230.0,40695.0,41405.0,40610.0,113032
2024-11-29,43500.0,43500.0,42500.0,42700.0,42330.0,40820.0,41375.0,40642.916666666664,57630
2024-12-02,43250.0,43250.0,42150.0,42550.0,42520.0,40945.0,41360.0,40674.583333333336,49652
2024-12-03,43100.0,43700.0,42750.0,43400.0,42890.0,41117.5,41348.333333333336,40713.75,112372
2024-12-04,43250.0,43250.0,41500.0,41850.0,42780.0,41222.5,41292.5,40738.333333333336,134484
2024-12-05,41700.0,42450.0,41450.0,41800.0,42460.0,41312.5,41244.166666666664,40762.083333333336,64107
2024-12-06,42400.0,42750.0,41250.0,41250.0,42170.0,41360.0,41188.333333333336,40782.083333333336,72648
2024-12-09,41200.0,41200.0,39700.0,40650.0,41790.0,41370.0,41122.5,40760.0,94740
2024-12-10,41200.0,41200.0,39900.0,39900.0,41090.0,41332.5,41078.333333333336,40774.166666666664,89728
2024-12-11,39950.0,40500.0,39850.0,40300.0,40780.0,41360.0,41030.833333333336,40794.583333333336,62875
2024-12-12,40500.0,41000.0,40300.0,41000.0,40620.0,41447.5,41014.166666666664,40829.166666666664,120003
2024-12-13,40600.0,40850.0,40050.0,40100.0,40390.0,41482.5,40981.666666666664,40855.833333333336,88944
2024-12-16,40200.0,40800.0,40150.0,40500.0,40360.0,41465.0,40939.166666666664,40883.333333333336,76179
2024-12-17,40500.0,41350.0,40250.0,40950.0,40570.0,41485.0,40895.0,40910.833333333336,151853
2024-12-18,41300.0,41400.0,40250.0,40550.0,40620.0,41485.0,40850.833333333336,40938.333333333336,60528
2024-12-19,40150.0,40650.0,40000.0,40350.0,40490.0,41450.0,40810.0,40962.083333333336,49665
2024-12-20,40100.0,40450.0,39550.0,39950.0,40460.0,41337.5,40764.166666666664,40981.666666666664,115179
2024-12-23,40000.0,41550.0,40000.0,41450.0,40650.0,41330.0,40783.333333333336,41015.833333333336,63282
2024-12-24,41450.0,41600.0,40400.0,40900.0,40640.0,41297.5,40778.333333333336,41037.5,56586
2024-12-26,40800.0,41000.0,40600.0,40950.0,40720.0,41225.0,40784.166666666664,41060.416666666664,54477
2024-12-27,40500.0,40650.0,39800.0,39950.0,40640.0,41052.5,40764.166666666664,41073.333333333336,58149
2024-12-30,39950.0,40250.0,39350.0,39450.0,40540.0,40890.0,40747.5,41074.583333333336,61474
2025-01-02,39450.0,39800.0,38750.0,39100.0,40070.0,40717.5,40715.833333333336,41068.75,57843
2025-01-03,38950.0,39550.0,38250.0,38400.0,39570.0,40467.5,40672.5,41059.166666666664,113468
2025-01-06,38700.0,38900.0,38250.0,38800.0,39140.0,40315.0,40650.0,41056.666666666664,86618
2025-01-07,38950.0,39800.0,38950.0,39750.0,39100.0,40212.5,40645.833333333336,41061.666666666664,97346
2025-01-08,39400.0,40350.0,39400.0,40050.0,39220.0,40152.5,40631.666666666664,41068.333333333336,61905
2025-01-09,39800.0,40250.0,39600.0,39650.0,39330.0,40102.5,40610.833333333336,41066.25,83911
2025-01-10,39550.0,40150.0,39500.0,39900.0,39630.0,40102.5,40591.666666666664,41068.75,48786
2025-01-13,39650.0,40100.0,39500.0,39950.0,39860.0,40085.0,40579.166666666664,41076.666666666664,47245
2025-01-14,40150.0,40150.0,39450.0,39650.0,39840.0,40017.5,40563.333333333336,41077.916666666664,31126
2025-01-15,39950.0,40700.0,39900.0,40100.0,39850.0,40017.5,40549.166666666664,41084.583333333336,51268
2025-01-16,40600.0,40600.0,40000.0,40200.0,39960.0,40002.5,40541.666666666664,41090.833333333336,46379
2025-01-17,40300.0,40750.0,40250.0,40550.0,40090.0,39982.5,40537.5,41099.166666666664,50491
2025-01-20,40400.0,40550.0,40150.0,40250.0,40150.0,39967.5,40531.666666666664,41102.5,18865
2025-01-21,40500.0,40600.0,40100.0,40250.0,40270.0,39962.5,40525.0,41108.75,18230
2025-01-22,40500.0,40650.0,40150.0,40150.0,40280.0,39972.5,40510.833333333336,41114.583333333336,20833
2025-01-23,40500.0,40600.0,39900.0,40100.0,40260.0,39905.0,40522.5,41124.583333333336,50563
2025-01-24,40400.0,41200.0,40150.0,40950.0,40340.0,39907.5,40545.833333333336,41136.666666666664,65983
2025-01-31,41450.0,42050.0,40950.0,42000.0,40690.0,39960.0,40576.666666666664,41142.916666666664,72278
2025-02-03,41200.0,42650.0,40650.0,42450.0,41130.0,40085.0,40610.833333333336,41158.333333333336,105499
2025-02-04,42500.0,42600.0,41900.0,42150.0,41530.0,40220.0,40643.333333333336,41158.75,67735
2025-02-05,42000.0,43300.0,42000.0,42800.0,42070.0,40405.0,40689.166666666664,41174.583333333336,89952
2025-02-06,43350.0,43350.0,42750.0,43100.0,42500.0,40640.0,40741.666666666664,41198.75,70446
2025-02-07,42700.0,43150.0,42500.0,42500.0,42600.0,40825.0,40787.5,41223.75,57624
2025-02-10,42600.0,42700.0,41650.0,41650.0,42440.0,40920.0,40815.0,41247.5,63624
2025-02-11,41700.0,42250.0,41650.0,41800.0,42370.0,41007.5,40840.0,41270.833333333336,59712
2025-02-12,42000.0,42500.0,41700.0,42100.0,42230.0,41130.0,40867.5,41282.916666666664,44316
2025-02-13,42000.0,42200.0,41800.0,42000.0,42010.0,41235.0,40890.0,41289.583333333336,77806
2025-02-14,42050.0,43000.0,42000.0,42450.0,42000.0,41360.0,40935.0,41302.5,76738
2025-02-17,42750.0,43300.0,42500.0,43200.0,42310.0,41537.5,41000.833333333336,41324.583333333336,69625
2025-02-18,43200.0,43550.0,42850.0,43500.0,42650.0,41707.5,41069.166666666664,41346.666666666664,62089
2025-02-19,43250.0,44750.0,43150.0,44300.0,43090.0,41912.5,41126.666666666664,41375.0,107170
2025-02-20,44300.0,44550.0,43850.0,44500.0,43590.0,42110.0,41192.5,41400.416666666664,58927
2025-02-21,44700.0,44750.0,44150.0,44200.0,43940.0,42307.5,41253.333333333336,41423.75,46646
2025-02-24,44200.0,44900.0,44000.0,44700.0,44240.0,42530.0,41314.166666666664,41448.333333333336,62912
2025-02-25,44550.0,45500.0,44250.0,45400.0,44620.0,42792.5,41367.5,41476.25,79390
2025-02-26,45500.0,45800.0,45050.0,45450.0,44850.0,43060.0,41431.666666666664,41481.25,64925
2025-02-27,45200.0,45550.0,43250.0,45150.0,44980.0,43270.0,41491.666666666664,41480.833333333336,48824
2025-02-28,45050.0,45350.0,44600.0,44950.0,45130.0,43417.5,41534.166666666664,41477.083333333336,58069
2025-03-04,44950.0,45200.0,44200.0,44550.0,45100.0,43522.5,41553.333333333336,41479.166666666664,41497
2025-03-05,44550.0,44900.0,43550.0,43950.0,44810.0,43612.5,41574.166666666664,41474.583333333336,66855
2025-03-06,43950.0,44400.0,43600.0,44400.0,44600.0,43692.5,41605.0,41482.5,49775
2025-03-07,44500.0,44500.0,43250.0,43250.0,44220.0,43700.0,41602.5,41475.416666666664,56964
2025-03-10,43000.0,43450.0,42750.0,43300.0,43890.0,43740.0,41626.666666666664,41459.583333333336,32468
2025-03-11,42850.0,43050.0,42500.0,42700.0,43520.0,43792.5,41641.666666666664,41442.916666666664,47394
2025-03-12,42400.0,42975.0,42400.0,42750.0,43280.0,43840.0,41666.666666666664,41427.5,38916
2025-03-13,42600.0,43200.0,42500.0,42600.0,42920.0,43865.0,41699.166666666664,41410.833333333336,93322
2025-03-14,42600.0,42800.0,42250.0,42550.0,42780.0,43892.5,41743.333333333336,41410.833333333336,37968
2025-03-17,42750.0,43300.0,42450.0,43300.0,42780.0,43935.0,41793.333333333336,41412.083333333336,74294
2025-03-18,43300.0,43600.0,42800.0,43000.0,42840.0,43925.0,41826.666666666664,41420.416666666664,112778
2025-03-19,43350.0,43950.0,43300.0,43900.0,43070.0,43945.0,41890.0,41435.833333333336,64821
2025-03-20,44000.0,44400.0,43850.0,44250.0,43400.0,43942.5,41952.5,41445.833333333336,59055
2025-03-21,44150.0,44500.0,43250.0,43250.0,43540.0,43880.0,41990.833333333336,41442.916666666664,124822
2025-03-24,43750.0,44200.0,43450.0,43600.0,43600.0,43850.0,42041.666666666664,41446.25,79973
2025-03-25,43650.0,44350.0,43500.0,44200.0,43840.0,43825.0,42105.833333333336,41457.916666666664,134359
2025-03-26,41600.0,41900.0,40700.0,41100.0,43280.0,43610.0,42125.0,41444.583333333336,203792
2025-03-27,40950.0,41100.0,40600.0,40650.0,42560.0,43370.0,42111.666666666664,41447.5,75197
2025-03-28,40650.0,40850.0,40250.0,40550.0,42020.0,43140.0,42105.833333333336,41442.083333333336,44843
2025-03-31,40450.0,40450.0,39700.0,40050.0,41310.0,42895.0,42090.833333333336,41437.5,97606
2025-04-01,39900.0,40300.0,39500.0,40150.0,40500.0,42675.0,42094.166666666664,41429.166666666664,68151
2025-04-02,40000.0,40700.0,39850.0,40500.0,40380.0,42502.5,42111.666666666664,41429.583333333336,43737
2025-04-03,39700.0,40700.0,39400.0,40700.0,40390.0,42317.5,42138.333333333336,41427.083333333336,78661
2025-04-04,40050.0,40750.0,40000.0,40550.0,40390.0,42182.5,42174.166666666664,41423.333333333336,58690
2025-04-07,39900.0,40000.0,38650.0,39150.0,40210.0,41975.0,42180.0,41415.0,97775
2025-04-08,39500.0,39550.0,38700.0,38800.0,39940.0,41780.0,42164.166666666664,41405.0,68161
2025-04-09,38700.0,39000.0,38100.0,38500.0,39540.0,41567.5,42138.333333333336,41385.0,56692
2025-04-10,39050.0,39350.0,38800.0,38900.0,39180.0,41382.5,42125.833333333336,41368.333333333336,101213
2025-04-11,38850.0,39550.0,38600.0,39350.0,38940.0,41222.5,42116.666666666664,41354.166666666664,57037
2025-04-14,39200.0,39700.0,39200.0,39450.0,39000.0,41030.0,42108.333333333336,41343.75,31431
2025-04-15,39350.0,39900.0,39300.0,39700.0,39180.0,40865.0,42109.166666666664,41336.25,49271
2025-04-16,39500.0,40350.0,39500.0,40300.0,39540.0,40685.0,42112.5,41330.833333333336,44679
2025-04-17,40450.0,40450.0,40050.0,40150.0,39790.0,40480.0,42111.666666666664,41326.666666666664,26609
2025-04-18,40100.0,40800.0,40050.0,40600.0,40040.0,40347.5,42112.5,41325.0,28425
2025-04-21,40550.0,41000.0,40450.0,41000.0,40350.0,40217.5,42125.0,41328.333333333336,24778
2025-04-22,40900.0,41200.0,40750.0,41050.0,40620.0,40060.0,42138.333333333336,41331.666666666664,39088
2025-04-23,41250.0,41450.0,41050.0,41300.0,40820.0,40070.0,42157.5,41334.166666666664,39726
2025-04-24,41300.0,41700.0,41100.0,41550.0,41100.0,40115.0,42181.666666666664,41352.083333333336,49020
2025-04-25,41700.0,41700.0,41100.0,41250.0,41230.0,40150.0,42186.666666666664,41366.25,61449
2025-04-28,41050.0,41500.0,41000.0,41350.0,41300.0,40215.0,42175.833333333336,41376.25,56399
2025-04-29,41150.0,41900.0,41150.0,41850.0,41460.0,40300.0,42165.833333333336,41388.333333333336,62376
2025-04-30,41450.0,41950.0,41400.0,41950.0,41590.0,40372.5,42162.5,41402.916666666664,47745
2025-05-02,41700.0,42000.0,41600.0,41850.0,41650.0,40430.0,42146.666666666664,41417.916666666664,33328
2025-05-07,42250.0,42300.0,41600.0,41800.0,41760.0,40492.5,42125.0,41433.333333333336,64259
2025-05-08,41600.0,42000.0,41400.0,41500.0,41790.0,40610.0,42108.333333333336,41447.916666666664,53227
2025-05-09,41600.0,42000.0,41400.0,42000.0,41820.0,40770.0,42114.166666666664,41464.583333333336,61759
2025-05-12,42000.0,42200.0,41550.0,42150.0,41860.0,40952.5,42120.0,41480.0,46908
2025-05-13,41750.0,42100.0,41575.0,42000.0,41890.0,41107.5,42118.333333333336,41492.916666666664,55493
2025-05-14,41950.0,42200.0,41700.0,42050.0,41940.0,41242.5,42119.166666666664,41504.583333333336,87624
2025-05-15,41750.0,42200.0,41700.0,42000.0,42040.0,41370.0,42111.666666666664,41523.333333333336,50678
2025-05-16,42000.0,42250.0,41850.0,42000.0,42040.0,41485.0,42091.666666666664,41546.25,21821
2025-05-19,41750.0,41800.0,41350.0,41400.0,41890.0,41540.0,42056.666666666664,41562.916666666664,40419
2025-05-20,41650.0,41950.0,41600.0,41850.0,41860.0,41625.0,42015.833333333336,41571.25,41838
2025-05-21,41750.0,42300.0,41750.0,42250.0,41900.0,41707.5,41978.333333333336,41585.416666666664,53954
2025-05-22,41850.0,42700.0,41600.0,42550.0,42010.0,41785.0,41950.833333333336,41602.083333333336,99864
2025-05-23,42500.0,42600.0,42100.0,42500.0,42110.0,41857.5,41914.166666666664,41614.166666666664,60868
2025-05-26,42700.0,43150.0,42550.0,43150.0,42460.0,41950.0,41876.666666666664,41622.083333333336,55616
2025-05-27,42750.0,43300.0,42400.0,43150.0,42720.0,42030.0,41838.333333333336,41635.0,71103
2025-05-28,42900.0,43750.0,42900.0,43300.0,42930.0,42132.5,41807.5,41649.583333333336,81029
2025-05-29,43700.0,44000.0,43350.0,43900.0,43200.0,42260.0,41790.0,41662.083333333336,87366
2025-05-30,43650.0,43800.0,42850.0,43200.0,43340.0,42327.5,41767.5,41660.416666666664,85876
2025-06-02,42800.0,43400.0,42700.0,42800.0,43270.0,42370.0,41748.333333333336,41661.25,58818
2025-06-04,42850.0,44250.0,42850.0,44150.0,43470.0,42485.0,41744.166666666664,41674.583333333336,128976
2025-06-05,43900.0,44300.0,43550.0,44300.0,43670.0,42610.0,41761.666666666664,41682.083333333336,102343
2025-06-09,44150.0,48000.0,44150.0,47500.0,44390.0,42910.0,41831.666666666664,41729.166666666664,240563
2025-06-10,48000.0,49150.0,47350.0,48000.0,45350.0,43210.0,41920.0,41780.833333333336,147289
2025-06-11,48000.0,51200.0,48000.0,50800.0,46950.0,43642.5,42054.166666666664,41860.416666666664,173634
2025-06-12,50400.0,51000.0,49150.0,49400.0,48000.0,44012.5,42167.5,41933.333333333336,159892
2025-06-13,49300.0,49750.0,48800.0,49200.0,48980.0,44370.0,42278.333333333336,42010.833333333336,73796
2025-06-16,49650.0,50500.0,49100.0,50500.0,49580.0,44795.0,42398.333333333336,42095.833333333336,91557
2025-06-17,50000.0,51000.0,49900.0,50100.0,50000.0,45200.0,42516.666666666664,42171.666666666664,139311
2025-06-18,49650.0,50800.0,49050.0,49250.0,49690.0,45592.5,42605.833333333336,42247.916666666664,96383
2025-06-19,49050.0,49550.0,47875.0,48950.0,49600.0,45947.5,42684.166666666664,42318.333333333336,112599
2025-06-20,49200.0,49200.0,48000.0,48300.0,49420.0,46250.0,42768.333333333336,42379.583333333336,318470
2025-06-23,48000.0,49400.0,47950.0,49050.0,49130.0,46575.0,42859.166666666664,42450.416666666664,94439
2025-06-24,49300.0,50200.0,49000.0,49200.0,48950.0,46910.0,42942.5,42524.166666666664,95459
2025-06-25,49100.0,49700.0,48900.0,49350.0,48970.0,47220.0,43080.0,42602.5,82725
2025-06-26,49100.0,49600.0,48700.0,49250.0,49030.0,47525.0,43223.333333333336,42667.5,63188
2025-06-27,49550.0,49700.0,48900.0,49500.0,49270.0,47835.0,43372.5,42739.166666666664,73080
2025-06-30,50000.0,50800.0,49200.0,49400.0,49340.0,48110.0,43528.333333333336,42809.583333333336,103158
2025-07-01,49400.0,52000.0,49400.0,50500.0,49600.0,48475.0,43700.833333333336,42897.5,109967
2025-07-02,50200.0,50900.0,49900.0,50800.0,49890.0,48875.0,43872.5,42992.083333333336,63070
2025-07-03,51100.0,51600.0,50800.0,51500.0,50340.0,49242.5,44052.5,43095.416666666664,66104
2025-07-04,51100.0,51900.0,51100.0,51400.0,50720.0,49597.5,44233.333333333336,43203.75,50462
2025-07-07,51400.0,52000.0,51000.0,51700.0,51180.0,49807.5,44442.5,43311.25,46797
2025-07-08,51900.0,52900.0,51600.0,52600.0,51600.0,50037.5,44672.5,43418.333333333336,53626
2025-07-09,52600.0,53700.0,52600.0,52900.0,52020.0,50142.5,44912.5,43525.416666666664,93047
2025-07-10,52600.0,56000.0,52400.0,56000.0,52920.0,50472.5,45197.5,43661.666666666664,178974
2025-07-11,56000.0,57400.0,55600.0,56600.0,53960.0,50842.5,45485.0,43800.833333333336,92772
2025-07-14,56200.0,59700.0,56200.0,58400.0,55300.0,51237.5,45800.833333333336,43954.583333333336,172795
2025-07-15,58100.0,59500.0,57000.0,57400.0,56260.0,51602.5,46095.833333333336,44102.5,124231
2025-07-16,57000.0,57000.0,55100.0,55800.0,56840.0,51930.0,46354.166666666664,44233.333333333336,98092
2025-07-17,56400.0,56500.0,54500.0,55800.0,56800.0,52272.5,46615.0,44363.333333333336,99022
2025-07-18,55800.0,56300.0,54000.0,54700.0,56420.0,52592.5,46850.0,44481.25,60506
2025-07-21,53800.0,54400.0,51800.0,52800.0,55300.0,52780.0,47046.666666666664,44585.833333333336,121694
2025-07-22,53100.0,53800.0,52800.0,53000.0,54420.0,52970.0,47245.833333333336,44692.083333333336,67252
2025-07-23,53500.0,53800.0,52500.0,53400.0,53940.0,53172.5,47447.5,44802.5,65161
2025-07-24,53400.0,54400.0,53000.0,53300.0,53440.0,53375.0,47643.333333333336,44912.5,61803
2025-07-25,52800.0,53800.0,52200.0,52600.0,53020.0,53530.0,47832.5,45009.583333333336,75311
2025-07-28,52200.0,52300.0,48500.0,48900.0,52240.0,53505.0,47958.333333333336,45067.083333333336,200389
2025-07-29,48800.0,49800.0,48600.0,49300.0,51500.0,53445.0,48082.5,45124.166666666664,67929
2025-07-30,49350.0,50000.0,49300.0,49750.0,50770.0,53392.5,48212.5,45187.5,47829
2025-07-31,49450.0,49950.0,49200.0,49800.0,50070.0,53307.5,48345.0,45245.833333333336,60577
2025-08-01,49350.0,49900.0,48550.0,48950.0,49340.0,53185.0,48464.166666666664,45294.583333333336,83387
2025-08-04,48800.0,49750.0,48350.0,49450.0,49450.0,53072.5,48596.666666666664,45352.5,48213
2025-08-05,49250.0,50800.0,49200.0,50200.0,49630.0,52952.5,48733.333333333336,45423.75,54009
2025-08-06,49900.0,50700.0,49900.0,50400.0,49760.0,52827.5,48870.833333333336,45495.416666666664,50362
2025-08-07,50200.0,50800.0,49900.0,50400.0,49880.0,52547.5,49010.833333333336,45564.583333333336,35975
2025-08-08,50100.0,51000.0,49900.0,50700.0,50230.0,52252.5,49155.0,45637.083333333336,30134
2025-08-11,51100.0,51100.0,49900.0,50400.0,50420.0,51852.5,49295.0,45703.333333333336,32535
2025-08-12,49950.0,51000.0,49950.0,50200.0,50420.0,51492.5,49431.666666666664,45761.666666666664,40587
2025-08-13,50200.0,50700.0,50000.0,50100.0,50360.0,51207.5,49576.666666666664,45816.666666666664,25275
2025-08-14,50700.0,51000.0,50200.0,50600.0,50400.0,50947.5,49722.5,45869.166666666664,41017
2025-08-18,50200.0,50700.0,49150.0,50000.0,50260.0,50712.5,49851.666666666664,45915.0,59344
2025-08-19,50800.0,50800.0,49700.0,50000.0,50180.0,50572.5,49975.833333333336,45963.333333333336,23570
2025-08-20,50800.0,50900.0,49100.0,49900.0,50120.0,50417.5,50099.166666666664,46006.666666666664,63196
2025-08-21,49950.0,50500.0,49750.0,49750.0,50050.0,50235.0,50209.166666666664,46042.916666666664,23686
2025-08-22,49750.0,50600.0,49750.0,50300.0,49990.0,50085.0,50328.333333333336,46083.333333333336,37085
2025-08-25,49850.0,50700.0,49850.0,50600.0,50110.0,49985.0,50450.0,46128.75,32572
2025-08-26,50100.0,50500.0,49950.0,50100.0,50130.0,50045.0,50553.333333333336,46171.666666666664,24607
2025-08-27,50100.0,50500.0,49700.0,49750.0,50100.0,50067.5,50662.5,46215.0,38147
2025-08-28,49750.0,50900.0,49550.0,50400.0,50230.0,50100.0,50789.166666666664,46268.75,35667
2025-08-29,50900.0,50900.0,50100.0,50500.0,50270.0,50135.0,50895.0,46319.583333333336,25376
2025-09-01,50900.0,50900.0,49950.0,50600.0,50270.0,50217.5,51000.0,46380.833333333336,39489
2025-09-02,51100.0,51700.0,50650.0,51300.0,50510.0,50310.0,51063.333333333336,46447.5,49677
2025-09-03,50700.0,51100.0,50200.0,50700.0,50700.0,50335.0,51108.333333333336,46514.166666666664,35136
2025-09-04,50200.0,50800.0,50200.0,50800.0,50780.0,50355.0,51108.333333333336,46581.25,30300
2025-09-05,50200.0,50800.0,50100.0,50600.0,50800.0,50365.0,51128.333333333336,46647.916666666664,30791
2025-09-08,50800.0,51300.0,50600.0,50800.0,50840.0,50370.0,51155.0,46716.666666666664,28294
2025-09-09,51400.0,52000.0,50700.0,51900.0,50960.0,50445.0,51178.333333333336,46788.333333333336,58663
2025-09-10,51300.0,53400.0,51300.0,53100.0,51440.0,50590.0,51228.333333333336,46872.5,65653
2025-09-11,53100.0,53900.0,52200.0,53700.0,52020.0,50770.0,51302.5,46954.166666666664,170478
2025-09-12,53300.0,53800.0,52300.0,52800.0,52460.0,50880.0,51366.666666666664,47025.416666666664,86173
2025-09-15,52300.0,53900.0,52300.0,53300.0,52960.0,51045.0,51450.0,47109.166666666664,62894
2025-09-16,52900.0,53900.0,52900.0,53800.0,53340.0,51235.0,51529.166666666664,47194.166666666664,75334
2025-09-17,53200.0,53400.0,52500.0,53100.0,53340.0,51395.0,51594.166666666664,47268.333333333336,54080
2025-09-18,53000.0,53300.0,52400.0,53200.0,53240.0,51567.5,51658.333333333336,47369.166666666664,51771
2025-09-22,51900.0,52600.0,51600.0,51800.0,53040.0,51642.5,51700.833333333336,47462.083333333336,54142
2025-09-23,51500.0,52500.0,51200.0,51500.0,52680.0,51687.5,51734.166666666664,47553.333333333336,62397
2025-09-24,52000.0,52000.0,51000.0,51500.0,52220.0,51757.5,51769.166666666664,47648.75,50671
2025-09-25,51500.0,52000.0,51000.0,51500.0,51900.0,51845.0,51785.833333333336,47743.333333333336,48116
2025-09-26,51000.0,51700.0,50900.0,51500.0,51560.0,51900.0,51797.5,47835.0,52857
2025-09-29,52400.0,52800.0,51200.0,52200.0,51640.0,51985.0,51809.166666666664,47930.833333333336,52543
2025-09-30,51700.0,52500.0,51300.0,52300.0,51800.0,52070.0,51824.166666666664,48028.75,38974
2025-10-01,52300.0,52300.0,50600.0,50700.0,51640.0,52040.0,51807.5,48125.0,56425
2025-10-02,51500.0,51600.0,50600.0,50700.0,51480.0,52040.0,51775.833333333336,48224.166666666664,116302
2025-10-10,50100.0,50500.0,49500.0,49550.0,51090.0,51977.5,51720.0,48316.25,123916
2025-10-13,49900.0,49900.0,48950.0,49400.0,50530.0,51917.5,51610.0,48403.75,50096
2025-10-14,49000.0,49550.0,48850.0,49050.0,49880.0,51830.0,51484.166666666664,48484.583333333336,57226
2025-10-15,49000.0,49550.0,49000.0,49300.0,49600.0,51700.0,51332.5,48566.666666666664,50598
2025-10-16,49200.0,49950.0,49200.0,49650.0,49390.0,51527.5,51203.333333333336,48649.583333333336,59465
2025-10-17,49400.0,49750.0,48950.0,49450.0,49370.0,51315.0,51097.5,48725.833333333336,68059
2025-10-20,49300.0,49975.0,49000.0,49800.0,49450.0,51165.0,50997.5,48806.25,79488
2025-10-21,49800.0,50400.0,49600.0,49700.0,49580.0,50985.0,50914.166666666664,48882.083333333336,55090
2025-10-22,49500.0,50000.0,49150.0,50000.0,49720.0,50795.0,50867.5,48957.083333333336,45748
2025-10-23,49450.0,50200.0,49200.0,49400.0,49670.0,50610.0,50807.5,49026.666666666664,56160
2025-10-24,49600.0,49900.0,49300.0,49400.0,49660.0,50420.0,50740.833333333336,49094.166666666664,74083
2025-10-27,49350.0,50500.0,49350.0,50300.0,49760.0,50345.0,50690.833333333336,49167.083333333336,74648
2025-10-28,50100.0,50400.0,49800.0,50200.0,49860.0,50280.0,50650.833333333336,49241.666666666664,57622
2025-10-29,50700.0,50700.0,49500.0,50100.0,49880.0,50210.0,50670.833333333336,49314.583333333336,66092
2025-10-30,49600.0,50400.0,49500.0,49650.0,49930.0,50117.5,50676.666666666664,49379.583333333336,80469
2025-10-31,49700.0,50200.0,49450.0,49550.0,49960.0,50020.0,50673.333333333336,49442.916666666664,59239
2025-11-03,49950.0,49950.0,49400.0,49600.0,49820.0,49890.0,50670.0,49507.5,49599
2025-11-04,49400.0,49850.0,49100.0,49500.0,49680.0,49750.0,50679.166666666664,49571.666666666664,70291
2025-11-05,49950.0,50000.0,49000.0,49650.0,49590.0,49697.5,50682.5,49639.583333333336,69661
2025-11-06,50000.0,51300.0,49700.0,51000.0,49860.0,49712.5,50695.833333333336,49714.583333333336,114905
2025-11-07,51500.0,52100.0,50500.0,51100.0,50170.0,49790.0,50707.5,49789.166666666664,63821
2025-11-10,52000.0,52700.0,51400.0,52000.0,50650.0,49920.0,50734.166666666664,49872.5,78220
2025-11-11,51600.0,52900.0,51400.0,51800.0,51110.0,50057.5,50752.5,49953.75,77907
2025-11-12,51600.0,52900.0,51600.0,52800.0,51740.0,50232.5,50792.5,50043.75,61631
2025-11-13,52700.0,53800.0,52500.0,53100.0,52160.0,50405.0,50840.833333333336,50136.25,95378
2025-11-14,53100.0,53700.0,52400.0,52900.0,52520.0,50577.5,50887.5,50232.083333333336,71075
2025-11-17,52600.0,54100.0,52200.0,53600.0,52840.0,50767.5,50937.5,50330.0,91097
2025-11-18,53100.0,53700.0,52800.0,53000.0,53080.0,50932.5,50987.5,50419.583333333336,78233
2025-11-19,53900.0,54800.0,53200.0,53900.0,53300.0,51127.5,51052.5,50514.166666666664,117952
2025-11-20,54000.0,54500.0,52800.0,53000.0,53280.0,51307.5,51104.166666666664,50601.666666666664,76111
2025-11-21,53100.0,54200.0,52900.0,53600.0,53420.0,51517.5,51168.333333333336,50688.75,72781
2025-11-24,54100.0,54400.0,53400.0,53500.0,53400.0,51677.5,51221.666666666664,50775.0,60055
2025-11-25,53300.0,54700.0,53300.0,54000.0,53600.0,51867.5,51278.333333333336,50864.166666666664,81468
2025-11-26,54900.0,55300.0,54300.0,54900.0,53800.0,52107.5,51358.333333333336,50955.833333333336,70450
2025-11-27,54500.0,55700.0,54400.0,54700.0,54140.0,52360.0,51440.833333333336,51051.666666666664,41823
2025-11-28,55000.0,55100.0,54300.0,54900.0,54400.0,52627.5,51515.833333333336,51152.5,43308
2025-12-01,55400.0,55600.0,54200.0,54700.0,54640.0,52882.5,51585.833333333336,51240.416666666664,37499
2025-12-02,55100.0,55500.0,54600.0,55100.0,54860.0,53162.5,51660.833333333336,51330.416666666664,40916
2025-12-03,54800.0,55400.0,54200.0,54400.0,54760.0,53400.0,51712.5,51387.916666666664,55426
2025-12-04,54000.0,54600.0,52900.0,54100.0,54640.0,53555.0,51769.166666666664,51438.75,68310
2025-12-05,53600.0,54400.0,53500.0,54200.0,54500.0,53710.0,51825.833333333336,51467.083333333336,55822
2025-12-08,54000.0,54500.0,53500.0,54000.0,54360.0,53810.0,51882.5,51505.416666666664,33696
2025-12-09,54100.0,54100.0,52900.0,53500.0,54040.0,53895.0,51927.5,51541.25,47293
2025-12-10,53600.0,53800.0,53000.0,53300.0,53820.0,53920.0,51950.833333333336,51564.583333333336,34263
2025-12-11,53800.0,56300.0,53300.0,55500.0,54100.0,54040.0,51990.833333333336,51609.583333333336,327377
2025-12-12,55500.0,59500.0,55300.0,57300.0,54720.0,54260.0,52050.833333333336,51676.666666666664,396013
2025-12-15,56700.0,56700.0,54800.0,54800.0,54880.0,54320.0,52084.166666666664,51725.416666666664,77540
2025-12-16,55000.0,56700.0,54400.0,56000.0,55380.0,54470.0,52129.166666666664,51789.583333333336,91187
2025-12-17,56500.0,56500.0,55000.0,55400.0,55800.0,54545.0,52155.833333333336,51842.5,51775
2025-12-18,55200.0,55800.0,54700.0,54800.0,55660.0,54635.0,52184.166666666664,51889.166666666664,51673
2025-12-19,55200.0,55800.0,54600.0,54600.0,55120.0,54685.0,52207.5,51932.916666666664,136620
2025-12-22,55800.0,56400.0,54900.0,55700.0,55300.0,54795.0,52272.5,51986.666666666664,44019
2025-12-23,55800.0,56300.0,55500.0,56100.0,55320.0,54900.0,52349.166666666664,52041.666666666664,29390
2025-12-24,56100.0,56700.0,55800.0,56400.0,55520.0,54975.0,52430.833333333336,52100.0,34930
2025-12-26,55800.0,57000.0,55800.0,56000.0,55760.0,55040.0,52505.833333333336,52145.833333333336,58454
2025-12-29,55300.0,56400.0,54800.0,56200.0,56080.0,55105.0,52584.166666666664,52190.833333333336,48630
2025-12-30,55800.0,56400.0,55500.0,55900.0,56120.0,55165.0,52645.833333333336,52227.5,55931
2026-01-02,56100.0,56300.0,54200.0,54300.0,55760.0,55125.0,52679.166666666664,52251.666666666664,61165
2026-01-05,54800.0,55000.0,53500.0,53900.0,55260.0,55100.0,52732.5,52270.0,52528
2026-01-06,54200.0,54400.0,53900.0,54000.0,54860.0,55095.0,52787.5,52281.666666666664,44633
2026-01-07,53300.0,54100.0,52600.0,52900.0,54200.0,55030.0,52843.333333333336,52281.666666666664,80015
2026-01-08,52500.0,53100.0,51800.0,52200.0,53460.0,54940.0,52890.0,52250.0,88237
2026-01-09,52700.0,52700.0,51800.0,52300.0,53060.0,54880.0,52944.166666666664,52214.166666666664,42345
2026-01-12,52200.0,52200.0,51100.0,51700.0,52620.0,54800.0,52984.166666666664,52158.333333333336,87303
2026-01-13,52200.0,52800.0,51900.0,52300.0,52280.0,54640.0,53028.333333333336,52115.833333333336,94951
2026-01-14,52900.0,52900.0,52000.0,52300.0,52160.0,54390.0,53075.833333333336,52086.666666666664,54019
2026-01-15,52300.0,52800.0,51900.0,52400.0,52200.0,54270.0,53119.166666666664,52058.333333333336,90821
2026-01-16,52500.0,53200.0,52200.0,52800.0,52300.0,54110.0,53170.833333333336,52042.5,61906
2026-01-19,52500.0,53300.0,52200.0,52900.0,52540.0,53985.0,53219.166666666664,52043.333333333336,64894
2026-01-20,53000.0,53800.0,53000.0,53600.0,52800.0,53925.0,53289.166666666664,52048.333333333336,76945
2026-01-21,53900.0,54200.0,53200.0,53600.0,53060.0,53875.0,53359.166666666664,52050.0,85761
2026-01-22,53100.0,54100.0,53000.0,53600.0,53300.0,53770.0,53414.166666666664,52052.5,57995
2026-01-23,53800.0,55300.0,53800.0,55200.0,53780.0,53725.0,53497.5,52074.166666666664,82148
2026-01-26,54800.0,55700.0,54600.0,54800.0,54160.0,53645.0,53575.833333333336,52123.333333333336,89410
2026-01-27,55300.0,56500.0,54800.0,56100.0,54660.0,53650.0,53683.333333333336,52180.0,55115
2026-01-28,56700.0,57700.0,56400.0,56400.0,55220.0,53660.0,53797.5,52235.416666666664,105100
2026-01-29,55700.0,57900.0,55400.0,57200.0,55940.0,53725.0,53924.166666666664,52297.083333333336,120656
2026-01-30,56500.0,57200.0,55900.0,56800.0,56260.0,53850.0,54045.833333333336,52362.5,101932
2026-02-02,56800.0,57300.0,54500.0,54900.0,56280.0,53900.0,54133.333333333336,52407.916666666664,87820
2026-02-03,56400.0,56900.0,55300.0,56500.0,56360.0,54025.0,54225.0,52460.416666666664,66616
2026-02-04,57000.0,57900.0,56200.0,57200.0,56520.0,54240.0,54326.666666666664,52517.083333333336,87294
2026-02-05,56900.0,58500.0,56800.0,58200.0,56720.0,54540.0,54430.0,52582.083333333336,105193
2026-02-06,57800.0,58900.0,56300.0,58900.0,57140.0,54870.0,54548.333333333336,52650.416666666664,99105
2026-02-09,59500.0,60200.0,58700.0,59300.0,58020.0,55250.0,54656.666666666664,52724.583333333336,81744
2026-02-10,59400.0,60900.0,58700.0,60600.0,58840.0,55665.0,54781.666666666664,52811.25,134288
2026-02-11,60900.0,61700.0,60000.0,60900.0,59580.0,56095.0,54915.0,52901.25,123952
2026-02-12,61100.0,62400.0,61000.0,61500.0,60240.0,56550.0,55046.666666666664,52992.083333333336,227277
2026-02-13,62000.0,63300.0,60700.0,62300.0,60920.0,57025.0,55201.666666666664,53094.583333333336,126664
2026-02-19,63700.0,64200.0,62000.0,63800.0,61820.0,57570.0,55366.666666666664,53209.583333333336,139532
2026-02-20,63800.0,67900.0,63800.0,67400.0,63180.0,58260.0,55606.666666666664,53355.416666666664,153601
2026-02-23,67500.0,69200.0,65800.0,66300.0,64260.0,58895.0,55818.333333333336,53493.333333333336,148920
2026-02-24,66900.0,67500.0,62700.0,64000.0,64760.0,59415.0,55993.333333333336,53607.5,143833
2026-02-25,64000.0,64500.0,62500.0,63400.0,64980.0,59825.0,56150.0,53714.166666666664,125445
2026-02-26,63000.0,63700.0,61800.0,63100.0,64840.0,60240.0,56286.666666666664,53822.5,108237
2026-02-27,63600.0,63900.0,62000.0,63000.0,63960.0,60585.0,56425.0,53932.916666666664,89200
2026-03-03,63600.0,63800.0,60400.0,61900.0,63080.0,60860.0,56541.666666666664,54028.75,103556
2026-03-04,62500.0,62500.0,56300.0,57300.0,61740.0,60865.0,56585.0,54085.416666666664,203957
2026-03-05,60000.0,60900.0,59000.0,59500.0,60960.0,61000.0,56658.333333333336,54159.583333333336,126319
2026-03-06,58500.0,59600.0,58500.0,59300.0,60200.0,61220.0,56740.0,54226.25,71625
2026-03-09,57200.0,58200.0,56100.0,58200.0,59240.0,61305.0,56808.333333333336,54288.75,98058
2026-03-10,60700.0,60700.0,58500.0,58800.0,58620.0,61385.0,56885.0,54355.416666666664,102855
2026-03-11,60000.0,60800.0,59500.0,59500.0,59060.0,61450.0,56976.666666666664,54429.583333333336,72228
2026-03-12,59900.0,60700.0,59200.0,60700.0,59300.0,61540.0,57096.666666666664,54512.083333333336,111832
2026-03-13,59200.0,59800.0,58500.0,59100.0,59260.0,61530.0,57193.333333333336,54572.083333333336,104315
2026-03-16,58700.0,59300.0,58200.0,58200.0,59260.0,61410.0,57238.333333333336,54614.583333333336,73666
2026-03-17,58500.0,59100.0,58200.0,58600.0,59220.0,61295.0,57260.0,54655.416666666664,86227
2026-03-18,59100.0,60200.0,58600.0,60100.0,59340.0,61225.0,57348.333333333336,54716.25,143714
2026-03-19,59500.0,60800.0,59200.0,59800.0,59160.0,61100.0,57411.666666666664,54770.416666666664,84823
2026-03-20,60300.0,60600.0,59600.0,59700.0,59280.0,60895.0,57483.333333333336,54819.583333333336,103263
2026-03-23,59700.0,59900.0,58500.0,59000.0,59440.0,60475.0,57553.333333333336,54868.75,149796
2026-03-24,60300.0,60400.0,57800.0,59200.0,59560.0,60120.0,57630.0,54918.75,150884
2026-03-25,57400.0,57400.0,55800.0,56400.0,58820.0,59740.0,57641.666666666664,54957.083333333336,198526
2026-03-26,56300.0,56300.0,54200.0,54500.0,57760.0,59295.0,57615.0,54982.083333333336,129993
2026-03-27,53900.0,55100.0,53300.0,55000.0,56820.0,58890.0,57591.666666666664,55011.25,125189
2026-03-30,53900.0,54000.0,51700.0,53800.0,55780.0,58430.0,57555.0,55030.416666666664,106863
2026-03-31,53100.0,53500.0,52100.0,53100.0,54560.0,57990.0,57503.333333333336,55043.75,141713
2026-04-01,54300.0,54400.0,52800.0,53200.0,53920.0,57785.0,57458.333333333336,55052.083333333336,154641
2026-04-02,53300.0,53800.0,51000.0,51600.0,53340.0,57390.0,57413.333333333336,55046.25,139001
2026-04-03,51700.0,53000.0,51600.0,52100.0,52760.0,57030.0,57383.333333333336,55057.916666666664,87331
2026-04-06,52300.0,53400.0,52200.0,52900.0,52580.0,56765.0,57365.0,55076.25,83964
2026-04-07,52500.0,53700.0,52500.0,53000.0,52560.0,56475.0,57366.666666666664,55105.0,67802
2026-04-08,54400.0,55000.0,53200.0,53600.0,52640.0,56180.0,57390.0,55140.0,122342
2026-04-09,53500.0,54200.0,53200.0,54200.0,53160.0,55855.0,57421.666666666664,55182.916666666664,116581
2026-04-10,54300.0,55100.0,54200.0,55000.0,53740.0,55650.0,57476.666666666664,55230.416666666664,75325
2026-04-13,54300.0,54400.0,52600.0,53100.0,53780.0,55395.0,57490.0,55259.166666666664,103245
2026-04-14,53200.0,54400.0,53200.0,54300.0,54040.0,55180.0,57523.333333333336,55299.583333333336,110199
2026-04-15,54900.0,54900.0,53500.0,54300.0,54180.0,54890.0,57555.0,55337.083333333336,118435
2026-04-16,54500.0,54800.0,54000.0,54700.0,54280.0,54635.0,57586.666666666664,55378.75,100961
2026-04-17,54700.0,54900.0,54000.0,54400.0,54160.0,54370.0,57611.666666666664,55415.416666666664,115457
2026-04-20,54900.0,55000.0,54100.0,54400.0,54420.0,54140.0,57625.0,55457.083333333336,83949
2026-04-21,54300.0,54900.0,53600.0,54000.0,54360.0,53880.0,57631.666666666664,55495.416666666664,70174
2026-04-22,53900.0,54400.0,53600.0,54100.0,54320.0,53765.0,57640.0,55527.083333333336,93927
2026-04-23,54600.0,55200.0,53700.0,54500.0,54280.0,53765.0,57628.333333333336,55562.916666666664,123260
2026-04-24,54600.0,54900.0,53800.0,53800.0,54160.0,53705.0,57611.666666666664,55593.75,85773
2026-04-27,53900.0,54200.0,52900.0,53000.0,53880.0,53665.0,57560.0,55621.666666666664,139136
2026-04-28,53000.0,54000.0,52800.0,53600.0,53800.0,53690.0,57513.333333333336,55655.416666666664,109389
2026-04-29,54000.0,54000.0,52400.0,53000.0,53580.0,53680.0,57443.333333333336,55683.75,109550
2026-04-30,52600.0,53400.0,52600.0,53300.0,53340.0,53765.0,57385.0,55715.416666666664,140081
2026-05-04,53700.0,54000.0,52200.0,52500.0,53080.0,53785.0,57345.0,55739.166666666664,120715
2026-05-06,52600.0,52700.0,51600.0,51600.0,52800.0,53720.0,57263.333333333336,55744.166666666664,315715
2026-05-07,52000.0,52000.0,50800.0,51600.0,52400.0,53650.0,57170.0,55748.333333333336,188228
2026-05-08,51700.0,51700.0,50600.0,50900.0,51980.0,53515.0,57048.333333333336,55739.166666666664,160017
2026-05-11,51200.0,51200.0,50000.0,50200.0,51360.0,53315.0,56903.333333333336,55725.833333333336,140154
2026-05-12,50300.0,50300.0,48700.0,49450.0,50750.0,53037.5,56739.166666666664,55697.916666666664,262594
2026-05-13,50200.0,50200.0,48200.0,48850.0,50200.0,52825.0,56543.333333333336,55662.5,154490
2026-05-14,48850.0,51000.0,48200.0,51000.0,50080.0,52660.0,56378.333333333336,55646.666666666664,181605
2026-05-15,50700.0,52000.0,49350.0,50800.0,50060.0,52485.0,56200.0,55623.333333333336,336215
2026-05-18,51000.0,51300.0,48700.0,48800.0,49780.0,52190.0,55975.0,55588.333333333336,124126
2026-05-19,49250.0,49600.0,48400.0,49150.0,49720.0,51927.5,55730.833333333336,55548.75,129172
2026-05-20,49900.0,49900.0,47950.0,48350.0,49620.0,51625.0,55413.333333333336,55510.0,129139
2026-05-21,48900.0,48950.0,47550.0,47900.0,49000.0,51320.0,55106.666666666664,55462.5,176480
2026-05-22,48150.0,48500.0,47650.0,48200.0,48480.0,51025.0,54843.333333333336,55418.333333333336,102271
2026-05-26,48400.0,48500.0,47400.0,47650.0,48250.0,50682.5,54580.833333333336,55365.416666666664,127353
2026-05-27,47450.0,47850.0,46500.0,46850.0,47790.0,50335.0,54310.0,55298.333333333336,138628
2026-05-28,47300.0,47450.0,46050.0,46950.0,47510.0,50032.5,54042.5,55233.75,189361
2026-05-29,47400.0,47500.0,46050.0,46150.0,47160.0,49660.0,53780.0,55160.833333333336,156883
2026-06-01,46150.0,46500.0,45500.0,45850.0,46690.0,49302.5,53589.166666666664,55087.083333333336,158611
2026-06-02,45600.0,46850.0,45150.0,46750.0,46510.0,48975.0,53376.666666666664,55017.5,159170
2026-06-04,46500.0,46600.0,45500.0,46050.0,46350.0,48652.5,53155.833333333336,54947.916666666664,139627
2026-06-05,46900.0,47200.0,45350.0,46000.0,46160.0,48372.5,52952.5,54880.416666666664,112046
2026-06-08,44950.0,45250.0,44050.0,45200.0,45970.0,48052.5,52725.833333333336,54805.416666666664,136638
2026-06-09,45200.0,46300.0,44450.0,45350.0,45870.0,47775.0,52490.0,54733.333333333336,110117
2026-06-10,45100.0,46300.0,44800.0,46200.0,45760.0,47575.0,52248.333333333336,54672.5,125276
2026-06-11,45400.0,47600.0,44550.0,47150.0,45980.0,47460.0,52049.166666666664,54621.25,690769
2026-06-12,47700.0,52300.0,46750.0,51500.0,47080.0,47592.5,51937.5,54587.916666666664,852800
2026-06-15,51600.0,53300.0,49900.0,51700.0,48380.0,47627.5,51822.5,54541.25,421302
2026-06-16,50600.0,55000.0,50500.0,53300.0,49970.0,47752.5,51709.166666666664,54528.75,791474
2026-06-17,52900.0,53200.0,49500.0,49650.0,50660.0,47795.0,51540.0,54475.833333333336,173855
2026-06-18,49650.0,50600.0,49050.0,49600.0,51150.0,47817.5,51371.666666666664,54427.5,120310
2026-06-19,49550.0,50900.0,48200.0,49550.0,50760.0,47877.5,51214.166666666664,54383.75,168166
2026-06-22,49550.0,49550.0,46950.0,46950.0,49810.0,47830.0,51010.0,54320.0,128147
2026-06-23,47200.0,47700.0,46050.0,46550.0,48460.0,47747.5,50845.833333333336,54243.75,109414
2026-06-24,47050.0,47100.0,45400.0,45800.0,47690.0,47655.0,50700.833333333336,54157.916666666664,127611
2026-06-25,46450.0,47600.0,46200.0,46400.0,47050.0,47632.5,50557.5,54074.583333333336,70308
2026-06-26,46400.0,46900.0,44750.0,46050.0,46350.0,47587.5,50428.333333333336,53991.666666666664,100277
2026-06-29,46550.0,47000.0,45700.0,46750.0,46310.0,47617.5,50322.5,53912.916666666664,85854
2026-06-30,46900.0,48700.0,46700.0,47950.0,46590.0,47722.5,50235.0,53846.666666666664,80782
2026-07-01,48900.0,49150.0,46400.0,47200.0,46870.0,47745.0,50161.666666666664,53787.5,65806
2026-07-02,47450.0,49000.0,46400.0,48200.0,47230.0,47852.5,50096.666666666664,53740.0,100412
2026-07-03,48700.0,50400.0,48200.0,49850.0,47990.0,48045.0,50045.833333333336,53705.416666666664,128475
2026-07-06,50100.0,50300.0,48200.0,48750.0,48390.0,48222.5,49975.0,53670.833333333336,94461
2026-07-07,48300.0,49250.0,48000.0,49150.0,48630.0,48412.5,49900.833333333336,53645.416666666664,72962
2026-07-08,49350.0,50200.0,47950.0,48850.0,48960.0,48545.0,49811.666666666664,53616.666666666664,72243
2026-07-09,48000.0,51700.0,47350.0,51700.0,49660.0,48772.5,49756.666666666664,53616.666666666664,157176
2026-07-10,51000.0,51000.0,48400.0,48400.0,49370.0,48617.5,49678.333333333336,53584.166666666664,156943
2026-07-13,48700.0,49200.0,47450.0,47800.0,49180.0,48422.5,49570.0,53546.666666666664,87099
2026-07-14,48300.0,49200.0,47800.0,47850.0,48920.0,48150.0,49462.5,53508.75,146855
2026-07-15,48600.0,48650.0,47200.0,47550.0,48660.0,48045.0,49343.333333333336,53465.0,106335
2026-07-16,47650.0,48150.0,46600.0,47050.0,47730.0,47917.5,49220.833333333336,53416.25,81429
