날짜,시가,고가,저가,종가,MA5,MA20,MA60,MA120,거래량
2005-12-26,21300.0,24475.0,21300.0,24475.0,,,,,1162200
2005-12-27,28100.0,28100.0,27000.0,28100.0,,,,,1736470
2005-12-28,28850.0,31850.0,28850.0,29900.0,,,,,2026076
2005-12-29,31000.0,31000.0,28050.0,30000.0,,,,,701918
2006-01-02,29750.0,34500.0,29500.0,34500.0,29395.0,,,,724690
2006-01-03,36050.0,39650.0,35750.0,39650.0,32430.0,,,,830190
2006-01-04,41950.0,45550.0,38000.0,38750.0,34560.0,,,,1554180
2006-01-05,40050.0,43500.0,38600.0,41700.0,36920.0,,,,1173962
2006-01-06,42500.0,44000.0,41050.0,41600.0,39240.0,,,,670162
2006-01-09,41000.0,41250.0,37350.0,37600.0,39860.0,,,,565268
2006-01-10,37250.0,37350.0,34900.0,36250.0,39180.0,,,,541704
2006-01-11,36000.0,38750.0,35500.0,36150.0,38660.0,,,,413320
2006-01-12,35500.0,36500.0,34600.0,34900.0,37300.0,,,,366264
2006-01-13,33850.0,36500.0,33100.0,35000.0,35980.0,,,,471072
2006-01-16,35050.0,36450.0,35050.0,35700.0,35600.0,,,,277254
2006-01-17,35600.0,36050.0,34500.0,34500.0,35250.0,,,,238656
2006-01-18,33950.0,34750.0,31050.0,32750.0,34570.0,,,,299978
2006-01-19,32500.0,34000.0,32500.0,32750.0,34140.0,,,,239650
2006-01-20,32750.0,33250.0,29750.0,29800.0,33100.0,,,,261686
2006-01-23,28100.0,29400.0,27500.0,28000.0,31560.0,34103.75,,,333058
2006-01-24,28350.0,29250.0,26500.0,27850.0,30230.0,34272.5,,,270938
2006-01-25,28400.0,32000.0,27750.0,28850.0,29450.0,34310.0,,,960880
2006-01-26,27600.0,32000.0,27250.0,30450.0,28990.0,34337.5,,,2948554
2006-01-27,31750.0,33500.0,30550.0,33050.0,29640.0,34490.0,,,1569394
2006-01-31,33550.0,33550.0,30900.0,31750.0,30390.0,34352.5,,,1149970
2006-02-01,31500.0,32400.0,29300.0,30700.0,30960.0,33905.0,,,983622
2006-02-02,31000.0,31250.0,29850.0,31250.0,31440.0,33530.0,,,755390
2006-02-03,30300.0,30800.0,29300.0,29450.0,31240.0,32917.5,,,456976
2006-02-06,28250.0,30100.0,28250.0,29900.0,30610.0,32332.5,,,491208
2006-02-07,30000.0,30500.0,29200.0,29650.0,30190.0,31935.0,,,368250
2006-02-08,29000.0,29700.0,28250.0,28850.0,29820.0,31565.0,,,300520
2006-02-09,29350.0,29500.0,28250.0,28750.0,29320.0,31195.0,,,304484
2006-02-10,28500.0,28800.0,27850.0,28450.0,29120.0,30872.5,,,265146
2006-02-13,28400.0,29100.0,28150.0,28350.0,28810.0,30540.0,,,258652
2006-02-14,27850.0,29500.0,27800.0,29500.0,28780.0,30230.0,,,267780
2006-02-15,30250.0,30250.0,28550.0,29300.0,28870.0,29970.0,,,328972
2006-02-16,29050.0,29500.0,28550.0,29000.0,28920.0,29782.5,,,201268
2006-02-17,29450.0,29450.0,27450.0,28100.0,28850.0,29550.0,,,399190
2006-02-20,27800.0,28100.0,27000.0,27450.0,28670.0,29432.5,,,522876
2006-02-21,27250.0,27750.0,27000.0,27550.0,28280.0,29410.0,,,304454
2006-02-22,27250.0,27700.0,27000.0,27250.0,27870.0,29380.0,,,206770
2006-02-23,27250.0,28250.0,27250.0,28200.0,27710.0,29347.5,,,346486
2006-02-24,28000.0,28300.0,27450.0,27850.0,27660.0,29217.5,,,180728
2006-02-27,28200.0,29500.0,27850.0,29300.0,28030.0,29030.0,,,403630
2006-02-28,29350.0,30100.0,28650.0,29800.0,28480.0,28932.5,,,342190
2006-03-02,29750.0,30000.0,29050.0,29150.0,28860.0,28855.0,,,178644
2006-03-03,28750.0,29050.0,27350.0,27850.0,28790.0,28685.0,,,286420
2006-03-06,27750.0,28100.0,27450.0,28050.0,28830.0,28615.0,,,112902
2006-03-07,27650.0,28000.0,27350.0,27500.0,28470.0,28495.0,,,123320
2006-03-08,27000.0,27800.0,26850.0,27100.0,27930.0,28367.5,,,133010
2006-03-09,27000.0,27500.0,27000.0,27500.0,27600.0,28300.0,,,123800
2006-03-10,27100.0,27800.0,27100.0,27200.0,27470.0,28222.5,,,116166
2006-03-13,27400.0,27750.0,27350.0,27550.0,27370.0,28177.5,,,99980
2006-03-14,27750.0,29250.0,27650.0,28900.0,27650.0,28205.0,,,471076
2006-03-15,29000.0,29150.0,28400.0,28650.0,27960.0,28162.5,,,118602
2006-03-16,28650.0,28950.0,28000.0,28800.0,28220.0,28137.5,,,114280
2006-03-17,28250.0,28700.0,28150.0,28450.0,28470.0,28110.0,,,125642
2006-03-20,28000.0,28150.0,27450.0,27500.0,28460.0,28080.0,,,175148
2006-03-21,27600.0,27800.0,27250.0,27300.0,28140.0,28072.5,,,147410
2006-03-22,27200.0,27300.0,26950.0,27000.0,27810.0,28045.0,30519.583333333332,,107010
2006-03-23,27000.0,27000.0,23450.0,25100.0,27070.0,27937.5,30530.0,,797144
2006-03-24,24500.0,24950.0,23100.0,23500.0,26080.0,27702.5,30453.333333333332,,420616
2006-03-27,21050.0,21500.0,19975.0,19975.0,24575.0,27308.75,30287.916666666668,,3391348
2006-03-28,19000.0,20050.0,18525.0,19650.0,23045.0,26826.25,30115.416666666668,,5723082
2006-03-29,19600.0,20325.0,19000.0,19000.0,21445.0,26286.25,29857.083333333332,,4203070
2006-03-30,19050.0,19600.0,19050.0,19275.0,20280.0,25792.5,29517.5,,1523122
2006-03-31,19400.0,21100.0,19400.0,20775.0,19735.0,25438.75,29217.916666666668,,2542228
2006-04-03,20575.0,21225.0,20225.0,20750.0,19890.0,25073.75,28868.75,,1451148
2006-04-04,21050.0,22300.0,20625.0,22000.0,20360.0,24798.75,28542.083333333332,,1928150
2006-04-05,21050.0,22300.0,20625.0,22000.0,20960.0,24543.75,28282.083333333332,,1928706
2006-04-06,21750.0,21775.0,20850.0,20925.0,21290.0,24215.0,28026.666666666668,,1075022
2006-04-07,20600.0,20725.0,20050.0,20350.0,21205.0,23872.5,27763.333333333332,,1049922
2006-04-10,20175.0,21175.0,19800.0,20400.0,21135.0,23515.0,27521.666666666668,,1320980
2006-04-11,20275.0,20650.0,20100.0,20150.0,20765.0,23077.5,27274.166666666668,,617926
2006-04-12,20025.0,20125.0,19825.0,19825.0,20330.0,22636.25,27009.583333333332,,626544
2006-04-13,20025.0,20850.0,20025.0,20850.0,20315.0,22238.75,26782.083333333332,,956854
2006-04-14,21250.0,21500.0,20600.0,21200.0,20485.0,21876.25,26589.583333333332,,1239552
2006-04-17,21300.0,21350.0,20625.0,20775.0,20560.0,21540.0,26390.0,,749798
2006-04-18,20500.0,20900.0,20450.0,20900.0,20710.0,21220.0,26241.666666666668,,591188
2006-04-19,21250.0,22275.0,17750.0,17750.0,20295.0,20757.5,26070.833333333332,,10149504
2006-04-20,17250.0,18900.0,16550.0,17800.0,19685.0,20392.5,25903.333333333332,,7162174
2006-04-21,18050.0,18250.0,16850.0,16975.0,18840.0,20066.25,25705.416666666668,,3029738
2006-04-24,16900.0,16975.0,15925.0,15925.0,17870.0,19863.75,25463.333333333332,,2524610
2006-04-25,15925.0,16550.0,15925.0,16550.0,17000.0,19708.75,25188.333333333332,,1828404
2006-04-26,16600.0,17225.0,16200.0,16900.0,16830.0,19603.75,24940.833333333332,,1601414
2006-04-27,16550.0,17400.0,16375.0,16750.0,16620.0,19477.5,24708.333333333332,,1407618
2006-04-28,16600.0,17075.0,16575.0,16900.0,16605.0,19283.75,24469.166666666668,,916430
2006-05-02,16850.0,16900.0,15125.0,15625.0,16545.0,19027.5,24238.75,,1437974
2006-05-03,15500.0,15875.0,15325.0,15350.0,16305.0,18695.0,23996.25,,840514
2006-05-04,15950.0,17650.0,15775.0,17650.0,16455.0,18477.5,23796.25,,2232036
2006-05-08,18600.0,20200.0,18550.0,20025.0,17110.0,18432.5,23649.166666666668,,4451714
2006-05-09,20000.0,20175.0,18700.0,19050.0,17540.0,18367.5,23487.5,,1858678
2006-05-10,19000.0,19800.0,18325.0,18425.0,18100.0,18268.75,23320.416666666668,,1473080
2006-05-11,18400.0,19600.0,18100.0,19550.0,18940.0,18238.75,23173.75,,2299796
2006-05-12,19100.0,19475.0,18775.0,18900.0,19190.0,18192.5,22997.083333333332,,796396
2006-05-15,18750.0,18800.0,18250.0,18350.0,18855.0,18067.5,22814.583333333332,,670058
2006-05-16,18550.0,18900.0,18050.0,18500.0,18745.0,17932.5,22639.583333333332,,729204
2006-05-17,18550.0,18750.0,18050.0,18300.0,18720.0,17808.75,22476.25,,636688
2006-05-18,17350.0,17350.0,16350.0,17050.0,18220.0,17616.25,22302.916666666668,,642800
2006-05-19,16800.0,17400.0,16800.0,17350.0,17910.0,17596.25,22132.916666666668,,417400
2006-05-22,16800.0,17400.0,16800.0,17350.0,17710.0,17573.75,21967.916666666668,,422844
2006-05-23,16200.0,16800.0,16125.0,16425.0,17295.0,17546.25,21771.666666666668,,376436
2006-05-24,16275.0,16400.0,15825.0,16275.0,16890.0,17563.75,21578.75,,460318
2006-05-25,16225.0,16875.0,15925.0,16000.0,16680.0,17536.25,21357.083333333332,,459552
2006-05-26,16500.0,16575.0,16150.0,16400.0,16490.0,17511.25,21133.75,,352812
2006-05-29,17250.0,17925.0,16700.0,17325.0,16485.0,17540.0,20936.666666666668,,732800
2006-05-30,17250.0,17300.0,16600.0,16925.0,16585.0,17541.25,20754.583333333332,,372740
2006-05-31,17250.0,17925.0,16700.0,17325.0,16795.0,17626.25,20575.833333333332,,738614
2006-06-01,16600.0,17275.0,16600.0,16675.0,16930.0,17692.5,20395.416666666668,,268152
2006-06-02,17000.0,17150.0,16375.0,16475.0,16945.0,17633.75,20218.333333333332,,383660
2006-06-05,16600.0,16600.0,15725.0,16050.0,16690.0,17435.0,20027.5,,394478
2006-06-07,15475.0,15700.0,15025.0,15400.0,16385.0,17252.5,19830.833333333332,,545248
2006-06-08,15200.0,15300.0,14750.0,15000.0,15920.0,17081.25,19621.666666666668,,559708
2006-06-09,15250.0,16050.0,15100.0,15850.0,15755.0,16896.25,19404.166666666668,,460770
2006-06-12,15550.0,16175.0,15400.0,15900.0,15640.0,16746.25,19191.666666666668,,328170
2006-06-13,15500.0,15950.0,15250.0,15275.0,15485.0,16592.5,18966.25,,290628
2006-06-14,15275.0,15700.0,15050.0,15550.0,15515.0,16445.0,18751.25,,162474
2006-06-15,15750.0,15925.0,15400.0,15725.0,15660.0,16316.25,18555.0,,281510
2006-06-16,16100.0,17375.0,15900.0,16900.0,15870.0,16308.75,18381.666666666668,,1013698
2006-06-19,16800.0,16850.0,16350.0,16575.0,16005.0,16270.0,18207.916666666668,24363.75,249650
2006-06-20,16250.0,16350.0,15500.0,15500.0,16050.0,16177.5,18047.916666666668,24288.958333333332,359006
2006-06-21,15550.0,16075.0,15375.0,15800.0,16100.0,16146.25,17919.583333333332,24186.458333333332,263920
2006-06-22,16025.0,16175.0,15525.0,15525.0,16060.0,16108.75,17845.416666666668,24066.666666666668,288552
2006-06-23,15425.0,15750.0,15250.0,15750.0,15830.0,16096.25,17780.416666666668,23947.916666666668,196226
2006-06-26,15600.0,15775.0,15400.0,15525.0,15620.0,16052.5,17722.5,23789.791666666668,197460
2006-06-27,15700.0,15750.0,15450.0,15475.0,15615.0,15960.0,17659.166666666668,23588.333333333332,259074
2006-06-28,15250.0,16950.0,15125.0,16750.0,15805.0,15951.25,17592.083333333332,23405.0,1042528
2006-06-29,17825.0,17825.0,16650.0,16750.0,16050.0,15922.5,17525.416666666668,23197.083333333332,788206
2006-06-30,17250.0,17250.0,16750.0,16825.0,16265.0,15930.0,17439.166666666668,22990.625,436550
2006-07-03,16875.0,16875.0,16425.0,16525.0,16465.0,15932.5,17347.916666666668,22815.0,344622
2006-07-04,16550.0,17475.0,16500.0,17375.0,16845.0,15998.75,17288.75,22657.708333333332,969600
2006-07-05,16725.0,17350.0,16725.0,16875.0,16870.0,16072.5,17230.833333333332,22497.083333333332,492400
2006-07-06,16800.0,17200.0,16275.0,16300.0,16780.0,16137.5,17162.5,22342.083333333332,352800
2006-07-07,16550.0,16850.0,16425.0,16850.0,16785.0,16187.5,17107.5,22190.833333333332,247600
2006-07-10,16750.0,17350.0,16650.0,17200.0,16920.0,16252.5,17063.75,22036.666666666668,458000
2006-07-11,17200.0,17825.0,16925.0,17500.0,16945.0,16363.75,17007.916666666668,21895.0,538600
2006-07-12,17650.0,17750.0,17000.0,17150.0,17000.0,16443.75,16940.416666666668,21765.0,379400
2006-07-13,16850.0,17225.0,16700.0,16775.0,17095.0,16496.25,16873.75,21631.875,268200
2006-07-14,16450.0,16450.0,16125.0,16125.0,16950.0,16457.5,16794.166666666668,21517.916666666668,322400
2006-07-18,15825.0,16100.0,15500.0,15500.0,16610.0,16403.75,16756.666666666668,21413.75,193600
2006-07-19,15500.0,15750.0,15350.0,15375.0,16185.0,16397.5,16716.25,21309.791666666668,195000
2006-07-20,15900.0,16000.0,15675.0,15825.0,15920.0,16398.75,16697.083333333332,21201.25,170600
2006-07-21,15600.0,16475.0,15550.0,16250.0,15815.0,16435.0,16702.5,21082.916666666668,183858
2006-07-24,16550.0,16825.0,16275.0,16375.0,15865.0,16466.25,16699.583333333332,20943.958333333332,243316
2006-07-25,16375.0,16650.0,16075.0,16175.0,16000.0,16498.75,16687.5,20814.166666666668,174060
2006-07-26,16250.0,16425.0,16100.0,16375.0,16200.0,16543.75,16681.25,20694.791666666668,125000
2006-07-27,16650.0,16700.0,16325.0,16325.0,16300.0,16522.5,16671.666666666668,20570.416666666668,189000
2006-07-28,16175.0,16225.0,15925.0,15950.0,16240.0,16482.5,16677.083333333332,20457.916666666668,212864
2006-07-31,16125.0,16300.0,15850.0,15875.0,16140.0,16435.0,16685.833333333332,20341.041666666668,149632
2006-08-01,15750.0,16050.0,15750.0,15800.0,16065.0,16398.75,16655.0,20225.625,135050
2006-08-02,15700.0,16250.0,15675.0,15975.0,15985.0,16328.75,16587.5,20118.333333333332,129328
2006-08-03,16050.0,16450.0,16050.0,16075.0,15935.0,16288.75,16537.916666666668,20012.708333333332,171342
2006-08-04,16300.0,16300.0,15925.0,16200.0,15985.0,16283.75,16500.833333333332,19910.625,166744
2006-08-07,16275.0,16325.0,15950.0,16000.0,16010.0,16241.25,16441.666666666668,19807.708333333332,103192
2006-08-08,15975.0,16050.0,15675.0,15900.0,16030.0,16176.25,16391.666666666668,19694.375,114194
2006-08-09,16000.0,16150.0,15925.0,15975.0,16030.0,16100.0,16352.083333333334,19583.333333333332,107740
2006-08-10,15950.0,15950.0,15650.0,15700.0,15955.0,16027.5,16305.416666666666,19472.5,226900
2006-08-11,15750.0,16425.0,15725.0,15900.0,15895.0,15983.75,16265.416666666666,19370.833333333332,244940
2006-08-14,15800.0,16100.0,15725.0,15900.0,15875.0,15972.5,16246.25,19274.583333333332,145682
2006-08-16,16150.0,16200.0,15900.0,15900.0,15875.0,15992.5,16222.083333333334,19177.5,217386
2006-08-17,16025.0,16550.0,15900.0,16325.0,15945.0,16040.0,16205.0,19086.458333333332,444596
2006-08-18,16350.0,16525.0,16125.0,16250.0,16055.0,16061.25,16202.083333333334,18986.875,174272
2006-08-21,16250.0,16400.0,15775.0,15825.0,16040.0,16040.0,16194.583333333334,18886.666666666668,218000
2006-08-22,15900.0,15925.0,15800.0,15875.0,16035.0,16015.0,16192.5,18774.791666666668,149600
2006-08-23,15875.0,16200.0,15850.0,15900.0,16035.0,16001.25,16184.166666666666,18658.958333333332,204750
2006-08-24,15900.0,15900.0,15550.0,15650.0,15900.0,15965.0,16156.25,18546.458333333332,181678
2006-08-25,15650.0,15750.0,15600.0,15625.0,15775.0,15930.0,16134.583333333334,18444.583333333332,185366
2006-08-28,15725.0,15725.0,15550.0,15550.0,15720.0,15910.0,16105.0,18340.416666666668,146536
2006-08-29,15600.0,15675.0,15575.0,15650.0,15675.0,15898.75,16087.916666666666,18241.666666666668,198372
2006-08-30,15625.0,15675.0,15400.0,15600.0,15615.0,15888.75,16073.333333333334,18145.833333333332,287376
2006-08-31,15600.0,15900.0,15575.0,15825.0,15650.0,15881.25,16069.583333333334,18048.541666666668,330396
2006-09-01,16050.0,17300.0,15950.0,17275.0,15980.0,15941.25,16100.833333333334,17965.833333333332,1501798
2006-09-04,17575.0,17600.0,17050.0,17250.0,16320.0,15993.75,16138.333333333334,17880.0,554774
2006-09-05,17250.0,17800.0,17250.0,17625.0,16715.0,16075.0,16167.916666666666,17786.041666666668,766884
2006-09-06,17500.0,17950.0,17325.0,17500.0,17095.0,16155.0,16194.583333333334,17693.125,432346
2006-09-07,17350.0,17450.0,17075.0,17250.0,17380.0,16218.75,16227.5,17596.875,224074
2006-09-08,17200.0,17950.0,16975.0,17950.0,17515.0,16331.25,16267.5,17509.375,484144
2006-09-11,18000.0,18125.0,16325.0,16325.0,17330.0,16352.5,16277.5,17416.25,1081484
2006-09-12,16250.0,16275.0,15400.0,15975.0,17000.0,16356.25,16262.083333333334,17321.875,729202
2006-09-13,16150.0,16225.0,15750.0,15875.0,16675.0,16355.0,16250.416666666666,17229.166666666668,326640
2006-09-14,15750.0,16275.0,15750.0,16175.0,16460.0,16347.5,16261.666666666666,17154.791666666668,286830
2006-09-15,16100.0,16500.0,16025.0,16325.0,16135.0,16351.25,16270.416666666666,17095.0,264490
2006-09-18,16425.0,16575.0,16400.0,16475.0,16165.0,16383.75,16286.25,17065.833333333332,218268
2006-09-19,16500.0,16825.0,16325.0,16575.0,16285.0,16418.75,16300.0,17040.208333333332,207762
2006-09-20,16550.0,16625.0,16375.0,16425.0,16395.0,16445.0,16315.0,17018.75,187286
2006-09-21,16475.0,16750.0,16475.0,16475.0,16455.0,16486.25,16331.666666666666,16995.416666666668,189020
2006-09-22,16350.0,16400.0,15925.0,15975.0,16385.0,16503.75,16318.75,16955.416666666668,223110
2006-09-25,15700.0,16000.0,15700.0,15900.0,16270.0,16521.25,16304.583333333334,16915.0,137990
2006-09-26,16000.0,16000.0,15650.0,15700.0,16095.0,16523.75,16285.833333333334,16862.5,208510
2006-09-27,15600.0,15825.0,15600.0,15650.0,15940.0,16526.25,16271.25,16809.583333333332,157246
2006-09-28,15650.0,15825.0,15650.0,15725.0,15790.0,16521.25,16243.75,16766.25,177328
2006-09-29,15925.0,16575.0,15900.0,16250.0,15845.0,16470.0,16233.333333333334,16732.083333333332,330420
2006-10-02,16100.0,16500.0,16000.0,16000.0,15865.0,16407.5,16228.333333333334,16695.416666666668,132818
2006-10-04,16200.0,16200.0,15675.0,15700.0,15865.0,16311.25,16209.166666666666,16658.333333333332,155770
2006-10-09,15500.0,15750.0,14350.0,14450.0,15625.0,16158.75,16163.333333333334,16613.541666666668,655540
2006-10-10,14300.0,14825.0,14300.0,14700.0,15420.0,16031.25,16116.666666666666,16562.291666666668,302752
2006-10-11,14625.0,14700.0,14300.0,14325.0,15035.0,15850.0,16069.583333333334,16505.0,246768
2006-10-12,14275.0,14575.0,14275.0,14500.0,14735.0,15758.75,16031.666666666666,16452.708333333332,178964
2006-10-13,14800.0,15300.0,14600.0,14950.0,14585.0,15707.5,16012.083333333334,16403.125,255948
2006-10-16,15075.0,15200.0,14800.0,14850.0,14665.0,15656.25,16001.25,16378.958333333334,143936
2006-10-17,14950.0,15000.0,14375.0,14550.0,14635.0,15575.0,15987.5,16351.875,210160
2006-10-18,14550.0,14650.0,14400.0,14600.0,14690.0,15488.75,15967.083333333334,16332.083333333334,100892
2006-10-19,14700.0,14700.0,14475.0,14475.0,14685.0,15388.75,15937.5,16320.0,103578
2006-10-20,14500.0,14800.0,14475.0,14575.0,14610.0,15288.75,15907.5,16303.541666666666,133190
2006-10-23,14750.0,14950.0,14700.0,14850.0,14610.0,15210.0,15885.416666666666,16286.458333333334,140924
2006-10-24,15000.0,15050.0,14675.0,14825.0,14665.0,15127.5,15859.583333333334,16270.416666666666,135112
2006-10-25,14800.0,14875.0,14675.0,14750.0,14695.0,15066.25,15833.333333333334,16252.5,169444
2006-10-26,14750.0,14950.0,14700.0,14800.0,14760.0,15011.25,15814.166666666666,16245.625,106714
2006-10-27,14825.0,14925.0,14675.0,14750.0,14795.0,14963.75,15795.416666666666,16240.625,114800
2006-10-30,14725.0,14800.0,14625.0,14650.0,14755.0,14913.75,15776.25,16215.625,69388
2006-10-31,14625.0,14725.0,14500.0,14725.0,14735.0,14863.75,15755.416666666666,16171.458333333334,94322
2006-11-01,14900.0,15175.0,14775.0,15150.0,14815.0,14808.75,15740.0,16138.958333333334,142868
2006-11-02,14900.0,15175.0,14775.0,15150.0,14885.0,14766.25,15722.5,16111.666666666666,142868
2006-11-03,15050.0,15200.0,15025.0,15025.0,14940.0,14732.5,15706.25,16073.958333333334,87640
2006-11-06,14725.0,15150.0,14725.0,15000.0,15010.0,14760.0,15691.25,16041.458333333334,93080
2006-11-07,15150.0,15150.0,14950.0,15100.0,15085.0,14780.0,15676.666666666666,16014.375,118700
2006-11-08,15150.0,15150.0,14900.0,14925.0,15040.0,14810.0,15663.75,15984.583333333334,65000
2006-11-09,14925.0,15000.0,14925.0,15000.0,15010.0,14835.0,15648.75,15957.083333333334,75544
2006-11-10,14875.0,15000.0,14875.0,14950.0,14995.0,14835.0,15632.916666666666,15939.583333333334,71202
2006-11-13,14900.0,14950.0,14775.0,14850.0,14965.0,14835.0,15615.416666666666,15918.75,95740
2006-11-14,14950.0,15200.0,14850.0,15100.0,14965.0,14862.5,15595.0,15900.0,134422
2006-11-15,15275.0,15300.0,15150.0,15300.0,15040.0,14897.5,15579.166666666666,15890.625,135422
2006-11-16,15350.0,15875.0,15275.0,15875.0,15215.0,14967.5,15580.0,15887.291666666666,251890
2006-11-17,15875.0,16350.0,15650.0,15900.0,15405.0,15033.75,15580.416666666666,15886.458333333334,282230
2006-11-20,15875.0,15975.0,15550.0,15550.0,15545.0,15068.75,15574.583333333334,15879.375,118152
2006-11-21,15550.0,15750.0,15200.0,15400.0,15605.0,15097.5,15570.416666666666,15863.333333333334,124964
2006-11-22,15500.0,15625.0,15325.0,15575.0,15660.0,15138.75,15569.583333333334,15852.083333333334,78382
2006-11-23,15450.0,15500.0,15275.0,15350.0,15555.0,15166.25,15566.25,15835.625,95778
2006-11-24,15250.0,15550.0,15250.0,15475.0,15470.0,15202.5,15563.333333333334,15825.625,77662
2006-11-27,15300.0,15400.0,15300.0,15400.0,15440.0,15240.0,15560.0,15816.666666666666,49440
2006-11-28,15275.0,15350.0,15150.0,15200.0,15400.0,15263.75,15549.583333333334,15809.583333333334,70600
2006-11-29,15125.0,15450.0,15125.0,15200.0,15325.0,15266.25,15515.0,15807.916666666666,61840
2006-11-30,15325.0,15350.0,15150.0,15200.0,15295.0,15268.75,15480.833333333334,15809.583333333334,60372
2006-12-01,15200.0,15375.0,15175.0,15225.0,15245.0,15278.75,15440.833333333334,15804.375,68532
2006-12-04,15275.0,15325.0,14925.0,14950.0,15155.0,15276.25,15398.333333333334,15796.458333333334,78504
2006-12-05,14900.0,15125.0,14900.0,14925.0,15100.0,15267.5,15359.583333333334,15793.541666666666,46324
2006-12-06,14925.0,14925.0,14575.0,14625.0,14985.0,15252.5,15304.166666666666,15785.833333333334,95520
2006-12-07,14625.0,14775.0,14525.0,14650.0,14875.0,15235.0,15276.25,15776.875,70480
2006-12-08,14625.0,14725.0,14350.0,14400.0,14710.0,15207.5,15250.0,15756.041666666666,76322
2006-12-11,14375.0,14475.0,14375.0,14400.0,14600.0,15185.0,15225.416666666666,15737.916666666666,49900
2006-12-12,14325.0,14550.0,14300.0,14325.0,14480.0,15146.25,15194.583333333334,15728.125,76968
2006-12-13,14150.0,14450.0,14150.0,14450.0,14445.0,15103.75,15163.333333333334,15716.875,56788
2006-12-14,14450.0,14650.0,14350.0,14650.0,14445.0,15042.5,15132.916666666666,15709.583333333334,40142
2006-12-15,14700.0,15000.0,14500.0,14725.0,14510.0,14983.75,15102.083333333334,15701.041666666666,53162
2006-12-18,14700.0,15050.0,14700.0,14975.0,14625.0,14955.0,15077.916666666666,15696.458333333334,86634
2006-12-19,14975.0,15050.0,14800.0,14800.0,14720.0,14925.0,15050.0,15690.833333333334,37022
2006-12-20,14850.0,14950.0,14675.0,14750.0,14780.0,14883.75,15029.583333333334,15674.166666666666,86740
2006-12-21,14800.0,14825.0,14500.0,14525.0,14755.0,14842.5,15006.666666666666,15655.625,63476
2006-12-22,14525.0,14675.0,14500.0,14600.0,14730.0,14798.75,14988.333333333334,15637.083333333334,251640
2006-12-26,14700.0,14700.0,14275.0,14325.0,14600.0,14745.0,14966.25,15618.75,101902
2006-12-27,14300.0,14400.0,13950.0,14025.0,14445.0,14686.25,14937.916666666666,15590.833333333334,165574
2006-12-28,14050.0,14225.0,14000.0,14025.0,14300.0,14627.5,14900.833333333334,15567.083333333334,62920
2007-01-02,14000.0,14025.0,13800.0,13825.0,14160.0,14558.75,14864.583333333334,15546.458333333334,159380
2007-01-03,13775.0,13975.0,13775.0,13775.0,13995.0,14486.25,14832.5,15520.833333333334,140100
2007-01-04,13800.0,13825.0,13350.0,13500.0,13830.0,14413.75,14816.666666666666,15490.0,148850
2007-01-05,13400.0,13575.0,13225.0,13250.0,13675.0,14330.0,14792.5,15454.583333333334,123900
2007-01-08,13250.0,13400.0,13000.0,13400.0,13550.0,14268.75,14777.083333333334,15423.333333333334,148560
2007-01-09,13300.0,13425.0,13175.0,13175.0,13420.0,14195.0,14755.0,15393.333333333334,99364
2007-01-10,13050.0,13075.0,12525.0,12600.0,13185.0,14105.0,14715.833333333334,15363.958333333334,217280
2007-01-11,12700.0,12850.0,12550.0,12725.0,13030.0,14021.25,14680.416666666666,15340.833333333334,202508
2007-01-12,12750.0,12875.0,12700.0,12725.0,12925.0,13941.25,14650.0,15318.75,78140
2007-01-15,12850.0,12850.0,12675.0,12675.0,12780.0,13852.5,14617.916666666666,15292.5,78138
2007-01-16,12675.0,12775.0,12575.0,12750.0,12695.0,13757.5,14589.166666666666,15263.333333333334,62246
2007-01-17,12825.0,12850.0,12700.0,12725.0,12720.0,13657.5,14558.333333333334,15232.916666666666,90396
2007-01-18,12725.0,12725.0,12325.0,12325.0,12640.0,13525.0,14516.25,15200.833333333334,102760
2007-01-19,12050.0,12075.0,11500.0,11600.0,12415.0,13365.0,14462.5,15161.041666666666,218816
2007-01-22,11450.0,11650.0,10800.0,10800.0,12040.0,13167.5,14396.666666666666,15115.0,320800
2007-01-23,10800.0,11050.0,10650.0,10750.0,11640.0,12978.75,14329.166666666666,15071.666666666666,283738
2007-01-24,10900.0,11150.0,10900.0,11100.0,11315.0,12803.75,14268.333333333334,15031.875,136396
2007-01-25,11125.0,11850.0,11125.0,11550.0,11160.0,12665.0,14216.666666666666,14996.458333333334,293062
2007-01-26,11500.0,12150.0,11500.0,12000.0,11240.0,12563.75,14171.25,14963.333333333334,217728
2007-01-29,12275.0,12325.0,11775.0,12000.0,11480.0,12462.5,14118.75,14929.375,110760
2007-01-30,11975.0,12350.0,11975.0,12225.0,11775.0,12382.5,14070.0,14896.25,80760
2007-01-31,12125.0,12600.0,12125.0,12475.0,12050.0,12317.5,14027.5,14866.875,101694
2007-02-01,12500.0,12775.0,12425.0,12775.0,12295.0,12281.25,13990.416666666666,14840.833333333334,90040
2007-02-02,12750.0,13750.0,12750.0,13500.0,12595.0,12293.75,13963.75,14820.208333333334,227180
2007-02-05,13700.0,13750.0,13075.0,13400.0,12875.0,12293.75,13938.333333333334,14801.041666666666,224224
2007-02-06,13250.0,13425.0,12250.0,12800.0,12990.0,12275.0,13901.666666666666,14775.208333333334,354870
2007-02-07,12750.0,13225.0,12575.0,13100.0,13115.0,12300.0,13870.833333333334,14751.875,125182
2007-02-08,12975.0,13425.0,12800.0,13400.0,13240.0,12333.75,13846.666666666666,14731.041666666666,99580
2007-02-09,13400.0,13450.0,13175.0,13400.0,13220.0,12367.5,13818.333333333334,14706.666666666666,61062
2007-02-12,13275.0,13400.0,12800.0,12900.0,13120.0,12378.75,13778.333333333334,14678.75,174062
2007-02-13,12800.0,13100.0,12725.0,13100.0,13180.0,12396.25,13732.083333333334,14656.041666666666,71200
2007-02-14,13225.0,13250.0,12925.0,13000.0,13160.0,12410.0,13683.75,14632.083333333334,71520
2007-02-15,12925.0,13125.0,12700.0,12700.0,13020.0,12428.75,13636.25,14605.416666666666,139158
2007-02-16,12650.0,12850.0,12650.0,12775.0,12895.0,12487.5,13592.5,14581.458333333334,73218
2007-02-20,12675.0,13250.0,12675.0,12950.0,12905.0,12595.0,13548.75,14559.166666666666,80640
2007-02-21,13150.0,13150.0,12750.0,12900.0,12865.0,12702.5,13507.916666666666,14537.083333333334,119642
2007-02-22,12900.0,13125.0,12750.0,13050.0,12875.0,12800.0,13467.5,14515.416666666666,117140
2007-02-23,13025.0,13475.0,12950.0,13475.0,13030.0,12896.25,13435.416666666666,14497.708333333334,160882
2007-02-26,13475.0,13850.0,13275.0,13725.0,13220.0,12982.5,13410.833333333334,14480.208333333334,148080
2007-02-27,13550.0,13700.0,13425.0,13525.0,13335.0,13058.75,13382.916666666666,14448.958333333334,53822
2007-02-28,13050.0,13225.0,12800.0,13175.0,13390.0,13106.25,13349.166666666666,14415.0,126360
2007-03-01,13175.0,13175.0,13175.0,13175.0,13415.0,13141.25,13315.0,14377.916666666666,0
2007-03-05,12800.0,12950.0,12500.0,12550.0,13230.0,13130.0,13275.0,14336.666666666666,96354
2007-03-06,12600.0,12950.0,12600.0,12825.0,13050.0,13096.25,13240.0,14299.791666666666,51530
2007-03-07,12925.0,13050.0,12775.0,12950.0,12935.0,13073.75,13212.083333333334,14258.125,65910
2007-03-08,12950.0,13425.0,12950.0,13425.0,12985.0,13105.0,13191.666666666666,14233.958333333334,105142
2007-03-09,13400.0,13550.0,13150.0,13550.0,13060.0,13127.5,13177.5,14213.75,107124
2007-03-12,13375.0,13725.0,13375.0,13675.0,13285.0,13141.25,13165.416666666666,14195.416666666666,104548
2007-03-13,13775.0,13775.0,13500.0,13550.0,13430.0,13148.75,13152.5,14173.541666666666,57960
2007-03-14,13250.0,13425.0,13150.0,13400.0,13520.0,13173.75,13135.0,14149.166666666666,89034
2007-03-15,13500.0,13550.0,13350.0,13550.0,13545.0,13196.25,13116.666666666666,14124.791666666666,62400
2007-03-16,13550.0,13600.0,13400.0,13600.0,13555.0,13226.25,13097.916666666666,14100.0,67704
2007-03-19,13500.0,13725.0,13450.0,13700.0,13560.0,13276.25,13076.666666666666,14077.291666666666,74984
2007-03-20,13650.0,13750.0,13425.0,13625.0,13575.0,13318.75,13057.083333333334,14053.541666666666,273868
2007-03-21,13525.0,13700.0,13475.0,13475.0,13590.0,13345.0,13035.833333333334,14032.708333333334,98560
2007-03-22,13475.0,13550.0,13375.0,13450.0,13570.0,13372.5,13017.916666666666,14012.291666666666,148444
2007-03-23,13450.0,13475.0,13125.0,13125.0,13475.0,13376.25,12993.333333333334,13990.833333333334,216464
2007-03-26,12650.0,13100.0,12600.0,13100.0,13355.0,13357.5,12972.916666666666,13969.583333333334,203124
2007-03-27,13025.0,13150.0,12875.0,13000.0,13230.0,13321.25,12955.833333333334,13946.875,229766
2007-03-28,13000.0,13650.0,12975.0,13500.0,13235.0,13320.0,12947.083333333334,13923.958333333334,404560
2007-03-29,13300.0,14300.0,13300.0,14250.0,13395.0,13373.75,12954.166666666666,13909.375,437930
2007-03-30,14300.0,14450.0,14000.0,14100.0,13590.0,13420.0,12959.583333333334,13896.041666666666,371824
2007-04-02,14350.0,15225.0,14250.0,14825.0,13935.0,13533.75,12981.666666666666,13899.166666666666,575402
2007-04-03,15025.0,16225.0,14725.0,15500.0,14435.0,13667.5,13019.166666666666,13905.833333333334,755078
2007-04-04,15750.0,16300.0,15550.0,15800.0,14895.0,13810.0,13059.166666666666,13918.125,376190
2007-04-05,15800.0,15900.0,15250.0,15250.0,15095.0,13901.25,13093.75,13924.375,194196
2007-04-06,15275.0,15825.0,15275.0,15325.0,15340.0,13990.0,13139.166666666666,13927.5,176218
2007-04-09,15350.0,15375.0,14750.0,15200.0,15415.0,14066.25,13180.416666666666,13930.416666666666,307648
2007-04-10,15400.0,15575.0,15025.0,15150.0,15345.0,14146.25,13220.833333333334,13935.416666666666,151102
2007-04-11,15225.0,15400.0,15075.0,15325.0,15250.0,14242.5,13265.0,13941.458333333334,166294
2007-04-12,15050.0,15350.0,14950.0,15325.0,15265.0,14331.25,13307.916666666666,13948.541666666666,151920
2007-04-13,15300.0,15300.0,15050.0,15275.0,15255.0,14415.0,13350.416666666666,13954.375,79594
2007-04-16,15300.0,15300.0,14825.0,15100.0,15235.0,14485.0,13396.666666666666,13956.458333333334,167606
2007-04-17,15100.0,15100.0,14825.0,14850.0,15175.0,14546.25,13450.833333333334,13956.666666666666,136000
2007-04-18,14625.0,15050.0,13950.0,14950.0,15100.0,14620.0,13520.0,13958.333333333334,398458
2007-04-19,14850.0,14850.0,14450.0,14500.0,14935.0,14672.5,13582.5,13955.833333333334,81466
2007-04-20,14250.0,14700.0,14175.0,14475.0,14775.0,14740.0,13638.75,13953.541666666666,213664
2007-04-23,14525.0,14625.0,14200.0,14200.0,14595.0,14795.0,13682.916666666666,13949.791666666666,220420
2007-04-24,14025.0,14450.0,13900.0,14100.0,14445.0,14850.0,13717.916666666666,13944.583333333334,189516
2007-04-25,14050.0,14150.0,13550.0,13875.0,14230.0,14868.75,13749.166666666666,13933.958333333334,212520
2007-04-26,13950.0,14375.0,13950.0,14150.0,14160.0,14863.75,13781.25,13925.625,129880
2007-04-27,14050.0,14150.0,13600.0,13700.0,14005.0,14843.75,13801.666666666666,13914.583333333334,109662
2007-04-30,13575.0,14075.0,13500.0,13925.0,13950.0,14798.75,13820.833333333334,13905.625,65960
2007-05-02,14000.0,14250.0,13750.0,14225.0,13975.0,14735.0,13832.916666666666,13898.333333333334,177840
2007-05-03,14275.0,14275.0,13975.0,14175.0,14035.0,14653.75,13845.833333333334,13892.083333333334,141390
2007-05-04,14100.0,14300.0,13875.0,14300.0,14065.0,14606.25,13870.833333333334,13886.25,159410
2007-05-07,14300.0,14550.0,14050.0,14050.0,14135.0,14542.5,13886.666666666666,13878.75,169396
2007-05-08,14025.0,14050.0,13575.0,13875.0,14125.0,14476.25,13894.583333333334,13870.625,195206
2007-05-09,13725.0,14050.0,13575.0,13750.0,14030.0,14406.25,13900.416666666666,13859.375,136520
2007-05-10,13675.0,14600.0,13575.0,14600.0,14115.0,14370.0,13928.75,13853.541666666666,291716
2007-05-11,14750.0,16775.0,14700.0,16775.0,14610.0,14442.5,13990.0,13861.041666666666,1251010
2007-05-14,18100.0,19275.0,17850.0,19075.0,15615.0,14632.5,14091.25,13887.5,1945600
2007-05-15,19225.0,19225.0,17250.0,17500.0,16340.0,14752.5,14171.25,13903.75,1363330
2007-05-16,17825.0,18925.0,17800.0,18350.0,17260.0,14927.5,14264.166666666666,13928.333333333334,743696
2007-05-17,18500.0,19425.0,18150.0,18700.0,18080.0,15115.0,14360.0,13954.375,742496
2007-05-18,19025.0,19725.0,18525.0,19725.0,18670.0,15376.25,14473.75,13990.833333333334,1053462
2007-05-21,19300.0,20750.0,19250.0,20125.0,18880.0,15658.75,14591.666666666666,14029.583333333334,1105768
2007-05-22,20350.0,20500.0,19575.0,20175.0,19415.0,15957.5,14703.333333333334,14069.375,646334
2007-05-23,20500.0,22425.0,20500.0,21500.0,20045.0,16327.5,14832.916666666666,14121.875,1336532
2007-05-25,21750.0,24200.0,21650.0,23250.0,20955.0,16796.25,14995.0,14188.958333333334,1595804
2007-05-28,24075.0,24150.0,22900.0,23500.0,21710.0,17263.75,15167.083333333334,14258.125,1121900
2007-05-29,23450.0,23500.0,22850.0,22850.0,22255.0,17721.25,15328.333333333334,14321.666666666666,619118
2007-05-30,22875.0,25500.0,22875.0,24225.0,23065.0,18236.25,15522.916666666666,14398.958333333334,1118922
2007-05-31,24850.0,24850.0,23675.0,24000.0,23565.0,18725.0,15709.166666666666,14474.583333333334,667068
2007-06-01,24000.0,24000.0,22325.0,22325.0,23380.0,19132.5,15865.416666666666,14538.75,1013710
2007-06-04,22325.0,23575.0,21075.0,21800.0,23040.0,19507.5,16005.0,14598.333333333334,949186
2007-06-05,22175.0,22850.0,21050.0,22175.0,22905.0,19913.75,16148.75,14663.125,1081402
2007-06-07,21675.0,22450.0,21550.0,22300.0,22520.0,20335.0,16292.5,14728.958333333334,750668
2007-06-08,21675.0,22100.0,21550.0,21550.0,22030.0,20725.0,16425.833333333332,14789.166666666666,378558
2007-06-11,22000.0,23300.0,21500.0,22700.0,22105.0,21130.0,16580.833333333332,14857.916666666666,999488
2007-06-12,23200.0,23250.0,22100.0,22600.0,22265.0,21421.25,16731.666666666668,14924.166666666666,476606
2007-06-13,22325.0,22350.0,21650.0,21825.0,22195.0,21558.75,16868.75,14983.333333333334,334930
2007-06-14,22250.0,22500.0,21700.0,21950.0,22125.0,21781.25,17006.25,15041.458333333334,457000
2007-06-15,22000.0,22250.0,21050.0,21600.0,22135.0,21943.75,17139.166666666668,15098.125,737200
2007-06-18,21900.0,21900.0,21125.0,21400.0,21875.0,22078.75,17271.25,15153.541666666666,614032
2007-06-19,21375.0,21375.0,20075.0,20500.0,21455.0,22117.5,17388.75,15203.333333333334,916982
2007-06-20,20750.0,22850.0,20550.0,21700.0,21430.0,22196.25,17531.666666666668,15262.5,1670414
2007-06-21,21650.0,22750.0,21325.0,21800.0,21400.0,22277.5,17676.666666666668,15324.791666666666,727388
2007-06-22,21875.0,22050.0,20700.0,21050.0,21290.0,22255.0,17810.833333333332,15383.333333333334,428160
2007-06-25,20725.0,21250.0,20600.0,20675.0,21145.0,22126.25,17930.416666666668,15438.75,316114
2007-06-26,20675.0,20925.0,19200.0,20000.0,21045.0,21951.25,18026.25,15490.208333333334,665578
2007-06-27,19650.0,20200.0,19450.0,20050.0,20715.0,21811.25,18125.416666666668,15542.5,249582
2007-06-28,20325.0,20550.0,20100.0,20550.0,20465.0,21627.5,18220.833333333332,15601.25,206852
2007-06-29,20550.0,20775.0,20150.0,20775.0,20410.0,21466.25,18308.75,15663.958333333334,195400
2007-07-02,21000.0,22975.0,21000.0,22975.0,20870.0,21498.75,18428.333333333332,15743.75,1276330
2007-07-03,23350.0,24625.0,23250.0,24250.0,21720.0,21621.25,18578.333333333332,15836.041666666666,965340
2007-07-04,24500.0,25500.0,23950.0,24975.0,22705.0,21761.25,18739.166666666668,15939.166666666666,880436
2007-07-05,25150.0,25250.0,24500.0,24750.0,23545.0,21883.75,18898.333333333332,16039.375,484242
2007-07-06,25200.0,28450.0,24250.0,28000.0,24990.0,22206.25,19112.5,16166.666666666666,1953308
2007-07-09,28450.0,29400.0,27500.0,29000.0,26195.0,22521.25,19340.416666666668,16302.708333333334,873992
2007-07-10,29000.0,29100.0,27550.0,28500.0,27045.0,22816.25,19560.0,16433.958333333332,300896
2007-07-11,27800.0,28750.0,27800.0,28000.0,27650.0,23125.0,19772.083333333332,16561.25,223206
2007-07-12,28200.0,29900.0,28050.0,29150.0,28530.0,23485.0,20006.25,16701.458333333332,528894
2007-07-13,29700.0,29700.0,28650.0,29250.0,28780.0,23867.5,20246.25,16848.541666666668,334048
2007-07-16,29050.0,29600.0,28350.0,29250.0,28830.0,24260.0,20484.583333333332,17002.291666666668,276942
2007-07-18,29250.0,30750.0,29250.0,29900.0,29110.0,24730.0,20741.25,17161.875,520468
2007-07-19,30350.0,30350.0,29650.0,30100.0,29530.0,25150.0,21001.666666666668,17320.208333333332,265036
2007-07-20,30150.0,31700.0,30150.0,30650.0,29830.0,25592.5,21275.833333333332,17479.375,319046
2007-07-23,30300.0,31000.0,29750.0,30700.0,30120.0,26075.0,21552.5,17635.208333333332,229448
2007-07-24,30700.0,31850.0,30450.0,30950.0,30460.0,26588.75,21837.083333333332,17793.125,260824
2007-07-25,30500.0,31250.0,30400.0,30800.0,30640.0,27128.75,22114.583333333332,17947.916666666668,220688
2007-07-26,31900.0,32300.0,30500.0,30500.0,30720.0,27651.25,22394.583333333332,18098.125,466742
2007-07-27,29950.0,30150.0,28050.0,29250.0,30440.0,28086.25,22650.0,18235.416666666668,343594
2007-07-30,28700.0,29600.0,28500.0,29000.0,30100.0,28497.5,22896.25,18364.583333333332,298184
2007-07-31,29350.0,30600.0,29150.0,30600.0,30030.0,28878.75,23170.0,18507.916666666668,194060
2007-08-01,30350.0,31200.0,29650.0,29950.0,29860.0,29163.75,23430.833333333332,18650.833333333332,206794
2007-08-02,30500.0,31600.0,30200.0,31450.0,30050.0,29487.5,23720.833333333332,18803.75,384924
2007-08-03,32200.0,32250.0,30950.0,31950.0,30590.0,29847.5,24022.083333333332,18958.333333333332,216000
2007-08-06,31450.0,32250.0,31100.0,32250.0,31240.0,30060.0,24330.416666666668,19115.416666666668,166828
2007-08-07,32650.0,33400.0,32100.0,32500.0,31620.0,30235.0,24628.75,19278.75,220638
2007-08-08,32800.0,32900.0,31900.0,32500.0,32130.0,30435.0,24890.833333333332,19440.416666666668,162782
2007-08-09,32600.0,32750.0,31600.0,32400.0,32320.0,30655.0,25112.916666666668,19602.083333333332,92974
2007-08-10,31750.0,31950.0,30050.0,31600.0,32250.0,30777.5,25347.916666666668,19759.583333333332,141242
2007-08-13,31250.0,31450.0,30150.0,30700.0,31940.0,30850.0,25553.75,19908.958333333332,164300
2007-08-14,30500.0,30950.0,28750.0,30000.0,31440.0,30887.5,25742.083333333332,20051.041666666668,204420
2007-08-16,28200.0,28450.0,25500.0,25500.0,30040.0,30667.5,25838.333333333332,20156.041666666668,350120
2007-08-17,25450.0,25950.0,23550.0,24250.0,28410.0,30375.0,25907.083333333332,20249.375,436926
2007-08-20,26050.0,27750.0,25750.0,27450.0,27580.0,30215.0,26028.333333333332,20365.833333333332,281856
2007-08-21,28000.0,28050.0,27250.0,27950.0,27030.0,30077.5,26135.833333333332,20484.375,193818
2007-08-22,27650.0,28950.0,27650.0,28900.0,26810.0,29975.0,26230.0,20612.5,133960
2007-08-23,29850.0,30150.0,29200.0,29650.0,27640.0,29917.5,26332.5,20749.791666666668,212922
2007-08-24,29650.0,29650.0,28850.0,29000.0,28590.0,29842.5,26435.0,20881.666666666668,122578
2007-08-27,29600.0,29700.0,28500.0,29000.0,28900.0,29830.0,26514.583333333332,21018.75,113010
2007-08-28,28600.0,29450.0,28450.0,29000.0,29110.0,29830.0,26597.916666666668,21153.541666666668,139814
2007-08-29,27800.0,29750.0,27550.0,29150.0,29160.0,29757.5,26711.666666666668,21288.541666666668,177096
2007-08-30,29550.0,30150.0,29150.0,29150.0,29060.0,29717.5,26834.166666666668,21419.583333333332,221274
2007-08-31,29400.0,29400.0,28450.0,29250.0,29110.0,29607.5,26952.083333333332,21550.416666666668,161088
2007-09-03,29300.0,29850.0,28650.0,28700.0,29050.0,29445.0,27058.75,21675.625,247938
2007-09-04,28900.0,28950.0,27500.0,28050.0,28860.0,29235.0,27167.083333333332,21796.458333333332,392924
2007-09-05,28550.0,29750.0,28250.0,28250.0,28680.0,29022.5,27259.583333333332,21920.208333333332,387398
2007-09-06,27900.0,29450.0,27350.0,29450.0,28740.0,28870.0,27373.75,22052.708333333332,449650
2007-09-07,29500.0,29550.0,28050.0,28650.0,28620.0,28682.5,27487.5,22178.125,402554
2007-09-10,27300.0,28000.0,27200.0,27250.0,28330.0,28465.0,27575.833333333332,22291.041666666668,193200
2007-09-11,27250.0,27600.0,26300.0,26300.0,27980.0,28245.0,27654.166666666668,22396.666666666668,204726
2007-09-12,26700.0,26900.0,25350.0,26250.0,27580.0,28057.5,27735.0,22503.125,218878
2007-09-13,26200.0,27150.0,25750.0,26800.0,27050.0,28122.5,27840.0,22614.375,99616
2007-09-14,26850.0,27650.0,26850.0,27350.0,26790.0,28277.5,27934.166666666668,22732.916666666668,111774
2007-09-17,27450.0,27700.0,26850.0,27550.0,26850.0,28282.5,28030.0,22853.333333333332,105528
2007-09-18,27750.0,29250.0,27600.0,28600.0,27310.0,28315.0,28155.833333333332,22983.333333333332,526258
2007-09-19,29600.0,29600.0,28400.0,29000.0,27860.0,28320.0,28294.583333333332,23112.5,398376
2007-09-20,29000.0,29000.0,28150.0,28400.0,28180.0,28257.5,28434.583333333332,23230.416666666668,220512
2007-09-21,28700.0,29500.0,28450.0,29350.0,28580.0,28275.0,28589.583333333332,23357.5,269108
2007-09-27,29650.0,29850.0,29100.0,29100.0,28890.0,28280.0,28732.083333333332,23476.458333333332,239800
2007-09-28,29050.0,30350.0,28850.0,30000.0,29170.0,28330.0,28885.833333333332,23597.291666666668,420202
2007-10-01,31000.0,31650.0,30650.0,31450.0,29660.0,28445.0,29027.083333333332,23727.708333333332,381724
2007-10-02,32250.0,32350.0,30750.0,31750.0,30330.0,28575.0,29152.083333333332,23865.208333333332,372714
2007-10-04,31700.0,32400.0,31400.0,32200.0,30900.0,28722.5,29272.5,24005.833333333332,298400
2007-10-05,32450.0,32450.0,31500.0,31500.0,31380.0,28862.5,29385.0,24141.666666666668,144398
2007-10-08,31500.0,31650.0,30500.0,30750.0,31530.0,28997.5,29430.833333333332,24271.666666666668,258952
2007-10-09,31000.0,31450.0,30000.0,30750.0,31390.0,29122.5,29460.0,24400.208333333332,227640
2007-10-10,30900.0,31250.0,30050.0,30400.0,31120.0,29170.0,29491.666666666668,24525.833333333332,218800
2007-10-11,30250.0,32950.0,30200.0,32950.0,31270.0,29385.0,29574.166666666668,24673.125,498836
2007-10-12,33100.0,34000.0,32550.0,33600.0,31690.0,29702.5,29648.333333333332,24827.291666666668,624816
2007-10-15,34050.0,35250.0,33150.0,34700.0,32480.0,30122.5,29739.166666666668,24992.708333333332,590056
2007-10-16,34600.0,36600.0,34200.0,35050.0,33340.0,30562.5,29835.833333333332,25160.208333333332,678780
2007-10-17,35050.0,37450.0,33850.0,37450.0,34750.0,31095.0,29961.666666666668,25351.458333333332,552216
2007-10-18,37500.0,39650.0,37350.0,38750.0,35910.0,31665.0,30105.833333333332,25553.75,521496
2007-10-19,38550.0,39150.0,36800.0,38000.0,36790.0,32187.5,30228.333333333332,25752.083333333332,235716
2007-10-22,35500.0,36700.0,35300.0,35650.0,36980.0,32540.0,30310.833333333332,25931.666666666668,318174
2007-10-23,36250.0,37150.0,34900.0,36500.0,37270.0,32915.0,30403.333333333332,26120.208333333332,285504
2007-10-24,37250.0,37250.0,35950.0,36400.0,37060.0,33315.0,30496.666666666668,26305.625,278084
2007-10-25,37100.0,38450.0,36900.0,38450.0,37000.0,33770.0,30629.166666666668,26511.875,409572
2007-10-26,39250.0,40850.0,39250.0,40200.0,37440.0,34325.0,30811.666666666668,26730.833333333332,498336
2007-10-29,40950.0,41200.0,39250.0,40100.0,38330.0,34830.0,30996.666666666668,26946.458333333332,294608
2007-10-30,40100.0,40100.0,38900.0,39450.0,38920.0,35230.0,31144.166666666668,27157.083333333332,169026
2007-10-31,40150.0,40150.0,37800.0,39450.0,39530.0,35615.0,31302.5,27366.666666666668,431108
2007-11-01,39450.0,39450.0,37750.0,37750.0,39390.0,35892.5,31407.5,27564.166666666668,270236
2007-11-02,36500.0,38300.0,36250.0,37600.0,38870.0,36197.5,31501.666666666668,27761.875,232794
2007-11-05,37950.0,38250.0,36800.0,37750.0,38400.0,36547.5,31593.333333333332,27961.875,134802
2007-11-06,38350.0,40350.0,38000.0,39300.0,38370.0,36975.0,31706.666666666668,28167.708333333332,438166
2007-11-07,39750.0,39850.0,37700.0,38950.0,38270.0,37402.5,31814.166666666668,28352.5,219800
2007-11-08,38200.0,38200.0,36950.0,37000.0,38120.0,37605.0,31890.833333333332,28501.875,155896
2007-11-09,36800.0,37600.0,35250.0,35400.0,37680.0,37695.0,31954.166666666668,28651.041666666668,182528
2007-11-12,33750.0,34650.0,32400.0,33000.0,36730.0,37610.0,31992.5,28773.125,256284
2007-11-13,33250.0,34200.0,31050.0,33500.0,35570.0,37532.5,32050.833333333332,28896.458333333332,226376
2007-11-14,34250.0,34800.0,32950.0,33400.0,34460.0,37330.0,32182.5,29010.416666666668,210286
2007-11-15,33450.0,34100.0,32550.0,33000.0,33660.0,37042.5,32328.333333333332,29117.708333333332,204164
2007-11-16,32950.0,32950.0,30800.0,32750.0,33130.0,36780.0,32416.666666666668,29222.5,238360
2007-11-19,32300.0,33400.0,31850.0,33000.0,33130.0,36647.5,32500.833333333332,29318.333333333332,114888
2007-11-20,32000.0,32900.0,31500.0,32500.0,32930.0,36447.5,32560.833333333332,29395.416666666668,111770
2007-11-21,32550.0,32800.0,30750.0,31650.0,32580.0,36210.0,32594.166666666668,29463.333333333332,110808
2007-11-22,30750.0,31300.0,29800.0,30000.0,31980.0,35787.5,32610.833333333332,29522.916666666668,251804
2007-11-23,29500.0,30400.0,27250.0,28550.0,31140.0,35205.0,32603.333333333332,29558.958333333332,330504
2007-11-26,28600.0,30350.0,28600.0,30150.0,30570.0,34707.5,32622.5,29610.208333333332,180200
2007-11-27,29400.0,30350.0,28850.0,30100.0,30090.0,34240.0,32638.333333333332,29675.0,186734
2007-11-28,30550.0,30850.0,29350.0,29750.0,29710.0,33755.0,32648.333333333332,29741.25,272404
2007-11-29,30300.0,31650.0,29700.0,29750.0,29660.0,33355.0,32656.666666666668,29804.375,322524
2007-11-30,30050.0,31700.0,29650.0,31700.0,30290.0,33060.0,32706.666666666668,29882.708333333332,375914
2007-12-03,31700.0,31900.0,30800.0,31500.0,30560.0,32747.5,32764.166666666668,29965.625,199910
2007-12-04,31250.0,31700.0,31200.0,31400.0,30820.0,32352.5,32816.666666666664,30038.125,91516
2007-12-05,31250.0,32600.0,31250.0,31750.0,31220.0,31992.5,32855.0,30114.375,113206
2007-12-06,32600.0,33300.0,32050.0,32050.0,31680.0,31745.0,32911.666666666664,30199.583333333332,276132
2007-12-07,32500.0,32500.0,30950.0,31500.0,31640.0,31550.0,32982.5,30279.166666666668,158780
2007-12-10,31000.0,31300.0,29350.0,29500.0,31240.0,31375.0,33035.833333333336,30345.0,287900
2007-12-11,29750.0,30150.0,29050.0,29150.0,30790.0,31157.5,33084.166666666664,30409.583333333332,199468
2007-12-12,28850.0,28950.0,28000.0,28300.0,30100.0,30902.5,33109.166666666664,30474.583333333332,240798
2007-12-13,28350.0,29950.0,28300.0,29950.0,29680.0,30750.0,33152.5,30543.333333333332,1568092
2007-12-14,30600.0,33750.0,30600.0,32500.0,29880.0,30737.5,33235.0,30632.5,799218
2007-12-17,32900.0,32900.0,30800.0,30800.0,30140.0,30627.5,33271.666666666664,30713.75,221192
2007-12-18,30000.0,31450.0,29800.0,31450.0,30600.0,30575.0,33312.5,30803.541666666668,219400
2007-12-20,31850.0,31950.0,29950.0,29950.0,30930.0,30490.0,33338.333333333336,30886.458333333332,233098
2007-12-21,29950.0,30250.0,29200.0,29750.0,30890.0,30477.5,33345.0,30967.291666666668,151300
2007-12-24,30500.0,31750.0,30050.0,31200.0,30630.0,30610.0,33380.0,31056.041666666668,145900
2007-12-26,31300.0,31300.0,30300.0,30300.0,30530.0,30617.5,33385.0,31135.416666666668,62200
2007-12-27,30300.0,31100.0,30000.0,31000.0,30440.0,30662.5,33377.5,31202.291666666668,103566
2007-12-28,30400.0,31750.0,30400.0,31750.0,30800.0,30762.5,33377.5,31264.791666666668,130000
2008-01-02,31600.0,32000.0,30550.0,30550.0,30960.0,30802.5,33350.0,31311.25,89542
2008-01-03,29650.0,30800.0,29650.0,30800.0,30880.0,30757.5,33338.333333333336,31361.666666666668,54912
2008-01-04,30800.0,32250.0,30600.0,32150.0,31250.0,30790.0,33361.666666666664,31396.25,186310
2008-01-07,31000.0,32350.0,30850.0,31700.0,31390.0,30805.0,33377.5,31418.75,141576
2008-01-08,32150.0,32150.0,31150.0,32000.0,31440.0,30817.5,33404.166666666664,31447.916666666668,99888
2008-01-09,31750.0,31750.0,30550.0,31450.0,31620.0,30787.5,33379.166666666664,31476.666666666668,75664
2008-01-10,31500.0,31950.0,31100.0,31100.0,31680.0,30767.5,33337.5,31492.916666666668,68890
2008-01-11,31150.0,31600.0,29350.0,30450.0,31340.0,30815.0,33266.666666666664,31502.916666666668,132994
2008-01-14,30200.0,30250.0,28700.0,29500.0,30900.0,30832.5,33174.166666666664,31505.0,128212
2008-01-15,29550.0,29750.0,26900.0,27200.0,29940.0,30777.5,33003.333333333336,31482.5,260984
2008-01-16,26550.0,26600.0,25000.0,25000.0,28650.0,30530.0,32774.166666666664,31440.0,278526
2008-01-17,25550.0,26150.0,24300.0,25000.0,27430.0,30155.0,32557.5,31392.916666666668,305080
2008-01-18,24175.0,25050.0,24150.0,25000.0,26340.0,29865.0,32380.0,31345.416666666668,206738
2008-01-21,24975.0,25100.0,23800.0,24250.0,25290.0,29505.0,32175.833333333332,31289.583333333332,198290
2008-01-22,22675.0,23750.0,22675.0,23750.0,24600.0,29195.0,31965.0,31230.833333333332,236856
2008-01-23,25000.0,25250.0,24150.0,25150.0,24630.0,28965.0,31743.333333333332,31186.25,160806
2008-01-24,25750.0,28750.0,25500.0,28750.0,25380.0,28842.5,31552.5,31182.083333333332,468676
2008-01-25,29750.0,29800.0,28300.0,29350.0,26250.0,28795.0,31373.333333333332,31185.0,301178
2008-01-28,28900.0,30000.0,28550.0,29150.0,27230.0,28702.5,31201.666666666668,31172.916666666668,258574
2008-01-29,29750.0,30050.0,27950.0,28250.0,28130.0,28527.5,31015.0,31158.75,182228
2008-01-30,28500.0,29250.0,27150.0,27950.0,28690.0,28397.5,30851.666666666668,31129.583333333332,188786
2008-01-31,27500.0,28900.0,27500.0,28900.0,28720.0,28302.5,30706.666666666668,31104.166666666668,92794
2008-02-01,29450.0,29450.0,27700.0,27900.0,28430.0,28090.0,30542.5,31067.916666666668,80446
2008-02-04,28400.0,28450.0,27350.0,27800.0,28160.0,27895.0,30350.833333333332,31028.75,166880
2008-02-05,27350.0,28200.0,27350.0,27900.0,28090.0,27690.0,30166.666666666668,30990.416666666668,90176
2008-02-11,27000.0,28350.0,26300.0,28200.0,28140.0,27527.5,30020.0,30955.416666666668,138676
2008-02-12,28450.0,28450.0,27650.0,28250.0,28010.0,27385.0,29900.833333333332,30927.5,118458
2008-02-13,28200.0,29100.0,28100.0,28500.0,28130.0,27287.5,29825.833333333332,30909.166666666668,136848
2008-02-14,28900.0,29350.0,28550.0,29000.0,28370.0,27262.5,29750.833333333332,30900.833333333332,113110
2008-02-15,28550.0,29300.0,28450.0,28750.0,28540.0,27340.0,29673.333333333332,30927.916666666668,75504
2008-02-18,28750.0,29000.0,28350.0,28550.0,28610.0,27517.5,29599.166666666668,30963.75,60866
2008-02-19,28700.0,28800.0,28150.0,28750.0,28710.0,27705.0,29532.5,30974.583333333332,89968
2008-02-20,28450.0,28500.0,27250.0,27500.0,28510.0,27830.0,29440.833333333332,30970.833333333332,77834
2008-02-21,27950.0,27950.0,27300.0,27300.0,28170.0,27982.5,29354.166666666668,30957.5,54986
2008-02-22,27250.0,27600.0,26350.0,26800.0,27780.0,28135.0,29273.333333333332,30933.75,83864
2008-02-25,26850.0,27900.0,26850.0,27500.0,27570.0,28252.5,29231.666666666668,30921.25,68492
2008-02-26,28000.0,28050.0,26800.0,26800.0,27180.0,28155.0,29202.5,30902.916666666668,95580
2008-02-27,27150.0,27250.0,26500.0,26700.0,27020.0,28022.5,29145.0,30883.75,136146
2008-02-28,26900.0,27000.0,26550.0,27000.0,26960.0,27915.0,29093.333333333332,30865.833333333332,166334
2008-02-29,26650.0,27000.0,26500.0,26950.0,26990.0,27850.0,29046.666666666668,30847.5,54742
2008-03-03,26450.0,26800.0,26150.0,26650.0,26820.0,27785.0,28995.0,30825.833333333332,69056
2008-03-04,27000.0,27000.0,26000.0,26050.0,26670.0,27642.5,28900.833333333332,30803.75,92676
2008-03-05,26400.0,26850.0,25600.0,25900.0,26510.0,27542.5,28807.5,30785.833333333332,182776
2008-03-06,26000.0,26200.0,25250.0,25700.0,26250.0,27437.5,28712.5,30764.583333333332,191162
2008-03-07,25150.0,25550.0,24500.0,24950.0,25850.0,27290.0,28599.166666666668,30727.083333333332,261756
2008-03-10,24550.0,24850.0,23850.0,23850.0,25290.0,27072.5,28462.5,30687.083333333332,243392
2008-03-11,23750.0,24350.0,23550.0,23775.0,24835.0,26848.75,28333.75,30658.125,274318
2008-03-12,25500.0,25800.0,24425.0,25400.0,24735.0,26693.75,28265.416666666668,30650.625,700940
2008-03-13,25150.0,25300.0,23750.0,24025.0,24400.0,26445.0,28180.0,30632.083333333332,318092
2008-03-14,24600.0,24600.0,23350.0,24025.0,24215.0,26208.75,28108.75,30608.958333333332,298928
2008-03-17,24000.0,24775.0,22525.0,24700.0,24385.0,26016.25,28021.25,30586.875,343670
2008-03-18,25000.0,26250.0,23700.0,26250.0,24880.0,25891.25,27917.083333333332,30576.041666666668,399522
2008-03-19,27000.0,27300.0,26700.0,27050.0,25210.0,25868.75,27854.583333333332,30563.125,348108
2008-03-20,26350.0,27700.0,26350.0,27550.0,25915.0,25881.25,27789.583333333332,30551.041666666668,160252
2008-03-21,27750.0,28100.0,27300.0,28000.0,26710.0,25941.25,27757.083333333332,30547.708333333332,216482
2008-03-24,28100.0,28150.0,27000.0,27650.0,27300.0,25948.75,27722.083333333332,30533.541666666668,220030
2008-03-25,27950.0,28200.0,27500.0,27650.0,27580.0,25991.25,27662.916666666668,30521.458333333332,189588
2008-03-26,28000.0,28900.0,27850.0,28550.0,27880.0,26083.75,27633.75,30509.375,311282
2008-03-27,28750.0,28750.0,28100.0,28200.0,28010.0,26143.75,27587.083333333332,30482.291666666668,90702
2008-03-28,28200.0,28600.0,27700.0,27900.0,27990.0,26191.25,27522.916666666668,30450.208333333332,267164
2008-03-31,27800.0,28600.0,27300.0,27900.0,28040.0,26253.75,27478.75,30414.375,173628
2008-04-01,28000.0,28350.0,27350.0,27350.0,27980.0,26318.75,27421.25,30379.791666666668,117576
2008-04-02,27750.0,28350.0,27250.0,27750.0,27820.0,26411.25,27347.916666666668,30354.791666666668,219862
2008-04-03,27450.0,27700.0,26600.0,27600.0,27700.0,26506.25,27279.583333333332,30328.541666666668,389166
2008-04-04,27450.0,27500.0,26700.0,27100.0,27540.0,26613.75,27197.916666666668,30301.041666666668,287726
2008-04-07,27100.0,27850.0,26950.0,27450.0,27450.0,26793.75,27131.25,30255.208333333332,174316
2008-04-08,27500.0,27550.0,26850.0,27250.0,27430.0,26967.5,27067.083333333332,30202.291666666668,124276
2008-04-10,27050.0,28100.0,27050.0,28000.0,27480.0,27097.5,27026.25,30146.458333333332,201116
2008-04-11,28000.0,29600.0,27650.0,29050.0,27770.0,27348.75,27018.75,30096.458333333332,392466
2008-04-14,28850.0,29750.0,28550.0,29550.0,28260.0,27625.0,27057.916666666668,30030.625,357406
2008-04-15,29600.0,29750.0,28950.0,29550.0,28680.0,27867.5,27133.75,29953.958333333332,195676
2008-04-16,29650.0,29850.0,28750.0,29500.0,29130.0,28030.0,27208.75,29883.125,286774
2008-04-17,30000.0,30450.0,29600.0,29900.0,29510.0,28172.5,27290.416666666668,29835.208333333332,247182
2008-04-18,29900.0,30000.0,29250.0,29400.0,29580.0,28265.0,27376.25,29776.041666666668,112608
2008-04-21,29750.0,31000.0,29250.0,30400.0,29750.0,28385.0,27487.083333333332,29726.041666666668,355318
2008-04-22,31000.0,31000.0,29950.0,30250.0,29890.0,28515.0,27572.083333333332,29657.708333333332,209972
2008-04-23,30250.0,30800.0,30000.0,30800.0,30150.0,28672.5,27606.25,29579.375,186088
2008-04-24,30650.0,32000.0,30300.0,30400.0,30250.0,28765.0,27623.75,29498.541666666668,513760
2008-04-25,31000.0,32900.0,30850.0,32450.0,30860.0,28977.5,27678.75,29440.208333333332,578124
2008-04-28,33000.0,33000.0,31750.0,31800.0,31140.0,29172.5,27737.916666666668,29376.458333333332,215410
2008-04-29,31700.0,32750.0,31150.0,32000.0,31490.0,29377.5,27805.416666666668,29328.541666666668,231006
2008-04-30,32400.0,32700.0,31850.0,32450.0,31820.0,29632.5,27864.583333333332,29285.625,184832
2008-05-01,32450.0,32450.0,32450.0,32450.0,32230.0,29867.5,27940.416666666668,29241.458333333332,0
2008-05-02,32850.0,32900.0,32150.0,32300.0,32200.0,30102.5,28015.416666666668,29183.125,222622
2008-05-05,32300.0,32300.0,32300.0,32300.0,32300.0,30362.5,28088.75,29127.708333333332,0
2008-05-06,32300.0,32300.0,31500.0,31650.0,32230.0,30572.5,28146.25,29083.125,215730
2008-05-07,31850.0,32450.0,31700.0,32350.0,32210.0,30827.5,28214.583333333332,29057.708333333332,564398
2008-05-08,31800.0,32450.0,31150.0,32450.0,32210.0,31050.0,28280.416666666668,29053.125,282336
2008-05-09,32550.0,32600.0,31450.0,31500.0,32050.0,31172.5,28322.083333333332,29036.458333333332,246842
2008-05-12,31500.0,31500.0,31500.0,31500.0,31890.0,31270.0,28367.916666666668,29020.625,0
2008-05-13,31350.0,32850.0,31300.0,32700.0,32100.0,31427.5,28437.083333333332,29018.125,345504
2008-05-14,33050.0,34500.0,33050.0,33800.0,32390.0,31642.5,28521.25,29026.875,542008
2008-05-15,34300.0,34400.0,33250.0,34000.0,32700.0,31847.5,28629.583333333332,29035.208333333332,275676
2008-05-16,34250.0,34250.0,33400.0,34150.0,33230.0,32085.0,28743.75,29048.958333333332,192192
2008-05-19,34150.0,34600.0,33100.0,33350.0,33600.0,32232.5,28852.916666666668,29063.125,275202
2008-05-20,33950.0,34400.0,33100.0,33400.0,33740.0,32390.0,28951.25,29091.458333333332,240244
2008-05-21,32450.0,32500.0,31200.0,31350.0,33250.0,32417.5,29027.083333333332,29114.791666666668,718162
2008-05-22,30550.0,31300.0,29900.0,30800.0,32610.0,32437.5,29095.416666666668,29120.208333333332,252980
2008-05-23,31150.0,32050.0,31000.0,31350.0,32050.0,32382.5,29167.916666666668,29130.625,220230
2008-05-26,30850.0,31150.0,30000.0,30500.0,31480.0,32317.5,29227.083333333332,29136.875,199518
2008-05-27,30800.0,31850.0,30750.0,31600.0,31120.0,32297.5,29309.583333333332,29152.291666666668,326572
2008-05-28,31700.0,32150.0,31550.0,31550.0,31160.0,32252.5,29401.25,29151.041666666668,158582
2008-05-29,31450.0,32150.0,31350.0,31700.0,31340.0,32215.0,29497.916666666668,29152.708333333332,173738
2008-05-30,32000.0,32250.0,31000.0,31400.0,31350.0,32170.0,29592.916666666668,29152.708333333332,185174
2008-06-02,31700.0,32150.0,31000.0,31750.0,31600.0,32142.5,29706.25,29152.708333333332,112164
2008-06-03,30900.0,31300.0,30250.0,30300.0,31340.0,32075.0,29813.75,29138.125,438732
2008-06-04,30150.0,31300.0,30050.0,31000.0,31230.0,32007.5,29934.166666666668,29133.958333333332,229376
2008-06-05,31250.0,31250.0,30550.0,30750.0,31040.0,31922.5,30023.333333333332,29144.375,55722
2008-06-06,30750.0,30750.0,30750.0,30750.0,30910.0,31885.0,30135.416666666668,29157.708333333332,0
2008-06-09,29400.0,31000.0,29400.0,30250.0,30610.0,31822.5,30239.166666666668,29173.958333333332,131022
2008-06-10,30500.0,30550.0,28900.0,28900.0,30330.0,31632.5,30309.166666666668,29165.208333333332,181466
2008-06-11,28950.0,30350.0,28450.0,30250.0,30180.0,31455.0,30375.833333333332,29146.458333333332,228282
2008-06-12,30000.0,30600.0,29250.0,30550.0,30140.0,31282.5,30434.166666666668,29144.375,140900
2008-06-13,30500.0,30650.0,29800.0,30000.0,29990.0,31075.0,30475.0,29132.291666666668,113620
2008-06-16,29900.0,31350.0,29900.0,31200.0,30180.0,30967.5,30528.333333333332,29142.708333333332,318342
2008-06-17,31200.0,31500.0,30250.0,31500.0,30700.0,30872.5,30592.5,29157.291666666668,180798
2008-06-18,31100.0,31400.0,30600.0,31200.0,30890.0,30865.0,30651.666666666668,29157.291666666668,189778
2008-06-19,31350.0,31900.0,30550.0,30550.0,30890.0,30852.5,30685.0,29159.375,284378
2008-06-20,30950.0,31150.0,30300.0,30500.0,30990.0,30810.0,30723.333333333332,29155.208333333332,124738
2008-06-23,30250.0,31100.0,30000.0,30850.0,30920.0,30827.5,30772.5,29147.708333333332,147944
2008-06-24,31150.0,31250.0,30600.0,31250.0,30870.0,30810.0,30828.333333333332,29153.541666666668,168162
2008-06-25,31300.0,31650.0,30250.0,31650.0,30960.0,30815.0,30900.0,29160.625,195718
2008-06-26,31650.0,31850.0,30950.0,31350.0,31120.0,30797.5,30960.0,29153.958333333332,245848
2008-06-27,30100.0,30800.0,29950.0,30800.0,31180.0,30767.5,31013.333333333332,29146.458333333332,197322
2008-06-30,30400.0,30850.0,30050.0,30600.0,31130.0,30710.0,31071.666666666668,29134.791666666668,134282
2008-07-01,30900.0,30950.0,30150.0,30150.0,30910.0,30702.5,31116.666666666668,29123.958333333332,95430
2008-07-02,29800.0,30250.0,28650.0,28950.0,30370.0,30600.0,31145.0,29106.041666666668,193676
2008-07-03,27650.0,30750.0,27650.0,30750.0,30250.0,30600.0,31190.833333333332,29108.541666666668,271058
2008-07-04,30500.0,30750.0,29900.0,30250.0,30140.0,30575.0,31210.833333333332,29114.791666666668,164542
2008-07-07,29500.0,30000.0,28700.0,29600.0,29940.0,30542.5,31211.666666666668,29134.791666666668,203432
2008-07-08,29850.0,29850.0,27700.0,28900.0,29690.0,30542.5,31200.833333333332,29167.291666666668,132022
2008-07-09,29300.0,29350.0,27600.0,28050.0,29510.0,30432.5,31176.666666666668,29192.708333333332,178830
2008-07-10,27500.0,28550.0,27250.0,28550.0,29070.0,30332.5,31154.166666666668,29222.291666666668,102540
2008-07-11,28500.0,30700.0,28200.0,30000.0,29020.0,30332.5,31164.166666666668,29270.208333333332,177788
2008-07-14,29550.0,30600.0,29450.0,29450.0,28990.0,30245.0,31148.333333333332,29317.708333333332,88034
2008-07-15,29450.0,29450.0,27500.0,27650.0,28740.0,30052.5,31105.0,29338.541666666668,156050
2008-07-16,28300.0,29750.0,27750.0,29700.0,29070.0,29977.5,31086.666666666668,29346.458333333332,257334
2008-07-17,30550.0,30700.0,29750.0,30200.0,29400.0,29960.0,31083.333333333332,29353.541666666668,167508
2008-07-18,30500.0,30500.0,29700.0,30000.0,29400.0,29935.0,31042.5,29360.625,87492
2008-07-21,30000.0,30600.0,30000.0,30450.0,29600.0,29915.0,31020.0,29378.958333333332,116512
2008-07-22,30450.0,30700.0,30050.0,30700.0,30210.0,29887.5,30998.333333333332,29401.875,83376
2008-07-23,31000.0,31500.0,30800.0,31500.0,30570.0,29880.0,30982.5,29423.541666666668,166376
2008-07-24,31650.0,31850.0,31200.0,31850.0,30900.0,29905.0,30972.5,29456.458333333332,238100
2008-07-25,31250.0,31950.0,31250.0,31550.0,31210.0,29942.5,30960.0,29487.708333333332,154088
2008-07-28,31600.0,32750.0,31500.0,32550.0,31630.0,30040.0,30964.166666666668,29526.458333333332,203898
2008-07-29,32250.0,32300.0,31650.0,32300.0,31950.0,30147.5,30975.0,29560.625,146138
2008-07-30,32850.0,32900.0,32250.0,32450.0,32140.0,30322.5,30976.666666666668,29595.625,111930
2008-07-31,32800.0,33200.0,32600.0,33150.0,32400.0,30442.5,30988.333333333332,29634.375,221776
2008-08-01,32900.0,33250.0,32650.0,33050.0,32700.0,30582.5,31014.166666666668,29668.125,73616
2008-08-04,32550.0,32750.0,31600.0,32350.0,32660.0,30720.0,31028.333333333332,29698.125,76952
2008-08-05,32350.0,33200.0,31800.0,33200.0,32840.0,30935.0,31036.666666666668,29736.875,172952
2008-08-06,33550.0,33750.0,33100.0,33450.0,33040.0,31205.0,31030.833333333332,29776.041666666668,195074
2008-08-07,33450.0,33650.0,32850.0,33400.0,33090.0,31447.5,31020.833333333332,29825.208333333332,71076
2008-08-08,33050.0,33550.0,32900.0,33400.0,33160.0,31617.5,31008.333333333332,29876.041666666668,53114
2008-08-11,33900.0,34250.0,33600.0,34050.0,33500.0,31847.5,31020.0,29936.458333333332,174422
2008-08-12,34250.0,34550.0,33900.0,34250.0,33710.0,32177.5,31034.166666666668,29992.708333333332,128018
2008-08-13,34250.0,34250.0,33850.0,34100.0,33840.0,32397.5,31080.0,30053.541666666668,47394
2008-08-14,33650.0,34050.0,33250.0,34050.0,33970.0,32590.0,31134.166666666668,30114.791666666668,101784
2008-08-15,34050.0,34050.0,34050.0,34050.0,34100.0,32792.5,31179.166666666668,30173.541666666668,0
2008-08-18,33700.0,33900.0,32700.0,32800.0,33850.0,32910.0,31217.5,30222.291666666668,174248
2008-08-19,32100.0,32900.0,31800.0,32900.0,33580.0,33020.0,31239.166666666668,30274.375,74038
2008-08-20,32750.0,33350.0,32550.0,33350.0,33430.0,33112.5,31269.166666666668,30335.208333333332,80142
2008-08-21,33200.0,33400.0,32350.0,32900.0,33200.0,33165.0,31289.166666666668,30393.541666666668,46588
2008-08-22,32350.0,32850.0,31600.0,32450.0,32880.0,33210.0,31306.666666666668,30449.791666666668,87382
2008-08-25,32450.0,33300.0,32450.0,33300.0,32980.0,33247.5,31332.5,30519.375,101960
2008-08-26,32500.0,33750.0,32500.0,33550.0,33110.0,33310.0,31386.666666666668,30600.208333333332,90584
2008-08-27,33750.0,34000.0,33050.0,33950.0,33230.0,33385.0,31435.833333333332,30685.0,112396
2008-08-28,34000.0,34000.0,33400.0,33500.0,33350.0,33402.5,31481.666666666668,30752.5,44794
2008-08-29,33550.0,34000.0,32950.0,34000.0,33660.0,33450.0,31535.833333333332,30835.625,135184
2008-09-01,33600.0,33800.0,32050.0,32700.0,33540.0,33467.5,31576.666666666668,30907.916666666668,133076
2008-09-02,32500.0,32750.0,32050.0,32250.0,33280.0,33420.0,31632.5,30970.833333333332,96502
2008-09-03,31900.0,32550.0,31900.0,32250.0,32940.0,33360.0,31665.833333333332,31020.833333333332,130716
2008-09-04,32000.0,32550.0,31550.0,32500.0,32740.0,33315.0,31698.333333333332,31066.25,124074
2008-09-05,31800.0,32450.0,31650.0,32300.0,32400.0,33260.0,31736.666666666668,31105.833333333332,108076
2008-09-08,32600.0,33150.0,32300.0,32900.0,32440.0,33202.5,31765.0,31146.666666666668,142540
2008-09-09,32900.0,33000.0,32300.0,32900.0,32570.0,33135.0,31788.333333333332,31190.416666666668,64190
2008-09-10,32750.0,33000.0,32450.0,33000.0,32720.0,33080.0,31818.333333333332,31235.0,55758
2008-09-11,33000.0,34200.0,32500.0,34200.0,33060.0,33087.5,31879.166666666668,31282.083333333332,128582
2008-09-12,34550.0,34550.0,33800.0,34200.0,33440.0,33095.0,31940.833333333332,31332.083333333332,96952
2008-09-15,34200.0,34200.0,34200.0,34200.0,33700.0,33165.0,31996.666666666668,31384.583333333332,0
2008-09-16,32000.0,33150.0,31250.0,32200.0,33560.0,33130.0,32012.5,31420.416666666668,161464
2008-09-17,32750.0,34100.0,32400.0,33400.0,33640.0,33132.5,32041.666666666668,31470.833333333332,181598
2008-09-18,31850.0,33250.0,31850.0,33250.0,33450.0,33150.0,32073.333333333332,31516.666666666668,80
2008-09-19,34000.0,34200.0,33100.0,33100.0,33230.0,33182.5,32111.666666666668,31562.5,209928
2008-09-22,33200.0,33200.0,32050.0,32300.0,32850.0,33132.5,32140.0,31605.833333333332,260270
2008-09-23,32050.0,32700.0,32050.0,32400.0,32890.0,33075.0,32177.5,31647.083333333332,106110
2008-09-24,32400.0,33250.0,32400.0,33000.0,32810.0,33027.5,32245.0,31695.0,98004
2008-09-25,32850.0,33700.0,32750.0,33150.0,32790.0,33010.0,32285.0,31737.916666666668,80296
2008-09-26,33400.0,33700.0,32200.0,32850.0,32740.0,32952.5,32328.333333333332,31769.583333333332,129654
2008-09-29,33050.0,33500.0,32500.0,33350.0,32950.0,32985.0,32390.833333333332,31801.25,120842
2008-09-30,32050.0,33800.0,31850.0,33500.0,33170.0,33047.5,32467.5,31834.166666666668,161142
2008-10-01,33850.0,34300.0,33300.0,33650.0,33300.0,33117.5,32560.833333333332,31868.75,183482
2008-10-02,33600.0,33850.0,33250.0,33750.0,33420.0,33180.0,32647.5,31900.833333333332,116644
2008-10-03,33750.0,33750.0,33750.0,33750.0,33600.0,33252.5,32710.0,31937.083333333332,0
2008-10-06,33250.0,33600.0,32550.0,32650.0,33460.0,33240.0,32763.333333333332,31955.833333333332,57942
2008-10-07,32150.0,33200.0,32000.0,33200.0,33400.0,33255.0,32855.833333333336,31980.416666666668,104536
2008-10-08,32500.0,34000.0,32250.0,32250.0,33120.0,33217.5,32898.333333333336,31992.5,268318
2008-10-09,31750.0,32850.0,31700.0,31700.0,32710.0,33092.5,32923.333333333336,32003.333333333332,100254
2008-10-10,30750.0,32500.0,29000.0,32500.0,32460.0,33007.5,32965.0,32003.75,147824
2008-10-13,32750.0,33100.0,31000.0,32300.0,32390.0,32912.5,32995.833333333336,32007.916666666668,151500
2008-10-14,33150.0,33200.0,31600.0,32050.0,32160.0,32905.0,33018.333333333336,32008.333333333332,244056
2008-10-15,31600.0,32200.0,30500.0,31350.0,31980.0,32802.5,33015.833333333336,31999.166666666668,162884
2008-10-16,30000.0,30400.0,28050.0,29000.0,31440.0,32590.0,32968.333333333336,31970.416666666668,149238
2008-10-17,29900.0,30000.0,27250.0,28300.0,30600.0,32350.0,32914.166666666664,31937.083333333332,133100
2008-10-20,28550.0,29100.0,26900.0,28200.0,29780.0,32145.0,32841.666666666664,31902.916666666668,222086
2008-10-21,28500.0,28800.0,27150.0,27850.0,28940.0,31917.5,32767.5,31871.25,128798
2008-10-22,27500.0,28100.0,25350.0,26450.0,27960.0,31590.0,32667.5,31822.083333333332,93394
2008-10-23,24875.0,26900.0,22750.0,26450.0,27450.0,31255.0,32555.833333333332,31772.083333333332,263802
2008-10-24,25100.0,25800.0,22500.0,22500.0,26290.0,30737.5,32380.0,31697.083333333332,250200
2008-10-27,22000.0,25850.0,20500.0,22750.0,25200.0,30207.5,32220.0,31624.166666666668,266166
2008-10-28,20050.0,26150.0,20050.0,26150.0,24860.0,29840.0,32102.5,31569.583333333332,210306
2008-10-29,27500.0,28400.0,22300.0,23500.0,24270.0,29332.5,31936.666666666668,31483.75,213384
2008-10-30,25250.0,27000.0,24575.0,27000.0,24380.0,28995.0,31830.0,31425.416666666668,140510
2008-10-31,27000.0,28350.0,25500.0,27650.0,25410.0,28690.0,31734.166666666668,31371.25,160402
2008-11-03,28350.0,29000.0,27550.0,28950.0,26650.0,28505.0,31649.166666666668,31334.583333333332,148354
2008-11-04,28750.0,29250.0,27600.0,28300.0,27080.0,28260.0,31550.0,31292.083333333332,184588
2008-11-05,29000.0,29250.0,26500.0,27500.0,27880.0,28022.5,31440.0,31260.0,314702
2008-11-06,26250.0,26250.0,24100.0,25250.0,27530.0,27700.0,31293.333333333332,31213.75,197986
2008-11-07,24000.0,26000.0,23925.0,26000.0,27200.0,27375.0,31159.166666666668,31169.166666666668,163276
2008-11-10,25750.0,26100.0,24500.0,25050.0,26420.0,27012.5,31030.0,31123.75,359660
2008-11-11,24350.0,25200.0,24000.0,25050.0,25770.0,26662.5,30899.166666666668,31069.166666666668,170244
2008-11-12,24800.0,24800.0,24025.0,24750.0,25220.0,26332.5,30755.833333333332,31012.5,149614
2008-11-13,23500.0,24000.0,23250.0,23750.0,24920.0,26070.0,30603.333333333332,30946.25,90846
2008-11-14,24750.0,25050.0,23500.0,23575.0,24435.0,25833.75,30455.416666666668,30881.041666666668,116710
2008-11-17,23375.0,23975.0,23100.0,23250.0,24075.0,25586.25,30287.916666666668,30810.208333333332,86210
2008-11-18,23000.0,23750.0,23000.0,23450.0,23755.0,25366.25,30119.583333333332,30753.125,83440
2008-11-19,23650.0,23750.0,21925.0,23050.0,23415.0,25196.25,29937.916666666668,30686.875,178022
2008-11-20,21675.0,23000.0,21550.0,22375.0,23140.0,24992.5,29752.5,30617.083333333332,138144
2008-11-21,21600.0,25850.0,21600.0,25600.0,23545.0,25147.5,29612.5,30574.166666666668,173052
2008-11-24,25500.0,25500.0,24275.0,25250.0,23945.0,25272.5,29488.333333333332,30532.5,120790
2008-11-25,25700.0,26000.0,21500.0,24000.0,24055.0,25165.0,29350.833333333332,30491.666666666668,720646
2008-11-26,23500.0,23500.0,20925.0,22500.0,23945.0,25115.0,29188.333333333332,30427.083333333332,840562
2008-11-27,23200.0,23500.0,22425.0,23050.0,24080.0,24917.5,29030.833333333332,30364.583333333332,323256
2008-11-28,23100.0,23475.0,22275.0,23050.0,23570.0,24687.5,28876.666666666668,30306.666666666668,339672
2008-12-01,23050.0,23100.0,21900.0,21900.0,22900.0,24335.0,28693.333333333332,30229.166666666668,104220
2008-12-02,20600.0,20825.0,19175.0,19500.0,22000.0,23895.0,28470.0,30129.166666666668,591922
2008-12-03,19950.0,20075.0,17850.0,18775.0,21255.0,23458.75,28232.916666666668,30025.625,899684
2008-12-04,19100.0,20400.0,18750.0,19675.0,20580.0,23180.0,27990.833333333332,29935.0,539982
2008-12-05,19675.0,20750.0,19050.0,20550.0,20080.0,22907.5,27763.333333333332,29852.083333333332,319594
2008-12-08,20575.0,22600.0,20300.0,22600.0,20220.0,22785.0,27570.0,29783.333333333332,457668
2008-12-09,22350.0,22400.0,21000.0,21000.0,20520.0,22582.5,27383.333333333332,29697.916666666668,437414
2008-12-10,21050.0,22450.0,21025.0,22150.0,21195.0,22452.5,27195.833333333332,29618.75,320664
2008-12-11,22175.0,22200.0,21275.0,21750.0,21610.0,22352.5,27004.166666666668,29538.75,294432
2008-12-12,21150.0,22000.0,20000.0,21050.0,21710.0,22226.25,26803.333333333332,29457.5,154654
2008-12-15,21550.0,22250.0,21525.0,22250.0,21640.0,22176.25,26635.833333333332,29387.916666666668,161840
2008-12-16,22000.0,23450.0,21650.0,23450.0,22130.0,22176.25,26486.666666666668,29332.083333333332,263978
2008-12-17,23900.0,24350.0,22550.0,23250.0,22350.0,22186.25,26324.166666666668,29284.583333333332,234816
2008-12-18,23500.0,24225.0,23350.0,23950.0,22790.0,22265.0,26170.833333333332,29227.916666666668,198980
2008-12-19,23900.0,23900.0,23250.0,23575.0,23295.0,22163.75,26016.25,29172.291666666668,74000
2008-12-22,23725.0,23925.0,23325.0,23500.0,23545.0,22076.25,25852.083333333332,29121.458333333332,68420
2008-12-23,23050.0,23225.0,21600.0,22000.0,23255.0,21976.25,25660.416666666668,29063.958333333332,184418
2008-12-24,21250.0,21750.0,19800.0,21075.0,22820.0,21905.0,25450.833333333332,29005.833333333332,303026
2008-12-25,21075.0,21075.0,21075.0,21075.0,22245.0,21806.25,25239.583333333332,28943.541666666668,0
2008-12-26,20775.0,21425.0,20375.0,21000.0,21730.0,21703.75,25027.083333333332,28868.541666666668,132112
2008-12-29,20700.0,21875.0,20200.0,21875.0,21405.0,21702.5,24847.5,28805.416666666668,105020
2008-12-30,21725.0,23350.0,21500.0,23350.0,21675.0,21895.0,24683.333333333332,28769.583333333332,147978
2008-12-31,23350.0,23350.0,23350.0,23350.0,22130.0,22123.75,24535.0,28716.666666666668,0
2009-01-02,22750.0,22950.0,22225.0,22750.0,22465.0,22277.5,24385.833333333332,28654.583333333332,125360
2009-01-05,23100.0,23125.0,22725.0,22750.0,22815.0,22387.5,24223.333333333332,28594.166666666668,70076
2009-01-06,22700.0,23125.0,22525.0,22750.0,22990.0,22395.0,24064.166666666668,28530.0,69250
2009-01-07,22875.0,23075.0,22400.0,22825.0,22885.0,22486.25,23910.416666666668,28464.375,345416
2009-01-08,22400.0,22550.0,21825.0,21975.0,22610.0,22477.5,23754.166666666668,28385.0,179726
2009-01-09,22300.0,22375.0,21550.0,22375.0,22535.0,22508.75,23643.75,28306.041666666668,154920
2009-01-12,21975.0,22250.0,21425.0,21625.0,22310.0,22537.5,23532.5,28223.333333333332,88588
2009-01-13,21400.0,21975.0,21125.0,21250.0,22010.0,22487.5,23416.666666666668,28129.166666666668,58692
2009-01-14,21400.0,22375.0,21175.0,22375.0,21920.0,22433.75,23325.416666666668,28046.458333333332,103100
2009-01-15,21650.0,21850.0,21225.0,21400.0,21805.0,22341.25,23241.25,27954.375,50598
2009-01-16,21400.0,21625.0,20325.0,21200.0,21570.0,22203.75,23153.75,27854.791666666668,242656
2009-01-19,21200.0,21650.0,20800.0,21450.0,21535.0,22097.5,23136.25,27758.125,99460
2009-01-20,21300.0,21725.0,20800.0,21400.0,21565.0,21992.5,23113.75,27666.875,83054
2009-01-21,20450.0,22050.0,20300.0,21950.0,21480.0,21990.0,23043.75,27573.125,77264
2009-01-22,22250.0,22250.0,21325.0,21800.0,21560.0,22026.25,23015.416666666668,27476.041666666668,138128
2009-01-23,21525.0,22500.0,21000.0,22050.0,21730.0,22075.0,22932.916666666668,27381.458333333332,224038
2009-01-28,22400.0,24250.0,22350.0,24250.0,22290.0,22237.5,22876.25,27305.208333333332,471942
2009-01-29,24000.0,24250.0,23500.0,24000.0,22810.0,22343.75,22793.75,27221.458333333332,191912
2009-01-30,23400.0,24900.0,23175.0,24400.0,23300.0,22396.25,22728.75,27139.375,212400
2009-02-02,24000.0,24500.0,23600.0,24275.0,23795.0,22442.5,22675.0,27057.5,75824
2009-02-03,24300.0,24700.0,23775.0,24700.0,24325.0,22540.0,22665.833333333332,26979.583333333332,145380
2009-02-04,24750.0,25500.0,24750.0,25500.0,24575.0,22677.5,22657.5,26908.333333333332,297260
2009-02-05,24950.0,25700.0,24575.0,24850.0,24745.0,22782.5,22654.166666666668,26842.083333333332,184062
2009-02-06,25100.0,25250.0,23875.0,24200.0,24705.0,22851.25,22640.0,26769.583333333332,293782
2009-02-09,24750.0,24875.0,24025.0,24200.0,24690.0,22962.5,22630.833333333332,26693.333333333332,187250
2009-02-10,24900.0,25250.0,23775.0,25000.0,24750.0,23093.75,22651.666666666668,26627.5,109798
2009-02-11,24050.0,25950.0,24050.0,25750.0,24800.0,23300.0,22687.916666666668,26571.666666666668,219558
2009-02-12,25900.0,27100.0,25750.0,26400.0,25110.0,23557.5,22740.416666666668,26514.166666666668,244832
2009-02-13,26500.0,27250.0,26000.0,26750.0,25620.0,23776.25,22795.416666666668,26457.5,180196
2009-02-16,26250.0,27750.0,26250.0,26500.0,26080.0,24031.25,22852.916666666668,26395.416666666668,169166
2009-02-17,26400.0,26900.0,25550.0,25750.0,26230.0,24258.75,22909.166666666668,26330.833333333332,98958
2009-02-18,25500.0,27100.0,24675.0,26050.0,26290.0,24488.75,22916.666666666668,26264.583333333332,188776
2009-02-19,27050.0,27050.0,25800.0,26650.0,26340.0,24751.25,22940.0,26214.166666666668,131594
2009-02-20,26000.0,26700.0,25750.0,26500.0,26290.0,24978.75,22981.666666666668,26166.25,135998
2009-02-23,25850.0,27500.0,25750.0,27000.0,26390.0,25238.75,23056.666666666668,26122.5,89816
2009-02-24,27250.0,27250.0,25800.0,26500.0,26540.0,25461.25,23114.166666666668,26072.5,86580
2009-02-25,26650.0,27100.0,26000.0,26750.0,26680.0,25586.25,23175.833333333332,26026.25,67992
2009-02-26,26800.0,27150.0,25850.0,27000.0,26750.0,25736.25,23260.833333333332,25977.083333333332,82458
2009-02-27,26400.0,27250.0,26300.0,26950.0,26840.0,25863.75,23385.0,25927.5,76658
2009-03-02,26300.0,26500.0,25150.0,25950.0,26630.0,25947.5,23504.583333333332,25868.75,101472
2009-03-03,24975.0,25500.0,24975.0,25050.0,26340.0,25965.0,23594.166666666668,25792.5,127532
2009-03-04,24800.0,26250.0,24775.0,26000.0,26190.0,25990.0,23685.0,25724.166666666668,109832
2009-03-05,25900.0,26350.0,25150.0,25650.0,25920.0,26030.0,23735.833333333332,25652.916666666668,55150
2009-03-06,25050.0,25900.0,25050.0,25650.0,25660.0,26102.5,23813.333333333332,25598.333333333332,62614
2009-03-09,25350.0,26000.0,24475.0,25100.0,25490.0,26147.5,23862.5,25529.166666666668,147460
2009-03-10,24725.0,25150.0,24550.0,25150.0,25510.0,26155.0,23919.166666666668,25461.666666666668,94174
2009-03-11,25450.0,26400.0,24975.0,26300.0,25570.0,26182.5,24006.666666666668,25405.0,119338
2009-03-12,26300.0,26300.0,25400.0,25950.0,25630.0,26160.0,24068.333333333332,25352.083333333332,49082
2009-03-13,26000.0,26200.0,25350.0,25450.0,25590.0,26095.0,24101.666666666668,25294.166666666668,80696
2009-03-16,25300.0,26500.0,25250.0,26500.0,25870.0,26095.0,24155.833333333332,25240.0,136478
2009-03-17,26500.0,27550.0,26300.0,27500.0,26340.0,26182.5,24215.0,25192.916666666668,118818
2009-03-18,27500.0,27650.0,26750.0,27250.0,26530.0,26242.5,24276.25,25146.25,85048
2009-03-19,27500.0,27500.0,26750.0,26950.0,26730.0,26257.5,24333.75,25092.916666666668,86986
2009-03-20,27250.0,27250.0,26600.0,26950.0,27030.0,26280.0,24416.25,25038.333333333332,67546
2009-03-23,26650.0,27350.0,26650.0,27300.0,27190.0,26295.0,24520.0,24985.416666666668,554
2009-03-24,27950.0,28350.0,27350.0,27900.0,27270.0,26365.0,24633.75,24936.666666666668,69556
2009-03-25,28100.0,28100.0,27000.0,27550.0,27330.0,26405.0,24742.916666666668,24885.0,99008
2009-03-26,27350.0,27650.0,26900.0,27000.0,27340.0,26405.0,24828.333333333332,24837.916666666668,103572
2009-03-27,27200.0,28200.0,26750.0,27150.0,27380.0,26415.0,24891.666666666668,24787.5,167266
2009-03-30,27150.0,27150.0,25800.0,26250.0,27170.0,26430.0,24940.0,24737.5,95214
2009-03-31,26100.0,27150.0,25550.0,26500.0,26890.0,26502.5,25002.5,24694.166666666668,118678
2009-04-01,26650.0,27600.0,26450.0,27200.0,26820.0,26562.5,25076.666666666668,24650.0,537628
2009-04-02,27850.0,28000.0,27150.0,27750.0,26970.0,26667.5,25160.0,24612.083333333332,791510
2009-04-03,28000.0,28100.0,27050.0,27250.0,26990.0,26747.5,25233.75,24572.083333333332,194668
2009-04-06,27350.0,27500.0,26900.0,27250.0,27190.0,26855.0,25321.666666666668,24537.916666666668,152216
2009-04-07,27250.0,27500.0,26550.0,27000.0,27290.0,26947.5,25398.75,24521.25,168724
2009-04-08,26750.0,26750.0,26000.0,26000.0,27050.0,26932.5,25471.666666666668,24502.083333333332,153892
2009-04-09,26050.0,27750.0,26000.0,27750.0,27050.0,27022.5,25580.0,24498.333333333332,383050
2009-04-10,27950.0,28300.0,27200.0,28150.0,27230.0,27157.5,25676.25,24500.833333333332,203174
2009-04-13,28900.0,31850.0,28050.0,31250.0,28030.0,27395.0,25840.416666666668,24540.833333333332,820610
2009-04-14,31150.0,32200.0,29900.0,31250.0,28880.0,27582.5,26007.916666666668,24580.833333333332,243038
2009-04-15,30550.0,31400.0,30000.0,30650.0,29810.0,27752.5,26161.25,24648.75,117882
2009-04-16,31600.0,32000.0,29400.0,30350.0,30330.0,27922.5,26310.416666666668,24712.083333333332,318704
2009-04-17,30500.0,30500.0,29350.0,30000.0,30700.0,28075.0,26444.583333333332,24744.166666666668,94792
2009-04-20,29550.0,30000.0,28950.0,29600.0,30370.0,28190.0,26574.583333333332,24795.0,92542
2009-04-21,29050.0,29950.0,28650.0,29950.0,30110.0,28292.5,26706.25,24819.583333333332,138972
2009-04-22,30000.0,31400.0,29100.0,31150.0,30210.0,28472.5,26821.25,24848.75,188688
2009-04-23,31050.0,31250.0,29200.0,29250.0,29990.0,28585.0,26908.75,24851.25,696980
2009-04-24,29300.0,29850.0,27750.0,28400.0,29670.0,28647.5,26975.416666666668,24852.083333333332,270452
2009-04-27,30500.0,31950.0,30000.0,30950.0,29940.0,28882.5,27086.666666666668,24880.833333333332,4432272
2009-04-28,31000.0,31500.0,30400.0,30850.0,30120.0,29100.0,27189.166666666668,24927.5,296158
2009-04-29,30800.0,32500.0,30500.0,32500.0,30390.0,29365.0,27305.833333333332,24981.666666666668,353798
2009-04-30,33200.0,33850.0,32150.0,32550.0,31050.0,29605.0,27434.166666666668,25044.166666666668,294840
2009-05-04,33050.0,34500.0,32750.0,33950.0,32160.0,29940.0,27596.666666666668,25118.333333333332,330798
2009-05-06,33950.0,35500.0,33000.0,34700.0,32910.0,30312.5,27771.666666666668,25201.25,350016
2009-05-07,34750.0,35400.0,34250.0,34250.0,33590.0,30675.0,27925.833333333332,25288.75,198208
2009-05-08,34250.0,35000.0,33750.0,33950.0,33880.0,31072.5,28062.5,25375.208333333332,65530
2009-05-11,33950.0,34700.0,33750.0,34600.0,34290.0,31415.0,28199.166666666668,25469.791666666668,88698
2009-05-12,34700.0,36150.0,34600.0,35750.0,34650.0,31795.0,28349.166666666668,25572.291666666668,210628
2009-05-13,36000.0,36100.0,34900.0,35500.0,34810.0,32007.5,28499.166666666668,25676.041666666668,133932
2009-05-14,34650.0,37000.0,34650.0,35500.0,35060.0,32220.0,28661.666666666668,25785.416666666668,281172
2009-05-15,36150.0,37000.0,35550.0,36000.0,35470.0,32487.5,28827.5,25872.083333333332,215456
2009-05-18,36050.0,36850.0,35450.0,35550.0,35660.0,32747.5,28975.833333333332,25957.916666666668,189320
2009-05-19,36650.0,37700.0,36300.0,37000.0,35910.0,33097.5,29150.833333333332,26066.25,568734
2009-05-20,37200.0,38250.0,36500.0,37950.0,36400.0,33515.0,29333.333333333332,26195.0,296308
2009-05-21,38000.0,40000.0,38000.0,39000.0,37100.0,33967.5,29541.666666666668,26327.916666666668,441294
2009-05-22,38800.0,44850.0,38550.0,41950.0,38290.0,34507.5,29795.0,26485.416666666668,761200
2009-05-25,41950.0,44000.0,39550.0,43650.0,39910.0,35227.5,30072.5,26666.666666666668,685916
2009-05-26,43650.0,45000.0,41550.0,43250.0,41160.0,35970.0,30344.166666666668,26864.583333333332,517690
2009-05-27,43500.0,43950.0,37450.0,41300.0,41830.0,36487.5,30600.0,27052.291666666668,242770
2009-05-28,40350.0,41200.0,37750.0,40450.0,42120.0,36967.5,30856.666666666668,27225.416666666668,316230
2009-05-29,40750.0,41250.0,38750.0,39750.0,41680.0,37330.0,31085.833333333332,27385.416666666668,231828
2009-06-01,39100.0,41450.0,39100.0,40850.0,41120.0,37745.0,31339.166666666668,27537.5,149690
2009-06-02,41250.0,41550.0,38900.0,38900.0,40250.0,37992.5,31560.0,27686.666666666668,184904
2009-06-03,39550.0,39950.0,38600.0,39500.0,39890.0,38232.5,31800.0,27831.25,133014
2009-06-04,39500.0,39500.0,37800.0,37800.0,39360.0,38410.0,32010.833333333332,27965.0,82654
2009-06-05,38000.0,39000.0,36650.0,38800.0,39170.0,38652.5,32219.166666666668,28112.916666666668,188478
2009-06-08,38500.0,39000.0,37800.0,38350.0,38670.0,38840.0,32425.833333333332,28247.083333333332,149286
2009-06-09,38500.0,40500.0,38050.0,39500.0,38790.0,39027.5,32660.0,28380.833333333332,343780
2009-06-10,39900.0,41200.0,39500.0,40100.0,38910.0,39257.5,32886.666666666664,28521.25,287818
2009-06-11,40400.0,41000.0,39600.0,41000.0,39550.0,39532.5,33111.666666666664,28663.333333333332,175154
2009-06-12,40600.0,40800.0,39000.0,40750.0,39940.0,39770.0,33336.666666666664,28806.458333333332,258030
2009-06-15,40750.0,40750.0,39250.0,39400.0,40150.0,39962.5,33544.166666666664,28938.958333333332,124772
2009-06-16,38650.0,39750.0,38650.0,39150.0,40080.0,40070.0,33747.5,29081.875,103774
2009-06-17,38850.0,40500.0,38750.0,40000.0,40060.0,40172.5,33959.166666666664,29239.583333333332,200154
2009-06-18,40250.0,41600.0,39900.0,40650.0,39990.0,40255.0,34171.666666666664,29402.708333333332,135096
2009-06-19,40500.0,42250.0,40500.0,42150.0,40270.0,40265.0,34415.0,29578.958333333332,182870
2009-06-22,42400.0,43750.0,41800.0,43350.0,41060.0,40250.0,34687.5,29757.916666666668,213934
2009-06-23,43000.0,44750.0,42250.0,43000.0,41830.0,40237.5,34951.666666666664,29921.666666666668,237350
2009-06-24,43350.0,44000.0,41000.0,42950.0,42420.0,40320.0,35230.0,30085.0,267652
2009-06-25,43350.0,43750.0,42050.0,43750.0,43040.0,40485.0,35517.5,30260.0,214192
2009-06-26,43750.0,43750.0,42300.0,42750.0,43160.0,40635.0,35776.666666666664,30426.666666666668,135956
2009-06-29,43000.0,43000.0,41650.0,42000.0,42890.0,40692.5,36014.166666666664,30587.083333333332,207142
2009-06-30,41250.0,42500.0,41250.0,42400.0,42770.0,40867.5,36266.666666666664,30750.208333333332,254974
2009-07-01,42350.0,42350.0,38900.0,39250.0,42030.0,40855.0,36466.666666666664,30894.166666666668,480632
2009-07-02,39800.0,40750.0,39000.0,39100.0,41100.0,40920.0,36668.333333333336,31033.541666666668,412364
2009-07-03,39000.0,40700.0,38400.0,40300.0,40610.0,40995.0,36906.666666666664,31189.166666666668,325848
2009-07-06,40300.0,40700.0,39750.0,40300.0,40270.0,41092.5,37115.833333333336,31347.916666666668,116346
2009-07-07,40300.0,40650.0,39700.0,39950.0,39780.0,41115.0,37312.5,31494.375,94414
2009-07-08,40200.0,41950.0,39750.0,41950.0,40320.0,41207.5,37490.833333333336,31665.625,295256
2009-07-09,42500.0,42850.0,41600.0,41600.0,40820.0,41237.5,37663.333333333336,31835.625,189182
2009-07-10,41800.0,42200.0,40300.0,41250.0,41010.0,41262.5,37840.0,32000.625,99166
2009-07-13,41000.0,41550.0,40050.0,40050.0,40960.0,41295.0,38001.666666666664,32156.041666666668,87436
2009-07-14,41000.0,41000.0,39150.0,39950.0,40960.0,41335.0,38167.5,32306.041666666668,143332
2009-07-15,40450.0,40900.0,39550.0,40450.0,40660.0,41357.5,38348.333333333336,32461.458333333332,45212
2009-07-16,41100.0,41100.0,39300.0,39750.0,40290.0,41312.5,38511.666666666664,32608.958333333332,124222
2009-07-17,40150.0,40200.0,39300.0,40000.0,40040.0,41205.0,38659.166666666664,32740.208333333332,58994
2009-07-20,39900.0,41250.0,39900.0,41250.0,40280.0,41100.0,38859.166666666664,32883.958333333336,177150
2009-07-21,41700.0,41700.0,40500.0,40750.0,40440.0,40987.5,39065.0,33020.208333333336,93870
2009-07-22,40950.0,41350.0,40250.0,40350.0,40420.0,40857.5,39221.666666666664,33154.166666666664,102800
2009-07-23,40350.0,40600.0,39600.0,39600.0,40390.0,40650.0,39367.5,33278.333333333336,87938
2009-07-24,40050.0,40400.0,39150.0,40400.0,40470.0,40532.5,39499.166666666664,33402.5,200994
2009-07-27,39800.0,40450.0,39800.0,40400.0,40300.0,40452.5,39630.0,33532.083333333336,86032
2009-07-28,40750.0,40750.0,40000.0,40000.0,40150.0,40332.5,39730.833333333336,33663.75,72078
2009-07-29,40000.0,40400.0,39250.0,39500.0,39980.0,40345.0,39810.833333333336,33791.25,119558
2009-07-30,39250.0,39450.0,36950.0,37800.0,39620.0,40280.0,39870.0,33897.916666666664,458382
2009-07-31,38000.0,38650.0,37850.0,38550.0,39250.0,40192.5,39946.666666666664,34004.583333333336,138106
2009-08-03,39050.0,40450.0,38550.0,39900.0,39150.0,40172.5,40035.0,34117.083333333336,208516
2009-08-04,40500.0,40850.0,39400.0,40250.0,39200.0,40187.5,40110.0,34229.583333333336,231636
2009-08-05,40000.0,41150.0,39900.0,40750.0,39450.0,40127.5,40197.5,34348.333333333336,135844
2009-08-06,40750.0,41250.0,40050.0,40650.0,40020.0,40080.0,40283.333333333336,34472.5,122502
2009-08-07,40500.0,40750.0,39900.0,40000.0,40310.0,40017.5,40350.0,34588.75,79982
2009-08-10,40150.0,40450.0,39150.0,39150.0,40160.0,39972.5,40410.0,34692.916666666664,166592
2009-08-11,39350.0,39600.0,39100.0,39100.0,39930.0,39930.0,40445.0,34797.916666666664,116772
2009-08-12,39100.0,39100.0,38300.0,38900.0,39560.0,39852.5,40460.833333333336,34897.083333333336,119274
2009-08-13,39500.0,41600.0,39150.0,41500.0,39730.0,39940.0,40502.5,35022.083333333336,312882
2009-08-14,42000.0,42750.0,41500.0,41500.0,40030.0,40015.0,40495.0,35145.0,227970
2009-08-17,42150.0,42150.0,40400.0,40500.0,40300.0,39977.5,40442.5,35257.5,112204
2009-08-18,39650.0,41350.0,39650.0,40500.0,40580.0,39965.0,40396.666666666664,35370.416666666664,139142
2009-08-19,40950.0,41900.0,40450.0,41350.0,41070.0,40015.0,40397.5,35498.75,118232
2009-08-20,42100.0,43000.0,40250.0,43000.0,41370.0,40185.0,40440.0,35648.333333333336,226014
2009-08-21,43200.0,45250.0,43150.0,44000.0,41870.0,40365.0,40510.833333333336,35798.333333333336,400672
2009-08-24,45150.0,48400.0,45100.0,47850.0,43340.0,40737.5,40627.5,35983.333333333336,610590
2009-08-25,47300.0,48100.0,46100.0,47250.0,44690.0,41100.0,40766.666666666664,36163.333333333336,229052
2009-08-26,47300.0,47500.0,45200.0,45250.0,45470.0,41387.5,40862.5,36331.25,304546
2009-08-27,45000.0,45250.0,43200.0,43200.0,45510.0,41657.5,40952.5,36481.666666666664,190962
2009-08-28,43550.0,45600.0,43450.0,45450.0,45800.0,42002.5,41063.333333333336,36641.25,259384
2009-08-31,49950.0,52250.0,48250.0,52000.0,46630.0,42607.5,41290.833333333336,36858.333333333336,1519080
2009-09-01,51500.0,53500.0,49550.0,53500.0,47880.0,43270.0,41524.166666666664,37092.083333333336,1015834
2009-09-02,52250.0,55000.0,51500.0,51500.0,49130.0,43807.5,41714.166666666664,37300.416666666664,526388
2009-09-03,51500.0,51500.0,48000.0,48250.0,50140.0,44187.5,41835.0,37473.333333333336,508612
2009-09-04,48800.0,50500.0,48400.0,50250.0,51100.0,44700.0,41993.333333333336,37665.0,635434
2009-09-07,51500.0,53250.0,50500.0,53250.0,51350.0,45405.0,42224.166666666664,37884.166666666664,546206
2009-09-08,53750.0,54000.0,51500.0,53250.0,51300.0,46112.5,42459.166666666664,38103.333333333336,619462
2009-09-09,53500.0,54250.0,51750.0,52000.0,51400.0,46767.5,42659.166666666664,38309.166666666664,284842
2009-09-10,51750.0,57250.0,51750.0,56250.0,53000.0,47505.0,42919.166666666664,38545.416666666664,973922
2009-09-11,56250.0,61000.0,55500.0,56000.0,54150.0,48230.0,43150.0,38782.5,739706
2009-09-14,56250.0,57750.0,54000.0,55250.0,54550.0,48967.5,43348.333333333336,39017.916666666664,318374
2009-09-15,56500.0,60000.0,55250.0,59500.0,55800.0,49917.5,43623.333333333336,39287.5,379068
2009-09-16,61000.0,64250.0,59500.0,61750.0,57750.0,50937.5,43936.666666666664,39583.333333333336,623540
2009-09-17,62250.0,63000.0,59250.0,60500.0,58600.0,51812.5,44215.833333333336,39866.666666666664,447052
2009-09-18,60500.0,62000.0,59250.0,61500.0,59700.0,52687.5,44528.333333333336,40152.5,362324
2009-09-21,62500.0,62500.0,58000.0,58500.0,60350.0,53220.0,44803.333333333336,40408.75,295534
2009-09-22,59000.0,62750.0,58500.0,62750.0,61000.0,53995.0,45142.5,40704.583333333336,634082
2009-09-23,62000.0,65250.0,61250.0,63250.0,61300.0,54895.0,45542.5,41004.583333333336,499398
2009-09-24,63000.0,64250.0,60250.0,62000.0,61600.0,55835.0,45924.166666666664,41296.25,376380
2009-09-25,62000.0,66000.0,60250.0,66000.0,62500.0,56862.5,46352.5,41629.583333333336,310554
2009-09-28,66000.0,67500.0,62750.0,63000.0,63400.0,57412.5,46730.833333333336,41923.333333333336,438264
2009-09-29,64000.0,64250.0,59000.0,59250.0,62700.0,57700.0,47052.5,42182.5,777278
2009-09-30,59250.0,60250.0,54000.0,55750.0,61200.0,57912.5,47282.5,42386.666666666664,827714
2009-10-01,56000.0,56500.0,52500.0,52500.0,59300.0,58125.0,47464.166666666664,42563.75,507116
2009-10-05,52500.0,54750.0,51250.0,52500.0,56600.0,58237.5,47651.666666666664,42745.833333333336,516940
2009-10-06,53500.0,53750.0,51000.0,52500.0,54500.0,58200.0,47859.166666666664,42930.416666666664,377116
2009-10-07,53750.0,54750.0,51500.0,53500.0,53350.0,58212.5,48085.0,43126.25,409044
2009-10-08,53500.0,55500.0,51500.0,55500.0,53300.0,58387.5,48335.833333333336,43342.083333333336,322254
2009-10-09,56000.0,57000.0,54500.0,56500.0,54100.0,58400.0,48615.0,43563.333333333336,418594
2009-10-12,56750.0,56750.0,53250.0,54000.0,54400.0,58300.0,48848.333333333336,43753.75,285204
2009-10-13,53750.0,55750.0,53250.0,53250.0,54550.0,58200.0,49048.333333333336,43953.75,297684
2009-10-14,53750.0,54500.0,52750.0,53500.0,54550.0,57900.0,49260.833333333336,44162.916666666664,170344
2009-10-15,54000.0,54500.0,52250.0,52500.0,53950.0,57437.5,49463.333333333336,44342.5,226030
2009-10-16,53000.0,53250.0,49550.0,49550.0,52560.0,56890.0,49629.166666666664,44498.333333333336,429100
2009-10-19,48400.0,52250.0,48400.0,51750.0,52110.0,56402.5,49818.333333333336,44658.75,282264
2009-10-20,52250.0,52250.0,49250.0,49250.0,51310.0,55940.0,49965.833333333336,44797.916666666664,598964
2009-10-21,49600.0,50250.0,47650.0,48600.0,50330.0,55232.5,50109.166666666664,44920.0,739398
2009-10-22,48750.0,49400.0,48050.0,49000.0,49630.0,54520.0,50267.5,45039.166666666664,298730
2009-10-23,49750.0,53500.0,49750.0,53500.0,50420.0,54095.0,50529.166666666664,45199.583333333336,824034
2009-10-26,52500.0,54500.0,51250.0,53000.0,50670.0,53445.0,50770.0,45358.333333333336,667282
2009-10-27,52750.0,55750.0,51750.0,55750.0,51970.0,53082.5,51034.166666666664,45534.583333333336,664580
2009-10-28,55750.0,56750.0,53000.0,53000.0,52850.0,52770.0,51246.666666666664,45678.333333333336,497790
2009-10-29,51750.0,55750.0,51000.0,55000.0,54050.0,52732.5,51484.166666666664,45840.833333333336,401772
2009-10-30,56250.0,56250.0,52500.0,52500.0,53850.0,52732.5,51681.666666666664,45982.5,295666
2009-11-02,50500.0,52000.0,49750.0,50250.0,53300.0,52620.0,51852.5,46101.25,299880
2009-11-03,51000.0,51250.0,49600.0,49600.0,52070.0,52475.0,52026.666666666664,46218.333333333336,258896
2009-11-04,50000.0,51500.0,49850.0,51250.0,51720.0,52362.5,52229.166666666664,46337.083333333336,267972
2009-11-05,50750.0,52000.0,49800.0,50000.0,50720.0,52087.5,52414.166666666664,46437.5,161390
2009-11-06,51500.0,51750.0,50000.0,50500.0,50320.0,51787.5,52564.166666666664,46533.333333333336,264842
2009-11-09,50750.0,51750.0,50000.0,51250.0,50520.0,51650.0,52726.666666666664,46610.833333333336,228018
2009-11-10,52000.0,53250.0,51750.0,52250.0,51050.0,51600.0,52922.5,46682.5,340764
2009-11-11,52250.0,53000.0,51500.0,53000.0,51400.0,51575.0,53130.833333333336,46763.75,165760
2009-11-12,54000.0,56000.0,54000.0,55000.0,52400.0,51700.0,53358.333333333336,46877.916666666664,819182
2009-11-13,55250.0,55750.0,53000.0,55750.0,53450.0,52010.0,53570.833333333336,47005.416666666664,292274
2009-11-16,55750.0,55750.0,54000.0,55750.0,54350.0,52210.0,53766.666666666664,47138.75,281138
2009-11-17,56000.0,56250.0,54000.0,54000.0,54700.0,52447.5,53869.166666666664,47248.333333333336,178972
2009-11-18,54250.0,57000.0,54250.0,56000.0,55300.0,52817.5,54015.0,47390.833333333336,308826
2009-11-19,56500.0,58250.0,55500.0,58000.0,55900.0,53267.5,54227.5,47545.0,321634
2009-11-20,58000.0,59500.0,57250.0,58000.0,56350.0,53492.5,54474.166666666664,47713.333333333336,350846
2009-11-23,58500.0,58750.0,56250.0,57250.0,56650.0,53705.0,54670.833333333336,47867.083333333336,280746
2009-11-24,57500.0,58500.0,56000.0,57500.0,57350.0,53792.5,54762.5,48026.666666666664,323916
2009-11-25,58000.0,58250.0,56500.0,58250.0,57800.0,54055.0,54841.666666666664,48182.916666666664,130140
2009-11-26,58250.0,58500.0,56500.0,56750.0,57550.0,54142.5,54929.166666666664,48321.666666666664,179990
2009-11-27,55500.0,56250.0,53000.0,53500.0,56650.0,54192.5,55016.666666666664,48425.833333333336,381298
2009-11-30,55000.0,57750.0,54750.0,55000.0,56200.0,54430.0,55095.833333333336,48544.583333333336,1320368
2009-12-01,55500.0,57250.0,54500.0,57250.0,56150.0,54812.5,55162.5,48693.333333333336,429454
2009-12-02,58000.0,58750.0,57000.0,57250.0,55950.0,55112.5,55229.166666666664,48844.166666666664,266758
2009-12-03,57750.0,58500.0,56500.0,58500.0,56300.0,55537.5,55337.5,48998.333333333336,235128
2009-12-04,58250.0,59000.0,57750.0,58750.0,57350.0,55950.0,55379.166666666664,49149.166666666664,228320
2009-12-07,58750.0,60000.0,58000.0,58500.0,58050.0,56312.5,55420.833333333336,49285.416666666664,196364
2009-12-08,58000.0,58250.0,55500.0,57500.0,58100.0,56575.0,55458.333333333336,49403.333333333336,566648
2009-12-09,56250.0,58750.0,56250.0,58750.0,58400.0,56862.5,55445.833333333336,49534.583333333336,303520
2009-12-10,57000.0,58250.0,56500.0,56750.0,58050.0,56950.0,55362.5,49649.583333333336,2533310
2009-12-11,57500.0,58000.0,57000.0,57500.0,57800.0,57037.5,55312.5,49764.166666666664,486744
2009-12-14,57250.0,57500.0,55750.0,56500.0,57400.0,57075.0,55229.166666666664,49878.75,232236
2009-12-15,56250.0,57750.0,55750.0,57000.0,57300.0,57225.0,55204.166666666664,50003.75,375490
2009-12-16,57500.0,57500.0,55500.0,55750.0,56700.0,57212.5,55087.5,50115.0,267966
2009-12-17,56250.0,56250.0,55000.0,55000.0,56350.0,57062.5,54950.0,50246.25,203896
2009-12-18,54250.0,55250.0,54000.0,55000.0,55850.0,56912.5,54833.333333333336,50378.75,175348
2009-12-21,55000.0,55500.0,54750.0,55000.0,55550.0,56800.0,54650.0,50501.25,159966
2009-12-22,55500.0,55500.0,53250.0,55000.0,55150.0,56675.0,54516.666666666664,50623.75,362432
2009-12-23,55000.0,55500.0,54250.0,54500.0,54900.0,56487.5,54437.5,50745.0,202744
2009-12-24,55000.0,57250.0,54750.0,57000.0,55300.0,56500.0,54458.333333333336,50870.416666666664,410770
2009-12-28,56500.0,57250.0,55500.0,56000.0,55500.0,56625.0,54516.666666666664,50990.416666666664,186532
2009-12-29,56000.0,57000.0,55000.0,55500.0,55600.0,56650.0,54566.666666666664,51109.166666666664,135934
2009-12-30,56000.0,56750.0,54750.0,56750.0,55950.0,56625.0,54637.5,51248.333333333336,198100
2010-01-04,56500.0,56750.0,54750.0,55250.0,56100.0,56525.0,54666.666666666664,51375.833333333336,398510
2010-01-05,55750.0,55750.0,51750.0,51750.0,55050.0,56187.5,54604.166666666664,51470.0,565472
2010-01-06,52250.0,52500.0,50250.0,51000.0,54050.0,55800.0,54512.5,51563.75,451732
2010-01-07,51500.0,52750.0,50250.0,50750.0,53100.0,55412.5,54458.333333333336,51653.333333333336,507694
2010-01-08,51500.0,51500.0,49550.0,49850.0,51720.0,55030.0,54401.666666666664,51725.0,409336
2010-01-11,50000.0,50750.0,49800.0,49800.0,50630.0,54582.5,54340.0,51800.416666666664,282050
2010-01-12,49950.0,51250.0,49950.0,50500.0,50380.0,54270.0,54306.666666666664,51885.0,185198
2010-01-13,49750.0,50750.0,49750.0,49900.0,50160.0,53890.0,54312.5,51970.833333333336,163556
2010-01-14,50000.0,50250.0,49100.0,49100.0,49830.0,53520.0,54268.333333333336,52043.333333333336,263842
2010-01-15,49750.0,51000.0,49750.0,50750.0,50010.0,53207.5,54293.333333333336,52129.583333333336,283158
2010-01-18,50000.0,50500.0,49500.0,50250.0,50100.0,52932.5,54320.833333333336,52215.0,165694
2010-01-19,50500.0,50500.0,49300.0,49350.0,49870.0,52650.0,54326.666666666664,52297.083333333336,263528
2010-01-20,49950.0,50250.0,48050.0,48050.0,49500.0,52302.5,54235.833333333336,52382.5,468496
2010-01-21,47750.0,49450.0,47450.0,49450.0,49570.0,52025.0,54176.666666666664,52473.333333333336,221366
2010-01-22,48650.0,49300.0,48150.0,48700.0,49160.0,51710.0,54059.166666666664,52546.666666666664,141044
2010-01-25,48400.0,48400.0,47650.0,47750.0,48660.0,51372.5,53971.666666666664,52609.166666666664,177032
2010-01-26,48150.0,48500.0,45500.0,45850.0,47960.0,50815.0,53819.166666666664,52651.666666666664,226270
2010-01-27,45850.0,46800.0,45250.0,46000.0,47550.0,50315.0,53710.833333333336,52696.25,163796
2010-01-28,46000.0,48500.0,46000.0,48000.0,47260.0,49940.0,53673.333333333336,52762.916666666664,162682
2010-01-29,47250.0,49150.0,47100.0,48200.0,47160.0,49512.5,53650.0,52838.333333333336,270562
2010-02-01,48850.0,48850.0,46700.0,47500.0,47110.0,49125.0,53587.5,52908.333333333336,177376
2010-02-02,48450.0,48450.0,45500.0,45500.0,47040.0,48812.5,53512.5,52963.333333333336,223666
2010-02-03,46000.0,46350.0,45500.0,45950.0,47030.0,48560.0,53436.666666666664,53000.416666666664,103990
2010-02-04,46000.0,47950.0,46000.0,46900.0,46810.0,48367.5,53364.166666666664,53045.416666666664,234986
2010-02-05,45000.0,45600.0,44500.0,44650.0,46100.0,48107.5,53237.5,53080.0,227624
2010-02-08,45000.0,46050.0,44550.0,46050.0,45810.0,47920.0,53121.666666666664,53126.25,190044
2010-02-09,45500.0,46100.0,44050.0,45000.0,45710.0,47645.0,52955.0,53156.666666666664,247904
2010-02-10,45250.0,45350.0,43550.0,43550.0,45230.0,47327.5,52751.666666666664,53161.25,272648
2010-02-11,43550.0,44850.0,43550.0,44400.0,44730.0,47092.5,52562.5,53164.583333333336,192922
2010-02-12,44850.0,45000.0,44150.0,44750.0,44750.0,46792.5,52408.333333333336,53138.75,109488
2010-02-16,44800.0,47850.0,44750.0,47000.0,44940.0,46630.0,52258.333333333336,53136.666666666664,361136
2010-02-17,48150.0,48250.0,47000.0,47600.0,45460.0,46542.5,52085.0,53156.25,265514
2010-02-18,47600.0,48150.0,47050.0,48100.0,46370.0,46545.0,51920.0,53197.083333333336,241522
2010-02-19,47700.0,48200.0,47200.0,47750.0,47040.0,46460.0,51761.666666666664,53216.25,192362
2010-02-22,48050.0,48850.0,47800.0,48700.0,47830.0,46460.0,51615.0,53188.75,192752
2010-02-23,48700.0,49950.0,48600.0,48950.0,48220.0,46520.0,51460.0,53150.833333333336,175758
2010-02-24,48550.0,49500.0,47600.0,49400.0,48580.0,46697.5,51337.5,53133.333333333336,185272
2010-02-25,49500.0,49550.0,48250.0,48300.0,48620.0,46812.5,51250.833333333336,53133.75,84000
2010-02-26,48050.0,49500.0,48000.0,49500.0,48970.0,46887.5,51159.166666666664,53127.5,123018
2010-03-02,50000.0,50750.0,49900.0,50000.0,49230.0,46977.5,51038.333333333336,53100.416666666664,231548
2010-03-03,49800.0,50500.0,49550.0,50500.0,49540.0,47127.5,50925.833333333336,53077.5,193464
2010-03-04,50500.0,50750.0,49550.0,49550.0,49570.0,47330.0,50776.666666666664,53057.083333333336,110556
2010-03-05,49900.0,50750.0,49900.0,50000.0,49910.0,47532.5,50630.833333333336,53005.0,263900
2010-03-08,50750.0,51000.0,49950.0,50250.0,50060.0,47700.0,50493.333333333336,52957.083333333336,180568
2010-03-09,50750.0,51250.0,50250.0,50250.0,50110.0,47980.0,50372.5,52915.416666666664,160972
2010-03-10,50000.0,50500.0,49250.0,49800.0,49970.0,48167.5,50223.333333333336,52834.583333333336,156134
2010-03-11,49800.0,50250.0,48700.0,50250.0,50110.0,48430.0,50115.0,52738.75,232640
2010-03-12,49800.0,50000.0,49050.0,49050.0,49920.0,48705.0,49974.166666666664,52643.333333333336,563476
2010-03-15,49450.0,49450.0,47750.0,48000.0,49470.0,48885.0,49832.5,52530.833333333336,298628
2010-03-16,48100.0,48700.0,48100.0,48100.0,49040.0,49052.5,49684.166666666664,52444.166666666664,96290
2010-03-17,48600.0,49150.0,48250.0,48900.0,48860.0,49147.5,49570.0,52328.75,194072
2010-03-18,48500.0,49400.0,48500.0,48750.0,48560.0,49205.0,49465.833333333336,52207.916666666664,147004
2010-03-19,48850.0,50750.0,48450.0,50750.0,48900.0,49337.5,49395.0,52114.166666666664,398490
2010-03-22,50500.0,50750.0,49800.0,49950.0,49290.0,49447.5,49310.833333333336,51980.416666666664,160900
2010-03-23,50500.0,51250.0,50000.0,50500.0,49770.0,49537.5,49235.833333333336,51876.25,213760
2010-03-24,50750.0,51250.0,50000.0,50750.0,50140.0,49627.5,49173.333333333336,51805.416666666664,193692
2010-03-25,50500.0,51750.0,50250.0,51750.0,50740.0,49745.0,49085.833333333336,51772.083333333336,298474
2010-03-26,51750.0,52750.0,51500.0,51750.0,50940.0,49917.5,49015.0,51765.833333333336,334748
2010-03-29,51000.0,52000.0,51000.0,51500.0,51250.0,50017.5,48948.333333333336,51757.5,173164
2010-03-30,52250.0,52500.0,50250.0,50250.0,51200.0,50030.0,48840.0,51738.75,243030
2010-03-31,50750.0,50750.0,49150.0,49200.0,50890.0,49965.0,48739.166666666664,51702.916666666664,332248
2010-04-01,49200.0,50500.0,49200.0,50500.0,50640.0,50012.5,48718.333333333336,51661.25,208648
2010-04-02,51000.0,52500.0,50000.0,50750.0,50440.0,50050.0,48714.166666666664,51613.333333333336,506886
2010-04-05,51000.0,54500.0,51000.0,54500.0,51040.0,50262.5,48776.666666666664,51617.5,1314944
2010-04-06,54250.0,54250.0,53000.0,53500.0,51690.0,50425.0,48837.5,51619.583333333336,568470
2010-04-07,53250.0,55000.0,52500.0,54000.0,52650.0,50635.0,48907.5,51623.75,520170
2010-04-08,53000.0,54000.0,52750.0,53750.0,53300.0,50810.0,48961.666666666664,51634.166666666664,323454
2010-04-09,54000.0,54250.0,52000.0,52250.0,53600.0,50970.0,49000.833333333336,51656.666666666664,443298
2010-04-12,52750.0,53750.0,52000.0,52250.0,53150.0,51182.5,49053.333333333336,51660.833333333336,395856
2010-04-13,52250.0,54750.0,51500.0,54750.0,53400.0,51515.0,49120.0,51706.666666666664,397748
2010-04-14,54750.0,55500.0,54250.0,54750.0,53550.0,51807.5,49195.0,51757.916666666664,441238
2010-04-15,55500.0,56750.0,53500.0,54500.0,53700.0,52095.0,49280.833333333336,51803.75,681918
2010-04-16,54750.0,56500.0,54500.0,56500.0,54550.0,52382.5,49421.666666666664,51828.75,362790
2010-04-19,55250.0,56500.0,54000.0,54500.0,55000.0,52610.0,49505.833333333336,51841.25,357224
2010-04-20,55250.0,56000.0,54750.0,56000.0,55250.0,52885.0,49627.5,51843.333333333336,369828
2010-04-21,56500.0,57500.0,55750.0,57250.0,55750.0,53210.0,49785.833333333336,51878.75,509372
2010-04-22,57000.0,58250.0,56750.0,57500.0,56350.0,53497.5,49980.0,51899.583333333336,318180
2010-04-23,58000.0,58250.0,56000.0,56750.0,56400.0,53747.5,50159.166666666664,51935.0,260566
2010-04-26,57500.0,57750.0,56750.0,56750.0,56850.0,54010.0,50305.0,51989.166666666664,250098
2010-04-27,57000.0,58500.0,56750.0,57500.0,57150.0,54372.5,50460.0,52055.0,468412
2010-04-28,56000.0,58750.0,55750.0,58250.0,57350.0,54825.0,50639.166666666664,52113.333333333336,502356
2010-04-29,59250.0,63000.0,59250.0,63000.0,58450.0,55450.0,50930.833333333336,52221.666666666664,1491952
2010-04-30,62750.0,63750.0,61500.0,61750.0,59450.0,56000.0,51194.166666666664,52315.416666666664,581710
2010-05-03,62250.0,63250.0,59500.0,61500.0,60400.0,56350.0,51437.5,52400.833333333336,411964
2010-05-04,62750.0,63250.0,59500.0,60000.0,60900.0,56675.0,51693.333333333336,52465.416666666664,441858
2010-05-06,58000.0,60000.0,57750.0,60000.0,61250.0,56975.0,51925.833333333336,52523.75,352916
2010-05-07,58000.0,61000.0,57000.0,60500.0,60750.0,57312.5,52184.166666666664,52569.583333333336,391750
2010-05-10,61000.0,61750.0,59750.0,61000.0,60600.0,57750.0,52475.0,52613.333333333336,527054
2010-05-11,62000.0,64000.0,62000.0,63750.0,61050.0,58325.0,52797.5,52680.0,707152
2010-05-12,64500.0,66500.0,63750.0,65000.0,62050.0,58837.5,53135.0,52771.666666666664,455954
2010-05-13,66250.0,66750.0,65250.0,66250.0,63300.0,59412.5,53455.833333333336,52857.083333333336,269058
2010-05-14,66000.0,67750.0,65250.0,67750.0,64750.0,60075.0,53791.666666666664,52938.333333333336,234950
2010-05-17,66750.0,68250.0,65500.0,68000.0,66150.0,60650.0,54123.333333333336,53021.666666666664,253754
2010-05-18,69000.0,69250.0,60500.0,63000.0,66000.0,61075.0,54377.5,53069.583333333336,737372
2010-05-19,62000.0,64500.0,59000.0,64500.0,65900.0,61500.0,54640.833333333336,53127.916666666664,360272
2010-05-20,63750.0,65750.0,60250.0,60500.0,64750.0,61662.5,54833.333333333336,53146.666666666664,452784
2010-05-24,59750.0,61500.0,59250.0,59250.0,63050.0,61750.0,54997.5,53167.5,185166
2010-05-25,58750.0,60250.0,55250.0,60250.0,61500.0,61925.0,55196.666666666664,53223.75,379604
2010-05-26,61250.0,61500.0,59250.0,59250.0,60750.0,62050.0,55359.166666666664,53259.166666666664,163998
2010-05-27,59750.0,62750.0,59250.0,62750.0,60400.0,62312.5,55571.666666666664,53305.0,297468
2010-05-28,64000.0,64000.0,62250.0,63500.0,61000.0,62575.0,55788.333333333336,53357.083333333336,238574
2010-05-31,63000.0,64000.0,62500.0,64000.0,61950.0,62625.0,56029.166666666664,53402.916666666664,223096
2010-06-01,64000.0,64000.0,61250.0,62000.0,62300.0,62637.5,56229.166666666664,53430.0,301866
2010-06-03,62750.0,63750.0,60500.0,63500.0,63150.0,62737.5,56450.0,53471.666666666664,305186
2010-06-04,63500.0,65250.0,62750.0,64750.0,63550.0,62975.0,56691.666666666664,53532.083333333336,269730
2010-06-07,62750.0,65750.0,62500.0,65250.0,63900.0,63237.5,56949.166666666664,53586.25,260834
2010-06-08,65000.0,67500.0,64500.0,66000.0,64300.0,63512.5,57211.666666666664,53663.333333333336,274810
2010-06-09,66500.0,67000.0,64750.0,67000.0,65300.0,63812.5,57510.833333333336,53742.5,360834
2010-06-10,67000.0,67750.0,65500.0,65500.0,65700.0,63900.0,57802.5,53817.5,568990
2010-06-11,66000.0,66750.0,63250.0,63750.0,65500.0,63837.5,58063.333333333336,53873.75,357774
2010-06-14,63750.0,64750.0,63250.0,64500.0,65350.0,63750.0,58323.333333333336,53946.666666666664,220644
2010-06-15,64250.0,66000.0,63750.0,66000.0,65350.0,63662.5,58610.833333333336,54038.333333333336,237192
2010-06-16,66250.0,66750.0,65500.0,66500.0,65250.0,63587.5,58873.333333333336,54134.166666666664,185502
2010-06-17,66000.0,67000.0,65750.0,66000.0,65350.0,63737.5,59140.833333333336,54225.833333333336,206106
2010-06-18,66500.0,68250.0,65750.0,68250.0,66250.0,63925.0,59436.666666666664,54336.25,395692
2010-06-21,68500.0,69000.0,67500.0,68750.0,67100.0,64337.5,59736.666666666664,54455.0,236768
2010-06-22,67750.0,69250.0,67750.0,69250.0,67750.0,64837.5,60028.333333333336,54557.083333333336,143246
2010-06-23,69000.0,69000.0,65500.0,67000.0,67850.0,65175.0,60282.5,54648.75,453612
2010-06-24,67000.0,67750.0,65750.0,67750.0,68200.0,65600.0,60553.333333333336,54750.833333333336,227234
2010-06-25,66000.0,67500.0,66000.0,67500.0,68050.0,65837.5,60840.833333333336,54840.416666666664,109472
2010-06-28,67500.0,67750.0,66500.0,67250.0,67750.0,66025.0,61141.666666666664,54940.416666666664,113900
2010-06-29,68000.0,68000.0,66500.0,67000.0,67300.0,66175.0,61416.666666666664,55067.5,188590
2010-06-30,65500.0,67250.0,65250.0,67250.0,67350.0,66437.5,61691.666666666664,55202.916666666664,258300
2010-07-01,67000.0,70750.0,64250.0,65500.0,66900.0,66537.5,61875.0,55325.833333333336,756310
2010-07-02,66250.0,66250.0,62500.0,62750.0,65950.0,66437.5,62029.166666666664,55433.333333333336,519078
2010-07-05,63000.0,64250.0,62500.0,63250.0,65150.0,66337.5,62183.333333333336,55545.416666666664,112838
2010-07-06,62500.0,63500.0,60750.0,62750.0,64300.0,66175.0,62333.333333333336,55647.5,1256218
2010-07-07,62750.0,63000.0,60750.0,60750.0,63000.0,65862.5,62475.0,55737.916666666664,389794
2010-07-08,61500.0,62500.0,61250.0,61500.0,62200.0,65662.5,62629.166666666664,55841.25,350632
2010-07-09,62250.0,64500.0,61750.0,64250.0,62500.0,65687.5,62787.5,55953.75,341990
2010-07-12,65500.0,65500.0,63500.0,64750.0,62800.0,65700.0,62954.166666666664,56074.583333333336,224310
2010-07-13,64750.0,65000.0,63250.0,63750.0,63000.0,65587.5,63108.333333333336,56194.583333333336,187682
2010-07-14,64000.0,64750.0,62000.0,62500.0,63350.0,65387.5,63208.333333333336,56315.0,439788
2010-07-15,62250.0,63000.0,61500.0,61500.0,63350.0,65162.5,63325.0,56415.416666666664,324900
2010-07-16,62000.0,62000.0,60500.0,60500.0,62600.0,64775.0,63400.0,56513.75,261860
2010-07-19,60000.0,61750.0,59750.0,61000.0,61850.0,64387.5,63462.5,56624.166666666664,185332
2010-07-20,61250.0,62500.0,60750.0,61750.0,61450.0,64012.5,63533.333333333336,56756.666666666664,216588
2010-07-21,61750.0,62250.0,60000.0,60000.0,60950.0,63662.5,63587.5,56873.333333333336,243812
2010-07-22,60250.0,61000.0,59000.0,59250.0,60500.0,63237.5,63629.166666666664,56967.083333333336,135410
2010-07-23,60250.0,60250.0,57500.0,58750.0,60150.0,62800.0,63650.0,57055.0,706830
2010-07-26,59500.0,62250.0,59250.0,62250.0,60400.0,62550.0,63716.666666666664,57177.916666666664,501204
2010-07-27,62500.0,63750.0,61750.0,63750.0,60800.0,62387.5,63729.166666666664,57330.0,445188
2010-07-28,63750.0,64500.0,62500.0,64000.0,61600.0,62225.0,63766.666666666664,57480.416666666664,313192
2010-07-29,63250.0,67500.0,62500.0,66750.0,63100.0,62287.5,63854.166666666664,57645.833333333336,834040
2010-07-30,66500.0,68750.0,66000.0,68250.0,65000.0,62562.5,63991.666666666664,57842.5,432166
2010-08-02,68250.0,74000.0,68000.0,72500.0,67050.0,63025.0,64200.0,58062.916666666664,676586
2010-08-03,72500.0,76250.0,72250.0,75000.0,69300.0,63637.5,64441.666666666664,58312.916666666664,666914
2010-08-04,75750.0,77250.0,74000.0,76750.0,71850.0,64437.5,64704.166666666664,58589.583333333336,350458
2010-08-05,76750.0,77250.0,72750.0,75750.0,73650.0,65150.0,64904.166666666664,58850.833333333336,376078
2010-08-06,74250.0,75000.0,70500.0,70750.0,74150.0,65475.0,65000.0,59067.5,436890
2010-08-09,70500.0,72500.0,70000.0,72250.0,74100.0,65850.0,65100.0,59277.916666666664,192894
2010-08-10,72250.0,73000.0,70000.0,70750.0,73250.0,66200.0,65150.0,59470.833333333336,219454
2010-08-11,70500.0,72250.0,70000.0,70500.0,72000.0,66600.0,65191.666666666664,59657.5,251584
2010-08-12,68250.0,70750.0,68000.0,69750.0,70800.0,67012.5,65304.166666666664,59840.833333333336,244868
2010-08-13,71750.0,76500.0,70250.0,75250.0,71700.0,67750.0,65483.333333333336,60062.083333333336,599332
2010-08-16,74500.0,76250.0,72750.0,76250.0,72500.0,68512.5,65745.83333333333,60289.583333333336,332498
2010-08-17,75250.0,77250.0,74000.0,77000.0,73750.0,69275.0,66041.66666666667,60519.583333333336,287162
2010-08-18,77000.0,77250.0,74750.0,74750.0,74600.0,70012.5,66283.33333333333,60740.0,192844
2010-08-19,74750.0,76250.0,73500.0,74000.0,75450.0,70750.0,66529.16666666667,60944.166666666664,230910
2010-08-20,73000.0,76000.0,73000.0,75500.0,75500.0,71587.5,66741.66666666667,61156.666666666664,202358
2010-08-23,75500.0,81500.0,75500.0,81250.0,76500.0,72537.5,67037.5,61412.916666666664,543748
2010-08-24,80000.0,81750.0,77750.0,78500.0,76800.0,73275.0,67279.16666666667,61654.166666666664,310642
2010-08-25,77750.0,81250.0,76750.0,77250.0,77300.0,73937.5,67533.33333333333,61881.25,400524
2010-08-26,78250.0,80000.0,77000.0,78750.0,78250.0,74537.5,67787.5,62118.75,250352
2010-08-27,78500.0,80250.0,77250.0,79000.0,78950.0,75075.0,68025.0,62358.333333333336,189686
2010-08-30,79500.0,81500.0,78250.0,79750.0,78650.0,75437.5,68266.66666666667,62607.916666666664,260584
2010-08-31,78750.0,82000.0,78500.0,82000.0,79350.0,75787.5,68533.33333333333,62872.5,301090
2010-09-01,82500.0,85500.0,80750.0,81000.0,80100.0,76000.0,68766.66666666667,63138.75,315410
2010-09-02,82000.0,82250.0,78250.0,78750.0,80100.0,76150.0,68987.5,63395.0,429038
2010-09-03,79500.0,80250.0,78000.0,80000.0,80300.0,76612.5,69258.33333333333,63660.833333333336,308152
2010-09-06,78500.0,79250.0,77750.0,79250.0,80200.0,76962.5,69504.16666666667,63913.75,322852
2010-09-07,78750.0,78750.0,77500.0,77500.0,79300.0,77300.0,69695.83333333333,64153.333333333336,194578
2010-09-08,77500.0,79750.0,77500.0,79500.0,79000.0,77750.0,69912.5,64392.916666666664,216662
2010-09-09,79000.0,80750.0,78500.0,79500.0,79150.0,78237.5,70137.5,64639.166666666664,252542
2010-09-10,80000.0,81250.0,79000.0,80250.0,79200.0,78487.5,70337.5,64887.083333333336,243812
2010-09-13,80250.0,82000.0,79000.0,82000.0,79750.0,78775.0,70558.33333333333,65147.5,316216
2010-09-14,82000.0,82500.0,80000.0,80250.0,80300.0,78937.5,70741.66666666667,65385.0,186910
2010-09-15,80250.0,81500.0,75250.0,78000.0,80000.0,79100.0,70925.0,65603.75,464892
2010-09-16,78500.0,79250.0,76500.0,76500.0,79400.0,79225.0,71070.83333333333,65812.08333333333,170498
2010-09-17,76750.0,78500.0,76500.0,78500.0,79050.0,79375.0,71254.16666666667,66047.5,129668
2010-09-20,77500.0,78500.0,76750.0,77000.0,78050.0,79162.5,71416.66666666667,66279.16666666667,153416
2010-09-24,77750.0,81000.0,77000.0,80500.0,78100.0,79262.5,71641.66666666667,66529.16666666667,300994
2010-09-27,79000.0,79750.0,77750.0,79500.0,78400.0,79375.0,71845.83333333333,66768.75,265656
2010-09-28,79250.0,79250.0,77250.0,77500.0,78600.0,79312.5,72045.83333333333,66960.41666666667,181274
2010-09-29,77500.0,78750.0,75500.0,76500.0,78200.0,79187.5,72275.0,67152.08333333333,273970
2010-09-30,76750.0,77750.0,75000.0,76250.0,78050.0,79012.5,72491.66666666667,67337.5,270786
2010-10-01,76250.0,77250.0,74250.0,74750.0,76900.0,78650.0,72691.66666666667,67512.5,269800
2010-10-04,75000.0,77000.0,74750.0,74750.0,75950.0,78337.5,72925.0,67700.0,212058
2010-10-05,75500.0,76250.0,74500.0,76250.0,75700.0,78212.5,73170.83333333333,67900.0,211380
2010-10-06,76750.0,79000.0,76000.0,78000.0,76000.0,78112.5,73400.0,68093.75,377580
2010-10-07,77750.0,78750.0,75500.0,75500.0,75850.0,77925.0,73579.16666666667,68266.66666666667,258764
2010-10-08,76000.0,80750.0,75750.0,80000.0,76900.0,78050.0,73850.0,68479.16666666667,451198
2010-10-11,80750.0,82500.0,78250.0,79250.0,77800.0,78037.5,74129.16666666667,68668.75,368584
2010-10-12,78750.0,79250.0,76000.0,76750.0,77900.0,77900.0,74383.33333333333,68854.16666666667,266532
2010-10-13,77250.0,77750.0,75250.0,76500.0,77600.0,77712.5,74650.0,69025.0,199094
2010-10-14,76000.0,77250.0,75500.0,77000.0,77900.0,77462.5,74916.66666666667,69189.58333333333,298944
2010-10-15,77500.0,78500.0,75500.0,75750.0,77050.0,77237.5,75150.0,69341.66666666667,258000
2010-10-18,77250.0,78250.0,76250.0,77500.0,76700.0,77212.5,75441.66666666667,69514.58333333333,314768
2010-10-19,77250.0,78000.0,75750.0,77500.0,76850.0,77262.5,75745.83333333333,69687.5,171998
2010-10-20,76250.0,79750.0,75500.0,79750.0,77500.0,77325.0,76095.83333333333,69872.91666666667,257914
2010-10-21,79750.0,81250.0,78750.0,80750.0,78250.0,77512.5,76404.16666666667,70060.41666666667,284912
2010-10-22,81500.0,82000.0,79750.0,81250.0,79350.0,77550.0,76695.83333333333,70212.5,356528
2010-10-25,81250.0,83500.0,79000.0,80000.0,79850.0,77575.0,76962.5,70364.58333333333,609670
2010-10-26,80250.0,81000.0,78500.0,81000.0,80550.0,77750.0,77200.0,70527.08333333333,432122
2010-10-27,81000.0,81000.0,79000.0,79500.0,80500.0,77900.0,77387.5,70689.58333333333,219716
2010-10-28,79250.0,80000.0,78500.0,79500.0,80250.0,78062.5,77504.16666666667,70852.08333333333,178088
2010-10-29,80000.0,80000.0,78250.0,79750.0,79950.0,78312.5,77583.33333333333,71012.5,213918
2010-11-01,80000.0,83500.0,80000.0,83000.0,80550.0,78725.0,77687.5,71195.83333333333,691384
2010-11-02,83500.0,87250.0,83250.0,86000.0,81550.0,79212.5,77858.33333333333,71381.25,648714
2010-11-03,86500.0,88500.0,85750.0,88000.0,83250.0,79712.5,78145.83333333333,71572.91666666667,405640
2010-11-04,88750.0,88750.0,84750.0,85500.0,84450.0,80212.5,78366.66666666667,71733.33333333333,326858
2010-11-05,86250.0,86500.0,83750.0,84250.0,85350.0,80425.0,78591.66666666667,71870.83333333333,244698
2010-11-08,83500.0,85500.0,83000.0,85250.0,85800.0,80725.0,78837.5,72014.58333333333,171526
2010-11-09,85750.0,87500.0,84250.0,85750.0,85750.0,81175.0,79104.16666666667,72204.16666666667,207436
2010-11-10,85500.0,87500.0,84500.0,87500.0,85650.0,81725.0,79308.33333333333,72395.83333333333,203718
2010-11-11,87500.0,87500.0,84750.0,84750.0,85500.0,82112.5,79450.0,72597.91666666667,375448
2010-11-12,86250.0,86500.0,82250.0,83000.0,85250.0,82475.0,79550.0,72795.83333333333,263150
2010-11-15,83500.0,84250.0,80000.0,81250.0,84450.0,82662.5,79658.33333333333,72970.83333333333,148876
2010-11-16,82500.0,83000.0,80250.0,81250.0,83550.0,82850.0,79779.16666666667,73154.16666666667,264344
2010-11-17,80000.0,81000.0,79500.0,80000.0,82050.0,82862.5,79854.16666666667,73297.91666666667,207706
2010-11-18,80500.0,82500.0,80250.0,81750.0,81450.0,82912.5,79862.5,73450.0,196000
2010-11-19,82000.0,82500.0,81000.0,82250.0,81300.0,82962.5,79925.0,73602.08333333333,159148
2010-11-22,83000.0,83000.0,77500.0,78250.0,80700.0,82875.0,79941.66666666667,73737.5,413034
2010-11-23,78250.0,79000.0,77000.0,77500.0,79950.0,82700.0,79920.83333333333,73854.16666666667,211530
2010-11-24,76250.0,80750.0,73250.0,80500.0,80050.0,82750.0,79945.83333333333,73985.41666666667,335978
2010-11-25,80750.0,80750.0,77000.0,77500.0,79200.0,82650.0,79908.33333333333,74087.5,291070
2010-11-26,77500.0,78250.0,76750.0,78000.0,78350.0,82562.5,79841.66666666667,74187.5,119368
2010-11-29,77250.0,78250.0,76000.0,77250.0,78150.0,82275.0,79779.16666666667,74272.91666666667,150462
2010-11-30,77250.0,80000.0,77000.0,79000.0,78450.0,81925.0,79783.33333333333,74385.41666666667,305962
2010-12-01,79750.0,80000.0,78500.0,80000.0,78350.0,81525.0,79783.33333333333,74520.83333333333,110394
2010-12-02,80750.0,81000.0,79500.0,80250.0,78900.0,81262.5,79800.0,74652.08333333333,141906
2010-12-03,80000.0,80000.0,78000.0,78500.0,79000.0,80975.0,79816.66666666667,74756.25,219058
2010-12-06,80000.0,80500.0,78750.0,79250.0,79400.0,80675.0,79812.5,74862.5,160360
2010-12-07,78750.0,80250.0,77500.0,78500.0,79300.0,80312.5,79795.83333333333,74966.66666666667,185744
2010-12-08,78000.0,79000.0,76500.0,77000.0,78700.0,79787.5,79741.66666666667,75039.58333333333,294680
2010-12-09,77250.0,78250.0,77000.0,78250.0,78300.0,79462.5,79679.16666666667,75118.75,170154
2010-12-10,79250.0,79250.0,78000.0,78750.0,78350.0,79250.0,79654.16666666667,75197.91666666667,130836
2010-12-13,78750.0,78750.0,76000.0,76750.0,77850.0,79025.0,79633.33333333333,75279.16666666667,332832
2010-12-14,76750.0,77750.0,76250.0,77000.0,77550.0,78812.5,79641.66666666667,75356.25,155170
2010-12-15,77250.0,81750.0,76500.0,81500.0,78450.0,78887.5,79691.66666666667,75472.91666666667,444286
2010-12-16,80500.0,81250.0,80000.0,80250.0,78850.0,78812.5,79745.83333333333,75581.25,189266
2010-12-17,80500.0,81000.0,80000.0,80250.0,79150.0,78712.5,79741.66666666667,75691.66666666667,146634
2010-12-20,78500.0,79500.0,77500.0,79500.0,79700.0,78775.0,79741.66666666667,75793.75,187208
2010-12-21,80000.0,81250.0,77000.0,77500.0,79800.0,78775.0,79741.66666666667,75893.75,460476
2010-12-22,77000.0,78000.0,76500.0,78000.0,79100.0,78650.0,79766.66666666667,76020.83333333333,328680
2010-12-23,77000.0,78000.0,75500.0,75750.0,78200.0,78562.5,79758.33333333333,76125.0,383716
2010-12-24,75250.0,76250.0,73000.0,73250.0,76800.0,78325.0,79733.33333333333,76212.5,312986
2010-12-27,72500.0,74250.0,71750.0,71750.0,75250.0,78050.0,79683.33333333333,76304.16666666667,217126
2010-12-28,72000.0,74500.0,72000.0,73250.0,74400.0,77762.5,79633.33333333333,76402.08333333333,195672
2010-12-29,73250.0,75250.0,73250.0,74250.0,73650.0,77475.0,79570.83333333333,76485.41666666667,248558
2010-12-30,75500.0,75500.0,73750.0,74500.0,73400.0,77187.5,79554.16666666667,76566.66666666667,223534
2011-01-03,74500.0,75500.0,73750.0,75500.0,73850.0,77037.5,79479.16666666667,76664.58333333333,141866
2011-01-04,75500.0,76000.0,74500.0,75750.0,74650.0,76862.5,79420.83333333333,76775.0,242804
2011-01-05,76500.0,81750.0,76250.0,80000.0,76000.0,76937.5,79475.0,76929.16666666667,857610
2011-01-06,80000.0,80500.0,77750.0,78500.0,76850.0,77012.5,79508.33333333333,77079.16666666667,314216
2011-01-07,78500.0,80750.0,78000.0,80750.0,78100.0,77137.5,79570.83333333333,77243.75,336044
2011-01-10,80500.0,82500.0,80000.0,82250.0,79450.0,77312.5,79679.16666666667,77414.58333333333,418452
2011-01-11,82750.0,83000.0,81000.0,81250.0,80550.0,77537.5,79741.66666666667,77591.66666666667,136806
2011-01-12,82250.0,82750.0,81000.0,82000.0,80950.0,77787.5,79816.66666666667,77781.25,209388
2011-01-13,81750.0,81750.0,80000.0,80500.0,81350.0,77737.5,79829.16666666667,77962.5,211798
2011-01-14,80000.0,83250.0,79750.0,82750.0,81750.0,77862.5,79862.5,78133.33333333333,304270
2011-01-17,83500.0,83500.0,80250.0,80750.0,81450.0,77887.5,79854.16666666667,78275.0,169128
2011-01-18,80750.0,81250.0,79750.0,79750.0,81150.0,77900.0,79850.0,78406.25,197910
2011-01-19,81000.0,81750.0,78250.0,81750.0,81100.0,78112.5,79862.5,78531.25,234046
2011-01-20,81750.0,81750.0,80500.0,81000.0,81200.0,78262.5,79887.5,78637.5,121478
2011-01-21,81000.0,81250.0,78750.0,79250.0,80500.0,78437.5,79883.33333333333,78693.75,150752
2011-01-24,79500.0,79500.0,77750.0,79250.0,80200.0,78737.5,79875.0,78729.16666666667,141528
2011-01-25,79750.0,80500.0,79000.0,79750.0,80200.0,79137.5,79820.83333333333,78754.16666666667,117164
2011-01-26,79250.0,81500.0,79250.0,81500.0,80150.0,79550.0,79745.83333333333,78802.08333333333,169920
2011-01-27,81750.0,82000.0,80500.0,81500.0,80250.0,79912.5,79637.5,78891.66666666667,148642
2011-01-28,82000.0,82500.0,79500.0,80500.0,80500.0,80212.5,79554.16666666667,78960.41666666667,290078
2011-01-31,79000.0,79500.0,78000.0,78000.0,80250.0,80337.5,79450.0,79020.83333333333,175126
2011-02-01,77500.0,79500.0,77500.0,78500.0,80000.0,80475.0,79337.5,79087.5,110894
2011-02-07,79250.0,79500.0,76750.0,77250.0,79150.0,80337.5,79195.83333333333,79150.0,237906
2011-02-08,77250.0,78000.0,75000.0,75000.0,77850.0,80162.5,78987.5,79147.91666666667,221242
2011-02-09,75000.0,75750.0,73500.0,74500.0,76650.0,79850.0,78816.66666666667,79133.33333333333,143448
2011-02-10,74500.0,76500.0,74000.0,74750.0,76000.0,79475.0,78679.16666666667,79114.58333333333,226596
2011-02-11,75000.0,75500.0,71250.0,71500.0,74600.0,78987.5,78516.66666666667,79087.5,412550
2011-02-14,72500.0,72750.0,69500.0,70250.0,73200.0,78400.0,78333.33333333333,79056.25,390862
2011-02-15,70750.0,73000.0,70000.0,71750.0,72550.0,77962.5,78195.83333333333,79025.0,297540
2011-02-16,71250.0,73000.0,71000.0,71500.0,71950.0,77400.0,78025.0,78943.75,110106
2011-02-17,72000.0,73000.0,71000.0,71500.0,71300.0,76937.5,77845.83333333333,78885.41666666667,96360
2011-02-18,71750.0,75500.0,71250.0,74500.0,71900.0,76675.0,77783.33333333333,78862.5,234454
2011-02-21,73500.0,74500.0,72250.0,72750.0,72400.0,76225.0,77704.16666666667,78812.5,110718
2011-02-22,71750.0,72000.0,70750.0,71750.0,72400.0,75762.5,77558.33333333333,78752.08333333333,72466
2011-02-23,71500.0,71500.0,69000.0,70000.0,72100.0,75300.0,77433.33333333333,78670.83333333333,142078
2011-02-24,69500.0,71000.0,68000.0,69750.0,71750.0,74825.0,77295.83333333333,78568.75,168192
2011-02-25,69500.0,70250.0,69000.0,69750.0,70800.0,74325.0,77170.83333333333,78475.0,128732
2011-02-28,69750.0,72250.0,69250.0,70750.0,70400.0,73787.5,77033.33333333333,78408.33333333333,187222
2011-03-02,70750.0,71250.0,68500.0,68500.0,69750.0,73137.5,76841.66666666667,78312.5,147958
2011-03-03,68500.0,69750.0,68500.0,69750.0,69700.0,72600.0,76666.66666666667,78233.33333333333,158572
2011-03-04,70750.0,71250.0,67250.0,68000.0,69350.0,72100.0,76491.66666666667,78154.16666666667,1117250
2011-03-07,69000.0,73750.0,68750.0,73000.0,70000.0,71825.0,76387.5,78100.0,954302
2011-03-08,73000.0,75500.0,72250.0,74000.0,70650.0,71662.5,76312.5,78054.16666666667,365234
2011-03-09,74750.0,74750.0,71250.0,72500.0,71450.0,71537.5,76237.5,77989.58333333333,217566
2011-03-10,72500.0,74000.0,71750.0,74000.0,72300.0,71512.5,76166.66666666667,77922.91666666667,208492
2011-03-11,73000.0,74000.0,71500.0,71750.0,73050.0,71362.5,76050.0,77852.08333333333,141208
2011-03-14,71000.0,75000.0,68250.0,70500.0,72550.0,71312.5,75945.83333333333,77789.58333333333,185516
2011-03-15,69250.0,71250.0,67500.0,68500.0,71450.0,71225.0,75804.16666666667,77722.91666666667,281436
2011-03-16,69000.0,70500.0,68250.0,69250.0,70800.0,71100.0,75600.0,77645.83333333333,161280
2011-03-17,67750.0,70000.0,67500.0,69750.0,69950.0,71012.5,75425.0,77585.41666666667,183440
2011-03-18,69250.0,71000.0,68500.0,71000.0,69800.0,70987.5,75270.83333333333,77506.25,157094
2011-03-21,70750.0,71500.0,70250.0,71000.0,69900.0,70812.5,75129.16666666667,77435.41666666667,117286
2011-03-22,71750.0,72000.0,64500.0,66000.0,69400.0,70475.0,74937.5,77339.58333333333,1508486
2011-03-23,68250.0,69750.0,67000.0,69000.0,69350.0,70337.5,74787.5,77277.08333333333,1023692
2011-03-24,69500.0,73250.0,69250.0,72500.0,69900.0,70462.5,74733.33333333333,77245.83333333333,659642
2011-03-25,73750.0,73750.0,70500.0,72750.0,70250.0,70612.5,74725.0,77229.16666666667,354876
2011-03-28,73000.0,75750.0,72750.0,74750.0,71000.0,70862.5,74775.0,77229.16666666667,411762
2011-03-29,75500.0,77250.0,75000.0,76000.0,73000.0,71125.0,74820.83333333333,77227.08333333333,338714
2011-03-30,76250.0,78750.0,75750.0,78750.0,74950.0,71637.5,74895.83333333333,77233.33333333333,488810
2011-03-31,78750.0,79250.0,76250.0,78000.0,76050.0,72050.0,74954.16666666667,77254.16666666667,278990
2011-04-01,76500.0,77250.0,75750.0,76750.0,76850.0,72487.5,74975.0,77227.08333333333,330358
2011-04-04,77000.0,78500.0,76000.0,78000.0,77500.0,72737.5,75012.5,77216.66666666667,213888
2011-04-05,77750.0,78250.0,76500.0,77750.0,77850.0,72925.0,74975.0,77225.0,159910
2011-04-06,77000.0,77500.0,76250.0,77000.0,77500.0,73150.0,74950.0,77229.16666666667,281806
2011-04-07,77250.0,77250.0,75000.0,75500.0,77000.0,73225.0,74862.5,77216.66666666667,259212
2011-04-08,75500.0,75500.0,74250.0,75000.0,76650.0,73387.5,74741.66666666667,77210.41666666667,286768
2011-04-11,75250.0,77000.0,75000.0,75250.0,76100.0,73625.0,74641.66666666667,77191.66666666667,196934
2011-04-12,74750.0,75250.0,70750.0,72500.0,75050.0,73825.0,74483.33333333333,77150.0,377184
2011-04-13,71750.0,73750.0,70000.0,73250.0,74300.0,74025.0,74362.5,77095.83333333333,397618
2011-04-14,73000.0,76250.0,72500.0,75750.0,74350.0,74325.0,74245.83333333333,77054.16666666667,598158
2011-04-15,76250.0,76500.0,73250.0,74000.0,74150.0,74475.0,74133.33333333333,76993.75,345608
2011-04-18,73250.0,75000.0,71750.0,74750.0,74050.0,74662.5,74050.0,76950.0,273372
2011-04-19,73750.0,74000.0,72750.0,73250.0,74200.0,75025.0,73908.33333333333,76885.41666666667,207778
2011-04-20,73250.0,73750.0,71250.0,71750.0,73900.0,75162.5,73754.16666666667,76820.83333333333,620998
2011-04-21,73000.0,74000.0,70750.0,72000.0,73150.0,75137.5,73633.33333333333,76758.33333333333,520982
2011-04-22,73000.0,78250.0,72750.0,74000.0,73150.0,75200.0,73545.83333333333,76710.41666666667,1158966
2011-04-25,74750.0,79000.0,73250.0,78500.0,73900.0,75387.5,73525.0,76672.91666666667,751670
2011-04-26,80500.0,83000.0,79000.0,81000.0,75450.0,75637.5,73516.66666666667,76631.25,1204302
2011-04-27,82250.0,82250.0,77000.0,77750.0,76650.0,75587.5,73454.16666666667,76545.83333333333,526320
2011-04-28,78500.0,80000.0,76250.0,79250.0,78100.0,75650.0,73433.33333333333,76493.75,345290
2011-04-29,79250.0,80000.0,76250.0,76500.0,78600.0,75637.5,73408.33333333333,76429.16666666667,450276
2011-05-02,76750.0,79000.0,76500.0,78500.0,78600.0,75662.5,73408.33333333333,76372.91666666667,190244
2011-05-03,78750.0,78750.0,74250.0,74250.0,77250.0,75487.5,73358.33333333333,76277.08333333333,402016
2011-05-04,75000.0,76750.0,74250.0,76000.0,76900.0,75437.5,73375.0,76181.25,296556
2011-05-06,75250.0,76250.0,74250.0,75500.0,76150.0,75437.5,73391.66666666667,76104.16666666667,189016
2011-05-09,75000.0,75500.0,73750.0,74500.0,75750.0,75412.5,73387.5,76033.33333333333,190220
2011-05-11,74250.0,76000.0,73750.0,75000.0,75050.0,75400.0,73445.83333333333,75981.25,188472
2011-05-12,73750.0,74750.0,73250.0,74000.0,75000.0,75475.0,73508.33333333333,75920.83333333333,158074
2011-05-13,74250.0,74250.0,71750.0,73750.0,74550.0,75500.0,73541.66666666667,75868.75,203696
2011-05-16,73000.0,74750.0,72250.0,74250.0,74300.0,75425.0,73587.5,75806.25,140602
2011-05-17,74250.0,76750.0,73750.0,74500.0,74300.0,75450.0,73637.5,75741.66666666667,165428
2011-05-18,75500.0,77750.0,74500.0,77000.0,74700.0,75562.5,73679.16666666667,75731.25,328112
2011-05-19,77000.0,77500.0,76000.0,76750.0,75250.0,75737.5,73745.83333333333,75725.0,218438
2011-05-20,76500.0,78000.0,76000.0,77000.0,75900.0,76000.0,73833.33333333333,75695.83333333333,171362
2011-05-23,76000.0,76250.0,73250.0,74250.0,75900.0,76112.5,73904.16666666667,75668.75,166910
2011-05-24,72250.0,74250.0,72250.0,73500.0,75700.0,76087.5,73966.66666666667,75631.25,136836
2011-05-25,73750.0,75000.0,72750.0,73500.0,75000.0,75837.5,74029.16666666667,75600.0,122834
2011-05-26,74250.0,75000.0,73500.0,74750.0,74600.0,75525.0,74095.83333333333,75564.58333333333,150762
2011-05-27,76250.0,79250.0,76000.0,78500.0,74900.0,75562.5,74262.5,75552.08333333333,449286
2011-05-30,78500.0,78750.0,76000.0,77000.0,75450.0,75450.0,74383.33333333333,75525.0,135194
2011-05-31,77000.0,77750.0,75500.0,77750.0,76300.0,75512.5,74545.83333333333,75518.75,183464
2011-06-01,77250.0,78000.0,76250.0,76750.0,76950.0,75425.0,74608.33333333333,75497.91666666667,152036
2011-06-02,74750.0,77750.0,74000.0,77250.0,77450.0,75575.0,74662.5,75487.5,140838
2011-06-03,77500.0,77750.0,75250.0,76250.0,77000.0,75587.5,74725.0,75481.25,136788
2011-06-07,75250.0,78000.0,74750.0,77250.0,77050.0,75675.0,74779.16666666667,75472.91666666667,143894
2011-06-08,78000.0,78500.0,76000.0,78000.0,77100.0,75850.0,74883.33333333333,75466.66666666667,168520
2011-06-09,78000.0,78750.0,76000.0,76000.0,76950.0,75900.0,74975.0,75460.41666666667,194922
2011-06-10,77000.0,77000.0,74250.0,74750.0,76450.0,75937.5,75079.16666666667,75441.66666666667,140688
2011-06-13,73750.0,76000.0,73500.0,75000.0,76200.0,76000.0,75175.0,75387.5,87286
2011-06-14,75000.0,78000.0,74500.0,77000.0,76150.0,76137.5,75295.83333333333,75360.41666666667,167640
2011-06-15,78000.0,82500.0,77000.0,81000.0,76750.0,76462.5,75462.5,75366.66666666667,932308
2011-06-16,81000.0,83000.0,80250.0,81750.0,77900.0,76700.0,75641.66666666667,75385.41666666667,566162
2011-06-17,82750.0,85500.0,81250.0,83500.0,79650.0,77037.5,75933.33333333333,75435.41666666667,731572
2011-06-20,84250.0,84750.0,83000.0,84000.0,81450.0,77387.5,76183.33333333333,75485.41666666667,247966
2011-06-21,85000.0,85000.0,80250.0,83250.0,82700.0,77837.5,76362.5,75547.91666666667,322032
2011-06-22,84750.0,84750.0,81000.0,82750.0,83050.0,78300.0,76529.16666666667,75627.08333333333,219048
2011-06-23,81750.0,84750.0,81000.0,83500.0,83400.0,78800.0,76675.0,75725.0,195150
2011-06-24,84250.0,85250.0,83750.0,83750.0,83450.0,79250.0,76804.16666666667,75812.5,168338
2011-06-27,84000.0,84500.0,81250.0,82000.0,83050.0,79425.0,76858.33333333333,75877.08333333333,208420
2011-06-28,83000.0,84250.0,82250.0,82750.0,82950.0,79712.5,76937.5,75945.83333333333,164600
2011-06-29,83250.0,84750.0,83250.0,84250.0,83250.0,80037.5,77062.5,76018.75,141994
2011-06-30,84750.0,87250.0,84750.0,86000.0,83750.0,80500.0,77195.83333333333,76104.16666666667,344254
2011-07-01,86500.0,86750.0,84500.0,85500.0,84100.0,80912.5,77325.0,76150.0,206046
2011-07-04,86000.0,86000.0,83250.0,84250.0,84550.0,81312.5,77445.83333333333,76197.91666666667,232226
2011-07-05,84250.0,85000.0,83500.0,84500.0,84900.0,81675.0,77595.83333333333,76229.16666666667,110244
2011-07-06,84000.0,85000.0,83000.0,83500.0,84750.0,81950.0,77737.5,76239.58333333333,147958
2011-07-07,82750.0,85500.0,82500.0,84750.0,84500.0,82387.5,77895.83333333333,76268.75,134218
2011-07-08,85500.0,88750.0,85000.0,88000.0,85000.0,83050.0,78154.16666666667,76318.75,318966
2011-07-11,88250.0,89000.0,86750.0,88750.0,85900.0,83737.5,78412.5,76387.5,153958
2011-07-12,87750.0,90500.0,87250.0,88500.0,86700.0,84312.5,78625.0,76435.41666666667,228772
2011-07-13,89500.0,94750.0,88500.0,92750.0,88550.0,84900.0,78937.5,76535.41666666667,455730
2011-07-14,92750.0,95250.0,92000.0,93750.0,90350.0,85500.0,79254.16666666667,76652.08333333333,304156
2011-07-15,93750.0,94750.0,91750.0,92250.0,91200.0,85937.5,79570.83333333333,76739.58333333333,184318
2011-07-18,92500.0,97000.0,92000.0,95750.0,92600.0,86525.0,79970.83333333333,76862.5,269794
2011-07-19,96000.0,98000.0,95500.0,96750.0,94250.0,87200.0,80383.33333333333,77008.33333333333,187110
2011-07-20,97250.0,98000.0,95250.0,96250.0,94950.0,87875.0,80754.16666666667,77150.0,158692
2011-07-21,96750.0,97000.0,92750.0,94000.0,95000.0,88400.0,81012.5,77268.75,208654
2011-07-22,95000.0,99250.0,94750.0,97000.0,95950.0,89062.5,81279.16666666667,77397.91666666667,171128
2011-07-25,97000.0,98250.0,95250.0,95500.0,95900.0,89737.5,81575.0,77514.58333333333,93396
2011-07-26,96500.0,98000.0,95500.0,97000.0,95950.0,90450.0,81870.83333333333,77652.08333333333,100424
2011-07-27,95750.0,97500.0,95500.0,96500.0,96000.0,91062.5,82204.16666666667,77806.25,85090
2011-07-28,95750.0,95750.0,93500.0,95500.0,96300.0,91537.5,82487.5,77947.91666666667,163434
2011-07-29,95500.0,96000.0,93750.0,96000.0,96100.0,92062.5,82850.0,78104.16666666667,97158
2011-08-01,95500.0,97000.0,94000.0,94750.0,95950.0,92587.5,83162.5,78268.75,180558
2011-08-02,94500.0,94500.0,89250.0,89250.0,94400.0,92825.0,83391.66666666667,78391.66666666667,284866
2011-08-03,88500.0,92250.0,86500.0,91500.0,93400.0,93225.0,83675.0,78531.25,224456
2011-08-04,90500.0,92000.0,89750.0,90750.0,92450.0,93525.0,83937.5,78691.66666666667,110442
2011-08-05,87500.0,90000.0,83000.0,89500.0,91150.0,93600.0,84195.83333333333,78852.08333333333,188372
2011-08-08,89500.0,89500.0,84500.0,86500.0,89500.0,93487.5,84408.33333333333,78975.0,247952
2011-08-09,86000.0,86250.0,79000.0,84750.0,88600.0,93300.0,84583.33333333333,79085.41666666667,349360
2011-08-10,87500.0,89250.0,84000.0,84000.0,87100.0,92862.5,84741.66666666667,79189.58333333333,299700
2011-08-11,80250.0,87250.0,80000.0,85500.0,86050.0,92450.0,84883.33333333333,79281.25,197412
2011-08-12,85750.0,87250.0,81500.0,84000.0,84950.0,92037.5,85004.16666666667,79375.0,217092
2011-08-16,87000.0,92750.0,86500.0,91000.0,85850.0,91800.0,85237.5,79535.41666666667,412750
2011-08-17,91000.0,99500.0,90250.0,98500.0,88600.0,91887.5,85641.66666666667,79772.91666666667,335254
2011-08-18,97250.0,99500.0,94500.0,98750.0,91550.0,92012.5,86062.5,80014.58333333333,250252
2011-08-19,95250.0,98000.0,94250.0,96000.0,93650.0,92112.5,86437.5,80233.33333333333,264012
2011-08-22,95000.0,96000.0,89500.0,92000.0,95250.0,91862.5,86725.0,80410.41666666667,194846
2011-08-23,92000.0,93500.0,91000.0,92750.0,95600.0,91725.0,86962.5,80612.5,319050
2011-08-24,93250.0,99250.0,92250.0,94500.0,94800.0,91600.0,87254.16666666667,80818.75,276000
2011-08-25,94500.0,98500.0,94250.0,97000.0,94450.0,91625.0,87575.0,81060.41666666667,244654
2011-08-26,95500.0,98250.0,94500.0,95000.0,94250.0,91600.0,87879.16666666667,81243.75,274188
2011-08-29,97000.0,97500.0,92750.0,93250.0,94500.0,91462.5,88145.83333333333,81404.16666666667,214058
2011-08-30,95000.0,95000.0,92500.0,93500.0,94650.0,91400.0,88433.33333333333,81579.16666666667,181314
2011-08-31,93500.0,97250.0,93000.0,97250.0,95200.0,91800.0,88766.66666666667,81772.91666666667,161464
2011-09-01,97750.0,104000.0,96750.0,101000.0,96000.0,92275.0,89150.0,82016.66666666667,363488
2011-09-02,100750.0,102750.0,100000.0,101500.0,97300.0,92812.5,89575.0,82275.0,127134
2011-09-05,100000.0,104000.0,100000.0,101750.0,99000.0,93425.0,90025.0,82552.08333333333,118308
2011-09-06,101750.0,102000.0,93750.0,94250.0,99150.0,93812.5,90345.83333333333,82760.41666666667,205122
2011-09-07,96250.0,99250.0,92250.0,93500.0,98400.0,94250.0,90620.83333333333,82958.33333333333,193910
2011-09-08,91000.0,95750.0,90000.0,95500.0,97300.0,94825.0,90862.5,83162.5,282448
2011-09-09,95500.0,95750.0,92250.0,93000.0,95600.0,95200.0,91050.0,83345.83333333333,179808
2011-09-14,92250.0,93500.0,87500.0,90750.0,93400.0,95537.5,91170.83333333333,83552.08333333333,150386
2011-09-15,93000.0,93000.0,90500.0,92500.0,93050.0,95612.5,91312.5,83747.91666666667,200970
2011-09-16,94000.0,95500.0,92500.0,94750.0,93300.0,95425.0,91504.16666666667,83933.33333333333,187006
2011-09-19,93750.0,94250.0,91750.0,92750.0,92750.0,95125.0,91670.83333333333,84100.0,116868
2011-09-20,91750.0,94750.0,91250.0,92750.0,92700.0,94962.5,91825.0,84250.0,148050
2011-09-21,92500.0,100000.0,92250.0,96250.0,93800.0,95175.0,92033.33333333333,84418.75,368018
2011-09-22,93750.0,96750.0,93500.0,95750.0,94450.0,95325.0,92262.5,84560.41666666667,202512
2011-09-23,93750.0,93750.0,90250.0,91500.0,93800.0,95175.0,92408.33333333333,84672.91666666667,176090
2011-09-26,92500.0,93500.0,88000.0,91250.0,93500.0,94887.5,92525.0,84793.75,178576
2011-09-27,92500.0,93750.0,90250.0,91250.0,93200.0,94700.0,92612.5,84904.16666666667,237596
2011-09-28,92000.0,92000.0,87250.0,87750.0,91500.0,94425.0,92650.0,84987.5,255562
2011-09-29,88500.0,91500.0,87500.0,90250.0,90400.0,94262.5,92750.0,85097.91666666667,221988
2011-09-30,89000.0,90000.0,86000.0,88250.0,89750.0,93812.5,92812.5,85204.16666666667,223450
2011-10-04,86250.0,86500.0,83500.0,84750.0,88450.0,93000.0,92833.33333333333,85285.41666666667,236482
2011-10-05,86500.0,88250.0,83000.0,86750.0,87550.0,92262.5,92866.66666666667,85381.25,248770
2011-10-06,89500.0,90250.0,84750.0,85750.0,87150.0,91462.5,92829.16666666667,85491.66666666667,114894
2011-10-07,86500.0,88750.0,83750.0,84000.0,85900.0,90950.0,92750.0,85581.25,354962
2011-10-10,84500.0,88000.0,84250.0,86000.0,85450.0,90575.0,92708.33333333333,85666.66666666667,164816
2011-10-11,88500.0,90500.0,88250.0,89000.0,86300.0,90250.0,92645.83333333333,85791.66666666667,198592
2011-10-12,89000.0,100250.0,88000.0,96000.0,88150.0,90400.0,92683.33333333333,85968.75,373080
2011-10-13,97000.0,97500.0,94000.0,96000.0,90200.0,90662.5,92745.83333333333,86158.33333333333,233322
2011-10-14,98000.0,100000.0,96750.0,97000.0,92800.0,90887.5,92766.66666666667,86368.75,207064
2011-10-17,97500.0,105000.0,97500.0,104000.0,96400.0,91350.0,92887.5,86635.41666666667,246106
2011-10-18,100500.0,101000.0,97500.0,99000.0,98400.0,91662.5,92933.33333333333,86843.75,3241264
2011-10-19,100000.0,102500.0,97750.0,102250.0,99650.0,92137.5,93070.83333333333,87041.66666666667,418484
2011-10-20,102750.0,104500.0,99750.0,101750.0,100800.0,92412.5,93150.0,87214.58333333333,296992
2011-10-21,105000.0,105000.0,100750.0,101500.0,101700.0,92700.0,93250.0,87412.5,168424
2011-10-24,102000.0,104250.0,101500.0,104250.0,101750.0,93337.5,93370.83333333333,87620.83333333333,465866
2011-10-25,104500.0,105000.0,103250.0,103500.0,102650.0,93950.0,93487.5,87845.83333333333,250532
2011-10-26,103250.0,105500.0,100500.0,104250.0,103050.0,94600.0,93633.33333333333,88060.41666666667,233920
2011-10-27,104000.0,106750.0,104000.0,104750.0,103650.0,95450.0,93779.16666666667,88314.58333333333,162700
2011-10-28,104750.0,108000.0,103000.0,108000.0,104950.0,96337.5,94000.0,88581.25,277318
2011-10-31,107500.0,108000.0,100500.0,105000.0,105100.0,97175.0,94262.5,88827.08333333333,988408
2011-11-01,104000.0,109500.0,102500.0,105750.0,105550.0,98225.0,94500.0,89087.5,212974
2011-11-02,103750.0,111750.0,102000.0,110500.0,106800.0,99412.5,94829.16666666667,89383.33333333333,230026
2011-11-03,109750.0,115250.0,109750.0,114500.0,108750.0,100850.0,95245.83333333333,89720.83333333333,187410
2011-11-04,117500.0,119500.0,113500.0,113750.0,109900.0,102337.5,95700.0,90054.16666666667,206342
2011-11-07,114500.0,114500.0,108250.0,108750.0,110650.0,103475.0,96100.0,90341.66666666667,122176
2011-11-08,110500.0,111000.0,108750.0,108750.0,111250.0,104462.5,96512.5,90627.08333333333,81316
2011-11-09,109250.0,111000.0,106750.0,108000.0,110750.0,105062.5,96887.5,90885.41666666667,109182
2011-11-10,106000.0,109750.0,104250.0,108000.0,109450.0,105662.5,97287.5,91145.83333333333,164622
2011-11-11,109750.0,112000.0,107000.0,109000.0,108500.0,106262.5,97587.5,91412.5,121372
2011-11-14,109750.0,112000.0,109250.0,110750.0,108900.0,106600.0,97791.66666666667,91716.66666666667,78258
2011-11-15,111250.0,111250.0,106750.0,107000.0,108550.0,107000.0,97929.16666666667,91995.83333333333,82490
2011-11-16,108500.0,112000.0,108500.0,108500.0,108650.0,107312.5,98137.5,92287.5,105536
2011-11-17,111500.0,111500.0,108000.0,109750.0,109000.0,107712.5,98433.33333333333,92579.16666666667,59964
2011-11-18,107500.0,109000.0,106000.0,106250.0,108450.0,107950.0,98658.33333333333,92810.41666666667,96332
2011-11-21,107250.0,110000.0,104250.0,110000.0,108300.0,108237.5,98916.66666666667,93085.41666666667,93038
2011-11-22,108000.0,112000.0,108000.0,111000.0,109100.0,108612.5,99150.0,93362.5,79314
2011-11-23,111000.0,112000.0,105750.0,106500.0,108700.0,108725.0,99341.66666666667,93610.41666666667,145616
2011-11-24,104500.0,108500.0,103000.0,106750.0,108100.0,108825.0,99566.66666666667,93856.25,187266
2011-11-25,104750.0,107250.0,103500.0,105750.0,108000.0,108712.5,99770.83333333333,94102.08333333333,84946
2011-11-28,103750.0,109750.0,103000.0,109750.0,107950.0,108950.0,99979.16666666667,94372.91666666667,102720
2011-11-29,111750.0,112000.0,106000.0,109000.0,107550.0,109112.5,100112.5,94631.25,192594
2011-11-30,108250.0,111000.0,107000.0,110500.0,108350.0,109112.5,100262.5,94918.75,308756
2011-12-01,112000.0,114500.0,110750.0,110750.0,109150.0,108925.0,100412.5,95218.75,152120
2011-12-02,110750.0,113000.0,110500.0,113000.0,110600.0,108887.5,100725.0,95535.41666666667,120378
2011-12-05,113000.0,113500.0,108250.0,108500.0,110350.0,108875.0,100975.0,95797.91666666667,213600
2011-12-06,109000.0,109000.0,104250.0,105250.0,109600.0,108700.0,101137.5,96000.0,173078
2011-12-07,106750.0,107500.0,104250.0,106250.0,108750.0,108612.5,101358.33333333333,96204.16666666667,158852
2011-12-08,106750.0,108000.0,106000.0,106500.0,107900.0,108537.5,101620.83333333333,96395.83333333333,111684
2011-12-09,105000.0,107250.0,104250.0,105500.0,106400.0,108362.5,101837.5,96575.0,90298
2011-12-12,108750.0,108750.0,105500.0,105500.0,105800.0,108100.0,102016.66666666667,96760.41666666667,81542
2011-12-13,104250.0,104750.0,99500.0,101000.0,104950.0,107800.0,102154.16666666667,96912.5,154250
2011-12-14,100250.0,101250.0,97750.0,100750.0,103850.0,107412.5,102287.5,97056.25,140644
2011-12-15,100250.0,101500.0,97750.0,100500.0,102650.0,106950.0,102358.33333333333,97195.83333333333,137830
2011-12-16,100000.0,104250.0,99500.0,103250.0,102200.0,106800.0,102483.33333333333,97372.91666666667,93064
2011-12-19,101750.0,102250.0,96500.0,98750.0,100850.0,106237.5,102604.16666666667,97506.25,105678
2011-12-20,101000.0,101000.0,97250.0,98750.0,100400.0,105625.0,102729.16666666667,97627.08333333333,128668
2011-12-21,101000.0,104250.0,100750.0,103750.0,101000.0,105487.5,102937.5,97775.0,149976
2011-12-22,102750.0,106000.0,101750.0,106000.0,102100.0,105450.0,103241.66666666667,97945.83333333333,86996
2011-12-23,106000.0,107000.0,103250.0,104500.0,102350.0,105387.5,103479.16666666667,98114.58333333333,98708
2011-12-26,105250.0,106500.0,102000.0,105000.0,103600.0,105150.0,103758.33333333333,98285.41666666667,115160
2011-12-27,104250.0,106000.0,98500.0,102500.0,104350.0,104825.0,104054.16666666667,98443.75,164650
2011-12-28,104500.0,104500.0,96750.0,99000.0,103400.0,104250.0,104258.33333333333,98562.5,169570
2011-12-29,98750.0,99250.0,94500.0,96000.0,101400.0,103512.5,104429.16666666667,98629.16666666667,223478
2012-01-02,96000.0,97500.0,94000.0,95000.0,99500.0,102612.5,104612.5,98681.25,90656
2012-01-03,96000.0,99250.0,96000.0,99250.0,98350.0,102150.0,104833.33333333333,98770.83333333333,132782
2012-01-04,99750.0,103000.0,99750.0,101500.0,98150.0,101962.5,105041.66666666667,98843.75,172852
2012-01-05,101500.0,102750.0,100250.0,101500.0,98650.0,101725.0,105133.33333333333,98908.33333333333,66234
2012-01-06,101500.0,102750.0,97250.0,99500.0,99350.0,101375.0,105191.66666666667,98968.75,88866
2012-01-09,99500.0,101500.0,97750.0,99750.0,100300.0,101087.5,105237.5,99002.08333333333,90850
2012-01-10,99750.0,101000.0,98750.0,100000.0,100450.0,100812.5,105170.83333333333,99029.16666666667,89338
2012-01-11,100000.0,100000.0,96000.0,97250.0,99600.0,100625.0,105141.66666666667,99037.5,148340
2012-01-12,97750.0,98000.0,96000.0,97250.0,98750.0,100450.0,105058.33333333333,99064.58333333333,106678
2012-01-13,97500.0,98500.0,96500.0,97500.0,98350.0,100300.0,104987.5,99068.75,75898
2012-01-16,97500.0,97500.0,94750.0,95250.0,97450.0,99900.0,104883.33333333333,99066.66666666667,72196
2012-01-17,95750.0,97750.0,94500.0,95000.0,96450.0,99712.5,104729.16666666667,99050.0,165154
2012-01-18,95000.0,97750.0,95000.0,97000.0,96400.0,99625.0,104620.83333333333,99054.16666666667,122560
2012-01-19,98500.0,103500.0,97750.0,101250.0,97200.0,99500.0,104570.83333333333,99102.08333333333,262512
2012-01-20,100500.0,104750.0,100500.0,104500.0,98600.0,99425.0,104566.66666666667,99172.91666666667,187054
2012-01-25,104250.0,105500.0,101750.0,101750.0,99900.0,99287.5,104462.5,99231.25,100040
2012-01-26,101750.0,102500.0,99000.0,100500.0,101000.0,99062.5,104387.5,99325.0,172586
2012-01-27,101750.0,101750.0,96250.0,97000.0,101000.0,98787.5,104241.66666666667,99370.83333333333,226774
2012-01-30,97500.0,97750.0,93250.0,95000.0,99750.0,98587.5,103983.33333333333,99406.25,333354
2012-01-31,95500.0,96750.0,94500.0,96250.0,98100.0,98600.0,103679.16666666667,99462.5,218908
2012-02-01,95000.0,96000.0,93000.0,93750.0,96500.0,98537.5,103345.83333333333,99522.91666666667,336924
2012-02-02,94250.0,94750.0,90750.0,91750.0,94750.0,98162.5,103062.5,99581.25,478454
2012-02-03,92500.0,94500.0,86750.0,88500.0,93050.0,97512.5,102725.0,99618.75,832012
2012-02-06,89250.0,90250.0,86250.0,89500.0,91950.0,96912.5,102416.66666666667,99652.08333333333,420764
2012-02-07,89500.0,92000.0,89250.0,91750.0,91050.0,96525.0,102145.83333333333,99716.66666666667,414016
2012-02-08,91250.0,92000.0,89250.0,90500.0,90400.0,96062.5,101837.5,99712.5,421558
2012-02-09,90000.0,90500.0,86250.0,87500.0,89550.0,95437.5,101450.0,99620.83333333333,619858
2012-02-10,87750.0,90750.0,86750.0,90000.0,89850.0,95075.0,101166.66666666667,99547.91666666667,376174
2012-02-13,90000.0,93250.0,90000.0,93000.0,90550.0,94862.5,100908.33333333333,99522.91666666667,379450
2012-02-14,92500.0,93750.0,91750.0,92750.0,90750.0,94625.0,100625.0,99529.16666666667,303570
2012-02-15,93000.0,93500.0,91750.0,92250.0,91100.0,94475.0,100391.66666666667,99525.0,165366
2012-02-16,91000.0,94500.0,90500.0,94000.0,92400.0,94425.0,100125.0,99520.83333333333,284932
2012-02-17,94250.0,94750.0,92750.0,94250.0,93250.0,94287.5,99845.83333333333,99497.91666666667,229076
2012-02-20,95750.0,95750.0,92500.0,94000.0,93450.0,93925.0,99637.5,99489.58333333333,140276
2012-02-21,93500.0,94750.0,92250.0,93750.0,93650.0,93387.5,99420.83333333333,99493.75,145202
2012-02-22,94000.0,94250.0,90250.0,91750.0,93550.0,92887.5,99187.5,99479.16666666667,204678
2012-02-23,91500.0,91500.0,89500.0,90250.0,92800.0,92375.0,98862.5,99420.83333333333,176502
2012-02-24,90750.0,93000.0,90250.0,93000.0,92550.0,92175.0,98595.83333333333,99354.16666666667,143290
2012-02-27,93000.0,93000.0,90000.0,92000.0,92150.0,92025.0,98287.5,99275.0,155964
2012-02-28,92500.0,93000.0,90750.0,92000.0,91800.0,91812.5,97975.0,99193.75,130794
2012-02-29,92500.0,93750.0,92000.0,92750.0,92000.0,91762.5,97637.5,99181.25,177184
2012-03-02,92250.0,93500.0,91000.0,91250.0,92200.0,91737.5,97350.0,99162.5,182134
2012-03-05,90750.0,93000.0,90750.0,92250.0,92050.0,91925.0,97133.33333333333,99135.41666666667,147514
2012-03-06,91750.0,93000.0,90750.0,91750.0,92000.0,92037.5,96891.66666666667,99125.0,83722
2012-03-07,90750.0,91000.0,90000.0,90750.0,91750.0,91987.5,96629.16666666667,99125.0,95036
2012-03-08,90750.0,92000.0,90250.0,91000.0,91400.0,92012.5,96387.5,99112.5,101748
2012-03-09,91000.0,91750.0,89500.0,90000.0,91150.0,92137.5,96129.16666666667,99072.91666666667,159420
2012-03-12,89500.0,90000.0,87500.0,88750.0,90450.0,92075.0,95925.0,99039.58333333333,216282
2012-03-13,88500.0,91500.0,88500.0,91000.0,90300.0,91975.0,95762.5,99025.0,288428
2012-03-14,92500.0,93750.0,90750.0,93250.0,90800.0,92000.0,95641.66666666667,99000.0,353170
2012-03-15,93250.0,98250.0,92750.0,97250.0,92050.0,92250.0,95541.66666666667,99012.5,656962
2012-03-16,98500.0,99250.0,95750.0,96500.0,93350.0,92375.0,95504.16666666667,99054.16666666667,255330
2012-03-19,97250.0,99750.0,96750.0,99250.0,95450.0,92625.0,95512.5,99120.83333333333,376134
2012-03-20,100500.0,102750.0,99250.0,102250.0,97700.0,93037.5,95487.5,99212.5,414938
2012-03-21,100750.0,103250.0,99500.0,101500.0,99350.0,93425.0,95412.5,99327.08333333333,214840
2012-03-22,101750.0,104750.0,100250.0,101750.0,100250.0,93925.0,95366.66666666667,99422.91666666667,222396
2012-03-23,102000.0,104500.0,101750.0,103500.0,101650.0,94587.5,95341.66666666667,99550.0,162792
2012-03-26,103500.0,104000.0,99000.0,100000.0,101800.0,94937.5,95300.0,99677.08333333333,164992
2012-03-27,101000.0,102250.0,99000.0,100000.0,101350.0,95337.5,95316.66666666667,99787.5,216318
2012-03-28,101250.0,102000.0,100000.0,100500.0,101150.0,95762.5,95391.66666666667,99910.41666666667,172674
2012-03-29,101500.0,102500.0,99250.0,100750.0,100950.0,96162.5,95487.5,100050.0,259274
2012-03-30,101500.0,104250.0,101500.0,102000.0,100650.0,96700.0,95533.33333333333,100183.33333333333,418470
2012-04-02,102500.0,103000.0,99750.0,101000.0,100850.0,97137.5,95525.0,100283.33333333333,206824
2012-04-03,101000.0,103000.0,101000.0,101250.0,101100.0,97612.5,95520.83333333333,100327.08333333333,204290
2012-04-04,101250.0,103250.0,101000.0,101250.0,101250.0,98137.5,95550.0,100370.83333333333,175762
2012-04-05,101000.0,105500.0,100250.0,105500.0,102200.0,98862.5,95645.83333333333,100441.66666666667,254802
2012-04-06,105750.0,105750.0,102000.0,102250.0,102250.0,99475.0,95683.33333333333,100427.08333333333,243674
2012-04-09,101250.0,101750.0,99000.0,99000.0,101850.0,99987.5,95712.5,100427.08333333333,168634
2012-04-10,98750.0,100500.0,96750.0,99250.0,101450.0,100400.0,95745.83333333333,100402.08333333333,163028
2012-04-12,100000.0,100000.0,96750.0,97750.0,100750.0,100625.0,95750.0,100368.75,95854
2012-04-13,99500.0,100750.0,97750.0,100750.0,99800.0,100800.0,95841.66666666667,100362.5,87666
2012-04-16,99000.0,100750.0,98250.0,100750.0,99500.0,101012.5,95937.5,100333.33333333333,68670
2012-04-17,100750.0,100750.0,98750.0,99500.0,99600.0,101025.0,95979.16666666667,100300.0,74462
2012-04-18,101500.0,104500.0,100750.0,104500.0,100650.0,101137.5,96033.33333333333,100302.08333333333,258380
2012-04-19,104500.0,106500.0,103500.0,104750.0,102050.0,101300.0,96037.5,100302.08333333333,221738
2012-04-20,105250.0,106000.0,103750.0,105000.0,102900.0,101462.5,96091.66666666667,100277.08333333333,132156
2012-04-23,106250.0,106250.0,103500.0,106000.0,103950.0,101587.5,96183.33333333333,100285.41666666667,105232
2012-04-24,105500.0,105750.0,103500.0,104250.0,104900.0,101800.0,96304.16666666667,100272.91666666667,205470
2012-04-25,105250.0,105250.0,101750.0,103750.0,104750.0,101987.5,96450.0,100216.66666666667,370930
2012-04-26,103250.0,107750.0,102250.0,106500.0,105100.0,102287.5,96620.83333333333,100150.0,273432
2012-04-27,107500.0,107500.0,104500.0,107000.0,105500.0,102600.0,96841.66666666667,100093.75,158610
2012-04-30,108000.0,111000.0,107250.0,110750.0,106450.0,103037.5,97158.33333333333,100110.41666666667,258794
2012-05-02,111000.0,111250.0,107000.0,108750.0,107350.0,103425.0,97495.83333333333,100110.41666666667,221642
2012-05-03,108750.0,108750.0,104250.0,104750.0,107550.0,103600.0,97750.0,100083.33333333333,182022
2012-05-04,105500.0,108000.0,104750.0,106500.0,107550.0,103862.5,97995.83333333333,100070.83333333333,132374
2012-05-07,104250.0,105250.0,102750.0,105000.0,107150.0,103837.5,98237.5,100037.5,138734
2012-05-08,105000.0,105750.0,102250.0,102250.0,105450.0,103837.5,98483.33333333333,99966.66666666667,177402
2012-05-09,102250.0,105250.0,100500.0,105000.0,104700.0,104137.5,98733.33333333333,99950.0,200136
2012-05-10,104250.0,106250.0,102750.0,103750.0,104500.0,104362.5,98912.5,99910.41666666667,183566
2012-05-11,103000.0,105750.0,102500.0,104250.0,104050.0,104687.5,99104.16666666667,99864.58333333333,105436
2012-05-14,103000.0,105250.0,102750.0,104750.0,104000.0,104887.5,99312.5,99852.08333333333,100404
2012-05-15,104000.0,106000.0,102750.0,104500.0,104450.0,105075.0,99487.5,99806.25,149716
2012-05-16,104250.0,104500.0,97250.0,97750.0,103000.0,104987.5,99545.83333333333,99695.83333333333,133874
2012-05-17,97750.0,100500.0,96250.0,98750.0,102000.0,104700.0,99625.0,99631.25,211638
2012-05-18,97000.0,98500.0,93750.0,96250.0,100400.0,104275.0,99666.66666666667,99543.75,153816
2012-05-21,95250.0,99500.0,95250.0,97500.0,98950.0,103900.0,99762.5,99475.0,115020
2012-05-22,99500.0,99500.0,95000.0,97000.0,97450.0,103450.0,99875.0,99368.75,170666
2012-05-23,96750.0,99500.0,95250.0,99500.0,97800.0,103212.5,99983.33333333333,99289.58333333333,159846
2012-05-24,99250.0,100000.0,97750.0,98250.0,97700.0,102937.5,100087.5,99187.5,108012
2012-05-25,97750.0,102000.0,97750.0,99750.0,98400.0,102600.0,100216.66666666667,99095.83333333333,162918
2012-05-29,99750.0,102500.0,98750.0,100750.0,99050.0,102287.5,100350.0,98993.75,79040
2012-05-30,99750.0,102750.0,99250.0,101750.0,100000.0,101837.5,100525.0,98937.5,93316
2012-05-31,100750.0,104250.0,100000.0,104250.0,100950.0,101612.5,100725.0,98929.16666666667,159530
2012-06-01,102750.0,106500.0,102750.0,106000.0,102500.0,101675.0,100962.5,98927.08333333333,157332
2012-06-04,104750.0,105750.0,101000.0,104500.0,103450.0,101575.0,101191.66666666667,98910.41666666667,179894
2012-06-05,105750.0,106000.0,102500.0,102500.0,103800.0,101450.0,101383.33333333333,98885.41666666667,95464
2012-06-07,104750.0,104750.0,102000.0,103250.0,104100.0,101500.0,101604.16666666667,98866.66666666667,185158
2012-06-08,102500.0,104250.0,101750.0,103000.0,103850.0,101400.0,101841.66666666667,98883.33333333333,147876
2012-06-11,102750.0,103750.0,100500.0,101250.0,102900.0,101275.0,102012.5,98887.5,142466
2012-06-12,99750.0,102500.0,99750.0,102500.0,102500.0,101187.5,102166.66666666667,98904.16666666667,155118
2012-06-13,102750.0,105750.0,102000.0,105500.0,103100.0,101225.0,102304.16666666667,98922.91666666667,207450
2012-06-14,104000.0,106250.0,103500.0,105500.0,103550.0,101275.0,102454.16666666667,98979.16666666667,179510
2012-06-15,105500.0,109250.0,104500.0,108500.0,104650.0,101812.5,102608.33333333333,99060.41666666667,427422
2012-06-18,109250.0,110250.0,107500.0,109250.0,106250.0,102337.5,102725.0,99106.25,267488
2012-06-19,110000.0,114000.0,110000.0,112250.0,108200.0,103137.5,102904.16666666667,99158.33333333333,274052
2012-06-20,113000.0,114000.0,111500.0,112500.0,109600.0,103887.5,103083.33333333333,99225.0,158530
2012-06-21,110750.0,112250.0,110500.0,112250.0,110950.0,104650.0,103229.16666666667,99285.41666666667,99706
2012-06-22,109750.0,113250.0,109750.0,111500.0,111550.0,105250.0,103420.83333333333,99360.41666666667,113218
2012-06-25,110500.0,113000.0,108250.0,111500.0,112000.0,105912.5,103612.5,99464.58333333333,142104
2012-06-26,110500.0,111500.0,107250.0,109000.0,111350.0,106375.0,103754.16666666667,99572.91666666667,162412
2012-06-27,108500.0,109250.0,106750.0,107750.0,110400.0,106725.0,103870.83333333333,99679.16666666667,134638
2012-06-28,107500.0,111000.0,107250.0,109750.0,109900.0,107125.0,104000.0,99766.66666666667,108380
2012-06-29,108500.0,111250.0,107750.0,108750.0,109350.0,107350.0,104129.16666666667,99827.08333333333,162148
2012-07-02,108500.0,109500.0,108250.0,109500.0,108950.0,107525.0,104266.66666666667,99893.75,87762
2012-07-03,109500.0,110000.0,104000.0,104250.0,108000.0,107512.5,104316.66666666667,99933.33333333333,237632
2012-07-04,104000.0,106750.0,104000.0,106500.0,107750.0,107712.5,104333.33333333333,99989.58333333333,236990
2012-07-05,107000.0,108000.0,105750.0,107000.0,107200.0,107900.0,104412.5,100047.91666666667,86924
2012-07-06,108000.0,108000.0,104250.0,105000.0,106450.0,108000.0,104512.5,100112.5,85800
2012-07-09,105000.0,106500.0,103250.0,105500.0,105650.0,108212.5,104616.66666666667,100181.25,105136
2012-07-10,105500.0,107000.0,105000.0,106500.0,106100.0,108412.5,104762.5,100256.25,151980
2012-07-11,106750.0,108000.0,104750.0,107250.0,106250.0,108500.0,104870.83333333333,100356.25,137294
2012-07-12,107250.0,107250.0,102000.0,102000.0,105250.0,108325.0,104891.66666666667,100414.58333333333,193432
2012-07-13,102500.0,106250.0,102250.0,106000.0,105450.0,108200.0,105000.0,100489.58333333333,228064
2012-07-16,105500.0,106250.0,103500.0,106250.0,105600.0,108050.0,105029.16666666667,100531.25,89296
2012-07-17,106250.0,107500.0,104750.0,106000.0,105500.0,107737.5,105050.0,100543.75,60176
2012-07-18,105250.0,105750.0,100750.0,101250.0,104300.0,107175.0,104987.5,100539.58333333333,384182
2012-07-19,103250.0,106250.0,101750.0,106250.0,105150.0,106875.0,104991.66666666667,100587.5,257652
2012-07-20,107250.0,107250.0,103500.0,104250.0,104800.0,106512.5,104991.66666666667,100647.91666666667,113294
2012-07-23,103000.0,104250.0,102250.0,104250.0,104400.0,106150.0,105000.0,100725.0,103420
2012-07-24,104750.0,105250.0,102750.0,104750.0,104150.0,105937.5,104970.83333333333,100795.83333333333,85572
2012-07-25,103250.0,104750.0,102500.0,103000.0,104500.0,105700.0,104904.16666666667,100872.91666666667,60406
2012-07-26,103000.0,104000.0,102250.0,102750.0,103800.0,105350.0,104770.83333333333,100964.58333333333,97844
2012-07-27,104500.0,104750.0,102000.0,104500.0,103850.0,105137.5,104700.0,101097.91666666667,120990
2012-07-30,105750.0,107000.0,104250.0,107000.0,104400.0,105012.5,104737.5,101243.75,147398
2012-07-31,107000.0,108750.0,105750.0,108500.0,105150.0,105225.0,104770.83333333333,101383.33333333333,183386
2012-08-01,106750.0,111250.0,106500.0,110750.0,106700.0,105437.5,104866.66666666667,101552.08333333333,220610
2012-08-02,110500.0,110750.0,107750.0,109000.0,107950.0,105537.5,104979.16666666667,101731.25,209960
2012-08-03,107250.0,111000.0,107000.0,109500.0,108950.0,105762.5,105054.16666666667,101893.75,238766
2012-08-06,111750.0,111750.0,107500.0,108250.0,109200.0,105900.0,105129.16666666667,102020.83333333333,270348
2012-08-07,107750.0,108750.0,105000.0,105000.0,108500.0,105825.0,105141.66666666667,102122.91666666667,287262
2012-08-08,106250.0,107250.0,105000.0,106500.0,107650.0,105787.5,105170.83333333333,102241.66666666667,194434
2012-08-09,105750.0,109250.0,105750.0,109000.0,107650.0,106137.5,105245.83333333333,102366.66666666667,233726
2012-08-10,109000.0,109250.0,106250.0,107500.0,107250.0,106212.5,105408.33333333333,102477.08333333333,116692
2012-08-13,107500.0,108000.0,106500.0,107750.0,107150.0,106287.5,105558.33333333333,102591.66666666667,73568
2012-08-14,108500.0,110000.0,107750.0,110000.0,108150.0,106487.5,105787.5,102727.08333333333,174140
2012-08-16,109000.0,110250.0,108000.0,108500.0,108550.0,106850.0,105970.83333333333,102866.66666666667,57448
2012-08-17,106500.0,107500.0,105500.0,105500.0,107850.0,106812.5,106112.5,102993.75,2307276
2012-08-20,106750.0,107000.0,104750.0,105250.0,107400.0,106862.5,106208.33333333333,103095.83333333333,203288
2012-08-21,106000.0,107000.0,105500.0,107000.0,107250.0,107000.0,106354.16666666667,103220.83333333333,189820
2012-08-22,106750.0,107000.0,104250.0,104500.0,106150.0,106987.5,106433.33333333333,103325.0,224230
2012-08-23,105250.0,106000.0,104250.0,106000.0,105650.0,107137.5,106520.83333333333,103435.41666666667,149114
2012-08-24,104750.0,104750.0,104000.0,104000.0,105350.0,107200.0,106558.33333333333,103541.66666666667,126590
2012-08-27,104250.0,107250.0,104000.0,107250.0,105750.0,107337.5,106608.33333333333,103666.66666666667,279830
2012-08-28,106250.0,109000.0,106250.0,108250.0,106000.0,107400.0,106645.83333333333,103804.16666666667,244514
2012-08-29,107750.0,115000.0,107500.0,114000.0,107900.0,107675.0,106804.16666666667,103997.91666666667,527366
2012-08-30,114750.0,117500.0,112000.0,115500.0,109800.0,107912.5,107020.83333333333,104202.08333333333,403224
2012-08-31,114000.0,115750.0,112500.0,114000.0,111800.0,108162.5,107200.0,104402.08333333333,247984
2012-09-03,113500.0,119750.0,113000.0,116000.0,113550.0,108487.5,107416.66666666667,104629.16666666667,214364
2012-09-04,116000.0,120000.0,114250.0,114250.0,114750.0,108787.5,107633.33333333333,104822.91666666667,173436
2012-09-05,113500.0,115750.0,113000.0,114000.0,114750.0,109237.5,107825.0,104995.83333333333,125416
2012-09-06,113500.0,115750.0,113500.0,114500.0,114550.0,109637.5,107975.0,105139.58333333333,97234
2012-09-07,115500.0,117250.0,113750.0,116000.0,114950.0,109987.5,108150.0,105302.08333333333,135992
2012-09-10,115000.0,116250.0,112500.0,114500.0,114650.0,110337.5,108250.0,105429.16666666667,149966
2012-09-11,115250.0,116250.0,114000.0,115250.0,114850.0,110712.5,108350.0,105537.5,93120
2012-09-12,115000.0,120500.0,113750.0,120500.0,116150.0,111237.5,108487.5,105695.83333333333,206696
2012-09-13,119250.0,120750.0,118250.0,119500.0,117150.0,111787.5,108604.16666666667,105843.75,87746
2012-09-14,121500.0,122500.0,118500.0,119250.0,117800.0,112475.0,108720.83333333333,105975.0,201986
2012-09-17,117500.0,118000.0,114750.0,116750.0,118250.0,113050.0,108808.33333333333,106114.58333333333,219592
2012-09-18,116000.0,118250.0,116000.0,118250.0,118850.0,113612.5,108920.83333333333,106266.66666666667,110558
2012-09-19,119000.0,119000.0,115000.0,116500.0,118050.0,114212.5,109045.83333333333,106400.0,117194
2012-09-20,115750.0,116750.0,111500.0,113000.0,116750.0,114562.5,109133.33333333333,106502.08333333333,253142
2012-09-21,113750.0,114750.0,112250.0,114000.0,115700.0,115062.5,109204.16666666667,106602.08333333333,131540
2012-09-24,113000.0,117000.0,112750.0,117000.0,115750.0,115550.0,109341.66666666667,106735.41666666667,149788
2012-09-25,116000.0,118500.0,114000.0,117500.0,115600.0,116012.5,109475.0,106870.83333333333,146676
2012-09-26,117250.0,119250.0,116500.0,119000.0,116100.0,116262.5,109720.83333333333,107018.75,182286
2012-09-27,117750.0,119250.0,117500.0,119000.0,117300.0,116437.5,109929.16666666667,107131.25,151908
2012-09-28,119750.0,121750.0,116000.0,121750.0,118850.0,116825.0,110175.0,107293.75,221468
2012-10-02,121750.0,121750.0,117500.0,117500.0,118950.0,116900.0,110383.33333333333,107447.91666666667,105836
2012-10-04,118000.0,119000.0,117000.0,117750.0,119000.0,117075.0,110587.5,107602.08333333333,78472
2012-10-05,119250.0,119250.0,116500.0,117000.0,118600.0,117225.0,110762.5,107762.5,90130
2012-10-08,116000.0,119250.0,116000.0,117250.0,118250.0,117362.5,110929.16666666667,107900.0,78112
2012-10-09,118000.0,118000.0,114250.0,114500.0,116800.0,117287.5,111137.5,108014.58333333333,103744
2012-10-10,114000.0,118000.0,113250.0,117250.0,116750.0,117425.0,111325.0,108162.5,86900
2012-10-11,118000.0,118500.0,114500.0,114750.0,116150.0,117400.0,111466.66666666667,108247.91666666667,101730
2012-10-12,114750.0,116750.0,114250.0,114250.0,115600.0,117087.5,111604.16666666667,108327.08333333333,77368
2012-10-15,113250.0,114250.0,110250.0,112500.0,114650.0,116737.5,111791.66666666667,108389.58333333333,146668
2012-10-16,114000.0,114500.0,112000.0,113500.0,114450.0,116450.0,111912.5,108452.08333333333,114862
2012-10-17,113500.0,115000.0,113000.0,114500.0,113900.0,116337.5,112083.33333333333,108537.5,64138
2012-10-18,115000.0,116250.0,112500.0,113000.0,113550.0,116075.0,112229.16666666667,108614.58333333333,96106
2012-10-19,113000.0,114250.0,112000.0,113500.0,113400.0,115925.0,112375.0,108672.91666666667,72368
2012-10-22,112000.0,114750.0,110750.0,113500.0,113600.0,115950.0,112550.0,108727.08333333333,59718
2012-10-23,113000.0,113250.0,109500.0,109500.0,112800.0,115725.0,112662.5,108716.66666666667,95288
2012-10-24,108500.0,110750.0,107500.0,107500.0,111400.0,115250.0,112712.5,108706.25,150148
2012-10-25,107000.0,113750.0,107000.0,111750.0,111150.0,114962.5,112791.66666666667,108764.58333333333,137150
2012-10-26,111750.0,114250.0,109250.0,111500.0,110750.0,114587.5,112841.66666666667,108806.25,184262
2012-10-29,111500.0,115250.0,111000.0,113500.0,110750.0,114312.5,112887.5,108877.08333333333,148740
2012-10-30,113000.0,115000.0,112000.0,113000.0,111450.0,113875.0,112954.16666666667,108966.66666666667,82156
2012-10-31,114000.0,114750.0,112250.0,113500.0,112650.0,113675.0,113020.83333333333,109037.5,64538
2012-11-01,112250.0,113500.0,103500.0,110000.0,112300.0,113287.5,113050.0,109089.58333333333,511402
2012-11-02,111500.0,111500.0,107250.0,108000.0,111600.0,112837.5,113100.0,109120.83333333333,198316
2012-11-05,103750.0,106000.0,102000.0,104000.0,109700.0,112175.0,113058.33333333333,109114.58333333333,266990
2012-11-06,104250.0,109750.0,104000.0,109000.0,108900.0,111900.0,113058.33333333333,109152.08333333333,219522
2012-11-07,109500.0,110250.0,107500.0,110000.0,108200.0,111537.5,113100.0,109254.16666666667,150772
2012-11-08,108250.0,109750.0,108250.0,109000.0,108000.0,111250.0,113120.83333333333,109339.58333333333,129704
2012-11-09,106750.0,108000.0,104750.0,108000.0,108000.0,110937.5,113087.5,109437.5,157906
2012-11-12,108500.0,109500.0,105750.0,108250.0,108850.0,110725.0,113083.33333333333,109527.08333333333,63658
2012-11-13,108500.0,108750.0,104250.0,105250.0,108100.0,110312.5,113079.16666666667,109595.83333333333,81398
2012-11-14,105250.0,107500.0,104500.0,107000.0,107500.0,109937.5,113108.33333333333,109658.33333333333,101918
2012-11-15,105750.0,105750.0,102250.0,103500.0,106400.0,109462.5,113050.0,109702.08333333333,174020
2012-11-16,103000.0,107500.0,102750.0,107500.0,106300.0,109162.5,113100.0,109766.66666666667,174500
2012-11-19,106500.0,107500.0,105250.0,105250.0,105700.0,108750.0,113087.5,109804.16666666667,115180
2012-11-20,106250.0,107000.0,102750.0,104000.0,105450.0,108475.0,113087.5,109822.91666666667,201818
2012-11-21,104500.0,107750.0,104250.0,107750.0,105600.0,108487.5,113095.83333333333,109852.08333333333,155436
2012-11-22,107750.0,109750.0,106750.0,108000.0,106500.0,108300.0,113091.66666666667,109868.75,67776
2012-11-23,107750.0,109750.0,107250.0,107750.0,106550.0,108112.5,112987.5,109895.83333333333,70956
2012-11-26,107750.0,110000.0,107750.0,109750.0,107450.0,107925.0,112891.66666666667,109956.25,80650
2012-11-27,110000.0,116250.0,109500.0,114250.0,109500.0,107987.5,112895.83333333333,110047.91666666667,285650
2012-11-28,115500.0,115500.0,113000.0,113750.0,110700.0,108000.0,112858.33333333333,110137.5,175738
2012-11-29,115500.0,118000.0,114750.0,116500.0,112400.0,108325.0,112895.83333333333,110264.58333333333,197428
2012-11-30,114750.0,118000.0,113500.0,118000.0,114450.0,108825.0,112962.5,110393.75,188664
2012-12-03,117000.0,118750.0,116250.0,117750.0,116050.0,109512.5,113016.66666666667,110495.83333333333,102358
2012-12-04,112500.0,117750.0,112500.0,116000.0,116400.0,109862.5,113016.66666666667,110583.33333333333,62218
2012-12-05,116000.0,117500.0,115000.0,115750.0,116800.0,110150.0,113037.5,110643.75,85268
2012-12-06,114500.0,115250.0,113500.0,114000.0,116300.0,110400.0,113016.66666666667,110683.33333333333,64978
2012-12-07,114000.0,115000.0,111250.0,112500.0,115200.0,110625.0,112883.33333333333,110685.41666666667,137230
2012-12-10,113250.0,114250.0,110250.0,111750.0,114000.0,110800.0,112754.16666666667,110679.16666666667,143284
2012-12-11,112000.0,112500.0,108250.0,109000.0,112600.0,110987.5,112583.33333333333,110652.08333333333,192382
2012-12-12,109500.0,110000.0,107500.0,110000.0,111450.0,111137.5,112470.83333333333,110639.58333333333,119754
2012-12-13,111000.0,111000.0,108500.0,108750.0,110400.0,111400.0,112312.5,110616.66666666667,195542
2012-12-14,108750.0,113500.0,108750.0,113000.0,110500.0,111675.0,112254.16666666667,110650.0,212008
2012-12-17,113500.0,113500.0,109250.0,110250.0,110200.0,111925.0,112208.33333333333,110670.83333333333,165296
2012-12-18,109750.0,111500.0,108750.0,110000.0,110400.0,112225.0,112141.66666666667,110672.91666666667,172348
2012-12-20,113250.0,113750.0,110500.0,111000.0,110600.0,112387.5,112041.66666666667,110691.66666666667,174976
2012-12-21,112500.0,113250.0,109750.0,110250.0,110900.0,112500.0,111920.83333333333,110697.91666666667,134986
2012-12-24,110750.0,111250.0,109250.0,110500.0,110400.0,112637.5,111779.16666666667,110750.0,59914
2012-12-26,111750.0,113000.0,110000.0,111000.0,110550.0,112700.0,111645.83333333333,110787.5,114310
2012-12-27,110250.0,111750.0,109500.0,110000.0,110550.0,112487.5,111450.0,110812.5,86086
2012-12-28,110750.0,112250.0,109750.0,110750.0,110500.0,112337.5,111337.5,110860.41666666667,94146
2013-01-02,112000.0,112000.0,110000.0,110000.0,110450.0,112012.5,111208.33333333333,110897.91666666667,70906
2013-01-03,110500.0,111000.0,102750.0,102750.0,108900.0,111250.0,110970.83333333333,110866.66666666667,444292
2013-01-04,102500.0,105500.0,102500.0,105250.0,107750.0,110625.0,110770.83333333333,110850.0,212892
2013-01-07,106250.0,108250.0,105250.0,107000.0,107150.0,110175.0,110645.83333333333,110891.66666666667,199718
2013-01-08,107000.0,109000.0,106500.0,106500.0,106300.0,109712.5,110466.66666666667,110895.83333333333,133314
2013-01-09,108250.0,108250.0,105250.0,106000.0,105500.0,109312.5,110320.83333333333,110893.75,64238
2013-01-10,106500.0,107500.0,105500.0,106500.0,106250.0,109012.5,110191.66666666667,110897.91666666667,69264
2013-01-11,107500.0,108750.0,105000.0,105000.0,106200.0,108675.0,110066.66666666667,110929.16666666667,88620
2013-01-14,105750.0,105750.0,101500.0,102750.0,105350.0,108362.5,109887.5,110900.0,149308
2013-01-15,102250.0,104750.0,102250.0,102500.0,104550.0,107987.5,109687.5,110885.41666666667,74648
2013-01-16,104000.0,104500.0,102000.0,103000.0,103950.0,107700.0,109520.83333333333,110875.0,78898
2013-01-17,103250.0,104250.0,103000.0,103000.0,103250.0,107200.0,109345.83333333333,110860.41666666667,85828
2013-01-18,103250.0,104000.0,102000.0,103250.0,102900.0,106850.0,109175.0,110862.5,135090
2013-01-21,104000.0,104000.0,99750.0,101500.0,102650.0,106425.0,109041.66666666667,110852.08333333333,163348
2013-01-22,102250.0,105500.0,100250.0,104750.0,103100.0,106112.5,108995.83333333333,110854.16666666667,198806
2013-01-23,104750.0,105750.0,101750.0,102000.0,102900.0,105700.0,108833.33333333333,110812.5,149776
2013-01-24,102000.0,102000.0,98000.0,99250.0,102150.0,105137.5,108629.16666666667,110735.41666666667,254742
2013-01-25,100000.0,100500.0,92000.0,94500.0,100400.0,104312.5,108312.5,110600.0,568400
2013-01-28,93250.0,100250.0,93000.0,100000.0,100100.0,103812.5,108095.83333333333,110525.0,427776
2013-01-29,99000.0,101750.0,99000.0,101750.0,99500.0,103362.5,107900.0,110460.41666666667,280736
2013-01-30,101750.0,102750.0,100750.0,102000.0,99500.0,102962.5,107766.66666666667,110408.33333333333,148982
2013-01-31,102250.0,102250.0,100250.0,101500.0,99950.0,102900.0,107658.33333333333,110379.16666666667,148436
2013-02-01,100500.0,102250.0,100500.0,101250.0,101300.0,102700.0,107612.5,110335.41666666667,162898
2013-02-04,103250.0,103250.0,98750.0,100250.0,101350.0,102362.5,107466.66666666667,110262.5,139398
2013-02-05,101750.0,102750.0,100500.0,101000.0,101200.0,102087.5,107316.66666666667,110208.33333333333,119664
2013-02-06,100750.0,101500.0,99250.0,99750.0,100750.0,101775.0,107162.5,110141.66666666667,71282
2013-02-07,102250.0,102500.0,99500.0,100250.0,100500.0,101462.5,107033.33333333333,110060.41666666667,133150
2013-02-08,99750.0,102000.0,99500.0,101750.0,100600.0,101300.0,106925.0,110004.16666666667,144870
2013-02-12,101500.0,101750.0,100000.0,100250.0,100600.0,101175.0,106841.66666666667,109960.41666666667,103510
2013-02-13,100250.0,101750.0,100250.0,101000.0,100600.0,101100.0,106741.66666666667,109925.0,103710
2013-02-14,101500.0,103000.0,101000.0,103000.0,101250.0,101100.0,106733.33333333333,109891.66666666667,226826
2013-02-15,103250.0,103250.0,102000.0,102500.0,101700.0,101075.0,106650.0,109875.0,72056
2013-02-18,102750.0,102750.0,100250.0,101750.0,101700.0,101000.0,106591.66666666667,109839.58333333333,97668
2013-02-19,100750.0,101500.0,100000.0,100500.0,101750.0,100950.0,106533.33333333333,109810.41666666667,213236
2013-02-20,101000.0,101250.0,100250.0,101000.0,101750.0,100762.5,106420.83333333333,109758.33333333333,206608
2013-02-21,101000.0,102750.0,100500.0,102500.0,101650.0,100787.5,106329.16666666667,109710.41666666667,151062
2013-02-22,102500.0,102750.0,100500.0,101000.0,101350.0,100875.0,106216.66666666667,109602.08333333333,202070
2013-02-25,101000.0,101250.0,99500.0,99500.0,100900.0,101125.0,106045.83333333333,109468.75,161568
2013-02-26,98750.0,99750.0,96000.0,97000.0,100200.0,100975.0,105758.33333333333,109327.08333333333,266806
2013-02-27,97500.0,102500.0,97500.0,101250.0,100250.0,100950.0,105550.0,109204.16666666667,364346
2013-02-28,100750.0,102750.0,99500.0,102750.0,100300.0,100987.5,105320.83333333333,109108.33333333333,292152
2013-03-04,101750.0,104500.0,100750.0,103250.0,100750.0,101075.0,105075.0,109018.75,301826
2013-03-05,103000.0,104500.0,103000.0,103500.0,101550.0,101187.5,104837.5,108927.08333333333,121712
2013-03-06,102500.0,103500.0,100000.0,100250.0,102200.0,101187.5,104575.0,108795.83333333333,230332
2013-03-07,100250.0,101500.0,99500.0,99750.0,101900.0,101125.0,104308.33333333333,108672.91666666667,179344
2013-03-08,100000.0,101250.0,99000.0,101000.0,101550.0,101187.5,104091.66666666667,108554.16666666667,150248
2013-03-11,101000.0,101000.0,97500.0,99500.0,100800.0,101150.0,103875.0,108379.16666666667,308912
2013-03-12,99750.0,100000.0,98000.0,98500.0,99800.0,100987.5,103654.16666666667,108204.16666666667,165722
2013-03-13,98500.0,98750.0,97000.0,98750.0,99500.0,100912.5,103483.33333333333,108033.33333333333,157064
2013-03-14,98750.0,99000.0,97000.0,98000.0,99150.0,100762.5,103283.33333333333,107877.08333333333,179988
2013-03-15,98000.0,100000.0,97750.0,99500.0,98850.0,100587.5,103129.16666666667,107720.83333333333,386202
2013-03-18,100000.0,100000.0,95000.0,95000.0,97950.0,100212.5,102829.16666666667,107541.66666666667,354318
2013-03-19,95500.0,96500.0,95000.0,95250.0,97300.0,99887.5,102579.16666666667,107393.75,134148
2013-03-20,95000.0,95750.0,94000.0,94000.0,96350.0,99562.5,102312.5,107227.08333333333,204572
2013-03-21,94250.0,95000.0,91250.0,91750.0,95100.0,99100.0,101991.66666666667,107016.66666666667,229790
2013-03-22,91250.0,92500.0,88000.0,90000.0,93200.0,98475.0,101654.16666666667,106787.5,434602
2013-03-25,90750.0,95250.0,90500.0,95250.0,93250.0,98187.5,101400.0,106589.58333333333,334576
2013-03-26,95250.0,96000.0,94500.0,95500.0,93300.0,97987.5,101141.66666666667,106393.75,254094
2013-03-27,95500.0,97250.0,93250.0,96000.0,93700.0,97937.5,100908.33333333333,106179.16666666667,291574
2013-03-28,97000.0,97000.0,94750.0,96000.0,94550.0,97675.0,100662.5,106000.0,170392
2013-03-29,97250.0,97250.0,93750.0,94250.0,95400.0,97250.0,100400.0,105804.16666666667,125770
2013-04-01,94000.0,95500.0,92500.0,95250.0,95400.0,96850.0,100275.0,105622.91666666667,138654
2013-04-02,94500.0,95250.0,93000.0,95000.0,95300.0,96425.0,100104.16666666667,105437.5,129412
2013-04-03,95500.0,95500.0,92500.0,93000.0,94700.0,96062.5,99870.83333333333,105258.33333333333,290232
2013-04-04,91750.0,91750.0,88500.0,88750.0,93250.0,95512.5,99575.0,105020.83333333333,346794
2013-04-05,88750.0,88750.0,84250.0,87500.0,91900.0,94837.5,99266.66666666667,104793.75,389310
2013-04-08,86750.0,87750.0,85500.0,86500.0,90150.0,94187.5,98933.33333333333,104562.5,116342
2013-04-09,85500.0,88250.0,85250.0,87250.0,88600.0,93625.0,98637.5,104352.08333333333,164548
2013-04-10,88750.0,88750.0,86000.0,86500.0,87300.0,93012.5,98366.66666666667,104127.08333333333,180358
2013-04-11,87000.0,87500.0,85000.0,86500.0,86850.0,92437.5,98100.0,103893.75,177528
2013-04-12,86500.0,86500.0,84500.0,85750.0,86500.0,91750.0,97812.5,103666.66666666667,231462
2013-04-15,84000.0,84500.0,78000.0,79750.0,85150.0,90987.5,97425.0,103385.41666666667,547924
2013-04-16,77750.0,78500.0,74500.0,78250.0,83350.0,90137.5,97008.33333333333,103091.66666666667,772222
2013-04-17,77500.0,83000.0,77500.0,83000.0,82650.0,89587.5,96700.0,102870.83333333333,459584
2013-04-18,81000.0,83500.0,79250.0,83500.0,82050.0,89175.0,96345.83333333333,102670.83333333333,386410
2013-04-19,83000.0,83750.0,80000.0,82750.0,81450.0,88812.5,96025.0,102429.16666666667,286064
2013-04-22,82000.0,85000.0,82000.0,85000.0,82500.0,88300.0,95787.5,102208.33333333333,173380
2013-04-23,85500.0,88250.0,85000.0,86500.0,84150.0,87850.0,95654.16666666667,101983.33333333333,238432
2013-04-24,86750.0,88750.0,86500.0,88000.0,85150.0,87450.0,95454.16666666667,101775.0,190140
2013-04-25,89000.0,94250.0,88750.0,91250.0,86700.0,87212.5,95279.16666666667,101589.58333333333,414608
2013-04-26,91250.0,92750.0,89000.0,92250.0,88600.0,87112.5,95116.66666666667,101441.66666666667,303812
2013-04-29,92500.0,92500.0,89500.0,90500.0,89700.0,86875.0,94933.33333333333,101295.83333333333,266658
2013-04-30,91000.0,94500.0,90500.0,92500.0,90900.0,86750.0,94787.5,101200.0,276388
2013-05-02,94000.0,95000.0,93000.0,93750.0,92050.0,86787.5,94679.16666666667,101072.91666666667,166460
2013-05-03,93500.0,95000.0,91750.0,94750.0,92750.0,87087.5,94575.0,100945.83333333333,124928
2013-05-06,94250.0,95250.0,92750.0,93500.0,93000.0,87387.5,94470.83333333333,100816.66666666667,110822
2013-05-07,94250.0,94250.0,90500.0,91250.0,93150.0,87625.0,94320.83333333333,100677.08333333333,139884
2013-05-08,90250.0,91750.0,89000.0,90000.0,92650.0,87762.5,94125.0,100525.0,157216
2013-05-09,89250.0,90750.0,89000.0,89500.0,91800.0,87912.5,93945.83333333333,100393.75,142526
2013-05-10,89750.0,89750.0,85500.0,85500.0,89950.0,87862.5,93687.5,100214.58333333333,236068
2013-05-13,84000.0,86250.0,84000.0,84750.0,88200.0,87812.5,93383.33333333333,100058.33333333333,139674
2013-05-14,85500.0,88250.0,85250.0,86750.0,87300.0,88162.5,93120.83333333333,99885.41666666667,221638
2013-05-15,87500.0,87750.0,86500.0,86500.0,86600.0,88575.0,92866.66666666667,99729.16666666667,97488
2013-05-16,87500.0,91250.0,87500.0,91000.0,86900.0,88975.0,92708.33333333333,99620.83333333333,223620
2013-05-20,90000.0,90750.0,89250.0,89250.0,87650.0,89262.5,92512.5,99466.66666666667,138836
2013-05-21,89250.0,91000.0,89000.0,90500.0,88800.0,89650.0,92312.5,99320.83333333333,105870
2013-05-22,90500.0,95250.0,90250.0,94250.0,90300.0,90112.5,92200.0,99208.33333333333,422054
2013-05-23,95250.0,96000.0,92750.0,93000.0,91600.0,90437.5,92091.66666666667,99068.75,204578
2013-05-24,94000.0,94750.0,91750.0,93500.0,92100.0,90712.5,92033.33333333333,98895.83333333333,113150
2013-05-27,92750.0,95250.0,92500.0,94000.0,93050.0,90850.0,91912.5,98731.25,73458
2013-05-28,94500.0,94500.0,92000.0,93500.0,93650.0,90912.5,91758.33333333333,98539.58333333333,145586
2013-05-29,93500.0,95000.0,92750.0,94750.0,93750.0,91125.0,91616.66666666667,98345.83333333333,124512
2013-05-30,94250.0,95750.0,93500.0,93750.0,93900.0,91187.5,91454.16666666667,98145.83333333333,116746
2013-05-31,93750.0,94750.0,91500.0,92750.0,93750.0,91137.5,91329.16666666667,97952.08333333333,122270
2013-06-03,91500.0,92750.0,90500.0,91500.0,93250.0,90975.0,91191.66666666667,97750.0,89632
2013-06-04,92500.0,93250.0,91750.0,92750.0,93100.0,90937.5,91054.16666666667,97572.91666666667,83722
2013-06-05,92500.0,92500.0,89250.0,89750.0,92100.0,90862.5,90891.66666666667,97383.33333333333,139094
2013-06-07,88000.0,91250.0,88000.0,90500.0,91450.0,90887.5,90758.33333333333,97206.25,122858
2013-06-10,90750.0,91000.0,88000.0,89250.0,90750.0,90875.0,90600.0,97041.66666666667,101310
2013-06-11,89250.0,90250.0,88000.0,88750.0,90200.0,91037.5,90445.83333333333,96864.58333333333,103640
2013-06-12,87750.0,90000.0,87750.0,88000.0,89250.0,91200.0,90254.16666666667,96691.66666666667,66972
2013-06-13,89500.0,91750.0,87750.0,91250.0,89550.0,91425.0,90191.66666666667,96510.41666666667,168990
2013-06-14,90750.0,93000.0,90500.0,92250.0,89900.0,91712.5,90141.66666666667,96360.41666666667,127482
2013-06-17,92750.0,93500.0,91000.0,92750.0,90600.0,91800.0,90120.83333333333,96216.66666666667,85216
2013-06-18,91750.0,93250.0,90250.0,92250.0,91300.0,91950.0,90129.16666666667,96060.41666666667,95042
2013-06-19,91750.0,93250.0,90750.0,92250.0,92150.0,92037.5,90166.66666666667,95910.41666666667,75444
2013-06-20,92500.0,95250.0,91000.0,93000.0,92500.0,91975.0,90129.16666666667,95764.58333333333,260744
2013-06-21,91500.0,95000.0,91250.0,94750.0,93000.0,92062.5,90116.66666666667,95629.16666666667,267660
2013-06-24,93500.0,95750.0,93250.0,94500.0,93350.0,92112.5,90091.66666666667,95500.0,132668
2013-06-25,95750.0,96250.0,93750.0,94750.0,93850.0,92150.0,90070.83333333333,95366.66666666667,170354
2013-06-26,95500.0,96000.0,93250.0,94250.0,94250.0,92187.5,90070.83333333333,95235.41666666667,93464
2013-06-27,94250.0,95750.0,93750.0,95500.0,94750.0,92225.0,90075.0,95175.0,120088
2013-06-28,96500.0,97500.0,95000.0,96750.0,95150.0,92375.0,90104.16666666667,95104.16666666667,188968
2013-07-01,95750.0,97000.0,94250.0,95000.0,95250.0,92487.5,90137.5,95004.16666666667,145028
2013-07-02,95000.0,96750.0,92750.0,94000.0,95100.0,92612.5,90225.0,94900.0,183544
2013-07-03,95250.0,96500.0,91750.0,93750.0,95000.0,92662.5,90329.16666666667,94797.91666666667,149596
2013-07-04,93250.0,94500.0,92250.0,93500.0,94600.0,92850.0,90445.83333333333,94689.58333333333,68856
2013-07-05,94750.0,94750.0,92750.0,93500.0,93950.0,93000.0,90550.0,94593.75,63136
2013-07-08,93750.0,93750.0,90000.0,91750.0,93300.0,93125.0,90637.5,94502.08333333333,88896
2013-07-09,92500.0,92500.0,89250.0,91000.0,92700.0,93237.5,90712.5,94406.25,140996
2013-07-10,91250.0,92250.0,91000.0,91500.0,92250.0,93412.5,90808.33333333333,94310.41666666667,88478
2013-07-11,92750.0,92750.0,91750.0,92750.0,92100.0,93487.5,91025.0,94225.0,104394
2013-07-12,92750.0,92750.0,90500.0,90750.0,91550.0,93412.5,91233.33333333333,94120.83333333333,100822
2013-07-15,90000.0,93250.0,89250.0,92750.0,91750.0,93412.5,91395.83333333333,94047.91666666667,104076
2013-07-16,93000.0,93500.0,91500.0,93000.0,92150.0,93450.0,91554.16666666667,93950.0,96014
2013-07-17,93000.0,95250.0,91750.0,94500.0,92750.0,93562.5,91750.0,93887.5,110906
2013-07-18,93500.0,95750.0,93500.0,94750.0,93150.0,93650.0,91912.5,93850.0,73538
2013-07-19,95000.0,96000.0,93250.0,94500.0,93900.0,93637.5,92045.83333333333,93850.0,92872
2013-07-22,95500.0,96000.0,94500.0,94500.0,94250.0,93637.5,92154.16666666667,93804.16666666667,51598
2013-07-23,95750.0,97500.0,94250.0,95000.0,94650.0,93650.0,92216.66666666667,93747.91666666667,193390
2013-07-24,95000.0,97250.0,94500.0,95750.0,94900.0,93725.0,92275.0,93695.83333333333,137272
2013-07-25,95250.0,96250.0,94500.0,95000.0,94950.0,93700.0,92350.0,93641.66666666667,57396
2013-07-26,95000.0,95500.0,94000.0,95000.0,95050.0,93612.5,92391.66666666667,93589.58333333333,57044
2013-07-29,94750.0,96250.0,94250.0,94750.0,95100.0,93600.0,92408.33333333333,93543.75,86322
2013-07-30,95500.0,97500.0,94750.0,97000.0,95500.0,93750.0,92445.83333333333,93510.41666666667,205438
2013-07-31,97500.0,97500.0,96000.0,96750.0,95700.0,93900.0,92500.0,93485.41666666667,98200
2013-08-01,97500.0,99500.0,96750.0,97750.0,96250.0,94112.5,92608.33333333333,93464.58333333333,161664
2013-08-02,98750.0,102250.0,98750.0,101750.0,97600.0,94525.0,92804.16666666667,93464.58333333333,294930
2013-08-05,102000.0,102250.0,99250.0,99250.0,98500.0,94900.0,92966.66666666667,93456.25,150052
2013-08-06,99750.0,100000.0,98000.0,98750.0,98850.0,95287.5,93187.5,93437.5,83244
2013-08-07,98000.0,98250.0,95250.0,95250.0,98550.0,95475.0,93362.5,93372.91666666667,180004
2013-08-08,96000.0,96000.0,94750.0,94750.0,97950.0,95575.0,93495.83333333333,93308.33333333333,84700
2013-08-09,94750.0,95750.0,93750.0,94000.0,96400.0,95737.5,93620.83333333333,93243.75,75220
2013-08-12,94000.0,97500.0,94000.0,96000.0,95750.0,95900.0,93704.16666666667,93206.25,122676
2013-08-13,96000.0,98000.0,95500.0,97500.0,95500.0,96125.0,93841.66666666667,93177.08333333333,74330
2013-08-14,97250.0,97750.0,96250.0,97000.0,95850.0,96250.0,93950.0,93131.25,66476
2013-08-16,95500.0,98000.0,95500.0,97250.0,96350.0,96375.0,94000.0,93100.0,55140
2013-08-19,97000.0,97750.0,94750.0,97250.0,97000.0,96512.5,94070.83333333333,93081.25,141564
2013-08-20,96000.0,97000.0,95250.0,95250.0,96850.0,96550.0,94100.0,93066.66666666667,64972
2013-08-21,96000.0,96000.0,93500.0,94000.0,96150.0,96500.0,94100.0,93006.25,79048
2013-08-22,92500.0,93500.0,91500.0,92500.0,95250.0,96337.5,94083.33333333333,92920.83333333333,108942
2013-08-23,92000.0,93500.0,91750.0,93000.0,94400.0,96237.5,94054.16666666667,92835.41666666667,81790
2013-08-26,92500.0,94500.0,92250.0,93000.0,93550.0,96137.5,94041.66666666667,92747.91666666667,97472
2013-08-27,93000.0,93750.0,91750.0,92000.0,92900.0,96000.0,94029.16666666667,92679.16666666667,107106
2013-08-28,91250.0,93250.0,89750.0,92250.0,92550.0,95762.5,94041.66666666667,92616.66666666667,110228
2013-08-29,92750.0,94000.0,92500.0,93000.0,92650.0,95575.0,94045.83333333333,92550.0,73618
2013-08-30,93000.0,94000.0,92500.0,93500.0,92750.0,95362.5,94108.33333333333,92500.0,80532
2013-09-02,93750.0,96500.0,93750.0,96000.0,93350.0,95075.0,94200.0,92479.16666666667,125750
2013-09-03,96250.0,97000.0,94000.0,94500.0,93850.0,94837.5,94287.5,92443.75,133222
2013-09-04,94250.0,94500.0,93250.0,93250.0,94050.0,94562.5,94362.5,92404.16666666667,73406
2013-09-05,93500.0,95750.0,93250.0,95250.0,94500.0,94562.5,94483.33333333333,92368.75,113876
2013-09-06,95250.0,97500.0,94750.0,97250.0,95250.0,94687.5,94583.33333333333,92387.5,155352
2013-09-09,97500.0,99500.0,97250.0,98250.0,95700.0,94900.0,94683.33333333333,92412.5,179790
2013-09-10,99250.0,99500.0,96250.0,98250.0,96450.0,95012.5,94775.0,92447.91666666667,102038
2013-09-11,97500.0,98250.0,96750.0,97500.0,97300.0,95012.5,94862.5,92495.83333333333,106362
2013-09-12,97500.0,98250.0,96250.0,97500.0,97750.0,95037.5,94950.0,92558.33333333333,185040
2013-09-13,97000.0,98500.0,96250.0,97500.0,97800.0,95050.0,95025.0,92577.08333333333,89700
2013-09-16,98000.0,99500.0,97500.0,98000.0,97750.0,95087.5,95079.16666666667,92597.91666666667,110778
2013-09-17,98000.0,99250.0,96500.0,98500.0,97800.0,95250.0,95145.83333333333,92618.75,94984
2013-09-23,98750.0,99500.0,97250.0,98000.0,97900.0,95450.0,95200.0,92635.41666666667,124276
2013-09-24,97250.0,100000.0,97250.0,99750.0,98350.0,95812.5,95291.66666666667,92681.25,122490
2013-09-25,99000.0,100000.0,97000.0,97750.0,98400.0,96050.0,95329.16666666667,92702.08333333333,107122
2013-09-26,97250.0,99500.0,96750.0,98500.0,98500.0,96325.0,95358.33333333333,92731.25,83554
2013-09-27,99500.0,103500.0,99000.0,103000.0,99400.0,96875.0,95491.66666666667,92814.58333333333,334886
2013-09-30,102500.0,107000.0,101250.0,105250.0,100850.0,97525.0,95679.16666666667,92952.08333333333,290302
2013-10-01,104250.0,108000.0,104250.0,106000.0,102100.0,98175.0,95883.33333333333,93106.25,223994
2013-10-02,106750.0,109500.0,104250.0,108250.0,104200.0,98912.5,96129.16666666667,93287.5,198034
2013-10-04,105750.0,107500.0,105250.0,106250.0,105750.0,99425.0,96341.66666666667,93445.83333333333,108924
2013-10-07,105000.0,109750.0,105000.0,106750.0,106500.0,100037.5,96591.66666666667,93614.58333333333,131204
2013-10-08,107500.0,109500.0,106000.0,108000.0,107050.0,100775.0,96875.0,93793.75,125612
2013-10-10,106750.0,109000.0,106250.0,107500.0,107350.0,101387.5,97141.66666666667,93975.0,99004
2013-10-11,108500.0,109750.0,107250.0,107250.0,107150.0,101887.5,97383.33333333333,94204.16666666667,120078
2013-10-14,106750.0,108750.0,105500.0,107250.0,107350.0,102337.5,97658.33333333333,94445.83333333333,118372
2013-10-15,108500.0,109750.0,107500.0,108000.0,107600.0,102825.0,97912.5,94654.16666666667,88618
2013-10-16,106500.0,108750.0,104250.0,107750.0,107550.0,103337.5,98158.33333333333,94856.25,221780
2013-10-17,107750.0,109500.0,106000.0,106750.0,107400.0,103800.0,98362.5,95056.25,152606
2013-10-18,108000.0,113750.0,107250.0,113250.0,108600.0,104587.5,98670.83333333333,95291.66666666667,330846
2013-10-21,114000.0,114250.0,110500.0,112500.0,109650.0,105312.5,98970.83333333333,95508.33333333333,146888
2013-10-22,112500.0,113750.0,111250.0,113500.0,110750.0,106062.5,99287.5,95720.83333333333,115196
2013-10-23,112750.0,114250.0,110250.0,112750.0,111750.0,106800.0,99583.33333333333,95900.0,90984
2013-10-24,113500.0,122500.0,113250.0,122000.0,114800.0,107912.5,100020.83333333333,96147.91666666667,402746
2013-10-25,121750.0,122000.0,118000.0,120000.0,116150.0,109025.0,100437.5,96393.75,165076
2013-10-28,120000.0,120000.0,116500.0,117000.0,117050.0,109950.0,100804.16666666667,96597.91666666667,107186
2013-10-29,117000.0,117750.0,114750.0,116500.0,117650.0,110625.0,101166.66666666667,96787.5,152538
2013-10-30,116500.0,117500.0,114500.0,116000.0,118300.0,111162.5,101483.33333333333,96964.58333333333,135978
2013-10-31,115250.0,118750.0,115250.0,117750.0,117450.0,111750.0,101833.33333333333,97166.66666666667,208606
2013-11-01,118500.0,118500.0,112500.0,116500.0,116750.0,112162.5,102145.83333333333,97377.08333333333,214730
2013-11-04,116000.0,116500.0,113500.0,113500.0,116050.0,112525.0,102341.66666666667,97572.91666666667,100938
2013-11-05,113500.0,116500.0,112500.0,115000.0,115750.0,112937.5,102604.16666666667,97785.41666666667,113630
2013-11-06,115000.0,119000.0,115000.0,117000.0,115950.0,113387.5,102908.33333333333,98047.91666666667,137434
2013-11-07,116750.0,117750.0,114750.0,117750.0,115950.0,113900.0,103283.33333333333,98322.91666666667,89420
2013-11-08,117250.0,119250.0,115500.0,116000.0,115850.0,114337.5,103637.5,98566.66666666667,163344
2013-11-11,115500.0,116000.0,113750.0,114750.0,116100.0,114712.5,103983.33333333333,98802.08333333333,58222
2013-11-12,114750.0,117750.0,114250.0,117000.0,116500.0,115162.5,104333.33333333333,99018.75,94332
2013-11-13,117500.0,118000.0,114750.0,116250.0,116350.0,115587.5,104645.83333333333,99243.75,78384
2013-11-14,115500.0,117500.0,115000.0,116250.0,116050.0,116062.5,104966.66666666667,99458.33333333333,77382
2013-11-15,117250.0,120750.0,116250.0,120250.0,116900.0,116412.5,105350.0,99675.0,99578
2013-11-18,120000.0,121750.0,117750.0,118000.0,117550.0,116687.5,105695.83333333333,99883.33333333333,79054
2013-11-19,118000.0,119500.0,117750.0,119250.0,118000.0,116975.0,106095.83333333333,100097.91666666667,79560
2013-11-20,118500.0,119250.0,115500.0,117750.0,118300.0,117225.0,106491.66666666667,100295.83333333333,103392
2013-11-21,117000.0,117250.0,113500.0,114750.0,118000.0,116862.5,106862.5,100472.91666666667,98400
2013-11-22,115750.0,116000.0,113750.0,114500.0,116850.0,116587.5,107220.83333333333,100637.5,80052
2013-11-25,114750.0,117000.0,113000.0,113500.0,115950.0,116412.5,107562.5,100802.08333333333,88760
2013-11-26,113500.0,114750.0,113250.0,114000.0,114900.0,116287.5,107929.16666666667,100979.16666666667,94678
2013-11-27,113750.0,116500.0,113500.0,116000.0,114550.0,116287.5,108325.0,101183.33333333333,77352
2013-11-28,115750.0,120250.0,115750.0,118250.0,115250.0,116312.5,108745.83333333333,101395.83333333333,187250
2013-11-29,117750.0,118250.0,116000.0,118000.0,115950.0,116387.5,109154.16666666667,101631.25,75614
2013-12-02,117500.0,118000.0,115250.0,115250.0,116300.0,116475.0,109475.0,101837.5,65966
2013-12-03,115500.0,115750.0,110250.0,111500.0,115800.0,116300.0,109758.33333333333,102022.91666666667,155418
2013-12-04,110500.0,113000.0,110250.0,112250.0,115050.0,116062.5,110075.0,102218.75,81464
2013-12-05,112750.0,113000.0,108750.0,110750.0,113550.0,115712.5,110333.33333333333,102408.33333333333,98644
2013-12-06,110500.0,111500.0,109500.0,109750.0,111900.0,115400.0,110541.66666666667,102562.5,91340
2013-12-09,112000.0,114000.0,109750.0,110500.0,110950.0,115187.5,110745.83333333333,102714.58333333333,78298
2013-12-10,111750.0,112500.0,109000.0,110000.0,110650.0,114837.5,110941.66666666667,102858.33333333333,67648
2013-12-11,111750.0,111750.0,108500.0,109250.0,110050.0,114487.5,111137.5,103000.0,115542
2013-12-12,108500.0,111000.0,108250.0,109750.0,109850.0,114162.5,111341.66666666667,103145.83333333333,58656
2013-12-13,110500.0,111500.0,109250.0,110250.0,109950.0,113662.5,111554.16666666667,103289.58333333333,89334
2013-12-16,110250.0,112750.0,109000.0,111000.0,110050.0,113312.5,111770.83333333333,103425.0,91554
2013-12-17,112250.0,112250.0,107500.0,109000.0,109850.0,112800.0,111945.83333333333,103545.83333333333,181190
2013-12-18,109750.0,110000.0,108250.0,109500.0,109900.0,112387.5,112137.5,103668.75,106544
2013-12-19,110750.0,111000.0,105250.0,107500.0,109450.0,112025.0,112266.66666666667,103779.16666666667,138770
2013-12-20,107750.0,109500.0,106500.0,109250.0,109250.0,111762.5,112458.33333333333,103893.75,115180
2013-12-23,110000.0,111000.0,108750.0,110500.0,109150.0,111612.5,112658.33333333333,104008.33333333333,67102
2013-12-24,111500.0,113750.0,110500.0,111500.0,109650.0,111487.5,112800.0,104145.83333333333,108232
2013-12-26,112750.0,114250.0,110750.0,110750.0,109900.0,111225.0,112891.66666666667,104285.41666666667,131692
2013-12-27,110250.0,114500.0,110250.0,112500.0,110900.0,110937.5,113000.0,104441.66666666667,71436
2013-12-30,112750.0,117000.0,112750.0,115500.0,112150.0,110812.5,113120.83333333333,104625.0,136244
2014-01-02,117250.0,117250.0,109500.0,112250.0,112500.0,110662.5,113220.83333333333,104781.25,195424
2014-01-03,112250.0,113250.0,111250.0,112500.0,112700.0,110712.5,113316.66666666667,104954.16666666667,94032
2014-01-06,112000.0,113500.0,111500.0,112000.0,112950.0,110700.0,113383.33333333333,105129.16666666667,77726
2014-01-07,111250.0,115250.0,111250.0,111500.0,112750.0,110737.5,113450.0,105295.83333333333,73178
2014-01-08,111750.0,112500.0,110000.0,112000.0,112050.0,110850.0,113529.16666666667,105456.25,68972
2014-01-09,112000.0,112000.0,108000.0,109250.0,111450.0,110787.5,113562.5,105610.41666666667,138652
2014-01-10,109250.0,110000.0,105750.0,108750.0,110700.0,110725.0,113575.0,105743.75,156290
2014-01-13,111500.0,114750.0,110000.0,111500.0,110600.0,110837.5,113637.5,105897.91666666667,239538
2014-01-14,111500.0,114250.0,109750.0,109750.0,110250.0,110837.5,113687.5,106025.0,113830
2014-01-15,110750.0,116000.0,110250.0,114250.0,110700.0,111037.5,113704.16666666667,106187.5,131794
2014-01-16,113750.0,116000.0,112500.0,114250.0,111700.0,111200.0,113733.33333333333,106352.08333333333,79402
2014-01-17,114250.0,117250.0,114000.0,114000.0,112750.0,111450.0,113741.66666666667,106514.58333333333,101708
2014-01-20,113500.0,117250.0,112750.0,115500.0,113550.0,111750.0,113787.5,106685.41666666667,59826
2014-01-21,117500.0,117500.0,114000.0,114750.0,114550.0,112112.5,113666.66666666667,106843.75,64504
2014-01-22,114750.0,115500.0,112750.0,115000.0,114700.0,112400.0,113583.33333333333,107010.41666666667,105620
2014-01-23,116000.0,116000.0,111500.0,112250.0,114300.0,112487.5,113504.16666666667,107154.16666666667,140918
2014-01-24,112000.0,114000.0,109000.0,111500.0,113800.0,112487.5,113420.83333333333,107293.75,152312
2014-01-27,110000.0,111250.0,108000.0,108500.0,112400.0,112375.0,113295.83333333333,107389.58333333333,206680
2014-01-28,108000.0,112500.0,108000.0,112250.0,111900.0,112362.5,113204.16666666667,107518.75,145444
2014-01-29,112750.0,114000.0,111250.0,114000.0,111700.0,112287.5,113162.5,107654.16666666667,95692
2014-02-03,113500.0,113750.0,110250.0,111000.0,111450.0,112225.0,113120.83333333333,107731.25,113724
2014-02-04,112000.0,112000.0,108500.0,109250.0,111000.0,112062.5,113025.0,107814.58333333333,114778
2014-02-05,110750.0,110750.0,109250.0,110000.0,111300.0,111962.5,112908.33333333333,107908.33333333333,79966
2014-02-06,110500.0,111000.0,108750.0,109250.0,110700.0,111850.0,112766.66666666667,108025.0,99490
2014-02-07,109750.0,111500.0,108750.0,111250.0,110150.0,111812.5,112687.5,108162.5,137998
2014-02-10,111500.0,111500.0,109250.0,109500.0,109850.0,111825.0,112600.0,108291.66666666667,82236
2014-02-11,109500.0,110750.0,109000.0,109000.0,109800.0,111837.5,112466.66666666667,108400.0,62358
2014-02-12,109000.0,109750.0,108000.0,108000.0,109400.0,111662.5,112329.16666666667,108487.5,84288
2014-02-13,108000.0,108750.0,106500.0,107500.0,109050.0,111550.0,112183.33333333333,108575.0,86914
2014-02-14,107500.0,111250.0,107250.0,110250.0,108850.0,111350.0,112016.66666666667,108683.33333333333,62366
2014-02-17,110500.0,112000.0,109000.0,109000.0,108750.0,111087.5,111866.66666666667,108781.25,58296
2014-02-18,109250.0,112750.0,109250.0,112250.0,109400.0,111000.0,111750.0,108922.91666666667,97710
2014-02-19,111250.0,112500.0,109750.0,111250.0,110050.0,110787.5,111641.66666666667,109066.66666666667,61382
2014-02-20,109750.0,111000.0,108750.0,111000.0,110750.0,110600.0,111579.16666666667,109220.83333333333,81836
2014-02-21,111500.0,112250.0,109750.0,112000.0,111100.0,110450.0,111537.5,109379.16666666667,61336
2014-02-24,110750.0,112000.0,110000.0,111250.0,111550.0,110400.0,111500.0,109531.25,63560
2014-02-25,111500.0,112250.0,110000.0,112250.0,111550.0,110437.5,111470.83333333333,109700.0,90426
2014-02-26,111000.0,114750.0,111000.0,114500.0,112200.0,110737.5,111445.83333333333,109885.41666666667,93638
2014-02-27,114750.0,118000.0,113750.0,118000.0,113600.0,111025.0,111441.66666666667,110093.75,149852
2014-02-28,116500.0,117500.0,115000.0,117250.0,114650.0,111187.5,111429.16666666667,110291.66666666667,99970
2014-03-03,115500.0,116750.0,112000.0,112750.0,114950.0,111275.0,111387.5,110431.25,160552
2014-03-04,112250.0,112750.0,109750.0,111000.0,114700.0,111362.5,111379.16666666667,110568.75,204214
2014-03-05,112000.0,113000.0,110000.0,110500.0,113900.0,111387.5,111350.0,110712.5,196588
2014-03-06,110500.0,112500.0,110250.0,111500.0,112600.0,111500.0,111362.5,110847.91666666667,123318
2014-03-07,111250.0,116500.0,111250.0,114750.0,112100.0,111675.0,111445.83333333333,110993.75,240206
2014-03-10,114250.0,114750.0,111000.0,111000.0,111750.0,111750.0,111454.16666666667,111100.0,117594
2014-03-11,111250.0,112500.0,110000.0,111250.0,111800.0,111862.5,111475.0,111208.33333333333,91056
2014-03-12,110750.0,112000.0,109500.0,110000.0,111700.0,111962.5,111487.5,111312.5,82336
2014-03-13,110750.0,111000.0,108250.0,110000.0,111400.0,112087.5,111491.66666666667,111416.66666666667,100698
2014-03-14,109500.0,110500.0,106250.0,109000.0,110250.0,112025.0,111470.83333333333,111512.5,133788
2014-03-17,109000.0,111750.0,109000.0,111000.0,110250.0,112125.0,111470.83333333333,111620.83333333333,93198
2014-03-18,111500.0,111750.0,110000.0,110250.0,110050.0,112025.0,111491.66666666667,111718.75,75620
2014-03-19,110250.0,110750.0,108500.0,108500.0,109750.0,111887.5,111475.0,111806.25,131156
2014-03-20,108500.0,109750.0,107500.0,109250.0,109600.0,111800.0,111504.16666666667,111885.41666666667,114628
2014-03-21,109250.0,111750.0,109250.0,111000.0,110000.0,111750.0,111533.33333333333,111995.83333333333,106502
2014-03-24,111250.0,114000.0,111000.0,113500.0,110500.0,111862.5,111583.33333333333,112120.83333333333,118582
2014-03-25,113750.0,114000.0,112750.0,113750.0,111200.0,111937.5,111620.83333333333,112210.41666666667,76868
2014-03-26,114250.0,117500.0,113750.0,116750.0,112850.0,112050.0,111720.83333333333,112306.25,186080
2014-03-27,116500.0,117750.0,115000.0,117750.0,114550.0,112037.5,111808.33333333333,112404.16666666667,101524
2014-03-28,117750.0,119750.0,117000.0,118250.0,116000.0,112087.5,111854.16666666667,112487.5,91488
2014-03-31,118000.0,122250.0,117750.0,120750.0,117450.0,112487.5,111995.83333333333,112608.33333333333,165484
2014-04-01,118500.0,122000.0,118500.0,121750.0,119050.0,113025.0,112150.0,112733.33333333333,131542
2014-04-02,120750.0,124750.0,119500.0,124750.0,120650.0,113737.5,112362.5,112872.91666666667,160390
2014-04-03,123750.0,127500.0,123250.0,126750.0,122450.0,114500.0,112616.66666666667,113033.33333333333,195412
2014-04-04,126250.0,127750.0,125500.0,126500.0,124100.0,115087.5,112858.33333333333,113193.75,170784
2014-04-07,125250.0,126250.0,121500.0,125750.0,125100.0,115825.0,113133.33333333333,113347.91666666667,117038
2014-04-08,123750.0,124250.0,120500.0,124250.0,125600.0,116475.0,113391.66666666667,113483.33333333333,171010
2014-04-09,124000.0,125750.0,120500.0,122000.0,125050.0,117075.0,113566.66666666667,113602.08333333333,143242
2014-04-10,122250.0,125000.0,120500.0,125000.0,124700.0,117825.0,113820.83333333333,113754.16666666667,126296
2014-04-11,123500.0,125750.0,123250.0,125750.0,124550.0,118662.5,114012.5,113858.33333333333,80536
2014-04-14,124250.0,125500.0,121750.0,124000.0,124200.0,119312.5,114175.0,113954.16666666667,98964
2014-04-15,123000.0,124250.0,122000.0,122500.0,123850.0,119925.0,114316.66666666667,114029.16666666667,50456
2014-04-16,122250.0,128000.0,122250.0,127250.0,124900.0,120862.5,114512.5,114150.0,162898
2014-04-17,127500.0,129000.0,125750.0,129000.0,125700.0,121850.0,114750.0,114208.33333333333,84276
2014-04-18,128750.0,129500.0,126250.0,128750.0,126300.0,122737.5,114979.16666666667,114281.25,88108
2014-04-21,128000.0,128750.0,125750.0,126000.0,126700.0,123362.5,115208.33333333333,114356.25,62284
2014-04-22,126750.0,128000.0,125000.0,127500.0,127700.0,124050.0,115475.0,114447.91666666667,53814
2014-04-23,127500.0,128250.0,126000.0,127250.0,127700.0,124575.0,115787.5,114541.66666666667,54614
2014-04-24,126250.0,127500.0,123500.0,126000.0,127100.0,124987.5,116016.66666666667,114610.41666666667,104706
2014-04-25,126500.0,126500.0,122750.0,122750.0,125900.0,125212.5,116162.5,114662.5,64868
2014-04-28,123500.0,125250.0,122250.0,122250.0,125150.0,125287.5,116350.0,114735.41666666667,65994
2014-04-29,122750.0,123500.0,120250.0,120500.0,123750.0,125225.0,116537.5,114781.25,123454
2014-04-30,121000.0,122500.0,120500.0,121750.0,122650.0,125075.0,116733.33333333333,114820.83333333333,71946
2014-05-02,121000.0,122750.0,119250.0,122750.0,122000.0,124875.0,116958.33333333333,114862.5,66320
2014-05-07,122000.0,122000.0,118000.0,118750.0,121200.0,124487.5,117083.33333333333,114885.41666666667,122670
2014-05-08,118500.0,121500.0,118500.0,121500.0,121050.0,124275.0,117283.33333333333,114941.66666666667,120148
2014-05-09,120500.0,123750.0,120500.0,123750.0,121700.0,124250.0,117529.16666666667,114997.91666666667,66992
2014-05-12,124000.0,125000.0,121250.0,124750.0,122300.0,124387.5,117808.33333333333,115068.75,118704
2014-05-13,124250.0,125000.0,123250.0,124750.0,122700.0,124375.0,118095.83333333333,115139.58333333333,75464
2014-05-14,124000.0,127000.0,124000.0,125750.0,124100.0,124375.0,118354.16666666667,115185.41666666667,156220
2014-05-15,125250.0,126000.0,124250.0,125250.0,124850.0,124437.5,118625.0,115245.83333333333,57818
2014-05-16,125250.0,128500.0,122500.0,128500.0,125800.0,124737.5,118895.83333333333,115322.91666666667,175836
2014-05-19,127500.0,128000.0,122750.0,124000.0,125650.0,124575.0,119108.33333333333,115375.0,197270
2014-05-20,124500.0,128750.0,124500.0,127750.0,126250.0,124512.5,119387.5,115483.33333333333,144442
2014-05-21,127500.0,128750.0,125750.0,126250.0,126350.0,124387.5,119625.0,115581.25,108604
2014-05-22,127000.0,128500.0,126000.0,127500.0,126800.0,124462.5,119895.83333333333,115697.91666666667,68620
2014-05-23,128250.0,128750.0,125750.0,126500.0,126400.0,124412.5,120133.33333333333,115802.08333333333,78028
2014-05-26,127250.0,128250.0,126500.0,128250.0,127250.0,124462.5,120362.5,115904.16666666667,51116
2014-05-27,128750.0,128750.0,125500.0,126000.0,126900.0,124462.5,120495.83333333333,115968.75,52310
2014-05-28,124750.0,131750.0,124750.0,131750.0,128000.0,124912.5,120737.5,116083.33333333333,95492
2014-05-29,133000.0,133250.0,130250.0,131750.0,128850.0,125387.5,121054.16666666667,116220.83333333333,90318
2014-05-30,130500.0,132500.0,129750.0,131750.0,129900.0,125950.0,121400.0,116389.58333333333,87468
2014-06-02,133250.0,133250.0,128250.0,130250.0,130300.0,126375.0,121729.16666666667,116539.58333333333,69896
2014-06-03,132500.0,139000.0,130500.0,139000.0,132900.0,127187.5,122187.5,116775.0,253744
2014-06-05,139750.0,145250.0,136000.0,137500.0,134050.0,128125.0,122566.66666666667,117006.25,281962
2014-06-09,138000.0,142500.0,132000.0,133250.0,134350.0,128712.5,122937.5,117195.83333333333,300672
2014-06-10,133500.0,136750.0,132000.0,136250.0,135250.0,129337.5,123354.16666666667,117414.58333333333,140678
2014-06-11,135000.0,139250.0,133000.0,134500.0,136100.0,129825.0,123762.5,117625.0,140996
2014-06-12,133500.0,133750.0,130500.0,130500.0,134400.0,130112.5,124104.16666666667,117797.91666666667,148642
2014-06-13,131250.0,131500.0,130000.0,131250.0,133150.0,130387.5,124475.0,117972.91666666667,70370
2014-06-16,130500.0,132250.0,128500.0,128500.0,132200.0,130550.0,124766.66666666667,118118.75,90806
2014-06-17,128250.0,133750.0,128250.0,133000.0,131550.0,130775.0,125145.83333333333,118318.75,119136
2014-06-18,133000.0,135250.0,132500.0,135250.0,131700.0,131337.5,125591.66666666667,118533.33333333333,132684
2014-06-19,136000.0,136000.0,132250.0,134500.0,132500.0,131675.0,126012.5,118758.33333333333,133510
2014-06-20,135500.0,135500.0,131500.0,134000.0,133050.0,132062.5,126395.83333333333,118964.58333333333,120800
2014-06-23,134000.0,134250.0,132500.0,132750.0,133900.0,132325.0,126716.66666666667,119150.0,63094
2014-06-24,131500.0,132750.0,130000.0,131500.0,133600.0,132575.0,127012.5,119316.66666666667,138528
2014-06-25,131750.0,132500.0,129500.0,129500.0,132450.0,132637.5,127225.0,119472.91666666667,115906
2014-06-26,130250.0,135000.0,130250.0,133250.0,132200.0,133000.0,127483.33333333333,119645.83333333333,203544
2014-06-27,134500.0,135250.0,133250.0,133750.0,132150.0,133100.0,127741.66666666667,119797.91666666667,154912
2014-06-30,135000.0,136500.0,133500.0,134750.0,132550.0,133250.0,127975.0,119985.41666666667,91790
2014-07-01,133500.0,136000.0,133500.0,134750.0,133200.0,133400.0,128191.66666666667,120170.83333333333,57410
2014-07-02,134500.0,135000.0,132000.0,132250.0,133750.0,133500.0,128316.66666666667,120339.58333333333,128976
2014-07-03,132250.0,133500.0,131250.0,133250.0,133750.0,133212.5,128425.0,120520.83333333333,106530
2014-07-04,133500.0,134500.0,131750.0,133500.0,133700.0,133012.5,128541.66666666667,120700.0,88870
2014-07-07,133250.0,137500.0,133000.0,136500.0,134050.0,133175.0,128720.83333333333,120927.08333333333,106704
2014-07-08,136750.0,139000.0,134750.0,138000.0,134700.0,133262.5,128950.0,121170.83333333333,135852
2014-07-09,136250.0,140250.0,136250.0,139000.0,136050.0,133487.5,129233.33333333333,121400.0,127348
2014-07-10,138000.0,138250.0,134500.0,136000.0,136600.0,133762.5,129416.66666666667,121618.75,200606
2014-07-11,134750.0,139250.0,134750.0,138500.0,137600.0,134125.0,129629.16666666667,121820.83333333333,93684
2014-07-14,138750.0,139750.0,135750.0,137250.0,137750.0,134562.5,129850.0,122012.5,104686
2014-07-15,136750.0,139250.0,135250.0,138000.0,137750.0,134812.5,130108.33333333333,122212.5,159264
2014-07-16,137250.0,138750.0,134500.0,136250.0,137200.0,134862.5,130258.33333333333,122385.41666666667,158272
2014-07-17,136500.0,137750.0,134750.0,135000.0,137000.0,134887.5,130358.33333333333,122554.16666666667,124676
2014-07-18,134000.0,136500.0,133750.0,136250.0,136550.0,135000.0,130483.33333333333,122731.25,79018
2014-07-21,136500.0,136750.0,132250.0,133500.0,135800.0,135037.5,130608.33333333333,122908.33333333333,133802
2014-07-22,132500.0,133750.0,132000.0,133750.0,134950.0,135150.0,130712.5,123093.75,93404
2014-07-23,134000.0,134000.0,128500.0,129750.0,133650.0,135162.5,130754.16666666667,123270.83333333333,278314
2014-07-24,129500.0,129750.0,126500.0,128000.0,132250.0,134900.0,130787.5,123402.08333333333,249582
2014-07-25,128750.0,130750.0,127500.0,129500.0,130900.0,134687.5,130900.0,123531.25,118138
2014-07-28,130750.0,134500.0,130000.0,133250.0,130850.0,134612.5,131083.33333333334,123716.66666666667,194660
2014-07-29,134250.0,134250.0,130250.0,131000.0,130300.0,134425.0,131258.33333333334,123897.91666666667,135358
2014-07-30,131250.0,132250.0,129750.0,130750.0,130500.0,134350.0,131408.33333333334,124070.83333333333,165506
2014-07-31,131000.0,133000.0,130750.0,132000.0,131300.0,134287.5,131562.5,124260.41666666667,204644
2014-08-01,131500.0,132500.0,130250.0,132250.0,131850.0,134225.0,131787.5,124435.41666666667,107556
2014-08-04,131750.0,133500.0,130500.0,132500.0,131700.0,134025.0,131970.83333333334,124627.08333333333,147234
2014-08-05,132500.0,137750.0,131750.0,136500.0,132800.0,133950.0,132183.33333333334,124856.25,198696
2014-08-06,136000.0,143500.0,136000.0,143500.0,135350.0,134175.0,132495.83333333334,125152.08333333333,262750
2014-08-07,143500.0,145500.0,140750.0,143000.0,137550.0,134525.0,132800.0,125447.91666666667,121922
2014-08-08,143000.0,147000.0,141000.0,147000.0,140500.0,134950.0,133154.16666666666,125754.16666666667,141130
2014-08-11,146750.0,147000.0,141000.0,141000.0,142200.0,135137.5,133416.66666666666,126020.83333333333,159964
2014-08-12,141750.0,146500.0,141500.0,145250.0,143950.0,135500.0,133695.83333333334,126295.83333333333,130776
2014-08-13,144500.0,153750.0,144500.0,153000.0,145850.0,136337.5,134179.16666666666,126643.75,165504
2014-08-14,153000.0,153000.0,149000.0,150750.0,147400.0,137125.0,134562.5,126975.0,124270
2014-08-18,152000.0,154000.0,148000.0,151500.0,148300.0,137887.5,134983.33333333334,127304.16666666667,130160
2014-08-19,151750.0,159750.0,151500.0,155500.0,151200.0,138987.5,135450.0,127672.91666666667,226258
2014-08-20,157000.0,164000.0,156500.0,163250.0,154800.0,140462.5,136062.5,128097.91666666667,213694
2014-08-21,162000.0,162500.0,157000.0,158250.0,155850.0,141887.5,136562.5,128462.5,134908
2014-08-22,157000.0,160500.0,156750.0,159500.0,157600.0,143462.5,137120.83333333334,128808.33333333333,98760
2014-08-25,159500.0,163750.0,159250.0,159750.0,159250.0,144975.0,137587.5,129162.5,69504
2014-08-26,161000.0,163500.0,157750.0,163250.0,160800.0,146475.0,138112.5,129583.33333333333,120644
2014-08-27,162000.0,166000.0,156750.0,160000.0,160150.0,147925.0,138583.33333333334,129991.66666666667,186890
2014-08-28,158500.0,159000.0,152250.0,152500.0,159000.0,149012.5,138954.16666666666,130341.66666666667,322530
2014-08-29,152000.0,154250.0,150750.0,151250.0,157350.0,149975.0,139158.33333333334,130672.91666666667,215020
2014-09-01,151500.0,153250.0,151000.0,152000.0,155800.0,150962.5,139400.0,130983.33333333333,115576
2014-09-02,151250.0,152000.0,148500.0,150500.0,153250.0,151862.5,139687.5,131312.5,105106
2014-09-03,149250.0,152500.0,149250.0,151750.0,151600.0,152625.0,139945.83333333334,131650.0,84018
2014-09-04,152500.0,152500.0,150000.0,150750.0,151250.0,152987.5,140216.66666666666,131989.58333333334,78382
2014-09-05,150750.0,153500.0,150750.0,152500.0,151500.0,153462.5,140583.33333333334,132343.75,72470
2014-09-11,152500.0,153250.0,151500.0,152000.0,151500.0,153712.5,140929.16666666666,132702.08333333334,85000
2014-09-12,152000.0,152750.0,150750.0,151500.0,151700.0,154237.5,141312.5,133039.58333333334,72408
2014-09-15,151750.0,152500.0,148250.0,152000.0,151750.0,154575.0,141629.16666666666,133387.5,62130
2014-09-16,152000.0,152500.0,148000.0,148000.0,151200.0,154325.0,141841.66666666666,133716.66666666666,126642
2014-09-17,148750.0,153250.0,148250.0,152750.0,151250.0,154425.0,142145.83333333334,134079.16666666666,88212
2014-09-18,151500.0,158500.0,146250.0,156750.0,152200.0,154687.5,142525.0,134460.41666666666,355280
2014-09-19,156250.0,165500.0,156000.0,158000.0,153500.0,154812.5,142945.83333333334,134831.25,307316
2014-09-22,160250.0,162000.0,155750.0,159000.0,154900.0,154600.0,143404.16666666666,135208.33333333334,119512
2014-09-23,157750.0,163250.0,157500.0,161500.0,157600.0,154762.5,143937.5,135581.25,194162
2014-09-24,161750.0,164000.0,161500.0,163500.0,159750.0,154962.5,144441.66666666666,135962.5,146608
2014-09-25,164500.0,168500.0,162000.0,163750.0,161150.0,155162.5,144941.66666666666,136341.66666666666,154818
2014-09-26,164000.0,165750.0,159750.0,161500.0,161850.0,155075.0,145387.5,136681.25,99400
2014-09-29,159750.0,163750.0,156500.0,161750.0,162400.0,155162.5,145837.5,137014.58333333334,124486
2014-09-30,160250.0,163500.0,159000.0,161000.0,162300.0,155587.5,146316.66666666666,137316.66666666666,122596
2014-10-01,161000.0,162000.0,157000.0,159750.0,161550.0,156012.5,146758.33333333334,137591.66666666666,65156
2014-10-02,157000.0,160250.0,155000.0,157250.0,160250.0,156275.0,147154.16666666666,137847.91666666666,114094
2014-10-06,157500.0,160000.0,153000.0,153500.0,158650.0,156425.0,147437.5,138079.16666666666,102784
2014-10-07,153500.0,154500.0,152250.0,153500.0,157000.0,156512.5,147695.83333333334,138322.91666666666,101214
2014-10-08,153000.0,156500.0,152750.0,154250.0,155650.0,156687.5,147950.0,138591.66666666666,143406
2014-10-10,154500.0,155750.0,149250.0,150500.0,153800.0,156587.5,148191.66666666666,138804.16666666666,115174
2014-10-13,150000.0,150000.0,146500.0,148250.0,152000.0,156400.0,148354.16666666666,138991.66666666666,153664
2014-10-14,149000.0,153750.0,147000.0,147500.0,150800.0,156200.0,148525.0,139187.5,197890
2014-10-15,147750.0,151750.0,146500.0,147500.0,149600.0,155975.0,148683.33333333334,139395.83333333334,138394
2014-10-16,146500.0,150500.0,144500.0,150000.0,148750.0,156075.0,148912.5,139585.41666666666,193034
2014-10-17,150500.0,152000.0,149250.0,150000.0,148650.0,155937.5,149162.5,139760.41666666666,119282
2014-10-20,150750.0,153000.0,149000.0,150250.0,149050.0,155612.5,149395.83333333334,139939.58333333334,137376
2014-10-21,150750.0,151000.0,146750.0,148500.0,149250.0,155137.5,149645.83333333334,140127.08333333334,132508
2014-10-22,150750.0,151500.0,144250.0,149750.0,149700.0,154675.0,149912.5,140312.5,217022
2014-10-23,150000.0,151750.0,148750.0,150750.0,149850.0,154137.5,150262.5,140508.33333333334,118762
2014-10-24,151500.0,152000.0,143750.0,145250.0,148900.0,153225.0,150550.0,140668.75,230834
2014-10-27,139000.0,141500.0,136250.0,139500.0,146750.0,152012.5,150716.66666666666,140808.33333333334,469044
2014-10-28,140250.0,140250.0,135250.0,135750.0,144200.0,150725.0,150758.33333333334,140920.83333333334,238686
2014-10-29,136750.0,141750.0,136500.0,141500.0,142550.0,149712.5,150933.33333333334,141095.83333333334,252018
2014-10-30,140500.0,141000.0,131000.0,140250.0,140450.0,148675.0,151091.66666666666,141250.0,352112
2014-10-31,139250.0,139500.0,131500.0,133000.0,138000.0,147337.5,151108.33333333334,141335.41666666666,231852
2014-11-03,131750.0,136000.0,130750.0,136000.0,137300.0,146275.0,151170.83333333334,141479.16666666666,191144
2014-11-04,136000.0,136250.0,129750.0,131000.0,136350.0,145150.0,151145.83333333334,141558.33333333334,203114
2014-11-05,132250.0,136000.0,130750.0,133750.0,134800.0,144162.5,151100.0,141641.66666666666,157452
2014-11-06,133250.0,138000.0,133000.0,134250.0,133600.0,143162.5,150945.83333333334,141720.83333333334,198776
2014-11-07,136000.0,139500.0,134000.0,137000.0,134400.0,142487.5,150845.83333333334,141822.91666666666,138630
2014-11-10,137000.0,142500.0,136500.0,139000.0,135000.0,142025.0,150712.5,141933.33333333334,186386
2014-11-11,139250.0,150750.0,136000.0,150500.0,138900.0,142175.0,150870.83333333334,142143.75,381910
2014-11-12,147750.0,157750.0,146750.0,151000.0,142350.0,142350.0,150966.66666666666,142331.25,367746
2014-11-13,151000.0,152250.0,147750.0,150500.0,145600.0,142375.0,150925.0,142552.08333333334,129048
2014-11-14,150750.0,150750.0,142250.0,143750.0,146950.0,142062.5,150808.33333333334,142685.41666666666,155074
2014-11-17,144750.0,146500.0,142000.0,144250.0,148000.0,141762.5,150687.5,142835.41666666666,165232
2014-11-18,145000.0,150750.0,144750.0,150750.0,148050.0,141875.0,150608.33333333334,143029.16666666666,200446
2014-11-19,150250.0,150750.0,144250.0,150000.0,147850.0,141887.5,150387.5,143225.0,193852
2014-11-20,150000.0,150000.0,143750.0,146250.0,147000.0,141662.5,150187.5,143375.0,129788
2014-11-21,145250.0,146250.0,139000.0,142750.0,146800.0,141537.5,149908.33333333334,143514.58333333334,268042
2014-11-24,143000.0,143250.0,137000.0,137000.0,145350.0,141412.5,149529.16666666666,143558.33333333334,224542
2014-11-25,138000.0,141750.0,137500.0,140750.0,143350.0,141662.5,149154.16666666666,143633.33333333334,186080
2014-11-26,142500.0,142750.0,138500.0,142500.0,141850.0,141712.5,148862.5,143722.91666666666,77838
2014-11-27,142500.0,142500.0,137500.0,139000.0,140400.0,141650.0,148637.5,143795.83333333334,150520
2014-11-28,138500.0,139250.0,136500.0,139000.0,139650.0,141950.0,148433.33333333334,143795.83333333334,104842
2014-12-01,137500.0,144000.0,137500.0,144000.0,141050.0,142350.0,148300.0,143850.0,181052
2014-12-02,142750.0,142750.0,137750.0,139500.0,140800.0,142775.0,148116.66666666666,143902.08333333334,150902
2014-12-03,139500.0,140750.0,137750.0,138750.0,140050.0,143025.0,147900.0,143922.91666666666,81800
2014-12-04,139000.0,140500.0,138750.0,140000.0,140250.0,143312.5,147720.83333333334,143968.75,115636
2014-12-05,140000.0,144250.0,140000.0,143000.0,141050.0,143612.5,147562.5,144072.91666666666,150950
2014-12-08,143000.0,143500.0,139250.0,141250.0,140500.0,143725.0,147383.33333333334,144156.25,95264
2014-12-09,141500.0,142250.0,138250.0,142000.0,141000.0,143300.0,147225.0,144268.75,99678
2014-12-10,140250.0,141750.0,138500.0,140250.0,141300.0,142762.5,147029.16666666666,144329.16666666666,96210
2014-12-11,137750.0,139000.0,133750.0,134500.0,140200.0,141962.5,146804.16666666666,144322.91666666666,208930
2014-12-12,135500.0,136000.0,131000.0,133750.0,138350.0,141462.5,146487.5,144316.66666666666,169588
2014-12-15,133000.0,138250.0,131500.0,138000.0,137700.0,141150.0,146175.0,144350.0,88778
2014-12-16,136500.0,138500.0,134000.0,137000.0,136700.0,140462.5,145825.0,144385.41666666666,138638
2014-12-17,138000.0,140000.0,136250.0,136750.0,136000.0,139800.0,145454.16666666666,144429.16666666666,152962
2014-12-18,137500.0,140750.0,134750.0,140000.0,137100.0,139487.5,145095.83333333334,144516.66666666666,206416
2014-12-19,140250.0,145250.0,139000.0,145000.0,139350.0,139600.0,144787.5,144614.58333333334,215696
2014-12-22,144750.0,147000.0,141500.0,146500.0,141050.0,140075.0,144500.0,144720.83333333334,170660
2014-12-23,143750.0,146250.0,141750.0,142250.0,142100.0,140150.0,144179.16666666666,144783.33333333334,190234
2014-12-24,142250.0,143000.0,140500.0,140500.0,142850.0,140050.0,143825.0,144831.25,181408
2014-12-26,142000.0,144750.0,141750.0,143000.0,143450.0,140250.0,143525.0,144920.83333333334,128848
2014-12-29,144000.0,148250.0,143000.0,148000.0,144050.0,140700.0,143329.16666666666,145043.75,203900
2014-12-30,148500.0,148500.0,143500.0,145750.0,143900.0,140787.5,143137.5,145145.83333333334,166408
2015-01-02,144250.0,154750.0,144250.0,154250.0,146300.0,141525.0,143150.0,145293.75,208598
2015-01-05,152500.0,155000.0,149250.0,152500.0,148700.0,142212.5,143133.33333333334,145414.58333333334,142924
2015-01-06,152500.0,152500.0,148250.0,149250.0,149950.0,142675.0,143050.0,145500.0,151726
2015-01-07,149250.0,150250.0,148000.0,149000.0,150150.0,142975.0,143025.0,145608.33333333334,64104
2015-01-08,148250.0,152500.0,148000.0,149500.0,150900.0,143387.5,143045.83333333334,145700.0,89102
2015-01-09,152000.0,153500.0,150000.0,152750.0,150600.0,143925.0,143133.33333333334,145829.16666666666,221892
2015-01-12,151250.0,152000.0,147750.0,150000.0,150100.0,144412.5,143175.0,145929.16666666666,215450
2015-01-13,127500.0,127500.0,127500.0,127500.0,145750.0,144062.5,142800.0,145856.25,919656
2015-01-14,120500.0,123000.0,112500.0,115750.0,139100.0,143162.5,142229.16666666666,145695.83333333334,4751712
2015-01-15,116500.0,119750.0,116000.0,118750.0,132950.0,142200.0,141704.16666666666,145550.0,1344862
2015-01-16,119500.0,120250.0,116500.0,117500.0,125900.0,141225.0,141187.5,145416.66666666666,597404
2015-01-19,118000.0,119750.0,115750.0,117000.0,119300.0,140237.5,140641.66666666666,145277.08333333334,497690
2015-01-20,117500.0,118500.0,116500.0,118250.0,117450.0,139150.0,140100.0,145181.25,343330
2015-01-21,118000.0,118250.0,112750.0,112750.0,116850.0,137537.5,139558.33333333334,145054.16666666666,678444
2015-01-22,112750.0,117250.0,112750.0,113750.0,115850.0,135900.0,139129.16666666666,144922.91666666666,558722
2015-01-23,115500.0,116250.0,112250.0,113500.0,115050.0,134462.5,138758.33333333334,144758.33333333334,397268
2015-01-26,112500.0,114500.0,112250.0,113750.0,114400.0,133125.0,138295.83333333334,144614.58333333334,258336
2015-01-27,114250.0,119250.0,114000.0,119250.0,114600.0,131937.5,137945.83333333334,144518.75,499348
2015-01-28,119500.0,124250.0,117750.0,123500.0,116750.0,130712.5,137787.5,144447.91666666666,499938
2015-01-29,124500.0,127250.0,121000.0,121250.0,118250.0,129487.5,137541.66666666666,144356.25,547508
2015-01-30,122500.0,126000.0,118250.0,122250.0,120000.0,127887.5,137395.83333333334,144270.83333333334,306202
2015-02-02,121000.0,122500.0,117500.0,118000.0,120850.0,126162.5,137133.33333333334,144116.66666666666,431006
2015-02-03,118750.0,119250.0,115250.0,116250.0,120250.0,124512.5,136833.33333333334,143889.58333333334,345888
2015-02-04,117000.0,121500.0,116500.0,120250.0,119600.0,123075.0,136554.16666666666,143700.0,421660
2015-02-05,119500.0,120000.0,116750.0,118500.0,119050.0,121525.0,136212.5,143462.5,327490
2015-02-06,121500.0,130000.0,118500.0,125500.0,119700.0,120162.5,135795.83333333334,143333.33333333334,13478686
2015-02-09,126250.0,126750.0,122000.0,123250.0,120750.0,118825.0,135333.33333333334,143150.0,1100596
2015-02-10,123250.0,124250.0,120500.0,121250.0,121750.0,118512.5,134845.83333333334,142885.41666666666,573334
2015-02-11,121750.0,125000.0,120500.0,124500.0,122600.0,118950.0,134525.0,142666.66666666666,675484
2015-02-12,124500.0,126500.0,123250.0,125250.0,123950.0,119275.0,134208.33333333334,142447.91666666666,499214
2015-02-13,125500.0,126250.0,121500.0,123000.0,123450.0,119550.0,133745.83333333334,142177.08333333334,388920
2015-02-16,122250.0,122750.0,119500.0,119750.0,122750.0,119687.5,133241.66666666666,141814.58333333334,399354
2015-02-17,120000.0,121000.0,119000.0,121000.0,122700.0,119825.0,132820.83333333334,141504.16666666666,227950
2015-02-23,122250.0,124000.0,120500.0,124000.0,122600.0,120387.5,132508.33333333334,141208.33333333334,532320
2015-02-24,123000.0,124750.0,122000.0,123000.0,122150.0,120850.0,132275.0,140902.08333333334,351314
2015-02-25,124000.0,124000.0,121500.0,122500.0,122050.0,121300.0,131970.83333333334,140562.5,362692
2015-02-26,122750.0,123000.0,118000.0,119500.0,122000.0,121587.5,131587.5,140225.0,575954
2015-02-27,119750.0,122000.0,118750.0,119250.0,121650.0,121587.5,131258.33333333334,139947.91666666666,1123580
2015-03-02,119500.0,119750.0,114000.0,115000.0,119850.0,121162.5,130858.33333333333,139645.83333333334,779620
2015-03-03,115250.0,118000.0,115000.0,116500.0,118550.0,120925.0,130400.0,139350.0,497192
2015-03-04,116500.0,117750.0,113500.0,114250.0,116900.0,120525.0,129979.16666666667,139047.91666666666,375704
2015-03-05,114250.0,116500.0,114250.0,115250.0,116050.0,120387.5,129587.5,138743.75,310942
2015-03-06,115500.0,117250.0,114750.0,117000.0,115600.0,120425.0,129204.16666666667,138462.5,320048
2015-03-09,116000.0,116750.0,112750.0,114000.0,115400.0,120112.5,128720.83333333333,138141.66666666666,316096
2015-03-10,114750.0,116750.0,113000.0,115500.0,115200.0,119962.5,128291.66666666667,137837.5,385256
2015-03-11,115000.0,120250.0,114250.0,118750.0,116100.0,119625.0,127904.16666666667,137564.58333333334,775794
2015-03-12,120500.0,121250.0,119000.0,120500.0,117150.0,119487.5,127575.0,137302.08333333334,1080746
2015-03-13,121000.0,121000.0,117250.0,118250.0,117400.0,119337.5,127304.16666666667,137054.16666666666,354874
2015-03-16,118250.0,118250.0,115500.0,116250.0,117850.0,118925.0,127012.5,136750.0,201970
2015-03-17,118250.0,120750.0,117750.0,120500.0,118850.0,118687.5,126720.83333333333,136447.91666666666,422946
2015-03-18,120250.0,121250.0,117750.0,117750.0,118650.0,118425.0,126400.0,136112.5,259094
2015-03-19,119500.0,120500.0,117250.0,120000.0,118550.0,118437.5,126120.83333333333,135787.5,357400
2015-03-20,118250.0,119000.0,116750.0,117250.0,118350.0,118250.0,125741.66666666667,135418.75,745546
2015-03-23,118500.0,119750.0,117000.0,118000.0,118700.0,117950.0,125291.66666666667,135039.58333333334,305300
2015-03-24,118500.0,118750.0,116750.0,118000.0,118200.0,117700.0,124816.66666666667,134658.33333333334,201420
2015-03-25,117500.0,118500.0,115500.0,115500.0,117750.0,117350.0,124370.83333333333,134275.0,233576
2015-03-26,115500.0,116500.0,114000.0,116000.0,116950.0,117175.0,123962.5,133893.75,181624
2015-03-27,116250.0,116500.0,114250.0,115500.0,116600.0,116987.5,123504.16666666667,133514.58333333334,178386
2015-03-30,115500.0,115500.0,113250.0,113500.0,115700.0,116912.5,122929.16666666667,133129.16666666666,258010
2015-03-31,114000.0,114250.0,112250.0,113000.0,114700.0,116737.5,122383.33333333333,132760.41666666666,281840
2015-04-01,112500.0,113750.0,111750.0,112500.0,114100.0,116650.0,121687.5,132418.75,266358
2015-04-02,112750.0,112750.0,105250.0,105750.0,112050.0,116175.0,120908.33333333333,132020.83333333334,903902
2015-04-03,105750.0,107750.0,105750.0,107250.0,110400.0,115687.5,120208.33333333333,131629.16666666666,270288
2015-04-06,107500.0,108000.0,105000.0,105000.0,108700.0,115237.5,119475.0,131250.0,254126
2015-04-07,105750.0,107000.0,105000.0,105000.0,107100.0,114712.5,118733.33333333333,130889.58333333333,253638
2015-04-08,105000.0,106250.0,104500.0,105250.0,105650.0,114037.5,117941.66666666667,130537.5,238256
2015-04-09,106750.0,109250.0,106750.0,107500.0,106000.0,113387.5,117233.33333333333,130204.16666666667,357682
2015-04-10,108750.0,114000.0,108500.0,113250.0,107200.0,113137.5,116995.83333333333,129897.91666666667,581244
2015-04-13,114750.0,115250.0,112000.0,114000.0,109000.0,113025.0,116966.66666666667,129597.91666666667,349968
2015-04-14,114000.0,114750.0,112250.0,114250.0,110850.0,112712.5,116891.66666666667,129297.91666666667,283808
2015-04-15,113750.0,114500.0,111500.0,113500.0,112500.0,112500.0,116825.0,129006.25,313958
2015-04-16,113500.0,113500.0,111750.0,113000.0,113600.0,112150.0,116758.33333333333,128700.0,303086
2015-04-17,113000.0,115000.0,112250.0,115000.0,113950.0,112037.5,116704.16666666667,128402.08333333333,273296
2015-04-20,115000.0,119250.0,115000.0,118500.0,114850.0,112062.5,116800.0,128179.16666666667,453174
2015-04-21,119750.0,121250.0,118250.0,121000.0,116200.0,112212.5,116920.83333333333,128025.0,480096
2015-04-22,121250.0,123500.0,119000.0,121750.0,117850.0,112525.0,117058.33333333333,127908.33333333333,475788
2015-04-23,122750.0,123750.0,119750.0,123250.0,119900.0,112887.5,117216.66666666667,127756.25,363490
2015-04-24,123750.0,126000.0,121250.0,122750.0,121450.0,113250.0,117275.0,127610.41666666667,436984
2015-04-27,124250.0,126000.0,122000.0,123750.0,122500.0,113762.5,117279.16666666667,127533.33333333333,363418
2015-04-28,124750.0,125000.0,121500.0,123000.0,122900.0,114262.5,117308.33333333333,127425.0,247828
2015-04-29,123250.0,123250.0,119000.0,120000.0,122550.0,114637.5,117270.83333333333,127333.33333333333,295298
2015-04-30,120000.0,121500.0,115750.0,118000.0,121500.0,115250.0,117270.83333333333,127202.08333333333,264188
2015-05-04,117000.0,120250.0,116000.0,118750.0,120700.0,115825.0,117312.5,127072.91666666667,115496
2015-05-06,117500.0,118500.0,113000.0,114750.0,118900.0,116312.5,117220.83333333333,126887.5,289232
2015-05-07,114500.0,115000.0,112000.0,114000.0,117100.0,116762.5,117145.83333333333,126679.16666666667,140000
2015-05-08,114250.0,114750.0,112500.0,112750.0,115650.0,117137.5,116933.33333333333,126364.58333333333,122686
2015-05-11,113750.0,115000.0,112750.0,113250.0,114700.0,117425.0,116766.66666666667,126050.0,104528
2015-05-12,112500.0,115000.0,112500.0,113500.0,113650.0,117437.5,116637.5,125741.66666666667,72908
2015-05-13,113000.0,114500.0,112250.0,112750.0,113250.0,117375.0,116441.66666666667,125483.33333333333,122838
2015-05-14,112750.0,117500.0,111750.0,114750.0,113400.0,117400.0,116266.66666666667,125237.5,185036
2015-05-15,114750.0,115500.0,113500.0,114750.0,113800.0,117462.5,116129.16666666667,124937.5,91512
2015-05-18,114250.0,115000.0,112250.0,112500.0,113650.0,117437.5,116008.33333333333,124625.0,150184
2015-05-19,112750.0,113250.0,111000.0,112250.0,113400.0,117300.0,115862.5,124341.66666666667,216110
2015-05-20,112750.0,114250.0,112250.0,114250.0,113700.0,117087.5,115700.0,124104.16666666667,143674
2015-05-21,113500.0,114250.0,109000.0,109250.0,112600.0,116500.0,115470.83333333333,123872.91666666667,343742
2015-05-22,109250.0,112250.0,108000.0,112250.0,112100.0,116025.0,115300.0,123635.41666666667,259226
2015-05-26,111000.0,116250.0,111000.0,113000.0,112200.0,115512.5,115191.66666666667,123389.58333333333,362298
2015-05-27,111750.0,114750.0,109500.0,114750.0,112700.0,115112.5,115116.66666666667,123187.5,361374
2015-05-28,114250.0,125500.0,114000.0,122000.0,114250.0,115025.0,115233.33333333333,123045.83333333333,897034
2015-05-29,121000.0,125750.0,120000.0,125250.0,117450.0,115137.5,115379.16666666667,122889.58333333333,441892
2015-06-01,126000.0,129750.0,123250.0,129750.0,120950.0,115625.0,115637.5,122808.33333333333,511210
2015-06-02,128500.0,129250.0,116250.0,121000.0,122550.0,115775.0,115733.33333333333,122660.41666666667,780468
2015-06-03,120000.0,121000.0,116250.0,118750.0,123350.0,115775.0,115762.5,122483.33333333333,362298
2015-06-04,117500.0,121750.0,116250.0,120250.0,123000.0,116050.0,115866.66666666667,122293.75,253186
2015-06-05,120500.0,121250.0,117750.0,120500.0,122050.0,116375.0,115950.0,122120.83333333333,177824
2015-06-08,119250.0,121750.0,118250.0,120000.0,120100.0,116737.5,115970.83333333333,121937.5,171762
2015-06-09,119500.0,122250.0,119500.0,120250.0,119950.0,117087.5,115966.66666666667,121770.83333333333,175314
2015-06-10,120500.0,121000.0,114750.0,114750.0,119150.0,117150.0,115908.33333333333,121606.25,245472
2015-06-11,116500.0,119750.0,115250.0,115750.0,118250.0,117300.0,115900.0,121456.25,333506
2015-06-12,116500.0,116500.0,113000.0,114500.0,117050.0,117287.5,115800.0,121260.41666666667,186642
2015-06-15,111750.0,114000.0,110750.0,113000.0,115650.0,117200.0,115720.83333333333,121060.41666666667,170696
2015-06-16,113000.0,115000.0,107250.0,109250.0,113450.0,117037.5,115541.66666666667,120831.25,358416
2015-06-17,109250.0,110250.0,105750.0,109750.0,112450.0,116912.5,115416.66666666667,120579.16666666667,311568
2015-06-18,110250.0,110750.0,103750.0,103750.0,110050.0,116387.5,115179.16666666667,120235.41666666667,416506
2015-06-19,104000.0,107500.0,103250.0,106750.0,108500.0,116262.5,114991.66666666667,119904.16666666667,300872
2015-06-22,105500.0,107750.0,105000.0,106750.0,107250.0,115987.5,114845.83333333333,119608.33333333333,160456
2015-06-23,106750.0,107750.0,105500.0,105500.0,106500.0,115612.5,114670.83333333333,119316.66666666667,164228
2015-06-24,105250.0,108000.0,105250.0,106250.0,105800.0,115187.5,114516.66666666667,119010.41666666667,324596
2015-06-25,106250.0,106750.0,103250.0,103750.0,105800.0,114275.0,114354.16666666667,118641.66666666667,345232
2015-06-26,104000.0,105500.0,102500.0,104750.0,105400.0,113250.0,114216.66666666667,118300.0,268178
2015-06-29,103000.0,103000.0,99250.0,99250.0,103900.0,111725.0,113995.83333333333,117841.66666666667,456468
2015-06-30,99250.0,101750.0,99250.0,101000.0,103000.0,110725.0,113916.66666666667,117412.5,243870
2015-07-01,101000.0,101250.0,99250.0,99500.0,101650.0,109762.5,113787.5,116997.91666666667,359110
2015-07-02,100500.0,100500.0,93500.0,94250.0,99750.0,108462.5,113608.33333333333,116541.66666666667,1088450
2015-07-03,94500.0,95500.0,91000.0,92000.0,97200.0,107037.5,113391.66666666667,116062.5,796394
2015-07-06,90500.0,94000.0,89500.0,91250.0,95600.0,105600.0,113158.33333333333,115550.0,514930
2015-07-07,92250.0,93000.0,90750.0,92250.0,93850.0,104200.0,112904.16666666667,115068.75,356762
2015-07-08,91750.0,95500.0,91500.0,94750.0,92900.0,103200.0,112595.83333333333,114795.83333333333,666204
2015-07-09,94750.0,95250.0,92000.0,94250.0,92900.0,102125.0,112266.66666666667,114616.66666666667,370214
2015-07-10,94750.0,96000.0,93000.0,94250.0,93350.0,101112.5,111933.33333333333,114412.5,231702
2015-07-13,94250.0,97500.0,93500.0,97000.0,94500.0,100312.5,111658.33333333333,114241.66666666667,185106
2015-07-14,97250.0,97750.0,95750.0,95750.0,95200.0,99637.5,111370.83333333333,114064.58333333333,157656
2015-07-15,95500.0,97250.0,94500.0,96250.0,95500.0,98962.5,111058.33333333333,113881.25,158392
2015-07-16,95750.0,96000.0,93500.0,95000.0,95650.0,98525.0,110666.66666666667,113733.33333333333,360608
2015-07-17,95000.0,95000.0,86500.0,87500.0,94300.0,97562.5,110108.33333333333,113514.58333333333,834456
2015-07-20,87000.0,88750.0,86500.0,87250.0,92350.0,96587.5,109533.33333333333,113295.83333333333,278478
2015-07-21,88000.0,93000.0,87750.0,91500.0,91500.0,95887.5,109004.16666666667,113110.41666666667,456746
2015-07-22,91500.0,92750.0,88250.0,88500.0,89950.0,95000.0,108433.33333333333,112854.16666666667,249946
2015-07-23,89500.0,94000.0,88500.0,93500.0,89650.0,94487.5,107929.16666666667,112604.16666666667,332228
2015-07-24,92500.0,94000.0,90750.0,93750.0,90900.0,93937.5,107441.66666666667,112375.0,261848
2015-07-27,92000.0,98000.0,91750.0,97000.0,92850.0,93825.0,107058.33333333333,112164.58333333333,482014
2015-07-28,95250.0,98500.0,93500.0,95000.0,93550.0,93525.0,106675.0,111972.91666666667,415660
2015-07-29,94750.0,95500.0,90750.0,92250.0,94300.0,93162.5,106233.33333333333,111772.91666666667,352842
2015-07-30,91750.0,95250.0,91750.0,94750.0,94550.0,93187.5,105900.0,111560.41666666667,276884
2015-07-31,94000.0,98000.0,94000.0,97500.0,95300.0,93462.5,105625.0,111385.41666666667,317332
2015-08-03,96500.0,98750.0,94000.0,96250.0,95150.0,93712.5,105350.0,111141.66666666667,234686
2015-08-04,92250.0,96250.0,90250.0,96000.0,95350.0,93900.0,105062.5,110914.58333333333,488518
2015-08-05,94500.0,96500.0,92250.0,95000.0,95900.0,93912.5,104754.16666666667,110695.83333333333,293560
2015-08-06,95250.0,95250.0,90000.0,91000.0,95150.0,93750.0,104391.66666666667,110416.66666666667,475060
2015-08-07,90250.0,90250.0,88250.0,88750.0,93400.0,93475.0,103958.33333333333,110112.5,285930
2015-08-10,89000.0,89750.0,87500.0,88250.0,91800.0,93037.5,103516.66666666667,109822.91666666667,146606
2015-08-11,88500.0,89250.0,86000.0,87250.0,90050.0,92612.5,103095.83333333333,109552.08333333333,245756
2015-08-12,86500.0,91750.0,86500.0,91250.0,89300.0,92362.5,102745.83333333333,109304.16666666667,362514
2015-08-13,90000.0,91250.0,88250.0,89000.0,88900.0,92062.5,102325.0,109012.5,195842
2015-08-14,89000.0,89000.0,89000.0,89000.0,88950.0,92137.5,101987.5,108729.16666666667,0
2015-08-17,89000.0,89250.0,86750.0,87000.0,88700.0,92125.0,101566.66666666667,108433.33333333333,172226
2015-08-18,87750.0,91500.0,86750.0,90000.0,89250.0,92050.0,101183.33333333333,108187.5,255954
2015-08-19,88500.0,90250.0,87000.0,89750.0,88950.0,92112.5,100766.66666666667,107941.66666666667,243612
2015-08-20,88500.0,90000.0,87500.0,88500.0,88850.0,91862.5,100208.33333333333,107720.83333333333,129856
2015-08-21,85500.0,88000.0,85000.0,87500.0,88550.0,91550.0,99579.16666666667,107479.16666666667,230408
2015-08-24,85000.0,86000.0,81250.0,81500.0,87450.0,90775.0,98775.0,107206.25,681326
2015-08-25,82250.0,85250.0,79250.0,83000.0,86050.0,90175.0,98141.66666666667,106937.5,541974
2015-08-26,83250.0,84750.0,82500.0,84250.0,84950.0,89775.0,97566.66666666667,106664.58333333333,385720
2015-08-27,85250.0,86250.0,83000.0,83750.0,84000.0,89225.0,96958.33333333333,106412.5,312398
2015-08-28,84000.0,85000.0,81500.0,84500.0,83400.0,88575.0,96358.33333333333,106154.16666666667,342930
2015-08-31,84500.0,86000.0,83500.0,86000.0,84300.0,88062.5,95791.66666666667,105881.25,247020
2015-09-01,85500.0,86000.0,83250.0,83250.0,84350.0,87425.0,95175.0,105570.83333333333,210222
2015-09-02,81750.0,85500.0,81500.0,85250.0,84550.0,86937.5,94683.33333333333,105295.83333333333,292466
2015-09-03,85250.0,86500.0,84750.0,85750.0,84950.0,86675.0,94183.33333333333,105041.66666666667,276198
2015-09-04,85750.0,85750.0,83000.0,83750.0,84800.0,86425.0,93670.83333333333,104735.41666666667,190592
2015-09-07,83250.0,89250.0,83250.0,89000.0,85400.0,86462.5,93270.83333333333,104495.83333333333,573414
2015-09-08,89500.0,97500.0,89000.0,97500.0,88250.0,86975.0,93075.0,104308.33333333333,1153962
2015-09-09,97500.0,98750.0,96000.0,97500.0,90700.0,87287.5,92870.83333333333,104143.75,285392
2015-09-10,96750.0,99500.0,95250.0,98500.0,93250.0,87762.5,92783.33333333333,103981.25,505120
2015-09-11,96750.0,97750.0,96000.0,97750.0,96050.0,88200.0,92633.33333333333,103812.5,185756
2015-09-14,98250.0,98500.0,95500.0,96750.0,97600.0,88687.5,92466.66666666667,103656.25,167872
2015-09-15,96750.0,97250.0,95500.0,96000.0,97300.0,88987.5,92308.33333333333,103489.58333333333,161746
2015-09-16,96750.0,102000.0,96500.0,100250.0,97850.0,89512.5,92208.33333333333,103362.5,443388
2015-09-17,101500.0,101500.0,97000.0,98000.0,97750.0,89987.5,92112.5,103233.33333333333,293558
2015-09-18,98000.0,99000.0,95750.0,98000.0,97800.0,90512.5,92000.0,103108.33333333333,207246
2015-09-21,97500.0,97750.0,95500.0,96250.0,97700.0,91250.0,91950.0,102972.91666666667,142396
2015-09-22,96500.0,100750.0,96500.0,99750.0,98450.0,92087.5,91929.16666666667,102922.91666666667,198798
2015-09-23,98250.0,102000.0,98250.0,100750.0,98550.0,92912.5,91950.0,102868.75,265118
2015-09-24,101000.0,103250.0,100000.0,102250.0,99400.0,93837.5,92083.33333333333,102845.83333333333,283072
2015-09-25,104000.0,110000.0,104000.0,109750.0,101750.0,95100.0,92379.16666666667,102885.41666666667,723946
2015-09-30,109500.0,112000.0,108000.0,112000.0,104900.0,96400.0,92725.0,102941.66666666667,399558
2015-10-01,112750.0,113250.0,111000.0,111250.0,107200.0,97800.0,93041.66666666667,102972.91666666667,253526
2015-10-02,113250.0,113250.0,110250.0,111250.0,109300.0,99100.0,93316.66666666667,102956.25,251292
2015-10-05,112250.0,113000.0,108000.0,109750.0,110800.0,100300.0,93575.0,102920.83333333333,313414
2015-10-06,109250.0,109250.0,104250.0,106500.0,110150.0,101437.5,93779.16666666667,102856.25,452374
2015-10-07,105000.0,108000.0,105000.0,107000.0,109150.0,102337.5,93945.83333333333,102802.08333333333,181574
2015-10-08,108250.0,111500.0,108000.0,111250.0,109150.0,103025.0,94204.16666666667,102787.5,288128
2015-10-12,110750.0,113000.0,108250.0,109500.0,108800.0,103625.0,94425.0,102741.66666666667,222866
2015-10-13,111000.0,114750.0,110000.0,113500.0,109550.0,104375.0,94733.33333333333,102700.0,356536
2015-10-14,114000.0,117750.0,113000.0,116250.0,111500.0,105300.0,95212.5,102660.41666666667,320698
2015-10-15,116250.0,117500.0,114250.0,115000.0,113100.0,106212.5,95675.0,102604.16666666667,179892
2015-10-16,115250.0,115500.0,108750.0,110000.0,112850.0,106912.5,95983.33333333333,102493.75,438220
2015-10-19,110250.0,111500.0,109000.0,110000.0,112950.0,107400.0,96341.66666666667,102387.5,153478
2015-10-20,109500.0,112500.0,109500.0,111750.0,112600.0,108087.5,96645.83333333333,102287.5,174474
2015-10-21,111750.0,113500.0,110250.0,111750.0,111700.0,108775.0,96945.83333333333,102193.75,149978
2015-10-22,110750.0,114500.0,109750.0,111750.0,111050.0,109550.0,97191.66666666667,102125.0,218672
2015-10-23,114000.0,116000.0,113000.0,113750.0,111800.0,110250.0,97504.16666666667,102089.58333333333,169652
2015-10-26,114250.0,117500.0,114250.0,117500.0,113300.0,111087.5,97925.0,102079.16666666667,221902
2015-10-27,118000.0,118500.0,114500.0,116750.0,114300.0,111812.5,98291.66666666667,102095.83333333333,125702
2015-10-28,114250.0,114250.0,101500.0,101500.0,112250.0,111400.0,98358.33333333333,101991.66666666667,1319382
2015-10-29,101000.0,102250.0,96250.0,100500.0,110000.0,110825.0,98429.16666666667,101889.58333333333,1138046
2015-10-30,99250.0,101000.0,97000.0,98250.0,106900.0,110175.0,98466.66666666667,101764.58333333333,583078
2015-11-02,97750.0,100000.0,96250.0,96250.0,102650.0,109425.0,98487.5,101620.83333333333,379342
2015-11-03,98000.0,100750.0,97750.0,99500.0,99200.0,108912.5,98629.16666666667,101510.41666666667,493952
2015-11-04,100250.0,100750.0,98500.0,99250.0,98750.0,108550.0,98804.16666666667,101381.25,277428
2015-11-05,100000.0,102000.0,99250.0,102000.0,99050.0,108300.0,99033.33333333333,101275.0,182306
2015-11-06,101500.0,102750.0,100250.0,102500.0,99900.0,107862.5,99287.5,101191.66666666667,146552
2015-11-09,101250.0,101750.0,99000.0,99000.0,100450.0,107337.5,99416.66666666667,101081.25,177186
2015-11-10,98500.0,100750.0,95000.0,98750.0,100300.0,106600.0,99579.16666666667,100952.08333333333,242000
2015-11-11,98000.0,99500.0,96250.0,96750.0,99800.0,105625.0,99708.33333333333,100847.91666666667,163980
2015-11-12,96500.0,97500.0,95750.0,97000.0,98800.0,104725.0,99875.0,100720.83333333333,161586
2015-11-13,97000.0,97250.0,96250.0,96500.0,97600.0,104050.0,99983.33333333333,100583.33333333333,80926
2015-11-16,95500.0,96000.0,93500.0,93500.0,96500.0,103225.0,100045.83333333333,100406.25,192562
2015-11-17,94500.0,94750.0,91000.0,91500.0,95050.0,102212.5,100095.83333333333,100152.08333333333,285772
2015-11-18,92750.0,98500.0,92250.0,98250.0,95350.0,101537.5,100275.0,99927.08333333333,356622
2015-11-19,98250.0,98500.0,96000.0,97000.0,95350.0,100800.0,100533.33333333333,99654.16666666667,155176
2015-11-20,96500.0,99000.0,96500.0,97750.0,95600.0,100000.0,100779.16666666667,99460.41666666667,138700
2015-11-23,97000.0,100750.0,96750.0,100750.0,97050.0,99162.5,101054.16666666667,99310.41666666667,148618
2015-11-24,100750.0,101500.0,99750.0,100750.0,98900.0,98362.5,101337.5,99147.91666666667,127204
2015-11-25,101500.0,101500.0,98500.0,99250.0,99100.0,98250.0,101583.33333333333,98970.83333333333,115010
2015-11-26,99250.0,100500.0,97250.0,98000.0,99300.0,98125.0,101783.33333333333,98787.5,163274
2015-11-27,98500.0,98500.0,96250.0,96500.0,99050.0,98037.5,102004.16666666667,98589.58333333333,121038
2015-11-30,95000.0,97250.0,95000.0,95500.0,98000.0,98000.0,102175.0,98429.16666666667,171436
2015-12-01,95750.0,98250.0,95750.0,96250.0,97100.0,97837.5,102350.0,98266.66666666667,158204
2015-12-02,96500.0,97750.0,96250.0,97000.0,96650.0,97725.0,102570.83333333333,98120.83333333333,88632
2015-12-03,97500.0,97500.0,94500.0,97000.0,96450.0,97475.0,102704.16666666667,97987.5,112830
2015-12-04,95000.0,96500.0,94750.0,94750.0,96100.0,97087.5,102658.33333333333,97866.66666666667,73232
2015-12-07,96250.0,96250.0,93750.0,93750.0,95750.0,96825.0,102595.83333333333,97733.33333333333,100744
2015-12-08,93750.0,94250.0,91750.0,91750.0,94850.0,96475.0,102483.33333333333,97633.33333333333,98988
2015-12-09,91500.0,93000.0,90500.0,92000.0,93850.0,96237.5,102387.5,97510.41666666667,97372
2015-12-10,91000.0,92750.0,91000.0,92000.0,92850.0,95987.5,102308.33333333333,97387.5,127934
2015-12-11,92000.0,93250.0,89500.0,90000.0,91900.0,95662.5,102208.33333333333,97258.33333333333,184428
2015-12-14,88250.0,95750.0,88000.0,95750.0,92300.0,95775.0,102133.33333333333,97170.83333333333,256458
2015-12-15,95000.0,95500.0,93250.0,93500.0,92650.0,95875.0,102058.33333333333,97085.41666666667,121264
2015-12-16,95000.0,96500.0,93500.0,94500.0,93150.0,95687.5,102000.0,97000.0,134884
2015-12-17,96000.0,96500.0,94000.0,95250.0,93800.0,95600.0,101983.33333333333,96966.66666666667,75994
2015-12-18,93750.0,95000.0,93750.0,93750.0,94550.0,95400.0,101883.33333333333,96906.25,106092
2015-12-21,93750.0,96750.0,93500.0,96250.0,94650.0,95175.0,101808.33333333333,96879.16666666667,104376
2015-12-22,96250.0,97250.0,95750.0,97250.0,95400.0,95000.0,101725.0,96904.16666666667,88410
2015-12-23,97250.0,97500.0,96250.0,97500.0,96000.0,94912.5,101520.83333333333,96950.0,75094
2015-12-24,97750.0,99000.0,97250.0,98000.0,96550.0,94912.5,101287.5,97006.25,94416
2015-12-28,98000.0,98500.0,96250.0,96250.0,97050.0,94900.0,101037.5,97039.58333333333,64434
2015-12-29,95000.0,97500.0,95000.0,96750.0,97150.0,94962.5,100795.83333333333,97056.25,76808
2015-12-30,96750.0,98000.0,95250.0,96500.0,97000.0,94975.0,100575.0,97075.0,82694
2016-01-04,95500.0,96250.0,94250.0,94250.0,96350.0,94837.5,100370.83333333333,97075.0,89654
2016-01-05,95000.0,95500.0,94000.0,94750.0,95700.0,94725.0,100166.66666666667,97056.25,98098
2016-01-06,95000.0,95000.0,92000.0,93000.0,95050.0,94637.5,99862.5,97033.33333333333,165188
2016-01-07,92250.0,93000.0,91250.0,91250.0,93950.0,94512.5,99558.33333333333,96991.66666666667,84104
2016-01-08,91000.0,93000.0,89750.0,91250.0,92900.0,94487.5,99187.5,96960.41666666667,128258
2016-01-11,90000.0,98000.0,90000.0,97250.0,93500.0,94750.0,98870.83333333333,97041.66666666667,268370
2016-01-12,98000.0,98000.0,95250.0,96000.0,93750.0,94950.0,98554.16666666667,97114.58333333333,95252
2016-01-13,96750.0,99250.0,96750.0,98000.0,94750.0,95350.0,98354.16666666667,97168.75,146850
2016-01-14,96000.0,98000.0,95750.0,97000.0,95900.0,95412.5,98137.5,97239.58333333333,101568
2016-01-15,98750.0,99750.0,96250.0,97500.0,97150.0,95612.5,97900.0,97272.91666666667,129528
2016-01-18,96250.0,97500.0,95750.0,96750.0,97050.0,95725.0,97650.0,97297.91666666667,67908
2016-01-19,97750.0,97750.0,95000.0,96500.0,97150.0,95787.5,97395.83333333333,97293.75,65134
2016-01-20,96500.0,97000.0,92000.0,92500.0,96050.0,95725.0,97041.66666666667,97272.91666666667,117634
2016-01-21,93000.0,94500.0,91500.0,92250.0,95100.0,95525.0,96620.83333333333,97272.91666666667,94900
2016-01-22,94750.0,102500.0,93500.0,98500.0,95300.0,95587.5,96316.66666666667,97304.16666666667,300784
2016-01-25,100000.0,101250.0,98000.0,101000.0,96150.0,95762.5,96308.33333333333,97333.33333333333,178542
2016-01-26,100000.0,102250.0,97500.0,101500.0,97150.0,95937.5,96325.0,97377.08333333333,164332
2016-01-27,102250.0,106250.0,101750.0,105750.0,99800.0,96412.5,96450.0,97458.33333333333,342278
2016-01-28,105500.0,106250.0,101000.0,104750.0,102300.0,96812.5,96591.66666666667,97539.58333333333,232808
2016-01-29,103750.0,104500.0,100250.0,102000.0,103000.0,97087.5,96633.33333333333,97631.25,244156
2016-02-01,101000.0,103500.0,99500.0,102000.0,103200.0,97475.0,96679.16666666667,97741.66666666667,177252
2016-02-02,100500.0,103000.0,100250.0,101250.0,103150.0,97800.0,96666.66666666667,97850.0,128140
2016-02-03,101250.0,101500.0,98750.0,99250.0,101850.0,98112.5,96612.5,97950.0,112402
2016-02-04,100500.0,103250.0,100250.0,102500.0,101400.0,98675.0,96670.83333333333,98043.75,150362
2016-02-05,103500.0,106250.0,100500.0,101250.0,101250.0,99175.0,96712.5,98145.83333333333,197392
2016-02-11,98750.0,99750.0,97250.0,98000.0,100450.0,99212.5,96733.33333333333,98220.83333333333,157968
2016-02-12,96500.0,102750.0,96500.0,97750.0,99750.0,99300.0,96745.83333333333,98310.41666666667,279758
2016-02-15,98750.0,100250.0,98000.0,98750.0,99650.0,99337.5,96783.33333333333,98383.33333333333,123018
2016-02-16,99500.0,100250.0,98000.0,98500.0,98850.0,99412.5,96866.66666666667,98456.25,133760
2016-02-17,98500.0,102750.0,98500.0,101750.0,98950.0,99625.0,97037.5,98566.66666666667,174432
2016-02-18,102750.0,103500.0,100500.0,101750.0,99700.0,99875.0,97095.83333333333,98685.41666666667,140646
2016-02-19,101250.0,104250.0,101250.0,103750.0,100900.0,100237.5,97208.33333333333,98870.83333333333,137350
2016-02-22,103250.0,104000.0,100250.0,101000.0,101350.0,100662.5,97262.5,99020.83333333333,127950
2016-02-23,101500.0,101750.0,98750.0,101250.0,101900.0,101112.5,97270.83333333333,99162.5,151108
2016-02-24,101250.0,101250.0,98500.0,98750.0,101300.0,101125.0,97237.5,99287.5,165416
2016-02-25,99000.0,99750.0,96500.0,97000.0,100350.0,100925.0,97200.0,99391.66666666667,219664
2016-02-26,98250.0,99750.0,97250.0,97250.0,99050.0,100712.5,97187.5,99485.41666666667,153272
2016-02-29,97750.0,98750.0,95750.0,96250.0,98100.0,100237.5,97183.33333333333,99593.75,178690
2016-03-02,97500.0,98500.0,96000.0,96250.0,97100.0,99812.5,97195.83333333333,99685.41666666667,176484
2016-03-03,96750.0,97250.0,95750.0,96500.0,96650.0,99537.5,97200.0,99775.0,135332
2016-03-04,96000.0,96750.0,95750.0,96000.0,96450.0,99237.5,97183.33333333333,99877.08333333333,126624
2016-03-07,96000.0,97250.0,95500.0,95750.0,96150.0,98962.5,97162.5,99933.33333333333,170390
2016-03-08,95750.0,96750.0,94250.0,96250.0,96150.0,98812.5,97187.5,99922.91666666667,152776
2016-03-09,95750.0,96500.0,95000.0,95750.0,96050.0,98475.0,97220.83333333333,99908.33333333333,108962
2016-03-10,95500.0,96000.0,94250.0,95250.0,95800.0,98175.0,97279.16666666667,99881.25,261116
2016-03-11,95250.0,95250.0,93250.0,93750.0,95350.0,97962.5,97308.33333333333,99847.91666666667,239052
2016-03-14,94000.0,94500.0,92250.0,93000.0,94800.0,97725.0,97325.0,99816.66666666667,205668
2016-03-15,93500.0,95000.0,93000.0,94500.0,94450.0,97512.5,97400.0,99804.16666666667,155098
2016-03-16,93750.0,95250.0,92750.0,93500.0,94000.0,97262.5,97362.5,99747.91666666667,132446
2016-03-17,93500.0,94500.0,93000.0,93500.0,93650.0,96850.0,97362.5,99710.41666666667,175464
2016-03-18,93250.0,93500.0,92750.0,92750.0,93450.0,96400.0,97333.33333333333,99666.66666666667,185798
2016-03-21,93250.0,93500.0,91500.0,92500.0,93350.0,95837.5,97287.5,99635.41666666667,236980
2016-03-22,93000.0,98250.0,92750.0,97750.0,94000.0,95675.0,97354.16666666667,99618.75,503158
2016-03-23,98000.0,98250.0,95750.0,96500.0,94600.0,95437.5,97358.33333333333,99583.33333333333,157594
2016-03-24,96250.0,97500.0,95500.0,96500.0,95200.0,95325.0,97345.83333333333,99535.41666666667,131158
2016-03-25,97000.0,99000.0,95500.0,96000.0,95850.0,95275.0,97320.83333333333,99420.83333333333,142372
2016-03-28,96000.0,96500.0,95000.0,95500.0,96450.0,95187.5,97279.16666666667,99283.33333333333,124304
2016-03-29,95750.0,98000.0,95500.0,96500.0,96200.0,95200.0,97283.33333333333,99160.41666666667,200172
2016-03-30,97000.0,97500.0,95500.0,97500.0,96400.0,95262.5,97295.83333333333,99045.83333333333,180354
2016-03-31,97500.0,97750.0,94000.0,94250.0,95950.0,95150.0,97258.33333333333,98916.66666666667,210374
2016-04-01,93500.0,94750.0,92000.0,93000.0,95350.0,95000.0,97237.5,98804.16666666667,256466
2016-04-04,92500.0,94750.0,91750.0,91750.0,94600.0,94800.0,97187.5,98677.08333333333,233532
2016-04-05,92500.0,93000.0,90500.0,91250.0,93550.0,94550.0,97158.33333333333,98510.41666666667,215246
2016-04-06,91250.0,92500.0,91250.0,92500.0,92550.0,94387.5,97179.16666666667,98368.75,191076
2016-04-07,92000.0,92750.0,91500.0,92500.0,92200.0,94250.0,97200.0,98193.75,164394
2016-04-08,91500.0,93500.0,91500.0,93500.0,92300.0,94237.5,97137.5,98004.16666666667,127498
2016-04-11,92750.0,94750.0,92750.0,94750.0,92900.0,94325.0,97116.66666666667,97835.41666666667,113426
2016-04-12,95000.0,96250.0,93500.0,95000.0,93650.0,94350.0,97066.66666666667,97710.41666666667,174094
2016-04-14,95750.0,96000.0,93250.0,95500.0,94250.0,94450.0,97041.66666666667,97589.58333333333,227350
2016-04-15,94750.0,95000.0,92000.0,92500.0,94250.0,94400.0,96958.33333333333,97429.16666666667,298002
2016-04-18,92000.0,94000.0,92000.0,93750.0,94300.0,94450.0,96908.33333333333,97279.16666666667,126718
2016-04-19,93250.0,94750.0,93000.0,94000.0,94150.0,94525.0,96866.66666666667,97131.25,152658
2016-04-20,94000.0,94750.0,92500.0,93750.0,93900.0,94325.0,96887.5,96964.58333333333,188136
2016-04-21,93250.0,95000.0,93000.0,95000.0,93800.0,94250.0,96933.33333333333,96777.08333333333,175556
2016-04-22,94250.0,95250.0,94250.0,95000.0,94300.0,94175.0,96875.0,96595.83333333333,104730
2016-04-25,94000.0,95000.0,93250.0,93750.0,94300.0,94062.5,96754.16666666667,96531.25,112316
2016-04-26,93250.0,95000.0,93250.0,94750.0,94450.0,94025.0,96641.66666666667,96483.33333333333,120562
2016-04-27,93500.0,98000.0,93250.0,96000.0,94900.0,94000.0,96479.16666666667,96464.58333333333,342106
2016-04-28,96000.0,97000.0,94250.0,95000.0,94900.0,93875.0,96316.66666666667,96454.16666666667,266442
2016-04-29,94750.0,95250.0,94250.0,95000.0,94900.0,93912.5,96200.0,96416.66666666667,118440
2016-05-02,95250.0,95750.0,93750.0,95250.0,95200.0,94025.0,96087.5,96383.33333333333,97258
2016-05-03,95750.0,95750.0,93500.0,93750.0,95000.0,94125.0,95962.5,96314.58333333333,139096
2016-05-04,93000.0,94250.0,92500.0,93750.0,94550.0,94250.0,95870.83333333333,96241.66666666667,137268
2016-05-09,93750.0,94250.0,91250.0,92250.0,94000.0,94237.5,95700.0,96185.41666666667,144500
2016-05-10,92500.0,94750.0,92250.0,94750.0,93950.0,94350.0,95591.66666666667,96152.08333333333,136230
2016-05-11,94500.0,94500.0,92500.0,93000.0,93500.0,94325.0,95508.33333333333,96120.83333333333,156402
2016-05-12,92500.0,94000.0,92250.0,93000.0,93350.0,94237.5,95429.16666666667,96087.5,70260
2016-05-13,93000.0,94250.0,93000.0,93250.0,93250.0,94150.0,95337.5,96060.41666666667,80246
2016-05-16,92750.0,94000.0,92750.0,93000.0,93400.0,94025.0,95245.83333333333,96056.25,74052
2016-05-17,93000.0,93500.0,91500.0,91750.0,92800.0,93987.5,95079.16666666667,96058.33333333333,108634
2016-05-18,91750.0,92250.0,90500.0,92250.0,92650.0,93912.5,94920.83333333333,96008.33333333333,121094
2016-05-19,91500.0,92750.0,91250.0,92000.0,92450.0,93812.5,94725.0,95966.66666666667,88610
2016-05-20,91500.0,92500.0,91500.0,92000.0,92200.0,93725.0,94575.0,95918.75,65470
2016-05-23,92000.0,92500.0,90500.0,90750.0,91750.0,93512.5,94400.0,95835.41666666667,166024
2016-05-24,90750.0,90750.0,88500.0,88500.0,91100.0,93187.5,94229.16666666667,95733.33333333333,156572
2016-05-25,89000.0,90250.0,88500.0,89000.0,90450.0,92950.0,94095.83333333333,95647.91666666667,186938
2016-05-26,89000.0,91500.0,89000.0,90750.0,90200.0,92750.0,93987.5,95587.5,156134
2016-05-27,90750.0,91250.0,89500.0,90250.0,89850.0,92462.5,93887.5,95535.41666666667,130962
2016-05-30,90750.0,90750.0,89250.0,90250.0,89750.0,92225.0,93787.5,95491.66666666667,110142
2016-05-31,90000.0,92500.0,90000.0,91000.0,90250.0,92025.0,93695.83333333333,95447.91666666667,251392
2016-06-01,90750.0,91000.0,89000.0,89000.0,90250.0,91712.5,93579.16666666667,95381.25,185570
2016-06-02,89500.0,91500.0,88750.0,90750.0,90250.0,91562.5,93495.83333333333,95329.16666666667,180510
2016-06-03,90500.0,91750.0,89750.0,91250.0,90450.0,91437.5,93412.5,95300.0,96438
2016-06-07,91250.0,92750.0,90750.0,92250.0,90850.0,91437.5,93354.16666666667,95287.5,132694
2016-06-08,92500.0,92750.0,90000.0,91000.0,90850.0,91250.0,93283.33333333333,95281.25,166942
2016-06-09,91750.0,91750.0,89250.0,90500.0,91150.0,91125.0,93229.16666666667,95268.75,266478
2016-06-10,90250.0,90500.0,89750.0,89750.0,90950.0,90962.5,93175.0,95250.0,182190
2016-06-13,89500.0,90250.0,89000.0,89500.0,90600.0,90775.0,93091.66666666667,95245.83333333333,132836
2016-06-14,89000.0,90500.0,88250.0,90500.0,90250.0,90650.0,93041.66666666667,95202.08333333333,308264
2016-06-15,90000.0,90750.0,89000.0,90500.0,90150.0,90587.5,92991.66666666667,95177.08333333333,210342
2016-06-16,90250.0,90500.0,85750.0,86250.0,89300.0,90287.5,92883.33333333333,95108.33333333333,493660
2016-06-17,87500.0,89000.0,87250.0,88250.0,89000.0,90100.0,92812.5,95050.0,165318
2016-06-20,89000.0,89250.0,87250.0,87750.0,88650.0,89887.5,92645.83333333333,95000.0,363534
2016-06-21,88000.0,88250.0,86750.0,88000.0,88150.0,89750.0,92504.16666666667,94931.25,153372
2016-06-22,88250.0,88500.0,86500.0,87000.0,87450.0,89675.0,92345.83333333333,94845.83333333333,168712
2016-06-23,87000.0,87750.0,86500.0,87000.0,87600.0,89575.0,92195.83333333333,94758.33333333333,136342
2016-06-24,87500.0,87500.0,83000.0,85000.0,86950.0,89287.5,92020.83333333333,94650.0,311852
2016-06-27,84750.0,87250.0,84500.0,87000.0,86800.0,89125.0,91862.5,94572.91666666667,202694
2016-06-28,87000.0,88000.0,86000.0,87250.0,86650.0,88975.0,91691.66666666667,94493.75,153870
2016-06-29,87250.0,88500.0,86750.0,87250.0,86700.0,88787.5,91575.0,94416.66666666667,129606
2016-06-30,88000.0,88000.0,85500.0,85750.0,86450.0,88625.0,91454.16666666667,94345.83333333333,225752
2016-07-01,86000.0,87500.0,86000.0,86250.0,86700.0,88400.0,91362.5,94275.0,226146
2016-07-04,86750.0,88250.0,86750.0,87250.0,86750.0,88200.0,91295.83333333333,94227.08333333333,153298
2016-07-05,87000.0,87500.0,85250.0,85750.0,86450.0,87875.0,91183.33333333333,94181.25,138042
2016-07-06,86000.0,86250.0,83000.0,83250.0,85650.0,87487.5,91029.16666666667,94114.58333333333,267234
2016-07-07,84250.0,85750.0,84000.0,85500.0,85600.0,87237.5,90895.83333333333,94016.66666666667,156788
2016-07-08,85500.0,85500.0,82750.0,83500.0,85050.0,86925.0,90708.33333333333,93912.5,229598
2016-07-11,84250.0,85000.0,83500.0,84500.0,84500.0,86675.0,90533.33333333333,93800.0,252088
2016-07-12,85000.0,88000.0,84250.0,87750.0,84900.0,86537.5,90404.16666666667,93722.91666666667,269440
2016-07-13,87500.0,88500.0,87000.0,87750.0,85800.0,86400.0,90325.0,93641.66666666667,220916
2016-07-14,88000.0,88000.0,86250.0,87250.0,86150.0,86450.0,90216.66666666667,93562.5,141154
2016-07-15,87500.0,88250.0,87000.0,88250.0,87100.0,86450.0,90120.83333333333,93493.75,204664
2016-07-18,88750.0,88750.0,84750.0,85250.0,87250.0,86325.0,89979.16666666667,93433.33333333333,244040
2016-07-19,85000.0,85500.0,84000.0,84500.0,86600.0,86150.0,89804.16666666667,93368.75,179248
2016-07-20,84750.0,86000.0,83500.0,84750.0,86000.0,86037.5,89633.33333333333,93254.16666666667,129956
2016-07-21,84500.0,85000.0,83500.0,85000.0,85550.0,85937.5,89487.5,93120.83333333333,185030
2016-07-22,85000.0,86000.0,84500.0,85250.0,84950.0,85950.0,89329.16666666667,92985.41666666667,102880
2016-07-25,85500.0,86750.0,85250.0,86250.0,85150.0,85912.5,89166.66666666667,92822.91666666667,160710
2016-07-26,86000.0,87000.0,85750.0,86250.0,85500.0,85862.5,89020.83333333333,92668.75,276256
2016-07-27,86250.0,88750.0,85750.0,87500.0,86050.0,85875.0,88895.83333333333,92547.91666666667,305642
2016-07-28,87250.0,87750.0,84750.0,85250.0,86100.0,85850.0,88729.16666666667,92408.33333333333,225004
2016-07-29,85000.0,85500.0,83000.0,84000.0,85850.0,85737.5,88566.66666666667,92264.58333333333,356096
2016-08-01,84000.0,85750.0,83750.0,85500.0,85700.0,85650.0,88429.16666666667,92150.0,158694
2016-08-02,85000.0,85250.0,82750.0,83250.0,85100.0,85525.0,88279.16666666667,91989.58333333333,236030
2016-08-03,83000.0,83000.0,81500.0,81500.0,83900.0,85437.5,88058.33333333333,91825.0,238978
2016-08-04,82000.0,82750.0,81500.0,81750.0,83200.0,85250.0,87870.83333333333,91689.58333333333,136302
2016-08-05,82000.0,82750.0,81750.0,82000.0,82800.0,85175.0,87687.5,91558.33333333333,120354
2016-08-08,82500.0,83750.0,82250.0,83750.0,82450.0,85137.5,87529.16666666667,91433.33333333333,128532
2016-08-09,83250.0,85250.0,83250.0,85250.0,82850.0,85012.5,87400.0,91322.91666666667,155082
2016-08-10,85000.0,85000.0,83500.0,83750.0,83300.0,84812.5,87266.66666666667,91172.91666666667,158638
2016-08-11,84000.0,85000.0,83000.0,84250.0,83800.0,84662.5,87133.33333333333,91027.08333333333,93604
2016-08-12,84500.0,85000.0,83750.0,84250.0,84250.0,84462.5,87004.16666666667,90864.58333333333,79084
2016-08-16,84250.0,85000.0,83750.0,84250.0,84350.0,84412.5,86875.0,90725.0,69872
2016-08-17,83750.0,84000.0,82750.0,83500.0,84000.0,84362.5,86754.16666666667,90577.08333333333,79628
2016-08-18,83000.0,84750.0,82750.0,83500.0,83950.0,84300.0,86670.83333333333,90450.0,136302
2016-08-19,83500.0,85750.0,83000.0,84250.0,83950.0,84262.5,86591.66666666667,90343.75,177528
2016-08-22,84000.0,86250.0,83500.0,85500.0,84200.0,84275.0,86504.16666666667,90245.83333333333,167956
2016-08-23,85750.0,86500.0,83500.0,83750.0,84100.0,84150.0,86395.83333333333,90141.66666666667,162784
2016-08-24,83750.0,90250.0,83750.0,90000.0,85400.0,84337.5,86391.66666666667,90089.58333333333,707062
2016-08-25,90500.0,93000.0,87500.0,92000.0,87100.0,84562.5,86408.33333333333,90052.08333333333,709104
2016-08-26,92500.0,93250.0,89000.0,90000.0,88250.0,84800.0,86425.0,90002.08333333333,406586
2016-08-29,90000.0,90750.0,89000.0,89000.0,88950.0,85050.0,86395.83333333333,89945.83333333333,121154
2016-08-30,88500.0,90250.0,87750.0,88250.0,89850.0,85187.5,86345.83333333333,89879.16666666667,167890
2016-08-31,89000.0,92500.0,89000.0,91750.0,90200.0,85612.5,86337.5,89845.83333333333,389604
2016-09-01,91500.0,93000.0,88750.0,92750.0,90350.0,86175.0,86366.66666666667,89825.0,238918
2016-09-02,93000.0,93500.0,92000.0,93250.0,91000.0,86750.0,86412.5,89820.83333333333,162268
2016-09-05,92750.0,93750.0,92250.0,92500.0,91700.0,87275.0,86458.33333333333,89816.66666666667,125096
2016-09-06,93500.0,94500.0,92750.0,93750.0,92800.0,87775.0,86529.16666666667,89810.41666666667,249690
2016-09-07,93750.0,97250.0,93250.0,95750.0,93600.0,88300.0,86616.66666666667,89829.16666666667,378156
2016-09-08,96750.0,97000.0,93750.0,96000.0,94250.0,88912.5,86708.33333333333,89850.0,192096
2016-09-09,95000.0,96750.0,94000.0,95500.0,94700.0,89475.0,86862.5,89872.91666666667,189614
2016-09-12,95000.0,96000.0,94000.0,94500.0,95100.0,89987.5,86966.66666666667,89889.58333333333,126586
2016-09-13,95250.0,98500.0,95000.0,96250.0,95600.0,90587.5,87108.33333333333,89877.08333333333,288604
2016-09-19,95250.0,97000.0,94000.0,94250.0,95300.0,91125.0,87212.5,89858.33333333333,242142
2016-09-20,93250.0,94500.0,92500.0,94000.0,94900.0,91650.0,87329.16666666667,89837.5,265340
2016-09-21,93000.0,93750.0,92000.0,93250.0,94450.0,92100.0,87433.33333333333,89814.58333333333,214212
2016-09-22,94000.0,96000.0,93000.0,93750.0,94300.0,92512.5,87579.16666666667,89800.0,181472
2016-09-23,93250.0,94750.0,93250.0,94250.0,93900.0,93037.5,87700.0,89781.25,152978
2016-09-26,94500.0,94500.0,92250.0,93250.0,93700.0,93200.0,87800.0,89745.83333333333,94016
2016-09-27,92250.0,95000.0,91250.0,93500.0,93600.0,93275.0,87904.16666666667,89739.58333333333,139510
2016-09-28,94500.0,95000.0,93000.0,93000.0,93550.0,93425.0,88025.0,89739.58333333333,136518
2016-09-29,93250.0,94250.0,92000.0,93000.0,93400.0,93625.0,88137.5,89750.0,113316
2016-09-30,92750.0,93000.0,89500.0,90500.0,92650.0,93737.5,88191.66666666667,89743.75,216660
2016-10-04,90250.0,91750.0,89500.0,90500.0,92100.0,93675.0,88270.83333333333,89727.08333333333,146490
2016-10-05,89500.0,90750.0,89500.0,90250.0,91450.0,93550.0,88387.5,89708.33333333333,83016
2016-10-06,90250.0,92250.0,89750.0,91500.0,91150.0,93462.5,88487.5,89691.66666666667,224730
2016-10-07,91250.0,91750.0,88750.0,89250.0,90400.0,93300.0,88583.33333333333,89645.83333333333,190722
2016-10-10,90000.0,90750.0,88500.0,89250.0,90150.0,93075.0,88662.5,89597.91666666667,85352
2016-10-11,89250.0,90250.0,88500.0,89500.0,89950.0,92762.5,88691.66666666667,89547.91666666667,112704
2016-10-12,90000.0,90000.0,88250.0,89000.0,89700.0,92412.5,88712.5,89518.75,134016
2016-10-13,88500.0,89000.0,87000.0,87000.0,88800.0,91987.5,88708.33333333333,89462.5,103980
2016-10-14,87000.0,87750.0,86500.0,86500.0,88250.0,91587.5,88679.16666666667,89400.0,113238
2016-10-17,87250.0,89500.0,86500.0,88250.0,88050.0,91187.5,88729.16666666667,89354.16666666667,170292
2016-10-18,88750.0,89500.0,87500.0,89500.0,88050.0,90950.0,88812.5,89308.33333333333,115962
2016-10-19,89750.0,89750.0,87000.0,87250.0,87700.0,90612.5,88854.16666666667,89243.75,109304
2016-10-20,87250.0,88000.0,86000.0,87000.0,87700.0,90300.0,88887.5,89187.5,85234
2016-10-21,87000.0,88500.0,87000.0,88500.0,88100.0,90037.5,88941.66666666667,89135.41666666667,193466
2016-10-24,87500.0,88500.0,86750.0,87750.0,88000.0,89712.5,88966.66666666667,89066.66666666667,108792
2016-10-25,88000.0,90750.0,88000.0,90500.0,88200.0,89575.0,89037.5,89029.16666666667,250136
2016-10-26,89750.0,90000.0,87750.0,89250.0,88600.0,89362.5,89066.66666666667,88981.25,144146
2016-10-27,89250.0,92000.0,88000.0,91250.0,89450.0,89275.0,89166.66666666667,88947.91666666667,224304
2016-10-28,90500.0,91750.0,89250.0,89500.0,89650.0,89100.0,89258.33333333333,88912.5,157068
2016-10-31,88750.0,89500.0,86500.0,86750.0,89450.0,88912.5,89279.16666666667,88854.16666666667,194794
2016-11-01,86750.0,87750.0,85750.0,87500.0,88850.0,88762.5,89350.0,88814.58333333333,153402
2016-11-02,87000.0,87500.0,85250.0,86000.0,88200.0,88550.0,89425.0,88741.66666666667,111260
2016-11-03,85500.0,86500.0,85250.0,86250.0,87200.0,88287.5,89500.0,88685.41666666667,110934
2016-11-04,86500.0,86750.0,85500.0,86750.0,86650.0,88162.5,89579.16666666667,88633.33333333333,56358
2016-11-07,87500.0,87750.0,86250.0,86750.0,86650.0,88037.5,89629.16666666667,88579.16666666667,66670
2016-11-08,87750.0,88500.0,87000.0,88250.0,86800.0,87975.0,89679.16666666667,88539.58333333333,163950
2016-11-09,88500.0,88500.0,83250.0,84250.0,86450.0,87737.5,89687.5,88477.08333333333,309078
2016-11-10,84750.0,85000.0,78000.0,79750.0,85150.0,87375.0,89612.5,88372.91666666667,864912
2016-11-11,80000.0,80750.0,78500.0,78750.0,83550.0,86987.5,89520.83333333333,88262.5,315780
2016-11-14,79000.0,80000.0,78500.0,78500.0,81900.0,86500.0,89425.0,88150.0,238450
2016-11-15,79000.0,79250.0,77250.0,78000.0,79850.0,85925.0,89333.33333333333,88043.75,225356
2016-11-16,78500.0,79500.0,78000.0,79500.0,78900.0,85537.5,89266.66666666667,87968.75,179802
2016-11-17,79500.0,80750.0,78500.0,80750.0,79100.0,85225.0,89208.33333333333,87900.0,143766
2016-11-18,80250.0,80500.0,78750.0,79750.0,79300.0,84787.5,89112.5,87808.33333333333,128366
2016-11-21,79750.0,80500.0,78750.0,80000.0,79600.0,84400.0,89050.0,87722.91666666667,114242
2016-11-22,80500.0,80750.0,79500.0,80750.0,80150.0,83912.5,88895.83333333333,87643.75,116224
2016-11-23,80250.0,81250.0,80000.0,80750.0,80400.0,83487.5,88708.33333333333,87558.33333333333,124794
2016-11-24,81250.0,81500.0,80250.0,81250.0,80500.0,82987.5,88562.5,87493.75,128468
2016-11-25,81250.0,81500.0,80500.0,80750.0,80700.0,82550.0,88425.0,87410.41666666667,71468
2016-11-28,81000.0,82250.0,80500.0,81250.0,80950.0,82275.0,88308.33333333333,87327.08333333333,113480
2016-11-29,81000.0,81750.0,79750.0,79750.0,80750.0,81887.5,88108.33333333333,87222.91666666667,148726
2016-11-30,80250.0,80500.0,78000.0,79500.0,80500.0,81562.5,87887.5,87127.08333333333,215490
2016-12-01,78750.0,79250.0,74500.0,75000.0,79250.0,81000.0,87583.33333333333,86997.91666666667,485238
2016-12-02,75000.0,76000.0,74500.0,75250.0,78150.0,80425.0,87295.83333333333,86877.08333333333,222272
2016-12-05,75250.0,75250.0,73500.0,74500.0,76800.0,79812.5,86975.0,86752.08333333333,185678
2016-12-06,74500.0,77000.0,74000.0,77000.0,76250.0,79250.0,86662.5,86639.58333333333,237362
2016-12-07,76750.0,77250.0,75000.0,75500.0,75450.0,78812.5,86320.83333333333,86514.58333333333,149956
2016-12-08,75750.0,77250.0,75500.0,77250.0,75900.0,78687.5,86016.66666666667,86439.58333333333,239402
2016-12-09,76250.0,78250.0,76000.0,77750.0,76400.0,78637.5,85737.5,86352.08333333333,167428
2016-12-12,78000.0,78250.0,76250.0,76750.0,76850.0,78550.0,85412.5,86260.41666666667,165262
2016-12-13,77000.0,77000.0,75750.0,77000.0,76850.0,78500.0,85125.0,86168.75,147344
2016-12-14,77250.0,77500.0,76250.0,76750.0,77100.0,78362.5,84837.5,86083.33333333333,157376
2016-12-15,76500.0,76500.0,75500.0,75750.0,76800.0,78112.5,84545.83333333333,85989.58333333333,166910
2016-12-16,75750.0,76250.0,74750.0,76000.0,76450.0,77925.0,84250.0,85914.58333333333,229868
2016-12-19,75750.0,75750.0,74500.0,75000.0,76100.0,77675.0,83929.16666666667,85814.58333333333,229362
2016-12-20,75000.0,76500.0,74750.0,76250.0,75950.0,77450.0,83645.83333333333,85722.91666666667,192974
2016-12-21,76500.0,77750.0,76000.0,77500.0,76100.0,77287.5,83379.16666666667,85641.66666666667,227004
2016-12-22,77250.0,78750.0,76750.0,77750.0,76500.0,77112.5,83125.0,85575.0,236516
2016-12-23,78250.0,78250.0,76750.0,77500.0,76800.0,76950.0,82866.66666666667,85502.08333333333,129194
2016-12-26,77250.0,77500.0,76250.0,77250.0,77250.0,76750.0,82645.83333333333,85418.75,143142
2016-12-27,77500.0,77500.0,76500.0,77000.0,77400.0,76612.5,82420.83333333333,85345.83333333333,123342
2016-12-28,76250.0,77000.0,75750.0,76250.0,77150.0,76450.0,82187.5,85287.5,161102
2016-12-29,76000.0,77500.0,75750.0,77250.0,77050.0,76562.5,81950.0,85218.75,162664
2017-01-02,77250.0,80750.0,76500.0,80750.0,77700.0,76837.5,81808.33333333333,85195.83333333333,354354
2017-01-03,80750.0,81750.0,79500.0,81250.0,78500.0,77175.0,81675.0,85168.75,331186
2017-01-04,81000.0,81500.0,80000.0,80500.0,79200.0,77350.0,81525.0,85108.33333333333,216766
2017-01-05,80500.0,81000.0,79000.0,81000.0,80150.0,77625.0,81391.66666666667,85052.08333333333,192364
2017-01-06,81000.0,81000.0,78500.0,79000.0,80500.0,77712.5,81258.33333333333,84983.33333333333,201012
2017-01-09,78750.0,79750.0,78000.0,79000.0,80150.0,77775.0,81133.33333333333,84906.25,134946
2017-01-10,79000.0,79750.0,77750.0,78500.0,79600.0,77862.5,80970.83333333333,84850.0,177186
2017-01-11,77750.0,78500.0,77750.0,78250.0,79150.0,77925.0,80783.33333333333,84797.91666666667,165462
2017-01-12,78250.0,82500.0,78250.0,82500.0,79450.0,78212.5,80704.16666666667,84779.16666666667,449210
2017-01-13,82500.0,83250.0,81000.0,82500.0,80150.0,78550.0,80629.16666666667,84758.33333333333,239920
2017-01-16,81750.0,83250.0,81500.0,83000.0,80950.0,78900.0,80537.5,84739.58333333333,193962
2017-01-17,82500.0,83750.0,81500.0,83500.0,81950.0,79325.0,80466.66666666667,84716.66666666667,178546
2017-01-18,83250.0,84250.0,82250.0,83250.0,82950.0,79675.0,80345.83333333333,84691.66666666667,141352
2017-01-19,83000.0,83750.0,82000.0,82500.0,82950.0,79925.0,80233.33333333333,84650.0,127988
2017-01-20,82500.0,86000.0,82000.0,85500.0,83550.0,80312.5,80137.5,84652.08333333333,306898
2017-01-23,84750.0,86000.0,84250.0,84750.0,83900.0,80675.0,80058.33333333333,84658.33333333333,206888
2017-01-24,84250.0,84750.0,82000.0,83000.0,83800.0,80962.5,79995.83333333333,84637.5,184382
2017-01-25,83250.0,83500.0,81000.0,81250.0,83400.0,81175.0,79891.66666666667,84620.83333333333,135682
2017-01-26,81500.0,82000.0,80500.0,81750.0,83250.0,81450.0,79820.83333333333,84622.91666666667,161450
2017-01-31,80250.0,80500.0,77500.0,77750.0,81700.0,81475.0,79679.16666666667,84589.58333333333,328582
2017-02-01,78500.0,78750.0,76250.0,77500.0,80250.0,81312.5,79525.0,84552.08333333333,309180
2017-02-02,77500.0,78250.0,75500.0,75750.0,78800.0,81037.5,79341.66666666667,84485.41666666667,383358
2017-02-03,75750.0,76750.0,75000.0,75250.0,77600.0,80775.0,79125.0,84402.08333333333,231122
2017-02-06,75750.0,76000.0,74750.0,75000.0,76250.0,80475.0,78970.83333333333,84329.16666666667,182892
2017-02-07,75500.0,76500.0,74750.0,75000.0,75700.0,80275.0,78891.66666666667,84252.08333333333,209624
2017-02-08,75500.0,75750.0,74500.0,75500.0,75300.0,80100.0,78837.5,84179.16666666667,239616
2017-02-09,75250.0,76250.0,74750.0,75500.0,75250.0,79950.0,78787.5,84106.25,179768
2017-02-10,76250.0,76250.0,75250.0,75250.0,75250.0,79800.0,78741.66666666667,84037.5,138290
2017-02-13,75750.0,77000.0,75250.0,77000.0,75650.0,79525.0,78700.0,83983.33333333333,157442
2017-02-14,77250.0,77750.0,76250.0,77250.0,76100.0,79262.5,78641.66666666667,83925.0,167210
2017-02-15,77250.0,78500.0,77250.0,78000.0,76600.0,79012.5,78612.5,83862.5,216148
2017-02-16,78500.0,81250.0,78000.0,81000.0,77700.0,78887.5,78629.16666666667,83839.58333333333,351100
2017-02-17,80500.0,81000.0,79000.0,79500.0,78550.0,78700.0,78608.33333333333,83752.08333333333,166438
2017-02-20,79500.0,80500.0,77500.0,77750.0,78700.0,78462.5,78558.33333333333,83633.33333333333,201624
2017-02-21,78000.0,79000.0,78000.0,78750.0,79000.0,78125.0,78516.66666666667,83539.58333333333,138366
2017-02-22,78750.0,78750.0,77000.0,77250.0,78850.0,77750.0,78458.33333333333,83441.66666666667,202268
2017-02-23,77750.0,78000.0,76750.0,77750.0,78200.0,77487.5,78400.0,83354.16666666667,160164
2017-02-24,78000.0,78250.0,77250.0,78000.0,77900.0,77325.0,78370.83333333333,83239.58333333333,92436
2017-02-27,78000.0,78250.0,76750.0,77000.0,77750.0,77087.5,78329.16666666667,83108.33333333333,122296
2017-02-28,76750.0,77250.0,76250.0,76750.0,77350.0,77037.5,78358.33333333333,82970.83333333333,154032
2017-03-02,77500.0,77500.0,75000.0,75500.0,77000.0,76937.5,78362.5,82829.16666666667,206540
2017-03-03,75000.0,75750.0,74750.0,75500.0,76550.0,76925.0,78379.16666666667,82677.08333333333,175640
2017-03-06,74750.0,76000.0,74750.0,76000.0,76150.0,76962.5,78362.5,82512.5,144996
2017-03-07,76250.0,76500.0,75500.0,76000.0,75950.0,77012.5,78370.83333333333,82345.83333333333,78022
2017-03-08,75500.0,76000.0,74250.0,74750.0,75550.0,77000.0,78329.16666666667,82172.91666666667,239246
2017-03-09,74750.0,75250.0,74500.0,74500.0,75350.0,76950.0,78275.0,82006.25,112150
2017-03-10,74750.0,75000.0,74000.0,74500.0,75150.0,76900.0,78237.5,81825.0,108502
2017-03-13,74500.0,74750.0,74250.0,74750.0,74900.0,76875.0,78200.0,81662.5,70040
2017-03-14,74750.0,75250.0,74000.0,74250.0,74550.0,76737.5,78158.33333333333,81497.91666666667,248636
2017-03-15,74250.0,74500.0,72500.0,72750.0,74150.0,76512.5,78108.33333333333,81327.08333333333,290586
2017-03-16,73250.0,74500.0,72750.0,73000.0,73850.0,76262.5,78058.33333333333,81154.16666666667,270850
2017-03-17,73750.0,74250.0,73250.0,74250.0,73800.0,75925.0,78045.83333333333,80987.5,188340
2017-03-20,74500.0,75000.0,73750.0,74500.0,73750.0,75675.0,78016.66666666667,80831.25,216468
2017-03-21,75000.0,79250.0,74750.0,77750.0,74450.0,75675.0,78020.83333333333,80700.0,763688
2017-03-22,77250.0,77500.0,75750.0,76750.0,75250.0,75575.0,78004.16666666667,80564.58333333333,295366
2017-03-23,77250.0,77750.0,76250.0,76750.0,76000.0,75550.0,77991.66666666667,80429.16666666667,171736
2017-03-24,76750.0,77500.0,76000.0,76750.0,76500.0,75500.0,77983.33333333333,80314.58333333333,108628
2017-03-27,76500.0,77000.0,75000.0,75750.0,76750.0,75387.5,77962.5,80191.66666666667,125696
2017-03-28,75250.0,75250.0,72500.0,73500.0,75900.0,75212.5,77916.66666666667,80052.08333333333,714902
2017-03-29,73500.0,74000.0,72750.0,73250.0,75200.0,75037.5,77850.0,79900.0,339688
2017-03-30,73250.0,74000.0,73000.0,73750.0,74600.0,74950.0,77733.33333333333,79770.83333333333,149792
2017-03-31,73500.0,73750.0,73000.0,73500.0,73950.0,74850.0,77604.16666666667,79639.58333333333,235182
2017-04-03,73500.0,73750.0,72250.0,72500.0,73300.0,74675.0,77470.83333333333,79497.91666666667,328288
2017-04-04,72250.0,72500.0,71000.0,71250.0,72850.0,74437.5,77308.33333333333,79350.0,459860
2017-04-05,71250.0,71250.0,70000.0,70500.0,72300.0,74225.0,77166.66666666667,79212.5,366364
2017-04-06,70500.0,71000.0,70000.0,71000.0,71750.0,74050.0,77033.33333333333,79083.33333333333,278534
2017-04-07,71000.0,72000.0,70750.0,71750.0,71400.0,73912.5,76920.83333333333,78945.83333333333,228904
2017-04-10,71250.0,72000.0,70250.0,70750.0,71050.0,73712.5,76795.83333333333,78789.58333333333,178300
2017-04-11,70750.0,71250.0,70000.0,70500.0,70900.0,73525.0,76595.83333333333,78650.0,160972
2017-04-12,70500.0,71000.0,70250.0,70750.0,70950.0,73425.0,76400.0,78514.58333333333,123016
2017-04-13,71000.0,71250.0,70750.0,71000.0,70950.0,73325.0,76200.0,78368.75,200518
2017-04-14,70750.0,71500.0,70500.0,70500.0,70700.0,73137.5,75983.33333333333,78225.0,118324
2017-04-17,70500.0,71250.0,70250.0,70750.0,70700.0,72950.0,75775.0,78060.41666666667,132888
2017-04-18,71500.0,71500.0,70250.0,70500.0,70700.0,72587.5,75575.0,77904.16666666667,204470
2017-04-19,70250.0,70750.0,69500.0,70000.0,70550.0,72250.0,75316.66666666667,77727.08333333333,200894
2017-04-20,70000.0,71750.0,69750.0,71250.0,70600.0,71975.0,75091.66666666667,77575.0,238782
2017-04-21,71250.0,72750.0,71000.0,72750.0,71050.0,71775.0,74920.83333333333,77458.33333333333,284474
2017-04-24,73000.0,73750.0,71750.0,72250.0,71350.0,71600.0,74770.83333333333,77331.25,249072
2017-04-25,72500.0,73250.0,72250.0,72750.0,71800.0,71562.5,74620.83333333333,77220.83333333333,158680
2017-04-26,73250.0,74250.0,73000.0,74000.0,72600.0,71600.0,74558.33333333333,77118.75,303082
2017-04-27,73750.0,74000.0,72000.0,73000.0,72950.0,71562.5,74483.33333333333,77004.16666666667,309194
2017-04-28,72000.0,72750.0,71750.0,72500.0,72900.0,71512.5,74429.16666666667,76885.41666666667,186570
2017-05-02,72500.0,73500.0,71500.0,72500.0,72950.0,71512.5,74383.33333333333,76754.16666666667,203378
2017-05-04,72500.0,74000.0,72500.0,73750.0,73150.0,71637.5,74362.5,76666.66666666667,218802
2017-05-08,74000.0,75250.0,73500.0,75000.0,73350.0,71862.5,74362.5,76627.08333333333,250270
2017-05-10,75500.0,76500.0,74250.0,75500.0,73850.0,72087.5,74362.5,76600.0,297740
2017-05-11,76000.0,77250.0,75250.0,77250.0,74800.0,72362.5,74391.66666666667,76589.58333333333,329216
2017-05-12,76750.0,77250.0,75750.0,76500.0,75600.0,72650.0,74412.5,76577.08333333333,137178
2017-05-15,77000.0,77000.0,75750.0,76250.0,76100.0,72937.5,74400.0,76550.0,107676
2017-05-16,76750.0,78000.0,76250.0,77250.0,76550.0,73262.5,74400.0,76520.83333333333,213176
2017-05-17,76750.0,77500.0,76000.0,77250.0,76900.0,73575.0,74387.5,76500.0,182024
2017-05-18,75750.0,77750.0,75500.0,76250.0,76700.0,73862.5,74308.33333333333,76468.75,272412
2017-05-19,76250.0,76500.0,73500.0,75750.0,76550.0,74112.5,74245.83333333333,76427.08333333333,526530
2017-05-22,76500.0,78750.0,76250.0,78250.0,76950.0,74500.0,74254.16666666667,76406.25,447772
2017-05-23,78000.0,79250.0,77500.0,78500.0,77200.0,74925.0,74250.0,76383.33333333333,216286
2017-05-24,79000.0,79000.0,77500.0,78000.0,77350.0,75262.5,74262.5,76360.41666666667,234256
2017-05-25,78250.0,79500.0,76750.0,78250.0,77750.0,75537.5,74270.83333333333,76335.41666666667,373686
2017-05-26,78750.0,80500.0,78500.0,78750.0,78350.0,75862.5,74283.33333333333,76327.08333333333,291426
2017-05-29,79500.0,79500.0,77750.0,78000.0,78300.0,76125.0,74300.0,76314.58333333333,296060
2017-05-30,78500.0,80500.0,78250.0,79500.0,78500.0,76400.0,74345.83333333333,76352.08333333333,324684
2017-05-31,79500.0,80250.0,79000.0,79750.0,78850.0,76737.5,74416.66666666667,76389.58333333333,259550
2017-06-01,79750.0,79750.0,78750.0,79250.0,79050.0,77075.0,74479.16666666667,76429.16666666667,165158
2017-06-02,79500.0,79750.0,78250.0,78750.0,79050.0,77387.5,74525.0,76443.75,161440
2017-06-05,78750.0,78750.0,76750.0,77500.0,78950.0,77575.0,74550.0,76460.41666666667,236436
2017-06-07,77000.0,78500.0,77000.0,78250.0,78700.0,77737.5,74608.33333333333,76468.75,171210
2017-06-08,78750.0,78750.0,77000.0,78250.0,78400.0,77875.0,74670.83333333333,76472.91666666667,175208
2017-06-09,77750.0,78250.0,76250.0,76500.0,77850.0,77837.5,74704.16666666667,76470.83333333333,326458
2017-06-12,76500.0,77250.0,75750.0,76750.0,77450.0,77850.0,74737.5,76468.75,141884
2017-06-13,76750.0,78000.0,76500.0,78000.0,77550.0,77937.5,74800.0,76479.16666666667,114920
2017-06-14,77750.0,79250.0,77500.0,79000.0,77700.0,78025.0,74904.16666666667,76506.25,244500
2017-06-15,79500.0,79750.0,77000.0,77500.0,77550.0,78037.5,74979.16666666667,76518.75,179704
2017-06-16,77500.0,78500.0,77250.0,78500.0,77950.0,78150.0,75050.0,76547.91666666667,167594
2017-06-19,78000.0,78000.0,75250.0,75750.0,77750.0,78150.0,75070.83333333333,76543.75,373356
2017-06-20,75500.0,76500.0,75000.0,76000.0,77350.0,78037.5,75041.66666666667,76531.25,220550
2017-06-21,76000.0,77250.0,75750.0,76750.0,76900.0,77950.0,75041.66666666667,76522.91666666667,239960
2017-06-22,76000.0,76500.0,74750.0,75500.0,76500.0,77825.0,75020.83333333333,76506.25,191576
2017-06-23,75500.0,76500.0,74750.0,75500.0,75900.0,77687.5,75000.0,76491.66666666667,152528
2017-06-26,74750.0,75250.0,74000.0,75000.0,75750.0,77500.0,74987.5,76475.0,117920
2017-06-27,75000.0,75500.0,74250.0,74250.0,75400.0,77312.5,75000.0,76458.33333333333,131850
2017-06-28,74500.0,77000.0,74250.0,77000.0,75450.0,77187.5,75062.5,76456.25,282378
2017-06-29,77500.0,78750.0,77000.0,78000.0,75950.0,77100.0,75133.33333333333,76433.33333333333,243640
2017-06-30,78000.0,78500.0,77250.0,78500.0,76550.0,77062.5,75216.66666666667,76410.41666666667,128002
2017-07-03,78000.0,79000.0,77500.0,79000.0,77350.0,77075.0,75325.0,76397.91666666667,156096
2017-07-04,79500.0,80000.0,77500.0,78500.0,78200.0,77125.0,75445.83333333333,76377.08333333333,165452
2017-07-05,77750.0,78000.0,76500.0,77500.0,78300.0,77087.5,75562.5,76364.58333333333,203840
2017-07-06,76750.0,77500.0,75750.0,77000.0,78100.0,77025.0,75662.5,76347.91666666667,121808
2017-07-07,76750.0,77500.0,76000.0,76500.0,77700.0,77025.0,75741.66666666667,76331.25,116628
2017-07-10,77000.0,77500.0,75500.0,75500.0,77000.0,76962.5,75820.83333333333,76308.33333333333,165716
2017-07-11,75500.0,76250.0,75250.0,75500.0,76400.0,76837.5,75904.16666666667,76250.0,90944
2017-07-12,75750.0,77000.0,75250.0,75500.0,76000.0,76662.5,75983.33333333333,76191.66666666667,103950
2017-07-13,76250.0,78750.0,75750.0,78250.0,76250.0,76700.0,76104.16666666667,76152.08333333333,247560
2017-07-14,78500.0,79250.0,77250.0,79000.0,76750.0,76725.0,76245.83333333333,76114.58333333333,216082
2017-07-17,79250.0,79750.0,77750.0,78250.0,77300.0,76850.0,76370.83333333333,76072.91666666667,151428
2017-07-18,78000.0,78250.0,75250.0,75750.0,77350.0,76837.5,76458.33333333333,76016.66666666667,279842
2017-07-19,75500.0,77250.0,75500.0,76750.0,77600.0,76837.5,76570.83333333333,75943.75,164256
2017-07-20,77000.0,77250.0,75500.0,76500.0,77250.0,76887.5,76658.33333333333,75875.0,192856
2017-07-21,76500.0,76750.0,75250.0,75750.0,76600.0,76900.0,76708.33333333333,75814.58333333333,143752
2017-07-24,76000.0,76500.0,75500.0,76500.0,76250.0,76975.0,76779.16666666667,75775.0,107542
2017-07-25,76250.0,77500.0,76000.0,76750.0,76450.0,77100.0,76845.83333333333,75733.33333333333,203778
2017-07-26,76750.0,77750.0,76500.0,77500.0,76600.0,77125.0,76904.16666666667,75731.25,137346
2017-07-27,77750.0,78500.0,75750.0,78250.0,76950.0,77137.5,76991.66666666667,75737.5,199460
2017-07-28,78500.0,81750.0,77500.0,81000.0,78000.0,77262.5,77133.33333333333,75781.25,662374
2017-07-31,80500.0,80750.0,77750.0,78500.0,78400.0,77237.5,77233.33333333333,75808.33333333333,254702
2017-08-01,78000.0,79750.0,78000.0,78500.0,78750.0,77237.5,77312.5,75837.5,188302
2017-08-02,78000.0,79000.0,76750.0,77250.0,78700.0,77225.0,77350.0,75856.25,177536
2017-08-03,77250.0,78250.0,76500.0,76500.0,78350.0,77200.0,77366.66666666667,75864.58333333333,217070
2017-08-04,76750.0,82000.0,76750.0,81000.0,78350.0,77425.0,77429.16666666667,75910.41666666667,470498
2017-08-07,81500.0,83250.0,80750.0,81750.0,79000.0,77737.5,77516.66666666667,75964.58333333333,272298
2017-08-08,81750.0,81750.0,78250.0,78750.0,79050.0,77900.0,77558.33333333333,75979.16666666667,411150
2017-08-09,78500.0,82250.0,78500.0,82000.0,80000.0,78225.0,77637.5,76018.75,268094
2017-08-10,82000.0,84000.0,81500.0,84000.0,81500.0,78512.5,77750.0,76068.75,311856
2017-08-11,82500.0,84000.0,82000.0,83000.0,81900.0,78712.5,77862.5,76085.41666666667,209788
2017-08-14,83750.0,84250.0,81000.0,81750.0,81900.0,78887.5,77962.5,76104.16666666667,188762
2017-08-16,81250.0,81750.0,79000.0,80000.0,82150.0,79100.0,77991.66666666667,76122.91666666667,166864
2017-08-17,79500.0,81250.0,79000.0,80500.0,81850.0,79287.5,78025.0,76137.5,151814
2017-08-18,79250.0,80250.0,79250.0,79750.0,81000.0,79450.0,78054.16666666667,76158.33333333333,70876
2017-08-21,80000.0,80750.0,79000.0,80500.0,80500.0,79687.5,78091.66666666667,76181.25,120990
2017-08-22,81000.0,83250.0,80750.0,81750.0,80500.0,79950.0,78141.66666666667,76212.5,238874
2017-08-23,81750.0,82000.0,80000.0,80500.0,80600.0,80137.5,78183.33333333333,76241.66666666667,94580
2017-08-24,80250.0,80500.0,78250.0,79250.0,80350.0,80225.0,78179.16666666667,76262.5,230614
2017-08-25,79000.0,80250.0,78500.0,79750.0,80350.0,80300.0,78179.16666666667,76297.91666666667,99126
2017-08-28,79750.0,80500.0,79750.0,80500.0,80350.0,80275.0,78200.0,76339.58333333333,70512
2017-08-29,80000.0,80750.0,79250.0,80750.0,80150.0,80387.5,78233.33333333333,76379.16666666667,79022
2017-08-30,79750.0,80000.0,78500.0,78750.0,79800.0,80400.0,78254.16666666667,76402.08333333333,163606
2017-08-31,78500.0,79000.0,77250.0,77500.0,79450.0,80412.5,78241.66666666667,76425.0,197190
2017-09-01,77250.0,77500.0,76500.0,76500.0,78800.0,80412.5,78212.5,76441.66666666667,196364
2017-09-04,76500.0,76500.0,76500.0,76500.0,78000.0,80187.5,78212.5,76458.33333333333,0
2017-09-05,76000.0,77250.0,75750.0,76750.0,77200.0,79937.5,78212.5,76475.0,97830
2017-09-06,76750.0,77000.0,75000.0,76000.0,76650.0,79800.0,78179.16666666667,76489.58333333333,119832
2017-09-07,76750.0,76750.0,75500.0,76250.0,76400.0,79512.5,78133.33333333333,76518.75,145596
2017-09-08,75750.0,76250.0,71250.0,73250.0,75750.0,78975.0,78062.5,76520.83333333333,494814
2017-09-11,72000.0,73500.0,72000.0,72750.0,75000.0,78462.5,77966.66666666667,76508.33333333333,141428
2017-09-12,72250.0,73750.0,72000.0,72500.0,74150.0,78000.0,77912.5,76491.66666666667,146822
2017-09-13,72500.0,72750.0,71000.0,71250.0,73200.0,77562.5,77833.33333333333,76437.5,146098
2017-09-14,70750.0,71500.0,69500.0,70500.0,72050.0,77062.5,77729.16666666667,76385.41666666667,262940
2017-09-15,69750.0,72000.0,69250.0,71750.0,71750.0,76662.5,77666.66666666667,76343.75,172322
2017-09-18,71000.0,71750.0,71000.0,71500.0,71500.0,76212.5,77600.0,76300.0,104092
2017-09-19,71250.0,72750.0,71000.0,71500.0,71300.0,75700.0,77541.66666666667,76264.58333333333,147138
2017-09-20,72250.0,72750.0,71500.0,72250.0,71500.0,75287.5,77508.33333333333,76254.16666666667,259580
2017-09-21,72000.0,72500.0,70250.0,70250.0,71450.0,74837.5,77395.83333333333,76229.16666666667,182434
2017-09-25,71750.0,72000.0,70500.0,70500.0,71200.0,74375.0,77270.83333333333,76202.08333333333,99898
2017-09-26,70500.0,70500.0,70500.0,70500.0,71000.0,73875.0,77137.5,76177.08333333333,0
2017-09-27,72250.0,72500.0,71500.0,72250.0,71150.0,73450.0,77025.0,76175.0,149800
2017-09-28,71500.0,72750.0,71250.0,72250.0,71150.0,73125.0,76920.83333333333,76183.33333333333,94192
2017-09-29,72750.0,74500.0,72000.0,74000.0,71900.0,72950.0,76862.5,76212.5,152162
2017-10-10,73250.0,74250.0,72000.0,72750.0,72350.0,72762.5,76791.66666666667,76227.08333333333,155862
2017-10-11,72500.0,73750.0,72250.0,73750.0,73000.0,72625.0,76745.83333333333,76243.75,135522
2017-10-12,73250.0,74000.0,72750.0,73000.0,73150.0,72437.5,76704.16666666667,76262.5,107380
2017-10-13,72500.0,73750.0,71750.0,72000.0,73100.0,72237.5,76645.83333333333,76275.0,183970
2017-10-16,72250.0,73750.0,72250.0,72750.0,72850.0,72062.5,76600.0,76291.66666666667,128270
2017-10-17,72500.0,72750.0,71000.0,71500.0,72600.0,71975.0,76487.5,76295.83333333333,136906
2017-10-18,71250.0,73250.0,71250.0,73000.0,72450.0,71987.5,76387.5,76316.66666666667,136180
2017-10-19,73000.0,74000.0,73000.0,73500.0,72550.0,72037.5,76308.33333333333,76339.58333333333,126270
2017-10-20,73500.0,73500.0,72000.0,72750.0,72700.0,72112.5,76258.33333333333,76358.33333333333,100350
2017-10-23,72500.0,73000.0,72000.0,72000.0,72550.0,72187.5,76179.16666666667,76375.0,74548
2017-10-24,72000.0,72750.0,71750.0,72750.0,72800.0,72237.5,76116.66666666667,76387.5,97314
2017-10-25,72250.0,72500.0,71500.0,72000.0,72600.0,72262.5,76054.16666666667,76381.25,183152
2017-10-26,72000.0,74000.0,71750.0,73250.0,72550.0,72350.0,76000.0,76389.58333333333,216980
2017-10-27,73250.0,74750.0,73250.0,74000.0,72800.0,72437.5,75954.16666666667,76400.0,197308
2017-10-30,74500.0,74500.0,72500.0,72750.0,72950.0,72562.5,75875.0,76389.58333333333,145490
2017-10-31,73000.0,76250.0,72750.0,75500.0,73500.0,72812.5,75829.16666666667,76410.41666666667,280230
2017-11-01,75500.0,76000.0,74250.0,75250.0,74150.0,73050.0,75733.33333333333,76433.33333333333,252586
2017-11-02,75250.0,77000.0,74500.0,76250.0,74750.0,73250.0,75695.83333333333,76464.58333333333,172638
2017-11-03,76750.0,77250.0,75750.0,76250.0,75200.0,73450.0,75658.33333333333,76485.41666666667,122700
2017-11-06,75500.0,76250.0,74750.0,75500.0,75750.0,73525.0,75629.16666666667,76489.58333333333,102082
2017-11-07,75000.0,75750.0,74000.0,74000.0,75450.0,73587.5,75587.5,76477.08333333333,143748
2017-11-08,74000.0,75750.0,73750.0,75250.0,75450.0,73662.5,75491.66666666667,76460.41666666667,148112
2017-11-09,75500.0,76000.0,74500.0,74500.0,75100.0,73737.5,75370.83333333333,76443.75,190646
2017-11-10,74500.0,75500.0,74500.0,75250.0,74900.0,73900.0,75312.5,76435.41666666667,143588
2017-11-13,75000.0,76500.0,75000.0,75500.0,74900.0,74037.5,75204.16666666667,76420.83333333333,187454
2017-11-14,75250.0,75500.0,73000.0,73500.0,74800.0,74137.5,75029.16666666667,76389.58333333333,193104
2017-11-15,73500.0,73500.0,72000.0,72500.0,74250.0,74112.5,74854.16666666667,76358.33333333333,145436
2017-11-16,72000.0,72500.0,71250.0,72000.0,73750.0,74037.5,74691.66666666667,76327.08333333333,199242
2017-11-17,71750.0,73000.0,71250.0,71750.0,73050.0,73987.5,74554.16666666667,76272.91666666667,204112
2017-11-20,72000.0,72250.0,71500.0,71750.0,72300.0,73975.0,74408.33333333333,76216.66666666667,111194
2017-11-21,71750.0,72250.0,71250.0,71250.0,71850.0,73900.0,74266.66666666667,76160.41666666667,171196
2017-11-22,71250.0,72000.0,70500.0,70750.0,71500.0,73837.5,74104.16666666667,76097.91666666667,155948
2017-11-23,70750.0,71500.0,70500.0,70750.0,71250.0,73712.5,73920.83333333333,76031.25,168674
2017-11-24,71000.0,71250.0,70500.0,71250.0,71150.0,73575.0,73766.66666666667,75975.0,115972
2017-11-27,71500.0,72250.0,70500.0,71000.0,71000.0,73487.5,73629.16666666667,75904.16666666667,191800
2017-11-28,70750.0,71500.0,70500.0,71000.0,70950.0,73262.5,73483.33333333333,75831.25,228936
2017-11-29,70750.0,71500.0,70750.0,71000.0,71000.0,73050.0,73325.0,75762.5,102330
2017-11-30,71500.0,75000.0,71250.0,73250.0,71500.0,72900.0,73200.0,75716.66666666667,638076
2017-12-01,73500.0,73750.0,71500.0,71750.0,71600.0,72675.0,73083.33333333333,75668.75,203352
2017-12-04,72250.0,72750.0,71250.0,71750.0,71750.0,72487.5,72987.5,75614.58333333333,131594
2017-12-05,71500.0,73750.0,71500.0,73250.0,72200.0,72450.0,72933.33333333333,75572.91666666667,224612
2017-12-06,74000.0,74000.0,71750.0,72250.0,72450.0,72300.0,72862.5,75537.5,314036
2017-12-07,72250.0,73000.0,71000.0,71250.0,72050.0,72137.5,72770.83333333333,75491.66666666667,175442
2017-12-08,71250.0,71750.0,70750.0,71500.0,72000.0,71950.0,72695.83333333333,75437.5,142254
2017-12-11,71250.0,72000.0,70500.0,71750.0,72000.0,71762.5,72620.83333333333,75377.08333333333,104194
2017-12-12,71500.0,71500.0,70250.0,71000.0,71550.0,71637.5,72583.33333333333,75322.91666666667,187264
2017-12-13,70750.0,71250.0,70750.0,71250.0,71350.0,71575.0,72558.33333333333,75262.5,118728
2017-12-14,71250.0,72250.0,71000.0,71000.0,71300.0,71525.0,72533.33333333333,75222.91666666667,300186
2017-12-15,71250.0,71750.0,70250.0,70750.0,71150.0,71475.0,72525.0,75179.16666666667,253752
2017-12-18,70750.0,71000.0,70000.0,70500.0,70900.0,71412.5,72525.0,75127.08333333333,200596
2017-12-19,70750.0,71000.0,69500.0,69750.0,70650.0,71337.5,72491.66666666667,75079.16666666667,201038
2017-12-21,70250.0,70750.0,69750.0,70000.0,70400.0,71300.0,72466.66666666667,75033.33333333333,179018
2017-12-22,69500.0,70000.0,67250.0,68000.0,69800.0,71162.5,72408.33333333333,74975.0,560220
2017-12-26,68000.0,69250.0,67750.0,68500.0,69350.0,71025.0,72345.83333333333,74927.08333333333,216724
2017-12-27,68250.0,68250.0,66500.0,67250.0,68700.0,70837.5,72295.83333333333,74845.83333333333,327158
2017-12-28,66750.0,68000.0,66500.0,68000.0,68350.0,70687.5,72254.16666666667,74762.5,206910
2018-01-02,68500.0,69500.0,68250.0,69000.0,68150.0,70587.5,72229.16666666667,74683.33333333333,149090
2018-01-03,68500.0,69000.0,68250.0,68750.0,68300.0,70362.5,72170.83333333333,74597.91666666667,102416
2018-01-04,69250.0,69250.0,67750.0,69000.0,68400.0,70225.0,72116.66666666667,74518.75,189108
2018-01-05,69000.0,69000.0,68250.0,68500.0,68650.0,70062.5,72025.0,74443.75,122294
2018-01-08,68500.0,69000.0,68000.0,68750.0,68800.0,69837.5,71958.33333333333,74375.0,143788
2018-01-09,68500.0,69250.0,68500.0,69000.0,68800.0,69675.0,71879.16666666667,74312.5,123366
2018-01-10,68750.0,69750.0,68750.0,69500.0,68950.0,69587.5,71820.83333333333,74262.5,158622
2018-01-11,69500.0,69750.0,68250.0,69500.0,69050.0,69487.5,71779.16666666667,74212.5,294166
2018-01-12,69500.0,69500.0,68500.0,68750.0,69100.0,69337.5,71712.5,74156.25,131970
2018-01-15,69250.0,69750.0,68750.0,69750.0,69300.0,69275.0,71683.33333333333,74085.41666666667,131252
2018-01-16,70250.0,71500.0,69750.0,70250.0,69550.0,69225.0,71637.5,74012.5,308538
2018-01-17,70250.0,70500.0,69000.0,69500.0,69550.0,69150.0,71570.83333333333,73939.58333333333,177962
2018-01-18,69500.0,69750.0,68250.0,68500.0,69350.0,69037.5,71500.0,73879.16666666667,177750
2018-01-19,68500.0,70000.0,68500.0,69750.0,69550.0,69000.0,71462.5,73820.83333333333,161004
2018-01-22,69750.0,69750.0,68000.0,69250.0,69450.0,68975.0,71404.16666666667,73760.41666666667,161756
2018-01-23,69000.0,70250.0,68750.0,69750.0,69350.0,68962.5,71366.66666666667,73710.41666666667,155702
2018-01-24,69500.0,70000.0,69000.0,69500.0,69350.0,69037.5,71304.16666666667,73652.08333333333,134210
2018-01-25,69000.0,69750.0,69000.0,69750.0,69600.0,69100.0,71233.33333333333,73593.75,115186
2018-01-26,69500.0,69500.0,67500.0,67750.0,69200.0,69125.0,71150.0,73512.5,407368
2018-01-29,68000.0,68500.0,67500.0,68250.0,69000.0,69137.5,71029.16666666667,73429.16666666667,200124
2018-01-30,68500.0,70750.0,68250.0,70750.0,69200.0,69225.0,70954.16666666667,73343.75,536560
2018-01-31,70500.0,70750.0,68500.0,69750.0,69250.0,69275.0,70845.83333333333,73270.83333333333,299506
2018-02-01,69500.0,70500.0,69500.0,70250.0,69350.0,69337.5,70745.83333333333,73202.08333333333,182286
2018-02-02,70250.0,73000.0,70000.0,71750.0,70150.0,69500.0,70683.33333333333,73156.25,614836
2018-02-05,71000.0,73500.0,70500.0,72750.0,71050.0,69700.0,70662.5,73125.0,453872
2018-02-06,71500.0,72750.0,69750.0,71250.0,71150.0,69812.5,70595.83333333333,73043.75,264658
2018-02-07,71750.0,72750.0,70500.0,71750.0,71550.0,69925.0,70550.0,72960.41666666667,310966
2018-02-08,71250.0,71500.0,69500.0,70250.0,71550.0,69962.5,70466.66666666667,72889.58333333333,320500
2018-02-09,68750.0,69000.0,67000.0,68250.0,70850.0,69937.5,70345.83333333333,72775.0,299094
2018-02-12,68250.0,68250.0,67250.0,67500.0,69800.0,69825.0,70245.83333333333,72637.5,175154
2018-02-13,67500.0,68000.0,66500.0,66500.0,68850.0,69637.5,70145.83333333333,72500.0,152814
2018-02-14,66500.0,67250.0,65750.0,66500.0,67800.0,69487.5,70054.16666666667,72372.91666666667,123670
2018-02-19,67000.0,67500.0,65750.0,66500.0,67050.0,69387.5,69966.66666666667,72260.41666666667,236580
2018-02-20,66250.0,66750.0,65250.0,65500.0,66500.0,69175.0,69862.5,72135.41666666667,164944
2018-02-21,65500.0,66250.0,65000.0,65750.0,66150.0,69000.0,69770.83333333333,72018.75,166012
2018-02-22,65750.0,66500.0,65250.0,66500.0,66150.0,68837.5,69700.0,71902.08333333333,157228
2018-02-23,67000.0,69000.0,66500.0,68500.0,66550.0,68787.5,69662.5,71791.66666666667,316318
2018-02-26,69000.0,73000.0,69000.0,72000.0,67650.0,68900.0,69675.0,71720.83333333333,741624
2018-02-27,71750.0,73250.0,71000.0,71500.0,68850.0,69087.5,69683.33333333333,71656.25,313342
2018-02-28,71250.0,72750.0,71000.0,71250.0,69950.0,69237.5,69687.5,71585.41666666667,251212
2018-03-02,70000.0,70750.0,68500.0,70000.0,70650.0,69200.0,69670.83333333333,71497.91666666667,235548
2018-03-05,69500.0,70750.0,68500.0,69250.0,70800.0,69175.0,69604.16666666667,71402.08333333333,224136
2018-03-06,69500.0,72000.0,69000.0,71500.0,70700.0,69237.5,69600.0,71341.66666666667,312278
2018-03-07,70500.0,72750.0,70250.0,71500.0,70700.0,69225.0,69595.83333333333,71291.66666666667,293484
2018-03-08,72250.0,72500.0,69500.0,70750.0,70600.0,69125.0,69554.16666666667,71243.75,222688
2018-03-09,70250.0,72000.0,70250.0,71250.0,70850.0,69125.0,69537.5,71200.0,180916
2018-03-12,71750.0,72000.0,70750.0,71500.0,71300.0,69112.5,69541.66666666667,71156.25,120634
2018-03-13,70750.0,71250.0,69750.0,70000.0,71000.0,69100.0,69516.66666666667,71106.25,135498
2018-03-14,69500.0,76500.0,69500.0,76500.0,72000.0,69512.5,69595.83333333333,71108.33333333333,1074694
2018-03-15,77250.0,78750.0,75000.0,78000.0,73450.0,70037.5,69712.5,71147.91666666667,719474
2018-03-16,78500.0,80000.0,74250.0,75750.0,74350.0,70500.0,69787.5,71172.91666666667,706818
2018-03-19,75250.0,78250.0,74750.0,77250.0,75500.0,71037.5,69891.66666666667,71212.5,372318
2018-03-20,76750.0,78500.0,76750.0,77750.0,77050.0,71600.0,70008.33333333333,71266.66666666667,308470
2018-03-21,77000.0,81000.0,76750.0,80750.0,77900.0,72362.5,70179.16666666667,71352.08333333333,364412
2018-03-22,80250.0,80500.0,76000.0,77000.0,77700.0,72925.0,70300.0,71395.83333333333,559434
2018-03-23,75250.0,78750.0,75000.0,76750.0,77900.0,73437.5,70412.5,71439.58333333333,267086
2018-03-26,77000.0,77500.0,73750.0,76000.0,77650.0,73812.5,70545.83333333333,71477.08333333333,357598
2018-03-27,76250.0,82000.0,76000.0,78750.0,77850.0,74150.0,70716.66666666667,71531.25,777024
2018-03-28,79250.0,88500.0,71500.0,86750.0,79050.0,74912.5,71041.66666666667,71668.75,2671588
2018-03-29,99000.0,107250.0,90000.0,91000.0,81850.0,75900.0,71425.0,71839.58333333333,3433088
2018-03-30,91000.0,91000.0,82000.0,84500.0,83400.0,76625.0,71683.33333333333,71956.25,2096188
2018-04-02,85750.0,87000.0,83500.0,85500.0,85300.0,77437.5,71962.5,72066.66666666667,993898
2018-04-03,84500.0,86000.0,82500.0,83000.0,86150.0,78012.5,72195.83333333333,72156.25,689136
2018-04-04,83000.0,87000.0,82750.0,85500.0,85900.0,78712.5,72479.16666666667,72252.08333333333,1000928
2018-04-05,86750.0,89000.0,85500.0,86750.0,85050.0,79512.5,72779.16666666667,72368.75,628238
2018-04-06,87250.0,90000.0,86500.0,88250.0,85800.0,80362.5,73100.0,72489.58333333333,573350
2018-04-09,89000.0,91750.0,87000.0,90750.0,86850.0,81325.0,73454.16666666667,72637.5,411180
2018-04-10,90750.0,93750.0,89750.0,91250.0,88500.0,82387.5,73816.66666666667,72797.91666666667,539254
2018-04-11,90250.0,91250.0,88750.0,90250.0,89450.0,83075.0,74175.0,72943.75,340778
2018-04-12,91000.0,91000.0,87250.0,87250.0,89550.0,83537.5,74466.66666666667,73075.0,395664
2018-04-13,87000.0,88500.0,85750.0,87750.0,89450.0,84137.5,74758.33333333333,73197.91666666667,278470
2018-04-16,88000.0,88750.0,87000.0,88250.0,88950.0,84687.5,75070.83333333333,73320.83333333333,228688
2018-04-17,89000.0,94750.0,88750.0,94000.0,89500.0,85500.0,75495.83333333333,73497.91666666667,733236
2018-04-18,93250.0,93500.0,88750.0,90000.0,89450.0,85962.5,75833.33333333333,73647.91666666667,521736
2018-04-19,91250.0,91500.0,86250.0,87750.0,89550.0,86500.0,76141.66666666667,73772.91666666667,527890
2018-04-20,88000.0,88250.0,86250.0,87500.0,89500.0,87037.5,76437.5,73902.08333333333,219174
2018-04-23,86500.0,89250.0,85750.0,88500.0,89550.0,87662.5,76754.16666666667,74029.16666666667,249404
2018-04-24,86250.0,88000.0,84250.0,87750.0,88300.0,88112.5,77054.16666666667,74143.75,611746
2018-04-25,87500.0,89250.0,86250.0,88250.0,87950.0,88187.5,77395.83333333333,74272.91666666667,271788
2018-04-26,88500.0,88500.0,85500.0,86250.0,87650.0,87950.0,77695.83333333333,74362.5,363842
2018-04-27,86250.0,87750.0,84500.0,84500.0,87050.0,87950.0,77925.0,74439.58333333333,549796
2018-04-30,84500.0,85750.0,83000.0,84250.0,86200.0,87887.5,78166.66666666667,74506.25,336208
2018-05-02,83750.0,87000.0,81250.0,84500.0,85550.0,87962.5,78404.16666666667,74575.0,475728
2018-05-03,86000.0,86500.0,84750.0,85000.0,84900.0,87937.5,78625.0,74654.16666666667,290338
2018-05-04,84000.0,84500.0,80750.0,81000.0,83850.0,87650.0,78762.5,74712.5,426786
2018-05-08,81000.0,81500.0,77500.0,78000.0,82550.0,87137.5,78875.0,74735.41666666667,722562
2018-05-09,78250.0,81000.0,78000.0,79250.0,81550.0,86562.5,79000.0,74775.0,467804
2018-05-10,79250.0,80000.0,76250.0,77750.0,80200.0,85887.5,79125.0,74795.83333333333,530814
2018-05-11,78250.0,79000.0,77000.0,78500.0,78900.0,85300.0,79295.83333333333,74820.83333333333,296580
2018-05-14,78750.0,80000.0,78000.0,78750.0,78450.0,84875.0,79483.33333333333,74864.58333333333,253100
2018-05-15,78500.0,79500.0,75500.0,75750.0,78000.0,84275.0,79637.5,74891.66666666667,605968
2018-05-16,73250.0,76000.0,70500.0,74500.0,77050.0,83587.5,79770.83333333333,74912.5,1122460
2018-05-17,75000.0,77750.0,74250.0,76250.0,76750.0,82700.0,79933.33333333333,74950.0,406166
2018-05-18,75500.0,76000.0,73750.0,74750.0,76000.0,81937.5,80087.5,74975.0,289222
2018-05-21,75000.0,78000.0,73750.0,75250.0,75300.0,81312.5,80245.83333333333,75008.33333333333,443704
2018-05-23,71500.0,73500.0,69750.0,71500.0,74450.0,80512.5,80329.16666666667,75014.58333333333,1277364
2018-05-24,71500.0,72250.0,71000.0,71500.0,73850.0,79662.5,80379.16666666667,75020.83333333333,239992
2018-05-25,70250.0,71250.0,69250.0,70000.0,72600.0,78775.0,80345.83333333333,75010.41666666667,268724
2018-05-28,71000.0,71000.0,68750.0,69250.0,71500.0,77825.0,80308.33333333333,74995.83333333333,280010
2018-05-29,69750.0,70000.0,68000.0,68250.0,70100.0,76925.0,80258.33333333333,74972.91666666667,254438
2018-05-30,67750.0,68000.0,64250.0,65500.0,68900.0,75975.0,80183.33333333333,74927.08333333333,749968
2018-05-31,66000.0,67500.0,65750.0,67250.0,68050.0,75125.0,80150.0,74877.08333333333,393554
2018-06-01,67250.0,68250.0,66750.0,68000.0,67650.0,74300.0,80091.66666666667,74845.83333333333,247806
2018-06-04,68500.0,70500.0,68250.0,69000.0,67600.0,73500.0,80050.0,74822.91666666667,385764
2018-06-05,69000.0,69000.0,67250.0,68250.0,67600.0,72862.5,80008.33333333333,74781.25,214442
2018-06-07,68250.0,69000.0,66250.0,67000.0,67900.0,72312.5,79937.5,74737.5,295386
2018-06-08,67000.0,67500.0,66000.0,67250.0,67900.0,71712.5,79866.66666666667,74704.16666666667,153240
2018-06-11,67250.0,67750.0,66750.0,67000.0,67700.0,71175.0,79816.66666666667,74666.66666666667,122326
2018-06-12,67000.0,67500.0,66000.0,66000.0,67100.0,70550.0,79641.66666666667,74618.75,182922
2018-06-14,65500.0,66500.0,65500.0,65500.0,66550.0,69887.5,79433.33333333333,74572.91666666667,215336
2018-06-15,65500.0,66000.0,64250.0,65000.0,66150.0,69350.0,79254.16666666667,74520.83333333333,258716
2018-06-18,65000.0,65250.0,62250.0,63250.0,65350.0,68787.5,79020.83333333333,74456.25,309046
2018-06-19,62750.0,63250.0,61500.0,62000.0,64350.0,68075.0,78758.33333333333,74383.33333333333,230566
2018-06-20,61500.0,62000.0,60500.0,61000.0,63350.0,67387.5,78429.16666666667,74304.16666666667,255922
2018-06-21,60500.0,61250.0,59000.0,60000.0,62250.0,66625.0,78145.83333333333,74222.91666666667,348462
2018-06-22,59500.0,61000.0,59000.0,60250.0,61300.0,66062.5,77870.83333333333,74141.66666666667,181796
2018-06-25,60500.0,61750.0,60250.0,61500.0,60950.0,65562.5,77629.16666666667,74087.5,122176
2018-06-26,61000.0,61500.0,60500.0,60750.0,60700.0,65100.0,77329.16666666667,74022.91666666667,96934
2018-06-27,60500.0,60750.0,57750.0,58250.0,60150.0,64550.0,76854.16666666667,73947.91666666667,349426
2018-06-28,57750.0,58750.0,57750.0,58250.0,59800.0,64050.0,76308.33333333333,73866.66666666667,162600
2018-06-29,58500.0,58750.0,56750.0,57750.0,59300.0,63662.5,75862.5,73772.91666666667,174980
2018-07-02,58000.0,58250.0,55500.0,55750.0,58150.0,63087.5,75366.66666666667,73664.58333333333,175934
2018-07-03,56250.0,57250.0,55500.0,56250.0,57250.0,62500.0,74920.83333333333,73558.33333333333,179570
2018-07-04,55750.0,57500.0,55750.0,56500.0,56900.0,61875.0,74437.5,73458.33333333333,173700
2018-07-05,56000.0,57250.0,55250.0,57000.0,56650.0,61312.5,73941.66666666667,73360.41666666667,173716
2018-07-06,57000.0,59250.0,56750.0,57750.0,56650.0,60850.0,73433.33333333333,73266.66666666667,261440
2018-07-09,57750.0,58250.0,56750.0,56750.0,56850.0,60325.0,72866.66666666667,73160.41666666667,121288
2018-07-10,57000.0,57750.0,56250.0,56750.0,56950.0,59812.5,72291.66666666667,73054.16666666667,147274
2018-07-11,56750.0,57750.0,56250.0,56500.0,56950.0,59337.5,71729.16666666667,72952.08333333333,197398
2018-07-12,57000.0,60750.0,57000.0,60000.0,57550.0,59062.5,71275.0,72870.83333333333,415090
2018-07-13,60750.0,61750.0,59250.0,61000.0,58200.0,58862.5,70829.16666666667,72793.75,260234
2018-07-16,60750.0,65000.0,60250.0,64250.0,59700.0,58912.5,70429.16666666667,72750.0,378026
2018-07-17,64250.0,66000.0,63250.0,63250.0,61000.0,58975.0,69916.66666666667,72706.25,239254
2018-07-18,63250.0,64250.0,62500.0,63250.0,62350.0,59087.5,69470.83333333333,72652.08333333333,114334
2018-07-19,63000.0,65250.0,62750.0,64500.0,63250.0,59312.5,69083.33333333333,72612.5,175370
2018-07-20,65750.0,67000.0,64750.0,66250.0,64300.0,59612.5,68729.16666666667,72583.33333333333,298294
2018-07-23,66000.0,67500.0,65250.0,66500.0,64750.0,59862.5,68362.5,72558.33333333333,211362
2018-07-24,66750.0,67000.0,64750.0,65750.0,65250.0,60112.5,67995.83333333333,72525.0,191400
2018-07-25,65750.0,67250.0,65000.0,65750.0,65750.0,60487.5,67620.83333333333,72508.33333333333,164412
2018-07-26,66000.0,66750.0,65750.0,66500.0,66150.0,60900.0,67291.66666666667,72493.75,104796
2018-07-27,67000.0,70000.0,66500.0,68000.0,66500.0,61412.5,67016.66666666667,72470.83333333333,370900
2018-07-30,67500.0,70000.0,67500.0,69750.0,67150.0,62112.5,66775.0,72470.83333333333,234278
2018-07-31,70000.0,70000.0,67750.0,68500.0,67700.0,62725.0,66508.33333333333,72456.25,177440
2018-08-01,68750.0,69250.0,68250.0,69000.0,68350.0,63350.0,66241.66666666667,72433.33333333333,98718
2018-08-02,68500.0,69000.0,65250.0,65250.0,68100.0,63762.5,65979.16666666667,72370.83333333333,262996
2018-08-03,65500.0,66500.0,65250.0,66250.0,67750.0,64187.5,65783.33333333333,72329.16666666667,131632
2018-08-06,66250.0,66750.0,65750.0,66250.0,67050.0,64662.5,65566.66666666667,72283.33333333333,93020
2018-08-07,66000.0,68250.0,66000.0,68000.0,66950.0,65225.0,65404.166666666664,72264.58333333333,147162
2018-08-08,67750.0,67750.0,62250.0,65250.0,66200.0,65662.5,65183.333333333336,72239.58333333333,942672
2018-08-09,65500.0,66000.0,64000.0,64000.0,65950.0,65862.5,64937.5,72210.41666666667,257340
2018-08-10,64500.0,65250.0,64250.0,64750.0,65650.0,66050.0,64754.166666666664,72195.83333333333,131582
2018-08-13,64500.0,65000.0,63750.0,64250.0,65250.0,66050.0,64583.333333333336,72177.08333333333,69122
2018-08-14,64250.0,65250.0,64250.0,64500.0,64550.0,66112.5,64387.5,72160.41666666667,70064
2018-08-16,63750.0,65000.0,63250.0,64750.0,64450.0,66187.5,64220.833333333336,72154.16666666667,93036
2018-08-17,64500.0,65000.0,64000.0,64250.0,64500.0,66175.0,64037.5,72141.66666666667,121488
2018-08-20,64500.0,65750.0,64000.0,64500.0,64450.0,66087.5,63920.833333333336,72125.0,136384
2018-08-21,64250.0,64750.0,63500.0,64000.0,64400.0,65962.5,63795.833333333336,72087.5,137644
2018-08-22,63750.0,64250.0,62250.0,62500.0,64000.0,65800.0,63670.833333333336,72008.33333333333,230388
2018-08-23,62750.0,63000.0,62250.0,62500.0,63550.0,65637.5,63558.333333333336,71933.33333333333,140576
2018-08-24,62250.0,63000.0,62000.0,62750.0,63250.0,65450.0,63466.666666666664,71862.5,72526
2018-08-27,62750.0,63000.0,62000.0,62250.0,62800.0,65162.5,63412.5,71797.91666666667,117138
2018-08-28,62250.0,63000.0,61500.0,62000.0,62400.0,64775.0,63325.0,71737.5,136588
2018-08-29,62250.0,62500.0,60750.0,61250.0,62150.0,64412.5,63212.5,71652.08333333333,143058
2018-08-30,61250.0,61500.0,59250.0,59750.0,61600.0,63950.0,63058.333333333336,71554.16666666667,340186
2018-08-31,59750.0,60750.0,59500.0,60500.0,61150.0,63712.5,62929.166666666664,71468.75,180872
2018-09-03,59750.0,60250.0,59750.0,60000.0,60700.0,63400.0,62812.5,71375.0,74438
2018-09-04,60250.0,60500.0,59750.0,60250.0,60350.0,63100.0,62695.833333333336,71281.25,140250
2018-09-05,60000.0,61000.0,59750.0,60000.0,60100.0,62700.0,62579.166666666664,71197.91666666667,148792
2018-09-06,60000.0,64000.0,59500.0,63750.0,60900.0,62625.0,62541.666666666664,71091.66666666667,409232
2018-09-07,64500.0,67750.0,63750.0,67000.0,62200.0,62775.0,62566.666666666664,71000.0,587010
2018-09-10,65500.0,66500.0,64750.0,65250.0,63250.0,62800.0,62570.833333333336,70912.5,239580
2018-09-11,65000.0,65250.0,63500.0,64000.0,64000.0,62787.5,62583.333333333336,70802.08333333333,264744
2018-09-12,64000.0,64250.0,62500.0,63250.0,64650.0,62725.0,62604.166666666664,70681.25,224068
2018-09-13,63000.0,63500.0,62000.0,63000.0,64500.0,62637.5,62637.5,70533.33333333333,172044
2018-09-14,63500.0,64750.0,63250.0,64500.0,64000.0,62650.0,62712.5,70429.16666666667,135962
2018-09-17,64750.0,64750.0,63000.0,63250.0,63600.0,62587.5,62762.5,70316.66666666667,91198
2018-09-18,63000.0,63000.0,62250.0,63000.0,63400.0,62537.5,62787.5,70208.33333333333,98776
2018-09-19,63250.0,63500.0,62000.0,62250.0,63200.0,62525.0,62812.5,70070.83333333333,77308
2018-09-20,62000.0,63000.0,61750.0,62250.0,63050.0,62512.5,62879.166666666664,69866.66666666667,138096
2018-09-21,62750.0,64000.0,62500.0,64000.0,62950.0,62575.0,62975.0,69641.66666666667,229620
2018-09-27,64000.0,65500.0,63500.0,65000.0,63300.0,62712.5,63095.833333333336,69479.16666666667,156316
2018-09-28,65500.0,65500.0,63750.0,65000.0,63700.0,62862.5,63250.0,69308.33333333333,103330
2018-10-01,64750.0,65000.0,63500.0,63750.0,64000.0,62987.5,63375.0,69147.91666666667,83898
2018-10-02,63500.0,64500.0,63000.0,63250.0,64200.0,63162.5,63487.5,68962.5,93772
2018-10-04,63500.0,64000.0,60750.0,61000.0,63600.0,63187.5,63554.166666666664,68747.91666666667,166680
2018-10-05,61250.0,61750.0,60000.0,60750.0,62750.0,63225.0,63604.166666666664,68518.75,121572
2018-10-08,60250.0,61250.0,59000.0,59000.0,61550.0,63162.5,63641.666666666664,68254.16666666667,170054
2018-10-10,59000.0,59750.0,57000.0,58000.0,60400.0,63062.5,63662.5,67977.08333333333,244742
2018-10-11,56000.0,58000.0,55250.0,55250.0,58800.0,62637.5,63641.666666666664,67685.41666666667,280938
2018-10-12,54500.0,55750.0,54500.0,55500.0,57700.0,62062.5,63566.666666666664,67420.83333333333,177648
2018-10-15,55500.0,56250.0,55000.0,55500.0,56650.0,61575.0,63475.0,67152.08333333333,106022
2018-10-16,55500.0,56500.0,55000.0,56000.0,56050.0,61175.0,63337.5,66883.33333333333,95914
2018-10-17,56500.0,57500.0,55750.0,56250.0,55700.0,60825.0,63220.833333333336,66568.75,136544
2018-10-18,56250.0,56250.0,52500.0,53000.0,55250.0,60325.0,63050.0,66260.41666666667,360106
2018-10-19,52750.0,55250.0,52250.0,54750.0,55100.0,59837.5,62887.5,65985.41666666667,185362
2018-10-22,55000.0,55750.0,54750.0,55500.0,55100.0,59450.0,62708.333333333336,65718.75,102628
2018-10-23,55500.0,55500.0,52500.0,53250.0,54550.0,58962.5,62487.5,65425.0,190662
2018-10-24,53750.0,55000.0,53500.0,54500.0,54200.0,58575.0,62300.0,65147.916666666664,153540
2018-10-25,53250.0,55750.0,51250.0,52750.0,54150.0,58100.0,62083.333333333336,64852.083333333336,353594
2018-10-26,53000.0,56000.0,52750.0,54000.0,54000.0,57600.0,61875.0,64583.333333333336,370646
2018-10-29,53750.0,55000.0,52000.0,53000.0,53500.0,57000.0,61625.0,64320.833333333336,257748
2018-10-30,52000.0,54250.0,52000.0,53500.0,53550.0,56425.0,61354.166666666664,64064.583333333336,209808
2018-10-31,53500.0,57250.0,52500.0,57000.0,54050.0,56087.5,61162.5,63835.416666666664,336798
2018-11-01,56250.0,56750.0,55000.0,56000.0,54700.0,55725.0,60945.833333333336,63593.75,197910
2018-11-02,56000.0,57750.0,55750.0,57500.0,55400.0,55550.0,60816.666666666664,63397.916666666664,239988
2018-11-05,57000.0,57250.0,55750.0,56250.0,56050.0,55325.0,60650.0,63216.666666666664,146792
2018-11-06,56250.0,58750.0,55750.0,58500.0,57050.0,55300.0,60520.833333333336,63043.75,258872
2018-11-07,58500.0,58750.0,56750.0,57000.0,57050.0,55250.0,60337.5,62870.833333333336,137466
2018-11-08,58000.0,59750.0,57500.0,58000.0,57450.0,55387.5,60216.666666666664,62700.0,246680
2018-11-09,58500.0,61500.0,58250.0,60250.0,58000.0,55625.0,60154.166666666664,62545.833333333336,356238
2018-11-12,60250.0,60500.0,58750.0,59750.0,58700.0,55837.5,60070.833333333336,62412.5,120026
2018-11-13,58500.0,60250.0,57500.0,59500.0,58900.0,56012.5,59991.666666666664,62287.5,102982
2018-11-14,60000.0,62500.0,60000.0,61250.0,59750.0,56262.5,59937.5,62162.5,163772
2018-11-15,60750.0,61250.0,59500.0,60500.0,60250.0,56637.5,59866.666666666664,62043.75,94284
2018-11-16,60500.0,61000.0,59000.0,60250.0,60250.0,56912.5,59800.0,61918.75,126792
2018-11-19,59750.0,60750.0,57750.0,59500.0,60200.0,57112.5,59716.666666666664,61818.75,227238
2018-11-20,59250.0,59500.0,57500.0,58250.0,59950.0,57362.5,59620.833333333336,61708.333333333336,239452
2018-11-21,57500.0,59000.0,57250.0,58750.0,59450.0,57575.0,59558.333333333336,61614.583333333336,137948
2018-11-22,58750.0,59000.0,54500.0,56250.0,58600.0,57750.0,59454.166666666664,61506.25,323014
2018-11-23,56000.0,57500.0,55750.0,56000.0,57750.0,57850.0,59341.666666666664,61404.166666666664,117902
2018-11-26,56000.0,59000.0,56000.0,58250.0,57500.0,58112.5,59275.0,61343.75,162898
2018-11-27,58250.0,61000.0,58000.0,60000.0,57850.0,58437.5,59241.666666666664,61283.333333333336,232104
2018-11-28,59500.0,60000.0,58500.0,60000.0,58100.0,58587.5,59220.833333333336,61216.666666666664,72758
2018-11-29,60750.0,61500.0,59000.0,59750.0,58800.0,58775.0,59220.833333333336,61139.583333333336,128684
2018-11-30,59750.0,62500.0,59750.0,61750.0,59950.0,58987.5,59241.666666666664,61085.416666666664,255802
2018-12-03,62250.0,62750.0,61000.0,61500.0,60600.0,59250.0,59266.666666666664,61039.583333333336,97718
2018-12-04,61500.0,62250.0,60750.0,61500.0,60900.0,59400.0,59287.5,60991.666666666664,91286
2018-12-05,60750.0,62000.0,59750.0,61000.0,61100.0,59600.0,59304.166666666664,60941.666666666664,74264
2018-12-06,61000.0,64000.0,60000.0,62250.0,61600.0,59812.5,59279.166666666664,60910.416666666664,257350
2018-12-07,62250.0,62500.0,60500.0,61000.0,61450.0,59850.0,59179.166666666664,60872.916666666664,91276
2018-12-10,59250.0,61000.0,59000.0,60250.0,61200.0,59875.0,59095.833333333336,60833.333333333336,137306
2018-12-11,60000.0,60750.0,59000.0,59750.0,60850.0,59887.5,59025.0,60804.166666666664,122314
2018-12-12,60250.0,66250.0,59750.0,65500.0,61750.0,60100.0,59062.5,60833.333333333336,462166
2018-12-13,65250.0,67000.0,64500.0,65750.0,62450.0,60362.5,59108.333333333336,60872.916666666664,306736
2018-12-14,65250.0,65750.0,63750.0,64750.0,63200.0,60587.5,59112.5,60912.5,134416
2018-12-17,64750.0,66000.0,64000.0,65500.0,64250.0,60887.5,59150.0,60956.25,105834
2018-12-18,65250.0,66250.0,64750.0,66000.0,65500.0,61275.0,59200.0,60993.75,98948
2018-12-19,66250.0,67500.0,65500.0,67250.0,65850.0,61700.0,59283.333333333336,61047.916666666664,158188
2018-12-20,67000.0,67250.0,65250.0,66750.0,66050.0,62225.0,59358.333333333336,61118.75,119364
2018-12-21,67000.0,67000.0,64500.0,65500.0,66200.0,62700.0,59383.333333333336,61179.166666666664,159774
2018-12-24,65250.0,66250.0,63750.0,65500.0,66200.0,63062.5,59391.666666666664,61243.75,105966
2018-12-26,64000.0,65000.0,62750.0,64500.0,65900.0,63287.5,59383.333333333336,61316.666666666664,162748
2018-12-27,64500.0,65000.0,63000.0,64000.0,65250.0,63487.5,59387.5,61381.25,134510
2018-12-28,63750.0,64750.0,63500.0,64500.0,64800.0,63725.0,59408.333333333336,61447.916666666664,77430
2019-01-02,64250.0,64500.0,61750.0,62750.0,64250.0,63775.0,59437.5,61495.833333333336,107912
2019-01-03,63000.0,67250.0,63000.0,66500.0,64450.0,64025.0,59533.333333333336,61568.75,244754
2019-01-04,66000.0,70000.0,65250.0,69000.0,65350.0,64400.0,59700.0,61670.833333333336,413742
2019-01-07,70000.0,70000.0,67000.0,67750.0,66100.0,64737.5,59862.5,61762.5,120570
2019-01-08,68250.0,69000.0,67000.0,68250.0,66850.0,65037.5,60079.166666666664,61860.416666666664,161100
2019-01-09,68250.0,69250.0,67750.0,68500.0,68000.0,65412.5,60295.833333333336,61931.25,117168
2019-01-10,68250.0,68750.0,66750.0,68750.0,68450.0,65837.5,60516.666666666664,61995.833333333336,149266
2019-01-11,68750.0,69250.0,67250.0,68250.0,68300.0,66262.5,60720.833333333336,62029.166666666664,94560
2019-01-14,68000.0,68500.0,66750.0,67750.0,68300.0,66375.0,60912.5,62066.666666666664,71760
2019-01-15,68000.0,70250.0,67750.0,70250.0,68700.0,66600.0,61200.0,62125.0,203064
2019-01-16,70250.0,70500.0,68750.0,69500.0,68900.0,66837.5,61445.833333333336,62166.666666666664,118356
2019-01-17,69500.0,71250.0,68750.0,70750.0,69300.0,67100.0,61700.0,62204.166666666664,201966
2019-01-18,71000.0,71750.0,69250.0,71000.0,69850.0,67350.0,61995.833333333336,62241.666666666664,161266
2019-01-21,71500.0,73750.0,71000.0,71250.0,70550.0,67550.0,62275.0,62287.5,204606
2019-01-22,71500.0,71750.0,69000.0,70500.0,70600.0,67737.5,62570.833333333336,62327.083333333336,171562
2019-01-23,70500.0,72500.0,70250.0,72250.0,71150.0,68075.0,62875.0,62375.0,126444
2019-01-24,71000.0,73500.0,70250.0,73250.0,71650.0,68462.5,63212.5,62418.75,175866
2019-01-25,71750.0,73000.0,68750.0,69250.0,71300.0,68700.0,63475.0,62414.583333333336,503274
2019-01-28,69500.0,70250.0,69000.0,69000.0,70850.0,68950.0,63675.0,62418.75,211838
2019-01-29,69250.0,71500.0,68750.0,71000.0,70950.0,69275.0,63925.0,62435.416666666664,282688
2019-01-30,70000.0,71500.0,70000.0,71000.0,70700.0,69687.5,64150.0,62483.333333333336,150426
2019-01-31,71750.0,72000.0,69750.0,71000.0,70250.0,69912.5,64395.833333333336,62522.916666666664,149962
2019-02-01,70500.0,71250.0,70250.0,70500.0,70500.0,69987.5,64595.833333333336,62558.333333333336,93674
2019-02-07,70500.0,70500.0,68250.0,68500.0,70400.0,70025.0,64787.5,62562.5,206538
2019-02-08,68750.0,68750.0,67250.0,68250.0,69850.0,70025.0,64958.333333333336,62587.5,125944
2019-02-11,67750.0,69250.0,66250.0,69000.0,69450.0,70050.0,65104.166666666664,62629.166666666664,207154
2019-02-12,68250.0,70000.0,68250.0,70000.0,69250.0,70112.5,65275.0,62672.916666666664,109406
2019-02-13,70000.0,71000.0,69500.0,70500.0,69250.0,70225.0,65458.333333333336,62725.0,114244
2019-02-14,69750.0,70250.0,69000.0,70250.0,69600.0,70350.0,65608.33333333333,62772.916666666664,167536
2019-02-15,69500.0,70250.0,68000.0,69000.0,69750.0,70287.5,65750.0,62808.333333333336,130292
2019-02-18,68500.0,69750.0,68000.0,69250.0,69800.0,70275.0,65900.0,62850.0,129978
2019-02-19,69000.0,72250.0,68750.0,71750.0,70150.0,70325.0,66104.16666666667,62910.416666666664,315010
2019-02-20,72000.0,74000.0,71750.0,72250.0,70500.0,70387.5,66337.5,62979.166666666664,243218
2019-02-21,72000.0,73000.0,71000.0,72250.0,70900.0,70437.5,66562.5,63060.416666666664,120608
2019-02-22,72500.0,73250.0,72000.0,72750.0,71650.0,70550.0,66837.5,63145.833333333336,117180
2019-02-25,73250.0,74000.0,72750.0,73750.0,72550.0,70625.0,67133.33333333333,63237.5,136464
2019-02-26,74250.0,76000.0,73500.0,75750.0,73350.0,70750.0,67425.0,63350.0,261618
2019-02-27,75500.0,75750.0,70250.0,71000.0,73100.0,70837.5,67608.33333333333,63425.0,708046
2019-02-28,71500.0,71500.0,69500.0,69750.0,72600.0,70875.0,67770.83333333333,63495.833333333336,424952
2019-03-04,70000.0,70500.0,68250.0,69500.0,71950.0,70800.0,67933.33333333333,63577.083333333336,228982
2019-03-05,68750.0,69000.0,67750.0,68500.0,70900.0,70675.0,68045.83333333333,63643.75,233404
2019-03-06,68500.0,69250.0,68000.0,68500.0,69450.0,70550.0,68162.5,63714.583333333336,124048
2019-03-07,68750.0,69000.0,65250.0,66250.0,68500.0,70337.5,68241.66666666667,63764.583333333336,389124
2019-03-08,65750.0,67000.0,65250.0,66500.0,67850.0,70237.5,68333.33333333333,63818.75,177188
2019-03-11,66500.0,66500.0,64750.0,65500.0,67050.0,70100.0,68387.5,63833.333333333336,172454
2019-03-12,66000.0,67000.0,64500.0,65000.0,66350.0,69900.0,68454.16666666667,63816.666666666664,257282
2019-03-13,65000.0,65500.0,64000.0,65000.0,65650.0,69650.0,68533.33333333333,63814.583333333336,165782
2019-03-14,65750.0,65750.0,63250.0,63750.0,65150.0,69312.5,68600.0,63812.5,258084
2019-03-15,64250.0,65000.0,63500.0,64250.0,64700.0,69012.5,68579.16666666667,63820.833333333336,285538
2019-03-18,64750.0,65250.0,63500.0,63750.0,64350.0,68750.0,68545.83333333333,63827.083333333336,189788
2019-03-19,64000.0,64750.0,63000.0,63500.0,64050.0,68462.5,68525.0,63818.75,252192
2019-03-20,63500.0,64000.0,63000.0,64000.0,63850.0,68075.0,68500.0,63825.0,104000
2019-03-21,64000.0,64750.0,61750.0,62750.0,63650.0,67600.0,68445.83333333333,63822.916666666664,289648
2019-03-22,62500.0,63250.0,61250.0,62500.0,63300.0,67112.5,68366.66666666667,63825.0,276788
2019-03-25,62000.0,62500.0,61250.0,61750.0,62900.0,66562.5,68283.33333333333,63820.833333333336,132974
2019-03-26,62500.0,63750.0,61750.0,62750.0,62750.0,66012.5,68237.5,63810.416666666664,268418
2019-03-27,63000.0,63500.0,62500.0,62500.0,62450.0,65350.0,68187.5,63789.583333333336,93616
2019-03-28,62250.0,63000.0,61750.0,62000.0,62300.0,64900.0,68145.83333333333,63764.583333333336,88846
2019-03-29,62500.0,64750.0,62250.0,64250.0,62650.0,64625.0,68150.0,63768.75,232028
2019-04-01,64500.0,65500.0,63750.0,64750.0,63250.0,64387.5,68154.16666666667,63781.25,175764
2019-04-02,64250.0,66750.0,64000.0,66000.0,63900.0,64262.5,68208.33333333333,63822.916666666664,167288
2019-04-03,65500.0,68250.0,65000.0,68000.0,65000.0,64237.5,68233.33333333333,63883.333333333336,211472
2019-04-04,68000.0,68500.0,67000.0,67750.0,66150.0,64312.5,68212.5,63956.25,128794
2019-04-05,67750.0,69000.0,67250.0,68500.0,67000.0,64412.5,68225.0,64043.75,158036
2019-04-08,68000.0,69000.0,67500.0,68750.0,67800.0,64575.0,68233.33333333333,64156.25,141720
2019-04-09,68250.0,69750.0,68000.0,69000.0,68400.0,64775.0,68241.66666666667,64268.75,121628
2019-04-10,68750.0,70000.0,68750.0,69750.0,68750.0,65012.5,68258.33333333333,64387.5,163566
2019-04-11,69750.0,70500.0,69500.0,70500.0,69300.0,65350.0,68295.83333333333,64508.333333333336,144202
2019-04-12,70250.0,70750.0,69750.0,70250.0,69650.0,65650.0,68337.5,64625.0,121476
2019-04-15,70000.0,70250.0,67750.0,68000.0,69500.0,65862.5,68300.0,64750.0,215516
2019-04-16,68250.0,71000.0,68250.0,70750.0,69850.0,66225.0,68320.83333333333,64883.333333333336,204290
2019-04-17,70500.0,71250.0,70250.0,71000.0,70100.0,66575.0,68325.0,65012.5,105292
2019-04-18,71250.0,73750.0,70750.0,73250.0,70650.0,67100.0,68362.5,65179.166666666664,377834
2019-04-19,73500.0,73500.0,71750.0,72750.0,71150.0,67612.5,68387.5,65331.25,103268
2019-04-22,72000.0,73500.0,71250.0,71750.0,71900.0,68112.5,68408.33333333333,65489.583333333336,133684
2019-04-23,72000.0,74000.0,72000.0,73250.0,72400.0,68637.5,68425.0,65650.0,258672
2019-04-24,74000.0,74750.0,73000.0,74000.0,73000.0,69212.5,68437.5,65825.0,257364
2019-04-25,74250.0,74500.0,72250.0,72500.0,72850.0,69737.5,68491.66666666667,65983.33333333333,180874
2019-04-26,72500.0,73750.0,71000.0,73500.0,73000.0,70200.0,68566.66666666667,66120.83333333333,295436
2019-04-29,74000.0,79000.0,73500.0,78750.0,74400.0,70900.0,68695.83333333333,66310.41666666667,615168
2019-04-30,79000.0,81500.0,78500.0,79750.0,75700.0,71587.5,68841.66666666667,66495.83333333333,626764
2019-05-02,79250.0,81000.0,79000.0,80500.0,77000.0,72212.5,69000.0,66697.91666666667,259554
2019-05-03,78750.0,80750.0,77750.0,79250.0,78350.0,72787.5,69145.83333333333,66870.83333333333,234806
2019-05-07,78000.0,80750.0,78000.0,79000.0,79450.0,73312.5,69320.83333333333,67054.16666666667,205362
2019-05-08,78000.0,80000.0,77500.0,79000.0,79500.0,73825.0,69500.0,67229.16666666667,216706
2019-05-09,78500.0,79750.0,76500.0,76500.0,78850.0,74200.0,69625.0,67364.58333333333,300332
2019-05-10,76000.0,78000.0,75500.0,76250.0,78000.0,74525.0,69729.16666666667,67502.08333333333,229252
2019-05-13,75000.0,76750.0,75000.0,76000.0,77350.0,74800.0,69820.83333333333,67639.58333333333,189000
2019-05-14,75500.0,77250.0,75000.0,76500.0,76850.0,75112.5,69925.0,67766.66666666667,194778
2019-05-15,76000.0,76750.0,74250.0,76500.0,76350.0,75537.5,70050.0,67900.0,214090
2019-05-16,78750.0,79500.0,75500.0,76750.0,76400.0,75837.5,70175.0,68037.5,218418
2019-05-17,76000.0,77250.0,74000.0,74500.0,76050.0,76012.5,70220.83333333333,68162.5,173584
2019-05-20,74250.0,77750.0,74250.0,77250.0,76300.0,76212.5,70304.16666666667,68320.83333333333,149154
2019-05-21,76500.0,77250.0,75000.0,75000.0,76000.0,76325.0,70350.0,68456.25,142230
2019-05-22,75250.0,77000.0,74250.0,76250.0,75950.0,76550.0,70408.33333333333,68622.91666666667,170132
2019-05-23,75750.0,77750.0,75500.0,77250.0,76050.0,76750.0,70466.66666666667,68800.0,158670
2019-05-24,76500.0,77500.0,76250.0,76750.0,76500.0,76887.5,70483.33333333333,68954.16666666667,128236
2019-05-27,78750.0,82000.0,78250.0,79500.0,76950.0,77237.5,70625.0,69116.66666666667,452658
2019-05-28,79000.0,80250.0,77750.0,79000.0,77750.0,77512.5,70779.16666666667,69275.0,292268
2019-05-29,79500.0,80500.0,78750.0,79500.0,78400.0,77550.0,70945.83333333333,69439.58333333333,182068
2019-05-30,79500.0,81000.0,78750.0,80250.0,79000.0,77575.0,71141.66666666667,69593.75,203318
2019-05-31,79750.0,81250.0,79000.0,81250.0,79900.0,77612.5,71354.16666666667,69758.33333333333,201458
2019-06-03,80250.0,81500.0,80000.0,81000.0,80200.0,77700.0,71600.0,69920.83333333333,165622
2019-06-04,81250.0,82000.0,80250.0,80750.0,80550.0,77787.5,71837.5,70085.41666666667,113816
2019-06-05,80750.0,82000.0,80250.0,81000.0,80850.0,77887.5,72095.83333333333,70241.66666666667,142660
2019-06-07,80750.0,81750.0,80000.0,80500.0,80900.0,78087.5,72354.16666666667,70404.16666666667,157586
2019-06-10,81000.0,84500.0,80500.0,83250.0,81300.0,78437.5,72658.33333333333,70595.83333333333,325650
2019-06-11,82750.0,83750.0,82500.0,83500.0,81800.0,78812.5,72987.5,70793.75,132232
2019-06-12,84000.0,84500.0,82750.0,82750.0,82200.0,79125.0,73295.83333333333,70937.5,138390
2019-06-13,82500.0,84000.0,82000.0,84000.0,82800.0,79500.0,73633.33333333333,71089.58333333333,203718
2019-06-14,83750.0,84000.0,79750.0,80500.0,82800.0,79687.5,73916.66666666667,71220.83333333333,267696
2019-06-17,80750.0,82500.0,80750.0,81500.0,82450.0,80037.5,74208.33333333333,71354.16666666667,176924
2019-06-18,81500.0,82250.0,80750.0,81250.0,82000.0,80237.5,74516.66666666667,71481.25,135238
2019-06-19,81000.0,82000.0,80250.0,81250.0,81700.0,80550.0,74829.16666666667,71597.91666666667,144840
2019-06-20,81250.0,81750.0,80250.0,81000.0,81100.0,80787.5,75150.0,71716.66666666667,75604
2019-06-21,80750.0,82000.0,80750.0,81750.0,81350.0,81012.5,75466.66666666667,71852.08333333333,127216
2019-06-24,81500.0,82500.0,81250.0,81250.0,81300.0,81237.5,75779.16666666667,71983.33333333333,62764
2019-06-25,81750.0,84000.0,81500.0,83250.0,81700.0,81425.0,76133.33333333333,72139.58333333333,196186
2019-06-26,82750.0,84250.0,82750.0,83500.0,82150.0,81650.0,76454.16666666667,72302.08333333333,130530
2019-06-27,83500.0,83500.0,81000.0,81750.0,82300.0,81762.5,76737.5,72445.83333333333,148708
2019-06-28,81250.0,82250.0,80250.0,80500.0,82050.0,81775.0,76979.16666666667,72593.75,142460
2019-07-01,81000.0,82000.0,79250.0,80250.0,81850.0,81725.0,77183.33333333333,72708.33333333333,149284
2019-07-02,80000.0,81750.0,79250.0,80750.0,81350.0,81712.5,77400.0,72806.25,89852
2019-07-03,80750.0,81000.0,77000.0,77750.0,80200.0,81562.5,77554.16666666667,72889.58333333333,234466
2019-07-04,76750.0,80750.0,76750.0,80750.0,80000.0,81550.0,77754.16666666667,72993.75,142944
2019-07-05,80750.0,81250.0,78750.0,81000.0,80100.0,81575.0,77954.16666666667,73097.91666666667,96632
2019-07-08,80250.0,80250.0,79000.0,79000.0,79850.0,81362.5,78108.33333333333,73183.33333333333,65808
2019-07-09,79250.0,80500.0,79000.0,80000.0,79700.0,81187.5,78266.66666666667,73281.25,99942
2019-07-10,80000.0,80500.0,78250.0,80000.0,80150.0,81050.0,78429.16666666667,73383.33333333333,161530
2019-07-11,79000.0,80500.0,78000.0,78250.0,79650.0,80762.5,78600.0,73450.0,187652
2019-07-12,78250.0,80500.0,78250.0,80000.0,79450.0,80737.5,78754.16666666667,73537.5,125788
2019-07-15,79750.0,80750.0,78250.0,79250.0,79500.0,80625.0,78891.66666666667,73608.33333333333,133152
2019-07-16,80000.0,80250.0,76500.0,77250.0,78950.0,80425.0,78958.33333333333,73660.41666666667,173226
2019-07-17,77750.0,78000.0,76500.0,78000.0,78550.0,80262.5,79045.83333333333,73716.66666666667,104078
2019-07-18,77000.0,77750.0,75750.0,76750.0,78250.0,80050.0,79129.16666666667,73768.75,145158
2019-07-19,77250.0,80000.0,76750.0,80000.0,78250.0,79962.5,79241.66666666667,73833.33333333333,132330
2019-07-22,79250.0,79750.0,78000.0,78750.0,78150.0,79837.5,79320.83333333333,73879.16666666667,79574
2019-07-23,78250.0,78750.0,77500.0,78250.0,78350.0,79587.5,79416.66666666667,73954.16666666667,74528
2019-07-24,77750.0,80750.0,77750.0,79250.0,78600.0,79375.0,79512.5,74039.58333333333,127438
2019-07-25,79250.0,81000.0,78000.0,78500.0,78950.0,79212.5,79508.33333333333,74102.08333333333,133200
2019-07-26,78000.0,79750.0,77000.0,77250.0,78400.0,79050.0,79466.66666666667,74154.16666666667,135124
2019-07-29,77500.0,78500.0,76000.0,77000.0,78050.0,78887.5,79408.33333333333,74204.16666666667,80518
2019-07-30,76500.0,78250.0,76000.0,77500.0,77900.0,78725.0,79379.16666666667,74262.5,116574
2019-07-31,77500.0,78500.0,76250.0,77000.0,77450.0,78687.5,79345.83333333333,74333.33333333333,94016
2019-08-01,77000.0,78000.0,76000.0,76500.0,77050.0,78475.0,79304.16666666667,74402.08333333333,114402
2019-08-02,75750.0,78500.0,75750.0,78500.0,77300.0,78350.0,79337.5,74481.25,130940
2019-08-05,78000.0,78750.0,76000.0,77750.0,77450.0,78287.5,79362.5,74545.83333333333,150990
2019-08-06,77500.0,77500.0,74750.0,75250.0,77000.0,78050.0,79350.0,74585.41666666667,277918
2019-08-07,75750.0,76500.0,75000.0,75500.0,76700.0,77825.0,79333.33333333333,74629.16666666667,126320
2019-08-08,76500.0,79000.0,75750.0,77000.0,76800.0,77762.5,79341.66666666667,74695.83333333333,209888
2019-08-09,76750.0,78750.0,76750.0,78000.0,76700.0,77662.5,79362.5,74768.75,80166
2019-08-12,77500.0,79250.0,77500.0,77750.0,76700.0,77587.5,79416.66666666667,74818.75,76480
2019-08-13,77000.0,77750.0,76250.0,76750.0,77000.0,77562.5,79408.33333333333,74856.25,77726
2019-08-14,77000.0,78000.0,76000.0,76750.0,77250.0,77500.0,79437.5,74893.75,117086
2019-08-16,77000.0,77750.0,75750.0,77250.0,77300.0,77525.0,79454.16666666667,74931.25,138958
2019-08-19,77750.0,78750.0,77250.0,78250.0,77350.0,77437.5,79470.83333333333,74968.75,70762
2019-08-20,77000.0,78750.0,77000.0,78500.0,77500.0,77425.0,79500.0,74991.66666666667,106498
2019-08-21,79000.0,79000.0,77750.0,78250.0,77800.0,77425.0,79479.16666666667,75052.08333333333,95750
2019-08-22,78500.0,79000.0,78000.0,78500.0,78150.0,77387.5,79470.83333333333,75125.0,136988
2019-08-23,78750.0,79250.0,78000.0,78250.0,78350.0,77375.0,79450.0,75197.91666666667,91308
2019-08-26,77500.0,78000.0,76750.0,77750.0,78250.0,77400.0,79408.33333333333,75275.0,66712
2019-08-27,78750.0,79250.0,77500.0,79000.0,78350.0,77500.0,79370.83333333333,75362.5,186818
2019-08-28,79500.0,81750.0,79250.0,81750.0,79050.0,77712.5,79383.33333333333,75491.66666666667,218090
2019-08-29,81750.0,81750.0,78750.0,79250.0,79200.0,77825.0,79358.33333333333,75597.91666666667,122360
2019-08-30,79750.0,80250.0,78750.0,80000.0,79550.0,78000.0,79341.66666666667,75718.75,148582
2019-09-02,81250.0,81250.0,79000.0,79250.0,79850.0,78037.5,79320.83333333333,75837.5,51870
2019-09-03,79000.0,79250.0,77250.0,77750.0,79600.0,78037.5,79229.16666666667,75943.75,120584
2019-09-04,77250.0,79500.0,77000.0,79500.0,79150.0,78250.0,79162.5,76075.0,99838
2019-09-05,78500.0,79500.0,77000.0,77000.0,78700.0,78325.0,79066.66666666667,76181.25,136878
2019-09-06,77000.0,78000.0,76250.0,77250.0,78150.0,78337.5,78954.16666666667,76293.75,97704
2019-09-09,74500.0,76500.0,74250.0,76000.0,77500.0,78237.5,78879.16666666667,76397.91666666667,331086
2019-09-10,76500.0,76750.0,75250.0,76500.0,77250.0,78175.0,78795.83333333333,76502.08333333333,143118
2019-09-11,76500.0,77250.0,76250.0,77250.0,76800.0,78200.0,78729.16666666667,76622.91666666667,190524
2019-09-16,78000.0,78000.0,76500.0,76750.0,76750.0,78200.0,78654.16666666667,76741.66666666667,111126
2019-09-17,76750.0,77000.0,75500.0,75750.0,76450.0,78125.0,78566.66666666667,76858.33333333333,111094
2019-09-18,76000.0,76500.0,75500.0,76000.0,76450.0,78012.5,78470.83333333333,76968.75,65500
2019-09-19,75750.0,76000.0,74750.0,74750.0,76100.0,77825.0,78362.5,77070.83333333333,90420
2019-09-20,74750.0,76000.0,74500.0,76000.0,75850.0,77712.5,78241.66666666667,77187.5,127068
2019-09-23,75750.0,77000.0,75250.0,77000.0,75900.0,77637.5,78133.33333333333,77293.75,80472
2019-09-24,77000.0,79500.0,77000.0,79500.0,76650.0,77700.0,78095.83333333333,77416.66666666667,249220
2019-09-25,79750.0,80500.0,78250.0,78250.0,77100.0,77725.0,78058.33333333333,77518.75,110164
2019-09-26,78000.0,79000.0,76500.0,76500.0,77450.0,77600.0,77995.83333333333,77589.58333333333,108592
2019-09-27,77250.0,77500.0,75250.0,75750.0,77400.0,77300.0,77912.5,77656.25,83350
2019-09-30,76500.0,78750.0,76000.0,78000.0,77600.0,77237.5,77916.66666666667,77735.41666666667,122186
2019-10-01,77500.0,78250.0,77000.0,77750.0,77250.0,77125.0,77866.66666666667,77810.41666666667,70298
2019-10-02,77000.0,78000.0,76500.0,77500.0,77100.0,77037.5,77808.33333333333,77881.25,74376
2019-10-04,77000.0,77000.0,75000.0,75750.0,76950.0,76937.5,77754.16666666667,77931.25,119800
2019-10-07,75750.0,76250.0,75000.0,76000.0,77000.0,76762.5,77687.5,77977.08333333333,64976
2019-10-08,75500.0,76250.0,75000.0,75250.0,76450.0,76675.0,77608.33333333333,78018.75,150496
2019-10-10,74500.0,75250.0,73750.0,74750.0,75850.0,76550.0,77550.0,78075.0,281698
2019-10-11,75250.0,75250.0,74250.0,74750.0,75300.0,76487.5,77462.5,78108.33333333333,102524
2019-10-14,75750.0,76500.0,75250.0,75500.0,75250.0,76437.5,77400.0,78145.83333333333,100832
2019-10-15,75500.0,76500.0,74500.0,75000.0,75050.0,76325.0,77362.5,78160.41666666667,128852
2019-10-16,75250.0,76250.0,74750.0,75250.0,75050.0,76250.0,77316.66666666667,78181.25,123146
2019-10-17,75000.0,75750.0,74250.0,74750.0,75050.0,76200.0,77283.33333333333,78206.25,94942
2019-10-18,75000.0,75250.0,73750.0,74000.0,74900.0,76100.0,77183.33333333333,78212.5,99118
2019-10-21,74750.0,74750.0,73250.0,73500.0,74500.0,76037.5,77095.83333333333,78208.33333333333,80342
2019-10-22,74000.0,75000.0,73500.0,74500.0,74400.0,75962.5,77033.33333333333,78225.0,115194
2019-10-23,74000.0,74250.0,73250.0,73500.0,74050.0,75787.5,76937.5,78225.0,72006
2019-10-24,73250.0,74500.0,73000.0,74000.0,73900.0,75512.5,76862.5,78185.41666666667,153208
2019-10-25,74500.0,77750.0,73500.0,76250.0,74350.0,75412.5,76845.83333333333,78156.25,379540
2019-10-28,76250.0,77500.0,76000.0,77000.0,75050.0,75437.5,76845.83333333333,78127.08333333333,154034
2019-10-29,77500.0,78000.0,76500.0,77000.0,75550.0,75500.0,76837.5,78108.33333333333,145416
2019-10-30,77750.0,77750.0,75000.0,75500.0,75950.0,75375.0,76812.5,78079.16666666667,184358
2019-10-31,75750.0,76250.0,74750.0,75500.0,76250.0,75262.5,76795.83333333333,78050.0,117410
2019-11-01,75250.0,77250.0,75000.0,77250.0,76450.0,75250.0,76775.0,78056.25,142068
2019-11-04,77250.0,78000.0,76500.0,77000.0,76450.0,75312.5,76762.5,78062.5,138138
2019-11-05,77000.0,78250.0,76750.0,78250.0,76700.0,75425.0,76812.5,78081.25,131696
2019-11-06,78250.0,78250.0,76250.0,76500.0,76900.0,75487.5,76829.16666666667,78081.25,137498
2019-11-07,76000.0,77000.0,75750.0,77000.0,77200.0,75600.0,76829.16666666667,78085.41666666667,92998
2019-11-08,76500.0,76750.0,75750.0,76250.0,77000.0,75675.0,76800.0,78081.25,104298
2019-11-11,76000.0,76500.0,75500.0,76250.0,76850.0,75712.5,76775.0,78095.83333333333,87076
2019-11-12,76250.0,76750.0,75500.0,76750.0,76550.0,75800.0,76775.0,78091.66666666667,86850
2019-11-13,76250.0,76500.0,75500.0,75750.0,76400.0,75825.0,76758.33333333333,78097.91666666667,67826
2019-11-14,75500.0,76500.0,75250.0,76000.0,76200.0,75887.5,76737.5,78095.83333333333,107940
2019-11-15,75750.0,77000.0,75500.0,76750.0,76300.0,76025.0,76712.5,78091.66666666667,117030
2019-11-18,76000.0,76250.0,74250.0,74750.0,76000.0,76087.5,76650.0,78075.0,170120
2019-11-19,74500.0,76250.0,74500.0,75750.0,75800.0,76150.0,76608.33333333333,78043.75,267088
2019-11-20,75250.0,76000.0,74750.0,76000.0,75850.0,76275.0,76566.66666666667,78018.75,77978
2019-11-21,75000.0,75750.0,74500.0,74750.0,75600.0,76312.5,76508.33333333333,77979.16666666667,86698
2019-11-22,75250.0,75500.0,74750.0,75250.0,75300.0,76262.5,76466.66666666667,77937.5,71230
2019-11-25,75000.0,75750.0,74750.0,75750.0,75500.0,76200.0,76412.5,77891.66666666667,58324
2019-11-26,75750.0,76000.0,75000.0,75250.0,75400.0,76112.5,76304.16666666667,77843.75,155242
2019-11-27,75750.0,77250.0,75250.0,76500.0,75500.0,76162.5,76258.33333333333,77808.33333333333,175764
2019-11-28,76000.0,76750.0,75250.0,76000.0,75750.0,76187.5,76191.66666666667,77766.66666666667,89760
2019-11-29,76500.0,76750.0,74750.0,75250.0,75750.0,76087.5,76125.0,77722.91666666667,92022
2019-12-02,75500.0,75500.0,73750.0,74000.0,75400.0,75937.5,76062.5,77645.83333333333,107414
2019-12-03,74000.0,74500.0,73000.0,74000.0,75150.0,75725.0,75970.83333333333,77566.66666666667,100144
2019-12-04,74250.0,74500.0,73000.0,73750.0,74600.0,75587.5,75916.66666666667,77491.66666666667,98344
2019-12-05,73250.0,74250.0,73000.0,73750.0,74150.0,75425.0,75858.33333333333,77406.25,94010
2019-12-06,73500.0,74000.0,72500.0,72750.0,73650.0,75250.0,75804.16666666667,77341.66666666667,114694
2019-12-09,72750.0,73500.0,72500.0,73000.0,73450.0,75087.5,75745.83333333333,77270.83333333333,89800
2019-12-10,73000.0,73500.0,71750.0,73250.0,73300.0,74912.5,75679.16666666667,77204.16666666667,119592
2019-12-11,73500.0,73500.0,72500.0,72500.0,73050.0,74750.0,75608.33333333333,77131.25,117822
2019-12-12,73000.0,74000.0,72500.0,73500.0,73000.0,74625.0,75570.83333333333,77068.75,195628
2019-12-13,74250.0,74500.0,73500.0,74500.0,73350.0,74512.5,75545.83333333333,77008.33333333333,137518
2019-12-16,74000.0,74500.0,73750.0,74000.0,73550.0,74475.0,75533.33333333333,76947.91666666667,107438
2019-12-17,73500.0,73750.0,72500.0,73250.0,73550.0,74350.0,75487.5,76864.58333333333,163876
2019-12-18,73000.0,73500.0,72750.0,73000.0,73650.0,74200.0,75420.83333333333,76777.08333333333,92458
2019-12-19,73500.0,73500.0,72750.0,73250.0,73600.0,74125.0,75316.66666666667,76706.25,70138
2019-12-20,73750.0,74000.0,73250.0,74000.0,73500.0,74062.5,75245.83333333333,76652.08333333333,129702
2019-12-23,74000.0,74000.0,73000.0,73250.0,73350.0,73937.5,75191.66666666667,76593.75,94320
2019-12-24,73250.0,73500.0,72250.0,72750.0,73250.0,73812.5,75141.66666666667,76527.08333333333,104376
2019-12-26,72750.0,74250.0,72750.0,74000.0,73450.0,73687.5,75075.0,76495.83333333333,81168
2019-12-27,73000.0,73250.0,72000.0,72250.0,73250.0,73500.0,74983.33333333333,76425.0,119306
2019-12-30,72000.0,72250.0,71250.0,71500.0,72750.0,73312.5,74883.33333333333,76345.83333333333,113126
2020-01-02,71250.0,71500.0,69000.0,69250.0,71950.0,73075.0,74775.0,76264.58333333333,210798
2020-01-03,69750.0,70250.0,68500.0,69000.0,71200.0,72825.0,74658.33333333333,76172.91666666667,189424
2020-01-06,68000.0,69500.0,68000.0,68750.0,70150.0,72575.0,74550.0,76079.16666666667,119004
2020-01-07,69000.0,69750.0,68750.0,69250.0,69550.0,72350.0,74458.33333333333,76004.16666666667,91232
2020-01-08,68250.0,68250.0,66000.0,66750.0,68600.0,72050.0,74325.0,75893.75,216218
2020-01-09,67000.0,68000.0,66750.0,67750.0,68300.0,71787.5,74195.83333333333,75797.91666666667,224480
2020-01-10,67000.0,69500.0,67000.0,69250.0,68350.0,71587.5,74100.0,75731.25,187792
2020-01-13,69500.0,70250.0,68750.0,70000.0,68600.0,71462.5,74012.5,75664.58333333333,118872
2020-01-14,70500.0,70750.0,69500.0,69500.0,68650.0,71262.5,73925.0,75604.16666666667,131440
2020-01-15,69000.0,70750.0,68750.0,70750.0,69450.0,71075.0,73870.83333333333,75527.08333333333,135490
2020-01-16,70500.0,71500.0,70000.0,70750.0,70050.0,70912.5,73825.0,75460.41666666667,152016
2020-01-17,71000.0,73250.0,70750.0,72250.0,70650.0,70862.5,73787.5,75410.41666666667,231730
2020-01-20,72250.0,72500.0,71500.0,71750.0,71000.0,70800.0,73758.33333333333,75347.91666666667,64632
2020-01-21,72250.0,73000.0,71500.0,72250.0,71550.0,70750.0,73729.16666666667,75295.83333333333,118652
2020-01-22,73000.0,73750.0,72000.0,73000.0,72000.0,70700.0,73675.0,75260.41666666667,224062
2020-01-23,74000.0,78500.0,73500.0,78000.0,73450.0,70937.5,73691.66666666667,75268.75,503402
2020-01-28,77250.0,79500.0,75500.0,76250.0,74250.0,71112.5,73679.16666666667,75258.33333333333,398796
2020-01-29,76750.0,77250.0,74750.0,75500.0,75000.0,71187.5,73679.16666666667,75245.83333333333,152672
2020-01-30,75250.0,76000.0,73500.0,73750.0,75300.0,71262.5,73650.0,75222.91666666667,193890
2020-01-31,73500.0,75750.0,73500.0,73500.0,75400.0,71362.5,73587.5,75181.25,212716
2020-02-03,73250.0,73500.0,71000.0,71500.0,74100.0,71475.0,73495.83333333333,75129.16666666667,265806
2020-02-04,70750.0,73500.0,70000.0,72750.0,73400.0,71662.5,73404.16666666667,75108.33333333333,233364
2020-02-05,71750.0,72000.0,70000.0,70500.0,72400.0,71750.0,73304.16666666667,75066.66666666667,223960
2020-02-06,71250.0,72750.0,70250.0,72250.0,72100.0,71900.0,73225.0,75027.08333333333,194032
2020-02-07,71500.0,72000.0,70500.0,71250.0,71650.0,72125.0,73141.66666666667,74970.83333333333,109096
2020-02-10,71250.0,71500.0,70000.0,70750.0,71500.0,72275.0,73050.0,74912.5,73962
2020-02-11,71500.0,73750.0,71000.0,73000.0,71550.0,72462.5,72987.5,74881.25,174876
2020-02-12,72250.0,74250.0,72250.0,73500.0,72150.0,72637.5,72950.0,74854.16666666667,176848
2020-02-13,73500.0,73750.0,71500.0,71500.0,72000.0,72737.5,72875.0,74806.25,189998
2020-02-14,71000.0,73000.0,71000.0,71750.0,72100.0,72787.5,72791.66666666667,74752.08333333333,94380
2020-02-17,72750.0,72750.0,71250.0,72000.0,72350.0,72850.0,72745.83333333333,74697.91666666667,97916
2020-02-18,71500.0,72000.0,70250.0,70250.0,71800.0,72750.0,72654.16666666667,74631.25,145752
2020-02-19,71000.0,71500.0,70250.0,70750.0,71250.0,72700.0,72566.66666666667,74566.66666666667,105486
2020-02-20,70750.0,71000.0,68500.0,68500.0,70650.0,72512.5,72462.5,74485.41666666667,191242
2020-02-21,68500.0,69000.0,67500.0,67750.0,69850.0,72250.0,72337.5,74402.08333333333,144540
2020-02-24,66500.0,66750.0,64500.0,64500.0,68350.0,71575.0,72150.0,74281.25,174234
2020-02-25,63000.0,64750.0,63000.0,63750.0,67050.0,70950.0,71958.33333333333,74131.25,233240
2020-02-26,63000.0,63750.0,62250.0,63000.0,65500.0,70325.0,71733.33333333333,73995.83333333333,231058
2020-02-27,62750.0,64000.0,62250.0,62750.0,64350.0,69775.0,71512.5,73852.08333333333,186876
2020-02-28,61750.0,62750.0,60500.0,61500.0,63100.0,69175.0,71283.33333333333,73704.16666666667,201766
2020-03-02,60750.0,62000.0,60000.0,61250.0,62450.0,68662.5,71070.83333333333,73566.66666666667,184260
2020-03-03,62000.0,62500.0,60250.0,60250.0,61750.0,68037.5,70841.66666666667,73406.25,195232
2020-03-04,60500.0,62500.0,60500.0,62000.0,61550.0,67612.5,70645.83333333333,73281.25,161558
2020-03-05,62250.0,62750.0,61250.0,62000.0,61400.0,67100.0,70450.0,73154.16666666667,219418
2020-03-06,61500.0,61500.0,60000.0,60250.0,61150.0,66550.0,70241.66666666667,73022.91666666667,201152
2020-03-09,60250.0,60250.0,60250.0,60250.0,60950.0,66025.0,70029.16666666667,72887.5,0
2020-03-10,55750.0,57750.0,55750.0,56500.0,60200.0,65200.0,69750.0,72714.58333333333,233938
2020-03-11,56250.0,57750.0,55250.0,56000.0,59000.0,64325.0,69475.0,72541.66666666667,227512
2020-03-12,56000.0,56000.0,56000.0,56000.0,57800.0,63550.0,69183.33333333333,72377.08333333333,0
2020-03-13,49100.0,51250.0,46900.0,50500.0,55850.0,62487.5,68783.33333333333,72164.58333333333,421880
2020-03-16,50750.0,52000.0,49250.0,49400.0,53680.0,61357.5,68373.33333333333,71953.33333333333,236566
2020-03-17,46750.0,48100.0,45450.0,45650.0,51510.0,60127.5,67913.33333333333,71700.41666666667,412506
2020-03-18,45500.0,46650.0,43200.0,43600.0,49030.0,58770.0,67423.33333333333,71422.08333333333,374506
2020-03-19,43400.0,44450.0,38750.0,39800.0,45790.0,57335.0,66865.83333333333,71091.25,414118
2020-03-20,39600.0,41150.0,38550.0,40500.0,43790.0,55972.5,66307.5,70776.66666666667,475980
2020-03-23,37500.0,38400.0,35150.0,36650.0,41240.0,54580.0,65697.5,70444.58333333333,462304
2020-03-24,37850.0,40150.0,36700.0,40150.0,40140.0,53400.0,65154.166666666664,70147.91666666667,293032
2020-03-25,42000.0,45200.0,41750.0,44550.0,40330.0,52477.5,64663.333333333336,69869.16666666667,507116
2020-03-26,44150.0,46450.0,43050.0,44500.0,41270.0,51565.0,64200.833333333336,69592.08333333333,391522
2020-03-27,46500.0,47000.0,43400.0,44250.0,42020.0,50702.5,63746.666666666664,69315.0,256400
2020-03-30,42650.0,44650.0,41700.0,43500.0,43390.0,49815.0,63317.5,69046.25,274974
2020-03-31,44200.0,46550.0,43550.0,45300.0,44420.0,49067.5,62922.5,68790.41666666667,318498
2020-04-01,44400.0,45450.0,43100.0,43100.0,44130.0,48122.5,62495.0,68522.5,241722
2020-04-02,43100.0,44450.0,42850.0,44050.0,44040.0,47225.0,62075.0,68266.66666666667,165672
2020-04-03,43500.0,45000.0,43300.0,44750.0,44140.0,46450.0,61708.333333333336,68016.66666666667,185842
2020-04-06,44800.0,51750.0,44750.0,49900.0,45420.0,45932.5,61410.833333333336,67803.33333333333,351872
2020-04-07,51500.0,52000.0,48600.0,49300.0,46220.0,45572.5,61078.333333333336,67589.16666666667,375792
2020-04-08,49050.0,50750.0,48350.0,49250.0,47450.0,45235.0,60732.5,67372.5,283308
2020-04-09,49650.0,53500.0,49650.0,52750.0,49190.0,45072.5,60453.333333333336,67189.16666666667,418074
2020-04-10,52750.0,53750.0,51500.0,52500.0,50740.0,45172.5,60149.166666666664,67010.0,232120
2020-04-13,52500.0,52500.0,50000.0,50000.0,50760.0,45202.5,59803.333333333336,66814.16666666667,221484
2020-04-14,50500.0,52250.0,50000.0,51250.0,51150.0,45482.5,59453.333333333336,66620.41666666667,172798
2020-04-16,50250.0,51250.0,49250.0,50250.0,51350.0,45815.0,59095.0,66426.66666666667,303654
2020-04-17,51000.0,53250.0,51000.0,52250.0,51250.0,46437.5,58761.666666666664,66245.41666666667,248448
2020-04-20,52500.0,54250.0,51750.0,51750.0,51100.0,47000.0,58407.5,66041.25,216492
2020-04-21,51500.0,51750.0,49500.0,50250.0,51150.0,47680.0,57945.0,65818.33333333333,332220
2020-04-22,49700.0,50250.0,47750.0,49950.0,50890.0,48170.0,57506.666666666664,65592.91666666667,336484
2020-04-23,50250.0,52750.0,49450.0,50250.0,50890.0,48455.0,57085.833333333336,65382.5,318144
2020-04-24,50000.0,50250.0,49050.0,49150.0,50270.0,48687.5,56675.833333333336,65162.916666666664,220218
2020-04-27,49350.0,49650.0,48900.0,49150.0,49750.0,48932.5,56270.0,64928.75,314030
2020-04-28,49250.0,50250.0,49000.0,49700.0,49640.0,49242.5,55906.666666666664,64701.25,330642
2020-04-29,49950.0,51750.0,49750.0,50750.0,49800.0,49515.0,55540.0,64472.083333333336,325404
2020-05-04,50000.0,51250.0,49750.0,50250.0,49800.0,49872.5,55202.5,64253.333333333336,278066
2020-05-06,50750.0,51250.0,50250.0,50750.0,50120.0,50207.5,54844.166666666664,64034.583333333336,217868
2020-05-07,50750.0,51000.0,50000.0,50250.0,50340.0,50482.5,54494.166666666664,63817.916666666664,175994
2020-05-08,50500.0,52000.0,50500.0,51000.0,50600.0,50537.5,54165.0,63607.5,261752
2020-05-11,51500.0,51750.0,50500.0,50500.0,50550.0,50597.5,53790.0,63388.75,177334
2020-05-12,50500.0,50500.0,49350.0,49700.0,50440.0,50620.0,53393.333333333336,63171.666666666664,191472
2020-05-13,48750.0,50250.0,48750.0,49950.0,50280.0,50480.0,53034.166666666664,62954.583333333336,144296
2020-05-14,49800.0,50000.0,49300.0,49950.0,50220.0,50352.5,52670.833333333336,62731.25,202258
2020-05-15,50250.0,50250.0,49250.0,49400.0,49900.0,50322.5,52294.166666666664,62520.0,137208
2020-05-18,49550.0,49850.0,48250.0,48350.0,49470.0,50177.5,51929.166666666664,62291.666666666664,284972
2020-05-19,49700.0,54000.0,49600.0,53750.0,50280.0,50352.5,51645.833333333336,62106.25,710528
2020-05-20,52750.0,53750.0,52250.0,53000.0,50890.0,50390.0,51387.5,61925.0,254126
2020-05-21,53750.0,53750.0,52250.0,52500.0,51400.0,50427.5,51133.333333333336,61735.416666666664,272448
2020-05-22,52750.0,56250.0,52500.0,53750.0,52270.0,50602.5,50954.166666666664,61552.083333333336,532008
2020-05-25,54250.0,54250.0,52250.0,53500.0,53300.0,50780.0,50783.333333333336,61370.833333333336,218036
2020-05-26,53500.0,56000.0,53000.0,55000.0,53550.0,51017.5,50650.0,61191.666666666664,355122
2020-05-27,55250.0,57250.0,54250.0,55250.0,54000.0,51322.5,50525.0,61018.75,351938
2020-05-28,55750.0,56250.0,54000.0,54750.0,54450.0,51602.5,50412.5,60847.916666666664,212088
2020-05-29,54000.0,56500.0,53500.0,56500.0,55000.0,51942.5,50333.333333333336,60702.083333333336,337034
2020-06-01,56000.0,57500.0,55750.0,57000.0,55700.0,52255.0,50279.166666666664,60560.416666666664,276654
2020-06-02,56500.0,59500.0,56250.0,58000.0,56300.0,52642.5,50212.5,60429.166666666664,307942
2020-06-03,59500.0,61250.0,59000.0,60250.0,57300.0,53117.5,50183.333333333336,60316.666666666664,480060
2020-06-04,61000.0,61750.0,59000.0,59250.0,58200.0,53567.5,50166.666666666664,60204.166666666664,254202
2020-06-05,59500.0,63750.0,58500.0,63000.0,59500.0,54167.5,50212.5,60120.833333333336,381686
2020-06-08,63500.0,64000.0,61500.0,62250.0,60550.0,54755.0,50308.333333333336,60029.166666666664,262304
2020-06-09,62250.0,63000.0,59750.0,60000.0,60950.0,55270.0,50375.0,59925.0,260940
2020-06-10,59750.0,60250.0,58500.0,58750.0,60650.0,55710.0,50420.833333333336,59802.083333333336,339996
2020-06-11,58000.0,58750.0,56250.0,57750.0,60350.0,56100.0,50541.666666666664,59662.5,359766
2020-06-12,54750.0,56250.0,54000.0,55000.0,58750.0,56380.0,50635.0,59504.166666666664,425858
2020-06-15,54500.0,55250.0,51750.0,52000.0,56700.0,56562.5,50740.833333333336,59327.083333333336,337774
2020-06-16,53000.0,56250.0,53000.0,56000.0,55900.0,56675.0,50947.5,59185.416666666664,263990
2020-06-17,55500.0,55750.0,53250.0,53500.0,54850.0,56700.0,51175.833333333336,59020.833333333336,259416
2020-06-18,53500.0,56250.0,53500.0,53750.0,54050.0,56762.5,51396.666666666664,58852.083333333336,238006
2020-06-19,54750.0,55000.0,53500.0,53500.0,53750.0,56750.0,51677.5,58687.5,226918
2020-06-22,53000.0,54000.0,52500.0,52500.0,53850.0,56700.0,51883.333333333336,58518.75,120868
2020-06-23,52750.0,54000.0,52000.0,52500.0,53150.0,56575.0,52015.833333333336,58339.583333333336,201056
2020-06-24,53750.0,55750.0,53000.0,55500.0,53550.0,56587.5,52199.166666666664,58200.0,277438
2020-06-25,54500.0,54750.0,52750.0,52750.0,53350.0,56487.5,52340.833333333336,58043.75,154684
2020-06-26,53750.0,54250.0,52750.0,53000.0,53250.0,56312.5,52499.166666666664,57908.333333333336,135054
2020-06-29,51750.0,52250.0,50750.0,51000.0,52950.0,56012.5,52594.166666666664,57758.333333333336,281966
2020-06-30,51500.0,52000.0,50250.0,50750.0,52600.0,55650.0,52721.666666666664,57608.333333333336,360802
2020-07-01,51000.0,52500.0,51000.0,51250.0,51750.0,55200.0,52841.666666666664,57458.333333333336,185112
2020-07-02,52000.0,52250.0,51250.0,52000.0,51600.0,54837.5,52962.5,57335.416666666664,126622
2020-07-03,54750.0,54750.0,52250.0,52500.0,51500.0,54312.5,53005.833333333336,57208.333333333336,233384
2020-07-06,52750.0,54000.0,51750.0,53250.0,51950.0,53862.5,53071.666666666664,57075.0,198718
2020-07-07,53750.0,54500.0,52750.0,53500.0,52500.0,53537.5,53142.5,56937.5,233794
2020-07-08,53500.0,54250.0,53000.0,53500.0,52950.0,53275.0,53155.0,56804.166666666664,179532
2020-07-09,53500.0,54250.0,53250.0,53500.0,53250.0,53062.5,53171.666666666664,56660.416666666664,210438
2020-07-10,53000.0,53250.0,51750.0,51750.0,53100.0,52900.0,53200.833333333336,56502.083333333336,181870
2020-07-13,52500.0,54250.0,52000.0,54000.0,53250.0,53000.0,53246.666666666664,56350.0,175212
2020-07-14,53250.0,54250.0,53000.0,54250.0,53400.0,52912.5,53313.333333333336,56204.166666666664,124024
2020-07-15,55500.0,57250.0,54500.0,55250.0,53750.0,53000.0,53363.333333333336,56062.5,342944
2020-07-16,55500.0,56500.0,54500.0,55250.0,54100.0,53075.0,53421.666666666664,55914.583333333336,228304
2020-07-17,55500.0,57250.0,55500.0,57000.0,55150.0,53250.0,53534.166666666664,55739.583333333336,244778
2020-07-20,57250.0,63750.0,56750.0,62750.0,56900.0,53762.5,53747.5,55627.083333333336,732166
2020-07-21,62000.0,62500.0,59750.0,61000.0,58250.0,54187.5,53926.666666666664,55506.25,537458
2020-07-22,60500.0,61000.0,58000.0,58500.0,58900.0,54337.5,54082.5,55379.166666666664,461072
2020-07-23,58250.0,58750.0,56500.0,58500.0,59550.0,54625.0,54238.333333333336,55254.166666666664,346722
2020-07-24,57500.0,60250.0,57000.0,57500.0,59650.0,54850.0,54368.333333333336,55137.5,479152
2020-07-27,56750.0,57500.0,55250.0,55500.0,58200.0,55075.0,54447.5,54993.75,424630
2020-07-28,55750.0,57000.0,55250.0,55250.0,57050.0,55300.0,54530.833333333336,54866.666666666664,269358
2020-07-29,55250.0,56500.0,54750.0,56250.0,56600.0,55550.0,54622.5,54733.333333333336,197426
2020-07-30,56500.0,58750.0,56500.0,57250.0,56350.0,55812.5,54739.166666666664,54616.666666666664,358672
2020-07-31,57250.0,57250.0,55750.0,55750.0,56000.0,55975.0,54818.333333333336,54491.666666666664,191092
2020-08-03,56000.0,56000.0,54750.0,54750.0,55850.0,56050.0,54889.166666666664,54339.583333333336,223524
2020-08-04,55500.0,56750.0,55000.0,56000.0,56000.0,56175.0,54994.166666666664,54193.75,242926
2020-08-05,56000.0,56750.0,55500.0,56250.0,56000.0,56312.5,55099.166666666664,54066.666666666664,215968
2020-08-06,57000.0,60500.0,56750.0,58750.0,56300.0,56575.0,55245.833333333336,53958.333333333336,584986
2020-08-07,58500.0,62000.0,58250.0,61000.0,57350.0,57037.5,55439.166666666664,53866.666666666664,642564
2020-08-10,61500.0,65500.0,61250.0,64250.0,59250.0,57550.0,55704.166666666664,53816.666666666664,863772
2020-08-11,64500.0,65500.0,62500.0,65000.0,61050.0,58087.5,55891.666666666664,53768.75,447658
2020-08-12,64250.0,64750.0,62250.0,62750.0,62350.0,58462.5,56054.166666666664,53720.833333333336,465328
2020-08-13,63250.0,64250.0,60750.0,61500.0,62900.0,58775.0,56204.166666666664,53668.75,437136
2020-08-14,61750.0,67500.0,60000.0,66000.0,63900.0,59225.0,56408.333333333336,53681.25,725578
2020-08-18,65250.0,65750.0,59750.0,60500.0,63150.0,59112.5,56525.0,53654.166666666664,600842
2020-08-19,61250.0,64250.0,61000.0,63500.0,62850.0,59237.5,56666.666666666664,53658.333333333336,365342
2020-08-20,62250.0,63000.0,59500.0,60000.0,62300.0,59312.5,56745.833333333336,53635.416666666664,334780
2020-08-21,61000.0,62250.0,60000.0,60250.0,62050.0,59400.0,56837.5,53625.0,278084
2020-08-24,60500.0,62000.0,59000.0,61250.0,61100.0,59587.5,56916.666666666664,53625.0,232624
2020-08-25,62000.0,63750.0,61500.0,63500.0,61700.0,59987.5,57025.0,53652.083333333336,307490
2020-08-26,63750.0,64500.0,61750.0,64500.0,61900.0,60450.0,57133.333333333336,53672.916666666664,306002
2020-08-27,65250.0,65500.0,63500.0,65000.0,62900.0,60887.5,57212.5,53697.916666666664,319188
2020-08-28,65250.0,75000.0,64750.0,72250.0,65300.0,61637.5,57429.166666666664,53797.916666666664,1472140
2020-08-31,72750.0,77500.0,72500.0,72750.0,67600.0,62487.5,57591.666666666664,53902.083333333336,858082
2020-09-01,73500.0,76500.0,72250.0,73000.0,69500.0,63400.0,57770.833333333336,54039.583333333336,482038
2020-09-02,73500.0,73500.0,70000.0,71000.0,70800.0,64150.0,57954.166666666664,54164.583333333336,436122
2020-09-03,71000.0,71500.0,69750.0,70500.0,71900.0,64862.5,58150.0,54285.416666666664,277224
2020-09-04,67750.0,69000.0,67250.0,67500.0,70950.0,65300.0,58312.5,54427.083333333336,475006
2020-09-07,67750.0,68000.0,66750.0,67500.0,69900.0,65625.0,58520.833333333336,54577.916666666664,201218
2020-09-08,67750.0,68500.0,66250.0,66750.0,68650.0,65750.0,58766.666666666664,54753.75,338126
2020-09-09,65500.0,68000.0,65500.0,67500.0,67950.0,65875.0,58958.333333333336,54952.916666666664,217378
2020-09-10,68500.0,69750.0,67750.0,68750.0,67600.0,66175.0,59212.5,55194.166666666664,353100
2020-09-11,68000.0,70500.0,67500.0,70500.0,68200.0,66625.0,59491.666666666664,55444.166666666664,313188
2020-09-14,70750.0,74500.0,70000.0,74500.0,69600.0,67050.0,59841.666666666664,55759.583333333336,414296
2020-09-15,74750.0,75000.0,72500.0,72500.0,70750.0,67650.0,60175.0,56029.166666666664,261938
2020-09-16,72000.0,75000.0,72000.0,74000.0,72050.0,68175.0,60533.333333333336,56274.583333333336,288622
2020-09-17,75250.0,76500.0,73500.0,73750.0,73050.0,68862.5,60837.5,56518.333333333336,457510
2020-09-18,73750.0,74500.0,72000.0,73750.0,73700.0,69537.5,61187.5,56764.166666666664,324478
2020-09-21,73750.0,76000.0,72750.0,73500.0,73500.0,70150.0,61529.166666666664,57014.166666666664,273426
2020-09-22,72750.0,73000.0,69750.0,70250.0,73050.0,70487.5,61850.0,57222.083333333336,320582
2020-09-23,71000.0,71250.0,68500.0,69250.0,72100.0,70725.0,62158.333333333336,57440.0,241712
2020-09-24,68500.0,70750.0,67000.0,69750.0,71300.0,70962.5,62466.666666666664,57654.166666666664,317576
2020-09-25,69000.0,71750.0,68750.0,69750.0,70500.0,70837.5,62762.5,57862.5,215686
2020-09-28,70500.0,71000.0,69500.0,70000.0,69800.0,70700.0,63054.166666666664,58030.0,179338
2020-09-29,71500.0,72500.0,70750.0,72000.0,70150.0,70650.0,63366.666666666664,58219.166666666664,211874
2020-10-05,72000.0,74500.0,71750.0,73500.0,71000.0,70775.0,63700.0,58421.25,357390
2020-10-06,74500.0,74750.0,71750.0,72500.0,71550.0,70875.0,64016.666666666664,58585.833333333336,252518
2020-10-07,72500.0,75000.0,71000.0,74250.0,72450.0,71212.5,64362.5,58767.083333333336,262756
2020-10-08,75000.0,78250.0,73750.0,76250.0,73700.0,71650.0,64770.833333333336,58985.833333333336,598730
2020-10-12,78250.0,81750.0,75000.0,75000.0,74300.0,72062.5,65120.833333333336,59183.75,636494
2020-10-13,76500.0,83250.0,76250.0,82500.0,76100.0,72812.5,65591.66666666667,59452.5,1437288
2020-10-14,84500.0,86000.0,78750.0,84250.0,78450.0,73587.5,66075.0,59719.166666666664,1587638
2020-10-15,84750.0,91250.0,83750.0,89750.0,81550.0,74550.0,66650.0,60035.833333333336,1885468
2020-10-16,90750.0,98250.0,88250.0,92250.0,84750.0,75437.5,67237.5,60385.833333333336,2518362
2020-10-19,92750.0,96500.0,87000.0,87250.0,87200.0,76175.0,67645.83333333333,60696.666666666664,1553870
2020-10-20,85500.0,111000.0,85250.0,99750.0,90650.0,77462.5,68291.66666666667,61109.166666666664,6477294
2020-10-21,101750.0,103250.0,96500.0,100250.0,93850.0,78787.5,68987.5,61535.0,1717738
2020-10-22,98250.0,98750.0,94000.0,95750.0,95050.0,79887.5,69608.33333333333,61923.333333333336,1317112
2020-10-23,95750.0,99250.0,94250.0,94250.0,95450.0,80925.0,70220.83333333333,62294.583333333336,1071580
2020-10-26,93250.0,93750.0,87750.0,89250.0,95850.0,81875.0,70783.33333333333,62615.416666666664,1531072
2020-10-27,88000.0,91250.0,86500.0,88500.0,93600.0,82837.5,71337.5,62934.166666666664,992158
2020-10-28,87750.0,90250.0,86500.0,87750.0,91100.0,83737.5,71862.5,63242.5,861868
2020-10-29,85750.0,89000.0,85500.0,88750.0,89700.0,84687.5,72387.5,63563.333333333336,842958
2020-10-30,88500.0,89500.0,83500.0,83750.0,87600.0,85375.0,72854.16666666667,63836.25,757762
2020-11-02,85000.0,87500.0,84500.0,87000.0,87150.0,86125.0,73391.66666666667,64140.416666666664,478948
2020-11-03,87000.0,87750.0,85750.0,86750.0,86800.0,86787.5,73904.16666666667,64449.166666666664,414058
2020-11-04,87500.0,88750.0,85000.0,85500.0,86350.0,87437.5,74391.66666666667,64745.416666666664,524194
2020-11-05,86250.0,90750.0,85500.0,90000.0,86600.0,88225.0,74912.5,65079.166666666664,763422
2020-11-06,90250.0,90500.0,87500.0,88500.0,87550.0,88837.5,75370.83333333333,65405.0,451570
2020-11-09,89500.0,92750.0,89000.0,92000.0,88550.0,89687.5,75833.33333333333,65768.75,726034
2020-11-10,93000.0,99000.0,91500.0,97000.0,90600.0,90412.5,76366.66666666667,66129.16666666667,1360846
2020-11-11,96750.0,98500.0,95000.0,96750.0,92850.0,91037.5,76933.33333333333,66493.75,608590
2020-11-12,98500.0,100750.0,96500.0,97000.0,94250.0,91400.0,77525.0,66864.58333333333,820008
2020-11-13,95250.0,100000.0,95250.0,96250.0,95800.0,91600.0,78029.16666666667,67218.75,577942
2020-11-16,97500.0,97750.0,93250.0,93500.0,96100.0,91912.5,78579.16666666667,67552.08333333333,657088
2020-11-17,93250.0,98000.0,93000.0,96500.0,96000.0,91750.0,79129.16666666667,67897.91666666667,659770
2020-11-18,95500.0,96250.0,94000.0,94750.0,95600.0,91475.0,79708.33333333333,68227.08333333333,463838
2020-11-19,94250.0,95500.0,93500.0,94000.0,95000.0,91387.5,80270.83333333333,68554.16666666667,289372
2020-11-20,93500.0,95000.0,93250.0,93500.0,94450.0,91350.0,80808.33333333333,68862.5,283652
2020-11-23,93750.0,95750.0,92750.0,94500.0,94650.0,91612.5,81325.0,69175.0,454590
2020-11-24,95500.0,96000.0,92750.0,93500.0,94050.0,91862.5,81808.33333333333,69470.83333333333,548962
2020-11-25,94000.0,94500.0,92250.0,92750.0,93650.0,92112.5,82270.83333333333,69741.66666666667,456630
2020-11-26,92250.0,93500.0,91250.0,92000.0,93250.0,92275.0,82600.0,70014.58333333333,327820
2020-11-27,91750.0,92500.0,91000.0,91250.0,92800.0,92650.0,82908.33333333333,70250.0,269182
2020-11-30,91250.0,92250.0,89000.0,89000.0,91700.0,92750.0,83175.0,70472.91666666667,783902
2020-12-01,90500.0,91500.0,89500.0,91000.0,91200.0,92962.5,83508.33333333333,70731.25,331202
2020-12-02,91250.0,91500.0,89250.0,89750.0,90600.0,93175.0,83829.16666666667,70989.58333333333,616696
2020-12-03,90500.0,93500.0,89000.0,93250.0,90850.0,93337.5,84258.33333333333,71285.41666666667,760362
2020-12-04,93750.0,94250.0,92000.0,93000.0,91200.0,93562.5,84683.33333333333,71602.08333333333,578210
2020-12-07,93250.0,97000.0,90500.0,96750.0,92750.0,93800.0,85183.33333333333,71975.0,873516
2020-12-08,98000.0,98250.0,92750.0,92750.0,93100.0,93587.5,85604.16666666667,72281.25,717248
2020-12-09,92750.0,93750.0,92000.0,92750.0,93700.0,93387.5,86004.16666666667,72608.33333333333,414346
2020-12-10,91500.0,92750.0,91500.0,92000.0,93450.0,93137.5,86362.5,72927.08333333333,517876
2020-12-11,92750.0,95250.0,92250.0,93750.0,93600.0,93012.5,86683.33333333333,73262.5,697862
2020-12-14,94750.0,97000.0,93000.0,94000.0,93050.0,93037.5,87041.66666666667,73608.33333333333,952784
2020-12-15,95250.0,95750.0,92500.0,93250.0,93150.0,92875.0,87362.5,73947.91666666667,498278
2020-12-16,93750.0,94000.0,92250.0,92750.0,93150.0,92775.0,87679.16666666667,74258.33333333333,362326
2020-12-17,92750.0,92750.0,90500.0,91250.0,93000.0,92637.5,87970.83333333333,74579.16666666667,1296136
2020-12-18,91250.0,91500.0,90250.0,90500.0,92350.0,92487.5,88254.16666666667,74891.66666666667,421908
2020-12-21,91000.0,91000.0,88750.0,90250.0,91600.0,92275.0,88587.5,75218.75,360158
2020-12-22,89750.0,92500.0,89000.0,89750.0,90900.0,92087.5,88929.16666666667,75543.75,447610
2020-12-23,90250.0,91500.0,89750.0,90250.0,90400.0,91962.5,89270.83333333333,75868.75,397162
2020-12-24,91000.0,91250.0,90250.0,91000.0,90350.0,91912.5,89625.0,76193.75,250916
2020-12-28,90250.0,90750.0,89000.0,89500.0,90150.0,91825.0,89950.0,76502.08333333333,482564
2020-12-29,89250.0,90000.0,88500.0,89500.0,90000.0,91850.0,90241.66666666667,76804.16666666667,364716
2020-12-30,89500.0,93000.0,88750.0,92000.0,90450.0,91900.0,90550.0,77125.0,692252
2021-01-04,92000.0,97000.0,90750.0,95000.0,91400.0,92162.5,90925.0,77470.83333333333,1353002
2021-01-05,95250.0,97500.0,93750.0,95500.0,92300.0,92275.0,91279.16666666667,77820.83333333333,880316
2021-01-06,94500.0,96250.0,92500.0,92750.0,92950.0,92262.5,91554.16666666667,78162.5,764752
2021-01-07,95250.0,103500.0,94000.0,99750.0,95000.0,92412.5,91966.66666666667,78543.75,3186704
2021-01-08,105000.0,112250.0,100000.0,100500.0,96700.0,92800.0,92266.66666666667,78929.16666666667,4805988
2021-01-11,102750.0,107250.0,95500.0,96750.0,97050.0,93000.0,92475.0,79275.0,2107640
2021-01-12,95250.0,97250.0,92000.0,93500.0,96650.0,93075.0,92537.5,79593.75,956490
2021-01-13,93000.0,95500.0,92750.0,95000.0,97100.0,93137.5,92583.33333333333,79910.41666666667,652164
2021-01-14,93750.0,94500.0,92750.0,92750.0,95700.0,93075.0,92675.0,80160.41666666667,561552
2021-01-15,93500.0,97250.0,93250.0,93500.0,94300.0,93087.5,92570.83333333333,80431.25,785608
2021-01-18,92250.0,94000.0,90500.0,90750.0,93100.0,92987.5,92412.5,80700.0,542530
2021-01-19,91750.0,95750.0,91000.0,94500.0,93300.0,93150.0,92391.66666666667,81000.0,646374
2021-01-20,98250.0,98250.0,92750.0,94000.0,93100.0,93325.0,92387.5,81304.16666666667,654076
2021-01-21,95000.0,112750.0,94000.0,110500.0,96650.0,94337.5,92741.66666666667,81762.5,4962382
2021-01-22,108250.0,111250.0,105500.0,105500.0,99050.0,95125.0,93025.0,82181.25,1654942
2021-01-25,104250.0,117500.0,102250.0,113750.0,103650.0,96300.0,93458.33333333333,82660.41666666667,2887328
2021-01-26,113750.0,114000.0,108500.0,108750.0,106500.0,97187.5,93791.66666666667,83089.58333333333,1239148
2021-01-27,108500.0,110500.0,104750.0,105750.0,108850.0,98000.0,94158.33333333333,83506.25,1314470
2021-01-28,102250.0,103250.0,99250.0,100000.0,106750.0,98525.0,94375.0,83883.33333333333,1078314
2021-01-29,101250.0,102000.0,93750.0,95000.0,104650.0,98675.0,94512.5,84208.33333333333,1220212
2021-02-01,95500.0,100250.0,94500.0,99250.0,101750.0,98887.5,94741.66666666667,84566.66666666667,878832
2021-02-02,99500.0,103500.0,99250.0,100750.0,100150.0,99150.0,94920.83333333333,84916.66666666667,757620
2021-02-03,103750.0,114000.0,103000.0,106250.0,100250.0,99825.0,95216.66666666667,85293.75,2617922
2021-02-04,110500.0,114500.0,107000.0,112000.0,102650.0,100437.5,95550.0,85691.66666666667,2000650
2021-02-05,113500.0,113750.0,107000.0,110500.0,105750.0,100937.5,95775.0,86070.83333333333,1198248
2021-02-08,104500.0,105750.0,99750.0,100000.0,105900.0,101100.0,95829.16666666667,86381.25,1816064
2021-02-09,100000.0,102750.0,99750.0,100500.0,105850.0,101450.0,95887.5,86706.25,694166
2021-02-10,102250.0,105000.0,101250.0,104250.0,105450.0,101912.5,96020.83333333333,87025.0,597186
2021-02-15,106250.0,108000.0,104500.0,105250.0,104100.0,102537.5,96216.66666666667,87397.91666666667,622514
2021-02-16,105750.0,107000.0,105000.0,105750.0,103150.0,103150.0,96370.83333333333,87750.0,423184
2021-02-17,105750.0,106000.0,103000.0,104000.0,103950.0,103812.5,96525.0,88116.66666666667,445758
2021-02-18,103500.0,104000.0,100500.0,101750.0,104200.0,104175.0,96654.16666666667,88462.5,520748
2021-02-19,103250.0,107750.0,103000.0,106000.0,104550.0,104775.0,96862.5,88835.41666666667,1297094
2021-02-22,106750.0,109000.0,105000.0,106000.0,104700.0,104550.0,97054.16666666667,89189.58333333333,687188
2021-02-23,104000.0,105000.0,102000.0,102750.0,104100.0,104412.5,97208.33333333333,89508.33333333333,696998
2021-02-24,101750.0,102750.0,96000.0,96500.0,102600.0,103550.0,97270.83333333333,89770.83333333333,1167788
2021-02-25,98750.0,98750.0,96000.0,97500.0,101750.0,102987.5,97362.5,89981.25,1012056
2021-02-26,93750.0,99250.0,93500.0,96500.0,99850.0,102525.0,97450.0,90179.16666666667,828014
2021-03-02,98750.0,99500.0,95250.0,96750.0,98000.0,102362.5,97579.16666666667,90377.08333333333,646768
2021-03-03,96500.0,98500.0,95750.0,98250.0,97100.0,102525.0,97700.0,90604.16666666667,398948
2021-03-04,96000.0,97750.0,95250.0,97000.0,97200.0,102412.5,97820.83333333333,90825.0,384072
2021-03-05,95500.0,97750.0,94750.0,96750.0,97050.0,102212.5,97879.16666666667,91068.75,397138
2021-03-08,97000.0,98000.0,95750.0,95750.0,96900.0,101687.5,97925.0,91304.16666666667,305330
2021-03-09,95500.0,96500.0,91500.0,94250.0,96400.0,100800.0,97883.33333333333,91533.33333333333,620016
2021-03-10,96000.0,96500.0,93000.0,94500.0,95650.0,100000.0,97912.5,91758.33333333333,352148
2021-03-11,94750.0,97000.0,94000.0,96000.0,95450.0,99800.0,97966.66666666667,91985.41666666667,380554
2021-03-12,97000.0,99250.0,96500.0,98500.0,95800.0,99700.0,98075.0,92218.75,373422
2021-03-15,98750.0,99250.0,96750.0,97750.0,96200.0,99375.0,98141.66666666667,92412.5,280720
2021-03-16,98000.0,99000.0,97750.0,98000.0,96950.0,99012.5,98208.33333333333,92625.0,187918
2021-03-17,98000.0,98500.0,96000.0,96000.0,97250.0,98525.0,98254.16666666667,92808.33333333333,221070
2021-03-18,97000.0,98250.0,96500.0,96500.0,97350.0,98150.0,98316.66666666667,92997.91666666667,264730
2021-03-19,95500.0,97000.0,94500.0,95750.0,96800.0,97850.0,98391.66666666667,93181.25,256904
2021-03-22,96250.0,96500.0,94750.0,96000.0,96450.0,97350.0,98483.33333333333,93368.75,217680
2021-03-23,96500.0,98000.0,95500.0,96000.0,96050.0,96850.0,98579.16666666667,93583.33333333333,304590
2021-03-24,94750.0,95750.0,93750.0,93750.0,95600.0,96400.0,98645.83333333333,93787.5,330840
2021-03-25,93500.0,95500.0,93000.0,95250.0,95350.0,96337.5,98729.16666666667,94000.0,264446
2021-03-26,95250.0,98750.0,94250.0,98250.0,95850.0,96375.0,98850.0,94237.5,439242
2021-03-29,97750.0,97750.0,95000.0,95500.0,95750.0,96325.0,98950.0,94450.0,394134
2021-03-30,95500.0,96500.0,95000.0,95250.0,95600.0,96250.0,99045.83333333333,94643.75,418630
2021-03-31,95250.0,95500.0,93750.0,93750.0,95600.0,96025.0,99075.0,94812.5,387246
2021-04-01,94000.0,95000.0,93250.0,93500.0,95250.0,95850.0,99050.0,94987.5,405304
2021-04-02,94250.0,96500.0,94000.0,94250.0,94450.0,95725.0,99029.16666666667,95154.16666666667,688232
2021-04-05,94750.0,95000.0,93500.0,93750.0,94100.0,95625.0,99045.83333333333,95300.0,253080
2021-04-06,94250.0,94500.0,93000.0,93000.0,93650.0,95562.5,98933.33333333333,95450.0,298848
2021-04-07,93000.0,93500.0,91250.0,91500.0,93200.0,95412.5,98783.33333333333,95525.0,606898
2021-04-08,91500.0,91750.0,89250.0,90000.0,92500.0,95112.5,98670.83333333333,95572.91666666667,1286600
2021-04-09,89500.0,91250.0,88500.0,90250.0,91700.0,94700.0,98616.66666666667,95577.08333333333,695936
2021-04-12,90500.0,90750.0,89000.0,89250.0,90800.0,94275.0,98520.83333333333,95552.08333333333,404238
2021-04-13,89750.0,92500.0,89500.0,91750.0,90550.0,93962.5,98504.16666666667,95589.58333333333,532650
2021-04-14,92750.0,93000.0,91250.0,92000.0,90650.0,93762.5,98479.16666666667,95525.0,441742
2021-04-15,92500.0,92750.0,91500.0,92000.0,91050.0,93537.5,98500.0,95456.25,303896
2021-04-16,92250.0,93000.0,92000.0,92250.0,91450.0,93362.5,98462.5,95427.08333333333,243828
2021-04-19,92250.0,92500.0,91250.0,92250.0,92050.0,93175.0,98433.33333333333,95410.41666666667,232624
2021-04-20,92500.0,94750.0,92250.0,94250.0,92550.0,93087.5,98162.5,95452.08333333333,541934
2021-04-21,94250.0,94250.0,92500.0,93500.0,92850.0,93075.0,97962.5,95493.75,274326
2021-04-22,93500.0,94250.0,93250.0,93500.0,93150.0,92987.5,97625.0,95541.66666666667,238728
2021-04-23,93250.0,94000.0,92000.0,93500.0,93400.0,92750.0,97370.83333333333,95581.25,275930
2021-04-26,94250.0,97250.0,93000.0,97250.0,94400.0,92837.5,97229.16666666667,95693.75,895742
2021-04-27,97500.0,98250.0,96000.0,97750.0,95100.0,92962.5,97191.66666666667,95783.33333333333,601070
2021-04-28,97500.0,98250.0,95500.0,96000.0,95600.0,93075.0,97208.33333333333,95860.41666666667,409474
2021-04-29,96250.0,96750.0,93000.0,94000.0,95700.0,93100.0,97120.83333333333,95931.25,366570
2021-04-30,95000.0,97500.0,94000.0,96000.0,96200.0,93187.5,97041.66666666667,95981.25,457358
2021-05-03,96500.0,97500.0,95250.0,96250.0,96000.0,93312.5,96875.0,96045.83333333333,325736
2021-05-04,96750.0,97000.0,93250.0,97000.0,95850.0,93512.5,96625.0,96087.5,410700
2021-05-06,96250.0,99500.0,95500.0,99500.0,96550.0,93912.5,96441.66666666667,96108.33333333333,673792
2021-05-07,99500.0,100000.0,98250.0,99250.0,97600.0,94375.0,96429.16666666667,96129.16666666667,332140
2021-05-10,100000.0,100000.0,98250.0,99500.0,98300.0,94837.5,96412.5,96150.0,290704
2021-05-11,99000.0,99250.0,97000.0,99000.0,98850.0,95325.0,96325.0,96172.91666666667,314524
2021-05-12,98500.0,99250.0,96250.0,98000.0,99050.0,95637.5,96204.16666666667,96210.41666666667,331330
2021-05-13,95500.0,98000.0,93500.0,94500.0,98050.0,95762.5,96016.66666666667,96193.75,752938
2021-05-14,96000.0,96250.0,93000.0,93000.0,96800.0,95812.5,95833.33333333333,96179.16666666667,416142
2021-05-17,93750.0,94000.0,91500.0,91750.0,95250.0,95787.5,95666.66666666667,96160.41666666667,258376
2021-05-18,92500.0,94250.0,92250.0,94000.0,94250.0,95875.0,95466.66666666667,96164.58333333333,207944
2021-05-20,93000.0,95000.0,92250.0,94500.0,93550.0,95887.5,95275.0,96164.58333333333,237800
2021-05-21,95250.0,96250.0,93250.0,93500.0,93350.0,95887.5,95120.83333333333,96164.58333333333,249484
2021-05-24,93500.0,94500.0,92500.0,93250.0,93400.0,95875.0,95066.66666666667,96168.75,167284
2021-05-25,93250.0,94500.0,92750.0,93750.0,93800.0,95887.5,95004.16666666667,96183.33333333333,135234
2021-05-26,93500.0,94500.0,93000.0,93500.0,93700.0,95700.0,94954.16666666667,96202.08333333333,120626
2021-05-27,93750.0,94250.0,92500.0,92750.0,93350.0,95450.0,94887.5,96233.33333333333,237616
2021-05-28,93500.0,97000.0,93000.0,95750.0,93800.0,95437.5,94845.83333333333,96272.91666666667,415810
2021-05-31,96250.0,97000.0,94000.0,94500.0,94050.0,95462.5,94804.16666666667,96312.5,259542
2021-06-01,95000.0,98000.0,94750.0,95750.0,94450.0,95450.0,94787.5,96333.33333333333,330058
2021-06-02,95750.0,97250.0,95500.0,95750.0,94900.0,95425.0,94787.5,96356.25,229512
2021-06-03,96000.0,97750.0,95000.0,96750.0,95700.0,95412.5,94829.16666666667,96356.25,231882
2021-06-04,96500.0,97750.0,94500.0,97000.0,95950.0,95287.5,94870.83333333333,96391.66666666667,340746
2021-06-07,98000.0,98750.0,96750.0,97000.0,96450.0,95175.0,94887.5,96427.08333333333,327916
2021-06-08,97000.0,100000.0,95750.0,99000.0,97100.0,95150.0,94895.83333333333,96485.41666666667,559394
2021-06-09,99250.0,99500.0,96000.0,96250.0,97200.0,95012.5,94870.83333333333,96506.25,372430
2021-06-10,96000.0,96500.0,94750.0,94750.0,96800.0,94850.0,94816.66666666667,96512.5,436740
2021-06-11,95250.0,96500.0,94750.0,95500.0,96500.0,94900.0,94808.33333333333,96531.25,208408
2021-06-14,95500.0,95750.0,93000.0,94750.0,96050.0,94987.5,94779.16666666667,96547.91666666667,275802
2021-06-15,95000.0,97500.0,93750.0,97250.0,95700.0,95262.5,94804.16666666667,96597.91666666667,361096
2021-06-16,96500.0,103000.0,96250.0,102250.0,96900.0,95675.0,94908.33333333333,96695.83333333333,1587850
2021-06-17,101250.0,103000.0,101000.0,102250.0,98400.0,96062.5,95012.5,96795.83333333333,545488
2021-06-18,102250.0,102500.0,99500.0,101250.0,99550.0,96450.0,95137.5,96891.66666666667,438162
2021-06-21,100000.0,102250.0,99250.0,102250.0,101050.0,96900.0,95254.16666666667,96991.66666666667,423934
2021-06-22,103500.0,106000.0,102750.0,103750.0,102350.0,97400.0,95345.83333333333,97097.91666666667,687072
2021-06-23,103500.0,107250.0,101500.0,106250.0,103150.0,98037.5,95525.0,97237.5,726178
2021-06-24,107000.0,108500.0,103250.0,103750.0,103450.0,98587.5,95666.66666666667,97356.25,558898
2021-06-25,104500.0,108000.0,104250.0,106500.0,104500.0,99125.0,95879.16666666667,97477.08333333333,537804
2021-06-28,106000.0,106250.0,103500.0,106000.0,105250.0,99700.0,96087.5,97568.75,309930
2021-06-29,106000.0,106250.0,103250.0,104250.0,105350.0,100125.0,96254.16666666667,97641.66666666667,367250
2021-06-30,104500.0,105750.0,103500.0,104500.0,105000.0,100562.5,96433.33333333333,97739.58333333333,257656
2021-07-01,104000.0,104250.0,102000.0,103000.0,104850.0,100875.0,96600.0,97766.66666666667,284878
2021-07-02,103000.0,104500.0,102250.0,102750.0,104100.0,101162.5,96787.5,97785.41666666667,175616
2021-07-05,104500.0,106500.0,103750.0,105500.0,104000.0,101587.5,97045.83333333333,97858.33333333333,384626
2021-07-06,106500.0,107000.0,105000.0,105500.0,104250.0,101912.5,97300.0,97958.33333333333,237604
2021-07-07,104250.0,104500.0,102500.0,103500.0,104050.0,102275.0,97537.5,98029.16666666667,348258
2021-07-08,103500.0,104000.0,100000.0,100250.0,103500.0,102550.0,97679.16666666667,98091.66666666667,442936
2021-07-09,99000.0,100750.0,98250.0,99500.0,102850.0,102750.0,97804.16666666667,98141.66666666667,265208
2021-07-12,100500.0,100750.0,99500.0,100250.0,101800.0,103025.0,97941.66666666667,98220.83333333333,144328
2021-07-13,100250.0,101750.0,99750.0,100500.0,100800.0,103187.5,98079.16666666667,98270.83333333333,207694
2021-07-14,100500.0,100750.0,99000.0,99000.0,99900.0,103025.0,98191.66666666667,98312.5,233224
2021-07-15,99500.0,103500.0,99250.0,103000.0,100450.0,103062.5,98337.5,98250.0,371256
2021-07-16,101750.0,102000.0,100250.0,101500.0,100850.0,103075.0,98470.83333333333,98216.66666666667,161238
2021-07-19,100250.0,101500.0,99500.0,100750.0,100950.0,103000.0,98591.66666666667,98108.33333333333,157674
2021-07-20,99250.0,100500.0,99250.0,99500.0,100750.0,102787.5,98691.66666666667,98031.25,166544
2021-07-21,100250.0,100500.0,99000.0,99750.0,100900.0,102462.5,98733.33333333333,97981.25,177534
2021-07-22,100250.0,102000.0,99750.0,100500.0,100400.0,102300.0,98779.16666666667,97985.41666666667,201308
2021-07-23,100750.0,101250.0,99000.0,100000.0,100100.0,101975.0,98845.83333333333,98027.08333333333,183238
2021-07-26,101500.0,106000.0,100750.0,103000.0,100550.0,101825.0,98995.83333333333,98058.33333333333,687544
2021-07-27,104000.0,104500.0,100750.0,101500.0,100950.0,101687.5,99087.5,98064.58333333333,258886
2021-07-28,100500.0,101750.0,99250.0,99500.0,100900.0,101437.5,99141.66666666667,98008.33333333333,298726
2021-07-29,100000.0,100750.0,99500.0,100250.0,100850.0,101300.0,99195.83333333333,97910.41666666667,159840
2021-07-30,99750.0,100000.0,97250.0,97250.0,100300.0,101025.0,99158.33333333333,97800.0,299576
2021-08-02,97750.0,98500.0,96500.0,98000.0,99300.0,100650.0,99137.5,97783.33333333333,156904
2021-08-03,99000.0,99000.0,96000.0,96750.0,98350.0,100212.5,99091.66666666667,97752.08333333333,205172
2021-08-04,97250.0,99250.0,97250.0,97750.0,98000.0,99925.0,99070.83333333333,97697.91666666667,202064
2021-08-05,97750.0,99000.0,97500.0,97750.0,97500.0,99800.0,99066.66666666667,97635.41666666667,135586
2021-08-06,98250.0,98500.0,97000.0,97500.0,97550.0,99700.0,99116.66666666667,97566.66666666667,119168
2021-08-09,96750.0,97000.0,95750.0,96000.0,97150.0,99487.5,99166.66666666667,97500.0,177700
2021-08-10,95500.0,95750.0,94250.0,94750.0,96750.0,99200.0,99216.66666666667,97441.66666666667,186748
2021-08-11,94750.0,96000.0,94250.0,94500.0,96100.0,98975.0,99225.0,97345.83333333333,219748
2021-08-12,95500.0,96250.0,94500.0,94750.0,95500.0,98562.5,99229.16666666667,97252.08333333333,159976
2021-08-13,95750.0,95750.0,92750.0,93750.0,94750.0,98175.0,99233.33333333333,97177.08333333333,237174
2021-08-17,94000.0,94750.0,92000.0,93250.0,94200.0,97800.0,99233.33333333333,97150.0,251184
2021-08-18,92500.0,94250.0,91750.0,93000.0,93850.0,97475.0,99220.83333333333,97112.5,183554
2021-08-19,92000.0,92750.0,89250.0,89500.0,92850.0,96962.5,99154.16666666667,97054.16666666667,279364
2021-08-20,90250.0,90750.0,87000.0,87750.0,91450.0,96325.0,99070.83333333333,96979.16666666667,271746
2021-08-23,88000.0,91000.0,88000.0,90000.0,90700.0,95825.0,98975.0,96910.41666666667,210102
2021-08-24,90250.0,92500.0,90250.0,91500.0,90350.0,95250.0,98925.0,96864.58333333333,184796
2021-08-25,91500.0,93000.0,90500.0,92500.0,90250.0,94800.0,98870.83333333333,96829.16666666667,156512
2021-08-26,92000.0,96000.0,91750.0,95250.0,91400.0,94587.5,98862.5,96825.0,454986
2021-08-27,95000.0,96500.0,94500.0,95000.0,92850.0,94325.0,98833.33333333333,96831.25,270154
2021-08-30,97000.0,98000.0,96000.0,97000.0,94250.0,94312.5,98833.33333333333,96852.08333333333,283028
2021-08-31,97500.0,97500.0,94750.0,97000.0,95350.0,94262.5,98833.33333333333,96860.41666666667,432592
2021-09-01,96000.0,97500.0,95000.0,96250.0,96100.0,94237.5,98787.5,96841.66666666667,176002
2021-09-02,95500.0,96000.0,93500.0,93500.0,95750.0,94025.0,98741.66666666667,96806.25,289084
2021-09-03,93500.0,95250.0,93000.0,95000.0,95750.0,93887.5,98745.83333333333,96781.25,158086
2021-09-06,96000.0,96000.0,94250.0,95000.0,95350.0,93762.5,98737.5,96772.91666666667,112856
2021-09-07,95000.0,95000.0,93750.0,94000.0,94750.0,93662.5,98725.0,96752.08333333333,101756
2021-09-08,94000.0,95000.0,93250.0,93750.0,94250.0,93612.5,98666.66666666667,96735.41666666667,149222
2021-09-09,93000.0,93750.0,90750.0,91250.0,93800.0,93450.0,98483.33333333333,96695.83333333333,302670
2021-09-10,91250.0,92000.0,89500.0,90000.0,92800.0,93212.5,98279.16666666667,96645.83333333333,238122
2021-09-13,89750.0,90500.0,88750.0,89250.0,91650.0,92987.5,98079.16666666667,96608.33333333333,170866
2021-09-14,89500.0,92250.0,89500.0,90750.0,91000.0,92862.5,97887.5,96570.83333333333,313394
2021-09-15,89750.0,90500.0,89250.0,89750.0,90200.0,92700.0,97654.16666666667,96500.0,190664
2021-09-16,90250.0,90500.0,89000.0,89250.0,89800.0,92687.5,97370.83333333333,96447.91666666667,160038
2021-09-17,88750.0,89250.0,87750.0,89250.0,89650.0,92762.5,97129.16666666667,96397.91666666667,255828
2021-09-23,87750.0,89250.0,87250.0,88500.0,89500.0,92687.5,96829.16666666667,96354.16666666667,219624
2021-09-24,89500.0,89500.0,87500.0,88000.0,88950.0,92512.5,96529.16666666667,96308.33333333333,157494
2021-09-27,87500.0,88500.0,87000.0,87250.0,88450.0,92250.0,96245.83333333333,96250.0,200842
2021-09-28,87000.0,87250.0,84500.0,84750.0,87550.0,91725.0,95916.66666666667,96175.0,376816
2021-09-29,83000.0,84750.0,82500.0,84000.0,86500.0,91175.0,95600.0,96100.0,322500
2021-09-30,83000.0,84000.0,82500.0,83250.0,85450.0,90487.5,95275.0,96031.25,223574
2021-10-01,83000.0,83000.0,80250.0,80750.0,84000.0,89675.0,94862.5,95954.16666666667,333174
2021-10-05,79000.0,81750.0,78750.0,79750.0,82500.0,88850.0,94433.33333333333,95866.66666666667,392848
2021-10-06,80250.0,82000.0,79000.0,79250.0,81400.0,88137.5,94029.16666666667,95783.33333333333,282762
2021-10-07,80000.0,83500.0,80000.0,82250.0,81050.0,87500.0,93729.16666666667,95704.16666666667,292768
2021-10-08,83500.0,87000.0,83000.0,86000.0,81600.0,87050.0,93504.16666666667,95654.16666666667,478894
2021-10-12,85500.0,87000.0,84500.0,84500.0,82350.0,86575.0,93241.66666666667,95591.66666666667,277066
2021-10-13,84750.0,89000.0,84750.0,87750.0,83950.0,86275.0,93029.16666666667,95554.16666666667,326016
2021-10-14,89250.0,89500.0,87750.0,89250.0,85950.0,86175.0,92866.66666666667,95529.16666666667,299502
2021-10-15,90000.0,90250.0,88000.0,89250.0,87350.0,86137.5,92637.5,95487.5,195392
2021-10-18,89000.0,89750.0,86750.0,88250.0,87800.0,86087.5,92416.66666666667,95443.75,212622
2021-10-19,89500.0,89750.0,87750.0,88750.0,88650.0,85987.5,92216.66666666667,95404.16666666667,137284
2021-10-20,88750.0,89000.0,86500.0,87500.0,88600.0,85875.0,92016.66666666667,95354.16666666667,154808
2021-10-21,87250.0,89250.0,87000.0,88500.0,88450.0,85837.5,91829.16666666667,95281.25,206140
2021-10-22,87500.0,88000.0,86000.0,86250.0,87850.0,85687.5,91591.66666666667,95185.41666666667,177156
2021-10-25,85750.0,87750.0,84500.0,86500.0,87500.0,85587.5,91366.66666666667,95106.25,134902
2021-10-26,87000.0,87250.0,85750.0,87000.0,87150.0,85537.5,91100.0,95047.91666666667,120480
2021-10-27,87000.0,87250.0,85750.0,85750.0,86800.0,85462.5,90837.5,94962.5,121020
2021-10-28,85500.0,87000.0,84750.0,84750.0,86050.0,85462.5,90591.66666666667,94866.66666666667,222882
2021-10-29,85750.0,88500.0,83750.0,83750.0,85550.0,85450.0,90316.66666666667,94756.25,310650
2021-11-01,84750.0,85750.0,84250.0,84250.0,85100.0,85500.0,90100.0,94629.16666666667,128388
2021-11-02,84500.0,86000.0,84000.0,84000.0,84500.0,85662.5,89866.66666666667,94502.08333333333,151054
2021-11-03,84250.0,84500.0,82500.0,82500.0,83850.0,85800.0,89629.16666666667,94360.41666666667,167016
2021-11-04,83500.0,85250.0,82000.0,82000.0,83300.0,85937.5,89366.66666666667,94218.75,192410
2021-11-05,82750.0,83250.0,81000.0,81750.0,82900.0,85912.5,89100.0,94083.33333333333,140706
2021-11-08,81250.0,82000.0,80000.0,81500.0,82350.0,85687.5,88833.33333333333,93975.0,161840
2021-11-09,81750.0,82500.0,79500.0,79500.0,81450.0,85437.5,88558.33333333333,93862.5,220364
2021-11-10,79750.0,79750.0,78500.0,78500.0,80650.0,84975.0,88287.5,93752.08333333333,197712
2021-11-11,77250.0,78000.0,76750.0,76750.0,79600.0,84350.0,87991.66666666667,93608.33333333333,254752
2021-11-12,77250.0,79000.0,77000.0,78500.0,78950.0,83812.5,87720.83333333333,93475.0,171862
2021-11-15,79250.0,82500.0,79250.0,81500.0,78950.0,83475.0,87516.66666666667,93375.0,280454
2021-11-16,81500.0,81750.0,80250.0,80750.0,79200.0,83075.0,87308.33333333333,93270.83333333333,252072
2021-11-17,80750.0,81000.0,79250.0,79500.0,79400.0,82675.0,87083.33333333333,93152.08333333333,164560
2021-11-18,78500.0,79500.0,77500.0,77500.0,79550.0,82125.0,86883.33333333333,93018.75,213216
2021-11-19,78250.0,79500.0,77750.0,79250.0,79700.0,81775.0,86741.66666666667,92906.25,111846
2021-11-22,78750.0,81750.0,77750.0,81500.0,79700.0,81525.0,86600.0,92787.5,228950
2021-11-23,80750.0,80750.0,79000.0,79000.0,79350.0,81125.0,86391.66666666667,92658.33333333333,211740
2021-11-24,79500.0,80000.0,78500.0,79750.0,79400.0,80825.0,86179.16666666667,92525.0,116304
2021-11-25,79500.0,81000.0,78500.0,78750.0,79650.0,80525.0,85904.16666666667,92383.33333333333,153088
2021-11-26,78500.0,79000.0,76750.0,76750.0,79150.0,80175.0,85600.0,92216.66666666667,173068
2021-11-29,75500.0,76750.0,75000.0,75250.0,77900.0,79725.0,85237.5,92035.41666666667,178526
2021-11-30,75500.0,76000.0,72000.0,72750.0,76650.0,79162.5,84833.33333333333,91833.33333333333,388876
2021-12-01,72750.0,75250.0,72500.0,74500.0,75600.0,78762.5,84470.83333333333,91629.16666666667,161878
2021-12-02,73500.0,78500.0,72750.0,78000.0,75450.0,78562.5,84212.5,91477.08333333333,258720
2021-12-03,77500.0,79000.0,77000.0,78000.0,75700.0,78375.0,83929.16666666667,91337.5,146542
2021-12-06,77500.0,79250.0,76000.0,78000.0,76250.0,78200.0,83645.83333333333,91191.66666666667,158512
2021-12-07,78250.0,79250.0,77750.0,78500.0,77400.0,78150.0,83387.5,91056.25,121816
2021-12-08,79250.0,80500.0,79000.0,79250.0,78350.0,78187.5,83145.83333333333,90906.25,194688
2021-12-09,79500.0,80250.0,79000.0,79250.0,78600.0,78312.5,82945.83333333333,90714.58333333333,180006
2021-12-10,79500.0,80000.0,78250.0,79250.0,78850.0,78350.0,82766.66666666667,90522.91666666667,127188
2021-12-13,80250.0,81500.0,79750.0,80250.0,79300.0,78287.5,82616.66666666667,90347.91666666667,197710
2021-12-14,79500.0,81500.0,79250.0,80250.0,79650.0,78262.5,82441.66666666667,90164.58333333333,172560
2021-12-15,79750.0,81000.0,78750.0,79250.0,79650.0,78250.0,82266.66666666667,89960.41666666667,144122
2021-12-16,79750.0,83250.0,79250.0,82250.0,80250.0,78487.5,82150.0,89760.41666666667,289898
2021-12-17,83500.0,87000.0,83000.0,85500.0,81500.0,78800.0,82087.5,89608.33333333333,594152
2021-12-20,85500.0,85750.0,82000.0,82250.0,81900.0,78837.5,81983.33333333333,89406.25,293936
2021-12-21,82750.0,85000.0,82250.0,82750.0,82400.0,79025.0,81895.83333333333,89212.5,277704
2021-12-22,83500.0,86000.0,83000.0,84250.0,83400.0,79250.0,81845.83333333333,89045.83333333333,214992
2021-12-23,84500.0,85750.0,84250.0,85000.0,83950.0,79562.5,81850.0,88883.33333333333,191692
2021-12-24,86000.0,86750.0,85250.0,85750.0,84000.0,80012.5,81879.16666666667,88739.58333333333,166234
2021-12-27,86250.0,87250.0,85000.0,86500.0,84850.0,80575.0,81933.33333333333,88604.16666666667,170838
2021-12-28,85750.0,86250.0,84000.0,85750.0,85450.0,81225.0,82016.66666666667,88439.58333333333,275070
2021-12-29,86000.0,88250.0,84500.0,86000.0,85800.0,81800.0,82120.83333333333,88277.08333333333,387528
2021-12-30,86000.0,86750.0,83500.0,84000.0,85600.0,82100.0,82200.0,88114.58333333333,189992
2022-01-04,85750.0,86750.0,84750.0,86500.0,85750.0,82525.0,82270.83333333333,88000.0,175486
2022-01-05,85500.0,87750.0,85500.0,86500.0,85750.0,82950.0,82279.16666666667,87891.66666666667,7738604
2022-01-06,90500.0,95500.0,88250.0,92000.0,87000.0,83625.0,82404.16666666667,87822.91666666667,2077504
2022-01-07,91500.0,95000.0,90750.0,92000.0,88200.0,84262.5,82475.0,87752.08333333333,567334
2022-01-10,92000.0,93500.0,90750.0,90750.0,89550.0,84837.5,82500.0,87683.33333333333,302094
2022-01-11,90500.0,91000.0,88250.0,89250.0,90100.0,85337.5,82500.0,87568.75,300936
2022-01-12,89000.0,90000.0,88500.0,89250.0,90650.0,85787.5,82516.66666666667,87466.66666666667,296718
2022-01-13,89750.0,90750.0,87000.0,87500.0,89750.0,86150.0,82495.83333333333,87356.25,282480
2022-01-14,86750.0,88000.0,86000.0,86750.0,88700.0,86525.0,82483.33333333333,87250.0,176036
2022-01-17,85750.0,86250.0,83750.0,85000.0,87550.0,86662.5,82425.0,87127.08333333333,188356
2022-01-18,85250.0,85500.0,82250.0,82500.0,86200.0,86512.5,82362.5,86977.08333333333,194618
2022-01-19,81000.0,83750.0,81000.0,82000.0,84750.0,86500.0,82287.5,86827.08333333333,232078
2022-01-20,82000.0,82750.0,80750.0,81750.0,83600.0,86450.0,82200.0,86650.0,211808
2022-01-21,82000.0,84500.0,81250.0,82500.0,82750.0,86362.5,82145.83333333333,86491.66666666667,238598
2022-01-24,82000.0,83000.0,80250.0,80250.0,81800.0,86125.0,82070.83333333333,86331.25,162014
2022-01-25,80250.0,80750.0,78000.0,78750.0,81050.0,85775.0,81987.5,86152.08333333333,220016
2022-01-26,78750.0,78750.0,78750.0,78750.0,80400.0,85387.5,81895.83333333333,85997.91666666667,0
2022-01-27,78750.0,83750.0,78750.0,80750.0,80200.0,85137.5,81841.66666666667,85854.16666666667,591784
2022-01-28,81250.0,82000.0,78750.0,81250.0,79950.0,84900.0,81820.83333333333,85725.0,240676
2022-02-03,83000.0,83750.0,80750.0,81500.0,80200.0,84775.0,81812.5,85589.58333333333,195242
2022-02-04,81500.0,86750.0,81500.0,85750.0,81600.0,84737.5,81879.16666666667,85489.58333333333,326616
2022-02-07,85500.0,86500.0,83500.0,85000.0,82850.0,84662.5,81937.5,85385.41666666667,155156
2022-02-08,85000.0,85000.0,85000.0,85000.0,83700.0,84312.5,82029.16666666667,85293.75,0
2022-02-09,85000.0,85000.0,85000.0,85000.0,84450.0,83962.5,82137.5,85212.5,0
2022-02-10,87000.0,87500.0,85750.0,86750.0,85500.0,83762.5,82304.16666666667,85147.91666666667,183978
2022-02-11,85500.0,88000.0,84500.0,87000.0,85750.0,83650.0,82445.83333333333,85083.33333333333,193902
2022-02-14,85500.0,86250.0,83000.0,83750.0,85500.0,83375.0,82483.33333333333,85000.0,164948
2022-02-15,84750.0,86500.0,84000.0,85750.0,85650.0,83287.5,82566.66666666667,84937.5,199470
2022-02-16,86500.0,87000.0,85500.0,85500.0,85750.0,83225.0,82666.66666666667,84875.0,148290
2022-02-17,85750.0,87250.0,84750.0,86250.0,85650.0,83287.5,82812.5,84847.91666666667,226006
2022-02-18,85750.0,86250.0,84750.0,86250.0,85500.0,83475.0,82929.16666666667,84835.41666666667,118938
2022-02-21,86250.0,86250.0,86250.0,86250.0,86000.0,83687.5,83008.33333333333,84804.16666666667,0
2022-02-22,86250.0,86250.0,86250.0,86250.0,86100.0,83912.5,83129.16666666667,84760.41666666667,0
2022-02-23,86250.0,86250.0,86250.0,86250.0,86250.0,84100.0,83237.5,84708.33333333333,0
2022-02-24,86500.0,88250.0,85000.0,85750.0,86150.0,84375.0,83354.16666666667,84629.16666666667,196118
2022-02-25,87000.0,87750.0,86250.0,87250.0,86350.0,84800.0,83529.16666666667,84564.58333333333,169378
2022-02-28,87250.0,87250.0,87250.0,87250.0,86550.0,85225.0,83729.16666666667,84483.33333333333,0
2022-03-02,87500.0,88250.0,86750.0,87500.0,86800.0,85562.5,83975.0,84404.16666666667,135198
2022-03-03,87500.0,89000.0,87250.0,88750.0,87300.0,85937.5,84212.5,84341.66666666667,206424
2022-03-04,88750.0,88750.0,88750.0,88750.0,87900.0,86300.0,84391.66666666667,84302.08333333333,0
2022-03-07,86750.0,87250.0,84250.0,84750.0,87400.0,86250.0,84504.16666666667,84216.66666666667,284838
2022-03-08,84250.0,87750.0,83000.0,86000.0,87150.0,86300.0,84637.5,84141.66666666667,228316
2022-03-10,86000.0,86000.0,86000.0,86000.0,86850.0,86350.0,84762.5,84075.0,0
2022-03-11,85500.0,86000.0,84250.0,85000.0,86100.0,86350.0,84858.33333333333,84002.08333333333,141586
2022-03-14,84750.0,85500.0,83000.0,84000.0,85150.0,86212.5,84937.5,83941.66666666667,122876
2022-03-15,84000.0,84000.0,84000.0,84000.0,85000.0,86062.5,85016.66666666667,83891.66666666667,0
2022-03-16,84000.0,85500.0,82750.0,84750.0,84750.0,86112.5,85091.66666666667,83854.16666666667,154690
2022-03-17,84750.0,84750.0,84750.0,84750.0,84500.0,86062.5,85166.66666666667,83804.16666666667,0
2022-03-18,88250.0,91000.0,87750.0,90000.0,85500.0,86287.5,85345.83333333333,83806.25,793588
2022-03-21,91000.0,93750.0,90250.0,91000.0,86900.0,86525.0,85491.66666666667,83820.83333333333,548556
2022-03-22,91000.0,93500.0,90750.0,92250.0,88550.0,86825.0,85604.16666666667,83845.83333333333,231996
2022-03-23,92000.0,93500.0,91500.0,92750.0,90150.0,87150.0,85779.16666666667,83881.25,185614
2022-03-24,91500.0,94750.0,91500.0,94500.0,92100.0,87562.5,85975.0,83935.41666666667,364218
2022-03-25,94500.0,94500.0,92750.0,93250.0,92750.0,87912.5,86125.0,83985.41666666667,236116
2022-03-28,93000.0,94250.0,92250.0,94000.0,93350.0,88325.0,86275.0,84062.5,144806
2022-03-29,94250.0,95750.0,93500.0,95750.0,94050.0,88750.0,86441.66666666667,84160.41666666667,310044
2022-03-30,96000.0,96750.0,95000.0,95500.0,94600.0,89162.5,86591.66666666667,84262.5,222714
2022-03-31,95500.0,96250.0,94500.0,96250.0,94950.0,89600.0,86766.66666666667,84391.66666666667,231290
2022-04-01,95250.0,95250.0,93500.0,95000.0,95300.0,89912.5,86916.66666666667,84518.75,252782
2022-04-04,93750.0,94500.0,93000.0,93500.0,95200.0,90150.0,87075.0,84637.5,188142
2022-04-05,93000.0,93500.0,91250.0,93000.0,94650.0,90562.5,87183.33333333333,84727.08333333333,200844
2022-04-06,92000.0,95500.0,91250.0,94750.0,94500.0,91000.0,87320.83333333333,84800.0,232640
2022-04-07,93500.0,96500.0,93250.0,96000.0,94450.0,91500.0,87387.5,84895.83333333333,373916
2022-04-08,95750.0,96000.0,94250.0,95500.0,94550.0,92025.0,87445.83333333333,84960.41666666667,145206
2022-04-11,95000.0,95750.0,93750.0,95000.0,94850.0,92575.0,87516.66666666667,85008.33333333333,164256
2022-04-12,95000.0,97500.0,95000.0,96000.0,95450.0,93175.0,87629.16666666667,85064.58333333333,356750
2022-04-13,96500.0,99500.0,96250.0,99250.0,96350.0,93900.0,87795.83333333333,85156.25,443722
2022-04-14,99250.0,99500.0,97750.0,98250.0,96800.0,94575.0,87975.0,85235.41666666667,182330
2022-04-15,98000.0,99250.0,97250.0,98750.0,97450.0,95012.5,88175.0,85329.16666666667,129090
2022-04-18,98000.0,99000.0,96750.0,97500.0,97950.0,95337.5,88383.33333333333,85404.16666666667,175406
2022-04-19,97500.0,98250.0,96000.0,98000.0,98350.0,95625.0,88641.66666666667,85502.08333333333,202886
2022-04-20,97500.0,99000.0,97000.0,97750.0,98050.0,95875.0,88904.16666666667,85595.83333333333,182598
2022-04-21,98500.0,98500.0,96750.0,97750.0,97950.0,96037.5,89170.83333333333,85685.41666666667,123608
2022-04-22,96750.0,99500.0,95750.0,99000.0,98000.0,96325.0,89445.83333333333,85795.83333333333,207676
2022-04-25,97750.0,98000.0,93750.0,95000.0,97500.0,96375.0,89691.66666666667,85881.25,230112
2022-04-26,96500.0,102000.0,96000.0,101000.0,98100.0,96637.5,90062.5,86025.0,573758
2022-04-27,98750.0,101750.0,98500.0,100750.0,98700.0,96900.0,90429.16666666667,86162.5,254404
2022-04-28,102000.0,102750.0,100000.0,102000.0,99550.0,97187.5,90783.33333333333,86312.5,283100
2022-04-29,100750.0,105500.0,97000.0,104500.0,100650.0,97662.5,91170.83333333333,86495.83333333333,846526
2022-05-02,103750.0,106750.0,103750.0,105250.0,102700.0,98250.0,91566.66666666667,86689.58333333333,402080
2022-05-03,104250.0,105000.0,101500.0,102750.0,103050.0,98737.5,91850.0,86864.58333333333,368470
2022-05-04,102250.0,104000.0,102000.0,103000.0,103500.0,99150.0,92150.0,87043.75,209620
2022-05-06,101500.0,104250.0,101500.0,103500.0,103800.0,99525.0,92458.33333333333,87243.75,198230
2022-05-10,101500.0,102500.0,99750.0,101500.0,103200.0,99825.0,92733.33333333333,87435.41666666667,236362
2022-05-11,101500.0,104000.0,101250.0,103750.0,102900.0,100262.5,93016.66666666667,87660.41666666667,293328
2022-05-12,103250.0,105000.0,102250.0,103750.0,103100.0,100650.0,93295.83333333333,87870.83333333333,290464
2022-05-13,103750.0,106000.0,103500.0,104000.0,103300.0,100887.5,93633.33333333333,88058.33333333333,236146
2022-05-16,104500.0,105250.0,102500.0,103000.0,103200.0,101125.0,93920.83333333333,88243.75,143402
2022-05-17,103000.0,104000.0,102500.0,104000.0,103700.0,101387.5,94229.16666666667,88447.91666666667,180290
2022-05-18,104250.0,105250.0,103500.0,104750.0,103900.0,101750.0,94537.5,88675.0,174796
2022-05-19,102500.0,103750.0,100500.0,100750.0,103300.0,101887.5,94779.16666666667,88854.16666666667,313418
2022-05-20,101250.0,103500.0,101000.0,103000.0,103100.0,102150.0,95058.33333333333,89033.33333333333,165494
2022-05-23,103500.0,103750.0,101750.0,102250.0,102950.0,102375.0,95325.0,89227.08333333333,164020
2022-05-24,101750.0,104750.0,101750.0,102500.0,102650.0,102550.0,95595.83333333333,89416.66666666667,144758
2022-05-25,103500.0,105500.0,102750.0,103500.0,102400.0,102975.0,95891.66666666667,89622.91666666667,240540
2022-05-26,103250.0,104750.0,102500.0,103500.0,102950.0,103100.0,96162.5,89845.83333333333,186414
2022-05-27,104250.0,104750.0,103000.0,104250.0,103200.0,103275.0,96445.83333333333,90087.5,125462
2022-05-30,105500.0,107000.0,103000.0,103250.0,103400.0,103337.5,96708.33333333333,90341.66666666667,245822
2022-05-31,103500.0,106000.0,103500.0,106000.0,104100.0,103412.5,96995.83333333333,90604.16666666667,386800
2022-06-02,106000.0,106000.0,103750.0,104250.0,104250.0,103362.5,97254.16666666667,90822.91666666667,153304
2022-06-03,104500.0,105000.0,103500.0,104250.0,104400.0,103437.5,97579.16666666667,91041.66666666667,121146
2022-06-07,103500.0,103750.0,102000.0,103000.0,104150.0,103437.5,97862.5,91250.0,141206
2022-06-08,102750.0,103000.0,98500.0,99250.0,103350.0,103225.0,98083.33333333333,91422.91666666667,332096
2022-06-09,99250.0,101000.0,96750.0,101000.0,102350.0,103200.0,98350.0,91604.16666666667,306518
2022-06-10,99250.0,99500.0,96750.0,97750.0,101050.0,102900.0,98579.16666666667,91758.33333333333,304190
2022-06-13,95250.0,96750.0,93250.0,94000.0,99000.0,102412.5,98745.83333333333,91881.25,296858
2022-06-14,93000.0,96000.0,92250.0,95000.0,97400.0,101962.5,98916.66666666667,92004.16666666667,235534
2022-06-15,96250.0,99750.0,96000.0,97250.0,97000.0,101675.0,99125.0,92145.83333333333,375340
2022-06-16,99000.0,99000.0,93500.0,93750.0,95550.0,101162.5,99187.5,92266.66666666667,249814
2022-06-17,92250.0,94000.0,90000.0,93000.0,94600.0,100575.0,99220.83333333333,92356.25,273492
2022-06-20,93500.0,93500.0,90000.0,90750.0,93950.0,100075.0,99195.83333333333,92400.0,173722
2022-06-21,91250.0,94250.0,90750.0,92000.0,93350.0,99525.0,99183.33333333333,92481.25,185048
2022-06-22,91750.0,92000.0,88250.0,88500.0,91600.0,98837.5,99083.33333333333,92529.16666666667,226428
2022-06-23,88750.0,90500.0,86500.0,87500.0,90350.0,98087.5,98987.5,92556.25,276132
2022-06-24,87250.0,88750.0,86750.0,88250.0,89400.0,97325.0,98891.66666666667,92583.33333333333,201732
2022-06-27,88750.0,92500.0,87500.0,90750.0,89400.0,96687.5,98808.33333333333,92625.0,219878
2022-06-28,90750.0,93000.0,90250.0,92500.0,89500.0,96100.0,98758.33333333333,92675.0,182010
2022-06-29,90500.0,92000.0,89750.0,91500.0,90100.0,95512.5,98679.16666666667,92722.91666666667,168922
2022-06-30,92000.0,92750.0,89500.0,89750.0,90550.0,94700.0,98591.66666666667,92754.16666666667,200802
2022-07-01,89500.0,92000.0,88750.0,90250.0,90950.0,94000.0,98537.5,92806.25,170828
2022-07-04,90750.0,95000.0,90250.0,91500.0,91100.0,93362.5,98512.5,92847.91666666667,326422
2022-07-05,92250.0,92500.0,89250.0,91250.0,90850.0,92775.0,98454.16666666667,92887.5,154284
2022-07-06,90500.0,91000.0,86750.0,87000.0,89950.0,92162.5,98304.16666666667,92845.83333333333,205192
2022-07-07,88000.0,88750.0,87000.0,87750.0,89550.0,91500.0,98175.0,92810.41666666667,134344
2022-07-08,89000.0,92750.0,88750.0,90000.0,89500.0,91112.5,98091.66666666667,92804.16666666667,248686
2022-07-11,91000.0,91250.0,88000.0,88250.0,88850.0,90825.0,97962.5,92795.83333333333,144672
2022-07-12,88250.0,90500.0,88000.0,89250.0,88450.0,90537.5,97795.83333333333,92795.83333333333,180032
2022-07-13,89750.0,93000.0,88750.0,91250.0,89300.0,90237.5,97679.16666666667,92827.08333333333,229464
2022-07-14,90500.0,92000.0,89750.0,91250.0,90000.0,90112.5,97554.16666666667,92864.58333333333,189454
2022-07-15,92000.0,92000.0,88000.0,90500.0,90100.0,89987.5,97437.5,92910.41666666667,192654
2022-07-18,91250.0,92250.0,89500.0,91250.0,90700.0,90012.5,97325.0,92983.33333333333,126532
2022-07-19,90750.0,92750.0,90500.0,92250.0,91300.0,90025.0,97233.33333333333,93068.75,164054
2022-07-20,93500.0,93500.0,90750.0,91750.0,91400.0,90187.5,97133.33333333333,93152.08333333333,176688
2022-07-21,91500.0,93750.0,91000.0,92250.0,91600.0,90425.0,97020.83333333333,93233.33333333333,210538
2022-07-22,92250.0,92750.0,91250.0,91250.0,91750.0,90575.0,96958.33333333333,93325.0,96710
2022-07-25,90750.0,93000.0,90750.0,92500.0,92000.0,90662.5,96816.66666666667,93439.58333333333,176516
2022-07-26,92000.0,92750.0,91750.0,92250.0,92000.0,90650.0,96675.0,93552.08333333333,82190
2022-07-27,92500.0,92750.0,91000.0,92500.0,92150.0,90700.0,96516.66666666667,93650.0,85912
2022-07-28,92750.0,94250.0,90500.0,91000.0,91900.0,90762.5,96291.66666666667,93731.25,339070
2022-07-29,91500.0,93250.0,90000.0,91000.0,91850.0,90800.0,96054.16666666667,93810.41666666667,372222
2022-08-01,91000.0,92250.0,88750.0,89500.0,91250.0,90700.0,95833.33333333333,93841.66666666667,345906
2022-08-02,90000.0,91250.0,88250.0,89250.0,90650.0,90600.0,95604.16666666667,93877.08333333333,237048
2022-08-03,89500.0,90500.0,89250.0,90000.0,90150.0,90750.0,95379.16666666667,93918.75,175102
2022-08-04,91000.0,91000.0,88750.0,89000.0,89750.0,90812.5,95170.83333333333,93952.08333333333,234680
2022-08-05,89500.0,90250.0,89250.0,89500.0,89450.0,90787.5,94933.33333333333,93975.0,127596
2022-08-08,89500.0,89750.0,88750.0,89500.0,89450.0,90850.0,94695.83333333333,93995.83333333333,132432
2022-08-09,89500.0,90250.0,88500.0,89250.0,89450.0,90850.0,94450.0,94041.66666666667,186022
2022-08-10,89250.0,90000.0,88750.0,89500.0,89350.0,90762.5,94225.0,94072.91666666667,124024
2022-08-11,90500.0,91500.0,90250.0,91500.0,89850.0,90775.0,94016.66666666667,94122.91666666667,343378
2022-08-12,91500.0,96500.0,91000.0,95000.0,90950.0,91000.0,93854.16666666667,94195.83333333333,448706
2022-08-16,96000.0,96500.0,94000.0,94250.0,91900.0,91150.0,93745.83333333333,94262.5,296632
2022-08-17,95000.0,95250.0,92500.0,93750.0,92800.0,91225.0,93591.66666666667,94325.0,196760
2022-08-18,92750.0,93000.0,89000.0,89250.0,92750.0,91100.0,93375.0,94350.0,378696
2022-08-19,89500.0,90250.0,88250.0,89000.0,92250.0,90937.5,93150.0,94372.91666666667,153274
2022-08-22,88000.0,89750.0,88000.0,88750.0,91000.0,90812.5,92904.16666666667,94397.91666666667,148450
2022-08-23,88500.0,89000.0,87500.0,87750.0,89700.0,90575.0,92641.66666666667,94402.08333333333,148906
2022-08-24,88000.0,89000.0,87000.0,88000.0,88550.0,90362.5,92370.83333333333,94408.33333333333,203432
2022-08-25,88250.0,89250.0,87250.0,88500.0,88400.0,90162.5,92125.0,94416.66666666667,138240
2022-08-26,89000.0,89500.0,87750.0,89000.0,88400.0,90062.5,91841.66666666667,94418.75,142764
2022-08-29,86750.0,87000.0,85000.0,86000.0,87850.0,89812.5,91537.5,94395.83333333333,192928
2022-08-30,86500.0,87250.0,85500.0,87000.0,87700.0,89687.5,91250.0,94414.58333333333,174050
2022-08-31,86500.0,88250.0,85750.0,88250.0,87750.0,89637.5,91004.16666666667,94433.33333333333,242484
2022-09-01,87500.0,87750.0,85000.0,85250.0,87100.0,89400.0,90770.83333333333,94427.08333333333,295140
2022-09-02,85500.0,86750.0,85000.0,85750.0,86450.0,89237.5,90516.66666666667,94433.33333333333,149050
2022-09-05,85500.0,86500.0,83500.0,85250.0,86300.0,89025.0,90308.33333333333,94443.75,134284
2022-09-06,85250.0,85500.0,83500.0,84500.0,85800.0,88775.0,90150.0,94447.91666666667,185356
2022-09-07,83750.0,84250.0,81000.0,82500.0,84650.0,88437.5,89941.66666666667,94429.16666666667,325602
2022-09-08,83750.0,84500.0,82750.0,83000.0,84200.0,88112.5,89704.16666666667,94414.58333333333,276186
2022-09-13,84000.0,86000.0,84000.0,85250.0,84100.0,87800.0,89562.5,94375.0,281224
2022-09-14,83250.0,86000.0,82250.0,85000.0,84050.0,87300.0,89429.16666666667,94325.0,245338
2022-09-15,86750.0,89500.0,86500.0,87500.0,84650.0,86962.5,89375.0,94285.41666666667,434868
2022-09-16,88000.0,90500.0,87500.0,90250.0,86200.0,86787.5,89345.83333333333,94264.58333333333,418936
2022-09-19,89500.0,89500.0,86250.0,86250.0,86850.0,86637.5,89308.33333333333,94195.83333333333,229346
2022-09-20,87750.0,90500.0,87500.0,90250.0,87850.0,86700.0,89354.16666666667,94170.83333333333,203304
2022-09-21,89500.0,91750.0,89500.0,91000.0,89050.0,86812.5,89400.0,94145.83333333333,188302
2022-09-22,89250.0,91000.0,89250.0,90250.0,89600.0,86937.5,89391.66666666667,94100.0,127880
2022-09-23,91250.0,91250.0,88500.0,89000.0,89350.0,86987.5,89333.33333333333,94045.83333333333,111568
2022-09-26,87750.0,88000.0,84500.0,84750.0,89050.0,86800.0,89220.83333333333,93950.0,189922
2022-09-27,84750.0,85500.0,83750.0,85250.0,88050.0,86612.5,89145.83333333333,93868.75,143326
2022-09-28,84250.0,85250.0,80750.0,82000.0,86250.0,86412.5,89008.33333333333,93772.91666666667,267204
2022-09-29,82750.0,84000.0,81500.0,81750.0,84550.0,86150.0,88845.83333333333,93679.16666666667,154830
2022-09-30,81250.0,82000.0,80000.0,81250.0,83000.0,85800.0,88679.16666666667,93566.66666666667,147306
2022-10-04,82750.0,83250.0,81750.0,82500.0,82550.0,85662.5,88604.16666666667,93454.16666666667,110952
2022-10-05,84000.0,85250.0,81500.0,81500.0,81800.0,85450.0,88500.0,93337.5,169688
2022-10-06,82000.0,83000.0,81500.0,82500.0,81900.0,85312.5,88375.0,93233.33333333333,96132
2022-10-07,81500.0,82500.0,81250.0,82250.0,82000.0,85200.0,88275.0,93118.75,160466
2022-10-11,81250.0,82000.0,79750.0,80750.0,81900.0,85112.5,88133.33333333333,92964.58333333333,134862
2022-10-12,80000.0,81500.0,79750.0,80500.0,81500.0,84987.5,87954.16666666667,92816.66666666667,139346
2022-10-13,81250.0,82500.0,80750.0,81250.0,81450.0,84787.5,87787.5,92670.83333333333,218718
2022-10-14,82250.0,86000.0,82250.0,85500.0,82050.0,84812.5,87704.16666666667,92570.83333333333,269640
2022-10-17,84750.0,85500.0,83750.0,84500.0,82500.0,84662.5,87591.66666666667,92458.33333333333,161148
2022-10-18,86500.0,87000.0,85000.0,86000.0,83550.0,84450.0,87487.5,92360.41666666667,152654
2022-10-19,86250.0,87250.0,84500.0,85000.0,84450.0,84387.5,87375.0,92254.16666666667,159334
2022-10-20,85000.0,86000.0,84500.0,85000.0,85200.0,84125.0,87254.16666666667,92137.5,160932
2022-10-21,85000.0,85750.0,84250.0,85000.0,85100.0,83825.0,87150.0,92054.16666666667,97502
2022-10-24,86250.0,86500.0,81750.0,82500.0,84700.0,83437.5,86983.33333333333,91900.0,197580
2022-10-25,83250.0,83250.0,80750.0,81500.0,83800.0,83062.5,86804.16666666667,91739.58333333333,159036
2022-10-26,82000.0,82250.0,79750.0,80250.0,82850.0,82837.5,86600.0,91558.33333333333,170352
2022-10-27,80250.0,82250.0,80250.0,82250.0,82300.0,82687.5,86454.16666666667,91372.91666666667,134616
2022-10-28,82750.0,87000.0,82500.0,86500.0,82600.0,82912.5,86379.16666666667,91216.66666666667,299316
2022-10-31,87000.0,87750.0,84500.0,87000.0,83500.0,83175.0,86337.5,91085.41666666667,224790
2022-11-01,86500.0,87500.0,86250.0,86500.0,84500.0,83437.5,86291.66666666667,90947.91666666667,109520
2022-11-02,85750.0,87500.0,85750.0,86750.0,85800.0,83650.0,86237.5,90808.33333333333,124986
2022-11-03,86500.0,87000.0,85000.0,85750.0,86500.0,83862.5,86183.33333333333,90677.08333333333,155276
2022-11-04,86500.0,87750.0,85250.0,87250.0,86650.0,84100.0,86145.83333333333,90539.58333333333,109148
2022-11-07,87250.0,89000.0,87000.0,87500.0,86750.0,84362.5,86112.5,90404.16666666667,119780
2022-11-08,89000.0,92000.0,88750.0,92000.0,87850.0,84925.0,86158.33333333333,90304.16666666667,272450
2022-11-09,92000.0,92500.0,90000.0,90250.0,88550.0,85412.5,86170.83333333333,90197.91666666667,202602
2022-11-10,90250.0,91250.0,89250.0,89750.0,89350.0,85837.5,86141.66666666667,90079.16666666667,177910
2022-11-11,92250.0,92750.0,89750.0,90000.0,89900.0,86062.5,86058.33333333333,89956.25,150196
2022-11-14,90750.0,92000.0,90000.0,90750.0,90550.0,86375.0,86000.0,89872.91666666667,160470
2022-11-15,91500.0,91500.0,89500.0,90750.0,90300.0,86612.5,85950.0,89770.83333333333,107468
2022-11-16,91000.0,91250.0,87250.0,89250.0,90100.0,86825.0,85950.0,89662.5,184404
2022-11-17,89250.0,89250.0,86250.0,86250.0,89400.0,86887.5,85904.16666666667,89527.08333333333,164334
2022-11-18,86750.0,87750.0,86000.0,87000.0,88800.0,86987.5,85875.0,89389.58333333333,106352
2022-11-21,87500.0,87500.0,85750.0,87000.0,88050.0,87212.5,85862.5,89252.08333333333,118250
2022-11-22,87000.0,87000.0,85000.0,86750.0,87250.0,87475.0,85841.66666666667,89106.25,131162
2022-11-23,86250.0,86750.0,84750.0,86500.0,86700.0,87787.5,85808.33333333333,88966.66666666667,179962
2022-11-24,86750.0,87000.0,85250.0,85500.0,86550.0,87950.0,85750.0,88795.83333333333,135286
2022-11-25,86000.0,86750.0,85000.0,86500.0,86450.0,87950.0,85758.33333333333,88647.91666666667,78490
2022-11-28,85750.0,86000.0,83500.0,84250.0,85900.0,87812.5,85712.5,88481.25,137694
2022-11-29,85000.0,86500.0,84500.0,86250.0,85800.0,87800.0,85679.16666666667,88341.66666666667,124022
2022-11-30,85750.0,88500.0,85250.0,88250.0,86150.0,87875.0,85729.16666666667,88250.0,202726
2022-12-01,88500.0,88750.0,86750.0,87000.0,86450.0,87937.5,85750.0,88133.33333333333,149996
2022-12-02,87000.0,87000.0,85000.0,85000.0,86150.0,87825.0,85745.83333333333,88027.08333333333,117470
2022-12-05,85000.0,85000.0,83500.0,84000.0,86100.0,87650.0,85737.5,87943.75,114524
2022-12-06,83500.0,84500.0,83000.0,83750.0,85600.0,87237.5,85758.33333333333,87850.0,118404
2022-12-07,83750.0,84750.0,82750.0,84500.0,84850.0,86950.0,85783.33333333333,87743.75,86354
2022-12-08,84750.0,85000.0,83500.0,84500.0,84350.0,86687.5,85770.83333333333,87666.66666666667,146612
2022-12-09,84500.0,86500.0,84500.0,86500.0,84650.0,86512.5,85795.83333333333,87612.5,145452
2022-12-12,85500.0,86250.0,84750.0,85750.0,85000.0,86262.5,85766.66666666667,87570.83333333333,103336
2022-12-13,86500.0,86500.0,84750.0,85500.0,85350.0,86000.0,85687.5,87516.66666666667,125166
2022-12-14,86000.0,87000.0,85750.0,86250.0,85700.0,85850.0,85687.5,87497.91666666667,129328
2022-12-15,86250.0,87250.0,86000.0,86250.0,86050.0,85850.0,85620.83333333333,87487.5,113840
2022-12-16,85750.0,87000.0,85500.0,87000.0,86150.0,85850.0,85554.16666666667,87477.08333333333,109620
2022-12-19,86000.0,86250.0,84500.0,85000.0,86000.0,85750.0,85466.66666666667,87429.16666666667,99502
2022-12-20,84750.0,85250.0,83500.0,85250.0,85950.0,85675.0,85404.16666666667,87368.75,105244
2022-12-21,85750.0,86000.0,84500.0,85250.0,85750.0,85612.5,85412.5,87316.66666666667,105952
2022-12-22,85250.0,87000.0,85250.0,87000.0,85900.0,85687.5,85441.66666666667,87293.75,95398
2022-12-23,85750.0,87000.0,85500.0,85750.0,85650.0,85650.0,85504.16666666667,87256.25,84736
2022-12-26,85750.0,86000.0,85000.0,85750.0,85800.0,85725.0,85570.83333333333,87208.33333333333,86912
2022-12-27,86000.0,87250.0,85250.0,87000.0,86150.0,85762.5,85666.66666666667,87172.91666666667,262122
2022-12-28,85250.0,86000.0,84500.0,84500.0,86000.0,85575.0,85700.0,87152.08333333333,186002
2022-12-29,84000.0,84250.0,81750.0,81750.0,84950.0,85312.5,85704.16666666667,87102.08333333333,110586
2023-01-02,82500.0,83750.0,81750.0,81750.0,84150.0,85150.0,85691.66666666667,87033.33333333333,68326
2023-01-03,81500.0,82750.0,80500.0,81500.0,83300.0,85025.0,85679.16666666667,86977.08333333333,84746
2023-01-04,81250.0,83000.0,81000.0,81250.0,82150.0,84900.0,85687.5,86910.41666666667,88402
2023-01-05,81500.0,82250.0,79000.0,79750.0,81200.0,84662.5,85675.0,86814.58333333333,222718
2023-01-06,79250.0,81500.0,79000.0,81000.0,81050.0,84487.5,85670.83333333333,86729.16666666667,106534
2023-01-09,82250.0,83250.0,81250.0,82500.0,81200.0,84287.5,85620.83333333333,86662.5,95636
2023-01-10,82250.0,84750.0,82000.0,83750.0,81650.0,84187.5,85608.33333333333,86600.0,132244
2023-01-11,84000.0,84250.0,83000.0,83000.0,82000.0,84062.5,85558.33333333333,86522.91666666667,124162
2023-01-12,83750.0,86000.0,83500.0,85250.0,83100.0,84012.5,85562.5,86468.75,176906
2023-01-13,85500.0,88750.0,85500.0,88250.0,84550.0,84112.5,85616.66666666667,86435.41666666667,233370
2023-01-16,87250.0,88500.0,86500.0,86750.0,85400.0,84100.0,85645.83333333333,86397.91666666667,131884
2023-01-17,86750.0,89000.0,85500.0,87500.0,86150.0,84225.0,85729.16666666667,86356.25,204580
2023-01-18,87500.0,89500.0,86750.0,89500.0,87450.0,84437.5,85862.5,86333.33333333333,198622
2023-01-19,88000.0,91500.0,88000.0,91250.0,88650.0,84737.5,86045.83333333333,86322.91666666667,238292
2023-01-20,90250.0,91000.0,88500.0,89250.0,88850.0,84850.0,86162.5,86308.33333333333,197520
2023-01-25,88750.0,90000.0,88750.0,89750.0,89450.0,85050.0,86216.66666666667,86297.91666666667,58
2023-01-26,89100.0,91550.0,88850.0,91350.0,90220.0,85330.0,86289.16666666667,86313.33333333333,304
2023-01-27,90800.0,92750.0,90800.0,91600.0,90640.0,85560.0,86374.16666666667,86332.91666666667,236
2023-01-30,91050.0,91800.0,87850.0,88350.0,90060.0,85752.5,86400.83333333333,86319.16666666667,1432
2023-01-31,88350.0,88350.0,82750.0,83250.0,88860.0,85827.5,86359.16666666667,86271.25,7520
2023-02-01,83400.0,83400.0,82450.0,82800.0,87470.0,85880.0,86285.0,86215.41666666667,1710
2023-02-02,83500.0,83850.0,82750.0,83000.0,85800.0,85955.0,86210.0,86161.25,1564
2023-02-03,82800.0,83850.0,82450.0,83400.0,84160.0,86062.5,86066.66666666667,86112.5,1456
2023-02-06,83500.0,83750.0,82400.0,82400.0,82970.0,86195.0,85935.83333333333,86053.33333333333,1174
2023-02-07,82400.0,82700.0,81350.0,81700.0,82660.0,86230.0,85801.66666666667,85971.66666666667,1296
2023-02-08,82000.0,82000.0,81250.0,81400.0,82380.0,86175.0,85658.33333333333,85858.33333333333,1232
2023-02-09,81350.0,81900.0,80750.0,81200.0,82020.0,86047.5,85499.16666666667,85749.58333333333,1108
2023-02-10,80950.0,81550.0,80900.0,81250.0,81590.0,85960.0,85340.83333333333,85645.41666666667,2008
2023-02-13,81600.0,81600.0,80800.0,81000.0,81310.0,85747.5,85203.33333333333,85576.66666666667,528
2023-02-14,81300.0,81500.0,80750.0,80900.0,81150.0,85380.0,85114.16666666667,85509.16666666667,2452
2023-02-15,81150.0,81500.0,79750.0,80000.0,80870.0,85042.5,84997.5,85436.25,1228
2023-02-16,80150.0,81100.0,80150.0,80300.0,80690.0,84682.5,84885.83333333333,85374.16666666667,656
2023-02-17,80400.0,81500.0,80150.0,80800.0,80600.0,84247.5,84786.66666666667,85314.16666666667,926
2023-02-20,81100.0,81450.0,80550.0,81000.0,80600.0,83735.0,84695.0,85251.66666666667,1312
2023-02-21,81050.0,81850.0,80850.0,81250.0,80670.0,83335.0,84624.16666666667,85187.08333333333,524
2023-02-22,80750.0,80850.0,80000.0,80000.0,80670.0,82847.5,84515.83333333333,85137.08333333333,884
2023-02-23,80200.0,81600.0,80150.0,80750.0,80760.0,82317.5,84457.5,85085.0,642
2023-02-24,80350.0,81200.0,80300.0,80500.0,80700.0,81762.5,84361.66666666667,85020.41666666667,342
2023-02-27,80150.0,80300.0,79250.0,80050.0,80510.0,81347.5,84225.0,84977.08333333333,179650
2023-02-28,80100.0,80600.0,79300.0,79300.0,80120.0,81150.0,84096.66666666667,84923.33333333333,308252
2023-03-02,79250.0,80650.0,79200.0,80550.0,80230.0,81037.5,84022.5,84884.16666666667,272254
2023-03-03,80550.0,81200.0,79950.0,80250.0,80130.0,80900.0,83960.0,84848.75,189656
2023-03-06,80850.0,80850.0,79950.0,80400.0,80110.0,80750.0,83904.16666666667,84831.25,182386
2023-03-07,80500.0,80500.0,79300.0,79300.0,79960.0,80595.0,83817.5,84800.41666666667,295952
2023-03-08,79000.0,79100.0,77750.0,77850.0,79670.0,80402.5,83706.66666666667,84738.75,319348
2023-03-09,77800.0,78400.0,76800.0,76900.0,78940.0,80177.5,83546.66666666667,84671.25,315572
2023-03-10,76450.0,77850.0,75950.0,77050.0,78300.0,79970.0,83401.66666666667,84584.16666666667,178608
2023-03-13,77050.0,78000.0,76150.0,77900.0,77800.0,79802.5,83275.0,84481.25,208396
2023-03-14,77100.0,77300.0,75200.0,75400.0,77020.0,79522.5,83094.16666666667,84390.83333333333,308678
2023-03-15,75900.0,76700.0,75100.0,75450.0,76540.0,79250.0,82914.16666666667,84267.5,232620
2023-03-16,74950.0,75950.0,74850.0,75750.0,76310.0,79037.5,82726.66666666667,84140.41666666667,177882
2023-03-17,76050.0,77600.0,75850.0,77400.0,76380.0,78892.5,82600.0,84033.33333333333,203044
2023-03-20,77300.0,77750.0,76850.0,76950.0,76190.0,78700.0,82461.66666666667,83932.91666666667,98044
2023-03-21,77400.0,79100.0,77350.0,78650.0,76840.0,78582.5,82351.66666666667,83882.08333333333,187880
2023-03-22,79050.0,79100.0,78050.0,78300.0,77410.0,78435.0,82206.66666666667,83824.16666666667,144424
2023-03-23,78200.0,78450.0,77700.0,78050.0,77870.0,78337.5,82078.33333333333,83791.25,160096
2023-03-24,77700.0,78000.0,77150.0,77500.0,77890.0,78175.0,81940.83333333333,83755.83333333333,176110
2023-03-27,77550.0,77750.0,76300.0,77050.0,77910.0,78002.5,81775.0,83720.83333333333,155096
2023-03-28,77650.0,79200.0,77550.0,78850.0,77950.0,77942.5,81680.83333333333,83690.41666666667,196602
2023-03-29,79100.0,79850.0,78900.0,79500.0,78190.0,77952.5,81643.33333333333,83673.75,162400
2023-03-30,79750.0,79850.0,79050.0,79350.0,78450.0,77892.5,81603.33333333333,83647.5,155330
2023-03-31,79500.0,79600.0,78550.0,79250.0,78800.0,77842.5,81565.83333333333,83622.5,202178
2023-04-03,79850.0,80100.0,78800.0,78850.0,79160.0,77765.0,81525.83333333333,83606.66666666667,181186
2023-04-04,78850.0,79750.0,78850.0,79700.0,79330.0,77785.0,81525.0,83600.0,150588
2023-04-05,79650.0,80350.0,79400.0,80000.0,79430.0,77892.5,81508.33333333333,83589.58333333333,147794
2023-04-06,80050.0,80050.0,78700.0,78700.0,79300.0,77982.5,81445.0,83532.91666666667,136158
2023-04-07,78800.0,78900.0,78050.0,78300.0,79110.0,78045.0,81354.16666666667,83481.25,102632
2023-04-10,78100.0,79000.0,77850.0,78100.0,78960.0,78055.0,81272.5,83415.41666666667,110564
2023-04-11,78100.0,80150.0,77650.0,79950.0,79010.0,78282.5,81184.16666666667,83373.33333333333,239618
2023-04-12,80750.0,82250.0,80250.0,81300.0,79270.0,78575.0,81068.33333333333,83342.5,370886
2023-04-13,80800.0,81650.0,80600.0,81500.0,79830.0,78862.5,80980.83333333333,83313.33333333333,206910
2023-04-14,81550.0,82100.0,81200.0,81450.0,80460.0,79065.0,80880.0,83304.58333333333,186234
2023-04-17,81450.0,81700.0,80250.0,81550.0,81150.0,79295.0,80747.5,83305.0,165872
2023-04-18,80800.0,82050.0,80450.0,81250.0,81410.0,79425.0,80580.83333333333,83313.33333333333,181102
2023-04-19,81400.0,82900.0,81300.0,82700.0,81690.0,79645.0,80471.66666666667,83317.08333333333,239362
2023-04-20,82600.0,83350.0,82250.0,82700.0,81930.0,79877.5,80354.16666666667,83285.41666666667,217764
2023-04-21,82550.0,82900.0,81550.0,82500.0,82140.0,80127.5,80206.66666666667,83247.91666666667,184666
2023-04-24,82600.0,83450.0,82100.0,82250.0,82280.0,80387.5,80050.83333333333,83212.5,173640
2023-04-25,83000.0,84900.0,82350.0,84050.0,82840.0,80647.5,79979.16666666667,83190.0,454066
2023-04-26,84400.0,84450.0,80950.0,81150.0,82530.0,80730.0,79944.16666666667,83151.66666666667,353332
2023-04-27,81500.0,82050.0,80700.0,81000.0,82190.0,80812.5,79914.16666666667,83099.58333333333,239206
2023-04-28,81300.0,82650.0,81100.0,81850.0,82060.0,80942.5,79895.0,83052.5,215366
2023-05-02,81850.0,83750.0,81800.0,83250.0,82260.0,81162.5,79892.5,82979.58333333333,171484
2023-05-03,82800.0,83600.0,82800.0,83450.0,82140.0,81350.0,79910.0,82922.91666666667,125600
2023-05-04,83200.0,83700.0,82700.0,83300.0,82570.0,81515.0,79936.66666666667,82869.16666666667,152932
2023-05-08,83250.0,84350.0,82900.0,83200.0,83010.0,81740.0,79966.66666666667,82812.5,149950
2023-05-09,83350.0,83800.0,82850.0,83400.0,83320.0,81995.0,80003.33333333333,82751.25,182858
2023-05-10,83450.0,83800.0,82800.0,83150.0,83300.0,82247.5,80035.0,82687.91666666667,110064
2023-05-11,83250.0,83700.0,83000.0,83700.0,83350.0,82435.0,80080.0,82641.66666666667,120300
2023-05-12,83750.0,83800.0,81600.0,81950.0,83080.0,82467.5,80097.5,82605.83333333333,169352
2023-05-15,81600.0,82250.0,80950.0,81400.0,82720.0,82462.5,80120.83333333333,82559.16666666667,110166
2023-05-16,81400.0,81850.0,80250.0,80600.0,82160.0,82420.0,80125.83333333333,82505.83333333333,140656
2023-05-17,80150.0,81250.0,80150.0,81100.0,81750.0,82397.5,80130.83333333333,82458.75,102578
2023-05-18,81300.0,82350.0,81300.0,82350.0,81480.0,82452.5,80153.33333333333,82424.16666666667,87678
2023-05-19,82000.0,83150.0,82000.0,82700.0,81630.0,82452.5,80177.5,82400.83333333333,122838
2023-05-22,82900.0,87700.0,82750.0,87150.0,82780.0,82675.0,80296.66666666667,82406.25,504132
2023-05-23,87150.0,87950.0,86500.0,87400.0,84140.0,82920.0,80407.5,82432.5,182876
2023-05-24,87400.0,89500.0,86750.0,87700.0,85460.0,83192.5,80527.5,82444.58333333333,203960
2023-05-25,87500.0,87900.0,86500.0,87350.0,86460.0,83357.5,80649.16666666667,82437.08333333333,105106
2023-05-26,86850.0,87800.0,86200.0,86300.0,87180.0,83615.0,80765.83333333333,82431.25,131426
2023-05-30,86350.0,86700.0,85300.0,85500.0,86850.0,83840.0,80848.33333333333,82435.41666666667,116048
2023-05-31,85250.0,86100.0,84000.0,84500.0,86270.0,83972.5,80919.16666666667,82439.58333333333,267048
2023-06-01,84950.0,86100.0,84150.0,85550.0,85840.0,84087.5,81005.0,82454.58333333333,143120
2023-06-02,85350.0,85800.0,84700.0,85350.0,85440.0,84182.5,81105.83333333333,82461.66666666667,101422
2023-06-05,86000.0,86800.0,85850.0,86000.0,85380.0,84317.5,81241.66666666667,82474.16666666667,72048
2023-06-07,86650.0,86700.0,84050.0,84050.0,85090.0,84360.0,81360.83333333333,82453.75,191156
2023-06-08,84450.0,89300.0,84200.0,89000.0,85990.0,84640.0,81560.0,82480.83333333333,519900
2023-06-09,89200.0,90800.0,89000.0,90450.0,86970.0,85005.0,81769.16666666667,82522.08333333333,298040
2023-06-12,90450.0,90500.0,87200.0,87850.0,87470.0,85212.5,81976.66666666667,82535.41666666667,208468
2023-06-13,88800.0,97700.0,88700.0,92850.0,88840.0,85757.5,82266.66666666667,82590.41666666667,1244824
2023-06-14,94750.0,95500.0,92800.0,92950.0,90620.0,86335.0,82553.33333333333,82640.0,463104
2023-06-15,94150.0,99350.0,93750.0,97200.0,92260.0,87165.0,82883.33333333333,82741.66666666667,735198
2023-06-16,98050.0,99000.0,95850.0,96350.0,93440.0,87927.5,83206.66666666667,82834.16666666667,279010
2023-06-19,96350.0,97400.0,95500.0,96050.0,95080.0,88612.5,83496.66666666667,82924.16666666667,143614
2023-06-20,96050.0,96750.0,94050.0,94850.0,95480.0,89220.0,83772.5,82989.58333333333,218150
2023-06-21,94050.0,95700.0,93050.0,94300.0,95750.0,89577.5,84043.33333333333,83060.83333333333,228720
2023-06-22,94250.0,94850.0,93250.0,94500.0,95210.0,89932.5,84326.66666666667,83133.75,155818
2023-06-23,94550.0,94550.0,92650.0,93000.0,94540.0,90197.5,84592.5,83183.75,146864
2023-06-26,92500.0,97450.0,92500.0,96350.0,94600.0,90647.5,84884.16666666667,83282.5,330048
2023-06-27,96400.0,96800.0,94450.0,96250.0,94880.0,91145.0,85163.33333333333,83403.33333333333,173642
2023-06-28,97300.0,100500.0,97000.0,98850.0,95790.0,91812.5,85488.33333333333,83545.83333333333,333364
2023-06-29,98850.0,98850.0,96150.0,96150.0,96120.0,92395.0,85770.0,83667.91666666667,174012
2023-06-30,96700.0,99600.0,96600.0,98850.0,97290.0,93060.0,86103.33333333333,83814.58333333333,266364
2023-07-03,98550.0,99650.0,98000.0,99300.0,97880.0,93757.5,86430.0,83977.5,194672
2023-07-04,98800.0,101000.0,98300.0,99800.0,98590.0,94447.5,86760.0,84134.16666666667,247116
2023-07-05,99400.0,101500.0,98950.0,99500.0,98720.0,95220.0,87106.66666666667,84275.83333333333,265746
2023-07-06,99500.0,100500.0,98650.0,99200.0,99330.0,95730.0,87455.0,84404.58333333333,193618
2023-07-07,98400.0,98500.0,97000.0,97800.0,99120.0,96097.5,87783.33333333333,84527.91666666667,180210
2023-07-10,97700.0,99400.0,96650.0,97750.0,98810.0,96592.5,88080.0,84632.08333333333,135280
2023-07-11,97800.0,99850.0,97650.0,98400.0,98530.0,96870.0,88365.0,84716.66666666667,190758
2023-07-12,98400.0,98850.0,96300.0,96750.0,97980.0,97060.0,88619.16666666667,84800.0,163704
2023-07-13,97000.0,99450.0,96900.0,97400.0,97620.0,97070.0,88885.0,84882.5,237886
2023-07-14,97550.0,99750.0,97550.0,99250.0,97910.0,97215.0,89180.0,84963.75,185552
2023-07-17,98350.0,99850.0,97850.0,98750.0,98110.0,97350.0,89471.66666666667,85026.25,137406
2023-07-18,98300.0,98700.0,92550.0,94450.0,97320.0,97330.0,89667.5,85069.58333333333,333222
2023-07-19,94250.0,95350.0,93100.0,94000.0,96770.0,97315.0,89855.83333333333,85105.0,189450
2023-07-20,94000.0,94600.0,93300.0,93650.0,96020.0,97272.5,90041.66666666667,85124.16666666667,197604
2023-07-21,93450.0,93650.0,90000.0,92500.0,94670.0,97247.5,90212.5,85131.66666666667,276124
2023-07-24,91900.0,93250.0,91000.0,92250.0,93370.0,97042.5,90349.16666666667,85164.16666666667,219236
2023-07-25,92300.0,94200.0,91000.0,91500.0,92780.0,96805.0,90521.66666666667,85232.91666666667,247616
2023-07-26,90650.0,90950.0,89250.0,90550.0,92090.0,96390.0,90680.83333333333,85297.5,289396
2023-07-27,90750.0,91650.0,88050.0,88600.0,91080.0,96012.5,90793.33333333333,85344.16666666667,272086
2023-07-28,88600.0,92600.0,88300.0,91250.0,90830.0,95632.5,90926.66666666667,85409.58333333333,223534
2023-07-31,91500.0,91500.0,86400.0,87150.0,89810.0,95025.0,90988.33333333333,85449.16666666667,457526
2023-08-01,87150.0,87500.0,86500.0,87250.0,88960.0,94397.5,91054.16666666667,85495.41666666667,267220
2023-08-02,86950.0,86950.0,84850.0,85150.0,87880.0,93680.0,91086.66666666667,85526.66666666667,343258
2023-08-03,85150.0,86250.0,84300.0,84500.0,87060.0,92945.0,91105.0,85554.16666666667,212768
2023-08-04,84550.0,85300.0,84350.0,84800.0,85770.0,92295.0,91132.5,85583.75,143430
2023-08-07,84550.0,84800.0,83700.0,83900.0,85120.0,91602.5,91135.83333333333,85607.91666666667,139046
2023-08-08,84500.0,84800.0,83200.0,84000.0,84470.0,90882.5,91170.0,85633.75,179884
2023-08-09,83650.0,84700.0,83650.0,84300.0,84300.0,90260.0,91218.33333333333,85669.58333333333,125522
2023-08-10,83800.0,85300.0,83400.0,83750.0,84150.0,89577.5,91270.83333333333,85698.33333333333,256884
2023-08-11,83800.0,86300.0,83800.0,85150.0,84220.0,88872.5,91338.33333333333,85734.58333333333,197192
2023-08-14,85250.0,85750.0,84050.0,84050.0,84250.0,88137.5,91366.66666666667,85760.0,127820
2023-08-16,84250.0,85700.0,83500.0,84750.0,84400.0,87652.5,91400.83333333333,85789.16666666667,207232
2023-08-17,84800.0,86050.0,83750.0,85850.0,84710.0,87245.0,91379.16666666667,85837.91666666667,209310
2023-08-18,85000.0,86700.0,84600.0,85650.0,85090.0,86845.0,91350.0,85878.75,160010
2023-08-21,86150.0,86950.0,85800.0,86050.0,85270.0,86522.5,91322.5,85925.0,125270
2023-08-22,86650.0,87100.0,85750.0,86200.0,85700.0,86220.0,91303.33333333333,85976.25,137498
2023-08-23,85400.0,86450.0,84900.0,85800.0,85910.0,85935.0,91295.0,86030.41666666667,91780
2023-08-24,86250.0,87000.0,85100.0,85250.0,85790.0,85670.0,91290.83333333333,86069.58333333333,113896
2023-08-25,84700.0,86400.0,84700.0,85650.0,85790.0,85522.5,91310.0,86114.58333333333,118912
2023-08-28,86250.0,87250.0,86000.0,86250.0,85830.0,85272.5,91321.66666666667,86163.33333333333,154996
2023-08-29,86500.0,87600.0,86350.0,86750.0,85940.0,85252.5,91345.0,86225.41666666667,127708
2023-08-30,87600.0,87750.0,86500.0,86500.0,86080.0,85215.0,91353.33333333333,86297.5,89804
2023-08-31,86550.0,87050.0,86050.0,86250.0,86280.0,85270.0,91390.0,86375.41666666667,124028
2023-09-01,86250.0,89200.0,86100.0,87950.0,86740.0,85442.5,91372.5,86466.25,231706
2023-09-04,87600.0,88250.0,87050.0,88250.0,87140.0,85615.0,91335.83333333333,86552.5,82776
2023-09-05,87900.0,89050.0,87500.0,88100.0,87410.0,85825.0,91340.0,86658.33333333333,75544
2023-09-06,87500.0,88500.0,86850.0,87350.0,87580.0,85992.5,91248.33333333333,86757.5,73362
2023-09-07,86600.0,87950.0,86400.0,87050.0,87740.0,86130.0,91150.0,86851.66666666667,112262
2023-09-08,87250.0,87300.0,85900.0,86450.0,87440.0,86265.0,90970.83333333333,86927.08333333333,89404
2023-09-11,86100.0,87700.0,86050.0,86800.0,87150.0,86347.5,90811.66666666667,87009.16666666667,107386
2023-09-12,87100.0,88500.0,85250.0,86150.0,86760.0,86452.5,90646.66666666667,87071.66666666667,110306
2023-09-13,85800.0,88400.0,85800.0,87400.0,86770.0,86585.0,90522.5,87147.5,93750
2023-09-14,87850.0,88750.0,86550.0,88750.0,87110.0,86730.0,90430.0,87236.66666666667,212706
2023-09-15,88750.0,89650.0,87950.0,89450.0,87710.0,86920.0,90345.83333333333,87336.25,213702
2023-09-18,88500.0,89300.0,88300.0,88450.0,88040.0,87040.0,90270.0,87431.25,124372
2023-09-19,88450.0,90450.0,88450.0,90250.0,88860.0,87242.5,90168.33333333333,87526.25,146674
2023-09-20,90350.0,93900.0,90050.0,92250.0,89830.0,87565.0,90101.66666666667,87632.5,242042
2023-09-21,92200.0,93250.0,90800.0,91000.0,90280.0,87852.5,89970.83333333333,87729.58333333333,112104
2023-09-22,91000.0,91350.0,89300.0,90600.0,90510.0,88100.0,89878.33333333333,87824.16666666667,132188
2023-09-25,90600.0,93200.0,90600.0,92900.0,91400.0,88432.5,89779.16666666667,87941.25,181124
2023-09-26,91950.0,92700.0,90900.0,92000.0,91750.0,88695.0,89657.5,88043.75,143178
2023-09-27,91550.0,92900.0,90550.0,92200.0,91740.0,88980.0,89530.83333333333,88145.41666666667,122374
2023-10-04,90900.0,91450.0,88600.0,89800.0,91500.0,89157.5,89369.16666666667,88237.91666666667,197190
2023-10-05,90900.0,91700.0,89900.0,91100.0,91600.0,89315.0,89234.16666666667,88344.58333333333,94876
2023-10-06,91200.0,92100.0,90500.0,91500.0,91320.0,89477.5,89129.16666666667,88456.25,73306
2023-10-10,91500.0,91650.0,88500.0,90700.0,91060.0,89607.5,89011.66666666667,88545.83333333333,193220
2023-10-11,90750.0,91700.0,89850.0,89850.0,90590.0,89732.5,88869.16666666667,88617.08333333333,151478
2023-10-12,90350.0,90450.0,86800.0,87650.0,90160.0,89762.5,88717.5,88668.33333333333,262100
2023-10-13,86800.0,88350.0,86800.0,87000.0,89340.0,89790.0,88544.16666666667,88714.58333333333,126276
2023-10-16,86650.0,87250.0,85300.0,85700.0,88180.0,89735.0,88318.33333333333,88749.16666666667,127872
2023-10-17,86450.0,86500.0,85350.0,85950.0,87230.0,89725.0,88105.0,88788.33333333333,95236
2023-10-18,85850.0,88700.0,85850.0,87900.0,86840.0,89750.0,87995.83333333333,88831.66666666667,121056
2023-10-19,87050.0,87250.0,86200.0,86400.0,86590.0,89632.5,87869.16666666667,88862.5,59084
2023-10-20,85500.0,86400.0,84800.0,85000.0,86190.0,89410.0,87725.0,88883.33333333333,93250
2023-10-23,84900.0,85400.0,84000.0,84900.0,86030.0,89232.5,87598.33333333333,88905.41666666667,67852
2023-10-24,85800.0,85850.0,83050.0,84500.0,85740.0,88945.0,87469.16666666667,88909.16666666667,69952
2023-10-25,85200.0,86800.0,84950.0,85950.0,85350.0,88630.0,87376.66666666667,88949.16666666667,96768
2023-10-26,86000.0,86000.0,84500.0,85400.0,85150.0,88350.0,87290.83333333333,88985.83333333333,117394
2023-10-27,85400.0,86700.0,83850.0,85650.0,85280.0,88102.5,87241.66666666667,89017.5,145788
2023-10-30,84850.0,85850.0,84250.0,85250.0,85350.0,87720.0,87141.66666666667,89034.16666666667,93668
2023-10-31,86100.0,87200.0,84900.0,85550.0,85560.0,87397.5,87115.0,89051.66666666667,116760
2023-11-01,85600.0,85800.0,82350.0,82850.0,84940.0,86930.0,87041.66666666667,89047.91666666667,197140
2023-11-02,83300.0,84400.0,82550.0,82750.0,84410.0,86577.5,87001.66666666667,89044.16666666667,128412
2023-11-03,84000.0,84000.0,81400.0,83450.0,83970.0,86195.0,86984.16666666667,89044.58333333333,157662
2023-11-06,84550.0,86500.0,84150.0,86500.0,84220.0,85945.0,87012.5,89072.5,132804
2023-11-07,85750.0,85900.0,84450.0,85900.0,84290.0,85705.0,87045.83333333333,89090.83333333333,100876
2023-11-08,86400.0,86400.0,84450.0,84450.0,84610.0,85435.0,87053.33333333333,89111.66666666667,82564
2023-11-09,84850.0,86700.0,84850.0,86700.0,85400.0,85387.5,87093.33333333333,89155.83333333333,118798
2023-11-10,86050.0,86700.0,85600.0,86700.0,86050.0,85372.5,87142.5,89206.66666666667,51498
2023-11-13,86800.0,86950.0,85400.0,85550.0,85860.0,85365.0,87149.16666666667,89243.75,69204
2023-11-14,86400.0,86400.0,85500.0,85800.0,85840.0,85357.5,87178.33333333333,89272.5,86532
2023-11-15,87400.0,88950.0,86550.0,88700.0,86690.0,85397.5,87244.16666666667,89322.5,141416
2023-11-16,88600.0,90150.0,88400.0,88600.0,87070.0,85507.5,87290.0,89334.58333333333,112240
2023-11-17,88100.0,88650.0,87250.0,87750.0,87280.0,85645.0,87325.0,89337.5,76948
2023-11-20,87500.0,89250.0,86850.0,88450.0,87860.0,85822.5,87365.0,89343.75,84366
2023-11-21,89250.0,89950.0,88400.0,89850.0,88670.0,86090.0,87425.83333333333,89364.58333333333,112000
2023-11-22,88550.0,89850.0,88050.0,89350.0,88800.0,86260.0,87485.0,89390.0,63602
2023-11-23,89000.0,89750.0,88700.0,89500.0,88980.0,86465.0,87555.83333333333,89423.33333333333,51816
2023-11-24,89250.0,89500.0,88400.0,88550.0,89140.0,86610.0,87604.16666666667,89457.08333333333,45816
2023-11-27,89000.0,89300.0,88350.0,89050.0,89260.0,86800.0,87650.83333333333,89486.25,37148
2023-11-28,89650.0,89800.0,88400.0,88950.0,89080.0,86970.0,87687.5,89516.25,76850
2023-11-29,88500.0,89450.0,88100.0,88850.0,88980.0,87270.0,87726.66666666667,89540.0,93550
2023-11-30,88850.0,89000.0,85900.0,86850.0,88450.0,87475.0,87736.66666666667,89563.33333333333,244664
2023-12-01,86450.0,87600.0,86250.0,87200.0,88180.0,87662.5,87724.16666666667,89548.33333333333,83378
2023-12-04,87850.0,88900.0,87300.0,88300.0,88030.0,87752.5,87725.0,89530.41666666667,84986
2023-12-05,87750.0,88950.0,87000.0,88150.0,87870.0,87865.0,87725.83333333333,89532.91666666667,63632
2023-12-06,88000.0,89350.0,88000.0,88300.0,87760.0,88057.5,87741.66666666667,89495.0,65290
2023-12-07,87650.0,88500.0,87000.0,87500.0,87890.0,88097.5,87749.16666666667,89449.58333333333,65376
2023-12-08,88000.0,88750.0,87000.0,88200.0,88090.0,88172.5,87778.33333333333,89374.58333333333,67508
2023-12-11,88750.0,88750.0,87800.0,88200.0,88070.0,88305.0,87801.66666666667,89306.66666666667,57058
2023-12-12,88850.0,91500.0,88850.0,89300.0,88300.0,88480.0,87854.16666666667,89250.41666666667,221630
2023-12-13,89250.0,90450.0,88150.0,89150.0,88470.0,88502.5,87883.33333333333,89202.91666666667,122828
2023-12-14,89950.0,90350.0,88600.0,88600.0,88690.0,88502.5,87880.83333333333,89155.41666666667,149410
2023-12-15,89200.0,90950.0,88600.0,89550.0,88960.0,88592.5,87882.5,89114.16666666667,145920
2023-12-18,89900.0,90400.0,89000.0,89950.0,89310.0,88667.5,87907.5,89088.75,88382
2023-12-19,89500.0,90850.0,89100.0,89900.0,89430.0,88670.0,87901.66666666667,89035.0,88610
2023-12-20,90300.0,93500.0,89550.0,92200.0,90040.0,88812.5,87900.83333333333,89001.25,260794
2023-12-21,91550.0,92550.0,90950.0,91550.0,90630.0,88915.0,87910.0,88940.41666666667,82726
2023-12-22,92250.0,95600.0,91550.0,95050.0,91730.0,89240.0,87984.16666666667,88931.25,273284
2023-12-26,95250.0,95950.0,93450.0,94400.0,92620.0,89507.5,88009.16666666667,88894.16666666667,233492
2023-12-27,93600.0,94900.0,93300.0,94500.0,93540.0,89785.0,88050.83333333333,88854.16666666667,156466
2023-12-28,94500.0,96700.0,94450.0,95750.0,94250.0,90130.0,88110.0,88820.41666666667,119202
2024-01-02,94550.0,94950.0,92750.0,93500.0,94640.0,90462.5,88171.66666666667,88770.41666666667,185510
2024-01-03,92550.0,93000.0,91000.0,91000.0,93830.0,90652.5,88170.0,88702.08333333333,138370
2024-01-04,90650.0,92250.0,90500.0,90950.0,93140.0,90785.0,88160.83333333333,88645.0,110580
2024-01-05,90950.0,91450.0,89050.0,89550.0,92150.0,90855.0,88141.66666666667,88576.66666666667,89222
2024-01-08,89550.0,89850.0,88000.0,88350.0,90670.0,90857.5,88116.66666666667,88492.91666666667,91770
2024-01-09,89450.0,89450.0,87900.0,88600.0,89690.0,90912.5,88132.5,88425.0,102248
2024-01-10,88650.0,90000.0,88450.0,89000.0,89290.0,90952.5,88165.83333333333,88355.0,85584
2024-01-11,89750.0,90800.0,86600.0,86600.0,88420.0,90872.5,88180.83333333333,88249.58333333333,132676
2024-01-12,87000.0,87750.0,86450.0,87350.0,87980.0,90775.0,88204.16666666667,88154.58333333333,92118
2024-01-15,87000.0,88750.0,86950.0,89150.0,88140.0,90775.0,88225.0,88110.41666666667,21092
2024-01-16,89000.0,89100.0,86250.0,86250.0,87670.0,90657.5,88222.5,88045.83333333333,105762
2024-01-17,86900.0,86950.0,84300.0,84300.0,86730.0,90395.0,88210.83333333333,87967.91666666667,128802
2024-01-18,84300.0,85400.0,83500.0,83500.0,86110.0,90072.5,88187.5,87892.91666666667,100392
2024-01-19,84250.0,84800.0,83200.0,83950.0,85430.0,89775.0,88178.33333333333,87823.75,93466
2024-01-22,84750.0,85300.0,83550.0,84550.0,84510.0,89392.5,88155.0,87765.83333333333,51644
2024-01-23,85400.0,85450.0,84250.0,84850.0,84230.0,89057.5,88145.83333333333,87718.33333333333,98546
2024-01-24,84850.0,85200.0,83650.0,84250.0,84220.0,88517.5,88122.5,87682.08333333333,120326
2024-01-25,84600.0,85850.0,83500.0,85350.0,84590.0,88065.0,88124.16666666667,87632.91666666667,146346
2024-01-26,84900.0,85700.0,83600.0,83850.0,84570.0,87532.5,88095.83333333333,87605.41666666667,188060
2024-01-29,84000.0,85150.0,83500.0,84800.0,84620.0,86985.0,88128.33333333333,87585.0,160218
2024-01-30,85000.0,86700.0,84900.0,85050.0,84660.0,86562.5,88166.66666666667,87584.16666666667,124388
2024-01-31,84650.0,87650.0,84650.0,87450.0,85300.0,86385.0,88233.33333333333,87608.75,156112
2024-02-01,87000.0,93550.0,87000.0,91700.0,86570.0,86422.5,88320.0,87666.25,492428
2024-02-02,92000.0,95750.0,92000.0,94550.0,88710.0,86672.5,88464.16666666667,87755.0,429376
2024-02-05,94300.0,94900.0,91600.0,94050.0,90560.0,86957.5,88624.16666666667,87838.75,257614
2024-02-06,93150.0,96200.0,93100.0,93550.0,92260.0,87205.0,88738.33333333333,87915.83333333333,163744
2024-02-07,95650.0,95950.0,93550.0,94400.0,93650.0,87475.0,88866.66666666667,88004.58333333333,174728
2024-02-08,94250.0,95300.0,91850.0,92050.0,93720.0,87747.5,88975.0,88062.08333333333,190602
2024-02-13,92500.0,93800.0,89900.0,90550.0,92920.0,87907.5,89054.16666666667,88116.25,183090
2024-02-14,89800.0,90250.0,87300.0,88300.0,91770.0,87865.0,89047.5,88145.83333333333,241858
2024-02-15,89200.0,89250.0,87550.0,87850.0,90630.0,87945.0,89035.0,88162.5,115964
2024-02-16,88700.0,89650.0,88000.0,89650.0,89680.0,88212.5,89066.66666666667,88195.83333333333,156860
2024-02-19,89900.0,92950.0,89900.0,91550.0,89580.0,88615.0,89118.33333333333,88241.66666666667,159208
2024-02-20,92000.0,93550.0,91250.0,92400.0,89950.0,89037.5,89160.83333333333,88293.33333333333,203654
2024-02-21,92400.0,93800.0,91650.0,92700.0,90830.0,89445.0,89216.66666666667,88350.83333333333,107680
2024-02-22,93300.0,94950.0,92100.0,94100.0,92080.0,89907.5,89293.33333333333,88424.58333333333,170492
2024-02-23,94450.0,95400.0,93250.0,95100.0,93170.0,90450.0,89402.5,88503.33333333333,156022
2024-02-26,95100.0,95550.0,92550.0,93400.0,93540.0,90852.5,89475.0,88562.91666666667,129910
2024-02-27,94150.0,95950.0,92650.0,94200.0,93900.0,91370.0,89562.5,88625.0,172846
2024-02-28,93900.0,97500.0,92800.0,96500.0,94660.0,91955.0,89690.0,88708.33333333333,199930
2024-02-29,95600.0,97500.0,95100.0,95250.0,94890.0,92465.0,89830.0,88783.33333333333,211830
2024-03-04,94300.0,97800.0,94250.0,96350.0,95140.0,92910.0,89982.5,88853.33333333333,187122
2024-03-05,95750.0,97500.0,95300.0,95900.0,95640.0,93120.0,90109.16666666667,88917.08333333333,142772
2024-03-06,95850.0,96400.0,94650.0,94650.0,95730.0,93125.0,90217.5,88971.66666666667,119506
2024-03-07,94650.0,103500.0,94650.0,96300.0,95690.0,93237.5,90350.83333333333,89046.25,539266
2024-03-08,97800.0,97850.0,93750.0,94250.0,95490.0,93272.5,90463.33333333333,89106.25,239790
2024-03-11,94300.0,95600.0,93250.0,93250.0,94870.0,93215.0,90547.5,89162.91666666667,146700
2024-03-12,93950.0,94250.0,92250.0,93450.0,94380.0,93285.0,90635.0,89218.33333333333,114856
2024-03-13,93700.0,94850.0,92150.0,92200.0,93890.0,93367.5,90683.33333333333,89268.75,119134
2024-03-14,92650.0,94000.0,92200.0,92450.0,93120.0,93575.0,90738.33333333333,89310.83333333333,171336
2024-03-15,92450.0,95000.0,92300.0,94600.0,93190.0,93912.5,90838.33333333333,89359.58333333333,222196
2024-03-18,93650.0,94200.0,92500.0,93100.0,93160.0,94085.0,90897.5,89390.0,125802
2024-03-19,92650.0,95650.0,92500.0,92500.0,92970.0,94132.5,90940.0,89423.75,134318
2024-03-20,93400.0,94250.0,92300.0,92600.0,93050.0,94142.5,90985.0,89443.33333333333,100054
2024-03-21,93300.0,93550.0,91300.0,93350.0,93230.0,94175.0,91004.16666666667,89452.5,157794
2024-03-22,93000.0,94050.0,92150.0,93700.0,93050.0,94155.0,91040.0,89475.0,160246
2024-03-25,93600.0,93650.0,91000.0,91150.0,92660.0,93957.5,90975.0,89479.58333333333,212068
2024-03-26,91800.0,92450.0,91050.0,91650.0,92490.0,93870.0,90929.16666666667,89469.16666666667,149042
2024-03-27,91300.0,93750.0,91300.0,92750.0,92520.0,93797.5,90900.0,89475.41666666667,338704
2024-03-28,91250.0,91600.0,89250.0,90300.0,91910.0,93487.5,90809.16666666667,89459.58333333333,353792
2024-03-29,90050.0,90450.0,87050.0,87050.0,90580.0,93077.5,90701.66666666667,89436.66666666667,194078
2024-04-01,87950.0,88600.0,86550.0,87500.0,89850.0,92635.0,90643.33333333333,89406.66666666667,163404
2024-04-02,86750.0,87850.0,85750.0,86450.0,88810.0,92162.5,90568.33333333333,89364.58333333333,216316
2024-04-03,86250.0,87450.0,85250.0,86250.0,87510.0,91742.5,90513.33333333333,89327.5,146972
2024-04-04,86950.0,87200.0,85850.0,86550.0,86760.0,91255.0,90483.33333333333,89300.0,116012
2024-04-05,85800.0,88000.0,85800.0,86250.0,86600.0,90855.0,90444.16666666667,89288.33333333333,155296
2024-04-08,86000.0,87350.0,85500.0,86350.0,86370.0,90510.0,90400.0,89282.91666666667,112200
2024-04-09,87250.0,87950.0,86950.0,87400.0,86560.0,90207.5,90413.33333333333,89297.08333333333,129396
2024-04-11,86100.0,89250.0,85850.0,88100.0,86930.0,90002.5,90425.83333333333,89315.0,296084
2024-04-12,87650.0,88800.0,86300.0,87250.0,87070.0,89742.5,90394.16666666667,89309.58333333333,142476
2024-04-15,86000.0,88200.0,84500.0,87550.0,87330.0,89390.0,90415.83333333333,89319.16666666667,131198
2024-04-16,87000.0,87750.0,85650.0,86000.0,87260.0,89035.0,90444.16666666667,89327.5,172910
2024-04-17,85800.0,86750.0,85250.0,85450.0,86870.0,88682.5,90476.66666666667,89332.08333333333,104530
2024-04-18,85850.0,86200.0,85350.0,85450.0,86340.0,88325.0,90501.66666666667,89340.0,84956
2024-04-19,85100.0,85850.0,84100.0,85600.0,86010.0,87937.5,90519.16666666667,89337.08333333333,160552
2024-04-22,86400.0,88950.0,85900.0,88950.0,86290.0,87700.0,90587.5,89366.66666666667,161292
2024-04-23,88400.0,89250.0,87950.0,88500.0,86790.0,87567.5,90658.33333333333,89390.41666666667,75862
2024-04-24,89300.0,89300.0,88200.0,89000.0,87500.0,87435.0,90719.16666666667,89421.66666666667,84810
2024-04-25,88150.0,90750.0,88150.0,90000.0,88410.0,87297.5,90821.66666666667,89458.75,182760
2024-04-26,90850.0,92850.0,89900.0,92000.0,89690.0,87382.5,90941.66666666667,89535.0,200540
2024-04-29,91600.0,92400.0,90100.0,91450.0,90190.0,87602.5,91048.33333333333,89607.5,175918
2024-04-30,91100.0,91850.0,90500.0,91000.0,90690.0,87777.5,91107.5,89670.41666666667,198856
2024-05-02,88800.0,92400.0,88800.0,92200.0,91330.0,88065.0,91115.83333333333,89717.91666666667,195432
2024-05-03,92600.0,92750.0,91300.0,91650.0,91660.0,88335.0,91067.5,89765.83333333333,97738
2024-05-07,92450.0,92500.0,91500.0,92500.0,91760.0,88632.5,91041.66666666667,89832.91666666667,122594
2024-05-08,92500.0,93400.0,92200.0,92800.0,92030.0,88960.0,91029.16666666667,89883.75,120116
2024-05-09,92900.0,93250.0,90750.0,90950.0,92020.0,89190.0,90971.66666666667,89919.16666666667,181446
2024-05-10,91900.0,92250.0,91100.0,91400.0,91860.0,89390.0,90960.83333333333,89967.91666666667,150902
2024-05-13,91900.0,92750.0,91250.0,91850.0,91900.0,89577.5,90982.5,90018.33333333333,82346
2024-05-14,92500.0,94750.0,92150.0,94050.0,92210.0,89917.5,91078.33333333333,90062.91666666667,256526
2024-05-16,94850.0,95750.0,94100.0,95500.0,92750.0,90315.0,91205.83333333333,90120.41666666667,214802
2024-05-17,94600.0,96100.0,94600.0,95650.0,93690.0,90797.5,91305.83333333333,90186.25,183004
2024-05-20,96200.0,96250.0,92750.0,93400.0,94090.0,91195.0,91336.66666666667,90227.5,110210
2024-05-21,92600.0,93550.0,91700.0,93450.0,94410.0,91595.0,91354.16666666667,90257.5,77402
2024-05-22,93000.0,94700.0,91400.0,93900.0,94380.0,92010.0,91374.16666666667,90295.41666666667,157814
2024-05-23,93600.0,95600.0,93600.0,94000.0,94080.0,92262.5,91372.5,90332.91666666667,102602
2024-05-24,93150.0,94000.0,92650.0,92850.0,93520.0,92480.0,91335.0,90368.75,87318
2024-05-27,93100.0,93500.0,91500.0,92050.0,93250.0,92632.5,91312.5,90393.75,95376
2024-05-28,91650.0,92700.0,91400.0,92000.0,92960.0,92732.5,91275.83333333333,90419.16666666667,94124
2024-05-29,91100.0,92400.0,90850.0,91200.0,92420.0,92692.5,91187.5,90438.75,177608
2024-05-30,90550.0,91150.0,89950.0,90350.0,91690.0,92637.5,91105.83333333333,90467.91666666667,92708
2024-05-31,91250.0,91250.0,89250.0,89750.0,91070.0,92575.0,90995.83333333333,90489.16666666667,214018
2024-06-03,90500.0,94950.0,90250.0,94050.0,91470.0,92667.5,90965.0,90537.08333333333,239400
2024-06-04,93150.0,93750.0,90550.0,90950.0,91260.0,92632.5,90903.33333333333,90560.41666666667,161974
2024-06-05,91100.0,92350.0,90150.0,91800.0,91380.0,92597.5,90828.33333333333,90589.58333333333,143982
2024-06-07,91850.0,93000.0,90950.0,91750.0,91660.0,92545.0,90786.66666666667,90625.0,119356
2024-06-10,90800.0,92450.0,90100.0,91500.0,92010.0,92572.5,90757.5,90652.5,110524
2024-06-11,92100.0,93050.0,91550.0,92000.0,91600.0,92602.5,90733.33333333333,90684.16666666667,136350
2024-06-12,92000.0,92600.0,90400.0,90500.0,91510.0,92535.0,90705.0,90694.16666666667,143804
2024-06-13,90800.0,92000.0,89800.0,89800.0,91110.0,92322.5,90660.83333333333,90699.58333333333,193842
2024-06-14,89800.0,100500.0,89300.0,94500.0,91660.0,92272.5,90659.16666666667,90748.75,1631172
2024-06-17,94850.0,95750.0,93250.0,95000.0,92360.0,92240.0,90690.83333333333,90794.16666666667,261608
2024-06-18,95050.0,102000.0,94550.0,101250.0,94210.0,92632.5,90836.66666666667,90888.33333333333,786446
2024-06-19,101750.0,109000.0,99700.0,107000.0,97510.0,93310.0,91076.66666666667,91030.83333333333,841164
2024-06-20,106250.0,112000.0,105500.0,107500.0,101050.0,93990.0,91312.5,91158.33333333333,452684
2024-06-21,107250.0,109500.0,106000.0,108000.0,103750.0,94690.0,91550.83333333333,91295.41666666667,417008
2024-06-24,108000.0,113750.0,107500.0,109500.0,106650.0,95522.5,91856.66666666667,91415.83333333333,514994
2024-06-25,110750.0,114750.0,109750.0,113500.0,109100.0,96595.0,92220.83333333333,91575.0,577512
2024-06-26,111750.0,116500.0,110750.0,114250.0,110550.0,97707.5,92579.16666666667,91739.58333333333,564032
2024-06-27,114000.0,116250.0,111000.0,114750.0,112000.0,98885.0,92986.66666666667,91897.91666666667,501314
2024-06-28,116000.0,120500.0,108750.0,109500.0,112300.0,99842.5,93360.83333333333,92031.25,1838088
2024-07-01,113500.0,124000.0,113250.0,120250.0,114450.0,101367.5,93906.66666666667,92275.0,1967472
2024-07-02,119250.0,120750.0,114500.0,119250.0,115600.0,102627.5,94453.33333333333,92510.83333333333,738854
2024-07-03,119250.0,128250.0,117500.0,124500.0,117650.0,104305.0,95090.83333333333,92802.08333333333,1017296
2024-07-04,122000.0,128750.0,122000.0,125000.0,119700.0,105965.0,95731.66666666667,93107.5,470048
2024-07-05,124500.0,126500.0,120750.0,122750.0,122350.0,107515.0,96340.0,93392.08333333333,468722
2024-07-08,123250.0,124250.0,120750.0,122750.0,122850.0,109077.5,96946.66666666667,93673.33333333333,277136
2024-07-09,123250.0,123750.0,119250.0,122000.0,123400.0,110577.5,97523.33333333333,93968.33333333333,386870
2024-07-10,121500.0,124250.0,120250.0,123000.0,123100.0,112202.5,98105.0,94265.41666666667,1007430
2024-07-11,123250.0,128500.0,122500.0,126250.0,123350.0,114025.0,98755.0,94574.58333333333,807666
2024-07-12,127900.0,129200.0,120100.0,124900.0,123780.0,115545.0,99377.5,94896.66666666667,407483
2024-07-15,126100.0,129500.0,125200.0,127600.0,124750.0,117175.0,100070.83333333333,95257.5,172545
2024-07-16,126800.0,127500.0,123900.0,125600.0,125470.0,118392.5,100740.0,95608.33333333333,201367
2024-07-17,125100.0,125200.0,120000.0,120800.0,125030.0,119082.5,101329.16666666667,95915.41666666667,362194
2024-07-18,120800.0,122500.0,119300.0,120400.0,123860.0,119727.5,101909.16666666667,96214.16666666667,155827
2024-07-19,119000.0,119900.0,116700.0,119100.0,122700.0,120282.5,102411.66666666667,96499.58333333333,220260
2024-07-22,119100.0,119900.0,117500.0,119100.0,121000.0,120762.5,102921.66666666667,96790.0,83047
2024-07-23,119900.0,123900.0,118000.0,118000.0,119480.0,120987.5,103405.0,97062.08333333333,257388
2024-07-24,117200.0,118400.0,116300.0,117800.0,118880.0,121165.0,103868.33333333333,97345.0,139179
2024-07-25,118300.0,121800.0,118200.0,118200.0,118440.0,121337.5,104305.0,97623.33333333333,262704
2024-07-26,119300.0,124000.0,119100.0,123100.0,119240.0,122017.5,104832.5,97940.41666666667,270723
2024-07-29,122900.0,125700.0,121200.0,124700.0,120360.0,122240.0,105394.16666666667,98250.83333333333,170341
2024-07-30,122800.0,125700.0,121400.0,121400.0,121040.0,122347.5,105880.83333333333,98498.33333333333,123579
2024-07-31,120000.0,123400.0,119500.0,121500.0,121780.0,122197.5,106378.33333333333,98722.91666666667,197766
2024-08-01,120300.0,122500.0,119600.0,121500.0,122440.0,122022.5,106861.66666666667,98951.66666666667,113843
2024-08-02,117300.0,120300.0,112200.0,115400.0,120900.0,121655.0,107238.33333333333,99133.75,472854
2024-08-05,112500.0,113500.0,103700.0,107400.0,117440.0,120887.5,107512.5,99242.08333333333,366227
2024-08-06,108700.0,111800.0,105600.0,106800.0,114520.0,120127.5,107769.16666666667,99365.0,435132
2024-08-07,104600.0,107900.0,102000.0,107100.0,111640.0,119332.5,108023.33333333333,99502.91666666667,357676
2024-08-08,103900.0,106700.0,102100.0,105100.0,108360.0,118275.0,108207.5,99642.91666666667,619177
2024-08-09,106100.0,108800.0,105500.0,106100.0,106500.0,117335.0,108384.16666666667,99795.0,233413
2024-08-12,105600.0,108200.0,105000.0,106900.0,106400.0,116300.0,108571.66666666667,99938.75,167179
2024-08-13,106900.0,111900.0,106800.0,109100.0,106860.0,115475.0,108833.33333333333,100085.0,306102
2024-08-14,110400.0,111200.0,107200.0,108200.0,107080.0,114845.0,109079.16666666667,100216.66666666667,172871
2024-08-16,110000.0,110700.0,108600.0,109300.0,107920.0,114290.0,109335.83333333333,100355.0,148187
2024-08-19,109000.0,110000.0,103900.0,104700.0,107640.0,113570.0,109514.16666666667,100443.33333333333,234925
2024-08-20,105700.0,106700.0,104300.0,105800.0,107420.0,112905.0,109730.0,100532.5,130291
2024-08-21,106700.0,109700.0,106100.0,108500.0,107300.0,112430.0,110004.16666666667,100658.33333333333,162593
2024-08-22,108300.0,110200.0,107800.0,108000.0,107260.0,111940.0,110270.83333333333,100773.33333333333,91285
2024-08-23,108600.0,115400.0,108000.0,114100.0,108220.0,111735.0,110652.5,100920.0,347865
2024-08-26,115000.0,119300.0,114800.0,115500.0,110380.0,111355.0,111071.66666666667,101088.75,199044
2024-08-27,115200.0,115200.0,109600.0,111600.0,111540.0,110700.0,111435.83333333333,101215.83333333333,247715
2024-08-28,112600.0,118900.0,111600.0,116100.0,113060.0,110435.0,111803.33333333333,101384.16666666667,330783
2024-08-29,116700.0,118100.0,111500.0,112700.0,114000.0,109995.0,112165.83333333333,101534.58333333333,369583
2024-08-30,113800.0,115200.0,111900.0,112000.0,113580.0,109520.0,112502.5,101665.41666666667,277993
2024-09-02,112000.0,113800.0,111600.0,112600.0,113000.0,109380.0,112850.0,101818.33333333333,126075
2024-09-03,113300.0,113300.0,109500.0,111300.0,112940.0,109575.0,113180.0,101968.75,175833
2024-09-04,109500.0,110800.0,108100.0,110800.0,111880.0,109775.0,113493.33333333333,102113.33333333333,252510
2024-09-05,111800.0,112700.0,108700.0,110700.0,111480.0,109955.0,113830.0,102267.5,239881
2024-09-06,111800.0,111800.0,107100.0,109400.0,110960.0,110170.0,114156.66666666667,102408.75,162803
2024-09-09,108400.0,111000.0,106200.0,110000.0,110440.0,110365.0,114415.0,102537.08333333333,136875
2024-09-10,110800.0,114000.0,110500.0,111100.0,110400.0,110575.0,114683.33333333333,102687.08333333333,178820
2024-09-11,113000.0,114900.0,110300.0,111100.0,110460.0,110675.0,114847.5,102842.08333333333,189475
2024-09-12,112400.0,112900.0,110100.0,112900.0,110900.0,110910.0,114945.83333333333,103011.25,188727
2024-09-13,113800.0,117800.0,113300.0,115700.0,112160.0,111230.0,115082.5,103197.5,150579
2024-09-19,119100.0,121000.0,115500.0,117600.0,113680.0,111875.0,115242.5,103396.66666666667,198776
2024-09-20,118500.0,121000.0,116800.0,117300.0,114920.0,112450.0,115372.5,103614.58333333333,203186
2024-09-23,119600.0,120700.0,117400.0,119500.0,116600.0,113000.0,115472.5,103846.66666666667,175581
2024-09-24,120900.0,120900.0,117000.0,119900.0,118000.0,113595.0,115566.66666666667,104072.91666666667,164292
2024-09-25,121000.0,122900.0,117200.0,117400.0,118340.0,113760.0,115610.83333333333,104298.75,199449
2024-09-26,118700.0,124500.0,118600.0,124500.0,119720.0,114210.0,115860.83333333333,104610.83333333333,362040
2024-09-27,123300.0,125200.0,122200.0,123900.0,121040.0,114825.0,115921.66666666667,104914.16666666667,154588
2024-09-30,124500.0,125600.0,121400.0,122100.0,121560.0,115125.0,115969.16666666667,105211.25,274408
2024-10-02,121600.0,122600.0,117700.0,118600.0,121300.0,115420.0,115870.83333333333,105480.83333333333,158936
2024-10-04,118600.0,119200.0,115000.0,117000.0,121220.0,115670.0,115737.5,105734.58333333333,175236
2024-10-07,117100.0,117500.0,113700.0,114900.0,119300.0,115785.0,115606.66666666667,105973.33333333333,159859
2024-10-08,115500.0,115500.0,111500.0,113800.0,117280.0,115910.0,115457.5,106202.08333333333,149323
2024-10-10,115500.0,116300.0,113300.0,113500.0,115560.0,116045.0,115315.83333333333,106419.58333333333,196499
2024-10-11,114500.0,117200.0,113300.0,113400.0,114520.0,116180.0,115155.83333333333,106630.41666666667,140910
2024-10-14,113900.0,115600.0,112500.0,113400.0,113800.0,116380.0,114941.66666666667,106848.33333333333,85939
2024-10-15,115100.0,117800.0,114800.0,115300.0,113880.0,116645.0,114781.66666666667,107079.58333333333,128355
2024-10-16,114900.0,125700.0,114800.0,123900.0,115900.0,117285.0,114720.0,107395.41666666667,392184
2024-10-17,122500.0,122600.0,118100.0,119700.0,117140.0,117715.0,114621.66666666667,107680.83333333333,247304
2024-10-18,119700.0,122300.0,118300.0,120600.0,118580.0,118100.0,114618.33333333333,107973.75,146096
2024-10-21,120600.0,122700.0,119300.0,121200.0,120140.0,118375.0,114631.66666666667,108270.41666666667,116759
2024-10-22,120000.0,124500.0,119500.0,120600.0,121200.0,118525.0,114656.66666666667,108534.16666666667,187181
2024-10-23,121300.0,125500.0,118300.0,122300.0,120880.0,118775.0,114710.0,108815.83333333333,213989
2024-10-24,122800.0,123900.0,120700.0,122100.0,121360.0,118905.0,114778.33333333333,109091.66666666667,105487
2024-10-25,121300.0,127400.0,120200.0,124500.0,122140.0,119135.0,114890.0,109379.16666666667,265039
2024-10-28,124500.0,125400.0,121400.0,122900.0,122480.0,119410.0,114968.33333333333,109636.66666666667,114746
2024-10-29,123400.0,124200.0,121000.0,124000.0,123160.0,119385.0,114983.33333333333,109907.91666666667,100265
2024-10-30,123800.0,123800.0,117600.0,121500.0,123000.0,119265.0,114930.0,110162.08333333333,184850
2024-10-31,121700.0,124200.0,118100.0,122100.0,123000.0,119265.0,114941.66666666667,110411.25,261565
2024-11-01,121300.0,124900.0,120000.0,121900.0,122480.0,119430.0,114948.33333333333,110663.33333333333,162886
2024-11-04,122100.0,122700.0,118100.0,121400.0,122180.0,119650.0,114946.66666666667,110904.16666666667,210981
2024-11-05,120200.0,122200.0,119300.0,120600.0,121500.0,119935.0,115033.33333333333,111135.83333333333,103682
2024-11-06,120800.0,121000.0,115800.0,117100.0,120620.0,120100.0,115195.0,111353.75,280411
2024-11-07,115800.0,117600.0,113200.0,116400.0,119480.0,120245.0,115355.0,111562.08333333333,195530
2024-11-08,116200.0,118300.0,114200.0,115400.0,118180.0,120345.0,115493.33333333333,111758.33333333333,120404
2024-11-11,114800.0,117800.0,114200.0,116100.0,117120.0,120480.0,115676.66666666667,111942.08333333333,90780
2024-11-12,115000.0,118300.0,114200.0,114400.0,115880.0,120435.0,115815.0,112099.58333333333,153252
2024-11-13,113800.0,114000.0,111900.0,113700.0,115200.0,119925.0,115928.33333333333,112250.0,116891
2024-11-14,114700.0,115100.0,112100.0,112100.0,114340.0,119545.0,115978.33333333333,112405.83333333333,184781
2024-11-15,112700.0,114700.0,111200.0,112700.0,113800.0,119150.0,116053.33333333333,112566.25,215075
2024-11-18,113300.0,118900.0,113200.0,118700.0,114320.0,119025.0,116210.0,112772.91666666667,173550
2024-11-19,117800.0,122900.0,117800.0,120500.0,115540.0,119020.0,116473.33333333333,112993.75,184263
2024-11-20,121000.0,124200.0,120800.0,122400.0,117280.0,119025.0,116750.0,113240.0,131711
2024-11-21,122900.0,123800.0,120700.0,120900.0,119040.0,118965.0,116956.66666666667,113480.41666666667,98568
2024-11-22,122100.0,122600.0,118700.0,120000.0,120500.0,118740.0,117156.66666666667,113713.75,126096
2024-11-25,121700.0,123300.0,119700.0,123000.0,121360.0,118745.0,117305.0,113978.75,208614
2024-11-26,122000.0,123600.0,121500.0,123000.0,121860.0,118695.0,117430.0,114250.83333333333,66163
2024-11-27,123400.0,127000.0,122700.0,126300.0,122640.0,118935.0,117675.0,114555.41666666667,206711
2024-11-28,126800.0,126800.0,123600.0,125000.0,123460.0,119080.0,117823.33333333333,114813.33333333333,81977
2024-11-29,125600.0,125600.0,122400.0,123000.0,124060.0,119135.0,117995.0,115080.41666666667,146106
2024-12-02,124200.0,125400.0,122300.0,124100.0,124280.0,119270.0,118196.66666666667,115349.58333333333,106973
2024-12-03,125300.0,125700.0,120600.0,121700.0,124020.0,119325.0,118348.33333333333,115599.16666666667,148690
2024-12-04,120000.0,121600.0,117600.0,120200.0,122800.0,119480.0,118496.66666666667,115838.33333333333,146262
2024-12-05,120000.0,120900.0,116300.0,116700.0,121140.0,119495.0,118595.0,116044.16666666667,118572
2024-12-06,116000.0,117000.0,113200.0,114400.0,119420.0,119445.0,118656.66666666667,116243.33333333333,131555
2024-12-09,114400.0,114400.0,111600.0,112400.0,117080.0,119260.0,118706.66666666667,116431.66666666667,120532
2024-12-10,113500.0,115200.0,112600.0,114200.0,115580.0,119250.0,118776.66666666667,116595.83333333333,108639
2024-12-11,113900.0,114800.0,112100.0,113500.0,114240.0,119240.0,118816.66666666667,116750.0,155671
2024-12-12,114100.0,117900.0,112700.0,117900.0,114480.0,119530.0,118930.0,116888.75,168967
2024-12-13,117100.0,119100.0,116300.0,118700.0,115340.0,119830.0,119026.66666666667,116986.25,154814
2024-12-16,118300.0,118600.0,113400.0,114000.0,115660.0,119595.0,118998.33333333333,117040.41666666667,182710
2024-12-17,114400.0,115300.0,113200.0,114900.0,115800.0,119315.0,118953.33333333333,117097.91666666667,129810
2024-12-18,115500.0,119300.0,115100.0,119300.0,116960.0,119160.0,118986.66666666667,117179.58333333333,121936
2024-12-19,116200.0,118300.0,115200.0,116400.0,116660.0,118935.0,118935.0,117203.75,137894
2024-12-20,115600.0,119400.0,115600.0,116700.0,116260.0,118770.0,118881.66666666667,117224.16666666667,165070
2024-12-23,117800.0,120300.0,115600.0,119100.0,117280.0,118575.0,118910.0,117260.41666666667,100244
2024-12-24,119200.0,119900.0,116800.0,117900.0,117880.0,118320.0,118800.0,117330.41666666667,73167
2024-12-26,118000.0,119500.0,117400.0,119100.0,117840.0,117960.0,118720.0,117320.83333333333,87067
2024-12-27,118600.0,118600.0,116200.0,117300.0,118020.0,117575.0,118640.0,117304.58333333333,75974
2024-12-30,116200.0,120400.0,114400.0,118100.0,118300.0,117330.0,118631.66666666667,117251.25,112828
2025-01-02,122400.0,136200.0,122100.0,133800.0,121240.0,117815.0,118911.66666666667,117324.58333333333,779035
2025-01-03,133000.0,135300.0,130700.0,134500.0,124560.0,118455.0,119238.33333333333,117422.5,261916
2025-01-06,134600.0,135500.0,129500.0,129900.0,126720.0,118940.0,119506.66666666667,117482.08333333333,240468
2025-01-07,130200.0,133000.0,129100.0,129300.0,129120.0,119570.0,119770.0,117542.91666666667,135705
2025-01-08,128700.0,131300.0,127000.0,127400.0,130980.0,120220.0,120003.33333333333,117579.58333333333,191077
2025-01-09,127500.0,132000.0,127000.0,129500.0,130120.0,121075.0,120271.66666666667,117606.66666666667,295663
2025-01-10,129800.0,132900.0,129400.0,130400.0,129300.0,121885.0,120523.33333333333,117652.5,226868
2025-01-13,130600.0,131500.0,129200.0,131100.0,129540.0,122765.0,120643.33333333333,117681.66666666667,137189
2025-01-14,131000.0,131800.0,127800.0,129200.0,129520.0,123330.0,120801.66666666667,117711.66666666667,144314
2025-01-15,129900.0,131900.0,129200.0,129500.0,129940.0,123870.0,120950.0,117784.16666666667,93871
2025-01-16,130000.0,130600.0,126800.0,128100.0,129660.0,124575.0,121065.0,117848.33333333333,146708
2025-01-17,127500.0,128100.0,125300.0,127000.0,128980.0,125180.0,121171.66666666667,117914.16666666667,151021
2025-01-20,125400.0,128000.0,124100.0,125000.0,127760.0,125465.0,121216.66666666667,117963.33333333333,119728
2025-01-21,125800.0,127900.0,125100.0,127900.0,127500.0,126040.0,121313.33333333333,118045.83333333333,131704
2025-01-22,128700.0,133300.0,127500.0,133100.0,128220.0,126860.0,121456.66666666667,118173.33333333333,230829
2025-01-23,133400.0,134800.0,131200.0,134800.0,129560.0,127645.0,121655.0,118311.66666666667,210467
2025-01-24,134800.0,145800.0,133400.0,144100.0,132980.0,128955.0,121990.0,118486.66666666667,870724
2025-01-31,145500.0,151000.0,145500.0,149400.0,137860.0,130470.0,122455.0,118692.5,363302
2025-02-03,146500.0,148100.0,143500.0,144600.0,141200.0,131835.0,122830.0,118885.83333333333,210133
2025-02-04,146100.0,146400.0,141700.0,142200.0,143020.0,133040.0,123168.33333333333,119058.33333333333,161145
2025-02-05,143100.0,143100.0,139100.0,142700.0,144600.0,133485.0,123523.33333333333,119235.0,163949
2025-02-06,141800.0,142900.0,133600.0,136000.0,142980.0,133560.0,123780.0,119406.66666666667,387221
2025-02-07,136000.0,136200.0,133000.0,133000.0,139700.0,133715.0,124045.0,119620.0,200347
2025-02-10,131300.0,136000.0,129300.0,133800.0,137540.0,133940.0,124335.0,119845.0,192092
2025-02-11,133500.0,135500.0,131300.0,131700.0,135440.0,134155.0,124606.66666666667,120050.0,143559
2025-02-12,131400.0,132700.0,129900.0,130600.0,133020.0,134210.0,124848.33333333333,120262.5,103631
2025-02-13,130800.0,130900.0,128700.0,128800.0,131580.0,134130.0,125088.33333333333,120451.66666666667,282977
2025-02-14,128800.0,131600.0,127100.0,130600.0,131100.0,134105.0,125370.0,120649.16666666667,146024
2025-02-17,130100.0,130200.0,124800.0,126100.0,129560.0,133950.0,125603.33333333333,120790.83333333333,214651
2025-02-18,126100.0,129700.0,125500.0,128100.0,128840.0,133880.0,125860.0,120956.66666666667,148844
2025-02-19,127400.0,130800.0,127300.0,130300.0,128780.0,133990.0,126053.33333333333,121131.66666666667,148927
2025-02-20,129000.0,130900.0,127600.0,130400.0,129100.0,134160.0,126218.33333333333,121345.83333333333,129397
2025-02-21,132200.0,138500.0,132100.0,133900.0,129760.0,134605.0,126410.0,121580.0,305475
2025-02-24,132800.0,142300.0,131800.0,141100.0,132760.0,135265.0,126746.66666666667,121851.66666666667,353214
2025-02-25,140000.0,142000.0,137400.0,138100.0,134760.0,135515.0,127048.33333333333,122102.5,178681
2025-02-26,138900.0,139100.0,134700.0,137000.0,136100.0,135625.0,127281.66666666667,122293.33333333333,139822
2025-02-27,138000.0,138200.0,133500.0,134800.0,136980.0,135160.0,127478.33333333333,122454.16666666667,119763
2025-02-28,133100.0,133800.0,129200.0,130100.0,136220.0,134195.0,127541.66666666667,122608.33333333333,205571
2025-03-04,128800.0,135500.0,128800.0,131900.0,134380.0,133560.0,127656.66666666667,122740.0,121932
2025-03-05,132900.0,135200.0,132300.0,132800.0,133320.0,133090.0,127820.0,122907.5,111925
2025-03-06,133500.0,135500.0,131900.0,133100.0,132540.0,132610.0,127970.0,123083.33333333333,91472
2025-03-07,132800.0,133900.0,128000.0,128400.0,131260.0,132230.0,128081.66666666667,123215.0,157603
2025-03-10,126800.0,128800.0,125500.0,127300.0,130700.0,131945.0,128200.0,123348.33333333333,127296
2025-03-11,124500.0,125000.0,122400.0,123300.0,128980.0,131420.0,128310.0,123452.5,165446
2025-03-12,123100.0,124700.0,120500.0,121500.0,126720.0,130910.0,128428.33333333333,123542.5,270173
2025-03-13,121900.0,122800.0,120100.0,120900.0,124280.0,130425.0,128570.0,123638.33333333333,193863
2025-03-14,121800.0,121800.0,119600.0,121300.0,122860.0,130050.0,128688.33333333333,123732.5,100509
2025-03-17,121700.0,123500.0,120500.0,121700.0,121740.0,129605.0,128825.0,123820.83333333333,105747
2025-03-18,121700.0,122400.0,120800.0,122200.0,121520.0,129410.0,128896.66666666667,123913.33333333333,94760
2025-03-19,121400.0,122500.0,120000.0,120300.0,121280.0,129020.0,128923.33333333333,123975.0,170923
2025-03-20,120200.0,121600.0,120000.0,120700.0,121240.0,128540.0,129035.0,124016.66666666667,89755
2025-03-21,120600.0,126000.0,120100.0,124600.0,121900.0,128250.0,129196.66666666667,124075.0,291946
2025-03-24,126600.0,133800.0,125200.0,131600.0,123880.0,128135.0,129401.66666666667,124194.16666666667,315425
2025-03-25,134100.0,134300.0,126000.0,127100.0,124860.0,127435.0,129580.0,124257.5,302374
2025-03-26,128400.0,129800.0,127500.0,128000.0,126400.0,126930.0,129768.33333333333,124325.0,113160
2025-03-27,126000.0,126700.0,122000.0,122100.0,126680.0,126185.0,129818.33333333333,124364.16666666667,182724
2025-03-28,119300.0,119900.0,114200.0,114800.0,124720.0,125185.0,129766.66666666667,124283.33333333333,240382
2025-03-31,112500.0,114500.0,112100.0,112400.0,120880.0,124300.0,129655.0,124187.5,155261
2025-04-01,115000.0,118900.0,114100.0,117600.0,118980.0,123585.0,129660.0,124150.0,237636
2025-04-02,116500.0,119300.0,115600.0,118700.0,117120.0,122880.0,129670.0,124150.83333333333,168460
2025-04-03,115000.0,118700.0,114200.0,118100.0,116320.0,122130.0,129408.33333333333,124160.0,179008
2025-04-04,116900.0,118200.0,114400.0,116100.0,116580.0,121515.0,129101.66666666667,124170.0,110805
2025-04-07,111100.0,112600.0,107600.0,109500.0,116000.0,120625.0,128761.66666666667,124134.16666666667,211797
2025-04-08,111700.0,111900.0,106100.0,107000.0,113880.0,119810.0,128390.0,124080.0,208240
2025-04-09,108000.0,109000.0,106200.0,107300.0,111600.0,119100.0,128055.0,124029.16666666667,145141
2025-04-10,113000.0,113500.0,110100.0,112700.0,110520.0,118690.0,127775.0,124023.33333333333,212320
2025-04-11,109600.0,111300.0,106300.0,106700.0,108640.0,117960.0,127380.0,123951.66666666667,186872
2025-04-14,106900.0,108100.0,105000.0,107400.0,108220.0,117245.0,126985.0,123814.16666666667,162024
2025-04-15,109000.0,113400.0,108000.0,111700.0,109160.0,116720.0,126693.33333333333,123747.5,283193
2025-04-16,111200.0,112400.0,109900.0,111500.0,110000.0,116280.0,126393.33333333333,123671.66666666667,83249
2025-04-17,112400.0,114000.0,110900.0,112200.0,109900.0,115855.0,126128.33333333333,123596.66666666667,95713
2025-04-18,113800.0,119200.0,112500.0,118300.0,112220.0,115540.0,125983.33333333333,123577.5,244986
2025-04-21,118000.0,118000.0,113300.0,113500.0,113440.0,114635.0,125791.66666666667,123504.16666666667,126109
2025-04-22,113600.0,114100.0,111100.0,112200.0,113540.0,113890.0,125530.0,123421.66666666667,125955
2025-04-23,113500.0,115300.0,112700.0,115100.0,114260.0,113245.0,125230.0,123343.33333333333,119595
2025-04-24,114500.0,115000.0,112300.0,112800.0,114380.0,112780.0,124863.33333333333,123259.16666666667,113846
2025-04-25,113800.0,114700.0,112100.0,113200.0,113360.0,112700.0,124348.33333333333,123169.16666666667,128290
2025-04-28,112500.0,113800.0,111800.0,112500.0,113160.0,112705.0,123733.33333333333,123094.16666666667,106970
2025-04-29,113900.0,116200.0,112600.0,115600.0,113840.0,112605.0,123250.0,123040.0,142435
2025-04-30,115900.0,119800.0,111500.0,114000.0,113620.0,112370.0,122780.0,122974.16666666667,278400
2025-05-02,112600.0,114000.0,106600.0,107500.0,112560.0,111840.0,122193.33333333333,122858.33333333333,548276
2025-05-07,107800.0,108600.0,105000.0,105400.0,111000.0,111305.0,121683.33333333333,122731.66666666667,368874
2025-05-08,105000.0,106600.0,104500.0,106100.0,109720.0,111135.0,121235.0,122640.0,383650
2025-05-09,106900.0,107600.0,106200.0,106700.0,107940.0,111120.0,120783.33333333333,122559.16666666667,272241
2025-05-12,107800.0,109800.0,107400.0,109800.0,107100.0,111245.0,120418.33333333333,122512.5,306167
2025-05-13,110200.0,114700.0,110200.0,114700.0,108540.0,111345.0,120153.33333333333,122500.83333333333,439746
2025-05-14,113600.0,114000.0,111600.0,113000.0,110060.0,111660.0,119890.0,122489.16666666667,303549
2025-05-15,112500.0,114300.0,112100.0,113200.0,111480.0,111950.0,119600.0,122485.0,248790
2025-05-16,113300.0,114000.0,111900.0,112600.0,112660.0,111995.0,119375.0,122489.16666666667,180278
2025-05-19,112100.0,112800.0,110300.0,111400.0,112980.0,111990.0,119096.66666666667,122478.33333333333,192159
2025-05-20,112300.0,113000.0,109600.0,109800.0,112000.0,111870.0,118755.0,122404.16666666667,253520
2025-05-21,109600.0,110300.0,108500.0,109600.0,111320.0,111435.0,118408.33333333333,122313.33333333333,220443
2025-05-22,110300.0,111400.0,108400.0,109800.0,110640.0,111250.0,118006.66666666667,122208.33333333333,196293
2025-05-23,109500.0,110100.0,105900.0,106500.0,109420.0,110965.0,117430.0,122088.33333333333,194981
2025-05-26,107500.0,110900.0,107300.0,110000.0,109140.0,110710.0,116961.66666666667,122005.0,139790
2025-05-27,109000.0,111600.0,108900.0,111500.0,109480.0,110645.0,116536.66666666667,121909.16666666667,106138
2025-05-28,111100.0,112700.0,110800.0,112200.0,110000.0,110595.0,116160.0,121819.16666666667,131659
2025-05-29,113200.0,115500.0,112500.0,115000.0,111040.0,110720.0,115908.33333333333,121725.0,181674
2025-05-30,113200.0,113600.0,111100.0,113400.0,112420.0,110610.0,115600.0,121628.33333333333,320553
2025-06-02,111900.0,113000.0,111100.0,111600.0,112740.0,110490.0,115246.66666666667,121533.33333333333,96703
2025-06-04,111900.0,114900.0,110200.0,113200.0,113080.0,110775.0,114915.0,121442.5,162301
2025-06-05,114900.0,120200.0,113700.0,117900.0,114220.0,111400.0,114740.0,121410.83333333333,294167
2025-06-09,121500.0,124100.0,120100.0,121500.0,115520.0,112170.0,114643.33333333333,121421.66666666667,336261
2025-06-10,122300.0,123500.0,120000.0,121300.0,117100.0,112900.0,114610.0,121460.0,216015
2025-06-11,122100.0,123900.0,119800.0,121600.0,119100.0,113490.0,114611.66666666667,121520.0,230412
2025-06-12,120500.0,122700.0,120400.0,121000.0,120660.0,113805.0,114613.33333333333,121591.66666666667,311414
2025-06-13,119700.0,119800.0,115800.0,117600.0,120600.0,114035.0,114551.66666666667,121620.0,351595
2025-06-16,118000.0,119900.0,117100.0,119700.0,120240.0,114360.0,114518.33333333333,121671.66666666667,142056
2025-06-17,120000.0,126000.0,120000.0,125500.0,121080.0,115005.0,114573.33333333333,121735.0,342058
2025-06-18,124500.0,137400.0,122900.0,133700.0,123500.0,116120.0,114796.66666666667,121860.0,627936
2025-06-19,133700.0,135700.0,131600.0,133300.0,125960.0,117295.0,115006.66666666667,122020.83333333333,317441
2025-06-20,134500.0,138500.0,132500.0,136700.0,129780.0,118650.0,115208.33333333333,122202.5,341590
2025-06-23,134000.0,136500.0,133600.0,134300.0,132700.0,119875.0,115253.33333333333,122327.5,221493
2025-06-24,137200.0,138500.0,134200.0,136400.0,134880.0,121370.0,115408.33333333333,122494.16666666667,256395
2025-06-25,136500.0,141900.0,135200.0,136500.0,135440.0,122695.0,115550.0,122659.16666666667,249658
2025-06-26,136600.0,139200.0,134500.0,137300.0,136240.0,123985.0,115803.33333333333,122810.83333333333,202949
2025-06-27,137300.0,139000.0,136000.0,137300.0,136360.0,125240.0,116178.33333333333,122972.5,119441
2025-06-30,137100.0,137100.0,133900.0,134800.0,136460.0,126230.0,116551.66666666667,123103.33333333333,155065
2025-07-01,135800.0,139100.0,135100.0,136400.0,136460.0,127380.0,116865.0,123262.5,164882
2025-07-02,135200.0,139200.0,135000.0,138500.0,136860.0,128725.0,117195.0,123432.5,154395
2025-07-03,138500.0,139800.0,136800.0,138200.0,137040.0,129975.0,117530.0,123469.16666666667,129392
2025-07-04,137300.0,139800.0,134900.0,135100.0,136600.0,130835.0,117846.66666666667,123474.16666666667,106525
2025-07-07,134100.0,136700.0,133700.0,135200.0,136680.0,131520.0,118275.0,123518.33333333333,88210
2025-07-08,135200.0,144900.0,135000.0,140700.0,137540.0,132490.0,118836.66666666667,123613.33333333333,225455
2025-07-09,141000.0,143000.0,138700.0,142100.0,138260.0,133515.0,119416.66666666667,123735.83333333333,201017
2025-07-10,142300.0,143900.0,140400.0,142400.0,139100.0,134585.0,119911.66666666667,123843.33333333333,182073
2025-07-11,141000.0,143700.0,140600.0,141300.0,140340.0,135770.0,120488.33333333333,123934.16666666667,124023
2025-07-14,140600.0,150900.0,140600.0,148800.0,143060.0,137225.0,121178.33333333333,124081.66666666667,291805
2025-07-15,147000.0,148700.0,143500.0,144800.0,143880.0,138190.0,121730.0,124211.66666666667,221469
2025-07-16,143700.0,145700.0,142600.0,143600.0,144180.0,138685.0,122265.0,124329.16666666667,166481
2025-07-17,143800.0,144300.0,141600.0,143500.0,144400.0,139195.0,122786.66666666667,124457.5,117228
2025-07-18,142700.0,144500.0,139900.0,142600.0,144660.0,139490.0,123191.66666666667,124587.5,120226
2025-07-21,140700.0,143000.0,140600.0,141000.0,143100.0,139825.0,123650.0,124720.83333333333,89707
2025-07-22,141400.0,144900.0,139800.0,140300.0,142200.0,140020.0,124118.33333333333,124824.16666666667,149109
2025-07-23,141600.0,147200.0,141600.0,143000.0,142080.0,140345.0,124583.33333333333,124906.66666666667,293046
2025-07-24,143200.0,145500.0,140500.0,142200.0,141820.0,140590.0,125073.33333333333,124968.33333333333,128878
2025-07-25,141400.0,150700.0,140800.0,147800.0,142860.0,141115.0,125650.0,124999.16666666667,308099
2025-07-28,148400.0,151500.0,145700.0,148300.0,144320.0,141790.0,126246.66666666667,124990.0,226965
2025-07-29,146600.0,147900.0,143000.0,146700.0,145600.0,142305.0,126765.0,125007.5,172765
2025-07-30,145400.0,150700.0,145400.0,149000.0,146800.0,142830.0,127348.33333333333,125064.16666666667,168088
2025-07-31,148900.0,151900.0,145600.0,147500.0,147860.0,143295.0,128015.0,125104.16666666667,228155
2025-08-01,146100.0,151000.0,145200.0,147000.0,147700.0,143890.0,128708.33333333333,125195.83333333333,226504
2025-08-04,145500.0,148000.0,144400.0,147300.0,147500.0,144495.0,129395.0,125315.0,126389
2025-08-05,149600.0,153500.0,147400.0,148800.0,147920.0,144900.0,130096.66666666667,125440.0,231704
2025-08-06,148800.0,159700.0,148500.0,159500.0,150020.0,145770.0,130925.0,125671.66666666667,360983
2025-08-07,159500.0,169400.0,159300.0,166700.0,153860.0,146985.0,131791.66666666666,125972.5,390135
2025-08-08,167500.0,169700.0,165800.0,168000.0,158060.0,148320.0,132708.33333333334,126299.16666666667,200887
2025-08-11,167000.0,168600.0,162000.0,163300.0,161260.0,149045.0,133543.33333333334,126571.66666666667,182079
2025-08-12,164800.0,173600.0,164800.0,169800.0,165460.0,150295.0,134496.66666666666,126935.83333333333,299882
2025-08-13,171400.0,175000.0,170700.0,173800.0,168320.0,151805.0,135536.66666666666,127316.66666666667,271067
2025-08-14,174100.0,180000.0,174000.0,177300.0,170440.0,153495.0,136661.66666666666,127708.33333333333,262927
2025-08-18,174600.0,175900.0,170400.0,171500.0,171140.0,154940.0,137693.33333333334,128050.83333333333,239416
2025-08-19,170000.0,176600.0,169800.0,174600.0,173400.0,156620.0,138773.33333333334,128390.0,175356
2025-08-20,176200.0,176200.0,169000.0,172500.0,173940.0,158230.0,139873.33333333334,128651.66666666667,151377
2025-08-21,172600.0,174900.0,170800.0,172000.0,173580.0,159680.0,140906.66666666666,128934.16666666667,88510
2025-08-22,171700.0,173400.0,168300.0,169100.0,171940.0,161025.0,141866.66666666666,129201.66666666667,135177
2025-08-25,170200.0,171900.0,169200.0,171900.0,172020.0,162230.0,142861.66666666666,129510.83333333333,79646
2025-08-26,170300.0,171300.0,166400.0,167800.0,170660.0,163205.0,143741.66666666666,129825.0,219918
2025-08-27,169900.0,175200.0,169800.0,171600.0,170480.0,164450.0,144711.66666666666,130155.83333333333,160041
2025-08-28,171600.0,179400.0,171600.0,175300.0,171140.0,165765.0,145773.33333333334,130510.0,197757
2025-08-29,180600.0,191200.0,178100.0,184400.0,174200.0,167610.0,146960.0,130937.5,371722
2025-09-01,187500.0,190800.0,184700.0,185700.0,176960.0,169545.0,148090.0,131415.0,198547
2025-09-02,189000.0,190900.0,187300.0,190100.0,181420.0,171685.0,149233.33333333334,131938.33333333334,233448
2025-09-03,190200.0,191700.0,186000.0,187400.0,184580.0,173615.0,150335.0,132472.5,209364
2025-09-04,186100.0,187400.0,182600.0,184000.0,186320.0,174840.0,151375.0,132993.33333333334,198379
2025-09-05,184100.0,188800.0,183700.0,185800.0,186600.0,175795.0,152455.0,133534.16666666666,143012
2025-09-08,187200.0,187200.0,182700.0,185900.0,186640.0,176690.0,153593.33333333334,134072.5,167653
2025-09-09,187500.0,187700.0,183200.0,185800.0,185780.0,177815.0,154695.0,134606.66666666666,224146
2025-09-10,184000.0,189300.0,184000.0,187500.0,185800.0,178700.0,155728.33333333334,135150.83333333334,187879
2025-09-11,187600.0,188700.0,183700.0,186600.0,186320.0,179340.0,156610.0,135703.33333333334,343886
2025-09-12,186500.0,188900.0,184100.0,188100.0,186780.0,179880.0,157523.33333333334,136265.0,209707
2025-09-15,186400.0,187100.0,182100.0,183300.0,186260.0,180470.0,158300.0,136754.16666666666,305607
2025-09-16,182200.0,186200.0,181500.0,184800.0,186060.0,180980.0,159141.66666666666,137197.5,221945
2025-09-17,184700.0,185800.0,182100.0,184500.0,185460.0,181580.0,159943.33333333334,137675.83333333334,224856
2025-09-18,183800.0,188300.0,183300.0,185700.0,185280.0,182265.0,160763.33333333334,138156.66666666666,206572
2025-09-22,177200.0,179400.0,175300.0,177700.0,183200.0,182695.0,161436.66666666666,138620.0,216914
2025-09-23,176200.0,177900.0,175800.0,177100.0,181960.0,182955.0,162100.0,139139.16666666666,153010
2025-09-24,177500.0,179000.0,170700.0,171400.0,179280.0,183135.0,162710.0,139630.83333333334,218156
2025-09-25,171700.0,172100.0,168600.0,169800.0,176340.0,183045.0,163266.66666666666,140065.83333333334,206289
2025-09-26,168000.0,169000.0,166600.0,168500.0,172900.0,182705.0,163766.66666666666,140480.83333333334,189798
2025-09-29,169900.0,170000.0,166200.0,168100.0,170980.0,181890.0,164265.0,140897.5,189662
2025-09-30,166500.0,169000.0,164650.0,165400.0,168640.0,180875.0,164770.0,141308.33333333334,257912
2025-10-01,165300.0,167000.0,161300.0,163700.0,167100.0,179555.0,165245.0,141760.0,242655
2025-10-02,164900.0,166700.0,163700.0,165100.0,166160.0,178440.0,165651.66666666666,142244.16666666666,201228
2025-10-10,162700.0,166200.0,160400.0,163800.0,165220.0,177430.0,166013.33333333334,142715.0,188425
2025-10-13,162900.0,162900.0,157000.0,158700.0,163340.0,176075.0,166285.0,143098.33333333334,234072
2025-10-14,157200.0,162300.0,157100.0,158900.0,162040.0,174725.0,166578.33333333334,143533.33333333334,153197
2025-10-15,159500.0,162700.0,159100.0,162700.0,161840.0,173570.0,166810.0,143994.16666666666,125035
2025-10-16,169100.0,172600.0,166700.0,167700.0,162360.0,172580.0,167191.66666666666,144460.83333333334,234440
2025-10-17,168000.0,169700.0,164300.0,164800.0,162560.0,171490.0,167545.0,144905.0,129331
2025-10-20,168000.0,169000.0,162500.0,166700.0,164160.0,170420.0,167931.66666666666,145359.16666666666,84838
2025-10-21,168000.0,171000.0,163200.0,164900.0,165360.0,169500.0,168303.33333333334,145747.5,254419
2025-10-22,165600.0,173700.0,165500.0,173400.0,167500.0,168930.0,168843.33333333334,146246.66666666666,267465
2025-10-23,172000.0,174000.0,167900.0,168400.0,167640.0,168125.0,169311.66666666666,146715.0,163247
2025-10-24,169900.0,170100.0,167100.0,167900.0,168260.0,167235.0,169726.66666666666,147155.0,99340
2025-10-27,168000.0,173900.0,167900.0,169500.0,168820.0,166825.0,170181.66666666666,147627.5,189103
2025-10-28,169400.0,169500.0,165300.0,169300.0,169700.0,166435.0,170540.0,148095.0,106180
2025-10-29,170900.0,170900.0,166000.0,168800.0,168780.0,166305.0,170881.66666666666,148564.16666666666,171634
2025-10-30,174000.0,175900.0,169800.0,171000.0,169300.0,166365.0,171286.66666666666,149025.83333333334,222718
2025-10-31,174400.0,194900.0,174400.0,188800.0,173480.0,167380.0,171950.0,149649.16666666666,778091
2025-11-03,186600.0,186600.0,174000.0,175100.0,174600.0,167730.0,172410.0,150212.5,484321
2025-11-04,174600.0,174800.0,166200.0,166600.0,174060.0,167790.0,172736.66666666666,150722.5,325281
2025-11-05,168200.0,168200.0,160100.0,161600.0,172620.0,167685.0,172975.0,151185.0,221318
2025-11-06,165000.0,165000.0,159500.0,162400.0,170900.0,167550.0,173201.66666666666,151649.16666666666,162681
2025-11-07,162400.0,163400.0,158500.0,160000.0,165140.0,167360.0,173210.0,152067.5,138643
2025-11-10,161200.0,166900.0,161100.0,165600.0,163240.0,167705.0,173191.66666666666,152491.66666666666,157818
2025-11-11,165100.0,167500.0,163700.0,164700.0,162860.0,167995.0,173136.66666666666,152922.5,109086
2025-11-12,164300.0,169800.0,163900.0,169500.0,164440.0,168335.0,173240.0,153391.66666666666,159438
2025-11-13,168200.0,170300.0,166600.0,168200.0,165600.0,168360.0,173213.33333333334,153855.0,182736
2025-11-14,166600.0,169200.0,165700.0,166600.0,166920.0,168450.0,173093.33333333334,154315.0,120552
2025-11-17,166900.0,167300.0,160900.0,163200.0,166440.0,168275.0,172858.33333333334,154760.0,187333
2025-11-18,161200.0,164700.0,161200.0,161300.0,165760.0,168095.0,172688.33333333334,155190.83333333334,135009
2025-11-19,163100.0,163900.0,159600.0,161700.0,164200.0,167510.0,172473.33333333334,155623.33333333334,103329
2025-11-20,161800.0,165200.0,161500.0,163100.0,163180.0,167245.0,172316.66666666666,156095.0,98607
2025-11-21,162400.0,163100.0,160000.0,160300.0,161920.0,166865.0,172121.66666666666,156514.16666666666,85163
2025-11-24,161000.0,161400.0,156100.0,158400.0,160960.0,166310.0,171943.33333333334,156905.0,196717
2025-11-25,159900.0,161750.0,158500.0,160000.0,160700.0,165845.0,171745.0,157303.33333333334,82121
2025-11-26,161600.0,162400.0,159700.0,161400.0,160640.0,165475.0,171638.33333333334,157690.0,111820
2025-11-27,161600.0,165600.0,161600.0,164700.0,160960.0,165160.0,171523.33333333334,158117.5,98759
2025-11-28,166000.0,167800.0,162900.0,164400.0,161780.0,163940.0,171341.66666666666,158557.5,101792
2025-12-01,164800.0,165600.0,161100.0,163000.0,162700.0,163335.0,170985.0,158972.5,130264
2025-12-02,164000.0,170600.0,163000.0,169400.0,164580.0,163475.0,170713.33333333334,159401.66666666666,162061
2025-12-03,169400.0,170500.0,168100.0,169900.0,166280.0,163890.0,170376.66666666666,159805.0,85756
2025-12-04,174500.0,181000.0,173100.0,176500.0,168640.0,164595.0,170195.0,160265.0,411151
2025-12-05,176100.0,181300.0,174200.0,179300.0,171620.0,165560.0,170116.66666666666,160745.83333333334,243677
2025-12-08,183300.0,184000.0,176400.0,182100.0,175440.0,166385.0,170055.0,161255.0,250236
2025-12-09,180000.0,183000.0,178900.0,179900.0,177540.0,167145.0,169955.0,161774.16666666666,138910
2025-12-10,181000.0,182400.0,176100.0,180800.0,179720.0,167710.0,169871.66666666666,162283.33333333334,148177
2025-12-11,182100.0,183000.0,177700.0,182600.0,180940.0,168430.0,169790.0,162759.16666666666,316324
2025-12-12,181100.0,182900.0,179600.0,182300.0,181540.0,169215.0,169718.33333333334,163164.16666666666,141557
2025-12-15,181500.0,187400.0,178800.0,182500.0,181620.0,170180.0,169625.0,163574.16666666666,173937
2025-12-16,183700.0,186600.0,178000.0,179400.0,181520.0,171085.0,169560.0,163930.0,127361
2025-12-17,179400.0,180700.0,178000.0,179700.0,181300.0,171985.0,169475.0,164308.33333333334,92609
2025-12-18,176900.0,178800.0,174400.0,175800.0,179940.0,172620.0,169330.0,164636.66666666666,96650
2025-12-19,177600.0,178400.0,174000.0,178000.0,179080.0,173505.0,169201.66666666666,164982.5,104524
2025-12-22,180900.0,180900.0,177900.0,179800.0,178540.0,174575.0,169236.66666666666,165336.66666666666,108241
2025-12-23,179900.0,181900.0,177300.0,178300.0,178320.0,175490.0,169256.66666666666,165678.33333333334,84984
2025-12-24,179100.0,182600.0,178100.0,179800.0,178340.0,176410.0,169396.66666666666,166053.33333333334,90271
2025-12-26,181200.0,182400.0,178200.0,178600.0,178900.0,177105.0,169543.33333333334,166405.0,103673
2025-12-29,177200.0,183300.0,176200.0,182300.0,179760.0,178000.0,169773.33333333334,166770.0,124504
2025-12-30,181500.0,181500.0,179000.0,180600.0,179920.0,178880.0,169981.66666666666,167123.33333333334,102651
2026-01-02,180900.0,183600.0,177800.0,180900.0,180440.0,179455.0,170240.0,167505.0,124293
2026-01-05,180200.0,182000.0,176900.0,178100.0,180100.0,179865.0,170480.0,167862.5,219898
2026-01-06,180300.0,194000.0,180200.0,187100.0,181800.0,180395.0,170846.66666666666,168249.16666666666,515244
2026-01-07,185300.0,219500.0,183400.0,218500.0,189040.0,182355.0,171758.33333333334,168885.83333333334,999934
2026-01-08,233500.0,234000.0,217000.0,223500.0,197620.0,184425.0,172838.33333333334,169561.66666666666,646284
2026-01-09,226000.0,234500.0,217500.0,226500.0,206740.0,186755.0,173965.0,170271.66666666666,438260
2026-01-12,263000.0,271500.0,235500.0,243500.0,219820.0,189890.0,175311.66666666666,171060.83333333334,1097374
2026-01-13,249500.0,270000.0,246500.0,257000.0,233800.0,193610.0,176800.0,171995.83333333334,1059639
2026-01-14,268500.0,270000.0,254500.0,257500.0,241600.0,197370.0,178345.0,172945.0,786277
2026-01-15,257500.0,268750.0,254500.0,266000.0,250100.0,201545.0,180000.0,173965.83333333334,595355
2026-01-16,270500.0,270500.0,252000.0,257000.0,256200.0,205425.0,181535.0,174919.16666666666,607057
2026-01-19,260500.0,280500.0,258000.0,273000.0,262100.0,210090.0,183195.0,176019.16666666666,724694
2026-01-20,273000.0,273500.0,254000.0,259500.0,262600.0,214275.0,184713.33333333334,177012.5,600062
2026-01-21,249000.0,267500.0,249000.0,262000.0,263500.0,218475.0,186281.66666666666,178004.16666666666,1088943
2026-01-22,294500.0,296000.0,258500.0,262000.0,262700.0,222585.0,187823.33333333334,179002.5,1159053
2026-01-23,259500.0,260500.0,247500.0,251500.0,261600.0,226245.0,189193.33333333334,179866.66666666666,902289
2026-01-26,244500.0,249500.0,242000.0,243000.0,255600.0,229405.0,190430.0,180655.83333333334,529038
2026-01-27,235500.0,243500.0,231500.0,241000.0,251900.0,232525.0,191596.66666666666,181441.66666666666,472112
2026-01-28,250500.0,251000.0,240000.0,240500.0,247600.0,235435.0,192458.33333333334,182204.16666666666,472924
2026-01-29,247000.0,260000.0,242000.0,255500.0,246300.0,239180.0,193798.33333333334,183104.16666666666,861650
2026-01-30,253000.0,253000.0,242000.0,242000.0,244400.0,242235.0,195055.0,183895.83333333334,532865
2026-02-02,239500.0,252500.0,237000.0,246000.0,245000.0,245630.0,196461.66666666666,184718.33333333334,586592
2026-02-03,247000.0,252500.0,242000.0,250000.0,246800.0,248775.0,197921.66666666666,185561.66666666666,439326
2026-02-04,253000.0,257000.0,248000.0,251000.0,248900.0,250400.0,199438.33333333334,186324.16666666666,338645
2026-02-05,246500.0,252000.0,240500.0,241000.0,246000.0,251275.0,200695.0,186943.33333333334,283037
2026-02-06,233500.0,238500.0,227000.0,238500.0,245300.0,251875.0,201925.0,187530.83333333334,300086
2026-02-09,243000.0,244500.0,239000.0,242500.0,244600.0,251825.0,203141.66666666666,188190.83333333334,263493
2026-02-10,250000.0,251000.0,243000.0,243500.0,243300.0,251150.0,204396.66666666666,188805.0,239903
2026-02-11,243500.0,258000.0,241000.0,255500.0,244200.0,251050.0,205878.33333333334,189485.83333333334,453905
2026-02-12,258500.0,264000.0,253000.0,261000.0,248200.0,250800.0,207508.33333333334,190183.33333333334,334010
2026-02-13,258500.0,262500.0,254500.0,255000.0,251500.0,250700.0,209070.0,190879.16666666666,245185
2026-02-19,257000.0,265000.0,253500.0,262500.0,255500.0,250175.0,210750.0,191611.66666666666,251685
2026-02-20,261500.0,271500.0,261000.0,270000.0,260800.0,250700.0,212531.66666666666,192424.16666666666,258840
2026-02-23,278000.0,287000.0,264000.0,267500.0,263200.0,250975.0,214318.33333333334,193220.0,426491
2026-02-24,264000.0,272000.0,260000.0,269500.0,264900.0,251350.0,216170.0,194056.66666666666,292909
2026-02-25,272000.0,295000.0,270500.0,280500.0,270000.0,252800.0,218178.33333333334,194961.66666666666,797233
2026-02-26,284500.0,294000.0,276000.0,290500.0,275600.0,255175.0,220330.0,195984.16666666666,511626
2026-02-27,285500.0,294000.0,277000.0,289500.0,279500.0,257600.0,222410.0,196966.66666666666,644671
2026-03-03,283000.0,283500.0,259000.0,259500.0,277900.0,258550.0,223995.0,197668.33333333334,495064
2026-03-04,251000.0,256000.0,227000.0,232000.0,270400.0,257375.0,225145.0,198065.0,420062
2026-03-05,249000.0,254000.0,243000.0,246500.0,263600.0,257600.0,226430.0,198571.66666666666,312757
2026-03-06,235500.0,248000.0,235500.0,243500.0,254200.0,257475.0,227656.66666666666,199016.66666666666,234085
2026-03-09,225000.0,228500.0,220000.0,226500.0,241600.0,256300.0,228490.0,199342.5,277189
2026-03-10,238500.0,238500.0,229000.0,234500.0,236600.0,255475.0,229410.0,199763.33333333334,203769
2026-03-11,243000.0,244000.0,234000.0,236500.0,237500.0,255250.0,230316.66666666666,200185.83333333334,167976
2026-03-12,231500.0,235500.0,229000.0,231000.0,234400.0,254875.0,231168.33333333334,200561.66666666666,170513
2026-03-13,224000.0,228500.0,220500.0,223000.0,230300.0,253900.0,231871.66666666666,200871.66666666666,192263
2026-03-16,224000.0,224000.0,215500.0,219000.0,228800.0,252675.0,232478.33333333334,201134.16666666666,203226
2026-03-17,225000.0,234000.0,225000.0,229000.0,227700.0,251350.0,233256.66666666666,201487.5,144522
2026-03-18,235000.0,238500.0,232000.0,236500.0,227700.0,250125.0,234156.66666666666,201890.83333333334,179640
2026-03-19,229000.0,235500.0,227000.0,230500.0,227600.0,248900.0,235008.33333333334,202284.16666666666,164331
2026-03-20,233000.0,235000.0,229000.0,230500.0,229100.0,247300.0,235855.0,202665.0,238133
2026-03-23,221500.0,222500.0,215000.0,216000.0,228500.0,244600.0,236525.0,202927.5,177388
2026-03-24,224000.0,224500.0,215000.0,223000.0,227300.0,242375.0,237275.0,203238.33333333334,132089
2026-03-25,228000.0,235000.0,227000.0,229500.0,225900.0,240375.0,238103.33333333334,203670.0,134766
2026-03-26,230500.0,232000.0,225000.0,227500.0,225300.0,237725.0,238923.33333333334,204090.0,91341
2026-03-27,221500.0,232500.0,218500.0,231500.0,225500.0,234775.0,239785.0,204590.83333333334,166088
2026-03-30,216000.0,219500.0,213000.0,215500.0,225400.0,231075.0,240400.0,204971.66666666666,157143
2026-03-31,208500.0,213500.0,204000.0,207500.0,222300.0,228475.0,240820.0,205296.66666666666,242380
2026-04-01,216000.0,221000.0,212000.0,218000.0,220000.0,227775.0,241443.33333333334,205712.5,168706
2026-04-02,222500.0,224500.0,208000.0,211500.0,216800.0,226025.0,241953.33333333334,206096.66666666666,158196
2026-04-03,214000.0,216500.0,206500.0,210000.0,212500.0,224350.0,242485.0,206482.5,158548
2026-04-06,210500.0,213000.0,207000.0,209000.0,211200.0,223475.0,242850.0,206848.33333333334,134863
2026-04-07,209000.0,212000.0,205500.0,208000.0,211300.0,222150.0,242675.0,207216.66666666666,148054
2026-04-08,219500.0,223000.0,215500.0,220500.0,211800.0,221350.0,242625.0,207731.66666666666,177053
2026-04-09,223000.0,223500.0,211500.0,213000.0,212100.0,220450.0,242400.0,208182.5,212089
2026-04-10,217500.0,220000.0,216500.0,218500.0,213800.0,220225.0,241983.33333333334,208647.5,114726
2026-04-13,214500.0,215500.0,210500.0,212000.0,214400.0,219875.0,241233.33333333334,209016.66666666666,129728
2026-04-14,217000.0,221500.0,216000.0,219500.0,216700.0,219400.0,240600.0,209472.5,125745
2026-04-15,224500.0,226000.0,219500.0,220500.0,216700.0,218600.0,239841.66666666666,209920.83333333334,148165
2026-04-16,227000.0,230000.0,225500.0,229000.0,219900.0,218525.0,239375.0,210455.0,168571
2026-04-17,232000.0,232000.0,225000.0,227500.0,221700.0,218375.0,238616.66666666666,210905.83333333334,92318
2026-04-20,227500.0,230000.0,222500.0,226000.0,224500.0,218875.0,238058.33333333334,211385.83333333334,120369
2026-04-21,231000.0,234000.0,228500.0,233500.0,227300.0,219400.0,237583.33333333334,211932.5,153535
2026-04-22,233500.0,238000.0,228500.0,235500.0,230300.0,219700.0,237141.66666666666,212482.5,180926
2026-04-23,240000.0,240000.0,226500.0,230000.0,230500.0,219825.0,236783.33333333334,212988.33333333334,271587
2026-04-24,229500.0,229500.0,221500.0,222500.0,229500.0,219375.0,236441.66666666666,213435.83333333334,244317
2026-04-27,230000.0,239000.0,222500.0,229500.0,230200.0,220075.0,236250.0,213923.33333333334,388989
2026-04-28,231000.0,241500.0,229000.0,234500.0,230400.0,221425.0,236150.0,214304.16666666666,356308
2026-04-29,237500.0,245500.0,234500.0,238500.0,231000.0,222450.0,235866.66666666666,214832.5,300023
2026-04-30,239000.0,241500.0,227000.0,227000.0,230400.0,223225.0,235616.66666666666,215335.83333333334,238287
2026-05-04,230500.0,231000.0,223500.0,225500.0,231000.0,224000.0,235275.0,215868.33333333334,210058
2026-05-06,225000.0,229000.0,220000.0,220000.0,229100.0,224550.0,234775.0,216348.33333333334,319045
2026-05-07,227000.0,234500.0,225500.0,230500.0,228300.0,225675.0,234433.33333333334,216935.83333333334,345930
2026-05-08,234500.0,269500.0,231500.0,251000.0,230800.0,227200.0,234600.0,217647.5,1346171
2026-05-11,252500.0,256000.0,243500.0,251000.0,235600.0,229100.0,234808.33333333334,218366.66666666666,628735
2026-05-12,268500.0,288500.0,255000.0,265500.0,243600.0,231450.0,235191.66666666666,219166.66666666666,1353818
2026-05-13,268000.0,288000.0,260000.0,284000.0,256400.0,235050.0,235866.66666666666,220131.66666666666,1109257
2026-05-14,286000.0,286500.0,263000.0,263000.0,262900.0,237225.0,235991.66666666666,220935.0,883883
2026-05-15,268500.0,271500.0,238000.0,242000.0,261100.0,238300.0,235675.0,221591.66666666666,848509
2026-05-18,239000.0,239500.0,225000.0,230000.0,256900.0,238350.0,235258.33333333334,222164.16666666666,342477
2026-05-19,228500.0,230000.0,206000.0,214000.0,246600.0,237675.0,234450.0,222600.0,570628
2026-05-20,214000.0,216500.0,204500.0,210500.0,231900.0,236900.0,233458.33333333334,222995.0,336326
2026-05-21,218000.0,236000.0,215000.0,233500.0,226000.0,236900.0,232891.66666666666,223605.0,532186
2026-05-22,233500.0,242000.0,230500.0,236500.0,224900.0,236950.0,232341.66666666666,224255.83333333334,296342
2026-05-26,242000.0,244500.0,233000.0,236000.0,226100.0,237250.0,231600.0,224889.16666666666,267671
2026-05-27,233000.0,233500.0,225500.0,229500.0,229200.0,237600.0,230583.33333333334,225456.66666666666,412344
2026-05-28,240000.0,240000.0,224500.0,233000.0,233700.0,237775.0,229641.66666666666,226025.83333333334,454762
2026-05-29,237000.0,250000.0,232500.0,242500.0,235500.0,238175.0,229358.33333333334,226676.66666666666,918380
2026-06-01,245000.0,247000.0,232000.0,232500.0,234700.0,237875.0,229366.66666666666,227255.83333333334,627995
2026-06-02,233000.0,234000.0,218000.0,221500.0,231800.0,237600.0,228950.0,227690.0,370147
2026-06-04,215000.0,218000.0,209000.0,211500.0,228200.0,236900.0,228416.66666666666,228036.66666666666,336025
2026-06-05,212000.0,212500.0,200500.0,209500.0,223500.0,236375.0,228133.33333333334,228311.66666666666,262448
2026-06-08,189500.0,196800.0,188800.0,192000.0,213400.0,234450.0,227425.0,228417.5,320585
2026-06-09,195100.0,199500.0,190800.0,198000.0,206500.0,231800.0,226783.33333333334,228550.0,323101
2026-06-10,193600.0,199500.0,188300.0,195200.0,201240.0,229010.0,226186.66666666666,228677.5,52
2026-06-11,189100.0,198500.0,184000.0,195800.0,198100.0,225525.0,225733.33333333334,228802.5,367996
2026-06-12,206500.0,213500.0,202500.0,208500.0,197900.0,221750.0,225558.33333333334,229018.33333333334,326825
2026-06-15,216500.0,223000.0,213000.0,216500.0,202800.0,219425.0,225350.0,229303.33333333334,234156
2026-06-16,220000.0,226500.0,216000.0,222000.0,207600.0,218425.0,225108.33333333334,229632.5,252552
2026-06-17,223000.0,227500.0,219000.0,220000.0,212560.0,217925.0,224933.33333333334,229970.83333333334,246393
2026-06-18,221000.0,221000.0,211500.0,212000.0,215800.0,217825.0,224625.0,230240.0,212455
2026-06-19,213000.0,222500.0,209000.0,222500.0,218600.0,218425.0,224733.33333333334,230629.16666666666,631803
2026-06-22,218000.0,219000.0,204000.0,204000.0,216100.0,216950.0,224416.66666666666,230845.83333333334,245366
2026-06-23,205500.0,207000.0,186900.0,186900.0,209080.0,214470.0,223706.66666666666,230905.0,313772
2026-06-24,187400.0,192400.0,185200.0,189100.0,202900.0,212125.0,223066.66666666666,230995.0,291368
2026-06-25,192400.0,196100.0,188100.0,188100.0,198120.0,210055.0,222343.33333333334,231064.16666666666,166930
2026-06-26,187000.0,187000.0,172500.0,180400.0,189700.0,207425.0,221758.33333333334,231079.16666666666,290485
2026-06-29,180400.0,191900.0,175500.0,189200.0,186740.0,204760.0,221453.33333333334,231136.66666666666,222465
2026-06-30,191500.0,192100.0,182600.0,183100.0,185980.0,202290.0,220871.66666666666,231157.5,207724
2026-07-01,190100.0,205000.0,189100.0,197700.0,187700.0,201100.0,220641.66666666666,231297.5,271514
2026-07-02,197700.0,201500.0,187100.0,195900.0,189260.0,200320.0,220406.66666666666,231445.83333333334,230377
2026-07-03,197900.0,198500.0,187300.0,197000.0,192580.0,199695.0,220206.66666666666,231528.33333333334,164755
2026-07-06,197000.0,203500.0,192900.0,196700.0,194080.0,199930.0,220018.33333333334,231346.66666666666,143992
2026-07-07,196700.0,197200.0,188500.0,196100.0,196680.0,199835.0,219611.66666666666,231118.33333333334,176729
2026-07-08,191000.0,201000.0,188200.0,190400.0,195220.0,199595.0,219235.0,230817.5,247492
2026-07-09,190500.0,193000.0,182100.0,184300.0,192900.0,199020.0,218665.0,230324.16666666666,273158
2026-07-10,191300.0,200000.0,190000.0,191600.0,191820.0,198175.0,218325.0,229779.16666666666,209098
2026-07-13,191700.0,198400.0,185200.0,187800.0,190040.0,196740.0,217796.66666666666,229198.33333333334,219900
2026-07-14,188300.0,188600.0,176900.0,181700.0,187160.0,194725.0,217150.0,228495.83333333334,232358
2026-07-15,186700.0,193100.0,185100.0,191200.0,187320.0,193285.0,216520.0,227947.5,176719
2026-07-16,189000.0,193800.0,184000.0,188600.0,188180.0,192115.0,215871.66666666666,227244.16666666666,144018
