날짜,시가,고가,저가,종가,MA5,MA20,MA60,MA120,거래량
2018-01-10,77333.3359375,80666.6640625,74666.6640625,76000.0,,,,,536611
2018-01-11,76333.3359375,78666.6640625,74666.6640625,76000.0,,,,,291334
2018-01-12,76000.0,80333.3359375,72666.6640625,79000.0,,,,,545986
2018-01-15,79666.6640625,85666.6640625,79333.3359375,81333.3359375,,,,,700195
2018-01-16,81333.3359375,81333.3359375,78666.6640625,80000.0,78466.6671875,,,,275676
2018-01-17,80333.3359375,80333.3359375,74666.6640625,75000.0,78266.6671875,,,,339055
2018-01-18,76333.3359375,76666.6640625,73666.6640625,74333.3359375,77933.334375,,,,218101
2018-01-19,74333.3359375,76666.6640625,74000.0,74000.0,76933.334375,,,,164848
2018-01-22,73666.6640625,74000.0,71666.6640625,73000.0,75266.6671875,,,,167571
2018-01-23,73666.6640625,75666.6640625,72666.6640625,74000.0,74066.6671875,,,,149778
2018-01-24,74333.3359375,77333.3359375,74333.3359375,76666.6640625,74400.0,,,,202735
2018-01-25,77333.3359375,77333.3359375,75666.6640625,76666.6640625,74866.665625,,,,120814
2018-01-26,76666.6640625,77333.3359375,74333.3359375,75000.0,75066.665625,,,,169872
2018-01-29,75333.3359375,75333.3359375,74000.0,74666.6640625,75399.9984375,,,,154170
2018-01-30,74666.6640625,78000.0,74666.6640625,77000.0,75999.9984375,,,,298612
2018-01-31,76333.3359375,78000.0,75333.3359375,76666.6640625,75999.9984375,,,,216924
2018-02-01,77000.0,77666.6640625,74666.6640625,74666.6640625,75599.9984375,,,,155962
2018-02-02,75000.0,75666.6640625,72000.0,72666.6640625,75133.33125,,,,187396
2018-02-05,70666.6640625,71666.6640625,67666.6640625,68333.3359375,73866.665625,,,,202612
2018-02-06,65466.66796875,69000.0,63933.33203125,67666.6640625,71999.9984375,75133.3328125,,,284035
2018-02-07,69333.3359375,69333.3359375,66066.6640625,66133.3359375,69893.3328125,74639.999609375,,,191416
2018-02-08,66000.0,67666.6640625,65466.66796875,66666.6640625,68293.3328125,74173.3328125,,,174922
2018-02-09,64933.33203125,68000.0,64333.33203125,67000.0,67160.0,73573.3328125,,,165063
2018-02-12,65866.6640625,68666.6640625,65800.0,68666.6640625,67226.665625,72939.99921875,,,260026
2018-02-13,76666.6640625,77666.6640625,70333.3359375,71333.3359375,67960.0,72506.666015625,,,890361
2018-02-14,71666.6640625,73000.0,68666.6640625,70000.0,68733.3328125,72256.666015625,,,231028
2018-02-19,72666.6640625,74000.0,72000.0,73000.0,70000.0,72189.99921875,,,177750
2018-02-20,72666.6640625,75333.3359375,72333.3359375,73000.0,71200.0,72139.99921875,,,163020
2018-02-21,73666.6640625,76000.0,72666.6640625,75333.3359375,72533.334375,72256.666015625,,,181821
2018-02-22,75000.0,75333.3359375,73666.6640625,74000.0,73066.6671875,72256.666015625,,,106684
2018-02-23,74666.6640625,75666.6640625,74333.3359375,75666.6640625,74200.0,72206.666015625,,,146788
2018-02-26,75666.6640625,76000.0,72666.6640625,73333.3359375,74266.6671875,72039.999609375,,,228816
2018-02-27,73666.6640625,74333.3359375,71666.6640625,72666.6640625,74200.0,71923.3328125,,,135814
2018-02-28,72000.0,73333.3359375,71666.6640625,72666.6640625,73666.665625,71823.3328125,,,109470
2018-03-02,71333.3359375,72000.0,70333.3359375,71000.0,73066.665625,71523.3328125,,,125259
2018-03-05,70666.6640625,71333.3359375,69333.3359375,69666.6640625,71866.665625,71173.3328125,,,118255
2018-03-06,70666.6640625,71333.3359375,69666.6640625,70000.0,71199.9984375,70939.999609375,,,116790
2018-03-07,70000.0,71666.6640625,69666.6640625,70666.6640625,70799.9984375,70839.999609375,,,97057
2018-03-08,71333.3359375,73000.0,70666.6640625,72666.6640625,70799.9984375,71056.666015625,,,114175
2018-03-09,72666.6640625,73333.3359375,72000.0,72666.6640625,71133.33125,71306.666015625,,,96225
2018-03-12,73333.3359375,73333.3359375,72333.3359375,73000.0,71799.9984375,71649.99921875,,,109078
2018-03-13,73000.0,73666.6640625,71666.6640625,73666.6640625,72533.33125,71999.99921875,,,114105
2018-03-14,73000.0,75333.3359375,72666.6640625,75333.3359375,73466.665625,72416.666015625,,,147919
2018-03-15,75666.6640625,75666.6640625,73666.6640625,74666.6640625,73866.665625,72716.666015625,,,101965
2018-03-16,74666.6640625,75333.3359375,73666.6640625,73666.6640625,74066.665625,72833.332421875,,,74814
2018-03-19,74333.3359375,74666.6640625,73333.3359375,73666.6640625,74199.9984375,73016.665625,,,73905
2018-03-20,73000.0,73333.3359375,71000.0,72000.0,73866.665625,72966.665625,,,91113
2018-03-21,72666.6640625,73333.3359375,72000.0,72666.6640625,73333.33125,72949.998828125,,,53347
2018-03-22,73000.0,75000.0,72000.0,73666.6640625,73133.33125,72866.665234375,,,140451
2018-03-23,71333.3359375,72666.6640625,70000.0,70000.0,72399.9984375,72666.665234375,,,133765
2018-03-26,70000.0,70666.6640625,68000.0,70000.0,71666.665625,72383.33203125,,,90600
2018-03-27,70333.3359375,71000.0,69666.6640625,69666.6640625,71199.9984375,72199.9984375,,,122109
2018-03-28,69000.0,70000.0,66666.6640625,68000.0,70266.665625,71966.665234375,,,134145
2018-03-29,68000.0,69666.6640625,67666.6640625,69333.3359375,69400.0,71799.998828125,,,66084
2018-03-30,70000.0,70666.6640625,68666.6640625,70000.0,69400.0,71749.998828125,,,76386
2018-04-02,69666.6640625,70666.6640625,68333.3359375,69000.0,69200.0,71716.665625,,,114685
2018-04-03,67666.6640625,70333.3359375,67333.3359375,69333.3359375,69133.334375,71683.332421875,,,81781
2018-04-04,69333.3359375,69666.6640625,68000.0,68666.6640625,69266.6671875,71583.332421875,,,117544
2018-04-05,68666.6640625,69000.0,67333.3359375,67666.6640625,68933.3328125,71333.332421875,,,124119
2018-04-06,67333.3359375,68000.0,66666.6640625,67666.6640625,68466.665625,71083.332421875,72507.77708333333,,120886
2018-04-09,67666.6640625,70666.6640625,67333.3359375,70000.0,68666.665625,70933.332421875,72407.77708333333,,125403
2018-04-10,69666.6640625,70000.0,68666.6640625,69666.6640625,68733.33125,70733.332421875,72302.221484375,,73710
2018-04-11,69333.3359375,72000.0,69333.3359375,71333.3359375,69266.665625,70533.332421875,72174.44375,,117339
2018-04-12,71666.6640625,72000.0,70333.3359375,71000.0,69933.3328125,70349.99921875,72002.221484375,,81631
2018-04-13,71000.0,72333.3359375,70000.0,71000.0,70600.0,70216.666015625,71852.221484375,,107718
2018-04-16,71666.6640625,72000.0,70666.6640625,71333.3359375,70866.6671875,70099.999609375,71791.11041666666,,62874
2018-04-17,71000.0,71666.6640625,69000.0,70666.6640625,71066.6671875,70033.3328125,71729.99921875,,97777
2018-04-18,70333.3359375,71000.0,68000.0,69000.0,70600.0,69849.999609375,71646.66588541666,,136704
2018-04-19,68333.3359375,70000.0,68000.0,68333.3359375,70066.6671875,69583.333203125,71568.88815104167,,99693
2018-04-20,68333.3359375,70000.0,68000.0,68666.6640625,69600.0,69516.66640625,71479.99921875,,113163
2018-04-23,68666.6640625,70666.6640625,68333.3359375,70666.6640625,69466.665625,69549.999609375,71379.99921875,,84832
2018-04-24,71000.0,71333.3359375,69666.6640625,70000.0,69333.3328125,69566.66640625,71268.88815104167,,61125
2018-04-25,69666.6640625,70333.3359375,69333.3359375,70000.0,69533.3328125,69666.66640625,71185.55481770834,,62106
2018-04-26,70000.0,70666.6640625,69333.3359375,70000.0,69866.665625,69699.999609375,71107.77708333333,,67893
2018-04-27,70000.0,70333.3359375,68333.3359375,68333.3359375,69800.0,69616.66640625,70963.33268229167,,72022
2018-04-30,68666.6640625,69000.0,67000.0,67666.6640625,69200.0,69549.999609375,70813.33268229167,,129771
2018-05-02,67000.0,68333.3359375,66600.0,67000.0,68600.0,69433.3328125,70685.55494791667,,150715
2018-05-03,68666.6640625,69000.0,67666.6640625,68333.3359375,68266.6671875,69416.66640625,70613.3328125,,97000
2018-05-04,68000.0,68000.0,66666.6640625,67000.0,67666.6671875,69383.333203125,70591.110546875,,96819
2018-05-08,67000.0,67666.6640625,65800.0,65800.0,67160.0,69290.0,70559.99947916667,,137176
2018-05-09,65800.0,66666.6640625,65533.33203125,65600.0,66746.6671875,69070.0,70551.110546875,,84291
2018-05-10,65666.6640625,65800.0,64800.0,65133.33203125,66373.33359375,68843.3333984375,70525.55501302083,,104940
2018-05-11,65266.66796875,66266.6640625,65000.0,65400.0,65786.66640625,68546.6666015625,70498.88834635417,,84295
2018-05-14,66000.0,66133.3359375,65333.33203125,65333.33203125,65453.3328125,68263.333203125,70443.3328125,,52522
2018-05-15,65466.66796875,65666.6640625,63733.33203125,64466.66796875,65186.66640625,67936.6666015625,70328.88834635417,,111529
2018-05-16,64400.0,65066.66796875,63533.33203125,64400.0,64946.66640625,67589.9998046875,70235.55501302083,,79473
2018-05-17,64466.66796875,64533.33203125,62866.66796875,63000.0,64520.0,67206.6666015625,70068.88834635417,,107679
2018-05-18,63333.33203125,63866.66796875,61333.33203125,62533.33203125,63946.66640625,66883.333203125,69894.44388020833,,168925
2018-05-21,62800.0,63000.0,61000.0,61266.66796875,63133.33359375,66529.9998046875,69659.9994140625,,183199
2018-05-23,61000.0,62466.66796875,60000.0,60133.33203125,62266.66640625,66103.333203125,69428.88828125,,191421
2018-05-24,60333.33203125,60600.0,58466.66796875,58600.0,61106.66640625,65500.0,69144.44388020833,,197100
2018-05-25,58200.0,58800.0,56133.33203125,56333.33203125,59773.3328125,64816.6666015625,68861.11048177084,,263578
2018-05-28,56333.33203125,57333.33203125,54200.0,56733.33203125,58613.3328125,64153.333203125,68595.55494791667,,299898
2018-05-29,56733.33203125,59733.33203125,56400.0,59066.66796875,58173.3328125,63606.6666015625,68368.88834635417,,233061
2018-05-30,58600.0,59333.33203125,57600.0,58200.0,57786.66640625,63099.9998046875,68155.55501302083,,109653
2018-05-31,58200.0,59266.66796875,57933.33203125,59266.66796875,57920.0,62680.0,67982.22174479166,,102427
2018-06-01,59333.33203125,59333.33203125,58133.33203125,58733.33203125,58400.0,62266.6666015625,67794.4439453125,,54391
2018-06-04,58333.33203125,58600.0,56666.66796875,57133.33203125,58480.0,61706.66640625,67568.88841145833,,108789
2018-06-05,56933.33203125,58333.33203125,56933.33203125,57600.0,58186.66640625,61236.66640625,67317.77734375,,100180
2018-06-07,57866.66796875,58800.0,57533.33203125,58666.66796875,58280.0,60879.9998046875,67084.44407552083,,75027
2018-06-08,58866.66796875,60400.0,58866.66796875,59133.33203125,58253.3328125,60556.66640625,66853.33294270834,,106182
2018-06-11,59666.66796875,60000.0,59466.66796875,59800.0,58466.66640625,60289.9998046875,66622.221875,,67264
2018-06-12,59866.66796875,60600.0,59066.66796875,60066.66796875,59053.33359375,60023.333203125,66367.77740885416,,87331
2018-06-14,60400.0,61800.0,60066.66796875,60733.33203125,59680.0,59793.333203125,66135.55520833333,,157816
2018-06-15,61066.66796875,64200.0,60666.66796875,64200.0,60786.66640625,59779.9998046875,65977.77747395834,,318462
2018-06-18,64400.0,64466.66796875,60933.33203125,62000.0,61360.0,59659.9998046875,65783.33307291666,,147544
2018-06-19,61933.33203125,61933.33203125,58866.66796875,59133.33203125,61226.66640625,59466.66640625,65568.88860677084,,137595
2018-06-20,59466.66796875,61666.66796875,59333.33203125,61333.33203125,61479.99921875,59406.66640625,65379.999739583334,,74715
2018-06-21,61133.33203125,62733.33203125,61000.0,61533.33203125,61639.99921875,59419.999609375,65177.7775390625,,76993
2018-06-22,60800.0,62133.33203125,60066.66796875,62000.0,61199.99921875,59513.3330078125,65044.44420572917,,73420
2018-06-25,62000.0,62600.0,60866.66796875,61533.33203125,61106.665625,59659.999609375,64903.33307291667,,51693
2018-06-26,60266.66796875,63000.0,60266.66796875,61800.0,61639.99921875,59933.3330078125,64772.222005208336,,93502
2018-06-27,61800.0,62266.66796875,60800.0,61200.0,61613.3328125,60156.66640625,64658.888671875,,43249
2018-06-28,61200.0,62333.33203125,60400.0,61866.66796875,61680.0,60296.66640625,64534.44420572917,,64888
2018-06-29,61333.33203125,62400.0,60600.0,61933.33203125,61666.66640625,60483.3330078125,64399.999739583334,,368691
2018-07-02,62066.66796875,63266.66796875,61466.66796875,61666.66796875,61693.33359375,60603.3330078125,64277.7775390625,,103099
2018-07-03,61866.66796875,62200.0,60600.0,61000.0,61533.33359375,60716.66640625,64138.88860677083,,72331
2018-07-04,60466.66796875,62800.0,60466.66796875,61466.66796875,61586.6671875,60933.333203125,64018.888671875,,75483
2018-07-05,61333.33203125,61933.33203125,60133.33203125,60400.0,61293.33359375,61073.333203125,63897.777604166666,,42580
2018-07-06,60400.0,62533.33203125,60133.33203125,62533.33203125,61413.33359375,61266.66640625,63812.2220703125,68159.99957682291,83602
2018-07-09,62000.0,62666.66796875,61600.0,61933.33203125,61466.66640625,61406.66640625,63677.777604166666,68042.77734375,31632
2018-07-10,61733.33203125,62800.0,61733.33203125,62200.0,61706.66640625,61526.66640625,63553.333203125,67927.77734375,53388
2018-07-11,61466.66796875,62800.0,61400.0,62666.66796875,61946.66640625,61656.66640625,63408.88873697917,67791.66624348958,48579
2018-07-12,62933.33203125,63066.66796875,62333.33203125,62666.66796875,62400.0,61753.333203125,63269.99986979167,67636.11067708333,47347
2018-07-13,62666.66796875,64000.0,62666.66796875,63400.0,62573.33359375,61713.333203125,63143.333203125,67497.77734375,68721
2018-07-16,63466.66796875,64533.33203125,62866.66796875,62933.33203125,62773.33359375,61759.9998046875,63003.33313802083,67397.22177734374,65751
2018-07-17,62933.33203125,63666.66796875,62866.66796875,62933.33203125,62920.0,61949.9998046875,62874.44427083333,67302.22174479166,69405
2018-07-18,62933.33203125,63533.33203125,62533.33203125,62800.0,62946.66640625,62023.333203125,62771.1109375,67208.88841145833,45108
2018-07-19,62666.66796875,63133.33203125,62000.0,62133.33203125,62839.99921875,62053.333203125,62667.7775390625,67118.33284505208,51940
2018-07-20,62133.33203125,62133.33203125,60733.33203125,61600.0,62479.99921875,62033.333203125,62549.9998046875,67014.99951171875,50334
2018-07-23,62133.33203125,62133.33203125,59666.66796875,59933.33203125,61879.99921875,61953.333203125,62371.1109375,66875.555078125,72577
2018-07-24,60200.0,60733.33203125,59933.33203125,60266.66796875,61346.66640625,61876.6666015625,62208.88873697917,66738.88844401042,34750
2018-07-25,59533.33203125,60133.33203125,57666.66796875,58400.0,60466.66640625,61736.6666015625,62015.555403645834,66600.55511067709,114040
2018-07-26,58200.0,59800.0,57800.0,58933.33203125,59826.66640625,61589.9998046875,61831.1109375,66469.44401041667,56766
2018-07-27,59000.0,59333.33203125,58400.0,58733.33203125,59253.3328125,61429.9998046875,61671.11087239583,66317.22177734374,47739
2018-07-30,58666.66796875,58733.33203125,57800.0,58066.66796875,58880.0,61249.9998046875,61511.1109375,66162.22180989584,50676
2018-07-31,58400.0,60000.0,58066.66796875,59800.0,58786.66640625,61189.9998046875,61391.1109375,66038.33294270834,57582
2018-08-01,60066.66796875,61066.66796875,60000.0,60066.66796875,59120.0,61119.9998046875,61253.33313802083,65933.33297526042,33715
2018-08-02,59866.66796875,60533.33203125,58733.33203125,58933.33203125,59120.0,61046.66640625,61118.888671875,65854.999609375,28038
2018-08-03,59066.66796875,60000.0,58733.33203125,59200.0,59213.33359375,60879.9998046875,61008.888671875,65784.44407552083,30712
2018-08-06,59333.33203125,60333.33203125,59266.66796875,60000.0,59600.0,60783.333203125,60915.555338541664,65733.33294270834,38623
2018-08-07,59666.66796875,60000.0,59000.0,59333.33203125,59506.66640625,60639.9998046875,60818.888671875,65672.22184244792,45135
2018-08-08,59066.66796875,59933.33203125,58533.33203125,58800.0,59253.3328125,60446.66640625,60708.888671875,65603.88850911458,44457
2018-08-09,58866.66796875,59266.66796875,58200.0,58333.33203125,59133.3328125,60229.999609375,60592.222005208336,65517.77740885417,52296
2018-08-10,58266.66796875,59000.0,58133.33203125,58666.66796875,59026.66640625,59993.3330078125,60495.555338541664,65412.221842447914,44632
2018-08-13,58400.0,58666.66796875,55600.0,57000.0,58426.66640625,59696.66640625,60372.222005208336,65303.888509114586,89974
2018-08-14,56333.33203125,56866.66796875,55400.0,56266.66796875,57813.33359375,59363.333203125,60259.9998046875,65164.444075520834,88774
2018-08-16,56200.0,56600.0,54666.66796875,55066.66796875,57066.6671875,58976.6666015625,60135.555403645834,65014.99964192708,94896
2018-08-17,54866.66796875,55466.66796875,54466.66796875,54666.66796875,56333.334375,58603.3333984375,60025.555403645834,64842.77740885417,92332
2018-08-20,54733.33203125,55133.33203125,53400.0,54200.0,55440.00078125,58233.3333984375,59926.66653645833,64677.77740885417,102930
2018-08-21,54133.33203125,55400.0,53933.33203125,55000.0,55040.00078125,57986.666796875,59866.66653645833,64505.55520833333,82698
2018-08-22,55000.0,55133.33203125,53400.0,53666.66796875,54520.00078125,57656.666796875,59822.22213541667,64341.66630859375,128785
2018-08-23,54133.33203125,54200.0,53000.0,53200.0,54146.6671875,57396.666796875,59763.333268229166,64179.444108072916,101481
2018-08-24,53666.66796875,54866.66796875,53200.0,54533.33203125,54120.0,57176.666796875,59687.777669270836,64028.3330078125,95419
2018-08-27,54933.33203125,55000.0,54333.33203125,54933.33203125,54266.66640625,56986.666796875,59633.333203125,63894.444108072916,68463
2018-08-28,55066.66796875,55266.66796875,54733.33203125,55066.66796875,54280.0,56836.666796875,59563.333203125,63772.77747395833,43575
2018-08-29,54800.0,57066.66796875,54800.0,56800.0,54906.66640625,56686.666796875,59531.111002604164,63662.77747395833,80298
2018-08-30,56800.0,58000.0,56133.33203125,57333.33203125,55733.3328125,56550.0,59534.4443359375,63551.66637369792,86130
2018-08-31,57333.33203125,58400.0,56733.33203125,57733.33203125,56373.3328125,56490.0,59536.66653645833,63427.221940104166,85165
2018-09-03,58133.33203125,58933.33203125,57666.66796875,57800.0,56946.66640625,56420.0,59522.2220703125,63303.33307291667,97621
2018-09-04,57866.66796875,58866.66796875,57866.66796875,58733.33203125,57679.99921875,56356.6666015625,59515.555403645834,63184.444173177086,68205
2018-09-05,58800.0,59466.66796875,58466.66796875,58533.33203125,58026.665625,56316.6666015625,59494.44427083333,63058.33307291667,66619
2018-09-06,58666.66796875,59533.33203125,58666.66796875,59333.33203125,58426.665625,56343.333203125,59482.222005208336,62924.99970703125,65422
2018-09-07,59600.0,60066.66796875,58800.0,60000.0,58879.99921875,56426.6666015625,59469.9998046875,62802.777506510414,65101
2018-09-10,60000.0,60666.66796875,59666.66796875,60466.66796875,59413.3328125,56516.6666015625,59407.777604166666,62692.7775390625,55834
2018-09-11,60000.0,60000.0,58666.66796875,59200.0,59506.66640625,56626.6666015625,59361.1109375,62572.222005208336,85299
2018-09-12,59933.33203125,59933.33203125,57666.66796875,58933.33203125,59586.66640625,56759.9998046875,59357.777604166666,62463.33310546875,77931
2018-09-13,59333.33203125,59333.33203125,57800.0,58066.66796875,59333.33359375,56909.9998046875,59303.333203125,62341.66647135417,60645
2018-09-14,57733.33203125,58400.0,57533.33203125,57733.33203125,58880.0,57063.3330078125,59239.99986979167,62208.88870442708,42339
2018-09-17,57733.33203125,58466.66796875,57333.33203125,57466.66796875,58280.0,57226.66640625,59164.4443359375,62104.44427083333,39781
2018-09-18,57200.0,57333.33203125,55733.33203125,56066.66796875,57653.33359375,57279.9998046875,59073.333268229166,61988.333170572914,91257
2018-09-19,56066.66796875,56066.66796875,54800.0,55000.0,56866.6671875,57346.66640625,58959.99993489583,61866.11097005208,87108
2018-09-20,55000.0,56066.66796875,54666.66796875,55200.0,56293.33359375,57446.66640625,58859.99993489583,61759.44430338542,70743
2018-09-21,56133.33203125,57466.66796875,55800.0,56266.66796875,56000.00078125,57533.333203125,58766.6666015625,61650.555403645834,105231
2018-09-27,56533.33203125,57333.33203125,56466.66796875,56800.0,55866.6671875,57626.6666015625,58681.111067708334,61540.555403645834,47694
2018-09-28,57266.66796875,57333.33203125,56733.33203125,56800.0,56013.33359375,57713.333203125,58599.99993489583,61438.88873697917,32154
2018-10-01,57333.33203125,57466.66796875,56200.0,56666.66796875,56346.6671875,57706.6666015625,58527.777734375,61333.333170572914,38530
2018-10-02,56466.66796875,57466.66796875,55866.66796875,56066.66796875,56520.00078125,57643.3333984375,58437.777734375,61228.333203125,44253
2018-10-04,56266.66796875,56266.66796875,53933.33203125,53933.33203125,56053.33359375,57453.3333984375,58329.99993489583,61113.88876953125,65040
2018-10-05,53733.33203125,54200.0,52266.66796875,53333.33203125,55360.0,57230.0,58176.6666015625,60994.4443359375,73441
2018-10-08,53000.0,53600.0,51733.33203125,51733.33203125,54346.66640625,56880.0,58006.6666015625,60842.22210286458,100341
2018-10-10,51666.66796875,52200.0,48333.33203125,48800.0,52773.3328125,56393.3333984375,57783.333268229166,60668.333235677084,172479
2018-10-11,46666.66796875,49266.66796875,46666.66796875,48133.33203125,51186.665625,55833.3333984375,57541.111002604164,60474.99986979167,124018
2018-10-12,48933.33203125,49266.66796875,47666.66796875,48000.0,49999.99921875,55233.3333984375,57296.66653645833,60283.333203125,52651
2018-10-15,47733.33203125,48600.0,47733.33203125,47800.0,48893.3328125,54600.0,57036.66653645833,60089.99986979167,32769
2018-10-16,47533.33203125,48400.0,46600.0,47066.66796875,47960.0,53993.3333984375,56772.22213541667,59887.77763671875,55096
2018-10-17,47533.33203125,47933.33203125,47266.66796875,47800.0,47760.0,53436.666796875,56519.99993489583,59697.22210286458,36757
2018-10-18,47800.0,47866.66796875,46666.66796875,47066.66796875,47546.6671875,52886.666796875,56257.777734375,59514.4443359375,28518
2018-10-19,46866.66796875,46933.33203125,45933.33203125,46533.33203125,47253.33359375,52326.666796875,55997.777734375,59332.77763671875,66996
2018-10-22,46400.0,46466.66796875,43866.66796875,45000.0,46693.33359375,51703.3333984375,55721.111067708334,59135.555436197916,202917
2018-10-23,45000.0,45600.0,43066.66796875,43666.66796875,46013.33359375,51083.3333984375,55450.0,58910.55546875,98904
2018-10-24,44266.66796875,44533.33203125,43666.66796875,44266.66796875,45306.6671875,50546.666796875,55183.333333333336,58696.11103515625,72585
2018-10-25,43400.0,44066.66796875,42133.33203125,43800.0,44653.33359375,49976.666796875,54940.0,58477.77770182292,55897
2018-10-26,44000.0,44533.33203125,41333.33203125,42333.33203125,43813.33359375,49280.0,54663.333333333336,58247.22213541667,69778
2018-10-29,41866.66796875,42666.66796875,38200.0,38666.66796875,42546.6671875,48373.3333984375,54328.888932291666,57999.99990234375,203779
2018-10-30,38600.0,40466.66796875,38266.66796875,40133.33203125,41840.0,47540.0,54030.0,57770.55546875,90429
2018-10-31,40133.33203125,40466.66796875,39000.0,40266.66796875,41040.0,46720.0,53704.44446614583,57547.77770182292,56074
2018-11-01,40400.0,41933.33203125,40133.33203125,40533.33203125,40386.66640625,45943.333203125,53378.8888671875,57316.111002604164,54385
2018-11-02,40533.33203125,43066.66796875,40533.33203125,43000.0,40520.0,45396.6666015625,53113.333333333336,57116.111002604164,82627
2018-11-05,43800.0,44533.33203125,42666.66796875,43333.33203125,41453.3328125,44896.6666015625,52848.8888671875,56928.88876953125,79294
2018-11-06,44066.66796875,44466.66796875,43333.33203125,44200.0,42266.66640625,44520.0,52585.55553385417,56750.555436197916,71239
2018-11-07,44200.0,44800.0,42933.33203125,43066.66796875,42826.66640625,44233.3333984375,52314.44446614583,56566.66656901042,90345
2018-11-08,44133.33203125,48133.33203125,43466.66796875,46666.66796875,44053.33359375,44160.0001953125,52112.222265625,56410.55546875,207340
2018-11-09,46666.66796875,49200.0,46200.0,48466.66796875,45146.6671875,44183.33359375,51947.77786458333,56269.99993489583,160449
2018-11-12,48000.0,48466.66796875,46666.66796875,47266.66796875,45933.334375,44156.6669921875,51757.77786458333,56126.6666015625,76336
2018-11-13,46666.66796875,47266.66796875,46000.0,46800.0,46453.334375,44143.33359375,51587.77786458333,55979.99993489583,77053
2018-11-14,48800.0,48800.0,46133.33203125,46600.0,47160.00078125,44083.33359375,51426.666731770834,55843.333268229166,36061
2018-11-15,46200.0,47200.0,46133.33203125,47066.66796875,47240.00078125,44083.33359375,51293.3333984375,55714.44440104167,25962
2018-11-16,47133.33203125,47400.0,46400.0,47133.33203125,46973.33359375,44113.33359375,51167.77779947917,55596.6666015625,22863
2018-11-19,47200.0,47866.66796875,46466.66796875,47733.33203125,47066.66640625,44250.0001953125,51060.0,55493.333268229166,54720
2018-11-20,47333.33203125,48533.33203125,46000.0,48533.33203125,47413.3328125,44493.3333984375,50952.22220052083,55409.44436848958,80929
2018-11-21,48266.66796875,52800.0,47400.0,51866.66796875,48466.66640625,44873.3333984375,50922.22220052083,55372.22216796875,227613
2018-11-22,52000.0,53066.66796875,50933.33203125,52733.33203125,49599.99921875,45320.0,50914.44440104167,55338.888834635414,89380
2018-11-23,52400.0,53266.66796875,51666.66796875,52333.33203125,50639.99921875,45820.0,50877.777734375,55282.77770182292,60439
2018-11-26,52000.0,53333.33203125,52000.0,53200.0,51733.3328125,46546.6666015625,50848.8888671875,55241.11103515625,73078
2018-11-27,52933.33203125,53200.0,51933.33203125,52400.0,52506.66640625,47160.0,50804.44440104167,55183.88880208333,31753
2018-11-28,52933.33203125,53333.33203125,52133.33203125,52533.33203125,52639.99921875,47773.333203125,50733.333268229166,55132.22213541667,37638
2018-11-29,52800.0,53200.0,51000.0,52000.0,52493.3328125,48346.6666015625,50644.44440104167,55089.44436848958,63633
2018-11-30,52000.0,52266.66796875,51200.0,51800.0,52386.66640625,48786.6666015625,50545.55553385417,55041.11103515625,55098
2018-12-03,52466.66796875,52666.66796875,51800.0,52266.66796875,52200.0,49233.3333984375,50453.333333333336,54987.77770182292,54322
2018-12-04,51800.0,52266.66796875,50333.33203125,51066.66796875,51933.33359375,49576.666796875,50325.55559895833,54920.555501302086,85726
2018-12-05,50133.33203125,51400.0,49800.0,50200.0,51466.6671875,49933.3333984375,50186.666731770834,54840.555501302086,59641
2018-12-06,50666.66796875,50666.66796875,49066.66796875,49200.0,50906.6671875,50060.0,50017.77786458333,54749.99993489583,51262
2018-12-07,49200.0,49933.33203125,47600.0,48333.33203125,50213.33359375,50053.333203125,49823.3333984375,54646.6666015625,59286
2018-12-10,47666.66796875,48666.66796875,47533.33203125,48133.33203125,49386.66640625,50096.66640625,49617.77779947917,54512.77770182292,45255
2018-12-11,48333.33203125,48600.0,46600.0,46600.0,48493.3328125,50086.66640625,49407.77779947917,54384.44436848958,57606
2018-12-12,47133.33203125,49133.33203125,46800.0,48733.33203125,48199.99921875,50193.3330078125,49237.77779947917,54297.77770182292,70504
2018-12-13,48866.66796875,50333.33203125,48133.33203125,49066.66796875,48173.3328125,50293.3330078125,49087.77779947917,54195.555501302086,123585
2018-12-14,48800.0,49333.33203125,47066.66796875,47533.33203125,48013.3328125,50313.3330078125,48917.77779947917,54078.888834635414,47785
2018-12-17,46933.33203125,48333.33203125,46933.33203125,47800.0,47946.66640625,50316.66640625,48756.666666666664,53960.555501302086,28681
2018-12-18,47400.0,48400.0,46733.33203125,47133.33203125,48053.3328125,50246.66640625,48607.777734375,53840.555501302086,43929
2018-12-19,47133.33203125,49666.66796875,46866.66796875,48733.33203125,48053.3328125,50089.999609375,48503.333268229166,53731.6666015625,49897
2018-12-20,49200.0,49200.0,47866.66796875,48333.33203125,47906.665625,49869.999609375,48388.88880208333,53624.44436848958,26137
2018-12-21,47933.33203125,48800.0,47333.33203125,48066.66796875,48013.3328125,49656.66640625,48252.22213541667,53509.44436848958,34110
2018-12-24,48066.66796875,48066.66796875,47066.66796875,47533.33203125,47959.99921875,49373.3330078125,48097.777669270836,53389.44436848958,26020
2018-12-26,46933.33203125,47466.66796875,45866.66796875,47000.0,47933.3328125,49103.3330078125,47934.4443359375,53267.22213541667,49591
2018-12-27,47000.0,48066.66796875,46200.0,46533.33203125,47493.3328125,48803.3330078125,47765.555403645834,53146.66656901042,31626
2018-12-28,46333.33203125,47333.33203125,46333.33203125,46666.66796875,47160.0,48536.66640625,47608.88873697917,53023.333235677084,30373
2019-01-02,46600.0,46866.66796875,46000.0,46466.66796875,46840.0,48269.9998046875,47484.4443359375,52907.22213541667,28947
2019-01-03,46600.0,46933.33203125,45866.66796875,46066.66796875,46546.6671875,47959.9998046875,47363.333268229166,52769.99993489583,32940
2019-01-04,46133.33203125,46466.66796875,44200.0,44333.33203125,46013.33359375,47623.3330078125,47239.99993489583,52623.333268229166,99301
2019-01-07,44133.33203125,44733.33203125,44066.66796875,44133.33203125,45533.33359375,47319.999609375,47162.22213541667,52472.77770182292,73027
2019-01-08,44466.66796875,44933.33203125,44333.33203125,44466.66796875,45093.33359375,47083.3330078125,47101.111067708334,52321.11103515625,27423
2019-01-09,44466.66796875,45466.66796875,44400.0,45133.33203125,44826.66640625,46923.3330078125,47053.333268229166,52174.99990234375,41104
2019-01-10,44866.66796875,45866.66796875,44866.66796875,45800.0,44773.3328125,46806.66640625,47019.99993489583,52028.333235677084,28992
2019-01-11,45800.0,45866.66796875,45066.66796875,45066.66796875,44920.0,46729.9998046875,46986.6666015625,51879.44436848958,48685
2019-01-14,45066.66796875,45400.0,44400.0,44400.0,44973.33359375,46513.333203125,46929.99993489583,51724.99993489583,41218
2019-01-15,44800.0,45200.0,43200.0,43333.33203125,44746.66640625,46226.66640625,46867.777669270836,51562.77770182292,88146
2019-01-16,43333.33203125,43733.33203125,42333.33203125,42800.0,44280.0,45989.9998046875,46805.55546875,51401.6666015625,111385
2019-01-17,43066.66796875,43200.0,42333.33203125,42466.66796875,43613.33359375,45723.333203125,46763.333268229166,51242.22216796875,79320
2019-01-18,42533.33203125,42866.66796875,42333.33203125,42666.66796875,43133.33359375,45500.0,46746.6666015625,51098.33330078125,55017
2019-01-21,42933.33203125,44333.33203125,42933.33203125,43800.0,43013.33359375,45253.3333984375,46738.88880208333,50961.111067708334,71535
2019-01-22,44200.0,45133.33203125,44000.0,44866.66796875,43320.00078125,45080.0001953125,46756.6666015625,50848.33330078125,70702
2019-01-23,44866.66796875,45200.0,44466.66796875,44733.33203125,43706.6671875,44913.3333984375,46796.6666015625,50729.99996744792,38088
2019-01-24,44666.66796875,45266.66796875,44333.33203125,44800.0,44173.33359375,44776.666796875,46898.88880208333,50613.8888671875,52695
2019-01-25,44733.33203125,45533.33203125,44600.0,45133.33203125,44666.66640625,44683.3333984375,46982.22213541667,50506.111067708334,53416
2019-01-28,45200.0,45866.66796875,44666.66796875,45533.33203125,45013.3328125,44633.3333984375,47069.99986979167,50387.22216796875,82207
2019-01-29,45800.0,46000.0,45133.33203125,45266.66796875,45093.3328125,44563.3333984375,47148.88880208333,50263.888834635414,44616
2019-01-30,45600.0,45600.0,44933.33203125,45333.33203125,45213.3328125,44506.6666015625,47187.777669270836,50150.555501302086,44112
2019-01-31,45800.0,46000.0,45133.33203125,45666.66796875,45386.66640625,44486.6666015625,47226.6666015625,50037.777734375,53251
2019-02-01,45600.0,45933.33203125,44800.0,45000.0,45360.0,44520.0,47239.99993489583,49912.777734375,57055
2019-02-07,45266.66796875,45266.66796875,44333.33203125,44533.33203125,45160.0,44540.0,47264.4443359375,49789.44440104167,61224
2019-02-08,44866.66796875,48000.0,44866.66796875,47200.0,45546.66640625,44676.6666015625,47273.333203125,49692.777734375,215910
2019-02-11,47666.66796875,47733.33203125,46733.33203125,47600.0,46000.0,44800.0,47258.88873697917,49603.33330078125,81640
2019-02-12,47933.33203125,48733.33203125,47266.66796875,48266.66796875,46520.0,44923.3333984375,47275.555403645834,49516.66663411458,132123
2019-02-13,48000.0,49600.0,48000.0,49533.33203125,47426.66640625,45146.6666015625,47321.1109375,49454.44440104167,103422
2019-02-14,49400.0,50000.0,48800.0,50000.0,48520.0,45426.6666015625,47377.777604166666,49402.22216796875,66582
2019-02-15,50000.0,50133.33203125,49466.66796875,49933.33203125,49066.66640625,45756.6666015625,47425.555338541664,49359.44436848958,53049
2019-02-18,50200.0,50200.0,49333.33203125,50066.66796875,49560.0,46120.0,47474.44427083333,49321.11103515625,42385
2019-02-19,49866.66796875,50066.66796875,48666.66796875,49933.33203125,49893.3328125,46493.333203125,47511.1109375,49285.55546875,68008
2019-02-20,49733.33203125,49933.33203125,48800.0,49133.33203125,49813.3328125,46816.66640625,47521.1109375,49236.66656901042,82035
2019-02-21,49133.33203125,49400.0,48533.33203125,49000.0,49613.3328125,47076.66640625,47473.33313802083,49197.777669270836,38559
2019-02-22,48666.66796875,49133.33203125,48266.66796875,48400.0,49306.66640625,47253.3330078125,47401.1109375,49157.777669270836,26511
2019-02-25,48133.33203125,48933.33203125,48133.33203125,48666.66796875,49026.66640625,47449.9998046875,47339.99986979167,49108.88880208333,23151
2019-02-26,48533.33203125,49066.66796875,48200.0,48400.0,48720.0,47629.9998046875,47259.99986979167,49054.44436848958,24825
2019-02-27,48866.66796875,48866.66796875,48333.33203125,48800.0,48653.33359375,47813.333203125,47199.99986979167,49002.22213541667,21759
2019-02-28,48933.33203125,51000.0,48333.33203125,49133.33203125,48680.0,47993.333203125,47143.333203125,48938.333235677084,129723
2019-03-04,49733.33203125,52066.66796875,49733.33203125,51533.33203125,49306.66640625,48306.66640625,47135.555403645834,48889.99990234375,119724
2019-03-05,51066.66796875,51800.0,50200.0,50533.33203125,49679.99921875,48566.66640625,47114.44427083333,48829.99990234375,36865
2019-03-06,50533.33203125,50933.33203125,49800.0,50600.0,50119.99921875,48813.3330078125,47086.66647135417,48769.99990234375,38800
2019-03-07,50933.33203125,51066.66796875,48933.33203125,49333.33203125,50226.665625,49029.999609375,47057.7775390625,48691.66656901042,37419
2019-03-08,48933.33203125,49133.33203125,48066.66796875,48666.66796875,50133.3328125,49236.66640625,47032.222005208336,48609.44436848958,33432
2019-03-11,48066.66796875,48666.66796875,47333.33203125,48266.66796875,49480.0,49289.9998046875,47016.66647135417,48517.22216796875,28219
2019-03-12,48066.66796875,49000.0,47533.33203125,47933.33203125,48960.0,49306.66640625,47009.9998046875,48416.6666015625,62595
2019-03-13,48400.0,49200.0,47866.66796875,48333.33203125,48506.66640625,49309.999609375,47013.33313802083,48315.55546875,35856
2019-03-14,47266.66796875,48133.33203125,46466.66796875,47066.66796875,48053.33359375,49186.66640625,47021.1109375,48214.44436848958,112594
2019-03-15,46866.66796875,47600.0,46800.0,47066.66796875,47733.33359375,49039.9998046875,46993.333203125,48115.555501302086,50209
2019-03-18,47333.33203125,48866.66796875,47333.33203125,48733.33203125,47826.66640625,48979.9998046875,46987.777604166666,48037.77770182292,35655
2019-03-19,48866.66796875,49066.66796875,47533.33203125,47733.33203125,47786.66640625,48863.3330078125,46991.1109375,47954.44436848958,25444
2019-03-20,47466.66796875,48066.66796875,46800.0,47933.33203125,47706.66640625,48763.3330078125,46993.33313802083,47874.99990234375,39202
2019-03-21,48200.0,48200.0,46800.0,46800.0,47653.3328125,48646.66640625,46987.777604166666,47797.777669270836,44484
2019-03-22,46466.66796875,46800.0,45066.66796875,45266.66796875,47293.3328125,48459.9998046875,46929.99986979167,47716.66656901042,77911
2019-03-25,45200.0,45800.0,45000.0,45000.0,46546.66640625,48289.9998046875,46874.4443359375,47631.66656901042,31650
2019-03-26,45333.33203125,45866.66796875,44933.33203125,45400.0,46080.0,48126.66640625,46829.99986979167,47541.111002604164,24432
2019-03-27,45400.0,45733.33203125,45066.66796875,45200.0,45533.33359375,47966.66640625,46791.111002604164,47444.4443359375,18831
2019-03-28,45133.33203125,46600.0,44600.0,46133.33203125,45400.0,47833.3330078125,46776.66653645833,47355.555436197916,63021
2019-03-29,46533.33203125,46600.0,45466.66796875,46200.0,45586.66640625,47686.66640625,46771.111002604164,47268.333203125,33781
2019-04-01,46133.33203125,47200.0,46133.33203125,46933.33203125,45973.3328125,47456.66640625,46775.555403645834,47192.2220703125,28066
2019-04-02,46666.66796875,46933.33203125,46000.0,46000.0,46093.3328125,47229.9998046875,46767.777604166666,47126.11097005208,35563
2019-04-03,45800.0,47266.66796875,45800.0,46933.33203125,46439.99921875,47046.66640625,46782.222005208336,47072.77763671875,25677
2019-04-04,46733.33203125,47266.66796875,46733.33203125,46933.33203125,46599.99921875,46926.66640625,46825.555338541664,47032.77763671875,21328
2019-04-05,46933.33203125,47133.33203125,46400.0,46533.33203125,46666.665625,46819.999609375,46865.555338541664,47013.88873697917,14388
2019-04-08,46266.66796875,46933.33203125,45800.0,46000.0,46479.99921875,46706.6662109375,46891.11087239583,46996.11097005208,35107
2019-04-09,46000.0,46200.0,45266.66796875,45466.66796875,46373.3328125,46583.3330078125,46896.66647135417,46974.99986979167,48132
2019-04-10,45466.66796875,46800.0,45400.0,46533.33203125,46293.3328125,46493.3330078125,46908.888671875,46964.44430338542,40024
2019-04-11,46733.33203125,47800.0,46733.33203125,47466.66796875,46400.0,46513.3330078125,46948.888671875,46967.77763671875,57130
2019-04-12,47533.33203125,47533.33203125,46866.66796875,47066.66796875,46506.6671875,46513.3330078125,46993.33313802083,46961.66653645833,34555
2019-04-15,47333.33203125,47666.66796875,47066.66796875,47400.0,46786.6671875,46446.66640625,47061.1109375,46964.44430338542,33534
2019-04-16,47466.66796875,47866.66796875,46800.0,47066.66796875,47106.6671875,46413.333203125,47132.2220703125,46968.88876953125,33568
2019-04-17,47000.0,48533.33203125,46933.33203125,48533.33203125,47506.6671875,46443.333203125,47233.33313802083,46998.333203125,96916
2019-04-18,48600.0,49133.33203125,45666.66796875,47266.66796875,47466.6671875,46466.6666015625,47309.9998046875,47028.333203125,80691
2019-04-19,47266.66796875,47933.33203125,46533.33203125,47733.33203125,47600.0,46589.9998046875,47375.555338541664,47057.2220703125,29121
2019-04-22,47400.0,47600.0,46266.66796875,46600.0,47440.0,46669.9998046875,47404.44420572917,47080.555403645834,43188
2019-04-23,46333.33203125,46933.33203125,46200.0,46533.33203125,47333.3328125,46726.66640625,47434.44420572917,47115.555403645834,36798
2019-04-24,46533.33203125,46666.66796875,45333.33203125,45666.66796875,46760.0,46749.9998046875,47448.888671875,47173.88873697917,44467
2019-04-25,45933.33203125,46066.66796875,44800.0,44933.33203125,46293.3328125,46689.9998046875,47445.555338541664,47213.88873697917,52530
2019-04-26,44800.0,45133.33203125,44000.0,44000.0,45546.66640625,46579.9998046875,47419.9998046875,47244.999837239586,50256
2019-04-29,44533.33203125,45333.33203125,44466.66796875,45133.33203125,45253.3328125,46489.9998046875,47417.7775390625,47283.333170572914,37774
2019-04-30,45133.33203125,45466.66796875,44800.0,45133.33203125,44973.3328125,46446.66640625,47414.44420572917,47301.1109375,21316
2019-05-02,45400.0,45400.0,44600.0,45000.0,44839.99921875,46349.9998046875,47403.33307291667,47314.999837239586,37149
2019-05-03,45266.66796875,45266.66796875,44466.66796875,44800.0,44813.3328125,46243.333203125,47399.999739583334,47319.999837239586,39931
2019-05-07,44400.0,44400.0,43333.33203125,43600.0,44733.3328125,46096.6666015625,47384.44420572917,47324.44427083333,63657
2019-05-08,43333.33203125,44066.66796875,43000.0,43533.33203125,44413.3328125,45973.333203125,47323.33307291667,47298.33313802083,41470
2019-05-09,43933.33203125,43933.33203125,42733.33203125,42733.33203125,43933.3328125,45836.66640625,47242.221940104166,47250.555338541664,55692
2019-05-10,42666.66796875,43266.66796875,42066.66796875,42266.66796875,43386.66640625,45623.333203125,47142.221940104166,47208.888671875,43386
2019-05-13,42000.0,42000.0,40266.66796875,40666.66796875,42560.0,45283.333203125,46994.44420572917,47157.777571614584,79932
2019-05-14,40600.0,40600.0,39600.0,40266.66796875,41893.33359375,44943.333203125,46832.222005208336,47104.9998046875,62056
2019-05-15,40000.0,41066.66796875,40000.0,40866.66796875,41360.00078125,44616.6666015625,46681.1109375,47053.33313802083,42577
2019-05-16,40266.66796875,40933.33203125,40133.33203125,40666.66796875,40946.66796875,44296.6666015625,46524.44427083333,46999.44427083333,30628
2019-05-17,40733.33203125,41400.0,40000.0,40266.66796875,40546.66796875,43883.3333984375,46363.333203125,46937.2220703125,29253
2019-05-20,40266.66796875,40666.66796875,39933.33203125,39933.33203125,40400.00078125,43516.6666015625,46209.99986979167,46865.555403645834,21126
2019-05-21,39733.33203125,40000.0,39400.0,39533.33203125,40253.33359375,43106.6666015625,46052.2220703125,46762.777604166666,37023
2019-05-22,39533.33203125,40000.0,39400.0,39733.33203125,40026.66640625,42763.333203125,45907.777604166666,46654.44427083333,20377
2019-05-23,40000.0,40000.0,38533.33203125,38533.33203125,39599.99921875,42363.333203125,45738.888671875,46539.44427083333,43086
2019-05-24,38533.33203125,38866.66796875,38200.0,38800.0,39306.665625,42019.9998046875,45578.888671875,46419.44427083333,29359
2019-05-27,38466.66796875,39400.0,38400.0,39400.0,39199.99921875,41743.333203125,45422.222005208336,46311.1109375,25438
2019-05-28,39466.66796875,39733.33203125,38733.33203125,38866.66796875,39066.66640625,41486.6666015625,45251.1109375,46197.2220703125,62946
2019-05-29,38666.66796875,39200.0,37933.33203125,38000.0,38720.0,41130.0,45025.555403645834,46080.555403645834,38307
2019-05-30,38333.33203125,38333.33203125,37400.0,37600.0,38533.33359375,40753.3333984375,44809.99986979167,45962.2220703125,43510
2019-05-31,37600.0,37933.33203125,37333.33203125,37933.33203125,38360.0,40400.0,44598.88873697917,45842.777604166666,47647
2019-06-03,37666.66796875,37666.66796875,37133.33203125,37533.33203125,37986.66640625,40036.6666015625,44402.2220703125,45729.9998046875,44563
2019-06-04,37666.66796875,38666.66796875,37533.33203125,38333.33203125,37879.99921875,39773.333203125,44229.9998046875,45631.11090494792,55455
2019-06-05,38533.33203125,38866.66796875,38133.33203125,38266.66796875,37933.3328125,39510.0,44063.33313802083,45539.9998046875,36870
2019-06-07,38466.66796875,39266.66796875,38400.0,38866.66796875,38186.66640625,39316.666796875,43912.2220703125,45461.1109375,26769
2019-06-10,39266.66796875,39333.33203125,38600.0,38933.33203125,38386.66640625,39150.0,43755.555403645834,45384.44427083333,19474
2019-06-11,38933.33203125,39733.33203125,38933.33203125,39600.0,38800.0,39096.6666015625,43631.1109375,45326.1109375,28345
2019-06-12,39333.33203125,39866.66796875,39333.33203125,39466.66796875,39026.6671875,39056.6666015625,43504.44427083333,45248.88873697917,21985
2019-06-13,39266.66796875,39600.0,38200.0,39400.0,39253.33359375,38983.333203125,43348.88873697917,45168.333170572914,71197
2019-06-14,39000.0,39333.33203125,38533.33203125,38600.0,39200.0,38879.9998046875,43196.66653645833,45093.88873697917,37758
2019-06-17,38466.66796875,38666.66796875,37533.33203125,37533.33203125,38920.0,38743.3330078125,43023.333203125,45008.333170572914,68811
2019-06-18,37466.66796875,37866.66796875,37400.0,37666.66796875,38533.33359375,38629.9998046875,42871.111002604164,44929.44430338542,30964
2019-06-19,37866.66796875,38600.0,37800.0,38066.66796875,38253.33359375,38556.6666015625,42751.111002604164,44840.555436197916,28507
2019-06-20,38333.33203125,38933.33203125,38133.33203125,38666.66796875,38106.6671875,38503.3333984375,42645.55546875,44759.99990234375,24825
2019-06-21,38533.33203125,39466.66796875,38133.33203125,39333.33203125,38253.33359375,38543.3333984375,42544.4443359375,44687.22210286458,42546
2019-06-24,39333.33203125,39400.0,38666.66796875,38866.66796875,38520.00078125,38546.666796875,42438.88880208333,44614.99990234375,24741
2019-06-25,39066.66796875,39200.0,38133.33203125,38266.66796875,38640.00078125,38490.0001953125,42307.777734375,44542.22213541667,34227
2019-06-26,38066.66796875,38400.0,37800.0,37933.33203125,38613.33359375,38443.3333984375,42169.99993489583,44470.55546875,43195
2019-06-27,37800.0,39000.0,37466.66796875,38666.66796875,38613.33359375,38476.666796875,42032.22220052083,44403.88880208333,55993
2019-06-28,38600.0,39000.0,38000.0,38333.33203125,38413.33359375,38513.3333984375,41904.44440104167,44336.111002604164,17695
2019-07-01,38600.0,39733.33203125,38466.66796875,38866.66796875,38413.33359375,38560.0001953125,41770.0,44276.111002604164,38953
2019-07-02,38866.66796875,38933.33203125,38333.33203125,38533.33203125,38466.66640625,38610.0001953125,41630.0,44227.777669270836,21442
2019-07-03,38933.33203125,38933.33203125,37666.66796875,37933.33203125,38466.66640625,38590.0001953125,41486.666666666664,44176.111002604164,43528
2019-07-04,38133.33203125,38133.33203125,36733.33203125,37266.66796875,38186.66640625,38540.0001953125,41341.1111328125,44116.111002604164,82758
2019-07-05,37333.33203125,37400.0,36733.33203125,37266.66796875,37973.33359375,38460.0001953125,41204.44446614583,44050.55546875,37986
2019-07-08,37333.33203125,37333.33203125,35733.33203125,35733.33203125,37346.66640625,38300.0001953125,41024.44446614583,43966.66656901042,75298
2019-07-09,35333.33203125,36333.33203125,34933.33203125,35133.33203125,36666.66640625,38076.666796875,40818.8888671875,43883.88876953125,66567
2019-07-10,35000.0,35933.33203125,35000.0,35466.66796875,36173.33359375,37876.666796875,40625.55553385417,43809.4443359375,34935
2019-07-11,35333.33203125,35866.66796875,35333.33203125,35600.0,35840.0,37686.666796875,40428.8888671875,43744.99990234375,38389
2019-07-12,36200.0,36200.0,34666.66796875,34933.33203125,35373.3328125,37503.3333984375,40226.6666015625,43679.4443359375,86514
2019-07-15,34800.0,35000.0,33400.0,33733.33203125,34973.3328125,37313.3333984375,39979.99993489583,43606.66653645833,103741
2019-07-16,33866.66796875,34266.66796875,33533.33203125,34066.66796875,34760.0,37133.3333984375,39759.99993489583,43534.99986979167,77304
2019-07-17,33866.66796875,34066.66796875,32466.666015625,32766.666015625,34219.999609375,36868.33330078125,39510.555501302086,43443.055419921875,135007
2019-07-18,32733.333984375,32900.0,32266.666015625,32466.666015625,33593.3328125,36558.333203125,39274.99993489583,43339.7220703125,73909
2019-07-19,32666.666015625,32866.66796875,32333.333984375,32866.66796875,33180.0,36235.0,39047.22220052083,43240.833203125,50028
2019-07-22,32733.333984375,33666.66796875,32733.333984375,33200.0,33073.33359375,35951.6666015625,38839.44440104167,43144.16653645833,60588
2019-07-23,33200.0,33466.66796875,32433.333984375,32733.333984375,32806.666796875,35674.99990234375,38636.111100260416,43040.83321940104,81324
2019-07-24,32400.0,33066.66796875,32400.0,32666.666015625,32786.666796875,35411.6666015625,38447.22220052083,42933.611002604164,33915
2019-07-25,32466.666015625,32633.333984375,31633.333984375,31766.666015625,32646.666796875,35066.66650390625,38224.44443359375,42821.11098632812,57279
2019-07-26,31200.0,31766.666015625,31133.333984375,31333.333984375,32340.0,34716.6666015625,37994.44446614583,42704.4443359375,39771
2019-07-29,31766.666015625,31766.666015625,30200.0,30366.666015625,31773.333203125,34291.66650390625,37750.55556640625,42576.94431966146,40000
2019-07-30,30366.666015625,30633.333984375,30266.666015625,30333.333984375,31293.333203125,33881.6666015625,37509.44446614583,42454.72210286458,34935
2019-07-31,30066.666015625,30466.666015625,29233.333984375,29666.666015625,30693.333203125,33468.33330078125,37277.22223307292,42330.83321940104,81987
2019-08-01,29466.666015625,30333.333984375,29266.666015625,29366.666015625,30213.333203125,33073.333203125,37041.1111328125,42182.22210286458,48658
2019-08-02,29333.333984375,29333.333984375,28466.666015625,28466.666015625,29639.999609375,32633.33310546875,36803.33336588542,42022.777652994795,100828
2019-08-05,28533.333984375,28766.666015625,27433.333984375,27700.0,29106.66640625,32231.66650390625,36560.55556640625,41851.38875325521,150418
2019-08-06,26933.333984375,28000.0,26533.333984375,26800.0,28399.999609375,31814.99990234375,36329.44443359375,41661.94431966146,105850
2019-08-07,27500.0,28566.666015625,27400.0,27833.333984375,28033.333203125,31433.333203125,36122.22220052083,41477.22210286458,149457
2019-08-08,27966.666015625,28500.0,27500.0,28433.333984375,27846.666796875,31074.99990234375,35914.99996744792,41298.05545247396,75768
2019-08-09,28433.333984375,29000.0,28300.0,28400.0,27833.33359375,30748.33330078125,35710.555501302086,41117.49988606771,53200
2019-08-12,28200.0,28433.333984375,27966.666015625,28100.0,27913.33359375,30466.66669921875,35507.77770182292,40935.55545247396,63718
2019-08-13,27933.333984375,28333.333984375,27566.666015625,28333.333984375,28220.000390625,30180.0,35314.44440104167,40762.22213541667,36936
2019-08-14,28333.333984375,29266.666015625,28133.333984375,28366.666015625,28326.666796875,29960.0,35128.33330078125,40590.27768554688,72601
2019-08-16,28033.333984375,28233.333984375,27566.666015625,28033.333984375,28246.666796875,29738.3333984375,34933.333333333336,40420.55546875,25117
2019-08-19,28200.0,29033.333984375,28066.666015625,29033.333984375,28373.33359375,29546.66669921875,34775.00003255208,40256.94435221354,58146
2019-08-20,29266.666015625,29600.0,28833.333984375,29400.0,28633.33359375,29356.66669921875,34618.33336588542,40098.611018880205,78304
2019-08-21,29433.333984375,29633.333984375,28966.666015625,29066.666015625,28780.0,29173.33330078125,34446.1111328125,39934.16656901042,60937
2019-08-22,29100.0,29866.666015625,29033.333984375,29466.666015625,29000.0,29013.33330078125,34289.44443359375,39770.27768554688,94899
2019-08-23,29233.333984375,29700.0,29100.0,29433.333984375,29280.0,28896.66669921875,34146.666666666664,39586.11103515625,43167
2019-08-26,28866.666015625,29466.666015625,28266.666015625,28933.333984375,29260.0,28776.66669921875,34002.22223307292,39406.11105143229,41337
2019-08-27,28666.666015625,29666.666015625,28400.0,28700.0,29120.0,28693.3333984375,33848.33336588542,39223.61105143229,40426
2019-08-28,28466.666015625,29000.0,28466.666015625,28866.666015625,29080.0,28620.0,33703.888932291666,39053.055501302086,30679
2019-08-29,28900.0,29066.666015625,28466.666015625,28633.333984375,28913.33359375,28568.3333984375,33542.22229817708,38886.11105143229,43738
2019-08-30,28800.0,29500.0,28800.0,29033.333984375,28833.33359375,28551.666796875,33388.3333984375,38725.833268229166,59268
2019-09-02,28933.333984375,29400.0,28833.333984375,29266.666015625,28900.0,28591.666796875,33228.33336588542,38570.27771809896,38908
2019-09-03,29000.0,30266.666015625,29000.0,29800.0,29120.0,28696.666796875,33076.111165364586,38415.83328450521,57115
2019-09-04,29733.333984375,29933.333984375,29366.666015625,29833.333984375,29313.33359375,28848.33349609375,32913.3333984375,38272.22216796875,46846
2019-09-05,29700.0,30400.0,29666.666015625,30000.0,29586.666796875,28956.666796875,32755.555598958334,38129.99993489583,70795
2019-09-06,30033.333984375,30233.333984375,29333.333984375,29466.666015625,29673.333203125,29008.3333984375,32590.000032552085,37969.44438476562,55599
2019-09-09,29466.666015625,29833.333984375,28900.0,29000.0,29620.0,29038.3333984375,32430.000032552085,37813.33328450521,60705
2019-09-10,29000.0,30666.666015625,28900.0,30466.666015625,29753.333203125,29156.66669921875,32312.222265625,37667.777734375,61308
2019-09-11,30533.333984375,31033.333984375,30466.666015625,30633.333984375,29913.333203125,29271.66669921875,32195.000032552085,37533.05551757813,68916
2019-09-16,30966.666015625,32200.0,30733.333984375,32066.666015625,30326.66640625,29456.66669921875,32095.0,37423.055501302086,81937
2019-09-17,32066.666015625,32533.333984375,31600.0,32133.333984375,30860.0,29661.66669921875,31986.111100260416,37315.83328450521,51285
2019-09-18,32400.0,32400.0,31766.666015625,32066.666015625,31473.333203125,29813.33330078125,31865.0,37204.72216796875,31854
2019-09-19,31866.666015625,32333.333984375,31800.0,31833.333984375,31746.666796875,29935.0,31747.777766927084,37093.33328450521,29754
2019-09-20,31833.333984375,32133.333984375,31533.333984375,32066.666015625,32033.333203125,30085.0,31644.444401041666,36976.111067708334,34417
2019-09-23,31933.333984375,32066.666015625,31600.0,31900.0,32000.0,30206.66669921875,31543.8888671875,36856.94440104167,28558
2019-09-24,31933.333984375,32200.0,31666.666015625,32200.0,32013.333203125,30345.0,31436.111067708334,36734.16663411458,32151
2019-09-25,32200.0,32333.333984375,31266.666015625,31333.333984375,31866.666796875,30465.0,31319.44443359375,36611.94441731771,42939
2019-09-26,31366.666015625,31700.0,31033.333984375,31266.666015625,31753.333203125,30593.33330078125,31192.777734375,36481.3888671875,26533
2019-09-27,31000.0,31400.0,30666.666015625,30766.666015625,31493.333203125,30688.33330078125,31063.33330078125,36346.66665039062,23637
2019-09-30,30966.666015625,30966.666015625,30000.0,30200.0,31153.333203125,30766.6666015625,30934.44443359375,36210.55555013021,23584
2019-10-01,29900.0,31133.333984375,29900.0,31033.333984375,30920.0,30866.6666015625,30830.555533854167,36085.833333333336,30246
2019-10-02,31000.0,31000.0,30233.333984375,30233.333984375,30700.0,30915.0,30713.33330078125,35958.88888346354,28896
2019-10-04,30233.333984375,30500.0,29500.0,29500.0,30346.666796875,30900.0,30609.44443359375,35816.94444986979,31720
2019-10-07,29533.333984375,30000.0,29233.333984375,29500.0,30093.33359375,30883.33330078125,30515.55556640625,35667.22221679687,27637
2019-10-08,29366.666015625,29866.666015625,29333.333984375,29800.0,30013.33359375,30873.33330078125,30421.111100260416,35523.333317057295,36096
2019-10-10,29400.0,30033.333984375,29400.0,29666.666015625,29740.0,30883.33330078125,30322.222200520835,35375.55553385417,36790
2019-10-11,29666.666015625,30366.666015625,29666.666015625,30300.0,29753.333203125,30948.33330078125,30245.0,35235.83330078125,33666
2019-10-14,30333.333984375,31633.333984375,30333.333984375,31433.333984375,30140.0,30996.66669921875,30206.66669921875,35093.333317057295,40108
2019-10-15,31433.333984375,32333.333984375,31433.333984375,32133.333984375,30666.666796875,31071.66669921875,30174.444466145833,34967.22220052083,41739
2019-10-16,32200.0,32500.0,31666.666015625,31900.0,31086.666796875,31063.3333984375,30160.000032552085,34835.27776692708,46782
2019-10-17,32233.333984375,32266.666015625,31666.666015625,31700.0,31493.33359375,31041.66669921875,30147.222265625,34711.111100260416,28744
2019-10-18,31400.0,31900.0,31333.333984375,31533.333984375,31740.000390625,31015.00009765625,30125.000032552085,34586.11111653646,31897
2019-10-21,31533.333984375,31900.0,31400.0,31600.0,31773.33359375,31003.3333984375,30098.333365885417,34468.88888346354,23284
2019-10-22,31500.0,31800.0,31066.666015625,31466.666015625,31640.0,30973.3333984375,30077.222233072916,34356.666666666664,37038
2019-10-23,31200.0,31800.0,31200.0,31533.333984375,31566.666796875,30955.00009765625,30058.333365885417,34252.77778320313,33520
2019-10-24,31166.666015625,31700.0,30966.666015625,31600.0,31546.666796875,30925.00009765625,30055.555598958334,34140.00001627604,37393
2019-10-25,31666.666015625,31766.666015625,31166.666015625,31300.0,31500.0,30923.3333984375,30055.000032552085,34024.72224934896,22779
2019-10-28,31566.666015625,31766.666015625,31200.0,31633.333984375,31506.666796875,30941.666796875,30076.111165364582,33913.33336588542,27396
2019-10-29,31600.0,32066.666015625,31600.0,31800.0,31573.33359375,30993.33349609375,30100.555598958334,33805.00003255208,36651
2019-10-30,31666.666015625,32000.0,31500.0,31600.0,31586.666796875,31063.33349609375,30132.77783203125,33705.00003255208,24190
2019-10-31,31600.0,32033.333984375,31100.0,31466.666015625,31560.0,31085.00009765625,30167.77783203125,33604.44448242187,46026
2019-11-01,31533.333984375,31900.0,31266.666015625,31733.333984375,31646.666796875,31160.00009765625,30222.222298177083,33512.77783203125,28846
2019-11-04,31833.333984375,34333.33203125,31833.333984375,33933.33203125,32106.66640625,31381.66669921875,30326.111165364582,33443.33336588542,137556
2019-11-05,33533.33203125,34266.66796875,33466.66796875,34000.0,32546.66640625,31606.66669921875,30446.111165364582,33387.77779947917,54145
2019-11-06,33533.33203125,34266.66796875,32666.666015625,33600.0,32946.66640625,31796.66669921875,30542.222265625,33332.22223307292,137998
2019-11-07,33400.0,34133.33203125,33400.0,34000.0,33453.333203125,32013.3333984375,30635.000032552085,33275.0,48283
2019-11-08,34066.66796875,35600.0,34066.66796875,35000.0,34106.66640625,32248.3333984375,30745.000032552085,33227.77776692708,180513
2019-11-11,35200.0,36000.0,34933.33203125,35600.0,34440.0,32456.66669921875,30870.000032552085,33188.8888671875,118860
2019-11-12,35600.0,36533.33203125,35600.0,36533.33203125,34946.66640625,32676.6666015625,31006.666666666668,33160.55553385417,104476
2019-11-13,36533.33203125,36866.66796875,34800.0,36000.0,35426.66640625,32881.6666015625,31133.888899739584,33131.111100260416,110790
2019-11-14,36000.0,36533.33203125,35600.0,36533.33203125,35933.3328125,33123.333203125,31275.555533854167,33104.44443359375,59016
2019-11-15,36533.33203125,36800.0,35733.33203125,36133.33203125,36159.99921875,33353.33310546875,31393.888834635418,33084.44443359375,38053
2019-11-18,35866.66796875,36333.33203125,35533.33203125,35933.33203125,36226.665625,33569.99970703125,31502.777701822917,33060.55553385417,41416
2019-11-19,35666.66796875,36200.0,34866.66796875,35466.66796875,36013.3328125,33769.9998046875,31609.444401041666,33027.77776692708,46167
2019-11-20,35333.33203125,35533.33203125,34666.66796875,34866.66796875,35786.66640625,33936.66650390625,31699.44443359375,32994.44443359375,42246
2019-11-21,34933.33203125,35333.33203125,34266.66796875,34733.33203125,35426.66640625,34093.33310546875,31787.777734375,32967.22220052083,35607
2019-11-22,35333.33203125,43800.0,34800.0,36266.66796875,35453.33359375,34341.66650390625,31909.999967447915,32956.111100260416,1463775
2019-11-25,36133.33203125,38866.66796875,36000.0,38066.66796875,35880.00078125,34663.333203125,32066.111100260416,32957.22223307292,633334
2019-11-26,37933.33203125,39066.66796875,36400.0,37666.66796875,36320.00078125,34956.6666015625,32212.777799479165,32958.33336588542,306189
2019-11-27,37333.33203125,48933.33203125,37333.33203125,48933.33203125,39133.33359375,35823.333203125,32551.111100260416,33046.66669921875,2089161
2019-11-28,56800.0,59400.0,50000.0,51466.66796875,42480.00078125,36823.33330078125,32925.0,33156.66669921875,8087416
2019-11-29,50000.0,50866.66796875,46000.0,46800.0,44586.6671875,37576.6666015625,33217.22223307292,33222.77779947917,2389656
2019-12-02,46866.66796875,48466.66796875,44266.66796875,44533.33203125,45880.0,38106.6666015625,33462.77776692708,33269.44446614583,2825467
2019-12-03,44200.0,45733.33203125,42666.66796875,43466.66796875,47040.0,38580.0,33690.0,33301.66669921875,1303582
2019-12-04,43333.33203125,44000.0,42200.0,42533.33203125,45760.0,39026.6666015625,33898.8888671875,33327.22223307292,792165
2019-12-05,43133.33203125,43200.0,40600.0,41666.66796875,43800.0,39410.0,34102.22223307292,33346.1111328125,899002
2019-12-06,41733.33203125,42266.66796875,41066.66796875,41800.0,42800.0,39750.0,34315.55556640625,33372.77779947917,477940
2019-12-09,42266.66796875,43133.33203125,40666.66796875,40800.0,42053.33359375,40010.0,34487.77779947917,33400.00003255208,694722
2019-12-10,40666.66796875,42400.0,40266.66796875,40933.33203125,41546.66640625,40230.0,34659.44443359375,33427.22223307292,640108
2019-12-11,41000.0,41666.66796875,40666.66796875,41066.66796875,41253.33359375,40483.3333984375,34809.44446614583,33452.22223307292,367768
2019-12-12,43000.0,43000.0,41333.33203125,41466.66796875,41213.33359375,40730.0001953125,34965.00003255208,33475.55556640625,700785
2019-12-13,41933.33203125,42000.0,41000.0,41533.33203125,41160.0,41000.0001953125,35122.77779947917,33493.888899739584,376503
2019-12-16,41666.66796875,42066.66796875,41333.33203125,41333.33203125,41266.66640625,41270.0001953125,35281.111100260416,33514.44443359375,247791
2019-12-17,41266.66796875,41333.33203125,40533.33203125,40600.0,41200.0,41526.666796875,35423.333333333336,33533.8888671875,334180
2019-12-18,40466.66796875,40933.33203125,40333.33203125,40333.33203125,41053.3328125,41800.0,35563.8888671875,33553.8888671875,203577
2019-12-19,40600.0,40866.66796875,40200.0,40400.0,40839.99921875,42083.3333984375,35700.55553385417,33568.33330078125,202917
2019-12-20,40466.66796875,40666.66796875,39733.33203125,40333.33203125,40599.99921875,42286.6666015625,35850.555501302086,33584.99996744792,202171
2019-12-23,40400.0,41666.66796875,40400.0,40733.33203125,40479.99921875,42419.9998046875,36008.333268229166,33600.555501302086,337252
2019-12-24,40866.66796875,42333.33203125,40800.0,42066.66796875,40773.3328125,42639.9998046875,36196.66663411458,33629.99996744792,515752
2019-12-26,42000.0,42000.0,41200.0,41466.66796875,41000.0,42266.6666015625,36384.44443359375,33659.44443359375,244020
2019-12-27,41400.0,42466.66796875,41400.0,42000.0,41320.0,41793.333203125,36567.22220052083,33698.8888671875,247083
2019-12-30,42000.0,42666.66796875,41866.66796875,42666.66796875,41786.6671875,41586.6666015625,36774.44443359375,33743.8888671875,279282
2020-01-02,42800.0,44800.0,42466.66796875,44466.66796875,42533.334375,41583.3333984375,37023.888899739584,33816.666666666664,675049
2020-01-03,44533.33203125,44733.33203125,43933.33203125,44666.66796875,43053.334375,41643.3333984375,37276.66669921875,33896.1111328125,320655
2020-01-06,44466.66796875,45133.33203125,43533.33203125,44266.66796875,43613.334375,41730.0001953125,37517.77783203125,33969.44446614583,392790
2020-01-07,44333.33203125,45066.66796875,43666.66796875,43866.66796875,43986.66796875,41840.0001953125,37754.44453125,34038.33336588542,314589
2020-01-08,43666.66796875,43733.33203125,41000.0,42066.66796875,43866.66796875,41853.33359375,37950.5556640625,34097.77783203125,468526
2020-01-09,42933.33203125,43600.0,42600.0,43400.0,43653.334375,41983.33359375,38150.00009765625,34178.3333984375,286783
2020-01-10,43466.66796875,47800.0,43000.0,46000.0,43920.00078125,42236.6669921875,38381.11119791667,34277.77783203125,1938381
2020-01-13,45600.0,45733.33203125,44133.33203125,44333.33203125,43933.33359375,42400.0001953125,38588.3333984375,34374.16671549479,546580
2020-01-14,44466.66796875,44933.33203125,43800.0,44666.66796875,44093.33359375,42560.0001953125,38804.44453125,34475.8333984375,305868
2020-01-15,45000.0,45000.0,44000.0,44133.33203125,44506.66640625,42690.0001953125,39014.444498697914,34569.722265625,185274
2020-01-16,43933.33203125,44133.33203125,43400.0,44066.66796875,44640.0,42826.6669921875,39222.22229817708,34660.27783203125,166947
2020-01-17,44200.0,44533.33203125,43666.66796875,44133.33203125,44266.66640625,43003.33359375,39433.3333984375,34755.27781575521,181240
2020-01-20,44000.0,45666.66796875,43666.66796875,45000.0,44400.0,43236.6669921875,39657.77783203125,34858.05559895833,460491
2020-01-21,45400.0,45866.66796875,44133.33203125,44133.33203125,44293.3328125,43423.33359375,39866.66669921875,34961.111149088545,306853
2020-01-22,44333.33203125,44533.33203125,43733.33203125,44200.0,44306.66640625,43616.6669921875,40081.66669921875,35068.33336588542,175069
2020-01-23,44533.33203125,45200.0,43733.33203125,44133.33203125,44319.99921875,43786.6669921875,40290.0,35183.05558268229,204513
2020-01-28,44533.33203125,44533.33203125,42600.0,42733.33203125,44039.99921875,43820.0001953125,40472.22220052083,35286.388899739584,313761
2020-01-29,42866.66796875,43200.0,41800.0,41800.0,43399.99921875,43836.666796875,40642.22220052083,35387.50001627604,267796
2020-01-30,41800.0,42000.0,40133.33203125,40400.0,42653.3328125,43756.666796875,40791.111100260416,35479.44446614583,330984
2020-01-31,40666.66796875,40800.0,38066.66796875,38600.0,41533.3328125,43553.3333984375,40905.55553385417,35563.888916015625,317917
2020-02-03,37066.66796875,39266.66796875,36933.33203125,38666.66796875,40440.0,43263.3333984375,40984.44446614583,35655.27781575521,301555
2020-02-04,38533.33203125,40000.0,38533.33203125,39866.66796875,39866.6671875,43023.3333984375,41082.222265625,35764.16671549479,261351
2020-02-05,41800.0,48200.0,41333.33203125,44533.33203125,40413.33359375,43036.6666015625,41264.44446614583,35903.33336588542,2914117
2020-02-06,44800.0,46600.0,44066.66796875,46600.0,41653.33359375,43173.333203125,41474.44446614583,36054.72224934896,670485
2020-02-07,46333.33203125,46866.66796875,45400.0,46600.0,43253.33359375,43399.9998046875,41667.77779947917,36206.388916015625,289455
2020-02-10,46066.66796875,46600.0,45200.0,45533.33203125,44626.66640625,43506.66640625,41833.333333333336,36351.666682942705,179284
2020-02-11,46866.66796875,47066.66796875,45866.66796875,46600.0,45973.3328125,43536.66640625,42001.1111328125,36503.888899739584,350781
2020-02-12,46600.0,47866.66796875,46066.66796875,47133.33203125,46493.3328125,43676.66640625,42186.666666666664,36660.27778320313,317779
2020-02-13,47000.0,47533.33203125,46466.66796875,46666.66796875,46506.66640625,43776.66640625,42355.55559895833,36815.55556640625,187783
2020-02-14,46933.33203125,46933.33203125,45866.66796875,45933.33203125,46373.3328125,43866.66640625,42518.888932291666,36956.38888346354,182625
2020-02-17,45666.66796875,46400.0,45000.0,45333.33203125,46333.3328125,43929.999609375,42675.55559895833,37089.16665039062,164355
2020-02-18,45333.33203125,46533.33203125,44666.66796875,44733.33203125,45959.99921875,43959.999609375,42830.0,37219.72220052083,198661
2020-02-19,45066.66796875,45266.66796875,44066.66796875,44600.0,45453.3328125,43939.999609375,42992.22220052083,37345.833317057295,133735
2020-02-20,44800.0,45733.33203125,44400.0,45600.0,45239.99921875,44013.3330078125,43173.333333333336,37480.55553385417,149383
2020-02-21,44733.33203125,46200.0,44600.0,44733.33203125,44999.99921875,44039.999609375,43314.44440104167,37612.22218424479,159891
2020-02-24,43466.66796875,44066.66796875,42333.33203125,42400.0,44413.3328125,43953.3330078125,43386.6666015625,37726.388850911455,205560
2020-02-25,41866.66796875,42933.33203125,41866.66796875,42600.0,43986.66640625,43946.66640625,43468.88880208333,37840.83330078125,170671
2020-02-26,41666.66796875,42000.0,40733.33203125,41066.66796875,43280.0,43909.9998046875,43337.777734375,37944.44441731771,265318
2020-02-27,41466.66796875,41466.66796875,40000.0,40066.66796875,42173.33359375,43893.333203125,43147.777734375,38036.3888671875,227266
2020-02-28,39266.66796875,40733.33203125,38333.33203125,38333.33203125,40893.33359375,43879.9998046875,43006.6666015625,38111.94441731771,242743
2020-03-02,38600.0,40066.66796875,38133.33203125,40000.0,40413.33359375,43946.66640625,42931.111067708334,38196.94441731771,174450
2020-03-03,40400.0,42400.0,40066.66796875,40666.66796875,40026.6671875,43986.66640625,42884.44440104167,38287.22220052083,312042
2020-03-04,44066.66796875,45933.33203125,41066.66796875,41400.0,40093.33359375,43829.9998046875,42865.55553385417,38382.22220052083,761308
2020-03-05,42066.66796875,42066.66796875,40933.33203125,41266.66796875,40333.33359375,43563.333203125,42858.8888671875,38480.55555013021,170773
2020-03-06,41000.0,41000.0,40066.66796875,40400.0,40746.6671875,43253.333203125,42835.55553385417,38575.55555013021,145863
2020-03-09,40400.0,40400.0,40400.0,40400.0,40826.6671875,42996.6666015625,42828.8888671875,38658.333333333336,0
2020-03-10,41800.0,42933.33203125,40333.33203125,41333.33203125,40960.0,42733.333203125,42835.55553385417,38747.49998372396,329731
2020-03-11,41800.0,43066.66796875,39600.0,39933.33203125,40666.66640625,42373.333203125,42816.6666015625,38813.05553385417,367617
2020-03-12,40000.0,40466.66796875,37666.66796875,38000.0,40013.3328125,41939.9998046875,42758.88880208333,38861.94441731771,239743
2020-03-13,34733.33203125,36466.66796875,32733.333984375,35000.0,38933.3328125,41393.333203125,42649.99993489583,38886.3888671875,327390
2020-03-16,35333.33203125,41866.66796875,34666.66796875,36200.0,38093.3328125,40936.6666015625,42564.44440104167,38922.77775065104,574348
2020-03-17,34733.33203125,41800.0,34666.66796875,40666.66796875,37960.0,40733.3333984375,42565.55553385417,38994.44443359375,825751
2020-03-18,42200.0,46866.66796875,40800.0,42866.66796875,38546.6671875,40646.666796875,42607.77779947917,39085.833333333336,1835694
2020-03-19,45000.0,48133.33203125,34266.66796875,37800.0,38506.6671875,40256.666796875,42564.44446614583,39132.5,2362225
2020-03-20,39333.33203125,41866.66796875,38333.33203125,41866.66796875,39880.00078125,40113.33359375,42590.00006510417,39220.27778320313,636318
2020-03-23,40400.0,45666.66796875,39466.66796875,42266.66796875,41093.334375,40106.6669921875,42615.5556640625,39311.94446614583,952837
2020-03-24,43533.33203125,44733.33203125,42400.0,43200.0,41600.00078125,40136.6669921875,42634.44453125,39415.55558268229,610786
2020-03-25,43866.66796875,44333.33203125,42400.0,43200.0,41666.6671875,40243.33359375,42663.3333984375,39523.888916015625,657574
2020-03-26,44066.66796875,51000.0,43333.33203125,47733.33203125,43653.33359375,40626.666796875,42758.888932291666,39663.05556640625,2800396
2020-03-27,54000.0,56466.66796875,45200.0,51200.0,45520.0,41270.0001953125,42901.1111328125,39837.77778320313,3417793
2020-03-30,53333.33203125,58933.33203125,50866.66796875,58200.0,48706.66640625,42180.0001953125,43130.0,40076.94444986979,3503748
2020-03-31,59333.33203125,59466.66796875,53533.33203125,56400.0,51346.66640625,42966.666796875,43325.55553385417,40301.11111653646,1926417
2020-04-01,57733.33203125,62133.33203125,53200.0,54333.33203125,53573.3328125,43613.3333984375,43493.333268229166,40505.55555013021,2130520
2020-04-02,55133.33203125,55266.66796875,51133.33203125,53666.66796875,54760.0,44233.3333984375,43656.6666015625,40705.55556640625,969642
2020-04-03,53666.66796875,57666.66796875,52000.0,54000.0,55320.0,44913.3333984375,43855.55546875,40903.05556640625,2208346
2020-04-06,54133.33203125,55866.66796875,53866.66796875,54666.66796875,54613.33359375,45626.666796875,44043.333268229166,41096.666682942705,905586
2020-04-07,55000.0,55000.0,52466.66796875,53733.33203125,54080.0,46246.666796875,44172.22213541667,41276.666666666664,845526
2020-04-08,54400.0,55666.66796875,52733.33203125,52733.33203125,53760.0,46886.666796875,44312.22213541667,41450.27776692708,1034262
2020-04-09,53666.66796875,54333.33203125,52733.33203125,53800.0,53786.66640625,47676.666796875,44464.4443359375,41634.44443359375,748213
2020-04-10,56000.0,56533.33203125,52866.66796875,54000.0,53786.66640625,48626.666796875,44628.88880208333,41821.66665039062,1251472
2020-04-13,54466.66796875,56800.0,54333.33203125,55933.33203125,54039.99921875,49613.3333984375,44826.66653645833,42024.44441731771,1018474
2020-04-14,55666.66796875,56266.66796875,54200.0,54933.33203125,54279.99921875,50326.6666015625,45006.66653645833,42219.99996744792,605583
2020-04-16,54533.33203125,54866.66796875,52800.0,53466.66796875,54426.66640625,50856.6666015625,45147.777669270836,42402.77775065104,481029
2020-04-17,53800.0,53933.33203125,52200.0,52866.66796875,54240.0,51610.0,45293.333268229166,42579.99998372396,560773
2020-04-20,53333.33203125,54200.0,52600.0,52800.0,54000.0,52156.6666015625,45436.6666015625,42759.16665039062,583776
2020-04-21,53333.33203125,53666.66796875,49333.33203125,51800.0,53173.33359375,52633.333203125,45564.44440104167,42927.22220052083,644715
2020-04-22,51866.66796875,52600.0,50733.33203125,52600.0,52706.6671875,53103.333203125,45728.8888671875,43100.55553385417,309072
2020-04-23,52800.0,53200.0,51866.66796875,51866.66796875,52386.6671875,53536.6666015625,45896.666666666664,43269.44443359375,301477
2020-04-24,51666.66796875,52666.66796875,51133.33203125,51533.33203125,52120.0,53726.6666015625,46082.22220052083,43436.66665039062,316881
2020-04-27,51800.0,52266.66796875,51400.0,51800.0,51920.0,53756.6666015625,46302.22220052083,43603.8888671875,191628
2020-04-28,53266.66796875,53666.66796875,51866.66796875,52400.0,52040.0,53466.6666015625,46531.111067708334,43757.77776692708,439117
2020-04-29,52466.66796875,52600.0,51666.66796875,51800.0,51880.0,53236.6666015625,46729.99993489583,43906.111100260416,215443
2020-05-04,50933.33203125,51466.66796875,50266.66796875,50333.33203125,51573.3328125,53036.6666015625,46826.6666015625,44045.55553385417,218628
2020-05-06,50466.66796875,54133.33203125,50333.33203125,51800.0,51626.66640625,52943.333203125,46913.333268229166,44193.8888671875,1030782
2020-05-07,52066.66796875,52666.66796875,51266.66796875,52533.33203125,51773.3328125,52869.9998046875,47012.22213541667,44339.99996744792,240807
2020-05-08,53000.0,53066.66796875,52400.0,53000.0,51893.3328125,52786.66640625,47136.6666015625,44484.99996744792,310972
2020-05-11,54000.0,55200.0,53066.66796875,55200.0,52573.3328125,52859.9998046875,47279.99993489583,44640.55553385417,828033
2020-05-12,55266.66796875,55466.66796875,54000.0,54266.66796875,53360.0,52936.6666015625,47398.8888671875,44792.77776692708,406743
2020-05-13,54000.0,54000.0,52933.33203125,53600.0,53720.0,52926.6666015625,47514.44440104167,44935.0,327216
2020-05-14,54000.0,65600.0,53466.66796875,63200.0,55853.33359375,53386.6666015625,47802.22220052083,45160.55556640625,4737241
2020-05-15,68000.0,78333.3359375,64666.66796875,65000.0,58253.33359375,53840.0,48130.0,45402.77779947917,8286304
2020-05-18,63600.0,70666.6640625,61866.66796875,68666.6640625,60946.66640625,54526.6666015625,48528.8888671875,45679.44443359375,3381595
2020-05-19,66400.0,70333.3359375,62800.0,62866.66796875,62666.66640625,54996.6666015625,48833.333333333336,45912.77776692708,3299787
2020-05-20,63533.33203125,65200.0,62000.0,62066.66796875,64360.0,55456.6666015625,49107.77779947917,46140.55556640625,1074873
2020-05-21,62533.33203125,63866.66796875,62200.0,62800.0,64280.0,55956.6666015625,49408.888932291666,46361.666666666664,770503
2020-05-22,63600.0,64333.33203125,62866.66796875,63133.33203125,63906.66640625,56523.333203125,49754.44446614583,46570.55553385417,662025
2020-05-25,63400.0,63800.0,62000.0,62466.66796875,62666.6671875,57016.6666015625,50085.55559895833,46777.22220052083,403734
2020-05-26,62866.66796875,62866.66796875,60800.0,61866.66796875,62466.6671875,57516.6666015625,50432.222265625,46885.0,518031
2020-05-27,62266.66796875,62333.33203125,60400.0,60533.33203125,62160.0,57966.6666015625,50773.333333333336,46960.55553385417,411349
2020-05-28,60800.0,62466.66796875,60066.66796875,61666.66796875,61933.33359375,58460.0,51162.222265625,47084.44443359375,480514
2020-05-29,61866.66796875,62333.33203125,61000.0,61266.66796875,61560.00078125,58903.3333984375,51516.666731770834,47223.888899739584,319597
2020-06-01,60933.33203125,61266.66796875,60400.0,60733.33203125,61213.33359375,59350.0,51851.1111328125,47367.77776692708,376338
2020-06-02,60800.0,61400.0,60333.33203125,61333.33203125,61106.66640625,59900.0,52183.333333333336,47524.44443359375,325228
2020-06-03,61666.66796875,63333.33203125,61066.66796875,61800.0,61360.0,60400.0,52525.55553385417,47692.22220052083,750910
2020-06-04,63000.0,63133.33203125,61466.66796875,61533.33203125,61333.3328125,60850.0,52877.777734375,47856.66663411458,364272
2020-06-05,61533.33203125,63600.0,61133.33203125,62866.66796875,61653.3328125,61343.3333984375,53252.22220052083,48040.55553385417,506047
2020-06-08,63666.66796875,64200.0,62666.66796875,62866.66796875,62080.0,61726.666796875,53611.1111328125,48223.333333333336,496647
2020-06-09,62666.66796875,66533.3359375,62266.66796875,65666.6640625,62946.66640625,62296.6666015625,54040.0,48428.33330078125,1630000
2020-06-10,67333.3359375,67666.6640625,64800.0,65533.33203125,63693.3328125,62893.333203125,54498.8888671875,48628.888834635414,920368
2020-06-11,65533.33203125,66266.6640625,64200.0,64466.66796875,64280.0,62956.6666015625,54990.0,48819.99996744792,661368
2020-06-12,61600.0,63733.33203125,61133.33203125,63000.0,64306.66640625,62856.6666015625,55436.666666666664,49000.55553385417,671460
2020-06-15,64333.33203125,71666.6640625,63266.66796875,64066.66796875,64546.66640625,62626.666796875,55826.666666666664,49196.111100260416,3491988
2020-06-16,68000.0,68000.0,64333.33203125,65400.0,64493.33359375,62753.3333984375,56202.22220052083,49405.0,959142
2020-06-17,65066.66796875,66666.6640625,63266.66796875,64866.66796875,64360.00078125,62893.3333984375,56653.333333333336,49608.888899739584,610576
2020-06-18,65800.0,66266.6640625,64333.33203125,65333.33203125,64533.33359375,63020.0,57044.44440104167,49817.22223307292,431016
2020-06-19,65933.3359375,66000.0,64000.0,64933.33203125,64920.0,63110.0,57422.22213541667,50018.888899739584,387561
2020-06-22,65333.33203125,68000.0,64466.66796875,67000.0,65506.66640625,63336.6666015625,57818.88880208333,50226.666666666664,758823
2020-06-23,68000.0,68333.3359375,65000.0,65600.0,65546.66640625,63523.333203125,58192.22213541667,50427.77776692708,543385
2020-06-24,66000.0,69666.6640625,65333.33203125,68333.3359375,66240.0,63913.3333984375,58535.55553385417,50647.22223307292,915600
2020-06-25,67333.3359375,79000.0,66666.6640625,76000.0,68373.33359375,64630.0,58948.8888671875,50925.0,5522770
2020-06-26,80666.6640625,83000.0,72666.6640625,74000.0,70186.6671875,65266.6666015625,59212.22220052083,51171.111100260416,2437735
2020-06-29,73333.3359375,91333.3359375,72333.3359375,89666.6640625,74720.0,66713.333203125,59766.6666015625,51546.111067708334,8040048
2020-06-30,88666.6640625,91333.3359375,82333.3359375,85666.6640625,78733.3328125,67929.9998046875,60288.88880208333,51891.11103515625,3043260
2020-07-01,86333.3359375,93000.0,82666.6640625,90333.3359375,83133.3328125,69356.6666015625,60899.99993489583,52278.333268229166,4515145
2020-07-02,91333.3359375,91333.3359375,76000.0,81666.6640625,84266.665625,70363.333203125,61361.111002604164,52608.333235677084,3280695
2020-07-03,84000.0,85333.3359375,80333.3359375,84333.3359375,86333.3328125,71436.6666015625,61855.55546875,52949.44436848958,1348239
2020-07-06,85333.3359375,92000.0,82000.0,88000.0,86000.0,72693.333203125,62426.6666015625,53299.44436848958,1706692
2020-07-07,87666.6640625,88333.3359375,84333.3359375,85333.3359375,85933.334375,73676.666796875,62970.0,53641.111067708334,706489
2020-07-08,85000.0,97333.3359375,84666.6640625,93666.6640625,86600.0,75083.3333984375,63634.44440104167,54049.44436848958,2818441
2020-07-09,94333.3359375,98000.0,90333.3359375,94666.6640625,89200.0,76593.333203125,64312.22213541667,54470.55546875,1123692
2020-07-10,94666.6640625,99666.6640625,93000.0,94666.6640625,91266.665625,78176.66640625,64957.777669270836,54892.22210286458,1172382
2020-07-13,95666.6640625,97000.0,92666.6640625,93666.6640625,92399.9984375,79656.6662109375,65603.333203125,55304.99986979167,547605
2020-07-14,95000.0,104000.0,93333.3359375,103666.6640625,96066.6640625,81569.9994140625,66439.9998046875,55793.88873697917,1765671
2020-07-15,102000.0,103000.0,95333.3359375,100000.0,97333.33125,83326.666015625,67225.55533854167,56259.44430338542,1256100
2020-07-16,101666.6640625,108666.6640625,100666.6640625,107333.3359375,99866.665625,85426.6662109375,68134.44427083334,56785.555436197916,1463725
2020-07-17,106333.3359375,110333.3359375,105000.0,109333.3359375,102800.0,87646.66640625,69093.333203125,57328.88880208333,704055
2020-07-20,111333.3359375,119333.3359375,108666.6640625,118666.6640625,107800.0,90229.999609375,70194.44427083334,57961.66656901042,1384320
2020-07-21,113333.3359375,120666.6640625,112000.0,119000.0,110866.6671875,92899.999609375,71313.33313802084,58604.99990234375,1652889
2020-07-22,139666.671875,154666.671875,139666.671875,154666.671875,121800.0015625,97216.66640625,73032.22213541667,59557.22216796875,1964181
2020-07-23,176666.671875,193333.328125,158333.328125,159000.0,132133.334375,101366.66640625,74818.88880208334,60560.555501302086,7501566
2020-07-24,152000.0,206666.671875,149333.328125,187000.0,147666.6671875,107016.66640625,77062.22213541667,61796.6666015625,10310863
2020-07-27,219000.0,233333.328125,201666.671875,206666.671875,165266.66875,112866.666796875,79643.33333333333,63186.66663411458,6955663
2020-07-28,200000.0,213000.0,188666.671875,195000.0,180466.66875,118333.33359375,82054.44446614584,64440.55553385417,1824333
2020-07-29,188333.328125,190333.328125,176333.328125,179000.0,185333.334375,122766.666796875,84174.44446614584,65543.8888671875,1620279
2020-07-30,177333.328125,190000.0,176333.328125,182666.671875,190066.66875,127816.6671875,86343.33346354167,66677.77779947917,1074618
2020-07-31,182000.0,185666.671875,178666.671875,179333.328125,188533.334375,132566.666796875,88448.88893229167,67792.77776692709,497833
2020-08-03,181333.328125,184000.0,166666.671875,179666.671875,183133.334375,137150.000390625,90523.33346354167,68901.66669921875,867625
2020-08-04,182666.671875,200000.0,180333.328125,200000.0,184133.334375,142883.33359375,92952.22233072917,70175.55559895834,1617184
2020-08-05,209666.671875,214666.671875,199666.671875,203333.328125,189000.0,148366.666796875,95447.77779947917,71481.11110026042,1192686
2020-08-06,203666.671875,213333.328125,196333.328125,213000.0,195066.665625,154283.33359375,97944.44446614584,72873.33333333333,810568
2020-08-07,216666.671875,232333.328125,210000.0,226000.0,204400.0,160850.000390625,100627.77779947917,74378.88889973958,1101238
2020-08-10,221333.328125,289000.0,219333.328125,267666.65625,221999.996875,169550.0,103944.4443359375,76236.6666015625,2722771
2020-08-11,267666.65625,276333.34375,256333.328125,267333.34375,235466.665625,177733.333984375,107352.222265625,78092.77779947917,865327
2020-08-12,268000.0,280666.65625,252666.671875,266666.65625,248133.33125,186066.666796875,110762.2220703125,79934.99993489584,717723
2020-08-13,278000.0,302666.65625,273000.0,290666.65625,263666.6625,195233.3328125,114559.99967447917,81984.44430338542,1707915
2020-08-14,294666.65625,310666.65625,253666.671875,257333.328125,269933.328125,202633.332421875,117796.66627604167,83775.55537109375,2903862
2020-08-18,264666.65625,269666.65625,247333.328125,252666.671875,266933.33125,209333.3328125,120966.66634114583,85526.11097005209,981738
2020-08-19,256333.328125,274666.65625,254333.328125,274666.65625,268399.99375,217116.665625,124513.3328125,87472.7775390625,1204705
2020-08-20,271666.65625,276000.0,254666.671875,267666.65625,268599.99375,222766.66484375,127965.5548828125,89369.44410807292,982434
2020-08-21,273333.34375,273666.65625,261666.671875,263666.65625,263199.99375,227999.99765625,131332.22135416666,91247.22180989584,593730
2020-08-24,266666.65625,268333.34375,258333.328125,266666.65625,265066.659375,231983.33046875,134755.5544921875,93136.11061197917,495727
2020-08-25,275000.0,288000.0,271000.0,277666.65625,270066.65625,235533.3296875,138371.10989583333,95111.11051432292,1004632
2020-08-26,275666.65625,279666.65625,268333.34375,276000.0,270333.325,239583.3296875,141948.8876953125,97066.11051432292,573972
2020-08-27,276666.65625,277000.0,267333.34375,268000.0,270399.99375,244033.3296875,145385.55436197916,98955.55494791667,450969
2020-08-28,267000.0,272333.34375,261000.0,262000.0,270066.6625,247999.99609375,148726.66549479167,100802.22161458334,519426
2020-08-31,266666.65625,268666.65625,261666.671875,262333.34375,269200.0,252149.996875,152051.11009114582,102651.66614583334,471562
2020-09-01,266666.65625,286666.65625,261666.671875,276666.65625,269000.0,256999.99609375,155614.44322916667,104612.77718098958,1225623
2020-09-02,274666.65625,285666.65625,274333.34375,277000.0,269200.0,260849.99609375,159136.66549479167,106588.33274739583,504487
2020-09-03,281000.0,282666.65625,275333.34375,276333.34375,270866.66875,264499.996875,162649.9990234375,108574.4439453125,367999
2020-09-04,265000.0,270333.34375,264333.34375,269666.65625,272400.0,267333.3296875,166069.998828125,110529.9994140625,577101
2020-09-07,266000.0,267000.0,257666.671875,262666.65625,272466.6625,269166.6625,169397.77643229166,112417.22154947916,578998
2020-09-08,260000.0,262666.65625,243333.328125,247000.0,266533.33125,268133.3296875,172446.66529947918,114136.66598307292,934614
2020-09-09,214333.328125,226000.0,201333.328125,212000.0,253533.33125,265366.6625,174889.9986328125,115546.11041666666,3577995
2020-09-10,222333.328125,237000.0,218333.328125,230666.671875,244399.996875,263566.66328125,177653.33203125,117153.33268229167,1938264
2020-09-11,232666.671875,237666.671875,225000.0,233000.0,237066.665625,260683.33046875,180447.77649739583,118746.11044921874,659605
2020-09-14,246666.671875,247333.328125,229333.328125,230666.671875,230666.66875,259349.99765625,183209.998828125,120316.11048177084,843073
2020-09-15,228666.671875,242666.671875,224666.671875,242333.328125,229733.334375,258833.33046875,186132.22096354168,121975.5548828125,870238
2020-09-16,240666.671875,242000.0,231333.328125,232000.0,233733.334375,256699.99765625,188905.554296875,123548.88821614583,623694
2020-09-17,233666.671875,236000.0,221666.671875,225333.328125,232666.665625,254583.33125,191522.22083333333,125028.88818359375,438369
2020-09-18,222666.671875,229333.328125,222000.0,224666.671875,231000.0,252633.33203125,193999.99869791666,126474.44378255209,315790
2020-09-21,224666.671875,226000.0,208000.0,211000.0,227066.665625,249849.99921875,196283.33203125,127747.77711588542,693666
2020-09-22,208666.671875,209666.671875,197666.671875,203333.328125,219266.665625,246133.3328125,198177.77643229166,128972.22151692708,614992
2020-09-23,205666.671875,209333.328125,192000.0,203000.0,213466.665625,242483.3328125,200133.33203125,130211.11041666666,575350
2020-09-24,197666.671875,198666.671875,181666.671875,183333.328125,205066.665625,238249.99921875,201683.33190104167,131291.66591796876,729418
2020-09-25,188000.0,213666.671875,184333.328125,200666.671875,200266.665625,235183.3328125,203666.66536458334,132513.88818359375,2116548
2020-09-28,204666.671875,206666.671875,190666.671875,192666.671875,196600.0,231699.99921875,205472.22096354168,133663.88821614583,569025
2020-09-29,194333.328125,201666.671875,193000.0,197666.671875,195466.66875,227750.0,207299.998828125,134863.33271484374,440463
2020-10-05,199666.671875,200666.671875,194666.671875,199333.328125,194733.334375,223866.66640625,209199.99869791666,136084.99934895834,224341
2020-10-06,199333.328125,214333.328125,198333.328125,209666.671875,200000.003125,220533.3328125,211133.33216145833,137383.88828125,729772
2020-10-07,207666.671875,214333.328125,207666.671875,209666.671875,201800.003125,217533.33359375,213049.99895833334,138681.110546875,322674
2020-10-08,213333.328125,239000.0,211666.671875,232666.671875,209800.003125,216033.334375,215349.99908854166,140153.88837890624,1522276
2020-10-12,235000.0,246000.0,230666.671875,237000.0,217666.66875,215533.334375,217738.88802083334,141671.11061197918,733353
2020-10-13,245000.0,245000.0,234000.0,236000.0,225000.003125,216733.334375,219944.44361979168,143192.22171223958,510384
2020-10-14,236333.328125,238333.328125,224666.671875,230666.671875,229200.003125,216733.334375,222122.221484375,144673.88841145832,491328
2020-10-15,231666.671875,239333.328125,229333.328125,237333.328125,234733.334375,216950.00078125,224288.88802083334,146211.66614583333,656283
2020-10-16,237000.0,237666.671875,223666.671875,228000.0,233800.0,216816.6671875,226266.66575520832,147679.99947916667,439866
2020-10-19,231333.328125,235666.671875,218333.328125,226000.0,231600.0,216000.00078125,228055.5546875,149124.99947916667,436162
2020-10-20,221333.328125,224000.0,204000.0,214666.671875,227333.334375,215133.334375,229649.99921875,150481.6661783854,638841
2020-10-21,216333.328125,222666.671875,209000.0,214000.0,224000.0,214566.66796875,230638.88802083334,151835.555078125,429073
2020-10-22,207666.671875,212333.328125,202666.671875,203333.328125,217200.0,213500.00078125,231377.77682291667,153098.3328125,536361
2020-10-23,203000.0,214666.671875,199666.671875,209666.671875,213533.334375,213433.334375,231755.5546875,154408.88841145832,417073
2020-10-26,213666.671875,223333.328125,211666.671875,222666.671875,212866.66875,214400.0015625,232022.22135416666,155832.77734375,531195
2020-10-27,227666.671875,234666.671875,224333.328125,227666.671875,215466.66875,215633.33515625,232566.66588541667,157310.55517578125,585657
2020-10-28,232000.0,236333.328125,227000.0,230666.671875,218800.003125,218000.00234375,233427.77708333332,158801.1107747396,391369
2020-10-29,227000.0,243000.0,224666.671875,242000.0,226533.3375,220066.66875,234416.66588541667,160379.99967447916,1003846
2020-10-30,242666.671875,242666.671875,228666.671875,230666.671875,230733.3375,221966.66875,235272.22161458334,161860.5552734375,707419
2020-11-02,233666.671875,234666.671875,226666.671875,231666.671875,232533.3375,223666.66875,236138.88828125,163331.11087239583,293916
2020-11-03,233333.328125,245000.0,231666.671875,245000.0,236000.003125,225950.00234375,236888.88828125,164920.55530598958,929487
2020-11-04,250333.328125,267333.34375,245666.671875,261333.328125,242133.334375,228533.33515625,237855.55494791668,166651.66637369792,2139783
2020-11-05,263000.0,266333.34375,253333.328125,259666.671875,245666.66875,231033.33515625,238633.3328125,168288.88863932292,857388
2020-11-06,261000.0,274333.34375,256333.328125,272666.65625,254066.665625,233033.334375,239411.11041666666,170019.44410807293,1142176
2020-11-09,285333.34375,303333.34375,281000.0,299666.65625,267666.6625,236166.6671875,239944.44375,171944.44404296874,1762446
2020-11-10,289333.34375,306333.34375,279000.0,304000.0,279466.6625,239566.6671875,240555.5546875,173953.8884765625,1514182
2020-11-11,305333.34375,305333.34375,269333.34375,270000.0,281199.996875,241533.33359375,240611.11041666666,175686.66624348957,1603540
2020-11-12,275666.65625,283333.34375,262666.65625,266333.34375,282533.33125,242983.334375,240205.55520833333,177382.77744140624,918169
2020-11-13,266333.34375,277000.0,248333.328125,268666.65625,281733.33125,245016.6671875,240394.44401041666,179095.55514322917,1114111
2020-11-16,267333.34375,271333.34375,264000.0,266666.65625,275133.33125,247050.0,240627.77708333332,180797.22171223958,377692
2020-11-17,269000.0,285333.34375,268333.34375,282666.65625,270866.6625,250449.99921875,240761.11041666666,182637.22161458334,996910
2020-11-18,292333.34375,297000.0,285666.65625,289000.0,274666.6625,254199.99921875,241116.66614583333,184541.1105143229,897028
2020-11-19,291333.34375,298666.65625,283666.65625,295333.34375,280466.6625,258800.0,241644.44427083334,186488.3328125,685888
2020-11-20,297666.65625,302666.65625,290333.34375,294666.65625,285666.6625,263049.99921875,242111.1109375,188433.33271484374,654504
2020-11-23,297333.34375,300000.0,292000.0,299333.34375,292200.0,266883.3328125,242472.22239583332,190421.66614583333,490503
2020-11-24,300000.0,300000.0,281666.65625,285333.34375,292733.3375,269766.66640625,242627.778125,192288.33291015626,1131438
2020-11-25,287666.65625,289666.65625,274666.65625,277333.34375,290400.00625,272100.0,242783.33385416667,194084.44410807293,865614
2020-11-26,274666.65625,287000.0,271666.65625,277333.34375,286800.00625,273866.6671875,243038.88958333334,195882.7775390625,704905
2020-11-27,268666.65625,289333.34375,267000.0,289333.34375,285733.34375,276800.00078125,243488.88958333334,197769.9998372396,892068
2020-11-30,293000.0,293000.0,281333.34375,284000.0,282666.675,279416.6671875,243611.11197916666,199612.77760416668,1761415
2020-12-01,280666.65625,285000.0,273000.0,274000.0,280400.00625,280866.6671875,243561.11197916666,201348.88873697916,635008
2020-12-02,275333.34375,277000.0,268333.34375,269000.0,278733.3375,281250.00078125,243438.88958333334,203044.44430338542,498072
2020-12-03,272000.0,275666.65625,268000.0,271000.0,277466.66875,281816.6671875,243461.11197916666,204765.55540364582,369925
2020-12-04,269666.65625,269666.65625,260666.671875,261333.328125,271866.665625,281250.00078125,243438.88984375,206418.33313802083,600381
2020-12-07,261666.671875,263666.65625,250000.0,259333.328125,266933.33125,279233.334375,243644.4453125,208045.55530598958,700174
2020-12-08,263333.34375,265000.0,251000.0,251666.671875,262466.665625,276616.66796875,244305.55651041667,209597.77757161457,569983
2020-12-09,254333.328125,261000.0,251666.671875,255333.328125,259733.33125,275883.334375,244716.66744791667,211184.99973958332,376333
2020-12-10,251666.671875,261666.671875,250000.0,258333.328125,257199.996875,275483.33359375,245138.88958333334,212793.33304036458,410373
2020-12-11,258333.328125,259666.671875,254333.328125,255333.328125,255999.996875,274816.6671875,245550.00052083333,214379.99967447916,214408
2020-12-14,255333.328125,257000.0,250000.0,250666.671875,254266.665625,274016.66796875,245688.88958333334,215910.5552734375,249853
2020-12-15,249000.0,250333.328125,241333.328125,248333.328125,253599.996875,272300.0015625,245961.11171875,217433.3330078125,321303
2020-12-16,250666.671875,259666.671875,250666.671875,253333.328125,253199.996875,270516.66796875,246427.77838541666,218974.999609375,387709
2020-12-17,256333.328125,256666.671875,251333.328125,253666.671875,252266.665625,268433.334375,246911.11171875,220455.55520833333,151129
2020-12-18,255333.328125,266000.0,252666.671875,257333.328125,252666.665625,266566.66796875,247683.33385416667,221983.33294270834,554661
2020-12-21,264000.0,269333.34375,260666.671875,268666.65625,256266.6625,265033.33359375,248772.22265625,223474.99954427083,589321
2020-12-22,268666.65625,268666.65625,255666.671875,256666.671875,257933.33125,263600.0,249666.6671875,224899.999609375,399916
2020-12-23,257000.0,259333.328125,251333.328125,252666.671875,257800.0,262366.66640625,250822.22291666668,226252.77740885416,283488
2020-12-24,252333.328125,255000.0,248000.0,251000.0,257266.665625,261049.99921875,251661.11171875,227663.88854166667,206566
2020-12-28,256666.671875,265000.0,250666.671875,252000.0,256200.0,259183.33203125,252650.00052083333,229061.1107421875,592206
2020-12-29,257666.671875,269333.34375,254000.0,267666.65625,256000.0,258366.66484375,253816.66692708334,230558.33287760417,701070
2020-12-30,263000.0,264333.34375,258000.0,261666.671875,257000.0,257749.9984375,254855.55598958334,232027.77734375,524226
2021-01-04,267333.34375,268333.34375,257000.0,264000.0,259266.665625,257499.9984375,255761.11145833333,233447.22180989583,545548
2021-01-05,262000.0,266666.65625,258333.328125,261000.0,261266.665625,256999.9984375,256616.66692708334,234833.33294270834,298476
2021-01-06,260333.328125,263000.0,256666.671875,256666.671875,262200.0,256766.665625,257016.66692708334,236183.3330078125,282006
2021-01-07,257333.328125,260000.0,254333.328125,257000.0,260066.66875,256649.99921875,257350.00026041668,237544.444140625,265938
2021-01-08,259000.0,260666.671875,253333.328125,254666.671875,258666.66875,256799.99921875,257661.11145833333,238802.7775390625,390028
2021-01-11,254000.0,254000.0,240000.0,242000.0,254266.66875,256133.3328125,257850.00026041668,239986.11087239583,576211
2021-01-12,244000.0,247333.328125,239333.328125,240000.0,250066.66875,255216.66640625,257894.44479166667,241091.66640625,220978
2021-01-13,243666.671875,246666.671875,240666.671875,240666.671875,246866.66875,254483.33359375,258105.55598958334,242186.11087239583,177682
2021-01-14,239333.328125,242000.0,234666.671875,237333.328125,242933.334375,253816.66640625,258294.44479166667,243174.99973958332,217720
2021-01-15,237333.328125,241666.671875,231000.0,233000.0,238600.0,253050.0,258600.00026041668,244124.99973958332,294325
2021-01-18,235666.671875,252000.0,234666.671875,250666.671875,240333.334375,252916.6671875,259211.11145833333,244924.99973958332,641583
2021-01-19,254666.671875,262333.34375,245666.671875,261333.328125,244600.0,253300.0,260177.778125,245777.77747395833,626758
2021-01-20,265333.34375,270000.0,250333.328125,263000.0,249066.665625,253583.33359375,261066.66692708334,246411.11080729167,1200631
2021-01-21,274666.65625,281666.65625,266333.34375,279333.34375,257466.66875,254116.66796875,262011.11145833333,247016.66640625,1333023
2021-01-22,283000.0,286000.0,271333.34375,273666.65625,265600.0,254966.6671875,262777.77786458336,247672.221875,572388
2021-01-25,279333.34375,284333.34375,275000.0,276000.0,270666.665625,256133.33359375,263533.3333333333,248480.55520833333,363862
2021-01-26,283000.0,299666.65625,280000.0,293000.0,277000.0,258233.33359375,264383.3333333333,249399.999609375,1348963
2021-01-27,289333.34375,295666.65625,263666.65625,275000.0,279400.0,259383.33359375,265122.22213541664,250197.221875,983670
2021-01-28,266333.34375,283333.34375,265333.34375,277666.65625,279066.6625,259883.33359375,265888.8885416667,251013.88841145832,395128
2021-01-29,299333.34375,299333.34375,275666.65625,280666.65625,280466.6625,260833.3328125,266483.3328125,251686.110546875,943575
2021-02-01,288666.65625,295000.0,277666.65625,293000.0,283866.6625,262283.3328125,267011.1106770833,252433.3328125,672510
2021-02-02,290666.65625,294333.34375,283666.65625,290333.34375,283333.33125,263750.0,267522.221875,253077.77734375,582174
2021-02-03,293666.65625,311333.34375,286000.0,308333.34375,290000.0,266333.33359375,268116.6666666667,253763.88854166667,1092066
2021-02-04,304666.65625,305000.0,289666.65625,295333.34375,293533.3375,268250.00078125,268044.44479166664,253994.44427083334,675195
2021-02-05,293666.65625,298333.34375,282000.0,282000.0,293800.00625,269616.6671875,267677.778125,254116.66640625,651063
2021-02-08,278666.65625,283000.0,270666.65625,280000.0,291200.00625,271516.6671875,267844.44479166664,254227.77760416668,462027
2021-02-09,281666.65625,284000.0,274000.0,274333.34375,288000.00625,273233.334375,267977.778125,254091.66666666666,295254
2021-02-10,271666.65625,276333.34375,260666.671875,267000.0,279733.3375,274550.00078125,267950.00052083336,254172.222265625,630822
2021-02-15,266333.34375,266333.34375,258333.328125,260666.671875,272800.003125,275716.66796875,267850.00078125,254238.88893229168,363040
2021-02-16,262666.65625,268000.0,260666.671875,261000.0,268600.003125,277116.66796875,267488.88984375,254125.00013020833,376719
2021-02-17,262333.34375,262666.65625,252333.328125,254000.0,263400.003125,277283.334375,266905.5565104167,254011.111328125,385732
2021-02-18,252000.0,257666.671875,246000.0,246333.328125,257800.0,276533.334375,266088.88958333334,253866.66692708334,346084
2021-02-19,246333.328125,251000.0,234000.0,250333.328125,254466.665625,275900.00078125,265350.00078125,253730.555859375,544279
2021-02-22,253666.671875,253666.671875,238666.671875,241000.0,250533.33125,273983.33359375,264377.77838541666,253425.000390625,305841
2021-02-23,240000.0,248333.328125,234666.671875,244333.328125,247199.996875,272516.6671875,263694.44479166664,253161.11145833333,330567
2021-02-24,246000.0,260333.328125,244333.328125,256666.671875,247733.33125,271550.00078125,263350.00026041665,253066.66705729166,606399
2021-02-25,262000.0,264666.65625,254000.0,257000.0,249866.665625,269750.00078125,263011.1111979167,253025.000390625,314718
2021-02-26,249333.328125,252666.671875,245333.328125,251333.328125,250066.665625,268566.6671875,262377.77760416665,252933.33359375,273051
2021-03-02,256000.0,256000.0,241666.671875,243666.671875,250600.0,266866.66796875,261705.55546875,252658.33372395832,283954
2021-03-03,242333.328125,246000.0,229000.0,231333.328125,248000.0,264400.0015625,260994.44427083334,252277.778125,535948
2021-03-04,229000.0,229333.328125,209000.0,210333.328125,238733.33125,260266.66796875,260016.66640625,251727.77799479166,918078
2021-03-05,205333.328125,214666.671875,202333.328125,210000.0,229333.33125,256250.00078125,258999.99973958332,251230.555859375,623623
2021-03-08,212666.671875,213000.0,196666.671875,196666.671875,218400.0,250666.6671875,257922.22213541667,250680.55598958334,602956
2021-03-09,197000.0,202000.0,187666.671875,192333.328125,208133.33125,245516.66640625,256805.55546875,250225.000390625,583386
2021-03-10,194333.328125,196000.0,184333.328125,184666.671875,198800.0,240650.0,255688.88880208333,249997.22265625,656151
2021-03-11,185666.671875,189000.0,179666.671875,182666.671875,193266.66875,235783.33359375,254477.77786458333,249597.22265625,598972
2021-03-12,186333.328125,203666.671875,185333.328125,202333.328125,191733.334375,232183.3328125,253544.44453125,249341.66705729166,1099413
2021-03-15,203000.0,203333.328125,195333.328125,199666.671875,192333.334375,228816.66640625,252616.66692708334,249083.33372395832,357903
2021-03-16,200000.0,202000.0,194000.0,199333.328125,193733.334375,225749.99921875,251761.11119791667,248725.000390625,392838
2021-03-17,201666.671875,212000.0,198666.671875,212000.0,199200.0,223299.99921875,251155.55572916666,248558.33372395832,725178
2021-03-18,221000.0,221333.328125,200000.0,200666.671875,202800.0,220633.3328125,250277.778125,248352.77825520834,1185445
2021-03-19,195333.328125,197333.328125,190000.0,193333.328125,201000.0,217983.3328125,249272.22239583332,248091.66705729166,722691
2021-03-22,193333.328125,193333.328125,183333.328125,183333.328125,197733.33125,214633.3328125,248038.8890625,247861.11145833333,346284
2021-03-23,185000.0,189666.671875,182000.0,182333.328125,194333.33125,211699.99921875,246600.00026041668,247686.11145833333,301855
2021-03-24,180333.328125,182666.671875,177000.0,178000.0,187533.33125,208383.3328125,245288.8890625,247477.778125,216582
2021-03-25,178000.0,181333.328125,174333.328125,176666.671875,182733.33125,204383.3328125,244022.22239583332,247422.22265625,229506
2021-03-26,177333.328125,181666.671875,176000.0,180000.0,180066.665625,200533.3328125,242838.8890625,247250.000390625,177664
2021-03-29,180000.0,180000.0,172000.0,172333.328125,177866.665625,196583.3328125,241511.11119791667,247080.555859375,300775
2021-03-30,173666.671875,176000.0,171333.328125,173666.671875,176133.334375,193083.3328125,239944.44479166667,246880.555859375,191262
2021-03-31,176000.0,176000.0,166666.671875,167000.0,173933.334375,189866.66640625,238366.66692708334,246611.11145833333,379000
2021-04-01,167000.0,174333.328125,163666.671875,171000.0,172800.0,187900.0,236816.66692708334,246288.88919270833,332541
2021-04-02,173000.0,177333.328125,172666.671875,176666.671875,172133.334375,186233.33359375,235411.11145833333,246013.88919270833,210790
2021-04-05,178333.328125,179000.0,172000.0,172666.671875,172200.003125,185033.33359375,234011.11145833333,245513.88919270833,181791
2021-04-06,173333.328125,173666.671875,166333.328125,167333.328125,170933.334375,183783.33359375,232516.66692708334,244933.33359375,248317
2021-04-07,164666.671875,168333.328125,161333.328125,166666.671875,170866.66875,182883.33359375,231050.00026041668,244355.555859375,227320
2021-04-08,166666.671875,172333.328125,163000.0,170000.0,170666.66875,182250.0,229850.00026041668,243850.00026041668,329671
2021-04-09,171333.328125,175666.671875,169000.0,173333.328125,170000.0,180800.0,228738.8890625,243316.66692708334,234120
2021-04-12,176333.328125,179333.328125,174000.0,175666.671875,170600.0,179600.0,227655.55572916666,242880.555859375,233716
2021-04-13,179333.328125,184666.671875,178666.671875,184000.0,173933.334375,178833.33359375,226766.66692708334,242530.555859375,389433
2021-04-14,185000.0,187666.671875,180666.671875,184666.671875,177533.334375,177466.6671875,225961.11145833333,242280.555859375,236326
2021-04-15,185333.328125,185666.671875,181666.671875,183000.0,180133.334375,176583.33359375,224833.33359375,242022.22252604167,128590
2021-04-16,183333.328125,184666.671875,180000.0,183333.328125,182133.334375,176083.33359375,223533.33359375,241855.555859375,163821
2021-04-19,182666.671875,187666.671875,180333.328125,186666.671875,184333.334375,176250.00078125,222261.11145833333,241663.88919270833,232495
2021-04-20,187333.328125,188333.328125,185666.671875,186333.328125,184800.0,176450.00078125,220711.11119791667,241361.111328125,137728
2021-04-21,185333.328125,187333.328125,182666.671875,186666.671875,185200.0,176883.334375,219261.11145833333,241019.44466145834,165405
2021-04-22,188000.0,195000.0,187666.671875,191333.328125,186866.665625,177616.6671875,217850.00026041668,240691.666796875,391567
2021-04-23,191666.671875,192000.0,187666.671875,191333.328125,188466.665625,178183.33359375,216155.55572916666,240269.44453125,138876
2021-04-26,193000.0,194333.328125,190000.0,190000.0,189133.33125,179066.6671875,214738.8890625,239930.55559895834,164752
2021-04-27,192666.671875,192666.671875,188333.328125,190666.671875,190000.0,179916.6671875,213288.88932291666,239588.88893229168,135259
2021-04-28,191666.671875,197000.0,188000.0,189666.671875,190600.0,181050.00078125,211772.22291666668,239127.77786458333,258655
2021-04-29,189333.328125,189333.328125,177666.671875,178666.671875,188066.66875,181433.334375,209866.66744791667,238438.8890625,313387
2021-04-30,180000.0,181000.0,176000.0,177666.671875,185333.3375,181483.334375,207988.88958333334,237755.55572916666,115822
2021-05-03,176333.328125,177666.671875,169000.0,170000.0,181333.3375,181350.00078125,205683.33385416667,236900.00026041668,185427
2021-05-04,166666.671875,170333.328125,164333.328125,170000.0,177200.003125,181483.334375,203594.44479166667,235819.44479166667,173226
2021-05-06,170000.0,172000.0,167333.328125,170666.671875,173400.003125,181683.334375,201738.88932291666,234708.33372395832,104943
2021-05-07,169000.0,172000.0,169000.0,170333.328125,171733.334375,181700.00078125,199911.11145833333,233877.778125,104217
2021-05-10,177333.328125,185000.0,175666.671875,182333.328125,172666.665625,182150.00078125,198377.77786458333,233177.77799479166,353703
2021-05-11,182666.671875,185333.328125,173666.671875,174000.0,173466.665625,182066.6671875,196827.77786458333,232388.88919270833,268768
2021-05-12,174333.328125,174666.671875,167000.0,168000.0,173066.665625,181266.6671875,195283.33333333334,231566.66705729166,258790
2021-05-13,163666.671875,169666.671875,163333.328125,166666.671875,172266.665625,180366.6671875,193711.11119791667,230600.00052083333,145972
2021-05-14,167666.671875,170333.328125,167666.671875,169666.671875,172133.334375,179700.00078125,192305.55572916666,229605.55611979167,92589
2021-05-17,170666.671875,175000.0,170666.671875,171333.328125,169933.334375,179100.00078125,191055.55572916666,228572.22265625,99552
2021-05-18,171000.0,175333.328125,170666.671875,170666.671875,169266.66875,178300.00078125,189727.778125,227538.889453125,95940
2021-05-20,171000.0,171000.0,166000.0,167333.328125,169133.334375,177350.00078125,188500.00026041668,226438.88932291666,139800
2021-05-21,168000.0,170000.0,167333.328125,167666.671875,169333.334375,176400.00078125,187222.22265625,225458.33372395832,63238
2021-05-24,169333.328125,169666.671875,163333.328125,164000.0,168200.0,175033.334375,185677.778125,224513.88919270833,119304
2021-05-25,163666.671875,165666.671875,163666.671875,165666.671875,167066.66875,173750.0015625,184155.55598958334,223583.33359375,80721
2021-05-26,165333.328125,167000.0,164666.671875,165666.671875,166066.66875,172533.33515625,182727.77838541666,222552.77799479166,88032
2021-05-27,166333.328125,166333.328125,159666.671875,162000.0,165000.003125,171100.0015625,181366.6671875,221536.111328125,219642
2021-05-28,162333.328125,169666.671875,160000.0,169000.0,165266.66875,170066.66796875,180327.77838541666,220661.111328125,188556
2021-05-31,169333.328125,170333.328125,167666.671875,169000.0,166266.66875,169583.334375,179638.88958333334,219827.77799479166,87642
2021-06-01,170000.0,171000.0,168000.0,170000.0,167133.334375,169200.00078125,178972.22291666668,218986.111328125,68845
2021-06-02,170000.0,172000.0,167666.671875,171000.0,168200.0,169250.00078125,178544.44505208332,218233.33359375,90892
2021-06-03,171666.671875,174666.671875,171333.328125,172666.671875,170333.334375,169383.334375,178216.66744791667,217511.11145833333,121135
2021-06-04,173000.0,173333.328125,169000.0,170333.328125,170600.0,169366.6671875,177977.77838541666,216833.33359375,79743
2021-06-07,170666.671875,171666.671875,168666.671875,169000.0,170600.0,169300.00078125,177750.00052083333,216113.88919270833,70741
2021-06-08,170666.671875,172666.671875,170666.671875,171333.328125,170866.665625,168750.00078125,177233.33385416667,215388.88919270833,77853
2021-06-09,171666.671875,173333.328125,168000.0,168666.671875,170400.0,168483.334375,176716.6671875,214666.66705729166,103386
2021-06-10,168666.671875,176666.671875,168666.671875,176000.0,171066.665625,168883.334375,176327.77838541666,214044.44479166667,220501
2021-06-11,176666.671875,177333.328125,174000.0,174333.328125,171866.665625,169266.6671875,175700.00052083333,213427.778125,102484
2021-06-14,175000.0,177000.0,174333.328125,176666.671875,173400.0,169616.6671875,175300.00052083333,212788.88932291666,73174
2021-06-15,178000.0,181000.0,171666.671875,173666.671875,173866.66875,169733.334375,174972.22291666668,212122.22265625,209800
2021-06-16,174000.0,175000.0,171333.328125,174333.328125,175000.0,169916.6671875,174822.22291666668,211430.55598958334,57306
2021-06-17,173333.328125,183666.671875,172333.328125,183000.0,176400.0,170700.00078125,174833.33411458333,210716.6671875,367339
2021-06-18,183666.671875,184333.328125,180000.0,180333.328125,177600.0,171333.33359375,174872.22291666668,210080.55598958334,143832
2021-06-21,179666.671875,180333.328125,176333.328125,179333.328125,178133.33125,172100.0,174916.6671875,209469.44479166667,110197
2021-06-22,180000.0,181333.328125,176000.0,177000.0,178799.996875,172666.66640625,174866.6671875,208852.778125,125781
2021-06-23,177000.0,181000.0,175333.328125,178666.671875,179666.665625,173316.66640625,174972.22291666668,208241.66705729166,158776
2021-06-24,179333.328125,181000.0,175333.328125,175333.328125,178133.33125,173983.3328125,175000.00052083333,207472.22265625,138273
2021-06-25,175666.671875,176000.0,172666.671875,174000.0,176866.665625,174233.3328125,175116.6671875,206741.66705729166,118375
2021-06-28,174000.0,174666.671875,172333.328125,173666.671875,175733.334375,174466.66640625,175161.11171875,205988.88932291666,77118
2021-06-29,175000.0,176333.328125,173000.0,174333.328125,175200.0,174683.3328125,175122.22265625,205266.66705729166,94497
2021-06-30,174333.328125,174666.671875,172666.671875,173333.328125,174133.33125,174799.99921875,175133.33359375,204572.22252604167,77500
2021-07-01,172666.671875,173000.0,170000.0,172666.671875,173600.0,174799.99921875,175222.22265625,203869.44479166667,122487
2021-07-02,172000.0,172333.328125,170333.328125,171000.0,173000.0,174833.3328125,175294.44479166667,203172.22252604167,67834
2021-07-05,170666.671875,173666.671875,170333.328125,173000.0,172866.665625,175033.3328125,175344.44479166667,202597.22252604167,75586
2021-07-06,173666.671875,174333.328125,172000.0,173000.0,172600.0,175116.66640625,175338.88932291666,202038.88919270833,60055
2021-07-07,172333.328125,173000.0,170000.0,171000.0,172133.334375,175233.3328125,175261.11145833333,201458.33359375,83338
2021-07-08,171000.0,171000.0,167333.328125,167333.328125,171066.665625,174799.99921875,174983.33359375,200875.00026041668,135694
2021-07-09,166333.328125,166333.328125,163333.328125,164666.671875,169800.0,174316.66640625,174650.00026041668,200305.555859375,110971
2021-07-12,164666.671875,166666.671875,164000.0,165000.0,168200.0,173733.3328125,174350.00026041668,199591.66692708334,57154
2021-07-13,165000.0,167000.0,165000.0,166000.0,166800.0,173349.99921875,174061.11145833333,198797.22252604167,57903
2021-07-14,166666.671875,172333.328125,166333.328125,171333.328125,166866.665625,173199.99921875,173805.55572916666,198033.33359375,141607
2021-07-15,171333.328125,173000.0,169333.328125,170333.328125,167466.665625,172566.665625,173538.8890625,197125.00013020833,63708
2021-07-16,169333.328125,171000.0,168333.328125,169000.0,168333.33125,171999.99921875,173244.44453125,196252.77799479166,63753
2021-07-19,168000.0,169333.328125,167333.328125,168666.671875,169066.665625,171466.66640625,172866.66692708334,195358.33359375,54835
2021-07-20,167333.328125,170333.328125,167333.328125,167666.671875,169400.0,171000.0,172472.22265625,194313.88919270833,59976
2021-07-21,169333.328125,169666.671875,165666.671875,166333.328125,168400.0,170383.3328125,172077.778125,193408.33359375,63466
2021-07-22,167000.0,167000.0,165666.671875,166666.671875,167666.66875,169950.0,171677.778125,192483.33372395832,39222
2021-07-23,166666.671875,167666.671875,166000.0,167333.328125,167333.334375,169616.66640625,171305.55572916666,191538.88932291666,48672
2021-07-26,167666.671875,167666.671875,164000.0,164333.328125,166466.665625,169149.99921875,171066.66666666666,190466.66705729166,64201
2021-07-27,164666.671875,166000.0,164000.0,164333.328125,165799.996875,168649.99921875,170844.44427083334,189416.66692708334,63186
2021-07-28,163666.671875,164333.328125,162333.328125,162666.671875,165066.665625,168116.66640625,170722.22213541667,188202.77799479166,87094
2021-07-29,162333.328125,163666.671875,161000.0,161333.328125,163999.996875,167549.99921875,170577.77760416668,187086.11119791667,63439
2021-07-30,160333.328125,161666.671875,158000.0,158000.0,162133.33125,166899.99921875,170366.66640625,186052.77786458333,124686
2021-08-02,158000.0,168666.671875,157000.0,167666.671875,162800.0,166633.3328125,170322.22213541667,185116.666796875,236848
2021-08-03,168666.671875,173333.328125,165000.0,173333.328125,164600.0,166649.99921875,170172.22213541667,184275.0,232671
2021-08-04,173333.328125,173666.671875,170000.0,173666.671875,166800.0,166783.3328125,170166.66666666666,183497.222265625,95878
2021-08-05,174000.0,178666.671875,170666.671875,171000.0,168733.334375,166966.66640625,170216.66666666666,182750.0,316893
2021-08-06,174333.328125,178666.671875,173666.671875,178666.671875,172866.66875,167666.66640625,170416.66666666666,182063.88893229168,406233
2021-08-09,180000.0,180333.328125,171000.0,171333.328125,173600.0,167983.3328125,170444.44427083334,181375.0,296818
2021-08-10,174000.0,216666.671875,173000.0,196666.671875,178266.66875,169516.66640625,170866.66666666666,180961.11119791667,6198789
2021-08-11,200000.0,209333.328125,194000.0,202333.328125,184000.0,171066.66640625,171394.44427083334,180561.11119791667,1555599
2021-08-12,200666.671875,203666.671875,188666.671875,195333.328125,188866.665625,172316.66640625,171861.1109375,180180.55559895834,862315
2021-08-13,193333.328125,203666.671875,191333.328125,197333.328125,192599.996875,173733.3328125,172355.55520833333,179788.88893229168,792922
2021-08-17,196000.0,214000.0,196000.0,199666.671875,198266.665625,175283.3328125,172949.99973958332,179313.88893229168,1827457
2021-08-18,204666.671875,205666.671875,191333.328125,192000.0,197333.33125,176499.99921875,173388.88854166667,178772.222265625,691132
2021-08-19,191666.671875,199666.671875,188666.671875,190666.671875,195000.0,177716.66640625,173805.55520833333,178266.666796875,556365
2021-08-20,191333.328125,195333.328125,180000.0,185000.0,192933.334375,178633.3328125,174188.88854166667,177777.77786458333,467220
2021-08-23,186666.671875,199666.671875,186000.0,197000.0,192866.66875,180116.66640625,174655.55520833333,177491.666796875,670215
2021-08-24,198666.671875,199000.0,185333.328125,185333.328125,190000.0,181166.66640625,174927.77734375,177283.33346354167,605407
2021-08-25,185333.328125,188000.0,178666.671875,186666.671875,188933.334375,182283.33359375,175205.55520833333,177088.8890625,341028
2021-08-26,184666.671875,187666.671875,182000.0,182666.671875,187333.334375,183283.33359375,175399.99973958332,176972.22239583332,237226
2021-08-27,182666.671875,183000.0,176333.328125,178333.328125,186000.0,184133.33359375,175494.44401041666,176855.55572916666,254175
2021-08-30,178333.328125,180000.0,174666.671875,177666.671875,182133.334375,185116.6671875,175616.66640625,176797.22239583332,201423
2021-08-31,180000.0,183333.328125,178000.0,180000.0,181066.66875,185733.33359375,175799.99973958332,176775.00013020833,261945
2021-09-01,180333.328125,182333.328125,178333.328125,179333.328125,179600.0,186033.33359375,175933.33307291666,176583.33346354167,378015
2021-09-02,181666.671875,186666.671875,180333.328125,181666.671875,179400.0,186433.33359375,176149.99973958332,176433.33346354167,239956
2021-09-03,184333.328125,190000.0,182333.328125,185333.328125,180800.0,187150.0,176305.55520833333,176316.666796875,331308
2021-09-06,187333.328125,187333.328125,181000.0,181333.328125,181533.33125,187283.3328125,176422.221875,176061.11119791667,162757
2021-09-07,181333.328125,183333.328125,178000.0,178000.0,181133.33125,187616.66640625,176444.44401041666,175872.222265625,141838
2021-09-08,177000.0,195666.671875,176000.0,193666.671875,184000.0,187466.66640625,176777.77734375,175875.00013020833,903387
2021-09-09,197333.328125,206000.0,191000.0,202333.328125,188133.33125,187466.66640625,177244.44401041666,176033.33346354167,1077030
2021-09-10,202000.0,207333.328125,199000.0,200666.671875,191200.0,187733.33359375,177538.88854166667,176186.111328125,403411
2021-09-13,204000.0,222000.0,201666.671875,219666.671875,198866.66875,188850.00078125,178194.44427083334,176533.33359375,1106800
2021-09-14,212000.0,215666.671875,195000.0,197333.328125,202733.334375,188733.33359375,178494.44427083334,176705.55572916666,1185658
2021-09-15,200333.328125,204666.671875,198000.0,199000.0,203800.0,189083.33359375,178861.1109375,176863.8890625,382183
2021-09-16,201333.328125,201666.671875,195666.671875,198333.328125,203000.0,189466.66640625,179188.88854166667,177080.55572916666,226765
2021-09-17,194333.328125,195666.671875,190333.328125,192000.0,201266.665625,189816.66640625,179466.66640625,177233.33346354167,264306
2021-09-23,189000.0,194666.671875,185000.0,193000.0,195933.33125,189616.66640625,179783.33307291666,177450.00013020833,209010
2021-09-24,195000.0,198333.328125,188666.671875,188666.671875,194200.0,189783.33359375,180033.33307291666,177597.22239583332,225811
2021-09-27,188666.671875,191333.328125,184666.671875,185333.328125,191466.665625,189716.66640625,180216.66640625,177669.44453125,149254
2021-09-28,186666.671875,186666.671875,179666.671875,181000.0,188000.0,189633.3328125,180344.44427083334,177738.88893229168,218532
2021-09-29,175333.328125,181000.0,174000.0,178666.671875,185333.334375,189650.0,180444.44427083334,177833.33346354167,274810
2021-09-30,179000.0,192000.0,176666.671875,189333.328125,184600.0,190233.3328125,180749.99973958332,178022.222265625,419934
2021-10-01,190666.671875,200000.0,189000.0,196000.0,186066.665625,191033.3328125,181133.33307291666,178238.88893229168,486502
2021-10-05,190666.671875,192666.671875,175333.328125,176666.671875,184333.334375,190900.0,181194.44427083334,178266.666796875,599820
2021-10-06,180000.0,188000.0,172666.671875,180333.328125,184200.0,190833.3328125,181349.99973958332,178305.55559895834,534558
2021-10-07,181333.328125,194666.671875,178333.328125,194333.328125,187333.33125,191283.3328125,181799.99973958332,178391.66666666666,606631
2021-10-08,218000.0,219333.328125,198666.671875,200333.328125,189533.33125,192233.3328125,182394.44401041666,178522.22213541667,1728589
2021-10-12,197000.0,213000.0,197000.0,208666.671875,192066.665625,193766.66640625,183122.221875,178736.11106770832,613678
2021-10-13,208666.671875,212666.671875,205000.0,210000.0,198733.33125,194583.3328125,183855.55520833333,178958.33333333334,311053
2021-10-14,208000.0,214666.671875,208000.0,209333.328125,204533.33125,194933.3328125,184488.88854166667,179147.22213541667,231193
2021-10-15,211666.671875,218000.0,208333.328125,213666.671875,208400.0,195583.3328125,185211.1109375,179375.0,363144
2021-10-18,214666.671875,227333.328125,212666.671875,224333.328125,213200.0,195816.665625,186133.33307291666,179688.88880208333,513733
2021-10-19,227000.0,228666.671875,213000.0,213666.671875,214200.0,196633.3328125,186883.33307291666,179875.0,543862
2021-10-20,212000.0,216000.0,207333.328125,208333.328125,213866.665625,197099.99921875,187561.11067708334,180016.66666666666,454690
2021-10-21,210500.0,211000.0,199000.0,200000.0,212000.0,197183.3328125,188122.221875,180100.0,280487
2021-10-22,199000.0,199500.0,189000.0,190000.0,207266.665625,197083.3328125,188511.11067708334,180094.44440104166,281218
2021-10-25,189000.0,192500.0,185000.0,190500.0,200500.0,196958.3328125,188897.221875,180101.38880208333,182384
2021-10-26,191000.0,192000.0,186500.0,188500.0,195466.665625,196949.99921875,189299.99973958332,180183.333203125,172339
2021-10-27,188500.0,190500.0,187000.0,187000.0,191200.0,197033.3328125,189677.77760416668,180261.1109375,121362
2021-10-28,188000.0,190500.0,185500.0,186000.0,188400.0,197283.3328125,190066.66640625,180394.44427083334,134249
2021-10-29,187000.0,188500.0,179500.0,180000.0,186400.0,197349.99921875,190377.77760416668,180477.77760416668,143497
2021-11-01,178500.0,182000.0,176000.0,179500.0,184200.0,196858.3328125,190736.1109375,180551.388671875,109572
2021-11-02,183000.0,189000.0,181000.0,181500.0,182800.0,196133.3328125,190966.66640625,180644.44427083334,153023
2021-11-03,184000.0,184000.0,178500.0,181500.0,181700.0,196374.99921875,191102.77760416668,180637.49986979167,106187
2021-11-04,184000.0,184500.0,178000.0,178000.0,180100.0,196258.3328125,191174.99973958332,180670.833203125,105139
2021-11-05,176500.0,177500.0,173500.0,174000.0,178900.0,195241.66640625,191224.99973958332,180720.833203125,106823
2021-11-08,170500.0,171000.0,165000.0,169000.0,176800.0,193675.0,191063.88854166667,180740.27760416668,194057
2021-11-09,165000.0,167000.0,158000.0,158500.0,172200.0,191166.66640625,190849.99973958332,180647.22200520834,454731
2021-11-10,156000.0,160000.0,151000.0,151500.0,166200.0,188241.66640625,190097.221875,180481.94427083334,322990
2021-11-11,151000.0,155500.0,144500.0,147000.0,160000.0,185125.0,189174.99973958332,180284.72200520834,365048
2021-11-12,148000.0,153000.0,147000.0,151000.0,155400.0,181991.66640625,188436.1109375,180148.6109375,207543
2021-11-15,151000.0,155000.0,149000.0,152500.0,152100.0,178400.0,187688.88880208333,180022.22200520834,151860
2021-11-16,152000.0,155000.0,150000.0,150500.0,150500.0,175241.66640625,186869.44427083334,179909.72200520834,129238
2021-11-17,150500.0,150500.0,145500.0,147500.0,149700.0,172200.0,186127.77760416668,179758.33307291666,181165
2021-11-18,147000.0,147000.0,143500.0,144000.0,149100.0,169400.0,185349.99973958332,179577.77747395833,131264
2021-11-19,144000.0,149000.0,142000.0,145500.0,148000.0,167175.0,184691.66640625,179440.27747395833,139740
2021-11-22,145000.0,150500.0,145000.0,150000.0,147500.0,165150.0,183908.33307291666,179281.944140625,137945
2021-11-23,150000.0,150000.0,146500.0,146500.0,146700.0,163050.0,183261.1109375,179094.444140625,106749
2021-11-24,147000.0,151500.0,145000.0,146500.0,146500.0,161025.0,182591.66640625,178898.61080729167,112795
2021-11-25,146000.0,147500.0,145500.0,146000.0,146900.0,159025.0,181980.55520833333,178690.27747395833,58560
2021-11-26,145000.0,153500.0,145000.0,150500.0,147900.0,157550.0,181516.66640625,178505.55520833333,212999
2021-11-29,149500.0,154000.0,144500.0,145500.0,147000.0,155850.0,180980.55520833333,178298.61080729167,220654
2021-11-30,145500.0,146500.0,139000.0,139000.0,145500.0,153725.0,180297.221875,178048.61080729167,214575
2021-12-01,139500.0,144500.0,136000.0,141500.0,144500.0,151725.0,179666.66640625,177799.99973958332,170870
2021-12-02,139000.0,142500.0,139000.0,142500.0,143800.0,149950.0,179013.88854166667,177581.944140625,95828
2021-12-03,142500.0,146000.0,139500.0,144500.0,142600.0,148475.0,178333.33307291666,177319.444140625,90059
2021-12-06,144000.0,148000.0,142000.0,147000.0,142900.0,147375.0,177761.1109375,177091.66640625,84124
2021-12-07,146500.0,146500.0,142000.0,143000.0,143700.0,146600.0,177177.77760416668,176811.11080729167,116382
2021-12-08,146000.0,149500.0,144500.0,145500.0,144500.0,146300.0,176374.99973958332,176576.38854166667,147238
2021-12-09,145500.0,148000.0,144500.0,146500.0,145300.0,146275.0,175444.44427083334,176344.444140625,91111
2021-12-10,148000.0,151500.0,146500.0,148000.0,146000.0,146125.0,174566.66640625,176052.77747395833,120748
2021-12-13,147000.0,150500.0,147000.0,147500.0,146100.0,145875.0,173363.88854166667,175779.16640625,80322
2021-12-14,147000.0,150500.0,147000.0,149000.0,147300.0,145800.0,172558.33307291666,175526.388671875,82148
2021-12-15,148500.0,149500.0,147500.0,147500.0,147700.0,145800.0,171699.99973958332,175280.55533854166,48289
2021-12-16,148500.0,150000.0,147500.0,148000.0,148000.0,146000.0,170861.1109375,175024.99973958332,60815
2021-12-17,150500.0,165500.0,149500.0,161000.0,150600.0,146775.0,170344.44427083334,174905.55533854166,663478
2021-12-20,162000.0,163000.0,155500.0,157000.0,152500.0,147125.0,169744.44427083334,174763.888671875,235387
2021-12-21,157000.0,158500.0,150000.0,157500.0,154200.0,147675.0,169224.99973958332,174629.16640625,221429
2021-12-22,157000.0,157500.0,151000.0,151500.0,155000.0,147925.0,168661.1109375,174438.888671875,162123
2021-12-23,153000.0,156000.0,149500.0,151500.0,155700.0,148200.0,168169.44427083334,174256.94427083334,162045
2021-12-24,151500.0,155500.0,151500.0,153000.0,154100.0,148325.0,167741.66640625,174093.05533854166,105301
2021-12-27,153000.0,155000.0,152000.0,153500.0,153400.0,148725.0,167144.44427083334,173947.22200520834,68795
2021-12-28,154500.0,155500.0,152500.0,155500.0,153000.0,149550.0,166469.44427083334,173801.388671875,108567
2021-12-29,153000.0,153500.0,149500.0,151500.0,153000.0,150050.0,166049.99973958332,173622.22200520834,86913
2021-12-30,151500.0,151500.0,148000.0,149000.0,152500.0,150375.0,165527.77760416668,173438.888671875,79194
2022-01-04,147500.0,148500.0,145500.0,146500.0,151200.0,150475.0,164730.55546875,173265.27760416668,68155
2022-01-05,146500.0,146500.0,143500.0,144500.0,149400.0,150350.0,163800.0,173097.22200520834,93415
2022-01-06,141500.0,144500.0,139000.0,139500.0,146200.0,150175.0,162647.22213541667,172884.72200520834,136208
2022-01-07,139000.0,145500.0,139000.0,145500.0,145000.0,150175.0,161572.22213541667,172713.888671875,78238
2022-01-10,146500.0,147000.0,143500.0,145500.0,144300.0,150125.0,160508.33333333334,172498.6109375,55366
2022-01-11,145500.0,151500.0,145500.0,147000.0,144400.0,150075.0,159397.22213541667,172304.16653645833,96021
2022-01-12,149000.0,155500.0,148000.0,152500.0,146000.0,150325.0,158200.0,172166.66653645833,180809
2022-01-13,153000.0,153500.0,149000.0,149000.0,147900.0,150325.0,157122.22213541667,172002.77760416668,93698
2022-01-14,147500.0,147500.0,145000.0,147000.0,148200.0,150300.0,156100.0,171830.55533854166,63241
2022-01-17,145500.0,146500.0,140500.0,142000.0,147500.0,150000.0,155133.33333333334,171627.77760416668,70396
2022-01-18,141000.0,143500.0,139500.0,141000.0,146300.0,149000.0,154316.66666666666,171413.888671875,57135
2022-01-19,138500.0,142000.0,138000.0,138500.0,143500.0,148075.0,153450.0,171173.6109375,68501
2022-01-20,138000.0,144500.0,137000.0,144000.0,142500.0,147400.0,152708.33333333334,171004.16653645833,60080
2022-01-21,143000.0,144500.0,141500.0,142500.0,141600.0,146950.0,151966.66666666666,170822.22213541667,40637
2022-01-24,140500.0,141500.0,137000.0,139500.0,141100.0,146350.0,151191.66666666666,170629.16653645833,64250
2022-01-25,138000.0,139000.0,126500.0,126500.0,138200.0,145025.0,150300.0,170338.88880208333,276221
2022-01-26,126500.0,126500.0,126500.0,126500.0,135800.0,143675.0,149416.66666666666,170076.38880208333,0
2022-01-27,126500.0,128500.0,121000.0,121000.0,131200.0,141950.0,148408.33333333334,169687.49986979167,149197
2022-01-28,121000.0,127000.0,120000.0,125500.0,127800.0,140650.0,147475.0,169288.88880208333,89514
2022-02-03,128500.0,131500.0,128000.0,129500.0,125800.0,139675.0,146666.66666666666,168920.833203125,92858
2022-02-04,128500.0,132000.0,128000.0,130500.0,126600.0,138875.0,145941.66666666666,168583.333203125,58032
2022-02-07,130500.0,130500.0,126500.0,130000.0,127300.0,138150.0,145291.66666666666,168177.77760416668,52093
2022-02-08,130000.0,130000.0,130000.0,130000.0,129100.0,137675.0,144816.66666666666,167833.333203125,0
2022-02-09,130000.0,130000.0,130000.0,130000.0,130000.0,136900.0,144458.33333333334,167277.77760416668,0
2022-02-10,135000.0,135500.0,130000.0,133000.0,130700.0,136275.0,144225.0,166699.99986979167,59583
2022-02-11,130500.0,131000.0,128000.0,128500.0,130300.0,135350.0,143850.0,166143.05546875,54927
2022-02-14,127500.0,128000.0,125000.0,125500.0,129400.0,134000.0,143400.0,165544.44440104166,61470
2022-02-15,125000.0,125500.0,120500.0,121500.0,127700.0,132625.0,142916.66666666666,164893.05546875,83351
2022-02-16,124000.0,131000.0,123000.0,130000.0,127700.0,131775.0,142625.0,164376.38880208333,92124
2022-02-17,128500.0,130000.0,125000.0,125500.0,126200.0,130950.0,142316.66666666666,163833.333203125,104232
2022-02-18,123000.0,128000.0,122500.0,128000.0,126100.0,130300.0,142025.0,163358.333203125,60621
2022-02-21,126000.0,128000.0,124500.0,126000.0,126200.0,129675.0,141625.0,162766.66653645833,54415
2022-02-22,126000.0,126000.0,126000.0,126000.0,127100.0,128775.0,141283.33333333334,162272.22213541667,0
2022-02-23,126000.0,126000.0,126000.0,126000.0,126300.0,127950.0,140941.66666666666,161766.66653645833,0
2022-02-24,122000.0,123500.0,117500.0,118000.0,124800.0,126875.0,140475.0,161227.77760416668,118112
2022-02-25,120000.0,123000.0,119500.0,122000.0,123600.0,126650.0,140000.0,160758.333203125,66789
2022-02-28,122000.0,122000.0,122000.0,122000.0,122800.0,126425.0,139608.33333333334,160294.44427083334,0
2022-03-02,124500.0,127000.0,124000.0,125000.0,122600.0,126625.0,139375.0,159836.1109375,55694
2022-03-03,126000.0,129000.0,125000.0,128500.0,123100.0,126775.0,139158.33333333334,159412.49986979167,63909
2022-03-04,128500.0,128500.0,128500.0,128500.0,125200.0,126725.0,138925.0,158969.44427083334,0
2022-03-07,122500.0,122500.0,119500.0,120500.0,124900.0,126225.0,138525.0,158429.16653645833,66805
2022-03-08,119000.0,119500.0,116000.0,116000.0,123700.0,125525.0,138008.33333333334,157884.72213541667,105948
2022-03-10,116000.0,116000.0,116000.0,116000.0,121900.0,124825.0,137558.33333333334,157368.05546875,0
2022-03-11,118000.0,120000.0,116500.0,118000.0,119800.0,124225.0,137100.0,156737.49986979167,53886
2022-03-14,117500.0,118500.0,114000.0,115000.0,117100.0,123325.0,136575.0,156009.72213541667,87174
2022-03-15,114000.0,115000.0,111000.0,112500.0,115500.0,122525.0,135983.33333333334,155274.99986979167,82539
2022-03-16,114500.0,117000.0,114000.0,116000.0,115500.0,122050.0,135458.33333333334,154411.1109375,61378
2022-03-17,118000.0,120000.0,118000.0,118500.0,116000.0,121900.0,134950.0,153754.16653645833,50036
2022-03-18,119500.0,121500.0,118000.0,120000.0,116400.0,121400.0,134491.66666666666,153095.833203125,86793
2022-03-21,120000.0,120000.0,120000.0,120000.0,117400.0,121125.0,134025.0,152443.05546875,0
2022-03-22,125000.0,125000.0,121000.0,123000.0,119500.0,120875.0,133391.66666666666,151868.05546875,100479
2022-03-23,123000.0,124500.0,122500.0,124000.0,121100.0,120775.0,132841.66666666666,151293.05546875,47833
2022-03-24,122500.0,126000.0,122500.0,126000.0,122600.0,120775.0,132316.66666666666,150770.833203125,69758
2022-03-25,126000.0,128500.0,125500.0,127500.0,124100.0,120850.0,131916.66666666666,150288.88880208333,67994
2022-03-28,127500.0,129000.0,125500.0,128500.0,125800.0,121375.0,131533.33333333334,149851.38880208333,59092
2022-03-29,129000.0,130500.0,127500.0,130500.0,127300.0,121800.0,131158.33333333334,149449.99986979167,56088
2022-03-30,131000.0,135500.0,131000.0,134500.0,129400.0,122425.0,130841.66666666667,148993.05546875,122385
2022-03-31,135500.0,136000.0,133500.0,136000.0,131400.0,122975.0,130516.66666666667,148493.05546875,81452
2022-04-01,136000.0,137000.0,134000.0,134500.0,132800.0,123275.0,130233.33333333333,148141.66653645833,63413
2022-04-04,133500.0,136000.0,132500.0,136000.0,134300.0,123650.0,130016.66666666667,147772.22213541667,41387
2022-04-05,136000.0,136500.0,133500.0,135500.0,135300.0,124400.0,129833.33333333333,147281.94440104166,39604
2022-04-06,134000.0,137500.0,133500.0,137000.0,135800.0,125450.0,129708.33333333333,146754.16666666666,95952
2022-04-07,135000.0,136500.0,131500.0,135500.0,135700.0,126425.0,129641.66666666667,146144.44440104166,80041
2022-04-08,134500.0,136500.0,133500.0,136500.0,136100.0,127350.0,129491.66666666667,145531.94440104166,60649
2022-04-11,135000.0,137500.0,133000.0,135000.0,135900.0,128350.0,129316.66666666667,144912.5,67999
2022-04-12,133500.0,135000.0,129500.0,131500.0,135100.0,129300.0,129058.33333333333,144227.777734375,79304
2022-04-13,131500.0,134000.0,130500.0,132500.0,134200.0,130125.0,128725.0,143462.5,46367
2022-04-14,131500.0,132500.0,130500.0,131000.0,133300.0,130750.0,128425.0,142773.61106770832,40295
2022-04-15,130000.0,130500.0,126500.0,126500.0,131300.0,131075.0,128083.33333333333,142091.66666666666,70605
2022-04-18,128000.0,128000.0,125000.0,125500.0,129400.0,131350.0,127808.33333333333,141470.83333333334,43646
2022-04-19,125000.0,129500.0,125000.0,129000.0,128900.0,131650.0,127608.33333333333,140962.5,38695
2022-04-20,128500.0,130000.0,128000.0,129000.0,128200.0,131900.0,127450.0,140450.0,42147
2022-04-21,130000.0,130000.0,128500.0,129000.0,127800.0,132050.0,127200.0,139954.16666666666,43704
2022-04-22,128000.0,128500.0,125500.0,126500.0,127800.0,132000.0,126933.33333333333,139450.0,42688
2022-04-25,124000.0,131000.0,124000.0,125000.0,127700.0,131825.0,126691.66666666667,138941.66666666666,76160
2022-04-26,126000.0,126500.0,124500.0,125000.0,126900.0,131550.0,126666.66666666667,138483.33333333334,48136
2022-04-27,122000.0,123500.0,121000.0,122000.0,125500.0,130925.0,126591.66666666667,138004.16666666666,56050
2022-04-28,123500.0,125500.0,120500.0,125000.0,124700.0,130375.0,126658.33333333333,137533.33333333334,64811
2022-04-29,124500.0,128000.0,124000.0,127500.0,124900.0,130025.0,126691.66666666667,137083.33333333334,47729
2022-05-02,126500.0,129000.0,126000.0,128500.0,125600.0,129650.0,126675.0,136670.83333333334,32872
2022-05-03,130000.0,130000.0,127500.0,128000.0,126200.0,129275.0,126633.33333333333,136287.5,36866
2022-05-04,128000.0,130000.0,127000.0,128500.0,127500.0,128850.0,126608.33333333333,135950.0,45586
2022-05-06,126500.0,128500.0,125000.0,125500.0,127600.0,128350.0,126533.33333333333,135675.0,44443
2022-05-10,120000.0,122000.0,115000.0,117000.0,125500.0,127375.0,126316.66666666667,135387.5,105325
2022-05-11,117500.0,122000.0,115000.0,122000.0,124200.0,126725.0,126133.33333333333,135179.16666666666,102542
2022-05-12,120000.0,127000.0,120000.0,122500.0,123100.0,126275.0,126033.33333333333,134941.66666666666,85179
2022-05-13,123500.0,127500.0,123500.0,127000.0,122800.0,126000.0,126058.33333333333,134729.16666666666,57672
2022-05-16,128000.0,129500.0,126000.0,129500.0,123600.0,125925.0,126191.66666666667,134554.16666666666,60339
2022-05-17,127500.0,130000.0,127500.0,129500.0,126100.0,126075.0,126183.33333333333,134404.16666666666,51400
2022-05-18,129000.0,130000.0,126000.0,126000.0,126900.0,126100.0,126191.66666666667,134254.16666666666,49359
2022-05-19,122500.0,124000.0,121500.0,122000.0,126800.0,125750.0,126091.66666666667,134058.33333333334,66974
2022-05-20,122500.0,126500.0,121000.0,124000.0,126200.0,125500.0,126058.33333333333,133841.66666666666,58209
2022-05-23,124000.0,128000.0,124000.0,127000.0,125700.0,125400.0,126075.0,133679.16666666666,50584
2022-05-24,126500.0,126500.0,122500.0,123000.0,124400.0,125225.0,126025.0,133483.33333333334,36839
2022-05-25,122500.0,126000.0,122000.0,123500.0,123900.0,125150.0,126116.66666666667,133295.83333333334,41504
2022-05-26,123500.0,126500.0,123500.0,124500.0,124400.0,125125.0,126158.33333333333,133079.16666666666,28387
2022-05-27,126500.0,127000.0,124500.0,125500.0,124700.0,125300.0,126216.66666666667,132912.5,22709
2022-05-30,127500.0,128000.0,126000.0,126500.0,124600.0,125375.0,126241.66666666667,132808.33333333334,30620
2022-05-31,126000.0,129000.0,124000.0,129000.0,125800.0,125450.0,126250.0,132704.16666666666,129637
2022-06-02,127000.0,127500.0,123000.0,124000.0,125900.0,125225.0,126175.0,132550.0,70968
2022-06-03,125500.0,127000.0,124000.0,125000.0,126000.0,125075.0,126250.0,132387.5,41533
2022-06-07,124000.0,124500.0,121500.0,121500.0,125200.0,124725.0,126341.66666666667,132175.0,51530
2022-06-08,122000.0,124000.0,121000.0,121000.0,124100.0,124500.0,126425.0,131991.66666666666,34655
2022-06-09,121500.0,122000.0,119000.0,122000.0,122700.0,124750.0,126491.66666666667,131795.83333333334,38480
2022-06-10,119500.0,121000.0,118500.0,120500.0,122000.0,124675.0,126583.33333333333,131579.16666666666,36634
2022-06-13,118000.0,119000.0,115000.0,115500.0,120100.0,124325.0,126633.33333333333,131308.33333333334,55347
2022-06-14,113000.0,114500.0,109000.0,111500.0,118100.0,123550.0,126558.33333333333,131008.33333333333,84644
2022-06-15,110000.0,111500.0,104000.0,105000.0,114900.0,122325.0,126333.33333333333,130641.66666666667,86988
2022-06-16,106000.0,108000.0,101500.0,102000.0,110900.0,120950.0,126033.33333333333,130262.5,78774
2022-06-17,98800.0,101000.0,98600.0,100000.0,106800.0,119650.0,125700.0,129862.5,113437
2022-06-20,100000.0,101500.0,92700.0,94600.0,102620.0,118280.0,125226.66666666667,129309.16666666667,159653
2022-06-21,94700.0,95300.0,93200.0,93700.0,99060.0,116765.0,124721.66666666667,128781.66666666667,104374
2022-06-22,95000.0,95500.0,91900.0,91900.0,96440.0,115010.0,124153.33333333333,128235.0,77232
2022-06-23,91900.0,93200.0,88200.0,88200.0,93680.0,113270.0,123498.33333333333,127707.5,131230
2022-06-24,87400.0,93600.0,87400.0,93300.0,92340.0,111760.0,122911.66666666667,127222.5,99796
2022-06-27,93700.0,96700.0,93100.0,94900.0,92400.0,110280.0,122318.33333333333,126738.33333333333,74492
2022-06-28,95300.0,96900.0,94600.0,96700.0,93000.0,108840.0,121688.33333333333,126265.0,51268
2022-06-29,95200.0,95900.0,94000.0,94800.0,93580.0,107255.0,121001.66666666667,125759.16666666667,52434
2022-06-30,95700.0,95800.0,92100.0,92100.0,94360.0,105410.0,120295.0,125264.16666666667,57200
2022-07-01,92900.0,94700.0,90000.0,90800.0,93860.0,103750.0,119541.66666666667,124779.16666666667,38870
2022-07-04,90800.0,91800.0,89200.0,89700.0,92820.0,101985.0,118778.33333333333,124305.83333333333,54250
2022-07-05,89600.0,98700.0,89600.0,98200.0,93120.0,100820.0,118131.66666666667,123920.0,159354
2022-07-06,96500.0,98900.0,96000.0,96700.0,93500.0,99605.0,117485.0,123563.33333333333,96000
2022-07-07,97000.0,103500.0,96900.0,100500.0,95180.0,98530.0,116885.0,123188.33333333333,137954
2022-07-08,102000.0,104500.0,99900.0,102000.0,97420.0,97605.0,116335.0,122825.83333333333,83072
2022-07-11,103000.0,109000.0,103000.0,105000.0,100480.0,97080.0,115893.33333333333,122475.83333333333,146973
2022-07-12,105000.0,105000.0,105000.0,105000.0,101840.0,96755.0,115435.0,122080.0,0
2022-07-13,104000.0,107000.0,103000.0,104000.0,103300.0,96705.0,114985.0,121705.0,58881
2022-07-14,103000.0,105000.0,102000.0,105000.0,104200.0,96855.0,114626.66666666667,121355.0,45610
2022-07-15,104500.0,105500.0,102500.0,103500.0,104500.0,97030.0,114260.0,121034.16666666667,63798
2022-07-18,104500.0,104500.0,100000.0,102000.0,103900.0,97400.0,113810.0,120709.16666666667,59241
2022-07-19,101000.0,107000.0,101000.0,104000.0,103700.0,97915.0,113393.33333333333,120421.66666666667,74701
2022-07-20,105500.0,107000.0,104500.0,105500.0,104000.0,98595.0,113001.66666666667,120100.83333333333,40805
2022-07-21,104500.0,106500.0,103000.0,105000.0,104000.0,99435.0,112643.33333333333,119788.33333333333,66932
2022-07-22,104500.0,108000.0,104500.0,104500.0,104200.0,99995.0,112301.66666666667,119496.66666666667,48282
2022-07-25,103500.0,107000.0,103500.0,105500.0,104900.0,100525.0,111976.66666666667,119321.66666666667,41632
2022-07-26,107000.0,110500.0,105500.0,105500.0,105200.0,100965.0,111701.66666666667,119146.66666666667,62293
2022-07-27,106000.0,106500.0,103500.0,104500.0,105000.0,101450.0,111360.0,119009.16666666667,30949
2022-07-28,105500.0,106000.0,103000.0,104000.0,104800.0,102045.0,110968.33333333333,118830.0,52043
2022-07-29,105000.0,107000.0,103500.0,105000.0,104900.0,102755.0,110576.66666666667,118625.83333333333,55101
2022-08-01,105000.0,106500.0,103500.0,106000.0,105000.0,103570.0,110210.0,118421.66666666667,39969
2022-08-02,106000.0,106500.0,101500.0,102500.0,104400.0,103785.0,109776.66666666667,118192.5,53316
2022-08-03,102000.0,103500.0,101500.0,103000.0,104100.0,104100.0,109401.66666666667,117967.5,33414
2022-08-04,103500.0,104500.0,101500.0,102000.0,103700.0,104175.0,109151.66666666667,117734.16666666667,47769
2022-08-05,102000.0,105500.0,102000.0,104500.0,103600.0,104300.0,108860.0,117496.66666666667,57358
2022-08-08,104500.0,107500.0,103500.0,106500.0,103700.0,104375.0,108593.33333333333,117313.33333333333,55290
2022-08-09,107500.0,108000.0,104500.0,106500.0,104500.0,104450.0,108251.66666666667,117155.0,68891
2022-08-10,106500.0,107500.0,105000.0,106000.0,105100.0,104550.0,107860.0,117025.83333333333,42211
2022-08-11,106500.0,107500.0,106000.0,106500.0,106000.0,104625.0,107476.66666666667,116830.0,39961
2022-08-12,107000.0,109500.0,105500.0,106500.0,106400.0,104775.0,107151.66666666667,116671.66666666667,63850
2022-08-16,106500.0,109500.0,106500.0,107000.0,106500.0,105025.0,106901.66666666667,116496.66666666667,49607
2022-08-17,107500.0,108000.0,104500.0,106000.0,106400.0,105125.0,106601.66666666667,116330.0,72713
2022-08-18,105000.0,105000.0,101500.0,101500.0,105500.0,104925.0,106176.66666666667,116125.83333333333,83677
2022-08-19,101500.0,102000.0,98900.0,99000.0,104000.0,104625.0,105776.66666666667,115900.83333333333,65745
2022-08-22,98200.0,98200.0,96800.0,97800.0,102260.0,104290.0,105348.33333333333,115732.5,44115
2022-08-23,96700.0,97800.0,96400.0,96400.0,100140.0,103835.0,104880.0,115519.16666666667,54971
2022-08-24,96200.0,97000.0,94500.0,95700.0,98080.0,103345.0,104383.33333333333,115300.0,47639
2022-08-25,95800.0,98900.0,95800.0,98300.0,97440.0,103035.0,103913.33333333333,115077.5,47679
2022-08-26,98800.0,102000.0,98600.0,101000.0,97840.0,102885.0,103446.66666666667,114848.33333333333,58097
2022-08-29,98000.0,98600.0,96100.0,96100.0,97500.0,102440.0,102981.66666666667,114578.33333333333,57937
2022-08-30,97000.0,97400.0,96300.0,97200.0,97660.0,102000.0,102518.33333333333,114384.16666666667,30190
2022-08-31,96400.0,97900.0,95600.0,97800.0,98080.0,101765.0,102123.33333333333,114232.5,60140
2022-09-01,96700.0,97500.0,94600.0,94600.0,97340.0,101345.0,101683.33333333333,114054.16666666667,76677
2022-09-02,106000.0,107500.0,102000.0,105000.0,98140.0,101495.0,101400.0,113945.83333333333,491066
2022-09-05,105500.0,108500.0,105000.0,106000.0,100120.0,101570.0,101158.33333333333,113870.83333333333,211343
2022-09-06,106500.0,107000.0,105500.0,106000.0,101880.0,101545.0,101000.0,113816.66666666667,70041
2022-09-07,106000.0,106000.0,104500.0,104500.0,103220.0,101445.0,100883.33333333333,113720.83333333333,59331
2022-09-08,105000.0,106000.0,104500.0,105000.0,105300.0,101395.0,100883.33333333333,113608.33333333333,74604
2022-09-13,105000.0,105500.0,104500.0,105000.0,105300.0,101320.0,100933.33333333333,113483.33333333333,89064
2022-09-14,105000.0,105000.0,104000.0,105000.0,105100.0,101245.0,101016.66666666667,113358.33333333333,73588
2022-09-15,105000.0,105000.0,104500.0,104500.0,104800.0,101120.0,101181.66666666667,113204.16666666667,32640
2022-09-16,104500.0,105000.0,104500.0,104500.0,104800.0,101045.0,101361.66666666667,113041.66666666667,60685
2022-09-19,104500.0,105500.0,104500.0,105000.0,104800.0,101220.0,101580.0,112866.66666666667,68426
2022-09-20,104500.0,104500.0,101000.0,101500.0,104100.0,101345.0,101801.66666666667,112650.0,66508
2022-09-21,100500.0,102500.0,97400.0,101500.0,103400.0,101530.0,101938.33333333333,112425.0,87231
2022-09-22,103500.0,105500.0,101500.0,105000.0,103500.0,101960.0,102106.66666666667,112212.5,80013
2022-09-23,103000.0,103500.0,101000.0,101000.0,102800.0,102225.0,102178.33333333333,111933.33333333333,54699
2022-09-26,98300.0,104500.0,98300.0,100000.0,101800.0,102310.0,102265.0,111633.33333333333,65228
2022-09-27,99700.0,101500.0,98000.0,98700.0,101240.0,102195.0,102375.0,111335.0,93267
2022-09-28,97200.0,99800.0,93100.0,94900.0,99920.0,102135.0,102443.33333333333,110992.5,100036
2022-09-29,97200.0,101500.0,95200.0,95400.0,98000.0,102045.0,102538.33333333333,110658.33333333333,77555
2022-09-30,94900.0,97700.0,90700.0,91000.0,96000.0,101705.0,102418.33333333333,110275.0,88867
2022-10-04,91100.0,93200.0,90600.0,92300.0,94460.0,101590.0,102345.0,109915.0,47325
2022-10-05,93400.0,93800.0,91000.0,91000.0,92920.0,100890.0,102186.66666666667,109535.83333333333,42366
2022-10-06,90200.0,91900.0,90200.0,90200.0,91980.0,100100.0,101990.0,109162.5,51406
2022-10-07,89500.0,89600.0,84500.0,85700.0,90040.0,99085.0,101668.33333333333,108780.83333333333,135451
2022-10-11,83900.0,84500.0,80100.0,80700.0,87980.0,97895.0,101263.33333333333,108349.16666666667,105302
2022-10-12,80000.0,80700.0,78900.0,80100.0,85540.0,96650.0,100865.0,107925.0,87947
2022-10-13,79100.0,80400.0,77700.0,78700.0,83080.0,95335.0,100426.66666666667,107526.66666666667,90151
2022-10-14,79400.0,82700.0,79400.0,82700.0,81580.0,94220.0,100080.0,107170.0,90071
2022-10-17,82000.0,83200.0,80000.0,82900.0,81020.0,93140.0,99761.66666666667,106785.83333333333,33952
2022-10-18,84000.0,91200.0,83900.0,90000.0,82880.0,92415.0,99528.33333333333,106460.83333333333,147142
2022-10-19,90000.0,91400.0,89500.0,90200.0,84900.0,91675.0,99273.33333333333,106137.5,48867
2022-10-20,89200.0,90600.0,88500.0,90600.0,87280.0,91130.0,99033.33333333333,105838.33333333333,105992
2022-10-21,90600.0,93000.0,87000.0,87500.0,88240.0,90430.0,98750.0,105525.83333333333,85214
2022-10-24,88400.0,89700.0,86500.0,86700.0,89000.0,89515.0,98436.66666666667,105206.66666666667,67638
2022-10-25,87400.0,88400.0,86300.0,88400.0,88680.0,88885.0,98151.66666666667,104926.66666666667,54945
2022-10-26,89000.0,89000.0,86100.0,86100.0,87860.0,88190.0,97845.0,104602.5,52755
2022-10-27,86100.0,89400.0,86100.0,88800.0,87500.0,87695.0,97591.66666666667,104280.0,50837
2022-10-28,88800.0,89300.0,88000.0,89200.0,87840.0,87410.0,97328.33333333333,103952.5,41988
2022-10-31,89300.0,89700.0,87500.0,88400.0,88180.0,87060.0,97035.0,103622.5,38945
2022-11-01,87300.0,89200.0,87100.0,89200.0,88340.0,86970.0,96813.33333333333,103295.0,45732
2022-11-02,88100.0,92000.0,87900.0,91200.0,89360.0,86915.0,96616.66666666667,103009.16666666667,49156
2022-11-03,89500.0,90200.0,88700.0,88700.0,89340.0,86800.0,96395.0,102773.33333333333,63379
2022-11-04,88100.0,88700.0,86000.0,87000.0,88900.0,86640.0,96103.33333333333,102481.66666666667,71384
2022-11-07,87300.0,90500.0,87100.0,90400.0,89300.0,86875.0,95835.0,102214.16666666667,61359
2022-11-08,91000.0,91900.0,88600.0,90600.0,89580.0,87370.0,95570.0,101910.83333333333,50511
2022-11-09,91400.0,91700.0,90300.0,90600.0,89460.0,87895.0,95313.33333333333,101586.66666666667,58671
2022-11-10,90200.0,91500.0,89200.0,90000.0,89720.0,88460.0,95038.33333333333,101257.5,50491
2022-11-11,93000.0,93200.0,90800.0,92200.0,90760.0,88935.0,94800.0,100975.83333333333,120001
2022-11-14,93000.0,103000.0,92800.0,101000.0,92880.0,89840.0,94700.0,100800.83333333333,200150
2022-11-15,101500.0,108000.0,99900.0,107500.0,96260.0,90715.0,94725.0,100663.33333333333,155650
2022-11-16,107500.0,107500.0,101500.0,102000.0,98540.0,91305.0,94733.33333333333,100455.0,115938
2022-11-17,101000.0,104000.0,100500.0,103000.0,101140.0,91925.0,94800.0,100288.33333333333,73120
2022-11-18,103000.0,104500.0,101500.0,103500.0,103400.0,92725.0,94895.0,100121.66666666667,73240
2022-11-21,103500.0,106500.0,99600.0,100500.0,103300.0,93415.0,94963.33333333333,99921.66666666667,89425
2022-11-22,100000.0,101500.0,96000.0,96200.0,101040.0,93805.0,94971.66666666667,99677.5,55577
2022-11-23,96100.0,96100.0,90500.0,91300.0,98900.0,94065.0,94855.0,99384.16666666667,141661
2022-11-24,91900.0,92400.0,90600.0,92000.0,96700.0,94225.0,94705.0,99075.83333333333,68770
2022-11-25,92000.0,92400.0,91100.0,91300.0,94260.0,94330.0,94625.0,98803.33333333333,60856
2022-11-28,91500.0,93100.0,89300.0,91500.0,92460.0,94485.0,94530.0,98524.16666666667,90836
2022-11-29,92300.0,95100.0,91500.0,94800.0,92180.0,94765.0,94480.0,98301.66666666667,76749
2022-11-30,93000.0,93000.0,88800.0,88800.0,91680.0,94645.0,94383.33333333333,98033.33333333333,1374484
2022-12-01,90100.0,90700.0,88400.0,88500.0,90980.0,94635.0,94108.33333333333,97754.16666666667,221366
2022-12-02,89000.0,89000.0,87800.0,88500.0,90420.0,94710.0,93816.66666666667,97487.5,108702
2022-12-05,89300.0,89800.0,88300.0,88500.0,89820.0,94615.0,93525.0,97262.5,101577
2022-12-06,88300.0,88800.0,87000.0,87000.0,88260.0,94435.0,93233.33333333333,97058.33333333333,73491
2022-12-07,86400.0,86400.0,85100.0,85100.0,87520.0,94160.0,92901.66666666667,96892.5,79657
2022-12-08,85500.0,85500.0,83200.0,83700.0,86560.0,93845.0,92546.66666666667,96740.0,138546
2022-12-09,84100.0,84700.0,82800.0,84300.0,85720.0,93450.0,92201.66666666667,96609.16666666667,77122
2022-12-12,84200.0,84200.0,82700.0,83200.0,84660.0,92560.0,91846.66666666667,96514.16666666667,56183
2022-12-13,83800.0,83800.0,82700.0,82900.0,83840.0,91330.0,91486.66666666667,96424.16666666667,46723
2022-12-14,83200.0,86100.0,83100.0,84400.0,83700.0,90450.0,91143.33333333333,96361.66666666667,85951
2022-12-15,84500.0,85800.0,84000.0,84000.0,83760.0,89500.0,90851.66666666667,96326.66666666667,53762
2022-12-16,83000.0,83000.0,81700.0,82500.0,83400.0,88450.0,90535.0,96236.66666666667,168910
2022-12-19,82200.0,82300.0,80400.0,80400.0,82840.0,87445.0,90125.0,96115.83333333333,99676
2022-12-20,80200.0,80400.0,78600.0,78600.0,81980.0,86565.0,89751.66666666667,95965.0,97389
2022-12-21,79000.0,80000.0,77600.0,78700.0,80840.0,85935.0,89396.66666666667,95830.83333333333,67021
2022-12-22,79400.0,80400.0,78900.0,79900.0,80020.0,85330.0,89083.33333333333,95729.16666666667,58765
2022-12-23,79400.0,79400.0,77800.0,78700.0,79260.0,84700.0,88813.33333333333,95628.33333333333,59504
2022-12-26,78700.0,79700.0,78500.0,79200.0,79020.0,84085.0,88543.33333333333,95540.83333333333,46852
2022-12-27,79000.0,80400.0,79000.0,80100.0,79320.0,83350.0,88361.66666666667,95390.0,46986
2022-12-28,78800.0,79000.0,77900.0,77900.0,79160.0,82805.0,88121.66666666667,95233.33333333333,51772
2022-12-29,77400.0,77500.0,73000.0,73200.0,77820.0,82040.0,87825.0,95005.83333333333,153476
2023-01-02,73700.0,76400.0,73000.0,73200.0,76720.0,81275.0,87541.66666666667,94765.83333333333,75586
2023-01-03,72700.0,74100.0,70900.0,73600.0,75600.0,80530.0,87340.0,94504.16666666667,74041
2023-01-04,72900.0,75400.0,72600.0,75000.0,74580.0,79930.0,87245.0,94254.16666666667,61317
2023-01-05,75600.0,76300.0,74600.0,75100.0,74020.0,79430.0,87161.66666666667,94013.33333333333,62222
2023-01-06,74200.0,76400.0,74200.0,75600.0,74500.0,79025.0,87110.0,93768.33333333333,44310
2023-01-09,76400.0,78400.0,76300.0,78000.0,75460.0,78710.0,87031.66666666667,93555.83333333333,55454
2023-01-10,78000.0,79200.0,77700.0,77900.0,76320.0,78445.0,86948.33333333333,93355.0,74400
2023-01-11,78100.0,79500.0,77600.0,79400.0,77200.0,78270.0,86771.66666666667,93150.0,97545
2023-01-12,80000.0,81400.0,79400.0,80900.0,78360.0,78095.0,86616.66666666667,92945.0,92536
2023-01-13,81400.0,81500.0,79700.0,80100.0,79260.0,77900.0,86441.66666666667,92737.5,86192
2023-01-16,80100.0,81200.0,79700.0,80900.0,79840.0,77820.0,86331.66666666667,92540.83333333333,43496
2023-01-17,80900.0,81600.0,80000.0,80100.0,80280.0,77805.0,86221.66666666667,92329.16666666667,35246
2023-01-18,79900.0,81200.0,79700.0,81000.0,80600.0,77925.0,86098.33333333333,92125.0,55101
2023-01-19,80400.0,81000.0,80000.0,80500.0,80520.0,78015.0,86005.0,91925.0,26073
2023-01-20,80200.0,80900.0,79800.0,80500.0,80600.0,78045.0,85866.66666666667,91729.16666666667,68734
2023-01-25,81000.0,82600.0,80400.0,82100.0,80840.0,78215.0,85748.33333333333,91538.33333333333,176
2023-01-26,81800.0,82800.0,81400.0,82700.0,81360.0,78390.0,85653.33333333333,91344.16666666667,278
2023-01-27,82700.0,85800.0,82200.0,85400.0,82240.0,78655.0,85590.0,91201.66666666667,182
2023-01-30,85300.0,86000.0,83800.0,83800.0,82900.0,78950.0,85466.66666666667,91041.66666666667,151
2023-01-31,83800.0,84400.0,82900.0,83800.0,83560.0,79480.0,85385.0,90890.0,15
2023-02-01,83800.0,84800.0,83700.0,83900.0,83920.0,80015.0,85333.33333333333,90718.33333333333,360
2023-02-02,84100.0,86500.0,84100.0,85900.0,84560.0,80630.0,85258.33333333333,90546.66666666667,269
2023-02-03,85700.0,85800.0,85000.0,85500.0,84580.0,81155.0,85173.33333333333,90371.66666666667,70
2023-02-06,85300.0,86400.0,84400.0,85300.0,84880.0,81665.0,85085.0,90199.16666666667,52
2023-02-07,84600.0,86600.0,84500.0,86400.0,85400.0,82205.0,85025.0,90031.66666666667,83
2023-02-08,86600.0,86700.0,85300.0,85800.0,85780.0,82595.0,84918.33333333333,89859.16666666667,254
2023-02-09,85000.0,85500.0,84600.0,85200.0,85640.0,82960.0,84655.0,89677.5,140
2023-02-10,84800.0,85200.0,83500.0,84100.0,85360.0,83195.0,84265.0,89495.0,98
2023-02-13,83800.0,83800.0,82200.0,82400.0,84780.0,83270.0,83938.33333333333,89335.83333333333,354
2023-02-14,83100.0,83700.0,82300.0,83300.0,84160.0,83430.0,83610.0,89205.0,113
2023-02-15,83400.0,83400.0,80600.0,80900.0,83180.0,83430.0,83233.33333333333,89064.16666666667,177
2023-02-16,80900.0,83800.0,80900.0,83400.0,82820.0,83595.0,82948.33333333333,88955.83333333333,100
2023-02-17,82000.0,82800.0,81600.0,81600.0,82320.0,83625.0,82705.0,88838.33333333333,24735
2023-02-20,81700.0,83500.0,81300.0,83300.0,82500.0,83765.0,82571.66666666667,88713.33333333333,62
2023-02-21,82600.0,83700.0,82400.0,82900.0,82420.0,83885.0,82420.0,88562.5,163
2023-02-22,82300.0,82700.0,81100.0,82100.0,82660.0,83885.0,82266.66666666667,88445.83333333333,189
2023-02-23,82000.0,82800.0,81100.0,81600.0,82300.0,83830.0,82101.66666666667,88315.83333333333,318
2023-02-24,81900.0,82300.0,81200.0,81300.0,82240.0,83625.0,81876.66666666667,88178.33333333333,400
2023-02-27,80000.0,81000.0,78100.0,78500.0,81280.0,83360.0,81705.0,88044.16666666667,59647
2023-02-28,79300.0,79500.0,78300.0,78300.0,80360.0,83085.0,81535.0,87821.66666666667,40317
2023-03-02,78400.0,80300.0,78400.0,79500.0,79840.0,82865.0,81385.0,87600.83333333333,42289
2023-03-03,79500.0,85100.0,79500.0,82400.0,80000.0,82690.0,81283.33333333333,87404.16666666667,112653
2023-03-06,82400.0,83800.0,82200.0,83400.0,80420.0,82585.0,81223.33333333333,87228.33333333333,57705
2023-03-07,84000.0,86700.0,84000.0,84900.0,81700.0,82565.0,81220.0,87060.83333333333,118279
2023-03-08,83400.0,83400.0,80200.0,80400.0,82120.0,82265.0,81165.0,86855.83333333333,152770
2023-03-09,80400.0,80600.0,78600.0,78900.0,82000.0,81920.0,81075.0,86638.33333333333,111637
2023-03-10,78100.0,79100.0,77100.0,78000.0,81120.0,81560.0,80988.33333333333,86417.5,59415
2023-03-13,78000.0,79300.0,76700.0,77400.0,79920.0,81225.0,80896.66666666667,86191.66666666667,58900
2023-03-14,76400.0,77300.0,74700.0,74800.0,77900.0,80845.0,80736.66666666667,85940.0,80341
2023-03-15,75600.0,76100.0,74300.0,74400.0,76700.0,80400.0,80576.66666666667,85714.16666666667,58837
2023-03-16,73700.0,73800.0,72300.0,73300.0,75580.0,80020.0,80423.33333333333,85479.16666666667,59969
2023-03-17,73600.0,74200.0,73200.0,74000.0,74780.0,79550.0,80316.66666666667,85220.83333333333,63308
2023-03-20,74200.0,74400.0,73100.0,73400.0,73980.0,79140.0,80230.0,84990.83333333333,53009
2023-03-21,73500.0,73700.0,72300.0,72700.0,73560.0,78610.0,80130.0,84763.33333333333,63570
2023-03-22,73200.0,73200.0,72100.0,72400.0,73160.0,78085.0,80005.0,84544.16666666667,74281
2023-03-23,72000.0,72300.0,71400.0,71800.0,72860.0,77570.0,79890.0,84351.66666666667,67858
2023-03-24,71800.0,72000.0,70800.0,71700.0,72400.0,77075.0,79765.0,84154.16666666667,82321
2023-03-27,71700.0,72900.0,70700.0,72200.0,72160.0,76620.0,79633.33333333333,83997.5,75100
2023-03-28,72200.0,72500.0,71300.0,72400.0,72100.0,76315.0,79541.66666666667,83831.66666666667,44939
2023-03-29,72500.0,73000.0,72100.0,72700.0,72160.0,76035.0,79533.33333333333,83679.16666666667,51804
2023-03-30,73200.0,75300.0,72900.0,74300.0,72660.0,75775.0,79551.66666666667,83546.66666666667,117370
2023-03-31,74900.0,75100.0,73500.0,74500.0,73220.0,75380.0,79566.66666666667,83453.33333333333,63879
2023-04-03,75300.0,76000.0,73500.0,73900.0,73560.0,74905.0,79548.33333333333,83396.66666666667,75348
2023-04-04,74100.0,77900.0,74000.0,77400.0,74560.0,74530.0,79586.66666666667,83374.16666666667,151326
2023-04-05,77000.0,78000.0,76000.0,76700.0,75360.0,74345.0,79605.0,83357.5,52986
2023-04-06,76100.0,77200.0,75800.0,75800.0,75660.0,74190.0,79568.33333333333,83300.0,62030
2023-04-07,75800.0,76900.0,75300.0,76700.0,76100.0,74125.0,79548.33333333333,83248.33333333333,36861
2023-04-10,76000.0,76600.0,75100.0,75600.0,76440.0,74035.0,79485.0,83128.33333333333,59687
2023-04-11,75600.0,78800.0,75600.0,77900.0,76540.0,74190.0,79435.0,83025.83333333333,88627
2023-04-12,78000.0,78000.0,76800.0,77500.0,76700.0,74345.0,79391.66666666667,82916.66666666667,43843
2023-04-13,77500.0,78900.0,77000.0,78900.0,77320.0,74625.0,79358.33333333333,82845.0,74897
2023-04-14,79200.0,80100.0,78500.0,79400.0,77860.0,74895.0,79346.66666666667,82784.16666666667,66882
2023-04-17,79400.0,79800.0,78700.0,78700.0,78480.0,75160.0,79308.33333333333,82703.33333333333,55369
2023-04-18,78100.0,78700.0,76800.0,78200.0,78540.0,75435.0,79270.0,82637.5,79380
2023-04-19,78600.0,79600.0,77500.0,77600.0,78560.0,75695.0,79221.66666666667,82544.16666666667,67503
2023-04-20,77400.0,77400.0,76100.0,76300.0,78040.0,75920.0,79125.0,82436.66666666667,61695
2023-04-21,76000.0,76700.0,75100.0,75200.0,77200.0,76095.0,79000.0,82326.66666666667,40616
2023-04-24,75000.0,75200.0,73300.0,73400.0,76140.0,76155.0,78800.0,82195.0,71832
2023-04-25,73500.0,73900.0,71900.0,72000.0,74900.0,76135.0,78603.33333333333,82035.0,74447
2023-04-26,72000.0,72700.0,71000.0,72000.0,73780.0,76100.0,78406.66666666667,81895.83333333333,41582
2023-04-27,71500.0,72000.0,70600.0,71700.0,72860.0,75970.0,78203.33333333333,81768.33333333333,50784
2023-04-28,72500.0,72500.0,71200.0,71300.0,72080.0,75810.0,77960.0,81609.16666666667,47124
2023-05-02,71300.0,72500.0,70900.0,72200.0,71840.0,75725.0,77738.33333333333,81455.83333333333,25730
2023-05-03,72200.0,72200.0,71500.0,72000.0,71840.0,75455.0,77516.66666666667,81300.83333333333,20934
2023-05-04,71500.0,74900.0,71300.0,74600.0,72360.0,75350.0,77320.0,81172.5,78811
2023-05-08,74000.0,74900.0,73600.0,74100.0,72840.0,75265.0,77125.0,81021.66666666667,25879
2023-05-09,73800.0,74700.0,73600.0,74100.0,73400.0,75135.0,76940.0,80797.5,26744
2023-05-10,73900.0,74600.0,73500.0,73800.0,73720.0,75045.0,76768.33333333333,80516.66666666667,34279
2023-05-11,73700.0,74500.0,72800.0,72800.0,73880.0,74790.0,76608.33333333333,80273.33333333333,35294
2023-05-12,72700.0,73500.0,72000.0,73100.0,73580.0,74570.0,76438.33333333333,80024.16666666667,33630
2023-05-15,72400.0,73200.0,71900.0,72900.0,73340.0,74270.0,76305.0,79769.16666666667,27735
2023-05-16,72600.0,73500.0,71800.0,71900.0,72900.0,73895.0,76113.33333333333,79530.83333333333,35514
2023-05-17,71300.0,72700.0,71300.0,72000.0,72540.0,73560.0,75953.33333333333,79329.16666666667,16082
2023-05-18,72600.0,72600.0,71800.0,72200.0,72420.0,73260.0,75768.33333333333,79170.0,19894
2023-05-19,72200.0,72800.0,72100.0,72800.0,72360.0,73020.0,75600.0,79010.0,28486
2023-05-22,73000.0,74700.0,72900.0,74300.0,72640.0,72920.0,75470.0,78868.33333333333,43565
2023-05-23,74900.0,74900.0,74300.0,74400.0,73140.0,72880.0,75350.0,78725.83333333333,29973
2023-05-24,74400.0,74600.0,73800.0,73900.0,73520.0,72905.0,75226.66666666667,78551.66666666667,18073
2023-05-25,73000.0,75000.0,73000.0,73600.0,73800.0,72985.0,75145.0,78425.0,30379
2023-05-26,73300.0,73800.0,73100.0,73200.0,73880.0,73045.0,75060.0,78297.5,18986
2023-05-30,73700.0,74600.0,73200.0,74400.0,73900.0,73180.0,74975.0,78180.0,30773
2023-05-31,74000.0,77300.0,74000.0,75000.0,74020.0,73365.0,74851.66666666667,78067.5,83147
2023-06-01,75000.0,75100.0,74100.0,74100.0,74060.0,73460.0,74696.66666666667,77960.0,32909
2023-06-02,74600.0,74700.0,73900.0,74100.0,74160.0,73565.0,74516.66666666667,77868.33333333333,26037
2023-06-05,74300.0,75500.0,74200.0,74300.0,74380.0,73550.0,74415.0,77790.0,24878
2023-06-07,74700.0,76400.0,74600.0,75700.0,74640.0,73630.0,74361.66666666667,77718.33333333333,53303
2023-06-08,75200.0,75300.0,74500.0,74900.0,74620.0,73670.0,74310.0,77649.16666666667,39072
2023-06-09,74900.0,76000.0,74800.0,75200.0,74840.0,73740.0,74273.33333333333,77585.0,29661
2023-06-12,75500.0,75700.0,74300.0,74800.0,74980.0,73840.0,74273.33333333333,77505.0,30950
2023-06-13,74800.0,75300.0,73300.0,73300.0,74780.0,73850.0,74255.0,77415.83333333333,49309
2023-06-14,73300.0,73700.0,72600.0,73300.0,74300.0,73870.0,74255.0,77339.16666666667,31808
2023-06-15,73200.0,73500.0,72400.0,72800.0,73880.0,73915.0,74235.0,77275.83333333333,34289
2023-06-16,72700.0,73500.0,72500.0,73200.0,73480.0,73975.0,74231.66666666667,77230.83333333333,32679
2023-06-19,73300.0,74300.0,72500.0,73300.0,73180.0,74030.0,74241.66666666667,77185.83333333333,27900
2023-06-20,73700.0,74300.0,72900.0,73700.0,73260.0,74075.0,74263.33333333333,77134.16666666667,36768
2023-06-21,73400.0,73700.0,72000.0,72200.0,73040.0,73970.0,74270.0,77080.0,52999
2023-06-22,72200.0,72200.0,71400.0,71800.0,72840.0,73840.0,74271.66666666667,77018.33333333333,26669
2023-06-23,71700.0,71800.0,71100.0,71200.0,72440.0,73705.0,74255.0,76944.16666666667,38192
2023-06-26,71700.0,71700.0,70500.0,71000.0,71980.0,73575.0,74231.66666666667,76886.66666666667,25968
2023-06-27,70600.0,71100.0,70600.0,70800.0,71400.0,73455.0,74200.0,76866.66666666667,24956
2023-06-28,70600.0,71100.0,69800.0,69800.0,70920.0,73225.0,74125.0,76838.33333333333,62440
2023-06-29,70000.0,70300.0,69800.0,69800.0,70520.0,72965.0,74046.66666666667,76806.66666666667,35086
2023-06-30,69800.0,70200.0,68300.0,70200.0,70320.0,72770.0,73985.0,76766.66666666667,56602
2023-07-03,70200.0,71300.0,70000.0,70400.0,70200.0,72585.0,73868.33333333333,76727.5,22484
2023-07-04,70000.0,70300.0,68900.0,69200.0,69880.0,72330.0,73743.33333333333,76674.16666666667,41361
2023-07-05,68800.0,69400.0,68400.0,68600.0,69640.0,71975.0,73623.33333333333,76595.83333333333,38582
2023-07-06,68200.0,68300.0,66900.0,67000.0,69080.0,71580.0,73461.66666666667,76505.0,55257
2023-07-07,66700.0,66700.0,64200.0,65000.0,68040.0,71070.0,73285.0,76385.0,79617
2023-07-10,64800.0,65300.0,64300.0,64300.0,66820.0,70545.0,73058.33333333333,76246.66666666667,29596
2023-07-11,64300.0,65000.0,64300.0,64500.0,65880.0,70105.0,72841.66666666667,76116.66666666667,24211
2023-07-12,64600.0,65300.0,64500.0,65000.0,65160.0,69690.0,72610.0,75984.16666666667,31181
2023-07-13,65600.0,67300.0,65400.0,65900.0,64940.0,69345.0,72385.0,75865.83333333333,51550
2023-07-14,66800.0,66800.0,65000.0,66000.0,65140.0,68985.0,72173.33333333333,75740.83333333333,38111
2023-07-17,65500.0,65900.0,65000.0,65300.0,65340.0,68585.0,71958.33333333333,75614.16666666667,19460
2023-07-18,65000.0,65800.0,64500.0,64700.0,65380.0,68135.0,71743.33333333333,75482.5,33659
2023-07-19,64700.0,65700.0,64500.0,65200.0,65420.0,67785.0,71558.33333333333,75341.66666666667,29927
2023-07-20,65400.0,65700.0,64400.0,64900.0,65220.0,67440.0,71386.66666666667,75193.33333333333,72226
2023-07-21,79500.0,82000.0,69600.0,70000.0,66020.0,67380.0,71330.0,75065.0,1322562
2023-07-24,68700.0,68900.0,64600.0,64600.0,65880.0,67060.0,71206.66666666667,74905.0,374379
2023-07-25,64900.0,65100.0,63200.0,63200.0,65580.0,66680.0,71060.0,74733.33333333333,167648
2023-07-26,62500.0,62900.0,59300.0,60000.0,64540.0,66190.0,70865.0,74534.16666666667,226286
2023-07-27,60000.0,64000.0,60000.0,63300.0,64220.0,65865.0,70731.66666666667,74345.83333333333,150429
2023-07-28,62200.0,62500.0,61400.0,62100.0,62640.0,65460.0,70563.33333333333,74150.83333333333,79997
2023-07-31,62100.0,64300.0,61900.0,63500.0,62420.0,65115.0,70421.66666666667,73969.16666666667,85710
2023-08-01,63300.0,66300.0,62600.0,65700.0,62920.0,64940.0,70273.33333333333,73796.66666666667,120848
2023-08-02,65700.0,66700.0,64700.0,64900.0,63900.0,64755.0,70120.0,73622.5,92617
2023-08-03,64900.0,66800.0,64500.0,66000.0,64440.0,64705.0,69985.0,73462.5,112268
2023-08-04,66400.0,66500.0,64700.0,65900.0,65200.0,64750.0,69853.33333333333,73310.83333333333,52668
2023-08-07,65100.0,66000.0,64600.0,65000.0,65500.0,64785.0,69723.33333333333,73165.83333333333,44599
2023-08-08,64800.0,65200.0,63300.0,63300.0,65020.0,64725.0,69560.0,72999.16666666667,62875
2023-08-09,62900.0,64300.0,62800.0,63900.0,64820.0,64670.0,69410.0,72857.5,34116
2023-08-10,63500.0,65900.0,63500.0,65900.0,64800.0,64670.0,69310.0,72711.66666666667,61096
2023-08-11,65900.0,66300.0,65100.0,66200.0,64860.0,64680.0,69213.33333333333,72583.33333333333,48982
2023-08-14,66300.0,67200.0,65400.0,66000.0,65060.0,64715.0,69110.0,72439.16666666667,51424
2023-08-16,64900.0,65900.0,63700.0,63800.0,65160.0,64670.0,68960.0,72280.0,56880
2023-08-17,63100.0,63500.0,61400.0,61400.0,64660.0,64480.0,68745.0,72107.5,94549
2023-08-18,60600.0,61900.0,60300.0,61300.0,63740.0,64300.0,68526.66666666667,71938.33333333333,77484
2023-08-21,61100.0,62200.0,61000.0,61700.0,62840.0,63885.0,68323.33333333333,71775.0,34349
2023-08-22,61800.0,62000.0,61100.0,61600.0,61960.0,63735.0,68123.33333333333,71634.16666666667,23563
2023-08-23,61200.0,62000.0,61000.0,61000.0,61400.0,63625.0,67920.0,71490.0,28091
2023-08-24,61300.0,61600.0,60700.0,61100.0,61340.0,63680.0,67698.33333333333,71336.66666666667,34471
2023-08-25,60500.0,61500.0,60500.0,61300.0,61340.0,63580.0,67470.0,71160.83333333333,27283
2023-08-28,61800.0,62700.0,61500.0,62200.0,61440.0,63585.0,67271.66666666667,70984.16666666667,34143
2023-08-29,62300.0,63200.0,62300.0,63000.0,61720.0,63560.0,67086.66666666667,70801.66666666667,25883
2023-08-30,63400.0,63900.0,62800.0,63000.0,62120.0,63425.0,66898.33333333333,70656.66666666667,28547
2023-08-31,62900.0,64200.0,62800.0,62900.0,62480.0,63325.0,66685.0,70523.33333333333,33294
2023-09-01,62600.0,63300.0,62500.0,62500.0,62720.0,63150.0,66478.33333333333,70394.16666666667,22681
2023-09-04,62000.0,63400.0,62000.0,63300.0,62940.0,63020.0,66280.0,70276.66666666667,30491
2023-09-05,62800.0,63200.0,62300.0,62800.0,62900.0,62910.0,66080.0,70176.66666666667,25907
2023-09-06,62500.0,62700.0,62000.0,62000.0,62700.0,62845.0,65891.66666666667,70073.33333333333,28744
2023-09-07,61500.0,62200.0,61000.0,61100.0,62340.0,62705.0,65688.33333333333,69971.66666666667,33828
2023-09-08,61700.0,62800.0,61600.0,61900.0,62220.0,62505.0,65506.666666666664,69870.83333333333,23386
2023-09-11,62000.0,62200.0,61400.0,61700.0,61900.0,62280.0,65315.0,69773.33333333333,20869
2023-09-12,62200.0,62800.0,61400.0,61400.0,61620.0,62050.0,65116.666666666664,69679.16666666667,28710
2023-09-13,60900.0,61500.0,60200.0,60400.0,61300.0,61880.0,64895.0,69579.16666666667,56934
2023-09-14,60800.0,61700.0,60500.0,61500.0,61380.0,61885.0,64716.666666666664,69493.33333333333,50454
2023-09-15,61700.0,63100.0,61400.0,62100.0,61420.0,61925.0,64555.0,69413.33333333333,65868
2023-09-18,62000.0,62400.0,61500.0,61500.0,61380.0,61915.0,64393.333333333336,69324.16666666667,18051
2023-09-19,61500.0,62000.0,61200.0,61700.0,61440.0,61920.0,64238.333333333336,69235.0,16656
2023-09-20,61400.0,61800.0,61300.0,61500.0,61660.0,61945.0,64083.333333333336,69141.66666666667,19646
2023-09-21,61200.0,67300.0,60100.0,60100.0,61380.0,61895.0,63921.666666666664,69023.33333333333,321107
2023-09-22,61000.0,66200.0,59900.0,64600.0,61880.0,62060.0,63835.0,68940.83333333333,297450
2023-09-25,64300.0,66000.0,62600.0,63900.0,62360.0,62145.0,63730.0,68857.5,102931
2023-09-26,63200.0,64500.0,62500.0,63200.0,62660.0,62155.0,63610.0,68739.16666666667,58719
2023-09-27,62000.0,64100.0,62000.0,63100.0,62980.0,62160.0,63508.333333333336,68625.83333333333,36520
2023-10-04,63100.0,63800.0,61100.0,63400.0,63640.0,62185.0,63421.666666666664,68522.5,66522
2023-10-05,63400.0,64500.0,62200.0,63000.0,63320.0,62210.0,63355.0,68408.33333333333,58360
2023-10-06,62300.0,63500.0,62300.0,62800.0,63100.0,62185.0,63318.333333333336,68301.66666666667,32391
2023-10-10,63800.0,63900.0,60900.0,61000.0,62660.0,62095.0,63263.333333333336,68160.83333333333,54148
2023-10-11,61800.0,62100.0,61100.0,61600.0,62360.0,62075.0,63215.0,68028.33333333333,33428
2023-10-12,61700.0,62900.0,61700.0,62500.0,62180.0,62145.0,63173.333333333336,67891.66666666667,27128
2023-10-13,61600.0,61900.0,61000.0,61000.0,61780.0,62100.0,63091.666666666664,67738.33333333333,25993
2023-10-16,60600.0,61200.0,59500.0,61200.0,61460.0,62075.0,63011.666666666664,67592.5,60678
2023-10-17,61000.0,61500.0,60400.0,60500.0,61360.0,62030.0,62931.666666666664,67445.0,30479
2023-10-18,60700.0,60800.0,59700.0,60200.0,61080.0,62020.0,62856.666666666664,67300.0,89114
2023-10-19,59800.0,59800.0,58500.0,59200.0,60420.0,61905.0,62756.666666666664,67157.5,49451
2023-10-20,58000.0,58700.0,56300.0,57200.0,59660.0,61660.0,62628.333333333336,67007.5,82616
2023-10-23,57100.0,57800.0,56600.0,57000.0,58820.0,61435.0,62411.666666666664,66870.83333333333,28846
2023-10-24,57000.0,57400.0,55600.0,57400.0,58200.0,61220.0,62291.666666666664,66749.16666666667,47520
2023-10-25,57100.0,58200.0,57100.0,57700.0,57700.0,61030.0,62200.0,66630.0,26416
2023-10-26,56700.0,57800.0,56000.0,56500.0,57160.0,60850.0,62141.666666666664,66503.33333333333,35845
2023-10-27,56500.0,56900.0,55900.0,56200.0,56960.0,60430.0,62023.333333333336,66377.5,25568
2023-10-30,55600.0,57000.0,55600.0,56600.0,56880.0,60065.0,61931.666666666664,66247.5,22277
2023-10-31,57100.0,57700.0,55900.0,56400.0,56680.0,59725.0,61813.333333333336,66117.5,21986
2023-11-01,56500.0,57400.0,56300.0,57200.0,56580.0,59430.0,61671.666666666664,65972.5,21124
2023-11-02,58000.0,58300.0,57400.0,57900.0,56860.0,59155.0,61555.0,65837.5,32849
2023-11-03,58500.0,58600.0,57600.0,58000.0,57220.0,58905.0,61421.666666666664,65703.33333333333,44309
2023-11-06,59200.0,60900.0,58600.0,60900.0,58080.0,58810.0,61338.333333333336,65595.83333333333,88493
2023-11-07,61300.0,61800.0,60300.0,61400.0,59080.0,58830.0,61278.333333333336,65500.833333333336,63299
2023-11-08,61800.0,62000.0,61200.0,61400.0,59920.0,58820.0,61246.666666666664,65403.333333333336,26660
2023-11-09,61500.0,62000.0,61200.0,61900.0,60720.0,58790.0,61213.333333333336,65311.666666666664,26986
2023-11-10,61400.0,62500.0,60600.0,60600.0,61240.0,58770.0,61125.0,65217.5,25098
2023-11-13,61400.0,61500.0,60400.0,60500.0,61160.0,58735.0,61030.0,65121.666666666664,15155
2023-11-14,61400.0,62100.0,61000.0,61200.0,61120.0,58770.0,60950.0,65030.0,23522
2023-11-15,62500.0,62700.0,61800.0,62200.0,61280.0,58870.0,60923.333333333336,64941.666666666664,31773
2023-11-16,62300.0,63600.0,62200.0,63200.0,61540.0,59070.0,60953.333333333336,64849.166666666664,42105
2023-11-17,63200.0,63700.0,62200.0,62800.0,61980.0,59350.0,60978.333333333336,64752.5,10941
2023-11-20,63100.0,64400.0,62900.0,63500.0,62580.0,59675.0,61008.333333333336,64665.833333333336,39795
2023-11-21,64000.0,64700.0,63700.0,64600.0,63260.0,60035.0,61058.333333333336,64590.833333333336,41142
2023-11-22,64000.0,64800.0,63500.0,64700.0,63760.0,60385.0,61120.0,64520.0,21457
2023-11-23,64500.0,64900.0,63500.0,64900.0,64100.0,60805.0,61183.333333333336,64440.833333333336,26041
2023-11-24,65000.0,65000.0,64600.0,64700.0,64480.0,61230.0,61240.0,64355.0,22056
2023-11-27,63900.0,65300.0,63900.0,64900.0,64760.0,61645.0,61285.0,64278.333333333336,30092
2023-11-28,65000.0,65200.0,64100.0,64300.0,64700.0,62040.0,61306.666666666664,64196.666666666664,28789
2023-11-29,63900.0,64900.0,63900.0,64300.0,64620.0,62395.0,61328.333333333336,64113.333333333336,19909
2023-11-30,64300.0,64800.0,63700.0,64300.0,64500.0,62715.0,61351.666666666664,64018.333333333336,24745
2023-12-01,64500.0,65400.0,64400.0,64900.0,64540.0,63060.0,61391.666666666664,63935.0,27467
2023-12-04,65400.0,65500.0,64500.0,64500.0,64460.0,63240.0,61411.666666666664,63845.833333333336,13950
2023-12-05,64200.0,65800.0,64000.0,65400.0,64680.0,63440.0,61455.0,63767.5,46243
2023-12-06,65300.0,65900.0,65200.0,65300.0,64880.0,63635.0,61510.0,63700.833333333336,19439
2023-12-07,64500.0,65800.0,64500.0,65600.0,65140.0,63820.0,61585.0,63636.666666666664,18316
2023-12-08,65600.0,65900.0,64800.0,65200.0,65200.0,64050.0,61640.0,63573.333333333336,17902
2023-12-11,65800.0,65900.0,65200.0,65600.0,65420.0,64305.0,61705.0,63510.0,13508
2023-12-12,64900.0,65900.0,64900.0,65800.0,65500.0,64535.0,61778.333333333336,63447.5,23386
2023-12-13,67000.0,67000.0,65400.0,65400.0,65520.0,64695.0,61861.666666666664,63378.333333333336,21059
2023-12-14,66600.0,66600.0,65000.0,65900.0,65580.0,64830.0,61935.0,63325.833333333336,42142
2023-12-15,66000.0,68300.0,65900.0,67400.0,66020.0,65060.0,62023.333333333336,63289.166666666664,81086
2023-12-18,67100.0,67600.0,66600.0,67000.0,66300.0,65235.0,62115.0,63254.166666666664,20924
2023-12-19,66900.0,67100.0,66600.0,66600.0,66460.0,65335.0,62196.666666666664,63217.5,20204
2023-12-20,67700.0,67700.0,66900.0,67400.0,66860.0,65470.0,62295.0,63189.166666666664,25192
2023-12-21,67400.0,67700.0,66500.0,66600.0,67000.0,65555.0,62403.333333333336,63162.5,20831
2023-12-22,66600.0,67100.0,66000.0,66700.0,66860.0,65655.0,62438.333333333336,63136.666666666664,23761
2023-12-26,67000.0,67300.0,66500.0,66600.0,66780.0,65740.0,62483.333333333336,63106.666666666664,21451
2023-12-27,66600.0,66800.0,65700.0,66600.0,66780.0,65855.0,62540.0,63075.0,28261
2023-12-28,66900.0,67500.0,66500.0,67300.0,66760.0,66005.0,62610.0,63059.166666666664,30600
2024-01-02,67000.0,67500.0,66500.0,67200.0,66880.0,66150.0,62673.333333333336,63047.5,21119
2024-01-03,66800.0,74100.0,66700.0,71500.0,67840.0,66480.0,62815.0,63085.0,257226
2024-01-04,71200.0,71300.0,69200.0,69300.0,68380.0,66720.0,62923.333333333336,63120.833333333336,52151
2024-01-05,69300.0,71900.0,69000.0,70700.0,69200.0,66985.0,63085.0,63174.166666666664,58716
2024-01-08,70100.0,71000.0,69300.0,69300.0,69600.0,67185.0,63213.333333333336,63214.166666666664,23082
2024-01-09,69700.0,71300.0,69700.0,70600.0,70280.0,67435.0,63348.333333333336,63260.833333333336,30587
2024-01-10,70700.0,71200.0,69500.0,69500.0,69880.0,67650.0,63490.0,63290.833333333336,18423
2024-01-11,70200.0,70400.0,69100.0,69100.0,69840.0,67825.0,63621.666666666664,63316.666666666664,25177
2024-01-12,68200.0,68900.0,66400.0,66500.0,69000.0,67860.0,63721.666666666664,63326.666666666664,66129
2024-01-15,66000.0,66700.0,66000.0,66100.0,68360.0,67895.0,63820.0,63338.333333333336,3066
2024-01-16,65100.0,66800.0,65100.0,65900.0,67420.0,67895.0,63931.666666666664,63344.166666666664,14148
2024-01-17,66300.0,66300.0,64600.0,64800.0,66480.0,67765.0,64058.333333333336,63343.333333333336,19379
2024-01-18,64400.0,65400.0,63400.0,63400.0,65340.0,67585.0,64165.0,63288.333333333336,25391
2024-01-19,63100.0,64500.0,63100.0,63200.0,64680.0,67415.0,64261.666666666664,63276.666666666664,24473
2024-01-22,63000.0,63900.0,63000.0,63400.0,64140.0,67215.0,64356.666666666664,63278.333333333336,13981
2024-01-23,63100.0,64700.0,63100.0,64600.0,63880.0,67115.0,64491.666666666664,63316.666666666664,27815
2024-01-24,64900.0,65700.0,64400.0,65200.0,63960.0,67040.0,64641.666666666664,63332.5,24446
2024-01-25,65300.0,65400.0,64300.0,65300.0,64340.0,66975.0,64786.666666666664,63359.166666666664,16669
2024-01-26,64700.0,66400.0,64700.0,65300.0,64760.0,66910.0,64935.0,63374.166666666664,17123
2024-01-29,65300.0,66500.0,65200.0,65400.0,65160.0,66815.0,65071.666666666664,63371.666666666664,29630
2024-01-30,65900.0,67000.0,65100.0,65800.0,65400.0,66745.0,65203.333333333336,63379.166666666664,70652
2024-01-31,65100.0,65700.0,63900.0,64500.0,65260.0,66395.0,65311.666666666664,63366.666666666664,33503
2024-02-01,63900.0,67300.0,63500.0,66900.0,65580.0,66275.0,65411.666666666664,63375.0,54493
2024-02-02,66900.0,69600.0,66300.0,68900.0,66300.0,66185.0,65536.66666666667,63407.5,98754
2024-02-05,69900.0,71400.0,68100.0,69000.0,67020.0,66170.0,65663.33333333333,63455.0,72967
2024-02-06,69000.0,70500.0,68400.0,69200.0,67700.0,66100.0,65785.0,63499.166666666664,34425
2024-02-07,68900.0,70400.0,68800.0,69500.0,68700.0,66100.0,65933.33333333333,63529.166666666664,37647
2024-02-08,69900.0,70200.0,67900.0,68700.0,69060.0,66080.0,66070.0,63550.0,29488
2024-02-13,69300.0,70000.0,69000.0,69500.0,69180.0,66230.0,66208.33333333333,63579.166666666664,32313
2024-02-14,68600.0,69300.0,67100.0,68000.0,68980.0,66325.0,66305.0,63614.166666666664,21191
2024-02-15,67700.0,68200.0,66000.0,66400.0,68420.0,66350.0,66358.33333333333,63655.833333333336,59422
2024-02-16,66700.0,70800.0,66400.0,70100.0,68540.0,66615.0,66480.0,63729.166666666664,87066
2024-02-19,70100.0,70400.0,69100.0,69300.0,68660.0,66910.0,66576.66666666667,63792.5,20113
2024-02-20,69400.0,71500.0,69000.0,69500.0,68660.0,67225.0,66658.33333333333,63858.333333333336,72015
2024-02-21,70200.0,70900.0,69500.0,70500.0,69160.0,67580.0,66755.0,63937.5,69409
2024-02-22,71000.0,71000.0,69100.0,70000.0,69880.0,67850.0,66840.0,64011.666666666664,41303
2024-02-23,70000.0,70500.0,69000.0,69900.0,69840.0,68085.0,66926.66666666667,64083.333333333336,39437
2024-02-26,70300.0,70300.0,68300.0,69100.0,69800.0,68275.0,66996.66666666667,64140.833333333336,63542
2024-02-27,70000.0,70000.0,68500.0,69400.0,69780.0,68480.0,67081.66666666667,64194.166666666664,35390
2024-02-28,69000.0,70300.0,68300.0,68900.0,69460.0,68655.0,67158.33333333333,64243.333333333336,24294
2024-02-29,68300.0,69000.0,67900.0,67900.0,69040.0,68760.0,67218.33333333333,64285.0,21488
2024-03-04,68500.0,70200.0,67900.0,68900.0,68840.0,68980.0,67285.0,64338.333333333336,52637
2024-03-05,68200.0,69800.0,67900.0,67900.0,68600.0,69030.0,67341.66666666667,64376.666666666664,22753
2024-03-06,67500.0,70000.0,67500.0,69400.0,68600.0,69055.0,67408.33333333333,64431.666666666664,54871
2024-03-07,69400.0,70000.0,69100.0,69500.0,68720.0,69080.0,67478.33333333333,64494.166666666664,28014
2024-03-08,70300.0,70300.0,68700.0,68800.0,68900.0,69060.0,67531.66666666667,64558.333333333336,28943
2024-03-11,68000.0,68700.0,67600.0,67800.0,68680.0,68975.0,67575.0,64607.5,20157
2024-03-12,68500.0,68900.0,67600.0,68300.0,68760.0,68955.0,67620.0,64662.5,20255
2024-03-13,68300.0,69000.0,67700.0,68300.0,68540.0,68895.0,67661.66666666667,64720.0,25174
2024-03-14,68400.0,68400.0,67000.0,67000.0,68040.0,68845.0,67688.33333333333,64775.0,46714
2024-03-15,67000.0,67500.0,65200.0,65200.0,67320.0,68785.0,67676.66666666667,64805.833333333336,67986
2024-03-18,65400.0,65700.0,64800.0,64800.0,66720.0,68520.0,67633.33333333333,64828.333333333336,23579
2024-03-19,64500.0,64800.0,63700.0,64100.0,65880.0,68260.0,67585.0,64850.0,24465
2024-03-20,64500.0,64500.0,63800.0,63800.0,64980.0,67975.0,67538.33333333333,64867.5,29224
2024-03-21,64400.0,64800.0,64200.0,64600.0,64500.0,67680.0,67491.66666666667,64893.333333333336,28298
2024-03-22,64200.0,65200.0,64000.0,65200.0,64500.0,67440.0,67468.33333333333,64935.833333333336,48810
2024-03-25,65200.0,65200.0,64000.0,64100.0,64360.0,67150.0,67425.0,64931.666666666664,34317
2024-03-26,64400.0,64700.0,64000.0,64100.0,64360.0,66900.0,67383.33333333333,64933.333333333336,29247
2024-03-27,63700.0,64100.0,63600.0,63800.0,64360.0,66620.0,67336.66666666667,64938.333333333336,31426
2024-03-28,63700.0,63900.0,63200.0,63200.0,64080.0,66335.0,67268.33333333333,64939.166666666664,31164
2024-03-29,63100.0,63300.0,62200.0,62300.0,63500.0,66055.0,67186.66666666667,64930.0,35518
2024-04-01,62600.0,62900.0,62100.0,62800.0,63240.0,65750.0,67041.66666666667,64928.333333333336,16366
2024-04-02,62100.0,62400.0,61900.0,61900.0,62800.0,65450.0,66918.33333333333,64920.833333333336,22620
2024-04-03,61500.0,61900.0,60900.0,61500.0,62340.0,65055.0,66765.0,64925.0,30810
2024-04-04,61900.0,61900.0,60900.0,60900.0,61880.0,64625.0,66625.0,64919.166666666664,22193
2024-04-05,60400.0,60900.0,60100.0,60500.0,61520.0,64210.0,66456.66666666667,64902.5,21438
2024-04-08,60600.0,61000.0,59600.0,59800.0,60920.0,63810.0,66295.0,64892.5,15710
2024-04-09,59900.0,60400.0,59700.0,59800.0,60500.0,63385.0,66140.0,64880.833333333336,12431
2024-04-11,59000.0,59400.0,58500.0,59000.0,60000.0,62920.0,66015.0,64868.333333333336,28298
2024-04-12,58600.0,59000.0,58200.0,58400.0,59500.0,62490.0,65886.66666666667,64853.333333333336,18411
2024-04-15,57700.0,58200.0,57200.0,57500.0,58900.0,62105.0,65746.66666666667,64839.166666666664,22442
2024-04-16,56700.0,57200.0,56400.0,56500.0,58240.0,61690.0,65608.33333333333,64833.333333333336,20004
2024-04-17,56300.0,57000.0,56300.0,56800.0,57640.0,61325.0,65498.333333333336,64831.666666666664,17933
2024-04-18,56800.0,57200.0,56700.0,57000.0,57240.0,60985.0,65395.0,64828.333333333336,13381
2024-04-19,56200.0,56500.0,55300.0,55500.0,56660.0,60530.0,65263.333333333336,64810.0,59938
2024-04-22,56000.0,58500.0,55800.0,58500.0,56860.0,60195.0,65161.666666666664,64826.666666666664,48544
2024-04-23,58500.0,58800.0,57800.0,58400.0,57240.0,59910.0,65048.333333333336,64845.0,13192
2024-04-24,59000.0,59100.0,58100.0,58100.0,57500.0,59610.0,64928.333333333336,64857.5,16069
2024-04-25,57500.0,58200.0,57500.0,57500.0,57600.0,59295.0,64798.333333333336,64866.666666666664,12301
2024-04-26,57900.0,58000.0,57400.0,57800.0,58060.0,59025.0,64671.666666666664,64871.666666666664,7949
2024-04-29,58500.0,60700.0,58500.0,60400.0,58440.0,58930.0,64581.666666666664,64892.5,47725
2024-04-30,60400.0,60500.0,59400.0,60500.0,58860.0,58815.0,64515.0,64913.333333333336,19261
2024-05-02,59900.0,61400.0,59500.0,59500.0,59140.0,58695.0,64391.666666666664,64901.666666666664,20932
2024-05-03,59800.0,60300.0,59600.0,59600.0,59560.0,58600.0,64236.666666666664,64886.666666666664,12743
2024-05-07,60800.0,60800.0,59500.0,59600.0,59920.0,58535.0,64080.0,64871.666666666664,23221
2024-05-08,59500.0,59600.0,59000.0,59100.0,59660.0,58465.0,63911.666666666664,64848.333333333336,11638
2024-05-09,58900.0,59600.0,58600.0,58600.0,59280.0,58405.0,63730.0,64831.666666666664,35467
2024-05-10,59700.0,59900.0,58600.0,59000.0,59180.0,58365.0,63568.333333333336,64819.166666666664,11234
2024-05-13,59400.0,59400.0,58400.0,58400.0,58940.0,58335.0,63383.333333333336,64795.833333333336,15093
2024-05-14,58600.0,58600.0,58200.0,58200.0,58660.0,58325.0,63220.0,64762.5,16640
2024-05-16,59500.0,59600.0,58000.0,58000.0,58440.0,58350.0,63080.0,64719.166666666664,33704
2024-05-17,57900.0,58200.0,57500.0,57700.0,58260.0,58410.0,62873.333333333336,64676.666666666664,13590
2024-05-20,57900.0,58100.0,57500.0,57600.0,57980.0,58450.0,62678.333333333336,64627.5,14160
2024-05-21,57200.0,58000.0,56200.0,56200.0,57540.0,58410.0,62456.666666666664,64557.5,28140
2024-05-22,56200.0,56800.0,55900.0,55900.0,57080.0,58430.0,62213.333333333336,64484.166666666664,23078
2024-05-23,55900.0,56100.0,55400.0,55400.0,56560.0,58275.0,61970.0,64405.0,59610
2024-05-24,55200.0,55200.0,53800.0,53800.0,55780.0,58045.0,61701.666666666664,64314.166666666664,68068
2024-05-27,53800.0,54200.0,53100.0,53700.0,55000.0,57825.0,61445.0,64220.833333333336,53261
2024-05-28,53700.0,54500.0,53300.0,54000.0,54560.0,57650.0,61188.333333333336,64135.0,24231
2024-05-29,53600.0,54400.0,53200.0,53700.0,54120.0,57445.0,60935.0,64046.666666666664,19161
2024-05-30,53200.0,53200.0,51200.0,51400.0,53320.0,56995.0,60660.0,63939.166666666664,77428
2024-05-31,51800.0,53100.0,51600.0,53100.0,53180.0,56625.0,60396.666666666664,63840.833333333336,47489
2024-06-03,53200.0,54300.0,53200.0,54100.0,53260.0,56355.0,60166.666666666664,63754.166666666664,21085
2024-06-04,53100.0,54100.0,51900.0,52000.0,52860.0,55975.0,59876.666666666664,63642.5,42476
2024-06-05,52100.0,53000.0,52000.0,52500.0,52620.0,55620.0,59593.333333333336,63535.833333333336,33138
2024-06-07,52600.0,53200.0,52200.0,53000.0,52940.0,55315.0,59330.0,63430.833333333336,16997
2024-06-10,52500.0,52900.0,51900.0,52300.0,52780.0,55000.0,59071.666666666664,63323.333333333336,24557
2024-06-11,52200.0,53000.0,52000.0,52700.0,52500.0,54685.0,58811.666666666664,63215.833333333336,17569
2024-06-12,52500.0,52900.0,51600.0,52200.0,52540.0,54375.0,58543.333333333336,63102.5,32811
2024-06-13,52000.0,52700.0,51200.0,51200.0,52280.0,54025.0,58280.0,62984.166666666664,58321
2024-06-14,51100.0,51600.0,50100.0,50300.0,51740.0,53640.0,58031.666666666664,62854.166666666664,46208
2024-06-17,50300.0,50500.0,49850.0,49950.0,51270.0,53252.5,57784.166666666664,62708.75,24174
2024-06-18,49950.0,50300.0,49700.0,49750.0,50680.0,52860.0,57545.0,62565.0,38416
2024-06-19,49850.0,51000.0,49450.0,51000.0,50440.0,52600.0,57331.666666666664,62435.0,48923
2024-06-20,50600.0,51700.0,50400.0,51200.0,50440.0,52365.0,57108.333333333336,62300.0,21270
2024-06-21,51000.0,51300.0,49900.0,50300.0,50440.0,52110.0,56860.0,62164.166666666664,31347
2024-06-24,50400.0,50400.0,49450.0,49450.0,50340.0,51892.5,56615.833333333336,62020.416666666664,23896
2024-06-25,49000.0,49650.0,49000.0,49250.0,50240.0,51670.0,56368.333333333336,61875.833333333336,16103
2024-06-26,49100.0,49600.0,48700.0,48750.0,49790.0,51407.5,56117.5,61727.083333333336,31847
2024-06-27,48700.0,50000.0,48300.0,48700.0,49290.0,51157.5,55875.833333333336,61572.083333333336,50758
2024-06-28,48400.0,49200.0,48400.0,48800.0,48990.0,51027.5,55650.833333333336,61418.75,17320
2024-07-01,48750.0,49300.0,48500.0,49200.0,48940.0,50832.5,55424.166666666664,61232.916666666664,38499
2024-07-02,48750.0,49100.0,48100.0,48200.0,48730.0,50537.5,55195.833333333336,61057.083333333336,35913
2024-07-03,48450.0,48450.0,47300.0,47850.0,48550.0,50330.0,54968.333333333336,60866.666666666664,59005
2024-07-04,47600.0,48500.0,47550.0,48250.0,48460.0,50117.5,54757.5,60691.25,29894
2024-07-05,48350.0,48650.0,48050.0,48350.0,48370.0,49885.0,54555.0,60505.833333333336,30692
2024-07-08,48100.0,48400.0,47950.0,48250.0,48180.0,49682.5,54362.5,60328.75,17515
2024-07-09,48200.0,48800.0,48150.0,48450.0,48230.0,49470.0,54173.333333333336,60156.666666666664,28752
2024-07-10,48150.0,48300.0,47800.0,48050.0,48270.0,49262.5,53990.833333333336,60002.916666666664,18698
2024-07-11,48250.0,48300.0,47850.0,48300.0,48280.0,49117.5,53822.5,59854.583333333336,29717
2024-07-12,48600.0,49050.0,48200.0,49050.0,48420.0,49055.0,53681.666666666664,59714.166666666664,48974
2024-07-15,49050.0,49450.0,48900.0,49000.0,48570.0,49007.5,53556.666666666664,59582.5,25635
2024-07-16,49100.0,49100.0,48100.0,48100.0,48500.0,48925.0,53411.666666666664,59455.0,21712
2024-07-17,48100.0,49150.0,48000.0,48700.0,48630.0,48810.0,53273.333333333336,59334.166666666664,30439
2024-07-18,48700.0,49200.0,48300.0,48750.0,48720.0,48687.5,53160.833333333336,59212.083333333336,21288
2024-07-19,48750.0,48750.0,48000.0,48550.0,48620.0,48600.0,52995.0,59078.333333333336,19793
2024-07-22,48550.0,48850.0,48000.0,48450.0,48510.0,48550.0,52829.166666666664,58938.75,19263
2024-07-23,48450.0,48750.0,47850.0,47900.0,48470.0,48482.5,52659.166666666664,58793.75,22249
2024-07-24,47550.0,48150.0,47500.0,48000.0,48330.0,48445.0,52500.833333333336,58649.583333333336,18465
2024-07-25,47850.0,48000.0,46950.0,47400.0,48060.0,48380.0,52327.5,58499.583333333336,28117
2024-07-26,47850.0,47900.0,47150.0,47600.0,47870.0,48320.0,52114.166666666664,58347.916666666664,18279
2024-07-29,47600.0,49000.0,47600.0,48900.0,47960.0,48305.0,51920.833333333336,58217.916666666664,26370
2024-07-30,48500.0,49500.0,48300.0,48850.0,48150.0,48337.5,51743.333333333336,58067.5,25690
2024-07-31,49200.0,50200.0,48850.0,49700.0,48490.0,48430.0,51578.333333333336,57907.5,40874
2024-08-01,49550.0,51200.0,49550.0,50900.0,49190.0,48562.5,51433.333333333336,57756.666666666664,32967
2024-08-02,50000.0,50800.0,49450.0,49850.0,49640.0,48637.5,51279.166666666664,57595.416666666664,25403
2024-08-05,49800.0,49850.0,43400.0,43950.0,48650.0,48422.5,51035.0,57382.5,86496
2024-08-06,43650.0,47200.0,43650.0,46200.0,48120.0,48310.0,50821.666666666664,57195.0,52217
2024-08-07,45750.0,49000.0,45250.0,47800.0,47740.0,48297.5,50645.0,57014.166666666664,53751
2024-08-08,47700.0,49050.0,47000.0,48800.0,47320.0,48322.5,50488.333333333336,56854.166666666664,45369
2024-08-09,48400.0,48750.0,47850.0,47900.0,46930.0,48265.0,50320.0,56700.0,22198
2024-08-12,47900.0,49900.0,47900.0,49900.0,48120.0,48310.0,50190.0,56531.666666666664,34061
2024-08-13,49800.0,50000.0,49100.0,49100.0,48700.0,48360.0,50048.333333333336,56363.333333333336,24276
2024-08-14,49100.0,49750.0,48450.0,49400.0,49020.0,48395.0,49935.0,56195.833333333336,27319
2024-08-16,50000.0,50600.0,48800.0,49000.0,49060.0,48407.5,49820.0,56016.666666666664,26322
2024-08-19,49550.0,50700.0,49350.0,50500.0,49580.0,48505.0,49738.333333333336,55854.166666666664,38760
2024-08-20,50500.0,51000.0,50100.0,50600.0,49720.0,48612.5,49685.0,55693.333333333336,21861
2024-08-21,51000.0,51100.0,50100.0,51000.0,50100.0,48767.5,49640.0,55542.5,23051
2024-08-22,50700.0,52400.0,50600.0,52100.0,50640.0,48972.5,49608.333333333336,55398.333333333336,49517
2024-08-23,52300.0,52400.0,50900.0,51200.0,51080.0,49162.5,49566.666666666664,55250.833333333336,17725
2024-08-26,51500.0,52100.0,51100.0,51500.0,51280.0,49357.5,49568.333333333336,55114.166666666664,15206
2024-08-27,51000.0,52200.0,51000.0,51300.0,51420.0,49477.5,49538.333333333336,54967.5,19218
2024-08-28,51400.0,51500.0,49650.0,49700.0,51160.0,49520.0,49465.0,54815.833333333336,23284
2024-08-29,49500.0,50400.0,49150.0,49550.0,50650.0,49512.5,49424.166666666664,54650.416666666664,17013
2024-08-30,50100.0,50100.0,49000.0,49600.0,50330.0,49447.5,49375.833333333336,54484.583333333336,18793
2024-09-02,49500.0,49500.0,48250.0,48750.0,49780.0,49392.5,49305.0,54317.5,27609
2024-09-03,48750.0,49350.0,48500.0,48600.0,49240.0,49625.0,49243.333333333336,54157.5,8426
2024-09-04,48000.0,48250.0,47050.0,47150.0,48730.0,49672.5,49150.833333333336,53981.25,22615
2024-09-05,46950.0,48300.0,46950.0,47950.0,48410.0,49680.0,49080.0,53811.666666666664,10411
2024-09-06,47900.0,47900.0,47000.0,47250.0,47940.0,49602.5,49014.166666666664,53647.083333333336,19611
2024-09-09,46400.0,47350.0,46100.0,47100.0,47610.0,49562.5,48960.833333333336,53496.25,17667
2024-09-10,47100.0,48800.0,47100.0,48700.0,47630.0,49502.5,48940.0,53362.083333333336,29362
2024-09-11,48800.0,48900.0,47950.0,48700.0,47940.0,49482.5,48922.5,53233.75,31233
2024-09-12,48700.0,49200.0,48100.0,48950.0,48140.0,49460.0,48888.333333333336,53110.0,46541
2024-09-13,49450.0,49450.0,48350.0,49000.0,48490.0,49460.0,48851.666666666664,52980.0,14978
2024-09-19,49000.0,49700.0,48300.0,49350.0,48940.0,49402.5,48835.833333333336,52847.916666666664,20372
2024-09-20,49450.0,50500.0,48200.0,48200.0,48840.0,49282.5,48815.0,52715.416666666664,169633
2024-09-23,48050.0,48550.0,46300.0,47850.0,48670.0,49125.0,48791.666666666664,52580.0,60972
2024-09-24,47600.0,50200.0,47600.0,50200.0,48920.0,49030.0,48815.833333333336,52466.666666666664,44349
2024-09-25,50800.0,51700.0,50500.0,50600.0,49240.0,49000.0,48847.5,52361.666666666664,44179
2024-09-26,51000.0,51400.0,50400.0,51200.0,49610.0,48985.0,48887.5,52269.166666666664,21952
2024-09-27,51300.0,51900.0,51000.0,51100.0,50190.0,48975.0,48919.166666666664,52171.666666666664,21551
2024-09-30,51900.0,52000.0,50800.0,51000.0,50820.0,49040.0,48965.833333333336,52080.833333333336,29113
2024-10-02,50400.0,51900.0,49750.0,50600.0,50900.0,49092.5,49011.666666666664,51990.0,31192
2024-10-04,50900.0,51500.0,50100.0,50800.0,50940.0,49152.5,49054.166666666664,51905.833333333336,18538
2024-10-07,50600.0,51700.0,50000.0,51200.0,50940.0,49275.0,49101.666666666664,51828.333333333336,18595
2024-10-08,51200.0,51200.0,50000.0,50100.0,50740.0,49350.0,49132.5,51747.5,18858
2024-10-10,51000.0,51000.0,49250.0,49250.0,50390.0,49455.0,49145.833333333336,51659.583333333336,28531
2024-10-11,49950.0,50900.0,49650.0,50500.0,50370.0,49582.5,49186.666666666664,51588.75,22333
2024-10-14,50500.0,50900.0,49500.0,50200.0,50250.0,49730.0,49218.333333333336,51520.416666666664,20018
2024-10-15,50200.0,50900.0,49750.0,50900.0,50190.0,49920.0,49249.166666666664,51465.416666666664,23231
2024-10-16,50500.0,52300.0,50200.0,51300.0,50430.0,50050.0,49287.5,51422.083333333336,57728
2024-10-17,51800.0,51800.0,50600.0,50800.0,50740.0,50155.0,49332.5,51372.083333333336,17430
2024-10-18,50900.0,52100.0,50700.0,51100.0,50860.0,50262.5,49372.5,51322.916666666664,23181
2024-10-21,51300.0,51500.0,50100.0,50100.0,50840.0,50317.5,49395.0,51277.916666666664,24613
2024-10-22,50000.0,50100.0,48050.0,48150.0,50290.0,50257.5,49388.333333333336,51191.666666666664,33102
2024-10-23,48200.0,49850.0,48200.0,49150.0,49860.0,50305.0,49400.0,51114.583333333336,27981
2024-10-24,49450.0,49500.0,48650.0,49200.0,49540.0,50372.5,49421.666666666664,51040.416666666664,15435
2024-10-25,49200.0,49200.0,47300.0,47350.0,48790.0,50230.0,49410.833333333336,50955.833333333336,33087
2024-10-28,48150.0,49800.0,47550.0,49250.0,48620.0,50162.5,49441.666666666664,50884.583333333336,30927
2024-10-29,49450.0,49500.0,48350.0,48750.0,48740.0,50040.0,49460.833333333336,50787.5,19551
2024-10-30,48750.0,49400.0,48500.0,49300.0,48770.0,49950.0,49467.5,50694.166666666664,13771
2024-10-31,50300.0,50300.0,48700.0,50000.0,48930.0,49900.0,49486.666666666664,50615.0,20637
2024-11-01,50000.0,50100.0,48700.0,48800.0,49220.0,49810.0,49471.666666666664,50525.0,20803
2024-11-04,48750.0,50000.0,47950.0,48450.0,49060.0,49692.5,49430.833333333336,50432.083333333336,38995
2024-11-05,48150.0,48700.0,48000.0,48500.0,49010.0,49557.5,49408.333333333336,50343.75,14731
2024-11-06,48450.0,48450.0,47150.0,47250.0,48600.0,49415.0,49463.333333333336,50249.166666666664,36692
2024-11-07,47000.0,47000.0,45800.0,46650.0,47930.0,49285.0,49470.833333333336,50146.25,33425
2024-11-08,46650.0,46900.0,46000.0,46000.0,47370.0,49060.0,49440.833333333336,50042.916666666664,21864
2024-11-11,45950.0,46100.0,44550.0,44800.0,46640.0,48790.0,49374.166666666664,49931.25,32914
2024-11-12,44250.0,45450.0,43600.0,43700.0,45680.0,48430.0,49304.166666666664,49812.083333333336,26307
2024-11-13,43000.0,43650.0,41350.0,41550.0,44540.0,47942.5,49165.0,49677.5,40206
2024-11-14,41400.0,41550.0,40450.0,40750.0,43360.0,47440.0,49025.833333333336,49537.083333333336,33044
2024-11-15,40550.0,40650.0,39800.0,40350.0,42230.0,46902.5,48875.0,49405.0,28510
2024-11-18,40100.0,41250.0,40050.0,41000.0,41470.0,46447.5,48741.666666666664,49280.833333333336,21167
2024-11-19,40700.0,42750.0,40700.0,42700.0,41270.0,46175.0,48611.666666666664,49175.0,28406
2024-11-20,42300.0,43550.0,42100.0,43200.0,41600.0,45877.5,48488.333333333336,49086.666666666664,14849
2024-11-21,43400.0,43450.0,42750.0,42850.0,42020.0,45560.0,48352.5,48996.25,12733
2024-11-22,43300.0,43300.0,42800.0,43050.0,42560.0,45345.0,48201.666666666664,48905.0,8323
2024-11-25,43500.0,43500.0,42350.0,42550.0,42870.0,45010.0,48057.5,48812.083333333336,27143
2024-11-26,42400.0,42700.0,42000.0,42600.0,42850.0,44702.5,47909.166666666664,48738.75,11242
2024-11-27,42450.0,43050.0,42100.0,42700.0,42750.0,44372.5,47765.833333333336,48652.083333333336,17330
2024-11-28,42800.0,44200.0,42500.0,43800.0,42940.0,44062.5,47667.5,48566.25,23719
2024-11-29,43250.0,43700.0,41600.0,42050.0,42740.0,43725.0,47542.5,48483.333333333336,32496
2024-12-02,42200.0,42550.0,41600.0,42300.0,42690.0,43417.5,47420.833333333336,48398.333333333336,19932
2024-12-03,42700.0,43750.0,42000.0,43600.0,42890.0,43172.5,47335.0,48320.0,25247
2024-12-04,42300.0,43300.0,42200.0,42550.0,42860.0,42937.5,47234.166666666664,48238.75,17479
2024-12-05,42500.0,42500.0,41350.0,41450.0,42390.0,42677.5,47139.166666666664,48145.0,15585
2024-12-06,41450.0,41950.0,40650.0,40950.0,42170.0,42425.0,47022.5,48051.25,19217
2024-12-09,40800.0,40800.0,39100.0,39200.0,41550.0,42145.0,46888.333333333336,47951.25,29457
2024-12-10,39350.0,41500.0,39350.0,41250.0,41080.0,42022.5,46790.833333333336,47875.833333333336,27211
2024-12-11,41350.0,45600.0,41050.0,45000.0,41570.0,42195.0,46729.166666666664,47834.583333333336,69912
2024-12-12,45000.0,45900.0,44400.0,45900.0,42460.0,42452.5,46682.5,47802.5,43850
2024-12-13,45450.0,46450.0,45000.0,45900.0,43450.0,42730.0,46631.666666666664,47760.0,23202
2024-12-16,45900.0,46300.0,44900.0,44900.0,44590.0,42925.0,46563.333333333336,47707.5,11911
2024-12-17,45400.0,46250.0,44200.0,46000.0,45540.0,43090.0,46507.5,47671.666666666664,22804
2024-12-18,46000.0,47350.0,45300.0,47250.0,45990.0,43292.5,46491.666666666664,47653.333333333336,34904
2024-12-19,46100.0,47000.0,46000.0,46200.0,46050.0,43460.0,46464.166666666664,47627.916666666664,17294
2024-12-20,45700.0,47000.0,45450.0,47000.0,46270.0,43657.5,46410.833333333336,47613.333333333336,26256
2024-12-23,47050.0,47050.0,45700.0,46550.0,46600.0,43857.5,46343.333333333336,47595.416666666664,26769
2024-12-24,45900.0,46550.0,45550.0,45550.0,46510.0,44005.0,46249.166666666664,47568.333333333336,15064
2024-12-26,46350.0,46350.0,44500.0,44500.0,45960.0,44095.0,46139.166666666664,47529.166666666664,13451
2024-12-27,44600.0,45400.0,43950.0,45400.0,45800.0,44175.0,46045.833333333336,47505.833333333336,17864
2024-12-30,45350.0,45700.0,44300.0,44300.0,45260.0,44287.5,45940.833333333336,47476.25,9695
2025-01-02,44050.0,44900.0,43900.0,44400.0,44830.0,44392.5,45834.166666666664,47444.166666666664,15985
2025-01-03,44000.0,46400.0,44000.0,45550.0,44830.0,44490.0,45740.0,47420.833333333336,19652
2025-01-06,45450.0,45700.0,44950.0,45150.0,44960.0,44620.0,45657.5,47395.0,19671
2025-01-07,45150.0,45750.0,44500.0,44750.0,44830.0,44785.0,45582.5,47364.166666666664,18109
2025-01-08,44400.0,45300.0,44250.0,44450.0,44860.0,44960.0,45481.666666666664,47334.166666666664,23439
2025-01-09,44100.0,44350.0,43200.0,43500.0,44680.0,45175.0,45370.0,47294.166666666664,41472
2025-01-10,43100.0,43800.0,42600.0,42750.0,44120.0,45250.0,45234.166666666664,47241.666666666664,22509
2025-01-13,42750.0,43000.0,42050.0,42650.0,43620.0,45132.5,45090.0,47188.75,20807
2025-01-14,42850.0,43100.0,41600.0,42100.0,43090.0,44942.5,44945.0,47138.75,21223
2025-01-15,42150.0,42600.0,41550.0,41650.0,42530.0,44730.0,44787.5,47080.0,14056
2025-01-16,43500.0,43500.0,41500.0,42400.0,42310.0,44605.0,44659.166666666664,47027.083333333336,23154
2025-01-17,42000.0,42000.0,41500.0,41750.0,42110.0,44392.5,44552.5,46970.416666666664,16671
2025-01-20,41800.0,43100.0,41750.0,42350.0,42050.0,44147.5,44439.166666666664,46919.583333333336,20132
2025-01-21,42200.0,42650.0,41500.0,41850.0,42000.0,43930.0,44316.666666666664,46869.166666666664,16119
2025-01-22,42250.0,42700.0,41700.0,42050.0,42080.0,43682.5,44228.333333333336,46819.583333333336,25363
2025-01-23,42450.0,42450.0,41000.0,41250.0,41850.0,43417.5,44095.0,46768.333333333336,27479
2025-01-24,41400.0,42150.0,41150.0,41650.0,41830.0,43222.5,43976.666666666664,46718.75,20246
2025-01-31,42100.0,42500.0,41300.0,41400.0,41640.0,43067.5,43845.0,46656.25,18439
2025-02-03,40950.0,40950.0,39300.0,40350.0,41340.0,42815.0,43684.166666666664,46585.416666666664,33709
2025-02-04,40400.0,41000.0,40200.0,40200.0,40970.0,42610.0,43540.833333333336,46506.25,19737
2025-02-05,40100.0,41450.0,40100.0,40900.0,40900.0,42435.0,43415.0,46422.916666666664,21179
2025-02-06,40950.0,41500.0,40750.0,41450.0,40860.0,42230.0,43297.5,46352.916666666664,23254
2025-02-07,41050.0,41750.0,40800.0,40950.0,40770.0,42020.0,43192.5,46327.916666666664,16447
2025-02-10,41100.0,43500.0,41100.0,43000.0,41300.0,41932.5,43131.666666666664,46301.25,77951
2025-02-11,43100.0,43500.0,42400.0,43300.0,41920.0,41875.0,43086.666666666664,46263.75,35153
2025-02-12,43600.0,43600.0,42250.0,42250.0,42190.0,41812.5,43044.166666666664,46209.166666666664,19700
2025-02-13,42100.0,43450.0,42100.0,42650.0,42430.0,41807.5,43026.666666666664,46165.416666666664,38450
2025-02-14,42600.0,43500.0,42550.0,42650.0,42770.0,41807.5,43045.0,46105.0,27798
2025-02-17,42750.0,44000.0,42600.0,43750.0,42920.0,41890.0,43095.0,46060.416666666664,40907
2025-02-18,43550.0,44750.0,43050.0,44250.0,43110.0,42020.0,43160.0,46017.5,35014
2025-02-19,44000.0,45150.0,44000.0,44850.0,43630.0,42142.5,43224.166666666664,45982.916666666664,32978
2025-02-20,44850.0,45300.0,44400.0,45200.0,44140.0,42315.0,43265.833333333336,45938.75,28768
2025-02-21,45000.0,45150.0,44550.0,44950.0,44600.0,42445.0,43295.0,45891.666666666664,19394
2025-02-24,44950.0,45900.0,44500.0,44600.0,44770.0,42582.5,43324.166666666664,45838.333333333336,36734
2025-02-25,44650.0,44650.0,43550.0,43600.0,44640.0,42660.0,43333.333333333336,45767.5,30369
2025-02-26,43600.0,44350.0,43400.0,44200.0,44510.0,42807.5,43360.833333333336,45709.166666666664,29320
2025-02-27,44000.0,44200.0,43400.0,43900.0,44250.0,42920.0,43382.5,45645.833333333336,30728
2025-02-28,43350.0,43550.0,41800.0,41800.0,43620.0,42940.0,43367.5,45566.666666666664,45814
2025-03-04,41750.0,41750.0,40600.0,40650.0,42830.0,42955.0,43315.0,45491.25,25761
2025-03-05,40650.0,42300.0,40650.0,42300.0,42570.0,43060.0,43319.166666666664,45430.833333333336,27865
2025-03-06,41850.0,42500.0,41700.0,42300.0,42190.0,43130.0,43319.166666666664,45370.0,19963
2025-03-07,42400.0,44500.0,41400.0,43500.0,42110.0,43232.5,43317.5,45326.25,64366
2025-03-10,43500.0,43600.0,42450.0,43300.0,42410.0,43350.0,43330.0,45282.083333333336,22030
2025-03-11,42500.0,42500.0,41500.0,41800.0,42640.0,43290.0,43335.833333333336,45237.5,28505
2025-03-12,41550.0,42050.0,41500.0,41950.0,42570.0,43222.5,43352.5,45187.5,27108
2025-03-13,41950.0,42750.0,41750.0,41850.0,42480.0,43202.5,43396.666666666664,45142.5,29670
2025-03-14,41850.0,42900.0,41750.0,42100.0,42200.0,43175.0,43410.833333333336,45100.833333333336,21133
2025-03-17,42450.0,42800.0,41900.0,42600.0,42060.0,43172.5,43370.833333333336,45050.0,23634
2025-03-18,42600.0,42900.0,42200.0,42250.0,42150.0,43097.5,43310.0,44996.25,20498
2025-03-19,42100.0,43250.0,42100.0,42950.0,42350.0,43032.5,43260.833333333336,44946.25,21570
2025-03-20,42800.0,43150.0,42200.0,42550.0,42490.0,42917.5,43221.666666666664,44892.5,31180
2025-03-21,42300.0,42600.0,41650.0,42600.0,42590.0,42787.5,43165.0,44836.25,36161
2025-03-24,42200.0,42600.0,41950.0,42000.0,42470.0,42640.0,43077.5,44784.583333333336,19232
2025-03-25,41800.0,42150.0,41400.0,41700.0,42360.0,42495.0,43002.5,44733.333333333336,19406
2025-03-26,41400.0,42200.0,41400.0,41550.0,42080.0,42392.5,42911.666666666664,44661.25,33305
2025-03-27,41350.0,41500.0,40850.0,40900.0,41750.0,42227.5,42817.5,44580.416666666664,24919
2025-03-28,40700.0,41000.0,39800.0,40500.0,41330.0,42057.5,42733.333333333336,44491.25,29589
2025-03-31,40100.0,40150.0,38900.0,39300.0,40790.0,41932.5,42646.666666666664,44392.916666666664,39920
2025-04-01,39300.0,39950.0,39300.0,39450.0,40340.0,41872.5,42547.5,44296.666666666664,18577
2025-04-02,39500.0,39600.0,38400.0,38550.0,39740.0,41685.0,42451.666666666664,44196.25,38372
2025-04-03,37950.0,38000.0,36900.0,37150.0,38990.0,41427.5,42330.833333333336,44082.5,55544
2025-04-04,36250.0,38200.0,36250.0,38050.0,38500.0,41155.0,42205.833333333336,43972.916666666664,50011
2025-04-07,37000.0,37150.0,36000.0,36600.0,37960.0,40820.0,42063.333333333336,43860.416666666664,39507
2025-04-08,36800.0,37000.0,35950.0,36050.0,37280.0,40532.5,41918.333333333336,43750.416666666664,39210
2025-04-09,35750.0,35950.0,33500.0,33800.0,36330.0,40125.0,41740.833333333336,43611.25,102789
2025-04-10,35300.0,35350.0,34350.0,35350.0,35970.0,39800.0,41605.0,43487.5,55348
2025-04-11,34800.0,35200.0,34200.0,35200.0,35400.0,39455.0,41479.166666666664,43356.666666666664,48190
2025-04-14,35200.0,36350.0,35100.0,36250.0,35330.0,39137.5,41372.5,43231.25,32821
2025-04-15,36100.0,37450.0,36100.0,37250.0,35570.0,38887.5,41291.666666666664,43118.333333333336,19059
2025-04-16,37250.0,37300.0,36350.0,36400.0,36090.0,38560.0,41204.166666666664,42995.833333333336,17094
2025-04-17,36400.0,37100.0,36100.0,37000.0,36420.0,38282.5,41114.166666666664,42886.666666666664,14133
2025-04-18,36850.0,37100.0,36400.0,36900.0,36760.0,37997.5,41033.333333333336,42792.916666666664,9734
2025-04-21,36500.0,37150.0,35550.0,36650.0,36840.0,37730.0,40938.333333333336,42688.75,13711
2025-04-22,36150.0,37000.0,36150.0,36650.0,36720.0,37477.5,40851.666666666664,42584.166666666664,11626
2025-04-23,37050.0,37750.0,37050.0,37450.0,36930.0,37272.5,40775.0,42501.666666666664,19288
2025-04-24,37550.0,38000.0,37150.0,37750.0,37080.0,37115.0,40716.666666666664,42405.833333333336,18118
2025-04-25,38150.0,40700.0,38150.0,40500.0,37800.0,37115.0,40697.5,42337.083333333336,111020
2025-04-28,40050.0,40400.0,39650.0,39750.0,38420.0,37137.5,40670.0,42257.5,18663
2025-04-29,40000.0,40900.0,39950.0,40400.0,39170.0,37185.0,40670.833333333336,42177.5,24101
2025-04-30,40000.0,40350.0,39550.0,39800.0,39640.0,37247.5,40664.166666666664,42102.5,14034
2025-05-02,39450.0,40900.0,39150.0,40600.0,40210.0,37420.0,40659.166666666664,42037.083333333336,26495
2025-05-07,41000.0,41000.0,39400.0,39850.0,40080.0,37510.0,40632.5,41965.0,30342
2025-05-08,39650.0,42950.0,39650.0,42900.0,40710.0,37825.0,40665.0,41928.75,87792
2025-05-09,45900.0,50000.0,45100.0,48850.0,42400.0,38465.0,40762.5,41947.083333333336,437034
2025-05-12,48800.0,51700.0,48150.0,50900.0,44620.0,39320.0,40889.166666666664,41987.916666666664,133291
2025-05-13,50000.0,50600.0,49450.0,50300.0,46560.0,40067.5,41023.333333333336,42033.75,77759
2025-05-14,50100.0,50500.0,48000.0,49700.0,48530.0,40792.5,41140.833333333336,42083.75,122871
2025-05-15,49000.0,54400.0,49000.0,53700.0,50690.0,41665.0,41325.0,42185.0,223806
2025-05-16,54900.0,54900.0,52700.0,53200.0,51560.0,42462.5,41482.5,42288.75,102056
2025-05-19,53300.0,55500.0,52900.0,53700.0,52120.0,43327.5,41640.0,42400.0,116243
2025-05-20,53900.0,54200.0,52300.0,53700.0,52800.0,44162.5,41787.5,42505.833333333336,62258
2025-05-21,54100.0,55000.0,52900.0,53700.0,53600.0,45002.5,41929.166666666664,42597.5,48796
2025-05-22,53100.0,54300.0,52800.0,53000.0,53460.0,45820.0,42063.333333333336,42679.166666666664,59835
2025-05-23,53500.0,55400.0,53000.0,54200.0,53660.0,46697.5,42223.333333333336,42773.75,69031
2025-05-26,53600.0,55100.0,53600.0,54500.0,53820.0,47550.0,42405.0,42869.166666666664,66567
2025-05-27,53900.0,54900.0,53800.0,54400.0,53960.0,48382.5,42575.0,42967.916666666664,34990
2025-05-28,53900.0,55400.0,53200.0,54400.0,54100.0,49077.5,42750.0,43066.25,80036
2025-05-29,55100.0,55400.0,54000.0,55000.0,54500.0,49840.0,42970.0,43168.75,44985
2025-05-30,54400.0,58100.0,54000.0,57400.0,55140.0,50690.0,43249.166666666664,43282.083333333336,211150
2025-06-02,56800.0,59900.0,56100.0,58900.0,56020.0,51645.0,43525.833333333336,43422.5,185801
2025-06-04,58900.0,62100.0,58900.0,61900.0,57520.0,52710.0,43852.5,43585.833333333336,92400
2025-06-05,62400.0,62400.0,59600.0,61200.0,58880.0,53777.5,44147.5,43732.5,112763
2025-06-09,60700.0,60800.0,59000.0,59500.0,59780.0,54607.5,44417.5,43873.75,124856
2025-06-10,60300.0,62500.0,59400.0,60900.0,60480.0,55210.0,44735.833333333336,44035.833333333336,104144
2025-06-11,60300.0,62300.0,60300.0,60700.0,60840.0,55700.0,45048.333333333336,44200.416666666664,48231
2025-06-12,60300.0,61400.0,60000.0,60400.0,60540.0,56205.0,45357.5,44377.083333333336,61279
2025-06-13,60300.0,60800.0,58600.0,59300.0,60160.0,56685.0,45644.166666666664,44527.5,74231
2025-06-16,58800.0,59700.0,57500.0,58100.0,59880.0,56905.0,45902.5,44636.666666666664,64184
2025-06-17,57800.0,58300.0,56300.0,57000.0,59100.0,57095.0,46148.333333333336,44729.166666666664,75311
2025-06-18,56500.0,57100.0,55500.0,56100.0,58180.0,57215.0,46367.5,44814.166666666664,67008
2025-06-19,55900.0,56700.0,54500.0,55300.0,57160.0,57295.0,46580.0,44900.833333333336,61293
2025-06-20,56100.0,65200.0,54700.0,63900.0,58080.0,57805.0,46935.0,45050.0,394061
2025-06-23,62200.0,71700.0,61700.0,69400.0,60340.0,58625.0,47391.666666666664,45234.583333333336,448906
2025-06-24,68500.0,71400.0,67200.0,69100.0,62760.0,59370.0,47848.333333333336,45425.416666666664,211505
2025-06-25,69100.0,70000.0,67700.0,69000.0,65340.0,60095.0,48305.833333333336,45608.75,135678
2025-06-26,68700.0,73400.0,68100.0,73000.0,68880.0,61025.0,48840.833333333336,45829.166666666664,242206
2025-06-27,71900.0,72200.0,69700.0,69700.0,70040.0,61790.0,49327.5,46030.416666666664,87485
2025-06-30,69800.0,73000.0,69800.0,72000.0,70560.0,62640.0,49872.5,46259.583333333336,134573
2025-07-01,71300.0,72500.0,71000.0,71800.0,71100.0,63360.0,50411.666666666664,46479.583333333336,76953
2025-07-02,72000.0,73500.0,70600.0,72300.0,71760.0,64030.0,50974.166666666664,46712.916666666664,90080
2025-07-03,71900.0,76800.0,71750.0,76700.0,72500.0,64770.0,51633.333333333336,46982.083333333336,185721
2025-07-04,76700.0,76800.0,73300.0,74000.0,73360.0,65410.0,52232.5,47219.166666666664,67588
2025-07-07,73700.0,74500.0,72500.0,73300.0,73620.0,66100.0,52844.166666666664,47453.75,60564
2025-07-08,72400.0,74700.0,72000.0,72500.0,73760.0,66680.0,53451.666666666664,47685.0,53744
2025-07-09,72200.0,73500.0,70500.0,72400.0,73780.0,67265.0,54095.0,47917.916666666664,80704
2025-07-10,72200.0,74200.0,71300.0,72900.0,73020.0,67890.0,54720.833333333336,48162.916666666664,63409
2025-07-11,72500.0,73700.0,71700.0,72800.0,72780.0,68565.0,55347.5,48413.333333333336,41362
2025-07-14,72100.0,73900.0,71500.0,72800.0,72680.0,69300.0,55956.666666666664,48664.583333333336,63705
2025-07-15,72200.0,74000.0,72000.0,73800.0,72940.0,70140.0,56565.833333333336,48928.75,49061
2025-07-16,73300.0,75500.0,72800.0,73000.0,73060.0,70985.0,57175.833333333336,49190.0,56797
2025-07-17,73100.0,76400.0,71200.0,73600.0,73200.0,71900.0,57785.833333333336,49450.0,101898
2025-07-18,74000.0,75700.0,72400.0,73100.0,73260.0,72360.0,58389.166666666664,49711.25,56506
2025-07-21,73100.0,74000.0,70900.0,71000.0,72900.0,72440.0,58961.666666666664,49950.0,67687
2025-07-22,71100.0,74900.0,70500.0,73400.0,72820.0,72655.0,59574.166666666664,50212.916666666664,117484
2025-07-23,73400.0,73500.0,71400.0,72000.0,72620.0,72805.0,60150.0,50462.5,66472
2025-07-24,71600.0,73000.0,69800.0,71000.0,72100.0,72705.0,60704.166666666664,50710.416666666664,71083
2025-07-25,70200.0,71200.0,69600.0,69900.0,71460.0,72715.0,61194.166666666664,50945.833333333336,51563
2025-07-28,69500.0,70300.0,67900.0,68500.0,70960.0,72540.0,61673.333333333336,51171.666666666664,48597
2025-07-29,67900.0,69300.0,66000.0,69100.0,70100.0,72405.0,62151.666666666664,51411.25,65319
2025-07-30,68500.0,69000.0,67500.0,68300.0,69360.0,72205.0,62626.666666666664,51645.416666666664,38296
2025-07-31,67800.0,68500.0,67600.0,68000.0,68760.0,71770.0,63083.333333333336,51871.25,27688
2025-08-01,67100.0,67500.0,64500.0,64600.0,67700.0,71300.0,63495.833333333336,52064.166666666664,66902
2025-08-04,65600.0,67200.0,64800.0,66300.0,67260.0,70950.0,63885.833333333336,52275.416666666664,54099
2025-08-05,66500.0,67500.0,66100.0,66700.0,66780.0,70660.0,64183.333333333336,52472.916666666664,55039
2025-08-06,65800.0,69400.0,65600.0,69000.0,66920.0,70490.0,64485.0,52687.083333333336,75754
2025-08-07,68400.0,68800.0,66900.0,67300.0,66780.0,70210.0,64768.333333333336,52895.833333333336,41453
2025-08-08,66600.0,66700.0,61500.0,64900.0,66840.0,69815.0,65021.666666666664,53081.25,229177
2025-08-11,65500.0,66800.0,63700.0,66200.0,66820.0,69485.0,65230.0,53277.5,54275
2025-08-12,65000.0,65900.0,63500.0,63500.0,66180.0,68970.0,65401.666666666664,53442.083333333336,48865
2025-08-13,63600.0,63900.0,61400.0,62000.0,64780.0,68420.0,65540.0,53590.0,58222
2025-08-14,62000.0,62800.0,62000.0,62500.0,63820.0,67865.0,65686.66666666667,53737.083333333336,38328
2025-08-18,62300.0,62800.0,61200.0,61400.0,63120.0,67280.0,65815.0,53872.083333333336,37595
2025-08-19,62300.0,62300.0,61000.0,61600.0,62200.0,66810.0,65958.33333333333,54010.833333333336,35207
2025-08-20,62100.0,62100.0,59900.0,60500.0,61600.0,66165.0,66063.33333333333,54143.333333333336,34170
2025-08-21,61300.0,62300.0,60300.0,61000.0,61400.0,65615.0,66171.66666666667,54288.333333333336,27886
2025-08-22,61600.0,61700.0,59900.0,60300.0,60960.0,65080.0,66270.0,54422.5,35323
2025-08-25,60400.0,61400.0,60400.0,60900.0,60860.0,64630.0,66378.33333333333,54564.166666666664,19276
2025-08-26,60300.0,61700.0,60300.0,61000.0,60740.0,64255.0,66478.33333333333,54724.166666666664,13733
2025-08-27,61000.0,61400.0,59700.0,60000.0,60640.0,63800.0,66521.66666666667,54885.416666666664,28325
2025-08-28,60300.0,60700.0,59800.0,60000.0,60440.0,63385.0,66540.0,55032.916666666664,23914
2025-08-29,60500.0,60500.0,58500.0,59500.0,60280.0,62960.0,66500.0,55176.25,23437
2025-09-01,59500.0,59500.0,57800.0,58100.0,59720.0,62635.0,66448.33333333333,55297.916666666664,24842
2025-09-02,58000.0,58800.0,57400.0,58500.0,59220.0,62245.0,66431.66666666667,55424.583333333336,49999
2025-09-03,58000.0,59300.0,57900.0,58200.0,58860.0,61820.0,66386.66666666667,55561.25,41005
2025-09-04,58200.0,62200.0,58200.0,61400.0,59140.0,61440.0,66398.33333333333,55723.333333333336,64362
2025-09-05,61500.0,61500.0,60100.0,60500.0,59340.0,61100.0,66400.0,55878.75,18448
2025-09-08,61800.0,62200.0,60400.0,60700.0,59860.0,60890.0,66423.33333333333,56033.75,29435
2025-09-09,60300.0,62300.0,60300.0,62100.0,60580.0,60685.0,66490.0,56196.25,50272
2025-09-10,61500.0,62300.0,60000.0,60300.0,61000.0,60525.0,66545.0,56346.666666666664,63360
2025-09-11,60600.0,61000.0,60000.0,60500.0,60820.0,60450.0,66618.33333333333,56492.916666666664,43492
2025-09-12,60500.0,62300.0,60300.0,61600.0,61040.0,60405.0,66723.33333333333,56651.666666666664,58684
2025-09-15,61100.0,62700.0,61000.0,62300.0,61360.0,60450.0,66696.66666666667,56815.833333333336,30818
2025-09-16,62200.0,66300.0,61600.0,64400.0,61820.0,60590.0,66613.33333333333,57002.5,111283
2025-09-17,64200.0,64400.0,62800.0,64000.0,62560.0,60765.0,66528.33333333333,57188.333333333336,36014
2025-09-18,64600.0,65600.0,63000.0,63800.0,63220.0,60905.0,66441.66666666667,57373.75,53165
2025-09-22,65400.0,66100.0,63350.0,63500.0,63600.0,61065.0,66283.33333333333,57562.083333333336,50628
2025-09-23,63100.0,63900.0,61600.0,62500.0,63640.0,61145.0,66163.33333333333,57745.416666666664,42276
2025-09-24,62000.0,63400.0,61100.0,61600.0,63080.0,61175.0,65990.0,57931.25,43454
2025-09-25,61700.0,62000.0,60600.0,60700.0,62420.0,61210.0,65805.0,58108.333333333336,21547
2025-09-26,60100.0,60900.0,59200.0,59300.0,61520.0,61175.0,65588.33333333333,58281.25,27081
2025-09-29,60500.0,61200.0,59100.0,59500.0,60720.0,61175.0,65301.666666666664,58467.5,16122
2025-09-30,59000.0,59500.0,57700.0,57900.0,59800.0,61165.0,65033.333333333336,58632.916666666664,45159
2025-10-01,58500.0,58500.0,56400.0,56600.0,58800.0,61070.0,64755.0,58799.583333333336,47363
2025-10-02,57600.0,58600.0,56600.0,58400.0,58340.0,61080.0,64520.0,58985.833333333336,41335
2025-10-10,57400.0,59000.0,57000.0,58700.0,58220.0,60945.0,64291.666666666664,59193.333333333336,36421
2025-10-13,58700.0,58700.0,56900.0,58300.0,57980.0,60835.0,64048.333333333336,59384.583333333336,27695
2025-10-14,57300.0,59800.0,57300.0,59100.0,58220.0,60755.0,63820.0,59583.75,50354
2025-10-15,58300.0,60000.0,58300.0,59600.0,58820.0,60630.0,63600.0,59778.333333333336,37055
2025-10-16,59200.0,60700.0,59100.0,60400.0,59220.0,60635.0,63376.666666666664,59971.25,38455
2025-10-17,59700.0,62300.0,59100.0,60500.0,59580.0,60635.0,63168.333333333336,60172.083333333336,72164
2025-10-20,60500.0,61400.0,58800.0,61100.0,60140.0,60610.0,62960.0,60372.916666666664,42182
2025-10-21,60300.0,61500.0,60200.0,60900.0,60500.0,60540.0,62756.666666666664,60572.916666666664,38270
2025-10-22,60400.0,69400.0,60400.0,68900.0,62360.0,60765.0,62721.666666666664,60841.666666666664,327905
2025-10-23,76800.0,79200.0,67600.0,68100.0,63900.0,60970.0,62633.333333333336,61103.75,433258
2025-10-24,67300.0,68500.0,65300.0,67700.0,65340.0,61165.0,62561.666666666664,61355.833333333336,183258
2025-10-27,66900.0,67900.0,66100.0,67300.0,66580.0,61355.0,62500.0,61602.083333333336,83218
2025-10-28,67000.0,68000.0,66500.0,68000.0,68000.0,61630.0,62468.333333333336,61831.25,80483
2025-10-29,67300.0,67500.0,65500.0,66300.0,67480.0,61865.0,62431.666666666664,62052.5,94868
2025-10-30,65500.0,66300.0,64000.0,64200.0,66700.0,62040.0,62350.0,62250.833333333336,53761
2025-10-31,63900.0,64300.0,63200.0,63200.0,65800.0,62235.0,62265.0,62445.833333333336,62850
2025-11-03,63800.0,65800.0,63500.0,65500.0,65440.0,62535.0,62223.333333333336,62653.333333333336,75037
2025-11-04,65000.0,71700.0,64900.0,70700.0,65980.0,63175.0,62325.0,62910.416666666664,293834
2025-11-05,70000.0,70100.0,66700.0,67500.0,66220.0,63720.0,62345.0,63115.416666666664,86384
2025-11-06,69000.0,70500.0,66900.0,69500.0,67280.0,64275.0,62391.666666666664,63287.5,136245
2025-11-07,68700.0,71300.0,67700.0,70300.0,68700.0,64855.0,62413.333333333336,63449.166666666664,111143
2025-11-10,71000.0,72800.0,69800.0,71900.0,69980.0,65535.0,62490.0,63629.166666666664,126586
2025-11-11,72000.0,75900.0,71900.0,73700.0,70580.0,66265.0,62636.666666666664,63829.166666666664,142481
2025-11-12,73500.0,76200.0,73000.0,76000.0,72280.0,67085.0,62800.0,64015.0,90843
2025-11-13,76000.0,79900.0,75250.0,79800.0,74340.0,68055.0,63071.666666666664,64236.666666666664,211161
2025-11-14,77200.0,81800.0,77100.0,78900.0,76060.0,68975.0,63353.333333333336,64446.666666666664,136948
2025-11-17,79200.0,80300.0,76000.0,78000.0,77280.0,69820.0,63611.666666666664,64649.166666666664,93410
2025-11-18,76400.0,79500.0,74450.0,74800.0,77500.0,70515.0,63835.0,64825.0,84882
2025-11-19,75600.0,75700.0,71900.0,74100.0,77120.0,70775.0,64043.333333333336,65000.833333333336,98078
2025-11-20,74200.0,75200.0,73300.0,73800.0,75920.0,71060.0,64265.0,65164.166666666664,44126
2025-11-21,73300.0,73300.0,70600.0,71200.0,74380.0,71235.0,64435.0,65303.333333333336,51945
2025-11-24,71900.0,72000.0,68800.0,69000.0,72580.0,71320.0,64580.0,65425.0,87994
2025-11-25,69600.0,70200.0,67500.0,68300.0,71280.0,71335.0,64703.333333333336,65540.83333333333,52777
2025-11-26,69300.0,72000.0,69200.0,70500.0,70560.0,71545.0,64861.666666666664,65670.0,55050
2025-11-27,70500.0,71300.0,69100.0,70300.0,69860.0,71850.0,65033.333333333336,65777.5,32717
2025-11-28,72500.0,72700.0,70900.0,71300.0,69880.0,72255.0,65221.666666666664,65880.83333333333,51302
2025-12-01,72400.0,73200.0,71100.0,71500.0,70380.0,72555.0,65421.666666666664,65960.83333333333,48733
2025-12-02,72000.0,72500.0,70500.0,72000.0,71120.0,72620.0,65653.33333333333,66050.83333333333,37320
2025-12-03,72100.0,73000.0,71500.0,72600.0,71540.0,72875.0,65888.33333333333,66160.0,56240
2025-12-04,71900.0,72700.0,71200.0,71900.0,71860.0,72995.0,66116.66666666667,66251.66666666667,53095
2025-12-05,71300.0,71900.0,70300.0,71500.0,71900.0,73055.0,66285.0,66341.66666666667,53788
2025-12-08,71000.0,73200.0,70400.0,71000.0,71800.0,73010.0,66460.0,66430.0,68859
2025-12-09,71100.0,71600.0,70300.0,71200.0,71640.0,72885.0,66635.0,66529.16666666667,34376
2025-12-10,71500.0,71500.0,68800.0,69600.0,71040.0,72565.0,66760.0,66625.0,63923
2025-12-11,70500.0,70500.0,68100.0,68200.0,70300.0,71985.0,66891.66666666667,66718.33333333333,68823
2025-12-12,68800.0,69800.0,68500.0,69700.0,69940.0,71525.0,67045.0,66831.66666666667,27149
2025-12-15,69400.0,77500.0,68400.0,74900.0,70720.0,71370.0,67266.66666666667,66995.0,263587
2025-12-16,74100.0,75300.0,72500.0,72900.0,71060.0,71275.0,67443.33333333333,67070.0,75793
2025-12-17,74200.0,74300.0,70500.0,71600.0,71460.0,71150.0,67563.33333333333,67088.33333333333,73834
2025-12-18,70400.0,70800.0,69000.0,69500.0,71720.0,70935.0,67655.0,67091.66666666667,40442
2025-12-19,70900.0,70900.0,69100.0,69600.0,71700.0,70855.0,67751.66666666667,67096.66666666667,40430
2025-12-22,70100.0,70900.0,69200.0,70600.0,70840.0,70935.0,67870.0,67076.66666666667,39560
2025-12-23,71000.0,71400.0,69900.0,70100.0,70280.0,71025.0,67996.66666666667,67080.0,41631
2025-12-24,70200.0,71100.0,69500.0,69500.0,69860.0,70975.0,68128.33333333333,67059.16666666667,24193
2025-12-26,69300.0,69300.0,66600.0,66600.0,69280.0,70790.0,68226.66666666667,67015.83333333333,62779
2025-12-29,65700.0,66300.0,64700.0,65600.0,68480.0,70505.0,68331.66666666667,66960.0,77588
2025-12-30,65600.0,65900.0,65000.0,65500.0,67460.0,70205.0,68431.66666666667,66866.66666666667,22971
2026-01-02,65700.0,67000.0,65700.0,66100.0,66660.0,69910.0,68568.33333333333,66800.83333333333,33398
2026-01-05,68000.0,68000.0,66100.0,67300.0,66220.0,69645.0,68746.66666666667,66750.83333333333,51843
2026-01-06,68000.0,68000.0,66200.0,67500.0,66400.0,69425.0,68898.33333333333,66709.16666666667,32001
2026-01-07,66900.0,68400.0,66200.0,67100.0,66700.0,69205.0,69038.33333333333,66665.0,36301
2026-01-08,66200.0,67600.0,66000.0,66600.0,66920.0,68985.0,69176.66666666667,66612.5,49048
2026-01-09,66700.0,67000.0,66000.0,66200.0,66940.0,68735.0,69295.0,66557.5,24866
2026-01-12,66200.0,68500.0,66000.0,66500.0,66780.0,68580.0,69410.0,66505.0,34219
2026-01-13,67300.0,68200.0,65500.0,68000.0,66880.0,68570.0,69536.66666666667,66456.66666666667,49049
2026-01-14,68500.0,71000.0,67200.0,69800.0,67420.0,68575.0,69691.66666666667,66430.0,71140
2026-01-15,70400.0,71200.0,69500.0,70300.0,68160.0,68345.0,69845.0,66402.5,50874
2026-01-16,70500.0,71000.0,67800.0,67900.0,68500.0,68095.0,69961.66666666667,66359.16666666667,61880
2026-01-19,67600.0,68100.0,65800.0,67700.0,68740.0,67900.0,69941.66666666667,66331.66666666667,75084
2026-01-20,66600.0,68700.0,66500.0,67300.0,68600.0,67790.0,69928.33333333333,66280.83333333333,46904
2026-01-21,66700.0,66800.0,64300.0,65700.0,67780.0,67595.0,69895.0,66228.33333333333,84465
2026-01-22,65700.0,68700.0,65700.0,66900.0,67100.0,67410.0,69888.33333333333,66194.16666666667,58565
2026-01-23,67000.0,69000.0,66800.0,68100.0,67140.0,67310.0,69890.0,66179.16666666667,57677
2026-01-26,67900.0,69500.0,67700.0,68000.0,67200.0,67235.0,69918.33333333333,66175.0,48430
2026-01-27,68000.0,68500.0,66900.0,68200.0,67380.0,67315.0,69985.0,66167.5,48124
2026-01-28,68500.0,70100.0,68100.0,68900.0,68020.0,67480.0,70080.0,66172.5,79578
2026-01-29,68300.0,68800.0,66000.0,68400.0,68320.0,67625.0,70128.33333333333,66175.83333333333,87881
2026-01-30,67800.0,68600.0,66000.0,67200.0,68140.0,67680.0,70070.0,66197.5,126052
2026-02-02,67100.0,67100.0,64000.0,64200.0,67380.0,67525.0,70015.0,66180.0,84384
2026-02-03,65400.0,66600.0,64200.0,65900.0,66920.0,67445.0,69955.0,66173.33333333333,64048
2026-02-04,65000.0,68100.0,65000.0,68000.0,66740.0,67490.0,69916.66666666667,66165.0,63812
2026-02-05,67400.0,67400.0,65300.0,65400.0,66140.0,67430.0,69808.33333333333,66149.16666666667,50952
2026-02-06,64500.0,65600.0,63000.0,64800.0,65660.0,67360.0,69660.0,66148.33333333333,46469
2026-02-09,66800.0,67700.0,65000.0,65500.0,65920.0,67310.0,69485.0,66142.5,73718
2026-02-10,65800.0,66200.0,65000.0,65900.0,65920.0,67205.0,69253.33333333333,66162.5,47018
2026-02-11,66300.0,66800.0,63800.0,64300.0,65180.0,66930.0,69010.0,66181.66666666667,101908
2026-02-12,64900.0,65100.0,63700.0,64000.0,64900.0,66615.0,68776.66666666667,66194.16666666667,81645
2026-02-13,63300.0,63700.0,62500.0,63000.0,64540.0,66370.0,68580.0,66207.5,75951
2026-02-19,63400.0,64300.0,63000.0,64300.0,64300.0,66200.0,68416.66666666667,66230.0,51645
2026-02-20,64400.0,65000.0,64100.0,64400.0,64000.0,66055.0,68260.0,66262.5,49178
2026-02-23,64800.0,64900.0,63500.0,64100.0,63960.0,65975.0,68141.66666666667,66288.33333333333,30978
2026-02-24,64300.0,64900.0,63700.0,64700.0,64100.0,65865.0,68070.0,66325.0,43366
2026-02-25,65100.0,69200.0,64300.0,68300.0,65160.0,65875.0,68070.0,66386.66666666667,137058
2026-02-26,70200.0,72700.0,68200.0,68300.0,65960.0,65890.0,68033.33333333333,66447.5,110138
2026-02-27,68700.0,70200.0,67400.0,68800.0,66840.0,65920.0,68008.33333333333,66520.83333333333,105198
2026-03-03,67800.0,68500.0,64300.0,64400.0,66900.0,65695.0,67893.33333333333,66557.5,108517
2026-03-04,62000.0,62900.0,53000.0,54800.0,64920.0,65015.0,67615.0,66518.33333333333,145484
2026-03-05,58900.0,60400.0,58000.0,59400.0,63140.0,64625.0,67405.0,66529.16666666667,52430
2026-03-06,58000.0,60500.0,57600.0,59200.0,61320.0,64375.0,67181.66666666667,66535.0,36369
2026-03-09,56100.0,56800.0,53900.0,55200.0,58600.0,63840.0,66903.33333333333,66510.0,43341
2026-03-10,57900.0,57900.0,55900.0,56900.0,57100.0,63285.0,66660.0,66472.5,28899
2026-03-11,57400.0,61700.0,57400.0,60000.0,58140.0,63015.0,66476.66666666667,66468.33333333333,43103
2026-03-12,59100.0,60400.0,58200.0,58900.0,58040.0,62720.0,66271.66666666667,66453.33333333333,42657
2026-03-13,57000.0,58000.0,56700.0,57400.0,57680.0,62315.0,66068.33333333333,66414.16666666667,26718
2026-03-16,57100.0,57600.0,56300.0,56300.0,57900.0,61835.0,65870.0,66380.83333333333,28992
2026-03-17,57000.0,58500.0,56800.0,57800.0,58080.0,61510.0,65671.66666666667,66358.33333333333,23370
2026-03-18,58500.0,59700.0,58000.0,59500.0,57980.0,61285.0,65415.0,66340.83333333333,40891
2026-03-19,58100.0,58100.0,56800.0,57100.0,57620.0,60990.0,65151.666666666664,66297.5,37299
2026-03-20,57400.0,59500.0,57400.0,58600.0,57860.0,60705.0,64935.0,66249.16666666667,39733
2026-03-23,58400.0,58900.0,55100.0,55100.0,57620.0,60240.0,64695.0,66175.0,65569
2026-03-24,56500.0,57200.0,54300.0,55500.0,57160.0,59810.0,64460.0,66105.83333333333,46734
2026-03-25,56800.0,58100.0,55900.0,56200.0,56500.0,59385.0,64220.0,66045.0,56162
2026-03-26,57900.0,57900.0,54200.0,54300.0,55940.0,58685.0,63956.666666666664,65976.66666666667,45828
2026-03-27,54800.0,55000.0,52500.0,55000.0,55220.0,58020.0,63715.0,65921.66666666667,50215
2026-03-30,52900.0,52900.0,51500.0,52800.0,54760.0,57220.0,63485.0,65855.83333333333,61757
2026-03-31,52200.0,52800.0,51200.0,52600.0,54180.0,56630.0,63268.333333333336,65800.0,36751
2026-04-01,54200.0,54500.0,52700.0,54300.0,53800.0,56605.0,63081.666666666664,65756.66666666667,43656
2026-04-02,54600.0,55200.0,50700.0,51100.0,53160.0,56190.0,62831.666666666664,65700.0,50739
2026-04-03,51600.0,52500.0,51100.0,51300.0,52420.0,55795.0,62565.0,65655.83333333333,26558
2026-04-06,51800.0,52400.0,51000.0,51600.0,52180.0,55615.0,62300.0,65599.16666666667,28795
2026-04-07,51600.0,53300.0,51200.0,51400.0,51940.0,55340.0,62038.333333333336,65538.33333333333,35288
2026-04-08,54100.0,54700.0,52800.0,54300.0,51940.0,55055.0,61833.333333333336,65505.0,57121
2026-04-09,54400.0,56300.0,54200.0,55500.0,52820.0,54885.0,61655.0,65475.0,68456
2026-04-10,55600.0,57200.0,55600.0,57000.0,53960.0,54865.0,61496.666666666664,65453.333333333336,38185
2026-04-13,57000.0,57700.0,55200.0,57200.0,55080.0,54910.0,61316.666666666664,65426.666666666664,46203
2026-04-14,57500.0,57900.0,56200.0,56900.0,56180.0,54865.0,61101.666666666664,65396.666666666664,35952
2026-04-15,57900.0,58700.0,57300.0,57700.0,56860.0,54775.0,60891.666666666664,65368.333333333336,52442
2026-04-16,58500.0,60200.0,57500.0,59600.0,57680.0,54900.0,60753.333333333336,65357.5,80186
2026-04-17,60200.0,60500.0,58400.0,59300.0,58140.0,54935.0,60613.333333333336,65277.5,53529
2026-04-20,59800.0,59800.0,57700.0,57800.0,58260.0,55070.0,60455.0,65191.666666666664,49150
2026-04-21,58000.0,58600.0,57600.0,57800.0,58440.0,55185.0,60323.333333333336,65109.166666666664,30093
2026-04-22,57600.0,58500.0,56900.0,58200.0,58540.0,55285.0,60178.333333333336,65033.333333333336,30829
2026-04-23,59500.0,59800.0,56900.0,58400.0,58300.0,55490.0,60016.666666666664,64953.333333333336,63561
2026-04-24,58300.0,59600.0,58000.0,58700.0,58180.0,55675.0,59861.666666666664,64890.0,43628
2026-04-27,58700.0,58700.0,57400.0,57700.0,58160.0,55920.0,59686.666666666664,64835.833333333336,51808
2026-04-28,57700.0,58900.0,57000.0,57700.0,58140.0,56175.0,59500.0,64790.0,78155
2026-04-29,58300.0,62500.0,57800.0,62400.0,58980.0,56580.0,59400.0,64764.166666666664,142229
2026-04-30,61400.0,61900.0,59200.0,59400.0,59180.0,56995.0,59270.0,64670.0,105425
2026-05-04,60300.0,60500.0,59200.0,59700.0,59380.0,57415.0,59195.0,64605.0,40933
2026-05-06,59600.0,60000.0,57400.0,58200.0,59480.0,57745.0,59066.666666666664,64510.833333333336,82885
2026-05-07,58500.0,58500.0,55600.0,56400.0,59220.0,57995.0,58873.333333333336,64395.0,90296
2026-05-08,56500.0,57000.0,54700.0,55400.0,57820.0,58050.0,58706.666666666664,64257.5,45807
2026-05-11,54700.0,54800.0,53000.0,53100.0,56560.0,57930.0,58511.666666666664,64085.833333333336,82722
2026-05-12,54000.0,54300.0,50000.0,50500.0,54720.0,57605.0,58261.666666666664,63873.333333333336,126099
2026-05-13,51800.0,52000.0,49350.0,49500.0,52980.0,57220.0,57988.333333333336,63620.833333333336,88768
2026-05-14,49950.0,51500.0,49500.0,51500.0,52000.0,56950.0,57775.0,63392.5,95110
2026-05-15,51300.0,51400.0,48600.0,48700.0,50660.0,56500.0,57520.0,63148.333333333336,126055
2026-05-18,49450.0,49650.0,46600.0,46950.0,49430.0,55867.5,57252.5,62916.25,63808
2026-05-19,46800.0,47350.0,45000.0,45450.0,48420.0,55175.0,56938.333333333336,62677.5,104609
2026-05-20,46500.0,46500.0,42950.0,43300.0,47180.0,54450.0,56586.666666666664,62423.333333333336,103066
2026-05-21,44150.0,45500.0,43750.0,44050.0,45690.0,53762.5,56252.5,62197.083333333336,79802
2026-05-22,45200.0,46950.0,45000.0,46300.0,45210.0,53167.5,55945.833333333336,62007.916666666664,113845
2026-05-26,47500.0,47500.0,45750.0,46250.0,45070.0,52560.0,55578.333333333336,61824.166666666664,66682
2026-05-27,46600.0,46800.0,43750.0,43800.0,44740.0,51815.0,55170.0,61601.666666666664,92203
2026-05-28,44350.0,44650.0,42100.0,43550.0,44790.0,51107.5,54749.166666666664,61378.75,84759
2026-05-29,44200.0,44650.0,42400.0,43150.0,44610.0,50380.0,54395.0,61144.166666666664,91152
2026-06-01,42900.0,43100.0,41000.0,41550.0,43660.0,49337.5,54174.166666666664,60894.583333333336,113513
2026-06-02,41250.0,42200.0,40500.0,41850.0,42780.0,48460.0,53881.666666666664,60643.333333333336,64363
2026-06-04,41450.0,42450.0,40900.0,42000.0,42420.0,47575.0,53595.0,60388.333333333336,59937
2026-06-05,42700.0,42700.0,40050.0,41450.0,42000.0,46737.5,53365.833333333336,60134.583333333336,54452
2026-06-08,39050.0,39350.0,38300.0,38750.0,41120.0,45855.0,53063.333333333336,59861.666666666664,64582
2026-06-09,38800.0,41700.0,38800.0,40500.0,40910.0,45110.0,52738.333333333336,59607.5,68534
2026-06-10,40050.0,41500.0,39550.0,40750.0,40690.0,44492.5,52435.833333333336,59353.75,63638
2026-06-11,40350.0,44550.0,39650.0,44550.0,41200.0,44195.0,52221.666666666664,59145.0,173663
2026-06-12,44950.0,45300.0,43050.0,44050.0,41720.0,43922.5,52017.5,58943.75,76772
2026-06-15,44400.0,47200.0,44400.0,45850.0,43140.0,43640.0,51818.333333333336,58745.0,85979
2026-06-16,45850.0,47050.0,45100.0,46700.0,44380.0,43540.0,51605.0,58510.0,95377
2026-06-17,47200.0,47200.0,44700.0,45750.0,45380.0,43480.0,51415.833333333336,58283.75,63949
2026-06-18,45150.0,45950.0,44350.0,44400.0,45350.0,43427.5,51179.166666666664,58057.083333333336,80558
2026-06-19,44400.0,44650.0,43300.0,44050.0,45350.0,43465.0,50995.0,57845.0,75801
2026-06-22,44050.0,44075.0,40550.0,40700.0,44320.0,43297.5,50748.333333333336,57604.166666666664,80565
2026-06-23,40800.0,40800.0,38800.0,38850.0,42750.0,42925.0,50459.166666666664,57339.583333333336,97517
2026-06-24,38900.0,40200.0,38400.0,39400.0,41480.0,42582.5,50210.833333333336,57083.75,73783
2026-06-25,39500.0,41000.0,39150.0,39200.0,40440.0,42352.5,49947.5,56831.25,49893
2026-06-26,39450.0,39450.0,36600.0,37300.0,39090.0,42040.0,49689.166666666664,56587.083333333336,73909
2026-06-29,37650.0,40800.0,37400.0,40600.0,39070.0,41912.5,49489.166666666664,56378.75,75448
2026-06-30,40400.0,40450.0,38950.0,39450.0,39190.0,41807.5,49241.666666666664,56161.666666666664,73437
2026-07-01,40050.0,41600.0,39700.0,40950.0,39500.0,41762.5,49072.5,55952.083333333336,70685
2026-07-02,40400.0,42400.0,39650.0,41350.0,39930.0,41730.0,48906.666666666664,55735.833333333336,53577
2026-07-03,41950.0,42150.0,40450.0,41900.0,40850.0,41752.5,48745.0,55522.5,82142
2026-07-06,42050.0,42950.0,41150.0,42700.0,41270.0,41950.0,48600.0,55319.166666666664,51956
2026-07-07,42750.0,43250.0,41350.0,42950.0,41970.0,42072.5,48410.833333333336,55122.083333333336,53099
2026-07-08,42300.0,42550.0,39550.0,40600.0,41900.0,42065.0,48162.5,54908.75,60604
2026-07-09,41400.0,41450.0,39650.0,40800.0,41790.0,41877.5,47892.5,54694.583333333336,72974
2026-07-10,41050.0,42000.0,40700.0,40700.0,41550.0,41710.0,47617.5,54467.083333333336,33261
2026-07-13,40900.0,42000.0,39350.0,39850.0,40980.0,41410.0,47333.333333333336,54217.5,41359
2026-07-14,40350.0,40800.0,39300.0,39600.0,40310.0,41055.0,47031.666666666664,53961.666666666664,61537
2026-07-15,40000.0,41100.0,39200.0,39400.0,40070.0,40737.5,46695.0,53724.166666666664,39229
2026-07-16,39400.0,40000.0,38600.0,39250.0,39760.0,40480.0,46360.833333333336,53487.083333333336,30123
