날짜,시가,고가,저가,종가,MA5,MA20,MA60,MA120,거래량
2000-01-04,6700.0,7540.0,6700.0,7400.0,,,,,568700
2000-01-05,7400.0,7760.0,7110.0,7200.0,,,,,715700
2000-01-06,7400.0,7400.0,6930.0,7000.0,,,,,888400
2000-01-07,7200.0,7350.0,6900.0,7120.0,,,,,895500
2000-01-10,7450.0,7490.0,7170.0,7200.0,7184.0,,,,697500
2000-01-11,7150.0,7200.0,7020.0,7020.0,7108.0,,,,510700
2000-01-12,7050.0,7100.0,6850.0,6860.0,7040.0,,,,530300
2000-01-13,6810.0,6840.0,6600.0,6800.0,7000.0,,,,455000
2000-01-14,6900.0,6900.0,6560.0,6570.0,6890.0,,,,461000
2000-01-17,6600.0,6960.0,6580.0,6680.0,6786.0,,,,429100
2000-01-18,6710.0,6790.0,6450.0,6500.0,6682.0,,,,372900
2000-01-19,6400.0,6500.0,5850.0,5950.0,6500.0,,,,961400
2000-01-20,6050.0,6100.0,5490.0,5650.0,6270.0,,,,640600
2000-01-21,5650.0,5890.0,5450.0,5720.0,6100.0,,,,896800
2000-01-24,5550.0,5980.0,5550.0,5810.0,5926.0,,,,742400
2000-01-25,5700.0,5850.0,5640.0,5710.0,5768.0,,,,544100
2000-01-26,5800.0,6240.0,5720.0,6140.0,5806.0,,,,917200
2000-01-27,6290.0,7000.0,6220.0,7000.0,6076.0,,,,1412900
2000-01-28,7000.0,7000.0,6570.0,6700.0,6272.0,,,,750700
2000-01-31,6460.0,6650.0,6380.0,6490.0,6408.0,6576.0,,,460800
2000-02-01,6520.0,6640.0,6310.0,6310.0,6528.0,6521.5,,,516400
2000-02-02,6370.0,6900.0,6300.0,6740.0,6648.0,6498.5,,,1285300
2000-02-03,6600.0,6870.0,6600.0,6650.0,6578.0,6481.0,,,565800
2000-02-04,6650.0,6650.0,6650.0,6650.0,6568.0,6457.5,,,0
2000-02-07,6650.0,6850.0,6520.0,6650.0,6600.0,6430.0,,,475500
2000-02-08,6560.0,6600.0,6320.0,6400.0,6618.0,6399.0,,,396400
2000-02-09,6300.0,6500.0,6100.0,6130.0,6496.0,6362.5,,,413800
2000-02-10,6000.0,6010.0,5700.0,5800.0,6326.0,6312.5,,,686300
2000-02-11,5710.0,5890.0,5700.0,5700.0,6136.0,6269.0,,,396700
2000-02-14,5560.0,5850.0,5460.0,5500.0,5906.0,6210.0,,,329700
2000-02-15,5450.0,5700.0,5350.0,5500.0,5726.0,6160.0,,,461500
2000-02-16,5560.0,5660.0,5400.0,5610.0,5622.0,6143.0,,,340800
2000-02-17,5600.0,6450.0,5500.0,6450.0,5752.0,6183.0,,,1036700
2000-02-18,6200.0,6300.0,6010.0,6290.0,5870.0,6211.5,,,984800
2000-02-21,6050.0,6140.0,5850.0,6030.0,5976.0,6222.5,,,358600
2000-02-22,5910.0,6150.0,5600.0,5600.0,5996.0,6217.0,,,297300
2000-02-23,5980.0,6300.0,5850.0,6100.0,6094.0,6215.0,,,835200
2000-02-24,5900.0,6740.0,5800.0,6550.0,6114.0,6192.5,,,1472700
2000-02-25,6540.0,6850.0,6300.0,6620.0,6180.0,6188.5,,,984300
2000-02-28,6370.0,7270.0,6370.0,6900.0,6354.0,6209.0,,,831300
2000-02-29,7050.0,7100.0,6700.0,7000.0,6634.0,6243.5,,,666000
2000-03-01,7000.0,7000.0,7000.0,7000.0,6814.0,6256.5,,,0
2000-03-02,7100.0,7100.0,6800.0,6890.0,6882.0,6268.5,,,496500
2000-03-03,6890.0,6890.0,6400.0,6550.0,6868.0,6263.5,,,306400
2000-03-06,6550.0,6900.0,6410.0,6750.0,6838.0,6268.5,,,1048000
2000-03-07,6700.0,6750.0,6500.0,6620.0,6762.0,6279.5,,,668500
2000-03-08,6500.0,6850.0,6420.0,6550.0,6672.0,6300.5,,,355700
2000-03-09,6500.0,6700.0,6420.0,6450.0,6584.0,6333.0,,,1116000
2000-03-10,6530.0,6590.0,6370.0,6400.0,6554.0,6368.0,,,433800
2000-03-13,6500.0,6790.0,6310.0,6400.0,6484.0,6413.0,,,623000
2000-03-14,6600.0,7150.0,6500.0,7000.0,6560.0,6488.0,,,977000
2000-03-15,6820.0,7280.0,6760.0,7100.0,6670.0,6562.5,,,2612600
2000-03-16,7200.0,7300.0,6560.0,6560.0,6692.0,6568.0,,,836700
2000-03-17,6700.0,6950.0,6450.0,6950.0,6802.0,6601.0,,,658400
2000-03-20,6810.0,7080.0,6710.0,6750.0,6872.0,6637.0,,,492200
2000-03-21,6610.0,6750.0,6500.0,6550.0,6782.0,6684.5,,,361400
2000-03-22,6460.0,6850.0,6450.0,6750.0,6712.0,6717.0,,,702800
2000-03-23,6750.0,6780.0,6550.0,6740.0,6748.0,6726.5,,,554700
2000-03-24,6740.0,7050.0,6660.0,6800.0,6718.0,6735.5,,,533100
2000-03-27,6910.0,7180.0,6790.0,7100.0,6788.0,6745.5,6510.166666666667,,660800
2000-03-28,7000.0,7150.0,6900.0,7100.0,6898.0,6750.5,6505.166666666667,,495200
2000-03-29,7000.0,7450.0,6970.0,7140.0,6976.0,6757.5,6504.166666666667,,1427400
2000-03-30,7300.0,7340.0,6800.0,6800.0,6988.0,6753.0,6500.833333333333,,808200
2000-03-31,6800.0,6940.0,6520.0,6650.0,6958.0,6758.0,6493.0,,828600
2000-04-03,6650.0,6920.0,6610.0,6700.0,6878.0,6755.5,6484.666666666667,,523300
2000-04-04,6590.0,6730.0,6220.0,6500.0,6758.0,6749.5,6476.0,,387100
2000-04-05,6500.0,6500.0,6500.0,6500.0,6630.0,6747.0,6470.0,,0
2000-04-06,6500.0,6600.0,6420.0,6500.0,6570.0,6749.5,6465.0,,321300
2000-04-07,6610.0,7080.0,6570.0,6850.0,6610.0,6772.0,6469.666666666667,,1007300
2000-04-10,7050.0,7120.0,6800.0,6850.0,6640.0,6794.5,6472.5,,1112400
2000-04-11,7000.0,7140.0,6810.0,6950.0,6730.0,6792.0,6480.0,,676400
2000-04-12,6990.0,7000.0,6510.0,6660.0,6762.0,6770.0,6491.833333333333,,626700
2000-04-13,6660.0,6660.0,6660.0,6660.0,6794.0,6775.0,6508.666666666667,,0
2000-04-14,6520.0,6660.0,6250.0,6300.0,6684.0,6742.5,6518.333333333333,,655700
2000-04-17,5410.0,5900.0,5400.0,5650.0,6444.0,6687.5,6515.666666666667,,757200
2000-04-18,6000.0,6120.0,5650.0,5760.0,6206.0,6648.0,6516.5,,596000
2000-04-19,5800.0,5940.0,5680.0,5700.0,6014.0,6595.5,6509.166666666667,,678500
2000-04-20,5710.0,5780.0,5600.0,5600.0,5802.0,6538.5,6485.833333333333,,403400
2000-04-21,5790.0,5880.0,5720.0,5800.0,5702.0,6488.5,6470.833333333333,,533400
2000-04-24,6050.0,6150.0,5870.0,5910.0,5754.0,6429.0,6461.166666666667,,780500
2000-04-25,5790.0,5830.0,5620.0,5730.0,5748.0,6360.5,6451.5,,305600
2000-04-26,5910.0,5930.0,5510.0,5560.0,5720.0,6281.5,6431.833333333333,,385500
2000-04-27,5380.0,5650.0,5260.0,5650.0,5730.0,6224.0,6415.166666666667,,349800
2000-04-28,5560.0,5800.0,5560.0,5700.0,5710.0,6176.5,6399.333333333333,,287200
2000-05-01,5700.0,5700.0,5700.0,5700.0,5668.0,6126.5,6383.5,,0
2000-05-02,5680.0,5750.0,5520.0,5600.0,5642.0,6081.5,6370.166666666667,,517900
2000-05-03,5600.0,5610.0,5470.0,5500.0,5630.0,6031.5,6359.666666666667,,487200
2000-05-04,5500.0,5660.0,5470.0,5570.0,5614.0,5985.0,6355.833333333333,,384100
2000-05-05,5570.0,5570.0,5570.0,5570.0,5588.0,5921.0,6353.666666666667,,0
2000-05-08,5530.0,5640.0,5530.0,5560.0,5560.0,5856.5,6354.666666666667,,305100
2000-05-09,5560.0,5560.0,5560.0,5560.0,5552.0,5787.0,6355.666666666667,,0
2000-05-10,5600.0,5730.0,5600.0,5720.0,5596.0,5740.0,6357.5,,365600
2000-05-11,5720.0,5720.0,5720.0,5720.0,5626.0,5693.0,6345.333333333333,,0
2000-05-12,5750.0,5770.0,5530.0,5600.0,5632.0,5658.0,6333.833333333333,,374800
2000-05-15,5590.0,5600.0,5400.0,5460.0,5612.0,5648.5,6324.333333333333,,385600
2000-05-16,5510.0,5570.0,5360.0,5400.0,5580.0,5630.5,6321.0,,200600
2000-05-17,5310.0,5450.0,4900.0,4900.0,5416.0,5590.5,6301.0,,416400
2000-05-18,4650.0,4800.0,4165.0,4300.0,5132.0,5525.5,6263.5,,501200
2000-05-19,4400.0,4400.0,4110.0,4280.0,4868.0,5449.5,6224.5,,479900
2000-05-22,4170.0,4200.0,3770.0,3830.0,4542.0,5345.5,6173.333333333333,,485600
2000-05-23,3710.0,4150.0,3635.0,3955.0,4253.0,5256.75,6122.583333333333,,618400
2000-05-24,3900.0,4200.0,3800.0,4000.0,4073.0,5178.75,6072.583333333333,,876500
2000-05-25,4150.0,4570.0,4110.0,4310.0,4075.0,5111.75,6029.583333333333,,1557600
2000-05-26,4400.0,4580.0,4250.0,4420.0,4103.0,5047.75,5994.083333333333,,1028500
2000-05-29,4020.0,4840.0,4020.0,4730.0,4283.0,4999.25,5960.416666666667,,637200
2000-05-30,4730.0,4730.0,4730.0,4730.0,4438.0,4955.75,5928.916666666667,,0
2000-05-31,5000.0,5080.0,4815.0,5000.0,4638.0,4930.75,5903.083333333333,,883600
2000-06-01,4700.0,4970.0,4700.0,4860.0,4748.0,4895.25,5876.583333333333,,326700
2000-06-02,4920.0,4990.0,4675.0,4700.0,4804.0,4851.75,5848.25,,664600
2000-06-05,4800.0,5190.0,4800.0,5000.0,4858.0,4823.75,5824.916666666667,,1557400
2000-06-06,5000.0,5000.0,5000.0,5000.0,4912.0,4795.75,5791.583333333333,,0
2000-06-07,5000.0,5150.0,4850.0,5080.0,4928.0,4763.75,5757.916666666667,,815500
2000-06-08,5150.0,5150.0,4750.0,4780.0,4912.0,4716.75,5728.25,,704100
2000-06-09,4830.0,4980.0,4760.0,4930.0,4958.0,4683.25,5694.583333333333,,666300
2000-06-12,5000.0,5180.0,4800.0,5000.0,4958.0,4660.25,5665.416666666667,,1140000
2000-06-13,5000.0,5080.0,4850.0,4850.0,4928.0,4632.75,5637.083333333333,,553500
2000-06-14,4810.0,4910.0,4715.0,4740.0,4860.0,4624.75,5603.583333333333,,351100
2000-06-15,4705.0,4735.0,4400.0,4400.0,4784.0,4629.75,5564.583333333333,,380200
2000-06-16,4300.0,4560.0,4280.0,4400.0,4678.0,4635.75,5524.583333333333,,347900
2000-06-19,4300.0,4595.0,4255.0,4480.0,4574.0,4668.25,5480.916666666667,5995.541666666667,219700
2000-06-20,4410.0,4590.0,4370.0,4500.0,4504.0,4695.5,5437.583333333333,5971.375,321200
2000-06-21,4510.0,4765.0,4465.0,4760.0,4508.0,4733.5,5397.916666666667,5951.041666666667,796100
2000-06-22,4810.0,4865.0,4590.0,4640.0,4556.0,4750.0,5361.916666666667,5931.375,576800
2000-06-23,4640.0,4640.0,4480.0,4520.0,4580.0,4755.0,5326.416666666667,5909.708333333333,256700
2000-06-26,4500.0,4680.0,4500.0,4580.0,4600.0,4747.5,5291.083333333333,5887.875,332200
2000-06-27,4600.0,5110.0,4600.0,4875.0,4675.0,4754.75,5264.0,5870.0,803900
2000-06-28,4900.0,5200.0,4900.0,5100.0,4743.0,4759.75,5240.666666666667,5855.333333333333,775100
2000-06-29,5100.0,5160.0,4940.0,5000.0,4815.0,4766.75,5215.666666666667,5840.333333333333,471600
2000-06-30,5000.0,5060.0,4905.0,4990.0,4909.0,4781.25,5184.666666666667,5827.166666666667,199200
2000-07-03,5090.0,5470.0,5030.0,5410.0,5075.0,4801.75,5160.666666666667,5816.583333333333,807500
2000-07-04,5500.0,5540.0,5220.0,5300.0,5160.0,4816.75,5133.166666666667,5806.583333333333,439600
2000-07-05,5200.0,5300.0,5020.0,5300.0,5200.0,4827.75,5110.5,5801.166666666667,381600
2000-07-06,5300.0,5630.0,5150.0,5480.0,5296.0,4862.75,5090.833333333333,5799.75,880600
2000-07-07,5530.0,5620.0,5440.0,5500.0,5398.0,4891.25,5077.5,5797.916666666667,898700
2000-07-10,5510.0,5690.0,5480.0,5560.0,5428.0,4919.25,5076.0,5795.833333333333,756800
2000-07-11,5520.0,5950.0,5380.0,5450.0,5458.0,4949.25,5070.833333333333,5793.666666666667,1418400
2000-07-12,5420.0,5480.0,5070.0,5130.0,5424.0,4968.75,5061.333333333333,5785.25,496200
2000-07-13,5140.0,5200.0,5040.0,5130.0,5354.0,5005.25,5053.5,5769.666666666667,313400
2000-07-14,5110.0,5190.0,5010.0,5010.0,5256.0,5035.75,5040.333333333333,5755.583333333333,272200
2000-07-17,5010.0,5010.0,5010.0,5010.0,5146.0,5062.25,5025.333333333333,5743.25,0
2000-07-18,5010.0,5020.0,4770.0,4800.0,5016.0,5077.25,5009.833333333333,5730.666666666667,410700
2000-07-19,5010.0,5020.0,4770.0,4800.0,4950.0,5079.25,4997.166666666667,5714.5,410700
2000-07-20,4500.0,4530.0,4450.0,4500.0,4824.0,5072.25,4978.0,5696.583333333333,221600
2000-07-21,4550.0,4645.0,4530.0,4620.0,4746.0,5077.25,4960.0,5679.666666666667,223600
2000-07-24,4595.0,4595.0,4410.0,4430.0,4630.0,5069.75,4938.833333333333,5661.166666666667,274600
2000-07-25,4410.0,4530.0,4250.0,4500.0,4570.0,5051.0,4920.5,5645.333333333333,196800
2000-07-26,4585.0,4620.0,4460.0,4570.0,4524.0,5024.5,4905.0,5632.333333333333,171000
2000-07-27,4500.0,4580.0,4420.0,4450.0,4514.0,4997.0,4886.333333333333,5621.083333333333,151500
2000-07-28,4455.0,4470.0,4370.0,4425.0,4475.0,4968.75,4867.25,5610.458333333333,419100
2000-07-31,4420.0,4440.0,4250.0,4400.0,4469.0,4918.25,4847.916666666667,5601.291666666667,263300
2000-08-01,4430.0,4535.0,4350.0,4500.0,4469.0,4878.25,4830.25,5592.958333333333,298900
2000-08-02,4500.0,4640.0,4460.0,4635.0,4482.0,4845.0,4812.166666666667,5584.833333333333,257600
2000-08-03,4580.0,4690.0,4575.0,4585.0,4509.0,4800.25,4793.25,5569.291666666667,232700
2000-08-04,4600.0,4600.0,4455.0,4485.0,4521.0,4749.5,4774.666666666667,5554.25,160900
2000-08-07,4400.0,4400.0,4315.0,4315.0,4504.0,4687.25,4755.583333333333,5539.958333333333,197900
2000-08-08,4300.0,4370.0,4280.0,4300.0,4464.0,4629.75,4737.25,5529.125,137800
2000-08-09,4350.0,4415.0,4320.0,4400.0,4417.0,4593.25,4728.916666666667,5514.958333333333,137600
2000-08-10,4400.0,4470.0,4365.0,4445.0,4389.0,4559.0,4731.333333333333,5497.416666666667,119500
2000-08-11,4440.0,4550.0,4390.0,4485.0,4389.0,4532.75,4734.75,5479.625,284200
2000-08-14,4600.0,4630.0,4520.0,4590.0,4444.0,4511.75,4747.416666666667,5460.375,226700
2000-08-15,4590.0,4590.0,4590.0,4590.0,4502.0,4501.25,4758.0,5440.291666666667,0
2000-08-16,4600.0,4685.0,4560.0,4670.0,4556.0,4494.75,4769.166666666667,5420.875,198100
2000-08-17,4600.0,4630.0,4530.0,4555.0,4578.0,4497.5,4773.25,5401.416666666667,130000
2000-08-18,4580.0,4595.0,4460.0,4470.0,4575.0,4490.0,4774.083333333333,5384.083333333333,194300
2000-08-21,4450.0,4450.0,4350.0,4350.0,4527.0,4486.0,4767.75,5364.083333333333,216200
2000-08-22,4360.0,4475.0,4355.0,4415.0,4492.0,4481.75,4762.5,5345.708333333333,421200
2000-08-23,4400.0,4440.0,4320.0,4320.0,4422.0,4469.25,4751.166666666667,5327.125,397400
2000-08-24,4395.0,4395.0,4250.0,4315.0,4374.0,4462.5,4742.083333333333,5309.333333333333,257500
2000-08-25,4345.0,4500.0,4290.0,4500.0,4380.0,4466.25,4738.75,5293.5,377000
2000-08-28,4500.0,4670.0,4500.0,4615.0,4433.0,4477.0,4732.333333333333,5278.625,441900
2000-08-29,4645.0,5020.0,4640.0,4950.0,4540.0,4499.5,4731.5,5261.541666666667,1697300
2000-08-30,4920.0,4950.0,4750.0,4755.0,4627.0,4505.5,4726.083333333333,5242.0,544700
2000-08-31,4725.0,4725.0,4560.0,4650.0,4694.0,4508.75,4723.916666666667,5226.083333333333,341400
2000-09-01,4650.0,4770.0,4650.0,4760.0,4746.0,4522.5,4721.083333333333,5207.833333333333,445900
2000-09-04,4800.0,4860.0,4700.0,4740.0,4771.0,4543.75,4716.75,5191.083333333333,245700
2000-09-05,4790.0,4800.0,4550.0,4700.0,4721.0,4563.75,4714.25,5175.666666666667,216500
2000-09-06,4610.0,4770.0,4600.0,4770.0,4724.0,4582.25,4714.75,5159.166666666667,322400
2000-09-07,4750.0,4750.0,4610.0,4730.0,4740.0,4596.5,4720.25,5142.416666666667,221900
2000-09-08,4740.0,4780.0,4700.0,4780.0,4744.0,4611.25,4726.583333333333,5125.583333333333,246300
2000-09-11,4780.0,4780.0,4780.0,4780.0,4752.0,4620.75,4731.583333333333,5106.25,0
2000-09-12,4780.0,4780.0,4780.0,4780.0,4768.0,4630.25,4736.25,5086.916666666667,0
2000-09-13,4780.0,4780.0,4780.0,4780.0,4770.0,4635.75,4736.583333333333,5067.25,0
2000-09-14,4780.0,4800.0,4660.0,4800.0,4784.0,4648.0,4739.25,5050.583333333333,210900
2000-09-15,4830.0,4830.0,4630.0,4750.0,4778.0,4662.0,4743.083333333333,5034.75,292400
2000-09-18,4610.0,4620.0,4300.0,4620.0,4746.0,4675.5,4743.75,5017.416666666667,394600
2000-09-19,4500.0,4670.0,4465.0,4605.0,4711.0,4685.0,4739.25,5001.625,186900
2000-09-20,4470.0,4780.0,4470.0,4780.0,4711.0,4708.0,4733.916666666667,4987.291666666667,326200
2000-09-21,4730.0,4750.0,4530.0,4700.0,4691.0,4727.25,4728.916666666667,4972.291666666667,238000
2000-09-22,4700.0,4700.0,4450.0,4580.0,4657.0,4731.25,4722.083333333333,4953.375,295500
2000-09-25,4550.0,4670.0,4550.0,4645.0,4662.0,4732.75,4709.333333333333,4935.0,119100
2000-09-26,4575.0,4630.0,4555.0,4560.0,4653.0,4713.25,4697.0,4915.083333333333,120600
2000-09-27,4590.0,4650.0,4550.0,4570.0,4611.0,4704.0,4684.833333333333,4897.666666666667,142700
2000-09-28,4600.0,4630.0,4480.0,4520.0,4575.0,4697.5,4668.833333333333,4879.833333333333,180000
2000-09-29,4550.0,4900.0,4520.0,4700.0,4599.0,4694.5,4655.5,4866.5,742400
2000-10-02,4730.0,5000.0,4640.0,4910.0,4652.0,4703.0,4644.666666666667,4860.333333333333,1120200
2000-10-03,4910.0,4910.0,4910.0,4910.0,4722.0,4713.5,4635.666666666667,4853.25,0
2000-10-04,4900.0,4980.0,4820.0,4910.0,4790.0,4720.5,4632.0,4846.666666666667,701000
2000-10-05,4920.0,4970.0,4850.0,4900.0,4866.0,4729.0,4628.166666666667,4840.833333333333,539200
2000-10-06,4910.0,5120.0,4900.0,4990.0,4924.0,4739.5,4627.833333333333,4834.083333333333,695400
2000-10-09,4990.0,5010.0,4720.0,4720.0,4886.0,4736.5,4623.0,4824.166666666667,276000
2000-10-10,4670.0,4800.0,4640.0,4720.0,4848.0,4733.5,4621.666666666667,4815.75,658500
2000-10-11,4650.0,4700.0,4380.0,4480.0,4762.0,4718.5,4616.333333333333,4806.75,300100
2000-10-12,4430.0,4510.0,4400.0,4435.0,4669.0,4700.25,4615.25,4796.625,188400
2000-10-13,4300.0,4330.0,3950.0,4090.0,4489.0,4667.25,4606.416666666667,4783.208333333333,700600
2000-10-16,4090.0,4090.0,4090.0,4090.0,4363.0,4640.75,4600.75,4769.791666666667,0
2000-10-17,4250.0,4310.0,4050.0,4050.0,4229.0,4613.0,4593.25,4756.875,316800
2000-10-18,4060.0,4145.0,3900.0,4055.0,4144.0,4576.75,4584.666666666667,4744.833333333333,474300
2000-10-19,4045.0,4180.0,4020.0,4160.0,4089.0,4549.75,4579.833333333333,4733.083333333333,383500
2000-10-20,4240.0,4295.0,4200.0,4250.0,4121.0,4533.25,4576.916666666667,4722.083333333333,382300
2000-10-23,4250.0,4290.0,4160.0,4180.0,4139.0,4510.0,4573.25,4710.583333333333,272500
2000-10-24,4185.0,4390.0,4150.0,4340.0,4197.0,4499.0,4570.583333333333,4700.416666666667,351000
2000-10-25,4340.0,4440.0,4265.0,4340.0,4254.0,4487.5,4565.666666666667,4688.916666666667,229200
2000-10-26,4350.0,4380.0,4225.0,4300.0,4282.0,4476.5,4560.916666666667,4677.083333333333,126700
2000-10-27,4300.0,4300.0,4300.0,4300.0,4292.0,4456.5,4557.833333333333,4666.25,0
2000-10-30,4270.0,4270.0,4055.0,4110.0,4278.0,4416.5,4554.416666666667,4655.0,105400
2000-10-31,4110.0,4230.0,4000.0,4230.0,4256.0,4382.5,4553.25,4645.25,386200
2000-11-01,4330.0,4540.0,4250.0,4450.0,4278.0,4359.5,4554.083333333333,4641.5,400700
2000-11-02,4400.0,4545.0,4340.0,4510.0,4320.0,4340.0,4555.166666666667,4643.25,402300
2000-11-03,4540.0,4595.0,4420.0,4490.0,4358.0,4315.0,4555.25,4645.0,257800
2000-11-06,4490.0,4670.0,4490.0,4560.0,4448.0,4307.0,4554.75,4651.083333333333,483500
2000-11-07,4560.0,4570.0,4460.0,4510.0,4504.0,4296.5,4553.416666666667,4655.708333333333,163500
2000-11-08,4450.0,4530.0,4445.0,4510.0,4516.0,4298.0,4550.75,4659.958333333333,164100
2000-11-09,4530.0,4560.0,4470.0,4550.0,4524.0,4303.75,4550.666666666667,4661.958333333333,161700
2000-11-10,4560.0,4790.0,4560.0,4790.0,4584.0,4338.75,4556.0,4665.041666666667,534600
2000-11-13,4780.0,4845.0,4580.0,4640.0,4600.0,4366.25,4560.833333333333,4664.291666666667,221300
2000-11-14,4660.0,4760.0,4660.0,4750.0,4648.0,4401.25,4566.416666666667,4664.458333333333,143200
2000-11-15,4800.0,4820.0,4720.0,4770.0,4700.0,4437.0,4573.916666666667,4662.541666666667,163300
2000-11-16,4710.0,4820.0,4660.0,4700.0,4730.0,4464.0,4580.333333333333,4661.208333333333,71700
2000-11-17,4610.0,4650.0,4580.0,4600.0,4692.0,4481.5,4582.0,4660.375,62200
2000-11-20,4555.0,4600.0,4500.0,4500.0,4664.0,4497.5,4580.083333333333,4656.208333333333,66700
2000-11-21,4450.0,4450.0,4325.0,4380.0,4590.0,4499.5,4570.583333333333,4651.041666666667,102900
2000-11-22,4310.0,4380.0,4280.0,4360.0,4508.0,4500.5,4564.0,4645.041666666667,93000
2000-11-23,4400.0,4560.0,4370.0,4500.0,4468.0,4510.5,4561.5,4642.708333333333,319800
2000-11-24,4515.0,4570.0,4420.0,4500.0,4448.0,4520.5,4557.166666666667,4639.125,159100
2000-11-27,4520.0,4550.0,4460.0,4530.0,4454.0,4541.5,4553.666666666667,4635.208333333333,218000
2000-11-28,4530.0,4530.0,4400.0,4405.0,4459.0,4550.25,4548.75,4631.5,70100
2000-11-29,4370.0,4370.0,4310.0,4310.0,4449.0,4543.25,4541.083333333333,4627.916666666667,46600
2000-11-30,4370.0,4380.0,4290.0,4380.0,4425.0,4536.75,4535.25,4627.75,61400
2000-12-01,4280.0,4350.0,4250.0,4330.0,4391.0,4528.75,4527.75,4627.166666666667,82500
2000-12-04,4280.0,4360.0,4255.0,4295.0,4344.0,4515.5,4519.666666666667,4625.625,195100
2000-12-05,4240.0,4340.0,4240.0,4300.0,4323.0,4505.0,4511.666666666667,4623.958333333333,80100
2000-12-06,4400.0,4430.0,4285.0,4290.0,4319.0,4494.0,4503.5,4620.041666666667,497600
2000-12-07,4290.0,4340.0,4235.0,4300.0,4303.0,4481.5,4495.166666666667,4617.208333333333,212800
2000-12-08,4260.0,4335.0,4255.0,4305.0,4298.0,4457.25,4487.75,4615.416666666667,69700
2000-12-11,4360.0,4540.0,4360.0,4470.0,4333.0,4448.75,4485.25,4614.5,898100
2000-12-12,4500.0,4500.0,4340.0,4400.0,4353.0,4431.25,4481.833333333333,4610.541666666667,509400
2000-12-13,4300.0,4395.0,4300.0,4355.0,4366.0,4410.5,4474.75,4604.333333333333,214500
2000-12-14,4300.0,4370.0,4300.0,4355.0,4377.0,4393.25,4469.0,4598.958333333333,114700
2000-12-15,4320.0,4365.0,4310.0,4365.0,4389.0,4381.5,4465.416666666667,4593.75,143500
2000-12-18,4365.0,4480.0,4320.0,4440.0,4383.0,4378.5,4462.0,4585.666666666667,429500
2000-12-19,4410.0,4410.0,4350.0,4390.0,4381.0,4379.0,4459.166666666667,4578.083333333333,159900
2000-12-20,4365.0,4370.0,4290.0,4350.0,4380.0,4378.5,4455.5,4570.166666666667,175900
2000-12-21,4305.0,4340.0,4245.0,4335.0,4376.0,4370.25,4452.416666666667,4560.625,138600
2000-12-22,4335.0,4360.0,4285.0,4320.0,4367.0,4361.25,4446.083333333333,4550.791666666667,199300
2000-12-25,4320.0,4320.0,4320.0,4320.0,4343.0,4350.75,4436.25,4540.458333333333,0
2000-12-26,4385.0,4500.0,4340.0,4500.0,4365.0,4355.5,4429.416666666667,4532.541666666667,343900
2000-12-27,4500.0,4500.0,4500.0,4500.0,4395.0,4365.0,4422.583333333333,4527.291666666667,0
2000-12-28,4500.0,4500.0,4500.0,4500.0,4428.0,4371.0,4415.916666666667,4522.041666666667,0
2000-12-29,4500.0,4500.0,4500.0,4500.0,4464.0,4379.5,4407.75,4517.791666666667,0
2001-01-01,4500.0,4500.0,4500.0,4500.0,4500.0,4389.75,4404.083333333333,4513.541666666667,0
2001-01-02,3830.0,4330.0,3830.0,4280.0,4456.0,4388.75,4396.75,4509.208333333333,327100
2001-01-03,4265.0,4265.0,4105.0,4230.0,4402.0,4385.75,4392.583333333333,4504.458333333333,182600
2001-01-04,4380.0,4410.0,4275.0,4350.0,4372.0,4388.25,4391.166666666667,4503.208333333333,983900
2001-01-05,4330.0,4650.0,4260.0,4580.0,4388.0,4402.0,4399.333333333333,4502.875,1284900
2001-01-08,4585.0,4630.0,4480.0,4600.0,4408.0,4408.5,4407.833333333333,4504.291666666667,666600
2001-01-09,4640.0,4665.0,4515.0,4600.0,4472.0,4418.5,4417.0,4505.125,565000
2001-01-10,4600.0,4950.0,4550.0,4550.0,4536.0,4428.25,4425.25,4504.958333333333,1701200
2001-01-11,4650.0,4660.0,4430.0,4550.0,4576.0,4438.0,4431.75,4505.791666666667,1170700
2001-01-12,4610.0,4710.0,4585.0,4600.0,4580.0,4449.75,4437.583333333333,4507.25,763000
2001-01-15,4560.0,4660.0,4540.0,4540.0,4568.0,4454.75,4443.583333333333,4508.416666666667,749800
2001-01-16,4590.0,4590.0,4425.0,4450.0,4538.0,4457.75,4445.416666666667,4508.0,443100
2001-01-17,4500.0,4500.0,4330.0,4340.0,4496.0,4457.25,4445.416666666667,4505.541666666667,428500
2001-01-18,4360.0,4560.0,4350.0,4420.0,4470.0,4461.5,4447.416666666667,4504.166666666667,535700
2001-01-19,4500.0,4695.0,4435.0,4600.0,4470.0,4475.5,4452.416666666667,4505.125,730200
2001-01-22,4700.0,4900.0,4630.0,4840.0,4530.0,4501.5,4464.583333333333,4509.5,1005500
2001-01-23,4840.0,4840.0,4840.0,4840.0,4608.0,4518.5,4474.75,4514.0,0
2001-01-24,4840.0,4840.0,4840.0,4840.0,4708.0,4535.5,4481.25,4517.666666666667,0
2001-01-25,4840.0,4840.0,4840.0,4840.0,4792.0,4552.5,4486.75,4520.958333333333,0
2001-01-26,4800.0,4840.0,4450.0,4470.0,4766.0,4551.0,4486.416666666667,4520.833333333333,741700
2001-01-29,4555.0,4650.0,4430.0,4650.0,4728.0,4558.5,4487.916666666667,4521.333333333333,808700
2001-01-30,4650.0,4730.0,4560.0,4585.0,4677.0,4573.75,4489.166666666667,4521.291666666667,572400
2001-01-31,4550.0,4630.0,4500.0,4585.0,4626.0,4591.5,4490.416666666667,4520.583333333333,285300
2001-02-01,4580.0,4580.0,4510.0,4540.0,4566.0,4601.0,4490.25,4520.458333333333,362100
2001-02-02,4530.0,4570.0,4490.0,4540.0,4580.0,4599.0,4486.083333333333,4521.041666666667,526600
2001-02-05,4410.0,4520.0,4385.0,4410.0,4532.0,4589.5,4482.25,4521.541666666667,554600
2001-02-06,4355.0,4460.0,4355.0,4450.0,4505.0,4582.0,4477.25,4521.833333333333,267700
2001-02-07,4410.0,4460.0,4410.0,4415.0,4471.0,4575.25,4471.333333333333,4522.625,319900
2001-02-08,4420.0,4520.0,4420.0,4510.0,4465.0,4573.25,4468.166666666667,4524.25,249600
2001-02-09,4510.0,4570.0,4475.0,4570.0,4471.0,4571.75,4467.666666666667,4524.833333333333,243100
2001-02-12,4530.0,4660.0,4530.0,4590.0,4507.0,4574.25,4469.166666666667,4524.625,183100
2001-02-13,4645.0,4730.0,4600.0,4680.0,4553.0,4585.75,4474.166666666667,4522.375,383000
2001-02-14,4625.0,4830.0,4625.0,4800.0,4630.0,4608.75,4481.5,4522.75,435400
2001-02-15,4755.0,4860.0,4750.0,4830.0,4694.0,4629.25,4487.0,4524.25,736100
2001-02-16,4830.0,4850.0,4760.0,4840.0,4748.0,4641.25,4492.666666666667,4524.916666666667,315200
2001-02-19,4800.0,4815.0,4730.0,4810.0,4792.0,4639.75,4497.333333333333,4525.5,260000
2001-02-20,4830.0,4890.0,4760.0,4800.0,4816.0,4637.75,4503.916666666667,4526.333333333333,394300
2001-02-21,4800.0,4880.0,4750.0,4850.0,4826.0,4638.25,4512.916666666667,4527.0,661300
2001-02-22,4650.0,4780.0,4650.0,4720.0,4804.0,4632.25,4518.583333333333,4526.916666666667,343500
2001-02-23,4685.0,4890.0,4685.0,4810.0,4798.0,4649.25,4526.583333333333,4527.166666666667,270700
2001-02-26,4860.0,5090.0,4820.0,5030.0,4842.0,4668.25,4538.833333333333,4529.25,561000
2001-02-27,5060.0,5370.0,5050.0,5230.0,4928.0,4700.5,4554.333333333333,4533.0,2121400
2001-02-28,5300.0,5500.0,5200.0,5350.0,5028.0,4738.75,4572.0,4537.75,1620600
2001-03-01,5350.0,5350.0,5350.0,5350.0,5154.0,4779.25,4589.5,4542.333333333333,0
2001-03-02,5290.0,5350.0,5100.0,5200.0,5232.0,4812.25,4604.416666666667,4546.083333333333,612000
2001-03-05,5030.0,5350.0,5030.0,5300.0,5286.0,4856.75,4618.25,4551.75,478700
2001-03-06,5410.0,5450.0,5100.0,5110.0,5262.0,4889.75,4630.083333333333,4555.958333333333,302100
2001-03-07,5150.0,5460.0,5100.0,5420.0,5276.0,4940.0,4647.833333333333,4561.291666666667,890400
2001-03-08,5420.0,5490.0,5310.0,5460.0,5298.0,4987.5,4666.25,4567.625,411100
2001-03-09,5370.0,5470.0,5320.0,5360.0,5330.0,5027.0,4682.833333333333,4574.125,236400
2001-03-12,5100.0,5280.0,5100.0,5130.0,5296.0,5054.0,4694.333333333333,4578.166666666667,207600
2001-03-13,5010.0,5040.0,4815.0,4850.0,5244.0,5062.5,4702.0,4580.583333333333,698800
2001-03-14,4850.0,4850.0,4850.0,4850.0,5130.0,5065.0,4710.333333333333,4582.916666666667,0
2001-03-15,4700.0,5090.0,4700.0,5060.0,5050.0,5076.5,4722.416666666667,4587.416666666667,290600
2001-03-16,5050.0,5090.0,4955.0,4960.0,4970.0,5082.5,4733.083333333333,4589.583333333333,122600
2001-03-19,4840.0,4960.0,4840.0,4855.0,4915.0,5084.75,4742.0,4589.125,184500
2001-03-20,4930.0,5030.0,4875.0,4940.0,4933.0,5091.75,4749.333333333333,4589.375,239200
2001-03-21,4850.0,5030.0,4850.0,5030.0,4969.0,5100.75,4758.166666666667,4590.375,249600
2001-03-22,5030.0,5250.0,5030.0,5130.0,4983.0,5121.25,4768.666666666667,4592.291666666667,292100
2001-03-23,5200.0,5250.0,5110.0,5150.0,5021.0,5138.25,4779.5,4593.625,196100
2001-03-26,5210.0,5210.0,5110.0,5150.0,5080.0,5144.25,4790.333333333333,4597.208333333333,105900
2001-03-27,5200.0,5200.0,5060.0,5100.0,5112.0,5137.75,4804.0,4600.375,102000
2001-03-28,5160.0,5260.0,5070.0,5090.0,5124.0,5124.75,4818.333333333333,4605.458333333333,144300
2001-03-29,5150.0,5150.0,4930.0,5000.0,5098.0,5107.25,4829.166666666667,4610.166666666667,113800
2001-03-30,5050.0,5140.0,4900.0,5140.0,5096.0,5104.25,4838.5,4618.916666666667,369600
2001-04-02,5020.0,5070.0,4930.0,4985.0,5063.0,5088.5,4844.916666666667,4626.375,662100
2001-04-03,4905.0,4940.0,4850.0,4920.0,5027.0,5079.0,4850.25,4633.625,768400
2001-04-04,4870.0,5000.0,4850.0,5000.0,5009.0,5058.0,4857.75,4641.5,125200
2001-04-05,5000.0,5000.0,5000.0,5000.0,5009.0,5035.0,4865.25,4648.5,0
2001-04-06,5000.0,5100.0,4970.0,5000.0,4981.0,5017.0,4871.916666666667,4654.75,243800
2001-04-09,4910.0,5000.0,4910.0,4945.0,4973.0,5007.75,4878.666666666667,4661.125,200900
2001-04-10,4900.0,4950.0,4780.0,4820.0,4953.0,5006.25,4884.833333333333,4665.125,244600
2001-04-11,4870.0,4930.0,4830.0,4890.0,4931.0,5008.25,4894.0,4669.708333333333,136000
2001-04-12,4920.0,4970.0,4890.0,4930.0,4917.0,5001.75,4902.5,4674.958333333333,332000
2001-04-13,4980.0,4980.0,4900.0,4940.0,4905.0,5000.75,4908.166666666667,4680.291666666667,218000
2001-04-16,4940.0,4970.0,4900.0,4900.0,4896.0,5003.0,4909.166666666667,4686.875,127400
2001-04-17,4900.0,5130.0,4900.0,4970.0,4926.0,5004.5,4911.333333333333,4693.041666666667,300600
2001-04-18,5010.0,5100.0,4960.0,5100.0,4968.0,5008.0,4915.666666666667,4698.458333333333,385000
2001-04-19,5200.0,5250.0,5040.0,5120.0,5006.0,5007.5,4920.333333333333,4703.541666666667,398700
2001-04-20,5170.0,5170.0,5010.0,5050.0,5028.0,5002.5,4930.0,4708.208333333333,165400
2001-04-23,5050.0,5170.0,5050.0,5150.0,5078.0,5002.5,4938.333333333333,4713.125,505600
2001-04-24,5100.0,5170.0,5070.0,5100.0,5104.0,5002.5,4946.916666666667,4718.041666666667,123500
2001-04-25,5060.0,5110.0,5040.0,5080.0,5100.0,5002.0,4955.166666666667,4722.791666666667,180200
2001-04-26,5060.0,5110.0,5040.0,5080.0,5092.0,5006.0,4964.166666666667,4727.208333333333,180200
2001-04-27,5180.0,5350.0,5070.0,5220.0,5126.0,5010.0,4975.5,4730.791666666667,702500
2001-04-30,5320.0,5700.0,5250.0,5600.0,5216.0,5040.75,4995.333333333333,4738.791666666667,1289900
2001-05-01,5600.0,5600.0,5600.0,5600.0,5316.0,5074.75,5014.5,4745.875,0
2001-05-02,5800.0,5870.0,5600.0,5600.0,5420.0,5104.75,5034.25,4752.791666666667,1799600
2001-05-03,5790.0,5840.0,5620.0,5700.0,5544.0,5139.75,5054.083333333333,4761.125,615200
2001-05-04,5630.0,6060.0,5590.0,6060.0,5712.0,5192.75,5078.916666666667,4773.291666666667,2195000
2001-05-07,6310.0,6350.0,6050.0,6200.0,5832.0,5255.5,5105.75,4787.458333333333,1370100
2001-05-08,6190.0,6800.0,6100.0,6330.0,5978.0,5331.0,5133.25,4803.708333333333,2449300
2001-05-09,6450.0,6450.0,6150.0,6330.0,6124.0,5403.0,5158.75,4820.125,891500
2001-05-10,6300.0,6460.0,6210.0,6410.0,6266.0,5477.0,5185.083333333333,4836.041666666667,552700
2001-05-11,6450.0,6700.0,6360.0,6650.0,6384.0,5562.5,5215.25,4853.958333333333,972100
2001-05-14,6660.0,6730.0,6560.0,6650.0,6474.0,5650.0,5245.916666666667,4871.625,1235500
2001-05-15,6670.0,7010.0,6580.0,7000.0,6608.0,5751.5,5282.583333333333,4893.25,1430900
2001-05-16,6900.0,6970.0,6510.0,6510.0,6644.0,5822.0,5310.25,4911.583333333333,837200
2001-05-17,6660.0,6730.0,6340.0,6510.0,6664.0,5891.5,5340.083333333333,4929.333333333333,927200
2001-05-18,6470.0,6680.0,6400.0,6530.0,6640.0,5965.5,5368.75,4947.666666666667,628100
2001-05-21,6620.0,6780.0,6570.0,6650.0,6640.0,6040.5,5395.75,4967.291666666667,604100
2001-05-22,6700.0,6740.0,6440.0,6560.0,6552.0,6113.5,5417.916666666667,4986.125,796700
2001-05-23,6500.0,6810.0,6440.0,6710.0,6592.0,6195.0,5440.583333333333,5006.291666666667,1359000
2001-05-24,6610.0,6610.0,6430.0,6540.0,6598.0,6268.0,5460.416666666667,5024.958333333333,853500
2001-05-25,6550.0,6800.0,6500.0,6700.0,6632.0,6342.0,5485.416666666667,5044.916666666667,902200
2001-05-28,6610.0,6880.0,6560.0,6870.0,6676.0,6405.5,5511.583333333333,5064.916666666667,651000
2001-05-29,6950.0,7330.0,6800.0,6870.0,6738.0,6469.0,5540.916666666667,5085.5,2231600
2001-05-30,7000.0,7100.0,6840.0,7020.0,6800.0,6540.0,5567.583333333333,5107.708333333333,1363100
2001-05-31,6910.0,7150.0,6860.0,6900.0,6872.0,6600.0,5591.583333333333,5128.916666666667,684000
2001-06-01,6930.0,7250.0,6930.0,7210.0,6974.0,6657.5,5622.416666666667,5152.625,928000
2001-06-04,7350.0,7900.0,7270.0,7620.0,7124.0,6728.5,5663.916666666667,5179.125,2640400
2001-06-05,7780.0,7780.0,7440.0,7480.0,7246.0,6786.0,5707.75,5204.875,1134000
2001-06-06,7480.0,7480.0,7480.0,7480.0,7338.0,6843.5,5751.583333333333,5230.958333333333,0
2001-06-07,7500.0,7580.0,7130.0,7260.0,7410.0,6886.0,5788.25,5255.333333333333,725700
2001-06-08,7290.0,7420.0,7210.0,7300.0,7428.0,6918.5,5827.25,5280.166666666667,687800
2001-06-11,7260.0,7450.0,7160.0,7280.0,7360.0,6950.0,5867.666666666667,5304.833333333333,466600
2001-06-12,7280.0,7300.0,7180.0,7190.0,7302.0,6959.5,5905.166666666667,5327.25,368300
2001-06-13,7140.0,7240.0,7140.0,7200.0,7246.0,6994.0,5941.333333333333,5349.75,445600
2001-06-14,7200.0,7420.0,7130.0,7370.0,7268.0,7037.0,5978.666666666667,5373.666666666667,439600
2001-06-15,7250.0,7450.0,7230.0,7370.0,7282.0,7079.0,6015.666666666667,5397.583333333333,273400
2001-06-18,7320.0,7390.0,7200.0,7200.0,7266.0,7106.5,6049.833333333333,5420.083333333333,222000
2001-06-19,7160.0,7180.0,6770.0,6800.0,7188.0,7118.5,6078.166666666667,5441.083333333333,1192300
2001-06-20,6620.0,6700.0,6400.0,6540.0,7056.0,7110.0,6102.333333333333,5460.333333333333,1324100
2001-06-21,6570.0,6700.0,6470.0,6610.0,6904.0,7113.5,6129.166666666667,5479.166666666667,548400
2001-06-22,6570.0,7050.0,6570.0,6900.0,6810.0,7123.5,6158.5,5498.5,1196000
2001-06-25,7040.0,7500.0,6930.0,7500.0,6870.0,7155.0,6200.416666666667,5522.666666666667,2571700
2001-06-26,7640.0,7640.0,7140.0,7180.0,6946.0,7170.5,6238.083333333333,5544.166666666667,987000
2001-06-27,7210.0,7460.0,7200.0,7350.0,7108.0,7187.0,6277.25,5567.5,1019700
2001-06-28,7320.0,7770.0,7260.0,7620.0,7310.0,7223.0,6320.916666666667,5593.083333333333,1145300
2001-06-29,7800.0,7820.0,7540.0,7690.0,7468.0,7247.0,6365.75,5618.833333333333,730700
2001-07-02,7660.0,7870.0,7500.0,7550.0,7478.0,7243.5,6409.166666666667,5643.916666666667,730500
2001-07-03,7450.0,7780.0,7310.0,7750.0,7592.0,7257.0,6458.0,5671.416666666667,774300
2001-07-04,7610.0,7700.0,7480.0,7530.0,7628.0,7259.5,6502.0,5698.0,421400
2001-07-05,7450.0,7640.0,7450.0,7530.0,7610.0,7273.0,6545.333333333333,5723.916666666667,272600
2001-07-06,7320.0,7410.0,7270.0,7390.0,7550.0,7277.5,6586.166666666667,5747.166666666667,297700
2001-07-09,7200.0,7250.0,6750.0,7010.0,7442.0,7264.0,6621.333333333333,5765.25,957600
2001-07-10,6950.0,7080.0,6780.0,6900.0,7272.0,7249.5,6653.5,5782.416666666667,572400
2001-07-11,6660.0,6780.0,6330.0,6450.0,7056.0,7212.0,6676.0,5795.833333333333,1025800
2001-07-12,6610.0,6840.0,6550.0,6700.0,6890.0,7178.5,6702.333333333333,5811.333333333333,2174000
2001-07-13,6800.0,7120.0,6720.0,6800.0,6772.0,7150.0,6731.5,5830.75,1944300
2001-07-16,6800.0,6920.0,6790.0,6800.0,6730.0,7130.0,6759.0,5848.666666666667,470300
2001-07-17,6800.0,6800.0,6800.0,6800.0,6710.0,7130.0,6787.333333333333,5867.125,0
2001-07-18,6800.0,6800.0,6310.0,6350.0,6690.0,7120.5,6808.5,5881.833333333333,575700
2001-07-19,6200.0,6410.0,6200.0,6400.0,6630.0,7110.0,6830.5,5897.333333333333,640400
2001-07-20,6360.0,6540.0,6260.0,6360.0,6542.0,7083.0,6849.5,5912.5,493400
2001-07-23,6250.0,6390.0,6220.0,6260.0,6434.0,7021.0,6860.5,5927.916666666667,244600
2001-07-24,6200.0,6330.0,5900.0,6300.0,6334.0,6977.0,6872.166666666667,5943.333333333333,480000
2001-07-25,6150.0,6470.0,6120.0,6260.0,6316.0,6922.5,6883.166666666667,5958.708333333333,463300
2001-07-26,6310.0,6380.0,6220.0,6270.0,6290.0,6855.0,6892.666666666667,5973.375,337800
2001-07-27,6310.0,6380.0,6300.0,6340.0,6286.0,6787.5,6897.333333333333,5988.125,645500
2001-07-30,6320.0,6340.0,6120.0,6130.0,6260.0,6716.5,6896.166666666667,6000.958333333333,413300
2001-07-31,6050.0,6250.0,6050.0,6180.0,6236.0,6638.0,6893.666666666667,6013.458333333333,341300
2001-08-01,6200.0,6360.0,6190.0,6350.0,6254.0,6579.0,6894.0,6026.375,468200
2001-08-02,6380.0,6600.0,6270.0,6460.0,6292.0,6525.5,6894.833333333333,6039.958333333333,528400
2001-08-03,6600.0,6690.0,6500.0,6690.0,6362.0,6490.5,6895.5,6055.375,466600
2001-08-06,6750.0,6750.0,6560.0,6600.0,6456.0,6470.0,6894.666666666667,6070.291666666667,345400
2001-08-07,6510.0,6760.0,6510.0,6640.0,6548.0,6457.0,6888.666666666667,6085.625,225900
2001-08-08,6700.0,6700.0,6480.0,6500.0,6578.0,6459.5,6888.5,6099.375,260400
2001-08-09,6400.0,6460.0,6340.0,6340.0,6554.0,6441.5,6885.666666666667,6112.875,256200
2001-08-10,6420.0,6480.0,6380.0,6430.0,6502.0,6423.0,6884.0,6126.375,163600
2001-08-13,6450.0,6700.0,6450.0,6690.0,6520.0,6417.5,6884.666666666667,6140.208333333333,533200
2001-08-14,6900.0,6910.0,6700.0,6790.0,6550.0,6417.0,6888.5,6153.208333333333,624000
2001-08-15,6790.0,6790.0,6790.0,6790.0,6608.0,6439.0,6889.833333333333,6165.208333333333,0
2001-08-16,6640.0,6900.0,6640.0,6860.0,6712.0,6462.0,6895.166666666667,6177.791666666667,521600
2001-08-17,6860.0,7030.0,6750.0,6800.0,6786.0,6484.0,6896.833333333333,6191.125,549700
2001-08-20,6650.0,6720.0,6570.0,6580.0,6764.0,6500.0,6892.0,6201.791666666667,336500
2001-08-21,6670.0,6750.0,6580.0,6750.0,6756.0,6522.5,6890.0,6215.458333333333,207800
2001-08-22,6700.0,6970.0,6660.0,6900.0,6778.0,6554.5,6888.0,6227.791666666667,763700
2001-08-23,6990.0,6990.0,6810.0,6810.0,6768.0,6581.5,6886.5,6239.041666666667,309000
2001-08-24,6810.0,7170.0,6810.0,7080.0,6824.0,6618.5,6884.333333333333,6253.375,1275600
2001-08-27,7210.0,7390.0,7180.0,7210.0,6950.0,6672.5,6877.5,6270.708333333333,862700
2001-08-28,7160.0,7160.0,7040.0,7120.0,7024.0,6719.5,6871.5,6289.625,352300
2001-08-29,7010.0,7070.0,6910.0,7000.0,7044.0,6752.0,6863.5,6307.541666666667,497800
2001-08-30,6880.0,7080.0,6850.0,7060.0,7094.0,6782.0,6860.166666666667,6324.208333333333,246900
2001-08-31,6800.0,6880.0,6650.0,6700.0,7018.0,6782.5,6850.166666666667,6338.708333333333,418800
2001-09-03,6600.0,6750.0,6550.0,6600.0,6896.0,6782.5,6838.833333333333,6353.25,327600
2001-09-04,6610.0,6770.0,6610.0,6720.0,6816.0,6786.5,6831.0,6368.083333333333,395400
2001-09-05,6750.0,6900.0,6710.0,6750.0,6766.0,6799.0,6823.5,6382.416666666667,462200
2001-09-06,6750.0,6840.0,6700.0,6780.0,6710.0,6821.0,6813.666666666667,6396.166666666667,250000
2001-09-07,6800.0,6820.0,6690.0,6800.0,6730.0,6839.5,6804.166666666667,6409.916666666667,193100
2001-09-10,6670.0,6900.0,6670.0,6900.0,6790.0,6850.0,6799.166666666667,6424.5,230700
2001-09-11,7100.0,7150.0,6950.0,6970.0,6840.0,6859.0,6802.0,6440.083333333333,477700
2001-09-12,5930.0,6190.0,5930.0,5930.0,6676.0,6816.0,6791.833333333333,6447.083333333333,1384400
2001-09-13,6150.0,6350.0,6010.0,6330.0,6586.0,6789.5,6787.166666666667,6458.166666666667,721000
2001-09-14,6450.0,6450.0,5620.0,6010.0,6428.0,6750.0,6772.333333333333,6465.416666666667,980000
2001-09-17,6010.0,6040.0,5520.0,5620.0,6172.0,6702.0,6741.0,6470.708333333333,470200
2001-09-18,5770.0,5910.0,5690.0,5820.0,5942.0,6655.5,6718.333333333333,6478.208333333333,823000
2001-09-19,5800.0,6050.0,5760.0,5860.0,5928.0,6603.5,6693.5,6485.375,597000
2001-09-20,5900.0,5920.0,5760.0,5900.0,5842.0,6558.0,6664.833333333333,6492.875,348000
2001-09-21,5740.0,6020.0,5730.0,5900.0,5820.0,6499.0,6635.0,6500.375,443200
2001-09-24,5900.0,5900.0,5900.0,5900.0,5876.0,6433.5,6607.5,6508.333333333333,0
2001-09-25,6070.0,6070.0,5700.0,5800.0,5872.0,6367.5,6575.0,6516.5,431100
2001-09-26,5810.0,5880.0,5730.0,5790.0,5858.0,6307.0,6546.0,6524.0,183500
2001-09-27,5750.0,5810.0,5570.0,5770.0,5832.0,6242.5,6516.666666666667,6531.0,410400
2001-09-28,5770.0,5770.0,5770.0,5770.0,5806.0,6196.0,6489.666666666667,6537.916666666667,0
2001-10-01,5770.0,5770.0,5770.0,5770.0,5780.0,6154.5,6469.0,6545.166666666667,0
2001-10-02,5770.0,5770.0,5770.0,5770.0,5774.0,6107.0,6450.166666666667,6551.833333333333,0
2001-10-03,5770.0,5770.0,5770.0,5770.0,5770.0,6058.0,6438.833333333333,6557.416666666667,0
2001-10-04,6000.0,6050.0,5860.0,6050.0,5826.0,6021.5,6428.0,6565.166666666667,727500
2001-10-05,6050.0,6050.0,5900.0,5920.0,5856.0,5977.5,6413.333333333333,6572.416666666667,470100
2001-10-08,5800.0,5900.0,5750.0,5800.0,5862.0,5922.5,6396.666666666667,6577.833333333333,343500
2001-10-09,5820.0,5920.0,5820.0,5900.0,5888.0,5869.0,6381.666666666667,6584.5,240400
2001-10-10,5870.0,5910.0,5800.0,5880.0,5910.0,5866.5,6373.833333333333,6591.166666666667,210900
2001-10-11,5970.0,6000.0,5880.0,5950.0,5890.0,5847.5,6366.333333333333,6598.416666666667,393200
2001-10-12,6020.0,6050.0,5930.0,5950.0,5896.0,5844.5,6359.5,6604.5,328300
2001-10-15,5850.0,5920.0,5800.0,5910.0,5918.0,5859.0,6353.666666666667,6607.083333333333,311600
2001-10-16,5850.0,6070.0,5850.0,5990.0,5936.0,5867.5,6348.5,6610.333333333333,454400
2001-10-17,6050.0,6050.0,5940.0,5970.0,5954.0,5873.0,6343.666666666667,6613.416666666667,324500
2001-10-18,5900.0,5970.0,5870.0,5940.0,5952.0,5875.0,6338.166666666667,6615.416666666667,351900
2001-10-19,5950.0,6030.0,5940.0,5990.0,5960.0,5879.5,6332.333333333333,6614.833333333333,274400
2001-10-22,6050.0,6050.0,5990.0,6040.0,5986.0,5886.5,6330.833333333333,6613.5,296700
2001-10-23,6090.0,6340.0,6090.0,6200.0,6028.0,5906.5,6331.166666666667,6612.416666666667,722300
2001-10-24,6270.0,6330.0,6180.0,6190.0,6072.0,5926.5,6328.5,6611.25,384400
2001-10-25,6190.0,6230.0,6030.0,6100.0,6104.0,5943.0,6322.5,6608.666666666667,281200
2001-10-26,6100.0,6180.0,6060.0,6110.0,6128.0,5960.0,6312.833333333333,6604.166666666667,234100
2001-10-29,6110.0,6230.0,6110.0,6210.0,6162.0,5982.0,6306.333333333333,6600.5,282900
2001-10-30,6250.0,6440.0,6220.0,6430.0,6208.0,6015.0,6302.833333333333,6595.75,1211700
2001-10-31,6380.0,6520.0,6280.0,6340.0,6238.0,6043.5,6300.166666666667,6594.333333333333,501200
2001-11-01,6370.0,6560.0,6360.0,6530.0,6324.0,6067.5,6303.333333333333,6594.5,607300
2001-11-02,6520.0,6550.0,6410.0,6480.0,6398.0,6095.5,6304.166666666667,6594.083333333333,370100
2001-11-05,6530.0,6590.0,6450.0,6590.0,6474.0,6135.0,6302.5,6593.583333333333,289100
2001-11-06,6670.0,6740.0,6590.0,6620.0,6512.0,6171.0,6299.666666666667,6594.083333333333,475100
2001-11-07,6560.0,6590.0,6470.0,6480.0,6540.0,6201.0,6294.5,6592.166666666667,351800
2001-11-08,6480.0,6500.0,6420.0,6480.0,6530.0,6227.5,6288.166666666667,6591.666666666667,500800
2001-11-09,6480.0,6480.0,6480.0,6480.0,6530.0,6254.0,6282.833333333333,6589.833333333333,0
2001-11-12,6510.0,6740.0,6510.0,6720.0,6556.0,6294.5,6285.166666666667,6588.583333333333,338900
2001-11-13,6700.0,6720.0,6570.0,6630.0,6558.0,6326.5,6283.166666666667,6586.583333333333,372500
2001-11-14,6630.0,6790.0,6570.0,6700.0,6602.0,6363.0,6279.833333333333,6583.916666666667,447700
2001-11-15,6790.0,7150.0,6750.0,6800.0,6666.0,6406.0,6279.666666666667,6583.083333333333,864600
2001-11-16,6750.0,6900.0,6680.0,6720.0,6714.0,6442.5,6273.666666666667,6579.0,479900
2001-11-19,6800.0,7120.0,6750.0,6880.0,6746.0,6484.5,6268.166666666667,6572.833333333333,1039900
2001-11-20,7120.0,7550.0,6990.0,7240.0,6868.0,6536.5,6270.166666666667,6570.833333333333,2160700
2001-11-21,7200.0,7520.0,7200.0,7290.0,6986.0,6591.5,6275.0,6569.25,942000
2001-11-22,7300.0,7330.0,7200.0,7320.0,7090.0,6652.5,6279.333333333333,6569.75,403800
2001-11-23,7210.0,7370.0,7210.0,7310.0,7208.0,6712.5,6289.5,6569.833333333333,499500
2001-11-26,7450.0,8170.0,7450.0,7900.0,7412.0,6797.0,6311.166666666667,6575.0,1440900
2001-11-27,7800.0,7990.0,7650.0,7700.0,7504.0,6860.5,6327.5,6579.25,593900
2001-11-28,7510.0,7600.0,7150.0,7330.0,7512.0,6910.0,6337.166666666667,6580.333333333333,548300
2001-11-29,7610.0,7900.0,7450.0,7690.0,7586.0,6968.0,6352.333333333333,6583.0,2084900
2001-11-30,7900.0,8780.0,7900.0,8460.0,7816.0,7067.0,6380.0,6592.083333333333,4330100
2001-12-03,8500.0,8610.0,8250.0,8450.0,7926.0,7160.0,6405.833333333333,6602.5,1489600
2001-12-04,8400.0,8840.0,8320.0,8500.0,8086.0,7254.0,6431.333333333333,6616.666666666667,1288400
2001-12-05,8520.0,8640.0,8400.0,8500.0,8320.0,7355.0,6474.166666666667,6633.0,953100
2001-12-06,8500.0,8630.0,8040.0,8360.0,8454.0,7449.0,6508.0,6647.583333333333,1141100
2001-12-07,8420.0,8440.0,8180.0,8290.0,8420.0,7539.5,6546.0,6659.166666666667,557700
2001-12-10,8200.0,8280.0,7770.0,7960.0,8322.0,7601.5,6585.0,6663.0,805500
2001-12-11,7850.0,8200.0,7750.0,8200.0,8262.0,7680.0,6624.666666666667,6671.5,452200
2001-12-12,8010.0,8140.0,7900.0,7900.0,8142.0,7740.0,6658.666666666667,6676.083333333333,566000
2001-12-13,7800.0,8050.0,7800.0,8040.0,8078.0,7802.0,6694.333333333333,6679.583333333333,1400200
2001-12-14,7810.0,8050.0,7800.0,7910.0,8002.0,7861.5,6727.833333333333,6681.416666666667,459100
2001-12-17,7770.0,7820.0,7650.0,7700.0,7950.0,7902.5,6757.833333333333,6682.666666666667,538600
2001-12-18,7700.0,7740.0,7500.0,7610.0,7832.0,7921.0,6788.0,6681.5,516600
2001-12-19,7530.0,7650.0,7400.0,7650.0,7782.0,7939.0,6819.0,6682.5,342100
2001-12-20,7500.0,7720.0,7500.0,7710.0,7716.0,7958.5,6851.333333333333,6684.0,434700
2001-12-21,7550.0,7880.0,7550.0,7700.0,7674.0,7978.0,6883.5,6686.583333333333,342500
2001-12-24,8400.0,8400.0,7900.0,8010.0,7736.0,7983.5,6920.833333333333,6694.916666666667,444900
2001-12-25,8010.0,8010.0,8010.0,8010.0,7816.0,7999.0,6958.166666666667,6704.166666666667,0
2001-12-26,8000.0,8110.0,7910.0,8100.0,7906.0,8037.5,6997.0,6717.916666666667,421600
2001-12-27,7950.0,8140.0,7890.0,8140.0,7992.0,8060.0,7031.833333333333,6729.916666666667,332100
2001-12-28,8150.0,8500.0,8150.0,8500.0,8152.0,8062.0,7074.833333333333,6744.083333333333,724000
2001-12-31,8500.0,8500.0,8500.0,8500.0,8250.0,8064.5,7119.833333333333,6758.25,0
2002-01-01,8500.0,8500.0,8500.0,8500.0,8348.0,8064.5,7163.166666666667,6772.416666666667,0
2002-01-02,8600.0,9440.0,8530.0,9290.0,8586.0,8104.0,7220.0,6796.916666666667,1659800
2002-01-03,9290.0,9290.0,9290.0,9290.0,8816.0,8150.5,7275.666666666667,6821.0,0
2002-01-04,9300.0,9350.0,9080.0,9200.0,8956.0,8196.0,7329.833333333333,6844.666666666667,727000
2002-01-07,9170.0,9550.0,9120.0,9450.0,9146.0,8270.5,7388.833333333333,6871.25,1133800
2002-01-08,9360.0,9400.0,9030.0,9050.0,9256.0,8313.0,7439.833333333333,6894.166666666667,684600
2002-01-09,9000.0,9200.0,8880.0,9200.0,9238.0,8378.0,7493.666666666667,6918.666666666667,647700
2002-01-10,9010.0,9270.0,9010.0,9160.0,9212.0,8434.0,7547.333333333333,6942.75,404500
2002-01-11,9090.0,9140.0,8520.0,8730.0,9118.0,8475.0,7593.0,6962.666666666667,1090900
2002-01-14,8400.0,8700.0,8310.0,8680.0,8964.0,8524.0,7637.0,6983.916666666667,744000
2002-01-15,8510.0,8660.0,8350.0,8350.0,8824.0,8561.0,7672.833333333333,7002.0,373900
2002-01-16,8350.0,8970.0,8350.0,8600.0,8704.0,8608.5,7713.0,7020.75,1109300
2002-01-17,8600.0,8890.0,8600.0,8810.0,8634.0,8663.5,7758.166666666667,7040.333333333333,813100
2002-01-18,8850.0,8910.0,8660.0,8670.0,8622.0,8712.0,7800.833333333333,7056.833333333333,364600
2002-01-21,8590.0,9070.0,8420.0,8970.0,8680.0,8760.0,7846.833333333333,7076.583333333333,802600
2002-01-22,8950.0,9170.0,8900.0,9000.0,8810.0,8809.5,7889.666666666667,7096.25,858300
2002-01-23,8940.0,9190.0,8900.0,9080.0,8906.0,8858.5,7935.333333333333,7117.75,588600
2002-01-24,9250.0,9440.0,9150.0,9350.0,9014.0,8919.0,7982.333333333333,7142.833333333333,1141500
2002-01-25,9490.0,10100.0,9390.0,9550.0,9190.0,8971.5,8033.5,7168.833333333333,2236900
2002-01-28,9980.0,10250.0,9790.0,9890.0,9374.0,9041.0,8088.5,7195.5,1624600
2002-01-29,9890.0,10150.0,9740.0,9990.0,9572.0,9115.5,8144.666666666667,7222.166666666667,941800
2002-01-30,9500.0,9780.0,9400.0,9450.0,9646.0,9123.5,8194.166666666666,7244.333333333333,841100
2002-01-31,9450.0,9450.0,9450.0,9450.0,9666.0,9131.5,8243.666666666666,7265.916666666667,0
2002-02-01,9650.0,9800.0,9300.0,9390.0,9634.0,9141.0,8292.166666666666,7287.5,457100
2002-02-04,9150.0,9400.0,9030.0,9040.0,9464.0,9120.5,8330.833333333334,7308.0,362800
2002-02-05,8980.0,9270.0,8950.0,9200.0,9306.0,9128.0,8373.666666666666,7328.416666666667,370000
2002-02-06,9330.0,10100.0,9330.0,9850.0,9386.0,9160.5,8426.166666666666,7353.0,1944900
2002-02-07,9750.0,10600.0,9700.0,9830.0,9462.0,9194.0,8476.666666666666,7378.166666666667,2541800
2002-02-08,9930.0,10050.0,9650.0,9820.0,9548.0,9248.5,8528.333333333334,7401.0,505500
2002-02-11,9820.0,9820.0,9820.0,9820.0,9704.0,9305.5,8577.333333333334,7422.75,0
2002-02-12,9820.0,9820.0,9820.0,9820.0,9828.0,9379.0,8620.333333333334,7445.25,0
2002-02-13,9820.0,9820.0,9820.0,9820.0,9822.0,9440.0,8662.5,7468.75,0
2002-02-14,10000.0,10600.0,9930.0,10600.0,9976.0,9529.5,8717.166666666666,7498.25,1453200
2002-02-15,10550.0,10750.0,10300.0,10600.0,10132.0,9626.0,8772.0,7530.75,680500
2002-02-18,10800.0,11100.0,10650.0,11050.0,10378.0,9730.0,8824.5,7567.833333333333,1012600
2002-02-19,11050.0,11300.0,10750.0,11050.0,10624.0,9832.5,8880.333333333334,7603.916666666667,789400
2002-02-20,10800.0,11400.0,10800.0,11100.0,10880.0,9933.5,8943.166666666666,7640.166666666667,545000
2002-02-21,11450.0,11750.0,11250.0,11500.0,11060.0,10041.0,9006.666666666666,7679.5,1029900
2002-02-22,11250.0,11350.0,11000.0,11350.0,11210.0,10131.0,9054.833333333334,7717.416666666667,436600
2002-02-25,11350.0,11500.0,10850.0,10850.0,11170.0,10179.0,9094.833333333334,7750.333333333333,637700
2002-02-26,11000.0,11100.0,10700.0,10800.0,11120.0,10219.5,9133.166666666666,7782.25,706300
2002-02-27,11000.0,11250.0,10900.0,11000.0,11100.0,10297.0,9174.833333333334,7824.5,921600
2002-02-28,11150.0,11150.0,10750.0,10850.0,10970.0,10367.0,9216.333333333334,7862.166666666667,649100
2002-03-01,10850.0,10850.0,10850.0,10850.0,10870.0,10440.0,9259.0,7902.5,0
2002-03-04,11000.0,11150.0,10750.0,10850.0,10870.0,10530.5,9307.166666666666,7946.083333333333,928100
2002-03-05,10900.0,11500.0,10800.0,11500.0,11010.0,10645.5,9362.166666666666,7993.416666666667,1307600
2002-03-06,11600.0,11750.0,11250.0,11300.0,11070.0,10718.0,9418.833333333334,8038.75,845900
2002-03-07,11300.0,11500.0,10800.0,10800.0,11060.0,10766.5,9464.833333333334,8079.583333333333,883700
2002-03-08,10700.0,11000.0,10500.0,10700.0,11030.0,10810.5,9511.333333333334,8119.583333333333,576700
2002-03-11,10700.0,10800.0,10450.0,10500.0,10960.0,10844.5,9558.0,8157.916666666667,549900
2002-03-12,10600.0,11200.0,10600.0,11200.0,10900.0,10913.5,9617.833333333334,8202.916666666666,1147500
2002-03-13,11000.0,11250.0,10800.0,11050.0,10850.0,10975.0,9674.5,8246.75,821400
2002-03-14,11150.0,11500.0,11100.0,11250.0,10940.0,11007.5,9733.5,8292.416666666666,1298400
2002-03-15,11500.0,12900.0,11500.0,12400.0,11280.0,11097.5,9811.833333333334,8347.666666666666,3835300
2002-03-18,12400.0,12600.0,11950.0,12100.0,11600.0,11150.0,9880.0,8400.416666666666,2183900
2002-03-19,12150.0,12350.0,12000.0,12150.0,11790.0,11205.0,9949.0,8453.583333333334,1128300
2002-03-20,12300.0,12700.0,11900.0,11900.0,11960.0,11245.0,10012.333333333334,8504.666666666666,1353300
2002-03-21,11600.0,12150.0,11600.0,12150.0,12140.0,11277.5,10079.166666666666,8555.5,838600
2002-03-22,12200.0,12350.0,11850.0,12100.0,12080.0,11315.0,10139.166666666666,8607.0,941900
2002-03-25,12000.0,12300.0,11700.0,11700.0,12000.0,11357.5,10192.5,8656.166666666666,841300
2002-03-26,11500.0,11700.0,11150.0,11550.0,11880.0,11395.0,10243.333333333334,8703.25,840300
2002-03-27,11600.0,12050.0,11550.0,11900.0,11880.0,11440.0,10286.833333333334,8753.416666666666,941500
2002-03-28,12000.0,12150.0,11600.0,11600.0,11770.0,11477.5,10325.333333333334,8800.5,806900
2002-03-29,11600.0,11800.0,11300.0,11400.0,11630.0,11505.0,10362.0,8845.916666666666,735500
2002-04-01,11400.0,11500.0,10600.0,10650.0,11420.0,11495.0,10382.0,8885.416666666666,916600
2002-04-02,10700.0,11000.0,10450.0,10950.0,11300.0,11467.5,10413.666666666666,8926.75,585400
2002-04-03,10700.0,11000.0,10650.0,10950.0,11110.0,11450.0,10442.833333333334,8968.25,559400
2002-04-04,10750.0,11300.0,10750.0,11100.0,11010.0,11465.0,10475.166666666666,9011.25,773900
2002-04-05,11100.0,11100.0,11100.0,11100.0,10950.0,11485.0,10514.666666666666,9053.833333333334,0
2002-04-08,11100.0,11200.0,10650.0,10700.0,10960.0,11495.0,10548.333333333334,9092.666666666666,711900
2002-04-09,10750.0,10850.0,10500.0,10600.0,10890.0,11465.0,10585.833333333334,9129.333333333334,551000
2002-04-10,10500.0,10550.0,9940.0,9940.0,10688.0,11409.5,10608.166666666666,9160.583333333334,828000
2002-04-11,9900.0,10200.0,9690.0,9950.0,10458.0,11344.5,10627.166666666666,9192.666666666666,820300
2002-04-12,9700.0,10100.0,9680.0,9780.0,10194.0,11213.5,10645.666666666666,9223.25,584600
2002-04-15,9880.0,10150.0,9850.0,10100.0,10074.0,11113.5,10664.5,9255.666666666666,766900
2002-04-16,10100.0,10150.0,9910.0,10000.0,9954.0,11006.0,10681.166666666666,9285.416666666666,472500
2002-04-17,10400.0,10500.0,10200.0,10300.0,10026.0,10926.0,10701.5,9318.416666666666,843900
2002-04-18,10400.0,10650.0,10350.0,10450.0,10126.0,10841.0,10719.833333333334,9351.083333333334,757300
2002-04-19,10600.0,10600.0,10150.0,10150.0,10200.0,10743.5,10729.833333333334,9381.666666666666,504500
2002-04-22,10250.0,10650.0,10150.0,10650.0,10310.0,10691.0,10742.5,9415.5,916500
2002-04-23,10450.0,10550.0,10200.0,10300.0,10370.0,10628.5,10747.666666666666,9446.166666666666,509900
2002-04-24,10350.0,10600.0,10200.0,10300.0,10370.0,10548.5,10761.833333333334,9478.0,628100
2002-04-25,10100.0,10150.0,9770.0,9780.0,10236.0,10457.5,10767.333333333334,9505.5,699400
2002-04-26,9950.0,11100.0,9770.0,10700.0,10346.0,10422.5,10789.166666666666,9540.666666666666,1901400
2002-04-29,10450.0,11200.0,10350.0,10500.0,10316.0,10415.0,10813.5,9572.166666666666,2680100
2002-04-30,10800.0,11200.0,10600.0,11000.0,10456.0,10417.5,10843.5,9608.583333333334,2062300
2002-05-01,11000.0,11000.0,11000.0,11000.0,10596.0,10420.0,10862.666666666666,9644.416666666666,0
2002-05-02,11700.0,11950.0,11350.0,11500.0,10940.0,10440.0,10890.5,9683.583333333334,3804000
2002-05-03,11200.0,11300.0,10700.0,11100.0,11020.0,10440.0,10911.833333333334,9720.083333333334,1960300
2002-05-06,10850.0,11350.0,10600.0,10600.0,11040.0,10435.0,10924.833333333334,9751.083333333334,1330300
2002-05-07,10150.0,10900.0,10150.0,10700.0,10980.0,10440.0,10939.5,9779.916666666666,1599900
2002-05-08,10900.0,11050.0,10550.0,10700.0,10920.0,10478.0,10954.166666666666,9808.333333333334,1085000
2002-05-09,10800.0,11400.0,10550.0,11400.0,10900.0,10550.5,10967.5,9842.333333333334,2325300
2002-05-10,11200.0,11400.0,10800.0,10950.0,10870.0,10609.0,10973.333333333334,9872.666666666666,1320400
2002-05-13,10850.0,11150.0,10700.0,10850.0,10920.0,10646.5,10970.0,9897.25,1236300
2002-05-14,11000.0,11200.0,10700.0,10700.0,10920.0,10681.5,10964.166666666666,9922.25,1012400
2002-05-15,10750.0,10950.0,10650.0,10800.0,10940.0,10706.5,10959.166666666666,9951.166666666666,1089100
2002-05-16,10550.0,11100.0,10550.0,10600.0,10780.0,10714.0,10944.166666666666,9975.416666666666,1131200
2002-05-17,10600.0,10750.0,10400.0,10650.0,10720.0,10739.0,10932.5,9993.666666666666,1142900
2002-05-20,10550.0,10700.0,10200.0,10200.0,10590.0,10716.5,10921.666666666666,10008.25,1134900
2002-05-21,10200.0,10300.0,9750.0,9750.0,10400.0,10689.0,10904.166666666666,10018.666666666666,1417500
2002-05-22,9650.0,9850.0,9400.0,9630.0,10166.0,10655.5,10881.333333333334,10028.083333333334,1677100
2002-05-23,9630.0,9820.0,9100.0,9200.0,9886.0,10626.5,10853.833333333334,10035.083333333334,1345300
2002-05-24,9020.0,9300.0,9010.0,9160.0,9588.0,10549.5,10825.666666666666,10042.333333333334,1483500
2002-05-27,9230.0,9560.0,9210.0,9250.0,9398.0,10487.0,10799.0,10053.083333333334,1168900
2002-05-28,9100.0,9280.0,8660.0,8710.0,9190.0,10372.5,10752.5,10057.333333333334,1234100
2002-05-29,8400.0,8500.0,8070.0,8070.0,8878.0,10226.0,10698.666666666666,10058.75,1320700
2002-05-30,8030.0,8070.0,7600.0,7740.0,8586.0,10038.0,10647.666666666666,10056.25,1353400
2002-05-31,7700.0,7940.0,7700.0,7700.0,8294.0,9868.0,10597.666666666666,10054.5,946000
2002-06-03,7510.0,7610.0,7020.0,7200.0,7884.0,9698.0,10542.666666666666,10050.333333333334,2067400
2002-06-04,6990.0,7200.0,6770.0,7190.0,7580.0,9522.5,10475.833333333334,10046.833333333334,1592900
2002-06-05,7260.0,7340.0,6950.0,7000.0,7366.0,9337.5,10408.333333333334,10041.416666666666,2065400
2002-06-06,7000.0,7000.0,7000.0,7000.0,7218.0,9117.5,10337.5,10035.5,0
2002-06-07,6900.0,6980.0,6780.0,6780.0,7034.0,8909.0,10243.833333333334,10027.833333333334,818700
2002-06-10,6800.0,7150.0,6670.0,7150.0,7024.0,8724.0,10161.333333333334,10020.666666666666,2243400
2002-06-11,7090.0,7490.0,7070.0,7490.0,7084.0,8563.5,10083.666666666666,10016.333333333334,2212500
2002-06-12,7490.0,7710.0,7430.0,7570.0,7198.0,8402.0,10011.5,10011.916666666666,1412900
2002-06-13,7570.0,7570.0,7570.0,7570.0,7312.0,8250.5,9935.166666666666,10007.166666666666,0
2002-06-14,7600.0,7660.0,7430.0,7450.0,7446.0,8090.5,9857.666666666666,9998.416666666666,784500
2002-06-17,7550.0,7740.0,7480.0,7620.0,7540.0,7961.5,9789.666666666666,9991.083333333334,1064700
2002-06-18,7640.0,7700.0,7300.0,7300.0,7502.0,7839.0,9718.833333333334,9981.083333333334,759700
2002-06-19,7150.0,7300.0,6790.0,6870.0,7362.0,7701.0,9635.0,9960.916666666666,716200
2002-06-20,6810.0,6880.0,6600.0,6810.0,7210.0,7581.5,9555.166666666666,9940.25,480600
2002-06-21,6710.0,6830.0,6660.0,6810.0,7082.0,7464.0,9478.666666666666,9920.333333333334,408800
2002-06-24,6600.0,6740.0,6380.0,6390.0,6836.0,7321.0,9407.666666666666,9894.833333333334,745300
2002-06-25,6400.0,6500.0,6030.0,6050.0,6586.0,7188.0,9326.0,9869.833333333334,559900
2002-06-26,5990.0,5990.0,5510.0,5600.0,6332.0,7064.5,9236.833333333334,9839.833333333334,955800
2002-06-27,5720.0,6380.0,5620.0,5960.0,6162.0,6975.5,9151.166666666666,9813.166666666666,1129400
2002-06-28,6000.0,6420.0,6000.0,6290.0,6058.0,6905.0,9071.0,9792.833333333334,678500
2002-07-01,6290.0,6290.0,6290.0,6290.0,6038.0,6859.5,8997.5,9772.916666666666,0
2002-07-02,6100.0,6290.0,5920.0,6290.0,6086.0,6814.5,8925.666666666666,9755.75,846400
2002-07-03,6180.0,6610.0,6080.0,6600.0,6286.0,6794.5,8870.0,9739.083333333334,869000
2002-07-04,6650.0,6750.0,6560.0,6700.0,6434.0,6779.5,8815.833333333334,9721.5,727900
2002-07-05,6670.0,6900.0,6640.0,6740.0,6524.0,6777.5,8765.166666666666,9705.416666666666,653400
2002-07-08,6850.0,6950.0,6400.0,6500.0,6566.0,6745.0,8705.166666666666,9684.833333333334,585900
2002-07-09,6500.0,6650.0,6450.0,6600.0,6628.0,6700.5,8648.5,9664.833333333334,709200
2002-07-10,6530.0,7050.0,6510.0,6970.0,6702.0,6670.5,8593.0,9647.25,1409300
2002-07-11,6780.0,6920.0,6640.0,6680.0,6698.0,6626.0,8530.166666666666,9625.0,507400
2002-07-12,6800.0,7150.0,6750.0,7150.0,6780.0,6611.0,8480.166666666666,9605.0,1095300
2002-07-15,7150.0,7620.0,7110.0,7400.0,6960.0,6600.0,8426.0,9584.25,2831700
2002-07-16,7500.0,7600.0,7290.0,7320.0,7104.0,6601.0,8376.333333333334,9562.0,3327600
2002-07-17,7320.0,7320.0,7320.0,7320.0,7174.0,6623.5,8326.666666666666,9544.25,0
2002-07-18,7400.0,7420.0,6800.0,6800.0,7198.0,6623.0,8277.0,9522.166666666666,1709200
2002-07-19,6640.0,7080.0,6630.0,6950.0,7158.0,6630.0,8214.5,9501.833333333334,1266100
2002-07-22,6360.0,6740.0,6360.0,6450.0,6968.0,6633.0,8147.0,9480.25,663400
2002-07-23,6400.0,6730.0,6400.0,6710.0,6846.0,6666.0,8075.5,9459.5,543400
2002-07-24,6550.0,6870.0,6530.0,6820.0,6746.0,6727.0,8005.833333333333,9434.25,620700
2002-07-25,7100.0,7170.0,6800.0,6800.0,6746.0,6769.0,7927.5,9409.0,726500
2002-07-26,6790.0,6880.0,6490.0,6640.0,6684.0,6786.5,7853.166666666667,9382.5,412700
2002-07-29,6640.0,6700.0,6500.0,6520.0,6698.0,6798.0,7785.166666666667,9355.0,198000
2002-07-30,6770.0,6770.0,6630.0,6770.0,6710.0,6822.0,7719.666666666667,9329.583333333334,384000
2002-07-31,6820.0,6970.0,6740.0,6900.0,6726.0,6837.0,7656.333333333333,9305.25,432700
2002-08-01,6990.0,7040.0,6750.0,6850.0,6736.0,6844.5,7580.5,9274.0,213200
2002-08-02,6660.0,6700.0,6520.0,6570.0,6722.0,6836.0,7507.5,9240.416666666666,287700
2002-08-05,6490.0,6500.0,6120.0,6150.0,6648.0,6818.5,7429.166666666667,9199.583333333334,293700
2002-08-06,5980.0,6100.0,5940.0,6070.0,6508.0,6792.0,7352.0,9158.083333333334,284700
2002-08-07,6170.0,6230.0,6100.0,6100.0,6348.0,6748.5,7273.666666666667,9116.416666666666,260300
2002-08-08,6110.0,6220.0,6110.0,6200.0,6218.0,6724.5,7200.333333333333,9072.25,220500
2002-08-09,6330.0,6340.0,6170.0,6170.0,6138.0,6675.5,7125.666666666667,9029.083333333334,198800
2002-08-12,6170.0,6240.0,6150.0,6170.0,6142.0,6614.0,7058.5,8990.083333333334,174500
2002-08-13,6200.0,6490.0,6200.0,6450.0,6218.0,6570.5,7003.5,8953.833333333334,442800
2002-08-14,6350.0,6590.0,6350.0,6490.0,6296.0,6529.0,6951.166666666667,8916.25,227200
2002-08-15,6490.0,6490.0,6490.0,6490.0,6354.0,6513.5,6906.0,8879.916666666666,0
2002-08-16,6540.0,6600.0,6350.0,6440.0,6408.0,6488.0,6860.666666666667,8843.166666666666,345000
2002-08-19,6400.0,6450.0,6320.0,6400.0,6454.0,6485.5,6813.166666666667,8806.083333333334,288800
2002-08-20,6500.0,6520.0,6400.0,6410.0,6446.0,6470.5,6774.833333333333,8763.666666666666,375100
2002-08-21,6410.0,6470.0,6400.0,6470.0,6442.0,6453.0,6748.166666666667,8723.416666666666,207800
2002-08-22,6540.0,6730.0,6480.0,6610.0,6466.0,6443.5,6729.333333333333,8688.5,660700
2002-08-23,6610.0,6610.0,6610.0,6610.0,6500.0,6442.0,6711.166666666667,8654.416666666666,0
2002-08-26,6640.0,6680.0,6540.0,6600.0,6540.0,6446.0,6701.166666666667,8621.916666666666,234600
2002-08-27,6600.0,6650.0,6460.0,6500.0,6558.0,6432.5,6689.666666666667,8582.75,210900
2002-08-28,6490.0,6550.0,6420.0,6470.0,6558.0,6411.0,6680.833333333333,8544.583333333334,205500
2002-08-29,6400.0,6470.0,6400.0,6410.0,6518.0,6389.0,6671.0,8504.25,130000
2002-08-30,6480.0,6530.0,6430.0,6520.0,6500.0,6386.5,6666.666666666667,8455.25,225800
2002-09-02,6530.0,6840.0,6530.0,6840.0,6548.0,6421.0,6661.5,8411.416666666666,508000
2002-09-03,6890.0,6910.0,6760.0,6810.0,6610.0,6458.0,6650.166666666667,8366.916666666666,427800
2002-09-04,6660.0,6710.0,6550.0,6580.0,6632.0,6482.0,6633.666666666667,8322.583333333334,267900
2002-09-05,6650.0,6700.0,6570.0,6610.0,6672.0,6502.5,6617.666666666667,8276.416666666666,160600
2002-09-06,6460.0,6560.0,6320.0,6330.0,6634.0,6510.5,6599.0,8228.333333333334,243000
2002-09-09,6340.0,6360.0,6100.0,6100.0,6486.0,6507.0,6573.666666666667,8181.666666666667,184100
2002-09-10,6150.0,6250.0,6140.0,6200.0,6364.0,6494.5,6555.333333333333,8137.083333333333,99300
2002-09-11,6200.0,6420.0,6200.0,6380.0,6324.0,6489.0,6547.166666666667,8091.083333333333,174300
2002-09-12,6300.0,6450.0,6300.0,6400.0,6282.0,6484.5,6540.333333333333,8047.75,161400
2002-09-13,6240.0,6300.0,6170.0,6190.0,6254.0,6472.0,6530.0,8004.333333333333,169800
2002-09-16,6180.0,6200.0,6000.0,6000.0,6234.0,6452.0,6523.5,7965.583333333333,304900
2002-09-17,6150.0,6160.0,6000.0,6160.0,6226.0,6439.5,6525.333333333333,7925.666666666667,252000
2002-09-18,6060.0,6180.0,6040.0,6150.0,6180.0,6423.5,6534.5,7885.666666666667,192000
2002-09-19,6160.0,6220.0,6090.0,6100.0,6120.0,6398.0,6536.833333333333,7844.0,166400
2002-09-20,6100.0,6100.0,6100.0,6100.0,6102.0,6372.5,6533.666666666667,7802.333333333333,0
2002-09-23,6000.0,6100.0,6000.0,6000.0,6102.0,6342.5,6528.833333333333,7763.166666666667,154000
2002-09-24,6000.0,6070.0,5920.0,6030.0,6076.0,6319.0,6524.5,7725.083333333333,302100
2002-09-25,6000.0,6050.0,5980.0,6040.0,6054.0,6297.5,6515.166666666667,7692.583333333333,334600
2002-09-26,6090.0,6160.0,6010.0,6020.0,6038.0,6278.0,6503.833333333333,7659.833333333333,153600
2002-09-27,6000.0,6090.0,5870.0,5980.0,6014.0,6251.0,6491.166666666667,7628.166666666667,134100
2002-09-30,5710.0,5820.0,5710.0,5780.0,5970.0,6198.0,6479.166666666667,7592.166666666667,133000
2002-10-01,5620.0,6000.0,5620.0,5950.0,5954.0,6155.0,6468.333333333333,7558.416666666667,148400
2002-10-02,6050.0,6080.0,5950.0,5970.0,5940.0,6124.5,6451.666666666667,7522.333333333333,150700
2002-10-03,5970.0,5970.0,5970.0,5970.0,5930.0,6092.5,6439.833333333333,7485.0,0
2002-10-04,5950.0,6000.0,5900.0,6000.0,5934.0,6076.0,6420.666666666667,7450.416666666667,94400
2002-10-07,6060.0,6060.0,5910.0,5970.0,5972.0,6069.5,6396.833333333333,7411.416666666667,75100
2002-10-08,5810.0,5950.0,5780.0,5890.0,5960.0,6054.0,6373.0,7374.666666666667,68800
2002-10-09,5950.0,5950.0,5660.0,5670.0,5900.0,6018.5,6345.5,7336.083333333333,85500
2002-10-10,5700.0,5700.0,5260.0,5270.0,5760.0,5962.0,6320.0,7298.5,211300
2002-10-11,5360.0,5420.0,4980.0,4990.0,5558.0,5902.0,6287.333333333333,7250.916666666667,441100
2002-10-14,5120.0,5150.0,5070.0,5080.0,5380.0,5856.0,6264.5,7205.75,263200
2002-10-15,5130.0,5320.0,5080.0,5250.0,5252.0,5810.5,6240.166666666667,7157.833333333333,366500
2002-10-16,5440.0,5440.0,5240.0,5380.0,5194.0,5772.0,6216.166666666667,7111.0,417900
2002-10-17,5320.0,5700.0,5320.0,5700.0,5280.0,5752.0,6197.833333333333,7062.666666666667,454100
2002-10-18,5800.0,5930.0,5770.0,5900.0,5462.0,5742.0,6185.5,7019.333333333333,333300
2002-10-21,5810.0,5810.0,5620.0,5750.0,5596.0,5729.5,6172.666666666667,6978.916666666667,163100
2002-10-22,5800.0,5820.0,5300.0,5380.0,5622.0,5697.0,6149.5,6934.583333333333,317200
2002-10-23,5350.0,5640.0,5310.0,5580.0,5662.0,5674.0,6127.5,6891.916666666667,288900
2002-10-24,5600.0,5640.0,5460.0,5480.0,5618.0,5647.0,6104.666666666667,6842.583333333333,106000
2002-10-25,5410.0,5530.0,5370.0,5410.0,5520.0,5618.5,6085.333333333333,6796.416666666667,70100
2002-10-28,5500.0,5600.0,5490.0,5570.0,5484.0,5608.0,6075.666666666667,6752.416666666667,129100
2002-10-29,5510.0,5620.0,5460.0,5460.0,5500.0,5583.5,6065.5,6708.75,143300
2002-10-30,5460.0,5500.0,5300.0,5350.0,5454.0,5552.5,6053.0,6663.333333333333,173700
2002-10-31,5400.0,5400.0,5240.0,5280.0,5414.0,5518.0,6037.666666666667,6619.0,159500
2002-11-01,5240.0,5370.0,5210.0,5280.0,5388.0,5482.0,6022.833333333333,6574.25,122800
2002-11-04,5310.0,5410.0,5310.0,5380.0,5350.0,5452.5,6009.666666666667,6534.083333333333,160200
2002-11-05,5450.0,5450.0,5300.0,5310.0,5320.0,5423.5,5990.666666666667,6497.083333333333,102600
2002-11-06,5340.0,5390.0,5310.0,5390.0,5328.0,5409.5,5972.333333333333,6461.75,289500
2002-11-07,5400.0,5400.0,5320.0,5340.0,5340.0,5413.0,5953.166666666667,6429.583333333333,262700
2002-11-08,5280.0,5340.0,5220.0,5230.0,5330.0,5425.0,5933.0,6396.833333333333,240600
2002-11-11,5200.0,5210.0,5140.0,5150.0,5284.0,5428.5,5912.166666666667,6362.666666666667,194000
2002-11-12,5120.0,5300.0,5070.0,5280.0,5278.0,5430.0,5893.333333333333,6334.083333333333,270400
2002-11-13,5270.0,5350.0,5240.0,5300.0,5260.0,5426.0,5873.833333333333,6311.0,209900
2002-11-14,5260.0,5330.0,5210.0,5260.0,5244.0,5404.0,5851.333333333333,6290.333333333333,116400
2002-11-15,5300.0,5340.0,5260.0,5280.0,5254.0,5373.0,5829.166666666667,6270.166666666667,141200
2002-11-18,5240.0,5280.0,5130.0,5140.0,5252.0,5342.5,5804.833333333333,6253.0,330900
2002-11-19,5140.0,5210.0,5120.0,5120.0,5220.0,5329.5,5781.833333333333,6235.75,234500
2002-11-20,5080.0,5210.0,5080.0,5180.0,5196.0,5309.5,5760.333333333333,6220.583333333333,315400
2002-11-21,5270.0,5640.0,5270.0,5520.0,5248.0,5311.5,5745.5,6208.25,1089200
2002-11-22,5790.0,5790.0,5470.0,5480.0,5288.0,5315.0,5728.166666666667,6197.416666666667,416200
2002-11-25,5480.0,5650.0,5460.0,5650.0,5390.0,5319.0,5708.333333333333,6184.916666666667,317500
2002-11-26,5680.0,5720.0,5540.0,5570.0,5480.0,5324.5,5687.666666666667,6168.916666666667,384300
2002-11-27,5530.0,5620.0,5480.0,5610.0,5566.0,5337.5,5671.5,6152.583333333333,311700
2002-11-28,5720.0,5970.0,5720.0,5830.0,5628.0,5365.0,5658.5,6138.083333333333,951400
2002-11-29,5830.0,5830.0,5640.0,5830.0,5698.0,5392.5,5650.166666666667,6124.583333333333,380300
2002-12-02,5830.0,5830.0,5830.0,5830.0,5734.0,5415.0,5645.666666666667,6109.666666666667,0
2002-12-03,5760.0,5800.0,5660.0,5760.0,5772.0,5437.5,5638.333333333333,6096.833333333333,544000
2002-12-04,5690.0,5690.0,5500.0,5500.0,5750.0,5443.0,5623.666666666667,6085.416666666667,345900
2002-12-05,5470.0,5580.0,5450.0,5570.0,5698.0,5454.5,5609.833333333333,6075.083333333333,189000
2002-12-06,5460.0,5580.0,5380.0,5470.0,5626.0,5466.5,5597.833333333333,6063.916666666667,403200
2002-12-09,5450.0,5510.0,5390.0,5400.0,5540.0,5479.0,5587.833333333333,6055.666666666667,377900
2002-12-10,5330.0,5390.0,5310.0,5340.0,5456.0,5482.0,5574.166666666667,6049.75,183100
2002-12-11,5350.0,5430.0,5340.0,5380.0,5432.0,5486.0,5561.333333333333,6047.916666666667,277000
2002-12-12,5360.0,5590.0,5360.0,5500.0,5418.0,5498.0,5551.333333333333,6044.083333333333,244800
2002-12-13,5460.0,5500.0,5430.0,5490.0,5422.0,5508.5,5541.166666666667,6037.416666666667,154600
2002-12-16,5430.0,5460.0,5360.0,5360.0,5414.0,5519.5,5530.5,6029.666666666667,181300
2002-12-17,5430.0,5430.0,5390.0,5410.0,5428.0,5534.0,5520.166666666667,6022.333333333333,147500
2002-12-18,5410.0,5420.0,5330.0,5400.0,5432.0,5545.0,5509.5,6012.333333333333,268500
2002-12-19,5400.0,5400.0,5400.0,5400.0,5412.0,5539.0,5499.166666666667,6001.5,0
2002-12-20,5370.0,5420.0,5360.0,5390.0,5392.0,5534.5,5489.333333333333,5990.25,105400
2002-12-23,5370.0,5400.0,5180.0,5190.0,5358.0,5511.5,5479.5,5979.333333333333,211900
2002-12-24,5180.0,5190.0,5050.0,5150.0,5306.0,5490.5,5466.166666666667,5967.25,276400
2002-12-25,5150.0,5150.0,5150.0,5150.0,5256.0,5467.5,5452.5,5952.083333333333,0
2002-12-26,5140.0,5140.0,5040.0,5100.0,5196.0,5431.0,5438.0,5938.916666666667,224900
2002-12-27,5000.0,5020.0,4910.0,4920.0,5102.0,5385.5,5420.0,5920.333333333333,223700
2002-12-30,4880.0,5300.0,4750.0,4750.0,5014.0,5331.5,5399.666666666667,5898.25,359900
2002-12-31,4750.0,4750.0,4750.0,4750.0,4934.0,5281.0,5380.666666666667,5876.833333333333,0
2003-01-01,4750.0,4750.0,4750.0,4750.0,4854.0,5243.5,5365.333333333333,5855.416666666667,0
2003-01-02,4730.0,4920.0,4730.0,4845.0,4803.0,5207.25,5358.25,5839.125,108800
2003-01-03,4960.0,5020.0,4885.0,4900.0,4799.0,5178.75,5356.75,5822.041666666667,533500
2003-01-06,4930.0,4940.0,4810.0,4850.0,4819.0,5151.25,5352.916666666667,5808.708333333333,159600
2003-01-07,4910.0,4930.0,4720.0,4740.0,4817.0,5121.25,5344.416666666667,5792.291666666667,355800
2003-01-08,4740.0,4800.0,4735.0,4755.0,4818.0,5090.0,5334.0,5775.083333333333,205100
2003-01-09,4700.0,4755.0,4670.0,4700.0,4789.0,5050.0,5317.333333333333,5757.583333333333,197300
2003-01-10,4730.0,4795.0,4520.0,4600.0,4729.0,5005.5,5295.666666666667,5740.583333333333,328300
2003-01-13,4700.0,4805.0,4600.0,4720.0,4703.0,4973.5,5278.5,5725.583333333333,219000
2003-01-14,4770.0,4770.0,4685.0,4700.0,4695.0,4938.0,5267.166666666667,5708.333333333333,229100
2003-01-15,4750.0,4780.0,4710.0,4760.0,4696.0,4906.0,5253.5,5690.5,159000
2003-01-16,4725.0,4740.0,4660.0,4725.0,4701.0,4872.25,5240.916666666667,5672.791666666667,96600
2003-01-17,4700.0,4750.0,4670.0,4730.0,4727.0,4839.25,5229.583333333333,5657.458333333333,87000
2003-01-20,4680.0,4750.0,4650.0,4750.0,4733.0,4817.25,5215.916666666667,5645.791666666667,102800
2003-01-21,4710.0,4720.0,4650.0,4670.0,4727.0,4793.25,5202.75,5634.125,100700
2003-01-22,4650.0,4650.0,4500.0,4565.0,4688.0,4764.0,5189.666666666667,5621.333333333333,187000
2003-01-23,4510.0,4580.0,4500.0,4565.0,4656.0,4737.25,5177.75,5607.708333333333,97400
2003-01-24,4585.0,4605.0,4420.0,4420.0,4594.0,4712.25,5163.416666666667,5593.125,164100
2003-01-27,4290.0,4340.0,4270.0,4340.0,4512.0,4691.75,5146.083333333333,5577.875,126300
2003-01-28,4300.0,4400.0,4300.0,4370.0,4452.0,4672.75,5130.416666666667,5560.541666666667,85900
2003-01-29,4310.0,4370.0,4280.0,4300.0,4399.0,4650.25,5112.25,5542.291666666667,96000
2003-01-30,4290.0,4385.0,4290.0,4370.0,4360.0,4626.5,5096.083333333333,5524.625,53500
2003-01-31,4370.0,4370.0,4370.0,4370.0,4350.0,4600.0,5081.75,5507.375,0
2003-02-03,4320.0,4410.0,4320.0,4380.0,4358.0,4576.5,5068.916666666667,5490.541666666667,58600
2003-02-04,4390.0,4490.0,4380.0,4440.0,4372.0,4561.5,5054.916666666667,5474.125,113800
2003-02-05,4400.0,4510.0,4390.0,4460.0,4404.0,4546.75,5040.916666666667,5457.375,119900
2003-02-06,4405.0,4480.0,4350.0,4360.0,4402.0,4529.75,5025.916666666667,5438.625,100700
2003-02-07,4360.0,4360.0,4250.0,4265.0,4381.0,4513.0,5009.0,5419.083333333333,145200
2003-02-10,4250.0,4270.0,4190.0,4215.0,4348.0,4487.75,4993.583333333333,5399.208333333333,87700
2003-02-11,4200.0,4260.0,4160.0,4180.0,4296.0,4461.75,4977.916666666667,5379.875,233000
2003-02-12,4135.0,4230.0,4130.0,4200.0,4244.0,4433.75,4961.583333333333,5360.958333333333,65600
2003-02-13,4215.0,4250.0,4150.0,4185.0,4209.0,4406.75,4939.333333333333,5342.416666666667,88400
2003-02-14,4180.0,4315.0,4160.0,4220.0,4200.0,4381.25,4918.333333333333,5323.25,131200
2003-02-17,4280.0,4365.0,4265.0,4360.0,4229.0,4361.75,4896.833333333333,5302.583333333333,242600
2003-02-18,4365.0,4480.0,4290.0,4450.0,4283.0,4350.75,4878.166666666667,5282.916666666667,315800
2003-02-19,4540.0,4540.0,4350.0,4380.0,4319.0,4341.5,4857.666666666667,5264.583333333333,177200
2003-02-20,4390.0,4480.0,4370.0,4390.0,4360.0,4332.75,4833.666666666667,5246.083333333333,84100
2003-02-21,4330.0,4380.0,4330.0,4335.0,4383.0,4328.5,4808.75,5229.458333333333,96300
2003-02-24,4330.0,4420.0,4330.0,4380.0,4387.0,4330.5,4784.583333333333,5215.125,148700
2003-02-25,4315.0,4360.0,4300.0,4350.0,4367.0,4329.5,4761.083333333333,5199.708333333333,229100
2003-02-26,4390.0,4390.0,4305.0,4340.0,4359.0,4331.5,4741.75,5182.708333333333,135200
2003-02-27,4320.0,4500.0,4300.0,4400.0,4361.0,4333.0,4722.25,5166.041666666667,869500
2003-02-28,4450.0,4450.0,4180.0,4220.0,4338.0,4325.5,4701.416666666667,5149.625,414900
2003-03-03,4220.0,4255.0,4160.0,4200.0,4302.0,4316.5,4681.416666666667,5134.625,339900
2003-03-04,4160.0,4170.0,4070.0,4070.0,4246.0,4298.0,4660.25,5117.208333333333,415900
2003-03-05,4050.0,4050.0,3960.0,3985.0,4175.0,4274.25,4637.0,5099.166666666667,279500
2003-03-06,4000.0,4010.0,3930.0,3950.0,4085.0,4253.75,4611.166666666667,5081.25,243800
2003-03-07,3855.0,3930.0,3850.0,3860.0,4013.0,4233.5,4584.0,5062.583333333333,251000
2003-03-10,3910.0,3910.0,3760.0,3800.0,3933.0,4212.75,4558.0,5044.25,208900
2003-03-11,3800.0,3810.0,3740.0,3800.0,3879.0,4193.75,4531.166666666667,5025.666666666667,253000
2003-03-12,3810.0,3980.0,3810.0,3960.0,3874.0,4181.75,4507.166666666667,5008.333333333333,227500
2003-03-13,3990.0,4000.0,3870.0,3910.0,3866.0,4168.0,4482.333333333333,4990.75,267500
2003-03-14,4050.0,4120.0,3965.0,4060.0,3906.0,4160.0,4460.166666666667,4974.75,436500
2003-03-17,4045.0,4045.0,3870.0,3970.0,3940.0,4140.5,4439.833333333333,4959.666666666667,170500
2003-03-18,4030.0,4100.0,3980.0,4040.0,3988.0,4120.0,4421.333333333333,4943.75,377300
2003-03-19,4000.0,4050.0,3965.0,4000.0,3996.0,4101.0,4402.166666666667,4927.333333333333,170400
2003-03-20,4055.0,4200.0,3985.0,4180.0,4050.0,4090.5,4386.833333333333,4912.416666666667,466000
2003-03-21,4195.0,4290.0,4110.0,4220.0,4082.0,4084.75,4375.166666666667,4897.583333333333,351200
2003-03-24,4300.0,4500.0,4200.0,4400.0,4168.0,4085.75,4369.333333333333,4884.5,1113300
2003-03-25,4200.0,4310.0,4040.0,4070.0,4174.0,4071.75,4358.0,4869.333333333333,552500
2003-03-26,4150.0,4330.0,4150.0,4300.0,4234.0,4069.75,4350.5,4857.916666666667,453000
2003-03-27,4300.0,4385.0,4235.0,4300.0,4258.0,4064.75,4341.416666666667,4849.833333333333,263800
2003-03-28,4380.0,4390.0,4230.0,4300.0,4274.0,4068.75,4331.416666666667,4844.083333333333,243900
2003-03-31,4210.0,4280.0,4160.0,4200.0,4234.0,4068.75,4320.583333333333,4836.75,204900
2003-04-01,4105.0,4260.0,4105.0,4230.0,4266.0,4076.75,4312.083333333333,4828.25,133200
2003-04-02,4290.0,4350.0,4250.0,4350.0,4276.0,4095.0,4305.333333333333,4819.666666666667,249200
2003-04-03,4440.0,4510.0,4380.0,4500.0,4316.0,4122.5,4302.0,4809.666666666667,535300
2003-04-04,4460.0,4560.0,4385.0,4540.0,4364.0,4156.5,4301.0,4798.333333333333,293900
2003-04-07,4570.0,4705.0,4570.0,4675.0,4459.0,4200.25,4300.25,4789.375,439200
2003-04-08,4590.0,4640.0,4470.0,4550.0,4523.0,4237.75,4297.75,4782.458333333333,307100
2003-04-09,4515.0,4520.0,4410.0,4450.0,4543.0,4262.25,4292.583333333333,4773.041666666667,148800
2003-04-10,4390.0,4510.0,4390.0,4505.0,4544.0,4292.0,4288.916666666667,4764.916666666667,134400
2003-04-11,4455.0,4620.0,4455.0,4510.0,4538.0,4314.5,4285.25,4757.416666666667,228300
2003-04-14,4605.0,4665.0,4585.0,4605.0,4524.0,4346.25,4282.833333333333,4749.375,262700
2003-04-15,4695.0,4740.0,4650.0,4670.0,4548.0,4377.75,4282.833333333333,4742.791666666667,262700
2003-04-16,4720.0,4910.0,4720.0,4810.0,4620.0,4418.25,4286.916666666667,4738.291666666667,624200
2003-04-17,4840.0,5050.0,4780.0,5000.0,4719.0,4459.25,4294.166666666667,4735.958333333333,790100
2003-04-18,5120.0,5130.0,5020.0,5040.0,4825.0,4500.25,4304.5,4733.958333333333,544200
2003-04-21,5000.0,5050.0,4900.0,5030.0,4910.0,4531.75,4316.0,4731.041666666667,312300
2003-04-22,4990.0,4990.0,4850.0,4870.0,4950.0,4571.75,4324.333333333333,4727.375,260000
2003-04-23,4860.0,4930.0,4800.0,4810.0,4950.0,4597.25,4332.833333333333,4722.541666666667,221200
2003-04-24,4800.0,4810.0,4670.0,4685.0,4887.0,4616.5,4338.083333333333,4717.083333333333,181500
2003-04-25,4630.0,4630.0,4260.0,4395.0,4758.0,4621.25,4338.5,4710.125,346200
2003-04-28,4250.0,4500.0,4250.0,4500.0,4652.0,4636.25,4340.5,4704.708333333333,168200
2003-04-29,4590.0,4675.0,4560.0,4660.0,4610.0,4657.75,4344.166666666667,4699.541666666667,229000
2003-04-30,4655.0,4705.0,4560.0,4650.0,4578.0,4672.75,4347.333333333333,4694.125,102300
2003-05-01,4650.0,4650.0,4650.0,4650.0,4571.0,4680.25,4352.166666666667,4689.041666666667,0
2003-05-02,4620.0,4655.0,4410.0,4500.0,4592.0,4678.25,4356.083333333333,4682.541666666667,431000
2003-05-05,4500.0,4500.0,4500.0,4500.0,4592.0,4669.5,4360.833333333333,4677.208333333333,0
2003-05-06,4510.0,4590.0,4460.0,4530.0,4566.0,4668.5,4366.666666666667,4672.291666666667,479600
2003-05-07,4680.0,4940.0,4640.0,4880.0,4612.0,4690.0,4378.0,4669.791666666667,1031200
2003-05-08,4880.0,4880.0,4880.0,4880.0,4658.0,4708.75,4389.583333333333,4664.458333333333,0
2003-05-09,4920.0,5070.0,4800.0,5050.0,4768.0,4735.75,4403.416666666667,4660.875,819400
2003-05-12,5130.0,5200.0,5000.0,5000.0,4868.0,4755.5,4414.083333333333,4655.458333333333,576800
2003-05-13,5020.0,5050.0,4900.0,4900.0,4942.0,4767.0,4421.583333333333,4649.875,299800
2003-05-14,4810.0,4910.0,4810.0,4850.0,4936.0,4769.0,4429.416666666667,4643.541666666667,266100
2003-05-15,4820.0,5000.0,4820.0,5000.0,4960.0,4769.0,4439.583333333333,4636.625,242500
2003-05-16,4970.0,5040.0,4910.0,4960.0,4942.0,4765.0,4450.0,4629.375,381200
2003-05-19,4900.0,4900.0,4785.0,4785.0,4899.0,4752.75,4456.75,4620.666666666667,259500
2003-05-20,4670.0,5020.0,4655.0,5010.0,4921.0,4759.75,4467.75,4614.416666666667,406700
2003-05-21,5000.0,5000.0,4920.0,4960.0,4943.0,4767.25,4478.083333333333,4609.916666666667,217800
2003-05-22,5000.0,5170.0,4900.0,4900.0,4923.0,4778.0,4486.416666666667,4604.333333333333,624400
2003-05-23,4990.0,5040.0,4910.0,5030.0,4937.0,4809.75,4499.916666666667,4600.666666666667,374800
2003-05-26,5000.0,5170.0,4990.0,5090.0,4998.0,4839.25,4514.75,4598.083333333333,507200
2003-05-27,5140.0,5290.0,5070.0,5260.0,5048.0,4869.25,4534.583333333333,4597.416666666667,835500
2003-05-28,5360.0,5390.0,5180.0,5250.0,5106.0,4899.25,4555.666666666667,4596.333333333333,570600
2003-05-29,5250.0,5270.0,5150.0,5240.0,5174.0,4928.75,4577.166666666667,4594.166666666667,395600
2003-05-30,5150.0,5290.0,5020.0,5020.0,5172.0,4954.75,4596.5,4590.25,567300
2003-06-02,5070.0,5210.0,5070.0,5140.0,5182.0,4986.75,4618.833333333333,4588.416666666667,554700
2003-06-03,5130.0,5150.0,5020.0,5040.0,5138.0,5012.25,4639.5,4585.333333333333,347100
2003-06-04,5070.0,5090.0,4950.0,5000.0,5088.0,5018.25,4656.833333333333,4582.0,390300
2003-06-05,5010.0,5100.0,4970.0,5020.0,5044.0,5025.25,4675.333333333333,4578.833333333333,333500
2003-06-06,5020.0,5020.0,5020.0,5020.0,5044.0,5023.75,4691.333333333333,4575.75,0
2003-06-09,4980.0,5040.0,4970.0,4995.0,5015.0,5023.5,4708.416666666667,4574.125,263300
2003-06-10,4960.0,5070.0,4960.0,4970.0,5001.0,5027.0,4723.916666666667,4572.625,317100
2003-06-11,4975.0,5000.0,4890.0,4890.0,4979.0,5029.0,4738.75,4570.458333333333,425200
2003-06-12,4940.0,4970.0,4880.0,4880.0,4951.0,5023.0,4750.416666666667,4568.625,428100
2003-06-13,4900.0,4920.0,4835.0,4905.0,4928.0,5020.25,4761.833333333333,4568.5,353200
2003-06-16,4960.0,4965.0,4890.0,4935.0,4916.0,5027.75,4770.75,4570.041666666667,196200
2003-06-17,4990.0,5180.0,4990.0,5150.0,4952.0,5034.75,4788.75,4573.375,686600
2003-06-18,5190.0,5200.0,5070.0,5090.0,4992.0,5041.25,4801.916666666667,4576.208333333333,364000
2003-06-19,5110.0,5150.0,5040.0,5130.0,5042.0,5052.75,4815.75,4578.583333333333,367100
2003-06-20,5100.0,5100.0,4980.0,5050.0,5071.0,5053.75,4828.25,4579.833333333333,332100
2003-06-23,5010.0,5060.0,4945.0,5010.0,5086.0,5049.75,4841.75,4581.166666666667,353800
2003-06-24,4820.0,4900.0,4820.0,4885.0,5033.0,5031.0,4852.666666666667,4582.375,175000
2003-06-25,4860.0,4925.0,4860.0,4900.0,4995.0,5013.5,4861.833333333333,4583.583333333333,106700
2003-06-26,4850.0,4900.0,4830.0,4855.0,4940.0,4994.25,4867.75,4584.875,181900
2003-06-27,4855.0,4925.0,4855.0,4890.0,4908.0,4987.75,4873.583333333333,4587.291666666667,177200
2003-06-30,4840.0,4855.0,4805.0,4805.0,4867.0,4971.0,4875.75,4588.0,210100
2003-07-01,4820.0,4840.0,4765.0,4780.0,4846.0,4958.0,4879.583333333333,4588.666666666667,159800
2003-07-02,4795.0,4850.0,4795.0,4805.0,4827.0,4948.25,4885.5,4589.041666666667,268000
2003-07-03,4890.0,4895.0,4780.0,4785.0,4813.0,4936.5,4890.166666666667,4589.541666666667,289900
2003-07-04,4785.0,4820.0,4775.0,4820.0,4799.0,4926.5,4895.333333333333,4590.291666666667,152000
2003-07-07,4800.0,4880.0,4790.0,4870.0,4812.0,4920.25,4899.75,4591.291666666667,284400
2003-07-08,4930.0,4960.0,4900.0,4940.0,4844.0,4918.75,4904.25,4593.541666666667,285100
2003-07-09,4925.0,4940.0,4865.0,4900.0,4863.0,4919.25,4905.75,4596.333333333333,176200
2003-07-10,4920.0,5110.0,4890.0,5040.0,4914.0,4927.25,4906.416666666667,4600.291666666667,547900
2003-07-11,4990.0,5020.0,4930.0,5010.0,4952.0,4932.5,4905.916666666667,4605.208333333333,162200
2003-07-14,5020.0,5060.0,4990.0,5030.0,4984.0,4937.25,4905.916666666667,4610.958333333333,315900
2003-07-15,5040.0,5070.0,4980.0,4985.0,4993.0,4929.0,4907.833333333333,4616.083333333333,272400
2003-07-16,5010.0,5020.0,4930.0,4970.0,5007.0,4923.0,4910.5,4621.666666666667,206500
2003-07-17,4970.0,4970.0,4970.0,4970.0,4993.0,4915.0,4915.25,4626.666666666667,0
2003-07-18,4950.0,4950.0,4805.0,4805.0,4952.0,4902.75,4922.083333333333,4630.291666666667,209200
2003-07-21,4770.0,4880.0,4770.0,4780.0,4902.0,4891.25,4926.75,4633.625,182600
2003-07-22,4670.0,4745.0,4670.0,4705.0,4846.0,4882.25,4927.5,4635.833333333333,220700
2003-07-23,4740.0,4770.0,4690.0,4690.0,4790.0,4871.75,4928.166666666667,4637.75,119900
2003-07-24,4720.0,4760.0,4690.0,4760.0,4748.0,4867.0,4930.0,4641.083333333333,55000
2003-07-25,4710.0,4770.0,4700.0,4745.0,4736.0,4859.75,4934.083333333333,4645.083333333333,205400
2003-07-28,4775.0,4785.0,4750.0,4765.0,4733.0,4857.75,4938.5,4649.666666666667,127900
2003-07-29,4780.0,4780.0,4715.0,4750.0,4742.0,4856.25,4942.166666666667,4654.416666666667,128600
2003-07-30,4760.0,4790.0,4745.0,4750.0,4754.0,4853.5,4940.0,4659.0,108700
2003-07-31,4735.0,4770.0,4720.0,4720.0,4746.0,4850.25,4937.333333333333,4663.458333333333,97500
2003-08-01,4700.0,4820.0,4700.0,4790.0,4755.0,4848.75,4933.0,4668.208333333333,452300
2003-08-04,4750.0,4795.0,4700.0,4700.0,4742.0,4840.25,4928.0,4671.041666666667,187100
2003-08-05,4700.0,4740.0,4685.0,4720.0,4736.0,4829.25,4925.0,4673.291666666667,115800
2003-08-06,4690.0,4690.0,4620.0,4670.0,4720.0,4817.75,4922.0,4675.708333333333,122300
2003-08-07,4615.0,4680.0,4615.0,4630.0,4702.0,4797.25,4915.833333333333,4677.708333333333,122600
2003-08-08,4625.0,4690.0,4625.0,4655.0,4675.0,4779.5,4910.75,4680.375,92400
2003-08-11,4610.0,4665.0,4555.0,4590.0,4653.0,4757.5,4907.5,4682.125,109100
2003-08-12,4580.0,4610.0,4550.0,4585.0,4626.0,4737.5,4900.416666666667,4684.083333333333,95500
2003-08-13,4580.0,4620.0,4560.0,4585.0,4609.0,4718.25,4894.166666666667,4686.125,124100
2003-08-14,4570.0,4650.0,4570.0,4610.0,4605.0,4700.25,4889.333333333333,4687.875,120800
2003-08-15,4610.0,4610.0,4610.0,4610.0,4596.0,4690.5,4882.333333333333,4691.125,0
2003-08-18,4630.0,4750.0,4630.0,4720.0,4622.0,4687.5,4876.166666666667,4695.458333333333,164700
2003-08-19,4750.0,4780.0,4660.0,4665.0,4638.0,4685.5,4866.25,4700.416666666667,157300
2003-08-20,4685.0,4725.0,4630.0,4630.0,4647.0,4682.5,4855.916666666667,4705.791666666667,133400
2003-08-21,4655.0,4930.0,4655.0,4870.0,4699.0,4688.0,4849.75,4713.458333333333,603000
2003-08-22,4900.0,5020.0,4890.0,4970.0,4771.0,4699.25,4848.916666666667,4722.708333333333,416200
2003-08-25,4960.0,5070.0,4870.0,5040.0,4835.0,4713.0,4847.25,4733.041666666667,600000
2003-08-26,4965.0,5030.0,4945.0,4980.0,4898.0,4724.5,4846.25,4742.875,155300
2003-08-27,5040.0,5050.0,4950.0,4950.0,4962.0,4734.5,4845.416666666667,4751.125,185100
2003-08-28,4950.0,5230.0,4950.0,5140.0,5016.0,4755.5,4847.416666666667,4761.375,1064400
2003-08-29,5200.0,5340.0,5150.0,5340.0,5090.0,4783.0,4852.75,4772.041666666667,1254800
2003-09-01,5450.0,5450.0,5200.0,5240.0,5130.0,4810.0,4856.833333333333,4782.625,511400
2003-09-02,5260.0,5280.0,5070.0,5080.0,5150.0,4828.0,4858.666666666667,4791.291666666667,453600
2003-09-03,5110.0,5130.0,4990.0,4990.0,5158.0,4844.0,4860.333333333333,4799.541666666667,486700
2003-09-04,4995.0,5040.0,4910.0,4930.0,5116.0,4859.0,4861.166666666667,4805.791666666667,369900
2003-09-05,4930.0,5000.0,4925.0,4945.0,5037.0,4873.5,4861.833333333333,4811.833333333333,276100
2003-09-08,4940.0,4950.0,4910.0,4910.0,4971.0,4889.5,4861.416666666667,4816.083333333333,151500
2003-09-09,4915.0,4940.0,4800.0,4805.0,4916.0,4900.5,4855.666666666667,4822.208333333333,576500
2003-09-10,4805.0,4805.0,4805.0,4805.0,4879.0,4911.5,4850.916666666667,4826.416666666667,0
2003-09-11,4805.0,4805.0,4805.0,4805.0,4854.0,4921.25,4845.5,4830.625,0
2003-09-12,4805.0,4805.0,4805.0,4805.0,4826.0,4931.0,4841.416666666667,4834.833333333333,0
2003-09-15,4760.0,4795.0,4710.0,4745.0,4793.0,4932.25,4837.0,4839.375,271900
2003-09-16,4740.0,4790.0,4735.0,4745.0,4781.0,4936.25,4834.666666666667,4843.666666666667,240300
2003-09-17,4770.0,4810.0,4755.0,4760.0,4772.0,4942.75,4832.333333333333,4847.083333333333,250000
2003-09-18,4745.0,4790.0,4685.0,4690.0,4749.0,4933.75,4829.583333333333,4848.666666666667,258300
2003-09-19,4715.0,4735.0,4630.0,4630.0,4714.0,4916.75,4825.25,4849.416666666667,214100
2003-09-22,4600.0,4645.0,4430.0,4450.0,4655.0,4887.25,4819.333333333333,4847.541666666667,383000
2003-09-23,4400.0,4470.0,4400.0,4450.0,4596.0,4860.75,4813.833333333333,4846.708333333333,276500
2003-09-24,4450.0,4700.0,4450.0,4685.0,4581.0,4847.5,4811.833333333333,4848.666666666667,288300
2003-09-25,4550.0,4670.0,4510.0,4650.0,4573.0,4823.0,4809.583333333333,4849.875,168200
2003-09-26,4600.0,4650.0,4520.0,4520.0,4551.0,4782.0,4804.583333333333,4849.958333333333,105800
2003-09-29,4510.0,4520.0,4455.0,4500.0,4561.0,4745.0,4798.416666666667,4849.083333333333,130700
2003-09-30,4510.0,4635.0,4500.0,4500.0,4571.0,4716.0,4791.083333333333,4847.666666666667,60300
2003-10-01,4480.0,4500.0,4430.0,4460.0,4526.0,4689.5,4783.75,4844.75,91200
2003-10-02,4505.0,4585.0,4475.0,4485.0,4493.0,4667.25,4774.5,4840.458333333333,99900
2003-10-03,4485.0,4485.0,4485.0,4485.0,4486.0,4644.25,4765.75,4835.833333333333,0
2003-10-06,4500.0,4560.0,4490.0,4555.0,4497.0,4626.5,4757.833333333333,4831.875,108000
2003-10-07,4550.0,4590.0,4510.0,4550.0,4507.0,4613.75,4750.583333333333,4829.208333333333,62500
2003-10-08,4535.0,4550.0,4505.0,4530.0,4521.0,4600.0,4743.25,4826.875,103000
2003-10-09,4500.0,4560.0,4500.0,4545.0,4533.0,4587.0,4736.166666666667,4825.708333333333,138100
2003-10-10,4555.0,4645.0,4555.0,4645.0,4565.0,4579.0,4733.5,4827.791666666667,123700
2003-10-13,4650.0,4725.0,4600.0,4705.0,4595.0,4577.0,4732.25,4829.5,148100
2003-10-14,4730.0,4780.0,4685.0,4700.0,4625.0,4574.75,4732.166666666667,4829.833333333333,171700
2003-10-15,4720.0,4750.0,4680.0,4690.0,4657.0,4571.25,4732.166666666667,4830.166666666667,152700
2003-10-16,4730.0,4930.0,4685.0,4900.0,4728.0,4581.75,4734.5,4832.25,560200
2003-10-17,4940.0,5040.0,4880.0,5030.0,4805.0,4601.75,4739.25,4836.666666666667,858500
2003-10-20,4990.0,5090.0,4950.0,4975.0,4859.0,4628.0,4742.75,4840.625,248700
2003-10-21,4970.0,5100.0,4960.0,5100.0,4939.0,4660.5,4748.583333333333,4845.375,556000
2003-10-22,5070.0,5090.0,4990.0,5050.0,5011.0,4678.75,4753.583333333333,4846.791666666667,160000
2003-10-23,4975.0,4995.0,4800.0,4920.0,5015.0,4692.25,4756.916666666667,4847.125,228800
2003-10-24,4855.0,4930.0,4790.0,4790.0,4967.0,4705.75,4756.916666666667,4844.958333333333,152000
2003-10-27,4800.0,4980.0,4800.0,4980.0,4968.0,4729.75,4761.583333333333,4844.791666666667,199000
2003-10-28,4980.0,5050.0,4970.0,5040.0,4956.0,4756.75,4766.916666666667,4845.958333333333,252300
2003-10-29,5070.0,5110.0,5010.0,5070.0,4960.0,4787.25,4773.583333333333,4847.791666666667,465200
2003-10-30,5040.0,5080.0,4990.0,5040.0,4984.0,4815.0,4780.416666666667,4848.125,188300
2003-10-31,5030.0,5040.0,4950.0,4970.0,5020.0,4839.25,4785.666666666667,4848.208333333333,176700
2003-11-03,4980.0,5030.0,4945.0,5000.0,5024.0,4861.5,4792.5,4850.0,241300
2003-11-04,5010.0,5090.0,4975.0,5000.0,5016.0,4884.0,4799.416666666667,4849.916666666667,197400
2003-11-05,5010.0,5270.0,5010.0,5250.0,5052.0,4920.0,4810.5,4852.333333333333,702000
2003-11-06,5250.0,5420.0,5080.0,5100.0,5064.0,4947.75,4818.666666666667,4854.0,911600
2003-11-07,5230.0,5290.0,5110.0,5280.0,5126.0,4979.5,4829.833333333333,4856.083333333333,399100
2003-11-10,5270.0,5370.0,5150.0,5350.0,5196.0,5011.75,4840.333333333333,4858.25,391900
2003-11-11,5250.0,5330.0,5190.0,5230.0,5242.0,5038.25,4849.75,4858.0,314800
2003-11-12,5240.0,5460.0,5190.0,5440.0,5280.0,5075.75,4863.25,4859.583333333333,777400
2003-11-13,5550.0,5870.0,5550.0,5820.0,5424.0,5121.75,4879.083333333333,4864.416666666667,1559300
2003-11-14,5850.0,5950.0,5630.0,5800.0,5528.0,5160.25,4892.916666666667,4870.916666666667,1024700
2003-11-17,5730.0,5970.0,5730.0,5840.0,5626.0,5203.5,4906.25,4876.75,498300
2003-11-18,5810.0,5840.0,5550.0,5700.0,5720.0,5233.5,4918.25,4882.25,536200
2003-11-19,5450.0,5650.0,5400.0,5450.0,5722.0,5253.5,4926.583333333333,4886.0,516700
2003-11-20,5470.0,5500.0,5350.0,5370.0,5632.0,5276.0,4930.416666666667,4888.916666666667,380700
2003-11-21,5380.0,5520.0,5370.0,5440.0,5560.0,5308.5,4932.083333333333,4892.416666666667,307900
2003-11-24,5380.0,5510.0,5350.0,5490.0,5490.0,5334.0,4936.25,4896.541666666667,463000
2003-11-25,5600.0,5650.0,5470.0,5510.0,5452.0,5357.5,4943.416666666667,4901.041666666667,453300
2003-11-26,5540.0,5660.0,5500.0,5540.0,5470.0,5381.0,4952.583333333333,4906.458333333333,408100
2003-11-27,5550.0,5570.0,5400.0,5500.0,5496.0,5404.0,4962.083333333333,4911.625,288200
2003-11-28,5470.0,5590.0,5470.0,5500.0,5508.0,5430.5,4971.333333333333,4916.583333333333,411500
2003-12-01,5470.0,5630.0,5420.0,5500.0,5510.0,5455.5,4981.166666666667,4921.291666666667,390000
2003-12-02,5610.0,5850.0,5590.0,5810.0,5570.0,5496.0,4997.916666666667,4926.791666666667,911200
2003-12-03,5860.0,5910.0,5750.0,5810.0,5624.0,5524.0,5014.666666666667,4932.791666666667,520700
2003-12-04,5720.0,5800.0,5700.0,5770.0,5678.0,5557.5,5030.75,4938.125,291300
2003-12-05,5710.0,5880.0,5660.0,5770.0,5732.0,5582.0,5046.833333333333,4944.125,391100
2003-12-08,5660.0,5830.0,5660.0,5700.0,5772.0,5599.5,5062.75,4949.875,163700
2003-12-09,5750.0,5810.0,5700.0,5720.0,5754.0,5624.0,5079.0,4956.833333333333,134600
2003-12-10,5750.0,5850.0,5720.0,5810.0,5754.0,5642.5,5096.5,4964.416666666667,343000
2003-12-11,5820.0,5880.0,5770.0,5830.0,5766.0,5643.0,5115.5,4972.541666666667,259100
2003-12-12,5930.0,6030.0,5850.0,5850.0,5782.0,5645.5,5135.833333333333,4980.541666666667,458500
2003-12-15,5980.0,5980.0,5880.0,5940.0,5830.0,5650.5,5160.666666666667,4990.0,260800
2003-12-16,5880.0,5940.0,5810.0,5900.0,5866.0,5660.5,5184.833333333333,4999.333333333333,237800
2003-12-17,5910.0,5970.0,5550.0,5570.0,5818.0,5666.5,5199.583333333333,5005.708333333333,572400
2003-12-18,5550.0,5690.0,5550.0,5660.0,5784.0,5681.0,5216.416666666667,5013.0,351000
2003-12-19,5730.0,5750.0,5670.0,5710.0,5756.0,5694.5,5236.25,5020.416666666667,291000
2003-12-22,5700.0,5810.0,5550.0,5550.0,5678.0,5697.5,5253.75,5026.083333333333,436400
2003-12-23,5550.0,5610.0,5390.0,5400.0,5578.0,5692.0,5268.75,5029.916666666667,498300
2003-12-24,5450.0,5500.0,5350.0,5350.0,5534.0,5682.5,5283.583333333333,5033.666666666667,371800
2003-12-25,5350.0,5350.0,5350.0,5350.0,5472.0,5675.0,5298.0,5036.25,0
2003-12-26,5350.0,5410.0,5350.0,5410.0,5412.0,5670.5,5313.416666666667,5039.583333333333,182000
2003-12-29,5230.0,5360.0,5180.0,5360.0,5374.0,5663.5,5326.833333333333,5042.333333333333,273200
2003-12-30,5360.0,5550.0,5360.0,5490.0,5392.0,5647.5,5342.5,5046.541666666667,215300
2003-12-31,5490.0,5490.0,5490.0,5490.0,5420.0,5631.5,5358.5,5050.875,0
2004-01-01,5490.0,5490.0,5490.0,5490.0,5448.0,5617.5,5374.25,5055.208333333333,0
2004-01-02,5510.0,5580.0,5450.0,5560.0,5478.0,5607.0,5389.5,5061.5,212500
2004-01-05,5520.0,5590.0,5470.0,5590.0,5524.0,5601.5,5404.25,5068.25,252200
2004-01-06,5610.0,5620.0,5450.0,5470.0,5520.0,5589.0,5417.083333333333,5074.625,140200
2004-01-07,5470.0,5500.0,5360.0,5400.0,5502.0,5568.5,5428.916666666667,5080.541666666667,277300
2004-01-08,5360.0,5480.0,5360.0,5450.0,5494.0,5549.5,5438.083333333333,5086.291666666667,330500
2004-01-09,5470.0,5510.0,5420.0,5460.0,5474.0,5530.0,5445.25,5092.25,246600
2004-01-12,5460.0,5480.0,5400.0,5410.0,5438.0,5503.5,5452.5,5097.625,236000
2004-01-13,5430.0,5430.0,5230.0,5240.0,5392.0,5470.5,5454.833333333333,5101.708333333333,300000
2004-01-14,5220.0,5420.0,5220.0,5390.0,5390.0,5461.5,5460.5,5107.041666666667,330000
2004-01-15,5400.0,5430.0,5310.0,5320.0,5364.0,5444.5,5467.166666666667,5112.041666666667,203100
2004-01-16,5300.0,5520.0,5300.0,5420.0,5356.0,5430.0,5477.666666666667,5117.291666666667,327600
2004-01-19,5460.0,5660.0,5450.0,5600.0,5394.0,5432.5,5488.0,5124.791666666667,600200
2004-01-20,5660.0,5680.0,5560.0,5600.0,5466.0,5442.5,5497.333333333333,5132.125,237100
2004-01-21,5600.0,5600.0,5600.0,5600.0,5508.0,5455.0,5506.166666666667,5139.875,0
2004-01-22,5600.0,5600.0,5600.0,5600.0,5564.0,5467.5,5515.5,5147.958333333333,0
2004-01-23,5600.0,5600.0,5600.0,5600.0,5600.0,5477.0,5526.0,5155.833333333333,0
2004-01-26,5600.0,5600.0,5290.0,5350.0,5550.0,5476.5,5531.833333333333,5162.166666666667,505800
2004-01-27,5310.0,5360.0,5260.0,5360.0,5502.0,5470.0,5537.833333333333,5168.625,334300
2004-01-28,5320.0,5360.0,5300.0,5300.0,5442.0,5460.5,5538.666666666667,5174.583333333333,244900
2004-01-29,5270.0,5280.0,5210.0,5240.0,5370.0,5448.0,5541.0,5179.833333333333,194800
2004-01-30,5280.0,5290.0,5210.0,5210.0,5292.0,5430.5,5539.833333333333,5184.833333333333,207800
2004-02-02,5220.0,5240.0,5190.0,5230.0,5268.0,5412.5,5537.833333333333,5189.083333333333,111600
2004-02-03,5230.0,5350.0,5230.0,5300.0,5256.0,5404.0,5539.0,5194.375,281500
2004-02-04,5300.0,5410.0,5250.0,5270.0,5250.0,5397.5,5536.166666666667,5199.708333333333,141300
2004-02-05,5280.0,5340.0,5230.0,5310.0,5264.0,5390.5,5527.666666666667,5203.375,145800
2004-02-06,5290.0,5300.0,5260.0,5270.0,5276.0,5381.0,5518.833333333333,5205.875,127900
2004-02-09,5290.0,5320.0,5260.0,5260.0,5282.0,5373.5,5509.166666666667,5207.708333333333,134200
2004-02-10,5260.0,5280.0,5180.0,5260.0,5274.0,5374.5,5501.833333333333,5210.041666666667,228700
2004-02-11,5270.0,5290.0,5230.0,5270.0,5274.0,5368.5,5498.833333333333,5212.708333333333,112600
2004-02-12,5270.0,5280.0,5200.0,5220.0,5256.0,5363.5,5496.333333333333,5213.375,138100
2004-02-13,5210.0,5250.0,5170.0,5240.0,5250.0,5354.5,5493.0,5212.541666666667,155700
2004-02-16,5240.0,5420.0,5160.0,5420.0,5282.0,5345.5,5491.833333333333,5214.041666666667,438100
2004-02-17,5420.0,5440.0,5330.0,5390.0,5308.0,5335.0,5489.833333333333,5216.625,177800
2004-02-18,5410.0,5540.0,5400.0,5540.0,5362.0,5332.0,5489.833333333333,5221.208333333333,508200
2004-02-19,5540.0,5640.0,5500.0,5540.0,5426.0,5329.0,5490.5,5226.291666666667,508900
2004-02-20,5530.0,5530.0,5400.0,5400.0,5458.0,5319.0,5488.833333333333,5230.083333333333,188900
2004-02-23,5390.0,5480.0,5380.0,5410.0,5456.0,5322.0,5487.333333333333,5234.25,191500
2004-02-24,5380.0,5460.0,5380.0,5410.0,5460.0,5324.5,5480.666666666667,5239.291666666667,210600
2004-02-25,5400.0,5550.0,5400.0,5520.0,5456.0,5335.5,5475.833333333333,5245.25,239200
2004-02-26,5590.0,5660.0,5480.0,5570.0,5462.0,5352.0,5472.5,5251.625,349200
2004-02-27,5670.0,5720.0,5530.0,5530.0,5488.0,5368.0,5468.5,5257.666666666667,503200
2004-03-01,5530.0,5530.0,5530.0,5530.0,5512.0,5383.0,5465.666666666667,5264.208333333333,0
2004-03-02,5560.0,5750.0,5520.0,5700.0,5570.0,5403.0,5465.333333333333,5272.166666666667,534800
2004-03-03,5730.0,5730.0,5630.0,5700.0,5606.0,5424.5,5463.5,5280.0,304100
2004-03-04,5680.0,5840.0,5670.0,5770.0,5646.0,5447.5,5462.5,5289.0,399900
2004-03-05,5810.0,6050.0,5770.0,6040.0,5748.0,5486.0,5465.666666666667,5300.75,1010900
2004-03-08,6150.0,6250.0,5960.0,5980.0,5838.0,5522.0,5466.333333333333,5313.5,543600
2004-03-09,5910.0,6040.0,5910.0,5950.0,5888.0,5556.5,5467.166666666667,5326.0,227300
2004-03-10,5900.0,5980.0,5830.0,5900.0,5928.0,5588.0,5472.666666666667,5336.125,273700
2004-03-11,5840.0,6000.0,5830.0,6000.0,5974.0,5627.0,5478.333333333333,5347.375,254600
2004-03-12,5950.0,5990.0,5320.0,5850.0,5936.0,5657.5,5480.666666666667,5358.458333333333,561300
2004-03-15,5800.0,5840.0,5680.0,5700.0,5880.0,5671.5,5483.166666666667,5368.458333333333,235900
2004-03-16,5580.0,5660.0,5550.0,5640.0,5818.0,5684.0,5487.166666666667,5377.958333333333,274800
2004-03-17,5620.0,5980.0,5620.0,5980.0,5834.0,5706.0,5497.666666666667,5390.625,299000
2004-03-18,5960.0,5980.0,5880.0,5940.0,5822.0,5726.0,5507.5,5402.75,174400
2004-03-19,5910.0,6200.0,5830.0,6100.0,5872.0,5761.0,5519.0,5416.208333333333,536300
2004-03-22,6070.0,6200.0,6000.0,6040.0,5940.0,5792.5,5530.333333333333,5428.583333333333,212100
2004-03-23,5990.0,6020.0,5860.0,6000.0,6012.0,5822.0,5538.833333333333,5440.666666666667,170500
2004-03-24,5940.0,6250.0,5940.0,6220.0,6060.0,5857.0,5551.0,5454.75,379000
2004-03-25,6220.0,6270.0,6020.0,6140.0,6100.0,5885.5,5561.833333333333,5468.041666666667,528400
2004-03-26,6190.0,6240.0,6080.0,6240.0,6128.0,5921.0,5573.166666666667,5481.333333333333,423200
2004-03-29,6220.0,6350.0,6160.0,6350.0,6190.0,5962.0,5585.833333333333,5495.041666666667,304800
2004-03-30,6320.0,6500.0,6320.0,6380.0,6266.0,5996.0,5601.0,5509.041666666667,284000
2004-03-31,6430.0,6480.0,6220.0,6340.0,6290.0,6028.0,5616.666666666667,5522.791666666667,310600
2004-04-01,6370.0,6460.0,6300.0,6460.0,6354.0,6062.5,5633.5,5535.791666666667,310700
2004-04-02,6460.0,6500.0,6350.0,6430.0,6392.0,6082.0,5649.666666666667,5547.458333333333,194200
2004-04-05,6430.0,6430.0,6430.0,6430.0,6408.0,6104.5,5666.666666666667,5559.583333333333,0
2004-04-06,6450.0,6490.0,6350.0,6370.0,6406.0,6125.5,5685.5,5570.166666666667,241600
2004-04-07,6370.0,6440.0,6290.0,6350.0,6408.0,6148.0,5701.5,5581.0,234000
2004-04-08,6350.0,6390.0,6300.0,6330.0,6382.0,6164.5,5718.333333333333,5592.75,209100
2004-04-09,6350.0,6370.0,6240.0,6300.0,6356.0,6187.0,5733.0,5605.333333333333,173300
2004-04-12,6240.0,6520.0,6240.0,6320.0,6334.0,6218.0,5745.0,5616.5,745900
2004-04-13,6400.0,6430.0,6300.0,6320.0,6324.0,6252.0,5757.0,5627.166666666667,225000
2004-04-14,6280.0,6380.0,6280.0,6310.0,6316.0,6268.5,5768.833333333333,5637.5,201600
2004-04-15,6310.0,6310.0,6310.0,6310.0,6312.0,6287.0,5780.666666666667,5648.083333333333,0
2004-04-16,6330.0,6400.0,6300.0,6320.0,6316.0,6298.0,5792.666666666667,5659.333333333333,230600
2004-04-19,6370.0,6370.0,6300.0,6320.0,6316.0,6312.0,5808.833333333333,5670.333333333333,161100
2004-04-20,6370.0,6380.0,6240.0,6350.0,6322.0,6329.5,5825.333333333333,5681.583333333333,288800
2004-04-21,6290.0,6390.0,6270.0,6390.0,6338.0,6338.0,5843.5,5691.083333333333,405000
2004-04-22,6440.0,6620.0,6400.0,6500.0,6376.0,6356.0,5864.5,5702.75,694400
2004-04-23,6590.0,6600.0,6420.0,6420.0,6396.0,6365.0,5884.666666666667,5712.25,262800
2004-04-26,6400.0,6490.0,6290.0,6300.0,6392.0,6362.5,5902.5,5720.166666666667,336400
2004-04-27,6280.0,6390.0,6230.0,6260.0,6374.0,6356.5,5918.5,5728.75,173100
2004-04-28,6260.0,6290.0,6000.0,6010.0,6298.0,6340.0,5930.833333333333,5733.5,315700
2004-04-29,5910.0,5950.0,5760.0,5760.0,6150.0,6305.0,5938.333333333333,5733.0,309700
2004-04-30,5800.0,5890.0,5760.0,5820.0,6030.0,6274.5,5947.5,5733.166666666667,207200
2004-05-03,5820.0,5930.0,5820.0,5910.0,5952.0,6248.5,5958.333333333333,5733.75,82800
2004-05-04,5910.0,5980.0,5880.0,5970.0,5894.0,6228.5,5970.166666666667,5736.0,106000
2004-05-05,5970.0,5970.0,5970.0,5970.0,5886.0,6209.5,5981.833333333333,5740.333333333333,0
2004-05-06,5950.0,5970.0,5500.0,5540.0,5842.0,6170.0,5987.166666666667,5741.75,203300
2004-05-07,5490.0,5520.0,5380.0,5470.0,5772.0,6128.5,5991.0,5742.0,181300
2004-05-10,5540.0,5550.0,5210.0,5210.0,5632.0,6073.0,5987.5,5739.666666666667,286200
2004-05-11,5180.0,5250.0,5090.0,5120.0,5462.0,6013.0,5983.0,5736.416666666667,202800
2004-05-12,5210.0,5270.0,5100.0,5130.0,5294.0,5954.0,5976.166666666667,5733.0,410100
2004-05-13,5140.0,5200.0,5060.0,5060.0,5198.0,5891.5,5968.166666666667,5729.333333333333,208000
2004-05-14,5090.0,5130.0,4935.0,4985.0,5101.0,5824.75,5961.25,5725.041666666667,323600
2004-05-17,4925.0,4980.0,4650.0,4700.0,4999.0,5743.75,5949.416666666667,5718.375,258400
2004-05-18,4650.0,4750.0,4600.0,4710.0,4917.0,5661.75,5937.75,5709.208333333333,293100
2004-05-19,4790.0,4940.0,4790.0,4920.0,4875.0,5588.25,5927.75,5701.791666666667,195700
2004-05-20,4830.0,4910.0,4780.0,4895.0,4842.0,5508.0,5916.5,5694.5,106400
2004-05-21,4900.0,5060.0,4900.0,5000.0,4845.0,5437.0,5907.666666666667,5688.083333333333,191700
2004-05-24,5070.0,5120.0,5000.0,5100.0,4925.0,5377.0,5900.5,5683.083333333333,245500
2004-05-25,5050.0,5050.0,4950.0,4960.0,4975.0,5312.0,5888.166666666667,5676.75,207900
2004-05-26,4960.0,4960.0,4960.0,4960.0,4983.0,5259.5,5875.833333333333,5669.666666666667,0
2004-05-27,5020.0,5060.0,4965.0,4980.0,5000.0,5220.5,5862.666666666667,5662.583333333333,242100
2004-05-28,5010.0,5050.0,4980.0,4980.0,4996.0,5178.5,5845.0,5655.333333333333,141500
2004-05-31,4980.0,5000.0,4940.0,5000.0,4976.0,5133.0,5828.666666666667,5647.5,90300
2004-06-01,5030.0,5170.0,5030.0,5150.0,5014.0,5092.0,5815.333333333333,5641.25,256400
2004-06-02,5140.0,5270.0,5060.0,5270.0,5076.0,5057.0,5804.833333333333,5638.75,220600
2004-06-03,5270.0,5270.0,5010.0,5010.0,5082.0,5030.5,5788.333333333333,5633.333333333333,234600
2004-06-04,5000.0,5100.0,4960.0,5100.0,5106.0,5012.0,5775.833333333333,5628.25,169600
2004-06-07,5140.0,5220.0,5130.0,5200.0,5146.0,5011.5,5767.5,5625.333333333333,173500
2004-06-08,5260.0,5280.0,5170.0,5250.0,5166.0,5018.0,5761.0,5624.083333333333,195600
2004-06-09,5270.0,5400.0,5270.0,5400.0,5192.0,5031.5,5751.333333333333,5624.5,387900
2004-06-10,5360.0,5410.0,5280.0,5330.0,5256.0,5045.0,5741.166666666667,5624.333333333333,130800
2004-06-11,5390.0,5390.0,5150.0,5180.0,5272.0,5054.75,5725.833333333333,5622.416666666667,140600
2004-06-14,5100.0,5200.0,5020.0,5030.0,5238.0,5071.25,5709.0,5619.666666666667,258900
2004-06-15,5030.0,5080.0,4970.0,5050.0,5198.0,5088.25,5693.166666666667,5616.0,145000
2004-06-16,5020.0,5110.0,5020.0,5050.0,5128.0,5094.75,5673.666666666667,5612.333333333333,110100
2004-06-17,5050.0,5100.0,5030.0,5050.0,5072.0,5102.5,5655.5,5608.666666666667,105700
2004-06-18,5030.0,5070.0,4950.0,5000.0,5036.0,5102.5,5634.833333333333,5604.0,105300
2004-06-21,4970.0,5040.0,4960.0,4975.0,5025.0,5096.25,5611.916666666667,5598.875,237600
2004-06-22,4980.0,5030.0,4945.0,4960.0,5007.0,5096.25,5588.25,5594.625,234800
2004-06-23,4980.0,5000.0,4950.0,4960.0,4989.0,5096.25,5565.25,5590.958333333333,82200
2004-06-24,4995.0,5140.0,4960.0,5140.0,5007.0,5104.25,5543.25,5588.375,243400
2004-06-25,5080.0,5180.0,5080.0,5150.0,5037.0,5112.75,5521.916666666667,5585.791666666667,226100
2004-06-28,5190.0,5240.0,5100.0,5230.0,5088.0,5124.25,5501.916666666667,5584.291666666667,151400
2004-06-29,5180.0,5280.0,5160.0,5240.0,5144.0,5128.75,5483.083333333333,5584.291666666667,227600
2004-06-30,5270.0,5440.0,5240.0,5340.0,5220.0,5132.25,5466.25,5583.875,332900
2004-07-01,5380.0,5570.0,5360.0,5500.0,5292.0,5156.75,5452.416666666667,5585.375,712300
2004-07-02,5450.0,5520.0,5390.0,5410.0,5344.0,5172.25,5437.583333333333,5585.291666666667,258500
2004-07-05,5420.0,5420.0,5260.0,5310.0,5360.0,5177.75,5420.75,5582.875,215700
2004-07-06,5320.0,5380.0,5300.0,5340.0,5380.0,5182.25,5404.416666666667,5580.708333333333,67900
2004-07-07,5240.0,5370.0,5180.0,5370.0,5386.0,5180.75,5388.75,5578.791666666667,168300
2004-07-08,5360.0,5420.0,5330.0,5380.0,5362.0,5183.25,5373.25,5576.958333333333,78300
2004-07-09,5380.0,5380.0,5250.0,5270.0,5334.0,5187.75,5355.75,5574.208333333333,86600
2004-07-12,5260.0,5370.0,5260.0,5300.0,5332.0,5201.25,5338.75,5573.791666666667,53400
2004-07-13,5350.0,5360.0,5290.0,5330.0,5330.0,5215.25,5321.75,5573.541666666667,55400
2004-07-14,5340.0,5420.0,5330.0,5380.0,5332.0,5231.75,5304.916666666667,5574.208333333333,139900
2004-07-15,5400.0,5420.0,5290.0,5380.0,5332.0,5248.25,5286.25,5575.375,117800
2004-07-16,5350.0,5420.0,5310.0,5410.0,5360.0,5268.75,5269.416666666667,5577.041666666667,165200
2004-07-19,5350.0,5450.0,5350.0,5420.0,5384.0,5291.0,5254.75,5578.625,115600
2004-07-20,5420.0,5430.0,5290.0,5300.0,5378.0,5308.0,5238.75,5578.625,119200
2004-07-21,5320.0,5490.0,5320.0,5450.0,5392.0,5332.5,5229.416666666667,5580.125,259500
2004-07-22,5390.0,5530.0,5360.0,5410.0,5398.0,5346.0,5223.583333333333,5580.958333333333,205600
2004-07-23,5450.0,5460.0,5280.0,5280.0,5372.0,5352.5,5214.583333333333,5581.041666666667,170900
2004-07-26,5250.0,5250.0,5200.0,5200.0,5328.0,5351.0,5202.75,5580.541666666667,98000
2004-07-27,5180.0,5280.0,5180.0,5200.0,5308.0,5349.0,5189.916666666667,5580.041666666667,94400
2004-07-28,5220.0,5260.0,5190.0,5210.0,5260.0,5342.5,5177.25,5579.541666666667,65900
2004-07-29,5180.0,5200.0,5000.0,5080.0,5194.0,5321.5,5169.583333333333,5578.375,208600
2004-07-30,5100.0,5130.0,5070.0,5120.0,5162.0,5307.0,5163.75,5577.375,97400
2004-08-02,5120.0,5120.0,4990.0,4990.0,5120.0,5291.0,5160.083333333333,5573.791666666667,207900
2004-08-03,5020.0,5190.0,5020.0,5170.0,5114.0,5282.5,5160.916666666667,5571.958333333333,118900
2004-08-04,5090.0,5140.0,5070.0,5120.0,5096.0,5270.0,5160.75,5568.458333333333,191800
2004-08-05,5100.0,5270.0,5060.0,5270.0,5134.0,5264.5,5164.25,5566.208333333333,134700
2004-08-06,5160.0,5220.0,5120.0,5130.0,5136.0,5257.5,5166.666666666667,5563.958333333333,35500
2004-08-09,5100.0,5150.0,5080.0,5150.0,5168.0,5250.0,5174.166666666667,5561.791666666667,54000
2004-08-10,5150.0,5150.0,5100.0,5130.0,5160.0,5240.0,5181.166666666667,5559.458333333333,43900
2004-08-11,5160.0,5170.0,5110.0,5110.0,5158.0,5226.5,5184.333333333333,5556.041666666667,89500
2004-08-12,5120.0,5200.0,5110.0,5150.0,5134.0,5215.0,5188.583333333333,5552.541666666667,99000
2004-08-13,5180.0,5420.0,5150.0,5420.0,5192.0,5215.5,5195.583333333333,5551.625,372500
2004-08-16,5430.0,5530.0,5340.0,5510.0,5264.0,5220.0,5202.416666666667,5551.458333333333,320300
2004-08-17,5590.0,5910.0,5560.0,5790.0,5396.0,5244.5,5216.25,5552.208333333333,1156000
2004-08-18,5810.0,5840.0,5610.0,5680.0,5510.0,5256.0,5228.25,5552.041666666667,405200
2004-08-19,5740.0,5740.0,5640.0,5670.0,5614.0,5269.0,5239.75,5551.208333333333,259300
2004-08-20,5630.0,5690.0,5590.0,5600.0,5650.0,5285.0,5250.083333333333,5547.541666666667,169900
2004-08-23,5610.0,5690.0,5600.0,5650.0,5678.0,5307.5,5260.916666666667,5544.791666666667,172200
2004-08-24,5660.0,5660.0,5550.0,5650.0,5650.0,5330.0,5269.25,5542.291666666667,127700
2004-08-25,5660.0,5690.0,5590.0,5690.0,5652.0,5354.0,5276.25,5540.541666666667,168600
2004-08-26,5720.0,5790.0,5630.0,5780.0,5674.0,5389.0,5289.083333333333,5538.708333333333,288400
2004-08-27,5740.0,5780.0,5600.0,5620.0,5678.0,5414.0,5297.75,5536.791666666667,308400
2004-08-30,5640.0,5650.0,5500.0,5520.0,5652.0,5440.5,5303.083333333333,5535.291666666667,187400
2004-08-31,5530.0,5600.0,5490.0,5600.0,5642.0,5462.0,5308.916666666667,5534.958333333333,132600
2004-09-01,5600.0,5670.0,5590.0,5670.0,5638.0,5489.5,5313.416666666667,5532.375,183100
2004-09-02,5680.0,5900.0,5680.0,5810.0,5644.0,5516.5,5321.416666666667,5531.291666666667,575200
2004-09-03,5900.0,5990.0,5800.0,5850.0,5690.0,5552.5,5332.583333333333,5529.208333333333,551800
2004-09-06,5860.0,5900.0,5840.0,5860.0,5758.0,5588.0,5346.416666666667,5527.708333333333,263200
2004-09-07,5900.0,5960.0,5830.0,5860.0,5810.0,5624.5,5359.916666666667,5526.541666666667,394000
2004-09-08,5900.0,6030.0,5860.0,5900.0,5856.0,5664.0,5374.083333333333,5523.875,401700
2004-09-09,5920.0,6060.0,5920.0,6040.0,5902.0,5708.5,5390.583333333333,5523.041666666667,672600
2004-09-10,6040.0,6040.0,5940.0,6000.0,5932.0,5737.5,5407.25,5521.041666666667,459300
2004-09-13,5980.0,6010.0,5820.0,5880.0,5936.0,5756.0,5422.333333333333,5517.125,567000
2004-09-14,5880.0,5920.0,5750.0,5790.0,5922.0,5756.0,5436.166666666667,5512.208333333333,303200
2004-09-15,5790.0,5820.0,5690.0,5730.0,5888.0,5758.5,5449.0,5507.125,265200
2004-09-16,5710.0,5850.0,5690.0,5770.0,5834.0,5763.5,5459.5,5501.375,184500
2004-09-17,5780.0,5880.0,5750.0,5870.0,5808.0,5777.0,5471.5,5496.708333333333,176700
2004-09-20,5870.0,5960.0,5870.0,5930.0,5818.0,5791.0,5483.166666666667,5492.541666666667,199400
2004-09-21,5930.0,5930.0,5820.0,5860.0,5832.0,5801.5,5493.5,5488.291666666667,154500
2004-09-22,5840.0,5880.0,5660.0,5670.0,5820.0,5800.5,5499.0,5482.625,303600
2004-09-23,5620.0,5640.0,5540.0,5540.0,5774.0,5788.5,5499.666666666667,5476.041666666667,183300
2004-09-24,5560.0,5640.0,5560.0,5630.0,5726.0,5789.0,5503.333333333333,5470.458333333333,136300
2004-09-27,5630.0,5630.0,5630.0,5630.0,5666.0,5794.5,5508.666666666667,5464.708333333333,0
2004-09-28,5630.0,5630.0,5630.0,5630.0,5620.0,5796.0,5513.5,5458.958333333333,0
2004-09-29,5630.0,5630.0,5630.0,5630.0,5612.0,5794.0,5517.833333333333,5453.291666666667,0
2004-09-30,5640.0,5690.0,5600.0,5650.0,5634.0,5786.0,5522.333333333333,5447.791666666667,208500
2004-10-01,5690.0,5730.0,5630.0,5730.0,5654.0,5780.0,5530.0,5442.875,307000
2004-10-04,5780.0,5810.0,5740.0,5780.0,5684.0,5776.0,5538.0,5438.375,320300
2004-10-05,5780.0,5810.0,5680.0,5690.0,5696.0,5767.5,5544.0,5432.875,315100
2004-10-06,5700.0,5730.0,5640.0,5650.0,5700.0,5755.0,5548.5,5426.708333333333,229100
2004-10-07,5680.0,5910.0,5660.0,5900.0,5750.0,5748.0,5557.166666666667,5421.708333333333,554100
2004-10-08,5890.0,5960.0,5830.0,5890.0,5782.0,5742.5,5565.166666666667,5417.291666666667,434500
2004-10-11,5860.0,6170.0,5850.0,6100.0,5846.0,5753.5,5576.5,5415.625,696700
2004-10-12,6080.0,6080.0,5780.0,5810.0,5870.0,5754.5,5585.0,5411.875,465300
2004-10-13,5840.0,5930.0,5840.0,5870.0,5914.0,5761.5,5592.0,5410.708333333333,213400
2004-10-14,5820.0,5870.0,5720.0,5740.0,5882.0,5760.0,5597.5,5410.541666666667,192100
2004-10-15,5660.0,5720.0,5630.0,5680.0,5840.0,5750.5,5604.166666666667,5409.375,161100
2004-10-18,5700.0,5700.0,5630.0,5630.0,5746.0,5735.5,5611.333333333333,5407.041666666667,144600
2004-10-19,5680.0,5750.0,5640.0,5690.0,5722.0,5727.0,5619.5,5404.708333333333,129900
2004-10-20,5640.0,5690.0,5530.0,5530.0,5654.0,5720.0,5624.833333333333,5401.041666666667,277700
2004-10-21,5550.0,5640.0,5510.0,5550.0,5616.0,5720.5,5632.666666666667,5401.125,217400
2004-10-22,5560.0,5620.0,5530.0,5550.0,5590.0,5716.5,5639.833333333333,5401.791666666667,175700
2004-10-25,5520.0,5520.0,5410.0,5450.0,5554.0,5707.5,5647.5,5403.791666666667,342800
2004-10-26,5450.0,5510.0,5440.0,5490.0,5514.0,5700.5,5652.833333333333,5406.875,265500
2004-10-27,5530.0,5650.0,5510.0,5650.0,5538.0,5701.5,5661.666666666667,5411.208333333333,258700
2004-10-28,5670.0,5780.0,5660.0,5780.0,5584.0,5708.0,5670.166666666667,5417.208333333333,246000
2004-10-29,5710.0,5840.0,5680.0,5750.0,5624.0,5709.0,5680.5,5423.583333333333,237600
2004-11-01,5810.0,5930.0,5780.0,5860.0,5706.0,5713.0,5692.333333333333,5433.25,240300
2004-11-02,5980.0,6000.0,5860.0,5880.0,5784.0,5722.5,5704.833333333333,5443.0,274500
2004-11-03,5870.0,6030.0,5830.0,5980.0,5850.0,5739.0,5719.333333333333,5451.833333333333,481000
2004-11-04,5960.0,6080.0,5950.0,6030.0,5900.0,5745.5,5734.0,5461.291666666667,540300
2004-11-05,6090.0,6130.0,5940.0,5980.0,5946.0,5750.0,5743.333333333333,5469.458333333333,194000
2004-11-08,6000.0,6020.0,5870.0,5880.0,5950.0,5739.0,5749.5,5475.958333333333,324900
2004-11-09,5890.0,5930.0,5860.0,5880.0,5950.0,5742.5,5751.0,5483.625,106000
2004-11-10,5890.0,6340.0,5890.0,6340.0,6022.0,5766.0,5762.0,5495.125,2281300
2004-11-11,6320.0,6410.0,6220.0,6390.0,6094.0,5798.5,5774.0,5506.875,899900
2004-11-12,6480.0,6610.0,6370.0,6400.0,6178.0,5834.5,5787.333333333333,5518.708333333333,1261500
2004-11-15,6430.0,6440.0,6350.0,6370.0,6276.0,5871.5,5799.333333333333,5530.125,455400
2004-11-16,6420.0,6460.0,6300.0,6400.0,6380.0,5907.0,5811.833333333333,5540.541666666667,482700
2004-11-17,6400.0,6690.0,6400.0,6550.0,6422.0,5958.0,5826.166666666667,5551.208333333333,888900
2004-11-18,6570.0,6820.0,6530.0,6700.0,6484.0,6015.5,5841.5,5565.291666666667,779100
2004-11-19,6770.0,6780.0,6600.0,6690.0,6542.0,6072.5,5859.333333333333,5578.541666666667,504300
2004-11-22,6620.0,6660.0,6500.0,6520.0,6572.0,6126.0,5876.0,5589.541666666667,232000
2004-11-23,6520.0,6580.0,6420.0,6460.0,6584.0,6174.5,5890.333333333333,5599.625,409500
2004-11-24,6430.0,6570.0,6400.0,6490.0,6572.0,6216.5,5904.0,5608.708333333333,472600
2004-11-25,6570.0,6620.0,6540.0,6550.0,6542.0,6255.0,5916.333333333333,5618.875,361500
2004-11-26,6560.0,6780.0,6560.0,6650.0,6534.0,6300.0,5929.666666666667,5631.125,605200
2004-11-29,6710.0,6770.0,6650.0,6750.0,6580.0,6344.5,5944.5,5645.458333333333,283200
2004-11-30,6780.0,6870.0,6710.0,6720.0,6632.0,6386.5,5958.833333333333,5659.375,646800
2004-12-01,6720.0,6780.0,6660.0,6700.0,6674.0,6422.5,5972.166666666667,5673.125,407800
2004-12-02,6790.0,6790.0,6480.0,6530.0,6670.0,6447.5,5980.333333333333,5685.458333333333,677900
2004-12-03,6550.0,6600.0,6530.0,6540.0,6648.0,6475.5,5989.333333333333,5698.291666666667,309200
2004-12-06,6550.0,6570.0,6490.0,6550.0,6608.0,6509.0,6000.5,5711.416666666667,172200
2004-12-07,6540.0,6550.0,6350.0,6350.0,6534.0,6532.5,6009.833333333333,5723.0,416700
2004-12-08,6330.0,6400.0,6210.0,6300.0,6454.0,6530.5,6019.333333333333,5734.166666666667,206800
2004-12-09,6290.0,6550.0,6250.0,6350.0,6418.0,6528.5,6029.0,5744.25,276800
2004-12-10,6390.0,6530.0,6320.0,6500.0,6410.0,6533.5,6039.5,5755.5,230700
2004-12-13,6490.0,6550.0,6410.0,6480.0,6396.0,6539.0,6048.666666666667,5765.916666666667,154600
2004-12-14,6500.0,6550.0,6450.0,6520.0,6430.0,6545.0,6059.666666666667,5776.583333333333,161700
2004-12-15,6480.0,6620.0,6480.0,6580.0,6486.0,6546.5,6074.833333333333,5786.916666666667,192100
2004-12-16,6580.0,6630.0,6440.0,6450.0,6506.0,6534.0,6090.0,5794.833333333333,221500
2004-12-17,6460.0,6500.0,6400.0,6440.0,6494.0,6521.5,6103.5,5803.416666666667,102400
2004-12-20,6490.0,6540.0,6420.0,6530.0,6504.0,6522.0,6118.5,5813.583333333333,93200
2004-12-21,6530.0,6600.0,6500.0,6600.0,6520.0,6529.0,6134.666666666667,5824.083333333333,162500
2004-12-22,6580.0,6650.0,6550.0,6590.0,6522.0,6534.0,6150.666666666667,5834.25,122100
2004-12-23,6590.0,6590.0,6390.0,6470.0,6526.0,6530.0,6164.333333333333,5843.333333333333,169400
2004-12-24,6400.0,6490.0,6370.0,6390.0,6516.0,6517.0,6175.333333333333,5852.666666666667,108800
2004-12-27,6470.0,6470.0,6330.0,6330.0,6476.0,6496.0,6184.5,5861.25,130500
2004-12-28,6370.0,6440.0,6330.0,6380.0,6432.0,6479.0,6196.0,5870.0,118900
2004-12-29,6290.0,6360.0,6230.0,6340.0,6382.0,6461.0,6207.5,5878.0,122800
2004-12-30,6290.0,6330.0,6140.0,6270.0,6342.0,6448.0,6213.666666666667,5885.416666666667,445700
2004-12-31,6270.0,6270.0,6270.0,6270.0,6318.0,6434.5,6220.0,5892.583333333333,0
2005-01-03,6290.0,6290.0,6190.0,6200.0,6292.0,6417.0,6221.666666666667,5899.083333333333,233300
2005-01-04,6210.0,6210.0,6130.0,6140.0,6244.0,6406.5,6227.166666666667,5906.083333333333,257600
2005-01-05,6120.0,6210.0,6110.0,6190.0,6214.0,6401.0,6232.5,5912.25,197400
2005-01-06,6160.0,6240.0,6130.0,6190.0,6198.0,6393.0,6240.0,5918.75,164900
2005-01-07,6250.0,6310.0,6210.0,6290.0,6202.0,6382.5,6250.166666666667,5927.166666666667,243100
2005-01-10,6300.0,6310.0,6230.0,6290.0,6220.0,6373.0,6261.166666666667,5936.25,177000
2005-01-11,6300.0,6480.0,6280.0,6480.0,6288.0,6371.0,6274.333333333333,5946.916666666667,557200
2005-01-12,6480.0,6480.0,6380.0,6420.0,6334.0,6363.0,6289.166666666667,5957.0,135800
2005-01-13,6400.0,6480.0,6340.0,6370.0,6370.0,6359.0,6302.833333333333,5967.75,156700
2005-01-14,6380.0,6420.0,6300.0,6350.0,6382.0,6354.5,6316.166666666667,5978.0,197400
2005-01-17,6400.0,6450.0,6350.0,6420.0,6408.0,6349.0,6332.333333333333,5989.916666666667,310000
2005-01-18,6450.0,6470.0,6400.0,6400.0,6392.0,6339.0,6347.5,6000.166666666667,227200
2005-01-19,6420.0,6610.0,6420.0,6580.0,6424.0,6338.5,6363.0,6012.333333333333,456500
2005-01-20,6550.0,6570.0,6460.0,6540.0,6458.0,6342.0,6375.666666666667,6022.916666666667,211500
2005-01-21,6480.0,6530.0,6370.0,6410.0,6470.0,6343.0,6386.666666666667,6033.583333333333,369000
2005-01-24,6350.0,6420.0,6320.0,6330.0,6452.0,6343.0,6394.5,6043.416666666667,288800
2005-01-25,6310.0,6330.0,6200.0,6220.0,6416.0,6335.0,6400.166666666667,6052.5,210600
2005-01-26,6230.0,6320.0,6230.0,6300.0,6360.0,6333.0,6405.5,6062.416666666667,216400
2005-01-27,6340.0,6580.0,6310.0,6570.0,6366.0,6348.0,6414.5,6074.25,621900
2005-01-28,6530.0,6570.0,6450.0,6530.0,6390.0,6361.0,6423.666666666667,6083.5,238500
2005-01-31,6600.0,6740.0,6560.0,6600.0,6444.0,6381.0,6435.666666666667,6092.583333333333,668800
2005-02-01,6560.0,6690.0,6550.0,6580.0,6516.0,6403.0,6447.333333333333,6099.166666666667,202200
2005-02-02,6610.0,6690.0,6580.0,6640.0,6584.0,6425.5,6452.333333333333,6107.166666666667,248700
2005-02-03,6560.0,6680.0,6560.0,6560.0,6582.0,6444.0,6455.166666666667,6114.583333333333,202300
2005-02-04,6550.0,6710.0,6550.0,6710.0,6618.0,6465.0,6460.333333333333,6123.833333333333,218600
2005-02-07,6710.0,6760.0,6670.0,6730.0,6644.0,6487.0,6466.333333333333,6132.833333333333,248200
2005-02-08,6730.0,6730.0,6730.0,6730.0,6674.0,6499.5,6471.833333333333,6141.833333333333,0
2005-02-09,6730.0,6730.0,6730.0,6730.0,6692.0,6515.0,6474.833333333333,6150.5,0
2005-02-10,6730.0,6730.0,6730.0,6730.0,6726.0,6533.0,6475.333333333333,6158.416666666667,0
2005-02-11,6700.0,6700.0,6540.0,6590.0,6702.0,6545.0,6473.666666666667,6166.5,477400
2005-02-14,6590.0,6640.0,6550.0,6580.0,6672.0,6553.0,6474.666666666667,6175.333333333333,620000
2005-02-15,6610.0,6750.0,6560.0,6720.0,6670.0,6569.0,6479.0,6184.666666666667,419700
2005-02-16,6720.0,6800.0,6620.0,6680.0,6660.0,6574.0,6482.166666666667,6193.083333333333,508200
2005-02-17,6710.0,6810.0,6560.0,6580.0,6630.0,6576.0,6482.666666666667,6199.5,782100
2005-02-18,6580.0,6630.0,6520.0,6570.0,6626.0,6584.0,6481.333333333333,6205.5,446900
2005-02-21,6630.0,6810.0,6630.0,6750.0,6660.0,6605.0,6481.333333333333,6212.916666666667,988700
2005-02-22,6750.0,6760.0,6560.0,6560.0,6628.0,6622.0,6478.666666666667,6218.75,379800
2005-02-23,6530.0,6610.0,6520.0,6570.0,6606.0,6635.5,6476.5,6224.333333333333,465300
2005-02-24,6600.0,6700.0,6590.0,6660.0,6622.0,6640.0,6478.666666666667,6229.5,357700
2005-02-25,6670.0,6830.0,6670.0,6710.0,6650.0,6649.0,6481.5,6235.416666666667,636500
2005-02-28,6800.0,7140.0,6780.0,7100.0,6720.0,6674.0,6490.666666666667,6245.583333333333,1285100
2005-03-01,7100.0,7100.0,7100.0,7100.0,6828.0,6700.0,6503.166666666667,6256.5,0
2005-03-02,7120.0,7280.0,6990.0,7200.0,6954.0,6728.0,6518.166666666667,6268.75,1095300
2005-03-03,7170.0,7320.0,7100.0,7240.0,7070.0,6762.0,6533.0,6281.0,480000
2005-03-04,7170.0,7280.0,7130.0,7170.0,7162.0,6785.0,6544.166666666667,6291.833333333333,453500
2005-03-07,7190.0,7260.0,6950.0,7000.0,7142.0,6798.5,6552.833333333333,6300.75,459300
2005-03-08,7010.0,7070.0,6850.0,6900.0,7102.0,6807.0,6559.166666666667,6309.416666666667,343100
2005-03-09,6920.0,7390.0,6880.0,7370.0,7136.0,6839.0,6572.333333333333,6323.583333333333,966700
2005-03-10,7350.0,7640.0,7260.0,7580.0,7204.0,6881.5,6591.166666666667,6340.583333333333,658600
2005-03-11,7650.0,7660.0,7470.0,7580.0,7286.0,6931.0,6610.166666666667,6356.833333333333,541900
2005-03-14,7580.0,7690.0,7500.0,7640.0,7414.0,6984.0,6628.666666666667,6373.583333333333,533000
2005-03-15,7710.0,7810.0,7350.0,7350.0,7504.0,7015.5,6641.166666666667,6387.916666666667,917800
2005-03-16,7300.0,7450.0,7170.0,7220.0,7474.0,7042.5,6651.666666666667,6401.166666666667,497000
2005-03-17,7110.0,7200.0,6670.0,6750.0,7308.0,7051.0,6656.333333333333,6410.333333333333,1199900
2005-03-18,6750.0,6880.0,6730.0,6800.0,7152.0,7062.5,6663.166666666667,6419.25,523700
2005-03-21,6800.0,6920.0,6700.0,6920.0,7008.0,7071.0,6673.0,6428.75,288400
2005-03-22,6920.0,7000.0,6830.0,6920.0,6922.0,7089.0,6682.0,6439.0,324400
2005-03-23,6870.0,6960.0,6770.0,6840.0,6846.0,7102.5,6690.333333333333,6448.916666666667,351300
2005-03-24,6860.0,6880.0,6590.0,6630.0,6822.0,7101.0,6696.333333333333,6455.0,313500
2005-03-25,6600.0,6780.0,6590.0,6750.0,6812.0,7103.0,6704.333333333333,6462.166666666667,148200
2005-03-28,6730.0,6910.0,6730.0,6810.0,6790.0,7088.5,6714.5,6468.083333333333,239500
2005-03-29,6810.0,6870.0,6690.0,6700.0,6746.0,7068.5,6723.833333333333,6475.5,174600
2005-03-30,6680.0,6700.0,6600.0,6690.0,6716.0,7043.0,6732.166666666667,6482.333333333333,183900
2005-03-31,6770.0,6770.0,6630.0,6660.0,6722.0,7014.0,6740.0,6490.0,328700
2005-04-01,6660.0,6850.0,6630.0,6820.0,6736.0,6996.5,6748.833333333333,6499.5,337600
2005-04-04,6750.0,6850.0,6690.0,6800.0,6734.0,6986.5,6757.333333333333,6509.25,260700
2005-04-05,6800.0,6800.0,6800.0,6800.0,6754.0,6981.5,6762.666666666667,6518.5,0
2005-04-06,6820.0,6860.0,6770.0,6810.0,6778.0,6953.5,6769.166666666667,6529.166666666667,324100
2005-04-07,6860.0,6910.0,6780.0,6890.0,6824.0,6919.0,6777.833333333333,6540.333333333333,258900
2005-04-08,6930.0,7010.0,6880.0,6990.0,6858.0,6889.5,6788.5,6552.333333333333,280100
2005-04-11,6980.0,6990.0,6870.0,6870.0,6872.0,6851.0,6796.0,6564.166666666667,141900
2005-04-12,6830.0,7010.0,6830.0,7000.0,6912.0,6833.5,6806.0,6576.75,248800
2005-04-13,7020.0,7070.0,6990.0,7010.0,6952.0,6823.0,6813.166666666667,6588.083333333333,241100
2005-04-14,6990.0,7000.0,6830.0,6840.0,6942.0,6827.5,6818.166666666667,6596.916666666667,285600
2005-04-15,6800.0,6820.0,6650.0,6730.0,6890.0,6824.0,6823.5,6605.083333333333,265200
2005-04-18,6640.0,6690.0,6410.0,6460.0,6808.0,6801.0,6825.666666666667,6610.083333333333,267800
2005-04-19,6480.0,6570.0,6410.0,6550.0,6718.0,6782.5,6831.166666666667,6615.666666666667,142100
2005-04-20,6520.0,6730.0,6520.0,6710.0,6658.0,6776.0,6838.0,6621.75,196200
2005-04-21,6590.0,6680.0,6560.0,6660.0,6622.0,6777.5,6839.5,6627.0,115900
2005-04-22,6740.0,6810.0,6740.0,6770.0,6630.0,6778.5,6843.5,6633.583333333333,181900
2005-04-25,6780.0,7050.0,6780.0,7000.0,6738.0,6788.0,6850.166666666667,6642.916666666667,413000
2005-04-26,7020.0,7020.0,6860.0,6900.0,6808.0,6798.0,6855.5,6651.416666666667,156200
2005-04-27,6850.0,6920.0,6770.0,6770.0,6820.0,6802.0,6857.666666666667,6655.0,216100
2005-04-28,6810.0,6850.0,6690.0,6750.0,6838.0,6806.5,6860.833333333333,6658.0,154200
2005-04-29,6660.0,6730.0,6650.0,6710.0,6826.0,6801.0,6860.833333333333,6660.583333333333,109800
2005-05-02,6730.0,6800.0,6730.0,6750.0,6776.0,6798.5,6861.166666666667,6663.75,51200
2005-05-03,6840.0,6890.0,6770.0,6840.0,6764.0,6800.5,6863.0,6667.416666666667,168200
2005-05-04,6860.0,7000.0,6860.0,6990.0,6808.0,6809.5,6867.333333333333,6671.083333333333,137200
2005-05-05,6990.0,6990.0,6990.0,6990.0,6856.0,6814.5,6871.666666666667,6673.5,0
2005-05-06,7000.0,7030.0,6970.0,7020.0,6918.0,6816.0,6878.833333333333,6676.25,202800
2005-05-09,7020.0,7030.0,6930.0,6970.0,6962.0,6821.0,6885.333333333333,6680.0,182900
2005-05-10,7010.0,7200.0,7010.0,7090.0,7012.0,6825.5,6891.5,6685.25,324800
2005-05-11,7110.0,7140.0,7020.0,7030.0,7020.0,6826.5,6897.333333333333,6689.75,145100
2005-05-12,7030.0,7050.0,6920.0,6920.0,7006.0,6830.5,6903.0,6692.833333333333,276500
2005-05-13,6890.0,6950.0,6790.0,6830.0,6968.0,6835.5,6907.333333333333,6694.333333333333,330400
2005-05-16,6840.0,6910.0,6800.0,6890.0,6952.0,6857.0,6909.666666666667,6695.5,237600
2005-05-17,6930.0,6980.0,6860.0,6860.0,6906.0,6872.5,6914.666666666667,6696.666666666667,269200
2005-05-18,6910.0,6920.0,6730.0,6730.0,6846.0,6873.5,6917.333333333333,6696.916666666667,376100
2005-05-19,6820.0,6880.0,6790.0,6820.0,6826.0,6881.5,6920.0,6699.333333333333,221100
2005-05-20,6850.0,6850.0,6750.0,6760.0,6812.0,6881.0,6920.833333333333,6701.166666666667,129900
2005-05-23,6800.0,6840.0,6740.0,6840.0,6802.0,6873.0,6916.5,6703.583333333333,149900
2005-05-24,6890.0,6930.0,6860.0,6900.0,6810.0,6873.0,6913.166666666667,6708.166666666667,164400
2005-05-25,6900.0,6910.0,6780.0,6800.0,6824.0,6874.5,6906.5,6712.333333333333,138400
2005-05-26,6780.0,6870.0,6770.0,6830.0,6826.0,6878.5,6899.666666666667,6716.333333333333,137100
2005-05-27,6850.0,6930.0,6830.0,6930.0,6860.0,6889.5,6895.666666666667,6719.916666666667,251400
2005-05-30,6930.0,6940.0,6890.0,6930.0,6878.0,6898.5,6894.5,6723.666666666667,145900
2005-05-31,6950.0,6950.0,6880.0,6900.0,6878.0,6901.5,6894.5,6726.833333333333,140900
2005-06-01,6850.0,6910.0,6790.0,6860.0,6890.0,6895.0,6886.0,6729.166666666667,294600
2005-06-02,6880.0,7090.0,6880.0,7060.0,6936.0,6898.5,6877.333333333333,6734.25,330700
2005-06-03,7030.0,7140.0,7000.0,7130.0,6976.0,6904.0,6869.833333333333,6740.0,251100
2005-06-06,7130.0,7130.0,7130.0,7130.0,7016.0,6912.0,6861.333333333333,6745.0,0
2005-06-07,7080.0,7200.0,7070.0,7200.0,7076.0,6917.5,6858.833333333333,6750.0,344900
2005-06-08,7180.0,7200.0,7110.0,7130.0,7130.0,6922.5,6857.333333333333,6754.5,245400
2005-06-09,7100.0,7230.0,7060.0,7230.0,7164.0,6938.0,6865.333333333333,6760.833333333333,262000
2005-06-10,7220.0,7320.0,7120.0,7150.0,7168.0,6954.0,6871.166666666667,6767.166666666667,322900
2005-06-13,7150.0,7200.0,7110.0,7120.0,7166.0,6965.5,6874.5,6773.75,184800
2005-06-14,7110.0,7130.0,7030.0,7100.0,7146.0,6977.5,6877.5,6779.75,184200
2005-06-15,7060.0,7250.0,7060.0,7230.0,7166.0,7002.5,6884.0,6787.166666666667,249700
2005-06-16,7220.0,7320.0,7160.0,7160.0,7152.0,7019.5,6892.833333333333,6794.583333333333,184000
2005-06-17,7170.0,7230.0,7150.0,7180.0,7158.0,7040.5,6900.0,6802.166666666667,114800
2005-06-20,7230.0,7330.0,7210.0,7310.0,7196.0,7064.0,6908.333333333333,6811.416666666667,463500
2005-06-21,7330.0,7330.0,7060.0,7120.0,7200.0,7075.0,6915.333333333333,6819.583333333333,526000
2005-06-22,7120.0,7170.0,7090.0,7140.0,7182.0,7092.0,6922.833333333333,6827.5,456000
2005-06-23,7170.0,7320.0,7170.0,7290.0,7208.0,7115.0,6933.333333333333,6836.666666666667,447800
2005-06-24,7220.0,7440.0,7220.0,7430.0,7258.0,7140.0,6943.5,6846.166666666667,321300
2005-06-27,7350.0,7400.0,7250.0,7280.0,7252.0,7157.5,6951.5,6854.416666666667,147700
2005-06-28,7310.0,7320.0,7180.0,7270.0,7282.0,7176.0,6959.333333333333,6861.0,191400
2005-06-29,7300.0,7370.0,7190.0,7370.0,7328.0,7201.5,6968.666666666667,6868.916666666667,296300
2005-06-30,7390.0,7510.0,7320.0,7470.0,7364.0,7222.0,6978.333333333333,6878.083333333333,432700
2005-07-01,7500.0,7580.0,7470.0,7550.0,7388.0,7243.0,6987.666666666667,6888.083333333333,344600
2005-07-04,7660.0,7760.0,7580.0,7710.0,7474.0,7272.0,7001.666666666667,6898.833333333333,375300
2005-07-05,7750.0,7800.0,7610.0,7650.0,7550.0,7294.5,7012.5,6909.25,262300
2005-07-06,7700.0,7950.0,7700.0,7950.0,7666.0,7335.5,7028.166666666667,6920.666666666667,582000
2005-07-07,7950.0,8020.0,7860.0,7900.0,7752.0,7369.0,7045.833333333333,6932.0,272900
2005-07-08,7900.0,7930.0,7700.0,7750.0,7792.0,7399.0,7062.833333333333,6943.166666666667,362500
2005-07-11,7750.0,7810.0,7700.0,7800.0,7810.0,7433.0,7085.166666666667,6955.416666666667,227600
2005-07-12,7800.0,7860.0,7630.0,7680.0,7816.0,7462.0,7104.0,6967.583333333333,250300
2005-07-13,7620.0,7750.0,7590.0,7730.0,7772.0,7487.0,7121.0,6979.5,217000
2005-07-14,7740.0,7860.0,7740.0,7740.0,7740.0,7516.0,7139.0,6989.25,209000
2005-07-15,7740.0,7930.0,7740.0,7910.0,7772.0,7552.5,7158.0,7000.75,273000
2005-07-18,7990.0,8100.0,7870.0,8060.0,7824.0,7590.0,7175.666666666667,7012.916666666667,302100
2005-07-19,8060.0,8110.0,8030.0,8030.0,7894.0,7635.5,7194.5,7025.0,322800
2005-07-20,7990.0,8050.0,7890.0,7960.0,7940.0,7676.5,7214.333333333333,7036.0,335200
2005-07-21,7990.0,8180.0,7970.0,8090.0,8010.0,7716.5,7236.666666666667,7048.75,416300
2005-07-22,8140.0,8140.0,7940.0,8090.0,8046.0,7749.5,7259.666666666667,7060.25,227400
2005-07-25,7990.0,8170.0,7990.0,8100.0,8054.0,7790.5,7282.166666666667,7071.666666666667,206100
2005-07-26,8150.0,8380.0,8150.0,8330.0,8114.0,7843.5,7307.0,7085.0,385700
2005-07-27,8370.0,8470.0,8270.0,8340.0,8190.0,7892.0,7329.5,7098.416666666667,383600
2005-07-28,8340.0,8430.0,8270.0,8340.0,8240.0,7935.5,7352.0,7111.833333333333,215700
2005-07-29,8370.0,8550.0,8360.0,8550.0,8332.0,7985.5,7377.5,7128.166666666667,482300
2005-08-01,8620.0,8620.0,8440.0,8500.0,8412.0,8025.0,7403.0,7144.166666666667,256800
2005-08-02,8450.0,8970.0,8450.0,8900.0,8526.0,8087.5,7433.166666666667,7162.333333333333,473400
2005-08-03,8910.0,8990.0,8770.0,8770.0,8612.0,8128.5,7462.166666666667,7179.75,256000
2005-08-04,8750.0,8800.0,8350.0,8480.0,8640.0,8157.5,7488.166666666667,7195.583333333333,327100
2005-08-05,8420.0,8420.0,8230.0,8380.0,8606.0,8189.0,7514.0,7210.666666666667,289800
2005-08-08,8260.0,8430.0,8260.0,8390.0,8584.0,8218.5,7539.0,7224.333333333333,179400
2005-08-09,8300.0,8480.0,8300.0,8430.0,8490.0,8256.0,7565.166666666667,7239.916666666667,270100
2005-08-10,8530.0,8690.0,8510.0,8550.0,8446.0,8297.0,7595.5,7256.416666666667,221000
2005-08-11,8450.0,8570.0,8450.0,8560.0,8462.0,8338.0,7624.5,7272.25,197800
2005-08-12,8620.0,8840.0,8620.0,8760.0,8538.0,8380.5,7657.833333333333,7289.333333333333,235300
2005-08-15,8760.0,8760.0,8760.0,8760.0,8612.0,8415.5,7689.833333333333,7303.166666666667,0
2005-08-16,8760.0,8770.0,8590.0,8600.0,8646.0,8444.0,7718.166666666667,7315.666666666667,169100
2005-08-17,8540.0,8540.0,8400.0,8400.0,8616.0,8466.0,7744.833333333333,7325.666666666667,342400
2005-08-18,8420.0,8520.0,8340.0,8360.0,8576.0,8479.5,7770.333333333333,7335.0,243300
2005-08-19,8320.0,8460.0,8300.0,8370.0,8498.0,8493.5,7794.333333333333,7345.0,158400
2005-08-22,8330.0,8750.0,8320.0,8740.0,8494.0,8525.5,7824.5,7359.5,210200
2005-08-23,8830.0,8830.0,8600.0,8700.0,8514.0,8544.0,7854.5,7374.5,344700
2005-08-24,8730.0,8730.0,8460.0,8620.0,8558.0,8558.0,7883.833333333333,7384.916666666667,226000
2005-08-25,8590.0,8660.0,8520.0,8600.0,8606.0,8571.0,7909.5,7393.416666666667,272600
2005-08-26,8620.0,8760.0,8620.0,8680.0,8668.0,8577.5,7935.333333333333,7402.583333333333,214800
2005-08-29,8680.0,8710.0,8310.0,8310.0,8582.0,8568.0,7955.0,7408.166666666667,714700
2005-08-30,8480.0,8520.0,8190.0,8310.0,8504.0,8538.5,7973.5,7416.166666666667,433100
2005-08-31,8300.0,8470.0,8280.0,8390.0,8458.0,8519.5,7994.5,7425.916666666667,170200
2005-09-01,8450.0,8570.0,8420.0,8500.0,8438.0,8520.5,8015.666666666667,7440.5,308700
2005-09-02,8440.0,8550.0,8340.0,8450.0,8392.0,8524.0,8037.333333333333,7454.25,326000
2005-09-05,8480.0,8520.0,8390.0,8390.0,8408.0,8524.0,8058.5,7466.5,148900
2005-09-06,8380.0,8520.0,8380.0,8490.0,8444.0,8527.0,8081.666666666667,7479.583333333333,224200
2005-09-07,8530.0,8610.0,8470.0,8510.0,8468.0,8525.0,8103.0,7493.5,275800
2005-09-08,8550.0,8690.0,8550.0,8660.0,8500.0,8530.0,8128.0,7510.416666666667,273500
2005-09-09,8660.0,8720.0,8580.0,8720.0,8554.0,8528.0,8153.666666666667,7526.833333333333,152100
2005-09-12,8770.0,9020.0,8750.0,8820.0,8640.0,8531.0,8178.833333333333,7543.583333333333,378100
2005-09-13,8790.0,8860.0,8630.0,8750.0,8692.0,8538.5,8206.0,7560.666666666667,211500
2005-09-14,8700.0,8740.0,8620.0,8740.0,8738.0,8555.5,8232.666666666666,7577.75,167100
2005-09-15,8660.0,9200.0,8660.0,9000.0,8806.0,8587.5,8261.166666666666,7597.25,484300
2005-09-16,9010.0,9170.0,8960.0,9000.0,8862.0,8619.0,8287.333333333334,7615.416666666667,239900
2005-09-19,9000.0,9000.0,9000.0,9000.0,8898.0,8632.0,8316.0,7633.75,0
2005-09-20,9120.0,9250.0,9050.0,9160.0,8980.0,8655.0,8347.5,7653.416666666667,303100
2005-09-21,9160.0,9200.0,9000.0,9030.0,9038.0,8675.5,8375.166666666666,7671.916666666667,290600
2005-09-22,8970.0,9050.0,8910.0,9030.0,9044.0,8697.0,8401.166666666666,7689.75,243400
2005-09-23,9000.0,9010.0,8800.0,8800.0,9004.0,8703.0,8422.0,7704.833333333333,252300
2005-09-26,8820.0,8980.0,8790.0,8980.0,9000.0,8736.5,8443.166666666666,7722.416666666667,196000
2005-09-27,8980.0,8980.0,8840.0,8880.0,8944.0,8765.0,8463.666666666666,7738.083333333333,224400
2005-09-28,8950.0,9220.0,8900.0,9100.0,8958.0,8800.5,8482.833333333334,7755.5,407800
2005-09-29,9110.0,9150.0,8960.0,9030.0,8958.0,8827.0,8501.666666666666,7773.75,345266
2005-09-30,9100.0,9430.0,9080.0,9290.0,9056.0,8869.0,8527.333333333334,7795.083333333333,902760
2005-10-03,9290.0,9290.0,9290.0,9290.0,9118.0,8914.0,8552.166666666666,7818.666666666667,0
2005-10-04,9320.0,9600.0,9320.0,9510.0,9244.0,8965.0,8582.666666666666,7843.333333333333,434770
2005-10-05,9480.0,9480.0,9240.0,9270.0,9278.0,9003.0,8608.333333333334,7864.666666666667,351590
2005-10-06,9220.0,9220.0,9030.0,9100.0,9292.0,9025.0,8631.0,7885.0,312511
2005-10-07,9090.0,9230.0,9080.0,9150.0,9264.0,9046.5,8651.666666666666,7904.833333333333,191473
2005-10-10,9130.0,9460.0,9130.0,9310.0,9268.0,9071.0,8672.5,7924.083333333333,271124
2005-10-11,9250.0,9300.0,9180.0,9280.0,9222.0,9097.5,8693.333333333334,7943.916666666667,220410
2005-10-12,9310.0,9420.0,9200.0,9340.0,9236.0,9127.5,8716.333333333334,7965.333333333333,363730
2005-10-13,9260.0,9450.0,9150.0,9400.0,9296.0,9147.5,8738.166666666666,7987.416666666667,208140
2005-10-14,9390.0,9440.0,9200.0,9440.0,9354.0,9169.5,8760.666666666666,8010.166666666667,275210
2005-10-17,9350.0,9450.0,9250.0,9350.0,9362.0,9187.0,8781.5,8031.833333333333,178000
2005-10-18,9250.0,9370.0,9250.0,9300.0,9366.0,9194.0,8797.666666666666,8052.333333333333,168040
2005-10-19,9250.0,9260.0,8910.0,9000.0,9298.0,9192.5,8808.666666666666,8069.083333333333,221030
2005-10-20,9070.0,9070.0,8850.0,8850.0,9188.0,9183.5,8817.166666666666,8084.583333333333,155720
2005-10-21,8840.0,9180.0,8790.0,9030.0,9106.0,9195.0,8825.166666666666,8101.333333333333,415763
2005-10-24,9100.0,9100.0,8950.0,8990.0,9034.0,9195.5,8833.333333333334,8118.166666666667,212249
2005-10-25,9100.0,9120.0,8710.0,8710.0,8916.0,9187.0,8830.166666666666,8131.666666666667,439664
2005-10-26,8710.0,8810.0,8620.0,8720.0,8860.0,9168.0,8829.333333333334,8145.75,181424
2005-10-27,8700.0,8730.0,8610.0,8630.0,8816.0,9148.0,8831.833333333334,8160.0,186845
2005-10-28,8580.0,8580.0,8290.0,8450.0,8700.0,9106.0,8833.0,8173.5,444771
2005-10-31,8430.0,8530.0,8350.0,8520.0,8606.0,9067.5,8835.166666666666,8187.083333333333,211250
2005-11-01,8510.0,8690.0,8510.0,8650.0,8594.0,9024.5,8838.833333333334,8202.0,289470
2005-11-02,8800.0,9050.0,8780.0,9010.0,8652.0,9011.5,8846.5,8221.0,485870
2005-11-03,9080.0,9530.0,9010.0,9460.0,8818.0,9029.5,8861.5,8243.0,971730
2005-11-04,9490.0,9490.0,9310.0,9450.0,9018.0,9044.5,8873.0,8265.416666666666,283937
2005-11-07,9460.0,9460.0,9370.0,9440.0,9202.0,9051.0,8884.333333333334,8287.083333333334,227901
2005-11-08,9600.0,10200.0,9570.0,10200.0,9512.0,9097.0,8911.0,8314.583333333334,967819
2005-11-09,10100.0,10350.0,9950.0,10350.0,9780.0,9147.5,8943.5,8344.166666666666,560034
2005-11-10,10100.0,10250.0,9960.0,10250.0,9938.0,9190.0,8975.0,8372.666666666666,300286
2005-11-11,10250.0,10500.0,10050.0,10500.0,10148.0,9243.0,9010.5,8402.416666666666,440636
2005-11-14,10500.0,10950.0,10300.0,10950.0,10450.0,9323.0,9047.333333333334,8435.916666666666,322280
2005-11-15,10400.0,10400.0,9960.0,10100.0,10430.0,9363.0,9070.666666666666,8462.583333333334,493861
2005-11-16,9910.0,10350.0,9710.0,10250.0,10410.0,9425.5,9097.833333333334,8490.833333333334,551180
2005-11-17,10350.0,10400.0,10100.0,10300.0,10420.0,9498.0,9126.166666666666,8517.833333333334,329301
2005-11-18,10300.0,10400.0,10000.0,10100.0,10340.0,9551.5,9149.833333333334,8542.583333333334,250466
2005-11-21,10250.0,10850.0,10000.0,10700.0,10290.0,9637.0,9189.666666666666,8572.333333333334,583180
2005-11-22,10700.0,11000.0,10350.0,10900.0,10450.0,9746.5,9232.833333333334,8603.166666666666,622330
2005-11-23,10900.0,11200.0,10800.0,11200.0,10640.0,9870.5,9279.666666666666,8637.083333333334,752870
2005-11-24,11100.0,11550.0,10950.0,11250.0,10830.0,10001.5,9325.5,8670.583333333334,554290
2005-11-25,11100.0,12000.0,11100.0,11850.0,11180.0,10171.5,9382.166666666666,8709.75,818334
2005-11-28,11750.0,12050.0,11750.0,12000.0,11440.0,10345.5,9442.333333333334,8750.416666666666,420610
2005-11-29,11800.0,11900.0,11350.0,11700.0,11600.0,10498.0,9495.833333333334,8788.75,274530
2005-11-30,11500.0,11850.0,11450.0,11850.0,11730.0,10640.0,9551.5,8827.25,255371
2005-12-01,11400.0,11750.0,11400.0,11550.0,11790.0,10744.5,9599.666666666666,8863.833333333334,281719
2005-12-02,11700.0,11700.0,11100.0,11250.0,11670.0,10834.5,9641.833333333334,8897.75,325036
2005-12-05,11250.0,11250.0,10950.0,10950.0,11460.0,10910.0,9677.333333333334,8928.083333333334,297350
2005-12-06,11000.0,11650.0,11000.0,11500.0,11420.0,10975.0,9723.166666666666,8964.583333333334,504956
2005-12-07,11400.0,11500.0,10550.0,10850.0,11220.0,11000.0,9758.333333333334,8995.5,531489
2005-12-08,10900.0,11000.0,10500.0,10900.0,11090.0,11032.5,9790.0,9025.583333333334,344491
2005-12-09,10750.0,11050.0,10750.0,10850.0,11010.0,11050.0,9820.833333333334,9054.083333333334,220510
2005-12-12,10750.0,11100.0,10750.0,10950.0,11010.0,11050.0,9853.333333333334,9084.666666666666,224975
2005-12-13,10950.0,11000.0,10500.0,10600.0,10830.0,11075.0,9877.333333333334,9112.416666666666,475352
2005-12-14,10750.0,10850.0,10650.0,10650.0,10790.0,11095.0,9904.333333333334,9139.75,365385
2005-12-15,10950.0,11500.0,10800.0,11500.0,10910.0,11155.0,9945.5,9173.333333333334,643333
2005-12-16,11250.0,12350.0,11250.0,12200.0,11180.0,11260.0,10002.166666666666,9212.083333333334,1484201
2005-12-19,12300.0,12800.0,12200.0,12600.0,11510.0,11355.0,10062.5,9252.833333333334,707530
2005-12-20,12700.0,12800.0,12150.0,12450.0,11880.0,11432.5,10122.0,9292.833333333334,298052
2005-12-21,12500.0,12550.0,12150.0,12300.0,12210.0,11487.5,10175.333333333334,9329.083333333334,356978
2005-12-22,12250.0,12300.0,11850.0,11900.0,12290.0,11520.0,10223.166666666666,9362.416666666666,228400
2005-12-23,11900.0,12650.0,11900.0,12450.0,12340.0,11550.0,10275.833333333334,9401.583333333334,467874
2005-12-26,12500.0,12800.0,12200.0,12750.0,12370.0,11587.5,10333.5,9442.833333333334,376700
2005-12-27,12800.0,12900.0,12200.0,12200.0,12320.0,11612.5,10378.333333333334,9480.5,363192
2005-12-28,12200.0,12400.0,12100.0,12250.0,12310.0,11632.5,10428.0,9518.166666666666,170285
2005-12-29,12150.0,13200.0,12150.0,12950.0,12520.0,11702.5,10492.166666666666,9561.583333333334,639900
2006-01-02,13000.0,13300.0,12650.0,12900.0,12610.0,11785.0,10554.666666666666,9603.166666666666,313088
2006-01-03,13000.0,13700.0,12550.0,13700.0,12800.0,11922.5,10627.833333333334,9650.166666666666,653030
2006-01-04,13800.0,14400.0,13500.0,14200.0,13200.0,12057.5,10709.833333333334,9701.583333333334,727060
2006-01-05,14100.0,14150.0,13450.0,13650.0,13480.0,12197.5,10781.666666666666,9749.0,333325
2006-01-06,13550.0,13900.0,13350.0,13650.0,13620.0,12335.0,10852.5,9795.333333333334,442792
2006-01-09,14050.0,14550.0,13700.0,14000.0,13840.0,12492.5,10928.5,9844.583333333334,890702
2006-01-10,14250.0,14600.0,13700.0,13800.0,13860.0,12635.0,11002.666666666666,9892.083333333334,539020
2006-01-11,13800.0,14000.0,13400.0,13950.0,13810.0,12802.5,11080.166666666666,9938.916666666666,415637
2006-01-12,14000.0,14700.0,13800.0,14600.0,14000.0,13000.0,11173.5,9991.083333333334,729487
2006-01-13,14200.0,14650.0,13800.0,14300.0,14130.0,13140.0,11264.333333333334,10040.75,477125
2006-01-16,14350.0,14450.0,13700.0,13700.0,14070.0,13215.0,11342.166666666666,10083.666666666666,379962
2006-01-17,13800.0,14050.0,13100.0,13100.0,13930.0,13240.0,11410.666666666666,10122.0,495271
2006-01-18,12900.0,13100.0,12250.0,12800.0,13700.0,13257.5,11478.833333333334,10154.5,374762
2006-01-19,12650.0,12950.0,12200.0,12750.0,13330.0,13280.0,11546.0,10187.666666666666,442632
2006-01-20,12600.0,12950.0,11200.0,11600.0,12790.0,13265.0,11595.5,10213.666666666666,428950
2006-01-23,11400.0,11550.0,10300.0,11300.0,12310.0,13207.5,11643.0,10238.0,468340
2006-01-24,11200.0,11500.0,10750.0,11300.0,11950.0,13135.0,11689.333333333334,10262.25,440610
2006-01-25,11500.0,11700.0,11200.0,11200.0,11630.0,13085.0,11731.833333333334,10285.333333333334,530812
2006-01-26,11200.0,11500.0,10900.0,11500.0,11380.0,13047.5,11773.333333333334,10309.916666666666,567035
2006-01-27,11750.0,11950.0,11600.0,11800.0,11420.0,12990.0,11812.333333333334,10336.916666666666,903449
2006-01-31,12200.0,12350.0,11950.0,12100.0,11580.0,12950.0,11856.5,10364.75,737199
2006-02-01,11900.0,12050.0,11150.0,11250.0,11570.0,12827.5,11886.666666666666,10385.5,717544
2006-02-02,11450.0,11600.0,10900.0,11150.0,11560.0,12675.0,11902.5,10406.75,496850
2006-02-03,10850.0,11150.0,10600.0,11000.0,11460.0,12542.5,11913.333333333334,10428.416666666666,559070
2006-02-06,10750.0,11200.0,10600.0,11200.0,11340.0,12420.0,11929.166666666666,10452.083333333334,444120
2006-02-07,11200.0,11750.0,11200.0,11300.0,11180.0,12285.0,11942.5,10476.5,597550
2006-02-08,11250.0,11600.0,10800.0,10800.0,11090.0,12135.0,11940.0,10493.666666666666,319736
2006-02-09,11100.0,11100.0,10800.0,10850.0,11030.0,11980.0,11952.5,10511.583333333334,235070
2006-02-10,10900.0,11550.0,10900.0,11300.0,11090.0,11815.0,11970.0,10533.916666666666,357562
2006-02-13,11300.0,11300.0,11300.0,11300.0,11110.0,11665.0,11986.666666666666,10556.416666666666,0
2006-02-14,11000.0,11600.0,10900.0,11500.0,11150.0,11555.0,12010.0,10579.916666666666,322193
2006-02-15,11700.0,11700.0,11100.0,11200.0,11230.0,11460.0,12018.333333333334,10604.0,225411
2006-02-16,11200.0,11450.0,11000.0,11350.0,11330.0,11387.5,12025.833333333334,10629.333333333334,142574
2006-02-17,11400.0,11650.0,11350.0,11600.0,11390.0,11330.0,12032.5,10656.083333333334,326380
2006-02-20,11700.0,11850.0,11600.0,11750.0,11480.0,11337.5,12040.833333333334,10683.166666666666,189569
2006-02-21,11850.0,12350.0,11800.0,12350.0,11650.0,11390.0,12049.166666666666,10715.666666666666,558371
2006-02-22,12300.0,12350.0,12050.0,12200.0,11850.0,11435.0,12052.5,10747.416666666666,228180
2006-02-23,12400.0,12900.0,12300.0,12750.0,12130.0,11512.5,12070.0,10782.916666666666,476720
2006-02-24,12600.0,12750.0,12550.0,12650.0,12340.0,11570.0,12083.333333333334,10817.416666666666,273047
2006-02-27,12800.0,12900.0,12650.0,12750.0,12540.0,11617.5,12103.333333333334,10851.5,159698
2006-02-28,12900.0,12900.0,12550.0,12600.0,12590.0,11642.5,12125.833333333334,10883.833333333334,194990
2006-03-02,12700.0,13100.0,12650.0,12700.0,12690.0,11715.0,12155.0,10916.166666666666,624454
2006-03-03,12900.0,12950.0,12200.0,12250.0,12590.0,11770.0,12167.5,10945.333333333334,447031
2006-03-06,12500.0,12600.0,12400.0,12600.0,12580.0,11850.0,12196.666666666666,10977.5,228090
2006-03-07,12450.0,12550.0,11750.0,12100.0,12450.0,11895.0,12216.666666666666,11003.333333333334,282630
2006-03-08,12000.0,12250.0,11950.0,12100.0,12350.0,11935.0,12237.5,11029.166666666666,109710
2006-03-09,12000.0,12550.0,12000.0,12400.0,12290.0,12015.0,12261.666666666666,11057.5,237618
2006-03-10,12550.0,12700.0,12350.0,12400.0,12320.0,12092.5,12291.666666666666,11084.5,202369
2006-03-13,12650.0,12700.0,12500.0,12550.0,12310.0,12155.0,12323.333333333334,11113.833333333334,288761
2006-03-14,12500.0,12900.0,12450.0,12800.0,12450.0,12230.0,12345.0,11145.25,284136
2006-03-15,12850.0,13300.0,12850.0,13000.0,12630.0,12305.0,12358.333333333334,11180.25,594675
2006-03-16,13300.0,13300.0,12700.0,13050.0,12760.0,12397.5,12365.833333333334,11214.166666666666,262265
2006-03-17,12950.0,13000.0,12800.0,13000.0,12880.0,12480.0,12375.0,11248.5,190210
2006-03-20,13100.0,13500.0,12900.0,13300.0,13030.0,12565.0,12391.666666666666,11283.5,365268
2006-03-21,13300.0,13400.0,12800.0,12800.0,13030.0,12617.5,12406.666666666666,11314.916666666666,198110
2006-03-22,12800.0,12800.0,12000.0,12000.0,12830.0,12600.0,12399.166666666666,11337.5,261486
2006-03-23,12400.0,12750.0,12200.0,12400.0,12700.0,12610.0,12393.333333333334,11363.416666666666,243849
2006-03-24,12400.0,12550.0,11800.0,12500.0,12600.0,12597.5,12398.333333333334,11388.333333333334,269894
2006-03-27,12350.0,12650.0,12300.0,12450.0,12430.0,12587.5,12401.666666666666,11414.833333333334,122263
2006-03-28,12550.0,13300.0,12500.0,13300.0,12530.0,12615.0,12407.5,11449.833333333334,519110
2006-03-29,13150.0,13400.0,12950.0,13300.0,12790.0,12650.0,12414.166666666666,11484.416666666666,262190
2006-03-30,13500.0,13650.0,13200.0,13500.0,13010.0,12690.0,12410.833333333334,11519.333333333334,341381
2006-03-31,13600.0,13600.0,13200.0,13500.0,13210.0,12752.5,12399.166666666666,11554.5,440476
2006-04-03,13550.0,13750.0,13400.0,13500.0,13420.0,12797.5,12396.666666666666,11589.166666666666,607021
2006-04-04,13500.0,13650.0,13350.0,13450.0,13450.0,12865.0,12393.333333333334,11622.916666666666,362321
2006-04-05,13500.0,13650.0,13350.0,13450.0,13480.0,12932.5,12384.166666666666,11656.333333333334,362371
2006-04-06,13750.0,14000.0,13650.0,13800.0,13540.0,13002.5,12384.166666666666,11693.416666666666,368760
2006-04-07,13700.0,13800.0,13550.0,13600.0,13560.0,13062.5,12378.333333333334,11729.25,194850
2006-04-10,13550.0,14000.0,13550.0,14000.0,13660.0,13135.0,12368.333333333334,11770.916666666666,335956
2006-04-11,14000.0,14050.0,13700.0,14000.0,13770.0,13195.0,12363.333333333334,11813.833333333334,315817
2006-04-12,13900.0,14400.0,13750.0,14200.0,13920.0,13255.0,12371.666666666666,11856.916666666666,507672
2006-04-13,14300.0,14700.0,14250.0,14700.0,14100.0,13337.5,12398.333333333334,11904.5,523127
2006-04-14,14650.0,15350.0,14400.0,14750.0,14330.0,13425.0,12430.833333333334,11954.833333333334,797207
2006-04-17,15000.0,15100.0,14600.0,14750.0,14480.0,13497.5,12464.166666666666,12005.083333333334,356564
2006-04-18,14600.0,15300.0,14450.0,15150.0,14710.0,13615.0,12523.333333333334,12059.416666666666,529275
2006-04-19,15300.0,15950.0,15150.0,15700.0,15010.0,13800.0,12596.666666666666,12119.833333333334,785305
2006-04-20,15700.0,16200.0,15500.0,15800.0,15230.0,13970.0,12671.666666666666,12180.5,514065
2006-04-21,15900.0,16000.0,15450.0,15600.0,15400.0,14125.0,12745.0,12238.416666666666,461622
2006-04-24,15600.0,15600.0,15000.0,15050.0,15460.0,14255.0,12804.166666666666,12288.75,370799
2006-04-25,15050.0,15550.0,14800.0,15000.0,15430.0,14340.0,12857.5,12334.916666666666,601260
2006-04-26,15200.0,15400.0,15100.0,15350.0,15360.0,14442.5,12911.666666666666,12384.083333333334,358370
2006-04-27,15600.0,16000.0,15600.0,15900.0,15380.0,14562.5,12989.166666666666,12437.916666666666,452360
2006-04-28,15700.0,15900.0,15400.0,15500.0,15360.0,14662.5,13061.666666666666,12482.083333333334,303587
2006-05-02,15350.0,16500.0,15150.0,16400.0,15630.0,14807.5,13151.666666666666,12532.5,555861
2006-05-03,16550.0,17150.0,16200.0,16350.0,15900.0,14952.5,13237.5,12583.333333333334,608725
2006-05-04,16250.0,16750.0,15900.0,16200.0,16070.0,15090.0,13319.166666666666,12630.833333333334,491698
2006-05-08,16400.0,16450.0,15600.0,15750.0,16040.0,15187.5,13401.666666666666,12670.833333333334,403982
2006-05-09,15700.0,16100.0,15600.0,15850.0,16110.0,15300.0,13485.0,12718.75,414612
2006-05-10,15600.0,16000.0,15500.0,15750.0,15980.0,15387.5,13559.166666666666,12764.583333333334,333880
2006-05-11,15750.0,16000.0,15300.0,15600.0,15830.0,15467.5,13630.833333333334,12808.75,550875
2006-05-12,15300.0,16100.0,15150.0,16100.0,15810.0,15562.5,13707.5,12858.75,453268
2006-05-15,15600.0,15850.0,15450.0,15800.0,15820.0,15617.5,13784.166666666666,12901.25,288732
2006-05-16,15850.0,15900.0,15350.0,15600.0,15770.0,15660.0,13855.0,12940.416666666666,571181
2006-05-17,15500.0,15750.0,15300.0,15400.0,15700.0,15692.5,13918.333333333334,12975.416666666666,304128
2006-05-18,14900.0,15000.0,14600.0,14600.0,15500.0,15665.0,13965.833333333334,13003.333333333334,315400
2006-05-19,14600.0,15200.0,14500.0,15000.0,15280.0,15630.0,14010.0,13029.583333333334,325100
2006-05-22,14600.0,15200.0,14500.0,15000.0,15120.0,15590.0,14056.666666666666,13054.583333333334,325622
2006-05-23,14950.0,15400.0,14600.0,15100.0,15020.0,15565.0,14095.833333333334,13082.916666666666,265986
2006-05-24,15100.0,15450.0,14950.0,15200.0,14980.0,15572.5,14138.333333333334,13110.833333333334,222067
2006-05-25,15500.0,15850.0,15250.0,15300.0,15120.0,15587.5,14180.833333333334,13142.083333333334,468064
2006-05-26,15600.0,16050.0,15500.0,15800.0,15280.0,15610.0,14234.166666666666,13180.0,324371
2006-05-29,16200.0,16200.0,15900.0,15950.0,15470.0,15612.5,14288.333333333334,13221.666666666666,185300
2006-05-30,15950.0,15950.0,15500.0,15500.0,15550.0,15612.5,14342.5,13255.0,195074
2006-05-31,16200.0,16200.0,15900.0,15950.0,15700.0,15590.0,14398.333333333334,13297.5,186607
2006-06-01,15300.0,15800.0,15200.0,15400.0,15720.0,15542.5,14453.333333333334,13335.0,192765
2006-06-02,15600.0,15750.0,15000.0,15300.0,15620.0,15497.5,14506.666666666666,13372.083333333334,196389
2006-06-05,15300.0,15550.0,15000.0,15000.0,15430.0,15460.0,14550.0,13405.833333333334,101302
2006-06-07,14600.0,14750.0,13600.0,13800.0,15090.0,15357.5,14573.333333333334,13432.5,472911
2006-06-08,13500.0,13900.0,13200.0,13900.0,14680.0,15265.0,14595.833333333334,13459.583333333334,335822
2006-06-09,14050.0,14200.0,13750.0,13900.0,14380.0,15180.0,14614.166666666666,13479.583333333334,223885
2006-06-12,13700.0,14250.0,13650.0,14250.0,14170.0,15087.5,14635.0,13496.666666666666,128252
2006-06-13,14000.0,14300.0,13900.0,14150.0,14000.0,15005.0,14653.333333333334,13509.583333333334,171107
2006-06-14,13950.0,15000.0,13950.0,14850.0,14210.0,14967.5,14684.166666666666,13529.583333333334,210810
2006-06-15,15000.0,15000.0,14450.0,14750.0,14380.0,14935.0,14708.333333333334,13550.0,133280
2006-06-16,15000.0,15200.0,14800.0,14850.0,14570.0,14947.5,14742.5,13574.583333333334,182154
2006-06-19,14600.0,15000.0,14600.0,14900.0,14700.0,14942.5,14790.833333333334,13595.0,86752
2006-06-20,14900.0,14950.0,14400.0,14450.0,14760.0,14915.0,14825.0,13609.166666666666,121270
2006-06-21,14500.0,14650.0,14150.0,14300.0,14650.0,14875.0,14855.0,13626.666666666666,67220
2006-06-22,14500.0,14750.0,14450.0,14700.0,14640.0,14850.0,14892.5,13647.083333333334,88240
2006-06-23,14450.0,14650.0,14350.0,14600.0,14590.0,14815.0,14914.166666666666,13660.833333333334,79090
2006-06-26,14450.0,15000.0,14450.0,14950.0,14600.0,14772.5,14941.666666666666,13677.916666666666,97314
2006-06-27,14950.0,15200.0,14900.0,15100.0,14730.0,14730.0,14968.333333333334,13689.583333333334,119811
2006-06-28,14800.0,15150.0,14700.0,14950.0,14860.0,14702.5,14992.5,13695.833333333334,89162
2006-06-29,15000.0,15500.0,15000.0,15500.0,15020.0,14680.0,15025.833333333334,13711.25,226680
2006-06-30,15700.0,16000.0,15550.0,15900.0,15280.0,14705.0,15066.666666666666,13730.0,239850
2006-07-03,15850.0,16400.0,15700.0,16200.0,15530.0,14750.0,15112.5,13748.333333333334,210450
2006-07-04,16400.0,16400.0,15950.0,16150.0,15740.0,14807.5,15151.666666666666,13767.916666666666,138700
2006-07-05,15750.0,16000.0,15750.0,15950.0,15940.0,14915.0,15190.833333333334,13784.583333333334,116900
2006-07-06,15900.0,15900.0,15450.0,15700.0,15980.0,15005.0,15219.166666666666,13793.75,135900
2006-07-07,15750.0,16200.0,15750.0,15950.0,15990.0,15107.5,15251.666666666666,13807.5,153600
2006-07-10,15850.0,16350.0,15850.0,16250.0,16000.0,15207.5,15285.833333333334,13828.75,193300
2006-07-11,16300.0,16850.0,16250.0,16650.0,16100.0,15332.5,15318.333333333334,13858.333333333334,388400
2006-07-12,16700.0,16700.0,16250.0,16500.0,16210.0,15415.0,15347.5,13889.166666666666,224700
2006-07-13,16300.0,16800.0,16300.0,16750.0,16420.0,15515.0,15380.833333333334,13922.5,179700
2006-07-14,16450.0,16600.0,16350.0,16400.0,16510.0,15592.5,15401.666666666666,13962.5,181100
2006-07-18,16200.0,16300.0,15950.0,16000.0,16460.0,15647.5,15406.666666666666,14001.666666666666,151400
2006-07-19,16050.0,16250.0,15550.0,15650.0,16260.0,15707.5,15404.166666666666,14037.916666666666,265900
2006-07-20,16000.0,16050.0,15650.0,15800.0,16120.0,15782.5,15407.5,14076.25,260800
2006-07-21,15600.0,15700.0,15400.0,15550.0,15880.0,15825.0,15415.833333333334,14110.0,118213
2006-07-24,15550.0,16150.0,15550.0,16050.0,15810.0,15897.5,15433.333333333334,14145.416666666666,132760
2006-07-25,16250.0,16350.0,16050.0,16050.0,15820.0,15952.5,15445.0,14178.333333333334,164621
2006-07-26,16150.0,16250.0,15950.0,16150.0,15920.0,16005.0,15449.166666666666,14219.166666666666,96400
2006-07-27,16150.0,16400.0,16050.0,16100.0,15980.0,16062.5,15459.166666666666,14260.416666666666,185300
2006-07-28,16100.0,16200.0,15900.0,16100.0,16090.0,16092.5,15454.166666666666,14302.916666666666,111650
2006-07-31,16200.0,16500.0,15950.0,15950.0,16070.0,16095.0,15447.5,14342.5,202867
2006-08-01,15950.0,16200.0,15200.0,15400.0,15940.0,16055.0,15434.166666666666,14376.666666666666,377400
2006-08-02,15300.0,15500.0,15150.0,15450.0,15800.0,16020.0,15429.166666666666,14415.416666666666,165090
2006-08-03,15550.0,15750.0,14750.0,14750.0,15530.0,15960.0,15410.833333333334,14447.916666666666,376460
2006-08-04,14800.0,15050.0,14750.0,15000.0,15310.0,15925.0,15398.333333333334,14478.75,190353
2006-08-07,15100.0,15350.0,14900.0,14950.0,15110.0,15875.0,15387.5,14509.166666666666,171370
2006-08-08,15100.0,15200.0,14900.0,15100.0,15050.0,15817.5,15370.833333333334,14539.166666666666,127346
2006-08-09,15150.0,15350.0,14900.0,15300.0,15020.0,15750.0,15362.5,14573.333333333334,146830
2006-08-10,15100.0,15500.0,15100.0,15500.0,15170.0,15700.0,15360.833333333334,14607.916666666666,141170
2006-08-11,15500.0,15800.0,15400.0,15400.0,15250.0,15632.5,15360.833333333334,14639.583333333334,133931
2006-08-14,15400.0,15400.0,14850.0,14900.0,15240.0,15557.5,15365.833333333334,14665.833333333334,194597
2006-08-16,15000.0,15100.0,14350.0,14650.0,15150.0,15490.0,15360.0,14685.0,314156
2006-08-17,14750.0,14750.0,14150.0,14250.0,14940.0,15420.0,15347.5,14702.083333333334,604774
2006-08-18,14250.0,14550.0,13500.0,13900.0,14620.0,15325.0,15327.5,14711.666666666666,1201099
2006-08-21,13800.0,14050.0,13600.0,13900.0,14320.0,15242.5,15305.833333333334,14722.083333333334,364300
2006-08-22,13850.0,14400.0,13850.0,14400.0,14220.0,15160.0,15290.833333333334,14735.833333333334,444600
2006-08-23,14400.0,14400.0,14000.0,14050.0,14100.0,15060.0,15261.666666666666,14747.916666666666,253932
2006-08-24,13950.0,14000.0,13650.0,13750.0,14000.0,14940.0,15225.0,14756.666666666666,282210
2006-08-25,13800.0,13900.0,13600.0,13700.0,13960.0,14820.0,15195.0,14768.75,287372
2006-08-28,13750.0,14150.0,13750.0,14100.0,14000.0,14720.0,15164.166666666666,14781.25,293793
2006-08-29,14300.0,14300.0,13950.0,14300.0,13980.0,14637.5,15145.833333333334,14799.583333333334,246506
2006-08-30,14250.0,14300.0,14000.0,14250.0,14020.0,14580.0,15128.333333333334,14817.5,240800
2006-08-31,14400.0,14500.0,14250.0,14300.0,14130.0,14522.5,15116.666666666666,14833.333333333334,310112
2006-09-01,14300.0,14850.0,14200.0,14750.0,14340.0,14522.5,15132.5,14852.916666666666,670292
2006-09-04,14750.0,14900.0,14500.0,14650.0,14450.0,14505.0,15145.0,14870.416666666666,257021
2006-09-05,14600.0,14650.0,14200.0,14200.0,14430.0,14467.5,15150.0,14882.083333333334,236441
2006-09-06,14350.0,14700.0,14300.0,14650.0,14510.0,14445.0,15156.666666666666,14895.833333333334,235472
2006-09-07,14500.0,14600.0,14350.0,14550.0,14560.0,14407.5,15163.333333333334,14908.333333333334,174810
2006-09-08,14450.0,14550.0,14300.0,14350.0,14480.0,14350.0,15155.0,14919.583333333334,160700
2006-09-11,14550.0,14650.0,14200.0,14200.0,14390.0,14290.0,15145.833333333334,14927.083333333334,182519
2006-09-12,14300.0,14300.0,13850.0,13950.0,14340.0,14242.5,15130.833333333334,14936.666666666666,317880
2006-09-13,14050.0,14100.0,13750.0,13900.0,14190.0,14205.0,15114.166666666666,14952.5,149454
2006-09-14,13900.0,14100.0,13800.0,14000.0,14080.0,14192.5,15106.666666666666,14965.833333333334,249600
2006-09-15,14000.0,14200.0,13850.0,14200.0,14050.0,14207.5,15105.0,14980.0,496965
2006-09-18,14300.0,14600.0,14150.0,14600.0,14130.0,14242.5,15103.333333333334,14997.916666666666,375931
2006-09-19,14500.0,14600.0,14350.0,14500.0,14240.0,14247.5,15101.666666666666,15007.916666666666,151081
2006-09-20,14450.0,14500.0,14350.0,14500.0,14360.0,14270.0,15094.166666666666,15017.916666666666,241627
2006-09-21,14700.0,14800.0,14300.0,14450.0,14450.0,14305.0,15083.333333333334,15025.833333333334,315552
2006-09-22,14450.0,14450.0,13850.0,13950.0,14400.0,14317.5,15066.666666666666,15029.583333333334,251954
2006-09-25,13900.0,14400.0,13750.0,14300.0,14340.0,14327.5,15046.666666666666,15036.25,263030
2006-09-26,14400.0,14400.0,14100.0,14100.0,14260.0,14317.5,15016.666666666666,15041.666666666666,140940
2006-09-27,14150.0,14500.0,14100.0,14500.0,14260.0,14330.0,14988.333333333334,15050.416666666666,297432
2006-09-28,14600.0,14600.0,14350.0,14400.0,14250.0,14335.0,14959.166666666666,15055.416666666666,170711
2006-09-29,14400.0,14800.0,14350.0,14750.0,14410.0,14335.0,14939.166666666666,15065.0,387510
2006-10-02,14750.0,14950.0,14700.0,14900.0,14530.0,14347.5,14925.833333333334,15072.5,222355
2006-10-04,14750.0,15150.0,14700.0,14750.0,14660.0,14375.0,14905.833333333334,15078.75,281293
2006-10-09,14550.0,14600.0,13500.0,13650.0,14490.0,14325.0,14862.5,15074.166666666666,441260
2006-10-10,13550.0,14100.0,13550.0,13700.0,14350.0,14282.5,14813.333333333334,15065.833333333334,423512
2006-10-11,13500.0,13700.0,13050.0,13350.0,14070.0,14232.5,14760.833333333334,15054.166666666666,573175
2006-10-12,13250.0,13450.0,13250.0,13450.0,13780.0,14195.0,14705.833333333334,15043.333333333334,166040
2006-10-13,13500.0,13700.0,13400.0,13600.0,13550.0,14177.5,14659.166666666666,15030.416666666666,265500
2006-10-16,13650.0,14050.0,13550.0,13900.0,13600.0,14177.5,14624.166666666666,15015.416666666666,226402
2006-10-17,13850.0,13850.0,13550.0,13750.0,13610.0,14165.0,14592.5,14998.333333333334,181820
2006-10-18,13750.0,14150.0,13600.0,13950.0,13730.0,14152.5,14561.666666666666,14984.583333333334,231040
2006-10-19,14150.0,14150.0,13900.0,14150.0,13870.0,14130.0,14538.333333333334,14977.083333333334,233000
2006-10-20,14150.0,14300.0,14050.0,14050.0,13960.0,14107.5,14505.0,14969.166666666666,157725
2006-10-23,14200.0,14350.0,14050.0,14250.0,14030.0,14095.0,14475.0,14960.0,145034
2006-10-24,14400.0,14450.0,14200.0,14400.0,14160.0,14092.5,14445.833333333334,14947.5,164290
2006-10-25,14350.0,14600.0,14350.0,14400.0,14250.0,14115.0,14417.5,14938.333333333334,175576
2006-10-26,14300.0,14500.0,14300.0,14400.0,14300.0,14120.0,14389.166666666666,14921.666666666666,130180
2006-10-27,14400.0,14800.0,14400.0,14500.0,14390.0,14140.0,14365.0,14906.25,214965
2006-10-30,14450.0,14450.0,14150.0,14350.0,14410.0,14132.5,14347.5,14890.833333333334,93900
2006-10-31,14350.0,14900.0,14300.0,14800.0,14490.0,14152.5,14336.666666666666,14882.916666666666,243458
2006-11-01,14950.0,15400.0,14800.0,15300.0,14670.0,14180.0,14345.833333333334,14878.333333333334,415360
2006-11-02,15300.0,15400.0,15100.0,15400.0,14870.0,14205.0,14352.5,14875.416666666666,182970
2006-11-03,15400.0,15650.0,15150.0,15150.0,15000.0,14225.0,14355.833333333334,14871.666666666666,183415
2006-11-06,15050.0,15350.0,15000.0,15350.0,15200.0,14310.0,14360.0,14865.416666666666,137325
2006-11-07,15400.0,15700.0,15350.0,15500.0,15340.0,14400.0,14363.333333333334,14862.916666666666,336670
2006-11-08,15650.0,15650.0,15150.0,15300.0,15340.0,14497.5,14360.0,14860.416666666666,175512
2006-11-09,15200.0,15400.0,15050.0,15200.0,15300.0,14585.0,14356.666666666666,14858.75,153123
2006-11-10,15200.0,15600.0,15050.0,15600.0,15390.0,14685.0,14368.333333333334,14867.083333333334,178200
2006-11-13,15700.0,15800.0,15050.0,15050.0,15330.0,14742.5,14375.0,14867.5,232938
2006-11-14,15800.0,15850.0,15600.0,15800.0,15390.0,14845.0,14400.833333333334,14874.166666666666,140500
2006-11-15,15850.0,15900.0,15500.0,15700.0,15470.0,14932.5,14430.833333333334,14879.166666666666,143611
2006-11-16,15700.0,15750.0,15200.0,15200.0,15470.0,14985.0,14452.5,14879.166666666666,193798
2006-11-17,15300.0,15500.0,15100.0,15450.0,15440.0,15055.0,14470.0,14880.416666666666,108452
2006-11-20,15450.0,15500.0,15250.0,15300.0,15490.0,15107.5,14490.833333333334,14876.25,64780
2006-11-21,15250.0,15450.0,15200.0,15350.0,15400.0,15155.0,14517.5,14871.25,85102
2006-11-22,15450.0,15700.0,15350.0,15650.0,15390.0,15217.5,14550.0,14872.5,155425
2006-11-23,15650.0,15900.0,15600.0,15750.0,15500.0,15285.0,14577.5,14870.833333333334,144760
2006-11-24,15750.0,15950.0,15600.0,15900.0,15590.0,15355.0,14604.166666666666,14875.0,162187
2006-11-27,15900.0,15900.0,15600.0,15600.0,15650.0,15417.5,14626.666666666666,14877.5,80090
2006-11-28,15300.0,15350.0,15100.0,15250.0,15630.0,15440.0,14642.5,14879.583333333334,150384
2006-11-29,15350.0,15450.0,15250.0,15350.0,15570.0,15442.5,14652.5,14892.5,77490
2006-11-30,15400.0,15450.0,15150.0,15300.0,15480.0,15437.5,14663.333333333334,14904.166666666666,207928
2006-12-01,15300.0,15300.0,15100.0,15150.0,15330.0,15437.5,14679.166666666666,14914.583333333334,158767
2006-12-04,15100.0,15500.0,15100.0,15450.0,15300.0,15442.5,14692.5,14924.583333333334,371215
2006-12-05,15500.0,15550.0,15150.0,15450.0,15340.0,15440.0,14707.5,14935.416666666666,157717
2006-12-06,15400.0,15450.0,14950.0,15350.0,15340.0,15442.5,14724.166666666666,14939.583333333334,151000
2006-12-07,15150.0,15800.0,15150.0,15700.0,15420.0,15467.5,14749.166666666666,14947.5,171230
2006-12-08,15700.0,15700.0,15300.0,15300.0,15450.0,15452.5,14771.666666666666,14951.25,80231
2006-12-11,15300.0,15450.0,15250.0,15300.0,15420.0,15465.0,14795.0,14954.583333333334,60480
2006-12-12,15300.0,15350.0,14750.0,15100.0,15350.0,15430.0,14813.333333333334,14960.0,136520
2006-12-13,15000.0,15150.0,14900.0,15050.0,15290.0,15397.5,14827.5,14966.25,191755
2006-12-14,15050.0,15200.0,14850.0,15200.0,15190.0,15397.5,14837.5,14970.416666666666,174031
2006-12-15,15200.0,15300.0,15050.0,15250.0,15180.0,15387.5,14850.0,14975.833333333334,225079
2006-12-18,15300.0,15400.0,15200.0,15200.0,15160.0,15382.5,14861.666666666666,14977.916666666666,107605
2006-12-19,15250.0,15400.0,15200.0,15300.0,15200.0,15380.0,14875.833333333334,14979.583333333334,152456
2006-12-20,15300.0,15400.0,15100.0,15100.0,15210.0,15352.5,14895.0,14980.833333333334,151360
2006-12-21,15100.0,15200.0,14850.0,15000.0,15170.0,15315.0,14906.666666666666,14976.666666666666,97740
2006-12-22,14950.0,15000.0,14750.0,14800.0,15080.0,15260.0,14918.333333333334,14967.5,104184
2006-12-26,14800.0,14850.0,14500.0,14550.0,14950.0,15207.5,14919.166666666666,14953.75,92510
2006-12-27,14600.0,14800.0,14450.0,14800.0,14850.0,15185.0,14925.833333333334,14942.5,89650
2006-12-28,14850.0,15300.0,14800.0,15150.0,14860.0,15175.0,14932.5,14935.833333333334,114100
2007-01-02,15050.0,15150.0,14900.0,14950.0,14850.0,15157.5,14933.333333333334,14929.583333333334,37040
2007-01-03,14800.0,14900.0,14400.0,14450.0,14780.0,15122.5,14928.333333333334,14917.083333333334,152110
2007-01-04,14450.0,14450.0,14050.0,14100.0,14690.0,15055.0,14935.833333333334,14899.166666666666,171350
2007-01-05,14150.0,14250.0,13750.0,13900.0,14510.0,14977.5,14939.166666666666,14876.25,152900
2007-01-08,14000.0,14100.0,13750.0,13750.0,14230.0,14897.5,14945.833333333334,14853.333333333334,63200
2007-01-09,13850.0,14150.0,13750.0,14000.0,14040.0,14812.5,14955.0,14830.416666666666,99800
2007-01-10,14000.0,14100.0,13350.0,13500.0,13850.0,14722.5,14953.333333333334,14806.25,308918
2007-01-11,13400.0,13650.0,13350.0,13400.0,13710.0,14627.5,14945.0,14784.583333333334,215731
2007-01-12,13500.0,13850.0,13500.0,13850.0,13700.0,14565.0,14946.666666666666,14769.583333333334,110398
2007-01-15,14000.0,14000.0,13700.0,13950.0,13740.0,14510.0,14946.666666666666,14754.166666666666,99936
2007-01-16,13950.0,14100.0,13800.0,14050.0,13750.0,14452.5,14945.0,14741.666666666666,81110
2007-01-17,14000.0,14000.0,13800.0,13900.0,13830.0,14385.0,14942.5,14723.75,37660
2007-01-18,13900.0,14100.0,13850.0,13850.0,13920.0,14317.5,14935.833333333334,14705.416666666666,103563
2007-01-19,13800.0,13800.0,13200.0,13300.0,13810.0,14217.5,14917.5,14681.666666666666,166920
2007-01-22,13400.0,13650.0,13150.0,13650.0,13750.0,14145.0,14905.0,14661.25,59500
2007-01-23,13550.0,13650.0,13300.0,13400.0,13620.0,14065.0,14888.333333333334,14638.75,50985
2007-01-24,13400.0,13800.0,13400.0,13700.0,13580.0,14010.0,14875.0,14620.0,105070
2007-01-25,13900.0,14050.0,13750.0,14000.0,13610.0,13982.5,14869.166666666666,14608.333333333334,119010
2007-01-26,13750.0,13950.0,13700.0,13850.0,13720.0,13935.0,14853.333333333334,14595.0,41450
2007-01-29,14000.0,14000.0,13700.0,13700.0,13730.0,13862.5,14826.666666666666,14586.25,32540
2007-01-30,13900.0,14000.0,13700.0,14000.0,13850.0,13815.0,14803.333333333334,14577.916666666666,29051
2007-01-31,13900.0,13900.0,13400.0,13550.0,13820.0,13770.0,14776.666666666666,14566.25,49660
2007-02-01,13600.0,13750.0,13400.0,13650.0,13750.0,13747.5,14748.333333333334,14554.166666666666,149018
2007-02-02,13700.0,14000.0,13650.0,13950.0,13770.0,13750.0,14722.5,14542.916666666666,137051
2007-02-05,14000.0,14050.0,13800.0,13850.0,13800.0,13755.0,14698.333333333334,14529.166666666666,82511
2007-02-06,13850.0,13900.0,13700.0,13900.0,13780.0,13750.0,14676.666666666666,14516.666666666666,72690
2007-02-07,14100.0,14450.0,14100.0,14450.0,13960.0,13797.5,14657.5,14512.916666666666,321286
2007-02-08,14250.0,14500.0,14250.0,14450.0,14120.0,13850.0,14647.5,14511.25,153000
2007-02-09,14350.0,14850.0,14350.0,14600.0,14250.0,13887.5,14627.5,14514.166666666666,195166
2007-02-12,14700.0,14700.0,14300.0,14450.0,14370.0,13912.5,14606.666666666666,14518.75,89081
2007-02-13,14250.0,14600.0,14250.0,14450.0,14480.0,13932.5,14594.166666666666,14523.333333333334,77600
2007-02-14,14500.0,14650.0,14400.0,14650.0,14520.0,13970.0,14580.833333333334,14525.416666666666,82672
2007-02-15,14700.0,14950.0,14700.0,14800.0,14590.0,14017.5,14572.5,14531.666666666666,164820
2007-02-16,14800.0,15000.0,14400.0,15000.0,14670.0,14102.5,14566.666666666666,14542.083333333334,334666
2007-02-20,14900.0,15000.0,14750.0,14850.0,14750.0,14162.5,14553.333333333334,14551.666666666666,67575
2007-02-21,14850.0,14850.0,14500.0,14550.0,14770.0,14220.0,14533.333333333334,14555.416666666666,101715
2007-02-22,14550.0,14900.0,14500.0,14850.0,14810.0,14277.5,14515.833333333334,14560.0,219640
2007-02-23,14850.0,14900.0,14550.0,14800.0,14810.0,14317.5,14502.5,14564.583333333334,147622
2007-02-26,14800.0,14800.0,14550.0,14650.0,14740.0,14357.5,14492.5,14567.5,157800
2007-02-27,14600.0,14800.0,14500.0,14550.0,14680.0,14400.0,14479.166666666666,14565.833333333334,199445
2007-02-28,13600.0,14250.0,13500.0,14250.0,14620.0,14412.5,14461.666666666666,14562.5,293800
2007-03-01,14250.0,14250.0,14250.0,14250.0,14500.0,14447.5,14446.666666666666,14562.916666666666,0
2007-03-05,13850.0,13900.0,13600.0,13700.0,14280.0,14450.0,14417.5,14555.0,140700
2007-03-06,13650.0,13750.0,13550.0,13700.0,14090.0,14437.5,14388.333333333334,14547.916666666666,207010
2007-03-07,13800.0,13850.0,13500.0,13700.0,13920.0,14430.0,14360.833333333334,14542.5,366750
2007-03-08,13750.0,14350.0,13700.0,14300.0,13930.0,14450.0,14337.5,14543.333333333334,416500
2007-03-09,14350.0,14350.0,14050.0,14200.0,13920.0,14437.5,14319.166666666666,14545.416666666666,167782
2007-03-12,14200.0,14500.0,14050.0,14300.0,14040.0,14430.0,14302.5,14548.75,323751
2007-03-13,14200.0,14700.0,14150.0,14500.0,14200.0,14425.0,14292.5,14552.916666666666,389473
2007-03-14,14250.0,14450.0,14050.0,14300.0,14320.0,14417.5,14280.0,14553.75,179063
2007-03-15,14450.0,14500.0,14250.0,14300.0,14320.0,14410.0,14265.0,14551.25,129564
2007-03-16,14300.0,14300.0,14050.0,14050.0,14290.0,14380.0,14245.0,14547.5,115472
2007-03-19,13800.0,14250.0,13800.0,14250.0,14280.0,14352.5,14229.166666666666,14545.416666666666,204362
2007-03-20,14250.0,14300.0,14000.0,14100.0,14200.0,14307.5,14209.166666666666,14542.5,110531
2007-03-21,14100.0,14650.0,14050.0,14650.0,14270.0,14297.5,14201.666666666666,14548.333333333334,351635
2007-03-22,14550.0,15000.0,14550.0,14600.0,14330.0,14300.0,14195.0,14550.833333333334,378905
2007-03-23,14700.0,14900.0,14600.0,14700.0,14460.0,14292.5,14193.333333333334,14555.833333333334,191270
2007-03-26,14700.0,15050.0,14700.0,15000.0,14610.0,14302.5,14200.833333333334,14560.0,272090
2007-03-27,15000.0,15400.0,14950.0,15300.0,14850.0,14335.0,14209.166666666666,14567.5,425939
2007-03-28,15300.0,15450.0,14950.0,15150.0,14950.0,14365.0,14209.166666666666,14570.833333333334,187220
2007-03-29,15050.0,15250.0,14900.0,15250.0,15080.0,14415.0,14214.166666666666,14573.75,165302
2007-03-30,15350.0,15350.0,14950.0,14950.0,15130.0,14450.0,14222.5,14575.416666666666,162609
2007-04-02,14950.0,15450.0,14950.0,15400.0,15210.0,14535.0,14244.166666666666,14590.0,214749
2007-04-03,15300.0,15550.0,15200.0,15400.0,15230.0,14620.0,14269.166666666666,14604.166666666666,192255
2007-04-04,15550.0,15550.0,15300.0,15400.0,15280.0,14705.0,14296.666666666666,14621.25,161870
2007-04-05,15400.0,15550.0,15050.0,15200.0,15270.0,14750.0,14316.666666666666,14635.833333333334,211842
2007-04-06,15100.0,15200.0,15000.0,15050.0,15290.0,14792.5,14342.5,14647.916666666666,150616
2007-04-09,15250.0,15400.0,15100.0,15200.0,15250.0,14837.5,14372.5,14658.75,276228
2007-04-10,15300.0,15650.0,15200.0,15500.0,15270.0,14887.5,14400.0,14673.333333333334,315514
2007-04-11,15500.0,15850.0,15400.0,15450.0,15280.0,14945.0,14425.0,14685.833333333334,481110
2007-04-12,15500.0,15750.0,15150.0,15350.0,15310.0,14997.5,14446.666666666666,14695.833333333334,284358
2007-04-13,15250.0,15350.0,15000.0,15150.0,15330.0,15052.5,14467.5,14705.0,218860
2007-04-16,15200.0,15450.0,15100.0,15450.0,15380.0,15112.5,14494.166666666666,14715.0,216767
2007-04-17,15550.0,16250.0,15500.0,16000.0,15480.0,15207.5,14539.166666666666,14728.333333333334,761500
2007-04-18,16150.0,16500.0,16000.0,16300.0,15650.0,15290.0,14583.333333333334,14744.166666666666,545055
2007-04-19,16350.0,16350.0,15900.0,16250.0,15830.0,15372.5,14630.833333333334,14759.583333333334,348221
2007-04-20,16250.0,16950.0,16250.0,16850.0,16170.0,15480.0,14683.333333333334,14779.166666666666,560956
2007-04-23,17100.0,17100.0,16400.0,16550.0,16390.0,15557.5,14725.833333333334,14797.5,575608
2007-04-24,16550.0,17600.0,16400.0,17200.0,16630.0,15652.5,14781.666666666666,14817.5,804351
2007-04-25,17350.0,17450.0,16550.0,16850.0,16740.0,15737.5,14834.166666666666,14830.416666666666,571194
2007-04-26,16900.0,16950.0,16100.0,16100.0,16710.0,15780.0,14869.166666666666,14836.25,421947
2007-04-27,16150.0,16400.0,15500.0,15650.0,16470.0,15815.0,14904.166666666666,14840.416666666666,558441
2007-04-30,15650.0,15950.0,15650.0,15700.0,16300.0,15830.0,14938.333333333334,14843.333333333334,196891
2007-05-02,15800.0,16350.0,15700.0,16300.0,16120.0,15875.0,14977.5,14850.0,314910
2007-05-03,16400.0,16450.0,16050.0,16250.0,16000.0,15917.5,15017.5,14857.916666666666,226329
2007-05-04,16200.0,16400.0,16050.0,16100.0,16000.0,15962.5,15054.166666666666,14865.416666666666,274748
2007-05-07,16250.0,16500.0,16150.0,16250.0,16120.0,16022.5,15084.166666666666,14870.833333333334,254502
2007-05-08,16700.0,16850.0,16450.0,16550.0,16290.0,16090.0,15119.166666666666,14883.333333333334,656051
2007-05-09,16650.0,16700.0,16300.0,16450.0,16320.0,16137.5,15150.0,14888.75,319100
2007-05-10,16500.0,16700.0,16300.0,16550.0,16380.0,16192.5,15185.0,14895.833333333334,500772
2007-05-11,16200.0,16500.0,16050.0,16250.0,16410.0,16237.5,15215.0,14904.583333333334,306651
2007-05-14,16300.0,16300.0,15800.0,15900.0,16340.0,16275.0,15235.833333333334,14908.333333333334,444177
2007-05-15,15900.0,16100.0,15700.0,15700.0,16170.0,16287.5,15250.833333333334,14911.666666666666,308757
2007-05-16,15600.0,15850.0,15400.0,15850.0,16050.0,16280.0,15265.0,14915.833333333334,264994
2007-05-17,15950.0,16050.0,15400.0,15450.0,15830.0,16237.5,15275.0,14914.166666666666,447080
2007-05-18,15450.0,15700.0,15200.0,15700.0,15720.0,16210.0,15294.166666666666,14913.75,358520
2007-05-21,15700.0,15800.0,15400.0,15750.0,15690.0,16155.0,15309.166666666666,14912.5,264516
2007-05-22,15750.0,16250.0,15650.0,16100.0,15770.0,16132.5,15330.833333333334,14916.666666666666,360980
2007-05-23,16150.0,16150.0,15700.0,15800.0,15760.0,16062.5,15350.0,14921.25,306494
2007-05-25,15550.0,15700.0,15400.0,15500.0,15770.0,15995.0,15365.833333333334,14922.5,388450
2007-05-28,15650.0,16250.0,15600.0,16100.0,15850.0,15995.0,15396.666666666666,14929.166666666666,380945
2007-05-29,16200.0,16300.0,15900.0,16100.0,15920.0,16017.5,15427.5,14937.083333333334,398320
2007-05-30,16000.0,16100.0,15650.0,15750.0,15850.0,16020.0,15461.666666666666,14939.583333333334,287029
2007-05-31,15950.0,16950.0,15800.0,16850.0,16060.0,16047.5,15514.166666666666,14951.25,1035597
2007-06-01,16950.0,17000.0,16450.0,16650.0,16290.0,16067.5,15563.333333333334,14962.083333333334,760582
2007-06-04,16850.0,16950.0,16250.0,16550.0,16380.0,16090.0,15600.833333333334,14969.166666666666,413383
2007-06-05,16700.0,17650.0,16600.0,17450.0,16650.0,16150.0,15655.0,14987.083333333334,1168205
2007-06-07,17400.0,18050.0,17200.0,17900.0,17080.0,16217.5,15715.0,15008.75,732019
2007-06-08,17800.0,17800.0,17200.0,17250.0,17160.0,16257.5,15760.833333333334,15026.666666666666,414100
2007-06-11,17500.0,18300.0,17150.0,18150.0,17460.0,16337.5,15825.0,15052.5,755518
2007-06-12,18100.0,18250.0,17600.0,17800.0,17710.0,16415.0,15883.333333333334,15074.166666666666,460336
2007-06-13,18000.0,18000.0,17600.0,17600.0,17740.0,16500.0,15942.5,15093.75,291135
2007-06-14,17700.0,17850.0,17200.0,17600.0,17680.0,16595.0,15998.333333333334,15113.75,565418
2007-06-15,17950.0,18500.0,17800.0,17900.0,17810.0,16697.5,16061.666666666666,15135.416666666666,638035
2007-06-18,18100.0,18400.0,18000.0,18150.0,17810.0,16832.5,16120.0,15160.833333333334,467834
2007-06-19,18400.0,19300.0,18150.0,18900.0,18030.0,16992.5,16191.666666666666,15193.333333333334,783352
2007-06-20,18750.0,18900.0,18350.0,18800.0,18270.0,17145.0,16260.0,15226.666666666666,524710
2007-06-21,18700.0,19400.0,18700.0,19350.0,18620.0,17307.5,16332.5,15266.666666666666,563663
2007-06-22,19350.0,19350.0,17950.0,17950.0,18630.0,17415.0,16376.666666666666,15292.916666666666,551010
2007-06-25,17400.0,17800.0,16900.0,17000.0,18400.0,17490.0,16407.5,15308.333333333334,545541
2007-06-26,17400.0,17450.0,16800.0,17150.0,18050.0,17542.5,16439.166666666668,15326.666666666666,494217
2007-06-27,17200.0,17850.0,17100.0,17600.0,17810.0,17617.5,16483.333333333332,15352.916666666666,643323
2007-06-28,18350.0,19100.0,17900.0,18400.0,17620.0,17750.0,16533.333333333332,15388.75,1080117
2007-06-29,18600.0,19300.0,18450.0,19100.0,17850.0,17862.5,16595.0,15432.083333333334,1288300
2007-07-02,19400.0,19650.0,18900.0,19300.0,18310.0,17995.0,16660.0,15478.333333333334,608543
2007-07-03,19400.0,19400.0,18750.0,18850.0,18650.0,18110.0,16720.833333333332,15518.75,663951
2007-07-04,18950.0,19650.0,18850.0,18850.0,18900.0,18180.0,16784.166666666668,15563.333333333334,673071
2007-07-05,19000.0,19300.0,18450.0,18450.0,18910.0,18207.5,16838.333333333332,15605.416666666666,557329
2007-07-06,18650.0,19250.0,18350.0,19250.0,18940.0,18307.5,16900.833333333332,15650.416666666666,446849
2007-07-09,19500.0,21250.0,19400.0,20650.0,19210.0,18432.5,16987.5,15706.25,1117716
2007-07-10,20750.0,21500.0,20500.0,20900.0,19620.0,18587.5,17080.0,15763.333333333334,522453
2007-07-11,20700.0,22400.0,20300.0,21750.0,20200.0,18795.0,17190.0,15828.75,676182
2007-07-12,22150.0,24000.0,22050.0,24000.0,21310.0,19115.0,17332.5,15913.333333333334,1232828
2007-07-13,24900.0,24900.0,23600.0,24300.0,22320.0,19435.0,17470.833333333332,16005.0,1107558
2007-07-16,23800.0,24200.0,22900.0,23000.0,22790.0,19677.5,17582.5,16082.916666666666,650028
2007-07-18,23200.0,24550.0,23100.0,24000.0,23410.0,19932.5,17711.666666666668,16171.25,562806
2007-07-19,24700.0,24800.0,23250.0,23800.0,23820.0,20182.5,17827.5,16255.416666666666,416702
2007-07-20,24150.0,24250.0,23200.0,23800.0,23780.0,20405.0,17948.333333333332,16337.083333333334,403949
2007-07-23,23400.0,23700.0,22900.0,23150.0,23550.0,20665.0,18047.5,16414.583333333332,455599
2007-07-24,23500.0,24200.0,23300.0,23400.0,23630.0,20985.0,18156.666666666668,16495.416666666668,368700
2007-07-25,22900.0,24350.0,22700.0,24200.0,23670.0,21337.5,18291.666666666668,16580.416666666668,416307
2007-07-26,24400.0,25700.0,23900.0,24300.0,23770.0,21672.5,18435.833333333332,16670.0,530967
2007-07-27,23800.0,24200.0,22350.0,23300.0,23670.0,21917.5,18562.5,16750.416666666668,361760
2007-07-30,22650.0,23350.0,22250.0,23350.0,23710.0,22130.0,18680.0,16828.75,233177
2007-07-31,23650.0,23950.0,23400.0,23700.0,23770.0,22350.0,18804.166666666668,16910.833333333332,207035
2007-08-01,23500.0,23750.0,21750.0,21900.0,23310.0,22502.5,18900.833333333332,16977.5,267892
2007-08-02,22200.0,22700.0,21500.0,22250.0,22900.0,22672.5,19000.833333333332,17042.5,219163
2007-08-03,22600.0,23050.0,22400.0,22700.0,22780.0,22885.0,19103.333333333332,17111.25,162640
2007-08-06,22100.0,23150.0,22100.0,22750.0,22660.0,23060.0,19208.333333333332,17179.166666666668,111696
2007-08-07,23400.0,23500.0,22800.0,23000.0,22520.0,23177.5,19315.833333333332,17250.416666666668,114100
2007-08-08,23450.0,23750.0,22900.0,23200.0,22780.0,23292.5,19431.666666666668,17323.333333333332,226688
2007-08-09,23700.0,24200.0,23200.0,23950.0,23120.0,23402.5,19565.833333333332,17400.833333333332,242569
2007-08-10,23400.0,23950.0,23250.0,23600.0,23300.0,23382.5,19697.5,17474.166666666668,295847
2007-08-13,23900.0,24200.0,23550.0,24000.0,23550.0,23367.5,19833.333333333332,17549.166666666668,235824
2007-08-14,24300.0,24350.0,22450.0,22700.0,23490.0,23352.5,19954.166666666668,17614.583333333332,284473
2007-08-16,21600.0,21950.0,19950.0,20200.0,22890.0,23162.5,20029.166666666668,17661.666666666668,438944
2007-08-17,20100.0,20800.0,19600.0,20000.0,22100.0,22972.5,20100.0,17704.583333333332,237002
2007-08-20,20800.0,21600.0,20650.0,21250.0,21630.0,22845.0,20185.833333333332,17758.333333333332,228008
2007-08-21,21450.0,22200.0,21000.0,22200.0,21270.0,22797.5,20292.5,17821.25,246096
2007-08-22,21900.0,22500.0,21900.0,22500.0,21230.0,22752.5,20409.166666666668,17887.5,159821
2007-08-23,22900.0,23700.0,22500.0,23700.0,21930.0,22727.5,20535.833333333332,17966.25,450361
2007-08-24,23500.0,24500.0,23200.0,24400.0,22810.0,22732.5,20674.166666666668,18050.833333333332,406450
2007-08-27,24700.0,25000.0,23750.0,23950.0,23350.0,22765.0,20810.833333333332,18136.25,246819
2007-08-28,23650.0,24200.0,23600.0,24000.0,23710.0,22797.5,20930.0,18222.083333333332,231600
2007-08-29,23150.0,25000.0,23100.0,24750.0,24160.0,22850.0,21065.0,18314.166666666668,405826
2007-08-30,25400.0,25550.0,24600.0,24800.0,24380.0,22995.0,21202.5,18401.666666666668,267941
2007-08-31,24600.0,25000.0,24600.0,25000.0,24500.0,23132.5,21328.333333333332,18491.666666666668,221412
2007-09-03,25100.0,25150.0,24150.0,24300.0,24570.0,23212.5,21435.0,18575.0,275200
2007-09-04,24300.0,24600.0,23750.0,24550.0,24680.0,23302.5,21556.666666666668,18658.75,335248
2007-09-05,24800.0,24850.0,23950.0,24100.0,24550.0,23357.5,21655.833333333332,18740.416666666668,286438
2007-09-06,24000.0,24450.0,23800.0,24450.0,24480.0,23420.0,21766.666666666668,18825.0,163594
2007-09-07,24450.0,24500.0,23950.0,24150.0,24310.0,23430.0,21875.833333333332,18909.166666666668,155413
2007-09-10,23500.0,23800.0,23000.0,23500.0,24150.0,23425.0,21974.166666666668,18986.25,127300
2007-09-11,23400.0,23700.0,23050.0,23300.0,23900.0,23390.0,22064.166666666668,19062.916666666668,113215
2007-09-12,23400.0,23600.0,22600.0,22800.0,23640.0,23395.0,22141.666666666668,19130.833333333332,146875
2007-09-13,22800.0,24800.0,22800.0,24500.0,23650.0,23610.0,22235.0,19213.333333333332,463480
2007-09-14,24700.0,25450.0,24300.0,24800.0,23780.0,23850.0,22335.0,19297.5,410850
2007-09-17,24650.0,25850.0,24400.0,25400.0,24160.0,24057.5,22435.833333333332,19384.166666666668,383181
2007-09-18,25100.0,26500.0,25100.0,25950.0,24690.0,24245.0,22569.166666666668,19472.916666666668,555430
2007-09-19,26950.0,26950.0,25900.0,26300.0,25390.0,24435.0,22724.166666666668,19565.833333333332,640756
2007-09-20,26200.0,27700.0,25950.0,27650.0,26020.0,24632.5,22899.166666666668,19669.166666666668,723583
2007-09-21,28000.0,28000.0,27150.0,27650.0,26590.0,24795.0,23066.666666666668,19775.0,475475
2007-09-27,27500.0,28150.0,27450.0,27700.0,27050.0,24982.5,23221.666666666668,19877.5,414492
2007-09-28,27800.0,27800.0,26350.0,27200.0,27300.0,25142.5,23356.666666666668,19975.833333333332,376647
2007-10-01,27100.0,27450.0,26600.0,27000.0,27440.0,25255.0,23485.0,20072.5,239057
2007-10-02,27500.0,28900.0,27250.0,28900.0,27690.0,25460.0,23652.5,20186.666666666668,845840
2007-10-04,28950.0,30000.0,28400.0,29850.0,28130.0,25702.5,23835.833333333332,20310.0,482300
2007-10-05,29550.0,30200.0,29200.0,29850.0,28560.0,25980.0,24025.833333333332,20432.083333333332,301408
2007-10-08,30150.0,30300.0,29450.0,30100.0,29140.0,26257.5,24206.666666666668,20553.75,311309
2007-10-09,30000.0,30300.0,28700.0,28800.0,29500.0,26492.5,24342.5,20665.0,344344
2007-10-10,29000.0,29800.0,28550.0,29800.0,29680.0,26760.0,24490.833333333332,20785.416666666668,334212
2007-10-11,29900.0,32900.0,29800.0,32350.0,30180.0,27170.0,24667.5,20928.75,704041
2007-10-12,32000.0,35250.0,31700.0,34750.0,31160.0,27732.5,24846.666666666668,21089.583333333332,611272
2007-10-15,35900.0,36850.0,34000.0,34800.0,32100.0,28307.5,25021.666666666668,21246.25,689582
2007-10-16,34400.0,36400.0,33600.0,34400.0,33220.0,28887.5,25211.666666666668,21397.083333333332,497081
2007-10-17,34300.0,34600.0,31400.0,33000.0,33860.0,29312.5,25361.666666666668,21536.666666666668,788305
2007-10-18,32550.0,34600.0,32000.0,33500.0,34090.0,29747.5,25523.333333333332,21675.416666666668,602209
2007-10-19,33700.0,33900.0,31100.0,31100.0,33360.0,30032.5,25645.0,21796.666666666668,514513
2007-10-22,28000.0,30100.0,27600.0,29950.0,32390.0,30232.5,25758.333333333332,21902.916666666668,478200
2007-10-23,30850.0,31300.0,30400.0,30550.0,31620.0,30445.0,25877.5,22017.083333333332,304611
2007-10-24,31300.0,31900.0,29800.0,30000.0,31020.0,30562.5,25974.166666666668,22132.916666666668,419677
2007-10-25,30900.0,30900.0,29750.0,30650.0,30450.0,30712.5,26080.0,22257.916666666668,273747
2007-10-26,30650.0,32550.0,30500.0,32550.0,30740.0,30955.0,26234.166666666668,22398.333333333332,480861
2007-10-29,33800.0,33800.0,31550.0,32000.0,31150.0,31195.0,26378.333333333332,22529.166666666668,643241
2007-10-30,31650.0,32500.0,30850.0,30850.0,31210.0,31387.5,26497.5,22650.833333333332,266835
2007-10-31,30800.0,31950.0,30000.0,31700.0,31550.0,31527.5,26660.833333333332,22780.833333333332,497160
2007-11-01,32600.0,33700.0,32150.0,33500.0,32120.0,31710.0,26848.333333333332,22924.583333333332,838310
2007-11-02,32300.0,33400.0,31850.0,32300.0,32070.0,31832.5,27008.333333333332,23055.833333333332,745289
2007-11-05,32200.0,32300.0,29750.0,30800.0,31830.0,31867.5,27142.5,23175.416666666668,1033803
2007-11-06,30500.0,31500.0,30300.0,31000.0,31860.0,31977.5,27275.833333333332,23295.833333333332,344523
2007-11-07,31000.0,31350.0,28200.0,28300.0,31180.0,31902.5,27360.833333333332,23396.25,978600
2007-11-08,28000.0,29450.0,27700.0,28650.0,30210.0,31717.5,27439.166666666668,23502.5,458026
2007-11-09,29100.0,29300.0,26500.0,27550.0,29260.0,31357.5,27505.0,23601.25,397867
2007-11-12,26800.0,28550.0,26450.0,28200.0,28740.0,31027.5,27575.0,23704.166666666668,380099
2007-11-13,28850.0,28900.0,26700.0,27500.0,28040.0,30682.5,27655.0,23804.583333333332,194120
2007-11-14,28100.0,29050.0,28100.0,28250.0,28030.0,30445.0,27789.166666666668,23909.166666666668,339265
2007-11-15,28400.0,28700.0,26900.0,27000.0,27700.0,30120.0,27905.833333333332,24002.916666666668,276249
2007-11-16,26700.0,27000.0,25650.0,27000.0,27590.0,29915.0,28001.666666666668,24093.75,230946
2007-11-19,27000.0,27300.0,25500.0,25500.0,27050.0,29692.5,28056.666666666668,24174.583333333332,268592
2007-11-20,24500.0,25300.0,24050.0,24950.0,26540.0,29412.5,28097.5,24253.333333333332,380482
2007-11-21,24700.0,25450.0,23250.0,23400.0,25570.0,29082.5,28092.5,24314.166666666668,324876
2007-11-22,22900.0,23900.0,22700.0,23000.0,24770.0,28700.0,28069.166666666668,24371.666666666668,293829
2007-11-23,23100.0,23450.0,19550.0,22050.0,23780.0,28175.0,28037.5,24424.166666666668,1260835
2007-11-26,22100.0,23300.0,21650.0,23300.0,23340.0,27740.0,28025.833333333332,24477.916666666668,419700
2007-11-27,22350.0,23000.0,21150.0,23000.0,22950.0,27347.5,27996.666666666668,24530.833333333332,589026
2007-11-28,23750.0,24650.0,23000.0,23000.0,22870.0,26912.5,27966.666666666668,24584.583333333332,504729
2007-11-29,24100.0,24400.0,23600.0,23800.0,23030.0,26427.5,27946.666666666668,24637.5,394332
2007-11-30,24150.0,25150.0,23800.0,25150.0,23650.0,26070.0,27960.833333333332,24697.916666666668,437200
2007-12-03,25500.0,26500.0,25450.0,26500.0,24290.0,25855.0,27993.333333333332,24775.0,632079
2007-12-04,26400.0,26950.0,25750.0,26800.0,25050.0,25645.0,28038.333333333332,24847.083333333332,298076
2007-12-05,26300.0,27300.0,26300.0,27100.0,25870.0,25585.0,28082.5,24924.583333333332,270724
2007-12-06,27350.0,27400.0,25400.0,25500.0,26210.0,25427.5,28105.0,24990.416666666668,375215
2007-12-07,25500.0,26400.0,24450.0,24500.0,26080.0,25275.0,28121.666666666668,25047.916666666668,422287
2007-12-10,24600.0,24850.0,23900.0,23900.0,25560.0,25060.0,28131.666666666668,25097.916666666668,134049
2007-12-11,23900.0,24550.0,23900.0,24200.0,25040.0,24895.0,28155.0,25148.333333333332,122300
2007-12-12,23700.0,25550.0,23400.0,24750.0,24570.0,24720.0,28159.166666666668,25197.083333333332,253959
2007-12-13,24600.0,25600.0,24400.0,24950.0,24460.0,24617.5,28161.666666666668,25248.333333333332,171110
2007-12-14,25000.0,25500.0,24100.0,24150.0,24390.0,24475.0,28140.833333333332,25288.333333333332,185940
2007-12-17,23950.0,24200.0,22900.0,22950.0,24200.0,24347.5,28090.833333333332,25330.0,157153
2007-12-18,22300.0,23650.0,22300.0,23500.0,24060.0,24275.0,28044.166666666668,25384.166666666668,150200
2007-12-20,23550.0,23950.0,22850.0,23300.0,23770.0,24270.0,27971.666666666668,25435.416666666668,151503
2007-12-21,22950.0,24100.0,22800.0,24100.0,23600.0,24325.0,27912.5,25489.583333333332,247023
2007-12-24,24250.0,24500.0,23800.0,23800.0,23530.0,24412.5,27847.5,25534.583333333332,230909
2007-12-26,23600.0,23750.0,22750.0,22800.0,23500.0,24387.5,27774.166666666668,25565.416666666668,369600
2007-12-27,22700.0,23250.0,22550.0,22650.0,23330.0,24370.0,27701.666666666668,25593.333333333332,256341
2007-12-28,22400.0,22900.0,22200.0,22500.0,23170.0,24345.0,27595.0,25623.75,249288
2008-01-02,22500.0,22500.0,21750.0,21750.0,22700.0,24242.5,27460.0,25647.916666666668,269390
2008-01-03,21500.0,23200.0,21500.0,23150.0,22570.0,24142.5,27348.333333333332,25687.083333333332,459618
2008-01-04,23000.0,24350.0,22600.0,24200.0,22850.0,24027.5,27250.0,25728.333333333332,552190
2008-01-07,23850.0,24900.0,23800.0,24500.0,23220.0,23912.5,27178.333333333332,25760.416666666668,360961
2008-01-08,24300.0,24750.0,23650.0,24000.0,23520.0,23757.5,27081.666666666668,25786.25,169832
2008-01-09,23400.0,24650.0,23400.0,24300.0,24030.0,23697.5,26947.5,25807.5,240246
2008-01-10,24700.0,25250.0,24500.0,24750.0,24350.0,23710.0,26780.833333333332,25813.75,304234
2008-01-11,25050.0,25500.0,23900.0,23950.0,24300.0,23712.5,26600.0,25810.833333333332,321323
2008-01-14,24000.0,24250.0,23250.0,23400.0,24080.0,23672.5,26416.666666666668,25814.166666666668,140920
2008-01-15,23500.0,23750.0,22950.0,23450.0,23970.0,23607.5,26257.5,25809.583333333332,237844
2008-01-16,22750.0,23400.0,22000.0,22000.0,23510.0,23460.0,26065.833333333332,25794.583333333332,339895
2008-01-17,22300.0,23350.0,22250.0,23300.0,23220.0,23417.5,25935.833333333332,25790.416666666668,169372
2008-01-18,22950.0,26750.0,21550.0,24150.0,23260.0,23477.5,25839.166666666668,25798.75,237710
2008-01-21,23800.0,24000.0,22900.0,23250.0,23230.0,23465.0,25717.5,25797.5,182548
2008-01-22,22400.0,22900.0,21650.0,22750.0,23090.0,23437.5,25596.666666666668,25785.416666666668,242803
2008-01-23,22400.0,23400.0,22400.0,23400.0,23370.0,23402.5,25475.833333333332,25777.916666666668,185020
2008-01-24,23650.0,24500.0,23650.0,24450.0,23600.0,23435.0,25340.833333333332,25787.5,236629
2008-01-25,24500.0,24900.0,23950.0,24900.0,23750.0,23540.0,25222.5,25800.416666666668,239300
2008-01-28,24500.0,25250.0,24350.0,24450.0,23990.0,23630.0,25115.833333333332,25806.666666666668,273382
2008-01-29,25000.0,26200.0,24850.0,26000.0,24640.0,23805.0,25020.833333333332,25840.833333333332,415162
2008-01-30,26300.0,26500.0,24650.0,25400.0,25040.0,23987.5,24885.833333333332,25867.083333333332,350922
2008-01-31,25400.0,26600.0,24600.0,26500.0,25450.0,24155.0,24789.166666666668,25898.75,349147
2008-02-01,27000.0,27250.0,26200.0,26500.0,25770.0,24270.0,24717.5,25930.0,291694
2008-02-04,26650.0,27200.0,26250.0,26300.0,26140.0,24360.0,24639.166666666668,25957.5,415045
2008-02-05,26350.0,26850.0,26350.0,26500.0,26240.0,24485.0,24609.166666666668,25985.0,127186
2008-02-11,25700.0,26950.0,25700.0,26600.0,26480.0,24600.0,24575.0,26007.083333333332,149213
2008-02-12,27150.0,28000.0,26750.0,27700.0,26720.0,24747.5,24577.5,26041.25,455384
2008-02-13,28000.0,28300.0,27450.0,27700.0,26960.0,24935.0,24569.166666666668,26072.083333333332,494652
2008-02-14,28000.0,28100.0,27550.0,27700.0,27240.0,25150.0,24572.5,26113.75,651535
2008-02-15,27600.0,28100.0,27550.0,27750.0,27490.0,25365.0,24564.166666666668,26176.666666666668,460450
2008-02-18,27650.0,27700.0,26500.0,26650.0,27500.0,25597.5,24558.333333333332,26232.083333333332,419291
2008-02-19,26850.0,27850.0,26450.0,27650.0,27490.0,25815.0,24569.166666666668,26285.416666666668,358513
2008-02-20,27700.0,28400.0,27100.0,27950.0,27540.0,26005.0,24610.0,26333.333333333332,355055
2008-02-21,28400.0,29300.0,28300.0,29150.0,27830.0,26300.0,24680.0,26388.75,452141
2008-02-22,29100.0,29900.0,28500.0,29900.0,28260.0,26657.5,24788.333333333332,26440.416666666668,357157
2008-02-25,29800.0,30000.0,29300.0,29850.0,28900.0,26980.0,24902.5,26485.833333333332,282397
2008-02-26,30250.0,30350.0,28450.0,29300.0,29230.0,27222.5,25023.333333333332,26530.416666666668,401564
2008-02-27,29100.0,29350.0,28050.0,28050.0,29250.0,27380.0,25102.5,26564.166666666668,360730
2008-02-28,28300.0,28800.0,28100.0,28400.0,29100.0,27577.5,25192.5,26594.583333333332,335241
2008-02-29,28300.0,28800.0,27900.0,28500.0,28820.0,27702.5,25284.166666666668,26625.416666666668,222100
2008-03-03,27900.0,28500.0,27400.0,28500.0,28550.0,27857.5,25362.5,26654.583333333332,187000
2008-03-04,28750.0,29300.0,28400.0,28500.0,28390.0,27957.5,25418.333333333332,26689.583333333332,198371
2008-03-05,28700.0,29150.0,28300.0,28400.0,28460.0,28052.5,25450.0,26721.666666666668,216094
2008-03-06,28600.0,28700.0,27750.0,28000.0,28380.0,28137.5,25470.0,26754.166666666668,272174
2008-03-07,27500.0,28250.0,27500.0,27800.0,28240.0,28202.5,25481.666666666668,26782.083333333332,224871
2008-03-10,27200.0,27700.0,26650.0,27450.0,28030.0,28245.0,25514.166666666668,26809.583333333332,224742
2008-03-11,27000.0,27950.0,26900.0,27800.0,27890.0,28250.0,25569.166666666668,26845.416666666668,211840
2008-03-12,28450.0,28500.0,27550.0,27550.0,27720.0,28242.5,25630.0,26880.833333333332,197438
2008-03-13,27850.0,28150.0,27050.0,27500.0,27620.0,28232.5,25685.0,26920.0,218900
2008-03-14,27900.0,28400.0,27100.0,27300.0,27520.0,28210.0,25727.5,26943.333333333332,281383
2008-03-17,27100.0,27150.0,25900.0,26300.0,27290.0,28192.5,25750.0,26955.833333333332,237234
2008-03-18,26400.0,28000.0,26300.0,27900.0,27310.0,28205.0,25812.5,26976.666666666668,192469
2008-03-19,28400.0,28400.0,27400.0,28000.0,27400.0,28207.5,25896.666666666668,26993.75,210243
2008-03-20,27650.0,28200.0,27350.0,27850.0,27470.0,28142.5,25969.166666666668,27006.666666666668,141360
2008-03-21,28050.0,28250.0,27550.0,27700.0,27550.0,28032.5,26042.5,27007.083333333332,125425
2008-03-24,27950.0,28700.0,27700.0,28650.0,28020.0,27972.5,26118.333333333332,27015.416666666668,228621
2008-03-25,28850.0,29050.0,28400.0,28650.0,28170.0,27940.0,26199.166666666668,27023.333333333332,217837
2008-03-26,28600.0,29300.0,28600.0,29000.0,28370.0,27987.5,26302.5,27038.333333333332,186772
2008-03-27,29000.0,29000.0,28300.0,28550.0,28510.0,27995.0,26400.833333333332,27051.25,165483
2008-03-28,28500.0,29000.0,28300.0,28300.0,28630.0,27985.0,26497.5,27046.25,255318
2008-03-31,28000.0,28000.0,26850.0,27150.0,28330.0,27917.5,26587.5,27023.75,679263
2008-04-01,26900.0,27150.0,26050.0,26500.0,27900.0,27817.5,26643.333333333332,26995.833333333332,633944
2008-04-02,26800.0,27050.0,25350.0,25350.0,27170.0,27665.0,26662.5,26956.25,949463
2008-04-03,25550.0,25950.0,25250.0,25900.0,26640.0,27560.0,26685.833333333332,26932.083333333332,479921
2008-04-04,25900.0,26350.0,25600.0,26350.0,26250.0,27487.5,26725.0,26903.333333333332,353265
2008-04-07,26150.0,26450.0,25700.0,25750.0,25970.0,27402.5,26749.166666666668,26848.333333333332,417670
2008-04-08,25850.0,26700.0,25400.0,26250.0,25920.0,27325.0,26774.166666666668,26777.5,365227
2008-04-10,26400.0,26400.0,25900.0,26200.0,26090.0,27257.5,26811.666666666668,26705.833333333332,206950
2008-04-11,26300.0,26800.0,26000.0,26750.0,26260.0,27220.0,26867.5,26642.083333333332,313799
2008-04-14,26400.0,27250.0,26400.0,26950.0,26380.0,27202.5,26925.833333333332,26591.666666666668,441723
2008-04-15,27100.0,27200.0,26600.0,27150.0,26660.0,27245.0,27011.666666666668,26538.75,242056
2008-04-16,26950.0,27200.0,26700.0,26750.0,26760.0,27187.5,27069.166666666668,26502.5,345512
2008-04-17,27050.0,27400.0,26750.0,26850.0,26890.0,27130.0,27114.166666666668,26476.666666666668,377529
2008-04-18,27050.0,28950.0,27050.0,28850.0,27310.0,27180.0,27207.5,26462.5,1018686
2008-04-21,29200.0,29200.0,28600.0,29000.0,27720.0,27245.0,27311.666666666668,26454.166666666668,512032
2008-04-22,29250.0,29750.0,26750.0,26850.0,27660.0,27155.0,27369.166666666668,26422.5,1612923
2008-04-23,26550.0,27550.0,26550.0,27150.0,27740.0,27080.0,27414.166666666668,26377.5,622891
2008-04-24,27250.0,27550.0,26650.0,27050.0,27780.0,26982.5,27450.0,26336.25,346730
2008-04-25,26900.0,27000.0,26300.0,26400.0,27290.0,26875.0,27482.5,26299.166666666668,501701
2008-04-28,26600.0,26600.0,25200.0,25500.0,26590.0,26735.0,27474.166666666668,26247.5,524172
2008-04-29,25700.0,25700.0,24800.0,25000.0,26220.0,26627.5,27467.5,26176.666666666668,486072
2008-04-30,25050.0,25950.0,25050.0,25950.0,25980.0,26600.0,27458.333333333332,26123.75,231931
2008-05-01,25950.0,25950.0,25950.0,25950.0,25760.0,26630.0,27449.166666666668,26083.333333333332,0
2008-05-02,26300.0,26350.0,25800.0,25950.0,25670.0,26632.5,27443.333333333332,26041.25,275441
2008-05-05,25950.0,25950.0,25950.0,25950.0,25760.0,26612.5,27434.166666666668,26021.666666666668,0
2008-05-06,25900.0,26200.0,25300.0,25800.0,25920.0,26615.0,27420.833333333332,25997.916666666668,230483
2008-05-07,25800.0,25800.0,25150.0,25300.0,25790.0,26567.5,27380.833333333332,25979.166666666668,356219
2008-05-08,25000.0,25200.0,24600.0,24900.0,25580.0,26502.5,27334.166666666668,25951.666666666668,507071
2008-05-09,24900.0,24900.0,23750.0,23800.0,25150.0,26355.0,27269.166666666668,25920.833333333332,465443
2008-05-12,23800.0,23800.0,23800.0,23800.0,24720.0,26197.5,27203.333333333332,25883.75,0
2008-05-13,24000.0,24500.0,23950.0,24100.0,24380.0,26045.0,27160.833333333332,25859.583333333332,216780
2008-05-14,24200.0,24800.0,24200.0,24750.0,24270.0,25945.0,27112.5,25840.833333333332,177706
2008-05-15,25000.0,25000.0,24200.0,24650.0,24220.0,25835.0,27057.5,25833.75,305798
2008-05-16,24900.0,25200.0,24450.0,24600.0,24380.0,25622.5,26981.666666666668,25830.833333333332,239529
2008-05-19,24700.0,24750.0,24100.0,24100.0,24440.0,25377.5,26885.0,25836.666666666668,290215
2008-05-20,24250.0,25650.0,24200.0,25600.0,24740.0,25315.0,26814.166666666668,25858.333333333332,520532
2008-05-21,25400.0,25550.0,25000.0,25100.0,24810.0,25212.5,26744.166666666668,25883.75,274543
2008-05-22,24400.0,25100.0,24400.0,24600.0,24800.0,25090.0,26686.666666666668,25894.583333333332,272063
2008-05-23,24700.0,25050.0,24500.0,24700.0,24820.0,25005.0,26625.0,25908.75,200007
2008-05-26,24700.0,24700.0,23950.0,24300.0,24860.0,24945.0,26555.0,25919.583333333332,184690
2008-05-27,24300.0,24500.0,23800.0,23900.0,24520.0,24890.0,26478.333333333332,25920.416666666668,256371
2008-05-28,24100.0,24100.0,23300.0,23350.0,24170.0,24760.0,26392.5,25905.416666666668,242876
2008-05-29,23350.0,23850.0,23350.0,23500.0,23950.0,24637.5,26310.833333333332,25880.416666666668,205013
2008-05-30,23550.0,24000.0,23550.0,23800.0,23770.0,24530.0,26240.833333333332,25855.416666666668,196970
2008-06-02,24000.0,24100.0,23500.0,23500.0,23610.0,24407.5,26169.166666666668,25825.416666666668,237602
2008-06-03,23500.0,23800.0,23200.0,23500.0,23530.0,24292.5,26103.333333333332,25808.75,244200
2008-06-04,23650.0,23700.0,23300.0,23500.0,23560.0,24202.5,26031.666666666668,25800.416666666668,164595
2008-06-05,23500.0,24550.0,23500.0,24350.0,23730.0,24175.0,25978.333333333332,25804.166666666668,344368
2008-06-06,24350.0,24350.0,24350.0,24350.0,23840.0,24202.5,25925.833333333332,25805.416666666668,0
2008-06-09,23800.0,25000.0,23600.0,24900.0,24120.0,24257.5,25885.833333333332,25806.666666666668,269781
2008-06-10,24900.0,25000.0,23700.0,23900.0,24200.0,24247.5,25845.833333333332,25797.916666666668,266691
2008-06-11,24400.0,24400.0,23700.0,24300.0,24360.0,24225.0,25785.833333333332,25799.166666666668,184201
2008-06-12,23850.0,24100.0,23650.0,24100.0,24310.0,24197.5,25720.833333333332,25808.75,177223
2008-06-13,24100.0,24250.0,23300.0,23400.0,24120.0,24137.5,25646.666666666668,25807.916666666668,136124
2008-06-16,23700.0,24400.0,23550.0,23700.0,23880.0,24117.5,25580.0,25811.25,142407
2008-06-17,24050.0,24500.0,23750.0,23850.0,23870.0,24030.0,25500.0,25809.166666666668,254885
2008-06-18,23750.0,25150.0,23700.0,25100.0,24030.0,24030.0,25440.833333333332,25820.0,359501
2008-06-19,24700.0,25250.0,24700.0,25100.0,24230.0,24055.0,25375.833333333332,25839.166666666668,265054
2008-06-20,25150.0,26500.0,25150.0,26400.0,24830.0,24140.0,25340.0,25870.416666666668,1120590
2008-06-23,26400.0,27500.0,26400.0,27500.0,25590.0,24300.0,25326.666666666668,25912.083333333332,1229005
2008-06-24,27500.0,27600.0,26950.0,27250.0,26270.0,24467.5,25328.333333333332,25957.916666666668,416493
2008-06-25,27400.0,28100.0,26700.0,28000.0,26850.0,24700.0,25353.333333333332,25998.333333333332,623389
2008-06-26,27650.0,28000.0,27300.0,27950.0,27420.0,24922.5,25396.666666666668,26029.583333333332,335851
2008-06-27,27200.0,27750.0,26900.0,27600.0,27660.0,25112.5,25425.0,26055.416666666668,304526
2008-06-30,27400.0,27600.0,26200.0,27400.0,27640.0,25307.5,25442.5,26083.75,576561
2008-07-01,27050.0,28450.0,26700.0,28400.0,27870.0,25552.5,25486.666666666668,26117.916666666668,498676
2008-07-02,28400.0,28400.0,26400.0,27400.0,27750.0,25747.5,25505.833333333332,26140.0,427796
2008-07-03,26700.0,26800.0,25800.0,26500.0,27460.0,25855.0,25510.833333333332,26161.25,347162
2008-07-04,26500.0,27300.0,25500.0,25700.0,27080.0,25922.5,25493.333333333332,26180.416666666668,280653
2008-07-07,25300.0,25950.0,24050.0,24600.0,26520.0,25907.5,25454.166666666668,26190.0,379675
2008-07-08,24250.0,24600.0,21500.0,24300.0,25700.0,25927.5,25406.666666666668,26209.166666666668,726151
2008-07-09,24550.0,24850.0,23000.0,23000.0,24820.0,25862.5,25344.166666666668,26206.666666666668,498981
2008-07-10,22050.0,24500.0,22050.0,24500.0,24420.0,25882.5,25305.0,26209.583333333332,409484
2008-07-11,24100.0,24550.0,23300.0,24300.0,24140.0,25927.5,25229.166666666668,26218.333333333332,598719
2008-07-14,23850.0,24450.0,23450.0,23600.0,23940.0,25922.5,25139.166666666668,26225.416666666668,332255
2008-07-15,23300.0,23400.0,21750.0,21800.0,23440.0,25820.0,25055.0,26212.083333333332,571407
2008-07-16,22000.0,22450.0,20800.0,21800.0,23200.0,25655.0,24965.833333333332,26190.0,583350
2008-07-17,22350.0,22550.0,21650.0,21800.0,22660.0,25490.0,24878.333333333332,26164.166666666668,446405
2008-07-18,22200.0,22800.0,22000.0,22450.0,22290.0,25292.5,24812.5,26147.5,473949
2008-07-21,22600.0,22900.0,22350.0,22750.0,22120.0,25055.0,24766.666666666668,26120.416666666668,542730
2008-07-22,22400.0,22600.0,22100.0,22300.0,22220.0,24807.5,24721.666666666668,26094.583333333332,257828
2008-07-23,22900.0,23550.0,22850.0,23100.0,22480.0,24562.5,24674.166666666668,26066.25,505964
2008-07-24,23100.0,23800.0,23050.0,23800.0,22880.0,24355.0,24638.333333333332,26043.75,542881
2008-07-25,23200.0,23550.0,22750.0,23500.0,23090.0,24150.0,24597.5,26020.416666666668,370894
2008-07-28,23600.0,23700.0,22950.0,23400.0,23220.0,23950.0,24555.0,25994.583333333332,280203
2008-07-29,22800.0,23900.0,22650.0,23900.0,23540.0,23725.0,24523.333333333332,25972.083333333332,296460
2008-07-30,23900.0,24550.0,23750.0,24550.0,23830.0,23582.5,24510.833333333332,25945.833333333332,430782
2008-07-31,24600.0,24800.0,24250.0,24600.0,23990.0,23487.5,24505.833333333332,25920.0,268092
2008-08-01,24200.0,24450.0,23650.0,23700.0,24030.0,23387.5,24504.166666666668,25886.666666666668,162311
2008-08-04,23500.0,23700.0,22700.0,22900.0,23930.0,23302.5,24489.166666666668,25846.25,211375
2008-08-05,23000.0,23250.0,21900.0,22800.0,23710.0,23227.5,24467.5,25814.166666666668,459281
2008-08-06,23200.0,23650.0,22800.0,23250.0,23450.0,23240.0,24442.5,25777.5,359962
2008-08-07,23400.0,23400.0,22300.0,22700.0,23070.0,23150.0,24410.0,25733.75,400980
2008-08-08,22300.0,22750.0,22200.0,22700.0,22870.0,23070.0,24378.333333333332,25680.0,232553
2008-08-11,22900.0,23000.0,22500.0,22700.0,22830.0,23025.0,24355.0,25620.0,293330
2008-08-12,22700.0,23700.0,22700.0,23550.0,22980.0,23112.5,24320.833333333332,25567.5,394391
2008-08-13,23600.0,23950.0,23300.0,23550.0,23040.0,23200.0,24295.0,25519.583333333332,146502
2008-08-14,23300.0,23600.0,23100.0,23400.0,23180.0,23280.0,24275.0,25480.833333333332,234449
2008-08-15,23400.0,23400.0,23400.0,23400.0,23320.0,23327.5,24253.333333333332,25439.166666666668,0
2008-08-18,23300.0,23600.0,22300.0,22800.0,23340.0,23330.0,24228.333333333332,25391.666666666668,474467
2008-08-19,22500.0,22750.0,22250.0,22250.0,23080.0,23327.5,24200.833333333332,25339.583333333332,223913
2008-08-20,21900.0,22800.0,21900.0,22800.0,22930.0,23312.5,24191.666666666668,25292.083333333332,186977
2008-08-21,22600.0,22700.0,22100.0,22400.0,22730.0,23242.5,24173.333333333332,25242.083333333332,176673
2008-08-22,22100.0,22400.0,21900.0,22400.0,22530.0,23187.5,24150.0,25195.416666666668,169618
2008-08-25,22600.0,22600.0,22150.0,22400.0,22450.0,23137.5,24131.666666666668,25150.416666666668,144272
2008-08-26,22000.0,22500.0,21950.0,22400.0,22480.0,23062.5,24113.333333333332,25108.333333333332,105392
2008-08-27,22500.0,22800.0,22050.0,22600.0,22440.0,22965.0,24098.333333333332,25065.0,166263
2008-08-28,22600.0,22800.0,22150.0,22150.0,22390.0,22842.5,24061.666666666668,25020.0,127489
2008-08-29,22350.0,22350.0,21300.0,21700.0,22250.0,22742.5,24017.5,24971.666666666668,402774
2008-09-01,21200.0,21250.0,18450.0,18500.0,21470.0,22522.5,23910.833333333332,24898.333333333332,851627
2008-09-02,18350.0,18700.0,15750.0,16400.0,20270.0,22202.5,23785.833333333332,24815.833333333332,1333254
2008-09-03,15900.0,18150.0,15900.0,18150.0,19380.0,21947.5,23683.333333333332,24734.583333333332,1048374
2008-09-04,17850.0,18600.0,17750.0,18300.0,18610.0,21727.5,23586.666666666668,24653.75,449031
2008-09-05,17800.0,18850.0,17750.0,18850.0,18040.0,21535.0,23510.833333333332,24578.75,298212
2008-09-08,18850.0,19100.0,18200.0,18850.0,18110.0,21342.5,23430.0,24505.0,693053
2008-09-09,18950.0,18950.0,17450.0,17550.0,18340.0,21042.5,23325.0,24412.5,437665
2008-09-10,17250.0,18400.0,17150.0,18250.0,18360.0,20777.5,23210.833333333332,24325.833333333332,430466
2008-09-11,18300.0,18500.0,17800.0,17900.0,18280.0,20502.5,23090.833333333332,24233.333333333332,211862
2008-09-12,18200.0,19350.0,18200.0,19050.0,18320.0,20285.0,22968.333333333332,24154.166666666668,478920
2008-09-15,19050.0,19050.0,19050.0,19050.0,18360.0,20097.5,22827.5,24077.083333333332,0
2008-09-16,17050.0,17850.0,17000.0,17400.0,18330.0,19855.0,22663.333333333332,23995.833333333332,290700
2008-09-17,18100.0,18400.0,17800.0,18000.0,18280.0,19615.0,22496.666666666668,23925.0,292062
2008-09-18,17300.0,18050.0,17100.0,18000.0,18300.0,19395.0,22330.833333333332,23863.75,323
2008-09-19,18700.0,18850.0,18300.0,18450.0,18180.0,19197.5,22178.333333333332,23801.666666666668,313041
2008-09-22,18500.0,18700.0,17650.0,17650.0,17900.0,18960.0,22015.833333333332,23729.166666666668,255782
2008-09-23,17600.0,17950.0,17250.0,17800.0,17980.0,18730.0,21839.166666666668,23662.916666666668,487346
2008-09-24,17650.0,17900.0,17350.0,17500.0,17880.0,18475.0,21674.166666666668,23590.0,549220
2008-09-25,17750.0,18250.0,17400.0,17650.0,17810.0,18250.0,21526.666666666668,23518.75,904970
2008-09-26,17650.0,17800.0,16500.0,16900.0,17500.0,18010.0,21380.0,23436.666666666668,838477
2008-09-29,17200.0,17200.0,16050.0,16050.0,17180.0,17887.5,21237.5,23345.833333333332,598993
2008-09-30,14700.0,15800.0,14600.0,15700.0,16760.0,17852.5,21094.166666666668,23250.416666666668,652185
2008-10-01,15800.0,16300.0,15650.0,15850.0,16430.0,17737.5,20975.0,23159.583333333332,464342
2008-10-02,15900.0,16100.0,15100.0,15800.0,16060.0,17612.5,20830.0,23067.5,374923
2008-10-03,15800.0,15800.0,15800.0,15800.0,15840.0,17460.0,20688.333333333332,22958.75,0
2008-10-06,15350.0,15400.0,14550.0,14950.0,15620.0,17265.0,20544.166666666668,22841.666666666668,309140
2008-10-07,14400.0,14750.0,14200.0,14550.0,15390.0,17115.0,20423.333333333332,22739.166666666668,524200
2008-10-08,14000.0,14000.0,12400.0,12600.0,14740.0,16832.5,20270.0,22617.916666666668,725140
2008-10-09,12350.0,13400.0,12300.0,13300.0,14240.0,16602.5,20128.333333333332,22503.333333333332,766960
2008-10-10,12400.0,14150.0,11700.0,14000.0,13880.0,16350.0,19987.5,22400.0,470410
2008-10-13,14450.0,14500.0,13350.0,13850.0,13660.0,16090.0,19839.166666666668,22302.916666666668,604515
2008-10-14,14500.0,14950.0,14450.0,14800.0,13710.0,15960.0,19714.166666666668,22217.916666666668,796139
2008-10-15,14500.0,14700.0,14100.0,14700.0,14130.0,15795.0,19574.166666666668,22124.166666666668,445064
2008-10-16,13800.0,14000.0,12550.0,12600.0,13990.0,15525.0,19387.5,22012.916666666668,458839
2008-10-17,13300.0,13350.0,12050.0,12800.0,13750.0,15242.5,19209.166666666668,21903.333333333332,476036
2008-10-20,13100.0,13500.0,12400.0,13500.0,13680.0,15035.0,19044.166666666668,21799.583333333332,251586
2008-10-21,13600.0,14000.0,13050.0,13150.0,13350.0,14802.5,18865.0,21694.166666666668,327276
2008-10-22,13100.0,13250.0,11850.0,12450.0,12900.0,14550.0,18663.333333333332,21587.083333333332,355452
2008-10-23,11700.0,11950.0,10800.0,11250.0,12630.0,14230.0,18440.833333333332,21473.333333333332,363902
2008-10-24,11000.0,11300.0,9600.0,9600.0,11990.0,13865.0,18205.833333333332,21355.0,445246
2008-10-27,9160.0,9860.0,8850.0,9150.0,11120.0,13520.0,17976.666666666668,21232.916666666668,326104
2008-10-28,8550.0,9980.0,8550.0,9960.0,10482.0,13233.0,17762.666666666668,21115.083333333332,518885
2008-10-29,10500.0,11000.0,8660.0,9870.0,9966.0,12934.0,17539.666666666668,20991.083333333332,534475
2008-10-30,10850.0,11350.0,10500.0,11350.0,9986.0,12711.5,17350.5,20880.25,428356
2008-10-31,11850.0,13000.0,11650.0,12500.0,10566.0,12546.5,17180.5,20779.416666666668,813765
2008-11-03,12750.0,13200.0,12500.0,12800.0,11296.0,12439.0,17015.5,20685.25,643281
2008-11-04,12900.0,14200.0,12200.0,14100.0,12124.0,12416.5,16858.0,20589.416666666668,812440
2008-11-05,14600.0,14950.0,13500.0,14500.0,13050.0,12511.5,16707.166666666668,20501.083333333332,1040070
2008-11-06,13600.0,13700.0,12350.0,12450.0,13270.0,12469.0,16524.666666666668,20399.833333333332,583671
2008-11-07,11800.0,13550.0,11750.0,13500.0,13470.0,12444.0,16359.666666666666,20306.5,335564
2008-11-10,13800.0,14750.0,13650.0,14150.0,13740.0,12459.0,16215.5,20221.916666666668,639331
2008-11-11,13900.0,15000.0,13550.0,14600.0,13840.0,12449.0,16088.0,20144.416666666668,434330
2008-11-12,14100.0,14750.0,13850.0,13900.0,13720.0,12409.0,15939.666666666666,20065.666666666668,358234
2008-11-13,13250.0,13500.0,12800.0,13000.0,13830.0,12429.0,15783.0,19978.166666666668,231937
2008-11-14,13700.0,14300.0,13300.0,14000.0,13930.0,12489.0,15643.0,19896.5,400837
2008-11-17,14200.0,14400.0,13750.0,14250.0,13950.0,12526.5,15507.166666666666,19819.416666666668,262562
2008-11-18,13950.0,14300.0,13400.0,13600.0,13750.0,12549.0,15360.5,19736.916666666668,265678
2008-11-19,13750.0,13950.0,12900.0,13550.0,13680.0,12604.0,15209.666666666666,19654.0,450246
2008-11-20,12750.0,13200.0,12700.0,12800.0,13640.0,12681.5,15053.833333333334,19557.75,208777
2008-11-21,12600.0,13750.0,12300.0,13650.0,13570.0,12884.0,14919.666666666666,19468.583333333332,300677
2008-11-24,13600.0,13650.0,12500.0,12700.0,13260.0,13061.5,14823.0,19366.916666666668,284118
2008-11-25,13200.0,13500.0,13000.0,13400.0,13220.0,13233.5,14773.0,19279.416666666668,342365
2008-11-26,13650.0,14500.0,13550.0,14300.0,13370.0,13455.0,14708.833333333334,19196.083333333332,519952
2008-11-27,14500.0,15000.0,14050.0,14800.0,13770.0,13627.5,14650.5,19118.583333333332,643787
2008-11-28,15100.0,15450.0,14500.0,14700.0,13980.0,13737.5,14581.333333333334,19046.083333333332,446094
2008-12-01,14950.0,15250.0,14750.0,14900.0,14420.0,13842.5,14515.5,18972.75,403836
2008-12-02,14150.0,14600.0,14050.0,14500.0,14640.0,13862.5,14464.666666666666,18894.833333333332,298613
2008-12-03,14700.0,14700.0,12350.0,12350.0,14250.0,13755.0,14366.333333333334,18788.583333333332,1305446
2008-12-04,11800.0,11850.0,10650.0,10900.0,13470.0,13677.5,14249.666666666666,18670.25,4125289
2008-12-05,11050.0,11400.0,10850.0,11350.0,12800.0,13570.0,14121.333333333334,18544.833333333332,1334776
2008-12-08,11650.0,11950.0,11300.0,11900.0,12200.0,13457.5,14002.166666666666,18414.833333333332,2217925
2008-12-09,12100.0,12100.0,11400.0,11500.0,11600.0,13302.5,13903.833333333334,18283.583333333332,1609518
2008-12-10,11550.0,12800.0,11500.0,12600.0,11650.0,13237.5,13813.833333333334,18155.25,2612322
2008-12-11,12600.0,13200.0,12350.0,12500.0,11970.0,13212.5,13722.166666666666,18026.5,1894683
2008-12-12,12300.0,12600.0,11600.0,11900.0,12080.0,13107.5,13613.0,17895.666666666668,1062066
2008-12-15,12250.0,12500.0,12150.0,12400.0,12180.0,13015.0,13525.5,17770.666666666668,915564
2008-12-16,12200.0,12700.0,12050.0,12500.0,12380.0,12960.0,13437.166666666666,17638.166666666668,1006495
2008-12-17,12950.0,13350.0,12650.0,13150.0,12490.0,12940.0,13364.666666666666,17519.416666666668,1777673
2008-12-18,13400.0,14100.0,13000.0,13750.0,12740.0,12987.5,13299.666666666666,17413.166666666668,1601090
2008-12-19,13500.0,13700.0,13150.0,13450.0,13050.0,12977.5,13242.166666666666,17311.083333333332,719980
2008-12-22,13550.0,13600.0,13100.0,13450.0,13260.0,13015.0,13198.833333333334,17218.166666666668,810702
2008-12-23,13250.0,13350.0,12550.0,12600.0,13280.0,12975.0,13147.166666666666,17120.666666666668,715519
2008-12-24,12500.0,12650.0,12050.0,12050.0,13060.0,12862.5,13083.833333333334,17029.416666666668,425335
2008-12-25,12050.0,12050.0,12050.0,12050.0,12720.0,12725.0,13021.333333333334,16925.666666666668,0
2008-12-26,12200.0,12650.0,12150.0,12550.0,12540.0,12617.5,12967.166666666666,16827.75,423950
2008-12-29,12400.0,13200.0,12150.0,13200.0,12490.0,12532.5,12938.0,16741.083333333332,366139
2008-12-30,13200.0,13250.0,12850.0,12850.0,12540.0,12450.0,12909.666666666666,16666.5,445603
2008-12-31,12850.0,12850.0,12850.0,12850.0,12700.0,12475.0,12913.833333333334,16591.916666666668,0
2009-01-02,13100.0,13350.0,12900.0,13000.0,12890.0,12580.0,12908.833333333334,16518.583333333332,725182
2009-01-05,13150.0,13900.0,13000.0,13600.0,13100.0,12692.5,12902.166666666666,16444.833333333332,1541645
2009-01-06,13650.0,14000.0,13600.0,13800.0,13220.0,12787.5,12901.333333333334,16370.25,811898
2009-01-07,13800.0,14700.0,13700.0,14500.0,13550.0,12937.5,12896.333333333334,16305.25,1307019
2009-01-08,14300.0,15150.0,14250.0,14250.0,13830.0,13020.0,12888.833333333334,16231.5,776554
2009-01-09,14500.0,14500.0,13900.0,14100.0,14050.0,13100.0,12913.833333333334,16150.666666666666,453463
2009-01-12,13900.0,14700.0,13800.0,14050.0,14140.0,13207.5,12934.666666666666,16071.916666666666,393373
2009-01-13,14150.0,14450.0,13950.0,14400.0,14260.0,13307.5,12949.666666666666,15996.916666666666,262374
2009-01-14,14250.0,14700.0,14250.0,14650.0,14290.0,13415.0,12974.666666666666,15919.833333333334,370036
2009-01-15,14050.0,14500.0,13400.0,13400.0,14120.0,13427.5,12990.5,15826.916666666666,412324
2009-01-16,13600.0,14150.0,13550.0,14100.0,14120.0,13445.0,13038.0,15739.416666666666,241250
2009-01-19,14300.0,14450.0,14050.0,14200.0,14150.0,13482.5,13114.666666666666,15660.25,289680
2009-01-20,14200.0,14200.0,13500.0,13500.0,13970.0,13485.0,13187.166666666666,15581.916666666666,196768
2009-01-21,12800.0,13450.0,12800.0,12900.0,13620.0,13500.0,13236.166666666666,15499.416666666666,172176
2009-01-22,13250.0,13250.0,12500.0,12550.0,13450.0,13525.0,13280.833333333334,15410.25,626488
2009-01-23,12400.0,12750.0,12200.0,12200.0,13070.0,13532.5,13295.0,15322.75,461208
2009-01-28,12600.0,12950.0,12550.0,12850.0,12800.0,13547.5,13300.833333333334,15240.666666666666,318956
2009-01-29,12950.0,13100.0,12650.0,12650.0,12630.0,13520.0,13298.333333333334,15156.916666666666,305050
2009-01-30,12750.0,13200.0,12750.0,12950.0,12640.0,13525.0,13279.166666666666,15068.583333333334,387104
2009-02-02,12800.0,13100.0,12650.0,12750.0,12680.0,13520.0,13250.0,14978.583333333334,217760
2009-02-03,12800.0,13350.0,12650.0,13150.0,12870.0,13527.5,13261.666666666666,14893.166666666666,385109
2009-02-04,13350.0,13550.0,13250.0,13350.0,12970.0,13515.0,13259.166666666666,14809.416666666666,349100
2009-02-05,13250.0,13300.0,12600.0,12750.0,12990.0,13462.5,13235.833333333334,14725.666666666666,489866
2009-02-06,13000.0,13200.0,12700.0,13200.0,13040.0,13397.5,13212.5,14650.25,382010
2009-02-09,13450.0,14150.0,13350.0,13600.0,13210.0,13365.0,13207.5,14573.583333333334,808723
2009-02-10,14000.0,14000.0,13600.0,13750.0,13330.0,13347.5,13220.0,14501.5,277770
2009-02-11,13300.0,14500.0,13250.0,14500.0,13560.0,13370.0,13228.333333333334,14435.666666666666,658210
2009-02-12,14300.0,14800.0,14100.0,14350.0,13880.0,13367.5,13230.0,14368.583333333334,537850
2009-02-13,14300.0,14650.0,13900.0,14350.0,14110.0,13352.5,13242.5,14301.5,692548
2009-02-16,14300.0,14600.0,14100.0,14150.0,14220.0,13390.0,13252.5,14231.083333333334,468235
2009-02-17,14000.0,14950.0,13750.0,14100.0,14290.0,13390.0,13274.166666666666,14164.0,1108889
2009-02-18,14000.0,15400.0,14000.0,15150.0,14420.0,13437.5,13299.166666666666,14109.416666666666,1095632
2009-02-19,15450.0,16300.0,15350.0,15700.0,14690.0,13547.5,13349.166666666666,14086.083333333334,1495528
2009-02-20,15650.0,16050.0,14250.0,14450.0,14710.0,13625.0,13366.666666666666,14069.833333333334,1117057
2009-02-23,14450.0,14700.0,13300.0,14550.0,14790.0,13725.0,13370.833333333334,14039.833333333334,1091073
2009-02-24,13800.0,14700.0,13700.0,14300.0,14830.0,13830.0,13362.5,14006.5,695102
2009-02-25,14650.0,15050.0,13900.0,13900.0,14580.0,13882.5,13349.166666666666,13965.25,782075
2009-02-26,14050.0,14400.0,12850.0,13200.0,14080.0,13910.0,13320.833333333334,13918.166666666666,663289
2009-02-27,13300.0,13700.0,13000.0,13600.0,13910.0,13942.5,13305.833333333334,13885.25,235890
2009-03-02,13250.0,13400.0,12800.0,13200.0,13640.0,13965.0,13320.0,13843.166666666666,159330
2009-03-03,12700.0,13100.0,12650.0,13000.0,13380.0,13957.5,13355.0,13802.333333333334,188155
2009-03-04,12900.0,13300.0,12800.0,13200.0,13240.0,13950.0,13385.833333333334,13753.583333333334,606385
2009-03-05,13350.0,13350.0,12750.0,12800.0,13160.0,13952.5,13400.833333333334,13701.5,602055
2009-03-06,12450.0,12800.0,12400.0,12700.0,12980.0,13927.5,13420.833333333334,13662.333333333334,335661
2009-03-09,12950.0,13250.0,12850.0,13150.0,12970.0,13905.0,13430.0,13621.916666666666,413502
2009-03-10,13050.0,14550.0,13050.0,14300.0,13230.0,13932.5,13460.0,13591.083333333334,861355
2009-03-11,14800.0,14800.0,14000.0,14550.0,13500.0,13935.0,13504.166666666666,13558.583333333334,580666
2009-03-12,14400.0,14750.0,14150.0,14650.0,13870.0,13950.0,13541.666666666666,13533.583333333334,362009
2009-03-13,14850.0,15100.0,14500.0,14900.0,14310.0,13977.5,13581.666666666666,13509.416666666666,358707
2009-03-16,15400.0,16200.0,15150.0,15250.0,14730.0,14032.5,13616.666666666666,13490.666666666666,1147019
2009-03-17,15400.0,15750.0,14700.0,15250.0,14920.0,14090.0,13641.666666666666,13470.666666666666,651164
2009-03-18,15450.0,15450.0,15050.0,15300.0,15070.0,14097.5,13672.5,13457.333333333334,276051
2009-03-19,15450.0,16600.0,15350.0,16500.0,15440.0,14137.5,13723.333333333334,13461.083333333334,1103360
2009-03-20,16900.0,16900.0,15900.0,16500.0,15760.0,14240.0,13788.333333333334,13467.75,454748
2009-03-23,16350.0,16700.0,16200.0,16700.0,16050.0,14347.5,13865.833333333334,13474.833333333334,59540
2009-03-24,17200.0,17300.0,15950.0,16600.0,16320.0,14462.5,13941.666666666666,13481.5,705155
2009-03-25,16600.0,16700.0,16150.0,16300.0,16520.0,14582.5,14004.166666666666,13485.666666666666,329008
2009-03-26,16400.0,16950.0,16200.0,16500.0,16520.0,14747.5,14059.166666666666,13498.583333333334,503451
2009-03-27,16800.0,17800.0,16000.0,16000.0,16420.0,14867.5,14111.666666666666,13510.666666666666,902730
2009-03-30,16100.0,16650.0,16100.0,16350.0,16350.0,15025.0,14170.0,13541.916666666666,531396
2009-03-31,16550.0,16850.0,16300.0,16800.0,16390.0,15215.0,14233.333333333334,13571.083333333334,340470
2009-04-01,17000.0,17200.0,16700.0,17000.0,16530.0,15405.0,14290.0,13596.083333333334,396078
2009-04-02,17200.0,17550.0,16800.0,16900.0,16610.0,15610.0,14341.666666666666,13621.5,681080
2009-04-03,17000.0,17000.0,15950.0,16100.0,16630.0,15780.0,14368.333333333334,13632.333333333334,1167120
2009-04-06,16150.0,16400.0,15950.0,16200.0,16600.0,15932.5,14400.833333333334,13644.833333333334,872165
2009-04-07,16200.0,16250.0,15700.0,15800.0,16400.0,16007.5,14429.166666666666,13671.5,849817
2009-04-08,15650.0,16250.0,15550.0,15900.0,16180.0,16075.0,14460.0,13697.333333333334,879514
2009-04-09,16150.0,16650.0,15900.0,16500.0,16100.0,16167.5,14495.0,13722.333333333334,892530
2009-04-10,16900.0,17000.0,16100.0,16300.0,16140.0,16237.5,14522.5,13748.583333333334,846949
2009-04-13,16450.0,16600.0,16100.0,16200.0,16140.0,16285.0,14569.166666666666,13779.833333333334,732509
2009-04-14,16350.0,17200.0,16100.0,16800.0,16340.0,16362.5,14614.166666666666,13826.083333333334,1272178
2009-04-15,16800.0,17450.0,16600.0,17150.0,16590.0,16455.0,14663.333333333334,13889.0,1435145
2009-04-16,17500.0,17950.0,16950.0,17150.0,16720.0,16487.5,14724.166666666666,13955.666666666666,1251880
2009-04-17,17700.0,18150.0,16450.0,16700.0,16800.0,16497.5,14787.5,14011.833333333334,1388898
2009-04-20,16900.0,16950.0,16250.0,16650.0,16890.0,16495.0,14855.833333333334,14068.333333333334,455947
2009-04-21,16200.0,16650.0,16200.0,16600.0,16850.0,16495.0,14929.166666666666,14112.083333333334,333011
2009-04-22,16850.0,17150.0,16700.0,16850.0,16790.0,16522.5,14995.833333333334,14148.333333333334,598994
2009-04-23,16950.0,16950.0,16250.0,16600.0,16680.0,16527.5,15061.666666666666,14180.0,938238
2009-04-24,16700.0,16950.0,16350.0,16400.0,16620.0,16547.5,15119.166666666666,14199.166666666666,668635
2009-04-27,16600.0,16650.0,16150.0,16250.0,16540.0,16542.5,15177.5,14213.75,416259
2009-04-28,16200.0,16250.0,15300.0,15300.0,16280.0,16467.5,15213.333333333334,14237.5,604594
2009-04-29,15400.0,15800.0,15300.0,15700.0,16050.0,16402.5,15252.5,14255.833333333334,454723
2009-04-30,16100.0,16250.0,15400.0,15900.0,15910.0,16352.5,15305.0,14270.416666666666,803978
2009-05-04,16050.0,16350.0,15700.0,16350.0,15900.0,16365.0,15357.5,14285.0,718508
2009-05-06,16400.0,17550.0,16250.0,17500.0,16150.0,16430.0,15422.5,14315.0,1842754
2009-05-07,17950.0,18300.0,17150.0,17500.0,16590.0,16515.0,15485.0,14352.5,1261436
2009-05-08,17550.0,18050.0,17500.0,17750.0,17000.0,16607.5,15539.166666666666,14383.75,648144
2009-05-11,18000.0,18300.0,17750.0,18000.0,17420.0,16682.5,15600.0,14415.0,846596
2009-05-12,17850.0,18200.0,17450.0,17600.0,17670.0,16747.5,15654.166666666666,14448.333333333334,471311
2009-05-13,17750.0,17850.0,17200.0,17300.0,17630.0,16802.5,15706.666666666666,14479.583333333334,320501
2009-05-14,17350.0,17950.0,17250.0,17850.0,17700.0,16855.0,15769.166666666666,14521.666666666666,584812
2009-05-15,18050.0,18600.0,17950.0,17950.0,17740.0,16895.0,15815.833333333334,14557.5,892168
2009-05-18,17850.0,17850.0,16950.0,17350.0,17610.0,16905.0,15843.333333333334,14596.25,467345
2009-05-19,17600.0,17650.0,17250.0,17300.0,17550.0,16935.0,15890.833333333334,14628.75,582449
2009-05-20,17350.0,17550.0,17000.0,17100.0,17510.0,16957.5,15933.333333333334,14652.083333333334,473517
2009-05-21,17100.0,17100.0,16300.0,16300.0,17200.0,16942.5,15966.666666666666,14664.583333333334,806539
2009-05-22,16200.0,16700.0,15950.0,16100.0,16830.0,16905.0,16003.333333333334,14676.25,827774
2009-05-25,16100.0,16500.0,15000.0,16400.0,16640.0,16895.0,16056.666666666666,14688.75,757438
2009-05-26,16350.0,16700.0,15600.0,15800.0,16340.0,16865.0,16093.333333333334,14699.583333333334,555207
2009-05-27,16100.0,16100.0,14850.0,15000.0,15920.0,16802.5,16123.333333333334,14721.666666666666,1077485
2009-05-28,14900.0,15200.0,14000.0,14600.0,15580.0,16767.5,16150.0,14752.5,1330473
2009-05-29,14600.0,15050.0,14450.0,14900.0,15340.0,16727.5,16178.333333333334,14782.083333333334,567775
2009-06-01,15100.0,15850.0,15100.0,15850.0,15230.0,16725.0,16229.166666666666,14815.0,804543
2009-06-02,16000.0,16100.0,15550.0,15850.0,15240.0,16700.0,16281.666666666666,14851.25,935146
2009-06-03,15850.0,16100.0,15600.0,16000.0,15440.0,16625.0,16329.166666666666,14879.583333333334,363081
2009-06-04,15750.0,15850.0,15050.0,15050.0,15530.0,16502.5,16341.666666666666,14900.833333333334,386606
2009-06-05,15300.0,15400.0,14900.0,15200.0,15590.0,16375.0,16352.5,14928.333333333334,348553
2009-06-08,15200.0,15500.0,15050.0,15050.0,15430.0,16227.5,16359.166666666666,14950.416666666666,285318
2009-06-09,15200.0,15250.0,14600.0,14700.0,15200.0,16082.5,16355.833333333334,14968.75,433448
2009-06-10,14750.0,15250.0,14700.0,15150.0,15030.0,15975.0,16354.166666666666,14985.416666666666,443375
2009-06-11,15150.0,15450.0,15050.0,15300.0,15080.0,15847.5,16355.0,14998.333333333334,392372
2009-06-12,15450.0,15600.0,15100.0,15150.0,15070.0,15707.5,16352.5,15012.5,331321
2009-06-15,15300.0,15650.0,15250.0,15600.0,15180.0,15620.0,16337.5,15030.416666666666,632236
2009-06-16,15400.0,15800.0,15300.0,15550.0,15350.0,15532.5,16321.666666666666,15055.0,462849
2009-06-17,15550.0,15600.0,15300.0,15350.0,15390.0,15445.0,16299.166666666666,15082.5,263994
2009-06-18,15500.0,16100.0,15400.0,15950.0,15520.0,15427.5,16288.333333333334,15115.0,957785
2009-06-19,16150.0,16200.0,15750.0,16100.0,15710.0,15427.5,16285.0,15144.583333333334,622779
2009-06-22,16050.0,16300.0,15900.0,16200.0,15830.0,15417.5,16280.0,15169.583333333334,359112
2009-06-23,15850.0,16300.0,15700.0,15950.0,15910.0,15425.0,16279.166666666666,15195.416666666666,660779
2009-06-24,16000.0,16100.0,15250.0,15450.0,15930.0,15447.5,16264.166666666666,15217.083333333334,529093
2009-06-25,15500.0,15850.0,15300.0,15800.0,15900.0,15507.5,16247.5,15240.416666666666,299411
2009-06-26,15900.0,16100.0,15550.0,16100.0,15900.0,15567.5,16232.5,15261.25,304545
2009-06-29,16100.0,16200.0,15700.0,15900.0,15840.0,15570.0,16215.833333333334,15278.75,272192
2009-06-30,15950.0,16150.0,15850.0,16000.0,15850.0,15577.5,16214.166666666666,15291.25,299030
2009-07-01,16000.0,16050.0,15600.0,15850.0,15930.0,15570.0,16208.333333333334,15304.583333333334,273650
2009-07-02,15950.0,16450.0,15850.0,16350.0,16040.0,15635.0,16217.5,15323.333333333334,559259
2009-07-03,16150.0,16750.0,16100.0,16700.0,16160.0,15710.0,16230.833333333334,15345.416666666666,650477
2009-07-06,16600.0,16700.0,16350.0,16400.0,16260.0,15777.5,16229.166666666666,15362.083333333334,296626
2009-07-07,16450.0,16600.0,16200.0,16200.0,16300.0,15852.5,16227.5,15375.0,398057
2009-07-08,16100.0,16400.0,15800.0,16000.0,16330.0,15895.0,16224.166666666666,15396.666666666666,350271
2009-07-09,16000.0,16350.0,15950.0,16200.0,16300.0,15940.0,16214.166666666666,15414.166666666666,323143
2009-07-10,16300.0,16500.0,15750.0,15850.0,16130.0,15975.0,16192.5,15427.916666666666,472211
2009-07-13,15850.0,15850.0,14950.0,14950.0,15840.0,15942.5,16155.833333333334,15440.0,588638
2009-07-14,15200.0,15250.0,14650.0,14800.0,15560.0,15905.0,16124.166666666666,15455.833333333334,557625
2009-07-15,14850.0,15300.0,14750.0,15150.0,15390.0,15895.0,16099.166666666666,15477.5,655498
2009-07-16,15300.0,15400.0,14900.0,14950.0,15140.0,15845.0,16071.666666666666,15500.416666666666,525762
2009-07-17,15200.0,15250.0,15000.0,15100.0,14990.0,15795.0,16042.5,15519.166666666666,367116
2009-07-20,15200.0,15500.0,15150.0,15500.0,15100.0,15760.0,16024.166666666666,15542.916666666666,335117
2009-07-21,15650.0,15650.0,15250.0,15350.0,15210.0,15730.0,16006.666666666666,15562.916666666666,402513
2009-07-22,15450.0,15650.0,15300.0,15500.0,15280.0,15732.5,15994.166666666666,15585.833333333334,432804
2009-07-23,15600.0,15900.0,15500.0,15800.0,15450.0,15732.5,16002.5,15607.916666666666,442177
2009-07-24,15900.0,16000.0,15700.0,15800.0,15590.0,15717.5,16004.166666666666,15628.333333333334,504454
2009-07-27,15900.0,15950.0,15700.0,15900.0,15670.0,15717.5,16004.166666666666,15654.583333333334,479700
2009-07-28,15850.0,16300.0,15750.0,16250.0,15850.0,15730.0,16002.5,15680.0,675819
2009-07-29,16250.0,16650.0,16150.0,16600.0,16070.0,15767.5,15987.5,15705.0,903974
2009-07-30,16500.0,16800.0,16100.0,16500.0,16210.0,15775.0,15970.833333333334,15727.916666666666,1090457
2009-07-31,16700.0,17350.0,16450.0,17000.0,16450.0,15790.0,15958.333333333334,15748.75,1333012
2009-08-03,17200.0,17400.0,16850.0,17100.0,16690.0,15825.0,15943.333333333334,15771.666666666666,480765
2009-08-04,17300.0,17650.0,17150.0,17500.0,16940.0,15890.0,15941.666666666666,15797.916666666666,953723
2009-08-05,17750.0,17750.0,17300.0,17500.0,17120.0,15965.0,15945.0,15825.833333333334,553290
2009-08-06,17500.0,17500.0,17100.0,17500.0,17320.0,16030.0,15939.166666666666,15854.166666666666,392810
2009-08-07,17500.0,17700.0,17150.0,17250.0,17370.0,16100.0,15927.5,15871.666666666666,456200
2009-08-10,17300.0,17500.0,17150.0,17300.0,17410.0,16217.5,15926.666666666666,15885.0,295405
2009-08-11,17450.0,17950.0,17350.0,17750.0,17460.0,16365.0,15934.166666666666,15912.5,591292
2009-08-12,17750.0,17800.0,17450.0,17800.0,17520.0,16497.5,15945.833333333334,15939.583333333334,291202
2009-08-13,17950.0,18000.0,17550.0,17750.0,17570.0,16637.5,15970.0,15968.333333333334,303509
2009-08-14,17900.0,17900.0,17400.0,17600.0,17640.0,16762.5,15995.0,15999.166666666666,378938
2009-08-17,17150.0,17200.0,16250.0,16250.0,17430.0,16800.0,15992.5,16024.583333333334,1108000
2009-08-18,16250.0,16600.0,15850.0,15950.0,17070.0,16830.0,15995.0,16044.166666666666,381879
2009-08-19,16200.0,16450.0,15900.0,15900.0,16690.0,16850.0,16010.0,16066.666666666666,361209
2009-08-20,16000.0,16300.0,15600.0,15900.0,16320.0,16855.0,16031.666666666666,16090.833333333334,612937
2009-08-21,16000.0,16000.0,15600.0,15650.0,15930.0,16847.5,16044.166666666666,16111.25,397892
2009-08-24,15700.0,15800.0,15350.0,15450.0,15770.0,16825.0,16037.5,16133.333333333334,548239
2009-08-25,15350.0,15750.0,15350.0,15400.0,15660.0,16782.5,16030.0,16155.833333333334,293871
2009-08-26,15550.0,16350.0,15500.0,16200.0,15720.0,16762.5,16033.333333333334,16181.25,586860
2009-08-27,16100.0,16150.0,15800.0,15850.0,15710.0,16730.0,16046.666666666666,16194.166666666666,186709
2009-08-28,16000.0,16000.0,15600.0,15650.0,15710.0,16662.5,16054.166666666666,16203.333333333334,203811
2009-08-31,15650.0,15850.0,15000.0,15000.0,15620.0,16557.5,16053.333333333334,16206.25,512686
2009-09-01,15100.0,15400.0,15050.0,15200.0,15580.0,16442.5,16061.666666666666,16208.75,289223
2009-09-02,15000.0,15350.0,14900.0,15250.0,15390.0,16330.0,16063.333333333334,16208.75,291190
2009-09-03,15250.0,15250.0,14650.0,14800.0,15180.0,16195.0,16055.0,16205.0,728025
2009-09-04,14900.0,15000.0,14700.0,14700.0,14990.0,16067.5,16047.5,16200.0,329764
2009-09-07,14850.0,15050.0,14800.0,14850.0,14960.0,15945.0,16035.0,16186.25,247961
2009-09-08,14900.0,15300.0,14900.0,15300.0,14980.0,15822.5,16030.833333333334,16176.25,412339
2009-09-09,15400.0,15450.0,15050.0,15300.0,14990.0,15697.5,16030.0,16164.583333333334,324026
2009-09-10,15450.0,15650.0,15400.0,15600.0,15150.0,15590.0,16024.166666666666,16156.25,358755
2009-09-11,15650.0,15750.0,15400.0,15650.0,15340.0,15492.5,16016.666666666666,16150.833333333334,250974
2009-09-14,15750.0,15750.0,15400.0,15650.0,15500.0,15462.5,16007.5,16143.75,238875
2009-09-15,15700.0,16050.0,15600.0,16000.0,15640.0,15465.0,16008.333333333334,16143.75,604881
2009-09-16,16150.0,16400.0,16100.0,16200.0,15820.0,15480.0,16020.833333333334,16142.5,743732
2009-09-17,16450.0,16450.0,15850.0,15900.0,15880.0,15480.0,16022.5,16135.0,454290
2009-09-18,16000.0,16400.0,15850.0,16350.0,16020.0,15515.0,16026.666666666666,16129.583333333334,663378
2009-09-21,16400.0,16450.0,16200.0,16250.0,16140.0,15555.0,16032.5,16124.166666666666,198274
2009-09-22,16300.0,16350.0,15900.0,16050.0,16150.0,15587.5,16033.333333333334,16123.75,300214
2009-09-23,16100.0,16450.0,15900.0,16000.0,16110.0,15577.5,16035.833333333334,16122.083333333334,429370
2009-09-24,16000.0,16050.0,15700.0,15800.0,16090.0,15575.0,16026.666666666666,16122.083333333334,219625
2009-09-25,15800.0,15850.0,15500.0,15850.0,15990.0,15585.0,16012.5,16121.666666666666,165900
2009-09-28,15850.0,17200.0,15800.0,16700.0,16080.0,15670.0,16017.5,16123.333333333334,1649174
2009-09-29,17150.0,17900.0,17050.0,17500.0,16370.0,15785.0,16039.166666666666,16133.333333333334,2245529
2009-09-30,17450.0,17700.0,16900.0,17300.0,16630.0,15887.5,16060.833333333334,16142.5,732747
2009-10-01,17150.0,17300.0,16400.0,16900.0,16850.0,15992.5,16072.5,16143.333333333334,511679
2009-10-05,16700.0,17100.0,16500.0,16700.0,17020.0,16092.5,16086.666666666666,16139.583333333334,301178
2009-10-06,16950.0,16950.0,16350.0,16650.0,17010.0,16182.5,16115.0,16135.416666666666,344974
2009-10-07,16950.0,17350.0,16800.0,16950.0,16900.0,16265.0,16150.833333333334,16137.5,444489
2009-10-08,17150.0,17150.0,16750.0,17100.0,16860.0,16355.0,16183.333333333334,16141.25,384301
2009-10-09,17200.0,17500.0,16900.0,17100.0,16900.0,16430.0,16219.166666666666,16145.416666666666,433079
2009-10-12,17350.0,17350.0,16750.0,16900.0,16940.0,16492.5,16249.166666666666,16145.833333333334,192952
2009-10-13,17150.0,17500.0,16800.0,17000.0,17010.0,16560.0,16274.166666666666,16149.166666666666,650070
2009-10-14,17000.0,17400.0,16750.0,17300.0,17080.0,16625.0,16306.666666666666,16156.666666666666,358621
2009-10-15,17600.0,18000.0,17300.0,17750.0,17210.0,16702.5,16344.166666666666,16169.166666666666,1009724
2009-10-16,17800.0,18300.0,17800.0,18150.0,17420.0,16815.0,16383.333333333334,16192.916666666666,929831
2009-10-19,18050.0,18100.0,17700.0,17850.0,17610.0,16890.0,16417.5,16210.833333333334,330182
2009-10-20,18100.0,18150.0,17400.0,17700.0,17750.0,16962.5,16447.5,16225.833333333334,567290
2009-10-21,17600.0,18450.0,17550.0,18450.0,17980.0,17082.5,16484.166666666668,16243.333333333334,785026
2009-10-22,18300.0,18350.0,17850.0,18200.0,18070.0,17192.5,16510.833333333332,16249.166666666666,481221
2009-10-23,18300.0,18300.0,17800.0,18300.0,18100.0,17317.5,16540.833333333332,16255.833333333334,289292
2009-10-26,18050.0,18250.0,17700.0,18250.0,18180.0,17437.5,16561.666666666668,16260.0,412819
2009-10-27,18000.0,18500.0,17950.0,18000.0,18240.0,17502.5,16576.666666666668,16260.0,285549
2009-10-28,17900.0,17900.0,17350.0,17450.0,18040.0,17500.0,16575.833333333332,16258.75,520614
2009-10-29,17150.0,17550.0,17000.0,17350.0,17870.0,17502.5,16573.333333333332,16259.166666666666,436430
2009-10-30,17550.0,17750.0,17400.0,17700.0,17750.0,17542.5,16576.666666666668,16257.916666666666,266636
2009-11-02,17200.0,17300.0,16950.0,17100.0,17520.0,17562.5,16574.166666666668,16250.833333333334,304687
2009-11-03,17050.0,17550.0,17050.0,17200.0,17360.0,17590.0,16572.5,16249.583333333334,260115
2009-11-04,17450.0,17550.0,17150.0,17300.0,17330.0,17607.5,16565.0,16249.583333333334,196876
2009-11-05,17400.0,17550.0,17150.0,17350.0,17330.0,17620.0,16557.5,16251.666666666666,135951
2009-11-06,17600.0,17600.0,17100.0,17300.0,17250.0,17630.0,16550.0,16260.0,345923
2009-11-09,17300.0,17400.0,17050.0,17300.0,17290.0,17650.0,16545.0,16270.0,255563
2009-11-10,17450.0,17450.0,17000.0,17000.0,17250.0,17650.0,16557.5,16275.0,249859
2009-11-11,17100.0,17750.0,17000.0,17750.0,17340.0,17672.5,16587.5,16291.25,326300
2009-11-12,17800.0,17850.0,17500.0,17700.0,17410.0,17670.0,16617.5,16313.75,189570
2009-11-13,17700.0,18000.0,17500.0,17900.0,17530.0,17657.5,16650.833333333332,16341.25,255826
2009-11-16,17800.0,18100.0,17650.0,17900.0,17650.0,17660.0,16688.333333333332,16366.25,354873
2009-11-17,18000.0,18800.0,17800.0,18350.0,17920.0,17692.5,16736.666666666668,16387.083333333332,690546
2009-11-18,18400.0,18700.0,18300.0,18550.0,18080.0,17697.5,16789.166666666668,16409.583333333332,440708
2009-11-19,18600.0,18800.0,18350.0,18800.0,18300.0,17727.5,16832.5,16432.916666666668,370030
2009-11-20,18750.0,19050.0,18550.0,18700.0,18460.0,17747.5,16880.0,16463.333333333332,204352
2009-11-23,18650.0,18800.0,18350.0,18400.0,18560.0,17755.0,16925.833333333332,16490.0,241969
2009-11-24,18400.0,18900.0,18400.0,18700.0,18630.0,17790.0,16987.5,16520.416666666668,405228
2009-11-25,18900.0,19500.0,18550.0,19300.0,18780.0,17882.5,17055.833333333332,16558.75,574221
2009-11-26,19350.0,19600.0,18900.0,19200.0,18860.0,17975.0,17121.666666666668,16592.5,428864
2009-11-27,18800.0,19200.0,18500.0,18700.0,18860.0,18025.0,17186.666666666668,16620.833333333332,511221
2009-11-30,19000.0,19350.0,18750.0,19200.0,19020.0,18130.0,17261.666666666668,16654.583333333332,384762
2009-12-01,19200.0,19300.0,18850.0,19000.0,19080.0,18220.0,17330.833333333332,16682.916666666668,226998
2009-12-02,19300.0,19450.0,18900.0,19050.0,19030.0,18307.5,17393.333333333332,16712.083333333332,310981
2009-12-03,19050.0,19100.0,18700.0,19000.0,18990.0,18390.0,17455.0,16742.5,246137
2009-12-04,18900.0,19400.0,18700.0,19000.0,19050.0,18475.0,17511.666666666668,16767.916666666668,459922
2009-12-07,19100.0,19100.0,18500.0,18600.0,18930.0,18540.0,17560.833333333332,16788.75,439290
2009-12-08,18700.0,18850.0,18500.0,18750.0,18880.0,18627.5,17612.5,16810.0,351382
2009-12-09,18600.0,19100.0,18500.0,19000.0,18870.0,18690.0,17662.5,16835.416666666668,302241
2009-12-10,19100.0,19100.0,18550.0,18950.0,18860.0,18752.5,17708.333333333332,16864.583333333332,260212
2009-12-11,18950.0,18950.0,18450.0,18600.0,18780.0,18787.5,17753.333333333332,16887.916666666668,414788
2009-12-14,18650.0,19300.0,18500.0,19300.0,18920.0,18857.5,17802.5,16914.583333333332,547330
2009-12-15,19500.0,20650.0,19300.0,20650.0,19300.0,18972.5,17875.833333333332,16954.166666666668,1341064
2009-12-16,20500.0,20750.0,20250.0,20600.0,19620.0,19075.0,17951.666666666668,16992.5,372510
2009-12-17,20650.0,20950.0,20200.0,20350.0,19900.0,19152.5,18024.166666666668,17030.0,341643
2009-12-18,20250.0,21500.0,20150.0,21500.0,20480.0,19292.5,18119.166666666668,17072.916666666668,563245
2009-12-21,21500.0,21500.0,20750.0,20800.0,20780.0,19412.5,18201.666666666668,17107.083333333332,516335
2009-12-22,20900.0,20900.0,20200.0,20450.0,20740.0,19500.0,18264.166666666668,17140.833333333332,441545
2009-12-23,20550.0,21100.0,20250.0,20700.0,20760.0,19570.0,18317.5,17178.333333333332,360571
2009-12-24,20600.0,21050.0,20600.0,20800.0,20850.0,19650.0,18375.833333333332,17218.333333333332,204389
2009-12-28,20950.0,21150.0,20700.0,20700.0,20690.0,19750.0,18439.166666666668,17255.833333333332,231063
2009-12-29,20700.0,20850.0,20450.0,20600.0,20650.0,19820.0,18504.166666666668,17295.416666666668,118574
2009-12-30,20400.0,20950.0,20400.0,20600.0,20680.0,19900.0,18570.0,17342.5,249676
2010-01-04,20700.0,22000.0,20600.0,21950.0,20930.0,20045.0,18653.333333333332,17402.083333333332,494447
2010-01-05,22050.0,22650.0,21750.0,22300.0,21230.0,20210.0,18740.0,17461.666666666668,591959
2010-01-06,22300.0,22400.0,21650.0,22200.0,21530.0,20370.0,18825.0,17522.083333333332,511434
2010-01-07,22200.0,22350.0,21500.0,21550.0,21720.0,20517.5,18902.5,17575.833333333332,366978
2010-01-08,21550.0,22000.0,21150.0,21350.0,21870.0,20647.5,18975.0,17624.583333333332,343782
2010-01-11,21350.0,22450.0,21350.0,22350.0,21950.0,20815.0,19059.166666666668,17682.916666666668,687397
2010-01-12,22100.0,22350.0,21700.0,21750.0,21840.0,20955.0,19125.833333333332,17735.0,395961
2010-01-13,21700.0,22200.0,21450.0,21700.0,21740.0,21110.0,19185.0,17784.166666666668,336715
2010-01-14,22000.0,22900.0,21600.0,22600.0,21950.0,21275.0,19264.166666666668,17840.833333333332,589867
2010-01-15,22700.0,23550.0,22500.0,23550.0,22390.0,21420.0,19361.666666666668,17904.583333333332,642070
2010-01-18,23300.0,23750.0,22900.0,23550.0,22630.0,21567.5,19446.666666666668,17965.416666666668,278015
2010-01-19,23550.0,24000.0,23200.0,23200.0,22920.0,21710.0,19530.0,18020.416666666668,333495
2010-01-20,23500.0,23750.0,23300.0,23450.0,23270.0,21807.5,19615.833333333332,18078.333333333332,304485
2010-01-21,23200.0,23300.0,22650.0,22900.0,23330.0,21912.5,19693.333333333332,18127.5,302607
2010-01-22,22500.0,22650.0,21250.0,21650.0,22950.0,21972.5,19754.166666666668,18165.416666666668,600972
2010-01-25,21100.0,21900.0,20750.0,21900.0,22620.0,22032.5,19828.333333333332,18202.083333333332,605997
2010-01-26,21800.0,21900.0,20800.0,21300.0,22240.0,22057.5,19894.166666666668,18233.75,367714
2010-01-27,21200.0,21300.0,20550.0,20550.0,21660.0,22050.0,19941.666666666668,18259.166666666668,367649
2010-01-28,20700.0,20950.0,20100.0,20700.0,21220.0,22055.0,20001.666666666668,18287.916666666668,301469
2010-01-29,20300.0,20500.0,19700.0,19850.0,20860.0,22017.5,20045.833333333332,18309.166666666668,482665
2010-02-01,19750.0,20100.0,19600.0,19800.0,20440.0,21910.0,20087.5,18326.25,270674
2010-02-02,20100.0,20350.0,19900.0,20100.0,20200.0,21800.0,20133.333333333332,18345.416666666668,522193
2010-02-03,20450.0,20900.0,20350.0,20800.0,20250.0,21730.0,20191.666666666668,18370.833333333332,279730
2010-02-04,20800.0,21200.0,20550.0,21100.0,20330.0,21707.5,20255.0,18400.0,315138
2010-02-05,20100.0,20150.0,19700.0,20050.0,20370.0,21642.5,20305.833333333332,18431.666666666668,451539
2010-02-08,20100.0,20100.0,19100.0,19100.0,20230.0,21480.0,20328.333333333332,18457.916666666668,411853
2010-02-09,19000.0,19450.0,18850.0,19100.0,20030.0,21347.5,20351.666666666668,18484.583333333332,329698
2010-02-10,19400.0,19450.0,19050.0,19250.0,19720.0,21225.0,20374.166666666668,18512.5,233385
2010-02-11,19200.0,19700.0,19200.0,19450.0,19390.0,21067.5,20400.0,18544.166666666668,229287
2010-02-12,19500.0,19750.0,19200.0,19650.0,19310.0,20872.5,20421.666666666668,18579.166666666668,181123
2010-02-16,19600.0,19750.0,19500.0,19600.0,19410.0,20675.0,20439.166666666668,18614.166666666668,92846
2010-02-17,19900.0,20050.0,19700.0,19950.0,19580.0,20512.5,20458.333333333332,18645.416666666668,128482
2010-02-18,20050.0,20150.0,19750.0,20150.0,19760.0,20347.5,20482.5,18681.25,124831
2010-02-19,20000.0,20000.0,19350.0,19350.0,19740.0,20170.0,20498.333333333332,18712.083333333332,202947
2010-02-22,19550.0,20000.0,19550.0,19950.0,19800.0,20085.0,20519.166666666668,18753.333333333332,139074
2010-02-23,20050.0,20100.0,19750.0,20000.0,19880.0,19990.0,20530.833333333332,18793.333333333332,134604
2010-02-24,19700.0,20250.0,19700.0,20050.0,19900.0,19927.5,20545.0,18833.333333333332,122406
2010-02-25,20250.0,20250.0,19600.0,19650.0,19800.0,19882.5,20560.833333333332,18873.75,114028
2010-02-26,19850.0,20050.0,19550.0,20000.0,19930.0,19847.5,20574.166666666668,18917.916666666668,89945
2010-03-02,20050.0,20900.0,20050.0,20850.0,20110.0,19897.5,20605.0,18967.916666666668,213878
2010-03-03,20750.0,21150.0,20550.0,20800.0,20270.0,19947.5,20634.166666666668,19013.75,142629
2010-03-04,20800.0,20900.0,20450.0,20500.0,20360.0,19967.5,20659.166666666668,19057.083333333332,158378
2010-03-05,20650.0,21500.0,20650.0,21500.0,20730.0,20002.5,20700.833333333332,19106.25,374871
2010-03-08,21900.0,21900.0,21450.0,21850.0,21100.0,20040.0,20755.0,19157.916666666668,265255
2010-03-09,21850.0,22400.0,21850.0,22250.0,21380.0,20150.0,20813.333333333332,19212.916666666668,533523
2010-03-10,22300.0,22400.0,21900.0,21950.0,21610.0,20292.5,20862.5,19262.5,173689
2010-03-11,22200.0,22200.0,21300.0,21750.0,21860.0,20425.0,20909.166666666668,19308.75,440680
2010-03-12,21750.0,22100.0,21550.0,21950.0,21950.0,20560.0,20965.0,19359.166666666668,366101
2010-03-15,22100.0,22200.0,21500.0,21800.0,21940.0,20677.5,21006.666666666668,19404.583333333332,131496
2010-03-16,21800.0,21950.0,21650.0,21850.0,21860.0,20787.5,21026.666666666668,19451.25,171766
2010-03-17,22000.0,22400.0,21800.0,22200.0,21910.0,20917.5,21053.333333333332,19502.5,268644
2010-03-18,22050.0,22450.0,22000.0,22150.0,21990.0,21027.5,21083.333333333332,19553.75,153546
2010-03-19,22250.0,22300.0,21850.0,22100.0,22020.0,21125.0,21093.333333333332,19606.25,148994
2010-03-22,22250.0,22250.0,21150.0,21350.0,21930.0,21225.0,21102.5,19652.083333333332,250421
2010-03-23,21550.0,21600.0,21250.0,21250.0,21810.0,21290.0,21115.833333333332,19690.0,222432
2010-03-24,21550.0,22100.0,21450.0,21800.0,21730.0,21380.0,21134.166666666668,19725.833333333332,283573
2010-03-25,21900.0,23100.0,21850.0,22950.0,21890.0,21525.0,21170.0,19772.916666666668,827289
2010-03-26,23150.0,23250.0,22700.0,23000.0,22070.0,21692.5,21208.333333333332,19823.75,432696
2010-03-29,22600.0,22950.0,22400.0,22950.0,22390.0,21840.0,21247.5,19875.833333333332,335212
2010-03-30,23100.0,23100.0,22100.0,22450.0,22630.0,21920.0,21278.333333333332,19924.166666666668,504260
2010-03-31,22500.0,22850.0,22400.0,22700.0,22810.0,22015.0,21290.833333333332,19972.083333333332,264672
2010-04-01,22700.0,22800.0,22500.0,22800.0,22780.0,22130.0,21299.166666666668,20019.583333333332,340042
2010-04-02,22700.0,22850.0,22300.0,22400.0,22660.0,22175.0,21302.5,20063.75,402813
2010-04-05,22450.0,22650.0,21900.0,22050.0,22480.0,22185.0,21310.833333333332,20106.666666666668,685424
2010-04-06,22150.0,22400.0,22050.0,22150.0,22420.0,22180.0,21324.166666666668,20149.583333333332,299480
2010-04-07,22150.0,22950.0,22150.0,22650.0,22410.0,22215.0,21329.166666666668,20194.166666666668,491383
2010-04-08,22400.0,22600.0,22200.0,22550.0,22360.0,22255.0,21342.5,20234.166666666668,259565
2010-04-09,22550.0,22700.0,22200.0,22700.0,22420.0,22292.5,21359.166666666668,20272.083333333332,332511
2010-04-12,22750.0,23250.0,22600.0,22800.0,22570.0,22342.5,21362.5,20313.333333333332,497267
2010-04-13,22800.0,22950.0,22350.0,22800.0,22700.0,22390.0,21350.0,20355.833333333332,289759
2010-04-14,23000.0,23250.0,22750.0,23200.0,22810.0,22440.0,21344.166666666668,20395.416666666668,351283
2010-04-15,23500.0,24150.0,23400.0,24100.0,23120.0,22537.5,21359.166666666668,20444.583333333332,926524
2010-04-16,24200.0,24200.0,23450.0,23750.0,23330.0,22620.0,21364.166666666668,20490.0,389339
2010-04-19,23200.0,23450.0,22850.0,23000.0,23370.0,22702.5,21365.833333333332,20529.583333333332,379415
2010-04-20,23250.0,23550.0,23100.0,23300.0,23470.0,22805.0,21393.333333333332,20573.75,255570
2010-04-21,23300.0,23700.0,23150.0,23700.0,23570.0,22900.0,21423.333333333332,20625.833333333332,330951
2010-04-22,23600.0,24250.0,23450.0,23800.0,23510.0,22942.5,21465.0,20679.583333333332,502655
2010-04-23,23950.0,23950.0,23300.0,23500.0,23460.0,22967.5,21514.166666666668,20727.916666666668,295521
2010-04-26,23500.0,23700.0,23250.0,23350.0,23530.0,22987.5,21558.333333333332,20780.0,248440
2010-04-27,23350.0,23350.0,22600.0,22700.0,23410.0,23000.0,21605.833333333332,20825.833333333332,511392
2010-04-28,22000.0,22600.0,21900.0,22350.0,23140.0,22982.5,21648.333333333332,20867.916666666668,445491
2010-04-29,22300.0,22600.0,21800.0,22600.0,22900.0,22972.5,21690.0,20911.666666666668,419830
2010-04-30,22650.0,22850.0,22350.0,22450.0,22690.0,22975.0,21717.5,20954.583333333332,328011
2010-05-03,22450.0,22450.0,21800.0,22000.0,22420.0,22972.5,21732.5,20993.75,247227
2010-05-04,22200.0,22250.0,21550.0,21600.0,22200.0,22945.0,21758.333333333332,21032.083333333332,313035
2010-05-06,21200.0,21950.0,21100.0,21900.0,22110.0,22907.5,21805.0,21066.666666666668,343713
2010-05-07,21200.0,22500.0,21100.0,22400.0,22070.0,22900.0,21860.0,21105.833333333332,291980
2010-05-10,22250.0,22550.0,22150.0,22550.0,22090.0,22892.5,21915.0,21144.583333333332,286544
2010-05-11,22650.0,22700.0,22100.0,22650.0,22220.0,22885.0,21968.333333333332,21184.166666666668,223811
2010-05-12,22600.0,22600.0,22050.0,22050.0,22310.0,22847.5,22008.333333333332,21215.0,194845
2010-05-13,22150.0,22300.0,21900.0,22000.0,22330.0,22787.5,22048.333333333332,21243.75,294628
2010-05-14,21700.0,22750.0,21500.0,22450.0,22340.0,22705.0,22090.0,21274.166666666668,469179
2010-05-17,22200.0,23200.0,22000.0,22700.0,22370.0,22652.5,22132.5,21307.5,547262
2010-05-18,23000.0,23500.0,22100.0,22100.0,22260.0,22607.5,22178.333333333332,21338.333333333332,561987
2010-05-19,21800.0,22350.0,21550.0,22050.0,22260.0,22545.0,22213.333333333332,21366.25,241964
2010-05-20,22150.0,22200.0,20500.0,21700.0,22200.0,22445.0,22241.666666666668,21386.25,407272
2010-05-24,21100.0,21450.0,20700.0,20800.0,21870.0,22295.0,22254.166666666668,21399.583333333332,388100
2010-05-25,20450.0,20550.0,18850.0,19750.0,21280.0,22107.5,22255.833333333332,21408.333333333332,562741
2010-05-26,19800.0,20400.0,19800.0,19900.0,20840.0,21935.0,22254.166666666668,21414.166666666668,348797
2010-05-27,20000.0,20400.0,19700.0,20250.0,20480.0,21812.5,22244.166666666668,21424.583333333332,274621
2010-05-28,20500.0,21000.0,20400.0,20700.0,20280.0,21730.0,22242.5,21438.333333333332,217462
2010-05-31,20550.0,21850.0,20550.0,21200.0,20360.0,21660.0,22254.166666666668,21456.666666666668,314124
2010-06-01,21300.0,21700.0,20850.0,21150.0,20640.0,21595.0,22248.333333333332,21474.583333333332,131321
2010-06-03,21450.0,21650.0,21200.0,21650.0,20990.0,21577.5,22245.0,21500.0,128976
2010-06-04,21450.0,21650.0,21050.0,21600.0,21260.0,21577.5,22234.166666666668,21523.75,236113
2010-06-07,20800.0,21150.0,20750.0,21000.0,21320.0,21532.5,22218.333333333332,21540.416666666668,165559
2010-06-08,20900.0,21150.0,20800.0,20950.0,21270.0,21460.0,22205.0,21557.083333333332,137018
2010-06-09,21250.0,21700.0,21000.0,21500.0,21340.0,21407.5,22197.5,21581.25,247511
2010-06-10,21600.0,21650.0,21100.0,21150.0,21240.0,21332.5,22186.666666666668,21596.666666666668,207255
2010-06-11,21400.0,21700.0,21250.0,21600.0,21240.0,21310.0,22182.5,21604.583333333332,241832
2010-06-14,21750.0,21750.0,21400.0,21600.0,21360.0,21290.0,22172.5,21612.916666666668,149598
2010-06-15,21550.0,21700.0,21350.0,21550.0,21480.0,21245.0,22162.5,21622.916666666668,195307
2010-06-16,21650.0,21750.0,21350.0,21400.0,21460.0,21180.0,22150.833333333332,21622.083333333332,151730
2010-06-17,21400.0,22650.0,21350.0,22650.0,21760.0,21207.5,22172.5,21637.5,690313
2010-06-18,22650.0,22700.0,22400.0,22550.0,21950.0,21232.5,22194.166666666668,21655.0,224574
2010-06-21,22800.0,23150.0,22600.0,22800.0,22190.0,21287.5,22210.833333333332,21672.5,351306
2010-06-22,22600.0,23250.0,22600.0,23050.0,22490.0,21400.0,22212.5,21691.25,361977
2010-06-23,23000.0,23050.0,22600.0,22850.0,22780.0,21555.0,22210.0,21709.166666666668,212732
2010-06-24,22850.0,22950.0,22450.0,22500.0,22750.0,21685.0,22202.5,21725.0,210932
2010-06-25,22350.0,23250.0,22350.0,22750.0,22790.0,21810.0,22207.5,21742.916666666668,358808
2010-06-28,23200.0,24750.0,23100.0,24750.0,23180.0,22012.5,22241.666666666668,21766.25,1569906
2010-06-29,25000.0,25350.0,24300.0,24400.0,23450.0,22172.5,22268.333333333332,21783.75,1032840
2010-06-30,24150.0,25400.0,24050.0,24800.0,23840.0,22355.0,22308.333333333332,21805.416666666668,978091
2010-07-01,24800.0,26150.0,24400.0,26000.0,24540.0,22572.5,22374.166666666668,21842.5,951408
2010-07-02,26000.0,26350.0,25150.0,25600.0,25110.0,22772.5,22431.666666666668,21877.916666666668,671422
2010-07-05,25400.0,25600.0,24550.0,24850.0,25130.0,22965.0,22468.333333333332,21898.75,527971
2010-07-06,24850.0,25500.0,24350.0,25300.0,25310.0,23182.5,22514.166666666668,21928.333333333332,497276
2010-07-07,25500.0,25700.0,24650.0,24650.0,25280.0,23340.0,22546.666666666668,21952.916666666668,301567
2010-07-08,25000.0,25650.0,24750.0,25350.0,25150.0,23550.0,22589.166666666668,21975.833333333332,410331
2010-07-09,25650.0,26900.0,25400.0,26800.0,25390.0,23810.0,22655.833333333332,22002.916666666668,718325
2010-07-12,26600.0,26900.0,26450.0,26650.0,25750.0,24062.5,22713.333333333332,22028.75,499278
2010-07-13,26650.0,27150.0,26200.0,26350.0,25960.0,24302.5,22750.833333333332,22055.0,655797
2010-07-14,26700.0,27100.0,26100.0,26450.0,26320.0,24555.0,22795.833333333332,22080.0,518422
2010-07-15,26450.0,27400.0,26350.0,27000.0,26650.0,24772.5,22862.5,22114.166666666668,554757
2010-07-16,27100.0,27100.0,26350.0,26600.0,26610.0,24975.0,22917.5,22155.416666666668,337242
2010-07-19,26100.0,26600.0,26100.0,26500.0,26580.0,25160.0,22964.166666666668,22193.75,325450
2010-07-20,26500.0,26850.0,26250.0,26300.0,26570.0,25322.5,23005.833333333332,22235.416666666668,244715
2010-07-21,26600.0,26600.0,25850.0,26200.0,26520.0,25490.0,23050.833333333332,22282.5,389539
2010-07-22,26200.0,26900.0,26100.0,26350.0,26390.0,25682.5,23100.833333333332,22329.583333333332,559316
2010-07-23,26550.0,26600.0,24850.0,26100.0,26290.0,25850.0,23157.5,22381.666666666668,1195384
2010-07-26,26300.0,26900.0,26100.0,26900.0,26370.0,25957.5,23233.333333333332,22440.833333333332,352963
2010-07-27,26950.0,26950.0,26000.0,26000.0,26310.0,26037.5,23290.0,22490.0,366314
2010-07-28,26000.0,26800.0,25900.0,25950.0,26260.0,26095.0,23348.333333333332,22532.916666666668,321188
2010-07-29,25700.0,25900.0,25100.0,25450.0,26080.0,26067.5,23405.833333333332,22569.166666666668,539371
2010-07-30,25300.0,25750.0,25300.0,25500.0,25960.0,26062.5,23470.833333333332,22614.583333333332,272234
2010-08-02,25800.0,26700.0,25500.0,26650.0,25910.0,26152.5,23550.0,22677.5,440297
2010-08-03,26850.0,27050.0,26350.0,26750.0,26060.0,26225.0,23622.5,22741.25,337760
2010-08-04,26750.0,27150.0,26450.0,27100.0,26290.0,26347.5,23698.333333333332,22806.666666666668,384481
2010-08-05,26950.0,27600.0,26850.0,27050.0,26610.0,26432.5,23771.666666666668,22870.0,521249
2010-08-06,27000.0,27000.0,26200.0,26650.0,26840.0,26425.0,23848.333333333332,22928.333333333332,342716
2010-08-09,26500.0,26650.0,25750.0,26100.0,26730.0,26397.5,23916.666666666668,22982.5,277564
2010-08-10,26100.0,26400.0,25950.0,26000.0,26580.0,26380.0,23975.833333333332,23032.916666666668,261045
2010-08-11,26050.0,26100.0,25200.0,25500.0,26260.0,26332.5,24022.5,23077.5,282709
2010-08-12,25100.0,25500.0,25050.0,25300.0,25910.0,26247.5,24075.833333333332,23127.083333333332,146565
2010-08-13,25500.0,25600.0,25250.0,25350.0,25650.0,26185.0,24130.833333333332,23172.083333333332,191193
2010-08-16,25300.0,25750.0,24700.0,25700.0,25570.0,26145.0,24197.5,23219.583333333332,219114
2010-08-17,25700.0,26300.0,25550.0,26100.0,25590.0,26135.0,24285.833333333332,23270.0,244854
2010-08-18,26350.0,26450.0,25750.0,26450.0,25780.0,26147.5,24397.5,23326.666666666668,211582
2010-08-19,26450.0,26500.0,26050.0,26500.0,26020.0,26155.0,24507.5,23380.833333333332,187945
2010-08-20,26100.0,26500.0,26050.0,26300.0,26210.0,26165.0,24608.333333333332,23426.25,131215
2010-08-23,26300.0,28150.0,26250.0,28000.0,26670.0,26220.0,24730.0,23486.25,1018928
2010-08-24,28000.0,28300.0,27750.0,28050.0,27060.0,26322.5,24844.166666666668,23549.166666666668,439955
2010-08-25,27900.0,28550.0,27200.0,27200.0,27210.0,26385.0,24945.0,23596.666666666668,595303
2010-08-26,27500.0,27650.0,26900.0,27300.0,27370.0,26477.5,25039.166666666668,23642.083333333332,374598
2010-08-27,26950.0,27950.0,26800.0,27800.0,27670.0,26592.5,25142.5,23688.333333333332,264735
2010-08-30,28200.0,28300.0,27700.0,28000.0,27670.0,26660.0,25259.166666666668,23738.75,325702
2010-08-31,27900.0,28300.0,27800.0,28150.0,27690.0,26730.0,25379.166666666668,23792.083333333332,338133
2010-09-01,28400.0,29350.0,28150.0,29350.0,28120.0,26842.5,25510.0,23853.75,890817
2010-09-02,29400.0,29750.0,29050.0,29450.0,28550.0,26962.5,25648.333333333332,23917.5,599776
2010-09-03,29600.0,29750.0,29000.0,29400.0,28870.0,27100.0,25778.333333333332,23980.416666666668,339982
2010-09-06,29400.0,29700.0,28700.0,29400.0,29150.0,27265.0,25908.333333333332,24040.416666666668,286360
2010-09-07,29550.0,29700.0,28800.0,29200.0,29360.0,27425.0,26035.833333333332,24099.166666666668,277351
2010-09-08,28900.0,30100.0,28750.0,29950.0,29480.0,27647.5,26178.333333333332,24164.583333333332,408478
2010-09-09,30000.0,30600.0,29900.0,30150.0,29620.0,27890.0,26303.333333333332,24237.916666666668,451168
2010-09-10,30150.0,30850.0,30050.0,30800.0,29900.0,28162.5,26440.833333333332,24317.5,418284
2010-09-13,31000.0,31200.0,30350.0,30500.0,30120.0,28402.5,26569.166666666668,24390.0,420408
2010-09-14,30500.0,31150.0,29950.0,31150.0,30510.0,28655.0,26704.166666666668,24458.333333333332,472174
2010-09-15,31250.0,31400.0,30250.0,30600.0,30640.0,28862.5,26833.333333333332,24521.666666666668,431467
2010-09-16,30300.0,30500.0,29550.0,29800.0,30570.0,29027.5,26955.0,24578.75,429398
2010-09-17,30000.0,30050.0,29450.0,29750.0,30360.0,29200.0,27071.666666666668,24639.583333333332,498661
2010-09-20,29900.0,30050.0,29300.0,29800.0,30220.0,29290.0,27155.833333333332,24698.75,256000
2010-09-24,30000.0,31450.0,29950.0,31400.0,30270.0,29457.5,27272.5,24770.416666666668,494674
2010-09-27,31500.0,32500.0,31050.0,32250.0,30600.0,29710.0,27396.666666666668,24852.5,570507
2010-09-28,32250.0,32600.0,31800.0,32350.0,31110.0,29962.5,27502.5,24938.333333333332,344449
2010-09-29,32050.0,32850.0,31850.0,32300.0,31620.0,30187.5,27614.166666666668,25022.916666666668,293461
2010-09-30,32300.0,32800.0,31950.0,32650.0,32190.0,30420.0,27744.166666666668,25106.25,286107
2010-10-01,33000.0,33400.0,32550.0,32850.0,32480.0,30655.0,27870.0,25192.083333333332,248839
2010-10-04,32850.0,33100.0,31500.0,31800.0,32390.0,30777.5,27989.166666666668,25267.916666666668,501768
2010-10-05,31850.0,32100.0,31200.0,31800.0,32280.0,30895.0,28096.666666666668,25342.916666666668,294832
2010-10-06,32100.0,32150.0,31500.0,31950.0,32210.0,31022.5,28182.5,25419.166666666668,416133
2010-10-07,31950.0,31950.0,30200.0,30400.0,31760.0,31072.5,28245.0,25479.166666666668,935279
2010-10-08,30550.0,30750.0,30050.0,30200.0,31230.0,31122.5,28309.166666666668,25530.0,442357
2010-10-11,30550.0,30900.0,29750.0,29900.0,30850.0,31120.0,28366.666666666668,25581.25,358109
2010-10-12,30100.0,30400.0,29050.0,29450.0,30380.0,31085.0,28407.5,25635.0,1352130
2010-10-13,29550.0,29950.0,29000.0,29300.0,29850.0,31010.0,28452.5,25685.0,581542
2010-10-14,29400.0,30000.0,28800.0,30000.0,29770.0,30985.0,28510.833333333332,25737.5,1148157
2010-10-15,29850.0,30450.0,29500.0,30050.0,29740.0,30930.0,28573.333333333332,25789.583333333332,816329
2010-10-18,30450.0,30450.0,29300.0,29400.0,29640.0,30870.0,28626.666666666668,25838.75,470588
2010-10-19,29600.0,29650.0,28350.0,28800.0,29510.0,30820.0,28667.5,25884.166666666668,764024
2010-10-20,28350.0,28700.0,28300.0,28600.0,29370.0,30762.5,28709.166666666668,25933.333333333332,532918
2010-10-21,28600.0,29350.0,28400.0,29350.0,29240.0,30740.0,28750.0,25991.666666666668,551768
2010-10-22,29300.0,29450.0,28700.0,29000.0,29030.0,30620.0,28800.0,26045.0,413405
2010-10-25,29150.0,30000.0,28600.0,30000.0,29150.0,30507.5,28867.5,26107.916666666668,646129
2010-10-26,30200.0,30300.0,29550.0,29700.0,29330.0,30375.0,28938.333333333332,26172.083333333332,654965
2010-10-27,29800.0,29850.0,29000.0,29150.0,29440.0,30217.5,28999.166666666668,26235.0,512892
2010-10-28,29150.0,29750.0,29150.0,29500.0,29470.0,30060.0,29046.666666666668,26298.333333333332,276439
2010-10-29,29500.0,29500.0,28600.0,28650.0,29400.0,29850.0,29078.333333333332,26350.416666666668,319593
2010-11-01,28850.0,28950.0,28300.0,28750.0,29150.0,29697.5,29105.833333333332,26402.083333333332,453965
2010-11-02,28750.0,29150.0,27750.0,28150.0,28840.0,29515.0,29124.166666666668,26447.916666666668,697437
2010-11-03,28150.0,28500.0,27800.0,28100.0,28630.0,29322.5,29148.333333333332,26498.333333333332,464400
2010-11-04,28350.0,29650.0,28200.0,29500.0,28630.0,29277.5,29205.0,26560.833333333332,797934
2010-11-05,29850.0,30300.0,29550.0,29550.0,28810.0,29245.0,29264.166666666668,26620.0,829287
2010-11-08,30000.0,30100.0,29500.0,29700.0,29000.0,29235.0,29334.166666666668,26678.333333333332,322035
2010-11-09,29700.0,29850.0,28800.0,28950.0,29160.0,29210.0,29395.0,26735.416666666668,392191
2010-11-10,28650.0,29800.0,28650.0,29500.0,29440.0,29220.0,29464.166666666668,26797.5,381782
2010-11-11,29650.0,29650.0,28450.0,28450.0,29230.0,29142.5,29510.0,26853.75,401593
2010-11-12,28750.0,29000.0,27250.0,29000.0,29120.0,29090.0,29558.333333333332,26922.083333333332,571307
2010-11-15,28550.0,28700.0,28050.0,28400.0,28860.0,29040.0,29590.833333333332,26994.166666666668,252621
2010-11-16,28200.0,28400.0,27350.0,28000.0,28670.0,29000.0,29615.833333333332,27061.666666666668,454071
2010-11-17,27500.0,27950.0,27500.0,27650.0,28300.0,28952.5,29638.333333333332,27123.333333333332,233177
2010-11-18,27800.0,29800.0,27750.0,29550.0,28520.0,28962.5,29664.166666666668,27197.083333333332,1021078
2010-11-19,29850.0,29850.0,29350.0,29600.0,28640.0,28992.5,29690.0,27267.083333333332,395004
2010-11-22,30000.0,31600.0,29900.0,30950.0,29150.0,29040.0,29752.5,27348.75,1727984
2010-11-23,31000.0,31350.0,30350.0,30550.0,29660.0,29082.5,29806.666666666668,27422.916666666668,764817
2010-11-24,29500.0,30650.0,29500.0,30250.0,30180.0,29137.5,29847.5,27495.0,741803
2010-11-25,30500.0,30700.0,29250.0,29500.0,30170.0,29137.5,29872.5,27565.833333333332,712721
2010-11-26,29600.0,29700.0,28250.0,28800.0,30010.0,29145.0,29883.333333333332,27631.25,724228
2010-11-29,28400.0,28900.0,28000.0,28200.0,29460.0,29117.5,29864.166666666668,27687.083333333332,488244
2010-11-30,28300.0,29350.0,28300.0,28950.0,29140.0,29157.5,29855.833333333332,27752.083333333332,641013
2010-12-01,29000.0,29450.0,28750.0,29050.0,28900.0,29205.0,29850.0,27814.166666666668,358194
2010-12-02,29450.0,29700.0,29050.0,29200.0,28840.0,29190.0,29846.666666666668,27877.5,554325
2010-12-03,29850.0,31350.0,29800.0,30200.0,29120.0,29222.5,29863.333333333332,27949.583333333332,2013848
2010-12-06,30300.0,30600.0,29800.0,29900.0,29460.0,29232.5,29862.5,28020.416666666668,634038
2010-12-07,29900.0,30400.0,29650.0,29800.0,29630.0,29275.0,29856.666666666668,28080.0,507610
2010-12-08,29800.0,29900.0,29100.0,29250.0,29670.0,29262.5,29830.833333333332,28135.833333333332,543305
2010-12-09,29250.0,29400.0,28750.0,28850.0,29600.0,29282.5,29803.333333333332,28186.25,813773
2010-12-10,29050.0,29300.0,28700.0,29000.0,29360.0,29282.5,29767.5,28235.833333333332,609221
2010-12-13,29150.0,29200.0,28700.0,29000.0,29180.0,29312.5,29740.833333333332,28287.083333333332,412157
2010-12-14,29000.0,29200.0,28650.0,28800.0,28980.0,29352.5,29724.166666666668,28339.583333333332,562873
2010-12-15,28900.0,29900.0,28900.0,29700.0,29070.0,29455.0,29723.333333333332,28397.5,853501
2010-12-16,29550.0,30350.0,29150.0,29200.0,29140.0,29437.5,29713.333333333332,28434.583333333332,909773
2010-12-17,29350.0,29550.0,28800.0,28850.0,29110.0,29400.0,29670.833333333332,28471.666666666668,632104
2010-12-20,28450.0,28500.0,27900.0,28100.0,28930.0,29257.5,29601.666666666668,28499.166666666668,747816
2010-12-21,28450.0,28700.0,28100.0,28600.0,28890.0,29160.0,29539.166666666668,28520.833333333332,589120
2010-12-22,28600.0,28850.0,28200.0,28250.0,28600.0,29060.0,29471.666666666668,28542.916666666668,378724
2010-12-23,28350.0,28500.0,27900.0,28200.0,28400.0,28995.0,29397.5,28570.833333333332,334768
2010-12-24,28200.0,28350.0,27300.0,27300.0,28090.0,28920.0,29305.0,28587.5,767656
2010-12-27,27300.0,27950.0,27100.0,27900.0,28050.0,28905.0,29240.0,28614.583333333332,307337
2010-12-28,27750.0,28000.0,27550.0,27600.0,27850.0,28837.5,29170.0,28633.333333333332,323449
2010-12-29,27500.0,28100.0,27500.0,28050.0,27810.0,28787.5,29105.0,28643.75,233140
2010-12-30,28200.0,28200.0,27750.0,27750.0,27720.0,28715.0,29060.833333333332,28652.916666666668,225262
2011-01-03,27850.0,28150.0,27450.0,28150.0,27890.0,28612.5,29026.666666666668,28667.916666666668,417179
2011-01-04,28300.0,28800.0,28000.0,28800.0,28070.0,28557.5,29008.333333333332,28687.5,561202
2011-01-05,28700.0,28950.0,28300.0,28400.0,28230.0,28487.5,28990.833333333332,28699.166666666668,411068
2011-01-06,28550.0,28700.0,27850.0,28000.0,28220.0,28425.0,28969.166666666668,28710.833333333332,431712
2011-01-07,28000.0,28450.0,27800.0,28100.0,28290.0,28387.5,28937.5,28724.166666666668,380335
2011-01-10,28200.0,28350.0,27750.0,27850.0,28230.0,28330.0,28900.833333333332,28737.083333333332,413135
2011-01-11,27750.0,28000.0,27500.0,27600.0,27990.0,28260.0,28870.833333333332,28748.75,441792
2011-01-12,27550.0,28100.0,27250.0,27300.0,27770.0,28185.0,28845.833333333332,28756.666666666668,491990
2011-01-13,27400.0,27550.0,27000.0,27150.0,27600.0,28057.5,28821.666666666668,28765.416666666668,488806
2011-01-14,27350.0,27900.0,27200.0,27450.0,27470.0,27970.0,28790.0,28770.0,591862
2011-01-17,27650.0,27800.0,27100.0,27100.0,27320.0,27882.5,28758.333333333332,28779.166666666668,430798
2011-01-18,27100.0,27100.0,26550.0,26600.0,27120.0,27807.5,28701.666666666668,28784.583333333332,583065
2011-01-19,26700.0,26700.0,25950.0,26200.0,26900.0,27687.5,28643.333333333332,28790.833333333332,774475
2011-01-20,26100.0,26900.0,25950.0,26500.0,26770.0,27600.0,28599.166666666668,28799.166666666668,544173
2011-01-21,26400.0,26950.0,25900.0,26200.0,26520.0,27500.0,28544.166666666668,28795.416666666668,426119
2011-01-24,26000.0,27450.0,26000.0,27450.0,26590.0,27507.5,28524.166666666668,28801.25,792915
2011-01-25,27550.0,28100.0,27300.0,27700.0,26810.0,27497.5,28506.666666666668,28806.25,815351
2011-01-26,27950.0,28000.0,27650.0,27800.0,27130.0,27507.5,28500.833333333332,28812.5,456687
2011-01-27,27900.0,28450.0,27850.0,28350.0,27500.0,27522.5,28505.0,28826.666666666668,786237
2011-01-28,28450.0,29100.0,28400.0,28800.0,28020.0,27575.0,28493.333333333332,28849.166666666668,1059326
2011-01-31,28350.0,28550.0,28000.0,28350.0,28200.0,27585.0,28473.333333333332,28868.75,369066
2011-02-01,28400.0,28650.0,27700.0,27850.0,28230.0,27537.5,28442.5,28888.333333333332,374463
2011-02-07,28100.0,28250.0,27650.0,27650.0,28200.0,27500.0,28420.833333333332,28907.916666666668,476300
2011-02-08,27750.0,28400.0,27750.0,28250.0,28180.0,27512.5,28400.0,28932.083333333332,433071
2011-02-09,28450.0,28900.0,28300.0,28400.0,28100.0,27527.5,28399.166666666668,28954.583333333332,499985
2011-02-10,28500.0,28650.0,27900.0,28200.0,28070.0,27545.0,28385.833333333332,28972.083333333332,228381
2011-02-11,28200.0,28200.0,27100.0,27200.0,27940.0,27525.0,28365.833333333332,28978.333333333332,306002
2011-02-14,27450.0,27700.0,27050.0,27250.0,27860.0,27522.5,28353.333333333332,28984.583333333332,209950
2011-02-15,27250.0,27700.0,26800.0,27600.0,27730.0,27545.0,28352.5,28995.416666666668,206547
2011-02-16,27600.0,27800.0,26750.0,27150.0,27480.0,27530.0,28312.5,28988.333333333332,442385
2011-02-17,26900.0,27700.0,26900.0,27600.0,27360.0,27555.0,28279.166666666668,28984.583333333332,429707
2011-02-18,27700.0,28500.0,27450.0,28250.0,27570.0,27637.5,28234.166666666668,28993.333333333332,560232
2011-02-21,28400.0,28600.0,28000.0,28400.0,27800.0,27747.5,28198.333333333332,29002.5,259039
2011-02-22,28350.0,28350.0,27300.0,28000.0,27880.0,27822.5,28160.833333333332,29004.166666666668,374579
2011-02-23,27750.0,28000.0,27450.0,27550.0,27960.0,27890.0,28128.333333333332,29000.416666666668,177940
2011-02-24,27300.0,27600.0,26850.0,27050.0,27850.0,27870.0,28099.166666666668,28991.25,240039
2011-02-25,26850.0,27550.0,26800.0,27550.0,27710.0,27862.5,28088.333333333332,28976.25,243924
2011-02-28,27350.0,27400.0,26750.0,26900.0,27410.0,27817.5,28054.166666666668,28955.0,199259
2011-03-02,26300.0,26750.0,25900.0,26500.0,27110.0,27725.0,28011.666666666668,28930.833333333332,258542
2011-03-03,26400.0,27050.0,26350.0,27000.0,27000.0,27635.0,27975.0,28910.833333333332,254842
2011-03-04,27000.0,27250.0,26900.0,27250.0,27040.0,27580.0,27925.833333333332,28894.583333333332,268827
2011-03-07,26900.0,27350.0,26900.0,27200.0,26970.0,27547.5,27880.833333333332,28871.666666666668,218156
2011-03-08,27000.0,27300.0,26850.0,27250.0,27040.0,27527.5,27838.333333333332,28847.5,237227
2011-03-09,27200.0,27800.0,26300.0,26500.0,27040.0,27440.0,27792.5,28811.666666666668,567474
2011-03-10,26500.0,26500.0,25650.0,25900.0,26820.0,27315.0,27743.333333333332,28773.333333333332,409576
2011-03-11,25600.0,25750.0,25050.0,25400.0,26450.0,27175.0,27683.333333333332,28725.416666666668,442978
2011-03-14,23200.0,23750.0,21700.0,22900.0,25590.0,26960.0,27581.666666666668,28661.25,2478901
2011-03-15,22950.0,23550.0,21500.0,22650.0,24670.0,26730.0,27479.166666666668,28601.666666666668,1189469
2011-03-16,22950.0,23250.0,22100.0,22900.0,23950.0,26495.0,27365.833333333332,28544.583333333332,1099418
2011-03-17,22200.0,23050.0,22050.0,23050.0,23380.0,26290.0,27263.333333333332,28488.333333333332,576643
2011-03-18,23200.0,24300.0,22900.0,24300.0,23160.0,26125.0,27187.5,28429.166666666668,1038654
2011-03-21,24850.0,25500.0,24750.0,24750.0,23530.0,25950.0,27131.666666666668,28366.666666666668,1310037
2011-03-22,24800.0,24900.0,24050.0,24450.0,23890.0,25752.5,27062.5,28300.833333333332,454197
2011-03-23,24250.0,24400.0,23950.0,24400.0,24190.0,25572.5,26998.333333333332,28235.0,381052
2011-03-24,24300.0,24400.0,23900.0,24050.0,24390.0,25397.5,26929.166666666668,28163.333333333332,667955
2011-03-25,24200.0,24550.0,24050.0,24400.0,24410.0,25265.0,26880.833333333332,28092.916666666668,512603
2011-03-28,24200.0,24500.0,23950.0,24050.0,24270.0,25090.0,26816.666666666668,28028.333333333332,303085
2011-03-29,24050.0,24700.0,24050.0,24550.0,24290.0,24972.5,26765.833333333332,27967.916666666668,327054
2011-03-30,24500.0,25450.0,24450.0,25100.0,24430.0,24902.5,26716.666666666668,27910.833333333332,535382
2011-03-31,25150.0,25550.0,24700.0,25550.0,24730.0,24830.0,26680.0,27870.416666666668,689460
2011-04-01,25500.0,25500.0,25050.0,25300.0,24910.0,24732.5,26632.5,27829.583333333332,475109
2011-04-04,25350.0,25500.0,24650.0,25400.0,25180.0,24642.5,26575.833333333332,27792.083333333332,639298
2011-04-05,25400.0,25400.0,24850.0,24900.0,25250.0,24525.0,26517.5,27754.166666666668,362194
2011-04-06,24700.0,24800.0,24250.0,24400.0,25110.0,24420.0,26457.5,27713.333333333332,559550
2011-04-07,24500.0,24500.0,24200.0,24250.0,24850.0,24337.5,26393.333333333332,27665.416666666668,266267
2011-04-08,24200.0,24700.0,24100.0,24400.0,24670.0,24287.5,26335.833333333332,27618.333333333332,292437
2011-04-11,24750.0,24750.0,23800.0,23800.0,24350.0,24332.5,26272.5,27571.666666666668,466450
2011-04-12,23500.0,23650.0,23000.0,23200.0,24010.0,24360.0,26204.166666666668,27525.0,568908
2011-04-13,22950.0,23600.0,22950.0,23500.0,23830.0,24390.0,26143.333333333332,27482.5,231382
2011-04-14,23300.0,23950.0,23300.0,23700.0,23720.0,24422.5,26080.833333333332,27435.416666666668,311886
2011-04-15,23900.0,24600.0,23700.0,24350.0,23710.0,24425.0,26035.0,27396.666666666668,476870
2011-04-18,24750.0,25500.0,24700.0,25100.0,23970.0,24442.5,26010.0,27355.833333333332,834461
2011-04-19,25050.0,25300.0,24600.0,24650.0,24260.0,24452.5,25984.166666666668,27313.75,368642
2011-04-20,25000.0,25300.0,24700.0,24950.0,24550.0,24480.0,25958.333333333332,27278.75,452386
2011-04-21,25000.0,25050.0,24250.0,24750.0,24760.0,24515.0,25934.166666666668,27239.166666666668,422104
2011-04-22,24750.0,24800.0,24150.0,24250.0,24740.0,24507.5,25880.833333333332,27202.5,478769
2011-04-25,24550.0,25750.0,24500.0,25550.0,24830.0,24582.5,25845.0,27175.833333333332,752418
2011-04-26,25850.0,26450.0,25200.0,26200.0,25140.0,24665.0,25818.333333333332,27159.583333333332,892994
2011-04-27,26500.0,26600.0,25750.0,26300.0,25410.0,24725.0,25784.166666666668,27144.583333333332,644786
2011-04-28,26450.0,26450.0,25850.0,26000.0,25660.0,24747.5,25737.5,27115.416666666668,313151
2011-04-29,26200.0,26700.0,25900.0,26350.0,26080.0,24800.0,25704.166666666668,27088.75,510062
2011-05-02,26500.0,27250.0,26050.0,27250.0,26420.0,24892.5,25694.166666666668,27068.333333333332,892217
2011-05-03,27200.0,27250.0,26100.0,26100.0,26400.0,24952.5,25668.333333333332,27044.583333333332,661591
2011-05-04,26150.0,26200.0,25300.0,25300.0,26200.0,24997.5,25619.166666666668,27009.583333333332,506368
2011-05-06,25100.0,25650.0,25000.0,25300.0,26060.0,25050.0,25567.5,26983.333333333332,256105
2011-05-09,25200.0,25850.0,25100.0,25650.0,25920.0,25112.5,25525.0,26955.416666666668,223564
2011-05-11,25650.0,27100.0,25650.0,27100.0,25890.0,25277.5,25523.333333333332,26944.583333333332,992429
2011-05-12,26900.0,27600.0,26650.0,27200.0,26110.0,25477.5,25522.5,26937.916666666668,935118
2011-05-13,27700.0,28150.0,27450.0,27950.0,26640.0,25700.0,25528.333333333332,26940.416666666668,1044787
2011-05-16,27800.0,28050.0,27600.0,27700.0,27120.0,25900.0,25537.5,26925.0,609143
2011-05-17,27650.0,27850.0,26950.0,27250.0,27440.0,26045.0,25531.666666666668,26905.416666666668,408595
2011-05-18,27100.0,27550.0,26750.0,27000.0,27420.0,26140.0,25510.833333333332,26872.5,456354
2011-05-19,27000.0,28000.0,26800.0,27250.0,27430.0,26270.0,25491.666666666668,26845.0,697304
2011-05-20,27500.0,27700.0,26850.0,27600.0,27360.0,26402.5,25485.0,26822.916666666668,353975
2011-05-23,27300.0,27350.0,26400.0,26400.0,27100.0,26485.0,25465.833333333332,26797.083333333332,466754
2011-05-24,26150.0,27900.0,26050.0,27900.0,27230.0,26667.5,25480.0,26789.583333333332,750914
2011-05-25,27900.0,28000.0,27150.0,27700.0,27370.0,26775.0,25482.5,26785.416666666668,486923
2011-05-26,28000.0,28950.0,27750.0,28900.0,27700.0,26910.0,25515.833333333332,26785.0,955538
2011-05-27,29000.0,29200.0,28600.0,28800.0,27940.0,27035.0,25554.166666666668,26782.916666666668,402602
2011-05-30,29200.0,29200.0,28500.0,28900.0,28440.0,27180.0,25585.833333333332,26780.416666666668,447444
2011-05-31,29200.0,29200.0,28700.0,29000.0,28660.0,27312.5,25615.0,26770.416666666668,447505
2011-06-01,29000.0,29100.0,28100.0,28200.0,28760.0,27360.0,25631.666666666668,26756.25,667719
2011-06-02,27800.0,28500.0,27750.0,28200.0,28620.0,27465.0,25647.5,26742.916666666668,280661
2011-06-03,28500.0,28700.0,28000.0,28250.0,28510.0,27612.5,25676.666666666668,26734.583333333332,270636
2011-06-07,28400.0,28550.0,27700.0,28100.0,28350.0,27752.5,25713.333333333332,26728.333333333332,268307
2011-06-08,28000.0,28650.0,27900.0,28500.0,28250.0,27895.0,25765.0,26724.166666666668,298148
2011-06-09,28400.0,28500.0,28050.0,28450.0,28300.0,27962.5,25857.5,26719.583333333332,265307
2011-06-10,28700.0,28750.0,27650.0,27700.0,28200.0,27987.5,25941.666666666668,26710.416666666668,288018
2011-06-13,27500.0,27950.0,27050.0,27650.0,28080.0,27972.5,26020.833333333332,26693.333333333332,254177
2011-06-14,27700.0,28250.0,27600.0,27650.0,27990.0,27970.0,26097.5,26680.416666666668,322965
2011-06-15,27900.0,28500.0,27350.0,28500.0,27990.0,28032.5,26167.5,26677.5,386452
2011-06-16,28200.0,28750.0,28000.0,28000.0,27900.0,28082.5,26221.666666666668,26676.666666666668,268221
2011-06-17,28400.0,28450.0,27500.0,27500.0,27860.0,28095.0,26272.5,26667.5,312312
2011-06-20,27450.0,28300.0,27200.0,28000.0,27930.0,28115.0,26332.5,26665.416666666668,230080
2011-06-21,28100.0,28300.0,27500.0,28000.0,28000.0,28195.0,26398.333333333332,26663.75,312731
2011-06-22,28000.0,28750.0,27750.0,28500.0,28000.0,28225.0,26466.666666666668,26673.75,393101
2011-06-23,28400.0,28850.0,28100.0,28350.0,28070.0,28257.5,26538.333333333332,26677.5,350844
2011-06-24,28500.0,28700.0,28100.0,28600.0,28290.0,28242.5,26605.833333333332,26685.833333333332,426886
2011-06-27,28250.0,28350.0,27600.0,28050.0,28300.0,28205.0,26655.0,26685.833333333332,379552
2011-06-28,28250.0,28250.0,27050.0,27050.0,28110.0,28112.5,26680.0,26680.0,501405
2011-06-29,27300.0,27400.0,26700.0,27150.0,27840.0,28020.0,26710.833333333332,26671.666666666668,630351
2011-06-30,27150.0,27750.0,27000.0,27050.0,27580.0,27962.5,26738.333333333332,26657.083333333332,323645
2011-07-01,27300.0,27350.0,26900.0,27050.0,27270.0,27905.0,26774.166666666668,26645.833333333332,425726
2011-07-04,27200.0,27250.0,26850.0,27200.0,27100.0,27852.5,26820.833333333332,26639.166666666668,494299
2011-07-05,27200.0,27200.0,26850.0,27000.0,27090.0,27797.5,26866.666666666668,26630.0,320239
2011-07-06,26900.0,27000.0,26200.0,26450.0,26950.0,27695.0,26900.833333333332,26618.333333333332,729420
2011-07-07,26700.0,26850.0,26350.0,26450.0,26830.0,27595.0,26945.0,26608.75,537840
2011-07-08,26550.0,26700.0,26050.0,26200.0,26660.0,27520.0,26995.0,26599.583333333332,451359
2011-07-11,26350.0,26800.0,26300.0,26750.0,26570.0,27475.0,27049.166666666668,26596.25,384404
2011-07-12,26350.0,26650.0,26300.0,26550.0,26480.0,27420.0,27096.666666666668,26588.75,267460
2011-07-13,26650.0,28450.0,26650.0,28400.0,26870.0,27415.0,27164.166666666668,26599.583333333332,1435085
2011-07-14,28350.0,28850.0,27900.0,28550.0,27290.0,27442.5,27221.666666666668,26615.833333333332,1015454
2011-07-15,28550.0,29900.0,28350.0,29900.0,28030.0,27562.5,27309.166666666668,26646.666666666668,1395750
2011-07-18,29800.0,30300.0,29400.0,29950.0,28670.0,27660.0,27392.5,26675.416666666668,805418
2011-07-19,29900.0,30350.0,29650.0,30350.0,29430.0,27777.5,27485.833333333332,26710.0,622797
2011-07-20,30450.0,30500.0,29850.0,30200.0,29790.0,27862.5,27585.0,26732.916666666668,384903
2011-07-21,30300.0,30800.0,29750.0,30600.0,30200.0,27975.0,27669.166666666668,26757.083333333332,586238
2011-07-22,30750.0,32000.0,30400.0,31950.0,30610.0,28142.5,27765.0,26791.666666666668,1063366
2011-07-25,31650.0,32400.0,31500.0,31800.0,30980.0,28330.0,27856.666666666668,26820.416666666668,481723
2011-07-26,31800.0,32150.0,31150.0,32000.0,31310.0,28577.5,27956.666666666668,26847.083333333332,488364
2011-07-27,31800.0,32000.0,30400.0,31500.0,31570.0,28795.0,28042.5,26873.333333333332,739732
2011-07-28,30900.0,31450.0,30300.0,31350.0,31720.0,29010.0,28110.833333333332,26902.5,891311
2011-07-29,31000.0,31200.0,30600.0,30700.0,31470.0,29192.5,28187.5,26927.916666666668,208039
2011-08-01,30550.0,31000.0,29500.0,30950.0,31300.0,29380.0,28281.666666666668,26950.416666666668,1235936
2011-08-02,30750.0,31200.0,30500.0,30950.0,31090.0,29577.5,28375.833333333332,26971.666666666668,474212
2011-08-03,30350.0,30900.0,30100.0,30800.0,30950.0,29795.0,28461.666666666668,26993.333333333332,372611
2011-08-04,31300.0,31950.0,30750.0,31350.0,30950.0,30040.0,28532.5,27027.916666666668,746474
2011-08-05,29900.0,30900.0,29000.0,30600.0,30930.0,30260.0,28589.166666666668,27055.833333333332,792063
2011-08-08,30200.0,30600.0,26300.0,29100.0,30560.0,30377.5,28608.333333333332,27068.333333333332,1165460
2011-08-09,28200.0,28900.0,26000.0,27700.0,29910.0,30435.0,28608.333333333332,27072.916666666668,531650
2011-08-10,29000.0,29100.0,27500.0,27700.0,29290.0,30400.0,28615.833333333332,27073.75,644716
2011-08-11,26200.0,28450.0,26200.0,28250.0,28670.0,30385.0,28636.666666666668,27073.75,415529
2011-08-12,28650.0,29550.0,28350.0,28650.0,28280.0,30322.5,28660.0,27075.833333333332,507748
2011-08-16,29500.0,30800.0,29350.0,30750.0,28610.0,30362.5,28712.5,27098.75,518065
2011-08-17,30500.0,31650.0,30100.0,31400.0,29350.0,30415.0,28795.833333333332,27130.833333333332,485694
2011-08-18,31900.0,32350.0,31450.0,32100.0,30230.0,30510.0,28865.833333333332,27172.916666666668,793405
2011-08-19,31000.0,32000.0,30350.0,30800.0,30740.0,30520.0,28917.5,27200.0,532022
2011-08-22,31150.0,31600.0,29750.0,30000.0,31010.0,30422.5,28935.833333333332,27225.833333333332,455799
2011-08-23,30600.0,30800.0,29600.0,29850.0,30830.0,30325.0,28953.333333333332,27253.75,491621
2011-08-24,30300.0,30850.0,28350.0,30850.0,30720.0,30267.5,28985.833333333332,27285.833333333332,575792
2011-08-25,31050.0,31350.0,29950.0,30500.0,30400.0,30217.5,29010.833333333332,27312.916666666668,332732
2011-08-26,29900.0,30350.0,28600.0,28700.0,29980.0,30085.0,29019.166666666668,27325.416666666668,762685
2011-08-29,28700.0,29250.0,28150.0,29100.0,29800.0,30005.0,29034.166666666668,27340.833333333332,601105
2011-08-30,29250.0,29800.0,29000.0,29500.0,29730.0,29932.5,29055.0,27365.833333333332,357905
2011-08-31,29450.0,30650.0,29450.0,30500.0,29660.0,29910.0,29095.0,27404.166666666668,391065
2011-09-01,30550.0,30950.0,29700.0,29700.0,29500.0,29855.0,29115.0,27440.0,604771
2011-09-02,29400.0,30250.0,29250.0,30250.0,29810.0,29800.0,29145.0,27501.25,365263
2011-09-05,29800.0,30400.0,29300.0,30150.0,30020.0,29777.5,29185.833333333332,27563.75,390812
2011-09-06,29900.0,30100.0,28500.0,29150.0,29950.0,29780.0,29210.833333333332,27615.833333333332,477281
2011-09-07,29650.0,31150.0,29300.0,31000.0,30050.0,29945.0,29266.666666666668,27682.083333333332,373013
2011-09-08,31300.0,31750.0,30500.0,31300.0,30370.0,30125.0,29313.333333333332,27740.416666666668,634728
2011-09-09,31050.0,31700.0,30300.0,31700.0,30660.0,30297.5,29375.0,27798.333333333332,700501
2011-09-14,31700.0,32100.0,30600.0,30850.0,30800.0,30407.5,29430.833333333332,27851.666666666668,432178
2011-09-15,31850.0,32350.0,31000.0,32100.0,31390.0,30475.0,29499.166666666668,27915.833333333332,808115
2011-09-16,32550.0,32750.0,31700.0,32500.0,31690.0,30530.0,29574.166666666668,27986.25,556279
2011-09-19,32250.0,32750.0,31550.0,31950.0,31820.0,30522.5,29631.666666666668,28049.166666666668,361668
2011-09-20,31700.0,33250.0,31300.0,33000.0,32080.0,30632.5,29709.166666666668,28123.75,559052
2011-09-21,33150.0,34550.0,32800.0,33500.0,32610.0,30807.5,29790.833333333332,28198.333333333332,1113466
2011-09-22,32900.0,34350.0,32900.0,33400.0,32870.0,30985.0,29880.0,28267.5,549831
2011-09-23,32600.0,34150.0,32050.0,33850.0,33140.0,31135.0,29993.333333333332,28336.666666666668,606571
2011-09-26,34400.0,34450.0,33050.0,33100.0,33370.0,31265.0,30092.5,28401.666666666668,631105
2011-09-27,34100.0,35000.0,33700.0,34900.0,33750.0,31575.0,30223.333333333332,28480.833333333332,644797
2011-09-28,35350.0,35350.0,34150.0,34150.0,33880.0,31827.5,30341.666666666668,28557.916666666668,366289
2011-09-29,34050.0,35950.0,34050.0,35950.0,34390.0,32150.0,30487.5,28654.166666666668,716848
2011-09-30,36300.0,36650.0,35000.0,35500.0,34720.0,32400.0,30629.166666666668,28747.916666666668,850125
2011-10-04,34300.0,35300.0,33350.0,35250.0,35150.0,32677.5,30775.833333333332,28838.333333333332,742116
2011-10-05,35250.0,35500.0,34200.0,34200.0,35010.0,32875.0,30905.0,28925.0,628275
2011-10-06,34950.0,35500.0,33500.0,33500.0,34880.0,33042.5,31026.666666666668,29010.833333333332,626138
2011-10-07,34000.0,34300.0,32300.0,32500.0,34190.0,33210.0,31122.5,29085.833333333332,987737
2011-10-10,32800.0,34250.0,32600.0,33800.0,33850.0,33350.0,31243.333333333332,29170.0,506310
2011-10-11,34300.0,35000.0,33700.0,35000.0,33800.0,33535.0,31353.333333333332,29258.75,620866
2011-10-12,35100.0,35700.0,34700.0,35100.0,33980.0,33705.0,31462.5,29342.083333333332,367681
2011-10-13,35300.0,36050.0,34750.0,35350.0,34350.0,33930.0,31553.333333333332,29431.25,380824
2011-10-14,35200.0,37900.0,35150.0,37350.0,35320.0,34192.5,31676.666666666668,29534.583333333332,733507
2011-10-17,37600.0,38700.0,37050.0,37500.0,36060.0,34442.5,31795.833333333332,29640.833333333332,613490
2011-10-18,37100.0,39500.0,36850.0,38800.0,36820.0,34785.0,31939.166666666668,29762.083333333332,703960
2011-10-19,39100.0,39700.0,38250.0,38800.0,37560.0,35075.0,32075.833333333332,29872.5,330131
2011-10-20,39000.0,39400.0,36350.0,36600.0,37810.0,35230.0,32153.333333333332,29959.166666666668,654093
2011-10-21,37200.0,38500.0,36750.0,37700.0,37880.0,35445.0,32251.666666666668,30054.166666666668,573296
2011-10-24,38500.0,38550.0,37800.0,38100.0,38000.0,35657.5,32353.333333333332,30155.0,297564
2011-10-25,38500.0,38800.0,36900.0,38750.0,37990.0,35940.0,32474.166666666668,30258.333333333332,471478
2011-10-26,38300.0,39450.0,38000.0,39450.0,38120.0,36167.5,32609.166666666668,30360.0,433440
2011-10-27,40000.0,40050.0,38150.0,38950.0,38590.0,36407.5,32746.666666666668,30467.083333333332,449107
2011-10-28,39100.0,39250.0,37100.0,38200.0,38690.0,36520.0,32867.5,30574.583333333332,803958
2011-10-31,38600.0,38600.0,37250.0,37850.0,38640.0,36637.5,32982.5,30679.166666666668,520179
2011-11-01,37500.0,39000.0,37400.0,38850.0,38660.0,36817.5,33116.666666666664,30789.166666666668,422036
2011-11-02,38000.0,39500.0,37850.0,39450.0,38660.0,37080.0,33251.666666666664,30892.083333333332,524613
2011-11-03,39500.0,40000.0,39050.0,39600.0,38790.0,37385.0,33401.666666666664,30995.416666666668,380158
2011-11-04,40000.0,40650.0,39500.0,39600.0,39070.0,37740.0,33576.666666666664,31092.5,337751
2011-11-07,39500.0,39900.0,39300.0,39300.0,39360.0,38015.0,33770.0,31189.166666666668,177147
2011-11-08,39300.0,39750.0,38650.0,39200.0,39430.0,38225.0,33961.666666666664,31288.75,247903
2011-11-09,39550.0,39650.0,39050.0,39550.0,39450.0,38447.5,34150.0,31393.333333333332,118595
2011-11-10,38900.0,39000.0,37800.0,38350.0,39200.0,38597.5,34311.666666666664,31485.833333333332,314673
2011-11-11,38700.0,38750.0,37800.0,37800.0,38840.0,38620.0,34429.166666666664,31570.833333333332,487417
2011-11-14,38700.0,39000.0,37850.0,38250.0,38630.0,38657.5,34543.333333333336,31669.583333333332,369905
2011-11-15,37950.0,38450.0,37300.0,37400.0,38270.0,38587.5,34631.666666666664,31748.75,342589
2011-11-16,37400.0,37550.0,35800.0,36500.0,37660.0,38472.5,34726.666666666664,31822.083333333332,770339
2011-11-17,36400.0,37300.0,35800.0,37300.0,37450.0,38507.5,34848.333333333336,31892.083333333332,235666
2011-11-18,36600.0,37000.0,36000.0,36850.0,37260.0,38465.0,34965.0,31959.166666666668,289294
2011-11-21,36600.0,37950.0,36250.0,37900.0,37190.0,38455.0,35082.5,32034.166666666668,213900
2011-11-22,37500.0,38150.0,37450.0,37900.0,37290.0,38412.5,35205.833333333336,32108.333333333332,197932
2011-11-23,37900.0,38000.0,36500.0,36500.0,37290.0,38265.0,35335.833333333336,32177.5,163000
2011-11-24,36150.0,37000.0,36150.0,36950.0,37220.0,38165.0,35466.666666666664,32250.416666666668,212084
2011-11-25,36650.0,36950.0,35700.0,35800.0,37010.0,38045.0,35571.666666666664,32313.333333333332,177546
2011-11-28,35800.0,37300.0,35250.0,36950.0,36820.0,38000.0,35679.166666666664,32387.083333333332,326307
2011-11-29,37000.0,37300.0,36450.0,37100.0,36660.0,37912.5,35802.5,32458.75,306999
2011-11-30,37200.0,37700.0,36800.0,37500.0,36860.0,37815.0,35923.333333333336,32534.166666666668,318739
2011-12-01,37900.0,38250.0,37250.0,37300.0,36930.0,37700.0,36042.5,32614.166666666668,452145
2011-12-02,37200.0,37500.0,36350.0,36450.0,37060.0,37542.5,36164.166666666664,32687.5,342345
2011-12-05,36450.0,36950.0,35650.0,36850.0,37040.0,37420.0,36261.666666666664,32764.166666666668,579235
2011-12-06,36550.0,36950.0,36150.0,36250.0,36870.0,37272.5,36344.166666666664,32828.75,212783
2011-12-07,36500.0,36600.0,35800.0,36250.0,36620.0,37107.5,36420.0,32897.5,217516
2011-12-08,35850.0,36600.0,35850.0,36150.0,36390.0,36997.5,36508.333333333336,32969.583333333336,221205
2011-12-09,35700.0,36600.0,35600.0,36150.0,36330.0,36915.0,36575.833333333336,33037.5,278055
2011-12-12,36900.0,38950.0,36350.0,38700.0,36700.0,36937.5,36679.166666666664,33126.666666666664,647746
2011-12-13,38550.0,39600.0,38350.0,39050.0,37260.0,37020.0,36797.5,33214.583333333336,590108
2011-12-14,39150.0,39700.0,39000.0,39500.0,37910.0,37170.0,36905.833333333336,33307.5,349273
2011-12-15,39400.0,40000.0,38550.0,39800.0,38640.0,37295.0,37010.833333333336,33400.833333333336,514884
2011-12-16,40100.0,40100.0,39200.0,39800.0,39370.0,37442.5,37117.5,33498.75,290900
2011-12-19,39700.0,39900.0,37250.0,37700.0,39170.0,37432.5,37181.666666666664,33587.5,331084
2011-12-20,37700.0,39200.0,36950.0,38700.0,39100.0,37472.5,37275.0,33683.75,347084
2011-12-21,39300.0,39550.0,38650.0,38750.0,38950.0,37585.0,37339.166666666664,33781.25,282848
2011-12-22,39100.0,39300.0,38500.0,39150.0,38820.0,37695.0,37422.5,33882.083333333336,158687
2011-12-23,39200.0,39950.0,39150.0,39300.0,38720.0,37870.0,37478.333333333336,33982.916666666664,308435
2011-12-26,39750.0,39750.0,39000.0,39450.0,39070.0,37995.0,37544.166666666664,34086.666666666664,173904
2011-12-27,39200.0,39350.0,38250.0,39000.0,39130.0,38090.0,37606.666666666664,34191.25,189093
2011-12-28,39100.0,39250.0,38250.0,38850.0,39150.0,38157.5,37684.166666666664,34294.583333333336,149234
2011-12-29,38850.0,39200.0,38350.0,38500.0,39020.0,38217.5,37767.5,34397.083333333336,132505
2012-01-02,38700.0,40150.0,38700.0,40150.0,39190.0,38402.5,37895.0,34508.75,346109
2012-01-03,40250.0,41600.0,40250.0,41100.0,39520.0,38615.0,38016.666666666664,34630.0,512186
2012-01-04,40850.0,41500.0,40500.0,40650.0,39850.0,38835.0,38110.833333333336,34732.083333333336,223131
2012-01-05,40950.0,41450.0,40400.0,41100.0,40300.0,39077.5,38210.833333333336,34836.666666666664,147650
2012-01-06,41300.0,41650.0,40550.0,41350.0,40870.0,39337.5,38310.833333333336,34932.083333333336,249589
2012-01-09,41350.0,42750.0,40300.0,42100.0,41260.0,39635.0,38390.0,35033.333333333336,374493
2012-01-10,42100.0,42400.0,41600.0,41700.0,41380.0,39785.0,38460.0,35127.916666666664,155242
2012-01-11,41700.0,42900.0,41150.0,42300.0,41710.0,39947.5,38518.333333333336,35228.75,304042
2012-01-12,42300.0,42450.0,41250.0,42000.0,41890.0,40072.5,38571.666666666664,35323.75,301936
2012-01-13,41900.0,42400.0,40550.0,40900.0,41800.0,40127.5,38643.333333333336,35398.333333333336,378189
2012-01-16,40350.0,41350.0,40350.0,41350.0,41650.0,40205.0,38704.166666666664,35477.916666666664,165872
2012-01-17,41550.0,41600.0,40750.0,40850.0,41480.0,40362.5,38750.0,35551.666666666664,230518
2012-01-18,41500.0,43000.0,40950.0,42800.0,41580.0,40567.5,38817.5,35645.833333333336,624329
2012-01-19,43350.0,43350.0,42250.0,42600.0,41700.0,40760.0,38870.0,35739.583333333336,343433
2012-01-20,42600.0,43300.0,41800.0,42250.0,41970.0,40915.0,38925.0,35835.833333333336,279822
2012-01-25,42600.0,43500.0,42300.0,43050.0,42310.0,41102.5,39005.833333333336,35936.666666666664,347995
2012-01-26,43200.0,44200.0,42800.0,43900.0,42920.0,41325.0,39106.666666666664,36044.583333333336,325169
2012-01-27,43850.0,43900.0,42400.0,43800.0,43120.0,41565.0,39189.166666666664,36152.916666666664,467512
2012-01-30,43800.0,44100.0,43300.0,43450.0,43290.0,41795.0,39255.833333333336,36253.75,269441
2012-01-31,43850.0,45000.0,43550.0,44200.0,43680.0,42080.0,39332.5,36367.083333333336,471838
2012-02-01,44200.0,45500.0,43700.0,43900.0,43850.0,42267.5,39404.166666666664,36490.416666666664,364231
2012-02-02,44500.0,44650.0,43200.0,44500.0,43970.0,42437.5,39490.833333333336,36630.416666666664,424964
2012-02-03,44300.0,45100.0,43900.0,44800.0,44170.0,42645.0,39584.166666666664,36772.916666666664,222644
2012-02-06,45000.0,45250.0,44550.0,45050.0,44490.0,42842.5,39675.833333333336,36912.916666666664,264707
2012-02-07,45200.0,45450.0,44550.0,45100.0,44670.0,43030.0,39788.333333333336,37050.0,295139
2012-02-08,45350.0,45650.0,43750.0,44000.0,44690.0,43125.0,39891.666666666664,37160.416666666664,446930
2012-02-09,43950.0,44500.0,42600.0,43200.0,44430.0,43200.0,39974.166666666664,37258.75,579020
2012-02-10,43500.0,44100.0,43250.0,43500.0,44170.0,43260.0,40075.833333333336,37353.75,234429
2012-02-13,43400.0,43500.0,41900.0,42650.0,43690.0,43292.5,40178.333333333336,37452.5,453132
2012-02-14,42300.0,44100.0,42300.0,43950.0,43460.0,43445.0,40289.166666666664,37568.75,346502
2012-02-15,43600.0,44450.0,43100.0,43300.0,43320.0,43542.5,40396.666666666664,37680.833333333336,215252
2012-02-16,43050.0,43650.0,42650.0,43200.0,43320.0,43660.0,40485.0,37783.75,172544
2012-02-17,43300.0,43700.0,42650.0,43150.0,43250.0,43677.5,40572.5,37889.166666666664,277415
2012-02-20,43500.0,43650.0,42700.0,42800.0,43280.0,43687.5,40677.5,38006.666666666664,173272
2012-02-21,42900.0,43250.0,42500.0,43000.0,43090.0,43725.0,40778.333333333336,38122.5,125574
2012-02-22,43200.0,45000.0,43000.0,44450.0,43320.0,43795.0,40922.5,38247.083333333336,416938
2012-02-23,45000.0,45000.0,44550.0,45000.0,43680.0,43850.0,41056.666666666664,38367.916666666664,196147
2012-02-24,45200.0,45200.0,44400.0,44900.0,44030.0,43905.0,41186.666666666664,38494.583333333336,174216
2012-02-27,44900.0,44900.0,43450.0,43450.0,44160.0,43905.0,41285.833333333336,38604.583333333336,160251
2012-02-28,43900.0,44050.0,42750.0,43100.0,44180.0,43850.0,41382.5,38712.5,218727
2012-02-29,43100.0,43550.0,42500.0,42500.0,43790.0,43780.0,41483.333333333336,38823.75,337581
2012-03-02,42600.0,44250.0,42600.0,44250.0,43640.0,43767.5,41606.666666666664,38934.166666666664,389061
2012-03-05,44250.0,44250.0,43350.0,43650.0,43390.0,43710.0,41730.0,39037.083333333336,188935
2012-03-06,43500.0,43600.0,42550.0,43150.0,43330.0,43615.0,41845.0,39132.5,206381
2012-03-07,42950.0,44300.0,42750.0,44150.0,43540.0,43567.5,41978.333333333336,39243.333333333336,240891
2012-03-08,44150.0,44150.0,43500.0,43550.0,43750.0,43545.0,42101.666666666664,39338.75,233679
2012-03-09,43550.0,43900.0,43100.0,43300.0,43560.0,43550.0,42178.333333333336,39428.75,197176
2012-03-12,43450.0,44250.0,43000.0,44200.0,43670.0,43585.0,42264.166666666664,39530.833333333336,260737
2012-03-13,44200.0,44750.0,43700.0,44750.0,43990.0,43690.0,42351.666666666664,39628.75,218569
2012-03-14,44900.0,45650.0,44800.0,45150.0,44190.0,43750.0,42440.833333333336,39725.833333333336,323578
2012-03-15,45150.0,46750.0,44700.0,46400.0,44760.0,43905.0,42550.833333333336,39834.166666666664,291461
2012-03-16,46950.0,47750.0,46000.0,46500.0,45400.0,44070.0,42697.5,39939.583333333336,324885
2012-03-19,47000.0,49600.0,46600.0,48650.0,46290.0,44345.0,42863.333333333336,40069.166666666664,570003
2012-03-20,49250.0,49800.0,47950.0,48550.0,47050.0,44632.5,43026.666666666664,40182.916666666664,379307
2012-03-21,48550.0,48550.0,47800.0,48450.0,47710.0,44905.0,43181.666666666664,40302.083333333336,286253
2012-03-22,48750.0,48750.0,47450.0,48500.0,48130.0,45107.5,43335.0,40406.666666666664,287514
2012-03-23,48450.0,48500.0,47450.0,47550.0,48340.0,45235.0,43470.0,40507.083333333336,209841
2012-03-26,47850.0,48550.0,47100.0,48500.0,48310.0,45415.0,43628.333333333336,40617.5,239026
2012-03-27,49050.0,49100.0,47950.0,48800.0,48360.0,45682.5,43794.166666666664,40739.166666666664,252532
2012-03-28,48200.0,48800.0,47850.0,48500.0,48370.0,45952.5,43960.833333333336,40864.166666666664,200492
2012-03-29,48400.0,48800.0,47500.0,48000.0,48270.0,46227.5,44091.666666666664,40993.333333333336,194706
2012-03-30,48300.0,48300.0,47600.0,48250.0,48410.0,46427.5,44210.833333333336,41113.75,105681
2012-04-02,47900.0,48300.0,47100.0,47200.0,48150.0,46605.0,44320.0,41215.416666666664,212822
2012-04-03,47500.0,47800.0,46450.0,46550.0,47700.0,46775.0,44410.833333333336,41310.833333333336,233727
2012-04-04,46150.0,47500.0,46050.0,47350.0,47470.0,46935.0,44510.833333333336,41410.833333333336,245923
2012-04-05,47300.0,48600.0,46450.0,48600.0,47590.0,47187.5,44619.166666666664,41504.583333333336,271359
2012-04-06,48350.0,49350.0,48350.0,49000.0,47740.0,47472.5,44740.833333333336,41600.416666666664,238092
2012-04-09,49000.0,49650.0,48350.0,48800.0,48060.0,47702.5,44849.166666666664,41683.75,212016
2012-04-10,48800.0,49050.0,47950.0,48800.0,48510.0,47905.0,44962.5,41767.083333333336,237714
2012-04-12,48300.0,49100.0,47900.0,49100.0,48860.0,48102.5,45099.166666666664,41871.25,205665
2012-04-13,49200.0,49600.0,48600.0,49150.0,48970.0,48240.0,45229.166666666664,41966.666666666664,273022
2012-04-16,49100.0,49500.0,48700.0,49300.0,49030.0,48380.0,45370.0,42060.0,114927
2012-04-17,49100.0,49450.0,48650.0,49200.0,49110.0,48407.5,45476.666666666664,42147.083333333336,119013
2012-04-18,49500.0,49550.0,49000.0,49500.0,49250.0,48455.0,45591.666666666664,42230.833333333336,128352
2012-04-19,49500.0,50000.0,48900.0,49950.0,49420.0,48530.0,45720.0,42322.5,171160
2012-04-20,50300.0,51700.0,50300.0,51100.0,49810.0,48660.0,45854.166666666664,42430.0,325006
2012-04-23,51500.0,51900.0,50600.0,50900.0,50130.0,48827.5,45970.833333333336,42538.75,163458
2012-04-24,50400.0,51100.0,49450.0,49500.0,50190.0,48877.5,46065.833333333336,42627.5,220723
2012-04-25,49850.0,50800.0,49200.0,50600.0,50410.0,48967.5,46185.0,42720.416666666664,200119
2012-04-26,51000.0,52400.0,50200.0,51900.0,50800.0,49137.5,46313.333333333336,42822.916666666664,365272
2012-04-27,52300.0,52700.0,51800.0,52100.0,51000.0,49342.5,46450.0,42927.083333333336,207652
2012-04-30,52500.0,53000.0,51500.0,52900.0,51400.0,49575.0,46590.0,43040.416666666664,243571
2012-05-02,53100.0,54400.0,52600.0,54400.0,52380.0,49935.0,46750.0,43167.083333333336,303255
2012-05-03,54500.0,55300.0,54000.0,55300.0,53320.0,50372.5,46920.833333333336,43298.333333333336,270233
2012-05-04,55400.0,55900.0,54800.0,54900.0,53920.0,50750.0,47084.166666666664,43436.25,230460
2012-05-07,54300.0,55800.0,53800.0,53800.0,54260.0,51010.0,47247.5,43569.583333333336,166532
2012-05-08,53600.0,54400.0,53300.0,53600.0,54400.0,51240.0,47420.833333333336,43697.5,225649
2012-05-09,54000.0,54500.0,53200.0,53200.0,54160.0,51460.0,47582.5,43829.166666666664,183848
2012-05-10,53000.0,54000.0,52600.0,53300.0,53760.0,51685.0,47760.0,43969.166666666664,403641
2012-05-11,53900.0,54000.0,52100.0,52400.0,53260.0,51850.0,47900.833333333336,44095.0,305051
2012-05-14,52700.0,54000.0,50600.0,53700.0,53240.0,52077.5,48074.166666666664,44235.416666666664,305606
2012-05-15,53000.0,54200.0,52200.0,54200.0,53360.0,52322.5,48257.5,44371.25,307376
2012-05-16,54000.0,54200.0,51200.0,51200.0,52960.0,52422.5,48391.666666666664,44482.083333333336,321711
2012-05-17,51000.0,51700.0,49000.0,50500.0,52400.0,52472.5,48520.0,44598.75,409531
2012-05-18,49100.0,49700.0,47000.0,47050.0,51330.0,52327.5,48587.5,44682.916666666664,459659
2012-05-21,48000.0,50400.0,47550.0,49950.0,50580.0,52270.0,48679.166666666664,44800.833333333336,514886
2012-05-22,51300.0,51800.0,50500.0,50800.0,49900.0,52265.0,48775.833333333336,44916.25,228877
2012-05-23,51000.0,52200.0,50200.0,51100.0,49880.0,52345.0,48879.166666666664,45032.916666666664,189681
2012-05-24,51400.0,52300.0,50900.0,51100.0,50000.0,52370.0,49006.666666666664,45146.25,153244
2012-05-25,51700.0,51900.0,51100.0,51900.0,50970.0,52370.0,49153.333333333336,45267.916666666664,101179
2012-05-29,51600.0,53100.0,51100.0,52600.0,51500.0,52395.0,49321.666666666664,45402.5,175550
2012-05-30,52700.0,52800.0,51800.0,52200.0,51780.0,52360.0,49454.166666666664,45530.416666666664,119147
2012-05-31,51500.0,53800.0,51300.0,53800.0,52320.0,52330.0,49623.333333333336,45676.666666666664,195947
2012-06-01,53900.0,54700.0,53200.0,54500.0,53000.0,52290.0,49812.5,45828.75,185488
2012-06-04,53000.0,53400.0,52200.0,52800.0,53180.0,52185.0,49956.666666666664,45967.5,231261
2012-06-05,53400.0,53500.0,52500.0,53500.0,53360.0,52170.0,50122.5,46112.083333333336,214738
2012-06-07,54000.0,55900.0,53900.0,55200.0,53960.0,52250.0,50320.833333333336,46249.583333333336,425418
2012-06-08,56000.0,56900.0,55300.0,56100.0,54420.0,52395.0,50519.166666666664,46391.666666666664,275844
2012-06-11,57100.0,57100.0,55500.0,56500.0,54820.0,52555.0,50715.0,46533.333333333336,209197
2012-06-12,55800.0,56900.0,54800.0,54900.0,55240.0,52680.0,50877.5,46659.166666666664,246359
2012-06-13,54700.0,56400.0,53800.0,56400.0,55820.0,52815.0,51044.166666666664,46797.5,374496
2012-06-14,56000.0,56900.0,55100.0,55100.0,55800.0,52860.0,51187.5,46942.5,281584
2012-06-15,55600.0,55800.0,54100.0,54100.0,55400.0,53005.0,51278.333333333336,47070.833333333336,162851
2012-06-18,54800.0,55400.0,53800.0,54300.0,54960.0,53195.0,51374.166666666664,47200.416666666664,222971
2012-06-19,53900.0,56400.0,53900.0,56200.0,55220.0,53652.5,51503.333333333336,47342.5,316188
2012-06-20,56500.0,56500.0,54500.0,54500.0,54840.0,53880.0,51603.333333333336,47469.166666666664,306317
2012-06-21,54300.0,55300.0,54300.0,55200.0,54860.0,54100.0,51730.833333333336,47600.416666666664,304447
2012-06-22,54500.0,55400.0,53700.0,53800.0,54800.0,54235.0,51819.166666666664,47723.75,222910
2012-06-25,53600.0,53800.0,52600.0,53000.0,54540.0,54330.0,51889.166666666664,47841.666666666664,233872
2012-06-26,53100.0,54000.0,52500.0,53500.0,54000.0,54410.0,51972.5,47966.666666666664,310101
2012-06-27,53900.0,55400.0,53600.0,55000.0,54100.0,54530.0,52089.166666666664,48090.416666666664,306523
2012-06-28,55300.0,55600.0,54200.0,54200.0,53900.0,54630.0,52188.333333333336,48199.583333333336,254821
2012-06-29,54200.0,55600.0,54100.0,55600.0,54260.0,54720.0,52328.333333333336,48324.166666666664,219002
2012-07-02,55900.0,55900.0,54300.0,54800.0,54620.0,54735.0,52465.833333333336,48438.333333333336,191144
2012-07-03,54600.0,55400.0,53900.0,53900.0,54700.0,54790.0,52575.0,48542.916666666664,336526
2012-07-04,54000.0,54300.0,52800.0,53300.0,54360.0,54780.0,52653.333333333336,48636.25,384235
2012-07-05,53300.0,53900.0,52800.0,53100.0,54140.0,54675.0,52721.666666666664,48731.25,208426
2012-07-06,53400.0,53700.0,51800.0,52100.0,53440.0,54475.0,52776.666666666664,48812.916666666664,208533
2012-07-09,51600.0,53300.0,51600.0,52600.0,53000.0,54280.0,52840.0,48901.25,211184
2012-07-10,53200.0,53600.0,52800.0,53500.0,52920.0,54210.0,52913.333333333336,49006.25,249957
2012-07-11,53600.0,53600.0,52600.0,52800.0,52820.0,54030.0,52974.166666666664,49101.666666666664,164093
2012-07-12,52800.0,53100.0,50500.0,51400.0,52480.0,53845.0,53009.166666666664,49189.583333333336,380079
2012-07-13,51000.0,51300.0,49900.0,50400.0,52140.0,53660.0,53029.166666666664,49252.916666666664,521017
2012-07-16,50100.0,50600.0,47750.0,49250.0,51470.0,53407.5,53025.0,49308.333333333336,1110861
2012-07-17,48900.0,49300.0,47500.0,47500.0,50270.0,52972.5,52984.166666666664,49352.083333333336,909173
2012-07-18,47950.0,48900.0,47150.0,47400.0,49190.0,52617.5,52922.5,49388.333333333336,630263
2012-07-19,47500.0,49500.0,47500.0,49500.0,48810.0,52332.5,52899.166666666664,49435.0,461368
2012-07-20,50000.0,50400.0,49100.0,49900.0,48710.0,52137.5,52905.833333333336,49485.833333333336,302684
2012-07-23,49000.0,49450.0,48000.0,48000.0,48460.0,51887.5,52862.5,49523.75,232604
2012-07-24,47900.0,48750.0,47500.0,48750.0,48710.0,51650.0,52810.0,49561.666666666664,254980
2012-07-25,48000.0,50200.0,47800.0,49500.0,49130.0,51375.0,52766.666666666664,49608.333333333336,368309
2012-07-26,49750.0,51200.0,49200.0,50800.0,49390.0,51205.0,52731.666666666664,49660.833333333336,481704
2012-07-27,51100.0,51100.0,47950.0,48600.0,49130.0,50855.0,52635.0,49692.5,630884
2012-07-30,49300.0,50400.0,48700.0,49050.0,49340.0,50567.5,52530.833333333336,49725.833333333336,421522
2012-07-31,48800.0,49400.0,48300.0,48450.0,49280.0,50295.0,52423.333333333336,49753.75,555875
2012-08-01,48650.0,49950.0,48500.0,49950.0,49370.0,50127.5,52359.166666666664,49803.333333333336,363728
2012-08-02,49950.0,50300.0,49650.0,49900.0,49190.0,49967.5,52297.5,49859.166666666664,222572
2012-08-03,50400.0,51000.0,49050.0,49200.0,49310.0,49822.5,52230.833333333336,49906.666666666664,316934
2012-08-06,49300.0,49700.0,48350.0,48650.0,49230.0,49625.0,52153.333333333336,49956.666666666664,452066
2012-08-07,48550.0,48900.0,48400.0,48550.0,49250.0,49377.5,52089.166666666664,49995.0,214792
2012-08-08,48800.0,48900.0,48050.0,48100.0,48880.0,49142.5,51995.833333333336,50035.0,416577
2012-08-09,48200.0,48600.0,47950.0,48250.0,48550.0,48985.0,51896.666666666664,50077.083333333336,366917
2012-08-10,48450.0,48600.0,47950.0,48200.0,48350.0,48875.0,51846.666666666664,50119.166666666664,239697
2012-08-13,48000.0,48500.0,47950.0,47950.0,48210.0,48810.0,51804.166666666664,50162.083333333336,270200
2012-08-14,48050.0,49150.0,47900.0,48950.0,48290.0,48882.5,51835.833333333336,50211.666666666664,365643
2012-08-16,49200.0,49250.0,48700.0,49050.0,48480.0,48965.0,51820.833333333336,50250.0,199377
2012-08-17,49100.0,49100.0,48350.0,48500.0,48530.0,48915.0,51782.5,50279.166666666664,347392
2012-08-20,48500.0,48900.0,48200.0,48300.0,48550.0,48835.0,51735.833333333336,50307.5,289810
2012-08-21,48150.0,48600.0,47800.0,48450.0,48650.0,48857.5,51691.666666666664,50349.166666666664,292931
2012-08-22,48250.0,48400.0,47200.0,47250.0,48310.0,48782.5,51614.166666666664,50383.75,474974
2012-08-23,47250.0,49800.0,47200.0,49600.0,48420.0,48787.5,51564.166666666664,50442.916666666664,780253
2012-08-24,49700.0,52100.0,49100.0,51100.0,48940.0,48802.5,51545.833333333336,50500.0,1000193
2012-08-27,51500.0,52800.0,50800.0,52200.0,49720.0,48982.5,51519.166666666664,50571.25,634486
2012-08-28,52200.0,52600.0,51500.0,52300.0,50490.0,49145.0,51482.5,50647.5,295020
2012-08-29,52400.0,52500.0,51400.0,51700.0,51380.0,49307.5,51464.166666666664,50710.416666666664,316907
2012-08-30,52300.0,54200.0,51900.0,53100.0,52080.0,49465.0,51457.5,50790.0,630301
2012-08-31,52800.0,54600.0,52500.0,53700.0,52600.0,49655.0,51432.5,50876.666666666664,417210
2012-09-03,53700.0,54100.0,52800.0,53500.0,52860.0,49870.0,51389.166666666664,50954.166666666664,179829
2012-09-04,53500.0,54200.0,52800.0,53200.0,53040.0,50097.5,51334.166666666664,51024.583333333336,275347
2012-09-05,53400.0,54000.0,51600.0,53000.0,53300.0,50320.0,51302.5,51090.0,397379
2012-09-06,53200.0,53700.0,52300.0,52500.0,53180.0,50540.0,51237.5,51140.833333333336,192798
2012-09-07,53500.0,54000.0,52300.0,53300.0,53100.0,50792.5,51207.5,51197.5,354911
2012-09-10,53600.0,53600.0,52800.0,52900.0,52980.0,51027.5,51187.5,51232.916666666664,148091
2012-09-11,53100.0,55000.0,52600.0,55000.0,53340.0,51380.0,51199.166666666664,51286.666666666664,427595
2012-09-12,55400.0,55600.0,54500.0,54600.0,53660.0,51662.5,51172.5,51337.916666666664,273247
2012-09-13,54900.0,55500.0,54300.0,54500.0,54060.0,51935.0,51172.5,51387.916666666664,229915
2012-09-14,55100.0,55200.0,54300.0,55000.0,54400.0,52260.0,51169.166666666664,51450.0,435546
2012-09-17,54900.0,54900.0,53100.0,54500.0,54720.0,52570.0,51180.833333333336,51500.0,443503
2012-09-18,54400.0,54800.0,53400.0,54200.0,54560.0,52857.5,51200.833333333336,51545.0,311672
2012-09-19,53900.0,54900.0,53900.0,54900.0,54620.0,53240.0,51224.166666666664,51598.333333333336,253617
2012-09-20,54900.0,56200.0,54600.0,55300.0,54780.0,53525.0,51229.166666666664,51659.166666666664,330920
2012-09-21,56500.0,58500.0,55800.0,58100.0,55400.0,53875.0,51294.166666666664,51741.25,660740
2012-09-24,58500.0,59800.0,57100.0,57100.0,55920.0,54120.0,51319.166666666664,51823.75,529004
2012-09-25,56400.0,56500.0,54800.0,55600.0,56200.0,54285.0,51332.5,51899.166666666664,711643
2012-09-26,54500.0,56100.0,54500.0,55000.0,56220.0,54450.0,51350.833333333336,51962.916666666664,298868
2012-09-27,54500.0,55500.0,53700.0,54900.0,56140.0,54540.0,51377.5,52015.416666666664,265669
2012-09-28,55700.0,56700.0,54600.0,55400.0,55600.0,54625.0,51415.833333333336,52068.75,320296
2012-10-02,55800.0,56400.0,54800.0,54900.0,55160.0,54695.0,51462.5,52119.583333333336,148211
2012-10-04,54800.0,55300.0,54200.0,54400.0,54920.0,54755.0,51492.5,52166.25,162530
2012-10-05,54300.0,54800.0,53100.0,53600.0,54640.0,54785.0,51494.166666666664,52203.75,287485
2012-10-08,53600.0,54400.0,53500.0,54100.0,54480.0,54865.0,51515.833333333336,52245.0,225369
2012-10-09,54100.0,54800.0,53200.0,53400.0,54080.0,54870.0,51549.166666666664,52279.166666666664,248823
2012-10-10,52600.0,53000.0,50400.0,50600.0,53220.0,54755.0,51552.5,52290.833333333336,782416
2012-10-11,50700.0,50900.0,49700.0,50400.0,52420.0,54525.0,51571.666666666664,52298.333333333336,600730
2012-10-12,50500.0,51400.0,49800.0,51200.0,51940.0,54355.0,51633.333333333336,52308.75,319292
2012-10-15,51800.0,53100.0,51600.0,52300.0,51580.0,54245.0,51715.0,52318.75,440704
2012-10-16,52000.0,52600.0,51000.0,52200.0,51340.0,54105.0,51760.0,52329.583333333336,572514
2012-10-17,52800.0,52800.0,51600.0,52400.0,51700.0,54000.0,51801.666666666664,52353.75,418544
2012-10-18,52000.0,52500.0,50500.0,50600.0,51740.0,53820.0,51845.0,52353.75,389915
2012-10-19,50000.0,50400.0,48050.0,48900.0,51280.0,53520.0,51847.5,52328.75,1157023
2012-10-22,48300.0,50000.0,48000.0,49850.0,50790.0,53247.5,51853.333333333336,52310.0,406751
2012-10-23,49900.0,50800.0,49850.0,50100.0,50370.0,52847.5,51841.666666666664,52286.666666666664,429150
2012-10-24,49700.0,51400.0,49250.0,51400.0,50170.0,52562.5,51888.333333333336,52261.666666666664,392385
2012-10-25,51500.0,52200.0,51000.0,52000.0,50450.0,52382.5,51937.5,52234.166666666664,373694
2012-10-26,52000.0,52100.0,49700.0,50700.0,50810.0,52167.5,51975.0,52199.166666666664,363852
2012-10-29,49500.0,49500.0,47000.0,47150.0,50270.0,51780.0,51928.333333333336,52143.75,1162150
2012-10-30,46500.0,47050.0,45450.0,45750.0,49400.0,51297.5,51859.166666666664,52078.333333333336,1002910
2012-10-31,45250.0,46350.0,45250.0,46000.0,48320.0,50852.5,51805.833333333336,52018.333333333336,423932
2012-11-01,45600.0,49000.0,45550.0,48850.0,47690.0,50575.0,51809.166666666664,51981.25,540193
2012-11-02,49300.0,49300.0,48000.0,48200.0,47190.0,50305.0,51803.333333333336,51946.25,528920
2012-11-05,48400.0,48550.0,47650.0,48450.0,47450.0,50022.5,51809.166666666664,51902.5,232930
2012-11-06,48600.0,49150.0,47900.0,48650.0,48030.0,49785.0,51815.833333333336,51856.25,304149
2012-11-07,49200.0,50900.0,48850.0,50900.0,49010.0,49800.0,51860.833333333336,51853.75,509330
2012-11-08,49950.0,51700.0,49800.0,51000.0,49440.0,49830.0,51911.666666666664,51857.916666666664,449102
2012-11-09,50100.0,51300.0,49600.0,50800.0,49960.0,49810.0,51942.5,51889.166666666664,245109
2012-11-12,50900.0,51100.0,49900.0,50400.0,50350.0,49715.0,51965.0,51892.916666666664,242478
2012-11-13,50500.0,50700.0,49650.0,50000.0,50620.0,49605.0,51990.0,51886.25,233805
2012-11-14,49450.0,50300.0,49000.0,50200.0,50480.0,49495.0,52021.666666666664,51878.75,194212
2012-11-15,49100.0,49900.0,49000.0,49450.0,50170.0,49437.5,52038.333333333336,51865.0,196439
2012-11-16,49000.0,49350.0,48000.0,48200.0,49650.0,49402.5,52054.166666666664,51834.166666666664,282557
2012-11-19,48000.0,49300.0,48000.0,49200.0,49410.0,49370.0,52047.5,51805.833333333336,190946
2012-11-20,49900.0,49900.0,48350.0,48500.0,49110.0,49290.0,52004.166666666664,51775.0,190245
2012-11-21,48350.0,49050.0,48250.0,48450.0,48760.0,49142.5,51941.666666666664,51730.416666666664,145200
2012-11-22,48700.0,49150.0,48550.0,48600.0,48590.0,48972.5,51880.0,51681.25,145117
2012-11-23,48250.0,48450.0,45700.0,46450.0,48240.0,48760.0,51792.5,51628.333333333336,801414
2012-11-26,45800.0,45800.0,43600.0,45050.0,47410.0,48655.0,51658.333333333336,51557.916666666664,776761
2012-11-27,45250.0,46850.0,44850.0,46850.0,47080.0,48710.0,51544.166666666664,51488.333333333336,466067
2012-11-28,46800.0,47350.0,45800.0,47200.0,46830.0,48770.0,51439.166666666664,51414.166666666664,233998
2012-11-29,46900.0,48850.0,46900.0,48850.0,46880.0,48770.0,51366.666666666664,51350.416666666664,388949
2012-11-30,48900.0,48900.0,48000.0,48300.0,47250.0,48775.0,51288.333333333336,51295.416666666664,190722
2012-12-03,48400.0,48400.0,47500.0,47650.0,47770.0,48735.0,51207.5,51222.5,175287
2012-12-04,47650.0,48100.0,47250.0,47250.0,47850.0,48665.0,51106.666666666664,51157.083333333336,131441
2012-12-05,47250.0,47600.0,46550.0,46550.0,47720.0,48447.5,51000.833333333336,51094.166666666664,156834
2012-12-06,46600.0,47000.0,46100.0,46600.0,47270.0,48227.5,50860.833333333336,51030.0,182984
2012-12-07,47000.0,47300.0,46400.0,46450.0,46900.0,48010.0,50725.0,50948.75,131486
2012-12-10,46250.0,46400.0,45500.0,45600.0,46490.0,47770.0,50576.666666666664,50874.583333333336,243722
2012-12-11,46000.0,46050.0,44950.0,45050.0,46050.0,47522.5,50410.833333333336,50790.0,390024
2012-12-12,45050.0,46050.0,45050.0,45700.0,45880.0,47297.5,50264.166666666664,50722.5,141246
2012-12-13,45850.0,46800.0,45700.0,46800.0,45920.0,47165.0,50140.833333333336,50670.833333333336,206162
2012-12-14,46750.0,47250.0,46000.0,47250.0,46080.0,47117.5,50013.333333333336,50618.75,146514
2012-12-17,46900.0,47450.0,46050.0,46100.0,46180.0,46962.5,49860.0,50544.583333333336,182758
2012-12-18,46150.0,46400.0,45050.0,45150.0,46200.0,46795.0,49644.166666666664,50469.166666666664,291047
2012-12-20,46000.0,46000.0,45050.0,45050.0,46070.0,46625.0,49443.333333333336,50381.25,199913
2012-12-21,45000.0,45250.0,44300.0,44500.0,45610.0,46420.0,49258.333333333336,50295.416666666664,227539
2012-12-24,44100.0,44650.0,44100.0,44250.0,45010.0,46310.0,49079.166666666664,50215.0,114822
2012-12-26,44550.0,44650.0,44200.0,44200.0,44630.0,46267.5,48900.833333333336,50139.166666666664,164231
2012-12-27,44000.0,44400.0,43100.0,43650.0,44330.0,46107.5,48705.0,50060.416666666664,291208
2012-12-28,43550.0,44200.0,43300.0,43950.0,44110.0,45945.0,48522.5,49992.5,226313
2013-01-02,44250.0,44300.0,43400.0,43500.0,43910.0,45677.5,48340.833333333336,49916.666666666664,281704
2013-01-03,43650.0,43700.0,41400.0,41800.0,43420.0,45352.5,48144.166666666664,49819.166666666664,874665
2013-01-04,41650.0,42100.0,41200.0,41550.0,42890.0,45047.5,47935.0,49725.416666666664,568221
2013-01-07,41500.0,44000.0,41450.0,44000.0,42960.0,44885.0,47778.333333333336,49663.75,522302
2013-01-08,43650.0,44250.0,43350.0,43750.0,42920.0,44745.0,47664.166666666664,49608.333333333336,227972
2013-01-09,43750.0,45250.0,43750.0,44800.0,43180.0,44655.0,47570.833333333336,49571.25,340640
2013-01-10,44050.0,44800.0,43400.0,43500.0,43520.0,44507.5,47442.5,49537.916666666664,415332
2013-01-11,43500.0,43750.0,42350.0,43100.0,43830.0,44382.5,47289.166666666664,49502.083333333336,232291
2013-01-14,42700.0,43750.0,42550.0,43100.0,43650.0,44285.0,47137.5,49448.75,216952
2013-01-15,43100.0,44500.0,43100.0,43550.0,43610.0,44177.5,46990.0,49395.833333333336,273085
2013-01-16,44100.0,44700.0,43250.0,43850.0,43420.0,44030.0,46877.5,49361.25,266611
2013-01-17,44150.0,44450.0,43000.0,43250.0,43370.0,43830.0,46783.333333333336,49315.416666666664,215996
2013-01-18,43350.0,43500.0,42000.0,42100.0,43170.0,43630.0,46654.166666666664,49253.75,395561
2013-01-21,42200.0,42550.0,41550.0,42500.0,43050.0,43497.5,46527.5,49184.583333333336,145601
2013-01-22,42400.0,42700.0,42250.0,42500.0,42840.0,43370.0,46379.166666666664,49133.75,184173
2013-01-23,42750.0,42750.0,41450.0,41450.0,42360.0,43217.5,46203.333333333336,49070.416666666664,494528
2013-01-24,41650.0,41950.0,41400.0,41750.0,42060.0,43092.5,46054.166666666664,49014.583333333336,193593
2013-01-25,41900.0,43350.0,41850.0,43350.0,42310.0,43050.0,45990.833333333336,48959.583333333336,534518
2013-01-28,43100.0,44300.0,42550.0,44300.0,42670.0,43082.5,45966.666666666664,48912.916666666664,474951
2013-01-29,44550.0,45550.0,44250.0,45450.0,43260.0,43157.5,45957.5,48881.666666666664,678001
2013-01-30,45750.0,46400.0,45500.0,46350.0,44240.0,43300.0,45915.833333333336,48862.5,652283
2013-01-31,46350.0,46400.0,45400.0,45850.0,45060.0,43502.5,45876.666666666664,48840.0,348352
2013-02-01,45900.0,46000.0,45350.0,45600.0,45510.0,43705.0,45829.166666666664,48819.166666666664,190129
2013-02-04,46200.0,48450.0,46000.0,48000.0,46250.0,43905.0,45818.333333333336,48817.083333333336,801304
2013-02-05,47750.0,49100.0,46800.0,46800.0,46520.0,44057.5,45750.0,48805.416666666664,525082
2013-02-06,47600.0,48300.0,46150.0,46800.0,46610.0,44157.5,45680.0,48795.833333333336,768918
2013-02-07,46900.0,47100.0,46000.0,46100.0,46660.0,44287.5,45601.666666666664,48772.083333333336,218828
2013-02-08,46350.0,46900.0,45400.0,46400.0,46820.0,44452.5,45535.0,48750.0,240955
2013-02-12,46000.0,47300.0,46000.0,47200.0,46660.0,44657.5,45488.333333333336,48739.166666666664,208735
2013-02-13,47350.0,47750.0,46950.0,47750.0,46850.0,44867.5,45447.5,48734.583333333336,303443
2013-02-14,47850.0,47850.0,46750.0,47050.0,46900.0,45027.5,45407.5,48722.916666666664,280884
2013-02-15,46750.0,49050.0,46400.0,48850.0,47450.0,45307.5,45418.333333333336,48736.25,577943
2013-02-18,49000.0,49500.0,48000.0,48700.0,47910.0,45637.5,45410.0,48728.75,322421
2013-02-19,48700.0,48700.0,47300.0,47500.0,47970.0,45887.5,45393.333333333336,48698.75,444994
2013-02-20,47650.0,47800.0,46800.0,47200.0,47860.0,46122.5,45372.5,48657.083333333336,425833
2013-02-21,47250.0,48050.0,46850.0,47100.0,47870.0,46405.0,45347.5,48613.75,374808
2013-02-22,47150.0,47200.0,46600.0,47050.0,47510.0,46670.0,45357.5,48575.0,296108
2013-02-25,47100.0,47350.0,46450.0,46900.0,47150.0,46847.5,45388.333333333336,48523.333333333336,239587
2013-02-26,46150.0,46700.0,45800.0,46000.0,46850.0,46932.5,45374.166666666664,48459.166666666664,430964
2013-02-27,46250.0,47150.0,45900.0,46600.0,46730.0,46990.0,45364.166666666664,48401.666666666664,305848
2013-02-28,46650.0,48000.0,46650.0,47650.0,46840.0,47055.0,45344.166666666664,48355.416666666664,426944
2013-03-04,47900.0,48250.0,47250.0,47950.0,47020.0,47160.0,45338.333333333336,48313.333333333336,273555
2013-03-05,47950.0,48900.0,47600.0,48650.0,47370.0,47312.5,45355.0,48281.25,380151
2013-03-06,49050.0,49050.0,48150.0,48400.0,47850.0,47332.5,45374.166666666664,48240.416666666664,176516
2013-03-07,48450.0,51000.0,48350.0,50700.0,48670.0,47527.5,45443.333333333336,48222.083333333336,826109
2013-03-08,51000.0,52500.0,50900.0,52300.0,49600.0,47802.5,45538.333333333336,48199.583333333336,585524
2013-03-11,52100.0,52400.0,51000.0,52300.0,50470.0,48112.5,45635.833333333336,48180.416666666664,344187
2013-03-12,52300.0,52900.0,51400.0,52600.0,51260.0,48422.5,45752.5,48164.583333333336,258545
2013-03-13,52200.0,52700.0,51600.0,52200.0,52020.0,48672.5,45871.666666666664,48141.25,203110
2013-03-14,51900.0,53400.0,51900.0,53400.0,52560.0,48955.0,46000.0,48132.083333333336,207265
2013-03-15,53400.0,53900.0,52300.0,53400.0,52780.0,49272.5,46110.0,48125.416666666664,259102
2013-03-18,53200.0,53600.0,52500.0,53200.0,52960.0,49490.0,46209.166666666664,48111.25,164777
2013-03-19,53400.0,54400.0,52700.0,53600.0,53160.0,49735.0,46334.166666666664,48097.083333333336,343818
2013-03-20,53500.0,54400.0,53400.0,53900.0,53500.0,50055.0,46480.0,48062.083333333336,248564
2013-03-21,54200.0,55100.0,54100.0,54900.0,53800.0,50440.0,46644.166666666664,48043.75,281122
2013-03-22,55000.0,55200.0,53400.0,54000.0,53920.0,50785.0,46802.5,48030.416666666664,232859
2013-03-25,54000.0,54800.0,53500.0,53500.0,53980.0,51107.5,46956.666666666664,48017.916666666664,231318
2013-03-26,53600.0,53800.0,52100.0,52700.0,53800.0,51397.5,47098.333333333336,47999.583333333336,310832
2013-03-27,52900.0,54200.0,52500.0,54100.0,53840.0,51802.5,47272.5,47988.75,373416
2013-03-28,53300.0,55400.0,53100.0,55000.0,53860.0,52222.5,47456.666666666664,47989.583333333336,377346
2013-03-29,55700.0,55700.0,54000.0,55000.0,54060.0,52590.0,47648.333333333336,47994.583333333336,220321
2013-04-01,54800.0,55300.0,53600.0,54000.0,54160.0,52892.5,47851.666666666664,47997.916666666664,310799
2013-04-02,54400.0,54800.0,53400.0,53400.0,54300.0,53130.0,48049.166666666664,47992.083333333336,192330
2013-04-03,54000.0,55700.0,54000.0,55700.0,54620.0,53495.0,48244.166666666664,48011.25,388478
2013-04-04,55300.0,55800.0,53600.0,54700.0,54560.0,53695.0,48426.666666666664,48045.416666666664,239376
2013-04-05,53900.0,54600.0,52600.0,52800.0,54120.0,53720.0,48560.0,48065.416666666664,334285
2013-04-08,52300.0,52800.0,50500.0,51500.0,53620.0,53680.0,48693.333333333336,48067.916666666664,331178
2013-04-09,51500.0,53400.0,51200.0,53000.0,53540.0,53700.0,48858.333333333336,48073.75,342503
2013-04-10,53400.0,55000.0,53000.0,54700.0,53340.0,53825.0,49051.666666666664,48094.583333333336,297417
2013-04-11,55000.0,55400.0,54300.0,54800.0,53360.0,53895.0,49239.166666666664,48114.583333333336,306267
2013-04-12,54800.0,55900.0,54800.0,55200.0,53840.0,53985.0,49428.333333333336,48152.916666666664,233003
2013-04-15,55200.0,55500.0,54400.0,54900.0,54520.0,54070.0,49622.5,48202.916666666664,103436
2013-04-16,54200.0,54800.0,53700.0,54200.0,54760.0,54100.0,49824.166666666664,48239.166666666664,188441
2013-04-17,54800.0,57800.0,54000.0,57000.0,55220.0,54255.0,50065.833333333336,48296.666666666664,479851
2013-04-18,56600.0,57100.0,55600.0,56300.0,55520.0,54325.0,50295.833333333336,48337.5,379658
2013-04-19,56700.0,58800.0,55600.0,58500.0,56180.0,54550.0,50580.0,48391.666666666664,427010
2013-04-22,59000.0,59500.0,58200.0,59200.0,57040.0,54835.0,50870.833333333336,48462.5,348271
2013-04-23,59000.0,60200.0,58500.0,59600.0,58120.0,55180.0,51141.666666666664,48566.25,271291
2013-04-24,59800.0,59800.0,57400.0,57400.0,58200.0,55345.0,51360.0,48663.333333333336,528416
2013-04-25,57400.0,58200.0,56500.0,56900.0,58320.0,55440.0,51550.833333333336,48754.166666666664,348734
2013-04-26,56700.0,58100.0,56000.0,58000.0,58220.0,55590.0,51745.0,48830.416666666664,308641
2013-04-29,56800.0,57800.0,55400.0,57200.0,57820.0,55750.0,51934.166666666664,48905.416666666664,474996
2013-04-30,57400.0,58500.0,56700.0,58200.0,57540.0,55990.0,52144.166666666664,48986.666666666664,343649
2013-05-02,58300.0,58500.0,56100.0,56400.0,57340.0,56025.0,52284.166666666664,49051.25,168977
2013-05-03,56700.0,56900.0,55300.0,55900.0,57140.0,56085.0,52435.833333333336,49092.916666666664,224067
2013-05-06,56500.0,59700.0,56500.0,58700.0,57280.0,56380.0,52634.166666666664,49157.083333333336,431045
2013-05-07,58800.0,59300.0,57600.0,59100.0,57660.0,56760.0,52850.833333333336,49226.25,175362
2013-05-08,59300.0,59300.0,58100.0,58400.0,57700.0,57030.0,53050.833333333336,49292.916666666664,90615
2013-05-09,58600.0,58800.0,57200.0,57400.0,57900.0,57165.0,53220.833333333336,49354.583333333336,205036
2013-05-10,57800.0,59000.0,57200.0,58000.0,58320.0,57325.0,53391.666666666664,49419.583333333336,191358
2013-05-13,58000.0,58100.0,56800.0,57300.0,58040.0,57430.0,53562.5,49485.0,125348
2013-05-14,57800.0,57900.0,56200.0,57000.0,57620.0,57535.0,53698.333333333336,49558.333333333336,182706
2013-05-15,57000.0,58000.0,56500.0,57400.0,57420.0,57695.0,53843.333333333336,49626.666666666664,196076
2013-05-16,57400.0,59500.0,57400.0,58700.0,57680.0,57780.0,54030.0,49711.666666666664,410211
2013-05-20,59300.0,61000.0,58700.0,61000.0,58280.0,58015.0,54260.0,49816.25,271331
2013-05-21,60700.0,62000.0,60300.0,61700.0,59160.0,58175.0,54503.333333333336,49925.416666666664,306902
2013-05-22,61900.0,63300.0,61700.0,62500.0,60260.0,58340.0,54760.833333333336,50059.166666666664,488949
2013-05-23,62200.0,63700.0,61800.0,62800.0,61340.0,58500.0,55025.833333333336,50207.083333333336,205006
2013-05-24,62800.0,63400.0,62400.0,63000.0,62200.0,58780.0,55309.166666666664,50341.666666666664,121862
2013-05-27,62900.0,63600.0,61800.0,62500.0,62500.0,59060.0,55574.166666666664,50469.166666666664,136571
2013-05-28,62500.0,65700.0,62500.0,64800.0,63120.0,59400.0,55860.0,50602.083333333336,438630
2013-05-29,64900.0,65100.0,63000.0,63200.0,63260.0,59700.0,56114.166666666664,50726.25,391613
2013-05-30,63200.0,63800.0,62500.0,63000.0,63300.0,59940.0,56353.333333333336,50854.166666666664,140176
2013-05-31,63700.0,64600.0,62500.0,62500.0,63200.0,60245.0,56588.333333333336,50981.25,155248
2013-06-03,62800.0,64100.0,61800.0,63700.0,63440.0,60635.0,56805.0,51124.166666666664,220589
2013-06-04,63400.0,64000.0,61200.0,62000.0,62880.0,60800.0,56966.666666666664,51252.5,351918
2013-06-05,61500.0,61600.0,60100.0,61000.0,62440.0,60895.0,57111.666666666664,51373.75,317926
2013-06-07,61000.0,61200.0,59600.0,60600.0,61960.0,61005.0,57245.0,51498.75,284100
2013-06-10,60600.0,63100.0,60600.0,62700.0,62000.0,61270.0,57420.0,51645.833333333336,257934
2013-06-11,62800.0,64200.0,62300.0,64100.0,62080.0,61575.0,57598.333333333336,51799.166666666664,391284
2013-06-12,64100.0,65200.0,63000.0,63900.0,62460.0,61905.0,57773.333333333336,51941.666666666664,249458
2013-06-13,63200.0,63900.0,62700.0,63900.0,63040.0,62250.0,57951.666666666664,52080.416666666664,194074
2013-06-14,64800.0,64800.0,62000.0,62000.0,63320.0,62480.0,58091.666666666664,52212.916666666664,282214
2013-06-17,60800.0,61300.0,60000.0,60400.0,62860.0,62565.0,58200.0,52340.0,329522
2013-06-18,59200.0,62000.0,59200.0,61400.0,62320.0,62585.0,58308.333333333336,52476.25,236666
2013-06-19,62000.0,63700.0,61500.0,63200.0,62180.0,62660.0,58461.666666666664,52632.083333333336,236027
2013-06-20,62800.0,63100.0,61000.0,61500.0,61700.0,62610.0,58595.0,52775.833333333336,165040
2013-06-21,60000.0,62500.0,60000.0,61100.0,61520.0,62525.0,58735.0,52916.666666666664,282173
2013-06-24,61800.0,62300.0,59700.0,60000.0,61440.0,62375.0,58833.333333333336,53052.916666666664,185276
2013-06-25,59700.0,60200.0,55200.0,56000.0,60360.0,62050.0,58850.0,53153.333333333336,493038
2013-06-26,57700.0,60500.0,56600.0,60000.0,59720.0,61810.0,58933.333333333336,53290.833333333336,553775
2013-06-27,60300.0,60900.0,59200.0,60600.0,59540.0,61680.0,59043.333333333336,53447.5,237886
2013-06-28,60400.0,61000.0,60300.0,61000.0,59520.0,61580.0,59170.0,53609.583333333336,220838
2013-07-01,60600.0,61800.0,60500.0,60800.0,59680.0,61495.0,59255.0,53749.583333333336,116956
2013-07-02,61500.0,63100.0,61300.0,61300.0,60740.0,61375.0,59365.0,53895.833333333336,208262
2013-07-03,61500.0,62100.0,60800.0,60800.0,60900.0,61315.0,59498.333333333336,54029.166666666664,196354
2013-07-04,60900.0,62100.0,60800.0,61600.0,61100.0,61345.0,59666.666666666664,54180.0,157079
2013-07-05,61700.0,62600.0,61700.0,62300.0,61360.0,61430.0,59821.666666666664,54340.0,170546
2013-07-08,62400.0,62400.0,60600.0,60900.0,61380.0,61340.0,59925.0,54488.333333333336,196838
2013-07-09,61200.0,61600.0,59800.0,60000.0,61120.0,61135.0,60011.666666666664,54625.416666666664,199234
2013-07-10,59800.0,61300.0,59800.0,60600.0,61080.0,60970.0,60101.666666666664,54765.0,132531
2013-07-11,60700.0,61100.0,60300.0,60700.0,60900.0,60810.0,60198.333333333336,54910.416666666664,150082
2013-07-12,61100.0,61700.0,59200.0,60300.0,60500.0,60725.0,60300.0,55062.083333333336,229769
2013-07-15,61300.0,64100.0,61200.0,63700.0,61060.0,60890.0,60411.666666666664,55238.75,809396
2013-07-16,64300.0,64400.0,62700.0,62800.0,61620.0,60960.0,60520.0,55407.916666666664,285749
2013-07-17,63600.0,69200.0,63500.0,66800.0,62860.0,61140.0,60658.333333333336,55619.166666666664,1107477
2013-07-18,67700.0,69300.0,66900.0,67500.0,64220.0,61440.0,60796.666666666664,55833.75,578957
2013-07-19,67300.0,68400.0,66900.0,67800.0,65720.0,61775.0,60933.333333333336,56037.5,229474
2013-07-22,67300.0,68300.0,66500.0,66800.0,66340.0,62115.0,61090.0,56225.0,255020
2013-07-23,66800.0,69600.0,66800.0,69100.0,67600.0,62770.0,61293.333333333336,56422.083333333336,413888
2013-07-24,69200.0,69300.0,67500.0,68000.0,67840.0,63170.0,61460.0,56602.5,284764
2013-07-25,68400.0,68500.0,67600.0,68400.0,68020.0,63560.0,61646.666666666664,56790.416666666664,229078
2013-07-26,68100.0,69400.0,67600.0,68800.0,68220.0,63950.0,61823.333333333336,56983.75,188807
2013-07-29,68200.0,68500.0,65900.0,67000.0,68260.0,64260.0,62000.0,57142.083333333336,568517
2013-07-30,66700.0,67600.0,66200.0,67200.0,67880.0,64555.0,62188.333333333336,57312.083333333336,299865
2013-07-31,67200.0,67600.0,65900.0,66500.0,67580.0,64840.0,62318.333333333336,57476.25,388229
2013-08-01,66400.0,66400.0,63300.0,65000.0,66900.0,65010.0,62416.666666666664,57633.75,774713
2013-08-02,65500.0,66300.0,64500.0,66000.0,66340.0,65195.0,62543.333333333336,57797.083333333336,430829
2013-08-05,66000.0,66100.0,64700.0,65000.0,65940.0,65400.0,62670.0,57945.416666666664,240529
2013-08-06,64900.0,66600.0,64100.0,66500.0,65800.0,65725.0,62811.666666666664,58101.666666666664,254727
2013-08-07,66700.0,67400.0,66000.0,66500.0,65800.0,66020.0,62965.0,58263.75,337335
2013-08-08,66600.0,66900.0,65500.0,66500.0,66100.0,66310.0,63123.333333333336,58410.833333333336,132504
2013-08-09,66700.0,67500.0,65700.0,65800.0,66060.0,66585.0,63263.333333333336,58553.333333333336,224655
2013-08-12,65700.0,65700.0,63100.0,63400.0,65740.0,66570.0,63341.666666666664,58685.833333333336,498391
2013-08-13,63400.0,64900.0,62200.0,64700.0,65380.0,66665.0,63403.333333333336,58831.666666666664,449979
2013-08-14,64300.0,65500.0,64100.0,65000.0,65080.0,66575.0,63458.333333333336,58980.833333333336,244856
2013-08-16,64300.0,65700.0,64200.0,65000.0,64780.0,66450.0,63500.0,59130.416666666664,151145
2013-08-19,65000.0,65400.0,63600.0,65300.0,64680.0,66325.0,63541.666666666664,59283.75,179439
2013-08-20,65700.0,67200.0,65200.0,65700.0,65140.0,66270.0,63586.666666666664,59447.916666666664,405657
2013-08-21,66100.0,67500.0,66100.0,66400.0,65480.0,66135.0,63651.666666666664,59612.916666666664,396031
2013-08-22,65700.0,66100.0,64500.0,65500.0,65580.0,66010.0,63663.333333333336,59761.666666666664,196815
2013-08-23,66100.0,66200.0,64700.0,65400.0,65660.0,65860.0,63700.0,59907.083333333336,184272
2013-08-26,65500.0,66300.0,64900.0,65700.0,65740.0,65705.0,63745.0,60049.166666666664,191064
2013-08-27,65500.0,66300.0,63300.0,63300.0,65260.0,65520.0,63758.333333333336,60173.333333333336,366568
2013-08-28,62900.0,64200.0,62800.0,63700.0,64720.0,65345.0,63758.333333333336,60281.666666666664,249936
2013-08-29,63600.0,64900.0,63600.0,64400.0,64500.0,65240.0,63798.333333333336,60382.5,204130
2013-08-30,69000.0,69000.0,66600.0,67300.0,64880.0,65355.0,63903.333333333336,60507.5,1850130
2013-09-02,67000.0,68200.0,65700.0,67300.0,65200.0,65420.0,64015.0,60630.0,491955
2013-09-03,67000.0,69800.0,67000.0,69200.0,66380.0,65630.0,64123.333333333336,60771.666666666664,546734
2013-09-04,69300.0,70600.0,68000.0,68100.0,67260.0,65710.0,64190.0,60894.166666666664,423917
2013-09-05,68600.0,69500.0,67500.0,67900.0,67960.0,65780.0,64256.666666666664,61015.0,309388
2013-09-06,68300.0,68300.0,65700.0,66000.0,67700.0,65755.0,64291.666666666664,61121.666666666664,486712
2013-09-09,66700.0,67500.0,66100.0,66200.0,67480.0,65775.0,64361.666666666664,61226.666666666664,233380
2013-09-10,65900.0,67000.0,64700.0,65000.0,66640.0,65855.0,64438.333333333336,61319.166666666664,510264
2013-09-11,65800.0,66700.0,64800.0,65400.0,66100.0,65890.0,64505.0,61406.666666666664,485445
2013-09-12,65700.0,66500.0,65300.0,66500.0,65820.0,65965.0,64560.0,61510.833333333336,282361
2013-09-13,66800.0,66900.0,65100.0,65500.0,65720.0,65990.0,64626.666666666664,61610.833333333336,303819
2013-09-16,65700.0,65900.0,63200.0,64400.0,65360.0,65945.0,64681.666666666664,61708.333333333336,630076
2013-09-17,64000.0,64400.0,62500.0,63000.0,64960.0,65810.0,64731.666666666664,61782.5,455121
2013-09-23,62900.0,63700.0,61500.0,62300.0,64340.0,65605.0,64836.666666666664,61843.333333333336,480058
2013-09-24,62500.0,64500.0,62500.0,64500.0,63940.0,65555.0,64911.666666666664,61922.5,433179
2013-09-25,64800.0,65100.0,63800.0,64500.0,63740.0,65510.0,64976.666666666664,62010.0,393586
2013-09-26,64400.0,65400.0,64100.0,64700.0,63800.0,65460.0,65038.333333333336,62104.166666666664,216279
2013-09-27,65100.0,65400.0,63200.0,63600.0,63920.0,65475.0,65085.0,62170.0,364071
2013-09-30,63500.0,64700.0,63400.0,64500.0,64360.0,65515.0,65138.333333333336,62251.666666666664,237760
2013-10-01,64700.0,65200.0,63900.0,64500.0,64360.0,65520.0,65200.0,62349.166666666664,210144
2013-10-02,64800.0,64800.0,63500.0,63500.0,64160.0,65330.0,65231.666666666664,62449.166666666664,233980
2013-10-04,63600.0,63800.0,62300.0,63100.0,63840.0,65120.0,65245.0,62533.333333333336,272903
2013-10-07,62800.0,63800.0,62700.0,63600.0,63840.0,64840.0,65290.0,62607.5,186682
2013-10-08,63700.0,63700.0,61700.0,62100.0,63360.0,64540.0,65325.0,62668.333333333336,502422
2013-10-10,62600.0,62900.0,62000.0,62000.0,62860.0,64245.0,65348.333333333336,62725.0,246883
2013-10-11,62500.0,62600.0,61700.0,62000.0,62560.0,64045.0,65370.0,62784.166666666664,324833
2013-10-14,62600.0,62700.0,61200.0,61500.0,62240.0,63810.0,65390.0,62845.0,207532
2013-10-15,61800.0,65000.0,61800.0,65000.0,62520.0,63810.0,65411.666666666664,62911.666666666664,573700
2013-10-16,65200.0,66100.0,64300.0,65000.0,63100.0,63790.0,65448.333333333336,62984.166666666664,414567
2013-10-17,65900.0,66900.0,64900.0,66800.0,64060.0,63805.0,65448.333333333336,63053.333333333336,441129
2013-10-18,66800.0,66800.0,65500.0,66400.0,64940.0,63850.0,65430.0,63113.333333333336,290322
2013-10-21,66500.0,68000.0,66400.0,67700.0,66180.0,64015.0,65428.333333333336,63180.833333333336,367133
2013-10-22,68000.0,68200.0,67200.0,67700.0,66720.0,64250.0,65443.333333333336,63266.666666666664,227308
2013-10-23,67700.0,68200.0,65900.0,66000.0,66920.0,64435.0,65391.666666666664,63342.5,292186
2013-10-24,66000.0,68000.0,66000.0,67900.0,67140.0,64605.0,65390.0,63425.0,277157
2013-10-25,67400.0,68300.0,66600.0,67900.0,67440.0,64775.0,65381.666666666664,63514.166666666664,333689
2013-10-28,67500.0,67800.0,65100.0,65700.0,67040.0,64825.0,65330.0,63576.666666666664,398655
2013-10-29,65300.0,66400.0,65100.0,66300.0,66760.0,64960.0,65318.333333333336,63659.166666666664,265557
2013-10-30,66300.0,68000.0,65600.0,68000.0,67160.0,65135.0,65331.666666666664,63760.0,358377
2013-10-31,67300.0,69500.0,67200.0,68500.0,67280.0,65335.0,65365.0,63841.666666666664,433453
2013-11-01,68500.0,69400.0,67700.0,69300.0,67560.0,65625.0,65436.666666666664,63926.666666666664,383246
2013-11-04,70300.0,73400.0,69300.0,72300.0,68880.0,66085.0,65541.66666666667,64042.5,1376300
2013-11-05,72700.0,72700.0,70300.0,70300.0,69680.0,66420.0,65630.0,64150.0,441300
2013-11-06,70000.0,72000.0,69500.0,71000.0,70280.0,66865.0,65705.0,64258.333333333336,286701
2013-11-07,70800.0,71700.0,69600.0,71500.0,70880.0,67340.0,65788.33333333333,64376.666666666664,171163
2013-11-08,70700.0,70800.0,69500.0,69500.0,70920.0,67715.0,65838.33333333333,64480.833333333336,297480
2013-11-11,69200.0,70000.0,66100.0,66500.0,69760.0,67965.0,65850.0,64556.666666666664,421851
2013-11-12,66500.0,68300.0,66200.0,67100.0,69120.0,68070.0,65911.66666666667,64626.666666666664,247406
2013-11-13,67200.0,68000.0,66700.0,67100.0,68340.0,68175.0,65951.66666666667,64677.5,133473
2013-11-14,67000.0,68200.0,67000.0,67800.0,67600.0,68225.0,65998.33333333333,64728.333333333336,147069
2013-11-15,68400.0,69300.0,68200.0,69100.0,67520.0,68360.0,66066.66666666667,64783.333333333336,114084
2013-11-18,69400.0,69600.0,68300.0,69600.0,68140.0,68455.0,66138.33333333333,64840.0,123125
2013-11-19,69500.0,71000.0,69300.0,71000.0,68920.0,68620.0,66226.66666666667,64906.666666666664,201219
2013-11-20,70500.0,71100.0,69100.0,69300.0,69360.0,68785.0,66275.0,64963.333333333336,146905
2013-11-21,69500.0,69900.0,67500.0,68700.0,69540.0,68825.0,66328.33333333333,64995.833333333336,223908
2013-11-22,69300.0,69300.0,68100.0,68800.0,69480.0,68870.0,66385.0,65042.5,144521
2013-11-25,68900.0,69900.0,67600.0,68100.0,69180.0,68990.0,66425.0,65085.0,169404
2013-11-26,67500.0,69400.0,67400.0,69400.0,68860.0,69145.0,66526.66666666667,65142.5,150756
2013-11-27,69300.0,69600.0,68100.0,69500.0,68900.0,69220.0,66623.33333333333,65190.833333333336,157671
2013-11-28,69700.0,69800.0,68700.0,68800.0,68920.0,69235.0,66696.66666666667,65247.5,166932
2013-11-29,68500.0,69000.0,67900.0,68700.0,68900.0,69205.0,66720.0,65311.666666666664,154558
2013-12-02,68600.0,69100.0,68300.0,68300.0,68940.0,69005.0,66736.66666666667,65375.833333333336,72702
2013-12-03,68900.0,68900.0,68000.0,68300.0,68720.0,68905.0,66721.66666666667,65422.5,162109
2013-12-04,68000.0,68800.0,67200.0,68000.0,68420.0,68755.0,66720.0,65455.0,93353
2013-12-05,67600.0,67800.0,66800.0,67500.0,68160.0,68555.0,66713.33333333333,65485.0,134740
2013-12-06,67500.0,67500.0,66800.0,67500.0,67920.0,68455.0,66738.33333333333,65515.0,101562
2013-12-09,68000.0,69600.0,67600.0,69600.0,68180.0,68610.0,66795.0,65578.33333333333,225256
2013-12-10,69900.0,69900.0,68300.0,68400.0,68200.0,68675.0,66851.66666666667,65645.0,218377
2013-12-11,68800.0,69400.0,68000.0,68000.0,68200.0,68720.0,66895.0,65700.0,173341
2013-12-12,67900.0,68300.0,67000.0,67200.0,68140.0,68690.0,66906.66666666667,65733.33333333333,156708
2013-12-13,67400.0,67400.0,66000.0,66700.0,67980.0,68570.0,66926.66666666667,65776.66666666667,165144
2013-12-16,67000.0,67300.0,66600.0,67000.0,67460.0,68440.0,66970.0,65825.83333333333,82895
2013-12-17,66900.0,67700.0,66900.0,67100.0,67200.0,68245.0,67038.33333333333,65885.0,87196
2013-12-18,66700.0,67700.0,66700.0,67500.0,67100.0,68155.0,67125.0,65980.83333333333,61066
2013-12-19,68000.0,68800.0,67500.0,68300.0,67320.0,68135.0,67188.33333333333,66050.0,120178
2013-12-20,67800.0,68500.0,67000.0,67000.0,67380.0,68045.0,67230.0,66103.33333333333,93284
2013-12-23,67500.0,67500.0,65200.0,65500.0,67080.0,67915.0,67243.33333333333,66140.83333333333,274693
2013-12-24,66000.0,67200.0,65700.0,66500.0,66960.0,67770.0,67291.66666666667,66188.33333333333,174529
2013-12-26,67000.0,67200.0,66400.0,66600.0,66780.0,67625.0,67326.66666666667,66232.5,111470
2013-12-27,66900.0,67800.0,66100.0,67100.0,66540.0,67540.0,67370.0,66285.0,121516
2013-12-30,67600.0,67800.0,66200.0,66500.0,66440.0,67430.0,67420.0,66325.83333333333,159770
2014-01-02,66900.0,67400.0,65500.0,65500.0,66440.0,67290.0,67460.0,66352.5,189523
2014-01-03,65500.0,66400.0,64800.0,65200.0,66180.0,67135.0,67486.66666666667,66388.33333333333,261296
2014-01-06,64200.0,65200.0,55500.0,64200.0,65700.0,66945.0,67521.66666666667,66423.33333333333,686765
2014-01-07,64000.0,64700.0,63600.0,63700.0,65020.0,66755.0,67550.0,66449.16666666667,355539
2014-01-08,67100.0,71400.0,67100.0,71000.0,65920.0,66930.0,67700.0,66535.0,1340669
2014-01-09,71500.0,76500.0,71000.0,71500.0,67120.0,67025.0,67866.66666666667,66628.33333333333,1181647
2014-01-10,73500.0,75300.0,72600.0,73200.0,68720.0,67265.0,68003.33333333333,66707.5,509023
2014-01-13,74000.0,74200.0,72000.0,73300.0,70540.0,67530.0,68141.66666666667,66795.0,258898
2014-01-14,72500.0,74700.0,72400.0,73300.0,72460.0,67835.0,68250.0,66849.16666666667,247453
2014-01-15,73400.0,74500.0,72000.0,74400.0,73140.0,68220.0,68383.33333333333,66906.66666666667,332633
2014-01-16,74500.0,75000.0,73900.0,74400.0,73720.0,68590.0,68495.0,66961.66666666667,230327
2014-01-17,74000.0,78000.0,73600.0,76800.0,74440.0,69075.0,68646.66666666667,67045.0,573132
2014-01-20,76800.0,78500.0,75900.0,77200.0,75220.0,69560.0,68833.33333333333,67112.5,286092
2014-01-21,76500.0,79000.0,76000.0,77000.0,75960.0,69995.0,68985.0,67187.5,629189
2014-01-22,77500.0,79300.0,77100.0,77100.0,76500.0,70500.0,69138.33333333333,67260.0,339123
2014-01-23,78200.0,79200.0,77000.0,77200.0,77060.0,71085.0,69330.0,67330.0,276916
2014-01-24,76500.0,77000.0,74600.0,75000.0,76700.0,71510.0,69475.0,67396.66666666667,235591
2014-01-27,74000.0,76400.0,73800.0,75500.0,76360.0,71955.0,69600.0,67465.83333333333,372428
2014-01-28,75900.0,78800.0,74500.0,78400.0,76640.0,72520.0,69765.0,67565.0,246709
2014-01-29,78900.0,79000.0,77300.0,78000.0,76820.0,73095.0,69910.0,67673.33333333333,208023
2014-02-03,77900.0,78700.0,77400.0,78300.0,77040.0,73735.0,70010.0,67775.83333333333,195919
2014-02-04,77900.0,78700.0,77500.0,78400.0,77720.0,74395.0,70145.0,67887.5,283750
2014-02-05,78700.0,82400.0,78700.0,80200.0,78660.0,75195.0,70298.33333333333,68001.66666666667,424988
2014-02-06,80900.0,82400.0,80300.0,82000.0,79380.0,76110.0,70473.33333333333,68130.83333333333,244938
2014-02-07,82800.0,84900.0,82500.0,83900.0,80560.0,76755.0,70713.33333333333,68275.83333333333,366690
2014-02-10,84600.0,84900.0,80500.0,80600.0,81020.0,77210.0,70948.33333333333,68399.16666666667,331643
2014-02-11,80800.0,83800.0,80700.0,83500.0,82040.0,77725.0,71221.66666666667,68566.66666666667,235166
2014-02-12,82800.0,83400.0,81200.0,81500.0,82300.0,78135.0,71461.66666666667,68706.66666666667,203220
2014-02-13,80800.0,81700.0,80200.0,80600.0,82020.0,78500.0,71675.0,68836.66666666667,131449
2014-02-14,80700.0,81800.0,80100.0,80100.0,81260.0,78785.0,71858.33333333333,68962.5,147359
2014-02-17,80000.0,82700.0,80000.0,82000.0,81540.0,79165.0,72065.0,69101.66666666667,151271
2014-02-18,82000.0,82700.0,81200.0,81800.0,81200.0,79415.0,72245.0,69235.83333333333,110278
2014-02-19,81300.0,82100.0,80500.0,81000.0,81100.0,79605.0,72440.0,69357.5,110580
2014-02-20,80500.0,80800.0,79700.0,80300.0,81040.0,79770.0,72633.33333333333,69480.83333333333,129487
2014-02-21,80300.0,81200.0,80200.0,81100.0,81240.0,79970.0,72838.33333333333,69611.66666666667,143624
2014-02-24,81200.0,81400.0,79100.0,80200.0,80880.0,80120.0,73040.0,69732.5,151514
2014-02-25,80500.0,81300.0,80300.0,81000.0,80720.0,80420.0,73233.33333333333,69880.0,311377
2014-02-26,81400.0,85000.0,80900.0,84900.0,81500.0,80890.0,73490.0,70056.66666666667,378617
2014-02-27,85000.0,85000.0,82600.0,83900.0,82220.0,81165.0,73741.66666666667,70219.16666666667,230371
2014-02-28,83500.0,85000.0,82600.0,83300.0,82660.0,81430.0,73985.0,70352.5,294402
2014-03-03,83900.0,83900.0,82500.0,83000.0,83220.0,81665.0,74230.0,70483.33333333333,187782
2014-03-04,82900.0,83700.0,82500.0,82900.0,83600.0,81890.0,74473.33333333333,70597.5,184064
2014-03-05,83600.0,85600.0,83600.0,85300.0,83680.0,82145.0,74761.66666666667,70740.83333333333,213610
2014-03-06,85600.0,91500.0,85200.0,90000.0,84900.0,82545.0,75136.66666666667,70925.0,488051
2014-03-07,90800.0,90900.0,88600.0,89900.0,86220.0,82845.0,75510.0,71124.16666666667,291103
2014-03-10,90200.0,90200.0,88400.0,89000.0,87420.0,83265.0,75833.33333333333,71314.16666666667,183415
2014-03-11,89000.0,90200.0,88100.0,89400.0,88720.0,83560.0,76183.33333333333,71517.5,177879
2014-03-12,89200.0,89400.0,86400.0,87100.0,89080.0,83840.0,76501.66666666667,71698.33333333333,231434
2014-03-13,87200.0,88800.0,86300.0,87400.0,88560.0,84180.0,76838.33333333333,71872.5,322022
2014-03-14,86900.0,88400.0,86400.0,86400.0,87860.0,84495.0,77166.66666666667,72046.66666666667,325721
2014-03-17,87000.0,89800.0,86700.0,86900.0,87440.0,84740.0,77498.33333333333,72234.16666666667,381808
2014-03-18,87800.0,90800.0,87500.0,88100.0,87180.0,85055.0,77848.33333333333,72443.33333333333,418990
2014-03-19,89000.0,89900.0,86500.0,87800.0,87320.0,85395.0,78186.66666666667,72655.83333333333,327711
2014-03-20,87800.0,89200.0,87600.0,89100.0,87660.0,85835.0,78533.33333333333,72860.83333333333,141532
2014-03-21,89200.0,90000.0,88500.0,88800.0,88140.0,86220.0,78896.66666666667,73063.33333333333,176558
2014-03-24,89700.0,91600.0,89400.0,91400.0,89040.0,86780.0,79328.33333333333,73285.83333333333,275952
2014-03-25,91200.0,91300.0,87900.0,88300.0,89080.0,87145.0,79691.66666666667,73491.66666666667,399531
2014-03-26,88700.0,89600.0,86200.0,87000.0,88920.0,87250.0,80031.66666666667,73679.16666666667,424320
2014-03-27,86800.0,86900.0,83500.0,84200.0,87940.0,87265.0,80316.66666666667,73843.33333333333,552148
2014-03-28,84300.0,84400.0,82500.0,84200.0,87020.0,87310.0,80611.66666666667,74015.83333333333,504815
2014-03-31,83800.0,86100.0,83800.0,86100.0,85960.0,87465.0,80955.0,74207.5,317876
2014-04-01,86800.0,87600.0,85900.0,87600.0,85820.0,87700.0,81328.33333333333,74407.5,308700
2014-04-02,87600.0,88500.0,86800.0,88100.0,86040.0,87840.0,81726.66666666667,74624.16666666667,232454
2014-04-03,88100.0,88400.0,87600.0,88000.0,86800.0,87740.0,82131.66666666667,74840.83333333333,198020
2014-04-04,88000.0,88300.0,87200.0,88200.0,87600.0,87655.0,82418.33333333333,75059.16666666667,195134
2014-04-07,87800.0,88000.0,83400.0,84100.0,87200.0,87410.0,82628.33333333333,75247.5,518960
2014-04-08,84200.0,84200.0,80800.0,83000.0,86280.0,87090.0,82791.66666666667,75397.5,526919
2014-04-09,83500.0,83600.0,81700.0,82600.0,85180.0,86865.0,82946.66666666667,75544.16666666667,295571
2014-04-10,83000.0,83400.0,81100.0,82600.0,84100.0,86625.0,83101.66666666667,75675.83333333333,425535
2014-04-11,81400.0,82000.0,80600.0,81100.0,82680.0,86360.0,83213.33333333333,75798.33333333333,295719
2014-04-14,80800.0,84600.0,80800.0,84500.0,82760.0,86240.0,83381.66666666667,75938.33333333333,464235
2014-04-15,83500.0,83800.0,78700.0,79400.0,82040.0,85805.0,83425.0,76035.83333333333,1162095
2014-04-16,80100.0,81100.0,79300.0,80100.0,81540.0,85420.0,83473.33333333333,76153.33333333333,379113
2014-04-17,80400.0,80700.0,79000.0,79200.0,80860.0,84925.0,83510.0,76247.5,282290
2014-04-18,79000.0,81300.0,78900.0,81100.0,80860.0,84540.0,83576.66666666667,76357.5,229298
2014-04-21,81600.0,82300.0,81200.0,81600.0,80280.0,84050.0,83650.0,76490.0,151517
2014-04-22,81600.0,83000.0,80800.0,82900.0,80980.0,83780.0,83781.66666666667,76628.33333333333,280911
2014-04-23,83300.0,83400.0,82300.0,83000.0,81560.0,83580.0,83906.66666666667,76753.33333333333,194520
2014-04-24,82600.0,83400.0,82100.0,83000.0,82320.0,83520.0,83983.33333333333,76874.16666666667,190641
2014-04-25,82800.0,83000.0,81200.0,82000.0,82500.0,83410.0,84050.0,76980.0,187193
2014-04-28,81800.0,83200.0,80300.0,83000.0,82780.0,83255.0,84128.33333333333,77069.16666666667,346023
2014-04-29,83100.0,85000.0,83100.0,83900.0,82980.0,83070.0,84220.0,77182.5,418738
2014-04-30,84400.0,88000.0,84100.0,86900.0,83760.0,83010.0,84331.66666666667,77315.0,717777
2014-05-02,87000.0,88300.0,85300.0,85300.0,84220.0,82875.0,84386.66666666667,77430.0,313658
2014-05-07,84900.0,86000.0,83600.0,84500.0,84720.0,82690.0,84396.66666666667,77555.0,314175
2014-05-08,84500.0,85900.0,84400.0,84500.0,85020.0,82710.0,84461.66666666667,77705.0,176609
2014-05-09,84200.0,86200.0,83600.0,85600.0,85360.0,82840.0,84496.66666666667,77859.16666666667,248980
2014-05-12,85600.0,88400.0,84900.0,87900.0,85560.0,83105.0,84603.33333333333,78032.5,386826
2014-05-13,88500.0,88600.0,86700.0,87800.0,86060.0,83365.0,84723.33333333333,78199.16666666667,370042
2014-05-14,87600.0,88600.0,87400.0,87700.0,86700.0,83695.0,84850.0,78354.16666666667,236813
2014-05-15,88600.0,89300.0,87600.0,88000.0,87400.0,83870.0,84950.0,78507.5,359811
2014-05-16,87500.0,88600.0,87200.0,88500.0,87980.0,84325.0,85061.66666666667,78653.33333333333,338132
2014-05-19,88600.0,90900.0,88600.0,90200.0,88440.0,84830.0,85215.0,78827.5,463657
2014-05-20,90000.0,90600.0,89000.0,90200.0,88920.0,85380.0,85380.0,79006.66666666667,184823
2014-05-21,89900.0,90400.0,89500.0,90000.0,89380.0,85825.0,85528.33333333333,79183.33333333333,164496
2014-05-22,90700.0,91000.0,90300.0,90800.0,89940.0,86285.0,85705.0,79372.5,174376
2014-05-23,91000.0,91900.0,90900.0,91900.0,90620.0,86735.0,85886.66666666667,79560.0,253550
2014-05-26,92200.0,92900.0,91300.0,91500.0,90880.0,87160.0,85996.66666666667,79743.33333333333,145156
2014-05-27,92100.0,92100.0,90800.0,91700.0,91180.0,87595.0,86126.66666666667,79934.16666666667,212658
2014-05-28,90600.0,91500.0,90300.0,91500.0,91480.0,88070.0,86263.33333333333,80124.16666666667,208925
2014-05-29,91800.0,92900.0,89700.0,89900.0,91300.0,88415.0,86378.33333333333,80304.16666666667,333669
2014-05-30,89900.0,93900.0,89500.0,92500.0,91420.0,88845.0,86538.33333333333,80505.83333333333,2703775
2014-06-02,93000.0,93500.0,90200.0,92400.0,91600.0,89120.0,86656.66666666667,80709.16666666667,542826
2014-06-03,92100.0,92400.0,90900.0,91900.0,91640.0,89450.0,86688.33333333333,80912.5,303859
2014-06-05,93500.0,93600.0,91500.0,93000.0,91940.0,89875.0,86740.0,81125.0,284476
2014-06-09,92900.0,93500.0,92000.0,92600.0,92480.0,90280.0,86800.0,81316.66666666667,171053
2014-06-10,93000.0,93000.0,90600.0,91600.0,92300.0,90580.0,86836.66666666667,81510.0,214245
2014-06-11,91800.0,91800.0,88600.0,89100.0,91640.0,90640.0,86870.0,81685.83333333333,403493
2014-06-12,88300.0,89700.0,87600.0,88500.0,90960.0,90675.0,86888.33333333333,81863.33333333333,367688
2014-06-13,87600.0,88600.0,87000.0,87700.0,89900.0,90675.0,86910.0,82038.33333333333,201529
2014-06-16,87600.0,89300.0,87500.0,89000.0,89180.0,90725.0,86945.0,82221.66666666667,194644
2014-06-17,89000.0,90000.0,88800.0,89700.0,88800.0,90785.0,86971.66666666667,82410.0,149213
2014-06-18,90000.0,90700.0,89300.0,90700.0,89120.0,90810.0,87020.0,82603.33333333333,140412
2014-06-19,91300.0,91300.0,89500.0,91200.0,89660.0,90860.0,87055.0,82794.16666666667,203001
2014-06-20,90600.0,90700.0,89000.0,90500.0,90220.0,90885.0,87083.33333333333,82990.0,204932
2014-06-23,90600.0,90600.0,89200.0,89200.0,90260.0,90805.0,87046.66666666667,83187.5,170351
2014-06-24,89000.0,89600.0,88500.0,88800.0,90080.0,90650.0,87055.0,83373.33333333333,236409
2014-06-25,88800.0,89700.0,87800.0,89500.0,89840.0,90550.0,87096.66666666667,83564.16666666667,187568
2014-06-26,90100.0,90100.0,88500.0,90000.0,89600.0,90465.0,87193.33333333333,83755.0,245132
2014-06-27,89800.0,89900.0,88900.0,89800.0,89460.0,90380.0,87286.66666666667,83949.16666666667,110493
2014-06-30,89600.0,91400.0,89500.0,91400.0,89900.0,90455.0,87375.0,84165.0,127765
2014-07-01,90800.0,92800.0,90600.0,92700.0,90680.0,90465.0,87460.0,84394.16666666667,202824
2014-07-02,93200.0,96700.0,93100.0,95600.0,91900.0,90625.0,87585.0,84655.83333333333,538818
2014-07-03,96800.0,98800.0,96100.0,98000.0,93500.0,90930.0,87751.66666666667,84941.66666666667,362187
2014-07-04,99000.0,99100.0,96200.0,97200.0,94980.0,91140.0,87901.66666666667,85160.0,198531
2014-07-07,97700.0,98000.0,97000.0,98000.0,96300.0,91410.0,88133.33333333333,85380.83333333333,70671
2014-07-08,98200.0,101000.0,97700.0,101000.0,97960.0,91880.0,88433.33333333333,85612.5,318949
2014-07-09,101500.0,104000.0,99200.0,101000.0,99040.0,92475.0,88740.0,85843.33333333333,295290
2014-07-10,100500.0,103500.0,100000.0,101500.0,99740.0,93125.0,89055.0,86078.33333333333,166495
2014-07-11,101000.0,102000.0,100000.0,102000.0,100700.0,93840.0,89403.33333333333,86308.33333333333,174967
2014-07-14,102500.0,104500.0,102000.0,102500.0,101600.0,94515.0,89703.33333333333,86542.5,161719
2014-07-15,102500.0,103500.0,101000.0,103500.0,102100.0,95205.0,90105.0,86765.0,188772
2014-07-16,103500.0,104000.0,101500.0,101500.0,102200.0,95745.0,90461.66666666667,86967.5,199232
2014-07-17,102000.0,105000.0,101500.0,105000.0,102900.0,96435.0,90891.66666666667,87200.83333333333,196184
2014-07-18,104000.0,106000.0,103000.0,104500.0,103400.0,97135.0,91281.66666666667,87429.16666666667,153926
2014-07-21,104000.0,105000.0,102500.0,103500.0,103600.0,97850.0,91646.66666666667,87648.33333333333,125439
2014-07-22,102500.0,106500.0,102500.0,105000.0,103900.0,98660.0,92015.0,87898.33333333333,140970
2014-07-23,106000.0,107000.0,104500.0,105500.0,104700.0,99460.0,92390.0,88148.33333333333,117944
2014-07-24,105000.0,107500.0,101500.0,102000.0,104100.0,100060.0,92706.66666666667,88345.0,281805
2014-07-25,102000.0,106500.0,101500.0,105500.0,104300.0,100845.0,93098.33333333333,88574.16666666667,193716
2014-07-28,106500.0,113000.0,106000.0,108500.0,105300.0,101700.0,93523.33333333333,88825.83333333333,353701
2014-07-29,109500.0,111000.0,106500.0,107500.0,105800.0,102440.0,93916.66666666667,89068.33333333333,288376
2014-07-30,109500.0,111000.0,103500.0,107500.0,106200.0,103035.0,94260.0,89295.83333333333,275320
2014-07-31,108000.0,110000.0,106000.0,110000.0,107800.0,103635.0,94671.66666666667,89529.16666666667,203361
2014-08-01,109500.0,115500.0,109500.0,115000.0,109700.0,104525.0,95180.0,89788.33333333333,259833
2014-08-04,116000.0,119000.0,115500.0,118000.0,111600.0,105525.0,95738.33333333333,90100.0,354392
2014-08-05,118500.0,119500.0,115500.0,116000.0,113300.0,106275.0,96245.0,90370.83333333333,233923
2014-08-06,116500.0,120000.0,114500.0,120000.0,115800.0,107225.0,96780.0,90691.66666666667,255893
2014-08-07,122000.0,123000.0,117000.0,117000.0,117200.0,108000.0,97266.66666666667,90995.0,345983
2014-08-08,117000.0,119000.0,114500.0,116000.0,117400.0,108700.0,97738.33333333333,91294.16666666667,307238
2014-08-11,116000.0,117500.0,113500.0,115000.0,116800.0,109325.0,98188.33333333333,91569.16666666667,312205
2014-08-12,113000.0,116500.0,113000.0,116000.0,116800.0,109950.0,98646.66666666667,91854.16666666667,176727
2014-08-13,115000.0,125000.0,115000.0,124000.0,117600.0,111075.0,99210.0,92212.5,351110
2014-08-14,124000.0,125000.0,121500.0,124000.0,119000.0,112025.0,99773.33333333333,92576.66666666667,179521
2014-08-18,125000.0,130500.0,124500.0,128000.0,121400.0,113200.0,100406.66666666667,92967.5,292925
2014-08-19,130000.0,133000.0,129000.0,133000.0,125000.0,114675.0,101110.0,93407.5,373390
2014-08-20,134000.0,135500.0,131000.0,133000.0,128400.0,116075.0,101795.0,93840.83333333333,272743
2014-08-21,132500.0,132500.0,127500.0,127500.0,129100.0,117175.0,102395.0,94195.83333333333,345494
2014-08-22,126500.0,131500.0,126000.0,128000.0,129900.0,118475.0,103000.0,94563.33333333333,308492
2014-08-25,127000.0,133500.0,127000.0,133500.0,131000.0,119875.0,103700.0,94981.66666666667,276962
2014-08-26,134000.0,135500.0,129000.0,130500.0,130500.0,120975.0,104376.66666666667,95377.5,321738
2014-08-27,130000.0,131000.0,118000.0,119000.0,127700.0,121550.0,104818.33333333333,95678.33333333333,1388920
2014-08-28,119000.0,122000.0,114000.0,121500.0,126500.0,122250.0,105303.33333333333,95980.0,1033980
2014-08-29,120500.0,121500.0,116000.0,119000.0,124700.0,122700.0,105755.0,96221.66666666667,457170
2014-09-01,119000.0,121500.0,115000.0,117500.0,121500.0,122825.0,106163.33333333333,96451.66666666667,354578
2014-09-02,117000.0,120500.0,116500.0,120000.0,119400.0,122925.0,106620.0,96710.0,289591
2014-09-03,121000.0,122000.0,119000.0,121000.0,119800.0,123175.0,107110.0,96973.33333333333,234922
2014-09-04,120000.0,122500.0,103500.0,107500.0,117000.0,122550.0,107416.66666666667,97143.33333333333,2146970
2014-09-05,109000.0,110500.0,103000.0,109500.0,115100.0,122175.0,107766.66666666667,97327.5,1271968
2014-09-11,109500.0,112000.0,105500.0,105500.0,112700.0,121650.0,108063.33333333333,97486.66666666667,454830
2014-09-12,106500.0,111500.0,103500.0,110000.0,110700.0,121400.0,108413.33333333333,97679.16666666667,544513
2014-09-15,109500.0,111500.0,108500.0,111000.0,108700.0,121150.0,108768.33333333333,97870.0,226866
2014-09-16,110000.0,110500.0,107500.0,109000.0,109000.0,120400.0,109073.33333333333,98046.66666666667,355932
2014-09-17,110000.0,113500.0,109500.0,112500.0,109600.0,119825.0,109428.33333333333,98241.66666666667,396242
2014-09-18,112500.0,116500.0,112500.0,115000.0,111500.0,119175.0,109836.66666666667,98460.0,350498
2014-09-19,117000.0,118500.0,115000.0,117000.0,112900.0,118375.0,110300.0,98673.33333333333,667807
2014-09-22,116500.0,117500.0,112000.0,114000.0,113500.0,117425.0,110720.0,98887.5,252701
2014-09-23,114000.0,118500.0,113000.0,118500.0,115400.0,116975.0,111203.33333333333,99150.0,341341
2014-09-24,118000.0,118000.0,116000.0,118000.0,116500.0,116475.0,111670.0,99431.66666666667,224293
2014-09-25,118000.0,121500.0,117500.0,119500.0,117400.0,115775.0,112165.0,99725.83333333333,308133
2014-09-26,117500.0,120500.0,117500.0,120000.0,118000.0,115250.0,112641.66666666667,100008.33333333333,218274
2014-09-29,120000.0,122000.0,118000.0,120000.0,119200.0,115300.0,113096.66666666667,100278.33333333333,259615
2014-09-30,121500.0,122000.0,119500.0,119500.0,119400.0,115200.0,113495.0,100540.0,329559
2014-10-01,119500.0,124500.0,118000.0,121500.0,120100.0,115325.0,113886.66666666667,100819.16666666667,345465
2014-10-02,122500.0,123500.0,120000.0,122500.0,120700.0,115575.0,114308.33333333333,101105.0,226051
2014-10-06,122500.0,123000.0,115000.0,116000.0,119900.0,115375.0,114608.33333333333,101370.83333333333,322721
2014-10-07,117000.0,118500.0,115000.0,118000.0,119500.0,115225.0,114891.66666666667,101662.5,192656
2014-10-08,116000.0,116500.0,109500.0,110000.0,117600.0,115350.0,115041.66666666667,101890.83333333333,701900
2014-10-10,107000.0,107500.0,99000.0,99000.0,113100.0,114825.0,115000.0,102027.5,1222638
2014-10-13,98100.0,100500.0,97000.0,100000.0,108600.0,114550.0,114966.66666666667,102185.0,599884
2014-10-14,101000.0,103500.0,99200.0,100500.0,105500.0,114075.0,114933.33333333333,102318.33333333333,545741
2014-10-15,101000.0,103000.0,97000.0,98200.0,101540.0,113435.0,114845.0,102475.0,514542
2014-10-16,96300.0,97300.0,94300.0,95400.0,98620.0,112755.0,114743.33333333333,102602.5,587676
2014-10-17,96300.0,97300.0,91800.0,92300.0,97280.0,111745.0,114531.66666666667,102711.66666666667,556275
2014-10-20,93300.0,99400.0,93300.0,98800.0,97040.0,110935.0,114436.66666666667,102859.16666666667,550257
2014-10-21,100500.0,101500.0,97600.0,99100.0,96760.0,110040.0,114363.33333333333,103005.0,369696
2014-10-22,102500.0,108000.0,101000.0,108000.0,98720.0,109740.0,114413.33333333333,103214.16666666667,614395
2014-10-23,108500.0,111000.0,105000.0,106500.0,100940.0,109140.0,114430.0,103410.0,456067
2014-10-24,109000.0,110000.0,104000.0,105000.0,103480.0,108490.0,114480.0,103593.33333333333,290910
2014-10-27,107000.0,107000.0,104000.0,104500.0,104620.0,107740.0,114463.33333333333,103780.83333333333,205423
2014-10-28,104000.0,108500.0,102000.0,108500.0,106500.0,107165.0,114463.33333333333,103993.33333333333,323163
2014-10-29,110000.0,112000.0,107000.0,108000.0,106500.0,106565.0,114471.66666666667,104194.16666666667,385058
2014-10-30,108500.0,108500.0,100500.0,104500.0,106100.0,105815.0,114421.66666666667,104340.83333333333,369917
2014-10-31,106000.0,106500.0,99900.0,100500.0,105200.0,104765.0,114263.33333333333,104467.5,407149
2014-11-03,105500.0,107000.0,96300.0,98600.0,104020.0,103570.0,113990.0,104585.0,1159135
2014-11-04,99100.0,99500.0,94800.0,95600.0,101440.0,102550.0,113616.66666666667,104677.5,648657
2014-11-05,94500.0,98900.0,94300.0,98500.0,99540.0,101575.0,113325.0,104785.0,586925
2014-11-06,98100.0,99400.0,97000.0,97400.0,98120.0,100945.0,112948.33333333333,104864.16666666667,451864
2014-11-07,97400.0,99200.0,95600.0,96100.0,97240.0,100800.0,112600.0,104933.33333333333,376640
2014-11-10,95800.0,98200.0,93000.0,93000.0,96120.0,100450.0,112216.66666666667,104977.5,626076
2014-11-11,94200.0,97400.0,92600.0,96200.0,96240.0,100235.0,111903.33333333333,105045.83333333333,617190
2014-11-12,96000.0,97100.0,95100.0,96200.0,95780.0,100135.0,111573.33333333333,105110.0,340566
2014-11-13,95400.0,96600.0,93300.0,93600.0,95020.0,100045.0,111066.66666666667,105138.33333333333,582295
2014-11-14,94100.0,94100.0,92600.0,92900.0,94380.0,100075.0,110548.33333333333,105160.83333333333,362266
2014-11-17,93100.0,94700.0,92600.0,93300.0,94440.0,99800.0,109970.0,105188.33333333333,318584
2014-11-18,93000.0,98600.0,93000.0,98500.0,94900.0,99770.0,109395.0,105252.5,579048
2014-11-19,99900.0,102000.0,97500.0,101000.0,95860.0,99420.0,108861.66666666667,105328.33333333333,448784
2014-11-20,101000.0,101500.0,98000.0,98000.0,96740.0,98995.0,108370.0,105382.5,272972
2014-11-21,99000.0,100500.0,97100.0,98400.0,97840.0,98665.0,107876.66666666667,105438.33333333333,305069
2014-11-24,99000.0,99400.0,97100.0,97300.0,98640.0,98305.0,107273.33333333333,105486.66666666667,309153
2014-11-25,96100.0,96900.0,93700.0,94600.0,97860.0,97610.0,106675.0,105525.83333333333,667788
2014-11-26,93800.0,95300.0,93300.0,95100.0,96680.0,96965.0,106276.66666666667,105547.5,400996
2014-11-27,95000.0,96200.0,94400.0,95100.0,96100.0,96495.0,105836.66666666667,105570.0,190753
2014-11-28,93500.0,94600.0,88300.0,89500.0,94320.0,95945.0,105345.0,105550.0,1320072
2014-12-01,89500.0,89900.0,87000.0,87700.0,92400.0,95400.0,104848.33333333333,105505.83333333333,513624
2014-12-02,86900.0,90400.0,86900.0,90400.0,91560.0,95140.0,104355.0,105487.5,321633
2014-12-03,88600.0,89900.0,87600.0,88400.0,90220.0,94635.0,103811.66666666667,105460.83333333333,355452
2014-12-04,88400.0,89700.0,87000.0,87200.0,88640.0,94125.0,103473.33333333333,105445.0,411707
2014-12-05,87700.0,88500.0,87300.0,87900.0,88320.0,93715.0,103113.33333333333,105440.0,211468
2014-12-08,88200.0,88900.0,87000.0,88200.0,88420.0,93475.0,102825.0,105444.16666666667,253448
2014-12-09,89000.0,89300.0,87200.0,87300.0,87800.0,93030.0,102446.66666666667,105430.0,228377
2014-12-10,87000.0,87200.0,83600.0,86600.0,87440.0,92550.0,102040.0,105404.16666666667,402483
2014-12-11,85600.0,86900.0,85500.0,85800.0,87160.0,92160.0,101653.33333333333,105363.33333333333,267524
2014-12-12,85800.0,88600.0,85200.0,88500.0,87280.0,91940.0,101253.33333333333,105340.83333333333,381907
2014-12-15,87500.0,88400.0,87100.0,87600.0,87160.0,91655.0,100796.66666666667,105316.66666666667,211070
2014-12-16,87700.0,89700.0,86000.0,86300.0,86960.0,91045.0,100285.0,105292.5,342755
2014-12-17,87300.0,89400.0,86500.0,89400.0,87520.0,90465.0,99875.0,105297.5,334039
2014-12-18,89900.0,91100.0,86900.0,87700.0,87900.0,89950.0,99361.66666666667,105282.5,286307
2014-12-19,88500.0,89500.0,87700.0,88300.0,87860.0,89445.0,98866.66666666667,105268.33333333333,190099
2014-12-22,88200.0,89000.0,87300.0,88800.0,88100.0,89020.0,98355.0,105260.0,138498
2014-12-23,90500.0,92000.0,88900.0,91600.0,89160.0,88870.0,97881.66666666667,105261.66666666667,406687
2014-12-24,92400.0,94800.0,91600.0,94600.0,90200.0,88845.0,97458.33333333333,105277.5,515274
2014-12-26,95000.0,95500.0,93200.0,93300.0,91320.0,88755.0,97021.66666666667,105258.33333333333,208513
2014-12-29,93200.0,93300.0,90600.0,91400.0,91940.0,88850.0,96520.0,105203.33333333333,258412
2014-12-30,91000.0,92100.0,90000.0,91400.0,92460.0,89035.0,96001.66666666667,105155.0,168466
2015-01-02,91700.0,94800.0,91500.0,94800.0,93100.0,89255.0,95648.33333333333,105128.33333333333,307891
2015-01-05,96000.0,98000.0,94100.0,96700.0,93520.0,89670.0,95293.33333333333,105092.5,482786
2015-01-06,95800.0,98200.0,95100.0,97400.0,94340.0,90180.0,95083.33333333333,105062.5,424840
2015-01-07,98000.0,103000.0,98000.0,103000.0,96660.0,90935.0,95150.0,105075.0,889464
2015-01-08,103500.0,106500.0,102000.0,105000.0,99380.0,91775.0,95233.33333333333,105100.0,487805
2015-01-09,106000.0,107000.0,102500.0,104000.0,101220.0,92610.0,95291.66666666667,105112.5,327893
2015-01-12,105000.0,108000.0,100500.0,100500.0,101980.0,93305.0,95330.0,105087.5,523164
2015-01-13,100000.0,104000.0,98500.0,102000.0,102900.0,94115.0,95440.0,105091.66666666667,326437
2015-01-14,101500.0,102000.0,99000.0,100000.0,102300.0,94690.0,95568.33333333333,105050.0,391106
2015-01-15,100500.0,103000.0,100000.0,101500.0,101600.0,95385.0,95613.33333333333,105025.0,188224
2015-01-16,101500.0,104000.0,99800.0,101500.0,101100.0,96145.0,95653.33333333333,105008.33333333333,333129
2015-01-19,100500.0,104500.0,99100.0,104500.0,101900.0,96900.0,95595.0,105004.16666666667,420893
2015-01-20,104500.0,106000.0,102500.0,104000.0,102300.0,97715.0,95553.33333333333,104991.66666666667,323097
2015-01-21,104000.0,106500.0,103500.0,105000.0,103300.0,98550.0,95553.33333333333,105016.66666666667,246014
2015-01-22,106000.0,106500.0,103500.0,104500.0,103900.0,99335.0,95553.33333333333,105008.33333333333,216530
2015-01-23,105500.0,106000.0,102000.0,104500.0,104500.0,99980.0,95486.66666666667,104975.0,255573
2015-01-26,105000.0,106000.0,104000.0,106000.0,104800.0,100550.0,95453.33333333333,104962.5,270282
2015-01-27,107500.0,107500.0,104500.0,105000.0,105000.0,101135.0,95461.66666666667,104941.66666666667,190910
2015-01-28,105000.0,106500.0,103500.0,105000.0,105000.0,101815.0,95536.66666666667,104900.0,255928
2015-01-29,105000.0,106500.0,102000.0,103500.0,104800.0,102420.0,95618.33333333333,104804.16666666667,354001
2015-01-30,99500.0,103500.0,96000.0,102000.0,104300.0,102780.0,95725.0,104670.83333333333,946264
2015-02-02,104000.0,104000.0,100000.0,101500.0,103400.0,103020.0,95775.0,104550.0,238810
2015-02-03,106000.0,108500.0,104500.0,105500.0,103500.0,103425.0,95910.0,104429.16666666667,881874
2015-02-04,106000.0,106500.0,103500.0,103500.0,103200.0,103450.0,96033.33333333333,104316.66666666667,251923
2015-02-05,103500.0,105500.0,103000.0,103500.0,103200.0,103375.0,96208.33333333333,104212.5,254632
2015-02-06,103500.0,104000.0,100000.0,100000.0,102800.0,103175.0,96271.66666666667,104087.5,326866
2015-02-09,101500.0,103000.0,100000.0,100000.0,102500.0,103150.0,96335.0,103954.16666666667,190697
2015-02-10,100500.0,101000.0,97800.0,98800.0,101160.0,102990.0,96421.66666666667,103744.16666666667,237533
2015-02-11,99300.0,102500.0,99300.0,102500.0,100960.0,103115.0,96581.66666666667,103565.0,239280
2015-02-12,106000.0,107000.0,104000.0,106500.0,101560.0,103365.0,96801.66666666667,103385.83333333333,788332
2015-02-13,106500.0,106500.0,104500.0,105500.0,102660.0,103565.0,96918.33333333333,103156.66666666667,336175
2015-02-16,106500.0,106500.0,104000.0,105500.0,103760.0,103615.0,96993.33333333333,102927.5,212757
2015-02-17,105000.0,106000.0,104500.0,105000.0,105000.0,103665.0,97110.0,102740.0,188033
2015-02-23,105000.0,105500.0,103500.0,104000.0,105300.0,103615.0,97203.33333333333,102540.0,248813
2015-02-24,103500.0,104000.0,101500.0,103500.0,104700.0,103565.0,97306.66666666667,102290.0,258097
2015-02-25,103500.0,104000.0,101500.0,102000.0,104000.0,103440.0,97430.0,102052.5,170864
2015-02-26,101500.0,102000.0,98900.0,101000.0,103100.0,103190.0,97528.33333333333,101902.5,421894
2015-02-27,100000.0,100000.0,98500.0,99000.0,101900.0,102890.0,97593.33333333333,101715.0,422591
2015-03-02,97000.0,98100.0,94600.0,95000.0,100100.0,102390.0,97685.0,101515.0,753519
2015-03-03,95700.0,96600.0,94000.0,94800.0,98360.0,101955.0,97803.33333333333,101325.83333333333,527449
2015-03-04,94700.0,97100.0,94700.0,97100.0,97380.0,101710.0,97915.0,101135.0,318180
2015-03-05,96000.0,97900.0,96000.0,97200.0,96620.0,101495.0,98061.66666666667,100936.66666666667,172933
2015-03-06,97000.0,97600.0,96400.0,97600.0,96340.0,101100.0,98235.0,100854.16666666667,218106
2015-03-09,97000.0,97500.0,96000.0,96300.0,96600.0,100740.0,98375.0,100744.16666666667,219057
2015-03-10,96500.0,97000.0,94600.0,95000.0,96640.0,100315.0,98488.33333333333,100656.66666666667,234739
2015-03-11,94400.0,94500.0,92000.0,92100.0,95640.0,99920.0,98568.33333333333,100507.5,351437
2015-03-12,92800.0,93600.0,90700.0,90700.0,94340.0,99455.0,98636.66666666667,100338.33333333333,267174
2015-03-13,91300.0,92400.0,91100.0,92000.0,93220.0,99115.0,98740.0,100196.66666666667,190018
2015-03-16,92000.0,95500.0,91300.0,94500.0,92860.0,98715.0,98840.0,100046.66666666667,286188
2015-03-17,94900.0,95400.0,93200.0,94500.0,92760.0,98115.0,98955.0,99875.83333333333,367355
2015-03-18,95000.0,95200.0,93300.0,93300.0,93000.0,97505.0,99071.66666666667,99678.33333333333,258986
2015-03-19,93800.0,95400.0,93800.0,94600.0,93780.0,96960.0,99158.33333333333,99516.66666666667,260118
2015-03-20,95300.0,98500.0,95300.0,98500.0,95080.0,96635.0,99338.33333333333,99350.0,382809
2015-03-23,99700.0,99900.0,97700.0,98000.0,95780.0,96335.0,99500.0,99183.33333333333,291307
2015-03-24,102000.0,102500.0,97800.0,99800.0,96840.0,96150.0,99683.33333333333,99019.16666666667,838266
2015-03-25,100000.0,100500.0,98100.0,98500.0,97880.0,95975.0,99798.33333333333,98840.0,319420
2015-03-26,97500.0,98400.0,96000.0,96500.0,98260.0,95750.0,99830.0,98644.16666666667,232726
2015-03-27,96200.0,98000.0,96200.0,98000.0,98160.0,95700.0,99908.33333333333,98465.0,180469
2015-03-30,98900.0,100500.0,98400.0,99300.0,98420.0,95915.0,100040.0,98280.0,249063
2015-03-31,100000.0,100500.0,96700.0,97900.0,98040.0,96070.0,100148.33333333333,98075.0,283487
2015-04-01,99200.0,99200.0,96800.0,97700.0,97880.0,96100.0,100196.66666666667,97922.5,203554
2015-04-02,98000.0,98400.0,96700.0,97800.0,98140.0,96130.0,100215.0,97754.16666666667,157946
2015-04-03,97800.0,99800.0,97000.0,99300.0,98400.0,96215.0,100246.66666666667,97665.0,197399
2015-04-06,99900.0,101000.0,99500.0,100000.0,98540.0,96400.0,100196.66666666667,97673.33333333333,293806
2015-04-07,100000.0,100500.0,97900.0,98000.0,98560.0,96550.0,100080.0,97656.66666666667,225263
2015-04-08,98000.0,98300.0,96000.0,96000.0,98220.0,96745.0,99946.66666666667,97619.16666666667,318031
2015-04-09,96200.0,96500.0,94500.0,95400.0,97740.0,96980.0,99861.66666666667,97595.83333333333,396173
2015-04-10,95900.0,98600.0,95500.0,98600.0,97600.0,97310.0,99805.0,97622.5,441974
2015-04-13,110000.0,113000.0,106500.0,113000.0,100200.0,98235.0,100021.66666666667,97795.0,1444840
2015-04-14,120000.0,128500.0,117500.0,121500.0,104900.0,99585.0,100355.0,97984.16666666667,3093554
2015-04-15,122000.0,123500.0,119000.0,121000.0,109900.0,100970.0,100680.0,98166.66666666667,688605
2015-04-16,122000.0,124000.0,119500.0,123000.0,115420.0,102390.0,100988.33333333333,98291.66666666667,509201
2015-04-17,121000.0,123500.0,119000.0,119000.0,119500.0,103415.0,101238.33333333333,98395.83333333333,471087
2015-04-20,117500.0,121500.0,117000.0,120500.0,121000.0,104540.0,101496.66666666667,98525.0,376811
2015-04-21,121500.0,122000.0,118000.0,120000.0,120700.0,105550.0,101755.0,98654.16666666667,303390
2015-04-22,120000.0,124000.0,118000.0,123500.0,121200.0,106800.0,102071.66666666667,98779.16666666667,557305
2015-04-23,124000.0,126000.0,121000.0,125500.0,121700.0,108250.0,102396.66666666667,98925.0,514089
2015-04-24,126000.0,128000.0,124500.0,127000.0,123300.0,109700.0,102763.33333333333,99112.5,432516
2015-04-27,127000.0,127000.0,121500.0,123000.0,123800.0,110885.0,103063.33333333333,99300.0,462349
2015-04-28,123000.0,125000.0,119000.0,124000.0,124600.0,112190.0,103405.0,99511.66666666667,406791
2015-04-29,124500.0,125000.0,106000.0,111000.0,122100.0,112855.0,103555.0,99640.0,2327229
2015-04-30,109500.0,113000.0,107000.0,107000.0,118400.0,113315.0,103646.66666666667,99710.83333333333,1010436
2015-05-04,108500.0,110000.0,107500.0,107500.0,114500.0,113725.0,103680.0,99795.0,498847
2015-05-06,106000.0,108500.0,105500.0,108500.0,111600.0,114150.0,103763.33333333333,99898.33333333333,272294
2015-05-07,107500.0,108000.0,104000.0,107000.0,108200.0,114600.0,103821.66666666667,100015.0,249894
2015-05-08,106500.0,110500.0,106000.0,109000.0,107800.0,115250.0,103971.66666666667,100121.66666666667,243638
2015-05-11,110000.0,110500.0,106000.0,108000.0,108000.0,115880.0,104105.0,100220.0,291086
2015-05-12,108000.0,110000.0,106500.0,106500.0,107800.0,116275.0,104233.33333333333,100327.5,162730
2015-05-13,106000.0,107500.0,104500.0,107000.0,107500.0,115975.0,104308.33333333333,100445.0,230680
2015-05-14,107000.0,112000.0,107000.0,108500.0,107800.0,115325.0,104341.66666666667,100571.66666666667,315659
2015-05-15,110000.0,112000.0,108000.0,111000.0,108200.0,114825.0,104433.33333333333,100675.83333333333,229204
2015-05-18,112000.0,115500.0,111000.0,115000.0,109600.0,114425.0,104591.66666666667,100792.5,352167
2015-05-19,116500.0,117000.0,113000.0,113500.0,111000.0,114150.0,104733.33333333333,100921.66666666667,215063
2015-05-20,113500.0,114500.0,109000.0,110500.0,111700.0,113650.0,104841.66666666667,101022.5,268771
2015-05-21,110500.0,111000.0,106500.0,109500.0,111900.0,113125.0,104941.66666666667,101124.16666666667,296434
2015-05-22,109000.0,111000.0,108500.0,111000.0,111900.0,112500.0,105091.66666666667,101260.83333333333,197426
2015-05-26,116500.0,119500.0,112500.0,113000.0,111500.0,111875.0,105291.66666666667,101410.0,565006
2015-05-27,113500.0,116500.0,112000.0,115000.0,111800.0,111275.0,105558.33333333333,101575.83333333333,347848
2015-05-28,118500.0,126000.0,117000.0,123500.0,114400.0,111300.0,106033.33333333333,101859.16666666667,1024615
2015-05-29,122500.0,123000.0,119000.0,119500.0,116400.0,111075.0,106445.0,102124.16666666667,478906
2015-06-01,116000.0,119000.0,112000.0,118500.0,117900.0,111450.0,106801.66666666667,102358.33333333333,739551
2015-06-02,114500.0,116500.0,112500.0,114000.0,118100.0,111800.0,107081.66666666667,102571.66666666667,754370
2015-06-03,110500.0,115500.0,110000.0,114000.0,117900.0,112125.0,107355.0,102795.0,487146
2015-06-04,114000.0,114500.0,108500.0,111000.0,115400.0,112250.0,107600.0,102987.5,634700
2015-06-05,110000.0,112500.0,108000.0,109500.0,113400.0,112375.0,107841.66666666667,103165.0,365301
2015-06-08,111000.0,111500.0,109000.0,111000.0,111900.0,112475.0,108156.66666666667,103362.5,255745
2015-06-09,111000.0,111000.0,107500.0,108000.0,110700.0,112475.0,108445.0,103540.83333333333,339137
2015-06-10,108000.0,108500.0,105000.0,105500.0,109000.0,112425.0,108670.0,103705.0,392345
2015-06-11,106500.0,107500.0,104500.0,106000.0,108000.0,112375.0,108861.66666666667,103850.83333333333,475056
2015-06-12,107000.0,110500.0,106500.0,109000.0,107900.0,112400.0,109103.33333333333,104029.16666666667,481939
2015-06-15,107000.0,108000.0,103000.0,104500.0,106600.0,112075.0,109290.0,104180.83333333333,506332
2015-06-16,103000.0,108500.0,103000.0,106500.0,106300.0,111650.0,109488.33333333333,104323.33333333333,321341
2015-06-17,107000.0,109000.0,107000.0,109000.0,107000.0,111425.0,109663.33333333333,104500.83333333333,213598
2015-06-18,109000.0,109000.0,104500.0,104500.0,106700.0,111125.0,109771.66666666667,104635.83333333333,315918
2015-06-19,100500.0,108500.0,99500.0,105500.0,106000.0,110925.0,109866.66666666667,104775.0,664224
2015-06-22,108500.0,113500.0,108500.0,110500.0,107200.0,110900.0,110066.66666666667,104932.5,541036
2015-06-23,114000.0,119500.0,112000.0,119000.0,109700.0,111200.0,110441.66666666667,105135.83333333333,742747
2015-06-24,117500.0,119000.0,115500.0,118000.0,111500.0,111350.0,110775.0,105341.66666666667,288065
2015-06-25,119000.0,119000.0,113000.0,113000.0,113200.0,110825.0,111003.33333333333,105521.66666666667,252305
2015-06-26,114000.0,116500.0,111500.0,116500.0,115400.0,110675.0,111313.33333333333,105730.83333333333,210117
2015-06-29,113500.0,117000.0,112000.0,112500.0,115800.0,110375.0,111560.0,105878.33333333333,289145
2015-06-30,111000.0,114000.0,111000.0,111500.0,114300.0,110250.0,111788.33333333333,106001.66666666667,310723
2015-07-01,115000.0,120500.0,115000.0,119000.0,114500.0,110500.0,112116.66666666667,106181.66666666667,616373
2015-07-02,121500.0,128500.0,121500.0,126000.0,117100.0,111250.0,112550.0,106373.33333333333,706379
2015-07-03,131500.0,135000.0,128000.0,128500.0,119500.0,112200.0,113058.33333333333,106569.16666666667,655898
2015-07-06,127500.0,133500.0,125500.0,129500.0,122900.0,113125.0,113616.66666666667,106781.66666666667,435988
2015-07-07,133000.0,133000.0,116500.0,119500.0,124500.0,113700.0,114018.33333333333,106940.0,763372
2015-07-08,119000.0,124000.0,118000.0,121000.0,124900.0,114475.0,114391.66666666667,107098.33333333333,507589
2015-07-09,118000.0,120500.0,114000.0,117500.0,123200.0,115050.0,114466.66666666667,107244.16666666667,630084
2015-07-10,124000.0,134000.0,121500.0,128000.0,123100.0,116000.0,114575.0,107465.0,2517938
2015-07-13,140500.0,143000.0,128500.0,131000.0,123400.0,117325.0,114741.66666666667,107710.83333333333,3139617
2015-07-14,133000.0,136000.0,129000.0,135000.0,126500.0,118750.0,114941.66666666667,107965.0,1292140
2015-07-15,133500.0,136500.0,132000.0,135500.0,129400.0,120075.0,115216.66666666667,108227.5,656161
2015-07-16,134500.0,135500.0,130500.0,131500.0,132200.0,121425.0,115400.0,108448.33333333333,607295
2015-07-17,132000.0,134500.0,126000.0,129500.0,132500.0,122625.0,115558.33333333333,108656.66666666667,545151
2015-07-20,129500.0,132000.0,128500.0,130000.0,132300.0,123600.0,115666.66666666667,108869.16666666667,299829
2015-07-21,132000.0,132500.0,129000.0,130500.0,131400.0,124175.0,115750.0,109073.33333333333,254974
2015-07-22,131500.0,134000.0,129500.0,133000.0,130900.0,124925.0,115850.0,109306.66666666667,378178
2015-07-23,134000.0,135000.0,132000.0,133000.0,131200.0,125925.0,116016.66666666667,109540.0,292037
2015-07-24,133000.0,133500.0,129500.0,129500.0,131200.0,126575.0,116108.33333333333,109756.66666666667,222724
2015-07-27,129000.0,133000.0,129000.0,131500.0,131500.0,127525.0,116450.0,110002.5,317552
2015-07-28,132000.0,133500.0,129500.0,133500.0,132100.0,128625.0,116891.66666666667,110269.16666666667,327562
2015-07-29,134000.0,135000.0,132000.0,134000.0,132300.0,129375.0,117333.33333333333,110506.66666666667,288338
2015-07-30,134000.0,134000.0,130500.0,131000.0,131900.0,129625.0,117708.33333333333,110735.83333333333,255149
2015-07-31,131000.0,131500.0,125000.0,126000.0,131200.0,129500.0,118025.0,110923.33333333333,352867
2015-08-03,126500.0,141500.0,126500.0,137000.0,132300.0,129875.0,118491.66666666667,111231.66666666667,871484
2015-08-04,136500.0,138500.0,135000.0,136500.0,132900.0,130725.0,118966.66666666667,111535.83333333333,279219
2015-08-05,137500.0,141500.0,137000.0,138000.0,133700.0,131575.0,119491.66666666667,111862.5,309977
2015-08-06,139500.0,140000.0,135000.0,138000.0,135100.0,132600.0,120008.33333333333,112158.33333333333,196554
2015-08-07,139000.0,139000.0,135000.0,136500.0,137200.0,133025.0,120475.0,112408.33333333333,123852
2015-08-10,137000.0,137500.0,131000.0,134500.0,136700.0,133200.0,120866.66666666667,112650.0,190624
2015-08-11,136500.0,136500.0,125000.0,125500.0,134500.0,132725.0,121041.66666666667,112816.66666666667,470502
2015-08-12,123000.0,125500.0,116500.0,119000.0,130700.0,131900.0,121133.33333333333,112933.33333333333,660460
2015-08-13,119500.0,126000.0,118000.0,126000.0,128300.0,131625.0,121391.66666666667,113116.66666666667,579810
2015-08-14,126000.0,126000.0,126000.0,126000.0,126200.0,131450.0,121666.66666666667,113304.16666666667,0
2015-08-17,127000.0,127500.0,122000.0,122000.0,123700.0,131050.0,121850.0,113470.83333333333,208746
2015-08-18,123000.0,123500.0,119500.0,120000.0,122600.0,130525.0,121966.66666666667,113629.16666666667,373073
2015-08-19,119000.0,120000.0,114000.0,118500.0,122500.0,129800.0,122025.0,113791.66666666667,366117
2015-08-20,117000.0,117500.0,110500.0,110500.0,119400.0,128675.0,121808.33333333333,113920.83333333333,494205
2015-08-21,105500.0,113000.0,102500.0,110500.0,116300.0,127725.0,121658.33333333333,114051.66666666667,441967
2015-08-24,109500.0,112000.0,107000.0,112000.0,114300.0,126750.0,121550.0,114175.83333333333,424546
2015-08-25,111500.0,118500.0,108000.0,115000.0,113300.0,125825.0,121566.66666666667,114324.16666666667,403698
2015-08-26,115000.0,121000.0,114000.0,120000.0,113600.0,125125.0,121666.66666666667,114510.83333333333,424370
2015-08-27,120500.0,126000.0,118500.0,125000.0,116500.0,124825.0,121900.0,114750.0,438005
2015-08-28,125500.0,127500.0,123500.0,126000.0,119600.0,124825.0,122175.0,115008.33333333333,397914
2015-08-31,125000.0,125500.0,120500.0,120500.0,121300.0,124000.0,122333.33333333333,115245.0,245632
2015-09-01,119500.0,121500.0,117500.0,117500.0,121800.0,123050.0,122491.66666666667,115468.33333333333,176618
2015-09-02,116000.0,119500.0,115500.0,118000.0,121400.0,122050.0,122700.0,115685.0,207520
2015-09-03,118000.0,119000.0,113500.0,114000.0,119200.0,120850.0,122833.33333333333,115847.5,183837
2015-09-04,114000.0,117000.0,110000.0,111000.0,116200.0,119575.0,122866.66666666667,115985.0,331326
2015-09-07,112500.0,112500.0,109000.0,109500.0,114000.0,118325.0,122950.0,116120.0,256674
2015-09-08,110000.0,113000.0,108000.0,109500.0,112400.0,117525.0,123000.0,116244.16666666667,242351
2015-09-09,112500.0,116000.0,111500.0,114500.0,111700.0,117300.0,123091.66666666667,116377.5,302333
2015-09-10,113000.0,117000.0,111500.0,117000.0,112300.0,116850.0,123300.0,116535.83333333333,264421
2015-09-11,116000.0,117500.0,114500.0,115000.0,113100.0,116300.0,123458.33333333333,116662.5,144182
2015-09-14,116000.0,119000.0,115000.0,116000.0,114400.0,116000.0,123550.0,116808.33333333333,204626
2015-09-15,116500.0,120000.0,116500.0,119000.0,116300.0,115950.0,123550.0,116995.83333333333,235181
2015-09-16,120000.0,120500.0,118000.0,119000.0,117200.0,115975.0,123566.66666666667,117170.83333333333,195190
2015-09-17,122000.0,125000.0,120500.0,123500.0,118500.0,116625.0,123741.66666666667,117372.5,325176
2015-09-18,124000.0,125500.0,122000.0,125000.0,120500.0,117350.0,123883.33333333333,117598.33333333333,184496
2015-09-21,124500.0,124500.0,121000.0,121000.0,121500.0,117800.0,124025.0,117792.5,174590
2015-09-22,122500.0,123500.0,121000.0,122000.0,122100.0,118150.0,124200.0,117994.16666666667,198135
2015-09-23,120000.0,121000.0,115000.0,115000.0,121300.0,117900.0,124133.33333333333,118125.0,311661
2015-09-24,117000.0,119000.0,115500.0,116000.0,119800.0,117450.0,123966.66666666667,118258.33333333333,149649
2015-09-25,115500.0,116500.0,114500.0,115500.0,117900.0,116925.0,123750.0,118404.16666666667,134406
2015-09-30,116000.0,118500.0,113000.0,115000.0,116700.0,116650.0,123508.33333333333,118562.5,322623
2015-10-01,115000.0,117500.0,114500.0,115500.0,115400.0,116550.0,123441.66666666667,118730.0,254756
2015-10-02,115500.0,117500.0,114000.0,115000.0,115400.0,116400.0,123341.66666666667,118866.66666666667,222272
2015-10-05,116500.0,118000.0,115500.0,117500.0,115700.0,116575.0,123341.66666666667,118904.16666666667,363551
2015-10-06,119500.0,120500.0,117500.0,119000.0,116400.0,116975.0,123191.66666666667,118883.33333333333,226049
2015-10-07,119000.0,119000.0,115000.0,115000.0,116400.0,117250.0,122925.0,118833.33333333333,213203
2015-10-08,115500.0,116500.0,112500.0,113000.0,115900.0,117425.0,122558.33333333333,118750.0,318322
2015-10-12,111000.0,112000.0,107000.0,107500.0,114400.0,117075.0,122091.66666666667,118654.16666666667,886933
2015-10-13,107500.0,108000.0,103500.0,105500.0,112000.0,116500.0,121658.33333333333,118529.16666666667,668513
2015-10-14,104500.0,104500.0,100000.0,100500.0,108300.0,115775.0,121175.0,118366.66666666667,828279
2015-10-15,101000.0,106500.0,101000.0,104500.0,106200.0,115200.0,120750.0,118208.33333333333,639580
2015-10-16,105500.0,107000.0,104500.0,105000.0,104600.0,114500.0,120325.0,118037.5,440270
2015-10-19,106500.0,110000.0,106000.0,108000.0,104700.0,113950.0,119908.33333333333,117879.16666666667,358304
2015-10-20,109000.0,109500.0,107000.0,108500.0,105300.0,113200.0,119500.0,117758.33333333333,162494
2015-10-21,108000.0,108500.0,104500.0,104500.0,106100.0,112175.0,119083.33333333333,117595.83333333333,230541
2015-10-22,105000.0,106500.0,103500.0,104000.0,106000.0,111325.0,118625.0,117537.5,182417
2015-10-23,105000.0,106500.0,104000.0,104500.0,105900.0,110450.0,118141.66666666667,117516.66666666667,214515
2015-10-26,105500.0,109000.0,105500.0,109000.0,106100.0,110150.0,117725.0,117529.16666666667,270361
2015-10-27,109000.0,110500.0,108000.0,110000.0,106400.0,109850.0,117375.0,117541.66666666667,195696
2015-10-28,109500.0,110500.0,107000.0,109000.0,107300.0,109525.0,117091.66666666667,117558.33333333333,175826
2015-10-29,108500.0,109000.0,106000.0,107000.0,107900.0,109125.0,116591.66666666667,117541.66666666667,208716
2015-10-30,107000.0,111000.0,106000.0,110000.0,109000.0,108850.0,116150.0,117558.33333333333,284714
2015-11-02,109000.0,110500.0,106500.0,108500.0,108900.0,108525.0,115658.33333333333,117575.0,365785
2015-11-03,110000.0,113500.0,109500.0,113500.0,109600.0,108325.0,115250.0,117629.16666666667,446718
2015-11-04,114000.0,116500.0,112500.0,116000.0,111000.0,108175.0,114908.33333333333,117691.66666666667,306747
2015-11-05,115000.0,115500.0,113500.0,114000.0,112400.0,108125.0,114566.66666666667,117716.66666666667,150250
2015-11-06,113500.0,114000.0,110000.0,112000.0,112800.0,108075.0,114341.66666666667,117691.66666666667,231302
2015-11-09,111500.0,113500.0,109500.0,110000.0,113100.0,108200.0,114191.66666666667,117662.5,220960
2015-11-10,110500.0,110500.0,106000.0,106500.0,111700.0,108250.0,113866.66666666667,117629.16666666667,234802
2015-11-11,107000.0,108500.0,106000.0,106000.0,109700.0,108525.0,113533.33333333333,117600.0,193051
2015-11-12,107000.0,108000.0,105000.0,106500.0,108200.0,108625.0,113275.0,117562.5,202929
2015-11-13,105000.0,106000.0,103000.0,103000.0,106400.0,108525.0,112991.66666666667,117479.16666666667,386356
2015-11-16,97900.0,98000.0,89300.0,89300.0,102260.0,107590.0,112505.0,117265.0,1959417
2015-11-17,90100.0,90800.0,87100.0,89300.0,98820.0,106630.0,112151.66666666667,116980.0,1071214
2015-11-18,90300.0,91700.0,89600.0,90700.0,95760.0,105940.0,111821.66666666667,116740.0,618381
2015-11-19,91000.0,93700.0,91000.0,93500.0,93160.0,105415.0,111513.33333333333,116531.66666666667,582660
2015-11-20,93300.0,93600.0,91700.0,92100.0,90980.0,104795.0,111131.66666666667,116349.16666666667,302894
2015-11-23,93500.0,95300.0,93300.0,94300.0,91980.0,104060.0,110703.33333333333,116185.0,514753
2015-11-24,94500.0,94500.0,91500.0,91900.0,92500.0,103155.0,110151.66666666667,116025.83333333333,548220
2015-11-25,92300.0,92400.0,90100.0,90400.0,92440.0,102225.0,109558.33333333333,115866.66666666667,519504
2015-11-26,90800.0,91300.0,90200.0,91000.0,91940.0,101425.0,109066.66666666667,115700.0,379618
2015-11-27,91200.0,94200.0,91100.0,92800.0,92080.0,100565.0,108655.0,115573.33333333333,443264
2015-11-30,92200.0,92900.0,90500.0,90500.0,91320.0,99665.0,108196.66666666667,115448.33333333333,346730
2015-12-01,91300.0,92300.0,90700.0,91500.0,91240.0,98565.0,107821.66666666667,115327.5,208059
2015-12-02,91600.0,92800.0,90800.0,92400.0,91640.0,97385.0,107511.66666666667,115189.16666666667,227895
2015-12-03,91900.0,92300.0,90600.0,92300.0,91900.0,96300.0,107225.0,115087.5,203038
2015-12-04,91600.0,92200.0,90700.0,91200.0,91580.0,95260.0,106920.0,114960.0,224303
2015-12-07,92000.0,92700.0,91400.0,91400.0,91760.0,94330.0,106535.0,114813.33333333333,171552
2015-12-08,91300.0,91800.0,89300.0,89500.0,91360.0,93480.0,106076.66666666667,114688.33333333333,250418
2015-12-09,88800.0,89500.0,85500.0,86600.0,90200.0,92510.0,105603.33333333333,114530.83333333333,642491
2015-12-10,85800.0,85800.0,81700.0,82900.0,88320.0,91330.0,105051.66666666667,114300.83333333333,849346
2015-12-11,82200.0,82600.0,78500.0,79000.0,85880.0,90130.0,104385.0,113967.5,1274707
2015-12-14,77600.0,80400.0,76700.0,79300.0,83460.0,89630.0,103723.33333333333,113645.0,480949
2015-12-15,80000.0,81000.0,79600.0,79800.0,81520.0,89155.0,102995.0,113368.33333333333,265678
2015-12-16,80600.0,82400.0,80300.0,81500.0,80500.0,88695.0,102270.0,113076.66666666667,384574
2015-12-17,82100.0,84000.0,82100.0,82200.0,80360.0,88130.0,101623.33333333333,112824.16666666667,398679
2015-12-18,81800.0,83000.0,81300.0,82200.0,81000.0,87635.0,100960.0,112580.0,220732
2015-12-21,82700.0,84000.0,82200.0,83300.0,81800.0,87085.0,100431.66666666667,112282.5,194012
2015-12-22,83200.0,83700.0,81600.0,82100.0,82260.0,86595.0,99866.66666666667,111916.66666666667,174410
2015-12-23,82100.0,82200.0,80000.0,80400.0,82040.0,86095.0,99281.66666666667,111515.83333333333,392451
2015-12-24,80800.0,82300.0,80500.0,82000.0,82000.0,85645.0,98731.66666666667,111120.0,252056
2015-12-28,81900.0,82000.0,79300.0,79300.0,81420.0,84970.0,98128.33333333333,110785.0,321035
2015-12-29,79600.0,80600.0,79400.0,79500.0,80660.0,84420.0,97536.66666666667,110439.16666666667,266596
2015-12-30,79600.0,79600.0,77000.0,77300.0,79700.0,83710.0,96866.66666666667,110104.16666666667,530967
2016-01-04,77800.0,79300.0,77400.0,78100.0,79240.0,82995.0,96185.0,109688.33333333333,287659
2016-01-05,78300.0,78900.0,77400.0,78500.0,78540.0,82305.0,95576.66666666667,109250.83333333333,236187
2016-01-06,78900.0,79100.0,76500.0,77300.0,78140.0,81610.0,94981.66666666667,108770.0,370562
2016-01-07,77300.0,78300.0,73200.0,73500.0,76940.0,80715.0,94415.0,108253.33333333333,856384
2016-01-08,72900.0,72900.0,70600.0,71600.0,75800.0,79820.0,93850.0,107754.16666666667,797043
2016-01-11,71000.0,71500.0,70100.0,70100.0,74200.0,78995.0,93343.33333333333,107259.16666666667,545819
2016-01-12,70600.0,71700.0,69500.0,71400.0,72780.0,78420.0,92791.66666666667,106770.83333333333,597321
2016-01-13,71000.0,71700.0,69800.0,70500.0,71420.0,77995.0,92216.66666666667,106270.83333333333,611361
2016-01-14,69600.0,69600.0,66800.0,68300.0,70380.0,77445.0,91555.0,105731.66666666667,1137023
2016-01-15,69300.0,69600.0,66300.0,66700.0,69400.0,76790.0,90858.33333333333,105179.16666666667,836933
2016-01-18,65800.0,67600.0,64700.0,65000.0,68380.0,75965.0,90200.0,104641.66666666667,814220
2016-01-19,65000.0,65500.0,63200.0,64000.0,66900.0,75055.0,89533.33333333333,104079.16666666667,750643
2016-01-20,64500.0,68100.0,63500.0,65100.0,65820.0,74200.0,88876.66666666667,103509.16666666667,1335431
2016-01-21,66000.0,67000.0,63200.0,63600.0,64880.0,73215.0,88120.0,102922.5,993273
2016-01-22,64200.0,65700.0,63900.0,65000.0,64540.0,72360.0,87370.0,102372.5,931188
2016-01-25,66800.0,68700.0,65600.0,68500.0,65240.0,71765.0,86695.0,101893.33333333333,1120034
2016-01-26,68200.0,68300.0,65300.0,67200.0,65880.0,71025.0,86031.66666666667,101311.66666666667,819137
2016-01-27,68300.0,69600.0,67600.0,69300.0,66720.0,70525.0,85353.33333333333,100751.66666666667,805032
2016-01-28,69000.0,72900.0,68500.0,71300.0,68260.0,70115.0,84733.33333333333,100195.83333333333,1312957
2016-01-29,68500.0,69700.0,64800.0,65100.0,68280.0,69505.0,83926.66666666667,99588.33333333333,3165236
2016-02-01,65700.0,67200.0,63200.0,66700.0,67920.0,68935.0,83105.0,99006.66666666667,1374353
2016-02-02,66400.0,67300.0,65700.0,66600.0,67800.0,68340.0,82315.0,98440.83333333333,481936
2016-02-03,66100.0,68900.0,65800.0,68800.0,67700.0,67915.0,81595.0,97968.33333333333,1066665
2016-02-04,70600.0,73700.0,69700.0,73500.0,68140.0,67915.0,80986.66666666667,97589.16666666667,1691917
2016-02-05,73500.0,73500.0,71600.0,72400.0,69600.0,67955.0,80418.33333333333,97142.5,962711
2016-02-11,69000.0,71200.0,68900.0,69500.0,70160.0,67925.0,79810.0,96671.66666666667,930732
2016-02-12,68700.0,69000.0,63900.0,65400.0,69920.0,67625.0,79125.0,96200.0,1250025
2016-02-15,66400.0,67700.0,65800.0,67400.0,69640.0,67470.0,78531.66666666667,95761.66666666667,619700
2016-02-16,68100.0,68300.0,66200.0,66700.0,68280.0,67390.0,78155.0,95330.0,695158
2016-02-17,67100.0,68900.0,64800.0,65200.0,66840.0,67315.0,77753.33333333333,94952.5,1094847
2016-02-18,66200.0,66200.0,65200.0,66200.0,66180.0,67375.0,77345.0,94583.33333333333,840481
2016-02-19,65700.0,66100.0,65100.0,65200.0,66140.0,67435.0,76873.33333333333,94193.33333333333,521102
2016-02-22,65200.0,65800.0,64700.0,65200.0,65700.0,67440.0,76425.0,93778.33333333333,430600
2016-02-23,65800.0,66500.0,63700.0,63700.0,65100.0,67445.0,75915.0,93309.16666666667,909845
2016-02-24,63400.0,63400.0,60500.0,60900.0,64240.0,67240.0,75398.33333333333,92775.0,1445650
2016-02-25,61500.0,64200.0,61000.0,63100.0,63620.0,66970.0,74943.33333333333,92250.83333333333,1239832
2016-02-26,63200.0,63900.0,61500.0,62400.0,63060.0,66730.0,74466.66666666667,91766.66666666667,583340
2016-02-29,62900.0,64000.0,62900.0,63400.0,62700.0,66435.0,73976.66666666667,91315.83333333333,344561
2016-03-02,64400.0,67400.0,64000.0,67200.0,63400.0,66230.0,73588.33333333333,90892.5,1077585
2016-03-03,69000.0,71300.0,68600.0,70700.0,65360.0,66510.0,73241.66666666667,90531.66666666667,1741434
2016-03-04,72500.0,73700.0,72100.0,73200.0,67380.0,66835.0,72921.66666666667,90216.66666666667,1513252
2016-03-07,73900.0,74500.0,72000.0,72000.0,69300.0,67105.0,72583.33333333333,89904.16666666667,908002
2016-03-08,73500.0,77000.0,73200.0,74500.0,71520.0,67390.0,72305.0,89612.5,1777333
2016-03-09,75200.0,75900.0,73000.0,74000.0,72880.0,67415.0,72015.0,89275.0,775865
2016-03-10,73700.0,73800.0,71500.0,71500.0,73040.0,67370.0,71715.0,88895.83333333333,1028619
2016-03-11,71800.0,72700.0,70400.0,70800.0,72560.0,67435.0,71451.66666666667,88527.5,633907
2016-03-14,70600.0,71300.0,68700.0,69300.0,72020.0,67630.0,71225.0,88138.33333333333,697858
2016-03-15,69300.0,70900.0,69300.0,70700.0,71260.0,67795.0,71086.66666666667,87735.83333333333,555731
2016-03-16,71300.0,71800.0,69800.0,70600.0,70580.0,67990.0,70941.66666666667,87332.5,524722
2016-03-17,71000.0,71200.0,69200.0,69500.0,70180.0,68205.0,70770.0,86882.5,533608
2016-03-18,69900.0,70000.0,68100.0,68300.0,69680.0,68310.0,70550.0,86410.0,590647
2016-03-21,68600.0,69100.0,67300.0,67600.0,69340.0,68430.0,70306.66666666667,85965.0,542458
2016-03-22,67800.0,68500.0,67400.0,68000.0,68800.0,68570.0,70070.0,85515.0,448434
2016-03-23,67700.0,67800.0,65700.0,65900.0,67860.0,68680.0,69780.0,85105.83333333333,886410
2016-03-24,66300.0,66600.0,65900.0,66100.0,67180.0,68940.0,69513.33333333333,84690.0,323038
2016-03-25,65500.0,67500.0,65500.0,67100.0,66940.0,69140.0,69291.66666666667,84286.66666666667,421379
2016-03-28,67800.0,69400.0,67500.0,68900.0,67200.0,69465.0,69073.33333333333,83902.5,591120
2016-03-29,69100.0,69100.0,67000.0,67200.0,67040.0,69655.0,68871.66666666667,83500.0,572183
2016-03-30,68000.0,68100.0,66700.0,67100.0,67280.0,69650.0,68665.0,83100.83333333333,302826
2016-03-31,67500.0,67600.0,66200.0,66500.0,67360.0,69440.0,68485.0,82675.83333333333,294223
2016-04-01,67200.0,67500.0,64500.0,65200.0,66980.0,69040.0,68270.0,82227.5,631083
2016-04-04,65400.0,67700.0,64500.0,67700.0,66740.0,68825.0,68090.0,81833.33333333333,538339
2016-04-05,67800.0,69600.0,67300.0,69600.0,67220.0,68580.0,67961.66666666667,81471.66666666667,736640
2016-04-06,69200.0,69400.0,68000.0,68500.0,67500.0,68305.0,67878.33333333333,81146.66666666667,458944
2016-04-07,68300.0,68800.0,67800.0,68000.0,67800.0,68130.0,67818.33333333333,80834.16666666667,289574
2016-04-08,67600.0,69100.0,67100.0,69000.0,68560.0,68040.0,67800.0,80571.66666666667,271580
2016-04-11,68600.0,68700.0,67000.0,67100.0,68440.0,67930.0,67728.33333333333,80260.0,467065
2016-04-12,66600.0,67700.0,66200.0,66800.0,67880.0,67735.0,67666.66666666667,79941.66666666667,274814
2016-04-14,66800.0,67600.0,66600.0,66700.0,67520.0,67540.0,67640.0,79597.5,432584
2016-04-15,67100.0,69800.0,67100.0,69100.0,67740.0,67520.0,67680.0,79269.16666666667,786056
2016-04-18,71300.0,71700.0,69700.0,69900.0,67920.0,67600.0,67761.66666666667,78980.83333333333,1263759
2016-04-19,70400.0,72200.0,70000.0,71900.0,68880.0,67815.0,67893.33333333333,78713.33333333333,1198618
2016-04-20,72500.0,73100.0,71200.0,71600.0,69840.0,67995.0,68001.66666666667,78439.16666666667,830287
2016-04-21,72000.0,72400.0,69700.0,70900.0,70680.0,68245.0,68123.33333333333,78121.66666666667,753287
2016-04-22,70300.0,71000.0,69700.0,70400.0,70940.0,68460.0,68213.33333333333,77791.66666666667,420623
2016-04-25,70400.0,70900.0,69400.0,70200.0,71000.0,68615.0,68241.66666666667,77468.33333333333,433951
2016-04-26,70100.0,70700.0,68500.0,68600.0,70340.0,68600.0,68265.0,77148.33333333333,602901
2016-04-27,69000.0,73500.0,67000.0,73500.0,70720.0,68915.0,68335.0,76844.16666666667,1878191
2016-04-28,72800.0,74400.0,71600.0,73900.0,71320.0,69255.0,68378.33333333333,76555.83333333333,1350163
2016-04-29,73900.0,74400.0,72100.0,73300.0,71900.0,69595.0,68515.0,76220.83333333333,918326
2016-05-02,71000.0,73300.0,69500.0,72100.0,72280.0,69940.0,68605.0,75855.0,1313981
2016-05-03,72300.0,72400.0,70200.0,70700.0,72700.0,70090.0,68673.33333333333,75494.16666666667,658427
2016-05-04,71100.0,72700.0,70800.0,71300.0,72260.0,70175.0,68715.0,75155.0,681762
2016-05-09,71500.0,71500.0,69900.0,70000.0,71480.0,70250.0,68656.66666666667,74821.66666666667,466721
2016-05-10,70300.0,71300.0,69300.0,70600.0,70940.0,70380.0,68626.66666666667,74522.5,384376
2016-05-11,70700.0,71700.0,70300.0,71200.0,70760.0,70490.0,68655.0,74232.5,333746
2016-05-12,70800.0,71000.0,70200.0,70700.0,70760.0,70670.0,68743.33333333333,73934.16666666667,297702
2016-05-13,70600.0,70700.0,68900.0,69500.0,70400.0,70805.0,68778.33333333333,73655.0,467687
2016-05-16,69000.0,70000.0,68700.0,69700.0,70340.0,70955.0,68828.33333333333,73491.66666666667,309018
2016-05-17,69800.0,70000.0,68800.0,68800.0,69980.0,70940.0,68888.33333333333,73320.83333333333,257109
2016-05-18,68200.0,68400.0,67100.0,67600.0,69260.0,70825.0,68911.66666666667,73128.33333333333,505709
2016-05-19,67600.0,68100.0,66600.0,67000.0,68520.0,70580.0,68941.66666666667,72907.5,396678
2016-05-20,66700.0,66700.0,65800.0,66200.0,67860.0,70310.0,68958.33333333333,72691.66666666667,452172
2016-05-23,65900.0,68300.0,65400.0,67200.0,67360.0,70125.0,69016.66666666667,72465.83333333333,408951
2016-05-24,67200.0,67400.0,66000.0,66800.0,66960.0,69945.0,69115.0,72256.66666666667,325712
2016-05-25,67100.0,67700.0,66300.0,66300.0,66700.0,69750.0,69168.33333333333,72055.83333333333,328591
2016-05-26,66400.0,67000.0,65000.0,65100.0,66320.0,69575.0,69213.33333333333,71840.0,421915
2016-05-27,64900.0,65700.0,64600.0,65300.0,66140.0,69165.0,69245.0,71610.83333333333,309912
2016-05-30,65400.0,65700.0,64500.0,64700.0,65640.0,68705.0,69203.33333333333,71395.83333333333,339965
2016-05-31,64600.0,66200.0,64600.0,65900.0,65460.0,68335.0,69123.33333333333,71182.5,387135
2016-06-01,66100.0,66200.0,65100.0,65700.0,65340.0,68015.0,68998.33333333333,70960.0,253743
2016-06-02,65800.0,66100.0,65100.0,65500.0,65420.0,67755.0,68890.0,70736.66666666667,193494
2016-06-03,65300.0,66600.0,65100.0,66000.0,65560.0,67490.0,68748.33333333333,70526.66666666667,281782
2016-06-07,65800.0,66000.0,65000.0,65500.0,65720.0,67265.0,68606.66666666667,70310.83333333333,313699
2016-06-08,65400.0,66100.0,65300.0,65700.0,65680.0,67020.0,68510.0,70112.5,264568
2016-06-09,65500.0,66000.0,65000.0,65300.0,65600.0,66725.0,68418.33333333333,69935.0,333557
2016-06-10,65500.0,65600.0,65100.0,65600.0,65620.0,66470.0,68356.66666666667,69790.83333333333,189283
2016-06-13,66500.0,68400.0,66100.0,66300.0,65680.0,66310.0,68283.33333333333,69685.0,887621
2016-06-14,66800.0,66800.0,65000.0,65600.0,65700.0,66105.0,68200.0,69570.83333333333,443236
2016-06-15,65300.0,65400.0,64300.0,64600.0,65480.0,65895.0,68118.33333333333,69444.16666666667,318503
2016-06-16,64500.0,65000.0,62900.0,63000.0,65020.0,65665.0,68030.0,69290.0,367930
2016-06-17,63000.0,63800.0,62900.0,62900.0,64480.0,65460.0,67951.66666666667,69129.16666666667,241763
2016-06-20,63000.0,63900.0,63000.0,63700.0,63960.0,65335.0,67880.0,68975.0,157506
2016-06-21,63200.0,63500.0,63000.0,63100.0,63460.0,65130.0,67833.33333333333,68806.66666666667,210715
2016-06-22,63100.0,63500.0,62600.0,63200.0,63180.0,64950.0,67785.0,68649.16666666667,266728
2016-06-23,63000.0,64800.0,62900.0,64400.0,63460.0,64855.0,67740.0,68515.83333333333,322665
2016-06-24,65400.0,65500.0,61400.0,62500.0,63380.0,64725.0,67633.33333333333,68353.33333333333,809713
2016-06-27,61100.0,64300.0,61100.0,64000.0,63440.0,64660.0,67580.0,68225.83333333333,491266
2016-06-28,63300.0,65600.0,63300.0,65300.0,63880.0,64690.0,67550.0,68107.5,360770
2016-06-29,65700.0,67200.0,65600.0,66600.0,64560.0,64725.0,67551.66666666667,68018.33333333333,612244
2016-06-30,67200.0,68000.0,66600.0,67900.0,65260.0,64835.0,67596.66666666667,67933.33333333333,465568
2016-07-01,68000.0,68000.0,66700.0,67100.0,66180.0,64915.0,67586.66666666667,67838.33333333333,233309
2016-07-04,67100.0,68400.0,66800.0,66900.0,66760.0,64960.0,67541.66666666667,67751.66666666667,255080
2016-07-05,67200.0,68000.0,66600.0,68000.0,67300.0,65085.0,67533.33333333333,67705.83333333333,327394
2016-07-06,67800.0,68600.0,66100.0,66200.0,67220.0,65110.0,67503.33333333333,67660.83333333333,337139
2016-07-07,66600.0,67600.0,66600.0,66900.0,67020.0,65190.0,67468.33333333333,67634.16666666667,293125
2016-07-08,66900.0,68200.0,66200.0,66400.0,66880.0,65230.0,67456.66666666667,67592.5,542190
2016-07-11,66000.0,66300.0,63800.0,64100.0,66320.0,65120.0,67411.66666666667,67539.16666666667,725578
2016-07-12,64000.0,64700.0,63300.0,64600.0,65640.0,65070.0,67376.66666666667,67508.33333333333,296211
2016-07-13,64600.0,65600.0,64500.0,65000.0,65400.0,65090.0,67308.33333333333,67494.16666666667,232498
2016-07-14,65000.0,65200.0,64500.0,65000.0,65020.0,65190.0,67226.66666666667,67494.16666666667,154640
2016-07-15,64900.0,65300.0,64100.0,64200.0,64580.0,65255.0,67098.33333333333,67495.83333333333,258075
2016-07-18,64200.0,64400.0,63500.0,63500.0,64460.0,65245.0,66963.33333333333,67482.5,205153
2016-07-19,63300.0,64400.0,63100.0,64000.0,64340.0,65290.0,66848.33333333333,67485.83333333333,263788
2016-07-20,64000.0,64800.0,64000.0,64700.0,64280.0,65365.0,66753.33333333333,67483.33333333333,287804
2016-07-21,64800.0,65100.0,64200.0,64800.0,64240.0,65385.0,66663.33333333333,67452.5,386179
2016-07-22,64800.0,65400.0,64600.0,65300.0,64460.0,65525.0,66608.33333333333,67436.66666666667,348051
2016-07-25,64600.0,64600.0,62100.0,62200.0,64200.0,65435.0,66420.0,67377.5,1094900
2016-07-26,62000.0,62100.0,60300.0,61700.0,63740.0,65255.0,66216.66666666667,67297.5,540092
2016-07-27,61200.0,61700.0,60000.0,60000.0,62800.0,64925.0,65995.0,67255.0,889583
2016-07-28,59500.0,60400.0,59500.0,59900.0,61820.0,64525.0,65791.66666666667,67198.33333333333,473143
2016-07-29,59800.0,60300.0,59600.0,59600.0,60680.0,64150.0,65606.66666666667,67140.0,362456
2016-08-01,59300.0,59600.0,57200.0,57300.0,59700.0,63670.0,65373.333333333336,67044.16666666667,711380
2016-08-02,57300.0,58300.0,57300.0,58100.0,58980.0,63175.0,65175.0,66915.83333333333,359577
2016-08-03,58200.0,60000.0,57200.0,59400.0,58860.0,62835.0,64988.333333333336,66807.5,534812
2016-08-04,59900.0,61200.0,59900.0,60900.0,59060.0,62535.0,64816.666666666664,66735.83333333333,501676
2016-08-05,61000.0,61200.0,58800.0,58800.0,58900.0,62155.0,64618.333333333336,66680.83333333333,402261
2016-08-08,58500.0,59700.0,58200.0,59100.0,59260.0,61905.0,64445.0,66611.66666666667,262251
2016-08-09,59200.0,60300.0,59100.0,59700.0,59580.0,61660.0,64278.333333333336,66553.33333333333,257368
2016-08-10,59700.0,61200.0,59700.0,60600.0,59820.0,61440.0,64141.666666666664,66515.0,351526
2016-08-11,61100.0,62000.0,60700.0,62000.0,60040.0,61290.0,64048.333333333336,66480.0,423282
2016-08-12,62400.0,62700.0,61500.0,62300.0,60740.0,61195.0,63970.0,66455.83333333333,361738
2016-08-16,62500.0,62600.0,61500.0,61900.0,61300.0,61115.0,63898.333333333336,66428.33333333333,242796
2016-08-17,61500.0,62300.0,61300.0,62200.0,61800.0,61025.0,63815.0,66415.83333333333,209666
2016-08-18,62000.0,62800.0,62000.0,62300.0,62140.0,60905.0,63740.0,66427.5,237564
2016-08-19,62000.0,62700.0,61900.0,62400.0,62220.0,60785.0,63675.0,66421.66666666667,241224
2016-08-22,62400.0,62700.0,61600.0,61700.0,62100.0,60605.0,63618.333333333336,66415.83333333333,171809
2016-08-23,61900.0,63500.0,61900.0,63400.0,62400.0,60665.0,63586.666666666664,66415.83333333333,425686
2016-08-24,63700.0,65000.0,63700.0,65000.0,62960.0,60830.0,63591.666666666664,66397.5,672392
2016-08-25,65100.0,66200.0,64500.0,66100.0,63720.0,61135.0,63595.0,66359.16666666667,509607
2016-08-26,66100.0,67200.0,65500.0,67000.0,64640.0,61490.0,63616.666666666664,66307.5,720898
2016-08-29,66500.0,68100.0,65900.0,68000.0,65900.0,61910.0,63658.333333333336,66274.16666666667,629197
2016-08-30,68400.0,68500.0,67500.0,68000.0,66820.0,62445.0,63691.666666666664,66220.0,405513
2016-08-31,67900.0,68300.0,67500.0,67800.0,67380.0,62930.0,63730.0,66168.33333333333,226630
2016-09-01,67700.0,68300.0,66400.0,67300.0,67620.0,63325.0,63756.666666666664,66133.33333333333,288908
2016-09-02,67300.0,68600.0,67300.0,68100.0,67840.0,63685.0,63803.333333333336,66110.83333333333,301032
2016-09-05,68600.0,69300.0,68400.0,68900.0,68020.0,64190.0,63858.333333333336,66107.5,235614
2016-09-06,69000.0,69400.0,67000.0,68000.0,68020.0,64635.0,63886.666666666664,66085.0,319614
2016-09-07,67900.0,67900.0,66100.0,66300.0,67720.0,64965.0,63898.333333333336,66049.16666666667,296699
2016-09-08,66000.0,67100.0,66000.0,67100.0,67680.0,65290.0,63940.0,66029.16666666667,223503
2016-09-09,66800.0,66800.0,64600.0,65000.0,67060.0,65440.0,63973.333333333336,66001.66666666667,292226
2016-09-12,63500.0,65100.0,63100.0,64500.0,66180.0,65550.0,64000.0,65975.83333333333,163107
2016-09-13,65300.0,65500.0,64300.0,64400.0,65460.0,65675.0,64011.666666666664,65945.83333333333,211824
2016-09-19,63800.0,65200.0,63800.0,64800.0,65160.0,65805.0,64040.0,65936.66666666667,130102
2016-09-20,64300.0,64800.0,63700.0,64200.0,64580.0,65900.0,64056.666666666664,65920.83333333333,132355
2016-09-21,64000.0,64300.0,63500.0,64300.0,64440.0,65995.0,64055.0,65897.5,115262
2016-09-22,64700.0,64800.0,63800.0,64200.0,64380.0,66120.0,64083.333333333336,65858.33333333333,191083
2016-09-23,64600.0,64600.0,62500.0,62600.0,64020.0,66080.0,64060.0,65820.0,389769
2016-09-26,62400.0,63300.0,61500.0,62500.0,63560.0,65955.0,64013.333333333336,65781.66666666667,257815
2016-09-27,62400.0,63400.0,62400.0,62700.0,63260.0,65785.0,63948.333333333336,65750.0,248530
2016-09-28,62700.0,63700.0,62500.0,62600.0,62920.0,65565.0,63860.0,65728.33333333333,196492
2016-09-29,63200.0,63200.0,62600.0,62700.0,62620.0,65300.0,63786.666666666664,65686.66666666667,174103
2016-09-30,62000.0,62400.0,60300.0,60500.0,62200.0,64925.0,63680.0,65610.83333333333,657844
2016-10-04,60700.0,61600.0,60700.0,61000.0,61900.0,64585.0,63563.333333333336,65548.33333333333,120934
2016-10-05,61000.0,61000.0,60400.0,60500.0,61460.0,64245.0,63468.333333333336,65485.833333333336,163150
2016-10-06,60400.0,60800.0,59700.0,60000.0,60940.0,63840.0,63353.333333333336,65410.833333333336,209837
2016-10-07,59800.0,60400.0,59500.0,59800.0,60360.0,63385.0,63243.333333333336,65350.0,211953
2016-10-10,60300.0,60300.0,59300.0,59500.0,60160.0,62960.0,63166.666666666664,65289.166666666664,196051
2016-10-11,59900.0,60300.0,59200.0,59500.0,59860.0,62620.0,63081.666666666664,65229.166666666664,255098
2016-10-12,59500.0,60700.0,59400.0,60300.0,59820.0,62280.0,63003.333333333336,65155.833333333336,189839
2016-10-13,60300.0,60400.0,59700.0,60200.0,59860.0,62040.0,62923.333333333336,65075.0,183287
2016-10-14,60200.0,60300.0,59700.0,59800.0,59860.0,61805.0,62850.0,64974.166666666664,149407
2016-10-17,59900.0,60100.0,59200.0,59300.0,59820.0,61550.0,62780.0,64871.666666666664,167985
2016-10-18,59200.0,60000.0,59200.0,59700.0,59860.0,61295.0,62708.333333333336,64778.333333333336,131331
2016-10-19,59700.0,61000.0,59700.0,61000.0,60000.0,61135.0,62646.666666666664,64700.0,274981
2016-10-20,61400.0,62500.0,60600.0,62400.0,60440.0,61040.0,62606.666666666664,64635.0,427769
2016-10-21,62400.0,62500.0,61600.0,62400.0,60960.0,60950.0,62558.333333333336,64583.333333333336,249500
2016-10-24,62400.0,62500.0,61300.0,62000.0,61500.0,60920.0,62555.0,64487.5,209165
2016-10-25,60100.0,60200.0,57300.0,57700.0,61100.0,60680.0,62488.333333333336,64352.5,1442578
2016-10-26,57200.0,57700.0,55800.0,56200.0,60140.0,60355.0,62425.0,64210.0,737813
2016-10-27,56800.0,58900.0,56800.0,58200.0,59300.0,60135.0,62396.666666666664,64094.166666666664,492251
2016-10-28,58100.0,58600.0,57500.0,57500.0,58320.0,59875.0,62361.666666666664,63984.166666666664,181956
2016-10-31,57500.0,58100.0,56900.0,57300.0,57380.0,59715.0,62361.666666666664,63867.5,235453
2016-11-01,56800.0,57000.0,54600.0,55100.0,56860.0,59420.0,62311.666666666664,63743.333333333336,571545
2016-11-02,54800.0,54800.0,51900.0,52000.0,56020.0,58995.0,62188.333333333336,63588.333333333336,646147
2016-11-03,51700.0,53300.0,51700.0,52500.0,54880.0,58620.0,62048.333333333336,63432.5,236711
2016-11-04,52200.0,52900.0,51400.0,52600.0,53900.0,58260.0,61945.0,63281.666666666664,188972
2016-11-07,53100.0,53200.0,52600.0,53000.0,53040.0,57935.0,61843.333333333336,63144.166666666664,110894
2016-11-08,53300.0,53500.0,52600.0,52900.0,52600.0,57605.0,61730.0,63004.166666666664,140527
2016-11-09,53000.0,53500.0,50100.0,51500.0,52500.0,57165.0,61578.333333333336,62860.0,470985
2016-11-10,52200.0,53900.0,51800.0,53900.0,52780.0,56850.0,61443.333333333336,62745.833333333336,332158
2016-11-11,53500.0,53800.0,52500.0,52800.0,52820.0,56500.0,61285.0,62627.5,175772
2016-11-14,52300.0,53500.0,52000.0,52900.0,52800.0,56180.0,61135.0,62516.666666666664,168325
2016-11-15,52500.0,53400.0,52300.0,52700.0,52760.0,55830.0,60976.666666666664,62395.833333333336,178981
2016-11-16,53000.0,53600.0,52700.0,53300.0,53120.0,55445.0,60826.666666666664,62283.333333333336,147856
2016-11-17,53500.0,54300.0,52900.0,54000.0,53140.0,55025.0,60686.666666666664,62180.833333333336,165759
2016-11-18,54000.0,54100.0,52800.0,52800.0,53140.0,54545.0,60538.333333333336,62078.333333333336,166683
2016-11-21,52700.0,52700.0,50300.0,50600.0,52680.0,53975.0,60325.0,61955.833333333336,406013
2016-11-22,50800.0,51300.0,49950.0,50100.0,52160.0,53595.0,60076.666666666664,61834.166666666664,243961
2016-11-23,50100.0,50400.0,48700.0,48900.0,51280.0,53230.0,59790.0,61692.5,334221
2016-11-24,48900.0,49300.0,48100.0,48200.0,50120.0,52730.0,59476.666666666664,61546.666666666664,277103
2016-11-25,48250.0,50200.0,48250.0,49900.0,49540.0,52350.0,59175.0,61416.666666666664,302977
2016-11-28,50200.0,51100.0,49750.0,50100.0,49440.0,51990.0,58876.666666666664,61284.166666666664,181174
2016-11-29,50100.0,50900.0,49500.0,50800.0,49580.0,51775.0,58593.333333333336,61161.666666666664,152208
2016-11-30,50800.0,50800.0,49800.0,50400.0,49880.0,51695.0,58311.666666666664,61034.166666666664,149118
2016-12-01,50000.0,50200.0,49600.0,50000.0,50240.0,51570.0,58010.0,60906.666666666664,125042
2016-12-02,49500.0,50500.0,49300.0,50400.0,50340.0,51460.0,57701.666666666664,60780.0,201560
2016-12-05,50300.0,50300.0,48500.0,48750.0,50070.0,51247.5,57380.833333333336,60633.75,248724
2016-12-06,48350.0,49300.0,48350.0,49000.0,49710.0,51052.5,57092.5,60495.416666666664,201022
2016-12-07,49200.0,49250.0,48350.0,48850.0,49400.0,50920.0,56788.333333333336,60364.166666666664,134534
2016-12-08,49000.0,49850.0,48550.0,49850.0,49370.0,50717.5,56535.833333333336,60254.583333333336,220010
2016-12-09,49350.0,50500.0,49150.0,50300.0,49350.0,50592.5,56299.166666666664,60149.583333333336,260987
2016-12-12,50600.0,50900.0,49950.0,50200.0,49640.0,50457.5,56062.5,60037.083333333336,202864
2016-12-13,50000.0,51700.0,50000.0,50900.0,50020.0,50367.5,55830.833333333336,59935.416666666664,236584
2016-12-14,51500.0,52800.0,51200.0,52200.0,50690.0,50312.5,55630.833333333336,59843.75,277692
2016-12-15,52100.0,52100.0,51000.0,51200.0,50960.0,50172.5,55412.5,59733.75,206042
2016-12-16,50900.0,51000.0,50300.0,50700.0,51040.0,50067.5,55187.5,59635.416666666664,165351
2016-12-19,49150.0,49400.0,48400.0,48450.0,50690.0,49960.0,54951.666666666664,59505.833333333336,830048
2016-12-20,48650.0,48800.0,48250.0,48250.0,50160.0,49867.5,54714.166666666664,59363.75,279582
2016-12-21,48850.0,48850.0,48100.0,48150.0,49350.0,49830.0,54471.666666666664,59210.0,247958
2016-12-22,48300.0,48500.0,48250.0,48350.0,48780.0,49837.5,54234.166666666664,59047.083333333336,140696
2016-12-23,48450.0,48500.0,48150.0,48400.0,48320.0,49762.5,53995.833333333336,58891.25,177038
2016-12-26,48350.0,48450.0,47600.0,47750.0,48180.0,49645.0,53783.333333333336,58731.666666666664,257061
2016-12-27,47800.0,47950.0,47250.0,47300.0,47990.0,49470.0,53555.0,58559.166666666664,252688
2016-12-28,47250.0,47750.0,47150.0,47300.0,47820.0,49315.0,53335.0,58401.666666666664,163112
2016-12-29,47300.0,48250.0,47300.0,48150.0,47780.0,49222.5,53137.5,58245.416666666664,197050
2017-01-02,47550.0,47700.0,47150.0,47450.0,47590.0,49075.0,52931.666666666664,58087.5,204335
2017-01-03,47400.0,47900.0,47200.0,47200.0,47480.0,48997.5,52726.666666666664,57946.666666666664,179991
2017-01-04,47050.0,47600.0,47050.0,47500.0,47520.0,48922.5,52526.666666666664,57804.166666666664,141656
2017-01-05,47600.0,48600.0,47250.0,48400.0,47740.0,48900.0,52328.333333333336,57665.833333333336,308502
2017-01-06,48400.0,48550.0,48000.0,48550.0,47820.0,48835.0,52134.166666666664,57528.75,182143
2017-01-09,48500.0,48550.0,47350.0,47600.0,47850.0,48700.0,51930.833333333336,57390.416666666664,194276
2017-01-10,47350.0,47600.0,46050.0,46100.0,47630.0,48495.0,51710.833333333336,57245.416666666664,516115
2017-01-11,46000.0,46100.0,45050.0,45500.0,47230.0,48225.0,51474.166666666664,57091.25,379068
2017-01-12,45500.0,45500.0,45050.0,45200.0,46590.0,47875.0,51210.833333333336,56928.75,354997
2017-01-13,45200.0,46600.0,45200.0,46500.0,46180.0,47640.0,50945.833333333336,56776.25,411429
2017-01-16,46400.0,48100.0,46150.0,47300.0,46120.0,47470.0,50694.166666666664,56626.25,525437
2017-01-17,47600.0,47900.0,46950.0,47150.0,46330.0,47405.0,50446.666666666664,56500.833333333336,260077
2017-01-18,47700.0,48700.0,47400.0,48450.0,46920.0,47415.0,50292.5,56390.416666666664,597798
2017-01-19,47350.0,47400.0,46100.0,46150.0,47110.0,47315.0,50125.0,56275.0,669530
2017-01-20,46200.0,46500.0,45950.0,46000.0,47010.0,47197.5,49921.666666666664,56159.166666666664,196755
2017-01-23,46300.0,46500.0,45600.0,45600.0,46670.0,47057.5,49723.333333333336,56042.5,180634
2017-01-24,45400.0,46000.0,45350.0,45700.0,46380.0,46955.0,49530.0,55945.833333333336,138003
2017-01-25,46050.0,46200.0,45550.0,46050.0,45900.0,46892.5,49379.166666666664,55845.416666666664,181572
2017-01-26,45850.0,45950.0,43900.0,43950.0,45460.0,46725.0,49245.0,55716.666666666664,1087281
2017-01-31,43700.0,43700.0,43050.0,43350.0,44930.0,46485.0,49092.5,55570.416666666664,563577
2017-02-01,43200.0,43750.0,43200.0,43350.0,44480.0,46280.0,48938.333333333336,55441.666666666664,299268
2017-02-02,43400.0,43800.0,43100.0,43150.0,43970.0,46077.5,48774.166666666664,55308.75,296479
2017-02-03,43250.0,43550.0,43150.0,43300.0,43420.0,45867.5,48614.166666666664,55172.083333333336,298209
2017-02-06,43300.0,43550.0,43200.0,43350.0,43300.0,45615.0,48478.333333333336,55028.333333333336,204253
2017-02-07,43350.0,44300.0,43350.0,43850.0,43400.0,45380.0,48310.833333333336,54877.083333333336,259114
2017-02-08,43850.0,43900.0,43300.0,43300.0,43390.0,45165.0,48152.5,54718.75,210825
2017-02-09,43450.0,43500.0,42350.0,42800.0,43320.0,45000.0,47984.166666666664,54559.583333333336,400601
2017-02-10,43000.0,43800.0,42900.0,43650.0,43390.0,44907.5,47833.333333333336,54405.0,323843
2017-02-13,44250.0,45250.0,44100.0,45150.0,43750.0,44905.0,47697.5,54262.083333333336,580239
2017-02-14,45500.0,45750.0,44950.0,45600.0,44100.0,44860.0,47557.5,54122.083333333336,485412
2017-02-15,46000.0,47500.0,45800.0,47350.0,44910.0,44862.5,47466.666666666664,54002.5,1192845
2017-02-16,47850.0,47950.0,46150.0,46950.0,45740.0,44852.5,47405.833333333336,53865.416666666664,521688
2017-02-17,49850.0,50800.0,47200.0,47400.0,46490.0,44800.0,47360.833333333336,53718.75,3040653
2017-02-20,47600.0,47750.0,46100.0,46700.0,46800.0,44827.5,47324.166666666664,53557.083333333336,610772
2017-02-21,46900.0,48600.0,46900.0,48450.0,47370.0,44950.0,47328.333333333336,53402.5,738475
2017-02-22,48200.0,48900.0,48000.0,48600.0,47620.0,45100.0,47306.666666666664,53240.833333333336,352170
2017-02-23,48750.0,52600.0,48200.0,51500.0,48530.0,45390.0,47330.0,53103.333333333336,2481442
2017-02-24,52000.0,53400.0,51700.0,52000.0,49450.0,45687.5,47350.0,52971.666666666664,1002774
2017-02-27,52900.0,53100.0,51600.0,52300.0,50570.0,46105.0,47381.666666666664,52846.666666666664,592579
2017-02-28,52300.0,52300.0,50000.0,51100.0,51100.0,46492.5,47400.0,52705.0,823324
2017-03-02,51000.0,51800.0,50000.0,50400.0,51460.0,46845.0,47400.0,52550.833333333336,422759
2017-03-03,46000.0,46900.0,43700.0,43800.0,49920.0,46877.5,47317.5,52349.166666666664,3051489
2017-03-06,42350.0,44600.0,42100.0,44100.0,48340.0,46917.5,47235.833333333336,52164.166666666664,1279622
2017-03-07,44200.0,44700.0,43600.0,44200.0,46720.0,46960.0,47158.333333333336,51973.333333333336,608855
2017-03-08,43900.0,44300.0,43350.0,43800.0,45260.0,46957.5,47057.5,51796.666666666664,389029
2017-03-09,43850.0,45850.0,43850.0,45450.0,44270.0,47065.0,46976.666666666664,51637.916666666664,987900
2017-03-10,45200.0,46500.0,44400.0,45000.0,44510.0,47175.0,46890.0,51476.25,941813
2017-03-13,45550.0,45900.0,44700.0,44900.0,44670.0,47237.5,46790.0,51310.416666666664,611988
2017-03-14,45300.0,45400.0,44300.0,44900.0,44810.0,47225.0,46668.333333333336,51149.583333333336,432475
2017-03-15,44550.0,44750.0,43650.0,43750.0,44800.0,47132.5,46544.166666666664,50978.333333333336,486886
2017-03-16,43900.0,44350.0,43750.0,43800.0,44470.0,46955.0,46429.166666666664,50808.333333333336,308453
2017-03-17,43800.0,45550.0,43800.0,45300.0,44530.0,46872.5,46376.666666666664,50664.166666666664,575582
2017-03-20,45450.0,45450.0,44100.0,44500.0,44450.0,46727.5,46314.166666666664,50514.166666666664,366533
2017-03-21,44650.0,44900.0,44050.0,44700.0,44410.0,46627.5,46256.666666666664,50364.166666666664,395228
2017-03-22,44500.0,45450.0,44200.0,44300.0,44520.0,46420.0,46189.166666666664,50211.666666666664,412198
2017-03-23,44450.0,44700.0,44200.0,44350.0,44630.0,46207.5,46121.666666666664,50058.75,303230
2017-03-24,44450.0,45300.0,44450.0,45300.0,44630.0,45897.5,46080.833333333336,49932.083333333336,436224
2017-03-27,45650.0,46250.0,45150.0,45400.0,44810.0,45567.5,46049.166666666664,49802.083333333336,377863
2017-03-28,45800.0,45800.0,44950.0,45350.0,44940.0,45220.0,46016.666666666664,49675.833333333336,330427
2017-03-29,45700.0,45700.0,44850.0,45100.0,45100.0,44920.0,45965.833333333336,49551.666666666664,262014
2017-03-30,45050.0,45050.0,44350.0,44500.0,45130.0,44625.0,45916.666666666664,49424.166666666664,237324
2017-03-31,44800.0,45450.0,44750.0,45100.0,45090.0,44690.0,45881.666666666664,49304.166666666664,412080
2017-04-03,45450.0,47500.0,45300.0,47000.0,45410.0,44835.0,45873.333333333336,49200.0,927726
2017-04-04,47450.0,47900.0,47100.0,47500.0,45840.0,45000.0,45858.333333333336,49093.333333333336,523668
2017-04-05,47800.0,47800.0,46500.0,47000.0,46220.0,45160.0,45832.5,48983.333333333336,364268
2017-04-06,48600.0,49050.0,47000.0,47800.0,46880.0,45277.5,45835.833333333336,48883.333333333336,914545
2017-04-07,47800.0,48250.0,47350.0,48000.0,47460.0,45427.5,45867.5,48789.166666666664,316645
2017-04-10,47300.0,47800.0,46200.0,46400.0,47340.0,45502.5,45882.5,48678.333333333336,408818
2017-04-11,46500.0,47000.0,45700.0,46950.0,47230.0,45605.0,45911.666666666664,48561.25,272371
2017-04-12,46750.0,47100.0,46650.0,46850.0,47200.0,45760.0,45917.5,48431.666666666664,178804
2017-04-13,47000.0,48150.0,46950.0,48100.0,47260.0,45975.0,45930.833333333336,48312.5,448605
2017-04-14,48100.0,48600.0,47350.0,47550.0,47170.0,46087.5,45937.5,48192.083333333336,297487
2017-04-17,48150.0,51300.0,48100.0,51100.0,48110.0,46417.5,45981.666666666664,48137.083333333336,1438793
2017-04-18,51300.0,51500.0,50200.0,51000.0,48920.0,46732.5,46062.5,48093.75,587520
2017-04-19,51200.0,51200.0,50300.0,50800.0,49710.0,47057.5,46142.5,48032.083333333336,333135
2017-04-20,51000.0,52900.0,50800.0,52300.0,50550.0,47455.0,46254.166666666664,47988.75,758081
2017-04-21,53000.0,55500.0,53000.0,54700.0,51980.0,47925.0,46404.166666666664,47967.083333333336,1514485
2017-04-24,55200.0,55300.0,52700.0,53000.0,52360.0,48305.0,46520.0,47949.583333333336,682467
2017-04-25,52800.0,52900.0,51500.0,52300.0,52620.0,48652.5,46659.166666666664,47952.083333333336,530687
2017-04-26,51900.0,53500.0,51800.0,52300.0,52920.0,49012.5,46808.333333333336,47950.416666666664,376355
2017-04-27,52200.0,52800.0,51100.0,51600.0,52780.0,49367.5,46945.833333333336,47942.083333333336,385979
2017-04-28,51100.0,52200.0,50600.0,50800.0,52000.0,49652.5,47073.333333333336,47923.75,290888
2017-05-02,50000.0,52100.0,49750.0,51900.0,51780.0,49897.5,47216.666666666664,47915.416666666664,453161
2017-05-04,52000.0,54800.0,51600.0,54600.0,52240.0,50252.5,47404.166666666664,47941.25,794215
2017-05-08,54600.0,56300.0,54400.0,56100.0,53000.0,50707.5,47608.333333333336,47959.583333333336,824425
2017-05-10,57200.0,57500.0,54700.0,55800.0,53840.0,51107.5,47816.666666666664,47984.583333333336,709916
2017-05-11,55800.0,57800.0,55400.0,57800.0,55240.0,51597.5,48066.666666666664,48025.416666666664,617648
2017-05-12,58100.0,58100.0,56600.0,56800.0,56220.0,52117.5,48285.833333333336,48059.583333333336,445466
2017-05-15,57200.0,59000.0,56500.0,58100.0,56920.0,52675.0,48501.666666666664,48099.583333333336,543066
2017-05-16,59100.0,59200.0,57700.0,58300.0,57360.0,53247.5,48713.333333333336,48135.416666666664,364962
2017-05-17,58400.0,61400.0,58400.0,61000.0,58400.0,53892.5,48940.833333333336,48203.75,1169854
2017-05-18,60800.0,62800.0,59900.0,61400.0,59120.0,54585.0,49181.666666666664,48293.75,1052975
2017-05-19,61700.0,63300.0,61200.0,62400.0,60240.0,55150.0,49431.666666666664,48396.25,807112
2017-05-22,63300.0,64300.0,61800.0,62500.0,61120.0,55725.0,49695.0,48509.583333333336,620211
2017-05-23,62000.0,62900.0,60700.0,61500.0,61760.0,56260.0,49912.5,48620.416666666664,642261
2017-05-24,61300.0,62400.0,60500.0,60600.0,61680.0,56675.0,50112.5,48709.583333333336,444231
2017-05-25,60600.0,61900.0,60600.0,61000.0,61600.0,56990.0,50270.833333333336,48800.416666666664,316081
2017-05-26,61500.0,62900.0,61000.0,61500.0,61420.0,57415.0,50429.166666666664,48889.583333333336,341027
2017-05-29,61900.0,61900.0,60400.0,60600.0,61040.0,57830.0,50567.5,48974.583333333336,355390
2017-05-30,60300.0,61400.0,60200.0,60800.0,60900.0,58255.0,50729.166666666664,49064.583333333336,252901
2017-05-31,60800.0,61100.0,60200.0,60800.0,60940.0,58715.0,50902.5,49151.25,410946
2017-06-01,60800.0,61400.0,60700.0,60800.0,60900.0,59215.0,51185.833333333336,49251.666666666664,235573
2017-06-02,61300.0,62000.0,61100.0,61200.0,60840.0,59680.0,51470.833333333336,49353.333333333336,341836
2017-06-05,60500.0,61100.0,60400.0,60400.0,60800.0,59970.0,51740.833333333336,49449.583333333336,282025
2017-06-07,60200.0,62200.0,59900.0,61800.0,61000.0,60255.0,52040.833333333336,49549.166666666664,480059
2017-06-08,62500.0,62800.0,60500.0,60600.0,60960.0,60495.0,52293.333333333336,49635.0,489945
2017-06-09,61200.0,62200.0,60800.0,61100.0,61020.0,60660.0,52561.666666666664,49725.833333333336,380059
2017-06-12,60700.0,61600.0,60100.0,60100.0,60800.0,60825.0,52815.0,49802.5,315289
2017-06-13,60200.0,60700.0,57400.0,57600.0,60240.0,60800.0,53026.666666666664,49847.5,1042301
2017-06-14,57400.0,57500.0,55700.0,56400.0,59160.0,60705.0,53237.5,49890.833333333336,878080
2017-06-15,56600.0,58800.0,56600.0,57100.0,58460.0,60510.0,53459.166666666664,49944.166666666664,609590
2017-06-16,57500.0,58000.0,56000.0,56200.0,57480.0,60250.0,53640.833333333336,50008.75,299612
2017-06-19,56200.0,56200.0,55200.0,55500.0,56560.0,59905.0,53824.166666666664,50069.166666666664,367735
2017-06-20,55600.0,56200.0,54700.0,55500.0,56140.0,59555.0,54004.166666666664,50130.416666666664,266670
2017-06-21,55900.0,56300.0,55100.0,56300.0,56120.0,59295.0,54204.166666666664,50196.666666666664,232140
2017-06-22,56600.0,56700.0,54300.0,54600.0,55620.0,58995.0,54375.0,50248.333333333336,414509
2017-06-23,54400.0,56400.0,54200.0,55500.0,55480.0,58720.0,54545.0,50312.916666666664,417358
2017-06-26,55500.0,55500.0,54300.0,54600.0,55300.0,58375.0,54698.333333333336,50373.75,273358
2017-06-27,54800.0,56800.0,54700.0,56600.0,55520.0,58175.0,54885.833333333336,50451.25,400360
2017-06-28,56700.0,56900.0,55700.0,55900.0,55440.0,57930.0,55065.833333333336,50515.833333333336,186355
2017-06-29,56300.0,56400.0,55100.0,55600.0,55640.0,57670.0,55250.833333333336,50583.75,196842
2017-06-30,55200.0,57400.0,55200.0,57100.0,55960.0,57485.0,55450.833333333336,50666.25,359792
2017-07-03,57500.0,57600.0,55700.0,56500.0,56340.0,57250.0,55609.166666666664,50741.25,297661
2017-07-04,56200.0,56900.0,55800.0,56100.0,56240.0,57035.0,55752.5,50805.416666666664,188138
2017-07-05,55900.0,55900.0,55000.0,55200.0,56100.0,56705.0,55889.166666666664,50860.833333333336,263048
2017-07-06,55000.0,55700.0,55000.0,55000.0,55980.0,56425.0,56009.166666666664,50922.5,159116
2017-07-07,55100.0,55500.0,53600.0,53700.0,55300.0,56055.0,56104.166666666664,50985.833333333336,293432
2017-07-10,53700.0,53900.0,52100.0,52500.0,54500.0,55675.0,56205.833333333336,51044.166666666664,289429
2017-07-11,52500.0,53700.0,52300.0,52500.0,53780.0,55420.0,56298.333333333336,51105.0,207336
2017-07-12,53400.0,56600.0,53300.0,56600.0,54060.0,55430.0,56460.833333333336,51189.166666666664,996194
2017-07-13,55700.0,57100.0,55200.0,55600.0,54180.0,55355.0,56585.833333333336,51258.333333333336,454210
2017-07-14,55600.0,55800.0,53800.0,55300.0,54500.0,55310.0,56715.0,51326.25,341174
2017-07-17,55500.0,57900.0,55400.0,57600.0,55520.0,55415.0,56823.333333333336,51402.5,484711
2017-07-18,58200.0,59700.0,58100.0,59200.0,56860.0,55600.0,56960.0,51511.25,733370
2017-07-19,59500.0,60700.0,59200.0,59600.0,57460.0,55765.0,57106.666666666664,51624.583333333336,559908
2017-07-20,59400.0,59600.0,58500.0,59100.0,58160.0,55990.0,57220.0,51737.083333333336,308071
2017-07-21,59300.0,59800.0,58800.0,59700.0,59040.0,56200.0,57303.333333333336,51853.75,240172
2017-07-24,59300.0,60200.0,58700.0,58900.0,59300.0,56415.0,57401.666666666664,51960.833333333336,234266
2017-07-25,58700.0,60600.0,58700.0,60500.0,59560.0,56610.0,57538.333333333336,52098.75,437948
2017-07-26,64000.0,65500.0,63100.0,65300.0,60700.0,57080.0,57755.0,52281.666666666664,2300303
2017-07-27,65500.0,66800.0,65300.0,66600.0,62200.0,57630.0,58005.0,52475.416666666664,894239
2017-07-28,66100.0,66700.0,65000.0,66600.0,63580.0,58105.0,58268.333333333336,52670.833333333336,539959
2017-07-31,64800.0,65800.0,62900.0,65000.0,64800.0,58530.0,58486.666666666664,52851.666666666664,639351
2017-08-01,65100.0,66200.0,63800.0,65600.0,65820.0,59005.0,58670.0,53037.083333333336,386251
2017-08-02,65900.0,66400.0,63500.0,64000.0,65560.0,59445.0,58801.666666666664,53205.0,356091
2017-08-03,64100.0,64900.0,62900.0,63300.0,64900.0,59860.0,58926.666666666664,53371.666666666664,413158
2017-08-04,63300.0,64500.0,62800.0,64000.0,64380.0,60375.0,59030.0,53548.333333333336,249561
2017-08-07,64800.0,67000.0,63900.0,64700.0,64320.0,60985.0,59161.666666666664,53723.75,620927
2017-08-08,64800.0,65200.0,63100.0,63800.0,63960.0,61550.0,59256.666666666664,53879.166666666664,328734
2017-08-09,63400.0,63800.0,62400.0,62700.0,63700.0,61855.0,59330.0,54021.666666666664,301217
2017-08-10,62000.0,63400.0,61400.0,61900.0,63420.0,62170.0,59345.0,54142.916666666664,335691
2017-08-11,60900.0,61800.0,60400.0,61600.0,62940.0,62485.0,59348.333333333336,54265.0,262190
2017-08-14,62300.0,62600.0,61100.0,61600.0,62320.0,62685.0,59335.0,54383.333333333336,174411
2017-08-16,62000.0,62300.0,61300.0,61500.0,61860.0,62800.0,59318.333333333336,54506.666666666664,191787
2017-08-17,61500.0,62300.0,60500.0,62100.0,61740.0,62925.0,59328.333333333336,54620.416666666664,221561
2017-08-18,61500.0,62400.0,61400.0,62200.0,61800.0,63080.0,59355.0,54733.75,133463
2017-08-21,62200.0,63000.0,61200.0,61400.0,61760.0,63165.0,59361.666666666664,54816.25,211472
2017-08-22,61400.0,62900.0,61200.0,62500.0,61940.0,63345.0,59378.333333333336,54903.75,195969
2017-08-23,63400.0,63500.0,62400.0,62800.0,62200.0,63460.0,59415.0,54991.25,247712
2017-08-24,62900.0,64600.0,62600.0,64200.0,62620.0,63405.0,59471.666666666664,55100.416666666664,498535
2017-08-25,65000.0,66200.0,62400.0,64700.0,63120.0,63310.0,59536.666666666664,55219.583333333336,1003600
2017-08-28,63400.0,64700.0,63000.0,63500.0,63540.0,63155.0,59581.666666666664,55383.75,386570
2017-08-29,63200.0,63200.0,61100.0,61100.0,63260.0,62960.0,59580.0,55525.416666666664,548497
2017-08-30,61100.0,61700.0,60700.0,60900.0,62880.0,62725.0,59588.333333333336,55664.583333333336,237392
2017-08-31,61000.0,62600.0,61000.0,61900.0,62420.0,62620.0,59590.0,55815.416666666664,286530
2017-09-01,61900.0,62200.0,60800.0,60800.0,61640.0,62495.0,59593.333333333336,55943.333333333336,156457
2017-09-04,59100.0,60200.0,58700.0,58900.0,60720.0,62240.0,59556.666666666664,56059.166666666664,284127
2017-09-05,58900.0,59800.0,57000.0,57500.0,60000.0,61880.0,59513.333333333336,56164.166666666664,356297
2017-09-06,57500.0,58100.0,56700.0,56900.0,59200.0,61535.0,59501.666666666664,56264.166666666664,293025
2017-09-07,57400.0,58100.0,57000.0,57700.0,58360.0,61285.0,59523.333333333336,56380.416666666664,172470
2017-09-08,57400.0,58000.0,56000.0,56100.0,57420.0,60995.0,59506.666666666664,56482.916666666664,264850
2017-09-11,56100.0,57100.0,56100.0,56400.0,56920.0,60735.0,59510.0,56575.416666666664,143845
2017-09-12,56600.0,58900.0,56500.0,58500.0,57120.0,60580.0,59560.0,56692.083333333336,315313
2017-09-13,58500.0,58600.0,57000.0,57500.0,57240.0,60380.0,59593.333333333336,56798.75,202175
2017-09-14,57200.0,58200.0,57100.0,57600.0,57220.0,60155.0,59615.0,56909.583333333336,212757
2017-09-15,57100.0,57700.0,56700.0,57400.0,57480.0,59915.0,59661.666666666664,57018.333333333336,140500
2017-09-18,57300.0,59400.0,57300.0,58200.0,57840.0,59755.0,59706.666666666664,57125.833333333336,368296
2017-09-19,57700.0,58900.0,57600.0,57600.0,57660.0,59510.0,59756.666666666664,57227.5,183515
2017-09-20,58200.0,58400.0,55800.0,55900.0,57340.0,59165.0,59745.0,57315.416666666664,337338
2017-09-21,55900.0,56700.0,55300.0,55700.0,56960.0,58740.0,59741.666666666664,57403.75,233789
2017-09-25,53500.0,55000.0,52500.0,52600.0,56000.0,58135.0,59691.666666666664,57471.25,287864
2017-09-26,52600.0,52600.0,52600.0,52600.0,54880.0,57590.0,59616.666666666664,57533.75,0
2017-09-27,52900.0,54600.0,52500.0,54400.0,54240.0,57255.0,59581.666666666664,57595.416666666664,255635
2017-09-28,55700.0,57400.0,54700.0,56800.0,54420.0,57050.0,59593.333333333336,57672.916666666664,566251
2017-09-29,57500.0,58800.0,57200.0,58200.0,54920.0,56865.0,59643.333333333336,57766.25,367682
2017-10-10,57900.0,58800.0,56500.0,57100.0,55820.0,56680.0,59678.333333333336,57843.75,323975
2017-10-11,56800.0,58000.0,56800.0,57400.0,56780.0,56605.0,59740.0,57922.083333333336,202407
2017-10-12,57400.0,58000.0,57200.0,58000.0,57500.0,56630.0,59831.666666666664,58018.75,180821
2017-10-13,58100.0,61700.0,57100.0,61700.0,58480.0,56870.0,59985.0,58141.666666666664,841337
2017-10-16,62800.0,64300.0,60900.0,63600.0,59560.0,57165.0,60101.666666666664,58281.25,913261
2017-10-17,64200.0,64300.0,62200.0,63600.0,60860.0,57540.0,60235.0,58410.416666666664,453817
2017-10-18,63900.0,65000.0,61400.0,61700.0,61720.0,57805.0,60341.666666666664,58528.333333333336,567876
2017-10-19,62000.0,62000.0,60100.0,61400.0,62400.0,57950.0,60405.0,58614.166666666664,539409
2017-10-20,61400.0,62300.0,60600.0,61100.0,62280.0,58130.0,60436.666666666664,58698.333333333336,262761
2017-10-23,61000.0,62500.0,60200.0,62100.0,61980.0,58355.0,60478.333333333336,58792.5,297734
2017-10-24,62400.0,64200.0,62400.0,63500.0,61960.0,58660.0,60551.666666666664,58885.833333333336,479145
2017-10-25,63600.0,64400.0,63100.0,63900.0,62400.0,58945.0,60621.666666666664,58962.5,302312
2017-10-26,64500.0,69900.0,64300.0,69400.0,64000.0,59535.0,60796.666666666664,59099.166666666664,1848902
2017-10-27,70800.0,72000.0,68100.0,70100.0,65800.0,60245.0,60956.666666666664,59247.5,1437422
2017-10-30,74300.0,78400.0,73000.0,76600.0,68700.0,61290.0,61145.0,59450.0,2075860
2017-10-31,77300.0,79600.0,75600.0,78300.0,71660.0,62575.0,61340.0,59672.5,1727641
2017-11-01,79100.0,79800.0,75300.0,75900.0,74060.0,63740.0,61495.0,59881.666666666664,1101619
2017-11-02,76200.0,78800.0,74400.0,77000.0,75580.0,64870.0,61695.0,60090.833333333336,730836
2017-11-03,77000.0,78400.0,76000.0,78400.0,77240.0,65950.0,61908.333333333336,60289.166666666664,549876
2017-11-06,78300.0,82200.0,78100.0,79900.0,77900.0,67035.0,62173.333333333336,60487.5,863785
2017-11-07,80100.0,81400.0,78800.0,80000.0,78240.0,68180.0,62451.666666666664,60689.166666666664,556815
2017-11-08,79800.0,83400.0,78600.0,82000.0,79460.0,69410.0,62751.666666666664,60890.833333333336,748458
2017-11-09,82700.0,84500.0,82000.0,83100.0,80680.0,70665.0,63058.333333333336,61110.0,779035
2017-11-10,83500.0,83700.0,82100.0,82900.0,81580.0,71725.0,63376.666666666664,61316.666666666664,352440
2017-11-13,84000.0,85400.0,81400.0,82700.0,82140.0,72680.0,63710.0,61520.0,536531
2017-11-14,82300.0,82500.0,80500.0,81600.0,82460.0,73580.0,64038.333333333336,61691.666666666664,500879
2017-11-15,81000.0,83200.0,81000.0,82700.0,82600.0,74630.0,64390.0,61869.166666666664,509150
2017-11-16,82800.0,82800.0,79600.0,80000.0,81980.0,75560.0,64696.666666666664,62015.833333333336,700833
2017-11-17,80500.0,81600.0,79000.0,81300.0,81660.0,76570.0,65026.666666666664,62172.5,383891
2017-11-20,81500.0,86500.0,81000.0,86500.0,82420.0,77790.0,65433.333333333336,62380.833333333336,998332
2017-11-21,87200.0,87300.0,84200.0,85100.0,83120.0,78870.0,65815.0,62585.0,649368
2017-11-22,85100.0,86700.0,84300.0,85800.0,83740.0,79965.0,66221.66666666667,62791.666666666664,474423
2017-11-23,86400.0,86700.0,85000.0,85800.0,84900.0,80785.0,66610.0,62994.166666666664,322027
2017-11-24,85100.0,85700.0,83300.0,85300.0,85700.0,81545.0,66985.0,63200.0,395876
2017-11-27,85300.0,85900.0,84300.0,85200.0,85440.0,81975.0,67335.0,63403.333333333336,250895
2017-11-28,85300.0,89200.0,85000.0,87600.0,85940.0,82440.0,67716.66666666667,63626.666666666664,839369
2017-11-29,88100.0,90500.0,87200.0,88000.0,86380.0,83045.0,68125.0,63853.333333333336,742228
2017-11-30,88800.0,88800.0,84700.0,84700.0,86160.0,83430.0,68518.33333333333,64049.166666666664,481539
2017-12-01,86400.0,88300.0,86100.0,87600.0,86620.0,83890.0,68963.33333333333,64275.833333333336,455612
2017-12-04,88300.0,89500.0,86800.0,88900.0,87360.0,84340.0,69413.33333333333,64501.666666666664,381372
2017-12-05,89400.0,90300.0,88100.0,89000.0,87640.0,84790.0,69883.33333333333,64738.333333333336,376411
2017-12-06,88500.0,89300.0,85800.0,86800.0,87400.0,85030.0,70348.33333333333,64952.5,399413
2017-12-07,87100.0,87800.0,81600.0,84300.0,87320.0,85090.0,70795.0,65154.166666666664,639139
2017-12-08,85300.0,86300.0,84500.0,86100.0,87020.0,85250.0,71281.66666666667,65391.666666666664,352531
2017-12-11,86700.0,87100.0,82400.0,85300.0,86300.0,85380.0,71741.66666666667,65632.5,446201
2017-12-12,85500.0,86000.0,78900.0,80600.0,84620.0,85330.0,72150.0,65828.33333333333,931748
2017-12-13,80300.0,82800.0,77500.0,82000.0,83660.0,85295.0,72576.66666666667,66043.33333333333,620980
2017-12-14,82000.0,85000.0,81900.0,83400.0,83480.0,85465.0,72991.66666666667,66275.83333333333,645196
2017-12-15,84800.0,86000.0,84600.0,85300.0,83320.0,85665.0,73455.0,66524.16666666667,432361
2017-12-18,87200.0,87500.0,84500.0,84900.0,83240.0,85585.0,73910.0,66762.5,368868
2017-12-19,85700.0,86500.0,84000.0,86500.0,84420.0,85655.0,74395.0,67028.33333333333,445566
2017-12-21,83600.0,84800.0,80900.0,81100.0,84240.0,85420.0,74776.66666666667,67241.66666666667,456398
2017-12-22,79800.0,82800.0,78200.0,82800.0,84120.0,85270.0,75196.66666666667,67476.66666666667,574483
2017-12-26,82700.0,82700.0,79900.0,80000.0,83060.0,85005.0,75598.33333333333,67671.66666666667,414742
2017-12-27,81500.0,84000.0,81400.0,83000.0,82680.0,84895.0,76053.33333333333,67897.5,391779
2017-12-28,83000.0,84900.0,82700.0,84900.0,82360.0,84760.0,76591.66666666667,68141.66666666667,266140
2018-01-02,86900.0,87700.0,85100.0,85600.0,83260.0,84640.0,77141.66666666667,68379.16666666667,247429
2018-01-03,85400.0,86000.0,84300.0,86000.0,83900.0,84705.0,77668.33333333333,68625.0,260965
2018-01-04,85800.0,86700.0,84100.0,84300.0,84760.0,84540.0,78126.66666666667,68860.0,242335
2018-01-05,84000.0,85300.0,82600.0,83200.0,84800.0,84255.0,78543.33333333333,69093.33333333333,310401
2018-01-08,83600.0,85700.0,83200.0,84900.0,84800.0,84050.0,79006.66666666667,69342.5,364676
2018-01-09,85700.0,90000.0,85100.0,89800.0,85640.0,84200.0,79546.66666666667,69643.33333333333,913864
2018-01-10,90300.0,94200.0,90100.0,93300.0,87100.0,84650.0,80135.0,69983.33333333333,866609
2018-01-11,94100.0,94100.0,90800.0,91700.0,88580.0,84930.0,80635.0,70310.0,545480
2018-01-12,92800.0,94900.0,92000.0,92800.0,90500.0,85305.0,81121.66666666667,70611.66666666667,494468
2018-01-15,93000.0,94400.0,90600.0,92900.0,92100.0,85920.0,81610.0,70922.5,312581
2018-01-16,92100.0,94100.0,90700.0,91100.0,92360.0,86375.0,82100.0,71220.83333333333,306215
2018-01-17,91100.0,94500.0,91100.0,94500.0,92600.0,86930.0,82651.66666666667,71528.33333333333,462810
2018-01-18,95500.0,97200.0,93300.0,95000.0,93260.0,87415.0,83216.66666666667,71826.66666666667,518269
2018-01-19,95900.0,96900.0,95100.0,96600.0,94020.0,88000.0,83791.66666666667,72135.0,352350
2018-01-22,97500.0,98500.0,95000.0,97000.0,94840.0,88525.0,84350.0,72450.83333333333,345111
2018-01-23,98000.0,99800.0,96000.0,97000.0,96020.0,89320.0,84901.66666666667,72761.66666666667,558951
2018-01-24,97100.0,97100.0,93900.0,96700.0,96460.0,90015.0,85356.66666666667,73076.66666666667,448831
2018-01-25,95700.0,96400.0,94000.0,94600.0,96380.0,90745.0,85765.0,73360.83333333333,389350
2018-01-26,91800.0,97400.0,91700.0,97000.0,96460.0,91445.0,86105.0,73625.0,768492
2018-01-29,96400.0,96400.0,94700.0,95200.0,96100.0,91960.0,86386.66666666667,73863.33333333333,305754
2018-01-30,95800.0,96100.0,94500.0,94500.0,95600.0,92405.0,86696.66666666667,74095.83333333333,220701
2018-01-31,93300.0,95000.0,92300.0,93000.0,94860.0,92755.0,86963.33333333333,74329.16666666667,327317
2018-02-01,93700.0,97400.0,92900.0,97100.0,95360.0,93395.0,87275.0,74591.66666666667,546926
2018-02-02,97700.0,98100.0,94800.0,95700.0,95100.0,94020.0,87538.33333333333,74855.83333333333,416902
2018-02-05,93400.0,95300.0,90500.0,90900.0,94240.0,94320.0,87720.0,75085.83333333333,495651
2018-02-06,86400.0,89600.0,85000.0,89500.0,93240.0,94305.0,87845.0,75298.33333333333,489159
2018-02-07,91400.0,91400.0,82400.0,82700.0,91180.0,93775.0,87838.33333333333,75448.33333333333,644330
2018-02-08,83000.0,85400.0,81500.0,85400.0,88840.0,93460.0,87880.0,75628.33333333333,402080
2018-02-09,82000.0,83400.0,81100.0,81900.0,86080.0,92915.0,87866.66666666667,75788.33333333333,334811
2018-02-12,83000.0,83100.0,80300.0,82000.0,84300.0,92370.0,87873.33333333333,75955.83333333333,229347
2018-02-13,83000.0,84500.0,82200.0,82900.0,82980.0,91960.0,87876.66666666667,76133.33333333333,285511
2018-02-14,83900.0,85500.0,82600.0,83400.0,83120.0,91405.0,87933.33333333333,76315.0,254198
2018-02-19,84800.0,84800.0,83300.0,84000.0,82840.0,90855.0,87978.33333333333,76502.5,214020
2018-02-20,84000.0,84100.0,81200.0,81300.0,82720.0,90090.0,87891.66666666667,76662.5,222783
2018-02-21,81600.0,83200.0,81100.0,83000.0,82920.0,89390.0,87856.66666666667,76835.83333333333,263680
2018-02-22,82100.0,82900.0,81400.0,82900.0,82920.0,88685.0,87808.33333333333,77015.0,146168
2018-02-23,83200.0,83400.0,82000.0,82600.0,82760.0,87980.0,87755.0,77182.5,211646
2018-02-26,83200.0,85300.0,82500.0,83800.0,82720.0,87440.0,87730.0,77357.5,361582
2018-02-27,85600.0,85600.0,82900.0,83000.0,83060.0,86740.0,87693.33333333333,77514.16666666667,232014
2018-02-28,82800.0,82900.0,81100.0,81800.0,82820.0,86070.0,87596.66666666667,77656.66666666667,320776
2018-03-02,80300.0,83000.0,80200.0,81800.0,82600.0,85435.0,87493.33333333333,77809.16666666667,203916
2018-03-05,81500.0,84100.0,81200.0,82400.0,82560.0,84905.0,87455.0,77986.66666666667,219399
2018-03-06,82700.0,83300.0,81300.0,81500.0,82100.0,84125.0,87353.33333333333,78158.33333333333,246833
2018-03-07,81300.0,82000.0,80200.0,80600.0,81620.0,83370.0,87215.0,78314.16666666667,254206
2018-03-08,81100.0,83500.0,80300.0,83200.0,81900.0,82985.0,87118.33333333333,78500.83333333333,524911
2018-03-09,84400.0,93800.0,83600.0,92200.0,83980.0,83120.0,87208.33333333333,78778.33333333333,1628652
2018-03-12,93500.0,94200.0,91700.0,93100.0,86120.0,83640.0,87355.0,79075.0,520810
2018-03-13,93100.0,94200.0,91800.0,93000.0,88420.0,84020.0,87470.0,79375.83333333333,375705
2018-03-14,92000.0,92500.0,89100.0,89800.0,90260.0,84415.0,87545.0,79643.33333333333,395465
2018-03-15,89400.0,90300.0,87500.0,89900.0,91600.0,84810.0,87700.0,79925.0,396391
2018-03-16,91500.0,92300.0,88900.0,89800.0,91120.0,85155.0,87830.0,80203.33333333333,636898
2018-03-19,89800.0,90200.0,87700.0,88700.0,90240.0,85420.0,87918.33333333333,80455.0,267751
2018-03-20,87500.0,90500.0,87300.0,89900.0,89620.0,85715.0,87995.0,80725.0,283204
2018-03-21,89000.0,90200.0,88600.0,89000.0,89460.0,86100.0,88063.33333333333,80986.66666666667,212048
2018-03-22,89200.0,94100.0,89200.0,90400.0,89560.0,86470.0,88128.33333333333,81261.66666666667,567924
2018-03-23,88600.0,91000.0,88200.0,89100.0,89420.0,86780.0,88261.66666666667,81519.16666666667,327138
2018-03-26,89600.0,93400.0,89300.0,93000.0,90280.0,87300.0,88431.66666666667,81814.16666666667,437682
2018-03-27,94300.0,94400.0,92600.0,93600.0,91020.0,87790.0,88658.33333333333,82128.33333333333,360567
2018-03-28,92500.0,95100.0,92500.0,93800.0,91980.0,88330.0,88838.33333333333,82445.83333333333,331002
2018-03-29,93100.0,94200.0,91200.0,92000.0,92300.0,88840.0,88956.66666666667,82774.16666666667,264654
2018-03-30,93400.0,96000.0,92600.0,95900.0,93660.0,89545.0,89128.33333333333,83135.0,493183
2018-04-02,98900.0,104000.0,98800.0,102000.0,95460.0,90525.0,89395.0,83531.66666666667,1037147
2018-04-03,101000.0,105000.0,100500.0,104000.0,97540.0,91650.0,89723.33333333333,83925.0,596427
2018-04-04,103500.0,104000.0,99700.0,100500.0,98880.0,92645.0,90011.66666666667,84277.5,501719
2018-04-05,101000.0,102500.0,98300.0,102000.0,100880.0,93585.0,90296.66666666667,84651.66666666667,379721
2018-04-06,100500.0,103500.0,100000.0,100500.0,101800.0,94000.0,90475.0,85010.83333333333,233356
2018-04-09,101000.0,104500.0,100500.0,103000.0,102000.0,94495.0,90636.66666666667,85385.83333333333,317100
2018-04-10,102000.0,105500.0,101500.0,105500.0,102300.0,95120.0,90866.66666666667,85750.83333333333,362753
2018-04-11,106000.0,107000.0,104000.0,105000.0,103200.0,95880.0,91070.0,86095.83333333333,486370
2018-04-12,105000.0,105500.0,100000.0,100000.0,102800.0,96385.0,91188.33333333333,86399.16666666667,577677
2018-04-13,101500.0,104500.0,99600.0,104000.0,103500.0,97095.0,91403.33333333333,86751.66666666667,337139
2018-04-16,104500.0,107000.0,104000.0,105500.0,104000.0,97935.0,91586.66666666667,87119.16666666667,241866
2018-04-17,105500.0,106000.0,102000.0,103500.0,103600.0,98615.0,91728.33333333333,87472.5,279460
2018-04-18,104000.0,104500.0,101500.0,102500.0,103100.0,99290.0,91826.66666666667,87809.16666666667,242141
2018-04-19,102500.0,105000.0,101000.0,102000.0,103500.0,99870.0,91910.0,88130.0,329203
2018-04-20,103000.0,104000.0,101500.0,102500.0,103200.0,100540.0,92001.66666666667,88451.66666666667,197581
2018-04-23,102000.0,104500.0,101000.0,104000.0,102900.0,101090.0,92123.33333333333,88740.0,324728
2018-04-24,109000.0,110000.0,106500.0,107500.0,103700.0,101785.0,92338.33333333333,89051.66666666667,668758
2018-04-25,106000.0,107500.0,105000.0,106000.0,104400.0,102395.0,92488.33333333333,89296.66666666667,352424
2018-04-26,106000.0,109500.0,104500.0,109500.0,105900.0,103270.0,92726.66666666667,89556.66666666667,431780
2018-04-27,110000.0,111500.0,108500.0,110500.0,107500.0,104000.0,92993.33333333333,89845.0,612648
2018-04-30,115000.0,117500.0,112000.0,116000.0,109900.0,104700.0,93376.66666666667,90170.0,855646
2018-05-02,116500.0,122500.0,116000.0,120500.0,112500.0,105525.0,93766.66666666667,90520.83333333333,745885
2018-05-03,119000.0,121000.0,118000.0,120500.0,115400.0,106525.0,94180.0,90859.16666666667,592892
2018-05-04,123000.0,123500.0,118000.0,120000.0,117500.0,107425.0,94665.0,91192.5,460228
2018-05-08,122000.0,125000.0,120000.0,121000.0,119600.0,108450.0,95190.0,91517.5,393042
2018-05-09,120500.0,122000.0,116000.0,121000.0,120600.0,109350.0,95828.33333333333,91833.33333333333,320259
2018-05-10,120500.0,123000.0,118500.0,123000.0,121100.0,110225.0,96455.0,92167.5,379591
2018-05-11,121500.0,126500.0,121500.0,125000.0,122000.0,111225.0,97173.33333333333,92520.0,338287
2018-05-14,124000.0,127000.0,120000.0,123500.0,122700.0,112400.0,97865.0,92869.16666666667,441147
2018-05-15,123000.0,125500.0,122000.0,123500.0,123200.0,113375.0,98541.66666666667,93209.16666666667,268033
2018-05-16,122500.0,125000.0,121000.0,121500.0,123300.0,114175.0,99176.66666666667,93555.0,222461
2018-05-17,122000.0,123500.0,119500.0,121000.0,122900.0,115050.0,99793.33333333333,93885.83333333333,192893
2018-05-18,120000.0,122500.0,119000.0,120500.0,122000.0,115950.0,100446.66666666667,94169.16666666667,176032
2018-05-21,121500.0,121500.0,117000.0,118000.0,120900.0,116750.0,101030.0,94443.33333333333,312415
2018-05-23,117500.0,121000.0,117000.0,121000.0,120400.0,117675.0,101665.0,94736.66666666667,309683
2018-05-24,123500.0,128000.0,122000.0,127500.0,121600.0,118850.0,102413.33333333333,95084.16666666667,515366
2018-05-25,125500.0,126000.0,121000.0,121500.0,121700.0,119550.0,103041.66666666667,95385.83333333333,411479
2018-05-28,123500.0,125000.0,122500.0,124500.0,122500.0,120475.0,103733.33333333333,95713.33333333333,250961
2018-05-29,125500.0,127000.0,122000.0,126500.0,124200.0,121325.0,104478.33333333333,96037.5,215142
2018-05-30,125500.0,127000.0,122500.0,124000.0,124800.0,122000.0,105181.66666666667,96337.5,216227
2018-05-31,123500.0,125000.0,121000.0,124000.0,124100.0,122400.0,105875.0,96665.0,268613
2018-06-01,126000.0,129500.0,125000.0,128000.0,125400.0,122775.0,106650.0,97001.66666666667,443750
2018-06-04,129500.0,130000.0,125000.0,126500.0,125800.0,123075.0,107415.0,97315.0,221731
2018-06-05,126500.0,129500.0,126500.0,129500.0,126400.0,123550.0,108186.66666666667,97652.5,251980
2018-06-07,130000.0,131000.0,124500.0,125000.0,126600.0,123750.0,108733.33333333333,97970.83333333333,366427
2018-06-08,125500.0,127500.0,124000.0,125000.0,126800.0,123950.0,109265.0,98310.0,285906
2018-06-11,125000.0,128500.0,125000.0,126500.0,126500.0,124125.0,109823.33333333333,98646.66666666667,315116
2018-06-12,126000.0,130000.0,126000.0,129500.0,127100.0,124350.0,110485.0,99015.0,344435
2018-06-14,129500.0,132000.0,128500.0,132000.0,127600.0,124775.0,111186.66666666667,99443.33333333333,358015
2018-06-15,132000.0,132000.0,125500.0,126000.0,127800.0,124900.0,111790.0,99810.0,412576
2018-06-18,125000.0,127500.0,119500.0,120500.0,126900.0,124850.0,112320.0,100119.16666666667,393753
2018-06-19,121500.0,124500.0,120000.0,120500.0,125700.0,124825.0,112830.0,100412.5,248814
2018-06-20,120500.0,126000.0,119500.0,125000.0,124800.0,125050.0,113430.0,100746.66666666667,281498
2018-06-21,124000.0,127000.0,121500.0,122500.0,122900.0,125275.0,113965.0,101046.66666666667,249620
2018-06-22,123000.0,126500.0,120000.0,125000.0,122700.0,125475.0,114563.33333333333,101412.5,178204
2018-06-25,122500.0,124500.0,120500.0,122500.0,123100.0,125225.0,115055.0,101743.33333333333,338870
2018-06-26,121500.0,122000.0,115500.0,116000.0,122200.0,124950.0,115428.33333333333,102043.33333333333,535876
2018-06-27,115500.0,121000.0,115500.0,116500.0,120500.0,124550.0,115806.66666666667,102322.5,400265
2018-06-28,116000.0,120500.0,116000.0,119000.0,119800.0,124175.0,116256.66666666667,102606.66666666667,287059
2018-06-29,121500.0,124000.0,120500.0,123500.0,119500.0,124150.0,116716.66666666667,102922.5,356504
2018-07-02,124000.0,125500.0,119000.0,119000.0,118800.0,123900.0,117000.0,103197.5,214290
2018-07-03,120500.0,122000.0,108000.0,111500.0,117900.0,123075.0,117125.0,103424.16666666667,1509731
2018-07-04,111500.0,112000.0,104500.0,108000.0,116200.0,122150.0,117250.0,103630.83333333333,650781
2018-07-05,108500.0,111500.0,106000.0,108000.0,114000.0,121075.0,117350.0,103823.33333333333,417290
2018-07-06,109000.0,113500.0,108000.0,112500.0,111800.0,120450.0,117550.0,104012.5,470618
2018-07-09,109000.0,109500.0,99800.0,100000.0,108000.0,119200.0,117500.0,104068.33333333333,1606714
2018-07-10,101500.0,102000.0,99900.0,101000.0,105900.0,117925.0,117425.0,104145.83333333333,565176
2018-07-11,100500.0,103000.0,99600.0,99900.0,104280.0,116445.0,117340.0,104205.0,593972
2018-07-12,101500.0,106000.0,101000.0,103000.0,103280.0,114995.0,117390.0,104289.16666666667,713935
2018-07-13,104000.0,107000.0,101500.0,103000.0,101380.0,113845.0,117373.33333333333,104388.33333333333,487368
2018-07-16,105000.0,105500.0,100000.0,100500.0,101480.0,112845.0,117290.0,104438.33333333333,483840
2018-07-17,101500.0,103500.0,100500.0,101000.0,101480.0,111870.0,117248.33333333333,104488.33333333333,500880
2018-07-18,102000.0,103500.0,101000.0,101500.0,101800.0,110695.0,117231.66666666667,104529.16666666667,286521
2018-07-19,101500.0,102000.0,91500.0,92600.0,99720.0,109200.0,117075.0,104492.5,1572519
2018-07-20,92700.0,93900.0,89500.0,90800.0,97280.0,107490.0,116880.0,104440.83333333333,1101305
2018-07-23,90800.0,92300.0,90700.0,91200.0,95420.0,105925.0,116666.66666666667,104395.0,465287
2018-07-24,91400.0,98100.0,91300.0,97800.0,94780.0,105015.0,116505.0,104421.66666666667,841272
2018-07-25,98000.0,98400.0,93700.0,95900.0,93660.0,103985.0,116336.66666666667,104412.5,460858
2018-07-26,96700.0,96800.0,94400.0,96100.0,94360.0,102840.0,116113.33333333333,104420.0,315666
2018-07-27,96800.0,99900.0,95800.0,98000.0,95800.0,101565.0,115905.0,104449.16666666667,536988
2018-07-30,104000.0,105000.0,99500.0,99600.0,97480.0,100595.0,115631.66666666667,104504.16666666667,1021562
2018-07-31,100000.0,100500.0,95700.0,99800.0,97880.0,100010.0,115286.66666666667,104526.66666666667,482759
2018-08-01,100500.0,107000.0,99000.0,107000.0,100100.0,99960.0,115061.66666666667,104620.83333333333,913356
2018-08-02,105500.0,106000.0,103000.0,105000.0,101880.0,99810.0,114811.66666666667,104738.33333333333,442186
2018-08-03,105500.0,105500.0,102500.0,104500.0,103180.0,99410.0,114536.66666666667,104863.33333333333,270916
2018-08-06,103500.0,107500.0,103500.0,104500.0,104160.0,99635.0,114261.66666666667,105045.0,346660
2018-08-07,105500.0,106500.0,102000.0,104000.0,105000.0,99785.0,113945.0,105200.0,343270
2018-08-08,104000.0,105000.0,103000.0,104000.0,104400.0,99990.0,113595.0,105384.16666666667,225700
2018-08-09,104000.0,108000.0,102000.0,107000.0,104800.0,100190.0,113320.0,105592.5,515598
2018-08-10,106500.0,107000.0,102000.0,102500.0,104400.0,100165.0,112970.0,105755.83333333333,426581
2018-08-13,102000.0,102000.0,96000.0,97500.0,103000.0,100015.0,112570.0,105873.33333333333,617841
2018-08-14,97900.0,99500.0,96500.0,98700.0,101940.0,99900.0,112198.33333333333,105995.83333333333,289941
2018-08-16,95300.0,99100.0,95000.0,99100.0,100960.0,99780.0,111841.66666666667,106144.16666666667,391474
2018-08-17,100000.0,104500.0,99800.0,102000.0,99960.0,100250.0,111575.0,106302.5,418161
2018-08-20,101500.0,102500.0,97500.0,97800.0,99020.0,100600.0,111188.33333333333,106426.66666666667,506303
2018-08-21,97800.0,101000.0,96600.0,100000.0,99520.0,101040.0,110730.0,106571.66666666667,481066
2018-08-22,100000.0,102500.0,99100.0,100000.0,99780.0,101150.0,110371.66666666667,106706.66666666667,357799
2018-08-23,104000.0,107000.0,103500.0,105500.0,101060.0,101630.0,110055.0,106894.16666666667,795345
2018-08-24,106000.0,108000.0,105000.0,107500.0,102160.0,102200.0,109738.33333333333,107108.33333333333,407399
2018-08-27,107500.0,108500.0,106000.0,107000.0,104000.0,102650.0,109455.0,107318.33333333333,331888
2018-08-28,108000.0,108000.0,104500.0,105500.0,105100.0,102945.0,109146.66666666667,107510.83333333333,269977
2018-08-29,107000.0,108500.0,105500.0,106500.0,106400.0,103280.0,108788.33333333333,107719.16666666667,331577
2018-08-30,110000.0,111000.0,104500.0,106000.0,106500.0,103230.0,108446.66666666667,107930.83333333333,680934
2018-08-31,106000.0,108500.0,104500.0,108000.0,106600.0,103380.0,108088.33333333333,108137.5,219653
2018-09-03,107500.0,109000.0,106000.0,107000.0,106600.0,103505.0,107788.33333333333,108260.83333333333,205202
2018-09-04,107000.0,107000.0,104000.0,105000.0,106500.0,103530.0,107455.0,108360.0,276389
2018-09-05,106000.0,107000.0,102000.0,102500.0,105700.0,103455.0,107055.0,108439.16666666667,452583
2018-09-06,102500.0,103000.0,98900.0,100500.0,104600.0,103280.0,106571.66666666667,108528.33333333333,583479
2018-09-07,101000.0,102500.0,99500.0,101500.0,103300.0,103005.0,106063.33333333333,108625.0,389211
2018-09-10,99500.0,99500.0,94900.0,98200.0,101540.0,102790.0,105600.0,108695.0,849747
2018-09-11,99000.0,101000.0,98400.0,99000.0,100340.0,102865.0,105241.66666666667,108780.83333333333,430461
2018-09-12,100000.0,101000.0,99900.0,101000.0,100040.0,102980.0,104916.66666666667,108873.33333333333,453668
2018-09-13,102000.0,104500.0,100500.0,103500.0,100640.0,103200.0,104558.33333333333,108994.16666666667,461157
2018-09-14,105000.0,108000.0,103500.0,106500.0,101640.0,103425.0,104291.66666666667,109128.33333333333,347592
2018-09-17,106000.0,107000.0,104000.0,106000.0,103200.0,103835.0,103975.0,109269.16666666667,170363
2018-09-18,104500.0,109500.0,104500.0,108500.0,105100.0,104260.0,103741.66666666667,109398.33333333333,357142
2018-09-19,109000.0,111000.0,105500.0,108500.0,106600.0,104685.0,103616.66666666667,109522.5,275443
2018-09-20,109000.0,109000.0,105000.0,105500.0,107000.0,104685.0,103433.33333333333,109620.0,298422
2018-09-21,106000.0,106000.0,103500.0,104500.0,106600.0,104535.0,103191.66666666667,109724.16666666667,346676
2018-09-27,105500.0,111000.0,105000.0,109000.0,107200.0,104635.0,102950.0,109833.33333333333,536308
2018-09-28,110000.0,111000.0,106500.0,108500.0,107200.0,104785.0,102775.0,109887.5,321557
2018-10-01,108500.0,114000.0,107500.0,108000.0,107100.0,104860.0,102716.66666666667,109920.83333333333,381547
2018-10-02,108500.0,109000.0,101000.0,102500.0,106500.0,104685.0,102625.0,109937.5,538215
2018-10-04,103000.0,103000.0,92700.0,94800.0,104560.0,104025.0,102405.0,109877.5,1699004
2018-10-05,93100.0,96700.0,90700.0,95000.0,101760.0,103425.0,102113.33333333333,109831.66666666667,777867
2018-10-08,93800.0,96400.0,91800.0,92200.0,98500.0,102785.0,101983.33333333333,109741.66666666667,634155
2018-10-10,92500.0,93200.0,87000.0,87900.0,94480.0,102055.0,101765.0,109595.0,936866
2018-10-11,83000.0,84900.0,81200.0,82200.0,90420.0,101140.0,101470.0,109405.0,1380635
2018-10-12,82100.0,88700.0,82100.0,87500.0,88960.0,100440.0,101211.66666666667,109300.83333333333,896671
2018-10-15,87500.0,87600.0,83300.0,83700.0,86700.0,99715.0,100890.0,109131.66666666667,472235
2018-10-16,84500.0,86200.0,83500.0,84200.0,85100.0,98975.0,100618.33333333333,108954.16666666667,391893
2018-10-17,86300.0,87300.0,84300.0,85100.0,84540.0,98180.0,100353.33333333333,108800.83333333333,418193
2018-10-18,86600.0,87600.0,81700.0,82200.0,84540.0,97115.0,100031.66666666667,108631.66666666667,608596
2018-10-19,81500.0,81500.0,77200.0,81000.0,83240.0,95840.0,99838.33333333333,108456.66666666667,1109567
2018-10-22,80900.0,84800.0,80900.0,82700.0,83040.0,94675.0,99703.33333333333,108291.66666666667,833699
2018-10-23,82900.0,82900.0,78600.0,79400.0,82080.0,93220.0,99506.66666666667,108086.66666666667,673094
2018-10-24,80100.0,80700.0,77700.0,79400.0,80940.0,91765.0,99200.0,107852.5,462235
2018-10-25,77600.0,79200.0,75400.0,77200.0,79940.0,90350.0,98888.33333333333,107612.5,631700
2018-10-26,77300.0,77500.0,71300.0,72400.0,78220.0,88745.0,98493.33333333333,107303.33333333333,1231409
2018-10-29,71900.0,77700.0,71900.0,73100.0,76300.0,86950.0,98078.33333333333,106991.66666666667,1095871
2018-10-30,73100.0,73100.0,68500.0,71300.0,74680.0,85090.0,97606.66666666667,106619.16666666667,1031797
2018-10-31,72200.0,72700.0,70400.0,71300.0,73060.0,83255.0,97131.66666666667,106209.16666666667,407498
2018-11-01,72300.0,74900.0,71300.0,72800.0,72180.0,81770.0,96561.66666666667,105811.66666666667,855722
2018-11-02,75000.0,79600.0,74900.0,79100.0,73520.0,80985.0,96130.0,105470.83333333333,1002692
2018-11-05,77600.0,77600.0,75500.0,76000.0,74100.0,80035.0,95655.0,105095.83333333333,602807
2018-11-06,76900.0,77600.0,75300.0,76000.0,75040.0,79225.0,95180.0,104720.83333333333,448776
2018-11-07,76700.0,78800.0,75100.0,75800.0,75940.0,78620.0,94710.0,104327.5,627905
2018-11-08,78000.0,78300.0,76300.0,76500.0,76680.0,78335.0,94251.66666666667,103923.33333333333,588500
2018-11-09,76700.0,76800.0,71600.0,72700.0,75400.0,77595.0,93680.0,103500.0,1241548
2018-11-12,71800.0,73300.0,70700.0,72300.0,74660.0,77025.0,93176.66666666667,103073.33333333333,496050
2018-11-13,70400.0,72900.0,69500.0,72800.0,74020.0,76455.0,92765.0,102667.5,661573
2018-11-14,73200.0,75200.0,72800.0,74100.0,73680.0,75905.0,92355.0,102276.66666666667,452581
2018-11-15,77000.0,84100.0,76600.0,83700.0,75120.0,75980.0,92098.33333333333,101970.0,2433830
2018-11-16,85100.0,86200.0,81800.0,82600.0,77100.0,76060.0,91775.0,101675.0,1163793
2018-11-19,83400.0,86500.0,81700.0,85400.0,79720.0,76195.0,91568.33333333333,101378.33333333333,1084152
2018-11-20,84400.0,85900.0,83000.0,83200.0,81800.0,76385.0,91288.33333333333,101009.16666666667,749408
2018-11-21,81500.0,85500.0,79500.0,85000.0,83980.0,76665.0,91038.33333333333,100705.0,1027256
2018-11-22,85600.0,87900.0,82500.0,83100.0,83860.0,76960.0,90665.0,100360.0,945953
2018-11-23,83000.0,86400.0,81600.0,84300.0,84200.0,77555.0,90278.33333333333,100008.33333333333,898573
2018-11-26,85300.0,85400.0,83700.0,84500.0,84020.0,78125.0,89903.33333333333,99679.16666666667,484410
2018-11-27,85000.0,85900.0,83900.0,84500.0,84280.0,78785.0,89553.33333333333,99350.0,476056
2018-11-28,85000.0,85400.0,83300.0,83800.0,84040.0,79410.0,89175.0,98981.66666666667,576245
2018-11-29,84500.0,85200.0,83000.0,83700.0,84160.0,79955.0,88803.33333333333,98625.0,585127
2018-11-30,84000.0,87500.0,83700.0,86300.0,84560.0,80315.0,88441.66666666667,98265.0,914836
2018-12-03,88300.0,88300.0,85300.0,86100.0,84880.0,80820.0,88093.33333333333,97940.83333333333,790170
2018-12-04,86100.0,89400.0,86100.0,86300.0,85240.0,81335.0,87781.66666666667,97618.33333333333,1083884
2018-12-05,84300.0,85300.0,83300.0,84800.0,85440.0,81785.0,87486.66666666667,97270.83333333333,552242
2018-12-06,84600.0,85300.0,78000.0,78500.0,84400.0,81885.0,87120.0,96845.83333333333,1073993
2018-12-07,80000.0,80900.0,77600.0,79000.0,82940.0,82200.0,86745.0,96404.16666666667,611821
2018-12-10,76500.0,79200.0,76100.0,77400.0,81200.0,82455.0,86398.33333333333,95999.16666666667,583828
2018-12-11,77600.0,79600.0,77600.0,78000.0,79540.0,82715.0,86048.33333333333,95645.0,411843
2018-12-12,78200.0,79200.0,77300.0,78600.0,78300.0,82940.0,85675.0,95295.83333333333,466905
2018-12-13,78800.0,79000.0,77100.0,77100.0,78020.0,82610.0,85235.0,94896.66666666667,679462
2018-12-14,77800.0,78800.0,76500.0,76500.0,77520.0,82305.0,84735.0,94513.33333333333,438233
2018-12-17,76100.0,79000.0,75500.0,78600.0,77760.0,81965.0,84278.33333333333,94126.66666666667,418178
2018-12-18,77400.0,78200.0,75300.0,75900.0,77340.0,81600.0,83735.0,93738.33333333333,697385
2018-12-19,76100.0,77900.0,76100.0,77400.0,77100.0,81220.0,83216.66666666667,93416.66666666667,338463
2018-12-20,76700.0,76700.0,73500.0,74700.0,76620.0,80800.0,82703.33333333333,93068.33333333333,775486
2018-12-21,74100.0,75000.0,73600.0,73800.0,76080.0,80275.0,82191.66666666667,92691.66666666667,472977
2018-12-24,73600.0,73600.0,72100.0,73000.0,74960.0,79700.0,81591.66666666667,92270.83333333333,413898
2018-12-26,71400.0,73700.0,71300.0,72500.0,74280.0,79100.0,80991.66666666667,91883.33333333333,422513
2018-12-27,74500.0,78000.0,73500.0,76100.0,74020.0,78715.0,80460.0,91588.33333333333,857814
2018-12-28,76500.0,77300.0,75700.0,76500.0,74380.0,78355.0,80026.66666666667,91325.83333333333,384967
2019-01-02,77700.0,78200.0,72400.0,73100.0,74240.0,77695.0,79665.0,91035.0,666916
2019-01-03,73200.0,74600.0,72400.0,72700.0,74180.0,77025.0,79293.33333333333,90703.33333333333,499812
2019-01-04,72800.0,74100.0,69500.0,71200.0,73920.0,76270.0,78943.33333333333,90463.33333333333,960920
2019-01-07,71400.0,72500.0,70200.0,71000.0,72900.0,75580.0,78661.66666666667,90213.33333333333,840813
2019-01-08,71500.0,71600.0,69300.0,69500.0,71500.0,75130.0,78450.0,89960.0,828579
2019-01-09,69800.0,71200.0,69400.0,70700.0,71020.0,74715.0,78170.0,89690.83333333333,692688
2019-01-10,70800.0,70900.0,69600.0,69700.0,70420.0,74330.0,77936.66666666667,89413.33333333333,610900
2019-01-11,70100.0,70600.0,69800.0,70400.0,70260.0,73950.0,77706.66666666667,89162.5,433257
2019-01-14,70900.0,76100.0,70900.0,75100.0,71080.0,73775.0,77540.0,88946.66666666667,1852458
2019-01-15,74900.0,76800.0,74500.0,76100.0,72400.0,73725.0,77438.33333333333,88735.0,761717
2019-01-16,76000.0,76000.0,73100.0,73600.0,72980.0,73580.0,77315.0,88576.66666666667,767972
2019-01-17,74100.0,74200.0,71200.0,71500.0,73340.0,73225.0,77128.33333333333,88415.83333333333,779135
2019-01-18,71600.0,73300.0,71000.0,73200.0,73900.0,73090.0,77025.0,88265.83333333333,572965
2019-01-21,73700.0,76000.0,73600.0,75000.0,73880.0,72970.0,76951.66666666667,88075.83333333333,951873
2019-01-22,75600.0,76200.0,74100.0,75800.0,73820.0,73025.0,76928.33333333333,87908.33333333333,658776
2019-01-23,76000.0,79700.0,74600.0,78800.0,74860.0,73275.0,77035.0,87764.16666666667,1181584
2019-01-24,79200.0,79200.0,77200.0,77900.0,76140.0,73520.0,77115.0,87596.66666666667,680727
2019-01-25,78100.0,81200.0,78000.0,81100.0,77720.0,73950.0,77278.33333333333,87442.5,1172736
2019-01-28,78000.0,79500.0,75900.0,76600.0,78040.0,73975.0,77366.66666666667,87249.16666666667,1824331
2019-01-29,76600.0,76700.0,74600.0,75900.0,78060.0,73945.0,77418.33333333333,86990.0,801338
2019-01-30,75600.0,76700.0,75000.0,76200.0,77540.0,74100.0,77370.0,86750.0,593470
2019-01-31,76900.0,77600.0,75600.0,76600.0,77280.0,74295.0,77380.0,86517.5,674121
2019-02-01,76700.0,77400.0,75900.0,76800.0,76420.0,74575.0,77393.33333333333,86286.66666666667,576003
2019-02-07,76800.0,78300.0,76800.0,76800.0,76460.0,74865.0,77410.0,86060.0,578704
2019-02-08,76200.0,76400.0,73600.0,73700.0,76020.0,75075.0,77363.33333333333,85807.5,975776
2019-02-11,73500.0,73500.0,72100.0,72400.0,75260.0,75160.0,77358.33333333333,85519.16666666667,647895
2019-02-12,72900.0,73700.0,72400.0,72900.0,74520.0,75320.0,77368.33333333333,85272.5,534740
2019-02-13,73400.0,75000.0,72000.0,74900.0,74140.0,75545.0,77403.33333333333,85084.16666666667,848753
2019-02-14,74900.0,75700.0,74000.0,75500.0,73880.0,75565.0,77426.66666666667,84890.83333333333,633297
2019-02-15,75600.0,77200.0,74600.0,76900.0,74520.0,75605.0,77313.33333333333,84705.83333333333,887933
2019-02-18,77600.0,78900.0,77200.0,78900.0,75820.0,75870.0,77251.66666666667,84513.33333333333,1014088
2019-02-19,79400.0,80300.0,78300.0,78700.0,76980.0,76230.0,77140.0,84354.16666666667,690381
2019-02-20,79000.0,82500.0,78900.0,82200.0,78440.0,76680.0,77123.33333333333,84205.83333333333,1548212
2019-02-21,82800.0,84400.0,81800.0,82400.0,79820.0,77050.0,77080.0,84059.16666666667,1196327
2019-02-22,83000.0,83400.0,80900.0,82300.0,80900.0,77375.0,77066.66666666667,83865.83333333333,466449
2019-02-25,83200.0,84000.0,82200.0,83500.0,81820.0,77610.0,77053.33333333333,83665.83333333333,673674
2019-02-26,83400.0,86300.0,83300.0,85900.0,83260.0,78010.0,77076.66666666667,83490.0,1174671
2019-02-27,86000.0,86600.0,84100.0,85100.0,83840.0,78210.0,77086.66666666667,83320.0,592642
2019-02-28,85100.0,85100.0,81300.0,82000.0,83760.0,78480.0,77056.66666666667,83115.83333333333,887060
2019-03-04,83300.0,85900.0,83300.0,83900.0,84080.0,78880.0,77060.0,82931.66666666667,753138
2019-03-05,84200.0,84600.0,81900.0,83200.0,84020.0,79230.0,77008.33333333333,82725.0,526820
2019-03-06,83700.0,84200.0,80500.0,80600.0,82960.0,79430.0,76916.66666666667,82505.0,857581
2019-03-07,80900.0,85800.0,80900.0,84800.0,82900.0,79830.0,76891.66666666667,82336.66666666667,1231286
2019-03-08,84400.0,87100.0,84200.0,84700.0,83440.0,80225.0,76890.0,82188.33333333333,952857
2019-03-11,85600.0,86100.0,82600.0,84000.0,83460.0,80740.0,76981.66666666667,82050.83333333333,642378
2019-03-12,84700.0,84800.0,81700.0,83700.0,83560.0,81305.0,77060.0,81902.5,763568
2019-03-13,83200.0,84900.0,83100.0,83800.0,84200.0,81850.0,77166.66666666667,81782.5,474719
2019-03-14,83800.0,84200.0,82600.0,82900.0,83820.0,82250.0,77248.33333333333,81648.33333333333,512910
2019-03-15,82600.0,87400.0,82600.0,87300.0,84340.0,82840.0,77393.33333333333,81534.16666666667,1176116
2019-03-18,92000.0,93800.0,90100.0,93700.0,86280.0,83680.0,77670.0,81452.5,1914249
2019-03-19,93700.0,94200.0,92500.0,93300.0,88200.0,84400.0,77950.0,81342.5,672793
2019-03-20,94200.0,95600.0,93000.0,95300.0,90500.0,85230.0,78228.33333333333,81253.33333333333,761393
2019-03-21,93300.0,94500.0,90700.0,92400.0,92400.0,85740.0,78503.33333333333,81119.16666666667,1147340
2019-03-22,92400.0,94400.0,91400.0,93700.0,93680.0,86305.0,78775.0,80995.83333333333,627819
2019-03-25,91600.0,92900.0,91100.0,91900.0,93320.0,86785.0,79061.66666666667,80882.5,379366
2019-03-26,92800.0,94600.0,92200.0,94200.0,93500.0,87320.0,79401.66666666667,80796.66666666667,461365
2019-03-27,95300.0,96700.0,93600.0,94100.0,93260.0,87730.0,79753.33333333333,80672.5,566884
2019-03-28,94300.0,94800.0,92200.0,93800.0,93540.0,88165.0,80108.33333333333,80550.0,338607
2019-03-29,94700.0,96500.0,94500.0,95400.0,93880.0,88835.0,80430.0,80445.0,568209
2019-04-01,95000.0,96200.0,92600.0,95700.0,94640.0,89425.0,80750.0,80388.33333333333,770440
2019-04-02,97400.0,98300.0,92700.0,92900.0,94380.0,89910.0,81080.0,80372.5,669289
2019-04-03,93500.0,93500.0,91800.0,92900.0,94140.0,90525.0,81416.66666666667,80355.0,530898
2019-04-04,93700.0,98500.0,93000.0,97500.0,94880.0,91160.0,81855.0,80399.16666666667,994923
2019-04-05,97500.0,98200.0,96600.0,97800.0,95360.0,91815.0,82301.66666666667,80481.66666666667,441251
2019-04-08,99000.0,101500.0,97800.0,98300.0,95880.0,92530.0,82781.66666666667,80615.83333333333,656610
2019-04-09,99900.0,104000.0,99200.0,103000.0,97900.0,93495.0,83320.0,80745.0,864936
2019-04-10,103000.0,104500.0,101000.0,104500.0,100220.0,94530.0,83900.0,80918.33333333333,573867
2019-04-11,104500.0,106000.0,104000.0,105500.0,101820.0,95660.0,84485.0,81095.83333333333,581667
2019-04-12,105500.0,106000.0,103000.0,105000.0,103260.0,96545.0,84983.33333333333,81261.66666666667,408379
2019-04-15,106500.0,107000.0,103000.0,104500.0,104500.0,97085.0,85456.66666666667,81447.5,496737
2019-04-16,104000.0,105500.0,102000.0,105000.0,104900.0,97670.0,85980.0,81647.5,365515
2019-04-17,105000.0,106500.0,102000.0,102500.0,104500.0,98030.0,86496.66666666667,81812.5,389092
2019-04-18,102500.0,104500.0,101500.0,103000.0,104000.0,98560.0,86993.33333333333,82009.16666666667,339946
2019-04-19,102000.0,105500.0,102000.0,104000.0,103800.0,99075.0,87476.66666666667,82214.16666666667,309864
2019-04-22,104500.0,104500.0,102000.0,103000.0,103500.0,99630.0,87930.0,82429.16666666667,185701
2019-04-23,103000.0,105000.0,102000.0,105000.0,103500.0,100170.0,88366.66666666667,82700.83333333333,212149
2019-04-24,107000.0,107500.0,102500.0,103000.0,103600.0,100615.0,88785.0,82950.0,354196
2019-04-25,103000.0,107000.0,102500.0,107000.0,104400.0,101275.0,89216.66666666667,83247.5,512622
2019-04-26,106000.0,108000.0,103500.0,107500.0,105100.0,101880.0,89731.66666666667,83549.16666666667,556590
2019-04-29,112500.0,113500.0,110000.0,112000.0,106900.0,102695.0,90333.33333333333,83875.83333333333,740348
2019-04-30,113500.0,116000.0,113000.0,115000.0,108900.0,103800.0,90980.0,84175.0,525127
2019-05-02,115000.0,118000.0,113500.0,114500.0,111200.0,104880.0,91611.66666666667,84495.83333333333,390852
2019-05-03,114500.0,115500.0,111500.0,113500.0,112500.0,105680.0,92223.33333333333,84808.33333333333,259403
2019-05-07,110500.0,113000.0,109500.0,111500.0,113300.0,106365.0,92801.66666666667,85105.83333333333,397064
2019-05-08,110000.0,113000.0,109000.0,109500.0,112800.0,106925.0,93398.33333333333,85380.83333333333,423386
2019-05-09,109500.0,109500.0,104500.0,104500.0,110700.0,107000.0,93933.33333333333,85645.83333333333,753620
2019-05-10,105500.0,109500.0,104500.0,109000.0,109600.0,107225.0,94535.0,85951.66666666667,791825
2019-05-13,107500.0,109500.0,99900.0,101500.0,107200.0,107025.0,94978.33333333333,86190.83333333333,812571
2019-05-14,99300.0,106000.0,99300.0,105500.0,106000.0,107050.0,95478.33333333333,86452.5,668716
2019-05-15,102000.0,102500.0,96700.0,100500.0,104200.0,106850.0,95871.66666666667,86592.5,1373470
2019-05-16,101500.0,101500.0,97500.0,98600.0,103020.0,106530.0,96200.0,86725.83333333333,801924
2019-05-17,99200.0,101000.0,97500.0,97600.0,100740.0,106285.0,96515.0,86827.5,441662
2019-05-20,97800.0,99500.0,96900.0,97500.0,99940.0,106010.0,96770.0,86946.66666666667,373457
2019-05-21,98000.0,98400.0,97300.0,97500.0,98340.0,105685.0,97021.66666666667,87050.83333333333,241076
2019-05-22,97800.0,101500.0,97800.0,99700.0,98180.0,105520.0,97311.66666666667,87189.16666666667,500219
2019-05-23,98700.0,98700.0,93400.0,93600.0,97180.0,104950.0,97480.0,87266.66666666667,936540
2019-05-24,92500.0,94900.0,91000.0,92700.0,96200.0,104435.0,97593.33333333333,87335.0,563859
2019-05-27,92000.0,93200.0,91200.0,92300.0,95160.0,103700.0,97713.33333333333,87400.0,407071
2019-05-28,92000.0,94000.0,91800.0,92400.0,94140.0,102945.0,97886.66666666667,87471.66666666667,444955
2019-05-29,92700.0,94100.0,91800.0,93600.0,92920.0,102025.0,98048.33333333333,87554.16666666667,305139
2019-05-30,94400.0,97400.0,90200.0,91200.0,92440.0,100835.0,98181.66666666667,87595.0,884334
2019-05-31,91100.0,94900.0,90300.0,94600.0,92820.0,99840.0,98415.0,87665.83333333333,948258
2019-06-03,92500.0,95700.0,92100.0,94800.0,93320.0,98905.0,98581.66666666667,87736.66666666667,358901
2019-06-04,94000.0,94100.0,90100.0,90700.0,92980.0,97865.0,98681.66666666667,87785.83333333333,817996
2019-06-05,92400.0,94000.0,91100.0,93500.0,92960.0,97065.0,98840.0,87910.83333333333,585134
2019-06-07,94000.0,94500.0,92600.0,93500.0,93420.0,96515.0,99003.33333333333,88031.66666666667,310912
2019-06-10,93900.0,94300.0,92900.0,94100.0,93320.0,95770.0,99175.0,88170.83333333333,223663
2019-06-11,94000.0,94500.0,92500.0,94300.0,93220.0,95410.0,99365.0,88306.66666666667,297734
2019-06-12,94300.0,97800.0,94000.0,96100.0,94300.0,94940.0,99511.66666666667,88452.5,447593
2019-06-13,97100.0,97100.0,93700.0,94800.0,94560.0,94655.0,99530.0,88600.0,527864
2019-06-14,95500.0,96200.0,94400.0,95200.0,94900.0,94485.0,99561.66666666667,88755.83333333333,243117
2019-06-17,95500.0,97700.0,94900.0,96900.0,95460.0,94450.0,99588.33333333333,88908.33333333333,319450
2019-06-18,97600.0,99500.0,97300.0,98300.0,96260.0,94490.0,99686.66666666667,89095.0,465483
2019-06-19,101000.0,103500.0,100000.0,103000.0,97640.0,94765.0,99841.66666666667,89308.33333333333,557754
2019-06-20,102000.0,103500.0,100500.0,102000.0,99080.0,94880.0,100010.0,89535.83333333333,263189
2019-06-21,99900.0,100000.0,96600.0,96700.0,99380.0,95035.0,100051.66666666667,89726.66666666667,1036507
2019-06-24,96700.0,97500.0,94500.0,95800.0,99160.0,95190.0,100080.0,89916.66666666667,332759
2019-06-25,95800.0,97200.0,93800.0,94200.0,98340.0,95285.0,100086.66666666667,90097.5,387163
2019-06-26,94100.0,95200.0,93700.0,94400.0,96620.0,95385.0,100070.0,90250.0,193807
2019-06-27,95000.0,98200.0,94500.0,98000.0,95820.0,95605.0,100108.33333333333,90429.16666666667,530578
2019-06-28,97800.0,98000.0,96200.0,97000.0,95880.0,95895.0,100176.66666666667,90628.33333333333,277615
2019-07-01,99100.0,100500.0,98200.0,98700.0,96460.0,96100.0,100273.33333333333,90845.0,502691
2019-07-02,98700.0,98800.0,91700.0,92700.0,96160.0,95995.0,100193.33333333333,91024.16666666667,1156447
2019-07-03,93400.0,93800.0,91300.0,91900.0,95660.0,96055.0,100095.0,91198.33333333333,483220
2019-07-04,91700.0,92800.0,87200.0,89000.0,93860.0,95830.0,99940.0,91360.83333333333,1022416
2019-07-05,89000.0,91000.0,88600.0,90000.0,92460.0,95655.0,99723.33333333333,91521.66666666667,447273
2019-07-08,89000.0,89800.0,86100.0,86400.0,90000.0,95270.0,99421.66666666667,91660.83333333333,517045
2019-07-09,86000.0,87400.0,84400.0,85400.0,88540.0,94825.0,99086.66666666667,91785.83333333333,515842
2019-07-10,86400.0,87100.0,83400.0,83900.0,86940.0,94215.0,98735.0,91859.16666666667,533970
2019-07-11,84000.0,85300.0,83500.0,84000.0,85940.0,93675.0,98393.33333333333,91925.0,442192
2019-07-12,84700.0,86200.0,82100.0,82400.0,84420.0,93035.0,98016.66666666667,91998.33333333333,815388
2019-07-15,83700.0,85500.0,83000.0,85100.0,84160.0,92445.0,97726.66666666667,92111.66666666667,738756
2019-07-16,85600.0,85900.0,83700.0,84800.0,84040.0,91770.0,97423.33333333333,92208.33333333333,441448
2019-07-17,84500.0,84600.0,82800.0,83200.0,83900.0,90780.0,97076.66666666667,92276.66666666667,298553
2019-07-18,82600.0,84300.0,81800.0,81900.0,83480.0,89775.0,96725.0,92327.5,331885
2019-07-19,82200.0,82800.0,81200.0,82500.0,83500.0,89065.0,96350.0,92358.33333333333,438778
2019-07-22,82600.0,84200.0,82300.0,83300.0,83140.0,88440.0,96021.66666666667,92403.33333333333,334245
2019-07-23,83400.0,84400.0,82500.0,84000.0,82980.0,87930.0,95638.33333333333,92427.5,338359
2019-07-24,84500.0,84500.0,82700.0,83000.0,82940.0,87360.0,95230.0,92480.83333333333,251209
2019-07-25,82600.0,84000.0,82200.0,83600.0,83280.0,86640.0,94756.66666666667,92545.0,246702
2019-07-26,83600.0,85000.0,82800.0,83300.0,83440.0,85955.0,94228.33333333333,92604.16666666667,410340
2019-07-29,82900.0,82900.0,79200.0,79700.0,82720.0,85005.0,93648.33333333333,92630.0,759098
2019-07-30,78700.0,80600.0,77200.0,77900.0,81500.0,84265.0,93055.0,92639.16666666667,569666
2019-07-31,77700.0,78800.0,76400.0,78700.0,80640.0,83605.0,92508.33333333333,92655.0,575034
2019-08-01,78200.0,80700.0,77300.0,80400.0,80000.0,83175.0,92023.33333333333,92710.83333333333,388992
2019-08-02,79000.0,82100.0,78400.0,81400.0,79620.0,82745.0,91638.33333333333,92785.83333333333,532187
2019-08-05,81000.0,81800.0,77300.0,78900.0,79460.0,82370.0,91136.66666666667,92835.83333333333,590626
2019-08-06,75200.0,77800.0,73800.0,75200.0,78920.0,81860.0,90698.33333333333,92838.33333333333,751155
2019-08-07,75400.0,76700.0,73300.0,74700.0,78120.0,81400.0,90185.0,92831.66666666667,438245
2019-08-08,75300.0,79000.0,74800.0,78600.0,77760.0,81130.0,89820.0,92845.83333333333,538608
2019-08-09,79200.0,80500.0,78700.0,79200.0,77320.0,80970.0,89496.66666666667,92848.33333333333,341685
2019-08-12,78800.0,78800.0,77200.0,78500.0,77240.0,80640.0,89178.33333333333,92846.66666666667,171109
2019-08-13,77900.0,78100.0,76300.0,76500.0,77500.0,80225.0,88828.33333333333,92799.16666666667,336062
2019-08-14,77900.0,78000.0,75400.0,76100.0,77780.0,79870.0,88471.66666666667,92746.66666666667,342993
2019-08-16,75000.0,75400.0,73700.0,74000.0,76860.0,79475.0,88043.33333333333,92677.5,405903
2019-08-19,74300.0,75500.0,74300.0,75400.0,76100.0,79120.0,87740.0,92610.0,234670
2019-08-20,76600.0,79000.0,75700.0,78200.0,76040.0,78865.0,87498.33333333333,92545.83333333333,740564
2019-08-21,78000.0,79500.0,77200.0,79500.0,76640.0,78640.0,87285.0,92499.16666666667,385977
2019-08-22,79400.0,80600.0,78900.0,80200.0,77460.0,78500.0,87081.66666666667,92484.16666666667,370537
2019-08-23,79200.0,79500.0,78500.0,78900.0,78440.0,78265.0,86836.66666666667,92442.5,293734
2019-08-26,76600.0,76900.0,76000.0,76300.0,78620.0,77915.0,86588.33333333333,92385.0,287288
2019-08-27,77200.0,77500.0,75500.0,75500.0,78080.0,77705.0,86270.0,92342.5,449555
2019-08-28,75400.0,76300.0,74800.0,76200.0,77420.0,77620.0,85960.0,92270.83333333333,294914
2019-08-29,77100.0,82200.0,76300.0,79600.0,77300.0,77665.0,85775.0,92228.33333333333,1192725
2019-08-30,80500.0,81100.0,78200.0,78800.0,77280.0,77585.0,85530.0,92185.0,572763
2019-09-02,78100.0,80200.0,78100.0,78800.0,77780.0,77455.0,85285.0,92144.16666666667,344487
2019-09-03,79100.0,84100.0,79100.0,83400.0,79360.0,77680.0,85106.66666666667,92140.83333333333,1093997
2019-09-04,83800.0,84500.0,83300.0,84400.0,81000.0,78140.0,84941.66666666667,92153.33333333333,452558
2019-09-05,84600.0,84800.0,82600.0,83200.0,81720.0,78565.0,84726.66666666667,92119.16666666667,502611
2019-09-06,83500.0,84400.0,82600.0,82700.0,82500.0,78770.0,84525.0,92027.5,291978
2019-09-09,83100.0,85700.0,83000.0,85200.0,83780.0,79070.0,84358.33333333333,91960.0,560135
2019-09-10,85600.0,86200.0,84300.0,85300.0,84160.0,79410.0,84165.0,91876.66666666667,350090
2019-09-11,85500.0,87000.0,85500.0,86800.0,84640.0,79925.0,83973.33333333333,91830.0,466303
2019-09-16,87500.0,88100.0,86200.0,86700.0,85340.0,80455.0,83701.66666666667,91771.66666666667,286566
2019-09-17,86500.0,86600.0,85300.0,85700.0,85940.0,81040.0,83430.0,91720.0,261332
2019-09-18,85700.0,86000.0,84800.0,85900.0,86080.0,81565.0,83250.0,91650.83333333333,209339
2019-09-19,85700.0,86500.0,85500.0,85900.0,86200.0,81950.0,83085.0,91582.5,184088
2019-09-20,85900.0,86700.0,84600.0,85000.0,85840.0,82225.0,82931.66666666667,91509.16666666667,308474
2019-09-23,84600.0,85000.0,83500.0,83900.0,85280.0,82410.0,82756.66666666667,91413.33333333333,296181
2019-09-24,84000.0,85600.0,84000.0,85100.0,85160.0,82720.0,82541.66666666667,91325.0,298667
2019-09-25,85100.0,85100.0,83000.0,83700.0,84720.0,83090.0,82320.0,91248.33333333333,314765
2019-09-26,84000.0,86000.0,84000.0,85600.0,84660.0,83595.0,82101.66666666667,91187.5,383414
2019-09-27,85000.0,87100.0,85000.0,86800.0,85020.0,84125.0,82003.33333333333,91098.33333333333,429517
2019-09-30,86600.0,86600.0,85700.0,86200.0,85480.0,84455.0,81908.33333333333,91001.66666666667,270347
2019-10-01,85800.0,86000.0,82100.0,82500.0,84960.0,84640.0,81800.0,90870.0,653709
2019-10-02,82700.0,82900.0,80700.0,81000.0,84420.0,84750.0,81650.0,90686.66666666667,541381
2019-10-04,81000.0,81500.0,79200.0,79800.0,83260.0,84570.0,81540.0,90480.83333333333,435223
2019-10-07,80400.0,81500.0,79800.0,80200.0,81940.0,84360.0,81453.33333333333,90270.0,236583
2019-10-08,80400.0,81300.0,80200.0,80800.0,80860.0,84240.0,81401.66666666667,90068.33333333333,266694
2019-10-10,80200.0,80200.0,77500.0,78300.0,80020.0,84020.0,81306.66666666667,89850.0,578835
2019-10-11,78500.0,79100.0,78200.0,78800.0,79580.0,83700.0,81246.66666666667,89631.66666666667,279214
2019-10-14,79700.0,80500.0,78800.0,79100.0,79440.0,83390.0,81146.66666666667,89436.66666666667,342229
2019-10-15,79200.0,79700.0,78200.0,79100.0,79220.0,83005.0,81051.66666666667,89237.5,286906
2019-10-16,79500.0,79500.0,77300.0,77800.0,78620.0,82560.0,80961.66666666667,89019.16666666667,741004
2019-10-17,77800.0,78100.0,77600.0,78100.0,78580.0,82180.0,80898.33333333333,88811.66666666667,335661
2019-10-18,78100.0,78700.0,77500.0,77500.0,78320.0,81760.0,80815.0,88582.5,253037
2019-10-21,77600.0,78700.0,77100.0,77300.0,77960.0,81330.0,80715.0,88368.33333333333,282826
2019-10-22,77500.0,78500.0,77500.0,78300.0,77800.0,80995.0,80620.0,88129.16666666667,271812
2019-10-23,78700.0,80500.0,78400.0,79500.0,78140.0,80775.0,80561.66666666667,87895.83333333333,566459
2019-10-24,79300.0,79400.0,77900.0,79000.0,78320.0,80470.0,80485.0,87620.83333333333,285112
2019-10-25,79300.0,81200.0,78900.0,79900.0,78800.0,80280.0,80428.33333333333,87328.33333333333,450092
2019-10-28,77500.0,77800.0,75400.0,76200.0,78580.0,79810.0,80370.0,87009.16666666667,1085951
2019-10-29,76300.0,76500.0,74900.0,75100.0,77940.0,79225.0,80323.33333333333,86689.16666666667,707333
2019-10-30,76000.0,78900.0,75500.0,78400.0,77720.0,78835.0,80318.33333333333,86413.33333333333,919970
2019-10-31,78400.0,79200.0,77500.0,77500.0,77420.0,78585.0,80270.0,86146.66666666667,329097
2019-11-01,78100.0,79500.0,77500.0,79100.0,77260.0,78490.0,80231.66666666667,85935.0,334562
2019-11-04,79500.0,80500.0,79000.0,80400.0,78100.0,78520.0,80256.66666666667,85696.66666666667,358250
2019-11-05,80100.0,80600.0,78900.0,79700.0,79020.0,78495.0,80331.66666666667,85515.0,398437
2019-11-06,80500.0,83700.0,80300.0,83500.0,80040.0,78630.0,80478.33333333333,85331.66666666667,1049659
2019-11-07,83400.0,84100.0,82200.0,82900.0,81120.0,78860.0,80550.0,85185.0,438745
2019-11-08,84100.0,84100.0,82200.0,82900.0,81880.0,79065.0,80611.66666666667,85054.16666666667,303579
2019-11-11,83300.0,83400.0,81700.0,82200.0,82240.0,79220.0,80673.33333333333,84925.83333333333,213199
2019-11-12,82000.0,82800.0,80300.0,82000.0,82700.0,79365.0,80765.0,84796.66666666667,338760
2019-11-13,82000.0,83300.0,81300.0,82000.0,82400.0,79575.0,80863.33333333333,84667.5,303347
2019-11-14,81700.0,82500.0,81200.0,81500.0,82120.0,79745.0,80988.33333333333,84515.83333333333,247510
2019-11-15,81600.0,83400.0,81400.0,83000.0,82140.0,80020.0,81115.0,84427.5,289747
2019-11-18,83300.0,83800.0,82400.0,83200.0,82340.0,80315.0,81198.33333333333,84348.33333333333,168055
2019-11-19,82900.0,83000.0,81500.0,81700.0,82280.0,80485.0,81235.0,84260.0,224995
2019-11-20,81700.0,82200.0,80700.0,81400.0,82160.0,80580.0,81255.0,84168.33333333333,195535
2019-11-21,81500.0,81600.0,78700.0,79300.0,81720.0,80595.0,81261.66666666667,84049.16666666667,354420
2019-11-22,79500.0,80000.0,78700.0,80000.0,81120.0,80600.0,81323.33333333333,83955.83333333333,126652
2019-11-25,81400.0,82500.0,81300.0,81400.0,80760.0,80860.0,81421.66666666667,83845.83333333333,214868
2019-11-26,81500.0,82500.0,81500.0,82000.0,80820.0,81205.0,81518.33333333333,83739.16666666667,219527
2019-11-27,82700.0,83200.0,82200.0,82400.0,81020.0,81405.0,81565.0,83670.0,244994
2019-11-28,82000.0,84600.0,81600.0,84300.0,82020.0,81745.0,81656.66666666667,83593.33333333333,621988
2019-11-29,84900.0,85400.0,83300.0,84700.0,82960.0,82025.0,81755.0,83520.0,435628
2019-12-02,84800.0,85300.0,83200.0,83500.0,83380.0,82180.0,81756.66666666667,83431.66666666667,272031
2019-12-03,82500.0,84100.0,82000.0,83700.0,83720.0,82380.0,81745.0,83343.33333333333,191873
2019-12-04,83000.0,83300.0,81600.0,81800.0,83600.0,82295.0,81721.66666666667,83224.16666666667,242139
2019-12-05,82000.0,82500.0,80200.0,80600.0,82860.0,82180.0,81686.66666666667,83105.83333333333,212031
2019-12-06,80800.0,81500.0,80400.0,81300.0,82180.0,82100.0,81621.66666666667,82990.0,155352
2019-12-09,80900.0,81500.0,80400.0,80700.0,81620.0,82025.0,81545.0,82855.0,146698
2019-12-10,80700.0,81900.0,80200.0,81400.0,81160.0,81995.0,81455.0,82714.16666666667,153951
2019-12-11,81700.0,83700.0,81300.0,83700.0,81540.0,82080.0,81405.0,82553.33333333333,274529
2019-12-12,83900.0,84200.0,83100.0,83900.0,82200.0,82200.0,81375.0,82402.5,394851
2019-12-13,84700.0,86400.0,84500.0,85400.0,83020.0,82320.0,81366.66666666667,82308.33333333333,479856
2019-12-16,85600.0,85700.0,84500.0,85100.0,83900.0,82415.0,81353.33333333333,82219.16666666667,206397
2019-12-17,84900.0,85600.0,84700.0,85400.0,84700.0,82600.0,81360.0,82145.83333333333,171459
2019-12-18,85500.0,86600.0,85000.0,85800.0,85120.0,82820.0,81391.66666666667,82074.16666666667,187694
2019-12-19,86100.0,86100.0,84800.0,85600.0,85460.0,83135.0,81400.0,81970.83333333333,173420
2019-12-20,86000.0,86700.0,85600.0,86100.0,85600.0,83440.0,81440.0,81880.0,264830
2019-12-23,86800.0,86800.0,85500.0,86300.0,85840.0,83685.0,81451.66666666667,81776.66666666667,183558
2019-12-24,86400.0,86600.0,84000.0,84000.0,85560.0,83785.0,81405.0,81704.16666666667,343165
2019-12-26,84600.0,85800.0,83700.0,83800.0,85160.0,83855.0,81365.0,81636.66666666667,312194
2019-12-27,85000.0,87500.0,84200.0,87300.0,85500.0,84005.0,81445.0,81622.5,553933
2019-12-30,88200.0,90900.0,88100.0,90800.0,86440.0,84310.0,81608.33333333333,81629.16666666667,726313
2020-01-02,92100.0,94500.0,91300.0,94000.0,87980.0,84835.0,81845.0,81692.5,833223
2020-01-03,95100.0,96200.0,93000.0,95300.0,90240.0,85415.0,82096.66666666667,81775.0,689855
2020-01-06,93200.0,95300.0,93200.0,94900.0,92460.0,86070.0,82331.66666666667,81866.66666666667,413182
2020-01-07,95500.0,99500.0,95400.0,99400.0,94880.0,87010.0,82683.33333333333,81995.0,736235
2020-01-08,98300.0,100500.0,97200.0,97300.0,96180.0,87810.0,82991.66666666667,82119.16666666667,731806
2020-01-09,99500.0,101000.0,98500.0,99400.0,97260.0,88745.0,83330.0,82238.33333333333,604384
2020-01-10,99900.0,102500.0,99600.0,102500.0,98700.0,89800.0,83720.0,82385.83333333333,559067
2020-01-13,103000.0,107000.0,102000.0,106500.0,101020.0,90940.0,84198.33333333333,82580.0,574810
2020-01-14,108500.0,109500.0,105000.0,107000.0,102540.0,92095.0,84680.0,82789.16666666667,765307
2020-01-15,107000.0,107000.0,104000.0,105500.0,104180.0,93100.0,85146.66666666667,82980.83333333333,399136
2020-01-16,105500.0,107500.0,104500.0,107000.0,105700.0,94195.0,85641.66666666667,83178.33333333333,308999
2020-01-17,106500.0,108500.0,106000.0,108500.0,106900.0,95350.0,86145.0,83382.5,242391
2020-01-20,109000.0,111000.0,101000.0,103000.0,106200.0,96210.0,86536.66666666667,83549.16666666667,1168346
2020-01-21,101500.0,104500.0,99800.0,99900.0,104780.0,96925.0,86885.0,83685.0,1196061
2020-01-22,97600.0,102000.0,96500.0,101000.0,103880.0,97670.0,87236.66666666667,83832.5,1412802
2020-01-23,99400.0,99400.0,96900.0,97000.0,101880.0,98205.0,87583.33333333333,83976.66666666667,952483
2020-01-28,87100.0,88900.0,86200.0,87000.0,97580.0,98355.0,87781.66666666667,84052.5,2383525
2020-01-29,88200.0,91500.0,85700.0,89500.0,94880.0,98640.0,87966.66666666667,84142.5,1553767
2020-01-30,89200.0,90600.0,87000.0,87800.0,92460.0,98665.0,88138.33333333333,84204.16666666667,841384
2020-01-31,88800.0,90300.0,87200.0,87400.0,89740.0,98495.0,88276.66666666667,84254.16666666667,785687
2020-02-03,84900.0,91300.0,83600.0,90300.0,88400.0,98310.0,88441.66666666667,84349.16666666667,1729475
2020-02-04,89600.0,91500.0,88000.0,89700.0,88940.0,98030.0,88608.33333333333,84470.0,870658
2020-02-05,91200.0,91200.0,88300.0,89000.0,88840.0,97735.0,88700.0,84589.16666666667,673171
2020-02-06,90200.0,95100.0,90000.0,95000.0,90280.0,97515.0,88901.66666666667,84725.83333333333,1166680
2020-02-07,95000.0,95000.0,91700.0,92000.0,91200.0,97250.0,89053.33333333333,84832.5,996203
2020-02-10,90800.0,90900.0,89300.0,90400.0,91220.0,96800.0,89190.0,84931.66666666667,647191
2020-02-11,91000.0,93300.0,91000.0,92400.0,91760.0,96295.0,89363.33333333333,85064.16666666667,549352
2020-02-12,92800.0,97900.0,92800.0,97600.0,93480.0,95850.0,89623.33333333333,85243.33333333333,1076967
2020-02-13,98000.0,99200.0,95700.0,96800.0,93840.0,95340.0,89878.33333333333,85433.33333333333,1203127
2020-02-14,96000.0,97300.0,95800.0,96800.0,94800.0,94905.0,90108.33333333333,85611.66666666667,467931
2020-02-17,97200.0,98900.0,96500.0,97400.0,96200.0,94425.0,90345.0,85771.66666666667,499871
2020-02-18,97600.0,97700.0,94000.0,94000.0,96520.0,93700.0,90550.0,85892.5,652214
2020-02-19,94800.0,95800.0,92700.0,94100.0,95820.0,93255.0,90761.66666666667,86008.33333333333,459080
2020-02-20,94000.0,94700.0,90600.0,90900.0,94640.0,92805.0,90955.0,86108.33333333333,787822
2020-02-21,89100.0,91900.0,88400.0,88900.0,93060.0,92200.0,91103.33333333333,86213.33333333333,883251
2020-02-24,84700.0,85700.0,83800.0,83900.0,90360.0,91545.0,91145.0,86283.33333333333,1047798
2020-02-25,83500.0,86700.0,83100.0,86300.0,88820.0,91510.0,91216.66666666667,86367.5,815626
2020-02-26,84500.0,87300.0,83700.0,85800.0,87160.0,91325.0,91273.33333333333,86419.16666666667,645087
2020-02-27,85300.0,87500.0,83600.0,83900.0,85760.0,91130.0,91266.66666666667,86461.66666666667,593162
2020-02-28,82100.0,83400.0,79700.0,80300.0,84040.0,90775.0,91193.33333333333,86474.16666666667,1041668
2020-03-02,80300.0,83100.0,78600.0,81400.0,83540.0,90330.0,91158.33333333333,86457.5,731391
2020-03-03,83600.0,85200.0,81600.0,82000.0,82680.0,89945.0,91130.0,86437.5,599394
2020-03-04,82300.0,85300.0,81900.0,85300.0,82580.0,89760.0,91188.33333333333,86455.0,595455
2020-03-05,86400.0,87100.0,84200.0,86700.0,83140.0,89345.0,91290.0,86488.33333333333,623272
2020-03-06,84700.0,86000.0,83800.0,84100.0,83900.0,88950.0,91336.66666666667,86479.16666666667,501682
2020-03-09,84100.0,84100.0,84100.0,84100.0,84440.0,88635.0,91393.33333333333,86469.16666666667,0
2020-03-10,80500.0,85400.0,80500.0,84500.0,84940.0,88240.0,91445.0,86450.0,813711
2020-03-11,84500.0,85000.0,81600.0,82000.0,84280.0,87460.0,91416.66666666667,86410.83333333333,478135
2020-03-12,82000.0,82000.0,82000.0,82000.0,83340.0,86720.0,91385.0,86380.0,0
2020-03-13,72000.0,76500.0,70200.0,75100.0,81540.0,85635.0,91213.33333333333,86290.0,1613653
2020-03-16,76400.0,77400.0,70600.0,70600.0,78840.0,84295.0,90971.66666666667,86162.5,755600
2020-03-17,67600.0,75400.0,67500.0,74000.0,76740.0,83295.0,90781.66666666667,86070.83333333333,923565
2020-03-18,74100.0,77500.0,69700.0,69700.0,74280.0,82075.0,90513.33333333333,85952.5,1270816
2020-03-19,72400.0,73100.0,60700.0,63000.0,70480.0,80680.0,90136.66666666667,85768.33333333333,1094365
2020-03-20,65000.0,67800.0,63200.0,67700.0,69000.0,79620.0,89830.0,85635.0,835080
2020-03-23,61300.0,64300.0,61300.0,61800.0,67240.0,78515.0,89421.66666666667,85436.66666666667,735001
2020-03-24,63900.0,65000.0,62200.0,64800.0,65400.0,77440.0,89101.66666666667,85253.33333333333,885966
2020-03-25,67000.0,72300.0,66900.0,71400.0,65740.0,76720.0,88895.0,85130.0,1246474
2020-03-26,72800.0,75200.0,70700.0,71000.0,67340.0,76075.0,88623.33333333333,85034.16666666667,904978
2020-03-27,74500.0,74600.0,68600.0,70900.0,67980.0,75605.0,88291.66666666667,84950.0,1064237
2020-03-30,68300.0,68600.0,66500.0,68500.0,69320.0,74960.0,87866.66666666667,84855.83333333333,997649
2020-03-31,70000.0,70500.0,67700.0,70500.0,70460.0,74385.0,87453.33333333333,84775.0,1091119
2020-04-01,69500.0,70300.0,67600.0,67600.0,69700.0,73500.0,86998.33333333333,84665.0,718939
2020-04-02,67900.0,68500.0,65800.0,67800.0,69060.0,72555.0,86471.66666666667,84577.5,761774
2020-04-03,67500.0,68400.0,66100.0,67000.0,68280.0,71700.0,85966.66666666667,84479.16666666667,494459
2020-04-06,67000.0,70400.0,66800.0,70300.0,68640.0,71010.0,85481.66666666667,84405.83333333333,805194
2020-04-07,73000.0,74000.0,71100.0,73500.0,69240.0,70460.0,84998.33333333333,84359.16666666667,1121802
2020-04-08,73700.0,76400.0,72200.0,73800.0,70480.0,70050.0,84453.33333333333,84325.83333333333,999500
2020-04-09,75500.0,75800.0,74000.0,75300.0,71980.0,69715.0,83925.0,84302.5,658059
2020-04-10,74400.0,75100.0,73000.0,74900.0,73560.0,69705.0,83415.0,84280.83333333333,588620
2020-04-13,74900.0,75000.0,72500.0,72600.0,74020.0,69805.0,82841.66666666667,84241.66666666667,474553
2020-04-14,73100.0,73700.0,72000.0,73500.0,74020.0,69780.0,82258.33333333333,84201.66666666667,460165
2020-04-16,72700.0,74300.0,72400.0,74100.0,74080.0,70000.0,81776.66666666667,84156.66666666667,516018
2020-04-17,80000.0,80700.0,77100.0,77700.0,74560.0,70735.0,81406.66666666667,84145.83333333333,1671138
2020-04-20,78300.0,81900.0,78000.0,79400.0,75460.0,71320.0,81046.66666666667,84141.66666666667,1105161
2020-04-21,78500.0,79600.0,75800.0,77900.0,76520.0,72125.0,80728.33333333333,84155.83333333333,812738
2020-04-22,76600.0,77700.0,75400.0,77600.0,77340.0,72765.0,80571.66666666667,84176.66666666667,551808
2020-04-23,77700.0,78900.0,77100.0,77800.0,78080.0,73085.0,80376.66666666667,84171.66666666667,479602
2020-04-24,77200.0,77900.0,76000.0,76900.0,77920.0,73380.0,80195.0,84166.66666666667,486126
2020-04-27,76500.0,78900.0,76100.0,78200.0,77680.0,73745.0,80041.66666666667,84159.16666666667,660048
2020-04-28,78700.0,82300.0,78400.0,82000.0,78500.0,74420.0,79903.33333333333,84172.5,1661552
2020-04-29,82300.0,86400.0,81300.0,85200.0,80020.0,75155.0,79828.33333333333,84218.33333333333,2042454
2020-05-04,82700.0,85700.0,82700.0,83500.0,81160.0,75950.0,79736.66666666667,84218.33333333333,883340
2020-05-06,85200.0,85200.0,83000.0,84800.0,82740.0,76800.0,79566.66666666667,84234.16666666667,603409
2020-05-07,84300.0,84400.0,82200.0,82500.0,83600.0,77575.0,79408.33333333333,84230.83333333333,738443
2020-05-08,82700.0,83600.0,82100.0,82300.0,83660.0,78175.0,79273.33333333333,84231.66666666667,615633
2020-05-11,81600.0,81700.0,79500.0,79800.0,82580.0,78490.0,79063.33333333333,84213.33333333333,884533
2020-05-12,80300.0,81400.0,79300.0,80700.0,82020.0,78835.0,78781.66666666667,84202.5,548910
2020-05-13,79200.0,80300.0,79200.0,80300.0,81120.0,79085.0,78506.66666666667,84192.5,396098
2020-05-14,80100.0,81400.0,79100.0,80800.0,80780.0,79380.0,78240.0,84174.16666666667,453644
2020-05-15,80700.0,80800.0,79300.0,79500.0,80220.0,79725.0,77941.66666666667,84143.33333333333,315438
2020-05-18,79200.0,80100.0,78300.0,79900.0,80240.0,80045.0,77706.66666666667,84128.33333333333,315189
2020-05-19,83600.0,84100.0,82800.0,83700.0,80840.0,80525.0,77533.33333333333,84147.5,1320419
2020-05-20,82800.0,82900.0,81700.0,82700.0,81320.0,80775.0,77396.66666666667,84175.83333333333,532736
2020-05-21,83500.0,83500.0,81700.0,82000.0,81560.0,80905.0,77281.66666666667,84192.5,404973
2020-05-22,81700.0,82400.0,79700.0,80100.0,81680.0,81015.0,77218.33333333333,84181.66666666667,567533
2020-05-25,80200.0,80300.0,78500.0,79300.0,81560.0,81100.0,77101.66666666667,84159.16666666667,495237
2020-05-26,79100.0,81500.0,79100.0,81500.0,81120.0,81285.0,77030.0,84151.66666666667,565480
2020-05-27,82200.0,82300.0,80100.0,80200.0,80620.0,81450.0,76968.33333333333,84117.5,574447
2020-05-28,81000.0,81100.0,78900.0,79200.0,80060.0,81500.0,76950.0,84071.66666666667,570188
2020-05-29,78900.0,79700.0,78300.0,79200.0,79880.0,81360.0,76913.33333333333,84035.83333333333,517238
2020-06-01,79100.0,80500.0,78600.0,80400.0,80100.0,81120.0,76886.66666666667,84008.33333333333,454997
2020-06-02,81100.0,82300.0,80300.0,81700.0,80140.0,81030.0,76826.66666666667,84007.5,757354
2020-06-03,82300.0,83100.0,81400.0,82200.0,80540.0,80900.0,76751.66666666667,84020.83333333333,996801
2020-06-04,83600.0,84600.0,81800.0,81900.0,81080.0,80870.0,76715.0,84025.83333333333,1351798
2020-06-05,83500.0,83500.0,82200.0,83200.0,81880.0,80915.0,76700.0,84046.66666666667,610885
2020-06-08,84500.0,84600.0,82600.0,83300.0,82460.0,81090.0,76680.0,84062.5,662927
2020-06-09,83500.0,83600.0,81300.0,81600.0,82440.0,81135.0,76673.33333333333,84045.0,589296
2020-06-10,81100.0,82000.0,80000.0,80300.0,82060.0,81135.0,76645.0,84015.0,660142
2020-06-11,80100.0,80300.0,79200.0,79500.0,81580.0,81070.0,76718.33333333333,83965.83333333333,671699
2020-06-12,76200.0,77800.0,75800.0,76700.0,80280.0,80930.0,76820.0,83895.83333333333,814104
2020-06-15,76100.0,76200.0,72400.0,72500.0,78120.0,80560.0,76795.0,83788.33333333333,830788
2020-06-16,73500.0,74500.0,73500.0,74000.0,76600.0,80075.0,76866.66666666667,83690.0,426501
2020-06-17,73400.0,73800.0,72000.0,72300.0,75000.0,79555.0,77021.66666666667,83579.16666666667,516721
2020-06-18,72000.0,72100.0,70700.0,70900.0,73280.0,79000.0,77075.0,83452.5,575467
2020-06-19,71100.0,72600.0,70900.0,72000.0,72340.0,78595.0,77245.0,83333.33333333333,584062
2020-06-22,71600.0,71600.0,70300.0,70300.0,71900.0,78145.0,77336.66666666667,83219.16666666667,526850
2020-06-23,70500.0,71300.0,69400.0,69500.0,71000.0,77545.0,77305.0,83100.0,527618
2020-06-24,69800.0,70300.0,69500.0,69900.0,70520.0,77030.0,77286.66666666667,82955.0,340968
2020-06-25,69200.0,69400.0,68200.0,68500.0,70040.0,76495.0,77246.66666666667,82769.16666666667,477484
2020-06-26,69000.0,69300.0,68200.0,68700.0,69380.0,75970.0,77250.0,82558.33333333333,373427
2020-06-29,67900.0,68000.0,66000.0,66000.0,68520.0,75250.0,77175.0,82314.16666666667,584492
2020-06-30,67100.0,74300.0,66600.0,71000.0,68820.0,74715.0,77231.66666666667,82115.0,3299832
2020-07-01,71500.0,71500.0,68700.0,68800.0,68600.0,74045.0,77248.33333333333,81860.0,626957
2020-07-02,68800.0,71600.0,68800.0,71100.0,69120.0,73505.0,77316.66666666667,81641.66666666667,532382
2020-07-03,71600.0,71800.0,70200.0,70900.0,69560.0,72890.0,77326.66666666667,81404.16666666667,327098
2020-07-06,70900.0,71100.0,69900.0,70800.0,70520.0,72265.0,77281.66666666667,81140.0,277236
2020-07-07,71400.0,72000.0,70600.0,71300.0,70580.0,71750.0,77240.0,80846.66666666667,361341
2020-07-08,70800.0,71300.0,70600.0,70800.0,70980.0,71275.0,77165.0,80545.0,251285
2020-07-09,71000.0,71200.0,69700.0,70100.0,70780.0,70805.0,77085.0,80250.0,409242
2020-07-10,69700.0,69800.0,68500.0,68800.0,70360.0,70410.0,77021.66666666667,79931.66666666667,359342
2020-07-13,69600.0,70200.0,69000.0,69400.0,70080.0,70255.0,76953.33333333333,79605.83333333333,246099
2020-07-14,69200.0,69200.0,68200.0,68800.0,69580.0,69995.0,76865.0,79320.83333333333,290708
2020-07-15,70500.0,71200.0,70000.0,70500.0,69520.0,69905.0,76745.0,79075.83333333333,545335
2020-07-16,71100.0,73600.0,70700.0,72000.0,69900.0,69960.0,76621.66666666667,78834.16666666667,919513
2020-07-17,72400.0,72900.0,71000.0,71300.0,70400.0,69925.0,76511.66666666667,78620.0,326483
2020-07-20,70900.0,71000.0,70100.0,70300.0,70580.0,69925.0,76390.0,78480.83333333333,295665
2020-07-21,70900.0,72300.0,70400.0,72000.0,71220.0,70050.0,76293.33333333333,78335.0,427000
2020-07-22,71900.0,72200.0,70700.0,70800.0,71280.0,70095.0,76191.66666666667,78193.33333333333,319426
2020-07-23,70400.0,71000.0,70000.0,70400.0,70960.0,70190.0,76061.66666666667,78051.66666666667,266238
2020-07-24,69900.0,70900.0,69600.0,70100.0,70720.0,70260.0,75863.33333333333,77883.33333333333,288813
2020-07-27,70100.0,70500.0,69700.0,69900.0,70640.0,70455.0,75608.33333333333,77718.33333333333,225483
2020-07-28,70200.0,70600.0,69900.0,70200.0,70280.0,70415.0,75386.66666666667,77561.66666666667,354464
2020-07-29,70300.0,70400.0,69700.0,70100.0,70140.0,70480.0,75141.66666666667,77354.16666666667,227386
2020-07-30,70100.0,72300.0,69900.0,71500.0,70360.0,70500.0,74958.33333333333,77183.33333333333,606650
2020-07-31,71500.0,71800.0,70100.0,70300.0,70400.0,70470.0,74758.33333333333,77015.83333333333,342854
2020-08-03,70000.0,70100.0,69100.0,69300.0,70280.0,70395.0,74583.33333333333,76823.33333333333,417522
2020-08-04,69800.0,70100.0,69500.0,69700.0,70180.0,70315.0,74400.0,76590.83333333333,245170
2020-08-05,69600.0,70300.0,69400.0,69500.0,70060.0,70250.0,74220.0,76363.33333333333,295770
2020-08-06,69600.0,70500.0,69600.0,70000.0,69760.0,70245.0,74040.0,76140.0,296129
2020-08-07,70500.0,73700.0,70500.0,72100.0,70120.0,70410.0,73916.66666666667,75929.16666666667,1341186
2020-08-10,72100.0,72100.0,70300.0,71200.0,70500.0,70500.0,73771.66666666667,75739.16666666667,545922
2020-08-11,72200.0,73200.0,71700.0,72500.0,71060.0,70685.0,73585.0,75559.16666666667,756114
2020-08-12,73700.0,77500.0,73400.0,77300.0,72620.0,71025.0,73495.0,75445.83333333333,2874821
2020-08-13,78600.0,79200.0,76000.0,78700.0,74360.0,71360.0,73440.0,75360.83333333333,1983414
2020-08-14,79400.0,80400.0,76400.0,78900.0,75720.0,71740.0,73420.0,75319.16666666667,1357617
2020-08-18,76500.0,76800.0,70800.0,71600.0,75800.0,71805.0,73291.66666666667,75196.66666666667,1522556
2020-08-19,71800.0,74400.0,71500.0,73300.0,75960.0,71870.0,73155.0,75092.5,678114
2020-08-20,72300.0,72600.0,70000.0,70700.0,74640.0,71865.0,72996.66666666667,74982.5,683846
2020-08-21,71000.0,72000.0,70300.0,71400.0,73180.0,71915.0,72866.66666666667,74908.33333333333,344309
2020-08-24,70600.0,71100.0,69600.0,70700.0,71540.0,71945.0,72725.0,74819.16666666667,362101
2020-08-25,71700.0,71900.0,71100.0,71600.0,71540.0,72030.0,72578.33333333333,74732.5,304747
2020-08-26,71600.0,71600.0,70300.0,70900.0,71060.0,72065.0,72398.33333333333,74612.5,342028
2020-08-27,70700.0,70700.0,69900.0,69900.0,70900.0,72055.0,72193.33333333333,74472.5,374751
2020-08-28,70800.0,72200.0,70200.0,70800.0,70780.0,72020.0,72008.33333333333,74361.66666666667,380724
2020-08-31,71600.0,71600.0,70300.0,70300.0,70700.0,72020.0,71793.33333333333,74246.66666666667,348867
2020-09-01,70700.0,73400.0,70300.0,72500.0,70880.0,72180.0,71613.33333333333,74146.66666666667,696976
2020-09-02,73700.0,77000.0,73600.0,75800.0,71860.0,72485.0,71516.66666666667,74095.0,1333521
2020-09-03,76700.0,77800.0,75100.0,75300.0,72940.0,72775.0,71433.33333333333,74039.16666666667,1086752
2020-09-04,73900.0,75300.0,73500.0,74600.0,73700.0,73005.0,71351.66666666667,74035.0,596400
2020-09-07,74800.0,76000.0,74500.0,75400.0,74720.0,73170.0,71330.0,74075.0,447807
2020-09-08,75900.0,75900.0,74100.0,74900.0,75200.0,73355.0,71370.0,74082.5,441906
2020-09-09,73500.0,73900.0,72300.0,72400.0,74520.0,73350.0,71343.33333333333,74105.0,650667
2020-09-10,73100.0,73100.0,72000.0,72200.0,73900.0,73095.0,71341.66666666667,74181.66666666667,781966
2020-09-11,72100.0,75900.0,71700.0,74900.0,73960.0,72905.0,71408.33333333333,74241.66666666667,1003853
2020-09-14,76000.0,76100.0,74400.0,75100.0,73900.0,72715.0,71460.0,74352.5,518885
2020-09-15,75200.0,75900.0,73500.0,75500.0,74020.0,72910.0,71546.66666666667,74441.66666666667,597650
2020-09-16,75400.0,76200.0,74200.0,74600.0,74460.0,72975.0,71631.66666666667,74468.33333333333,462239
2020-09-17,75000.0,76800.0,73700.0,76500.0,75320.0,73265.0,71741.66666666667,74514.16666666667,940218
2020-09-18,76700.0,77700.0,75300.0,75900.0,75520.0,73490.0,71865.0,74555.83333333333,515135
2020-09-21,76000.0,79000.0,76000.0,77500.0,76000.0,73830.0,72011.66666666667,74630.83333333333,1123811
2020-09-22,76900.0,77400.0,75000.0,75500.0,76000.0,74025.0,72170.0,74672.5,585658
2020-09-23,76200.0,76300.0,74200.0,75300.0,76140.0,74245.0,72241.66666666667,74736.66666666667,427687
2020-09-24,74000.0,74600.0,72000.0,72500.0,75340.0,74375.0,72303.33333333333,74775.83333333333,665109
2020-09-25,73100.0,74100.0,72500.0,73200.0,74800.0,74495.0,72338.33333333333,74827.5,275811
2020-09-28,74100.0,76000.0,73700.0,76000.0,74500.0,74780.0,72423.33333333333,74875.0,356924
2020-09-29,76800.0,77100.0,75500.0,76100.0,74620.0,74960.0,72511.66666666667,74896.66666666667,410328
2020-10-05,75700.0,76600.0,74800.0,75700.0,74700.0,74955.0,72585.0,74912.5,242404
2020-10-06,75700.0,76300.0,74100.0,74200.0,75040.0,74900.0,72641.66666666667,74903.33333333333,453803
2020-10-07,74000.0,74900.0,73500.0,74900.0,75380.0,74915.0,72721.66666666667,74903.33333333333,189181
2020-10-08,75400.0,75500.0,74600.0,75100.0,75200.0,74900.0,72826.66666666667,74924.16666666667,314688
2020-10-12,76100.0,78200.0,75700.0,77900.0,75560.0,75050.0,72968.33333333333,74960.83333333333,1028518
2020-10-13,77600.0,77800.0,76000.0,76900.0,75800.0,75275.0,73103.33333333333,74984.16666666667,445338
2020-10-14,77500.0,77800.0,75800.0,75900.0,76140.0,75460.0,73193.33333333333,74969.16666666667,351037
2020-10-15,75800.0,76000.0,74500.0,74900.0,76140.0,75460.0,73241.66666666667,74931.66666666667,342764
2020-10-16,75300.0,75900.0,74500.0,75300.0,76180.0,75470.0,73308.33333333333,74910.0,279613
2020-10-19,75900.0,78300.0,75600.0,77200.0,76040.0,75555.0,73423.33333333333,74906.66666666667,744149
2020-10-20,76800.0,76800.0,75300.0,76600.0,75980.0,75655.0,73500.0,74896.66666666667,344945
2020-10-21,77100.0,78600.0,76600.0,77200.0,76240.0,75690.0,73606.66666666667,74899.16666666667,593905
2020-10-22,76400.0,77600.0,76400.0,76700.0,76600.0,75730.0,73711.66666666667,74886.66666666667,271307
2020-10-23,77600.0,77800.0,76300.0,76500.0,76840.0,75680.0,73818.33333333333,74840.83333333333,300633
2020-10-26,79200.0,79800.0,76200.0,76400.0,76680.0,75725.0,73926.66666666667,74767.5,1556839
2020-10-27,76100.0,76200.0,75100.0,75300.0,76420.0,75725.0,74011.66666666667,74699.16666666667,388046
2020-10-28,75000.0,75900.0,75000.0,75700.0,76120.0,75885.0,74105.0,74623.33333333333,210487
2020-10-29,74300.0,75300.0,74200.0,75200.0,75820.0,75985.0,74166.66666666667,74562.5,319802
2020-10-30,75200.0,75300.0,74200.0,74200.0,75360.0,75895.0,74231.66666666667,74495.0,209388
2020-11-02,75000.0,75500.0,74400.0,74900.0,75060.0,75835.0,74325.0,74454.16666666667,192720
2020-11-03,75100.0,76200.0,75100.0,75900.0,75180.0,75845.0,74428.33333333333,74414.16666666667,238936
2020-11-04,76700.0,76800.0,75000.0,75300.0,75100.0,75900.0,74525.0,74372.5,311917
2020-11-05,75700.0,76300.0,75300.0,75700.0,75200.0,75940.0,74620.0,74330.0,326288
2020-11-06,75900.0,75900.0,75000.0,75300.0,75420.0,75950.0,74673.33333333333,74295.0,240967
2020-11-09,75600.0,76100.0,75400.0,75700.0,75580.0,75840.0,74748.33333333333,74260.0,295665
2020-11-10,82500.0,82700.0,79100.0,80100.0,76420.0,76000.0,74875.0,74230.0,3178169
2020-11-11,79900.0,81700.0,78600.0,80800.0,77520.0,76245.0,74933.33333333333,74214.16666666667,1195630
2020-11-12,80000.0,82800.0,79400.0,81400.0,78660.0,76570.0,74978.33333333333,74209.16666666667,1334863
2020-11-13,81000.0,82000.0,79600.0,80400.0,79680.0,76825.0,75003.33333333333,74211.66666666667,684125
2020-11-16,80400.0,81300.0,79200.0,80700.0,80680.0,77000.0,75155.0,74223.33333333333,646813
2020-11-17,82400.0,83100.0,80400.0,80400.0,80740.0,77190.0,75273.33333333333,74214.16666666667,890441
2020-11-18,80300.0,81200.0,79800.0,80000.0,80580.0,77330.0,75428.33333333333,74212.5,438845
2020-11-19,79500.0,79500.0,78300.0,78900.0,80080.0,77440.0,75553.33333333333,74210.0,582738
2020-11-20,79000.0,81400.0,78800.0,80900.0,80180.0,77660.0,75723.33333333333,74224.16666666667,630324
2020-11-23,80300.0,81400.0,79600.0,81200.0,80280.0,77900.0,75883.33333333333,74230.83333333333,500330
2020-11-24,81700.0,83700.0,81200.0,83500.0,80900.0,78310.0,76093.33333333333,74245.83333333333,1184651
2020-11-25,84400.0,84500.0,81700.0,82700.0,81440.0,78660.0,76306.66666666667,74250.0,902777
2020-11-26,81900.0,82500.0,81200.0,81300.0,81920.0,78965.0,76481.66666666667,74245.0,518001
2020-11-27,81200.0,81300.0,80500.0,81000.0,81940.0,79305.0,76660.0,74226.66666666667,414645
2020-11-30,81100.0,81600.0,80000.0,80000.0,81700.0,79560.0,76785.0,74199.16666666667,529565
2020-12-01,80600.0,81200.0,80200.0,81000.0,81200.0,79815.0,76871.66666666667,74194.16666666667,367709
2020-12-02,81200.0,82800.0,80700.0,82000.0,81060.0,80150.0,76983.33333333333,74208.33333333333,684939
2020-12-03,83100.0,83600.0,82200.0,82600.0,81320.0,80495.0,77116.66666666667,74234.16666666667,567296
2020-12-04,82600.0,83100.0,81500.0,81700.0,81460.0,80815.0,77221.66666666667,74275.83333333333,655778
2020-12-07,81000.0,81700.0,80300.0,81400.0,81740.0,81100.0,77330.0,74350.0,412153
2020-12-08,81200.0,82300.0,80800.0,81300.0,81800.0,81160.0,77478.33333333333,74410.83333333333,395130
2020-12-09,82000.0,84700.0,81500.0,84600.0,82320.0,81350.0,77685.0,74513.33333333333,1584583
2020-12-10,83900.0,85300.0,83600.0,84500.0,82700.0,81505.0,77845.0,74626.66666666667,841515
2020-12-11,84800.0,87100.0,84500.0,85000.0,83360.0,81735.0,78010.0,74735.0,919589
2020-12-14,83200.0,83500.0,82300.0,82400.0,83560.0,81820.0,78125.0,74835.83333333333,911855
2020-12-15,82200.0,82900.0,81500.0,82300.0,83760.0,81915.0,78253.33333333333,74942.5,420853
2020-12-16,82600.0,83100.0,82200.0,82300.0,83300.0,82030.0,78350.0,75045.83333333333,342409
2020-12-17,82300.0,82400.0,81300.0,81700.0,82740.0,82170.0,78446.66666666667,75155.83333333333,445153
2020-12-18,81700.0,82100.0,80900.0,82000.0,82140.0,82225.0,78521.66666666667,75266.66666666667,304163
2020-12-21,81300.0,81400.0,80700.0,81100.0,81880.0,82220.0,78615.0,75392.5,343826
2020-12-22,80600.0,81200.0,80400.0,80400.0,81500.0,82065.0,78700.0,75470.83333333333,346592
2020-12-23,80000.0,80800.0,79500.0,79700.0,80980.0,81915.0,78820.0,75561.66666666667,434333
2020-12-24,80000.0,81300.0,80000.0,80900.0,80820.0,81895.0,78948.33333333333,75643.33333333333,339316
2020-12-28,80800.0,80800.0,79900.0,80200.0,80460.0,81855.0,79018.33333333333,75720.83333333333,407327
2020-12-29,81400.0,81500.0,80700.0,81200.0,80480.0,81915.0,79103.33333333333,75807.5,384205
2020-12-30,81200.0,83000.0,80600.0,82300.0,80860.0,81980.0,79213.33333333333,75899.16666666667,554701
2021-01-04,82900.0,83100.0,82300.0,82600.0,81440.0,82010.0,79353.33333333333,75997.5,553357
2021-01-05,82300.0,82400.0,80900.0,82200.0,81700.0,81990.0,79475.0,76098.33333333333,605661
2021-01-06,82200.0,83400.0,81500.0,81500.0,81960.0,81980.0,79581.66666666667,76204.16666666667,821300
2021-01-07,82000.0,83200.0,81600.0,82800.0,82280.0,82050.0,79663.33333333333,76315.83333333333,760330
2021-01-08,83800.0,84300.0,82400.0,82900.0,82400.0,82130.0,79763.33333333333,76433.33333333333,1246092
2021-01-11,83300.0,83600.0,81400.0,81800.0,82240.0,81990.0,79861.66666666667,76527.5,1251204
2021-01-12,82000.0,86300.0,81600.0,85000.0,82800.0,82015.0,80030.0,76635.83333333333,2121881
2021-01-13,86000.0,86500.0,83900.0,84600.0,83420.0,81995.0,80185.0,76746.66666666667,969981
2021-01-14,84900.0,87200.0,84100.0,84900.0,83840.0,82120.0,80313.33333333333,76868.33333333333,1256449
2021-01-15,85600.0,86300.0,84200.0,84900.0,84240.0,82250.0,80451.66666666667,76975.83333333333,791172
2021-01-18,84200.0,90900.0,82800.0,83700.0,84620.0,82320.0,80560.0,77083.33333333333,3564336
2021-01-19,84300.0,84900.0,83700.0,84300.0,84480.0,82450.0,80686.66666666667,77199.16666666667,729371
2021-01-20,84500.0,84700.0,83500.0,83900.0,84340.0,82545.0,80810.0,77314.16666666667,549184
2021-01-21,84000.0,86400.0,84000.0,85500.0,84460.0,82765.0,80961.66666666667,77444.16666666667,891328
2021-01-22,85700.0,90000.0,85100.0,88100.0,85100.0,83150.0,81175.0,77593.33333333333,1738134
2021-01-25,88700.0,89900.0,87800.0,88500.0,86060.0,83590.0,81388.33333333333,77746.66666666667,757951
2021-01-26,88200.0,88300.0,85400.0,85500.0,86300.0,83820.0,81560.0,77863.33333333333,958081
2021-01-27,86300.0,86800.0,83700.0,83700.0,86260.0,83995.0,81718.33333333333,77975.0,962018
2021-01-28,82200.0,83300.0,81900.0,82800.0,85720.0,84075.0,81850.0,78087.5,695030
2021-01-29,83100.0,83400.0,80300.0,80900.0,84280.0,84005.0,81933.33333333333,78180.83333333333,826142
2021-02-01,80000.0,81400.0,78500.0,81100.0,82800.0,83930.0,82030.0,78277.5,887927
2021-02-02,81700.0,82700.0,80700.0,81300.0,81960.0,83885.0,82123.33333333333,78371.66666666667,538227
2021-02-03,82200.0,82500.0,80800.0,81300.0,81480.0,83875.0,82223.33333333333,78448.33333333333,531638
2021-02-04,81600.0,82400.0,81100.0,81300.0,81180.0,83800.0,82316.66666666667,78532.5,563815
2021-02-05,81700.0,82000.0,81100.0,82000.0,81400.0,83755.0,82348.33333333333,78611.66666666667,344570
2021-02-08,82100.0,83900.0,81500.0,83300.0,81840.0,83830.0,82390.0,78661.66666666667,592237
2021-02-09,83700.0,83800.0,82100.0,82100.0,82000.0,83685.0,82401.66666666667,78690.0,440690
2021-02-10,82200.0,82400.0,81200.0,82100.0,82160.0,83560.0,82430.0,78716.66666666667,375119
2021-02-15,82200.0,82700.0,81500.0,81700.0,82240.0,83400.0,82446.66666666667,78800.83333333333,497403
2021-02-16,82000.0,82300.0,81500.0,82000.0,82240.0,83255.0,82473.33333333333,78873.33333333333,451912
2021-02-17,82600.0,82700.0,81500.0,82000.0,81980.0,83170.0,82506.66666666667,78967.5,402470
2021-02-18,81700.0,85300.0,81600.0,83600.0,82280.0,83135.0,82585.0,79069.16666666667,1391938
2021-02-19,84000.0,84000.0,81300.0,82300.0,82320.0,83055.0,82608.33333333333,79165.83333333333,643604
2021-02-22,82700.0,84200.0,82300.0,83000.0,82580.0,82930.0,82638.33333333333,79260.83333333333,558169
2021-02-23,83000.0,85000.0,82000.0,84800.0,83140.0,82765.0,82660.0,79376.66666666667,990399
2021-02-24,85300.0,86300.0,82600.0,82900.0,83320.0,82485.0,82663.33333333333,79485.0,1461332
2021-02-25,84400.0,84400.0,83000.0,83400.0,83280.0,82380.0,82698.33333333333,79590.0,513823
2021-02-26,81700.0,82400.0,81500.0,81600.0,83140.0,82275.0,82708.33333333333,79684.16666666667,603422
2021-03-02,82600.0,82800.0,81900.0,82400.0,83020.0,82255.0,82748.33333333333,79766.66666666667,392122
2021-03-03,82300.0,84700.0,82000.0,84300.0,82920.0,82425.0,82803.33333333333,79837.5,697397
2021-03-04,83500.0,85100.0,83000.0,84600.0,83260.0,82600.0,82846.66666666667,79915.0,599855
2021-03-05,84300.0,84300.0,83000.0,83600.0,83300.0,82715.0,82863.33333333333,79990.0,410485
2021-03-08,84400.0,84400.0,82800.0,82900.0,83560.0,82795.0,82883.33333333333,80052.5,461978
2021-03-09,83500.0,85500.0,83100.0,84200.0,83920.0,82940.0,82930.0,80130.0,839090
2021-03-10,84500.0,84500.0,83400.0,83600.0,83780.0,83020.0,82968.33333333333,80223.33333333333,399713
2021-03-11,83700.0,84200.0,82900.0,83300.0,83520.0,83020.0,82946.66666666667,80315.83333333333,473747
2021-03-12,83700.0,84400.0,83300.0,83800.0,83560.0,83105.0,82935.0,80390.0,366287
2021-03-15,84300.0,87400.0,84100.0,87200.0,84420.0,83360.0,82971.66666666667,80490.83333333333,1855348
2021-03-16,87700.0,87900.0,86600.0,87000.0,84980.0,83625.0,83048.33333333333,80586.66666666667,856250
2021-03-17,87000.0,88800.0,86300.0,87100.0,85680.0,83880.0,83128.33333333333,80690.83333333333,927868
2021-03-18,88100.0,88400.0,87000.0,87200.0,86460.0,84140.0,83210.0,80780.0,532728
2021-03-19,86500.0,87500.0,85700.0,87500.0,87200.0,84335.0,83306.66666666667,80876.66666666667,476842
2021-03-22,87600.0,88000.0,86500.0,88000.0,87360.0,84620.0,83406.66666666667,80964.16666666667,476804
2021-03-23,88800.0,89400.0,87400.0,87800.0,87520.0,84860.0,83518.33333333333,81066.66666666667,574683
2021-03-24,86600.0,87000.0,85400.0,86200.0,87340.0,84930.0,83615.0,81157.5,587724
2021-03-25,85900.0,87600.0,85700.0,87400.0,87380.0,85155.0,83743.33333333333,81281.66666666667,380716
2021-03-26,87900.0,88500.0,86700.0,87200.0,87320.0,85345.0,83848.33333333333,81398.33333333333,425680
2021-03-29,86900.0,87100.0,86000.0,86400.0,87000.0,85585.0,83951.66666666667,81485.0,344281
2021-03-30,86500.0,87200.0,86200.0,86600.0,86760.0,85795.0,84041.66666666667,81572.5,272879
2021-03-31,87300.0,88600.0,86700.0,86900.0,86900.0,85925.0,84118.33333333333,81665.83333333333,533023
2021-04-01,87500.0,87800.0,85500.0,85900.0,86600.0,85990.0,84173.33333333333,81763.33333333333,646621
2021-04-02,86400.0,86400.0,85400.0,85900.0,86340.0,86105.0,84235.0,81855.0,434234
2021-04-05,86000.0,86300.0,85300.0,86000.0,86260.0,86260.0,84310.0,81945.83333333333,285555
2021-04-06,86400.0,87500.0,86000.0,86700.0,86280.0,86385.0,84375.0,82019.16666666667,360130
2021-04-07,86700.0,86700.0,85500.0,85600.0,86020.0,86485.0,84420.0,82091.66666666667,356857
2021-04-08,85600.0,85600.0,85000.0,85100.0,85860.0,86575.0,84475.0,82168.33333333333,405112
2021-04-09,85000.0,85600.0,85000.0,85200.0,85720.0,86645.0,84478.33333333333,82254.16666666667,258188
2021-04-12,85200.0,85900.0,84600.0,85500.0,85620.0,86560.0,84493.33333333333,82339.16666666667,271542
2021-04-13,85500.0,85500.0,84600.0,84900.0,85260.0,86455.0,84493.33333333333,82403.33333333333,415223
2021-04-14,84800.0,84800.0,83700.0,83800.0,84900.0,86290.0,84475.0,82463.33333333333,664068
2021-04-15,83800.0,84400.0,83300.0,83700.0,84620.0,86115.0,84475.0,82517.5,382971
2021-04-16,84100.0,84300.0,83700.0,84000.0,84380.0,85940.0,84470.0,82578.33333333333,287056
2021-04-19,84000.0,84000.0,83200.0,83900.0,84060.0,85735.0,84470.0,82640.0,342405
2021-04-20,83900.0,85000.0,83900.0,85000.0,84080.0,85595.0,84461.66666666667,82711.66666666667,355885
2021-04-21,84400.0,84400.0,83600.0,83700.0,84060.0,85470.0,84388.33333333333,82781.66666666667,320296
2021-04-22,84000.0,84100.0,83400.0,83400.0,84000.0,85270.0,84303.33333333333,82845.83333333333,242461
2021-04-23,83100.0,83500.0,82700.0,83500.0,83900.0,85085.0,84270.0,82915.0,290140
2021-04-26,83800.0,85000.0,83300.0,84600.0,84040.0,84995.0,84285.0,83001.66666666667,470557
2021-04-27,85100.0,85400.0,83900.0,84100.0,83860.0,84870.0,84306.66666666667,83078.33333333333,418268
2021-04-28,84400.0,86600.0,83400.0,85900.0,84300.0,84820.0,84390.0,83161.66666666667,1070348
2021-04-29,86300.0,89900.0,84600.0,88600.0,85340.0,84955.0,84515.0,83272.5,1993861
2021-04-30,88900.0,91100.0,85500.0,86500.0,85940.0,84985.0,84601.66666666667,83362.5,2865487
2021-05-03,88100.0,90800.0,88000.0,89200.0,86860.0,85145.0,84733.33333333333,83478.33333333333,2157450
2021-05-04,90200.0,91300.0,88500.0,90400.0,88120.0,85330.0,84885.0,83600.83333333333,1493426
2021-05-06,90400.0,93900.0,89600.0,92500.0,89440.0,85675.0,85060.0,83704.16666666667,1329512
2021-05-07,92500.0,93400.0,91600.0,92900.0,90300.0,86065.0,85220.0,83805.0,737992
2021-05-10,92800.0,94200.0,91900.0,94100.0,91820.0,86510.0,85420.0,83910.83333333333,896038
2021-05-11,93600.0,94500.0,92200.0,94300.0,92840.0,86950.0,85623.33333333333,84026.66666666667,743205
2021-05-12,94100.0,94200.0,91300.0,93200.0,93400.0,87365.0,85815.0,84130.83333333333,791575
2021-05-13,91800.0,95700.0,91800.0,93700.0,93640.0,87860.0,86010.0,84241.66666666667,1242043
2021-05-14,94100.0,95500.0,92400.0,92600.0,93580.0,88305.0,86186.66666666667,84346.66666666667,671347
2021-05-17,93200.0,95700.0,91700.0,95500.0,93860.0,88880.0,86385.0,84485.0,1064010
2021-05-18,95300.0,96600.0,93700.0,93900.0,93780.0,89380.0,86578.33333333333,84593.33333333333,616875
2021-05-20,93000.0,94400.0,92400.0,93300.0,93800.0,89795.0,86750.0,84694.16666666667,509029
2021-05-21,93300.0,93500.0,90200.0,91000.0,93260.0,90160.0,86853.33333333333,84756.66666666667,1020139
2021-05-24,90600.0,92300.0,90500.0,91200.0,92980.0,90550.0,86991.66666666667,84827.5,526572
2021-05-25,91800.0,94200.0,91600.0,93800.0,92640.0,91065.0,87165.0,84931.66666666667,628724
2021-05-26,94100.0,98900.0,93900.0,98100.0,93480.0,91740.0,87440.0,85074.16666666667,1736088
2021-05-27,98100.0,99500.0,96800.0,97100.0,94240.0,92390.0,87685.0,85216.66666666667,928746
2021-05-28,98000.0,99100.0,96900.0,97400.0,95520.0,92965.0,87903.33333333333,85353.33333333333,506662
2021-05-31,99100.0,103000.0,98100.0,101500.0,97580.0,93610.0,88185.0,85515.83333333333,1199756
2021-06-01,101500.0,101500.0,99300.0,99800.0,98780.0,94275.0,88455.0,85659.16666666667,759546
2021-06-02,100000.0,103000.0,98800.0,101500.0,99460.0,94890.0,88765.0,85824.16666666667,830538
2021-06-03,101500.0,101500.0,99500.0,99900.0,100020.0,95365.0,89026.66666666667,85978.33333333333,505284
2021-06-04,99000.0,99200.0,95900.0,96700.0,99880.0,95575.0,89245.0,86106.66666666667,1350016
2021-06-07,97000.0,97700.0,96000.0,97300.0,99040.0,95795.0,89478.33333333333,86212.5,591195
2021-06-08,97600.0,98200.0,96800.0,97500.0,98580.0,95965.0,89706.66666666667,86320.83333333333,426957
2021-06-09,97600.0,102000.0,97400.0,99900.0,98260.0,96245.0,89918.33333333333,86445.0,1065288
2021-06-10,100500.0,101000.0,99100.0,99400.0,98160.0,96555.0,90125.0,86586.66666666667,611096
2021-06-11,99800.0,100500.0,98100.0,98700.0,98560.0,96805.0,90318.33333333333,86723.33333333333,424570
2021-06-14,99000.0,99600.0,98400.0,98800.0,98860.0,97115.0,90511.66666666667,86860.83333333333,367520
2021-06-15,99000.0,99000.0,97600.0,98700.0,99100.0,97275.0,90698.33333333333,87002.5,377512
2021-06-16,99300.0,99500.0,97900.0,98000.0,98720.0,97480.0,90865.0,87135.83333333333,469719
2021-06-17,97900.0,100500.0,97600.0,99400.0,98720.0,97785.0,91058.33333333333,87288.33333333333,565547
2021-06-18,99300.0,99900.0,98200.0,98200.0,98620.0,98145.0,91258.33333333333,87436.66666666667,421332
2021-06-21,97000.0,97500.0,95100.0,95500.0,97960.0,98360.0,91393.33333333333,87568.33333333333,735910
2021-06-22,96400.0,97500.0,95800.0,97400.0,97700.0,98540.0,91563.33333333333,87705.83333333333,326864
2021-06-23,97000.0,97100.0,94900.0,95400.0,97180.0,98405.0,91713.33333333333,87832.5,592593
2021-06-24,95400.0,96000.0,93500.0,95800.0,96460.0,98340.0,91866.66666666667,87954.16666666667,589854
2021-06-25,96500.0,98800.0,95800.0,98400.0,96500.0,98390.0,92058.33333333333,88088.33333333333,776753
2021-06-28,97900.0,98700.0,96900.0,97500.0,96900.0,98190.0,92251.66666666667,88212.5,420037
2021-06-29,96300.0,98400.0,96300.0,97300.0,96880.0,98065.0,92441.66666666667,88338.33333333333,361532
2021-06-30,97000.0,97700.0,96600.0,97000.0,97200.0,97840.0,92625.0,88467.5,266524
2021-07-01,97500.0,97600.0,95700.0,95900.0,97220.0,97640.0,92778.33333333333,88576.66666666667,352984
2021-07-02,95800.0,96800.0,95500.0,96000.0,96740.0,97605.0,92951.66666666667,88685.83333333333,248611
2021-07-05,95900.0,96500.0,95500.0,95700.0,96380.0,97525.0,93128.33333333333,88801.66666666667,193431
2021-07-06,95700.0,97500.0,95500.0,97200.0,96360.0,97510.0,93328.33333333333,88903.33333333333,409315
2021-07-07,96000.0,96100.0,93800.0,93900.0,95740.0,97210.0,93468.33333333333,88980.83333333333,883245
2021-07-08,93800.0,94400.0,92800.0,92800.0,95120.0,96880.0,93600.0,89046.66666666667,470511
2021-07-09,91600.0,92900.0,90600.0,92700.0,94460.0,96580.0,93748.33333333333,89111.66666666667,545807
2021-07-12,92700.0,94000.0,92500.0,93300.0,93980.0,96305.0,93908.33333333333,89191.66666666667,205543
2021-07-13,93400.0,95600.0,93400.0,95300.0,93600.0,96135.0,94096.66666666667,89283.33333333333,406785
2021-07-14,94700.0,94700.0,93500.0,93600.0,93540.0,95915.0,94258.33333333333,89364.16666666667,312373
2021-07-15,93900.0,95000.0,93800.0,94400.0,93860.0,95665.0,94415.0,89438.33333333333,252026
2021-07-16,94000.0,95100.0,93800.0,95000.0,94320.0,95505.0,94603.33333333333,89495.83333333333,200894
2021-07-19,93800.0,94700.0,93200.0,93400.0,94340.0,95400.0,94770.0,89536.66666666667,324772
2021-07-20,92200.0,93300.0,92100.0,92800.0,93840.0,95170.0,94925.0,89597.5,225549
2021-07-21,93400.0,93400.0,91600.0,91900.0,93500.0,94995.0,95046.66666666667,89665.83333333333,274610
2021-07-22,93500.0,97200.0,93500.0,96000.0,93820.0,95005.0,95245.0,89775.83333333333,1129634
2021-07-23,95900.0,95900.0,93900.0,94300.0,93680.0,94800.0,95385.0,89887.5,282827
2021-07-26,94300.0,94600.0,93000.0,93200.0,93640.0,94585.0,95461.66666666667,89988.33333333333,247931
2021-07-27,93800.0,94700.0,93100.0,93700.0,93820.0,94405.0,95581.66666666667,90091.66666666667,267954
2021-07-28,93200.0,94100.0,93100.0,93600.0,94160.0,94235.0,95655.0,90194.16666666667,177233
2021-07-29,94200.0,95000.0,93800.0,94400.0,93840.0,94160.0,95721.66666666667,90303.33333333333,242056
2021-07-30,93800.0,94400.0,93200.0,93500.0,93680.0,94035.0,95738.33333333333,90399.16666666667,293060
2021-08-02,93900.0,94400.0,91600.0,92500.0,93540.0,93875.0,95731.66666666667,90475.83333333333,419465
2021-08-03,92600.0,92700.0,91900.0,92600.0,93320.0,93645.0,95706.66666666667,90563.33333333333,188231
2021-08-04,92800.0,94500.0,92300.0,94100.0,93420.0,93655.0,95703.33333333333,90663.33333333333,395585
2021-08-05,94100.0,94700.0,93700.0,93900.0,93320.0,93710.0,95715.0,90765.0,191249
2021-08-06,94700.0,95800.0,94000.0,94400.0,93500.0,93795.0,95726.66666666667,90868.33333333333,250880
2021-08-09,93700.0,93800.0,92700.0,93000.0,93600.0,93780.0,95733.33333333333,90960.0,312631
2021-08-10,93500.0,93600.0,91800.0,92200.0,93520.0,93625.0,95678.33333333333,91031.66666666667,311995
2021-08-11,91900.0,92500.0,91700.0,92000.0,93100.0,93545.0,95646.66666666667,91112.5,192234
2021-08-12,92000.0,92600.0,91800.0,92200.0,92760.0,93435.0,95628.33333333333,91189.16666666667,270345
2021-08-13,92000.0,92800.0,89400.0,90000.0,91880.0,93185.0,95611.66666666667,91232.5,503326
2021-08-17,90000.0,90300.0,86500.0,86900.0,90660.0,92860.0,95540.0,91265.83333333333,495947
2021-08-18,86900.0,89700.0,86700.0,88500.0,89920.0,92645.0,95451.66666666667,91308.33333333333,332404
2021-08-19,87900.0,88500.0,84400.0,84600.0,88440.0,92280.0,95226.66666666667,91333.33333333333,634464
2021-08-20,85500.0,85700.0,83500.0,84300.0,86860.0,91695.0,95013.33333333333,91349.16666666667,351585
2021-08-23,85000.0,85900.0,84300.0,84800.0,85820.0,91220.0,94803.33333333333,91353.33333333333,266951
2021-08-24,86500.0,89200.0,86400.0,88600.0,86160.0,90990.0,94588.33333333333,91386.66666666667,492903
2021-08-25,89700.0,89700.0,87600.0,88200.0,86100.0,90715.0,94395.0,91425.0,360474
2021-08-26,88900.0,90600.0,88600.0,89200.0,87020.0,90495.0,94190.0,91477.5,310945
2021-08-27,86100.0,89200.0,86100.0,89100.0,87980.0,90230.0,94010.0,91518.33333333333,276805
2021-08-30,90300.0,90400.0,88900.0,89100.0,88840.0,90010.0,93883.33333333333,91564.16666666667,223594
2021-08-31,89100.0,89800.0,88400.0,89800.0,89080.0,89875.0,93758.33333333333,91618.33333333333,215382
2021-09-01,89300.0,89800.0,88600.0,88900.0,89220.0,89690.0,93615.0,91660.83333333333,303474
2021-09-02,89300.0,89800.0,88800.0,88900.0,89160.0,89430.0,93431.66666666667,91675.0,275893
2021-09-03,89300.0,90300.0,89000.0,89200.0,89180.0,89195.0,93261.66666666667,91693.33333333333,202636
2021-09-06,89600.0,89700.0,88900.0,89300.0,89220.0,88940.0,93105.0,91711.66666666667,188876
2021-09-07,89100.0,90000.0,88800.0,89900.0,89240.0,88785.0,92956.66666666667,91734.16666666667,159608
2021-09-08,89700.0,90600.0,89100.0,89300.0,89320.0,88640.0,92800.0,91749.16666666667,330248
2021-09-09,88800.0,89000.0,87500.0,87600.0,89060.0,88420.0,92626.66666666667,91745.83333333333,354709
2021-09-10,87900.0,88300.0,87300.0,88300.0,88880.0,88225.0,92441.66666666667,91750.0,178162
2021-09-13,87700.0,88100.0,86000.0,87000.0,88420.0,88075.0,92255.0,91756.66666666667,300834
2021-09-14,87400.0,91100.0,87300.0,90400.0,88520.0,88250.0,92170.0,91781.66666666667,688296
2021-09-15,90400.0,91000.0,89300.0,89800.0,88620.0,88315.0,92043.33333333333,91803.33333333333,314258
2021-09-16,90000.0,90400.0,88500.0,88700.0,88840.0,88520.0,91931.66666666667,91822.5,289069
2021-09-17,88700.0,89500.0,88200.0,89100.0,89000.0,88760.0,91820.0,91843.33333333333,272944
2021-09-23,88400.0,88800.0,87600.0,88500.0,89300.0,88945.0,91655.0,91856.66666666667,320862
2021-09-24,89400.0,91000.0,88300.0,88900.0,89000.0,88960.0,91511.66666666667,91881.66666666667,411538
2021-09-27,88400.0,89700.0,88000.0,88600.0,88760.0,88980.0,91366.66666666667,91904.16666666667,199549
2021-09-28,88600.0,89400.0,87500.0,87700.0,88560.0,88905.0,91211.66666666667,91918.33333333333,274027
2021-09-29,86500.0,87200.0,85300.0,86500.0,88040.0,88775.0,91055.0,91916.66666666667,437633
2021-09-30,86200.0,87000.0,85700.0,86600.0,87660.0,88650.0,90898.33333333333,91925.0,231468
2021-10-01,86000.0,86100.0,84300.0,84700.0,86820.0,88395.0,90715.0,91921.66666666667,372263
2021-10-05,85500.0,89400.0,85300.0,88400.0,86780.0,88370.0,90568.33333333333,91948.33333333333,905160
2021-10-06,89500.0,92000.0,88700.0,89200.0,87080.0,88385.0,90490.0,91979.16666666667,1073969
2021-10-07,90100.0,91500.0,89600.0,91000.0,87980.0,88475.0,90460.0,92030.0,605416
2021-10-08,91000.0,91100.0,89400.0,90700.0,88800.0,88545.0,90426.66666666667,92087.5,411395
2021-10-12,90700.0,91500.0,89500.0,89700.0,89800.0,88535.0,90366.66666666667,92137.5,382941
2021-10-13,90100.0,92700.0,90000.0,92300.0,90580.0,88685.0,90316.66666666667,92206.66666666667,594247
2021-10-14,92300.0,93000.0,91700.0,92500.0,91240.0,88930.0,90298.33333333333,92278.33333333333,396035
2021-10-15,92900.0,93300.0,90200.0,92800.0,91600.0,89155.0,90271.66666666667,92343.33333333333,361644
2021-10-18,92900.0,93100.0,90900.0,91600.0,91780.0,89385.0,90215.0,92409.16666666667,398519
2021-10-19,92000.0,92400.0,90300.0,91000.0,92040.0,89415.0,90175.0,92472.5,406848
2021-10-20,91100.0,91300.0,89700.0,90000.0,91580.0,89425.0,90128.33333333333,92526.66666666667,416996
2021-10-21,89900.0,90700.0,89600.0,89800.0,91040.0,89480.0,90093.33333333333,92570.0,232018
2021-10-22,89800.0,90000.0,88800.0,89400.0,90360.0,89495.0,89983.33333333333,92614.16666666667,222881
2021-10-25,89400.0,91700.0,89400.0,91600.0,90360.0,89650.0,89938.33333333333,92661.66666666667,419183
2021-10-26,92000.0,92300.0,91000.0,91300.0,90420.0,89770.0,89906.66666666667,92684.16666666667,323550
2021-10-27,91400.0,91400.0,89000.0,89100.0,90240.0,89795.0,89830.0,92705.83333333333,456891
2021-10-28,88900.0,88900.0,87500.0,87700.0,89820.0,89795.0,89731.66666666667,92693.33333333333,517069
2021-10-29,87700.0,88400.0,86800.0,87400.0,89420.0,89840.0,89615.0,92668.33333333333,367934
2021-11-01,85300.0,85400.0,80100.0,80600.0,87220.0,89540.0,89400.0,92569.16666666667,2765983
2021-11-02,81000.0,82200.0,80700.0,80800.0,85120.0,89345.0,89205.0,92468.33333333333,876811
2021-11-03,81100.0,81800.0,80100.0,80900.0,83480.0,88970.0,89010.0,92358.33333333333,541359
2021-11-04,81200.0,81600.0,80800.0,80900.0,82120.0,88555.0,88790.0,92246.66666666667,477333
2021-11-05,81100.0,81100.0,79200.0,80200.0,80680.0,88015.0,88561.66666666667,92138.33333333333,684458
2021-11-08,81800.0,83400.0,81600.0,82600.0,81080.0,87610.0,88365.0,92045.83333333333,922602
2021-11-09,82600.0,83200.0,81900.0,82700.0,81460.0,87260.0,88193.33333333333,91963.33333333333,394746
2021-11-10,82100.0,82500.0,80800.0,81000.0,81480.0,86695.0,88006.66666666667,91842.5,386305
2021-11-11,80200.0,81100.0,80100.0,81100.0,81520.0,86125.0,87825.0,91735.83333333333,376584
2021-11-12,81000.0,81800.0,80700.0,81300.0,81740.0,85550.0,87643.33333333333,91635.83333333333,249599
2021-11-15,81500.0,82000.0,80200.0,81800.0,81580.0,85060.0,87506.66666666667,91559.16666666667,323855
2021-11-16,81600.0,81800.0,80900.0,81200.0,81280.0,84570.0,87411.66666666667,91475.83333333333,211719
2021-11-17,81200.0,81300.0,80200.0,80400.0,81160.0,84090.0,87276.66666666667,91364.16666666667,336908
2021-11-18,80200.0,80300.0,79400.0,79600.0,80860.0,83580.0,87193.33333333333,91210.0,333995
2021-11-19,79400.0,80000.0,78600.0,79000.0,80400.0,83060.0,87105.0,91059.16666666667,544036
2021-11-22,78500.0,78900.0,78100.0,78800.0,79800.0,82420.0,87005.0,90904.16666666667,314256
2021-11-23,78700.0,79400.0,78200.0,78800.0,79320.0,81795.0,86841.66666666667,90715.0,250802
2021-11-24,78800.0,79100.0,78500.0,78600.0,78960.0,81270.0,86681.66666666667,90538.33333333333,201576
2021-11-25,78400.0,78500.0,77800.0,77900.0,78620.0,80780.0,86493.33333333333,90341.66666666667,278934
2021-11-26,77600.0,77800.0,74100.0,74900.0,77800.0,80155.0,86256.66666666667,90133.33333333333,1015851
2021-11-29,71000.0,73700.0,71000.0,72200.0,76480.0,79735.0,85975.0,89929.16666666667,673110
2021-11-30,72200.0,72800.0,70200.0,70600.0,74840.0,79225.0,85655.0,89706.66666666667,931600
2021-12-01,70600.0,72300.0,70000.0,72000.0,73520.0,78780.0,85373.33333333333,89494.16666666667,447766
2021-12-02,71000.0,73900.0,70800.0,73500.0,72640.0,78410.0,85116.66666666667,89274.16666666667,321662
2021-12-03,75300.0,76500.0,74400.0,75900.0,72840.0,78195.0,84895.0,89078.33333333333,479691
2021-12-06,75900.0,76200.0,74500.0,76000.0,73600.0,77865.0,84673.33333333333,88889.16666666667,233985
2021-12-07,77000.0,78800.0,77000.0,77700.0,75020.0,77615.0,84470.0,88713.33333333333,464050
2021-12-08,78300.0,78300.0,76700.0,77000.0,76020.0,77415.0,84265.0,88532.5,367766
2021-12-09,77200.0,78900.0,77100.0,78100.0,76940.0,77265.0,84106.66666666667,88366.66666666667,433282
2021-12-10,77800.0,77900.0,76300.0,77200.0,77200.0,77060.0,83921.66666666667,88181.66666666667,319455
2021-12-13,77200.0,77700.0,76700.0,77100.0,77420.0,76825.0,83756.66666666667,88005.83333333333,183985
2021-12-14,76300.0,77000.0,75600.0,76600.0,77200.0,76595.0,83526.66666666667,87848.33333333333,161175
2021-12-15,76200.0,77100.0,76000.0,76300.0,77060.0,76390.0,83301.66666666667,87672.5,121144
2021-12-16,76500.0,77000.0,75600.0,76100.0,76660.0,76215.0,83091.66666666667,87511.66666666667,176707
2021-12-17,75900.0,76800.0,75600.0,76800.0,76580.0,76105.0,82886.66666666667,87353.33333333333,161115
2021-12-20,76400.0,76400.0,75000.0,75200.0,76200.0,75925.0,82665.0,87160.0,191639
2021-12-21,76000.0,76300.0,75400.0,75700.0,76020.0,75770.0,82445.0,86978.33333333333,244294
2021-12-22,76400.0,78000.0,76400.0,77700.0,76300.0,75725.0,82263.33333333333,86815.0,292162
2021-12-23,78500.0,79000.0,76900.0,77600.0,76600.0,75710.0,82095.0,86653.33333333333,247005
2021-12-24,77800.0,78500.0,77200.0,77900.0,76820.0,75860.0,81951.66666666667,86503.33333333333,234944
2021-12-27,77900.0,78400.0,77400.0,77900.0,77360.0,76145.0,81806.66666666667,86352.5,168546
2021-12-28,78500.0,78500.0,77100.0,78200.0,77860.0,76525.0,81698.33333333333,86206.66666666667,225898
2021-12-29,78500.0,79200.0,77600.0,78300.0,77980.0,76840.0,81530.0,86049.16666666667,260374
2021-12-30,78100.0,78600.0,77400.0,78000.0,78060.0,77065.0,81343.33333333333,85916.66666666667,174843
2022-01-04,78700.0,78700.0,77500.0,77700.0,78020.0,77155.0,81121.66666666667,85790.83333333333,145830
2022-01-05,77600.0,77800.0,76600.0,76900.0,77820.0,77200.0,80891.66666666667,85659.16666666667,182149
2022-01-06,76200.0,77400.0,76100.0,76900.0,77560.0,77160.0,80678.33333333333,85522.5,157644
2022-01-07,76600.0,77400.0,76400.0,77300.0,77360.0,77175.0,80428.33333333333,85372.5,188948
2022-01-10,77100.0,77200.0,72500.0,74400.0,76640.0,76990.0,80126.66666666667,85212.5,699036
2022-01-11,74700.0,75200.0,74000.0,74600.0,76020.0,76860.0,79823.33333333333,85047.5,297206
2022-01-12,74900.0,76300.0,74200.0,76000.0,75840.0,76805.0,79563.33333333333,84889.16666666667,243458
2022-01-13,76100.0,78500.0,75800.0,78500.0,76160.0,76900.0,79355.0,84765.0,712530
2022-01-14,78000.0,78700.0,76600.0,77400.0,76180.0,76955.0,79145.0,84636.66666666667,345615
2022-01-17,77000.0,77300.0,74700.0,75100.0,76320.0,76905.0,78900.0,84496.66666666667,333985
2022-01-18,75000.0,75800.0,74200.0,74300.0,76260.0,76780.0,78648.33333333333,84315.83333333333,225607
2022-01-19,73500.0,75000.0,72700.0,73900.0,75840.0,76715.0,78353.33333333333,84145.83333333333,350980
2022-01-20,73800.0,76000.0,73000.0,74500.0,75040.0,76655.0,78073.33333333333,83990.0,274611
2022-01-21,73600.0,75100.0,73400.0,75000.0,74560.0,76520.0,77838.33333333333,83834.16666666667,265485
2022-01-24,74600.0,75100.0,73100.0,73500.0,74240.0,76315.0,77601.66666666667,83666.66666666667,332581
2022-01-25,73300.0,73400.0,70800.0,71300.0,73640.0,75985.0,77333.33333333333,83474.16666666667,377909
2022-01-26,71300.0,71300.0,71300.0,71300.0,73120.0,75655.0,77178.33333333333,83289.16666666667,0
2022-01-27,71200.0,71400.0,69000.0,70000.0,72220.0,75245.0,76998.33333333333,83101.66666666667,568186
2022-01-28,70000.0,72300.0,69000.0,72000.0,71620.0,74930.0,76850.0,82930.0,421519
2022-02-03,72800.0,73400.0,71200.0,72100.0,71340.0,74635.0,76703.33333333333,82746.66666666667,376178
2022-02-04,71500.0,76900.0,71500.0,76600.0,72400.0,74580.0,76643.33333333333,82602.5,640799
2022-02-07,76700.0,78000.0,75600.0,76500.0,73440.0,74560.0,76541.66666666667,82453.33333333333,724368
2022-02-08,76500.0,76500.0,76500.0,76500.0,74740.0,74540.0,76438.33333333333,82315.83333333333,0
2022-02-09,76500.0,76500.0,76500.0,76500.0,75640.0,74500.0,76363.33333333333,82185.0,0
2022-02-10,79900.0,80400.0,78500.0,79800.0,77180.0,74770.0,76341.66666666667,82083.33333333333,848493
2022-02-11,79000.0,80400.0,78400.0,78800.0,77620.0,74980.0,76300.0,81971.66666666667,493505
2022-02-14,77400.0,79600.0,77300.0,78800.0,78080.0,75120.0,76250.0,81878.33333333333,381069
2022-02-15,78700.0,79400.0,77100.0,78300.0,78440.0,75110.0,76201.66666666667,81806.66666666667,312626
2022-02-16,79500.0,80900.0,79000.0,80600.0,79260.0,75270.0,76205.0,81740.83333333333,558973
2022-02-17,80500.0,82000.0,78500.0,80400.0,79380.0,75535.0,76218.33333333333,81705.83333333333,804841
2022-02-18,79400.0,81000.0,79400.0,80400.0,79700.0,75840.0,76241.66666666667,81673.33333333333,295751
2022-02-21,80400.0,80400.0,80400.0,80400.0,80020.0,76165.0,76268.33333333333,81636.66666666667,0
2022-02-22,80400.0,80400.0,80400.0,80400.0,80440.0,76460.0,76295.0,81568.33333333333,0
2022-02-23,80400.0,80400.0,80400.0,80400.0,80400.0,76730.0,76325.0,81503.33333333333,0
2022-02-24,80800.0,81200.0,79100.0,80300.0,80380.0,77070.0,76365.0,81429.16666666667,392848
2022-02-25,81200.0,81800.0,79500.0,80000.0,80300.0,77505.0,76450.0,81353.33333333333,434988
2022-02-28,80000.0,80000.0,80000.0,80000.0,80220.0,77940.0,76580.0,81277.5,0
2022-03-02,80400.0,81100.0,79700.0,80200.0,80180.0,78450.0,76740.0,81197.5,309754
2022-03-03,80400.0,81100.0,80300.0,80700.0,80240.0,78885.0,76885.0,81129.16666666667,217375
2022-03-04,80700.0,80700.0,80700.0,80700.0,80320.0,79315.0,77005.0,81060.83333333333,0
2022-03-07,80400.0,81400.0,80100.0,81000.0,80520.0,79535.0,77090.0,80992.5,337085
2022-03-08,80200.0,80500.0,78800.0,79300.0,80380.0,79675.0,77145.0,80909.16666666667,329622
2022-03-10,79300.0,79300.0,79300.0,79300.0,80200.0,79815.0,77171.66666666667,80820.83333333333,0
2022-03-11,82400.0,85800.0,82100.0,85000.0,81060.0,80240.0,77305.0,80785.0,942715
2022-03-14,85000.0,85000.0,78800.0,79500.0,80820.0,80225.0,77328.33333333333,80717.5,1150533
2022-03-15,79500.0,79500.0,79500.0,79500.0,80520.0,80260.0,77366.66666666667,80644.16666666667,0
2022-03-16,78500.0,80200.0,77700.0,79900.0,80640.0,80315.0,77413.33333333333,80585.0,640593
2022-03-17,79900.0,79900.0,79900.0,79900.0,80760.0,80395.0,77468.33333333333,80497.5,0
2022-03-18,81200.0,81300.0,79700.0,79700.0,79700.0,80350.0,77525.0,80413.33333333333,364871
2022-03-21,79700.0,79700.0,79700.0,79700.0,79740.0,80315.0,77585.0,80338.33333333333,0
2022-03-22,79700.0,80100.0,78800.0,79600.0,79760.0,80275.0,77631.66666666667,80259.16666666667,263628
2022-03-23,80000.0,80000.0,79400.0,79900.0,79760.0,80250.0,77710.0,80187.5,230356
2022-03-24,79300.0,79400.0,78800.0,79200.0,79620.0,80190.0,77768.33333333333,80106.66666666667,246016
2022-03-25,79500.0,79800.0,78800.0,79500.0,79580.0,80145.0,77798.33333333333,80030.83333333333,135742
2022-03-28,79100.0,79400.0,78200.0,79200.0,79480.0,80090.0,77825.0,79960.0,241625
2022-03-29,79500.0,81100.0,78900.0,81100.0,79780.0,80145.0,77878.33333333333,79915.0,394533
2022-03-30,81500.0,81800.0,80500.0,80700.0,79940.0,80180.0,77925.0,79865.83333333333,312744
2022-03-31,80600.0,81400.0,80600.0,81200.0,80340.0,80230.0,77975.0,79836.66666666667,200973
2022-04-01,81100.0,84000.0,80500.0,83300.0,81100.0,80360.0,78058.33333333333,79794.16666666667,787133
2022-04-04,84300.0,85500.0,83900.0,84800.0,82220.0,80565.0,78171.66666666667,79757.5,600477
2022-04-05,85000.0,85600.0,84200.0,84700.0,82940.0,80750.0,78288.33333333333,79705.0,386742
2022-04-06,84000.0,85500.0,83900.0,85100.0,83820.0,81040.0,78425.0,79658.33333333333,271536
2022-04-07,84700.0,84900.0,82900.0,82900.0,84160.0,81220.0,78525.0,79601.66666666667,377557
2022-04-08,82900.0,83800.0,81500.0,83100.0,84120.0,81125.0,78621.66666666667,79525.0,228922
2022-04-11,82700.0,83200.0,81800.0,83000.0,83760.0,81300.0,78765.0,79445.83333333333,181124
2022-04-12,82000.0,82800.0,81700.0,82400.0,83300.0,81445.0,78895.0,79359.16666666667,215903
2022-04-13,82900.0,82900.0,82000.0,82700.0,82820.0,81585.0,79006.66666666667,79285.0,128515
2022-04-14,83500.0,85000.0,83200.0,83400.0,82920.0,81760.0,79088.33333333333,79221.66666666667,372786
2022-04-15,83400.0,84000.0,81500.0,81900.0,82680.0,81870.0,79163.33333333333,79154.16666666667,365239
2022-04-18,82100.0,85100.0,81400.0,83800.0,82840.0,82075.0,79308.33333333333,79104.16666666667,505559
2022-04-19,84000.0,84200.0,83100.0,83600.0,83080.0,82275.0,79463.33333333333,79055.83333333333,191162
2022-04-20,83800.0,84100.0,82900.0,83000.0,83140.0,82430.0,79615.0,78984.16666666667,197380
2022-04-21,83300.0,83700.0,83000.0,83400.0,83140.0,82640.0,79763.33333333333,78918.33333333333,119890
2022-04-22,82900.0,83000.0,81800.0,82300.0,83220.0,82780.0,79885.0,78861.66666666667,179581
2022-04-25,81000.0,81900.0,79800.0,80100.0,82480.0,82825.0,79995.0,78798.33333333333,317506
2022-04-26,80500.0,81400.0,79800.0,80800.0,81920.0,82810.0,80153.33333333333,78743.33333333333,246108
2022-04-27,78600.0,80100.0,78600.0,79900.0,81300.0,82770.0,80296.66666666667,78737.5,227359
2022-04-28,80000.0,81400.0,79900.0,81300.0,80880.0,82775.0,80485.0,78741.66666666667,193030
2022-04-29,81600.0,81700.0,80900.0,81200.0,80660.0,82670.0,80638.33333333333,78744.16666666667,164617
2022-05-02,80400.0,81300.0,80200.0,81000.0,80840.0,82480.0,80786.66666666667,78745.0,146520
2022-05-03,80900.0,81100.0,80400.0,80500.0,80780.0,82270.0,80851.66666666667,78747.5,144487
2022-05-04,80300.0,80400.0,79300.0,79500.0,80700.0,81990.0,80901.66666666667,78721.66666666667,250454
2022-05-06,78900.0,79100.0,76600.0,77700.0,79980.0,81730.0,80921.66666666667,78680.0,434867
2022-05-10,75100.0,76200.0,74100.0,75900.0,78920.0,81370.0,80911.66666666667,78637.5,366275
2022-05-11,75800.0,77900.0,75200.0,76100.0,77940.0,81025.0,80850.0,78595.83333333333,320238
2022-05-12,75500.0,76500.0,74600.0,74700.0,76780.0,80640.0,80781.66666666667,78540.83333333333,335152
2022-05-13,74700.0,76000.0,74600.0,76000.0,76080.0,80305.0,80735.0,78492.5,185912
2022-05-16,76900.0,76900.0,74900.0,75100.0,75560.0,79890.0,80681.66666666667,78441.66666666667,216763
2022-05-17,75400.0,75600.0,74700.0,75200.0,75420.0,79555.0,80591.66666666667,78398.33333333333,232967
2022-05-18,75700.0,76100.0,75300.0,75500.0,75300.0,79140.0,80510.0,78364.16666666667,196423
2022-05-19,74200.0,74500.0,73500.0,73800.0,75120.0,78650.0,80400.0,78320.83333333333,414619
2022-05-20,74300.0,74400.0,73500.0,74000.0,74720.0,78200.0,80293.33333333333,78280.83333333333,334082
2022-05-23,74000.0,74300.0,73100.0,74200.0,74540.0,77740.0,80190.0,78242.5,212965
2022-05-24,73900.0,74500.0,73300.0,73500.0,74200.0,77300.0,80075.0,78200.0,199982
2022-05-25,73800.0,74600.0,73300.0,74100.0,73920.0,77000.0,79971.66666666667,78168.33333333333,225703
2022-05-26,74100.0,75500.0,73900.0,74200.0,74000.0,76670.0,79875.0,78162.5,188444
2022-05-27,75100.0,75800.0,74900.0,75600.0,74320.0,76455.0,79801.66666666667,78190.83333333333,217711
2022-05-30,76300.0,77900.0,76300.0,77500.0,74980.0,76265.0,79756.66666666667,78248.33333333333,333706
2022-05-31,78000.0,78100.0,77200.0,78000.0,75880.0,76105.0,79711.66666666667,78298.33333333333,356299
2022-06-02,77100.0,77900.0,77000.0,77100.0,76480.0,75910.0,79651.66666666667,78328.33333333333,132731
2022-06-03,78000.0,79500.0,77500.0,79000.0,77440.0,75835.0,79618.33333333333,78354.16666666667,296386
2022-06-07,79300.0,79600.0,78500.0,78600.0,78040.0,75790.0,79606.66666666667,78375.83333333333,233520
2022-06-08,79100.0,79500.0,78500.0,78700.0,78280.0,75840.0,79596.66666666667,78384.16666666667,154398
2022-06-09,78200.0,78400.0,77500.0,78000.0,78280.0,75945.0,79480.0,78392.5,171973
2022-06-10,77300.0,78400.0,76800.0,77300.0,78320.0,76005.0,79443.33333333333,78385.83333333333,155618
2022-06-13,76200.0,76500.0,74000.0,74100.0,77340.0,75975.0,79353.33333333333,78360.0,324837
2022-06-14,73100.0,74000.0,72100.0,73400.0,76300.0,75845.0,79245.0,78329.16666666667,292814
2022-06-15,73000.0,73800.0,72000.0,72500.0,75060.0,75715.0,79121.66666666667,78295.0,244440
2022-06-16,73400.0,73600.0,71600.0,71600.0,73780.0,75535.0,78986.66666666667,78255.83333333333,227048
2022-06-17,70100.0,71900.0,69900.0,71200.0,72560.0,75320.0,78845.0,78215.0,277008
2022-06-20,71600.0,72100.0,69200.0,70100.0,71760.0,75135.0,78686.66666666667,78159.16666666667,223466
2022-06-21,69900.0,71200.0,69700.0,71000.0,71280.0,74985.0,78538.33333333333,78124.16666666667,135524
2022-06-22,71100.0,71500.0,68800.0,69200.0,70620.0,74735.0,78371.66666666667,78070.0,237425
2022-06-23,68800.0,69900.0,67400.0,67500.0,69800.0,74435.0,78171.66666666667,77985.0,303989
2022-06-24,67100.0,69500.0,67100.0,68900.0,69340.0,74175.0,78000.0,77912.5,181306
2022-06-27,69800.0,70800.0,68300.0,70300.0,69380.0,73980.0,77820.0,77849.16666666667,182197
2022-06-28,70500.0,71200.0,69800.0,70600.0,69300.0,73730.0,77651.66666666667,77788.33333333333,137254
2022-06-29,69700.0,73900.0,69600.0,73700.0,70200.0,73540.0,77526.66666666667,77750.83333333333,368977
2022-06-30,73700.0,73800.0,70500.0,71200.0,70940.0,73200.0,77325.0,77691.66666666667,298831
2022-07-01,71200.0,71200.0,68600.0,68900.0,70940.0,72790.0,77060.0,77615.83333333333,350981
2022-07-04,68700.0,69300.0,66500.0,67800.0,70440.0,72230.0,76778.33333333333,77533.33333333333,251171
2022-07-05,68000.0,69800.0,67900.0,69000.0,70120.0,71750.0,76510.0,77467.5,168847
2022-07-06,69200.0,69900.0,67900.0,68200.0,69020.0,71225.0,76265.0,77395.0,186913
2022-07-07,68800.0,69600.0,68500.0,69200.0,68620.0,70785.0,76033.33333333333,77327.5,105071
2022-07-08,69500.0,70400.0,69200.0,69700.0,68780.0,70405.0,75811.66666666667,77288.33333333333,123037
2022-07-11,69800.0,69800.0,68300.0,68800.0,68980.0,70140.0,75585.0,77240.0,149558
2022-07-12,67900.0,68200.0,66800.0,67500.0,68680.0,69845.0,75331.66666666667,77169.16666666667,176436
2022-07-13,67700.0,69000.0,67300.0,68200.0,68680.0,69630.0,75078.33333333333,77083.33333333333,143024
2022-07-14,67600.0,68800.0,67600.0,67900.0,68420.0,69445.0,74845.0,77004.16666666667,230850
2022-07-15,67900.0,68300.0,66700.0,67600.0,68000.0,69265.0,74575.0,76941.66666666667,207552
2022-07-18,69900.0,71800.0,68800.0,69500.0,68140.0,69235.0,74340.0,76901.66666666667,411792
2022-07-19,69100.0,69600.0,68500.0,68600.0,68360.0,69115.0,74100.0,76857.5,121104
2022-07-20,69400.0,69800.0,68600.0,69000.0,68520.0,69105.0,73860.0,76811.66666666667,189223
2022-07-21,69000.0,70400.0,68900.0,70200.0,68980.0,69240.0,73658.33333333333,76771.66666666667,208201
2022-07-22,70200.0,71100.0,70000.0,70500.0,69560.0,69320.0,73498.33333333333,76746.66666666667,138705
2022-07-25,70500.0,70800.0,69800.0,70300.0,69720.0,69320.0,73323.33333333333,76738.33333333333,167875
2022-07-26,70700.0,71300.0,70300.0,70900.0,70180.0,69335.0,73173.33333333333,76735.0,90188
2022-07-27,71000.0,71100.0,70200.0,70900.0,70560.0,69195.0,73000.0,76742.5,106182
2022-07-28,71400.0,71600.0,70100.0,70800.0,70680.0,69175.0,72826.66666666667,76732.5,209043
2022-07-29,71200.0,71800.0,70600.0,71800.0,70940.0,69320.0,72673.33333333333,76730.0,206684
2022-08-01,72500.0,74200.0,71900.0,72700.0,71420.0,69565.0,72543.33333333333,76697.5,274222
2022-08-02,72100.0,72600.0,70700.0,71100.0,71460.0,69670.0,72403.33333333333,76652.5,181355
2022-08-03,70600.0,71600.0,70600.0,71500.0,71580.0,69835.0,72300.0,76610.83333333333,122249
2022-08-04,71800.0,72700.0,71400.0,72600.0,71940.0,70005.0,72245.0,76578.33333333333,186165
2022-08-05,72800.0,73000.0,72200.0,72600.0,72100.0,70150.0,72186.66666666667,76518.33333333333,125905
2022-08-08,72100.0,73200.0,71800.0,73100.0,72180.0,70365.0,72160.0,76470.83333333333,162139
2022-08-09,72800.0,73200.0,72300.0,72800.0,72520.0,70630.0,72106.66666666667,76420.83333333333,122413
2022-08-10,73000.0,73200.0,71300.0,71500.0,72520.0,70795.0,72046.66666666667,76364.16666666667,122542
2022-08-11,72400.0,73200.0,71800.0,73100.0,72620.0,71055.0,72011.66666666667,76301.66666666667,185548
2022-08-12,72900.0,73300.0,71900.0,72200.0,72540.0,71285.0,71956.66666666667,76233.33333333333,163827
2022-08-16,72200.0,73100.0,72000.0,72800.0,72480.0,71450.0,71940.0,76170.0,123435
2022-08-17,73000.0,73200.0,72200.0,72500.0,72420.0,71645.0,71915.0,76104.16666666667,97320
2022-08-18,72200.0,73100.0,71300.0,72200.0,72560.0,71805.0,71881.66666666667,76035.83333333333,133118
2022-08-19,72200.0,72500.0,71600.0,71900.0,72320.0,71890.0,71855.0,75965.0,87343
2022-08-22,71400.0,71800.0,70600.0,71700.0,72220.0,71950.0,71815.0,75893.33333333333,97651
2022-08-23,71000.0,71200.0,69500.0,69800.0,71620.0,71925.0,71741.66666666667,75808.33333333333,182948
2022-08-24,70000.0,71500.0,68900.0,71000.0,71320.0,71930.0,71665.0,75733.33333333333,194311
2022-08-25,71500.0,75000.0,71000.0,73800.0,71640.0,72075.0,71603.33333333333,75680.0,562617
2022-08-26,74100.0,74300.0,72800.0,73000.0,71860.0,72185.0,71520.0,75615.83333333333,175544
2022-08-29,70500.0,72600.0,70500.0,71900.0,71900.0,72190.0,71433.33333333333,75542.5,188052
2022-08-30,71900.0,74200.0,71800.0,74000.0,72740.0,72255.0,71350.0,75484.16666666667,211098
2022-08-31,73500.0,74800.0,73200.0,73800.0,73300.0,72390.0,71270.0,75438.33333333333,341057
2022-09-01,73300.0,74800.0,72700.0,72900.0,73120.0,72460.0,71173.33333333333,75385.0,271005
2022-09-02,73500.0,73600.0,72000.0,72400.0,73000.0,72450.0,71080.0,75280.0,195603
2022-09-05,72100.0,72800.0,71300.0,71700.0,72960.0,72405.0,70986.66666666667,75215.0,161013
2022-09-06,71700.0,72700.0,71500.0,72200.0,72600.0,72360.0,70955.0,75154.16666666667,85990
2022-09-07,71600.0,72200.0,69800.0,70000.0,71840.0,72220.0,70898.33333333333,75071.66666666667,218728
2022-09-08,71100.0,71500.0,70600.0,71000.0,71460.0,72195.0,70873.33333333333,74997.5,163829
2022-09-13,71800.0,73500.0,71800.0,73000.0,71580.0,72190.0,70896.66666666667,74941.66666666667,208316
2022-09-14,70500.0,72200.0,70500.0,71600.0,71560.0,72160.0,70903.33333333333,74874.16666666667,138258
2022-09-15,72000.0,73900.0,71700.0,72800.0,71680.0,72160.0,70948.33333333333,74817.5,264510
2022-09-16,72300.0,73800.0,72000.0,73800.0,72440.0,72225.0,70995.0,74766.66666666667,264529
2022-09-19,74000.0,74500.0,72700.0,73600.0,72960.0,72295.0,71068.33333333333,74720.0,247282
2022-09-20,73800.0,76800.0,73500.0,76800.0,73720.0,72540.0,71223.33333333333,74697.5,462647
2022-09-21,75900.0,77800.0,75700.0,76500.0,74700.0,72780.0,71350.0,74675.0,345173
2022-09-22,75900.0,77300.0,75100.0,76500.0,75440.0,73115.0,71453.33333333333,74636.66666666667,300485
2022-09-23,76600.0,76900.0,74600.0,75000.0,75680.0,73315.0,71526.66666666667,74589.16666666667,306582
2022-09-26,74000.0,74300.0,71300.0,72300.0,75420.0,73240.0,71503.33333333333,74515.0,293439
2022-09-27,72200.0,73400.0,71500.0,73400.0,74740.0,73260.0,71540.0,74432.5,246317
2022-09-28,72700.0,74500.0,71500.0,73100.0,74060.0,73320.0,71610.0,74335.0,313578
2022-09-29,73900.0,75700.0,72500.0,72500.0,73260.0,73245.0,71688.33333333333,74233.33333333333,267090
2022-09-30,72100.0,73100.0,71500.0,71900.0,72640.0,73150.0,71736.66666666667,74123.33333333333,190032
2022-10-04,72200.0,75100.0,72200.0,74500.0,73080.0,73230.0,71841.66666666667,74053.33333333333,266963
2022-10-05,75000.0,75500.0,73200.0,73900.0,73180.0,73305.0,71920.0,73976.66666666667,191016
2022-10-06,74300.0,75900.0,73500.0,74800.0,73520.0,73460.0,72005.0,73908.33333333333,216474
2022-10-07,74800.0,76000.0,74400.0,75800.0,74180.0,73640.0,72121.66666666667,73853.33333333333,281959
2022-10-11,74300.0,75400.0,72900.0,73000.0,74400.0,73790.0,72213.33333333333,73772.5,188361
2022-10-12,73100.0,75200.0,72600.0,74100.0,74320.0,73945.0,72311.66666666667,73695.0,187011
2022-10-13,74200.0,74700.0,72900.0,73500.0,74240.0,73970.0,72405.0,73625.0,253812
2022-10-14,74100.0,75100.0,73700.0,74300.0,74140.0,74105.0,72516.66666666667,73545.83333333333,191863
2022-10-17,73600.0,74000.0,73000.0,73500.0,73680.0,74140.0,72583.33333333333,73461.66666666667,155761
2022-10-18,74100.0,74800.0,73300.0,74500.0,73980.0,74175.0,72681.66666666667,73390.83333333333,155119
2022-10-19,75200.0,76300.0,73000.0,73500.0,73860.0,74170.0,72756.66666666667,73308.33333333333,256586
2022-10-20,73200.0,74000.0,72300.0,73500.0,73860.0,74005.0,72811.66666666667,73235.0,266768
2022-10-21,73000.0,73200.0,71600.0,72500.0,73500.0,73805.0,72845.0,73171.66666666667,203575
2022-10-24,73200.0,73700.0,71700.0,72000.0,73200.0,73580.0,72873.33333333333,73098.33333333333,213310
2022-10-25,72500.0,72600.0,71000.0,71400.0,72580.0,73400.0,72881.66666666667,73027.5,175693
2022-10-26,71400.0,71700.0,69300.0,69700.0,71820.0,73270.0,72861.66666666667,72930.83333333333,327498
2022-10-27,69700.0,71100.0,69700.0,71100.0,71340.0,73155.0,72866.66666666667,72846.66666666667,186205
2022-10-28,70600.0,71900.0,70600.0,71300.0,71100.0,73065.0,72858.33333333333,72765.83333333333,118426
2022-10-31,70600.0,70600.0,64500.0,65000.0,69700.0,72690.0,72730.0,72636.66666666667,1726316
2022-11-01,65100.0,65400.0,64500.0,65300.0,68480.0,72360.0,72633.33333333333,72518.33333333333,485501
2022-11-02,65000.0,65100.0,63800.0,64500.0,67440.0,71860.0,72516.66666666667,72408.33333333333,699260
2022-11-03,63500.0,63800.0,62600.0,62700.0,65760.0,71300.0,72351.66666666667,72298.33333333333,475057
2022-11-04,62800.0,64800.0,60600.0,64700.0,64440.0,70795.0,72220.0,72203.33333333333,1004134
2022-11-07,63500.0,64700.0,62800.0,64200.0,64280.0,70215.0,72071.66666666667,72115.83333333333,355616
2022-11-08,64800.0,65800.0,64400.0,65600.0,64340.0,69845.0,71951.66666666667,72029.16666666667,451103
2022-11-09,66200.0,67100.0,65800.0,67000.0,64840.0,69490.0,71876.66666666667,71961.66666666667,462633
2022-11-10,66000.0,67400.0,65600.0,66700.0,65640.0,69150.0,71770.0,71890.83333333333,374417
2022-11-11,69800.0,73000.0,67800.0,72900.0,67280.0,69080.0,71781.66666666667,71869.16666666667,1193789
2022-11-14,72000.0,72700.0,71200.0,72000.0,68840.0,69005.0,71768.33333333333,71854.16666666667,435753
2022-11-15,71700.0,72900.0,71600.0,72900.0,70300.0,68925.0,71775.0,71845.0,222714
2022-11-16,72900.0,74000.0,72300.0,73600.0,71620.0,68930.0,71798.33333333333,71840.0,329694
2022-11-17,73300.0,74200.0,72800.0,73000.0,72880.0,68905.0,71816.66666666667,71835.83333333333,173820
2022-11-18,72700.0,73400.0,72000.0,72400.0,72780.0,68900.0,71828.33333333333,71821.66666666667,175103
2022-11-21,72400.0,72800.0,70800.0,71700.0,72720.0,68885.0,71860.0,71800.83333333333,253933
2022-11-22,71200.0,71600.0,69300.0,70000.0,72140.0,68815.0,71843.33333333333,71754.16666666667,408051
2022-11-23,70500.0,71000.0,70200.0,70600.0,71540.0,68860.0,71790.0,71696.66666666667,174499
2022-11-24,71100.0,71400.0,70400.0,70900.0,71120.0,68850.0,71755.0,71637.5,101760
2022-11-25,70900.0,71200.0,70100.0,70400.0,70720.0,68805.0,71730.0,71581.66666666667,111124
2022-11-28,70100.0,70700.0,68700.0,70400.0,70460.0,69075.0,71670.0,71510.0,138560
2022-11-29,70500.0,73000.0,70000.0,72400.0,70940.0,69430.0,71646.66666666667,71458.33333333333,359935
2022-11-30,71700.0,73400.0,71700.0,73000.0,71420.0,69855.0,71648.33333333333,71410.83333333333,270993
2022-12-01,73600.0,74900.0,73000.0,74200.0,72080.0,70430.0,71678.33333333333,71379.16666666667,323573
2022-12-02,74100.0,76800.0,74000.0,76000.0,73200.0,70995.0,71750.0,71368.33333333333,527373
2022-12-05,76500.0,80800.0,76500.0,80000.0,75120.0,71785.0,71880.0,71417.5,1080562
2022-12-06,79700.0,80900.0,79300.0,80300.0,76700.0,72520.0,72051.66666666667,71475.0,391679
2022-12-07,79700.0,80500.0,78800.0,79300.0,77960.0,73135.0,72190.0,71531.66666666667,402710
2022-12-08,79300.0,79300.0,76700.0,78700.0,78860.0,73735.0,72285.0,71590.83333333333,523100
2022-12-09,78700.0,80500.0,77600.0,79600.0,79580.0,74070.0,72418.33333333333,71660.83333333333,406513
2022-12-12,79000.0,79900.0,77200.0,77900.0,79160.0,74365.0,72503.33333333333,71725.83333333333,265192
2022-12-13,78400.0,79300.0,77300.0,79100.0,78920.0,74675.0,72591.66666666667,71793.33333333333,244165
2022-12-14,79500.0,79600.0,77600.0,79100.0,78880.0,74950.0,72683.33333333333,71875.83333333333,247986
2022-12-15,78500.0,79100.0,77300.0,77600.0,78660.0,75180.0,72696.66666666667,71960.0,170568
2022-12-16,77100.0,80300.0,77100.0,80100.0,78760.0,75565.0,72756.66666666667,72053.33333333333,493254
2022-12-19,79500.0,80100.0,78300.0,78900.0,78960.0,75925.0,72796.66666666667,72125.0,201118
2022-12-20,79000.0,79600.0,78400.0,79300.0,79000.0,76390.0,72868.33333333333,72197.5,175507
2022-12-21,79700.0,80000.0,78600.0,79700.0,79120.0,76845.0,72991.66666666667,72247.5,207289
2022-12-22,79800.0,80800.0,79500.0,80700.0,79740.0,77335.0,73113.33333333333,72326.66666666667,268293
2022-12-23,79800.0,81500.0,79700.0,80700.0,79860.0,77850.0,73240.0,72425.0,414857
2022-12-26,80700.0,81100.0,78800.0,79000.0,79880.0,78280.0,73348.33333333333,72518.33333333333,174650
2022-12-27,80000.0,84100.0,80000.0,82900.0,80600.0,78805.0,73531.66666666667,72634.16666666667,934986
2022-12-28,83500.0,85000.0,83000.0,84600.0,81580.0,79385.0,73700.0,72770.83333333333,691791
2022-12-29,83200.0,84400.0,81500.0,83100.0,82060.0,79830.0,73853.33333333333,72886.66666666667,446669
2023-01-02,81600.0,81800.0,79000.0,81500.0,82220.0,80105.0,73965.0,72985.0,487087
2023-01-03,81300.0,84000.0,80600.0,82800.0,82980.0,80245.0,74081.66666666667,73101.66666666667,398361
2023-01-04,82800.0,83300.0,80500.0,80700.0,82540.0,80265.0,74210.0,73211.66666666667,272268
2023-01-05,81000.0,85300.0,81000.0,85000.0,82620.0,80550.0,74391.66666666667,73351.66666666667,689395
2023-01-06,85100.0,86500.0,84200.0,84700.0,82940.0,80850.0,74578.33333333333,73491.66666666667,449071
2023-01-09,85400.0,86900.0,84200.0,85500.0,83740.0,81145.0,74765.0,73640.83333333333,373029
2023-01-10,85400.0,86100.0,81600.0,83600.0,83900.0,81430.0,74933.33333333333,73758.33333333333,521529
2023-01-11,83500.0,84800.0,83000.0,83700.0,84500.0,81660.0,75086.66666666667,73884.16666666667,323627
2023-01-12,83900.0,84100.0,81900.0,82600.0,84020.0,81835.0,75238.33333333333,73997.5,423802
2023-01-13,83300.0,85400.0,80700.0,82500.0,83580.0,82080.0,75388.33333333333,74100.0,734903
2023-01-16,82600.0,83800.0,81800.0,82300.0,82940.0,82190.0,75551.66666666667,74198.33333333333,368427
2023-01-17,82600.0,82600.0,80600.0,81300.0,82480.0,82310.0,75706.66666666667,74290.0,464409
2023-01-18,81500.0,83500.0,81000.0,82600.0,82260.0,82475.0,75893.33333333333,74387.5,464811
2023-01-19,82200.0,83500.0,81600.0,83500.0,82440.0,82665.0,76123.33333333333,74492.5,275195
2023-01-20,83200.0,83900.0,82100.0,82800.0,82500.0,82770.0,76318.33333333333,74592.5,296462
2023-01-25,83400.0,83600.0,81800.0,82100.0,82460.0,82840.0,76498.33333333333,74678.33333333333,1352
2023-01-26,82200.0,82700.0,81500.0,82200.0,82640.0,83000.0,76785.0,74757.5,2506
2023-01-27,82300.0,83100.0,81500.0,82900.0,82700.0,83000.0,77078.33333333333,74855.83333333333,7331
2023-01-30,82500.0,82600.0,80100.0,80500.0,82100.0,82795.0,77345.0,74930.83333333333,2289
2023-01-31,80000.0,81100.0,79000.0,80500.0,81640.0,82665.0,77641.66666666667,74996.66666666667,3910
2023-02-01,79600.0,80200.0,79200.0,79200.0,81060.0,82550.0,77883.33333333333,75051.66666666667,971
2023-02-02,80700.0,81000.0,79800.0,80100.0,80640.0,82415.0,78148.33333333333,75110.0,577
2023-02-03,80100.0,80400.0,79300.0,80100.0,80080.0,82385.0,78390.0,75170.83333333333,827
2023-02-06,80200.0,81500.0,79800.0,80300.0,80040.0,82150.0,78611.66666666667,75244.16666666667,721
2023-02-07,80600.0,80700.0,79600.0,80200.0,79980.0,81925.0,78836.66666666667,75303.33333333333,2116
2023-02-08,80500.0,81500.0,79900.0,81200.0,80380.0,81710.0,78975.0,75378.33333333333,1045
2023-02-09,80900.0,84200.0,80800.0,81700.0,80700.0,81615.0,79136.66666666667,75452.5,9634
2023-02-10,82500.0,84800.0,82100.0,83200.0,81320.0,81590.0,79308.33333333333,75541.66666666667,7046
2023-02-13,83800.0,83800.0,81200.0,81600.0,81580.0,81540.0,79441.66666666667,75620.0,3959
2023-02-14,81600.0,82300.0,81200.0,81300.0,81800.0,81480.0,79580.0,75698.33333333333,1473
2023-02-15,81500.0,82200.0,79700.0,80200.0,81600.0,81375.0,79710.0,75769.16666666667,1617
2023-02-16,80800.0,81400.0,80200.0,80800.0,81420.0,81350.0,79861.66666666667,75860.83333333333,1843
2023-02-17,80500.0,81200.0,79900.0,80500.0,80880.0,81245.0,80036.66666666667,75940.0,1264
2023-02-20,80700.0,82400.0,80500.0,82100.0,80980.0,81175.0,80228.33333333333,76009.16666666667,2902
2023-02-21,82400.0,82500.0,80500.0,80800.0,80880.0,81075.0,80393.33333333333,76074.16666666667,1589
2023-02-22,80100.0,80200.0,79200.0,79500.0,80740.0,80945.0,80545.0,76137.5,619
2023-02-23,79800.0,80200.0,79300.0,79600.0,80500.0,80815.0,80698.33333333333,76184.16666666667,973
2023-02-24,79600.0,80300.0,78900.0,79700.0,80340.0,80655.0,80820.0,76233.33333333333,448
2023-02-27,79200.0,79300.0,78000.0,78600.0,79640.0,80560.0,80913.33333333333,76280.83333333333,253261
2023-02-28,79200.0,80600.0,79200.0,80200.0,79520.0,80545.0,81013.33333333333,76345.83333333333,253281
2023-03-02,80200.0,80900.0,79100.0,79300.0,79480.0,80550.0,81068.33333333333,76409.16666666667,293327
2023-03-03,79500.0,79600.0,77600.0,78000.0,79160.0,80445.0,81035.0,76457.5,433490
2023-03-06,78300.0,78600.0,77700.0,78400.0,78900.0,80360.0,81003.33333333333,76527.5,262016
2023-03-07,78200.0,78200.0,77100.0,77400.0,78660.0,80215.0,80971.66666666667,76580.83333333333,339315
2023-03-08,76800.0,77000.0,75900.0,76700.0,77960.0,80040.0,80938.33333333333,76611.66666666667,297852
2023-03-09,77100.0,77400.0,76200.0,76900.0,77480.0,79825.0,80893.33333333333,76655.83333333333,446241
2023-03-10,76000.0,76900.0,75500.0,75800.0,77040.0,79530.0,80858.33333333333,76680.83333333333,296516
2023-03-13,75500.0,76300.0,74300.0,75900.0,76540.0,79165.0,80805.0,76698.33333333333,274287
2023-03-14,75900.0,75900.0,73000.0,73200.0,75700.0,78745.0,80706.66666666667,76695.0,284361
2023-03-15,73900.0,73900.0,72200.0,72500.0,74860.0,78305.0,80621.66666666667,76659.16666666667,273209
2023-03-16,71200.0,72300.0,70600.0,71800.0,73840.0,77885.0,80483.33333333333,76620.0,313969
2023-03-17,72000.0,73600.0,71800.0,73000.0,73280.0,77495.0,80385.0,76590.83333333333,268141
2023-03-20,74500.0,77000.0,74300.0,74900.0,73080.0,77215.0,80311.66666666667,76590.0,466490
2023-03-21,75700.0,76400.0,74900.0,76100.0,73660.0,76915.0,80251.66666666667,76621.66666666667,234842
2023-03-22,76400.0,77000.0,76000.0,76300.0,74420.0,76690.0,80178.33333333333,76645.83333333333,187552
2023-03-23,76000.0,79800.0,75500.0,78900.0,75840.0,76660.0,80148.33333333333,76694.16666666667,663852
2023-03-24,78600.0,79500.0,78100.0,78500.0,76940.0,76605.0,80140.0,76744.16666666667,238508
2023-03-27,79000.0,79800.0,77100.0,79300.0,77820.0,76585.0,80080.0,76805.83333333333,302217
2023-03-28,79300.0,79700.0,78200.0,78800.0,78360.0,76595.0,79983.33333333333,76841.66666666667,184396
2023-03-29,78900.0,81100.0,78800.0,80800.0,79260.0,76625.0,79945.0,76899.16666666667,447077
2023-03-30,80900.0,81500.0,80100.0,80700.0,79620.0,76695.0,79931.66666666667,76948.33333333333,192998
2023-03-31,81200.0,81900.0,80200.0,81500.0,80220.0,76870.0,79910.0,76995.83333333333,257079
2023-04-03,81500.0,83200.0,81100.0,82500.0,80860.0,77075.0,79940.0,77075.0,325804
2023-04-04,82900.0,83000.0,81500.0,81800.0,81460.0,77295.0,79886.66666666667,77139.16666666667,202568
2023-04-05,82400.0,83400.0,82200.0,82400.0,81780.0,77580.0,79848.33333333333,77213.33333333333,253477
2023-04-06,82500.0,82500.0,81200.0,81400.0,81920.0,77805.0,79780.0,77272.5,173089
2023-04-07,81500.0,82400.0,81200.0,82100.0,82040.0,78120.0,79755.0,77344.16666666667,214510
2023-04-10,81600.0,82500.0,81300.0,81900.0,81920.0,78420.0,79725.0,77405.83333333333,178469
2023-04-11,82000.0,84400.0,81400.0,83500.0,82260.0,78935.0,79740.0,77489.16666666667,406883
2023-04-12,83500.0,84500.0,83000.0,84400.0,82660.0,79530.0,79771.66666666667,77580.0,279998
2023-04-13,84300.0,84800.0,83300.0,83900.0,83160.0,80135.0,79798.33333333333,77675.0,260972
2023-04-14,84400.0,85000.0,83900.0,84400.0,83620.0,80705.0,79850.0,77778.33333333333,185648
2023-04-17,84700.0,84800.0,83100.0,83500.0,83940.0,81135.0,79865.0,77879.16666666667,174779
2023-04-18,83400.0,86800.0,83000.0,86500.0,84540.0,81655.0,79915.0,78019.16666666667,627907
2023-04-19,87000.0,87300.0,85700.0,86500.0,84960.0,82165.0,79976.66666666667,78147.5,293302
2023-04-20,86300.0,86700.0,84600.0,85500.0,85280.0,82495.0,80033.33333333333,78265.83333333333,197957
2023-04-21,84300.0,84400.0,78200.0,78700.0,84140.0,82505.0,79975.0,78380.0,994274
2023-04-24,78700.0,79000.0,77200.0,78200.0,83080.0,82450.0,79896.66666666667,78487.5,352865
2023-04-25,78400.0,78800.0,77600.0,77700.0,81320.0,82395.0,79850.0,78597.5,222959
2023-04-26,77900.0,80700.0,77900.0,79600.0,79940.0,82335.0,79835.0,78738.33333333333,333586
2023-04-27,80100.0,80300.0,78900.0,79300.0,78700.0,82265.0,79836.66666666667,78860.0,149677
2023-04-28,79500.0,82300.0,79000.0,81500.0,79260.0,82265.0,79860.0,79004.16666666667,437178
2023-05-02,85000.0,89000.0,84500.0,87300.0,81080.0,82505.0,79980.0,79185.0,1327666
2023-05-03,86400.0,88000.0,84700.0,85800.0,82700.0,82705.0,80071.66666666667,79341.66666666667,392954
2023-05-04,85000.0,85600.0,83300.0,84100.0,83600.0,82790.0,80136.66666666667,79486.66666666667,244192
2023-05-08,84400.0,84500.0,82000.0,82500.0,84240.0,82845.0,80158.33333333333,79566.66666666667,392094
2023-05-09,82600.0,83600.0,81100.0,81400.0,84220.0,82810.0,80153.33333333333,79645.0,260165
2023-05-10,81500.0,82100.0,80700.0,81300.0,83020.0,82780.0,80121.66666666667,79715.0,246662
2023-05-11,81400.0,81800.0,80300.0,80600.0,81980.0,82635.0,80105.0,79773.33333333333,314091
2023-05-12,80700.0,81400.0,80000.0,80700.0,81300.0,82450.0,80095.0,79837.5,193951
2023-05-15,80300.0,81000.0,79200.0,80700.0,80940.0,82290.0,80103.33333333333,79906.66666666667,152795
2023-05-16,80800.0,81000.0,79900.0,80400.0,80740.0,82090.0,80096.66666666667,79979.16666666667,150207
2023-05-17,79900.0,81800.0,79800.0,81700.0,80820.0,82000.0,80116.66666666667,80076.66666666667,173295
2023-05-18,81800.0,82500.0,81000.0,81500.0,81000.0,81750.0,80106.66666666667,80167.5,186399
2023-05-19,81500.0,83100.0,81400.0,82500.0,81360.0,81550.0,80135.0,80264.16666666667,259501
2023-05-22,82600.0,83900.0,82100.0,83600.0,81940.0,81455.0,80203.33333333333,80374.16666666667,236846
2023-05-23,83800.0,84800.0,83200.0,83500.0,82560.0,81695.0,80268.33333333333,80483.33333333333,235297
2023-05-24,83200.0,83200.0,80700.0,81900.0,82600.0,81880.0,80305.0,80562.5,270375
2023-05-25,81600.0,82300.0,80100.0,80400.0,82380.0,82015.0,80335.0,80624.16666666667,258101
2023-05-26,80100.0,81000.0,79800.0,80700.0,82020.0,82070.0,80343.33333333333,80678.33333333333,226888
2023-05-30,80700.0,81100.0,79700.0,80500.0,81400.0,82130.0,80363.33333333333,80715.83333333333,242423
2023-05-31,79700.0,80400.0,76600.0,77200.0,80140.0,81915.0,80350.0,80692.5,746204
2023-06-01,77600.0,78600.0,77600.0,78400.0,79440.0,81470.0,80350.0,80676.66666666667,253787
2023-06-02,78800.0,79000.0,77800.0,78300.0,79020.0,81095.0,80365.0,80668.33333333333,195315
2023-06-05,78400.0,78600.0,77700.0,78000.0,78480.0,80790.0,80386.66666666667,80662.5,208030
2023-06-07,78000.0,78800.0,77800.0,77900.0,77960.0,80560.0,80403.33333333333,80648.33333333333,181124
2023-06-08,78200.0,78300.0,76000.0,76300.0,77780.0,80305.0,80411.66666666667,80635.0,510865
2023-06-09,77000.0,78100.0,76500.0,76900.0,77480.0,80085.0,80428.33333333333,80616.66666666667,392795
2023-06-12,76600.0,76600.0,73700.0,74100.0,76640.0,79760.0,80443.33333333333,80575.0,710129
2023-06-13,74600.0,74600.0,73400.0,73800.0,75800.0,79415.0,80465.0,80543.33333333333,493551
2023-06-14,73800.0,73900.0,73000.0,73400.0,74900.0,79050.0,80491.66666666667,80487.5,249461
2023-06-15,73400.0,73900.0,71900.0,72000.0,74040.0,78630.0,80475.0,80430.0,444677
2023-06-16,72000.0,74000.0,71800.0,73400.0,73340.0,78215.0,80450.0,80380.83333333333,481692
2023-06-19,73700.0,74600.0,72800.0,73200.0,73160.0,77800.0,80401.66666666667,80326.66666666667,409872
2023-06-20,74300.0,77500.0,73700.0,74100.0,73220.0,77380.0,80365.0,80271.66666666667,1008490
2023-06-21,73800.0,73800.0,72800.0,72900.0,73120.0,76845.0,80265.0,80206.66666666667,323888
2023-06-22,72900.0,73300.0,72100.0,73100.0,73340.0,76325.0,80175.0,80157.5,203798
2023-06-23,73100.0,73100.0,72100.0,72300.0,73120.0,75845.0,80058.33333333333,80069.16666666667,211103
2023-06-26,72300.0,73100.0,70900.0,72800.0,73040.0,75465.0,79958.33333333333,79970.83333333333,207279
2023-06-27,72500.0,73300.0,72400.0,73000.0,72820.0,75080.0,79828.33333333333,79886.66666666667,157521
2023-06-28,73000.0,74600.0,73000.0,74300.0,73100.0,74770.0,79721.66666666667,79826.66666666667,300207
2023-06-29,74000.0,74400.0,72800.0,73200.0,73120.0,74570.0,79583.33333333333,79746.66666666667,232723
2023-06-30,73200.0,73900.0,72900.0,73400.0,73340.0,74320.0,79431.66666666667,79685.83333333333,215021
2023-07-03,74000.0,75200.0,73600.0,74800.0,73740.0,74145.0,79315.0,79600.83333333333,321773
2023-07-04,74900.0,75100.0,72800.0,73000.0,73740.0,73895.0,79158.33333333333,79503.33333333333,309277
2023-07-05,72900.0,74200.0,72500.0,73700.0,73620.0,73685.0,79030.0,79405.0,209222
2023-07-06,73800.0,73900.0,72500.0,73400.0,73660.0,73540.0,78885.0,79320.0,314171
2023-07-07,73200.0,74200.0,72800.0,73500.0,73680.0,73370.0,78745.0,79235.0,224127
2023-07-10,73600.0,75700.0,73500.0,75400.0,73800.0,73435.0,78610.0,79175.0,420333
2023-07-11,76000.0,76000.0,74700.0,75400.0,74280.0,73515.0,78460.0,79115.83333333333,208403
2023-07-12,75400.0,76400.0,75000.0,76300.0,74800.0,73660.0,78333.33333333333,79065.83333333333,363652
2023-07-13,76200.0,76600.0,75200.0,75400.0,75200.0,73830.0,78183.33333333333,79016.66666666667,396477
2023-07-14,75800.0,76400.0,75100.0,75400.0,75580.0,73930.0,78048.33333333333,78956.66666666667,221630
2023-07-17,75000.0,75900.0,74500.0,75400.0,75580.0,74040.0,77863.33333333333,78889.16666666667,228359
2023-07-18,75600.0,75600.0,73400.0,73600.0,75220.0,74015.0,77648.33333333333,78812.5,253230
2023-07-19,73500.0,73500.0,72400.0,72800.0,74520.0,74010.0,77436.66666666667,78735.0,296565
2023-07-20,72400.0,72800.0,71700.0,71900.0,73820.0,73950.0,77323.33333333333,78649.16666666667,269834
2023-07-21,72000.0,72300.0,71100.0,71300.0,73000.0,73900.0,77208.33333333333,78552.5,254088
2023-07-24,71300.0,71400.0,70100.0,70600.0,72040.0,73790.0,77090.0,78470.0,276638
2023-07-25,71000.0,71200.0,68700.0,69000.0,71120.0,73590.0,76913.33333333333,78374.16666666667,532032
2023-07-26,69100.0,69200.0,66600.0,68200.0,70200.0,73285.0,76728.33333333333,78282.5,450850
2023-07-27,68500.0,72100.0,68200.0,71900.0,70200.0,73220.0,76568.33333333333,78214.16666666667,539286
2023-07-28,71800.0,72700.0,70600.0,72300.0,70400.0,73165.0,76318.33333333333,78149.16666666667,352237
2023-07-31,74100.0,75900.0,73500.0,75300.0,71340.0,73190.0,76143.33333333333,78107.5,932984
2023-08-01,74800.0,75800.0,74700.0,75600.0,72660.0,73320.0,76001.66666666667,78069.16666666667,311790
2023-08-02,75900.0,75900.0,73100.0,73800.0,73780.0,73325.0,75856.66666666667,78007.5,265034
2023-08-03,73900.0,74500.0,73100.0,73500.0,74100.0,73330.0,75725.0,77939.16666666667,185041
2023-08-04,73100.0,75400.0,72900.0,75000.0,74640.0,73405.0,75620.0,77870.83333333333,308390
2023-08-07,74500.0,75600.0,74200.0,75100.0,74600.0,73390.0,75528.33333333333,77816.66666666667,202113
2023-08-08,75200.0,75300.0,74400.0,74500.0,74380.0,73345.0,75425.0,77760.0,152605
2023-08-09,74700.0,74700.0,73700.0,74000.0,74420.0,73230.0,75313.33333333333,77708.33333333333,184318
2023-08-10,80600.0,87400.0,78600.0,86800.0,77080.0,73800.0,75420.0,77758.33333333333,5665204
2023-08-11,88500.0,91200.0,86300.0,89200.0,79920.0,74490.0,75545.0,77830.83333333333,2986868
2023-08-14,90000.0,93200.0,89900.0,91000.0,83100.0,75270.0,75703.33333333333,77905.0,2184833
2023-08-16,90000.0,91000.0,87200.0,90400.0,86280.0,76110.0,75835.0,77985.0,1209664
2023-08-17,89100.0,89800.0,86500.0,88900.0,89260.0,76915.0,75923.33333333333,78063.33333333333,854955
2023-08-18,88100.0,90800.0,87000.0,87800.0,89460.0,77710.0,75995.0,78131.66666666667,942180
2023-08-21,87100.0,88500.0,85000.0,86200.0,88860.0,78455.0,76066.66666666667,78185.83333333333,634647
2023-08-22,86800.0,87800.0,85400.0,85800.0,87820.0,79215.0,76156.66666666667,78245.83333333333,385168
2023-08-23,85800.0,87000.0,85300.0,85600.0,86860.0,80045.0,76238.33333333333,78290.83333333333,296366
2023-08-24,86100.0,87500.0,85100.0,87100.0,86500.0,80990.0,76348.33333333333,78355.83333333333,503746
2023-08-25,87000.0,89700.0,86600.0,88500.0,86640.0,81820.0,76536.66666666667,78443.33333333333,681267
2023-08-28,91000.0,94000.0,89600.0,89900.0,87380.0,82700.0,76728.33333333333,78539.16666666667,1374396
2023-08-29,90800.0,90900.0,87500.0,87600.0,87740.0,83315.0,76883.33333333333,78624.16666666667,563340
2023-08-30,87800.0,88500.0,87100.0,87600.0,88140.0,83915.0,77043.33333333333,78715.0,413453
2023-08-31,87400.0,89200.0,85900.0,88200.0,88360.0,84635.0,77215.0,78809.16666666667,644303
2023-09-01,88700.0,91000.0,87900.0,88200.0,88300.0,85370.0,77413.33333333333,78912.5,536712
2023-09-04,88500.0,88900.0,86700.0,88000.0,87920.0,86020.0,77598.33333333333,79013.33333333333,333748
2023-09-05,88200.0,90300.0,88000.0,88400.0,88080.0,86685.0,77836.66666666667,79140.0,318749
2023-09-06,88600.0,89900.0,87800.0,88900.0,88340.0,87405.0,78088.33333333333,79276.66666666667,361877
2023-09-07,88500.0,89400.0,86700.0,86900.0,88080.0,88050.0,78313.33333333333,79402.5,365091
2023-09-08,87300.0,88100.0,86600.0,88100.0,88060.0,88115.0,78581.66666666667,79528.33333333333,247342
2023-09-11,88300.0,90500.0,86600.0,89900.0,88440.0,88150.0,78856.66666666667,79653.33333333333,521450
2023-09-12,89900.0,89900.0,86800.0,87000.0,88160.0,87950.0,79086.66666666667,79744.16666666667,345827
2023-09-13,86700.0,87500.0,85500.0,86200.0,87620.0,87740.0,79288.33333333333,79826.66666666667,283696
2023-09-14,86600.0,87800.0,86200.0,86200.0,87480.0,87605.0,79510.0,79887.5,280851
2023-09-15,86900.0,89300.0,86700.0,88100.0,87480.0,87620.0,79760.0,79967.5,418586
2023-09-18,87900.0,91200.0,87500.0,90100.0,87520.0,87815.0,80056.66666666667,80057.5,550023
2023-09-19,90300.0,90500.0,88700.0,89300.0,87980.0,87990.0,80331.66666666667,80145.0,229526
2023-09-20,89300.0,89400.0,87100.0,88300.0,88400.0,88125.0,80586.66666666667,80207.5,275857
2023-09-21,87900.0,87900.0,84800.0,86000.0,88360.0,88070.0,80781.66666666667,80251.66666666667,459989
2023-09-22,85000.0,85500.0,84000.0,84700.0,87680.0,87880.0,80973.33333333333,80278.33333333333,341734
2023-09-25,84400.0,88200.0,84400.0,87100.0,87080.0,87740.0,81201.66666666667,80316.66666666667,427890
2023-09-26,86400.0,86400.0,82600.0,83300.0,85880.0,87525.0,81343.33333333333,80329.16666666667,468760
2023-09-27,82700.0,85000.0,82500.0,84700.0,85160.0,87380.0,81538.33333333333,80348.33333333333,273661
2023-10-04,83200.0,83400.0,78800.0,79100.0,83780.0,86925.0,81628.33333333333,80329.16666666667,676659
2023-10-05,79600.0,80900.0,78500.0,78600.0,82560.0,86445.0,81715.0,80300.0,251774
2023-10-06,78400.0,79400.0,76800.0,77300.0,80600.0,85910.0,81778.33333333333,80261.66666666667,372039
2023-10-10,77000.0,77100.0,72200.0,72500.0,78440.0,85115.0,81730.0,80170.0,921503
2023-10-11,73700.0,74000.0,72600.0,73000.0,76100.0,84320.0,81690.0,80075.0,469562
2023-10-12,73300.0,74000.0,72600.0,72900.0,74860.0,83620.0,81633.33333333333,79983.33333333333,465477
2023-10-13,73200.0,73300.0,71500.0,72000.0,73540.0,82815.0,81576.66666666667,79880.0,363394
2023-10-16,71300.0,71400.0,69800.0,70400.0,72160.0,81840.0,81493.33333333333,79770.83333333333,482113
2023-10-17,70700.0,71600.0,70400.0,70500.0,71760.0,81015.0,81411.66666666667,79637.5,279338
2023-10-18,70900.0,71000.0,69700.0,69800.0,71120.0,80195.0,81348.33333333333,79498.33333333333,326701
2023-10-19,69300.0,69400.0,68400.0,68600.0,70260.0,79315.0,81278.33333333333,79357.5,390093
2023-10-20,67800.0,68400.0,66800.0,67900.0,69440.0,78305.0,81211.66666666667,79267.5,378571
2023-10-23,67900.0,69800.0,67500.0,69400.0,69240.0,77270.0,81180.0,79194.16666666667,271173
2023-10-24,69900.0,70800.0,68500.0,70600.0,69260.0,76335.0,81180.0,79135.0,321340
2023-10-25,70700.0,72500.0,70600.0,71600.0,69620.0,75500.0,81223.33333333333,79068.33333333333,478988
2023-10-26,70200.0,71300.0,69200.0,69900.0,69880.0,74695.0,81251.66666666667,78990.0,368629
2023-10-27,70300.0,71100.0,67600.0,68500.0,70000.0,73885.0,81195.0,78881.66666666667,670349
2023-10-30,61000.0,61200.0,57900.0,60800.0,68280.0,72570.0,81003.33333333333,78660.83333333333,2286287
2023-10-31,61400.0,64100.0,61200.0,62300.0,66620.0,71520.0,80786.66666666667,78465.0,843929
2023-11-01,62600.0,62800.0,60200.0,61300.0,64560.0,70350.0,80548.33333333333,78275.0,679945
2023-11-02,62100.0,62800.0,61500.0,61800.0,62940.0,69485.0,80348.33333333333,78102.5,372942
2023-11-03,62300.0,65600.0,62300.0,65000.0,62240.0,68805.0,80206.66666666667,77965.83333333333,803886
2023-11-06,70900.0,70900.0,66600.0,68800.0,63840.0,68380.0,80103.33333333333,77861.66666666667,1435719
2023-11-07,69000.0,70600.0,65600.0,66700.0,64720.0,68090.0,79963.33333333333,77745.83333333333,849454
2023-11-08,67400.0,68700.0,66600.0,67000.0,65860.0,67790.0,79838.33333333333,77631.66666666667,545126
2023-11-09,66900.0,67500.0,66000.0,66900.0,66880.0,67490.0,79720.0,77516.66666666667,354387
2023-11-10,66300.0,66700.0,65100.0,65300.0,66940.0,67155.0,79361.66666666667,77390.83333333333,337967
2023-11-13,65800.0,66100.0,64400.0,64500.0,66080.0,66860.0,78950.0,77247.5,226406
2023-11-14,64900.0,65800.0,64700.0,65500.0,65840.0,66610.0,78525.0,77114.16666666667,228188
2023-11-15,66500.0,67900.0,66200.0,67700.0,65980.0,66505.0,78146.66666666667,76990.83333333333,452574
2023-11-16,67800.0,68000.0,66800.0,67000.0,66000.0,66425.0,77781.66666666667,76852.5,250378
2023-11-17,67000.0,67000.0,65600.0,65800.0,66100.0,66320.0,77415.0,76705.0,289036
2023-11-20,66000.0,67300.0,65700.0,67100.0,66620.0,66205.0,77096.66666666667,76581.66666666667,266319
2023-11-21,67400.0,68800.0,67100.0,68500.0,67220.0,66100.0,76808.33333333333,76482.5,472175
2023-11-22,68000.0,68700.0,67700.0,68100.0,67300.0,65925.0,76516.66666666667,76377.5,242479
2023-11-23,68100.0,68100.0,66900.0,67300.0,67360.0,65795.0,76186.66666666667,76267.5,231779
2023-11-24,67300.0,67300.0,66300.0,66500.0,67500.0,65695.0,75820.0,76178.33333333333,252571
2023-11-27,66700.0,67100.0,66200.0,66800.0,67440.0,65995.0,75435.0,76081.66666666667,181813
2023-11-28,66700.0,67000.0,65300.0,65400.0,66820.0,66150.0,75065.0,75974.16666666667,447792
2023-11-29,65400.0,65700.0,64300.0,64600.0,66120.0,66315.0,74681.66666666667,75862.5,354639
2023-11-30,64600.0,66100.0,64500.0,65600.0,65780.0,66505.0,74305.0,75760.0,532943
2023-12-01,65500.0,66000.0,65200.0,65300.0,65540.0,66520.0,73923.33333333333,75668.33333333333,236325
2023-12-04,65300.0,65600.0,64600.0,64900.0,65160.0,66325.0,73538.33333333333,75568.33333333333,180659
2023-12-05,64600.0,65200.0,64300.0,64800.0,65040.0,66230.0,73145.0,75490.83333333333,203628
2023-12-06,65000.0,65400.0,64700.0,64800.0,65080.0,66120.0,72743.33333333333,75415.83333333333,162228
2023-12-07,64800.0,64900.0,64300.0,64400.0,64840.0,65995.0,72368.33333333333,75340.83333333333,142291
2023-12-08,64600.0,64800.0,64100.0,64300.0,64640.0,65945.0,71971.66666666667,75276.66666666667,221555
2023-12-11,64600.0,65000.0,64300.0,64800.0,64620.0,65960.0,71553.33333333333,75205.0,255578
2023-12-12,65100.0,65400.0,64800.0,65000.0,64660.0,65935.0,71186.66666666667,75136.66666666667,151769
2023-12-13,65000.0,65300.0,64300.0,64400.0,64580.0,65770.0,70823.33333333333,75055.83333333333,167640
2023-12-14,64900.0,65800.0,64700.0,65600.0,64820.0,65700.0,70480.0,74995.0,300341
2023-12-15,65500.0,66200.0,65500.0,66000.0,65160.0,65710.0,70111.66666666667,74935.83333333333,203230
2023-12-18,65800.0,65900.0,65000.0,65500.0,65300.0,65630.0,69701.66666666667,74879.16666666667,220873
2023-12-19,65000.0,65800.0,65000.0,65700.0,65440.0,65490.0,69308.33333333333,74820.0,162752
2023-12-20,65800.0,66200.0,65300.0,65800.0,65720.0,65375.0,68933.33333333333,74760.0,236695
2023-12-21,65300.0,66100.0,64900.0,65200.0,65640.0,65270.0,68586.66666666667,74684.16666666667,263799
2023-12-22,65100.0,65200.0,64600.0,64700.0,65380.0,65180.0,68253.33333333333,74613.33333333333,229912
2023-12-26,65100.0,65100.0,64500.0,64800.0,65240.0,65080.0,67881.66666666667,74541.66666666667,203247
2023-12-27,64600.0,65000.0,63900.0,64300.0,64960.0,65025.0,67565.0,74454.16666666667,207561
2023-12-28,64400.0,65400.0,64300.0,65400.0,64880.0,65065.0,67243.33333333333,74390.83333333333,230139
2024-01-02,65200.0,65800.0,64800.0,65600.0,64960.0,65065.0,67018.33333333333,74323.33333333333,176096
2024-01-03,65300.0,65400.0,64400.0,64500.0,64920.0,65025.0,66783.33333333333,74249.16666666667,246671
2024-01-04,64200.0,64600.0,62600.0,63200.0,64600.0,64940.0,66548.33333333333,74163.33333333333,424659
2024-01-05,63300.0,63500.0,62500.0,62800.0,64300.0,64840.0,66386.66666666667,74058.33333333333,272265
2024-01-08,63000.0,63300.0,62200.0,62300.0,63680.0,64715.0,66208.33333333333,73949.16666666667,213502
2024-01-09,63000.0,63300.0,62400.0,62900.0,63140.0,64640.0,66041.66666666667,73837.5,230087
2024-01-10,62500.0,63100.0,61600.0,61800.0,62600.0,64515.0,65871.66666666667,73724.16666666667,285994
2024-01-11,62100.0,62400.0,61400.0,62000.0,62360.0,64375.0,65731.66666666667,73612.5,282354
2024-01-12,61900.0,62000.0,60600.0,61000.0,62000.0,64175.0,65573.33333333333,73492.5,341210
2024-01-15,60800.0,60900.0,60500.0,60500.0,61640.0,63980.0,65418.333333333336,73383.33333333333,25380
2024-01-16,60100.0,60500.0,59100.0,59100.0,60880.0,63655.0,65260.0,73269.16666666667,376030
2024-01-17,59000.0,59500.0,57200.0,57400.0,60000.0,63225.0,65085.0,73148.33333333333,457428
2024-01-18,57400.0,58500.0,57100.0,57500.0,59100.0,62825.0,64886.666666666664,73033.33333333333,281011
2024-01-19,57800.0,58500.0,57100.0,57500.0,58400.0,62415.0,64668.333333333336,72924.16666666667,282805
2024-01-22,57500.0,58600.0,57000.0,58600.0,58020.0,62055.0,64451.666666666664,72837.5,234359
2024-01-23,58400.0,60000.0,58000.0,59600.0,58120.0,61775.0,64280.0,72765.83333333333,247792
2024-01-24,59800.0,59800.0,58800.0,59400.0,58520.0,61510.0,64128.333333333336,72661.66666666667,133028
2024-01-25,59600.0,59700.0,58700.0,59500.0,58920.0,61245.0,64106.666666666664,72555.0,138076
2024-01-26,59600.0,60600.0,59100.0,60100.0,59440.0,61035.0,64070.0,72428.33333333333,200595
2024-01-29,60500.0,60500.0,58100.0,59500.0,59620.0,60740.0,64040.0,72294.16666666667,406742
2024-01-30,59900.0,59900.0,58600.0,58700.0,59440.0,60395.0,63988.333333333336,72168.33333333333,327637
2024-01-31,58500.0,58700.0,57600.0,58300.0,59220.0,60085.0,63876.666666666664,72041.66666666667,252482
2024-02-01,57800.0,59200.0,57800.0,58900.0,59100.0,59870.0,63711.666666666664,71907.5,267149
2024-02-02,59000.0,60300.0,58600.0,59700.0,59020.0,59715.0,63595.0,71779.16666666667,302861
2024-02-05,60000.0,61300.0,59100.0,60500.0,59220.0,59625.0,63486.666666666664,71662.5,352136
2024-02-06,60600.0,61400.0,60200.0,60800.0,59640.0,59520.0,63385.0,71552.5,369972
2024-02-07,60800.0,61800.0,60400.0,60900.0,60160.0,59475.0,63311.666666666664,71336.66666666667,262608
2024-02-08,60900.0,61700.0,60300.0,60600.0,60500.0,59405.0,63246.666666666664,71098.33333333333,415068
2024-02-13,61000.0,61000.0,59100.0,59300.0,60420.0,59320.0,63143.333333333336,70834.16666666667,527771
2024-02-14,59000.0,59800.0,58700.0,59100.0,60140.0,59250.0,63000.0,70573.33333333333,215318
2024-02-15,59600.0,59700.0,59200.0,59400.0,59860.0,59265.0,62873.333333333336,70327.5,148773
2024-02-16,59900.0,60700.0,59500.0,60700.0,59820.0,59430.0,62788.333333333336,70101.66666666667,228332
2024-02-19,60700.0,61800.0,60600.0,61500.0,60000.0,59630.0,62695.0,69895.83333333333,302978
2024-02-20,61300.0,61400.0,60300.0,60500.0,60240.0,59780.0,62561.666666666664,69685.0,158624
2024-02-21,61000.0,61800.0,60800.0,61300.0,60680.0,59915.0,62448.333333333336,69482.5,272283
2024-02-22,61800.0,61800.0,61000.0,61000.0,61000.0,59985.0,62343.333333333336,69265.0,144605
2024-02-23,61000.0,61200.0,60500.0,60700.0,61000.0,60050.0,62246.666666666664,69033.33333333333,207462
2024-02-26,60700.0,61100.0,60500.0,60500.0,60800.0,60100.0,62141.666666666664,68788.33333333333,196460
2024-02-27,60400.0,60800.0,59800.0,59900.0,60680.0,60090.0,62050.0,68557.5,240413
2024-02-28,60200.0,61900.0,60200.0,61700.0,60760.0,60200.0,62001.666666666664,68341.66666666667,500375
2024-02-29,61300.0,62000.0,60100.0,60100.0,60580.0,60270.0,61910.0,68107.5,3520750
2024-03-04,60800.0,61400.0,59400.0,59400.0,60320.0,60325.0,61811.666666666664,67867.5,676644
2024-03-05,59500.0,60000.0,59100.0,59100.0,60040.0,60335.0,61715.0,67626.66666666667,338208
2024-03-06,59100.0,59500.0,58900.0,59200.0,59900.0,60310.0,61621.666666666664,67383.33333333333,187501
2024-03-07,58700.0,58900.0,58000.0,58100.0,59180.0,60190.0,61510.0,67126.66666666667,394752
2024-03-08,58600.0,58700.0,57400.0,57900.0,58740.0,60045.0,61401.666666666664,66885.0,386285
2024-03-11,58400.0,59400.0,58200.0,58900.0,58640.0,59945.0,61311.666666666664,66641.66666666667,322442
2024-03-12,59300.0,60200.0,58800.0,59400.0,58700.0,59885.0,61221.666666666664,66387.5,321199
2024-03-13,59500.0,59600.0,58800.0,59000.0,58660.0,59870.0,61121.666666666664,66154.16666666667,225988
2024-03-14,58800.0,59500.0,58200.0,58200.0,58680.0,59825.0,61018.333333333336,65920.83333333333,458576
2024-03-15,58200.0,58400.0,57600.0,58000.0,58700.0,59755.0,60891.666666666664,65685.83333333333,344970
2024-03-18,58100.0,58200.0,57500.0,57800.0,58480.0,59610.0,60755.0,65433.333333333336,250740
2024-03-19,57700.0,57800.0,57200.0,57200.0,58040.0,59395.0,60616.666666666664,65159.166666666664,304879
2024-03-20,57700.0,57700.0,57000.0,57500.0,57740.0,59245.0,60480.0,64894.166666666664,213029
2024-03-21,57600.0,57800.0,57200.0,57500.0,57600.0,59055.0,60341.666666666664,64637.5,312095
2024-03-22,57500.0,58400.0,57500.0,58000.0,57600.0,58905.0,60221.666666666664,64404.166666666664,262605
2024-03-25,58000.0,58100.0,57600.0,57800.0,57600.0,58760.0,60106.666666666664,64180.0,162376
2024-03-26,58200.0,60300.0,58100.0,60200.0,58200.0,58745.0,60030.0,63955.833333333336,689234
2024-03-27,60500.0,61100.0,60000.0,60600.0,58820.0,58780.0,59968.333333333336,63766.666666666664,454369
2024-03-28,61200.0,61800.0,60500.0,60600.0,59440.0,58725.0,59888.333333333336,63565.833333333336,441607
2024-03-29,61100.0,61100.0,59700.0,60000.0,59840.0,58720.0,59795.0,63406.666666666664,308564
2024-04-01,60400.0,63000.0,60300.0,62900.0,60860.0,58895.0,59768.333333333336,63275.833333333336,1040425
2024-04-02,62500.0,63000.0,61700.0,62800.0,61380.0,59080.0,59761.666666666664,63155.0,535420
2024-04-03,62300.0,62400.0,61200.0,61300.0,61520.0,59185.0,59736.666666666664,63061.666666666664,393447
2024-04-04,61000.0,61100.0,59400.0,59800.0,61360.0,59270.0,59695.0,62951.666666666664,512765
2024-04-05,59200.0,60500.0,59200.0,59800.0,61320.0,59365.0,59643.333333333336,62842.5,218812
2024-04-08,60200.0,60200.0,59400.0,59700.0,60680.0,59405.0,59608.333333333336,62740.0,168675
2024-04-09,60000.0,60500.0,59500.0,59800.0,60080.0,59425.0,59571.666666666664,62651.666666666664,167575
2024-04-11,59400.0,59500.0,58400.0,58800.0,59580.0,59415.0,59535.0,62554.166666666664,273738
2024-04-12,58800.0,59200.0,58300.0,58400.0,59300.0,59425.0,59500.0,62459.166666666664,211727
2024-04-15,57500.0,58000.0,57100.0,57300.0,58800.0,59390.0,59470.0,62365.0,382750
2024-04-16,57300.0,57300.0,55700.0,55700.0,58000.0,59285.0,59441.666666666664,62263.333333333336,487734
2024-04-17,55500.0,57100.0,55500.0,55900.0,57220.0,59220.0,59415.0,62150.833333333336,190288
2024-04-18,55900.0,57300.0,55900.0,57200.0,56900.0,59205.0,59410.0,62039.166666666664,172343
2024-04-19,56700.0,57800.0,56400.0,57600.0,56740.0,59210.0,59393.333333333336,61922.5,214034
2024-04-22,58100.0,58500.0,57700.0,58000.0,56880.0,59210.0,59366.666666666664,61823.333333333336,149986
2024-04-23,58000.0,58200.0,57200.0,57200.0,57180.0,59180.0,59330.0,61729.166666666664,152864
2024-04-24,57700.0,57900.0,57200.0,57600.0,57520.0,59050.0,59298.333333333336,61702.5,150937
2024-04-25,57200.0,57900.0,56800.0,57000.0,57480.0,58870.0,59246.666666666664,61658.333333333336,130142
2024-04-26,57300.0,57800.0,57000.0,57600.0,57480.0,58720.0,59215.0,61627.5,92736
2024-04-29,57900.0,59300.0,57800.0,58800.0,57640.0,58660.0,59216.666666666664,61602.5,289686
2024-04-30,59200.0,60700.0,59100.0,59600.0,58120.0,58495.0,59238.333333333336,61557.5,521966
2024-05-02,58100.0,58200.0,57000.0,57500.0,58100.0,58230.0,59215.0,61463.333333333336,689822
2024-05-03,57700.0,58600.0,57700.0,58300.0,58360.0,58080.0,59191.666666666664,61393.333333333336,287471
2024-05-07,58800.0,59400.0,58500.0,59000.0,58640.0,58040.0,59166.666666666664,61326.666666666664,235200
2024-05-08,59100.0,59300.0,58600.0,58900.0,58660.0,57995.0,59135.0,61260.0,210133
2024-05-09,59400.0,60400.0,59200.0,59600.0,58660.0,57990.0,59113.333333333336,61212.5,436135
2024-05-10,60000.0,60100.0,59300.0,59600.0,59080.0,57980.0,59096.666666666664,61171.666666666664,159801
2024-05-13,60100.0,60100.0,58400.0,58600.0,59140.0,57970.0,59085.0,61114.166666666664,196683
2024-05-14,58900.0,59100.0,58000.0,58200.0,58980.0,57960.0,59070.0,61035.0,151943
2024-05-16,58700.0,58800.0,58100.0,58300.0,58860.0,58010.0,59051.666666666664,60962.5,162383
2024-05-17,58300.0,59000.0,58200.0,58500.0,58640.0,58150.0,59015.0,60901.666666666664,106227
2024-05-20,58900.0,58900.0,57700.0,57800.0,58280.0,58245.0,58953.333333333336,60824.166666666664,205222
2024-05-21,57700.0,57900.0,57300.0,57500.0,58060.0,58260.0,58903.333333333336,60732.5,147006
2024-05-22,57600.0,57600.0,56800.0,57000.0,57820.0,58230.0,58831.666666666664,60640.0,315308
2024-05-23,56900.0,57200.0,56600.0,56700.0,57500.0,58165.0,58760.0,60551.666666666664,181081
2024-05-24,56400.0,56700.0,56200.0,56700.0,57140.0,58140.0,58693.333333333336,60470.0,140597
2024-05-27,57100.0,58000.0,56700.0,57200.0,57020.0,58120.0,58638.333333333336,60390.0,221827
2024-05-28,57200.0,57200.0,56600.0,56800.0,56880.0,58110.0,58586.666666666664,60318.333333333336,170049
2024-05-29,56600.0,56600.0,55900.0,56200.0,56720.0,58040.0,58495.0,60248.333333333336,249288
2024-05-30,55800.0,56100.0,55600.0,55700.0,56520.0,57885.0,58421.666666666664,60165.833333333336,192417
2024-05-31,55800.0,57100.0,55800.0,56900.0,56560.0,57750.0,58380.0,60095.833333333336,268117
2024-06-03,57200.0,57300.0,56500.0,56900.0,56500.0,57720.0,58343.333333333336,60029.166666666664,125437
2024-06-04,57000.0,57100.0,56800.0,56800.0,56500.0,57645.0,58303.333333333336,59962.5,123362
2024-06-05,56900.0,57200.0,56500.0,56500.0,56560.0,57520.0,58276.666666666664,59893.333333333336,136118
2024-06-07,56800.0,57100.0,56400.0,56400.0,56700.0,57395.0,58251.666666666664,59826.666666666664,131512
2024-06-10,56200.0,56300.0,55700.0,55700.0,56460.0,57200.0,58198.333333333336,59755.0,211007
2024-06-11,55900.0,56200.0,55800.0,56000.0,56280.0,57020.0,58141.666666666664,59681.666666666664,107428
2024-06-12,56000.0,56300.0,55700.0,55900.0,56100.0,56885.0,58090.0,59605.833333333336,148964
2024-06-13,56000.0,56300.0,55800.0,55900.0,55980.0,56770.0,58051.666666666664,59535.0,183328
2024-06-14,55800.0,56200.0,55600.0,55800.0,55860.0,56645.0,58015.0,59453.333333333336,169097
2024-06-17,56000.0,56100.0,55700.0,56100.0,55940.0,56525.0,57986.666666666664,59370.833333333336,88134
2024-06-18,56100.0,56300.0,55500.0,55500.0,55840.0,56410.0,57958.333333333336,59287.5,177760
2024-06-19,55600.0,55700.0,55000.0,55300.0,55720.0,56300.0,57921.666666666664,59200.833333333336,209147
2024-06-20,55400.0,55600.0,55200.0,55400.0,55620.0,56220.0,57886.666666666664,59114.166666666664,97903
2024-06-21,55500.0,55600.0,55000.0,55200.0,55500.0,56145.0,57840.0,59030.833333333336,188376
2024-06-24,55100.0,55300.0,54900.0,55000.0,55280.0,56060.0,57793.333333333336,58950.0,114172
2024-06-25,55300.0,55400.0,54900.0,55000.0,55180.0,55950.0,57706.666666666664,58868.333333333336,132030
2024-06-26,55000.0,55100.0,54400.0,54600.0,55040.0,55840.0,57606.666666666664,58787.5,183415
2024-06-27,54400.0,54400.0,53600.0,53600.0,54680.0,55710.0,57490.0,58689.166666666664,288317
2024-06-28,53600.0,53800.0,53400.0,53600.0,54360.0,55605.0,57383.333333333336,58589.166666666664,123426
2024-07-01,53700.0,53900.0,53100.0,53800.0,54120.0,55450.0,57231.666666666664,58500.0,89248
2024-07-02,53600.0,53600.0,52700.0,52700.0,53660.0,55240.0,57063.333333333336,58412.5,187506
2024-07-03,52700.0,53300.0,52500.0,52600.0,53260.0,55030.0,56918.333333333336,58327.5,127731
2024-07-04,52500.0,53000.0,51000.0,51300.0,52800.0,54770.0,56776.666666666664,58235.833333333336,348837
2024-07-05,51400.0,52200.0,51400.0,51700.0,52420.0,54535.0,56641.666666666664,58142.5,157147
2024-07-08,51600.0,52600.0,51500.0,52400.0,52140.0,54370.0,56520.0,58064.166666666664,106855
2024-07-09,52300.0,53600.0,52300.0,53300.0,52260.0,54235.0,56411.666666666664,57991.666666666664,153253
2024-07-10,53200.0,53200.0,52900.0,53000.0,52340.0,54090.0,56315.0,57925.0,70737
2024-07-11,53400.0,53700.0,52700.0,53700.0,52820.0,53980.0,56236.666666666664,57868.333333333336,157325
2024-07-12,53500.0,54000.0,53500.0,53900.0,53260.0,53885.0,56180.0,57825.0,101495
2024-07-15,53900.0,54000.0,53000.0,53000.0,53380.0,53730.0,56135.0,57788.333333333336,95635
2024-07-16,53400.0,53400.0,51800.0,51900.0,53100.0,53550.0,56068.333333333336,57741.666666666664,178975
2024-07-17,52200.0,53100.0,52000.0,52800.0,53060.0,53425.0,55995.0,57702.5,111476
2024-07-18,53000.0,53000.0,52100.0,52500.0,52820.0,53280.0,55910.0,57651.666666666664,102025
2024-07-19,52200.0,52200.0,51400.0,51800.0,52400.0,53110.0,55806.666666666664,57586.666666666664,138958
2024-07-22,52000.0,52000.0,51100.0,51500.0,52100.0,52935.0,55711.666666666664,57520.833333333336,101048
2024-07-23,51500.0,51800.0,49850.0,50200.0,51760.0,52695.0,55588.333333333336,57443.333333333336,320504
2024-07-24,50000.0,50600.0,50000.0,50400.0,51280.0,52485.0,55478.333333333336,57362.5,97042
2024-07-25,50000.0,50100.0,49500.0,50000.0,50780.0,52305.0,55351.666666666664,57283.333333333336,168131
2024-07-26,50300.0,51100.0,50100.0,50600.0,50540.0,52155.0,55215.0,57215.833333333336,130045
2024-07-29,50100.0,50300.0,48150.0,49750.0,50190.0,51952.5,55050.833333333336,57144.583333333336,288176
2024-07-30,50200.0,50200.0,48700.0,49000.0,49950.0,51767.5,54909.166666666664,57062.083333333336,176147
2024-07-31,48950.0,50400.0,48800.0,50000.0,49870.0,51637.5,54770.833333333336,56981.25,140637
2024-08-01,49700.0,50700.0,49700.0,50400.0,49950.0,51592.5,54627.5,56897.083333333336,85804
2024-08-02,49850.0,50200.0,49500.0,49850.0,49800.0,51500.0,54476.666666666664,56805.833333333336,150281
2024-08-05,49400.0,49400.0,44750.0,46050.0,49060.0,51182.5,54250.833333333336,56682.083333333336,416605
2024-08-06,46100.0,48750.0,46050.0,47000.0,48660.0,50867.5,54040.833333333336,56568.75,214070
2024-08-07,46050.0,48500.0,46050.0,48000.0,48260.0,50617.5,53864.166666666664,56474.583333333336,144133
2024-08-08,47450.0,48350.0,47350.0,47750.0,47730.0,50320.0,53690.0,56380.0,172288
2024-08-09,48050.0,48300.0,46550.0,46800.0,47120.0,49965.0,53498.333333333336,56275.0,189398
2024-08-12,47000.0,47700.0,46800.0,47600.0,47430.0,49695.0,53316.666666666664,56165.833333333336,79851
2024-08-13,47650.0,48000.0,46800.0,46800.0,47390.0,49440.0,53133.333333333336,56043.333333333336,82503
2024-08-14,47100.0,47500.0,46650.0,47500.0,47290.0,49175.0,52966.666666666664,55935.0,78461
2024-08-16,48100.0,48250.0,47450.0,47500.0,47240.0,48925.0,52808.333333333336,55820.0,79724
2024-08-19,47700.0,48000.0,47000.0,47350.0,47350.0,48702.5,52652.5,55706.25,66124
2024-08-20,47350.0,47750.0,47250.0,47600.0,47350.0,48507.5,52500.833333333336,55597.083333333336,58590
2024-08-21,47600.0,47950.0,47350.0,47800.0,47550.0,48387.5,52344.166666666664,55491.25,65399
2024-08-22,47950.0,48450.0,47600.0,47900.0,47630.0,48262.5,52195.833333333336,55391.25,81187
2024-08-23,47700.0,48000.0,47300.0,47800.0,47690.0,48152.5,52055.833333333336,55275.416666666664,73549
2024-08-26,47950.0,48550.0,47850.0,48350.0,47890.0,48040.0,51933.333333333336,55177.5,126707
2024-08-27,48500.0,48600.0,47950.0,48550.0,48080.0,47980.0,51794.166666666664,55087.083333333336,95275
2024-08-28,48500.0,48500.0,47550.0,47900.0,48100.0,47925.0,51644.166666666664,54993.75,151928
2024-08-29,47900.0,47900.0,47150.0,47500.0,48020.0,47800.0,51489.166666666664,54896.25,73297
2024-08-30,47750.0,47850.0,47450.0,47450.0,47950.0,47652.5,51338.333333333336,54807.5,76209
2024-09-02,47550.0,47600.0,46800.0,47050.0,47690.0,47512.5,51182.5,54717.083333333336,125794
2024-09-03,47200.0,48500.0,47000.0,47900.0,47560.0,47605.0,51052.5,54625.416666666664,172779
2024-09-04,47000.0,47050.0,45900.0,46200.0,47220.0,47565.0,50889.166666666664,54515.416666666664,250272
2024-09-05,46000.0,47350.0,46000.0,46500.0,47020.0,47490.0,50732.5,54411.25,132409
2024-09-06,46800.0,46800.0,45300.0,45350.0,46600.0,47370.0,50556.666666666664,54304.166666666664,169141
2024-09-09,44800.0,45450.0,44250.0,45350.0,46260.0,47297.5,50382.5,54198.75,95838
2024-09-10,45350.0,45700.0,44600.0,44750.0,45630.0,47155.0,50193.333333333336,54090.0,102548
2024-09-11,44800.0,45050.0,44300.0,44800.0,45350.0,47055.0,50015.0,53986.666666666664,163797
2024-09-12,44800.0,45950.0,44550.0,45550.0,45160.0,46957.5,49852.5,53887.083333333336,226289
2024-09-13,45850.0,46400.0,45400.0,45500.0,45190.0,46857.5,49687.5,53787.083333333336,64077
2024-09-19,46350.0,46600.0,44550.0,44900.0,45100.0,46735.0,49515.833333333336,53677.916666666664,135864
2024-09-20,45200.0,45350.0,44700.0,44900.0,45130.0,46600.0,49347.5,53570.416666666664,177857
2024-09-23,44900.0,45200.0,44700.0,45050.0,45180.0,46462.5,49181.666666666664,53444.166666666664,66037
2024-09-24,45100.0,45600.0,44900.0,45600.0,45190.0,46347.5,49031.666666666664,53319.166666666664,97504
2024-09-25,46100.0,48150.0,46100.0,46850.0,45460.0,46300.0,48919.166666666664,53204.583333333336,349771
2024-09-26,47100.0,47650.0,46650.0,47650.0,46010.0,46265.0,48820.0,53101.666666666664,106427
2024-09-27,47950.0,49450.0,47900.0,48850.0,46800.0,46280.0,48737.5,52984.583333333336,303742
2024-09-30,49300.0,49300.0,47700.0,47800.0,47350.0,46275.0,48655.833333333336,52859.583333333336,172089
2024-10-02,47600.0,47600.0,46550.0,46950.0,47620.0,46247.5,48561.666666666664,52740.0,123045
2024-10-04,47050.0,47050.0,46150.0,46150.0,47480.0,46182.5,48475.833333333336,52626.25,95171
2024-10-07,46500.0,47200.0,45800.0,46750.0,47300.0,46167.5,48393.333333333336,52517.5,119154
2024-10-08,46400.0,46750.0,45400.0,45600.0,46650.0,46052.5,48280.0,52400.0,184704
2024-10-10,45950.0,46450.0,45450.0,45950.0,46280.0,46040.0,48157.5,52284.583333333336,206561
2024-10-11,46400.0,46600.0,45500.0,45600.0,46010.0,45995.0,48034.166666666664,52174.583333333336,86538
2024-10-14,45600.0,45900.0,45100.0,45600.0,45900.0,46007.5,47899.166666666664,52067.916666666664,92682
2024-10-15,45750.0,46100.0,45550.0,45850.0,45720.0,46032.5,47765.0,51972.5,85426
2024-10-16,45450.0,45600.0,45050.0,45050.0,45610.0,46047.5,47632.5,51883.75,122662
2024-10-17,45100.0,45700.0,45100.0,45200.0,45460.0,46067.5,47520.833333333336,51794.583333333336,52957
2024-10-18,45450.0,45650.0,45000.0,45100.0,45360.0,46045.0,47392.5,51693.75,71878
2024-10-21,45100.0,45500.0,45050.0,45100.0,45260.0,46025.0,47269.166666666664,51589.583333333336,55727
2024-10-22,45050.0,45050.0,44150.0,44250.0,44940.0,45992.5,47143.333333333336,51475.0,127073
2024-10-23,44350.0,44550.0,43700.0,44200.0,44770.0,45957.5,47021.666666666664,51366.666666666664,90765
2024-10-24,44050.0,44200.0,43600.0,43700.0,44470.0,45890.0,46913.333333333336,51250.833333333336,67009
2024-10-25,43700.0,43800.0,42600.0,43000.0,44050.0,45760.0,46790.0,51134.166666666664,150098
2024-10-28,42650.0,43500.0,42600.0,43500.0,43730.0,45592.5,46681.666666666664,51016.666666666664,70969
2024-10-29,43250.0,43600.0,43100.0,43350.0,43550.0,45377.5,46560.833333333336,50887.916666666664,60983
2024-10-30,43350.0,43800.0,43150.0,43300.0,43370.0,45100.0,46453.333333333336,50752.083333333336,62988
2024-10-31,43300.0,44600.0,42750.0,44600.0,43550.0,44940.0,46380.0,50644.583333333336,133038
2024-11-01,44200.0,44250.0,43500.0,43600.0,43670.0,44772.5,46273.333333333336,50522.083333333336,77743
2024-11-04,42400.0,42400.0,40500.0,41050.0,43180.0,44517.5,46117.5,50372.5,591653
2024-11-05,40800.0,41100.0,40700.0,41050.0,42720.0,44232.5,45970.833333333336,50223.75,136276
2024-11-06,41000.0,41100.0,39900.0,40050.0,42070.0,43955.0,45870.833333333336,50060.833333333336,273333
2024-11-07,39750.0,40300.0,39650.0,40050.0,41160.0,43660.0,45755.0,49897.916666666664,136305
2024-11-08,40050.0,40400.0,39950.0,39950.0,40430.0,43377.5,45620.833333333336,49742.5,81734
2024-11-11,39650.0,39900.0,38650.0,38800.0,39980.0,43037.5,45471.666666666664,49580.833333333336,201959
2024-11-12,38700.0,38800.0,37700.0,37950.0,39360.0,42642.5,45324.166666666664,49411.25,206391
2024-11-13,37450.0,37950.0,36850.0,36900.0,38730.0,42235.0,45145.833333333336,49231.25,183611
2024-11-14,36850.0,38300.0,36750.0,38300.0,38380.0,41890.0,45004.166666666664,49068.75,261972
2024-11-15,38350.0,38350.0,37700.0,37900.0,37970.0,41530.0,44844.166666666664,48905.416666666664,102700
2024-11-18,37700.0,39350.0,37650.0,39300.0,38070.0,41240.0,44707.5,48757.916666666664,144544
2024-11-19,39200.0,39500.0,38900.0,39200.0,38320.0,40987.5,44571.666666666664,48612.083333333336,62861
2024-11-20,39000.0,39300.0,38650.0,39150.0,38770.0,40735.0,44430.833333333336,48465.833333333336,46769
2024-11-21,39150.0,39600.0,38850.0,39100.0,38930.0,40505.0,44285.833333333336,48315.0,63066
2024-11-22,39500.0,39500.0,38250.0,38750.0,39100.0,40292.5,44133.333333333336,48164.583333333336,69424
2024-11-25,39200.0,40150.0,38800.0,39800.0,39200.0,40107.5,44000.0,48027.916666666664,125136
2024-11-26,39400.0,39850.0,39150.0,39850.0,39330.0,39932.5,43858.333333333336,47895.833333333336,56765
2024-11-27,40000.0,40200.0,39500.0,40000.0,39500.0,39767.5,43715.833333333336,47755.0,80811
2024-11-28,40200.0,40400.0,39800.0,40250.0,39730.0,39550.0,43588.333333333336,47616.25,67326
2024-11-29,40400.0,40400.0,39050.0,39600.0,39900.0,39350.0,43456.666666666664,47472.916666666664,99580
2024-12-02,39900.0,39900.0,39050.0,39050.0,39750.0,39250.0,43316.666666666664,47327.5,68013
2024-12-03,39400.0,40300.0,39200.0,40050.0,39790.0,39200.0,43200.0,47191.25,97817
2024-12-04,39350.0,39600.0,38900.0,38950.0,39580.0,39145.0,43050.833333333336,47051.666666666664,126515
2024-12-05,38800.0,39100.0,37900.0,37900.0,39110.0,39037.5,42912.5,46900.833333333336,110648
2024-12-06,37800.0,38400.0,37200.0,38150.0,38820.0,38947.5,42773.333333333336,46752.916666666664,127043
2024-12-09,37900.0,37900.0,35900.0,35900.0,38190.0,38802.5,42615.833333333336,46586.25,208405
2024-12-10,36350.0,37850.0,36350.0,37400.0,37660.0,38775.0,42483.333333333336,46432.916666666664,104330
2024-12-11,37250.0,39100.0,37250.0,39000.0,37670.0,38880.0,42387.5,46290.416666666664,116195
2024-12-12,39400.0,39900.0,38850.0,39900.0,38070.0,38960.0,42305.833333333336,46160.416666666664,213552
2024-12-13,39750.0,39800.0,39050.0,39450.0,38330.0,39037.5,42204.166666666664,46028.333333333336,70340
2024-12-16,39500.0,39850.0,39250.0,39500.0,39050.0,39047.5,42104.166666666664,45895.833333333336,59117
2024-12-17,39500.0,39650.0,38900.0,39350.0,39440.0,39055.0,42011.666666666664,45763.75,106261
2024-12-18,39400.0,39400.0,38750.0,39050.0,39450.0,39050.0,41914.166666666664,45630.833333333336,124602
2024-12-19,38200.0,38500.0,37950.0,38400.0,39150.0,39015.0,41803.333333333336,45492.5,56524
2024-12-20,38100.0,38400.0,37250.0,38000.0,38860.0,38977.5,41676.666666666664,45354.166666666664,95619
2024-12-23,38100.0,38300.0,37600.0,38250.0,38610.0,38900.0,41533.333333333336,45226.25,65553
2024-12-24,38300.0,38650.0,38100.0,38250.0,38390.0,38820.0,41376.666666666664,45098.333333333336,65593
2024-12-26,38200.0,38900.0,37550.0,37550.0,38090.0,38697.5,41188.333333333336,44962.916666666664,131778
2024-12-27,37700.0,37700.0,36700.0,36850.0,37780.0,38527.5,41005.833333333336,44830.833333333336,80057
2024-12-30,36200.0,37200.0,36100.0,36900.0,37560.0,38392.5,40838.333333333336,44700.0,51907
2025-01-02,36750.0,37200.0,36600.0,36650.0,37240.0,38272.5,40680.0,44577.916666666664,59798
2025-01-03,36500.0,38150.0,36500.0,38150.0,37220.0,38177.5,40536.666666666664,44465.0,117999
2025-01-06,38150.0,38400.0,37800.0,38300.0,37370.0,38145.0,40415.0,44347.5,78961
2025-01-07,38400.0,38750.0,38250.0,38300.0,37660.0,38165.0,40287.5,44222.5,56750
2025-01-08,37900.0,39350.0,37900.0,39200.0,38120.0,38217.5,40180.833333333336,44107.5,104801
2025-01-09,39100.0,39600.0,38650.0,39400.0,38670.0,38392.5,40077.5,43988.333333333336,190625
2025-01-10,39050.0,39400.0,38450.0,38900.0,38820.0,38467.5,39961.666666666664,43863.333333333336,100342
2025-01-13,38550.0,38900.0,38000.0,38450.0,38850.0,38440.0,39851.666666666664,43742.083333333336,74410
2025-01-14,38600.0,38750.0,38150.0,38400.0,38870.0,38365.0,39738.333333333336,43629.583333333336,44565
2025-01-15,38400.0,39400.0,38400.0,39100.0,38850.0,38347.5,39638.333333333336,43515.416666666664,114718
2025-01-16,39350.0,39350.0,38900.0,39300.0,38830.0,38337.5,39541.666666666664,43405.416666666664,92773
2025-01-17,39050.0,39900.0,39050.0,39300.0,38910.0,38335.0,39459.166666666664,43301.25,140590
2025-01-20,39450.0,39450.0,38900.0,39250.0,39070.0,38345.0,39376.666666666664,43199.166666666664,60672
2025-01-21,39400.0,39650.0,38700.0,39300.0,39250.0,38390.0,39303.333333333336,43108.333333333336,85569
2025-01-22,39650.0,39650.0,39100.0,39100.0,39250.0,38445.0,39238.333333333336,43014.166666666664,59037
2025-01-23,39450.0,39500.0,38900.0,38950.0,39180.0,38480.0,39162.5,42922.083333333336,74529
2025-01-24,38950.0,39650.0,38950.0,39450.0,39210.0,38540.0,39097.5,42829.166666666664,103014
2025-01-31,39800.0,39850.0,37500.0,38300.0,39020.0,38577.5,39014.166666666664,42733.75,165424
2025-02-03,37500.0,37750.0,36300.0,37400.0,38640.0,38605.0,38894.166666666664,42637.083333333336,191131
2025-02-04,37400.0,38550.0,37350.0,38400.0,38500.0,38680.0,38807.5,42540.416666666664,134470
2025-02-05,38700.0,39250.0,38300.0,39200.0,38550.0,38807.5,38776.666666666664,42447.083333333336,124942
2025-02-06,39250.0,40000.0,39200.0,39900.0,38640.0,38895.0,38757.5,42364.166666666664,241790
2025-02-07,39550.0,39900.0,38900.0,39400.0,38860.0,38950.0,38746.666666666664,42308.75,71881
2025-02-10,39450.0,39750.0,38800.0,39600.0,39300.0,39015.0,38739.166666666664,42247.083333333336,72033
2025-02-11,39500.0,39950.0,39400.0,39750.0,39570.0,39042.5,38735.833333333336,42178.333333333336,63156
2025-02-12,39950.0,40650.0,39600.0,40100.0,39750.0,39077.5,38757.5,42114.583333333336,111161
2025-02-13,40050.0,40500.0,39900.0,40500.0,39870.0,39157.5,38800.0,42062.083333333336,148013
2025-02-14,40650.0,40800.0,39300.0,39650.0,39920.0,39217.5,38845.833333333336,41995.833333333336,129004
2025-02-17,39650.0,39700.0,39000.0,39550.0,39910.0,39275.0,38866.666666666664,41935.416666666664,54338
2025-02-18,39500.0,39550.0,39150.0,39350.0,39830.0,39287.5,38890.833333333336,41867.5,63313
2025-02-19,39300.0,40400.0,39250.0,40000.0,39810.0,39322.5,38902.5,41805.0,139743
2025-02-20,41100.0,42550.0,40700.0,41800.0,40070.0,39447.5,38945.833333333336,41758.75,511610
2025-02-21,42600.0,42600.0,41750.0,41800.0,40500.0,39575.0,38990.0,41710.416666666664,184366
2025-02-24,41100.0,41950.0,41000.0,41550.0,40900.0,39687.5,39030.833333333336,41658.333333333336,98299
2025-02-25,41300.0,41550.0,40450.0,40550.0,41140.0,39760.0,39060.833333333336,41597.083333333336,122432
2025-02-26,40650.0,41150.0,40100.0,41000.0,41340.0,39862.5,39080.833333333336,41540.416666666664,85067
2025-02-27,41000.0,41850.0,40300.0,41450.0,41270.0,39962.5,39107.5,41482.916666666664,108428
2025-02-28,40850.0,41250.0,39750.0,39800.0,40870.0,40037.5,39104.166666666664,41410.0,144400
2025-03-04,39450.0,39800.0,38800.0,39150.0,40390.0,40125.0,39085.833333333336,41337.083333333336,66880
2025-03-05,39150.0,39600.0,39050.0,39350.0,40150.0,40172.5,39081.666666666664,41269.166666666664,64156
2025-03-06,39600.0,40000.0,39300.0,39700.0,39890.0,40197.5,39092.5,41204.583333333336,67231
2025-03-07,39700.0,40600.0,39350.0,39900.0,39580.0,40197.5,39090.0,41145.0,80591
2025-03-10,39850.0,39900.0,39400.0,39550.0,39530.0,40205.0,39100.0,41075.416666666664,61238
2025-03-11,38200.0,39150.0,38200.0,38900.0,39480.0,40170.0,39116.666666666664,41014.583333333336,75978
2025-03-12,38900.0,39200.0,38650.0,39100.0,39430.0,40137.5,39132.5,40952.916666666664,41420
2025-03-13,39050.0,39700.0,38650.0,39700.0,39430.0,40117.5,39195.833333333336,40905.833333333336,115730
2025-03-14,39100.0,39350.0,38850.0,39150.0,39280.0,40050.0,39225.0,40854.166666666664,75339
2025-03-17,39150.0,39450.0,39050.0,39300.0,39230.0,40032.5,39230.0,40808.75,48621
2025-03-18,39650.0,39650.0,38850.0,38900.0,39230.0,40000.0,39213.333333333336,40759.583333333336,43977
2025-03-19,38650.0,39150.0,38600.0,38950.0,39200.0,39980.0,39205.0,40704.583333333336,46326
2025-03-20,39000.0,39300.0,38900.0,38950.0,39050.0,39927.5,39195.833333333336,40650.0,42347
2025-03-21,39150.0,40150.0,39150.0,40150.0,39250.0,39845.0,39209.166666666664,40610.416666666664,151037
2025-03-24,40500.0,41900.0,40350.0,40850.0,39560.0,39797.5,39239.166666666664,40576.666666666664,158449
2025-03-25,40650.0,41250.0,40100.0,40500.0,39880.0,39745.0,39274.166666666664,40538.75,59672
2025-03-26,40750.0,40750.0,40050.0,40500.0,40190.0,39742.5,39315.833333333336,40496.25,52260
2025-03-27,40100.0,41350.0,39950.0,40850.0,40570.0,39735.0,39359.166666666664,40446.25,89157
2025-03-28,41050.0,41050.0,39950.0,40150.0,40570.0,39670.0,39390.833333333336,40383.75,49042
2025-03-31,39700.0,39850.0,38100.0,38500.0,40100.0,39605.0,39406.666666666664,40297.5,282401
2025-04-01,38600.0,38800.0,37300.0,38000.0,39600.0,39547.5,39425.833333333336,40215.833333333336,198179
2025-04-02,38050.0,38250.0,37400.0,37700.0,39040.0,39465.0,39439.166666666664,40138.75,130266
2025-04-03,36650.0,37700.0,36200.0,37550.0,38380.0,39357.5,39454.166666666664,40067.083333333336,145808
2025-04-04,37350.0,40600.0,36700.0,40500.0,38450.0,39387.5,39493.333333333336,40015.0,284716
2025-04-07,39700.0,39700.0,37900.0,37950.0,38340.0,39307.5,39487.5,39951.25,179120
2025-04-08,38600.0,38750.0,37500.0,37600.0,38260.0,39242.5,39475.833333333336,39881.666666666664,108363
2025-04-09,37200.0,37850.0,36200.0,36200.0,37960.0,39097.5,39425.833333333336,39803.333333333336,142158
2025-04-10,37800.0,39050.0,37250.0,39050.0,38260.0,39065.0,39420.0,39748.75,206127
2025-04-11,38350.0,38950.0,38000.0,38700.0,37900.0,39042.5,39416.666666666664,39689.166666666664,80446
2025-04-14,38550.0,39400.0,38550.0,39150.0,38140.0,39035.0,39428.333333333336,39640.0,83197
2025-04-15,39100.0,40100.0,39100.0,39850.0,38590.0,39082.5,39452.5,39595.416666666664,137786
2025-04-16,39700.0,39700.0,38450.0,38500.0,39050.0,39060.0,39442.5,39540.416666666664,143645
2025-04-17,38400.0,38800.0,38000.0,38150.0,38870.0,39020.0,39423.333333333336,39482.5,127072
2025-04-18,38350.0,38700.0,38000.0,38600.0,38850.0,38942.5,39411.666666666664,39435.416666666664,51560
2025-04-21,38650.0,38700.0,38000.0,38400.0,38700.0,38820.0,39397.5,39387.083333333336,66755
2025-04-22,38350.0,38350.0,37850.0,37900.0,38310.0,38690.0,39374.166666666664,39338.75,74603
2025-04-23,38400.0,38700.0,38250.0,38550.0,38320.0,38592.5,39365.0,39301.666666666664,105520
2025-04-24,38600.0,39000.0,38550.0,38950.0,38480.0,38497.5,39365.0,39263.75,73862
2025-04-25,39100.0,39250.0,38650.0,39100.0,38580.0,38445.0,39359.166666666664,39228.333333333336,74588
2025-04-28,39700.0,44250.0,39550.0,44100.0,39720.0,38725.0,39455.833333333336,39235.0,1244862
2025-04-29,43650.0,44250.0,43550.0,44150.0,40970.0,39032.5,39568.333333333336,39231.25,241489
2025-04-30,43950.0,44750.0,43550.0,43950.0,42050.0,39345.0,39660.833333333336,39234.166666666664,167097
2025-05-02,44000.0,44450.0,43600.0,43900.0,43040.0,39662.5,39739.166666666664,39257.916666666664,135767
2025-05-07,44450.0,45200.0,44100.0,44200.0,44060.0,39847.5,39810.833333333336,39284.166666666664,251425
2025-05-08,44200.0,44450.0,43900.0,44050.0,44050.0,40152.5,39888.333333333336,39317.5,169028
2025-05-09,44100.0,44300.0,43000.0,43450.0,43910.0,40445.0,39952.5,39345.833333333336,119641
2025-05-12,43600.0,44400.0,43550.0,44100.0,43940.0,40840.0,40025.0,39380.416666666664,109884
2025-05-13,43700.0,44200.0,42550.0,42950.0,43750.0,41035.0,40072.5,39415.0,123784
2025-05-14,43350.0,43550.0,42700.0,43150.0,43540.0,41257.5,40116.666666666664,39458.333333333336,81454
2025-05-15,43100.0,45100.0,43000.0,44350.0,43600.0,41517.5,40195.0,39520.416666666664,238568
2025-05-16,44900.0,44900.0,43500.0,44000.0,43710.0,41725.0,40269.166666666664,39567.916666666664,111156
2025-05-19,44000.0,46450.0,44000.0,46400.0,44170.0,42120.0,40386.666666666664,39638.75,502211
2025-05-20,46500.0,48200.0,45450.0,48100.0,45200.0,42617.5,40521.666666666664,39712.083333333336,649448
2025-05-21,48050.0,48300.0,47150.0,47600.0,46090.0,43067.5,40618.333333333336,39782.083333333336,194815
2025-05-22,47900.0,49300.0,47550.0,48950.0,47010.0,43595.0,40737.5,39863.75,464814
2025-05-23,48700.0,48900.0,48000.0,48250.0,47860.0,44112.5,40849.166666666664,39940.0,166697
2025-05-26,48400.0,48625.0,47600.0,48500.0,48280.0,44610.0,40981.666666666664,40021.25,158615
2025-05-27,48200.0,49200.0,47800.0,48900.0,48440.0,45107.5,41113.333333333336,40097.083333333336,233787
2025-05-28,49500.0,50200.0,48650.0,48800.0,48680.0,45592.5,41235.833333333336,40171.666666666664,364885
2025-05-29,49250.0,49250.0,47900.0,48000.0,48490.0,45787.5,41372.5,40238.333333333336,274710
2025-05-30,48100.0,49700.0,48050.0,49600.0,48760.0,46060.0,41546.666666666664,40316.25,334711
2025-06-02,49550.0,50000.0,49000.0,49850.0,49030.0,46355.0,41721.666666666664,40401.666666666664,222221
2025-06-04,50300.0,50400.0,48850.0,49200.0,49090.0,46620.0,41880.0,40486.25,281338
2025-06-05,49000.0,49450.0,47600.0,48300.0,48990.0,46825.0,42020.0,40555.0,382754
2025-06-09,48550.0,50600.0,48550.0,50300.0,49450.0,47137.5,42199.166666666664,40649.583333333336,419209
2025-06-10,51300.0,52300.0,50800.0,52100.0,49950.0,47570.0,42419.166666666664,40767.916666666664,451426
2025-06-11,52900.0,53000.0,51300.0,52500.0,50480.0,47990.0,42642.5,40887.5,238117
2025-06-12,51800.0,52800.0,51800.0,52200.0,51080.0,48452.5,42850.833333333336,41023.333333333336,286682
2025-06-13,51800.0,52000.0,49850.0,50000.0,51420.0,48795.0,43031.666666666664,41128.333333333336,366139
2025-06-16,50200.0,50600.0,49500.0,50200.0,51400.0,49087.5,43213.333333333336,41221.666666666664,116563
2025-06-17,50500.0,50500.0,48800.0,49200.0,50820.0,49347.5,43385.0,41299.166666666664,308810
2025-06-18,48750.0,50500.0,48750.0,50100.0,50340.0,49532.5,43570.833333333336,41387.916666666664,208704
2025-06-19,50100.0,51400.0,50100.0,50500.0,50000.0,49652.5,43763.333333333336,41479.583333333336,191188
2025-06-20,50800.0,51800.0,50300.0,51700.0,50340.0,49857.5,43955.833333333336,41582.5,305683
2025-06-23,50400.0,51100.0,49900.0,51000.0,50500.0,49960.0,44125.0,41682.083333333336,202003
2025-06-24,52000.0,52000.0,50700.0,51600.0,50980.0,50127.5,44310.0,41792.083333333336,197394
2025-06-25,51600.0,53500.0,51100.0,52200.0,51400.0,50312.5,44505.0,41910.416666666664,369355
2025-06-26,52800.0,53300.0,51100.0,52000.0,51700.0,50467.5,44690.833333333336,42025.0,199987
2025-06-27,52300.0,52800.0,50700.0,51500.0,51660.0,50602.5,44880.0,42135.416666666664,194002
2025-06-30,51600.0,52200.0,51200.0,51700.0,51800.0,50787.5,45100.0,42253.333333333336,142206
2025-07-01,51800.0,51800.0,49150.0,50400.0,51560.0,50827.5,45306.666666666664,42366.25,312486
2025-07-02,50000.0,50500.0,49600.0,50300.0,51180.0,50850.0,45516.666666666664,42477.916666666664,204694
2025-07-03,50400.0,52000.0,50200.0,51400.0,51060.0,50960.0,45747.5,42600.833333333336,341323
2025-07-04,51700.0,51700.0,50500.0,50700.0,50900.0,51080.0,45917.5,42705.416666666664,136289
2025-07-07,50700.0,51600.0,50600.0,50800.0,50720.0,51105.0,46131.666666666664,42809.583333333336,134077
2025-07-08,51100.0,51300.0,49800.0,50600.0,50760.0,51030.0,46348.333333333336,42912.083333333336,214941
2025-07-09,50400.0,51200.0,49600.0,50100.0,50720.0,50910.0,46580.0,43002.916666666664,298342
2025-07-10,50100.0,50300.0,49500.0,49750.0,50390.0,50787.5,46758.333333333336,43089.166666666664,355135
2025-07-11,49750.0,50200.0,49300.0,49900.0,50230.0,50782.5,46945.0,43180.833333333336,220840
2025-07-14,49900.0,52500.0,49600.0,52300.0,50530.0,50887.5,47164.166666666664,43296.25,559766
2025-07-15,51800.0,52600.0,51400.0,52300.0,50870.0,51042.5,47371.666666666664,43412.083333333336,165719
2025-07-16,51900.0,52200.0,51000.0,51100.0,51070.0,51092.5,47581.666666666664,43512.083333333336,134275
2025-07-17,51900.0,52000.0,51000.0,51700.0,51460.0,51152.5,47807.5,43615.416666666664,148382
2025-07-18,52100.0,53000.0,51200.0,52100.0,51900.0,51172.5,48032.5,43722.083333333336,277106
2025-07-21,52000.0,52600.0,51500.0,52200.0,51880.0,51232.5,48262.5,43830.0,181850
2025-07-22,52400.0,54200.0,51900.0,52300.0,51880.0,51267.5,48502.5,43938.333333333336,413953
2025-07-23,52600.0,52800.0,51300.0,52400.0,52140.0,51277.5,48733.333333333336,44049.166666666664,150648
2025-07-24,52100.0,52500.0,51100.0,51200.0,52040.0,51237.5,48937.5,44151.25,176647
2025-07-25,50900.0,51900.0,50800.0,51400.0,51900.0,51232.5,49142.5,44250.833333333336,125842
2025-07-28,50900.0,50900.0,46800.0,47300.0,50920.0,51012.5,49195.833333333336,44325.833333333336,948266
2025-07-29,47550.0,47800.0,46750.0,46850.0,49830.0,50835.0,49240.833333333336,44404.583333333336,237140
2025-07-30,47050.0,47650.0,46950.0,47150.0,48780.0,50677.5,49294.166666666664,44477.5,227918
2025-07-31,46950.0,47500.0,46800.0,46900.0,47920.0,50452.5,49344.166666666664,44541.666666666664,134605
2025-08-01,46650.0,46800.0,45700.0,45800.0,46800.0,50207.5,49370.833333333336,44590.833333333336,143979
2025-08-04,45500.0,46900.0,45400.0,46750.0,46690.0,50005.0,49415.833333333336,44652.083333333336,91476
2025-08-05,47100.0,47300.0,46750.0,47000.0,46720.0,49825.0,49475.0,44713.75,99066
2025-08-06,46550.0,50300.0,46550.0,49250.0,47140.0,49782.5,49560.833333333336,44792.916666666664,653519
2025-08-07,50100.0,50900.0,49400.0,50100.0,47780.0,49800.0,49680.0,44876.25,235755
2025-08-08,50300.0,51800.0,49600.0,50600.0,48740.0,49835.0,49804.166666666664,44960.416666666664,281444
2025-08-11,50300.0,50900.0,49900.0,50600.0,49510.0,49750.0,49908.333333333336,45051.666666666664,149701
2025-08-12,50100.0,50600.0,49600.0,49650.0,50040.0,49617.5,50002.5,45135.833333333336,127241
2025-08-13,49700.0,49800.0,48800.0,49450.0,50080.0,49535.0,50053.333333333336,45220.0,145127
2025-08-14,49500.0,49950.0,49150.0,49700.0,50000.0,49435.0,50080.0,45300.833333333336,155738
2025-08-18,49250.0,50200.0,48900.0,49200.0,49720.0,49290.0,50106.666666666664,45362.5,110396
2025-08-19,49400.0,49550.0,48500.0,49100.0,49420.0,49135.0,50109.166666666664,45423.333333333336,88271
2025-08-20,49350.0,49350.0,48250.0,49050.0,49300.0,48972.5,50122.5,45485.833333333336,89765
2025-08-21,49500.0,49650.0,48900.0,49000.0,49210.0,48802.5,50130.833333333336,45556.25,65502
2025-08-22,48800.0,49450.0,47500.0,48250.0,48920.0,48655.0,50120.0,45616.666666666664,195321
2025-08-25,48350.0,48700.0,48200.0,48450.0,48770.0,48507.5,50114.166666666664,45675.0,52615
2025-08-26,48250.0,49550.0,48200.0,48850.0,48720.0,48585.0,50128.333333333336,45750.416666666664,131893
2025-08-27,49000.0,49050.0,47250.0,47400.0,48390.0,48612.5,50091.666666666664,45819.166666666664,231912
2025-08-28,47400.0,47450.0,46800.0,47300.0,48050.0,48620.0,50049.166666666664,45885.416666666664,115318
2025-08-29,47600.0,47600.0,46350.0,46900.0,47780.0,48620.0,50010.833333333336,45945.416666666664,171523
2025-09-01,46150.0,46950.0,46050.0,46450.0,47380.0,48652.5,49980.0,46000.0,143645
2025-09-02,46300.0,46450.0,45200.0,45600.0,46730.0,48595.0,49901.666666666664,46050.416666666664,183784
2025-09-03,45750.0,46150.0,45200.0,45900.0,46430.0,48540.0,49798.333333333336,46108.75,102259
2025-09-04,46050.0,49000.0,46050.0,47950.0,46560.0,48475.0,49722.5,46182.5,358418
2025-09-05,48050.0,48450.0,47800.0,47900.0,46760.0,48365.0,49650.833333333336,46250.833333333336,83888
2025-09-08,48250.0,48650.0,47800.0,48500.0,47170.0,48260.0,49625.833333333336,46328.75,97081
2025-09-09,49000.0,49600.0,48650.0,49050.0,47860.0,48182.5,49606.666666666664,46410.0,251180
2025-09-10,48950.0,49450.0,48650.0,48850.0,48450.0,48142.5,49600.833333333336,46492.916666666664,185348
2025-09-11,48850.0,49300.0,48400.0,49200.0,48700.0,48130.0,49585.833333333336,46578.333333333336,263523
2025-09-12,49250.0,51400.0,48950.0,50900.0,49300.0,48190.0,49592.5,46677.916666666664,430056
2025-09-15,51000.0,51300.0,50200.0,51000.0,49800.0,48280.0,49580.833333333336,46768.333333333336,139070
2025-09-16,51000.0,51300.0,50700.0,50900.0,50170.0,48370.0,49579.166666666664,46852.083333333336,145932
2025-09-17,50900.0,53000.0,50700.0,52500.0,50900.0,48542.5,49594.166666666664,46952.083333333336,442874
2025-09-18,53000.0,53400.0,52500.0,53000.0,51660.0,48742.5,49607.5,47056.25,294500
2025-09-22,55600.0,57300.0,55200.0,56400.0,52760.0,49150.0,49680.833333333336,47185.833333333336,572424
2025-09-23,56100.0,56400.0,55000.0,55700.0,53700.0,49512.5,49750.833333333336,47315.416666666664,284523
2025-09-24,55900.0,56000.0,54100.0,55000.0,54520.0,49820.0,49805.833333333336,47452.916666666664,321878
2025-09-25,55100.0,55100.0,53700.0,54000.0,54820.0,50150.0,49865.833333333336,47586.25,209595
2025-09-26,53500.0,53700.0,52900.0,53200.0,54860.0,50445.0,49914.166666666664,47715.416666666664,154821
2025-09-29,54200.0,54400.0,53200.0,53800.0,54340.0,50790.0,49954.166666666664,47850.833333333336,200901
2025-09-30,53300.0,53300.0,51000.0,51400.0,53480.0,51037.5,49965.833333333336,47941.666666666664,381618
2025-10-01,51700.0,51700.0,48900.0,49700.0,52420.0,51242.5,49947.5,48039.583333333336,606333
2025-10-02,49950.0,50400.0,49450.0,49800.0,51580.0,51437.5,49934.166666666664,48141.25,300092
2025-10-10,49600.0,50200.0,49050.0,49850.0,50910.0,51532.5,49930.0,48255.0,226598
2025-10-13,49550.0,50400.0,48850.0,50100.0,50170.0,51642.5,49935.833333333336,48347.083333333336,164168
2025-10-14,49700.0,50200.0,48650.0,48850.0,49660.0,51660.0,49918.333333333336,48431.666666666664,248764
2025-10-15,49200.0,49800.0,49050.0,49800.0,49680.0,51697.5,49876.666666666664,48520.416666666664,265342
2025-10-16,49700.0,49950.0,49225.0,49500.0,49620.0,51730.0,49830.0,48600.833333333336,261733
2025-10-17,49050.0,49300.0,48750.0,48950.0,49440.0,51717.5,49794.166666666664,48687.916666666664,227964
2025-10-20,49100.0,49900.0,48750.0,49800.0,49380.0,51662.5,49762.5,48785.0,229155
2025-10-21,49950.0,50000.0,48900.0,49300.0,49470.0,51577.5,49715.833333333336,48874.166666666664,273316
2025-10-22,49350.0,49700.0,49200.0,49600.0,49430.0,51512.5,49672.5,48967.5,177527
2025-10-23,49600.0,50400.0,49100.0,49250.0,49380.0,51350.0,49621.666666666664,49062.083333333336,209664
2025-10-24,49500.0,49600.0,49000.0,49150.0,49420.0,51157.5,49567.5,49150.416666666664,155320
2025-10-27,49300.0,49700.0,49200.0,49500.0,49360.0,50812.5,49539.166666666664,49238.333333333336,146019
2025-10-28,49650.0,50600.0,49500.0,49900.0,49480.0,50522.5,49514.166666666664,49328.333333333336,235941
2025-10-29,50200.0,50200.0,49050.0,49450.0,49450.0,50245.0,49550.0,49372.916666666664,180569
2025-10-30,49750.0,50000.0,49100.0,49200.0,49440.0,50005.0,49589.166666666664,49415.0,177888
2025-10-31,49200.0,49400.0,48650.0,48700.0,49350.0,49780.0,49615.0,49454.583333333336,172950
2025-11-03,49200.0,50600.0,48750.0,48800.0,49210.0,49530.0,49646.666666666664,49495.416666666664,207416
2025-11-04,48800.0,49450.0,48500.0,48650.0,48960.0,49392.5,49694.166666666664,49532.5,148803
2025-11-05,48650.0,48700.0,45200.0,45250.0,48120.0,49170.0,49669.166666666664,49542.5,621497
2025-11-06,46150.0,46300.0,44400.0,44600.0,47200.0,48910.0,49629.166666666664,49552.083333333336,280340
2025-11-07,44600.0,44600.0,42950.0,43400.0,46140.0,48587.5,49531.666666666664,49546.25,343706
2025-11-10,43650.0,44850.0,43500.0,44750.0,45330.0,48320.0,49442.5,49561.25,120074
2025-11-11,44900.0,45150.0,44500.0,44750.0,44550.0,48115.0,49345.0,49574.583333333336,128459
2025-11-12,44950.0,45750.0,44400.0,45650.0,44630.0,47907.5,49262.5,49585.416666666664,135969
2025-11-13,45300.0,46300.0,45150.0,46250.0,44960.0,47745.0,49205.833333333336,49604.166666666664,135509
2025-11-14,45600.0,46700.0,45550.0,45750.0,45430.0,47585.0,49144.166666666664,49598.75,124315
2025-11-17,46550.0,48100.0,46300.0,48000.0,46080.0,47495.0,49115.833333333336,49597.916666666664,305523
2025-11-18,47800.0,49500.0,46600.0,46650.0,46460.0,47362.5,49073.333333333336,49590.0,261415
2025-11-19,47650.0,49400.0,46700.0,46900.0,46710.0,47227.5,49036.666666666664,49572.916666666664,414888
2025-11-20,47350.0,49350.0,46700.0,48500.0,47160.0,47190.0,49027.5,49575.0,410149
2025-11-21,48350.0,49350.0,48050.0,48450.0,47700.0,47155.0,49018.333333333336,49574.583333333336,299166
2025-11-24,49300.0,50200.0,48000.0,48000.0,47700.0,47080.0,49014.166666666664,49567.083333333336,306298
2025-11-25,48400.0,48650.0,45500.0,45750.0,47520.0,46872.5,48969.166666666664,49541.666666666664,324289
2025-11-26,46200.0,46300.0,45550.0,46300.0,47400.0,46715.0,48926.666666666664,49527.5,205640
2025-11-27,46250.0,46700.0,45400.0,45700.0,46840.0,46540.0,48898.333333333336,49495.0,146106
2025-11-28,45600.0,45800.0,45350.0,45500.0,46250.0,46380.0,48868.333333333336,49458.75,96303
2025-12-01,45750.0,46650.0,45750.0,46200.0,45890.0,46250.0,48856.666666666664,49433.75,114721
2025-12-02,46600.0,46850.0,46000.0,46850.0,46110.0,46160.0,48863.333333333336,49421.666666666664,98992
2025-12-03,46950.0,47500.0,46550.0,47250.0,46300.0,46260.0,48890.833333333336,49396.25,103229
2025-12-04,47000.0,47200.0,46300.0,46800.0,46520.0,46370.0,48905.833333333336,49352.083333333336,98011
2025-12-05,46650.0,46800.0,46200.0,46750.0,46770.0,46537.5,48885.833333333336,49304.166666666664,76992
2025-12-08,46850.0,46950.0,46050.0,46200.0,46770.0,46610.0,48857.5,49254.166666666664,166449
2025-12-09,46200.0,46500.0,45550.0,45950.0,46590.0,46670.0,48815.0,49220.416666666664,94832
2025-12-10,45950.0,46150.0,45450.0,45500.0,46240.0,46662.5,48755.833333333336,49181.25,94952
2025-12-11,45700.0,46100.0,45450.0,45700.0,46020.0,46635.0,48703.333333333336,49152.083333333336,159047
2025-12-12,46050.0,46500.0,45550.0,45950.0,45860.0,46645.0,48649.166666666664,49117.5,103096
2025-12-15,45700.0,46100.0,45300.0,45450.0,45710.0,46517.5,48558.333333333336,49075.416666666664,99312
2025-12-16,45700.0,45700.0,45050.0,45100.0,45540.0,46440.0,48460.0,49020.416666666664,143760
2025-12-17,45400.0,45700.0,44850.0,45050.0,45450.0,46347.5,48362.5,48970.833333333336,107953
2025-12-18,44900.0,45150.0,44450.0,44600.0,45230.0,46152.5,48230.833333333336,48912.5,77083
2025-12-19,45000.0,45050.0,44400.0,44850.0,45010.0,45972.5,48095.0,48851.25,85467
2025-12-22,45050.0,45400.0,44800.0,45200.0,44960.0,45832.5,47908.333333333336,48794.583333333336,77889
2025-12-23,45300.0,45450.0,44850.0,45000.0,44940.0,45795.0,47730.0,48740.416666666664,74806
2025-12-24,45050.0,45400.0,44850.0,45300.0,44990.0,45745.0,47568.333333333336,48687.083333333336,84336
2025-12-26,45300.0,45350.0,44650.0,44850.0,45040.0,45702.5,47415.833333333336,48640.833333333336,86611
2025-12-29,44650.0,44950.0,44350.0,44900.0,45050.0,45672.5,47277.5,48595.833333333336,63505
2025-12-30,44700.0,44950.0,44350.0,44600.0,44930.0,45592.5,47124.166666666664,48539.166666666664,94698
2026-01-02,45050.0,45600.0,44550.0,45550.0,45040.0,45527.5,47026.666666666664,48496.25,160185
2026-01-05,45950.0,46000.0,44800.0,44800.0,44940.0,45405.0,46945.0,48446.25,211904
2026-01-06,45150.0,45400.0,44450.0,44700.0,44910.0,45300.0,46860.0,48397.083333333336,192293
2026-01-07,44600.0,45100.0,44200.0,44500.0,44830.0,45187.5,46770.833333333336,48350.416666666664,178042
2026-01-08,44150.0,44400.0,43450.0,44300.0,44770.0,45092.5,46674.166666666664,48305.0,228565
2026-01-09,44250.0,45300.0,44250.0,44850.0,44630.0,45037.5,46607.5,48262.916666666664,184447
2026-01-12,45000.0,45850.0,44475.0,45550.0,44780.0,45040.0,46536.666666666664,48206.666666666664,212788
2026-01-13,45500.0,45700.0,45050.0,45700.0,44980.0,45040.0,46473.333333333336,48151.666666666664,154011
2026-01-14,45850.0,46900.0,45700.0,46550.0,45390.0,45070.0,46433.333333333336,48113.75,308937
2026-01-15,46600.0,46600.0,45800.0,46250.0,45780.0,45110.0,46374.166666666664,48068.333333333336,142375
2026-01-16,46300.0,47200.0,46000.0,46500.0,46110.0,45180.0,46327.5,48021.666666666664,218232
2026-01-19,46500.0,46500.0,45300.0,45900.0,46180.0,45222.5,46265.833333333336,47969.166666666664,187546
2026-01-20,45400.0,46400.0,45400.0,46300.0,46300.0,45307.5,46216.666666666664,47919.166666666664,158345
2026-01-21,45700.0,45800.0,44750.0,45450.0,46080.0,45337.5,46155.0,47861.25,190495
2026-01-22,45400.0,46050.0,45150.0,45600.0,45950.0,45357.5,46090.0,47814.583333333336,173686
2026-01-23,45600.0,46300.0,45250.0,46300.0,45910.0,45422.5,46030.0,47772.083333333336,209898
2026-01-26,46050.0,46400.0,45500.0,45700.0,45870.0,45442.5,45967.5,47758.75,168758
2026-01-27,45800.0,45950.0,45400.0,45550.0,45720.0,45477.5,45906.666666666664,47747.916666666664,145298
2026-01-28,45550.0,45850.0,45350.0,45700.0,45770.0,45517.5,45856.666666666664,47735.833333333336,208370
2026-01-29,45500.0,45950.0,44400.0,45850.0,45820.0,45580.0,45807.5,47727.083333333336,384001
2026-01-30,46200.0,46600.0,45700.0,46200.0,45800.0,45612.5,45766.666666666664,47730.416666666664,451252
2026-02-02,46700.0,48300.0,45800.0,46050.0,45870.0,45675.0,45780.0,47724.583333333336,581123
2026-02-03,46950.0,47000.0,46000.0,46950.0,46150.0,45787.5,45819.166666666664,47724.166666666664,252027
2026-02-04,46600.0,47700.0,45800.0,47700.0,46550.0,45947.5,45890.833333333336,47711.25,382530
2026-02-05,48050.0,52800.0,47700.0,50100.0,47400.0,46237.5,45980.0,47711.25,2103543
2026-02-06,50300.0,50800.0,48100.0,49050.0,47970.0,46447.5,46051.666666666664,47698.333333333336,597017
2026-02-09,49600.0,50300.0,48800.0,49700.0,48700.0,46655.0,46119.166666666664,47690.833333333336,362526
2026-02-10,50200.0,53400.0,50100.0,52900.0,49890.0,47015.0,46230.0,47717.916666666664,1203609
2026-02-11,52400.0,52500.0,50500.0,50800.0,50510.0,47227.5,46314.166666666664,47729.166666666664,588762
2026-02-12,50800.0,51200.0,49800.0,49950.0,50480.0,47412.5,46346.666666666664,47731.25,391663
2026-02-13,49700.0,49750.0,48650.0,48800.0,50430.0,47527.5,46382.5,47727.916666666664,314532
2026-02-19,49150.0,49150.0,48200.0,48600.0,50210.0,47662.5,46410.833333333336,47723.75,318225
2026-02-20,48800.0,49300.0,47850.0,48150.0,49260.0,47755.0,46405.0,47716.25,358946
2026-02-23,48450.0,48900.0,48150.0,48600.0,48820.0,47912.5,46407.5,47712.916666666664,180367
2026-02-24,48550.0,48550.0,48100.0,48250.0,48480.0,48045.0,46411.666666666664,47712.916666666664,177577
2026-02-25,48400.0,48450.0,47700.0,48200.0,48360.0,48140.0,46452.5,47710.833333333336,265369
2026-02-26,49300.0,49300.0,48300.0,48400.0,48320.0,48275.0,46487.5,47707.083333333336,395355
2026-02-27,48650.0,48650.0,47750.0,47950.0,48280.0,48395.0,46525.0,47711.666666666664,324899
2026-03-03,46750.0,46900.0,45250.0,45250.0,47610.0,48372.5,46520.833333333336,47694.583333333336,367945
2026-03-04,43900.0,44450.0,40600.0,41600.0,46280.0,48160.0,46444.166666666664,47650.416666666664,463030
2026-03-05,43450.0,43700.0,42750.0,42850.0,45210.0,47992.5,46377.5,47620.416666666664,261259
2026-03-06,41900.0,42750.0,41300.0,42050.0,43940.0,47792.5,46290.833333333336,47590.833333333336,182255
2026-03-09,40350.0,40550.0,39700.0,40400.0,42430.0,47465.0,46184.166666666664,47545.0,280202
2026-03-10,41750.0,42200.0,41300.0,41900.0,41760.0,47175.0,46103.333333333336,47494.583333333336,109202
2026-03-11,42550.0,44300.0,42300.0,43100.0,42060.0,46825.0,46051.666666666664,47454.583333333336,158313
2026-03-12,42800.0,44150.0,42400.0,44150.0,42320.0,46580.0,46021.666666666664,47418.333333333336,243021
2026-03-13,42700.0,43200.0,42250.0,42300.0,42370.0,46210.0,45968.333333333336,47362.083333333336,216589
2026-03-16,42450.0,43100.0,42250.0,42750.0,42840.0,45702.5,45919.166666666664,47311.25,70036
2026-03-17,43050.0,43500.0,42450.0,42850.0,43030.0,45305.0,45867.5,47258.333333333336,156486
2026-03-18,43400.0,44500.0,43150.0,44350.0,43280.0,45025.0,45849.166666666664,47203.75,181110
2026-03-19,43300.0,43800.0,43250.0,43300.0,43110.0,44750.0,45819.166666666664,47139.583333333336,99828
2026-03-20,43750.0,44600.0,43650.0,44500.0,43550.0,44545.0,45810.0,47086.25,199787
2026-03-23,43100.0,43150.0,41600.0,41700.0,43340.0,44222.5,45761.666666666664,46996.25,181947
2026-03-24,42700.0,43100.0,42100.0,43100.0,43390.0,43947.5,45732.5,46913.75,119511
2026-03-25,43600.0,43800.0,42550.0,42700.0,43060.0,43670.0,45690.833333333336,46799.583333333336,118378
2026-03-26,42700.0,42750.0,41600.0,41950.0,42790.0,43357.5,45640.0,46685.0,162619
2026-03-27,43300.0,48100.0,43200.0,47450.0,43380.0,43310.0,45675.833333333336,46622.083333333336,1313665
2026-03-30,46100.0,46600.0,44550.0,45050.0,44050.0,43165.0,45679.166666666664,46547.5,252345
2026-03-31,44100.0,45350.0,43700.0,44000.0,44230.0,43102.5,45664.166666666664,46470.833333333336,161418
2026-04-01,45350.0,45550.0,43900.0,44250.0,44540.0,43235.0,45658.333333333336,46391.25,227995
2026-04-02,44250.0,44750.0,42700.0,42900.0,44730.0,43237.5,45614.166666666664,46320.416666666664,233514
2026-04-03,43200.0,43500.0,43000.0,43100.0,43860.0,43290.0,45585.833333333336,46265.416666666664,107035
2026-04-06,43450.0,44350.0,43250.0,43950.0,43640.0,43467.5,45573.333333333336,46216.666666666664,130017
2026-04-07,44000.0,46450.0,43950.0,46150.0,44070.0,43680.0,45600.833333333336,46185.833333333336,349833
2026-04-08,47650.0,47950.0,46300.0,47600.0,44740.0,43905.0,45655.833333333336,46165.0,358555
2026-04-09,47300.0,49150.0,47000.0,48950.0,45950.0,44145.0,45724.166666666664,46165.833333333336,489279
2026-04-10,48950.0,50500.0,48650.0,50100.0,47350.0,44535.0,45800.0,46168.333333333336,444757
2026-04-13,48800.0,49450.0,48300.0,48550.0,48270.0,44825.0,45847.5,46160.416666666664,170620
2026-04-14,48900.0,49050.0,47500.0,48550.0,48750.0,45110.0,45880.833333333336,46157.083333333336,221942
2026-04-15,49000.0,50200.0,48550.0,49850.0,49200.0,45385.0,45940.833333333336,46157.5,280643
2026-04-16,50200.0,55000.0,50200.0,53800.0,50170.0,45910.0,46062.5,46195.0,1196275
2026-04-17,53500.0,53600.0,52400.0,52900.0,50730.0,46330.0,46179.166666666664,46222.5,257723
2026-04-20,52700.0,54000.0,52300.0,53300.0,51680.0,46910.0,46295.833333333336,46256.25,292877
2026-04-21,53800.0,55600.0,53400.0,53900.0,52750.0,47450.0,46436.666666666664,46295.833333333336,345256
2026-04-22,53800.0,56300.0,53500.0,55700.0,53920.0,48100.0,46605.0,46347.5,583789
2026-04-23,56300.0,56900.0,55100.0,56700.0,54500.0,48837.5,46778.333333333336,46404.166666666664,492433
2026-04-24,56700.0,62900.0,55800.0,62300.0,56380.0,49580.0,47055.0,46511.25,2026846
2026-04-27,65000.0,67800.0,64300.0,65900.0,58900.0,50622.5,47394.166666666664,46650.416666666664,1617057
2026-04-28,66900.0,69500.0,66300.0,69400.0,62000.0,51892.5,47789.166666666664,46822.916666666664,1213226
2026-04-29,69100.0,70300.0,67200.0,67700.0,64400.0,53065.0,48153.333333333336,46980.416666666664,529394
2026-04-30,67100.0,67300.0,64100.0,65500.0,66160.0,54195.0,48475.0,47120.833333333336,836934
2026-05-04,65900.0,67300.0,64400.0,64800.0,66660.0,55280.0,48787.5,47283.75,477151
2026-05-06,63600.0,65400.0,60700.0,63900.0,66260.0,56277.5,49070.0,47444.583333333336,718989
2026-05-07,64000.0,67200.0,63200.0,65700.0,65520.0,57255.0,49370.0,47630.416666666664,557530
2026-05-08,64100.0,65900.0,63400.0,64200.0,64820.0,58085.0,49605.0,47792.5,277057
2026-05-11,65000.0,65300.0,63400.0,64200.0,64560.0,58847.5,49857.5,47954.583333333336,298216
2026-05-12,63600.0,63900.0,60400.0,62400.0,64080.0,59462.5,50069.166666666664,48094.166666666664,531304
2026-05-13,62500.0,64200.0,60400.0,61100.0,63520.0,60090.0,50205.833333333336,48217.916666666664,524324
2026-05-14,61200.0,67200.0,61200.0,66000.0,63580.0,60962.5,50459.166666666664,48386.666666666664,710225
2026-05-15,66600.0,67200.0,61300.0,62500.0,63240.0,61595.0,50668.333333333336,48507.5,452047
2026-05-18,62600.0,62600.0,58200.0,59400.0,62280.0,61875.0,50845.0,48613.75,376494
2026-05-19,59200.0,59300.0,56300.0,57800.0,61360.0,62120.0,50998.333333333336,48704.583333333336,385944
2026-05-20,57900.0,57900.0,54000.0,56400.0,60420.0,62275.0,51135.833333333336,48770.416666666664,371586
2026-05-21,57800.0,57900.0,56200.0,57400.0,58700.0,62450.0,51282.5,48845.0,290189
2026-05-22,57500.0,59000.0,56500.0,58300.0,57860.0,62580.0,51450.0,48930.833333333336,184105
2026-05-26,58800.0,59000.0,55500.0,56400.0,57260.0,62565.0,51586.666666666664,49019.583333333336,366083
2026-05-27,55700.0,55800.0,54000.0,54700.0,56640.0,62185.0,51691.666666666664,49089.583333333336,368970
2026-05-28,54700.0,55400.0,52600.0,55300.0,56420.0,61655.0,51814.166666666664,49169.583333333336,387282
2026-05-29,55400.0,55800.0,53000.0,55100.0,55960.0,60940.0,51978.333333333336,49249.583333333336,364783
2026-06-01,54100.0,54900.0,53500.0,54200.0,55140.0,60265.0,52188.333333333336,49316.25,422939
2026-06-02,52900.0,54200.0,51400.0,52100.0,54280.0,59595.0,52342.5,49360.0,300485
2026-06-04,52500.0,55400.0,51200.0,55000.0,54340.0,59105.0,52558.333333333336,49424.583333333336,429233
2026-06-05,57000.0,58000.0,53700.0,55300.0,54340.0,58675.0,52806.666666666664,49495.416666666664,421053
2026-06-08,51000.0,53700.0,50000.0,51500.0,53620.0,57965.0,52966.666666666664,49535.0,353997
2026-06-09,52100.0,56600.0,52100.0,55200.0,53820.0,57515.0,53168.333333333336,49610.0,383976
2026-06-10,54400.0,56500.0,53200.0,56100.0,54620.0,57110.0,53367.5,49694.583333333336,7
2026-06-11,55600.0,56400.0,53300.0,55700.0,54760.0,56775.0,53590.833333333336,49779.583333333336,395369
2026-06-12,56500.0,57400.0,54900.0,55500.0,54800.0,56495.0,53803.333333333336,49861.25,323187
2026-06-15,56300.0,58700.0,55100.0,55500.0,55600.0,55970.0,54014.166666666664,49940.833333333336,302039
2026-06-16,56000.0,60000.0,55000.0,59800.0,56520.0,55835.0,54271.666666666664,50060.416666666664,474665
2026-06-17,59800.0,59800.0,57100.0,57800.0,56860.0,55755.0,54513.333333333336,50166.25,341343
2026-06-18,58000.0,61100.0,57400.0,57600.0,57240.0,55745.0,54731.666666666664,50270.833333333336,429426
2026-06-19,57700.0,57800.0,53700.0,55000.0,57140.0,55675.0,54953.333333333336,50357.5,369379
2026-06-22,54100.0,54500.0,51900.0,52500.0,56540.0,55430.0,55110.0,50421.25,192555
2026-06-23,52000.0,52200.0,49350.0,49700.0,54520.0,55000.0,55226.666666666664,50458.75,259881
2026-06-24,50000.0,50000.0,46800.0,47900.0,52540.0,54575.0,55325.833333333336,50482.916666666664,285775
2026-06-25,48050.0,49950.0,47500.0,48400.0,50700.0,54260.0,55341.666666666664,50508.75,280661
2026-06-26,48350.0,48350.0,45150.0,45950.0,48890.0,53792.5,55356.666666666664,50517.916666666664,288679
2026-06-29,46700.0,49400.0,46350.0,49050.0,48200.0,53490.0,55440.833333333336,50552.5,255102
2026-06-30,48350.0,49100.0,47000.0,47150.0,47690.0,53137.5,55489.166666666664,50573.75,181202
2026-07-01,47200.0,47750.0,46350.0,47100.0,47530.0,52887.5,55559.166666666664,50586.666666666664,168301
2026-07-02,46900.0,53300.0,45550.0,50300.0,47910.0,52652.5,55679.166666666664,50632.5,593164
2026-07-03,50400.0,52700.0,48500.0,50900.0,48900.0,52432.5,55795.0,50684.166666666664,408293
2026-07-06,51200.0,52900.0,50100.0,51100.0,49310.0,52412.5,55877.5,50739.166666666664,154614
2026-07-07,50400.0,54900.0,50200.0,54200.0,50720.0,52362.5,55987.5,50821.666666666664,571709
2026-07-08,54300.0,55000.0,50700.0,51500.0,51600.0,52132.5,56030.0,50877.083333333336,279266
2026-07-09,51800.0,52200.0,47850.0,49050.0,51350.0,51800.0,56012.5,50906.25,328866
2026-07-10,49750.0,51800.0,49700.0,50400.0,51250.0,51545.0,56043.333333333336,50945.416666666664,164162
2026-07-13,50900.0,52800.0,49000.0,49750.0,50980.0,51257.5,56063.333333333336,50972.083333333336,225125
2026-07-14,49950.0,50200.0,47000.0,47200.0,49580.0,50627.5,56019.166666666664,50980.0,278897
2026-07-15,47700.0,48400.0,46450.0,47200.0,48720.0,50097.5,55909.166666666664,50985.833333333336,251633
2026-07-16,47600.0,48500.0,46750.0,47800.0,48470.0,49607.5,55824.166666666664,51001.666666666664,188800
