날짜,시가,고가,저가,종가,MA5,MA20,MA60,MA120,거래량
2007-09-28,221000.0,254000.0,221000.0,230000.0,,,,,509746
2007-10-01,230000.0,233000.0,220000.0,220000.0,,,,,267416
2007-10-02,229000.0,247500.0,226000.0,245000.0,,,,,239345
2007-10-04,247000.0,263000.0,241000.0,255000.0,,,,,221500
2007-10-05,255000.0,257000.0,245000.0,252500.0,240500.0,,,,112563
2007-10-08,257500.0,257500.0,243000.0,247000.0,243900.0,,,,122400
2007-10-09,246500.0,246500.0,234000.0,239000.0,247700.0,,,,179313
2007-10-10,241500.0,255000.0,241000.0,252000.0,249100.0,,,,138813
2007-10-11,252000.0,262000.0,250500.0,256500.0,249400.0,,,,127912
2007-10-12,261000.0,274000.0,258000.0,271000.0,253100.0,,,,224055
2007-10-15,278500.0,278500.0,265000.0,273500.0,258400.0,,,,89375
2007-10-16,268500.0,276000.0,267000.0,273000.0,265200.0,,,,78480
2007-10-17,268500.0,271500.0,258500.0,268000.0,268400.0,,,,134568
2007-10-18,272000.0,292000.0,268000.0,289500.0,275000.0,,,,243934
2007-10-19,295000.0,296000.0,284500.0,289500.0,278700.0,,,,135169
2007-10-22,270500.0,286500.0,266500.0,285000.0,281000.0,,,,89734
2007-10-23,291500.0,299000.0,282000.0,297500.0,285900.0,,,,207455
2007-10-24,300000.0,305000.0,290500.0,290500.0,290400.0,,,,152206
2007-10-25,292000.0,297000.0,279000.0,291500.0,290800.0,,,,117261
2007-10-26,290000.0,309500.0,284000.0,307500.0,294400.0,266675.0,,,225373
2007-10-29,312000.0,318500.0,300000.0,302000.0,297800.0,270275.0,,,167023
2007-10-30,310000.0,310000.0,296500.0,300000.0,298300.0,274275.0,,,97325
2007-10-31,298500.0,302000.0,295000.0,298500.0,299900.0,276950.0,,,64175
2007-11-01,303000.0,309500.0,298000.0,309500.0,303500.0,279675.0,,,113152
2007-11-02,300000.0,304500.0,289000.0,299000.0,301800.0,282000.0,,,89542
2007-11-05,295000.0,299500.0,287000.0,299500.0,301300.0,284625.0,,,59600
2007-11-06,299500.0,300000.0,281000.0,290000.0,299300.0,287175.0,,,181969
2007-11-07,291000.0,300000.0,281000.0,300000.0,299600.0,289575.0,,,113400
2007-11-08,290500.0,295000.0,272500.0,275500.0,292800.0,290525.0,,,130040
2007-11-09,286500.0,297000.0,284500.0,296500.0,292300.0,291800.0,,,142926
2007-11-12,295000.0,295000.0,281500.0,287000.0,289800.0,292475.0,,,71911
2007-11-13,289000.0,290500.0,275000.0,281000.0,288000.0,292875.0,,,49300
2007-11-14,285000.0,288000.0,281500.0,281500.0,284300.0,293550.0,,,53071
2007-11-15,281500.0,283000.0,270500.0,274000.0,284000.0,292775.0,,,72344
2007-11-16,269500.0,276500.0,264000.0,276500.0,280000.0,292125.0,,,70375
2007-11-19,276500.0,283000.0,272000.0,280000.0,278600.0,291875.0,,,63665
2007-11-20,272500.0,278000.0,266000.0,268500.0,276100.0,290425.0,,,63117
2007-11-21,268500.0,273000.0,261000.0,262500.0,272300.0,289025.0,,,67616
2007-11-22,260000.0,273000.0,257000.0,267000.0,270900.0,287800.0,,,50409
2007-11-23,267000.0,272000.0,259000.0,265000.0,268600.0,285675.0,,,56780
2007-11-26,269000.0,269000.0,264000.0,265000.0,265600.0,283825.0,,,86600
2007-11-27,259000.0,262500.0,254000.0,254000.0,262700.0,281525.0,,,69824
2007-11-28,258000.0,271500.0,258000.0,265500.0,263300.0,279875.0,,,69587
2007-11-29,271000.0,278000.0,266000.0,277000.0,265300.0,278250.0,,,82257
2007-11-30,276500.0,285000.0,273000.0,282000.0,268700.0,277400.0,,,52669
2007-12-03,282000.0,285500.0,277000.0,282500.0,272200.0,276550.0,,,32640
2007-12-04,277500.0,284000.0,277000.0,282500.0,277900.0,276175.0,,,36307
2007-12-05,280000.0,286000.0,278500.0,285000.0,281800.0,275425.0,,,31394
2007-12-06,286000.0,291500.0,278500.0,282500.0,282900.0,275775.0,,,60945
2007-12-07,285000.0,285000.0,277000.0,278000.0,282100.0,274850.0,,,55477
2007-12-10,280000.0,288000.0,275000.0,285000.0,282600.0,274750.0,,,47345
2007-12-11,285000.0,285500.0,279000.0,284500.0,283000.0,274925.0,,,47396
2007-12-12,278000.0,289500.0,276000.0,283000.0,282600.0,275000.0,,,34189
2007-12-13,283500.0,294000.0,280000.0,290000.0,284100.0,275800.0,,,105900
2007-12-14,290000.0,295000.0,287000.0,288500.0,286200.0,276400.0,,,34937
2007-12-17,285000.0,292000.0,278000.0,280000.0,285200.0,276400.0,,,39567
2007-12-18,276000.0,288000.0,273000.0,288000.0,285900.0,277375.0,,,27100
2007-12-20,284500.0,287500.0,281000.0,285000.0,286300.0,278500.0,,,38831
2007-12-21,283000.0,285000.0,275500.0,285000.0,285300.0,279400.0,,,56381
2007-12-24,285000.0,289000.0,282000.0,289000.0,285400.0,280600.0,277650.0,,43062
2007-12-26,289000.0,296000.0,285500.0,294000.0,288200.0,282050.0,278716.6666666667,,67800
2007-12-27,295000.0,295000.0,288500.0,295000.0,289600.0,284100.0,279966.6666666667,,25512
2007-12-28,291500.0,298500.0,289000.0,296000.0,291800.0,285625.0,280816.6666666667,,35147
2008-01-02,299000.0,299000.0,290500.0,290500.0,292900.0,286300.0,281408.3333333333,,28711
2008-01-03,282000.0,297000.0,282000.0,297000.0,294500.0,287050.0,282150.0,,52735
2008-01-04,298000.0,298000.0,292500.0,297000.0,295100.0,287775.0,282983.3333333333,,36878
2008-01-07,285000.0,290500.0,284000.0,285000.0,293100.0,287900.0,283750.0,,29886
2008-01-08,287500.0,287500.0,277000.0,285000.0,290900.0,287900.0,284300.0,,45291
2008-01-09,280000.0,285000.0,279000.0,284000.0,289600.0,287975.0,284758.3333333333,,23179
2008-01-10,286500.0,290000.0,280500.0,284500.0,287100.0,288300.0,284983.3333333333,,42633
2008-01-11,283500.0,288000.0,266000.0,272000.0,282100.0,287650.0,284958.3333333333,,40224
2008-01-14,266500.0,272000.0,266500.0,268500.0,278800.0,286850.0,284883.3333333333,,44956
2008-01-15,267500.0,271500.0,260000.0,270000.0,275800.0,286200.0,284916.6666666667,,55176
2008-01-16,267000.0,278500.0,264000.0,270500.0,273100.0,285225.0,284600.0,,39568
2008-01-17,276500.0,284500.0,270000.0,270500.0,270300.0,284325.0,284283.3333333333,,29853
2008-01-18,270000.0,272500.0,263000.0,270500.0,270000.0,283850.0,284041.6666666667,,19960
2008-01-21,269000.0,274000.0,265000.0,269000.0,270100.0,282900.0,283566.6666666667,,23137
2008-01-22,264000.0,269000.0,257000.0,264000.0,268900.0,281850.0,283125.0,,33411
2008-01-23,270000.0,276500.0,257000.0,276500.0,270100.0,281425.0,282875.0,,46951
2008-01-24,273500.0,281000.0,269000.0,269000.0,269800.0,280425.0,282233.3333333333,,23425
2008-01-25,271000.0,271500.0,252500.0,259000.0,267500.0,278675.0,281516.6666666667,,130291
2008-01-28,259000.0,271500.0,258000.0,260500.0,265800.0,276950.0,280858.3333333333,,73547
2008-01-29,261500.0,270500.0,261500.0,269500.0,266900.0,275625.0,280375.0,,40615
2008-01-30,275000.0,281500.0,271000.0,275500.0,266700.0,274875.0,279808.3333333333,,90664
2008-01-31,274500.0,288000.0,270500.0,288000.0,270500.0,274425.0,279625.0,,59340
2008-02-01,286000.0,287500.0,280000.0,283500.0,275400.0,273750.0,279358.3333333333,,32478
2008-02-04,283500.0,296500.0,283500.0,295000.0,282300.0,274250.0,279441.6666666667,,103637
2008-02-05,294500.0,294500.0,285500.0,287000.0,285800.0,274350.0,279225.0,,35748
2008-02-11,284000.0,293000.0,282000.0,286500.0,288000.0,274475.0,279408.3333333333,,51142
2008-02-12,287000.0,290500.0,282000.0,289500.0,288300.0,274725.0,279291.6666666667,,35270
2008-02-13,294500.0,294500.0,283000.0,289000.0,289400.0,275575.0,279325.0,,29083
2008-02-14,290000.0,290000.0,276500.0,277000.0,285800.0,276000.0,279258.3333333333,,61035
2008-02-15,275000.0,279500.0,271500.0,273500.0,283100.0,276175.0,279125.0,,61334
2008-02-18,275000.0,278000.0,267500.0,268500.0,279500.0,276075.0,279033.3333333333,,26366
2008-02-19,269000.0,275500.0,269000.0,275000.0,276600.0,276300.0,279008.3333333333,,25531
2008-02-20,272000.0,282000.0,272000.0,280000.0,274800.0,276775.0,279008.3333333333,,86675
2008-02-21,283000.0,285000.0,276000.0,283000.0,276000.0,277475.0,279250.0,,45496
2008-02-22,283000.0,287000.0,274000.0,282000.0,277700.0,278375.0,279575.0,,19365
2008-02-25,279500.0,281000.0,272000.0,275000.0,279000.0,278300.0,279708.3333333333,,19630
2008-02-26,276000.0,277500.0,267500.0,270500.0,278100.0,278375.0,279800.0,,45600
2008-02-27,273000.0,274000.0,268000.0,272500.0,276600.0,279050.0,279925.0,,63889
2008-02-28,273000.0,273000.0,267500.0,268000.0,273600.0,279425.0,280158.3333333333,,38780
2008-02-29,268000.0,270000.0,263000.0,268500.0,270900.0,279375.0,280208.3333333333,,34875
2008-03-03,261000.0,263000.0,255000.0,259000.0,267700.0,278550.0,279908.3333333333,,33247
2008-03-04,260000.0,263000.0,256500.0,259500.0,265500.0,277125.0,279533.3333333333,,28908
2008-03-05,257000.0,266500.0,254500.0,266500.0,264300.0,276275.0,279266.6666666667,,44473
2008-03-06,263500.0,268000.0,259000.0,260000.0,262700.0,274525.0,278891.6666666667,,61143
2008-03-07,256000.0,258000.0,253500.0,258000.0,260600.0,273075.0,278441.6666666667,,32426
2008-03-10,258000.0,264500.0,256000.0,264000.0,261600.0,271950.0,278133.3333333333,,42030
2008-03-11,263500.0,265500.0,257000.0,260000.0,261700.0,270475.0,277833.3333333333,,40589
2008-03-12,263500.0,263500.0,251000.0,252500.0,258900.0,268650.0,277291.6666666667,,66165
2008-03-13,252000.0,254500.0,233000.0,245000.0,255900.0,267050.0,276633.3333333333,,71776
2008-03-14,247000.0,248500.0,229000.0,232500.0,250800.0,265000.0,275791.6666666667,,72234
2008-03-17,227000.0,228000.0,221000.0,225500.0,243100.0,262850.0,274716.6666666667,,46899
2008-03-18,225500.0,228000.0,220000.0,222000.0,235500.0,260200.0,273608.3333333333,,50863
2008-03-19,228000.0,237000.0,224000.0,226500.0,230300.0,257525.0,272716.6666666667,,80480
2008-03-20,233000.0,233000.0,215500.0,224500.0,226200.0,254600.0,271658.3333333333,,21855
2008-03-21,228500.0,230000.0,217000.0,222000.0,224100.0,251600.0,270608.3333333333,,54690
2008-03-24,227500.0,231500.0,224500.0,229000.0,224800.0,249300.0,269675.0,,35768
2008-03-25,229500.0,232000.0,213500.0,218500.0,224100.0,246700.0,268500.0,273075.0,133846
2008-03-26,218500.0,223000.0,215000.0,221000.0,223000.0,244125.0,267283.3333333333,273000.0,52247
2008-03-27,221000.0,223500.0,217000.0,219500.0,222000.0,241700.0,266025.0,272995.8333333333,53298
2008-03-28,219500.0,219500.0,211500.0,215500.0,220700.0,239050.0,264683.3333333333,272750.0,53163
2008-03-31,219000.0,220000.0,213500.0,220000.0,218900.0,237100.0,263508.3333333333,272458.3333333333,42011
2008-04-01,220000.0,224000.0,218000.0,223500.0,219900.0,235300.0,262283.3333333333,272216.6666666667,43722
2008-04-02,227500.0,227500.0,216500.0,217500.0,219200.0,232850.0,260958.33333333334,271970.8333333333,52763
2008-04-03,217000.0,219000.0,212500.0,213500.0,218000.0,230525.0,259766.66666666666,271758.3333333333,93449
2008-04-04,215000.0,222500.0,214500.0,222000.0,219300.0,228725.0,258716.66666666666,271508.3333333333,78767
2008-04-07,223000.0,227500.0,222000.0,225000.0,220300.0,226775.0,257733.33333333334,271245.8333333333,54916
2008-04-08,226000.0,227000.0,222000.0,226000.0,220800.0,225075.0,256758.33333333334,270870.8333333333,65720
2008-04-10,225500.0,232500.0,222500.0,232000.0,223700.0,224050.0,256091.66666666666,270525.0,54047
2008-04-11,234000.0,235000.0,228500.0,235000.0,228000.0,223550.0,255533.33333333334,270208.3333333333,48979
2008-04-14,232000.0,236500.0,229000.0,236500.0,230900.0,223750.0,254975.0,269945.8333333333,31852
2008-04-15,238500.0,238500.0,230000.0,235000.0,232900.0,224225.0,254383.33333333334,269491.6666666667,31417
2008-04-16,236000.0,237000.0,231500.0,236000.0,234900.0,224925.0,253808.33333333334,269045.8333333333,56004
2008-04-17,238000.0,239000.0,232000.0,233000.0,235100.0,225250.0,253183.33333333334,268612.5,48226
2008-04-18,233000.0,237000.0,232000.0,236500.0,235400.0,225850.0,252641.66666666666,268104.1666666667,45599
2008-04-21,240000.0,244000.0,238000.0,241000.0,236300.0,226800.0,252258.33333333334,267691.6666666667,39355
2008-04-22,245000.0,248500.0,241500.0,245000.0,238300.0,227600.0,251733.33333333334,267304.1666666667,77169
2008-04-23,247000.0,247000.0,242500.0,244000.0,239900.0,228875.0,251316.66666666666,266775.0,23357
2008-04-24,247000.0,249000.0,239500.0,242500.0,241800.0,229950.0,251041.66666666666,266279.1666666667,82042
2008-04-25,245000.0,246000.0,236000.0,245500.0,243600.0,231250.0,250791.66666666666,265825.0,58438
2008-04-28,247500.0,248500.0,242000.0,248500.0,245100.0,232900.0,250441.66666666666,265408.3333333333,34263
2008-04-29,249000.0,251000.0,246500.0,251000.0,246300.0,234450.0,250033.33333333334,264920.8333333333,37571
2008-04-30,247000.0,256000.0,247000.0,255000.0,248500.0,236025.0,249483.33333333334,264554.1666666667,53333
2008-05-01,255000.0,255000.0,255000.0,255000.0,251000.0,237900.0,249008.33333333334,264183.3333333333,0
2008-05-02,259000.0,260500.0,251000.0,259000.0,253700.0,240175.0,248408.33333333334,263925.0,40967
2008-05-05,259000.0,259000.0,259000.0,259000.0,255800.0,242025.0,247941.66666666666,263583.3333333333,0
2008-05-06,259000.0,259000.0,244000.0,246000.0,254800.0,243075.0,247266.66666666666,263337.5,60053
2008-05-07,248000.0,251000.0,245000.0,245000.0,252800.0,244025.0,246525.0,262908.3333333333,22031
2008-05-08,244000.0,246000.0,242500.0,244000.0,250600.0,244625.0,245775.0,262550.0,21063
2008-05-09,246000.0,249500.0,244500.0,246000.0,248000.0,245175.0,245258.33333333334,262258.3333333333,32742
2008-05-12,246000.0,246000.0,246000.0,246000.0,245400.0,245650.0,244800.0,261962.5,0
2008-05-13,248000.0,252500.0,246000.0,249500.0,246100.0,246375.0,244483.33333333334,261758.33333333334,25876
2008-05-14,254500.0,255000.0,248500.0,250500.0,247200.0,247100.0,244075.0,261541.66666666666,36467
2008-05-15,254000.0,274500.0,253000.0,269500.0,252300.0,248925.0,243900.0,261454.16666666666,109916
2008-05-16,269000.0,277500.0,266000.0,277000.0,258500.0,250950.0,243800.0,261525.0,43745
2008-05-19,279500.0,280000.0,271000.0,274000.0,264100.0,252600.0,243666.66666666666,261620.83333333334,24124
2008-05-20,277000.0,279500.0,271500.0,275500.0,269300.0,254125.0,243675.0,261691.66666666666,34648
2008-05-21,274500.0,275000.0,266000.0,266500.0,272500.0,255250.0,243608.33333333334,261704.16666666666,23645
2008-05-22,266000.0,277500.0,264000.0,272500.0,273100.0,256750.0,243608.33333333334,261766.66666666666,31722
2008-05-23,274500.0,274500.0,264500.0,265000.0,270700.0,257725.0,243558.33333333334,261858.33333333334,31378
2008-05-26,266000.0,266500.0,261000.0,263000.0,268500.0,258450.0,243466.66666666666,261837.5,20116
2008-05-27,268000.0,269500.0,264000.0,266500.0,266700.0,259225.0,243591.66666666666,261750.0,17908
2008-05-28,270000.0,273000.0,264500.0,264500.0,266300.0,259700.0,243675.0,261604.16666666666,19353
2008-05-29,264500.0,275000.0,264500.0,268500.0,265500.0,260375.0,243708.33333333334,261487.5,22581
2008-05-30,270000.0,270000.0,265000.0,266500.0,265800.0,260750.0,243816.66666666666,261354.16666666666,15292
2008-06-02,265000.0,270000.0,265000.0,269000.0,267000.0,261250.0,244000.0,261220.83333333334,11395
2008-06-03,265000.0,268500.0,264000.0,265000.0,266700.0,262200.0,244016.66666666666,261075.0,29675
2008-06-04,268000.0,272000.0,261500.0,265000.0,266800.0,263200.0,244100.0,260966.66666666666,34426
2008-06-05,265000.0,265000.0,260000.0,264000.0,265900.0,264200.0,244291.66666666666,260791.66666666666,49172
2008-06-06,264000.0,264000.0,264000.0,264000.0,265400.0,265100.0,244608.33333333334,260620.83333333334,0
2008-06-09,262000.0,262000.0,257000.0,257500.0,263100.0,265675.0,245025.0,260408.33333333334,31781
2008-06-10,256000.0,260000.0,255000.0,255500.0,261200.0,265975.0,245525.0,260120.83333333334,39344
2008-06-11,256000.0,259000.0,253500.0,258000.0,259800.0,266350.0,246125.0,259866.66666666666,18673
2008-06-12,255000.0,261000.0,255000.0,258000.0,258600.0,265775.0,246650.0,259683.33333333334,15479
2008-06-13,257000.0,277000.0,255500.0,269000.0,259600.0,265375.0,247391.66666666666,259525.0,76992
2008-06-16,270000.0,272000.0,267500.0,272000.0,262500.0,265275.0,248225.0,259416.66666666666,20013
2008-06-17,273000.0,273000.0,268500.0,268500.0,265100.0,264925.0,248883.33333333334,259279.16666666666,22318
2008-06-18,266500.0,271000.0,266500.0,271000.0,267700.0,265150.0,249758.33333333334,259129.16666666666,22181
2008-06-19,267500.0,275000.0,265500.0,269000.0,269900.0,264975.0,250558.33333333334,258920.83333333334,21610
2008-06-20,271000.0,272000.0,267000.0,267000.0,269500.0,265075.0,251350.0,258687.5,13005
2008-06-23,262500.0,267000.0,261500.0,264500.0,268000.0,265150.0,252166.66666666666,258425.0,28801
2008-06-24,267500.0,268000.0,263000.0,263000.0,266900.0,264975.0,252883.33333333334,258195.83333333334,16493
2008-06-25,269000.0,271500.0,262500.0,271000.0,266900.0,265300.0,253675.0,257979.16666666666,34209
2008-06-26,270000.0,271000.0,268000.0,269000.0,266900.0,265325.0,254533.33333333334,257745.83333333334,24616
2008-06-27,261500.0,276000.0,260500.0,276000.0,268700.0,265800.0,255575.0,257670.83333333334,26201
2008-06-30,273000.0,274000.0,269500.0,273500.0,270500.0,266025.0,256433.33333333334,257575.0,41302
2008-07-01,274000.0,274000.0,270000.0,274000.0,272700.0,266475.0,257250.0,257491.66666666666,23831
2008-07-02,273000.0,277000.0,270000.0,270000.0,272500.0,266725.0,257983.33333333334,257370.83333333334,29095
2008-07-03,268000.0,268000.0,258000.0,262500.0,271200.0,266650.0,258491.66666666666,257291.66666666666,21892
2008-07-04,263000.0,268000.0,258000.0,265000.0,269000.0,266700.0,258991.66666666666,257262.5,36212
2008-07-07,260000.0,263000.0,258000.0,260000.0,266300.0,266825.0,259383.33333333334,257179.16666666666,14218
2008-07-08,260000.0,266500.0,236000.0,247500.0,261000.0,266425.0,259591.66666666666,256987.5,28177
2008-07-09,245000.0,248500.0,233000.0,241000.0,255200.0,265575.0,259675.0,256741.66666666666,50238
2008-07-10,231500.0,260000.0,231000.0,260000.0,254700.0,265675.0,260125.0,256654.16666666666,27243
2008-07-11,258000.0,259000.0,248000.0,259000.0,253500.0,265175.0,260500.0,256570.83333333334,33400
2008-07-14,251500.0,258000.0,245500.0,248500.0,251200.0,264000.0,260625.0,256441.66666666666,22163
2008-07-15,246000.0,253500.0,237500.0,241000.0,249900.0,262625.0,260558.33333333334,256145.83333333334,19878
2008-07-16,239500.0,255500.0,239500.0,249000.0,251500.0,261525.0,260641.66666666666,255979.16666666666,50366
2008-07-17,256000.0,256000.0,244000.0,250500.0,249600.0,260600.0,260775.0,255908.33333333334,24840
2008-07-18,250500.0,254000.0,243500.0,253000.0,248400.0,259900.0,260900.0,255845.83333333334,23522
2008-07-21,253000.0,254000.0,247500.0,248500.0,248400.0,259100.0,260900.0,255670.83333333334,18224
2008-07-22,246500.0,246500.0,238000.0,245000.0,249200.0,258200.0,260800.0,255416.66666666666,31216
2008-07-23,242000.0,244500.0,240500.0,242500.0,247900.0,256775.0,260591.66666666666,255037.5,19870
2008-07-24,242500.0,243000.0,235000.0,238000.0,245400.0,255225.0,260308.33333333334,254658.33333333334,84675
2008-07-25,231500.0,236000.0,231500.0,233000.0,241400.0,253075.0,259875.0,254141.66666666666,29507
2008-07-28,233000.0,238500.0,233000.0,237000.0,239100.0,251250.0,259508.33333333334,253725.0,15275
2008-07-29,234000.0,243000.0,233000.0,243000.0,238700.0,249700.0,259458.33333333334,253362.5,14411
2008-07-30,242000.0,242000.0,234500.0,235000.0,237200.0,247950.0,259291.66666666666,252908.33333333334,24904
2008-07-31,235500.0,236500.0,232500.0,234500.0,236500.0,246550.0,259133.33333333334,252454.16666666666,28471
2008-08-01,235500.0,249000.0,232000.0,246000.0,239100.0,245600.0,259133.33333333334,252195.83333333334,38606
2008-08-04,243000.0,245500.0,240500.0,244000.0,240500.0,244800.0,259100.0,251950.0,14627
2008-08-05,246000.0,253500.0,242500.0,251000.0,242100.0,244975.0,259125.0,251804.16666666666,63133
2008-08-06,255000.0,255500.0,248500.0,255500.0,246200.0,245700.0,259208.33333333334,251641.66666666666,28726
2008-08-07,254500.0,264000.0,252500.0,261500.0,251600.0,245775.0,259075.0,251487.5,40081
2008-08-08,257000.0,259500.0,255500.0,258000.0,254000.0,245725.0,258758.33333333334,251279.16666666666,33178
2008-08-11,258000.0,268000.0,257500.0,264000.0,258000.0,246500.0,258591.66666666666,251129.16666666666,27410
2008-08-12,262000.0,267000.0,256000.0,261500.0,260100.0,247525.0,258358.33333333334,251016.66666666666,18815
2008-08-13,261500.0,262500.0,258000.0,260000.0,261000.0,248075.0,258250.0,250929.16666666666,10117
2008-08-14,258000.0,261500.0,255000.0,255000.0,259700.0,248300.0,257958.33333333334,250783.33333333334,7728
2008-08-15,255000.0,255000.0,255000.0,255000.0,259100.0,248400.0,257791.66666666666,250675.0,0
2008-08-18,259500.0,267000.0,255500.0,262000.0,258700.0,249075.0,257775.0,250620.83333333334,17103
2008-08-19,257000.0,261500.0,257000.0,260000.0,258400.0,249825.0,257666.66666666666,250629.16666666666,15004
2008-08-20,261500.0,264000.0,253000.0,260000.0,258400.0,250700.0,257591.66666666666,250633.33333333334,19029
2008-08-21,260000.0,264000.0,257000.0,257000.0,258800.0,251650.0,257400.0,250554.16666666666,7955
2008-08-22,257000.0,257500.0,247000.0,256500.0,259100.0,252825.0,257233.33333333334,250525.0,19144
2008-08-25,254500.0,257500.0,249500.0,252000.0,257100.0,253575.0,256950.0,250475.0,18362
2008-08-26,246500.0,248000.0,242000.0,245000.0,254100.0,253675.0,256616.66666666666,250316.66666666666,34782
2008-08-27,243500.0,247000.0,241000.0,242500.0,250600.0,254050.0,256241.66666666666,250170.83333333334,17053
2008-08-28,245500.0,245500.0,234500.0,239500.0,247100.0,254300.0,255833.33333333334,250062.5,48804
2008-08-29,237000.0,239500.0,233500.0,238000.0,243400.0,253900.0,255400.0,250004.16666666666,60713
2008-09-01,237500.0,246500.0,236000.0,243000.0,241600.0,253850.0,255158.33333333334,250091.66666666666,54962
2008-09-02,247500.0,247500.0,239500.0,239500.0,240500.0,253275.0,254891.66666666666,250208.33333333334,22093
2008-09-03,231000.0,239000.0,230500.0,238500.0,239700.0,252425.0,254566.66666666666,250345.83333333334,43508
2008-09-04,239000.0,243500.0,233000.0,235000.0,238800.0,251100.0,254183.33333333334,250416.66666666666,20332
2008-09-05,234500.0,240000.0,230000.0,239500.0,239100.0,250175.0,253691.66666666666,250541.66666666666,26962
2008-09-08,240000.0,242000.0,236500.0,239500.0,238400.0,248950.0,253150.0,250687.5,31555
2008-09-09,239000.0,239000.0,231000.0,231000.0,236700.0,247425.0,252525.0,250704.16666666666,26311
2008-09-10,229500.0,233000.0,227500.0,231500.0,235300.0,246000.0,251866.66666666666,250812.5,30843
2008-09-11,234000.0,234000.0,220500.0,220500.0,232400.0,244275.0,251058.33333333334,250808.33333333334,54641
2008-09-12,223000.0,226500.0,218000.0,225500.0,229600.0,242800.0,250366.66666666666,250858.33333333334,68060
2008-09-15,225500.0,225500.0,225500.0,225500.0,226800.0,240975.0,249716.66666666666,250941.66666666666,0
2008-09-16,208500.0,215500.0,208000.0,214000.0,223400.0,238675.0,248900.0,250891.66666666666,30503
2008-09-17,215000.0,225000.0,212000.0,212000.0,219500.0,236275.0,247916.66666666666,250795.83333333334,43329
2008-09-18,210000.0,210000.0,193500.0,195500.0,214500.0,233200.0,246691.66666666666,250612.5,421
2008-09-19,200000.0,207000.0,198500.0,203000.0,210000.0,230525.0,245475.0,250525.0,84996
2008-09-22,205500.0,208500.0,189500.0,193500.0,203600.0,227600.0,244141.66666666666,250287.5,199363
2008-09-23,192000.0,209000.0,189000.0,208500.0,202500.0,225775.0,243050.0,250150.0,183330
2008-09-24,208500.0,212500.0,206000.0,211500.0,202400.0,224225.0,242075.0,250029.16666666666,68144
2008-09-25,208500.0,212500.0,205000.0,211500.0,205600.0,222825.0,241225.0,249858.33333333334,34062
2008-09-26,212500.0,216000.0,211500.0,215500.0,208100.0,221700.0,240400.0,249695.83333333334,67456
2008-09-29,215500.0,216500.0,198500.0,203000.0,210000.0,219700.0,239450.0,249416.66666666666,129154
2008-09-30,188000.0,194500.0,187000.0,192500.0,206800.0,217350.0,238533.33333333334,249062.5,345804
2008-10-01,194000.0,203000.0,193500.0,199000.0,204300.0,215375.0,237833.33333333334,248754.16666666666,107638
2008-10-02,197000.0,202000.0,196500.0,200500.0,202100.0,213650.0,236841.66666666666,248483.33333333334,87095
2008-10-03,200500.0,200500.0,200500.0,200500.0,199100.0,211700.0,235866.66666666666,248183.33333333334,0
2008-10-06,199000.0,205000.0,194000.0,203500.0,199200.0,209900.0,235116.66666666666,247870.83333333334,82523
2008-10-07,195500.0,200000.0,191500.0,198000.0,200300.0,208250.0,234400.0,247479.16666666666,70102
2008-10-08,191500.0,194500.0,182000.0,186500.0,197800.0,206000.0,233358.33333333334,247000.0,46455
2008-10-09,180000.0,185000.0,161000.0,177000.0,193100.0,203825.0,232133.33333333334,246454.16666666666,256295
2008-10-10,166000.0,190000.0,153000.0,182500.0,189500.0,201675.0,230958.33333333334,245929.16666666666,173538
2008-10-13,182500.0,186500.0,179500.0,180000.0,184800.0,199400.0,229816.66666666666,245358.33333333334,112945
2008-10-14,185000.0,198000.0,185000.0,192000.0,183600.0,198300.0,228933.33333333334,244866.66666666666,87445
2008-10-15,192500.0,193500.0,184000.0,190000.0,184300.0,197200.0,228058.33333333334,244325.0,49167
2008-10-16,179000.0,197500.0,174500.0,197500.0,188400.0,197300.0,227383.33333333334,243845.83333333334,75408
2008-10-17,191500.0,192500.0,176500.0,177000.0,187300.0,196000.0,226450.0,243162.5,68906
2008-10-20,177500.0,184000.0,153500.0,169000.0,185100.0,194775.0,225316.66666666666,242412.5,140216
2008-10-21,177000.0,179000.0,158000.0,163000.0,179300.0,192500.0,223983.33333333334,241720.83333333334,94824
2008-10-22,159000.0,162000.0,139000.0,139000.0,169100.0,188875.0,222383.33333333334,240837.5,121546
2008-10-23,130500.0,133000.0,118500.0,133000.0,156200.0,184950.0,220691.66666666666,239912.5,155153
2008-10-24,133000.0,135000.0,113500.0,113500.0,143500.0,179850.0,218483.33333333334,238808.33333333334,104083
2008-10-27,105500.0,113000.0,96500.0,101000.0,129900.0,174750.0,216100.0,237600.0,213114
2008-10-28,96300.0,116000.0,96000.0,115000.0,120300.0,170875.0,213833.33333333334,236479.16666666666,137312
2008-10-29,132000.0,132000.0,118000.0,130500.0,118600.0,167450.0,211750.0,235479.16666666666,165631
2008-10-30,145000.0,150000.0,138000.0,150000.0,122000.0,164925.0,209891.66666666666,234483.33333333334,88527
2008-10-31,157000.0,159500.0,147500.0,147500.0,128800.0,162275.0,208050.0,233404.16666666666,109403
2008-11-03,146500.0,158000.0,146000.0,156500.0,139900.0,159925.0,206258.33333333334,232425.0,45895
2008-11-04,156500.0,156500.0,146500.0,155500.0,148000.0,157800.0,204491.66666666666,231425.0,46135
2008-11-05,159000.0,168000.0,155500.0,158500.0,153600.0,156400.0,202800.0,230525.0,82202
2008-11-06,151000.0,152000.0,135000.0,135000.0,150600.0,154300.0,200800.0,229379.16666666666,117377
2008-11-07,124500.0,133000.0,119500.0,132000.0,147500.0,151775.0,198750.0,228270.83333333334,445176
2008-11-10,134000.0,143000.0,127000.0,135000.0,143200.0,149525.0,196633.33333333334,227204.16666666666,176332
2008-11-11,133000.0,146000.0,132500.0,143000.0,140700.0,147075.0,194683.33333333334,226175.0,114641
2008-11-12,141500.0,147500.0,139000.0,146000.0,138200.0,144875.0,192783.33333333334,225187.5,71057
2008-11-13,138000.0,145000.0,133500.0,144000.0,140000.0,142200.0,190900.0,224150.0,72816
2008-11-14,146000.0,148000.0,141000.0,141000.0,141800.0,140400.0,188975.0,223104.16666666666,32274
2008-11-17,136500.0,147000.0,136000.0,146000.0,144000.0,139250.0,187208.33333333334,222079.16666666666,43420
2008-11-18,144000.0,147000.0,135000.0,135000.0,142400.0,137850.0,185375.0,220995.83333333334,34605
2008-11-19,136500.0,139000.0,123500.0,134000.0,140000.0,137600.0,183566.66666666666,219904.16666666666,38972
2008-11-20,124000.0,142000.0,123500.0,139000.0,139000.0,137900.0,181891.66666666666,218862.5,76928
2008-11-21,137000.0,145000.0,132000.0,145000.0,139800.0,139475.0,180341.66666666666,217870.83333333334,111231
2008-11-24,143000.0,147000.0,137000.0,140000.0,138600.0,141425.0,178625.0,216891.66666666666,41497
2008-11-25,149000.0,155000.0,147000.0,155000.0,142600.0,143425.0,177216.66666666666,216054.16666666666,130149
2008-11-26,156000.0,176000.0,153500.0,166000.0,149000.0,145200.0,176008.33333333334,215287.5,82475
2008-11-27,165500.0,168500.0,157000.0,165000.0,154200.0,145950.0,174841.66666666666,214512.5,103622
2008-11-28,165000.0,170000.0,159000.0,169000.0,159000.0,147025.0,173666.66666666666,213679.16666666666,72374
2008-12-01,167000.0,167000.0,148500.0,148500.0,160700.0,146625.0,172150.0,212650.0,1522
2008-12-02,141000.0,155000.0,140000.0,148500.0,159400.0,146275.0,170775.0,211650.0,69099
2008-12-03,154000.0,159000.0,148500.0,152500.0,156700.0,145975.0,169458.33333333334,210662.5,86687
2008-12-04,158500.0,158500.0,142000.0,143000.0,152300.0,146375.0,168166.66666666666,209612.5,72852
2008-12-05,142000.0,152500.0,142000.0,149000.0,148300.0,147225.0,166891.66666666666,208629.16666666666,53059
2008-12-08,149500.0,160500.0,148500.0,160000.0,150600.0,148475.0,165800.0,207758.33333333334,75162
2008-12-09,165000.0,172000.0,158500.0,169000.0,154700.0,149775.0,165050.0,206975.0,104540
2008-12-10,166000.0,176000.0,162000.0,176000.0,159400.0,151275.0,164450.0,206183.33333333334,112709
2008-12-11,183000.0,183500.0,170500.0,171500.0,165100.0,152650.0,164050.0,205370.83333333334,107095
2008-12-12,173500.0,178000.0,161000.0,168000.0,168900.0,154000.0,163466.66666666666,204470.83333333334,70221
2008-12-15,172500.0,174000.0,168500.0,171500.0,171200.0,155275.0,163100.0,203620.83333333334,130394
2008-12-16,172500.0,184000.0,171500.0,184000.0,174200.0,157725.0,162691.66666666666,202870.83333333334,106498
2008-12-17,190000.0,193000.0,181000.0,192500.0,177500.0,160650.0,162375.0,202225.0,106324
2008-12-18,197000.0,197000.0,187500.0,191000.0,181400.0,163250.0,162033.33333333334,201629.16666666666,49113
2008-12-19,189000.0,190500.0,180500.0,182000.0,184200.0,165100.0,161475.0,200937.5,93334
2008-12-22,184500.0,184500.0,176500.0,181000.0,186100.0,167150.0,161108.33333333334,200279.16666666666,49723
2008-12-23,178000.0,184500.0,174500.0,184000.0,186100.0,168600.0,160966.66666666666,199750.0,53187
2008-12-24,182000.0,186000.0,177500.0,186000.0,184800.0,169600.0,160750.0,199291.66666666666,30665
2008-12-25,186000.0,186000.0,186000.0,186000.0,183800.0,170650.0,160508.33333333334,198675.0,0
2008-12-26,183000.0,185500.0,177500.0,178500.0,183100.0,171125.0,160141.66666666666,198004.16666666666,56740
2008-12-29,178500.0,185000.0,172500.0,184000.0,183700.0,172900.0,159816.66666666666,197466.66666666666,43358
2008-12-30,181500.0,183500.0,177500.0,179000.0,182700.0,174425.0,159500.0,196950.0,119287
2008-12-31,179000.0,179000.0,179000.0,179000.0,181300.0,175750.0,159375.0,196366.66666666666,0
2009-01-02,179000.0,180000.0,173500.0,175000.0,179100.0,177350.0,159341.66666666666,195737.5,65050
2009-01-05,178500.0,179000.0,174000.0,174500.0,178300.0,178625.0,159208.33333333334,195083.33333333334,59001
2009-01-06,174500.0,179500.0,171500.0,172000.0,175900.0,179225.0,159075.0,194445.83333333334,101280
2009-01-07,173000.0,174000.0,163000.0,165000.0,173100.0,179025.0,158625.0,193779.16666666666,252278
2009-01-08,166000.0,168500.0,159500.0,160500.0,169400.0,178250.0,158133.33333333334,193095.83333333334,152062
2009-01-09,163000.0,165000.0,159500.0,161000.0,166600.0,177725.0,157525.0,192454.16666666666,158991
2009-01-12,162500.0,168500.0,161500.0,167500.0,165200.0,177700.0,157366.66666666666,191908.33333333334,165998
2009-01-13,168500.0,168500.0,161500.0,168000.0,164400.0,177525.0,157350.0,191333.33333333334,79343
2009-01-14,168000.0,169000.0,165000.0,168500.0,165100.0,176750.0,157441.66666666666,190712.5,94768
2009-01-15,163500.0,163500.0,150000.0,150000.0,163000.0,174625.0,157625.0,190004.16666666666,113613
2009-01-16,151500.0,158000.0,148500.0,158000.0,162400.0,172975.0,158041.66666666666,189366.66666666666,73045
2009-01-19,159000.0,161500.0,155000.0,161000.0,161100.0,171925.0,158833.33333333334,188658.33333333334,100097
2009-01-20,159500.0,160500.0,154500.0,156000.0,158700.0,170675.0,159750.0,187925.0,43474
2009-01-21,148500.0,160500.0,148500.0,159500.0,156900.0,169450.0,160491.66666666666,187162.5,50130
2009-01-22,161000.0,161500.0,155000.0,161000.0,159100.0,168200.0,161000.0,186375.0,73553
2009-01-23,159000.0,160500.0,155500.0,159500.0,159400.0,166875.0,161158.33333333334,185525.0,35168
2009-01-28,160500.0,162000.0,158500.0,160000.0,159200.0,165950.0,161366.66666666666,184708.33333333334,60502
2009-01-29,161000.0,162500.0,156500.0,159000.0,159800.0,164700.0,161408.33333333334,183833.33333333334,68934
2009-01-30,158500.0,160000.0,153000.0,156000.0,159100.0,163550.0,161416.66666666666,182954.16666666666,86937
2009-02-02,156000.0,156000.0,150500.0,151000.0,157100.0,162150.0,161291.66666666666,182045.83333333334,52225
2009-02-03,151000.0,151500.0,147500.0,147500.0,154700.0,160775.0,161500.0,181150.0,111712
2009-02-04,150500.0,151000.0,145000.0,146500.0,152000.0,159375.0,161741.66666666666,180245.83333333334,175262
2009-02-05,148000.0,154000.0,147000.0,148500.0,149900.0,158200.0,161966.66666666666,179300.0,242663
2009-02-06,150000.0,151500.0,146500.0,148500.0,148400.0,157375.0,162058.33333333334,178370.83333333334,119018
2009-02-09,150500.0,151000.0,145000.0,145500.0,147300.0,156625.0,162050.0,177416.66666666666,179854
2009-02-10,146500.0,147000.0,142500.0,145000.0,146800.0,155825.0,162066.66666666666,176483.33333333334,86501
2009-02-11,141500.0,144000.0,140500.0,142000.0,145900.0,154550.0,162083.33333333334,175529.16666666666,112554
2009-02-12,142500.0,145000.0,140000.0,143500.0,144900.0,153325.0,162041.66666666666,174625.0,103777
2009-02-13,144000.0,147500.0,141500.0,146500.0,144500.0,152225.0,162233.33333333334,173804.16666666666,85667
2009-02-16,146000.0,149500.0,142500.0,142500.0,143900.0,151850.0,162375.0,172970.83333333334,122568
2009-02-17,141500.0,142000.0,129500.0,130000.0,140900.0,150450.0,162225.0,172058.33333333334,139900
2009-02-18,127000.0,128500.0,121500.0,127000.0,137900.0,148750.0,161925.0,171133.33333333334,166313
2009-02-19,125500.0,131500.0,125500.0,130000.0,135200.0,147450.0,161758.33333333334,170191.66666666666,76286
2009-02-20,127000.0,130500.0,121000.0,124500.0,130800.0,145700.0,161250.0,169233.33333333334,97688
2009-02-23,123000.0,138000.0,122000.0,134500.0,129200.0,144375.0,160725.0,168366.66666666666,167577
2009-02-24,130500.0,137000.0,128000.0,134000.0,130000.0,143100.0,160208.33333333334,167525.0,77793
2009-02-25,139500.0,140000.0,130500.0,130500.0,130700.0,141625.0,159566.66666666666,166616.66666666666,51670
2009-02-26,131000.0,134500.0,125000.0,126000.0,129900.0,139975.0,159191.66666666666,165670.83333333334,54274
2009-02-27,128000.0,129000.0,124500.0,126000.0,130200.0,138475.0,158816.66666666666,164795.83333333334,30436
2009-03-02,123000.0,125000.0,120000.0,120000.0,127300.0,136925.0,158275.0,163866.66666666666,44643
2009-03-03,115000.0,129500.0,115000.0,128000.0,126100.0,135950.0,158025.0,163095.83333333334,91288
2009-03-04,128000.0,129500.0,124000.0,127000.0,125400.0,134975.0,157658.33333333334,162275.0,68137
2009-03-05,129000.0,131500.0,126500.0,126500.0,125500.0,133875.0,157100.0,161450.0,37735
2009-03-06,126500.0,132000.0,123500.0,132000.0,126700.0,133050.0,156483.33333333334,160766.66666666666,80105
2009-03-09,135500.0,141500.0,133500.0,141500.0,131000.0,132850.0,155908.33333333334,160179.16666666666,133066
2009-03-10,140500.0,145000.0,137000.0,144500.0,134300.0,132825.0,155458.33333333334,159754.16666666666,86059
2009-03-11,149000.0,151500.0,145500.0,147000.0,138300.0,133075.0,155108.33333333334,159287.5,147447
2009-03-12,141000.0,142000.0,135000.0,135000.0,140000.0,132650.0,154500.0,158800.0,227164
2009-03-13,138500.0,145000.0,138000.0,142500.0,142100.0,132450.0,153808.33333333334,158250.0,120849
2009-03-16,145000.0,147500.0,141000.0,145000.0,142800.0,132575.0,153016.66666666666,157695.83333333334,56944
2009-03-17,147500.0,149000.0,145500.0,147000.0,143300.0,133425.0,152283.33333333334,157158.33333333334,72346
2009-03-18,149000.0,150000.0,141000.0,143000.0,142500.0,134225.0,151633.33333333334,156554.16666666666,89680
2009-03-19,145000.0,148000.0,144000.0,144000.0,144300.0,134925.0,151016.66666666666,156062.5,68931
2009-03-20,144000.0,146000.0,141500.0,143500.0,144500.0,135875.0,150341.66666666666,155654.16666666666,68571
2009-03-23,144000.0,146000.0,144000.0,146000.0,144700.0,136450.0,149675.0,155212.5,4014
2009-03-24,150000.0,155000.0,146500.0,154500.0,146200.0,137475.0,149150.0,154829.16666666666,153605
2009-03-25,154000.0,156500.0,151000.0,153500.0,148300.0,138625.0,148733.33333333334,154437.5,96611
2009-03-26,155500.0,157000.0,152000.0,157000.0,150900.0,140175.0,148283.33333333334,154050.0,121736
2009-03-27,159500.0,160000.0,150000.0,150000.0,152200.0,141375.0,147800.0,153650.0,111735
2009-03-30,148500.0,150000.0,143000.0,143000.0,151600.0,142525.0,147200.0,153287.5,90426
2009-03-31,143500.0,145500.0,142000.0,144000.0,149500.0,143325.0,146683.33333333334,153012.5,110434
2009-04-01,144000.0,146500.0,140500.0,141000.0,147000.0,144025.0,146125.0,152666.66666666666,161903
2009-04-02,143500.0,146000.0,143000.0,145500.0,144700.0,144975.0,145683.33333333334,152379.16666666666,255347
2009-04-03,148000.0,152000.0,147000.0,152000.0,145100.0,145975.0,145466.66666666666,152045.83333333334,212710
2009-04-06,153000.0,155500.0,151500.0,154000.0,147300.0,146600.0,145358.33333333334,151745.83333333334,149652
2009-04-07,154500.0,155000.0,149000.0,152500.0,149000.0,147000.0,145216.66666666666,151370.83333333334,110636
2009-04-08,150000.0,151500.0,144500.0,144500.0,149700.0,146875.0,144833.33333333334,151100.0,116775
2009-04-09,147000.0,150500.0,146000.0,148500.0,150300.0,147550.0,144508.33333333334,150929.16666666666,98816
2009-04-10,151500.0,154000.0,147000.0,153000.0,150500.0,148075.0,144250.0,150845.83333333334,163439
2009-04-13,153500.0,156000.0,150500.0,155000.0,150700.0,148575.0,144333.33333333334,150979.16666666666,131263
2009-04-14,156000.0,160000.0,149000.0,149500.0,150100.0,148700.0,144191.66666666666,151116.66666666666,199876
2009-04-15,147500.0,148500.0,142000.0,143500.0,149900.0,148725.0,143900.0,151366.66666666666,147570
2009-04-16,147500.0,150500.0,146000.0,148500.0,149900.0,148950.0,143775.0,151762.5,127735
2009-04-17,150500.0,151500.0,145000.0,146500.0,148600.0,149100.0,143558.33333333334,152025.0,74765
2009-04-20,146500.0,146500.0,141000.0,141500.0,145900.0,148875.0,143233.33333333334,152116.66666666666,134815
2009-04-21,139000.0,144000.0,138000.0,142500.0,144500.0,148275.0,142950.0,152054.16666666666,71768
2009-04-22,143500.0,144000.0,139500.0,139500.0,143700.0,147575.0,142608.33333333334,151987.5,119046
2009-04-23,140000.0,141500.0,138000.0,139000.0,141800.0,146675.0,142275.0,151841.66666666666,106250
2009-04-24,140000.0,146000.0,139500.0,141500.0,140800.0,146250.0,142033.33333333334,151725.0,161126
2009-04-27,145000.0,147000.0,142000.0,144000.0,141300.0,146300.0,141916.66666666666,151604.16666666666,104634
2009-04-28,146000.0,150500.0,144500.0,145500.0,141900.0,146375.0,141883.33333333334,151691.66666666666,209550
2009-04-29,149000.0,155000.0,147500.0,155000.0,145000.0,147075.0,142025.0,151883.33333333334,250797
2009-04-30,156000.0,159500.0,153500.0,158000.0,148800.0,147700.0,142183.33333333334,152075.0,234797
2009-05-04,160500.0,163000.0,159000.0,162500.0,153000.0,148225.0,142416.66666666666,152237.5,117334
2009-05-06,164000.0,165000.0,157000.0,158000.0,155800.0,148425.0,142625.0,152337.5,125551
2009-05-07,161000.0,169500.0,159500.0,169500.0,160600.0,149275.0,143033.33333333334,152550.0,237014
2009-05-08,168500.0,171000.0,167500.0,170000.0,163600.0,150550.0,143500.0,152791.66666666666,192988
2009-05-11,174500.0,176000.0,167000.0,167000.0,165400.0,151475.0,143891.66666666666,152966.66666666666,216853
2009-05-12,165500.0,170000.0,164000.0,170000.0,166900.0,152325.0,144283.33333333334,153258.33333333334,107111
2009-05-13,170000.0,171000.0,166500.0,169000.0,169100.0,153025.0,144725.0,153550.0,94313
2009-05-14,164500.0,168000.0,161500.0,162500.0,167700.0,153675.0,145266.66666666666,153745.83333333334,103734
2009-05-15,164500.0,167500.0,161000.0,162500.0,166200.0,154625.0,145858.33333333334,153891.66666666666,64225
2009-05-18,161500.0,162000.0,156000.0,158000.0,164400.0,155100.0,146325.0,154041.66666666666,85906
2009-05-19,162000.0,170000.0,161000.0,170000.0,164400.0,156275.0,147083.33333333334,154166.66666666666,114406
2009-05-20,168000.0,171000.0,167500.0,170000.0,164600.0,157700.0,147675.0,154200.0,79084
2009-05-21,170000.0,173000.0,166000.0,167000.0,165500.0,158925.0,148225.0,154216.66666666666,97387
2009-05-22,165500.0,171000.0,163500.0,169500.0,166900.0,160425.0,148875.0,154220.83333333334,93658
2009-05-25,170000.0,174500.0,162500.0,172000.0,169700.0,162075.0,149641.66666666666,154416.66666666666,152516
2009-05-26,177000.0,178500.0,168000.0,168000.0,169300.0,163400.0,150341.66666666666,154579.16666666666,187844
2009-05-27,171500.0,173500.0,167500.0,168000.0,168900.0,164600.0,151141.66666666666,154708.33333333334,103889
2009-05-28,165500.0,167000.0,157000.0,165500.0,168600.0,165600.0,151766.66666666666,154895.83333333334,142910
2009-05-29,166000.0,166000.0,158000.0,161000.0,166900.0,165900.0,152333.33333333334,154995.83333333334,124004
2009-06-01,161000.0,163000.0,159000.0,160500.0,164600.0,166025.0,152900.0,155000.0,77454
2009-06-02,166000.0,166500.0,159500.0,160000.0,163000.0,165900.0,153366.66666666666,154925.0,132654
2009-06-03,161500.0,164500.0,159000.0,163500.0,162100.0,166175.0,153733.33333333334,154820.83333333334,106558
2009-06-04,163500.0,164500.0,160000.0,160500.0,161100.0,165725.0,154000.0,154729.16666666666,57947
2009-06-05,163500.0,166500.0,161000.0,165500.0,162000.0,165500.0,154308.33333333334,154708.33333333334,74446
2009-06-08,167000.0,169000.0,164500.0,166500.0,163200.0,165475.0,154833.33333333334,154666.66666666666,78090
2009-06-09,167500.0,169000.0,162500.0,166000.0,164400.0,165275.0,155225.0,154516.66666666666,80450
2009-06-10,166000.0,171000.0,164500.0,171000.0,165900.0,165375.0,155658.33333333334,154337.5,158733
2009-06-11,171000.0,173000.0,167500.0,167500.0,167300.0,165625.0,156000.0,154141.66666666666,270056
2009-06-12,169000.0,169000.0,158500.0,162500.0,166700.0,165625.0,156325.0,153979.16666666666,315458
2009-06-15,160000.0,161000.0,154000.0,154000.0,164200.0,165425.0,156491.66666666666,153754.16666666666,230443
2009-06-16,151500.0,155000.0,149500.0,153500.0,161700.0,164600.0,156658.33333333334,153500.0,140977
2009-06-17,153000.0,156500.0,153000.0,154000.0,158300.0,163800.0,156791.66666666666,153233.33333333334,113945
2009-06-18,154000.0,156000.0,151000.0,152000.0,155200.0,163050.0,156750.0,152950.0,75463
2009-06-19,152000.0,154500.0,151500.0,154500.0,153600.0,162300.0,156766.66666666666,152750.0,41913
2009-06-22,153500.0,155500.0,152500.0,155000.0,153800.0,161450.0,156733.33333333334,152508.33333333334,58954
2009-06-23,152000.0,154000.0,147500.0,149500.0,153000.0,160525.0,156725.0,152262.5,104341
2009-06-24,151000.0,151000.0,142500.0,145500.0,151300.0,159400.0,156766.66666666666,151983.33333333334,83177
2009-06-25,146500.0,153000.0,146000.0,151000.0,151100.0,158675.0,156883.33333333334,151783.33333333334,71859
2009-06-26,151500.0,152000.0,148000.0,150500.0,150300.0,158150.0,157041.66666666666,151583.33333333334,49388
2009-06-29,149000.0,150500.0,146000.0,147500.0,148800.0,157500.0,157075.0,151379.16666666666,48425
2009-06-30,147500.0,150500.0,147500.0,149500.0,148800.0,156975.0,157033.33333333334,151250.0,49693
2009-07-01,148500.0,150500.0,148000.0,150000.0,149700.0,156300.0,156966.66666666666,151162.5,63618
2009-07-02,152000.0,152500.0,149500.0,149500.0,149400.0,155750.0,156916.66666666666,151066.66666666666,56520
2009-07-03,147500.0,149000.0,147000.0,148500.0,149000.0,154900.0,156983.33333333334,150908.33333333334,41602
2009-07-06,149000.0,151000.0,147500.0,148500.0,149200.0,154000.0,156983.33333333334,150745.83333333334,48688
2009-07-07,148500.0,148500.0,145000.0,147000.0,148700.0,153050.0,156883.33333333334,150566.66666666666,65819
2009-07-08,146500.0,149500.0,144000.0,148500.0,148400.0,151925.0,156775.0,150554.16666666666,83625
2009-07-09,148500.0,157500.0,147000.0,157000.0,149900.0,151400.0,156900.0,150545.83333333334,169908
2009-07-10,158000.0,160000.0,155500.0,159500.0,152100.0,151250.0,157166.66666666666,150533.33333333334,83678
2009-07-13,159000.0,159000.0,153500.0,156000.0,153600.0,151350.0,157291.66666666666,150533.33333333334,60092
2009-07-14,158500.0,158500.0,150500.0,154000.0,155000.0,151375.0,157416.66666666666,150487.5,60075
2009-07-15,154500.0,160500.0,154500.0,159500.0,157200.0,151650.0,157716.66666666666,150475.0,110179
2009-07-16,161000.0,161500.0,158000.0,159500.0,157700.0,152025.0,158000.0,150475.0,53032
2009-07-17,159000.0,160500.0,159000.0,160000.0,157800.0,152300.0,158341.66666666666,150475.0,45120
2009-07-20,163000.0,166000.0,161500.0,164000.0,159400.0,152750.0,158758.33333333334,150516.66666666666,126443
2009-07-21,166500.0,166500.0,162500.0,164500.0,161500.0,153500.0,159141.66666666666,150587.5,69394
2009-07-22,165000.0,165000.0,162000.0,163000.0,162200.0,154375.0,159458.33333333334,150687.5,44407
2009-07-23,164500.0,168000.0,164000.0,167500.0,163800.0,155200.0,159825.0,150854.16666666666,101557
2009-07-24,166000.0,172500.0,166000.0,172000.0,166200.0,156275.0,160108.33333333334,151066.66666666666,152445
2009-07-27,173500.0,173500.0,170000.0,171500.0,167700.0,157475.0,160333.33333333334,151258.33333333334,57689
2009-07-28,172000.0,173000.0,167500.0,170000.0,168800.0,158500.0,160458.33333333334,151437.5,100741
2009-07-29,170000.0,175000.0,169000.0,174500.0,171100.0,159725.0,160733.33333333334,151679.16666666666,101628
2009-07-30,172000.0,175500.0,169500.0,174000.0,172400.0,160950.0,160808.33333333334,151920.83333333334,67151
2009-07-31,175000.0,178500.0,174000.0,176000.0,173200.0,162325.0,160908.33333333334,152204.16666666666,113918
2009-08-03,177000.0,178000.0,174500.0,176000.0,174100.0,163700.0,161058.33333333334,152475.0,65707
2009-08-04,176000.0,178000.0,168000.0,168000.0,173700.0,164750.0,161025.0,152654.16666666666,149403
2009-08-05,166500.0,168500.0,161500.0,162000.0,171200.0,165425.0,160908.33333333334,152816.66666666666,179080
2009-08-06,161000.0,164500.0,159500.0,164500.0,169300.0,165800.0,160941.66666666666,153104.16666666666,112959
2009-08-07,163500.0,166500.0,163000.0,166500.0,167400.0,166150.0,161008.33333333334,153433.33333333334,73377
2009-08-10,166500.0,168000.0,162000.0,164000.0,165000.0,166550.0,161108.33333333334,153716.66666666666,106440
2009-08-11,163000.0,165500.0,162000.0,164000.0,164200.0,167050.0,161008.33333333334,154045.83333333334,75648
2009-08-12,164000.0,167000.0,161000.0,163500.0,164500.0,167250.0,160900.0,154287.5,121911
2009-08-13,166000.0,171500.0,165000.0,167000.0,165000.0,167625.0,160900.0,154562.5,169685
2009-08-14,169000.0,170000.0,162000.0,166000.0,164900.0,167925.0,160841.66666666666,154858.33333333334,164587
2009-08-17,168000.0,170500.0,165000.0,165000.0,165100.0,167975.0,160725.0,155183.33333333334,157713
2009-08-18,164500.0,169000.0,164500.0,168000.0,165900.0,168150.0,160725.0,155533.33333333334,94939
2009-08-19,168000.0,168000.0,163500.0,165000.0,166200.0,168250.0,160675.0,155908.33333333334,116080
2009-08-20,167000.0,168500.0,164500.0,166000.0,166000.0,168175.0,160683.33333333334,156225.0,81899
2009-08-21,166000.0,166500.0,156000.0,159000.0,164600.0,167525.0,160650.0,156491.66666666666,153807
2009-08-24,160500.0,161500.0,154000.0,157500.0,163100.0,166825.0,160600.0,156750.0,170228
2009-08-25,157000.0,163500.0,156000.0,160000.0,161500.0,166325.0,160600.0,156983.33333333334,95331
2009-08-26,161500.0,162500.0,158500.0,160000.0,160500.0,165600.0,160541.66666666666,157137.5,56553
2009-08-27,160000.0,161500.0,159000.0,159000.0,159100.0,164850.0,160516.66666666666,157258.33333333334,38231
2009-08-28,161500.0,167000.0,160000.0,167000.0,160700.0,164400.0,160541.66666666666,157425.0,167708
2009-08-31,168000.0,170500.0,165500.0,167000.0,162600.0,163950.0,160550.0,157691.66666666666,111481
2009-09-01,167000.0,170000.0,166000.0,169500.0,164500.0,164025.0,160608.33333333334,157916.66666666666,91061
2009-09-02,168000.0,168000.0,165500.0,166000.0,165700.0,164225.0,160525.0,158091.66666666666,82074
2009-09-03,167500.0,172000.0,166500.0,169000.0,167700.0,164450.0,160550.0,158275.0,95975
2009-09-04,170000.0,172500.0,167000.0,171000.0,168500.0,164675.0,160691.66666666666,158508.33333333334,92240
2009-09-07,172500.0,175000.0,171000.0,173500.0,169800.0,165150.0,161016.66666666666,158754.16666666666,85741
2009-09-08,174500.0,175000.0,167000.0,167000.0,169300.0,165300.0,161241.66666666666,158950.0,121753
2009-09-09,168500.0,171000.0,168000.0,169000.0,169900.0,165575.0,161491.66666666666,159141.66666666666,50120
2009-09-10,170000.0,178000.0,169000.0,178000.0,171700.0,166125.0,161925.0,159337.5,138119
2009-09-11,179500.0,184500.0,178000.0,183500.0,174200.0,167000.0,162408.33333333334,159587.5,230915
2009-09-14,187000.0,189500.0,182500.0,186500.0,176800.0,168075.0,162933.33333333334,159833.33333333334,176588
2009-09-15,188000.0,188000.0,182500.0,185000.0,180400.0,168925.0,163525.0,160125.0,102156
2009-09-16,185500.0,189000.0,182500.0,185000.0,183600.0,169925.0,164183.33333333334,160475.0,168169
2009-09-17,187500.0,198000.0,186500.0,194500.0,186900.0,171350.0,164908.33333333334,160895.83333333334,166007
2009-09-18,197000.0,197000.0,191500.0,194000.0,189000.0,173100.0,165633.33333333334,161337.5,91005
2009-09-21,195000.0,205000.0,193000.0,200500.0,191800.0,175250.0,166516.66666666666,161795.83333333334,152669
2009-09-22,202500.0,203500.0,197500.0,200000.0,194800.0,177250.0,167358.33333333334,162195.83333333334,86588
2009-09-23,198000.0,201000.0,195000.0,195000.0,196800.0,179000.0,168108.33333333334,162537.5,165641
2009-09-24,197500.0,206500.0,189500.0,200500.0,198000.0,181075.0,168958.33333333334,162937.5,274582
2009-09-25,198500.0,217000.0,198000.0,214500.0,202100.0,183450.0,170058.33333333334,163520.83333333334,201703
2009-09-28,214000.0,219000.0,211000.0,214000.0,204800.0,185800.0,171150.0,164066.66666666666,188262
2009-09-29,217000.0,218500.0,205000.0,205500.0,205900.0,187600.0,172125.0,164504.16666666666,159544
2009-09-30,207000.0,211500.0,203000.0,207500.0,208400.0,189675.0,173108.33333333334,164941.66666666666,91191
2009-10-01,210000.0,210500.0,196000.0,196000.0,207500.0,191025.0,173758.33333333334,165329.16666666666,123687
2009-10-05,193500.0,202500.0,192000.0,199000.0,204400.0,192425.0,174416.66666666666,165791.66666666666,137971
2009-10-06,201500.0,202000.0,189000.0,191500.0,199900.0,193325.0,175008.33333333334,166150.0,99463
2009-10-07,196500.0,210500.0,195000.0,204000.0,199600.0,195175.0,175841.66666666666,166629.16666666666,168764
2009-10-08,207000.0,213000.0,200000.0,205500.0,199200.0,197000.0,176608.33333333334,167162.5,118732
2009-10-09,207000.0,209000.0,202500.0,205500.0,201100.0,198375.0,177375.0,167687.5,69798
2009-10-12,206000.0,207500.0,202500.0,205500.0,202400.0,199475.0,178133.33333333334,168237.5,48808
2009-10-13,204500.0,205500.0,196500.0,202500.0,204600.0,200275.0,178775.0,168766.66666666666,69801
2009-10-14,202000.0,202500.0,196000.0,197500.0,203300.0,200900.0,179325.0,169233.33333333334,132445
2009-10-15,199000.0,206500.0,197000.0,206500.0,203500.0,201975.0,180050.0,169754.16666666666,138799
2009-10-16,208000.0,215000.0,204500.0,212000.0,204800.0,202850.0,180791.66666666666,170308.33333333334,127063
2009-10-19,213000.0,214500.0,208000.0,211500.0,206000.0,203725.0,181450.0,170779.16666666666,94170
2009-10-20,211500.0,215000.0,210000.0,212500.0,208000.0,204325.0,182133.33333333334,171233.33333333334,45297
2009-10-21,214000.0,217000.0,209500.0,211000.0,210700.0,204875.0,182816.66666666666,171637.5,61349
2009-10-22,210000.0,212000.0,201000.0,203000.0,210000.0,205275.0,183291.66666666666,172012.5,77978
2009-10-23,204500.0,211500.0,200500.0,209500.0,209500.0,205725.0,183883.33333333334,172345.83333333334,113958
2009-10-26,209500.0,216500.0,207500.0,214500.0,210100.0,205725.0,184525.0,172716.66666666666,83286
2009-10-27,214000.0,217500.0,212000.0,213000.0,210200.0,205675.0,185141.66666666666,173100.0,59155
2009-10-28,212500.0,214500.0,207500.0,210000.0,210000.0,205900.0,185841.66666666666,173433.33333333334,64271
2009-10-29,209000.0,209500.0,199000.0,205000.0,210400.0,205775.0,186558.33333333334,173733.33333333334,61927
2009-10-30,206000.0,207500.0,200500.0,203500.0,209200.0,206150.0,187208.33333333334,174075.0,106791
2009-11-02,200000.0,204000.0,198000.0,202500.0,206800.0,206325.0,187808.33333333334,174408.33333333334,57737
2009-11-03,203500.0,206000.0,201000.0,201000.0,204400.0,206800.0,188425.0,174766.66666666666,44783
2009-11-04,202000.0,205000.0,200500.0,203000.0,203000.0,206750.0,189075.0,175041.66666666666,41472
2009-11-05,204500.0,205500.0,200000.0,200000.0,202000.0,206475.0,189683.33333333334,175291.66666666666,23366
2009-11-06,204000.0,206000.0,200500.0,201500.0,201600.0,206275.0,190258.33333333334,175579.16666666666,34453
2009-11-09,201500.0,205500.0,201000.0,202500.0,201600.0,206125.0,190866.66666666666,175854.16666666666,61583
2009-11-10,205500.0,208500.0,203000.0,203500.0,202100.0,206175.0,191508.33333333334,176116.66666666666,54187
2009-11-11,205000.0,213500.0,204000.0,213000.0,204100.0,206950.0,192258.33333333334,176491.66666666666,78985
2009-11-12,216000.0,216500.0,207000.0,207000.0,205500.0,206975.0,192958.33333333334,176816.66666666666,73989
2009-11-13,208000.0,210500.0,205500.0,206000.0,206400.0,206675.0,193625.0,177154.16666666666,34260
2009-11-16,207500.0,224500.0,207500.0,219500.0,209800.0,207075.0,194633.33333333334,177641.66666666666,152341
2009-11-17,221000.0,230000.0,219000.0,220000.0,213100.0,207450.0,195675.0,178137.5,174278
2009-11-18,223500.0,228000.0,221000.0,221000.0,214700.0,207950.0,196691.66666666666,178645.83333333334,73375
2009-11-19,224500.0,233000.0,223000.0,233000.0,219900.0,209450.0,197908.33333333334,179225.0,141040
2009-11-20,229500.0,230000.0,222500.0,223500.0,223400.0,210150.0,198983.33333333334,179750.0,114086
2009-11-23,224000.0,224500.0,216000.0,216500.0,222800.0,210250.0,199808.33333333334,180175.0,94193
2009-11-24,220000.0,222000.0,218000.0,220000.0,222800.0,210600.0,200691.66666666666,180620.83333333334,50666
2009-11-25,222500.0,226000.0,219500.0,225000.0,223600.0,211350.0,201616.66666666666,181112.5,64209
2009-11-26,225000.0,229500.0,223000.0,226500.0,222300.0,212425.0,202625.0,181575.0,69794
2009-11-27,223500.0,226000.0,213500.0,222500.0,222100.0,213375.0,203516.66666666666,182033.33333333334,79452
2009-11-30,221000.0,222500.0,216500.0,219500.0,222700.0,214225.0,204325.0,182508.33333333334,83696
2009-12-01,220500.0,221000.0,216500.0,216500.0,222000.0,215000.0,205041.66666666666,183029.16666666666,48856
2009-12-02,217500.0,223000.0,217000.0,222000.0,221400.0,215950.0,205958.33333333334,183600.0,67832
2009-12-03,223000.0,227000.0,222000.0,225000.0,221100.0,217200.0,206891.66666666666,184191.66666666666,75408
2009-12-04,223500.0,229500.0,222000.0,228500.0,222300.0,218550.0,207733.33333333334,184829.16666666666,100183
2009-12-07,227500.0,228500.0,222500.0,222500.0,222900.0,219550.0,208383.33333333334,185395.83333333334,75163
2009-12-08,223000.0,225500.0,220500.0,225000.0,224600.0,220625.0,209025.0,185979.16666666666,77307
2009-12-09,223000.0,226000.0,221000.0,223000.0,224800.0,221125.0,209658.33333333334,186591.66666666666,73078
2009-12-10,225000.0,225500.0,217000.0,224500.0,224700.0,222000.0,210316.66666666666,187250.0,108440
2009-12-11,222000.0,223500.0,218000.0,218000.0,222600.0,222600.0,210708.33333333334,187808.33333333334,124982
2009-12-14,218500.0,219500.0,215000.0,216500.0,221400.0,222450.0,211083.33333333334,188358.33333333334,66813
2009-12-15,216000.0,218000.0,215000.0,217500.0,219900.0,222325.0,211366.66666666666,188941.66666666666,42809
2009-12-16,216000.0,219000.0,212500.0,214000.0,218100.0,221975.0,211600.0,189479.16666666666,67509
2009-12-17,214000.0,216000.0,212000.0,214000.0,216000.0,221025.0,211916.66666666666,190012.5,46955
2009-12-18,212000.0,215500.0,209500.0,211500.0,214700.0,220425.0,212100.0,190529.16666666666,56094
2009-12-21,210000.0,210500.0,203500.0,204000.0,212200.0,219800.0,211925.0,190991.66666666666,138823
2009-12-22,204000.0,209000.0,202000.0,209000.0,210500.0,219250.0,211841.66666666666,191495.83333333334,58392
2009-12-23,210000.0,210000.0,201500.0,205000.0,208700.0,218250.0,211833.33333333334,191979.16666666666,78460
2009-12-24,205500.0,214000.0,205500.0,214000.0,208700.0,217625.0,211941.66666666666,192525.0,71906
2009-12-28,213000.0,214500.0,208500.0,209500.0,208300.0,216975.0,212166.66666666666,192962.5,92352
2009-12-29,210000.0,210000.0,205000.0,208000.0,209100.0,216400.0,212316.66666666666,193366.66666666666,33890
2009-12-30,205500.0,208500.0,205000.0,205500.0,208400.0,215850.0,212550.0,193779.16666666666,65366
2010-01-04,205000.0,208500.0,204000.0,207000.0,208800.0,215100.0,212600.0,194220.83333333334,81854
2010-01-05,209000.0,220500.0,208000.0,220000.0,210000.0,214850.0,212841.66666666666,194725.0,176154
2010-01-06,223000.0,223000.0,216500.0,220500.0,212200.0,214450.0,213091.66666666666,195233.33333333334,89605
2010-01-07,220000.0,220500.0,216000.0,218000.0,214200.0,214225.0,213300.0,195716.66666666666,69964
2010-01-08,222000.0,222000.0,217500.0,218000.0,216700.0,213875.0,213558.33333333334,196166.66666666666,68335
2010-01-11,218000.0,224000.0,214000.0,216000.0,218500.0,213525.0,213866.66666666666,196595.83333333334,72172
2010-01-12,216000.0,219500.0,214500.0,218000.0,218100.0,213200.0,214058.33333333334,197054.16666666666,45520
2010-01-13,215500.0,217000.0,210500.0,211000.0,216200.0,212850.0,214041.66666666666,197416.66666666666,50046
2010-01-14,212500.0,220000.0,212000.0,219000.0,216400.0,212975.0,214166.66666666666,197808.33333333334,84063
2010-01-15,219000.0,227500.0,217500.0,224000.0,217600.0,213300.0,214358.33333333334,198245.83333333334,148307
2010-01-18,220500.0,221000.0,214000.0,215500.0,217500.0,213375.0,214433.33333333334,198625.0,118967
2010-01-19,217500.0,217500.0,213500.0,214500.0,216800.0,213400.0,214625.0,198958.33333333334,60041
2010-01-20,215000.0,216000.0,210000.0,212000.0,217000.0,213425.0,214666.66666666666,199275.0,135004
2010-01-21,211000.0,219500.0,211000.0,218000.0,216800.0,214125.0,214725.0,199625.0,71364
2010-01-22,213500.0,216000.0,212000.0,214000.0,214800.0,214375.0,214741.66666666666,199941.66666666666,76762
2010-01-25,211000.0,215500.0,206000.0,212000.0,214100.0,214725.0,214775.0,200308.33333333334,59846
2010-01-26,212500.0,215500.0,211000.0,212000.0,213600.0,214625.0,214891.66666666666,200725.0,79121
2010-01-27,214500.0,214500.0,207000.0,212000.0,213600.0,214750.0,215033.33333333334,201120.83333333334,55242
2010-01-28,212000.0,214000.0,210000.0,210500.0,212100.0,214875.0,215166.66666666666,201487.5,42604
2010-01-29,210500.0,212000.0,208000.0,209000.0,211100.0,215050.0,215300.0,201862.5,45687
2010-02-01,206500.0,213500.0,206000.0,213500.0,211400.0,215375.0,215475.0,202275.0,33074
2010-02-02,214000.0,215000.0,210000.0,212000.0,211400.0,214975.0,215675.0,202679.16666666666,40103
2010-02-03,212000.0,216000.0,210500.0,214000.0,211800.0,214650.0,215883.33333333334,203070.83333333334,42033
2010-02-04,212500.0,214000.0,207000.0,207000.0,211100.0,214100.0,215958.33333333334,203412.5,73494
2010-02-05,200000.0,208000.0,198000.0,204000.0,210100.0,213400.0,215966.66666666666,203737.5,94325
2010-02-08,204000.0,204500.0,200000.0,200000.0,207400.0,212600.0,215750.0,204004.16666666666,42374
2010-02-09,202000.0,203000.0,196500.0,197000.0,204400.0,211550.0,215583.33333333334,204270.83333333334,61924
2010-02-10,197000.0,198000.0,186500.0,191500.0,199900.0,210575.0,215341.66666666666,204483.33333333334,290841
2010-02-11,193000.0,196500.0,192500.0,194500.0,197400.0,209350.0,214925.0,204779.16666666666,66217
2010-02-12,198000.0,198000.0,194500.0,195500.0,195700.0,207925.0,214516.66666666666,205095.83333333334,60128
2010-02-16,194500.0,200500.0,194000.0,197000.0,195100.0,207000.0,214116.66666666666,205404.16666666666,40564
2010-02-17,200000.0,203000.0,199000.0,201500.0,196000.0,206350.0,213591.66666666666,205750.0,37532
2010-02-18,201000.0,204000.0,199000.0,200500.0,197800.0,205775.0,213208.33333333334,206095.83333333334,40122
2010-02-19,199000.0,206500.0,199000.0,204500.0,199800.0,205100.0,213008.33333333334,206408.33333333334,58928
2010-02-22,203500.0,207000.0,203500.0,207000.0,202100.0,204750.0,212791.66666666666,206741.66666666666,28918
2010-02-23,207000.0,211000.0,205500.0,208500.0,204400.0,204575.0,212516.66666666666,207066.66666666666,36095
2010-02-24,209500.0,209500.0,206000.0,208500.0,205800.0,204400.0,212216.66666666666,207420.83333333334,28892
2010-02-25,207000.0,209500.0,203500.0,208000.0,207300.0,204200.0,211975.0,207745.83333333334,27245
2010-02-26,205500.0,209500.0,203500.0,209500.0,208300.0,204150.0,211808.33333333334,208066.66666666666,29514
2010-03-02,209000.0,211500.0,204500.0,205000.0,207900.0,203950.0,211616.66666666666,208329.16666666666,52350
2010-03-03,205500.0,206000.0,202500.0,203000.0,206800.0,203425.0,211300.0,208629.16666666666,55509
2010-03-04,205500.0,205500.0,201500.0,203500.0,205800.0,203000.0,210941.66666666666,208916.66666666666,41365
2010-03-05,204500.0,205500.0,202000.0,203500.0,204900.0,202475.0,210525.0,209129.16666666666,33965
2010-03-08,205000.0,209000.0,205000.0,207500.0,204500.0,202500.0,210275.0,209329.16666666666,65996
2010-03-09,209000.0,211000.0,206000.0,210000.0,205500.0,202800.0,210025.0,209525.0,53214
2010-03-10,211000.0,217500.0,210000.0,217000.0,208300.0,203650.0,209925.0,209791.66666666666,95303
2010-03-11,217500.0,219500.0,215500.0,217000.0,211000.0,204650.0,209800.0,210058.33333333334,47368
2010-03-12,217500.0,218000.0,214500.0,215500.0,213400.0,205850.0,209758.33333333334,210233.33333333334,44266
2010-03-15,216000.0,218500.0,216000.0,217000.0,215300.0,206975.0,209766.66666666666,210425.0,36882
2010-03-16,217500.0,219000.0,216000.0,218000.0,216900.0,208100.0,209775.0,210570.83333333334,47317
2010-03-17,218000.0,220000.0,214500.0,216500.0,216800.0,209075.0,209816.66666666666,210708.33333333334,65737
2010-03-18,215000.0,219000.0,214500.0,219000.0,217200.0,209950.0,209900.0,210908.33333333334,26264
2010-03-19,219000.0,221500.0,218000.0,221500.0,218400.0,211000.0,210066.66666666666,211083.33333333334,42882
2010-03-22,220500.0,221000.0,215000.0,216000.0,218200.0,211575.0,210266.66666666666,211095.83333333334,29372
2010-03-23,218000.0,218000.0,210000.0,212000.0,217000.0,211825.0,210316.66666666666,211079.16666666666,118422
2010-03-24,215000.0,227000.0,213500.0,222500.0,218200.0,212525.0,210608.33333333334,211220.83333333334,148399
2010-03-25,224000.0,229000.0,223000.0,226500.0,219700.0,213425.0,210816.66666666666,211379.16666666666,92777
2010-03-26,226000.0,226000.0,221000.0,223000.0,220000.0,214175.0,211041.66666666666,211604.16666666666,45380
2010-03-29,221000.0,226000.0,218000.0,219000.0,220600.0,214650.0,211225.0,211770.83333333334,39135
2010-03-30,219500.0,230000.0,217000.0,226500.0,223500.0,215725.0,211575.0,212062.5,69852
2010-03-31,227500.0,228500.0,223000.0,225000.0,224000.0,216825.0,211875.0,212237.5,58174
2010-04-01,223000.0,231000.0,223000.0,231000.0,224900.0,218200.0,212058.33333333334,212450.0,90490
2010-04-02,229500.0,230000.0,222500.0,226000.0,225500.0,219325.0,212150.0,212620.83333333334,73927
2010-04-05,225000.0,225000.0,219000.0,220500.0,225800.0,219975.0,212191.66666666666,212745.83333333334,41791
2010-04-06,222500.0,223000.0,217500.0,219500.0,224400.0,220450.0,212216.66666666666,212887.5,48511
2010-04-07,219500.0,227500.0,217000.0,226500.0,224700.0,220925.0,212391.66666666666,213129.16666666666,74007
2010-04-08,224500.0,226000.0,222000.0,226000.0,223700.0,221375.0,212525.0,213291.66666666666,33807
2010-04-09,224500.0,228000.0,223000.0,224500.0,223400.0,221825.0,212750.0,213395.83333333334,47067
2010-04-12,224500.0,235500.0,224500.0,233000.0,225900.0,222625.0,212983.33333333334,213575.0,148479
2010-04-13,232000.0,234500.0,228500.0,232000.0,228400.0,223325.0,213116.66666666666,213737.5,60052
2010-04-14,234000.0,238500.0,231500.0,238000.0,230700.0,224400.0,213491.66666666666,213962.5,60615
2010-04-15,238500.0,240000.0,236000.0,238000.0,233100.0,225350.0,213883.33333333334,214254.16666666666,40692
2010-04-16,239500.0,239500.0,233000.0,236500.0,235500.0,226100.0,214291.66666666666,214479.16666666666,63082
2010-04-19,235000.0,235500.0,227500.0,231500.0,235200.0,226875.0,214516.66666666666,214620.83333333334,70406
2010-04-20,230000.0,233000.0,229000.0,232000.0,235200.0,227875.0,214816.66666666666,214779.16666666666,50800
2010-04-21,232000.0,236500.0,229000.0,236000.0,234800.0,228550.0,215216.66666666666,214995.83333333334,96045
2010-04-22,235500.0,238000.0,228500.0,231000.0,233400.0,228775.0,215533.33333333334,215212.5,101892
2010-04-23,230000.0,231500.0,227500.0,230000.0,232100.0,229125.0,215833.33333333334,215433.33333333334,58609
2010-04-26,233000.0,238000.0,229000.0,229000.0,231600.0,229625.0,216141.66666666666,215654.16666666666,99250
2010-04-27,230000.0,237000.0,229500.0,236000.0,232400.0,230100.0,216591.66666666666,215945.83333333334,80388
2010-04-28,231000.0,233500.0,229500.0,230000.0,231200.0,230350.0,216866.66666666666,216170.83333333334,61652
2010-04-29,231500.0,231500.0,223500.0,225500.0,230100.0,230075.0,217091.66666666666,216383.33333333334,74297
2010-04-30,228000.0,228500.0,220500.0,222000.0,228500.0,229875.0,217225.0,216554.16666666666,83755
2010-05-03,223500.0,225500.0,219500.0,221500.0,227000.0,229925.0,217466.66666666666,216712.5,55159
2010-05-04,221500.0,226500.0,221500.0,223000.0,224400.0,230100.0,217783.33333333334,216875.0,54235
2010-05-06,216000.0,225500.0,216000.0,222500.0,222900.0,229900.0,218158.33333333334,216954.16666666666,74704
2010-05-07,221500.0,223500.0,216500.0,223000.0,222400.0,229750.0,218591.66666666666,217087.5,66366
2010-05-10,222000.0,226000.0,219000.0,220000.0,222000.0,229525.0,219066.66666666666,217204.16666666666,60693
2010-05-11,223500.0,227000.0,220000.0,227000.0,223100.0,229225.0,219608.33333333334,217266.66666666666,71332
2010-05-12,227000.0,227000.0,216500.0,217000.0,221900.0,228475.0,219966.66666666666,217241.66666666666,75101
2010-05-13,218500.0,221000.0,217000.0,217500.0,220900.0,227450.0,220308.33333333334,217212.5,58678
2010-05-14,218000.0,218000.0,207500.0,208000.0,217900.0,225950.0,220416.66666666666,217004.16666666666,135283
2010-05-17,204500.0,209500.0,200000.0,209000.0,215700.0,224575.0,220558.33333333334,216883.33333333334,72052
2010-05-18,210000.0,221000.0,210000.0,220000.0,214300.0,224000.0,220816.66666666666,216912.5,93222
2010-05-19,220000.0,223000.0,210000.0,212000.0,213300.0,223000.0,220900.0,216845.83333333334,69499
2010-05-20,214500.0,220000.0,213500.0,214000.0,212600.0,221900.0,220991.66666666666,216754.16666666666,57083
2010-05-24,211000.0,218500.0,210500.0,211000.0,213200.0,220900.0,221033.33333333334,216625.0,28734
2010-05-25,210000.0,216500.0,199000.0,213000.0,214000.0,220050.0,221116.66666666666,216545.83333333334,71579
2010-05-26,212500.0,213500.0,203500.0,213500.0,212700.0,219275.0,221183.33333333334,216495.83333333334,77150
2010-05-27,208500.0,212000.0,205000.0,211500.0,212600.0,218050.0,221291.66666666666,216454.16666666666,46304
2010-05-28,211500.0,213000.0,208000.0,213000.0,212400.0,217200.0,221458.33333333334,216379.16666666666,64458
2010-05-31,215000.0,215000.0,211500.0,214000.0,213000.0,216625.0,221633.33333333334,216287.5,30975
2010-06-01,214000.0,215000.0,210000.0,211000.0,212600.0,216075.0,221758.33333333334,216141.66666666666,31617
2010-06-03,216000.0,219500.0,212000.0,217000.0,213300.0,215850.0,221916.66666666666,216095.83333333334,59276
2010-06-04,219000.0,220000.0,214000.0,215500.0,214100.0,215475.0,222008.33333333334,216016.66666666666,28857
2010-06-07,210500.0,213500.0,209500.0,212000.0,213900.0,214950.0,221925.0,215925.0,48198
2010-06-08,211000.0,213500.0,209500.0,211000.0,213300.0,214350.0,221825.0,215812.5,50701
2010-06-09,212000.0,218000.0,210500.0,214000.0,213900.0,214050.0,221800.0,215779.16666666666,52373
2010-06-10,214500.0,219500.0,213500.0,219000.0,214300.0,213650.0,221833.33333333334,215800.0,61195
2010-06-11,217000.0,220000.0,211500.0,214500.0,214100.0,213525.0,221775.0,215775.0,89669
2010-06-14,216000.0,220000.0,215500.0,219000.0,215500.0,213600.0,221816.66666666666,215816.66666666666,41936
2010-06-15,220000.0,220500.0,216000.0,217000.0,216700.0,214050.0,221783.33333333334,215841.66666666666,33796
2010-06-16,218000.0,219000.0,215000.0,219000.0,217700.0,214550.0,221741.66666666666,215904.16666666666,40351
2010-06-17,217500.0,218000.0,213500.0,218000.0,217500.0,214450.0,221775.0,216020.83333333334,97152
2010-06-18,217500.0,217500.0,213500.0,213500.0,217300.0,214525.0,221800.0,216058.33333333334,46388
2010-06-21,214500.0,219500.0,213500.0,219000.0,217300.0,214775.0,221741.66666666666,216175.0,70362
2010-06-22,217500.0,218000.0,212500.0,214000.0,216700.0,214925.0,221533.33333333334,216175.0,62664
2010-06-23,214000.0,216000.0,213000.0,215000.0,215900.0,215025.0,221400.0,216220.83333333334,39392
2010-06-24,215000.0,218500.0,213500.0,218000.0,215900.0,215250.0,221383.33333333334,216304.16666666666,41060
2010-06-25,220000.0,221000.0,217500.0,220000.0,217200.0,215675.0,221275.0,216425.0,83149
2010-06-28,221000.0,223500.0,220500.0,223000.0,218000.0,216175.0,221241.66666666666,216558.33333333334,65536
2010-06-29,225000.0,228000.0,223000.0,223500.0,219900.0,216650.0,221116.66666666666,216587.5,67439
2010-06-30,222000.0,226500.0,221000.0,224500.0,221800.0,217325.0,221091.66666666666,216620.83333333334,54841
2010-07-01,222000.0,225500.0,218000.0,220500.0,222300.0,217500.0,221091.66666666666,216641.66666666666,47314
2010-07-02,223000.0,223000.0,216000.0,221000.0,222500.0,217775.0,221116.66666666666,216666.66666666666,56068
2010-07-05,221000.0,230000.0,218000.0,230000.0,223900.0,218675.0,221175.0,216783.33333333334,100452
2010-07-06,228500.0,245000.0,227500.0,242000.0,227600.0,220225.0,221441.66666666666,216983.33333333334,241529
2010-07-07,247500.0,251000.0,242000.0,245000.0,231700.0,221775.0,221783.33333333334,217266.66666666666,158573
2010-07-08,246000.0,250500.0,243500.0,249500.0,237500.0,223300.0,222058.33333333334,217520.83333333334,94151
2010-07-09,248000.0,249000.0,242500.0,247000.0,242700.0,224925.0,222308.33333333334,217712.5,67578
2010-07-12,245500.0,247000.0,242000.0,243500.0,245400.0,226150.0,222400.0,217945.83333333334,71380
2010-07-13,244000.0,253500.0,244000.0,251000.0,247200.0,227850.0,222616.66666666666,218250.0,166660
2010-07-14,254000.0,256000.0,249000.0,253500.0,248900.0,229575.0,222900.0,218595.83333333334,61005
2010-07-15,251500.0,254500.0,247000.0,253000.0,249600.0,231325.0,223258.33333333334,218887.5,49755
2010-07-16,250500.0,255500.0,248500.0,251000.0,250400.0,233200.0,223575.0,219195.83333333334,48370
2010-07-19,251500.0,251500.0,245500.0,245500.0,250800.0,234525.0,223733.33333333334,219475.0,28125
2010-07-20,243500.0,247500.0,240500.0,243500.0,249300.0,236000.0,223941.66666666666,219737.5,58267
2010-07-21,244000.0,255000.0,244000.0,254000.0,249400.0,237950.0,224341.66666666666,220087.5,60321
2010-07-22,254000.0,263000.0,252000.0,259500.0,250700.0,240025.0,224850.0,220495.83333333334,117653
2010-07-23,257000.0,260500.0,252500.0,255000.0,251500.0,241775.0,225166.66666666666,220879.16666666666,83162
2010-07-26,254500.0,254500.0,248000.0,248000.0,252000.0,243025.0,225466.66666666666,221166.66666666666,47539
2010-07-27,250000.0,250500.0,244000.0,250000.0,253300.0,244350.0,225875.0,221483.33333333334,57587
2010-07-28,248500.0,253000.0,245500.0,253000.0,253100.0,245775.0,226391.66666666666,221808.33333333334,48329
2010-07-29,250500.0,255500.0,249000.0,255000.0,252200.0,247500.0,226950.0,222208.33333333334,45390
2010-07-30,245000.0,248000.0,231000.0,236500.0,248500.0,248275.0,227175.0,222479.16666666666,350376
2010-08-02,238000.0,238000.0,229500.0,231500.0,245200.0,248350.0,227325.0,222741.66666666666,203563
2010-08-03,232500.0,234000.0,228000.0,228500.0,240900.0,247675.0,227416.66666666666,223004.16666666666,123571
2010-08-04,229000.0,236000.0,229000.0,233500.0,237000.0,247100.0,227641.66666666666,223354.16666666666,114960
2010-08-05,236000.0,236500.0,227500.0,228500.0,231700.0,246050.0,227666.66666666666,223637.5,89516
2010-08-06,226000.0,227000.0,218500.0,220000.0,228400.0,244700.0,227716.66666666666,223841.66666666666,190322
2010-08-09,220500.0,226000.0,218500.0,219500.0,226000.0,243500.0,227750.0,224029.16666666666,118859
2010-08-10,222500.0,224000.0,218000.0,219500.0,224200.0,241925.0,227941.66666666666,224179.16666666666,87485
2010-08-11,218500.0,222000.0,218500.0,221000.0,221700.0,240300.0,228141.66666666666,224350.0,52909
2010-08-12,218000.0,220500.0,216000.0,217000.0,219400.0,238500.0,228091.66666666666,224454.16666666666,50736
2010-08-13,217500.0,224000.0,217500.0,222000.0,219800.0,237050.0,228258.33333333334,224579.16666666666,61699
2010-08-16,222500.0,223000.0,216000.0,217500.0,219400.0,235650.0,228316.66666666666,224654.16666666666,78761
2010-08-17,221500.0,223500.0,219500.0,223000.0,220100.0,234625.0,228516.66666666666,224775.0,46087
2010-08-18,224500.0,227500.0,220000.0,221500.0,220200.0,233000.0,228658.33333333334,224887.5,77713
2010-08-19,222000.0,226000.0,222000.0,225500.0,221900.0,231300.0,228858.33333333334,225020.83333333334,68838
2010-08-20,223500.0,226000.0,220500.0,222500.0,222000.0,229675.0,229041.66666666666,225166.66666666666,50253
2010-08-23,223500.0,225000.0,217000.0,217500.0,222000.0,228150.0,229116.66666666666,225287.5,81760
2010-08-24,218000.0,218000.0,212500.0,212500.0,219900.0,226275.0,229091.66666666666,225362.5,84572
2010-08-25,214000.0,219500.0,213000.0,217000.0,219000.0,224475.0,229191.66666666666,225475.0,80133
2010-08-26,215500.0,219500.0,214000.0,219000.0,217700.0,222675.0,229225.0,225570.83333333334,62100
2010-08-27,216500.0,218500.0,214000.0,215000.0,216200.0,221600.0,229216.66666666666,225612.5,52217
2010-08-30,215000.0,219500.0,215000.0,219000.0,216500.0,220975.0,229333.33333333334,225629.16666666666,23717
2010-08-31,217000.0,223500.0,217000.0,222500.0,218500.0,220675.0,229525.0,225675.0,82066
2010-09-01,224000.0,237000.0,224000.0,235000.0,222100.0,220750.0,229875.0,225837.5,184261
2010-09-02,239500.0,243500.0,234000.0,243000.0,226900.0,221475.0,230275.0,226054.16666666666,162231
2010-09-03,242500.0,243000.0,235000.0,235000.0,230900.0,222225.0,230616.66666666666,226195.83333333334,91662
2010-09-06,236500.0,241000.0,232500.0,240000.0,235100.0,223250.0,230966.66666666666,226391.66666666666,51437
2010-09-07,242000.0,242500.0,233000.0,237000.0,238000.0,224125.0,231300.0,226541.66666666666,72880
2010-09-08,236000.0,238500.0,230000.0,238500.0,238700.0,225000.0,231625.0,226683.33333333334,52093
2010-09-09,239500.0,240000.0,230000.0,235500.0,237200.0,225925.0,231916.66666666666,226845.83333333334,92585
2010-09-10,234500.0,235500.0,230500.0,232000.0,236600.0,226425.0,232225.0,227012.5,81082
2010-09-13,232500.0,233000.0,227000.0,228000.0,234200.0,226950.0,232375.0,227058.33333333334,73564
2010-09-14,228500.0,230500.0,221000.0,221500.0,231100.0,226875.0,232500.0,227016.66666666666,114217
2010-09-15,220000.0,227000.0,220000.0,224000.0,228200.0,227000.0,232650.0,227025.0,76198
2010-09-16,225000.0,229000.0,225000.0,226000.0,226300.0,227025.0,232783.33333333334,227083.33333333334,51360
2010-09-17,228500.0,234500.0,228000.0,232000.0,226300.0,227500.0,232983.33333333334,227129.16666666666,94889
2010-09-20,233000.0,233000.0,227000.0,230000.0,226700.0,228125.0,233100.0,227170.83333333334,34649
2010-09-24,232500.0,235000.0,229000.0,235000.0,229400.0,229250.0,233291.66666666666,227204.16666666666,35194
2010-09-27,237000.0,237000.0,232000.0,233000.0,231200.0,230050.0,233433.33333333334,227262.5,50931
2010-09-28,233000.0,241500.0,231500.0,240000.0,234000.0,231100.0,233758.33333333334,227425.0,93547
2010-09-29,240000.0,242500.0,238000.0,241500.0,235900.0,232425.0,234100.0,227608.33333333334,74743
2010-09-30,241500.0,242000.0,236500.0,241000.0,238100.0,233525.0,234283.33333333334,227729.16666666666,70464
2010-10-01,241000.0,247000.0,239000.0,246000.0,240300.0,234700.0,234350.0,227895.83333333334,70009
2010-10-04,245500.0,248500.0,243000.0,246500.0,243000.0,235275.0,234375.0,228079.16666666666,52641
2010-10-05,246500.0,249500.0,244000.0,249000.0,244800.0,235575.0,234366.66666666666,228212.5,71051
2010-10-06,249500.0,249500.0,241500.0,246000.0,245700.0,236125.0,234350.0,228329.16666666666,90070
2010-10-07,245500.0,245500.0,234000.0,237000.0,244900.0,235975.0,234241.66666666666,228320.83333333334,131608
2010-10-08,236500.0,242000.0,235000.0,237000.0,243100.0,235975.0,234008.33333333334,228312.5,66807
2010-10-11,239500.0,243500.0,239000.0,239000.0,241600.0,236000.0,233766.66666666666,228333.33333333334,51046
2010-10-12,239000.0,241500.0,229000.0,236000.0,239000.0,236025.0,233483.33333333334,228370.83333333334,56617
2010-10-13,234000.0,235500.0,228000.0,229000.0,235600.0,235875.0,233116.66666666666,228345.83333333334,112977
2010-10-14,230500.0,231000.0,225500.0,227000.0,233600.0,235825.0,232808.33333333334,228270.83333333334,161539
2010-10-15,227000.0,228000.0,224000.0,226500.0,231500.0,236075.0,232525.0,228233.33333333334,82363
2010-10-18,226000.0,229500.0,224500.0,225000.0,228700.0,236125.0,232041.66666666666,228191.66666666666,86199
2010-10-19,226000.0,226500.0,224000.0,225000.0,226500.0,236075.0,231466.66666666666,228158.33333333334,74651
2010-10-20,223000.0,224000.0,218500.0,221500.0,225000.0,235550.0,230908.33333333334,228037.5,123916
2010-10-21,222000.0,223500.0,219000.0,222500.0,224100.0,235175.0,230483.33333333334,227975.0,66550
2010-10-22,221500.0,229000.0,221500.0,228500.0,224500.0,234850.0,230125.0,228000.0,73729
2010-10-25,228500.0,229000.0,224000.0,228000.0,225100.0,234600.0,229708.33333333334,228050.0,49032
2010-10-26,227500.0,232500.0,225500.0,230500.0,226200.0,234125.0,229300.0,228125.0,103519
2010-10-27,230500.0,232500.0,226500.0,230000.0,227900.0,233550.0,229191.66666666666,228183.33333333334,47483
2010-10-28,229500.0,229500.0,221500.0,223000.0,228000.0,232650.0,229050.0,228187.5,250681
2010-10-29,222000.0,222000.0,213500.0,216500.0,225600.0,231175.0,228850.0,228133.33333333334,133415
2010-11-01,218500.0,223000.0,216000.0,223000.0,224600.0,230000.0,228675.0,228158.33333333334,67406
2010-11-02,220500.0,222000.0,213000.0,215000.0,221500.0,228300.0,228450.0,228058.33333333334,105484
2010-11-03,216500.0,218000.0,216000.0,216000.0,218700.0,226800.0,228383.33333333334,228050.0,70864
2010-11-04,217000.0,221500.0,216000.0,218000.0,217700.0,225850.0,228358.33333333334,228054.16666666666,127681
2010-11-05,222000.0,222500.0,219000.0,219000.0,218200.0,224950.0,228350.0,228145.83333333334,111493
2010-11-08,220000.0,221000.0,215500.0,218000.0,217200.0,223900.0,228300.0,228220.83333333334,90679
2010-11-09,217000.0,218500.0,214500.0,218500.0,217900.0,223025.0,228325.0,228208.33333333334,104949
2010-11-10,217500.0,219000.0,215500.0,219000.0,218500.0,222525.0,228275.0,228266.66666666666,96858
2010-11-11,218000.0,223000.0,217500.0,218000.0,218500.0,222075.0,228283.33333333334,228300.0,100398
2010-11-12,220500.0,226000.0,218000.0,219000.0,218500.0,221700.0,228216.66666666666,228366.66666666666,112084
2010-11-15,223000.0,224000.0,219500.0,222000.0,219300.0,221550.0,228225.0,228441.66666666666,108371
2010-11-16,222000.0,223500.0,217000.0,221000.0,219800.0,221350.0,228150.0,228504.16666666666,69759
2010-11-17,220000.0,222500.0,218000.0,220000.0,220000.0,221275.0,228108.33333333334,228575.0,63276
2010-11-18,219000.0,221500.0,216000.0,220000.0,220400.0,221150.0,228150.0,228633.33333333334,85396
2010-11-19,220000.0,220500.0,216500.0,218000.0,220200.0,220625.0,228241.66666666666,228666.66666666666,64785
2010-11-22,220000.0,223500.0,218000.0,223000.0,220400.0,220375.0,228341.66666666666,228766.66666666666,82777
2010-11-23,224000.0,226000.0,220000.0,221000.0,220400.0,219900.0,228375.0,228800.0,78353
2010-11-24,215000.0,218500.0,212500.0,218000.0,220000.0,219300.0,228425.0,228820.83333333334,114441
2010-11-25,218500.0,219000.0,214500.0,215500.0,219100.0,218925.0,228366.66666666666,228850.0,67349
2010-11-26,216000.0,216500.0,210500.0,211500.0,217800.0,218675.0,228183.33333333334,228854.16666666666,57047
2010-11-29,212500.0,215000.0,210000.0,213500.0,215900.0,218200.0,227825.0,228850.0,34424
2010-11-30,215000.0,217000.0,214000.0,214000.0,214500.0,218150.0,227341.66666666666,228808.33333333334,43356
2010-12-01,216000.0,216000.0,213000.0,214500.0,213800.0,218075.0,227000.0,228808.33333333334,47246
2010-12-02,215500.0,216000.0,212500.0,213000.0,213300.0,217825.0,226550.0,228758.33333333334,83313
2010-12-03,213500.0,215500.0,211500.0,211500.0,213300.0,217450.0,226125.0,228712.5,62485
2010-12-06,213000.0,213500.0,211000.0,213500.0,213300.0,217225.0,225708.33333333334,228666.66666666666,29982
2010-12-07,212500.0,214500.0,212500.0,214000.0,213300.0,217000.0,225350.0,228633.33333333334,31952
2010-12-08,213500.0,215500.0,212000.0,214000.0,213200.0,216750.0,225050.0,228637.5,45436
2010-12-09,215000.0,215500.0,212000.0,215000.0,213600.0,216600.0,224833.33333333334,228604.16666666666,60235
2010-12-10,214500.0,214500.0,211500.0,212500.0,213800.0,216275.0,224683.33333333334,228591.66666666666,52537
2010-12-13,213500.0,214000.0,211000.0,213000.0,213700.0,215825.0,224500.0,228575.0,42884
2010-12-14,212500.0,213000.0,210500.0,212000.0,213300.0,215375.0,224266.66666666666,228525.0,55336
2010-12-15,211500.0,213500.0,209500.0,211500.0,212800.0,214950.0,223925.0,228454.16666666666,75397
2010-12-16,211500.0,211500.0,209000.0,209500.0,211700.0,214425.0,223583.33333333334,228341.66666666666,59459
2010-12-17,210500.0,211000.0,208500.0,209000.0,211000.0,213975.0,223150.0,228220.83333333334,47001
2010-12-20,208500.0,210000.0,207500.0,209000.0,210200.0,213275.0,222750.0,228091.66666666666,55835
2010-12-21,209500.0,214500.0,209500.0,212500.0,210300.0,212850.0,222291.66666666666,228025.0,75577
2010-12-22,214500.0,218000.0,214000.0,217000.0,211400.0,212800.0,221883.33333333334,227991.66666666666,99424
2010-12-23,220500.0,221000.0,214000.0,215500.0,212600.0,212800.0,221458.33333333334,227870.83333333334,83221
2010-12-24,216500.0,216500.0,214000.0,214000.0,213600.0,212925.0,220925.0,227637.5,31697
2010-12-27,213000.0,215500.0,211000.0,215000.0,214800.0,213000.0,220400.0,227387.5,37876
2010-12-28,216000.0,219000.0,215000.0,218000.0,215900.0,213200.0,219883.33333333334,227125.0,52732
2010-12-29,216000.0,217500.0,213000.0,216500.0,215800.0,213300.0,219391.66666666666,226870.83333333334,51457
2010-12-30,217500.0,217500.0,214500.0,217000.0,216100.0,213500.0,219058.33333333334,226650.0,38499
2011-01-03,217000.0,218500.0,214000.0,215500.0,216400.0,213700.0,218700.0,226354.16666666666,60549
2011-01-04,215500.0,216500.0,213500.0,214500.0,216300.0,213750.0,218291.66666666666,226029.16666666666,60286
2011-01-05,214500.0,215000.0,210000.0,212000.0,215100.0,213650.0,217891.66666666666,225687.5,101609
2011-01-06,211500.0,213000.0,211500.0,213000.0,214400.0,213600.0,217625.0,225370.83333333334,52073
2011-01-07,213000.0,215500.0,212500.0,213500.0,213700.0,213525.0,217400.0,225104.16666666666,51354
2011-01-10,213500.0,213500.0,206500.0,207500.0,212100.0,213275.0,217083.33333333334,224804.16666666666,141159
2011-01-11,209000.0,211500.0,208500.0,211000.0,211400.0,213175.0,216850.0,224445.83333333334,54396
2011-01-12,211000.0,212000.0,208500.0,210500.0,211100.0,213100.0,216608.33333333334,224037.5,34980
2011-01-13,214500.0,214500.0,209500.0,209500.0,210400.0,213000.0,216408.33333333334,223658.33333333334,81347
2011-01-14,209500.0,210000.0,208000.0,208500.0,209400.0,212950.0,216175.0,223329.16666666666,53713
2011-01-17,209000.0,210000.0,207500.0,209000.0,209700.0,212950.0,215850.0,222987.5,93966
2011-01-18,207500.0,209500.0,202500.0,203000.0,208100.0,212650.0,215433.33333333334,222570.83333333334,151441
2011-01-19,204500.0,205000.0,199000.0,200000.0,206000.0,212025.0,214925.0,222112.5,167989
2011-01-20,200000.0,201000.0,196500.0,197500.0,203600.0,211050.0,214383.33333333334,221787.5,84406
2011-01-21,198000.0,203000.0,197500.0,201000.0,202100.0,210325.0,214016.66666666666,221533.33333333334,69146
2011-01-24,202500.0,205000.0,200000.0,203000.0,200900.0,209775.0,213791.66666666666,221320.83333333334,52738
2011-01-25,201000.0,203000.0,198500.0,199500.0,200200.0,209000.0,213400.0,221037.5,61921
2011-01-26,201000.0,202000.0,199000.0,199500.0,200100.0,208075.0,213141.66666666666,220795.83333333334,24282
2011-01-27,199000.0,202000.0,196500.0,197500.0,200100.0,207125.0,212833.33333333334,220608.33333333334,66942
2011-01-28,199500.0,199500.0,191500.0,195500.0,199000.0,206050.0,212458.33333333334,220408.33333333334,101726
2011-01-31,194000.0,194500.0,191000.0,192500.0,196900.0,204900.0,212016.66666666666,220183.33333333334,103303
2011-02-01,193000.0,195000.0,191000.0,193000.0,195600.0,203825.0,211600.0,219950.0,48771
2011-02-07,194000.0,195500.0,191500.0,193500.0,194400.0,202900.0,211183.33333333334,219754.16666666666,86386
2011-02-08,192000.0,197000.0,191000.0,194500.0,193800.0,201975.0,210775.0,219525.0,92356
2011-02-09,197000.0,202500.0,196500.0,200000.0,194700.0,201300.0,210475.0,219379.16666666666,126489
2011-02-10,200000.0,201000.0,197000.0,198000.0,195800.0,200825.0,210125.0,219170.83333333334,120322
2011-02-11,199000.0,207500.0,198500.0,201500.0,197500.0,200350.0,209783.33333333334,219004.16666666666,130873
2011-02-14,203500.0,204000.0,198500.0,201000.0,199000.0,199875.0,209450.0,218800.0,45314
2011-02-15,198000.0,199500.0,195500.0,199000.0,199900.0,199350.0,209100.0,218604.16666666666,67673
2011-02-16,197000.0,204500.0,195000.0,202000.0,200300.0,199025.0,208800.0,218475.0,70272
2011-02-17,202000.0,205500.0,200000.0,203500.0,201400.0,198750.0,208558.33333333334,218400.0,69390
2011-02-18,204500.0,206000.0,201000.0,202500.0,201600.0,198725.0,208216.66666666666,218279.16666666666,36613
2011-02-21,200500.0,208000.0,200000.0,206000.0,202600.0,199025.0,207966.66666666666,218170.83333333334,73836
2011-02-22,206000.0,208500.0,203000.0,206000.0,204000.0,199450.0,207766.66666666666,218095.83333333334,61838
2011-02-23,203500.0,208000.0,203500.0,204000.0,204400.0,199600.0,207575.0,217970.83333333334,57170
2011-02-24,205500.0,205500.0,201000.0,202500.0,204200.0,199575.0,207425.0,217804.16666666666,48450
2011-02-25,201500.0,202500.0,199500.0,201000.0,203900.0,199650.0,207216.66666666666,217520.83333333334,37535
2011-02-28,199000.0,200000.0,196500.0,199500.0,202600.0,199650.0,206975.0,217158.33333333334,22966
2011-03-02,200500.0,202000.0,198500.0,200000.0,201400.0,199775.0,206733.33333333334,216866.66666666666,44520
2011-03-03,200000.0,202000.0,199000.0,199500.0,200500.0,199975.0,206508.33333333334,216529.16666666666,37376
2011-03-04,203000.0,209500.0,201000.0,206500.0,201300.0,200675.0,206425.0,216275.0,78557
2011-03-07,207500.0,211500.0,205000.0,206000.0,202300.0,201325.0,206300.0,216004.16666666666,62233
2011-03-08,205500.0,210000.0,205000.0,206000.0,203600.0,201950.0,206166.66666666666,215758.33333333334,39381
2011-03-09,208500.0,212000.0,207000.0,209500.0,205500.0,202700.0,206091.66666666666,215570.83333333334,57437
2011-03-10,211000.0,214000.0,209500.0,211500.0,207900.0,203275.0,206033.33333333334,215433.33333333334,86706
2011-03-11,212000.0,221500.0,208000.0,219500.0,210500.0,204350.0,206150.0,215416.66666666666,192176
2011-03-14,219000.0,220000.0,212500.0,219000.0,213100.0,205225.0,206250.0,215375.0,74307
2011-03-15,217000.0,219000.0,207500.0,215500.0,215000.0,205950.0,206308.33333333334,215287.5,58119
2011-03-16,218000.0,222000.0,217000.0,221500.0,217400.0,207075.0,206475.0,215200.0,76965
2011-03-17,220500.0,222000.0,216000.0,219000.0,218900.0,207925.0,206633.33333333334,215108.33333333334,49452
2011-03-18,217000.0,221500.0,213000.0,220500.0,219100.0,208775.0,206825.0,214987.5,75931
2011-03-21,217500.0,220000.0,215500.0,217000.0,218700.0,209500.0,206958.33333333334,214854.16666666666,41074
2011-03-22,219000.0,221000.0,217000.0,221000.0,219800.0,210250.0,207100.0,214695.83333333334,43198
2011-03-23,220000.0,221000.0,216000.0,219000.0,219300.0,210900.0,207133.33333333334,214508.33333333334,41561
2011-03-24,220500.0,225000.0,219000.0,225000.0,220500.0,211950.0,207291.66666666666,214375.0,69662
2011-03-25,226500.0,228000.0,224000.0,227500.0,221900.0,213200.0,207516.66666666666,214220.83333333334,67913
2011-03-28,229000.0,229000.0,225000.0,225000.0,223500.0,214400.0,207683.33333333334,214041.66666666666,40496
2011-03-29,225000.0,225500.0,220500.0,225000.0,224300.0,215675.0,207800.0,213841.66666666666,35091
2011-03-30,225000.0,225500.0,222500.0,225000.0,225500.0,216925.0,207941.66666666666,213666.66666666666,38421
2011-03-31,227000.0,230000.0,224500.0,230000.0,226500.0,218450.0,208158.33333333334,213608.33333333334,63009
2011-04-01,230000.0,230500.0,226000.0,229000.0,226800.0,219575.0,208383.33333333334,213541.66666666666,79878
2011-04-04,233000.0,240500.0,232500.0,239500.0,229700.0,221250.0,208800.0,213545.83333333334,165304
2011-04-05,242500.0,243500.0,235000.0,239000.0,232500.0,222900.0,209250.0,213570.83333333334,73739
2011-04-06,240000.0,241000.0,237000.0,240000.0,235500.0,224425.0,209700.0,213662.5,45257
2011-04-07,240000.0,240000.0,232500.0,238000.0,237100.0,225750.0,210108.33333333334,213754.16666666666,57197
2011-04-08,241500.0,242500.0,236000.0,240000.0,239300.0,226775.0,210650.0,213866.66666666666,62949
2011-04-11,240000.0,240000.0,233500.0,233500.0,238100.0,227500.0,211025.0,213937.5,34451
2011-04-12,233000.0,236500.0,230500.0,231500.0,236600.0,228300.0,211375.0,213991.66666666666,40001
2011-04-13,232000.0,242500.0,232000.0,242500.0,237100.0,229350.0,211925.0,214166.66666666666,71470
2011-04-14,243000.0,243000.0,238000.0,242500.0,238000.0,230525.0,212491.66666666666,214333.33333333334,56472
2011-04-15,240000.0,243500.0,235000.0,239000.0,237800.0,231450.0,212991.66666666666,214420.83333333334,68084
2011-04-18,239000.0,239000.0,225500.0,227500.0,236600.0,231975.0,213400.0,214416.66666666666,85256
2011-04-19,227000.0,231000.0,222000.0,230000.0,236300.0,232425.0,213900.0,214412.5,43455
2011-04-20,228500.0,232500.0,227000.0,228000.0,233400.0,232875.0,214408.33333333334,214395.83333333334,50634
2011-04-21,228500.0,231500.0,225000.0,229500.0,230800.0,233100.0,214883.33333333334,214450.0,72198
2011-04-22,228000.0,228500.0,222000.0,224500.0,227900.0,232950.0,215241.66666666666,214516.66666666666,58650
2011-04-25,227000.0,227500.0,223000.0,227000.0,227800.0,233050.0,215700.0,214550.0,26508
2011-04-26,228000.0,228000.0,222000.0,224000.0,226600.0,233000.0,216108.33333333334,214625.0,51925
2011-04-27,225500.0,239000.0,220000.0,236500.0,228300.0,233575.0,216758.33333333334,214795.83333333334,102745
2011-04-28,238500.0,239000.0,230000.0,230500.0,228500.0,233600.0,217341.66666666666,214900.0,56667
2011-04-29,231500.0,248500.0,230500.0,248500.0,233300.0,234575.0,218275.0,215145.83333333334,202647
2011-05-02,249500.0,249500.0,244500.0,248000.0,237500.0,235000.0,219191.66666666666,215395.83333333334,59534
2011-05-03,247000.0,251000.0,243000.0,249500.0,242600.0,235525.0,220125.0,215654.16666666666,67736
2011-05-04,248500.0,253500.0,248500.0,251500.0,245600.0,236100.0,221075.0,215925.0,68567
2011-05-06,252000.0,258000.0,246500.0,253000.0,250100.0,236850.0,221958.33333333334,216216.66666666666,93164
2011-05-09,250500.0,256000.0,240500.0,243000.0,249000.0,237000.0,222708.33333333334,216416.66666666666,90286
2011-05-11,238500.0,242500.0,235500.0,242500.0,247900.0,237450.0,223391.66666666666,216587.5,92122
2011-05-12,243000.0,251500.0,240000.0,242500.0,246500.0,238000.0,224083.33333333334,216766.66666666666,70577
2011-05-13,245000.0,245500.0,237500.0,241500.0,244500.0,237950.0,224791.66666666666,216945.83333333334,45581
2011-05-16,239000.0,245000.0,236000.0,241500.0,242200.0,237900.0,225450.0,217125.0,47722
2011-05-17,239000.0,251000.0,238500.0,247000.0,243000.0,238300.0,226175.0,217366.66666666666,48115
2011-05-18,247000.0,252000.0,244000.0,246000.0,243700.0,239225.0,226900.0,217558.33333333334,45302
2011-05-19,247500.0,249000.0,237000.0,239000.0,243000.0,239675.0,227450.0,217708.33333333334,67513
2011-05-20,239500.0,250000.0,238000.0,248000.0,244300.0,240675.0,228150.0,217958.33333333334,55005
2011-05-23,247500.0,248000.0,237000.0,237000.0,243400.0,241050.0,228700.0,218137.5,42155
2011-05-24,238500.0,245500.0,236000.0,243000.0,242600.0,241975.0,229375.0,218400.0,59492
2011-05-25,246000.0,246000.0,235500.0,235500.0,240500.0,242400.0,229950.0,218583.33333333334,34114
2011-05-26,239000.0,243500.0,237000.0,243000.0,241300.0,243350.0,230675.0,218825.0,26182
2011-05-27,244500.0,251500.0,239000.0,240000.0,239700.0,243525.0,231341.66666666666,219037.5,85625
2011-05-30,241500.0,247000.0,239000.0,246000.0,241500.0,244300.0,232116.66666666666,219312.5,39325
2011-05-31,246000.0,248000.0,241000.0,241000.0,241100.0,243925.0,232691.66666666666,219558.33333333334,73926
2011-06-01,247000.0,247000.0,239500.0,241500.0,242300.0,243600.0,233283.33333333334,219791.66666666666,28971
2011-06-02,238500.0,242000.0,232500.0,241500.0,242000.0,243200.0,233875.0,220020.83333333334,40649
2011-06-03,241000.0,253000.0,237000.0,251000.0,244200.0,243175.0,234566.66666666666,220329.16666666666,109254
2011-06-07,251500.0,259000.0,248500.0,259000.0,246800.0,243475.0,235358.33333333334,220695.83333333334,115898
2011-06-08,259000.0,263000.0,256000.0,258500.0,250300.0,244250.0,236008.33333333334,221079.16666666666,87136
2011-06-09,260000.0,266000.0,256000.0,265000.0,255000.0,245375.0,236775.0,221512.5,121423
2011-06-10,264500.0,265000.0,254000.0,257500.0,258200.0,246125.0,237475.0,221891.66666666666,78676
2011-06-13,254500.0,267500.0,254500.0,266500.0,261300.0,247375.0,238225.0,222350.0,96386
2011-06-14,267000.0,269500.0,263500.0,269000.0,263300.0,248750.0,239058.33333333334,222845.83333333334,71385
2011-06-15,267000.0,270500.0,264000.0,267500.0,265100.0,249775.0,239841.66666666666,223333.33333333334,80985
2011-06-16,266500.0,269000.0,254500.0,260000.0,264100.0,250475.0,240558.33333333334,223758.33333333334,59288
2011-06-17,261000.0,265500.0,255500.0,263000.0,265200.0,251675.0,241258.33333333334,224179.16666666666,105935
2011-06-20,263000.0,265500.0,259000.0,262500.0,264400.0,252400.0,241983.33333333334,224558.33333333334,35121
2011-06-21,262500.0,271000.0,261000.0,269000.0,264400.0,254000.0,242716.66666666666,225004.16666666666,58648
2011-06-22,274000.0,276000.0,269500.0,275000.0,265900.0,255600.0,243508.33333333334,225512.5,108089
2011-06-23,272500.0,275000.0,269000.0,270000.0,267900.0,257325.0,244258.33333333334,225970.83333333334,51425
2011-06-24,270500.0,274500.0,269000.0,273000.0,269900.0,258825.0,245058.33333333334,226429.16666666666,38025
2011-06-27,274000.0,274000.0,265500.0,270500.0,271500.0,260350.0,245816.66666666666,226879.16666666666,40722
2011-06-28,273500.0,276000.0,244500.0,250000.0,267700.0,260550.0,246150.0,227154.16666666666,286781
2011-06-29,230000.0,235500.0,226000.0,234000.0,259500.0,260200.0,246233.33333333334,227308.33333333334,602953
2011-06-30,234000.0,237000.0,231000.0,235500.0,252600.0,259900.0,246166.66666666666,227483.33333333334,124224
2011-07-01,237000.0,237500.0,224000.0,224500.0,242900.0,259050.0,245925.0,227587.5,331527
2011-07-04,226000.0,227000.0,215500.0,216500.0,232100.0,257325.0,245533.33333333334,227616.66666666666,348060
2011-07-05,218500.0,229500.0,217500.0,229500.0,228000.0,255850.0,245391.66666666666,227750.0,216646
2011-07-06,229500.0,233000.0,225500.0,231000.0,227400.0,254475.0,245241.66666666666,227945.83333333334,136749
2011-07-07,231000.0,241500.0,230000.0,240000.0,228300.0,253225.0,245350.0,228187.5,187705
2011-07-08,242500.0,243500.0,236500.0,242000.0,231800.0,252450.0,245525.0,228450.0,129642
2011-07-11,240000.0,243000.0,235500.0,242000.0,236900.0,251225.0,245516.66666666666,228720.83333333334,84472
2011-07-12,237000.0,242500.0,236000.0,241000.0,239200.0,249825.0,245491.66666666666,228991.66666666666,63406
2011-07-13,241000.0,245000.0,238500.0,245000.0,242000.0,248700.0,245591.66666666666,229291.66666666666,79105
2011-07-14,247000.0,247000.0,238500.0,244500.0,242900.0,247925.0,245875.0,229637.5,72500
2011-07-15,243500.0,250000.0,239000.0,250000.0,244500.0,247275.0,246208.33333333334,230054.16666666666,101736
2011-07-18,248500.0,265000.0,246000.0,256000.0,247300.0,246950.0,246675.0,230541.66666666666,132754
2011-07-19,259000.0,262500.0,256500.0,258500.0,250800.0,246425.0,247158.33333333334,231020.83333333334,70864
2011-07-20,258500.0,272500.0,258500.0,272000.0,256200.0,246275.0,247950.0,231595.83333333334,166014
2011-07-21,270500.0,275000.0,268000.0,271000.0,261500.0,246325.0,248683.33333333334,232191.66666666666,76461
2011-07-22,273500.0,280500.0,273000.0,274000.0,266300.0,246375.0,249516.66666666666,232812.5,73466
2011-07-25,272000.0,282000.0,271000.0,281500.0,271400.0,246925.0,250266.66666666666,233512.5,60447
2011-07-26,281500.0,282500.0,274000.0,276000.0,274900.0,248225.0,251025.0,234183.33333333334,61890
2011-07-27,276000.0,299000.0,272000.0,298500.0,280200.0,251450.0,251858.33333333334,235066.66666666666,108955
2011-07-28,295500.0,307500.0,293000.0,306000.0,287200.0,254975.0,252825.0,236008.33333333334,134586
2011-07-29,305500.0,306500.0,297500.0,306000.0,293600.0,259050.0,253766.66666666666,236945.83333333334,81616
2011-08-01,296500.0,312000.0,296500.0,308000.0,298900.0,263625.0,254708.33333333334,237891.66666666666,69501
2011-08-02,308000.0,308500.0,296000.0,307000.0,305100.0,267500.0,255608.33333333334,238783.33333333334,63309
2011-08-03,301000.0,303500.0,295500.0,299500.0,305300.0,270925.0,256550.0,239629.16666666666,63986
2011-08-04,305500.0,317500.0,297500.0,311000.0,306300.0,274475.0,257691.66666666666,240541.66666666666,103006
2011-08-05,301500.0,314000.0,300000.0,303500.0,305800.0,277550.0,258708.33333333334,241395.83333333334,106625
2011-08-08,303500.0,303500.0,286500.0,291500.0,302500.0,280025.0,259541.66666666666,242166.66666666666,122586
2011-08-09,281000.0,281000.0,264000.0,268000.0,294700.0,281375.0,259983.33333333334,242716.66666666666,171876
2011-08-10,276500.0,285000.0,267000.0,277000.0,290200.0,282975.0,260483.33333333334,243329.16666666666,141160
2011-08-11,266000.0,303000.0,265500.0,303000.0,288600.0,285900.0,261433.33333333334,244166.66666666666,168097
2011-08-12,300000.0,303500.0,290500.0,297000.0,287300.0,288250.0,262400.0,244925.0,130838
2011-08-16,302000.0,311000.0,290500.0,300000.0,289000.0,290450.0,263266.6666666667,245708.33333333334,119760
2011-08-17,299500.0,326000.0,298000.0,326000.0,300600.0,293825.0,264750.0,246725.0,128100
2011-08-18,328500.0,353000.0,321000.0,349000.0,315000.0,297675.0,266516.6666666667,247945.83333333334,106303
2011-08-19,347000.0,368000.0,333000.0,340000.0,322400.0,301125.0,268258.3333333333,249104.16666666666,153434
2011-08-22,347500.0,349500.0,310000.0,315000.0,326000.0,303175.0,269458.3333333333,250066.66666666666,107674
2011-08-23,317000.0,325500.0,306000.0,319500.0,329900.0,305075.0,270783.3333333333,251062.5,107488
2011-08-24,319000.0,322000.0,307000.0,312500.0,327200.0,306900.0,271891.6666666667,252004.16666666666,133625
2011-08-25,312500.0,318500.0,297000.0,301000.0,317600.0,307025.0,272891.6666666667,252791.66666666666,119873
2011-08-26,300000.0,304500.0,289500.0,294500.0,308500.0,306450.0,273775.0,253529.16666666666,61708
2011-08-29,297000.0,302000.0,285000.0,294000.0,304300.0,305850.0,274650.0,254262.5,102302
2011-08-30,299000.0,318000.0,296500.0,314000.0,303200.0,306150.0,275700.0,255133.33333333334,125763
2011-08-31,316000.0,328000.0,311000.0,327000.0,306100.0,307150.0,276833.3333333333,256095.83333333334,81073
2011-09-01,320000.0,323500.0,313500.0,318000.0,309500.0,308075.0,277825.0,256916.66666666666,182650
2011-09-02,314000.0,330500.0,312500.0,329500.0,316500.0,309000.0,278900.0,257837.5,80612
2011-09-05,328000.0,337000.0,317500.0,322500.0,322200.0,309950.0,279983.3333333333,258729.16666666666,71211
2011-09-06,320500.0,327500.0,309000.0,315000.0,322400.0,311125.0,280791.6666666667,259508.33333333334,51338
2011-09-07,322000.0,324000.0,307000.0,321500.0,321300.0,313800.0,281666.6666666667,260362.5,108273
2011-09-08,326000.0,352500.0,324000.0,337000.0,325100.0,316800.0,282825.0,261333.33333333334,168988
2011-09-09,336000.0,348500.0,326000.0,330000.0,325200.0,318150.0,283991.6666666667,262275.0,65190
2011-09-14,330000.0,333500.0,325000.0,329500.0,326600.0,319775.0,285100.0,263179.1666666667,38624
2011-09-15,335000.0,341000.0,328000.0,332000.0,330000.0,321375.0,286258.3333333333,264120.8333333333,44315
2011-09-16,338000.0,342000.0,323000.0,329500.0,331600.0,321550.0,287266.6666666667,264991.6666666667,75397
2011-09-19,324500.0,327000.0,305000.0,305000.0,325200.0,319350.0,287766.6666666667,265637.5,92775
2011-09-20,305000.0,308000.0,296000.0,300500.0,319300.0,317375.0,288275.0,266266.6666666667,76921
2011-09-21,300500.0,307000.0,300000.0,304000.0,314200.0,316825.0,288791.6666666667,266925.0,60402
2011-09-22,296500.0,320000.0,292000.0,313500.0,310500.0,316525.0,289508.3333333333,267662.5,97137
2011-09-23,310000.0,318000.0,295000.0,313500.0,307300.0,316575.0,290566.6666666667,268358.3333333333,80401
2011-09-26,313000.0,316000.0,290000.0,290000.0,304300.0,316025.0,291500.0,268866.6666666667,54285
2011-09-27,291000.0,304000.0,287500.0,304000.0,305000.0,316500.0,292641.6666666667,269404.1666666667,88814
2011-09-28,299500.0,310000.0,296500.0,296500.0,303500.0,316625.0,293841.6666666667,269883.3333333333,66140
2011-09-29,306000.0,307000.0,291500.0,298000.0,300400.0,315825.0,295200.0,270366.6666666667,68411
2011-09-30,298000.0,303500.0,287000.0,294000.0,296500.0,314175.0,296275.0,270833.3333333333,81858
2011-10-04,290000.0,313000.0,278000.0,313000.0,301100.0,313925.0,297641.6666666667,271441.6666666667,95439
2011-10-05,306000.0,315000.0,302500.0,305500.0,301400.0,312725.0,298733.3333333333,272041.6666666667,59269
2011-10-06,312000.0,313500.0,305000.0,313500.0,304800.0,312275.0,299925.0,272725.0,52347
2011-10-07,311000.0,314500.0,298000.0,299000.0,305000.0,311475.0,300875.0,273195.8333333333,95054
2011-10-10,295500.0,298000.0,280500.0,286000.0,303400.0,309700.0,301625.0,273558.3333333333,169459
2011-10-11,289500.0,292000.0,284000.0,286000.0,298000.0,307150.0,302308.3333333333,273950.0,126000
2011-10-12,287500.0,290000.0,279500.0,281000.0,293100.0,304700.0,302916.6666666667,274395.8333333333,106154
2011-10-13,283500.0,294000.0,283000.0,292500.0,288900.0,302850.0,303625.0,274916.6666666667,138481
2011-10-14,297000.0,298000.0,289500.0,291000.0,287300.0,300800.0,304208.3333333333,275441.6666666667,53494
2011-10-17,293000.0,313000.0,293000.0,313000.0,292700.0,299975.0,305116.6666666667,276137.5,114671
2011-10-18,306000.0,317500.0,302000.0,310000.0,297500.0,300225.0,305750.0,276850.0,64785
2011-10-19,310000.0,312500.0,300000.0,305500.0,302400.0,300475.0,306325.0,277504.1666666667,66823
2011-10-20,310500.0,318500.0,308000.0,309000.0,305700.0,300725.0,306908.3333333333,278212.5,93240
2011-10-21,309000.0,309000.0,287500.0,298000.0,307100.0,299950.0,307183.3333333333,278725.0,113457
2011-10-24,306000.0,317500.0,303000.0,315500.0,307600.0,300050.0,307841.6666666667,279433.3333333333,70274
2011-10-25,320000.0,324500.0,312000.0,319500.0,309500.0,301525.0,308191.6666666667,280025.0,66826
2011-10-26,324000.0,335000.0,321000.0,333000.0,315000.0,302975.0,308641.6666666667,280733.3333333333,75429
2011-10-27,336000.0,336500.0,321500.0,324500.0,318100.0,304375.0,308950.0,281358.3333333333,85329
2011-10-28,325000.0,327000.0,310000.0,318000.0,322100.0,305375.0,309116.6666666667,281912.5,108776
2011-10-31,316500.0,318000.0,308000.0,308000.0,320600.0,306075.0,309133.3333333333,282370.8333333333,51149
2011-11-01,305500.0,321500.0,305000.0,321500.0,321000.0,306500.0,309500.0,283025.0,61316
2011-11-02,315000.0,324500.0,311500.0,323500.0,319100.0,307400.0,309708.3333333333,283700.0,70256
2011-11-03,321500.0,321500.0,314500.0,319000.0,318000.0,307675.0,309966.6666666667,284337.5,38396
2011-11-04,323500.0,324500.0,318000.0,321500.0,318700.0,308800.0,310466.6666666667,285004.1666666667,37297
2011-11-07,319500.0,320000.0,309000.0,309500.0,319000.0,309975.0,311158.3333333333,285570.8333333333,68703
2011-11-08,313000.0,313500.0,297000.0,301000.0,314900.0,310725.0,311558.3333333333,286020.8333333333,77275
2011-11-09,305500.0,309000.0,290500.0,302500.0,310700.0,311800.0,311550.0,286491.6666666667,139686
2011-11-10,292000.0,297000.0,290000.0,295000.0,305900.0,311925.0,311516.6666666667,286958.3333333333,69761
2011-11-11,296000.0,302500.0,291500.0,302500.0,302100.0,312500.0,311558.3333333333,287412.5,53978
2011-11-14,302500.0,305000.0,296500.0,298000.0,299800.0,311750.0,311091.6666666667,287920.8333333333,68025
2011-11-15,297000.0,302000.0,291000.0,292500.0,298100.0,310875.0,310150.0,288333.3333333333,80383
2011-11-16,294500.0,296500.0,286000.0,288000.0,295200.0,310000.0,309283.3333333333,288770.8333333333,69797
2011-11-17,290500.0,296500.0,285000.0,294000.0,295000.0,309250.0,308933.3333333333,289195.8333333333,56455
2011-11-18,290000.0,292500.0,283000.0,283500.0,291200.0,308525.0,308333.3333333333,289558.3333333333,52942
2011-11-21,286000.0,295500.0,279500.0,294500.0,290500.0,307475.0,308033.3333333333,289962.5,69443
2011-11-22,290000.0,299000.0,286000.0,298000.0,291600.0,306400.0,307983.3333333333,290437.5,57633
2011-11-23,298000.0,298000.0,283000.0,285500.0,291100.0,304025.0,307833.3333333333,290804.1666666667,46101
2011-11-24,285000.0,289000.0,283000.0,285000.0,289300.0,302050.0,307683.3333333333,291166.6666666667,28783
2011-11-25,285000.0,286000.0,279500.0,285500.0,289700.0,300425.0,307208.3333333333,291454.1666666667,20746
2011-11-28,288000.0,290000.0,282000.0,283500.0,287500.0,299200.0,306483.3333333333,291658.3333333333,44153
2011-11-29,285500.0,290500.0,284500.0,287500.0,285400.0,297500.0,305975.0,291900.0,59587
2011-11-30,288500.0,292000.0,281000.0,286000.0,285500.0,295625.0,305250.0,292075.0,82316
2011-12-01,291500.0,291500.0,280000.0,284000.0,285300.0,293875.0,304608.3333333333,292295.8333333333,111240
2011-12-02,283500.0,288500.0,280000.0,281000.0,284400.0,291850.0,304041.6666666667,292416.6666666667,82944
2011-12-05,281500.0,284000.0,280500.0,284000.0,284500.0,290575.0,303416.6666666667,292541.6666666667,45255
2011-12-06,281500.0,284000.0,273500.0,277000.0,282400.0,289375.0,302416.6666666667,292620.8333333333,98173
2011-12-07,278500.0,286000.0,278500.0,285000.0,282200.0,288500.0,301666.6666666667,292829.1666666667,126870
2011-12-08,287000.0,295500.0,285000.0,295500.0,284500.0,288525.0,301100.0,293100.0,148141
2011-12-09,294000.0,294500.0,287000.0,290000.0,286300.0,287900.0,300400.0,293329.1666666667,57182
2011-12-12,292000.0,296500.0,289500.0,295000.0,288500.0,287750.0,299825.0,293545.8333333333,36369
2011-12-13,294000.0,294500.0,289000.0,294000.0,291900.0,287825.0,299641.6666666667,293704.1666666667,22126
2011-12-14,292500.0,296500.0,291000.0,294000.0,293700.0,288125.0,299533.3333333333,293904.1666666667,32799
2011-12-15,296000.0,301000.0,294500.0,300000.0,294600.0,288425.0,299466.6666666667,294129.1666666667,109466
2011-12-16,299500.0,301500.0,292000.0,296000.0,295800.0,289050.0,299175.0,294341.6666666667,55196
2011-12-19,295000.0,295000.0,268500.0,287500.0,294300.0,288700.0,298741.6666666667,294654.1666666667,93224
2011-12-20,285500.0,288000.0,277500.0,278000.0,291100.0,287700.0,298541.6666666667,295020.8333333333,61376
2011-12-21,282000.0,287000.0,281000.0,284000.0,289100.0,287625.0,298208.3333333333,295425.0,49956
2011-12-22,283000.0,291500.0,282000.0,288500.0,286800.0,287800.0,298075.0,295958.3333333333,39322
2011-12-23,291000.0,291000.0,287000.0,291000.0,285800.0,288075.0,297958.3333333333,296579.1666666667,37153
2011-12-26,291000.0,295500.0,288000.0,291500.0,286600.0,288475.0,297916.6666666667,297095.8333333333,16390
2011-12-27,293500.0,295500.0,283500.0,288000.0,288600.0,288500.0,297500.0,297570.8333333333,37504
2011-12-28,287500.0,296000.0,285000.0,295000.0,290800.0,288950.0,297325.0,298029.1666666667,35023
2011-12-29,292000.0,295500.0,289500.0,289500.0,291000.0,289225.0,296925.0,298425.0,25791
2012-01-02,291500.0,298500.0,291000.0,295000.0,291800.0,289925.0,296858.3333333333,298866.6666666667,31391
2012-01-03,296500.0,309500.0,296500.0,308000.0,295100.0,291125.0,297225.0,299425.0,69986
2012-01-04,310000.0,313000.0,301500.0,306000.0,298700.0,292575.0,297558.3333333333,299933.3333333333,54903
2012-01-05,308500.0,310000.0,302500.0,307500.0,301200.0,293700.0,298000.0,300458.3333333333,25760
2012-01-06,302500.0,307500.0,297500.0,301000.0,303500.0,293975.0,298141.6666666667,300883.3333333333,32437
2012-01-09,300000.0,300000.0,290500.0,293000.0,303100.0,294125.0,298175.0,301191.6666666667,38719
2012-01-10,294000.0,297000.0,290000.0,293500.0,300200.0,294050.0,297850.0,301483.3333333333,35419
2012-01-11,294000.0,299500.0,292000.0,294500.0,297900.0,294075.0,297591.6666666667,301670.8333333333,35281
2012-01-12,295500.0,300000.0,291000.0,300000.0,296400.0,294375.0,297500.0,301912.5,34665
2012-01-13,298000.0,303000.0,297000.0,298000.0,295800.0,294275.0,297316.6666666667,302112.5,28814
2012-01-16,295000.0,298000.0,286000.0,287500.0,294700.0,293850.0,297141.6666666667,302162.5,51499
2012-01-17,291000.0,293000.0,282500.0,284000.0,292800.0,293675.0,296616.6666666667,302229.1666666667,80544
2012-01-18,285500.0,296000.0,284000.0,294500.0,292800.0,294500.0,296200.0,302195.8333333333,76049
2012-01-19,297500.0,298000.0,288000.0,296000.0,292000.0,295100.0,295583.3333333333,302112.5,62090
2012-01-20,293500.0,296000.0,288500.0,291000.0,290600.0,295225.0,295025.0,301987.5,69765
2012-01-25,294000.0,297500.0,287500.0,296500.0,292400.0,295500.0,294666.6666666667,301891.6666666667,63567
2012-01-26,299000.0,307000.0,297500.0,301000.0,295800.0,295975.0,294550.0,301841.6666666667,132604
2012-01-27,303500.0,308500.0,299000.0,308500.0,298600.0,297000.0,294333.3333333333,301916.6666666667,74705
2012-01-30,310500.0,310500.0,304500.0,307000.0,300800.0,297600.0,294058.3333333333,301883.3333333333,53344
2012-01-31,309500.0,311000.0,304000.0,308000.0,304200.0,298525.0,293875.0,301920.8333333333,37717
2012-02-01,305000.0,308000.0,302000.0,304500.0,305800.0,299000.0,293591.6666666667,302029.1666666667,30106
2012-02-02,306000.0,310000.0,299000.0,305000.0,306600.0,298850.0,293516.6666666667,302337.5,55178
2012-02-03,299500.0,304000.0,295500.0,302500.0,305400.0,298675.0,293541.6666666667,302550.0,67546
2012-02-06,303000.0,306500.0,300000.0,303500.0,304700.0,298475.0,293558.3333333333,302554.1666666667,27468
2012-02-07,301500.0,319000.0,301500.0,318000.0,306700.0,299325.0,293941.6666666667,302729.1666666667,85658
2012-02-08,316500.0,322000.0,312000.0,320000.0,309800.0,300675.0,294233.3333333333,302895.8333333333,57306
2012-02-09,319000.0,319500.0,311500.0,319500.0,312700.0,301975.0,294591.6666666667,302841.6666666667,37162
2012-02-10,321000.0,323000.0,308500.0,312000.0,314600.0,302850.0,294916.6666666667,302533.3333333333,57484
2012-02-13,312000.0,315000.0,308500.0,309500.0,315800.0,303325.0,295275.0,302279.1666666667,33796
2012-02-14,310000.0,315500.0,307500.0,313500.0,314900.0,304100.0,295600.0,302266.6666666667,41116
2012-02-15,312000.0,316000.0,308000.0,310500.0,313000.0,305250.0,296050.0,302191.6666666667,33963
2012-02-16,306500.0,321500.0,306000.0,316000.0,312300.0,306850.0,296408.3333333333,302220.8333333333,65141
2012-02-17,316500.0,322500.0,313000.0,319000.0,313700.0,308075.0,296758.3333333333,302370.8333333333,60588
2012-02-20,322000.0,326000.0,317500.0,319500.0,315700.0,309250.0,297325.0,302579.1666666667,24907
2012-02-21,318000.0,321500.0,315000.0,317500.0,316500.0,310575.0,297866.6666666667,302775.0,14528
2012-02-22,316000.0,326000.0,315000.0,325500.0,319500.0,312025.0,298533.3333333333,302870.8333333333,51090
2012-02-23,326500.0,341000.0,323000.0,338000.0,323900.0,313875.0,299441.6666666667,302962.5,95848
2012-02-24,338000.0,344000.0,330000.0,344000.0,328900.0,315650.0,300383.3333333333,303179.1666666667,48473
2012-02-27,336000.0,344000.0,325500.0,336500.0,332300.0,317125.0,301225.0,303237.5,76576
2012-02-28,331500.0,336500.0,327000.0,327000.0,334200.0,318075.0,301941.6666666667,303275.0,27433
2012-02-29,328000.0,333500.0,321000.0,321500.0,333400.0,318925.0,302616.6666666667,303329.1666666667,49659
2012-03-02,323000.0,338000.0,322500.0,334000.0,332600.0,320375.0,303450.0,303433.3333333333,46661
2012-03-05,336500.0,343000.0,332000.0,340000.0,331800.0,322250.0,304500.0,303458.3333333333,70173
2012-03-06,342500.0,342500.0,328500.0,328500.0,330200.0,323500.0,305225.0,303445.8333333333,47337
2012-03-07,326000.0,331000.0,319500.0,325500.0,329900.0,323875.0,305725.0,303412.5,34628
2012-03-08,325000.0,325000.0,317500.0,323000.0,330200.0,324025.0,306275.0,303337.5,56801
2012-03-09,323500.0,337000.0,323500.0,331000.0,329600.0,324600.0,306875.0,303350.0,64755
2012-03-12,333000.0,340000.0,328500.0,333500.0,328300.0,325675.0,307533.3333333333,303587.5,74361
2012-03-13,336000.0,342000.0,334000.0,334000.0,329400.0,326900.0,308200.0,303866.6666666667,62381
2012-03-14,334500.0,336000.0,326000.0,327500.0,329800.0,327600.0,308658.3333333333,304062.5,62986
2012-03-15,328500.0,342000.0,328000.0,341000.0,333400.0,329125.0,309408.3333333333,304291.6666666667,65475
2012-03-16,339500.0,345000.0,335000.0,336500.0,334500.0,330150.0,310225.0,304483.3333333333,34944
2012-03-19,337500.0,357000.0,337000.0,353000.0,338400.0,331850.0,311475.0,305008.3333333333,93769
2012-03-20,350000.0,354500.0,347000.0,351000.0,341800.0,333425.0,312591.6666666667,305400.0,45300
2012-03-21,349500.0,356000.0,344500.0,354000.0,347100.0,335250.0,313683.3333333333,305879.1666666667,63992
2012-03-22,355500.0,356000.0,346000.0,352500.0,349400.0,336600.0,314708.3333333333,306333.3333333333,43389
2012-03-23,352000.0,352000.0,337000.0,343000.0,350700.0,336850.0,315566.6666666667,306741.6666666667,54175
2012-03-26,342000.0,348500.0,335000.0,339500.0,348000.0,336625.0,316425.0,306962.5,34244
2012-03-27,345000.0,345000.0,335500.0,340500.0,345900.0,336825.0,317183.3333333333,307254.1666666667,52006
2012-03-28,341500.0,353500.0,341500.0,352500.0,345600.0,338100.0,318233.3333333333,307579.1666666667,50255
2012-03-29,354000.0,354500.0,345500.0,347000.0,344500.0,339375.0,319100.0,307979.1666666667,47907
2012-03-30,349000.0,349500.0,335500.0,336000.0,343100.0,339475.0,319566.6666666667,308395.8333333333,71342
2012-04-02,337000.0,340000.0,329000.0,334000.0,342000.0,339175.0,320033.3333333333,308795.8333333333,53789
2012-04-03,334000.0,336000.0,328000.0,331500.0,340200.0,339325.0,320433.3333333333,309216.6666666667,73797
2012-04-04,329000.0,331500.0,324500.0,324500.0,334600.0,339275.0,320825.0,309483.3333333333,67985
2012-04-05,325500.0,329500.0,324000.0,325500.0,330300.0,339400.0,321366.6666666667,309770.8333333333,54255
2012-04-06,325500.0,332000.0,321000.0,328000.0,328700.0,339250.0,321941.6666666667,309895.8333333333,35680
2012-04-09,329000.0,341000.0,325000.0,339000.0,329700.0,339525.0,322683.3333333333,310137.5,58627
2012-04-10,339500.0,340000.0,331500.0,334500.0,330300.0,339550.0,323258.3333333333,310379.1666666667,46726
2012-04-12,331500.0,334000.0,322000.0,325000.0,330400.0,339425.0,323708.3333333333,310512.5,46420
2012-04-13,329000.0,330500.0,324500.0,327000.0,330700.0,338725.0,324366.6666666667,310754.1666666667,50675
2012-04-16,326000.0,326500.0,318500.0,322500.0,329600.0,338025.0,325008.3333333333,310812.5,41854
2012-04-17,323000.0,328000.0,322500.0,327500.0,327300.0,336750.0,325558.3333333333,310879.1666666667,34333
2012-04-18,326000.0,329000.0,323500.0,325000.0,325400.0,335450.0,326041.6666666667,310812.5,35973
2012-04-19,324000.0,326000.0,317500.0,318500.0,324100.0,333675.0,326500.0,310762.5,43744
2012-04-20,318500.0,332500.0,318500.0,329000.0,324500.0,332500.0,327041.6666666667,310854.1666666667,61110
2012-04-23,332000.0,339000.0,325000.0,334000.0,326800.0,332050.0,327591.6666666667,311070.8333333333,52674
2012-04-24,334000.0,341000.0,330500.0,337500.0,328800.0,331950.0,328075.0,311204.1666666667,52983
2012-04-25,338000.0,351500.0,330000.0,346000.0,333000.0,332225.0,328725.0,311391.6666666667,80789
2012-04-26,343500.0,356000.0,343500.0,356000.0,340500.0,332400.0,329525.0,311700.0,94237
2012-04-27,355500.0,371500.0,350500.0,365500.0,347800.0,333325.0,330541.6666666667,312066.6666666667,95907
2012-04-30,368000.0,374500.0,362500.0,374000.0,355800.0,335225.0,331691.6666666667,312604.1666666667,65672
2012-05-02,378000.0,378500.0,354000.0,358000.0,359900.0,336425.0,332616.6666666667,313079.1666666667,86196
2012-05-03,358000.0,365500.0,353000.0,354000.0,361500.0,337550.0,333458.3333333333,313508.3333333333,35950
2012-05-04,359500.0,370000.0,359000.0,370000.0,364300.0,339825.0,334325.0,314133.3333333333,52181
2012-05-07,370000.0,377500.0,362000.0,366500.0,364500.0,341875.0,335100.0,314666.6666666667,60310
2012-05-08,366500.0,371500.0,359500.0,364500.0,362600.0,343700.0,335850.0,315220.8333333333,64509
2012-05-09,366500.0,376000.0,366500.0,374500.0,365900.0,345475.0,336891.6666666667,315904.1666666667,59243
2012-05-10,374500.0,381000.0,364500.0,371000.0,369300.0,347300.0,337916.6666666667,316595.8333333333,69945
2012-05-11,372000.0,373500.0,355000.0,368500.0,369000.0,349475.0,338833.3333333333,317216.6666666667,68580
2012-05-14,366000.0,366500.0,353000.0,353000.0,366300.0,350775.0,339541.6666666667,317795.8333333333,58834
2012-05-15,356000.0,364500.0,346000.0,353000.0,364000.0,352300.0,340158.3333333333,318283.3333333333,72453
2012-05-16,353000.0,355000.0,345500.0,349000.0,358900.0,353375.0,340658.3333333333,318708.3333333333,51276
2012-05-17,345000.0,350000.0,338000.0,346500.0,354000.0,354450.0,341108.3333333333,319216.6666666667,77291
2012-05-18,344000.0,345000.0,330500.0,334500.0,347200.0,355250.0,341391.6666666667,319629.1666666667,73317
2012-05-21,334500.0,346000.0,327500.0,345000.0,345600.0,356050.0,341716.6666666667,320125.0,45158
2012-05-22,344000.0,345000.0,336000.0,340500.0,343100.0,356375.0,341758.3333333333,320600.0,55354
2012-05-23,338000.0,344500.0,336000.0,340000.0,341300.0,356500.0,341691.6666666667,321037.5,38840
2012-05-24,340500.0,342000.0,331000.0,331500.0,338300.0,355775.0,341608.3333333333,321416.6666666667,70795
2012-05-25,330000.0,334500.0,326000.0,329000.0,337200.0,354425.0,341641.6666666667,321791.6666666667,66247
2012-05-29,330000.0,333000.0,326500.0,329000.0,334000.0,352600.0,341766.6666666667,322191.6666666667,60356
2012-05-30,330000.0,333000.0,325500.0,329000.0,331700.0,350350.0,341683.3333333333,322566.6666666667,77247
2012-05-31,327000.0,336000.0,325000.0,336000.0,330900.0,349250.0,341616.6666666667,323058.3333333333,82557
2012-06-01,335000.0,340500.0,331500.0,332500.0,331100.0,348175.0,341683.3333333333,323454.1666666667,66535
2012-06-04,324000.0,332500.0,320000.0,324000.0,330100.0,345875.0,341658.3333333333,323691.6666666667,62628
2012-06-05,327500.0,334000.0,325000.0,329000.0,330100.0,344000.0,341758.3333333333,324016.6666666667,51638
2012-06-07,337500.0,337500.0,329500.0,329500.0,330200.0,342250.0,341733.3333333333,324304.1666666667,41249
2012-06-08,327500.0,332000.0,324500.0,328500.0,328700.0,339950.0,341650.0,324591.6666666667,51260
2012-06-11,330000.0,335000.0,325000.0,328500.0,327900.0,337825.0,341558.3333333333,324879.1666666667,48154
2012-06-12,324500.0,327500.0,320000.0,321000.0,327300.0,335450.0,341450.0,325054.1666666667,56406
2012-06-13,322000.0,331500.0,322000.0,330000.0,327500.0,334300.0,341266.6666666667,325337.5,46600
2012-06-14,331500.0,340000.0,329500.0,340000.0,329600.0,333650.0,341325.0,325775.0,96618
2012-06-15,340500.0,346500.0,337500.0,338500.0,331600.0,333125.0,341083.3333333333,326279.1666666667,73577
2012-06-18,341500.0,346000.0,335000.0,340000.0,333900.0,332800.0,340900.0,326745.8333333333,71616
2012-06-19,338500.0,353000.0,337500.0,351000.0,339900.0,333625.0,340850.0,327266.6666666667,56271
2012-06-20,351500.0,351500.0,343500.0,343500.0,342600.0,333550.0,340700.0,327704.1666666667,66223
2012-06-21,344000.0,352000.0,344000.0,352000.0,345000.0,334125.0,340850.0,328208.3333333333,45323
2012-06-22,351000.0,352500.0,343500.0,348500.0,347000.0,334550.0,341000.0,328712.5,39629
2012-06-25,349000.0,355500.0,344500.0,345000.0,348000.0,335225.0,341075.0,329129.1666666667,46358
2012-06-26,349000.0,349000.0,338000.0,343500.0,346500.0,335950.0,340925.0,329579.1666666667,36548
2012-06-27,340500.0,341500.0,323000.0,328000.0,343400.0,335900.0,340608.3333333333,329854.1666666667,238764
2012-06-28,328000.0,329000.0,318000.0,325000.0,338000.0,335700.0,340425.0,329995.8333333333,163353
2012-06-29,322000.0,331000.0,321500.0,325500.0,333400.0,335175.0,340283.3333333333,330158.3333333333,93688
2012-07-02,324500.0,327000.0,323500.0,324500.0,329300.0,334775.0,340166.6666666667,330300.0,44174
2012-07-03,325000.0,328000.0,319000.0,322000.0,325000.0,334675.0,340125.0,330475.0,98809
2012-07-04,320000.0,322000.0,306000.0,309000.0,321200.0,333675.0,339850.0,330608.3333333333,254468
2012-07-05,308500.0,313000.0,306000.0,313000.0,318800.0,332850.0,339600.0,330770.8333333333,94520
2012-07-06,310000.0,315000.0,308500.0,309000.0,315500.0,331875.0,339100.0,330891.6666666667,52599
2012-07-09,308500.0,312000.0,302000.0,306500.0,311900.0,330775.0,338633.3333333333,330945.8333333333,66518
2012-07-10,305000.0,305500.0,298500.0,300500.0,307600.0,329750.0,338225.0,330966.6666666667,121010
2012-07-11,300500.0,306500.0,298500.0,306500.0,307100.0,328575.0,337883.3333333333,331125.0,54501
2012-07-12,306500.0,306500.0,287000.0,287000.0,301900.0,325925.0,337291.6666666667,331150.0,160766
2012-07-13,288000.0,290000.0,273000.0,288000.0,297700.0,323400.0,336633.3333333333,331095.8333333333,118394
2012-07-16,289000.0,292500.0,280500.0,280500.0,292500.0,320425.0,335891.6666666667,330966.6666666667,68313
2012-07-17,280500.0,290000.0,280500.0,281500.0,288700.0,316950.0,335275.0,330887.5,58927
2012-07-18,283500.0,289000.0,282000.0,283000.0,284000.0,313925.0,334508.3333333333,330775.0,50162
2012-07-19,286500.0,291500.0,285000.0,288000.0,284200.0,310725.0,333741.6666666667,330666.6666666667,44925
2012-07-20,288000.0,290500.0,282000.0,285500.0,283700.0,307575.0,332875.0,330475.0,74070
2012-07-23,280500.0,281000.0,273500.0,274000.0,282400.0,304025.0,331675.0,330200.0,78422
2012-07-24,273000.0,284000.0,273000.0,283000.0,282700.0,301000.0,330458.3333333333,329991.6666666667,60223
2012-07-25,278000.0,286500.0,275500.0,284500.0,283000.0,298825.0,329108.3333333333,329825.0,58015
2012-07-26,284500.0,286500.0,279000.0,283000.0,282000.0,296725.0,327591.6666666667,329641.6666666667,55897
2012-07-27,286500.0,292000.0,279000.0,285500.0,282000.0,294725.0,326383.3333333333,329500.0,100519
2012-07-30,286500.0,289500.0,279500.0,280000.0,283200.0,292500.0,325150.0,329304.1666666667,66702
2012-07-31,278500.0,283000.0,275500.0,277500.0,282100.0,290275.0,323608.3333333333,328966.6666666667,98731
2012-08-01,277000.0,283000.0,277000.0,281000.0,281400.0,288875.0,322183.3333333333,328641.6666666667,63716
2012-08-02,281000.0,292500.0,281000.0,292000.0,283200.0,287825.0,320975.0,328412.5,101355
2012-08-03,288000.0,301000.0,288000.0,292500.0,284600.0,287000.0,319608.3333333333,328250.0,161339
2012-08-06,296000.0,296500.0,287500.0,288000.0,286200.0,286075.0,318225.0,328070.8333333333,73198
2012-08-07,289000.0,293000.0,286000.0,292000.0,289100.0,285650.0,316950.0,327891.6666666667,88324
2012-08-08,294500.0,296000.0,291000.0,295500.0,292000.0,285100.0,315991.6666666667,327766.6666666667,85165
2012-08-09,296000.0,302500.0,295500.0,300000.0,293600.0,285750.0,315108.3333333333,327633.3333333333,109076
2012-08-10,300500.0,301000.0,296500.0,299500.0,295000.0,286325.0,314283.3333333333,327470.8333333333,41117
2012-08-13,302500.0,308000.0,301500.0,307000.0,298800.0,287650.0,313625.0,327366.6666666667,69352
2012-08-14,308000.0,313000.0,307000.0,312000.0,302800.0,289175.0,313250.0,327320.8333333333,78828
2012-08-16,310000.0,313500.0,308500.0,313500.0,306400.0,290700.0,312725.0,327220.8333333333,62101
2012-08-17,313000.0,313000.0,304500.0,305000.0,307400.0,291550.0,312133.3333333333,326945.8333333333,42912
2012-08-20,307000.0,312500.0,305000.0,311500.0,309800.0,292850.0,311658.3333333333,326675.0,41785
2012-08-21,314000.0,315000.0,304000.0,309000.0,310200.0,294600.0,311283.3333333333,326445.8333333333,56547
2012-08-22,311000.0,313000.0,299000.0,307000.0,309200.0,295800.0,310916.6666666667,326279.1666666667,76275
2012-08-23,307000.0,307000.0,300000.0,305000.0,307500.0,296825.0,310516.6666666667,326141.6666666667,56378
2012-08-24,305000.0,313000.0,302000.0,313000.0,309100.0,298325.0,310250.0,325966.6666666667,74878
2012-08-27,314500.0,318000.0,313000.0,314000.0,309600.0,299750.0,309883.3333333333,325750.0,45843
2012-08-28,317000.0,319000.0,315500.0,315500.0,310900.0,301525.0,309600.0,325641.6666666667,32829
2012-08-29,315500.0,317000.0,307500.0,310000.0,311500.0,303150.0,309366.6666666667,325512.5,37844
2012-08-30,308000.0,312000.0,305500.0,308000.0,312100.0,304500.0,309016.6666666667,325387.5,37526
2012-08-31,311000.0,312000.0,306000.0,306000.0,310700.0,305200.0,308625.0,325179.1666666667,32969
2012-09-03,306000.0,312000.0,302000.0,311000.0,310100.0,306125.0,308333.3333333333,324991.6666666667,37213
2012-09-04,309500.0,316000.0,309500.0,315500.0,310100.0,307500.0,308116.6666666667,324837.5,30339
2012-09-05,314000.0,314500.0,306500.0,309000.0,309900.0,308350.0,307916.6666666667,324683.3333333333,31395
2012-09-06,307500.0,308500.0,295000.0,296000.0,307500.0,308375.0,307350.0,324308.3333333333,126202
2012-09-07,299500.0,299500.0,293000.0,296000.0,305500.0,308175.0,306616.6666666667,323970.8333333333,145748
2012-09-10,297500.0,301000.0,297000.0,297500.0,302800.0,308075.0,305933.3333333333,323508.3333333333,57431
2012-09-11,296500.0,298000.0,294500.0,295000.0,298700.0,307475.0,305183.3333333333,323041.6666666667,48225
2012-09-12,296000.0,300000.0,293000.0,294500.0,295800.0,306600.0,304241.6666666667,322545.8333333333,82349
2012-09-13,293500.0,294500.0,287000.0,287500.0,294100.0,305300.0,303308.3333333333,322004.1666666667,93765
2012-09-14,292000.0,293000.0,287000.0,288500.0,292600.0,304475.0,302250.0,321550.0,134271
2012-09-17,288500.0,292000.0,288500.0,291000.0,291300.0,303450.0,301291.6666666667,321145.8333333333,81033
2012-09-18,293500.0,301000.0,292500.0,301000.0,292500.0,303050.0,300558.3333333333,320816.6666666667,122545
2012-09-19,303000.0,306500.0,299500.0,302000.0,294000.0,302800.0,299866.6666666667,320395.8333333333,68145
2012-09-20,304000.0,307000.0,302500.0,306500.0,297800.0,302875.0,299508.3333333333,320058.3333333333,78074
2012-09-21,310000.0,325500.0,309000.0,316500.0,303400.0,303050.0,299366.6666666667,319895.8333333333,214800
2012-09-24,319500.0,326500.0,316500.0,317000.0,308600.0,303200.0,299225.0,319754.1666666667,103640
2012-09-25,308000.0,312500.0,300500.0,307500.0,309900.0,302800.0,298941.6666666667,319554.1666666667,420613
2012-09-26,309500.0,314000.0,303500.0,304500.0,310400.0,302525.0,298650.0,319387.5,77694
2012-09-27,301000.0,310000.0,295500.0,309000.0,310900.0,302575.0,298650.0,319250.0,85552
2012-09-28,309000.0,310500.0,304500.0,307500.0,309100.0,302650.0,298558.3333333333,319079.1666666667,58409
2012-10-02,306500.0,312000.0,303500.0,305500.0,306800.0,302375.0,298500.0,318800.0,34329
2012-10-04,306000.0,307500.0,300500.0,301500.0,305600.0,301675.0,298416.6666666667,318525.0,44207
2012-10-05,302500.0,310500.0,302500.0,309000.0,306500.0,301675.0,298558.3333333333,318391.6666666667,58491
2012-10-08,310500.0,318000.0,310500.0,316500.0,308000.0,302700.0,298725.0,318304.1666666667,94745
2012-10-09,316500.0,324500.0,315000.0,324500.0,311400.0,304125.0,299350.0,318320.8333333333,103051
2012-10-10,322500.0,324000.0,317000.0,317500.0,313800.0,305125.0,299841.6666666667,318237.5,52293
2012-10-11,316000.0,329000.0,314500.0,327000.0,318900.0,306725.0,300616.6666666667,318254.1666666667,148320
2012-10-12,327000.0,347000.0,325500.0,346000.0,326300.0,309300.0,301691.6666666667,318483.3333333333,170577
2012-10-15,345500.0,350500.0,344000.0,346000.0,332200.0,312225.0,302741.6666666667,318625.0,116314
2012-10-16,349000.0,349500.0,338500.0,341500.0,335600.0,314875.0,303633.3333333333,318687.5,79138
2012-10-17,340500.0,351000.0,337500.0,349500.0,342000.0,317800.0,304700.0,318787.5,60424
2012-10-18,349500.0,352500.0,338500.0,339000.0,344400.0,319700.0,305783.3333333333,318729.1666666667,77137
2012-10-19,342500.0,348500.0,337500.0,345000.0,344200.0,321850.0,306816.6666666667,318637.5,61346
2012-10-22,339000.0,349000.0,337500.0,347000.0,344400.0,323875.0,307858.3333333333,318483.3333333333,28423
2012-10-23,347000.0,347000.0,339500.0,340000.0,344100.0,325050.0,308808.3333333333,318200.0,42658
2012-10-24,339000.0,354500.0,338000.0,349000.0,344000.0,326650.0,309866.6666666667,318125.0,69581
2012-10-25,352000.0,360500.0,341000.0,346000.0,345400.0,328575.0,310966.6666666667,318058.3333333333,72352
2012-10-26,344000.0,345000.0,335000.0,340000.0,344400.0,330350.0,312008.3333333333,317808.3333333333,74039
2012-10-29,337500.0,345000.0,334500.0,344000.0,343800.0,332100.0,313058.3333333333,317620.8333333333,36715
2012-10-30,344000.0,347500.0,336500.0,340000.0,343800.0,333725.0,313858.3333333333,317416.6666666667,41884
2012-10-31,340000.0,343500.0,336500.0,342500.0,342500.0,335575.0,314691.6666666667,317150.0,31439
2012-11-01,339000.0,346500.0,336500.0,343000.0,341900.0,337650.0,315608.3333333333,316916.6666666667,50095
2012-11-02,343000.0,346000.0,325500.0,325500.0,339000.0,338475.0,316166.6666666667,316558.3333333333,132287
2012-11-05,326000.0,334000.0,323000.0,334000.0,337000.0,339350.0,316808.3333333333,316400.0,73449
2012-11-06,334000.0,334000.0,327500.0,331000.0,335200.0,339675.0,317325.0,316216.6666666667,38257
2012-11-07,331500.0,338500.0,329500.0,338000.0,334300.0,340700.0,317966.6666666667,316125.0,55500
2012-11-08,333500.0,337500.0,330500.0,337500.0,333200.0,341225.0,318475.0,316050.0,37577
2012-11-09,334000.0,337000.0,327000.0,332000.0,334500.0,340525.0,318808.3333333333,316029.1666666667,53448
2012-11-12,331000.0,334000.0,329000.0,331000.0,333900.0,339775.0,319100.0,315912.5,29589
2012-11-13,333000.0,338500.0,332000.0,334000.0,334500.0,339400.0,319583.3333333333,315858.3333333333,31200
2012-11-14,334500.0,341000.0,334000.0,339000.0,334700.0,338875.0,320041.6666666667,315850.0,45634
2012-11-15,337000.0,340000.0,331500.0,335000.0,334200.0,338675.0,320475.0,315879.1666666667,31004
2012-11-16,335000.0,337500.0,331500.0,332500.0,334300.0,338050.0,320900.0,315908.3333333333,31762
2012-11-19,331500.0,336500.0,331000.0,333500.0,334800.0,337375.0,321375.0,315945.8333333333,26701
2012-11-20,334500.0,336500.0,331500.0,334500.0,334900.0,337100.0,321733.3333333333,315991.6666666667,34887
2012-11-21,332500.0,345000.0,332500.0,345000.0,336100.0,336900.0,322250.0,316066.6666666667,53217
2012-11-22,346500.0,352500.0,342000.0,343500.0,337800.0,336775.0,322716.6666666667,316158.3333333333,55010
2012-11-23,344000.0,347000.0,336000.0,338500.0,339000.0,336700.0,323191.6666666667,316279.1666666667,32780
2012-11-26,337500.0,339500.0,333500.0,335000.0,339300.0,336250.0,323641.6666666667,316329.1666666667,27439
2012-11-27,337500.0,339000.0,332500.0,336000.0,339600.0,336050.0,324141.6666666667,316383.3333333333,25968
2012-11-28,336500.0,336500.0,327000.0,334000.0,337400.0,335625.0,324525.0,316429.1666666667,45099
2012-11-29,334000.0,334500.0,325000.0,333500.0,335400.0,335150.0,324825.0,316470.8333333333,86732
2012-11-30,330000.0,336500.0,330000.0,336500.0,335000.0,335700.0,325283.3333333333,316600.0,42350
2012-12-03,334000.0,336000.0,327500.0,328500.0,333700.0,335425.0,325825.0,316587.5,28764
2012-12-04,325500.0,329500.0,324000.0,327500.0,332000.0,335250.0,326350.0,316483.3333333333,36328
2012-12-05,327500.0,333000.0,326500.0,333000.0,331800.0,335000.0,326941.6666666667,316437.5,30302
2012-12-06,330500.0,335500.0,330500.0,332000.0,331500.0,334725.0,327558.3333333333,316370.8333333333,28770
2012-12-07,334000.0,334000.0,328500.0,330500.0,330300.0,334650.0,328158.3333333333,316200.0,24934
2012-12-10,328500.0,336000.0,328500.0,335500.0,331700.0,334875.0,328958.3333333333,316133.3333333333,28972
2012-12-11,337000.0,343500.0,335500.0,336500.0,333500.0,335000.0,329758.3333333333,316004.1666666667,48008
2012-12-12,339500.0,347000.0,337500.0,346500.0,336200.0,335375.0,330683.3333333333,315987.5,59021
2012-12-13,342500.0,346500.0,340500.0,345000.0,338800.0,335875.0,331416.6666666667,315987.5,39506
2012-12-14,344000.0,347000.0,335000.0,337000.0,340100.0,336100.0,332000.0,315933.3333333333,45841
2012-12-17,339000.0,350000.0,337500.0,348500.0,342700.0,336850.0,332700.0,316104.1666666667,70117
2012-12-18,349500.0,350500.0,344500.0,348000.0,345000.0,337525.0,333225.0,316295.8333333333,33890
2012-12-20,350000.0,354500.0,347500.0,354500.0,346600.0,338000.0,333850.0,316537.5,58976
2012-12-21,356000.0,357500.0,350000.0,350500.0,347700.0,338350.0,334566.6666666667,316754.1666666667,60906
2012-12-24,350500.0,352000.0,345500.0,348000.0,349900.0,338825.0,335291.6666666667,316970.8333333333,20476
2012-12-26,350500.0,355000.0,346500.0,348000.0,349800.0,339475.0,335941.6666666667,317295.8333333333,18398
2012-12-27,349000.0,355500.0,346500.0,353000.0,350800.0,340325.0,336700.0,317629.1666666667,39126
2012-12-28,353000.0,357500.0,352500.0,355500.0,351000.0,341400.0,337533.3333333333,318016.6666666667,26767
2013-01-02,358000.0,362000.0,355000.0,362000.0,353300.0,342825.0,338541.6666666667,318479.1666666667,27551
2013-01-03,358500.0,372000.0,358500.0,369000.0,357500.0,344450.0,339541.6666666667,319050.0,62929
2013-01-04,370000.0,376500.0,366500.0,375000.0,362900.0,346775.0,340516.6666666667,319620.8333333333,48279
2013-01-07,376000.0,378500.0,367000.0,368000.0,365900.0,348800.0,341241.6666666667,320295.8333333333,35302
2013-01-08,367000.0,374000.0,356000.0,358000.0,366400.0,350050.0,341916.6666666667,320879.1666666667,71032
2013-01-09,361000.0,366000.0,361000.0,365000.0,367000.0,351700.0,342550.0,321583.3333333333,46261
2013-01-10,367000.0,378500.0,366500.0,378500.0,368900.0,354100.0,343091.6666666667,322391.6666666667,68113
2013-01-11,380000.0,386000.0,374000.0,382000.0,370300.0,356425.0,343691.6666666667,323216.6666666667,64791
2013-01-14,379000.0,390000.0,379000.0,381000.0,372900.0,358650.0,344350.0,323991.6666666667,63610
2013-01-15,380000.0,388500.0,380000.0,380500.0,377400.0,360350.0,344866.6666666667,324783.3333333333,53958
2013-01-16,384000.0,388000.0,380000.0,380000.0,380400.0,362100.0,345550.0,325666.6666666667,43764
2013-01-17,380000.0,382500.0,378000.0,380500.0,380800.0,364275.0,346141.6666666667,326479.1666666667,32122
2013-01-18,382500.0,382500.0,368500.0,375500.0,379500.0,365625.0,346616.6666666667,327237.5,52282
2013-01-21,375500.0,380000.0,372000.0,380000.0,379300.0,367225.0,347283.3333333333,328045.8333333333,26883
2013-01-22,380000.0,380500.0,376000.0,378000.0,378800.0,368400.0,347766.6666666667,328816.6666666667,17221
2013-01-23,381500.0,381500.0,360000.0,360000.0,374800.0,368875.0,348000.0,329483.3333333333,113029
2013-01-24,358500.0,366000.0,358500.0,365000.0,371700.0,369725.0,348416.6666666667,330212.5,37862
2013-01-25,365000.0,370000.0,362000.0,370000.0,370600.0,370825.0,348850.0,330954.1666666667,36595
2013-01-28,370500.0,374000.0,365500.0,371000.0,368800.0,371725.0,349366.6666666667,331612.5,42225
2013-01-29,367000.0,369500.0,355000.0,366000.0,366400.0,372250.0,349758.3333333333,332225.0,58211
2013-01-30,365500.0,370000.0,361500.0,370000.0,368400.0,372650.0,350208.3333333333,332908.3333333333,33586
2013-01-31,367000.0,371000.0,365500.0,371000.0,369600.0,372750.0,350966.6666666667,333566.6666666667,32703
2013-02-01,372000.0,372000.0,364500.0,364500.0,368500.0,372225.0,351475.0,334141.6666666667,26683
2013-02-04,364000.0,375500.0,361000.0,375000.0,369300.0,372575.0,352208.3333333333,334766.6666666667,35358
2013-02-05,371000.0,376500.0,369500.0,373500.0,370800.0,373350.0,352800.0,335383.3333333333,27694
2013-02-06,371000.0,381000.0,371000.0,379000.0,372600.0,374050.0,353491.6666666667,335983.3333333333,49022
2013-02-07,376000.0,379000.0,368000.0,368000.0,372000.0,373525.0,354091.6666666667,336450.0,40264
2013-02-08,368000.0,369000.0,361500.0,361500.0,371400.0,372500.0,354600.0,336850.0,38875
2013-02-12,360500.0,364500.0,358500.0,363000.0,369000.0,371600.0,355083.3333333333,337333.3333333333,28632
2013-02-13,360500.0,364000.0,356000.0,358500.0,366000.0,370500.0,355408.3333333333,337725.0,57259
2013-02-14,359000.0,360000.0,353000.0,359000.0,362000.0,369450.0,355808.3333333333,338141.6666666667,54133
2013-02-15,360500.0,362500.0,359000.0,362000.0,360800.0,368525.0,356300.0,338600.0,24382
2013-02-18,360500.0,364000.0,360000.0,363000.0,361100.0,367900.0,356791.6666666667,339083.3333333333,20644
2013-02-19,364000.0,366500.0,361500.0,365000.0,361500.0,367150.0,357300.0,339516.6666666667,25829
2013-02-20,367500.0,369000.0,363500.0,368000.0,363400.0,366650.0,357683.3333333333,339966.6666666667,29993
2013-02-21,364500.0,366000.0,358000.0,359500.0,363500.0,366625.0,357950.0,340333.3333333333,53812
2013-02-22,360000.0,370000.0,360000.0,366000.0,364300.0,366675.0,358408.3333333333,340800.0,50932
2013-02-25,365000.0,366500.0,362000.0,365000.0,364700.0,366425.0,358908.3333333333,341275.0,21577
2013-02-26,368000.0,375500.0,365500.0,373000.0,366300.0,366525.0,359525.0,341833.3333333333,48950
2013-02-27,374500.0,383500.0,374000.0,383000.0,369300.0,367375.0,360341.6666666667,342433.3333333333,55996
2013-02-28,382500.0,387500.0,378500.0,386500.0,374700.0,368200.0,361225.0,343025.0,59060
2013-03-04,387000.0,387000.0,371500.0,373500.0,376200.0,368325.0,361841.6666666667,343562.5,74659
2013-03-05,372500.0,375000.0,369000.0,373500.0,377900.0,368775.0,362591.6666666667,344208.3333333333,60407
2013-03-06,373500.0,375500.0,366000.0,368000.0,376900.0,368425.0,363266.6666666667,344808.3333333333,49032
2013-03-07,367500.0,368500.0,361500.0,363500.0,373000.0,367925.0,363775.0,345358.3333333333,43418
2013-03-08,363500.0,370500.0,362500.0,370500.0,369800.0,367500.0,364416.6666666667,345987.5,35787
2013-03-11,370000.0,373000.0,364500.0,367500.0,368600.0,367475.0,365033.3333333333,346595.8333333333,32178
2013-03-12,372000.0,372000.0,365000.0,367000.0,367300.0,367750.0,365558.3333333333,347258.3333333333,27314
2013-03-13,365000.0,366500.0,360000.0,362500.0,366200.0,367725.0,365991.6666666667,347875.0,46007
2013-03-14,364000.0,364000.0,358000.0,361000.0,365700.0,367850.0,366233.3333333333,348458.3333333333,41510
2013-03-15,362500.0,363000.0,350000.0,350000.0,361600.0,367400.0,366316.6666666667,348866.6666666667,83043
2013-03-18,351000.0,356500.0,349000.0,351500.0,358400.0,366875.0,366558.3333333333,349279.1666666667,45901
2013-03-19,354500.0,356000.0,345000.0,354500.0,355900.0,366450.0,366658.3333333333,349679.1666666667,48441
2013-03-20,352000.0,353500.0,340000.0,345000.0,352400.0,365450.0,366608.3333333333,349916.6666666667,95220
2013-03-21,345000.0,348500.0,340500.0,345000.0,349200.0,364300.0,366450.0,350150.0,41156
2013-03-22,343000.0,351500.0,341000.0,346000.0,348400.0,363625.0,366375.0,350470.8333333333,47150
2013-03-25,350000.0,351000.0,341500.0,343000.0,346700.0,362475.0,366291.6666666667,350791.6666666667,41482
2013-03-26,345500.0,345500.0,342000.0,342000.0,344200.0,361325.0,366191.6666666667,351066.6666666667,29299
2013-03-27,344000.0,344000.0,340500.0,340500.0,343300.0,359700.0,365983.3333333333,351341.6666666667,25884
2013-03-28,340500.0,343000.0,340000.0,342000.0,342700.0,357650.0,365758.3333333333,351645.8333333333,35456
2013-03-29,345000.0,349500.0,341500.0,348500.0,343200.0,355750.0,365533.3333333333,352037.5,60955
2013-04-01,349000.0,349000.0,341000.0,346500.0,343900.0,354400.0,365158.3333333333,352350.0,32164
2013-04-02,344500.0,354000.0,344000.0,353000.0,346100.0,353375.0,364791.6666666667,352654.1666666667,58279
2013-04-03,352000.0,354500.0,349500.0,353000.0,348600.0,352625.0,364541.6666666667,352891.6666666667,35842
2013-04-04,352000.0,352000.0,342000.0,345000.0,349200.0,351700.0,364325.0,353120.8333333333,27301
2013-04-05,345500.0,349000.0,340000.0,342000.0,347900.0,350275.0,363941.6666666667,353245.8333333333,33778
2013-04-08,339500.0,342000.0,329500.0,329500.0,344500.0,348375.0,363125.0,353108.3333333333,45013
2013-04-09,326000.0,328500.0,318000.0,322000.0,338300.0,346125.0,362125.0,352908.3333333333,88936
2013-04-10,324000.0,326000.0,321500.0,322500.0,332200.0,344125.0,361150.0,352750.0,62669
2013-04-11,322000.0,325500.0,322000.0,325500.0,328300.0,342350.0,360233.3333333333,352550.0,74181
2013-04-12,326500.0,329500.0,323000.0,326000.0,325100.0,341150.0,359333.3333333333,352441.6666666667,105734
2013-04-15,325000.0,325500.0,316500.0,320500.0,323300.0,339600.0,358333.3333333333,352237.5,49340
2013-04-16,320000.0,325000.0,316000.0,324000.0,323700.0,338075.0,357475.0,352045.8333333333,107440
2013-04-17,325000.0,326500.0,311000.0,311500.0,321500.0,336400.0,356333.3333333333,351808.3333333333,128144
2013-04-18,312000.0,317500.0,312000.0,312500.0,318900.0,334775.0,355241.6666666667,351504.1666666667,54153
2013-04-19,315000.0,317000.0,311500.0,313000.0,316300.0,333125.0,354458.3333333333,351229.1666666667,46728
2013-04-22,310500.0,313000.0,302000.0,302500.0,312700.0,331100.0,353416.6666666667,350916.6666666667,102975
2013-04-23,302000.0,317500.0,302000.0,317000.0,311300.0,329850.0,352533.3333333333,350691.6666666667,103046
2013-04-24,316000.0,323500.0,314500.0,322000.0,313400.0,328925.0,351716.6666666667,350541.6666666667,76596
2013-04-25,322500.0,324000.0,313000.0,315000.0,313900.0,327575.0,350866.6666666667,350312.5,95209
2013-04-26,314500.0,324000.0,313500.0,320000.0,315300.0,326150.0,350033.3333333333,350120.8333333333,65724
2013-04-29,320000.0,324000.0,318500.0,322000.0,319200.0,324925.0,349216.6666666667,350091.6666666667,43964
2013-04-30,321500.0,326500.0,321500.0,326000.0,321000.0,323575.0,348575.0,350025.0,79490
2013-05-02,323500.0,324000.0,314000.0,318000.0,320200.0,321825.0,347625.0,349916.6666666667,65537
2013-05-03,316000.0,318000.0,303500.0,304000.0,318000.0,319775.0,346466.6666666667,349633.3333333333,144636
2013-05-06,305000.0,313000.0,305000.0,309500.0,315900.0,318150.0,345308.3333333333,349400.0,78487
2013-05-07,309000.0,310000.0,301500.0,303500.0,312200.0,316850.0,344233.3333333333,349162.5,82507
2013-05-08,304500.0,304500.0,295000.0,295000.0,306000.0,315500.0,343125.0,348862.5,109306
2013-05-09,297000.0,299500.0,292500.0,295000.0,301400.0,314125.0,341991.6666666667,348537.5,110472
2013-05-10,296000.0,297000.0,285500.0,289000.0,298400.0,312300.0,340833.3333333333,348120.8333333333,99241
2013-05-13,287000.0,293500.0,286000.0,288000.0,294100.0,310400.0,339650.0,347729.1666666667,56111
2013-05-14,288000.0,296500.0,288000.0,295500.0,292500.0,309150.0,338541.6666666667,347420.8333333333,71075
2013-05-15,295500.0,296000.0,290500.0,294500.0,292400.0,307675.0,337400.0,347095.8333333333,42293
2013-05-16,295500.0,298000.0,292500.0,293000.0,292000.0,306750.0,336200.0,346750.0,47116
2013-05-20,300000.0,302000.0,294000.0,294500.0,293100.0,305850.0,334975.0,346329.1666666667,120242
2013-05-21,285000.0,290500.0,285000.0,288500.0,293200.0,304625.0,333791.6666666667,345870.8333333333,107647
2013-05-22,286500.0,287000.0,281000.0,282000.0,290500.0,303600.0,332391.6666666667,345400.0,174732
2013-05-23,280000.0,283500.0,279500.0,282000.0,288000.0,301850.0,331008.3333333333,344958.3333333333,140586
2013-05-24,279500.0,292500.0,279500.0,291000.0,287600.0,300300.0,329641.6666666667,344583.3333333333,134162
2013-05-27,287000.0,287500.0,278000.0,285000.0,285700.0,298800.0,328008.3333333333,344175.0,136505
2013-05-28,285000.0,292000.0,283000.0,290000.0,286000.0,297300.0,326400.0,343812.5,84426
2013-05-29,293500.0,294500.0,288500.0,292500.0,288100.0,295825.0,325050.0,343445.8333333333,74979
2013-05-30,293000.0,293000.0,286500.0,288500.0,289400.0,293950.0,323633.3333333333,343112.5,44170
2013-05-31,290000.0,297500.0,287000.0,296000.0,290400.0,292850.0,322433.3333333333,342850.0,90067
2013-06-03,296000.0,298500.0,288000.0,288500.0,291100.0,292075.0,321183.3333333333,342479.1666666667,69491
2013-06-04,288500.0,291000.0,286500.0,290000.0,291100.0,291100.0,319841.6666666667,342129.1666666667,40617
2013-06-05,294000.0,294000.0,282000.0,283500.0,289300.0,290100.0,318441.6666666667,341737.5,75218
2013-06-07,280500.0,289500.0,280500.0,288000.0,289200.0,289750.0,317125.0,341341.6666666667,62506
2013-06-10,287500.0,299000.0,286500.0,298500.0,289700.0,289925.0,316058.3333333333,341025.0,70736
2013-06-11,298000.0,299000.0,293000.0,297000.0,291400.0,290325.0,314991.6666666667,340612.5,66924
2013-06-12,296500.0,298000.0,290500.0,291500.0,291700.0,290500.0,314016.6666666667,340166.6666666667,51165
2013-06-13,291000.0,292000.0,286500.0,288500.0,292700.0,290150.0,312966.6666666667,339762.5,62229
2013-06-14,290000.0,293500.0,288000.0,293000.0,293700.0,290075.0,311941.6666666667,339300.0,26967
2013-06-17,290000.0,294000.0,285500.0,287500.0,291500.0,289800.0,310983.3333333333,338795.8333333333,34733
2013-06-18,288000.0,289500.0,283000.0,289000.0,289900.0,289525.0,310050.0,338250.0,23614
2013-06-19,288500.0,288500.0,280500.0,284000.0,288400.0,289300.0,309016.6666666667,337695.8333333333,56981
2013-06-20,280500.0,280500.0,267000.0,272000.0,285100.0,288800.0,307833.3333333333,337062.5,150390
2013-06-21,261000.0,268000.0,258000.0,260000.0,278500.0,287700.0,306466.6666666667,336329.1666666667,114392
2013-06-24,258500.0,259500.0,250000.0,257000.0,272400.0,286000.0,305075.0,335529.1666666667,62600
2013-06-25,255000.0,260000.0,244500.0,247000.0,264000.0,284100.0,303491.6666666667,334625.0,75913
2013-06-26,248000.0,255000.0,247500.0,254000.0,258000.0,282300.0,301916.6666666667,333725.0,41953
2013-06-27,255000.0,259000.0,252500.0,258000.0,255200.0,280575.0,300441.6666666667,332800.0,57481
2013-06-28,258000.0,262500.0,253500.0,259500.0,255100.0,279125.0,298883.3333333333,331837.5,76618
2013-07-01,256000.0,258000.0,252000.0,255000.0,254700.0,277075.0,297250.0,330895.8333333333,47841
2013-07-02,257000.0,273000.0,255500.0,270000.0,259300.0,276150.0,296000.0,330162.5,115351
2013-07-03,270500.0,273000.0,261000.0,263000.0,261100.0,274800.0,294683.3333333333,329312.5,63945
2013-07-04,265000.0,270500.0,263000.0,266000.0,262700.0,273925.0,293625.0,328375.0,39056
2013-07-05,269000.0,271500.0,265000.0,265000.0,263800.0,272775.0,292675.0,327400.0,34907
2013-07-08,266500.0,268000.0,257000.0,260000.0,264800.0,270850.0,291633.3333333333,326391.6666666667,36852
2013-07-09,257500.0,269000.0,257000.0,269000.0,264600.0,269450.0,290691.6666666667,325462.5,40075
2013-07-10,269000.0,270500.0,265000.0,266000.0,265200.0,268175.0,289691.6666666667,324512.5,32873
2013-07-11,270500.0,276000.0,265500.0,274500.0,266900.0,267475.0,288925.0,323629.1666666667,51829
2013-07-12,271000.0,274500.0,270000.0,273500.0,268600.0,266500.0,288083.3333333333,322779.1666666667,21186
2013-07-15,273500.0,273500.0,262500.0,268500.0,270300.0,265550.0,287366.6666666667,321850.0,43060
2013-07-16,269000.0,269000.0,263000.0,264500.0,269400.0,264325.0,286566.6666666667,320904.1666666667,49019
2013-07-17,266000.0,274000.0,264000.0,271500.0,270500.0,263700.0,285875.0,320166.6666666667,62587
2013-07-18,269000.0,272500.0,267000.0,270000.0,269600.0,263600.0,285333.3333333333,319375.0,29335
2013-07-19,270000.0,270500.0,266500.0,267000.0,268300.0,263950.0,284500.0,318516.6666666667,24517
2013-07-22,267000.0,270000.0,261500.0,263000.0,267200.0,264250.0,283516.6666666667,317616.6666666667,45262
2013-07-23,265500.0,269000.0,263500.0,268500.0,268000.0,265325.0,282741.6666666667,316804.1666666667,63297
2013-07-24,267000.0,275500.0,267000.0,275500.0,268800.0,266400.0,282000.0,316016.6666666667,55239
2013-07-25,273500.0,276000.0,272000.0,275000.0,269800.0,267250.0,281216.6666666667,315216.6666666667,37184
2013-07-26,274000.0,275000.0,271500.0,272000.0,270800.0,267875.0,280316.6666666667,314445.8333333333,29732
2013-07-29,273500.0,278500.0,268500.0,269500.0,272100.0,268600.0,279508.3333333333,313566.6666666667,50697
2013-07-30,268000.0,275000.0,268000.0,273500.0,273100.0,268775.0,279000.0,312733.3333333333,23988
2013-07-31,273500.0,284000.0,273500.0,283500.0,274700.0,269800.0,278566.6666666667,311937.5,76677
2013-08-01,284000.0,288000.0,279500.0,285000.0,276700.0,270750.0,278258.3333333333,311245.8333333333,76606
2013-08-02,280000.0,283000.0,270500.0,283000.0,278900.0,271650.0,278058.3333333333,310591.6666666667,166277
2013-08-05,279500.0,281000.0,272500.0,273500.0,279700.0,272325.0,277700.0,309845.8333333333,60061
2013-08-06,273500.0,275000.0,270500.0,271500.0,279300.0,272450.0,277408.3333333333,309120.8333333333,33279
2013-08-07,271500.0,274000.0,268000.0,268500.0,276300.0,272575.0,277083.3333333333,308366.6666666667,45092
2013-08-08,270500.0,271000.0,266000.0,271000.0,273500.0,272400.0,276675.0,307608.3333333333,55805
2013-08-09,268500.0,270500.0,262000.0,262500.0,269400.0,271850.0,276141.6666666667,306770.8333333333,80727
2013-08-12,262500.0,265000.0,260000.0,263500.0,267400.0,271600.0,275650.0,305925.0,30562
2013-08-13,264000.0,264500.0,258000.0,260500.0,265200.0,271400.0,275083.3333333333,305029.1666666667,84547
2013-08-14,260500.0,266000.0,259000.0,265000.0,264500.0,271075.0,274691.6666666667,304241.6666666667,59795
2013-08-16,261500.0,265500.0,259000.0,264500.0,263200.0,270800.0,274400.0,303395.8333333333,59253
2013-08-19,264000.0,268000.0,262000.0,266500.0,264000.0,270775.0,274141.6666666667,302575.0,33663
2013-08-20,266000.0,266500.0,259000.0,259000.0,263100.0,270575.0,273608.3333333333,301625.0,53414
2013-08-21,259000.0,259000.0,251000.0,255500.0,262100.0,269925.0,273116.6666666667,300562.5,51141
2013-08-22,250500.0,251500.0,245000.0,245000.0,258100.0,268400.0,272366.6666666667,299383.3333333333,83952
2013-08-23,246000.0,250000.0,243500.0,246500.0,254500.0,266975.0,271600.0,298325.0,77377
2013-08-26,246500.0,249000.0,246000.0,246000.0,250400.0,265675.0,270891.6666666667,297262.5,36778
2013-08-27,247500.0,248000.0,244500.0,245500.0,247700.0,264475.0,270050.0,296241.6666666667,48728
2013-08-28,242000.0,247000.0,240000.0,245000.0,245600.0,263050.0,269325.0,295254.1666666667,42917
2013-08-29,243000.0,254000.0,243000.0,250000.0,246600.0,261375.0,268658.3333333333,294250.0,48413
2013-08-30,249500.0,257000.0,249500.0,254500.0,248200.0,259850.0,268175.0,293308.3333333333,58583
2013-09-02,253500.0,256500.0,252000.0,256000.0,250200.0,258500.0,267641.6666666667,292383.3333333333,42177
2013-09-03,257500.0,264500.0,256500.0,263500.0,253800.0,258000.0,267058.3333333333,291558.3333333333,95843
2013-09-04,265000.0,267500.0,262000.0,265000.0,257800.0,257675.0,266525.0,290758.3333333333,85776
2013-09-05,267000.0,274000.0,262500.0,271000.0,262000.0,257800.0,266183.3333333333,290100.0,81337
2013-09-06,271000.0,273000.0,266000.0,268000.0,264700.0,257650.0,265841.6666666667,289404.1666666667,39126
2013-09-09,268000.0,272500.0,266000.0,272500.0,268000.0,258150.0,265500.0,288720.8333333333,52490
2013-09-10,272500.0,274500.0,268000.0,273500.0,270000.0,258650.0,265266.6666666667,288125.0,49476
2013-09-11,273500.0,273500.0,269500.0,271500.0,271300.0,259200.0,264975.0,287512.5,35939
2013-09-12,269500.0,271000.0,265000.0,267500.0,270600.0,259325.0,264700.0,286858.3333333333,84680
2013-09-13,267500.0,267500.0,261500.0,264000.0,269800.0,259300.0,264566.6666666667,286200.0,78763
2013-09-16,266500.0,267000.0,259000.0,263000.0,267900.0,259125.0,264616.6666666667,285541.6666666667,101628
2013-09-17,261000.0,266500.0,261000.0,265000.0,266200.0,259425.0,264750.0,284912.5,76277
2013-09-23,271000.0,277000.0,269000.0,277000.0,267300.0,260500.0,265250.0,284370.8333333333,161863
2013-09-24,278000.0,281000.0,276000.0,278500.0,269500.0,262175.0,265658.3333333333,283787.5,78554
2013-09-25,279000.0,281500.0,275000.0,279500.0,272600.0,263825.0,266016.6666666667,283229.1666666667,43561
2013-09-26,278000.0,281000.0,277000.0,278000.0,275600.0,265425.0,266325.0,282604.1666666667,39244
2013-09-27,280500.0,281000.0,277000.0,280500.0,278700.0,267175.0,266750.0,282000.0,33607
2013-09-30,280500.0,280500.0,275000.0,276500.0,278600.0,268750.0,266858.3333333333,281429.1666666667,40803
2013-10-01,275000.0,279000.0,272000.0,276000.0,278100.0,270050.0,267075.0,280879.1666666667,38981
2013-10-02,276000.0,276500.0,268000.0,271000.0,276400.0,270875.0,267158.3333333333,280391.6666666667,82844
2013-10-04,268000.0,273000.0,266500.0,270500.0,274900.0,271600.0,267250.0,279962.5,42014
2013-10-07,268000.0,269000.0,263000.0,264000.0,271600.0,271625.0,267316.6666666667,279475.0,56476
2013-10-08,265000.0,270500.0,264500.0,270000.0,270300.0,271875.0,267333.3333333333,279012.5,48026
2013-10-10,270000.0,271500.0,265500.0,270000.0,269100.0,271825.0,267400.0,278545.8333333333,26587
2013-10-11,270500.0,271500.0,265000.0,267000.0,268300.0,271775.0,267275.0,278100.0,76684
2013-10-14,265000.0,269500.0,262500.0,264000.0,267000.0,271350.0,267116.6666666667,277600.0,66277
2013-10-15,263500.0,265000.0,252500.0,253000.0,264800.0,270325.0,266858.3333333333,277112.5,226230
2013-10-16,252500.0,255000.0,247500.0,250000.0,260800.0,269250.0,266616.6666666667,276591.6666666667,96554
2013-10-17,251500.0,251500.0,247000.0,251000.0,257000.0,268425.0,266275.0,276075.0,53552
2013-10-18,249000.0,254000.0,248000.0,253000.0,254200.0,267875.0,265991.6666666667,275662.5,61170
2013-10-21,254500.0,255000.0,250000.0,252500.0,251900.0,267350.0,265750.0,275125.0,65530
2013-10-22,253000.0,258500.0,252500.0,257500.0,252800.0,266975.0,265658.3333333333,274587.5,73494
2013-10-23,259000.0,260000.0,255000.0,256000.0,254000.0,265925.0,265450.0,274095.8333333333,59950
2013-10-24,256500.0,259000.0,255000.0,259000.0,255600.0,264950.0,265175.0,273587.5,40089
2013-10-25,259500.0,260000.0,253500.0,257000.0,256400.0,263825.0,264875.0,273045.8333333333,50134
2013-10-28,257000.0,259000.0,252500.0,259000.0,257700.0,262875.0,264658.3333333333,272487.5,53997
2013-10-29,258000.0,258000.0,254000.0,255500.0,257300.0,261625.0,264425.0,271966.6666666667,59955
2013-10-30,255500.0,258000.0,254000.0,257500.0,257600.0,260675.0,264158.3333333333,271579.1666666667,40589
2013-10-31,257500.0,263000.0,257500.0,257500.0,257300.0,259750.0,263725.0,271145.8333333333,119543
2013-11-01,255000.0,258000.0,250500.0,258000.0,257500.0,259100.0,263275.0,270766.6666666667,102503
2013-11-04,255500.0,256500.0,252000.0,254000.0,256500.0,258275.0,262791.6666666667,270425.0,77077
2013-11-05,254000.0,254000.0,248000.0,250000.0,255400.0,257575.0,262400.0,270050.0,65233
2013-11-06,249000.0,251500.0,247000.0,249500.0,253800.0,256550.0,262033.33333333334,269720.8333333333,47824
2013-11-07,249000.0,252000.0,246500.0,250000.0,252300.0,255550.0,261725.0,269404.1666666667,42974
2013-11-08,248000.0,249000.0,244000.0,246000.0,249900.0,254500.0,261308.33333333334,268991.6666666667,67280
2013-11-11,244500.0,249000.0,242000.0,246500.0,248400.0,253625.0,261041.66666666666,268591.6666666667,58487
2013-11-12,246500.0,248000.0,244500.0,245000.0,247400.0,253225.0,260733.33333333334,268191.6666666667,32144
2013-11-13,244500.0,248000.0,243000.0,246500.0,246800.0,253050.0,260500.0,267791.6666666667,32589
2013-11-14,245500.0,252000.0,244000.0,249000.0,246600.0,252950.0,260233.33333333334,267462.5,58493
2013-11-15,248500.0,252500.0,248500.0,251000.0,247600.0,252850.0,260008.33333333334,267204.1666666667,25584
2013-11-18,252500.0,253500.0,250500.0,252500.0,248800.0,252850.0,259775.0,266958.3333333333,40144
2013-11-19,253500.0,256500.0,252500.0,256500.0,251100.0,252800.0,259733.33333333334,266670.8333333333,59223
2013-11-20,257000.0,259000.0,255000.0,258000.0,253400.0,252900.0,259775.0,266445.8333333333,45403
2013-11-21,259000.0,259000.0,251000.0,252500.0,254100.0,252575.0,259900.0,266133.3333333333,40683
2013-11-22,252500.0,255000.0,249500.0,253000.0,254500.0,252375.0,260008.33333333334,265804.1666666667,43052
2013-11-25,254500.0,257000.0,253500.0,254500.0,254900.0,252150.0,260150.0,265520.8333333333,20664
2013-11-26,253000.0,256000.0,251500.0,254500.0,254500.0,252100.0,260300.0,265175.0,36468
2013-11-27,253500.0,254500.0,251500.0,253000.0,253500.0,251875.0,260433.33333333334,264879.1666666667,29320
2013-11-28,254000.0,256000.0,252000.0,255000.0,254000.0,251750.0,260516.66666666666,264587.5,39705
2013-11-29,254500.0,260000.0,254500.0,258000.0,255000.0,251750.0,260575.0,264375.0,49654
2013-12-02,258500.0,260000.0,256500.0,259000.0,255900.0,252000.0,260625.0,264133.3333333333,26666
2013-12-03,259000.0,262500.0,256500.0,261500.0,257300.0,252575.0,260591.66666666666,263825.0,90739
2013-12-04,261000.0,263500.0,261000.0,262000.0,259100.0,253200.0,260541.66666666666,263533.3333333333,50635
2013-12-05,261500.0,262000.0,257000.0,258500.0,259800.0,253625.0,260333.33333333334,263258.3333333333,40756
2013-12-06,258500.0,261500.0,257000.0,258000.0,259800.0,254225.0,260166.66666666666,263004.1666666667,41652
2013-12-09,261000.0,263500.0,259000.0,262000.0,260400.0,255000.0,259991.66666666666,262745.8333333333,33331
2013-12-10,262500.0,263000.0,257000.0,261500.0,260400.0,255825.0,259791.66666666666,262529.1666666667,44301
2013-12-11,259500.0,263000.0,258000.0,260500.0,260100.0,256525.0,259608.33333333334,262291.6666666667,27514
2013-12-12,258500.0,260000.0,255000.0,257000.0,259800.0,256925.0,259433.33333333334,262066.66666666666,46557
2013-12-13,257500.0,259000.0,253000.0,257000.0,259600.0,257225.0,259316.66666666666,261941.66666666666,28483
2013-12-16,257000.0,257000.0,254000.0,257000.0,258600.0,257450.0,259216.66666666666,261916.66666666666,21367
2013-12-17,259500.0,259500.0,254000.0,255500.0,257400.0,257400.0,259058.33333333334,261904.16666666666,28098
2013-12-18,253500.0,256000.0,252000.0,252000.0,255700.0,257100.0,258641.66666666666,261945.83333333334,42840
2013-12-19,254000.0,256000.0,251500.0,254000.0,255100.0,257175.0,258233.33333333334,261945.83333333334,40433
2013-12-20,255000.0,260500.0,253000.0,260000.0,255700.0,257525.0,257908.33333333334,261962.5,42197
2013-12-23,260500.0,262500.0,259000.0,262000.0,256700.0,257900.0,257641.66666666666,261983.33333333334,45266
2013-12-24,262500.0,267000.0,262000.0,266500.0,258900.0,258500.0,257408.33333333334,262079.16666666666,66810
2013-12-26,267000.0,271000.0,266500.0,270000.0,262500.0,259350.0,257300.0,262079.16666666666,79481
2013-12-27,269500.0,272000.0,267000.0,268000.0,265300.0,260000.0,257166.66666666666,262120.83333333334,63217
2013-12-30,268000.0,277500.0,267000.0,277000.0,268700.0,260950.0,257266.66666666666,262212.5,126438
2014-01-02,277500.0,281000.0,276000.0,279500.0,272200.0,261975.0,257416.66666666666,262333.3333333333,101630
2014-01-03,278000.0,280000.0,274500.0,278500.0,274600.0,262825.0,257658.33333333334,262487.5,78910
2014-01-06,277000.0,278000.0,272500.0,277000.0,276000.0,263575.0,257775.0,262554.1666666667,42426
2014-01-07,274000.0,277000.0,273000.0,275500.0,277500.0,264425.0,257866.66666666666,262633.3333333333,49898
2014-01-08,274500.0,276500.0,272000.0,274500.0,277000.0,265250.0,257991.66666666666,262633.3333333333,42155
2014-01-09,275500.0,280000.0,272500.0,273000.0,275700.0,265800.0,258141.66666666666,262629.1666666667,75049
2014-01-10,273000.0,274500.0,268000.0,270000.0,274000.0,266225.0,258425.0,262641.6666666667,52240
2014-01-13,270500.0,271000.0,265000.0,267000.0,272000.0,266550.0,258708.33333333334,262662.5,70143
2014-01-14,266500.0,270000.0,266000.0,268000.0,270500.0,267100.0,258991.66666666666,262633.3333333333,43990
2014-01-15,268500.0,270000.0,263500.0,265500.0,268700.0,267525.0,259200.0,262595.8333333333,49881
2014-01-16,265500.0,271000.0,264500.0,267000.0,267500.0,268025.0,259441.66666666666,262595.8333333333,57204
2014-01-17,267000.0,269500.0,265000.0,266500.0,266800.0,268575.0,259591.66666666666,262625.0,55377
2014-01-20,266500.0,271000.0,264500.0,269000.0,267200.0,269425.0,259808.33333333334,262629.1666666667,53286
2014-01-21,269000.0,269500.0,265000.0,265500.0,266700.0,270000.0,259916.66666666666,262545.8333333333,48243
2014-01-22,265000.0,268000.0,261000.0,267000.0,267000.0,270350.0,260083.33333333334,262479.1666666667,50141
2014-01-23,267000.0,267000.0,261500.0,263500.0,266300.0,270425.0,260158.33333333334,262408.3333333333,36418
2014-01-24,263000.0,267000.0,262000.0,264500.0,265900.0,270325.0,260308.33333333334,262366.6666666667,26507
2014-01-27,260500.0,261000.0,254500.0,260000.0,264100.0,269825.0,260350.0,262254.1666666667,63705
2014-01-28,261500.0,261500.0,257000.0,260000.0,263000.0,269425.0,260391.66666666666,262058.33333333334,24908
2014-01-29,261500.0,265500.0,258000.0,265500.0,262700.0,268850.0,260516.66666666666,261895.83333333334,53579
2014-02-03,262000.0,264500.0,258000.0,263500.0,262700.0,268050.0,260675.0,261733.33333333334,39751
2014-02-04,259000.0,260000.0,254500.0,256500.0,261100.0,266950.0,260783.33333333334,261591.66666666666,76923
2014-02-05,258000.0,258000.0,252500.0,253500.0,259800.0,265775.0,260850.0,261441.66666666666,56879
2014-02-06,254000.0,255500.0,250000.0,255000.0,258800.0,264750.0,260933.33333333334,261329.16666666666,54321
2014-02-07,254000.0,268500.0,254000.0,266000.0,258900.0,264325.0,261266.66666666666,261287.5,98473
2014-02-10,267500.0,269500.0,263000.0,265000.0,259200.0,263925.0,261575.0,261308.33333333334,53379
2014-02-11,263500.0,274000.0,262500.0,273000.0,262500.0,264075.0,262041.66666666666,261387.5,84620
2014-02-12,273000.0,275500.0,270500.0,272500.0,266300.0,264350.0,262475.0,261487.5,47999
2014-02-13,273500.0,275000.0,269000.0,270000.0,269300.0,264450.0,262825.0,261529.16666666666,30765
2014-02-14,269500.0,273500.0,268000.0,268000.0,269700.0,264575.0,263108.3333333333,261558.33333333334,24255
2014-02-17,271000.0,271500.0,266500.0,269500.0,270600.0,264700.0,263391.6666666667,261583.33333333334,30605
2014-02-18,269500.0,271500.0,266000.0,271000.0,270200.0,264925.0,263633.3333333333,261683.33333333334,24272
2014-02-19,270000.0,271500.0,267000.0,269000.0,269500.0,264925.0,263816.6666666667,261795.83333333334,24010
2014-02-20,269000.0,269000.0,263000.0,266000.0,268700.0,264950.0,264041.6666666667,261970.83333333334,30412
2014-02-21,266000.0,270500.0,264500.0,268500.0,268800.0,265025.0,264300.0,262154.1666666667,41706
2014-02-24,267500.0,270000.0,266000.0,266500.0,268200.0,265175.0,264500.0,262325.0,22856
2014-02-25,267500.0,268500.0,265500.0,267000.0,267400.0,265300.0,264708.3333333333,262504.1666666667,26689
2014-02-26,266000.0,269500.0,266000.0,267000.0,267000.0,265650.0,264941.6666666667,262687.5,30924
2014-02-27,267500.0,275500.0,267000.0,275000.0,268800.0,266400.0,265275.0,262895.8333333333,97666
2014-02-28,275500.0,278500.0,272500.0,274500.0,270000.0,266850.0,265550.0,263062.5,56965
2014-03-03,274000.0,277500.0,271000.0,274000.0,271500.0,267375.0,265800.0,263212.5,48255
2014-03-04,272000.0,273000.0,267500.0,269500.0,272000.0,268025.0,265933.3333333333,263262.5,44828
2014-03-05,272000.0,273500.0,267500.0,270500.0,272700.0,268875.0,266075.0,263308.3333333333,54680
2014-03-06,270500.0,280500.0,269000.0,280500.0,273800.0,270150.0,266441.6666666667,263387.5,107623
2014-03-07,281000.0,283000.0,278000.0,280500.0,275000.0,270875.0,266816.6666666667,263491.6666666667,62692
2014-03-10,280000.0,280000.0,273000.0,274000.0,275000.0,271325.0,267016.6666666667,263504.1666666667,58950
2014-03-11,274000.0,281000.0,272000.0,280000.0,277100.0,271675.0,267325.0,263558.3333333333,62919
2014-03-12,279500.0,280500.0,270000.0,271500.0,277300.0,271625.0,267508.3333333333,263558.3333333333,81013
2014-03-13,271500.0,276500.0,271500.0,276000.0,276400.0,271925.0,267825.0,263629.1666666667,50398
2014-03-14,273000.0,276500.0,271500.0,274000.0,275100.0,272225.0,268108.3333333333,263712.5,43387
2014-03-17,274000.0,275000.0,268500.0,270000.0,274300.0,272250.0,268325.0,263770.8333333333,49362
2014-03-18,272000.0,274000.0,270000.0,273000.0,272900.0,272350.0,268616.6666666667,263837.5,37811
2014-03-19,274000.0,274000.0,267500.0,268500.0,272300.0,272325.0,268891.6666666667,263766.6666666667,57065
2014-03-20,268500.0,268500.0,261000.0,261500.0,269400.0,272100.0,269016.6666666667,263625.0,71196
2014-03-21,262000.0,265000.0,259000.0,265000.0,267600.0,271925.0,269100.0,263504.1666666667,64695
2014-03-24,265000.0,266000.0,263500.0,264500.0,266500.0,271825.0,269141.6666666667,263391.6666666667,23561
2014-03-25,263500.0,268000.0,262000.0,267500.0,265400.0,271850.0,269158.3333333333,263283.3333333333,63001
2014-03-26,268000.0,268000.0,262500.0,265000.0,264700.0,271750.0,269075.0,263187.5,53427
2014-03-27,264000.0,268500.0,262000.0,267500.0,265900.0,271375.0,269066.6666666667,263116.6666666667,41322
2014-03-28,271000.0,286000.0,269000.0,285000.0,269900.0,271900.0,269200.0,263233.3333333333,354306
2014-03-31,286500.0,289500.0,284500.0,287000.0,274400.0,272550.0,269325.0,263370.8333333333,196976
2014-04-01,296500.0,301000.0,292500.0,296000.0,280100.0,273875.0,269616.6666666667,263637.5,227884
2014-04-02,292000.0,299000.0,291500.0,294500.0,286000.0,275075.0,269908.3333333333,263841.6666666667,84226
2014-04-03,295000.0,296500.0,287000.0,287500.0,290000.0,275425.0,270108.3333333333,263987.5,101529
2014-04-04,289000.0,291500.0,285000.0,290000.0,291000.0,275900.0,270366.6666666667,264179.1666666667,72702
2014-04-07,290000.0,291000.0,286000.0,289500.0,291500.0,276675.0,270641.6666666667,264391.6666666667,29008
2014-04-08,287000.0,287500.0,279000.0,281500.0,288600.0,276750.0,270833.3333333333,264629.1666666667,96916
2014-04-09,283500.0,292000.0,282500.0,290500.0,287800.0,277700.0,271225.0,264966.6666666667,93962
2014-04-10,294500.0,306000.0,294000.0,297000.0,289700.0,278750.0,271708.3333333333,265350.0,212938
2014-04-11,297000.0,301500.0,292000.0,297500.0,291200.0,279925.0,272241.6666666667,265720.8333333333,72040
2014-04-14,296500.0,302000.0,296500.0,298000.0,292900.0,281325.0,272758.3333333333,266100.0,56570
2014-04-15,296500.0,301000.0,295500.0,299500.0,296500.0,282650.0,273308.3333333333,266450.0,69034
2014-04-16,299500.0,299500.0,294000.0,296500.0,297700.0,284050.0,273766.6666666667,266787.5,53352
2014-04-17,296500.0,299500.0,294000.0,298000.0,297900.0,285875.0,274308.3333333333,267112.5,55068
2014-04-18,299000.0,299000.0,292000.0,293500.0,297100.0,287300.0,274750.0,267416.6666666667,49151
2014-04-21,292500.0,295500.0,289500.0,292500.0,296000.0,288700.0,275233.3333333333,267695.8333333333,35715
2014-04-22,292000.0,295000.0,290000.0,293000.0,294700.0,289975.0,275708.3333333333,268008.3333333333,39134
2014-04-23,292000.0,300000.0,292000.0,297000.0,294800.0,291575.0,276325.0,268337.5,56687
2014-04-24,297000.0,304500.0,296500.0,301000.0,295400.0,293250.0,277008.3333333333,268700.0,103960
2014-04-25,300000.0,303000.0,297000.0,297500.0,296200.0,293875.0,277541.6666666667,269029.1666666667,60689
2014-04-28,295500.0,297500.0,290500.0,293500.0,296400.0,294200.0,278041.6666666667,269358.3333333333,74782
2014-04-29,293500.0,300500.0,292500.0,298500.0,297500.0,294325.0,278741.6666666667,269762.5,48572
2014-04-30,299000.0,310000.0,297000.0,310000.0,300100.0,295100.0,279683.3333333333,270266.6666666667,168810
2014-05-02,310000.0,313000.0,305500.0,311500.0,302200.0,296300.0,280625.0,270779.1666666667,69499
2014-05-07,310000.0,312000.0,304000.0,308500.0,304400.0,297225.0,281333.3333333333,271300.0,81252
2014-05-08,309000.0,320000.0,303500.0,319000.0,309500.0,298700.0,282233.3333333333,271904.1666666667,152385
2014-05-09,319500.0,325500.0,317500.0,321000.0,314000.0,300675.0,283033.3333333333,272537.5,104903
2014-05-12,322000.0,329000.0,319500.0,324000.0,316800.0,302350.0,283891.6666666667,273183.3333333333,121364
2014-05-13,324500.0,327500.0,317500.0,321500.0,318800.0,303575.0,284750.0,273787.5,58847
2014-05-14,325000.0,330000.0,322000.0,327000.0,322500.0,305050.0,285733.3333333333,274420.8333333333,75421
2014-05-15,328000.0,329000.0,323500.0,327000.0,324100.0,306500.0,286691.6666666667,275041.6666666667,46318
2014-05-16,325500.0,327500.0,317500.0,325000.0,324900.0,307775.0,287591.6666666667,275612.5,65162
2014-05-19,325000.0,326500.0,322000.0,322500.0,324600.0,309075.0,288483.3333333333,276150.0,35187
2014-05-20,323000.0,324500.0,317000.0,324500.0,325200.0,310400.0,289458.3333333333,276750.0,44918
2014-05-21,325000.0,326000.0,321500.0,326000.0,325000.0,312025.0,290416.6666666667,277358.3333333333,37951
2014-05-22,327500.0,328500.0,323000.0,324500.0,324500.0,313625.0,291383.3333333333,277941.6666666667,43837
2014-05-23,325000.0,327500.0,322500.0,326000.0,324700.0,315275.0,292366.6666666667,278537.5,39485
2014-05-26,326000.0,332500.0,325000.0,329500.0,326100.0,316900.0,293408.3333333333,279175.0,60482
2014-05-27,331500.0,335000.0,326000.0,334000.0,328000.0,318550.0,294391.6666666667,279833.3333333333,67372
2014-05-28,333000.0,337500.0,332500.0,337500.0,330300.0,320550.0,295441.6666666667,280495.8333333333,51809
2014-05-29,337000.0,338500.0,333000.0,335000.0,332400.0,322625.0,296458.3333333333,281129.1666666667,28834
2014-05-30,334000.0,335500.0,329000.0,330000.0,333200.0,324200.0,297466.6666666667,281700.0,61217
2014-06-02,331500.0,334000.0,326500.0,332500.0,333800.0,325325.0,298500.0,282287.5,40894
2014-06-03,330500.0,344500.0,329500.0,344000.0,335800.0,326950.0,299558.3333333333,283000.0,87434
2014-06-05,340500.0,352000.0,340000.0,346500.0,337600.0,328850.0,300658.3333333333,283737.5,60184
2014-06-09,345000.0,348000.0,339500.0,342500.0,339100.0,330025.0,301800.0,284408.3333333333,45149
2014-06-10,341500.0,347500.0,337000.0,342000.0,341500.0,331075.0,302833.3333333333,285079.1666666667,47497
2014-06-11,340000.0,346500.0,337500.0,341000.0,343200.0,331925.0,303991.6666666667,285750.0,56202
2014-06-12,341000.0,342000.0,336500.0,342000.0,342800.0,332950.0,305091.6666666667,286458.3333333333,41595
2014-06-13,340000.0,347000.0,337000.0,346500.0,342800.0,333925.0,306300.0,287204.1666666667,63103
2014-06-16,344000.0,349500.0,343500.0,346000.0,343500.0,334875.0,307566.6666666667,287945.8333333333,45644
2014-06-17,348500.0,348500.0,336500.0,338500.0,342800.0,335550.0,308658.3333333333,288637.5,63488
2014-06-18,336500.0,338000.0,324000.0,329000.0,340400.0,335875.0,309666.6666666667,289279.1666666667,133558
2014-06-19,329000.0,340500.0,329000.0,339500.0,339900.0,336625.0,310966.6666666667,289991.6666666667,66884
2014-06-20,340000.0,343000.0,336000.0,337500.0,338100.0,337200.0,312175.0,290637.5,43417
2014-06-23,334500.0,339000.0,334500.0,338000.0,336500.0,337875.0,313400.0,291270.8333333333,25924
2014-06-24,338000.0,344500.0,334000.0,343000.0,337400.0,338725.0,314658.3333333333,291908.3333333333,36628
2014-06-25,345000.0,345000.0,340500.0,343000.0,340200.0,339400.0,315958.3333333333,292516.6666666667,29617
2014-06-26,347000.0,349000.0,341000.0,344500.0,341200.0,339925.0,317241.6666666667,293154.1666666667,35660
2014-06-27,346500.0,346500.0,338500.0,344500.0,342600.0,340275.0,318233.3333333333,293716.6666666667,30390
2014-06-30,346500.0,346500.0,339500.0,344500.0,343900.0,340750.0,319191.6666666667,294258.3333333333,29276
2014-07-01,344000.0,352000.0,342000.0,350000.0,345300.0,341750.0,320091.6666666667,294854.1666666667,53577
2014-07-02,350000.0,355000.0,348500.0,353500.0,347400.0,342800.0,321075.0,295491.6666666667,47780
2014-07-03,353500.0,356000.0,348500.0,351500.0,348800.0,343175.0,322141.6666666667,296125.0,39662
2014-07-04,352000.0,357500.0,349500.0,357500.0,351400.0,343725.0,323266.6666666667,296816.6666666667,43242
2014-07-07,358000.0,358000.0,349000.0,351000.0,352700.0,344150.0,324291.6666666667,297466.6666666667,44209
2014-07-08,352000.0,355000.0,346000.0,354000.0,353500.0,344750.0,325500.0,298166.6666666667,39455
2014-07-09,354000.0,357000.0,351000.0,353500.0,353500.0,345375.0,326550.0,298887.5,38557
2014-07-10,352500.0,356000.0,348000.0,350500.0,353300.0,345800.0,327441.6666666667,299575.0,32171
2014-07-11,348000.0,353500.0,345000.0,347000.0,351200.0,345825.0,328266.6666666667,300254.1666666667,40353
2014-07-14,349500.0,364000.0,349500.0,358000.0,352600.0,346425.0,329266.6666666667,301012.5,83386
2014-07-15,360000.0,360500.0,347500.0,348500.0,351500.0,346925.0,330083.3333333333,301695.8333333333,77759
2014-07-16,349000.0,349500.0,339500.0,344000.0,349600.0,347675.0,330875.0,302320.8333333333,59936
2014-07-17,342000.0,343500.0,337500.0,340000.0,347500.0,347700.0,331575.0,302941.6666666667,78853
2014-07-18,339500.0,344500.0,337500.0,342500.0,346600.0,347950.0,332391.6666666667,303570.8333333333,38650
2014-07-21,341000.0,341000.0,330000.0,332500.0,341500.0,347675.0,333058.3333333333,304145.8333333333,114022
2014-07-22,333000.0,334000.0,325000.0,330000.0,337800.0,347025.0,333675.0,304691.6666666667,97003
2014-07-23,331000.0,334500.0,330000.0,334000.0,335800.0,346575.0,334291.6666666667,305308.3333333333,50261
2014-07-24,334000.0,336000.0,325500.0,328500.0,333500.0,345775.0,334750.0,305879.1666666667,63736
2014-07-25,328500.0,345500.0,327500.0,343500.0,333700.0,345725.0,335516.6666666667,306529.1666666667,119717
2014-07-28,345000.0,345500.0,336000.0,341000.0,335400.0,345550.0,336308.3333333333,307175.0,47196
2014-07-29,341500.0,341500.0,328500.0,330000.0,335400.0,344550.0,336833.3333333333,307787.5,73742
2014-07-30,329500.0,335000.0,329500.0,331500.0,334900.0,343450.0,337191.6666666667,308437.5,54678
2014-07-31,332500.0,334500.0,323500.0,333000.0,335800.0,342525.0,337550.0,309087.5,62679
2014-08-01,333000.0,347000.0,329500.0,339500.0,335000.0,341625.0,338066.6666666667,309700.0,92667
2014-08-04,342000.0,344000.0,332500.0,338000.0,334400.0,340975.0,338383.3333333333,310308.3333333333,52972
2014-08-05,337000.0,343000.0,336000.0,341500.0,336700.0,340350.0,338725.0,310879.1666666667,44082
2014-08-06,343000.0,352000.0,342500.0,347500.0,339900.0,340050.0,339116.6666666667,311504.1666666667,82857
2014-08-07,349000.0,350500.0,345000.0,345500.0,342400.0,339800.0,339516.6666666667,312133.3333333333,40322
2014-08-08,348500.0,353500.0,345500.0,346000.0,343700.0,339750.0,339833.3333333333,312783.3333333333,53918
2014-08-11,348500.0,350000.0,342500.0,345000.0,345100.0,339100.0,340133.3333333333,313412.5,29083
2014-08-12,344500.0,349000.0,344000.0,345500.0,345900.0,338950.0,340475.0,314033.3333333333,22472
2014-08-13,348500.0,364000.0,346000.0,364000.0,349200.0,339950.0,341166.6666666667,314825.0,123124
2014-08-14,363500.0,368500.0,358000.0,364500.0,353000.0,341175.0,341833.3333333333,315645.8333333333,47943
2014-08-18,368000.0,370000.0,358500.0,360500.0,355900.0,342075.0,342408.3333333333,316412.5,36160
2014-08-19,367500.0,367500.0,360500.0,365000.0,359900.0,343700.0,343083.3333333333,317233.3333333333,40506
2014-08-20,365000.0,376000.0,364500.0,371500.0,365100.0,345775.0,343841.6666666667,318104.1666666667,51033
2014-08-21,372500.0,378000.0,368500.0,373000.0,366900.0,347725.0,344566.6666666667,318987.5,44385
2014-08-22,370500.0,378500.0,366500.0,372000.0,368400.0,349900.0,345200.0,319795.8333333333,36287
2014-08-25,374500.0,376000.0,369000.0,373500.0,371000.0,351400.0,345800.0,320620.8333333333,21074
2014-08-26,374000.0,388000.0,370500.0,383500.0,374700.0,353525.0,346608.3333333333,321533.3333333333,71078
2014-08-27,383500.0,390000.0,376500.0,384000.0,377200.0,356225.0,347508.3333333333,322487.5,57037
2014-08-28,386000.0,396000.0,377500.0,381000.0,378800.0,358700.0,348316.6666666667,323408.3333333333,55103
2014-08-29,380000.0,381000.0,370000.0,378000.0,380000.0,360950.0,348883.3333333333,324220.8333333333,45460
2014-09-01,374500.0,379000.0,370500.0,375000.0,380300.0,362725.0,349358.3333333333,325008.3333333333,36004
2014-09-02,373000.0,378500.0,370000.0,375500.0,378700.0,364600.0,349908.3333333333,325854.1666666667,22437
2014-09-03,374000.0,388000.0,374000.0,384500.0,378800.0,366750.0,350616.6666666667,326725.0,46591
2014-09-04,388500.0,399500.0,388000.0,398500.0,382300.0,369300.0,351575.0,327783.3333333333,75612
2014-09-05,396500.0,400000.0,394000.0,394500.0,385600.0,371750.0,352450.0,328770.8333333333,45640
2014-09-11,394500.0,399500.0,391000.0,392000.0,389000.0,374050.0,353208.3333333333,329754.1666666667,34714
2014-09-12,394000.0,398000.0,382000.0,384500.0,390800.0,376025.0,353850.0,330708.3333333333,33358
2014-09-15,380000.0,390000.0,375500.0,387500.0,391400.0,378125.0,354666.6666666667,331662.5,33683
2014-09-16,387500.0,393000.0,381000.0,386000.0,388900.0,379225.0,355616.6666666667,332641.6666666667,34567
2014-09-17,386000.0,398000.0,384000.0,398000.0,389600.0,380900.0,356591.6666666667,333779.1666666667,39514
2014-09-18,394000.0,399000.0,387500.0,398000.0,390800.0,382775.0,357600.0,334887.5,31786
2014-09-19,399000.0,402000.0,389000.0,390000.0,391900.0,384025.0,358466.6666666667,335933.3333333333,40793
2014-09-22,394000.0,395500.0,388000.0,395500.0,393500.0,385225.0,359341.6666666667,337000.0,27254
2014-09-23,395500.0,404500.0,393000.0,396500.0,395600.0,386400.0,360233.3333333333,338095.8333333333,63343
2014-09-24,399000.0,404500.0,396500.0,398500.0,395700.0,387725.0,361133.3333333333,339187.5,42992
2014-09-25,402000.0,402500.0,397500.0,399500.0,396000.0,389025.0,362050.0,340141.6666666667,33795
2014-09-26,399500.0,400500.0,390500.0,394500.0,396900.0,389575.0,362883.3333333333,341037.5,19865
2014-09-29,391000.0,394000.0,384000.0,389000.0,395600.0,389825.0,363533.3333333333,341812.5,46699
2014-09-30,391500.0,395000.0,380500.0,387500.0,393800.0,390150.0,364100.0,342587.5,42518
2014-10-01,385500.0,387500.0,375000.0,378000.0,389700.0,390150.0,364541.6666666667,343341.6666666667,60800
2014-10-02,378000.0,386500.0,367500.0,384500.0,386700.0,390625.0,364991.6666666667,344129.1666666667,68597
2014-10-06,388500.0,390500.0,377000.0,381000.0,384000.0,390900.0,365491.6666666667,344891.6666666667,46336
2014-10-07,381000.0,383000.0,369000.0,380500.0,382300.0,390700.0,365933.3333333333,345716.6666666667,44576
2014-10-08,381000.0,391000.0,379500.0,383000.0,381400.0,389925.0,366425.0,346487.5,68627
2014-10-10,390000.0,392500.0,379000.0,385500.0,382900.0,389475.0,367008.3333333333,347225.0,51065
2014-10-13,380000.0,388000.0,370000.0,375500.0,381100.0,388650.0,367483.3333333333,347875.0,48005
2014-10-14,378500.0,378500.0,371000.0,373000.0,379500.0,388075.0,367733.3333333333,348500.0,33852
2014-10-15,378000.0,389500.0,376000.0,384000.0,380200.0,387900.0,368325.0,349204.1666666667,68724
2014-10-16,383000.0,407500.0,381500.0,394500.0,382500.0,388325.0,369166.6666666667,350020.8333333333,83085
2014-10-17,399000.0,401000.0,392000.0,394000.0,384200.0,388125.0,370066.6666666667,350820.8333333333,43008
2014-10-20,391000.0,399500.0,391000.0,398500.0,388800.0,388150.0,371000.0,351695.8333333333,23361
2014-10-21,400000.0,407000.0,391500.0,406500.0,395500.0,388975.0,372233.3333333333,352645.8333333333,50151
2014-10-22,410000.0,419000.0,408000.0,416500.0,402000.0,390025.0,373675.0,353675.0,64373
2014-10-23,413500.0,418500.0,412500.0,413500.0,405800.0,390875.0,375000.0,354645.8333333333,20187
2014-10-24,413000.0,415500.0,400500.0,407500.0,408500.0,391325.0,376316.6666666667,355533.3333333333,27630
2014-10-27,409000.0,414000.0,396500.0,399000.0,408600.0,391300.0,377241.6666666667,356379.1666666667,31040
2014-10-28,397000.0,406000.0,396500.0,402500.0,407800.0,391700.0,378266.6666666667,357287.5,32579
2014-10-29,404000.0,409000.0,400000.0,402000.0,404900.0,392350.0,379466.6666666667,358150.0,24629
2014-10-30,400500.0,404000.0,388500.0,403500.0,402900.0,393150.0,380666.6666666667,358929.1666666667,45876
2014-10-31,398000.0,400000.0,380500.0,391000.0,399600.0,393800.0,381633.3333333333,359591.6666666667,74531
2014-11-03,387000.0,396500.0,381000.0,382500.0,396300.0,393700.0,382350.0,360208.3333333333,66357
2014-11-04,385000.0,388500.0,375000.0,376000.0,391000.0,393450.0,382983.3333333333,360683.3333333333,76368
2014-11-05,376500.0,392500.0,376000.0,388500.0,388300.0,393850.0,383766.6666666667,361245.8333333333,47288
2014-11-06,387000.0,388500.0,359000.0,373500.0,382300.0,393375.0,384200.0,361658.3333333333,138085
2014-11-07,368000.0,370500.0,345500.0,353000.0,374700.0,391750.0,384325.0,361920.8333333333,197692
2014-11-10,353000.0,357000.0,341000.0,346500.0,367500.0,390300.0,384333.3333333333,362083.3333333333,95680
2014-11-11,347500.0,356000.0,344000.0,346500.0,361600.0,388975.0,384358.3333333333,362245.8333333333,78258
2014-11-12,349500.0,355000.0,343500.0,348000.0,353500.0,387175.0,384400.0,362437.5,88627
2014-11-13,348500.0,361500.0,348000.0,360500.0,350900.0,385475.0,384341.6666666667,362754.1666666667,73875
2014-11-14,360500.0,360500.0,341000.0,345000.0,349300.0,383025.0,384016.6666666667,362925.0,71788
2014-11-17,341000.0,344500.0,331500.0,341500.0,348300.0,380175.0,383700.0,363054.1666666667,58661
2014-11-18,341500.0,354000.0,341000.0,348000.0,348600.0,377250.0,383416.6666666667,363250.0,72732
2014-11-19,352500.0,355500.0,344000.0,347000.0,348400.0,373775.0,383008.3333333333,363425.0,46780
2014-11-20,348000.0,349500.0,335000.0,339000.0,344100.0,370050.0,382441.6666666667,363504.1666666667,48606
2014-11-21,343000.0,346000.0,339000.0,346000.0,344300.0,366975.0,382008.3333333333,363604.1666666667,40795
2014-11-24,347000.0,350000.0,335500.0,339500.0,343900.0,364000.0,381441.6666666667,363620.8333333333,53009
2014-11-25,339000.0,344000.0,334500.0,343000.0,342900.0,361025.0,380766.6666666667,363687.5,34742
2014-11-26,340500.0,351000.0,340500.0,346500.0,342800.0,358250.0,380141.6666666667,363825.0,31277
2014-11-27,346000.0,348500.0,342500.0,347000.0,344400.0,355425.0,379575.0,363945.8333333333,22735
2014-11-28,344500.0,353500.0,344500.0,353000.0,345800.0,353525.0,379158.3333333333,364020.8333333333,44132
2014-12-01,351000.0,355000.0,338000.0,343000.0,346500.0,351550.0,378625.0,363991.6666666667,42005
2014-12-02,340000.0,344500.0,338500.0,344000.0,346700.0,349950.0,378100.0,364004.1666666667,34288
2014-12-03,340000.0,345000.0,335500.0,344000.0,346200.0,347725.0,377425.0,364020.8333333333,51603
2014-12-04,341500.0,344000.0,337000.0,339500.0,344700.0,346025.0,376441.6666666667,364008.3333333333,59485
2014-12-05,339500.0,341000.0,336500.0,339000.0,341900.0,345325.0,375516.6666666667,363983.3333333333,36221
2014-12-08,337000.0,339000.0,318500.0,322000.0,337700.0,344100.0,374350.0,363779.1666666667,142527
2014-12-09,322000.0,333000.0,319500.0,325000.0,333900.0,343025.0,373358.3333333333,363604.1666666667,69360
2014-12-10,327500.0,330000.0,319500.0,325500.0,330200.0,341900.0,372325.0,363495.8333333333,40644
2014-12-11,322000.0,327000.0,320000.0,320500.0,326400.0,339900.0,371233.3333333333,363425.0,41915
2014-12-12,322500.0,324000.0,306500.0,313000.0,321200.0,338300.0,369816.6666666667,363204.1666666667,76719
2014-12-15,310000.0,324000.0,307000.0,322000.0,321200.0,337325.0,368550.0,363075.0,39955
2014-12-16,322000.0,322500.0,314500.0,320500.0,320300.0,335950.0,367391.6666666667,362929.1666666667,40107
2014-12-17,320500.0,327000.0,317500.0,321000.0,319400.0,334650.0,366150.0,362745.8333333333,44412
2014-12-18,322500.0,327500.0,319000.0,324500.0,320200.0,333925.0,364950.0,362591.6666666667,33226
2014-12-19,327000.0,329500.0,319000.0,321000.0,321800.0,332675.0,363658.3333333333,362395.8333333333,37977
2014-12-22,320000.0,321000.0,312000.0,315000.0,320400.0,331450.0,362250.0,362150.0,40202
2014-12-23,316000.0,316000.0,313000.0,314500.0,319200.0,330025.0,360916.6666666667,361900.0,21353
2014-12-24,314000.0,316000.0,310000.0,312500.0,317500.0,328325.0,359641.6666666667,361587.5,31252
2014-12-26,310500.0,319500.0,310500.0,317000.0,316000.0,326825.0,358466.6666666667,361283.3333333333,37327
2014-12-29,315500.0,315500.0,312000.0,313000.0,314400.0,324825.0,357383.3333333333,360962.5,22228
2014-12-30,312000.0,314000.0,302000.0,306500.0,312700.0,323000.0,356083.3333333333,360537.5,45650
2015-01-02,305000.0,309000.0,300500.0,303000.0,310400.0,320950.0,354783.3333333333,360137.5,38894
2015-01-05,302500.0,318500.0,301000.0,315500.0,311000.0,319525.0,353700.0,359816.6666666667,59258
2015-01-06,313500.0,327000.0,311000.0,321000.0,311800.0,318600.0,352666.6666666667,359545.8333333333,75625
2015-01-07,322500.0,323000.0,312500.0,320000.0,313200.0,317650.0,351575.0,359291.6666666667,44558
2015-01-08,316000.0,325500.0,314000.0,323000.0,316500.0,317700.0,350700.0,359091.6666666667,57174
2015-01-09,324000.0,337500.0,320500.0,331500.0,322200.0,318025.0,350008.3333333333,358870.8333333333,77422
2015-01-12,332000.0,343500.0,331500.0,335500.0,326200.0,318525.0,349200.0,358762.5,64694
2015-01-13,335000.0,342000.0,333000.0,336000.0,329200.0,319300.0,348225.0,358695.8333333333,40966
2015-01-14,337000.0,343500.0,332500.0,336500.0,332500.0,320475.0,347266.6666666667,358666.6666666667,62417
2015-01-15,335000.0,351500.0,335000.0,347000.0,337300.0,321725.0,346408.3333333333,358704.1666666667,83215
2015-01-16,343500.0,351000.0,341000.0,343000.0,339600.0,322850.0,345350.0,358791.6666666667,41227
2015-01-19,346500.0,346500.0,339000.0,342000.0,340900.0,323900.0,344108.3333333333,358891.6666666667,27004
2015-01-20,342500.0,358000.0,340500.0,351000.0,343900.0,325225.0,343066.6666666667,359033.3333333333,60063
2015-01-21,357500.0,359500.0,351500.0,354000.0,347400.0,326875.0,342175.0,359245.8333333333,53737
2015-01-22,356000.0,357500.0,350000.0,357500.0,349500.0,329000.0,341483.3333333333,359362.5,43968
2015-01-23,354000.0,360000.0,350000.0,358000.0,352500.0,331175.0,340741.6666666667,359504.1666666667,45443
2015-01-26,354500.0,363000.0,351000.0,357000.0,355500.0,333400.0,339991.6666666667,359729.1666666667,30618
2015-01-27,362000.0,363000.0,353000.0,363000.0,357900.0,335700.0,339316.6666666667,359991.6666666667,40541
2015-01-28,360500.0,363000.0,355000.0,357000.0,358500.0,337900.0,338750.0,360191.6666666667,46869
2015-01-29,356000.0,361000.0,351000.0,353500.0,357700.0,340250.0,338266.6666666667,360308.3333333333,41938
2015-01-30,351500.0,357500.0,346500.0,352000.0,356500.0,342700.0,337866.6666666667,360425.0,53598
2015-02-02,349000.0,354500.0,349000.0,354000.0,355900.0,344625.0,337291.6666666667,360529.1666666667,26605
2015-02-03,351500.0,363000.0,351500.0,359500.0,355200.0,346550.0,337058.3333333333,360629.1666666667,57600
2015-02-04,359500.0,375500.0,354500.0,369500.0,357700.0,349025.0,337333.3333333333,360829.1666666667,113343
2015-02-05,367000.0,374000.0,361000.0,371500.0,361300.0,351450.0,337750.0,361041.6666666667,59096
2015-02-06,371500.0,386000.0,370500.0,373500.0,365600.0,353550.0,338200.0,361279.1666666667,68443
2015-02-09,376000.0,385000.0,373000.0,381000.0,371000.0,355825.0,338750.0,361575.0,70598
2015-02-10,384500.0,384500.0,370500.0,375000.0,374100.0,357775.0,338991.6666666667,361666.6666666667,48805
2015-02-11,378000.0,383500.0,370500.0,372500.0,374700.0,359575.0,339450.0,361733.3333333333,36216
2015-02-12,369500.0,374000.0,363000.0,364000.0,373200.0,360425.0,339825.0,361762.5,36052
2015-02-13,365000.0,369000.0,362500.0,367000.0,371900.0,361625.0,340141.6666666667,361779.1666666667,32891
2015-02-16,364000.0,366500.0,355000.0,357500.0,367200.0,362400.0,340316.6666666667,361662.5,47188
2015-02-17,359000.0,365500.0,358000.0,360000.0,364200.0,362850.0,340666.6666666667,361554.1666666667,25664
2015-02-23,357500.0,363500.0,355000.0,358000.0,361300.0,363050.0,340866.6666666667,361437.5,30425
2015-02-24,354500.0,357000.0,353000.0,355000.0,359500.0,362925.0,341125.0,361283.3333333333,34969
2015-02-25,357000.0,368500.0,356500.0,363000.0,358700.0,363175.0,341458.3333333333,361112.5,32602
2015-02-26,360500.0,362500.0,347000.0,349500.0,357100.0,362800.0,341508.3333333333,360825.0,62116
2015-02-27,350000.0,358500.0,348000.0,357500.0,356600.0,362525.0,341683.3333333333,360629.1666666667,40602
2015-03-02,357500.0,358500.0,351000.0,351000.0,355200.0,362225.0,341650.0,360404.1666666667,36135
2015-03-03,350000.0,351000.0,345000.0,348000.0,353800.0,361950.0,341733.3333333333,360179.1666666667,36842
2015-03-04,351500.0,352000.0,347000.0,349500.0,351100.0,361825.0,341825.0,359962.5,37820
2015-03-05,347500.0,348500.0,340500.0,346500.0,350500.0,361450.0,341866.6666666667,359645.8333333333,82067
2015-03-06,347000.0,351000.0,343500.0,345000.0,348000.0,360725.0,341958.3333333333,359200.0,28299
2015-03-09,342000.0,346500.0,335500.0,339500.0,345700.0,359225.0,341966.6666666667,358741.6666666667,41213
2015-03-10,341500.0,343000.0,333000.0,334000.0,342900.0,357350.0,342166.6666666667,358258.3333333333,43250
2015-03-11,330500.0,333000.0,321500.0,321500.0,337300.0,354750.0,342108.3333333333,357733.3333333333,71600
2015-03-12,324000.0,337000.0,321500.0,331000.0,334200.0,352250.0,342200.0,357262.5,66971
2015-03-13,335500.0,338500.0,331500.0,332500.0,331700.0,350125.0,342400.0,356816.6666666667,25130
2015-03-16,328000.0,348000.0,328000.0,343500.0,332500.0,348675.0,342908.3333333333,356362.5,68873
2015-03-17,346500.0,347000.0,339000.0,345000.0,334700.0,347725.0,343291.6666666667,355920.8333333333,45928
2015-03-18,346500.0,362500.0,342500.0,358500.0,342100.0,347300.0,343925.0,355658.3333333333,100562
2015-03-19,364000.0,370000.0,360500.0,369000.0,349700.0,347875.0,344725.0,355437.5,61805
2015-03-20,364000.0,373000.0,362500.0,366500.0,356500.0,348200.0,345425.0,355187.5,44057
2015-03-23,365500.0,367000.0,356000.0,360500.0,359900.0,348325.0,346083.3333333333,354870.8333333333,30575
2015-03-24,358000.0,378000.0,357500.0,372500.0,365400.0,349200.0,347041.6666666667,354645.8333333333,59049
2015-03-25,376000.0,393000.0,373500.0,389000.0,371500.0,350500.0,348283.3333333333,354600.0,89813
2015-03-26,388500.0,392000.0,373500.0,389500.0,375600.0,352500.0,349566.6666666667,354604.1666666667,81301
2015-03-27,389500.0,390500.0,382500.0,385000.0,379300.0,353875.0,350700.0,354583.3333333333,29780
2015-03-30,383000.0,392000.0,383000.0,386500.0,384500.0,355650.0,351925.0,354654.1666666667,29631
2015-03-31,386500.0,389500.0,375000.0,378000.0,385600.0,357150.0,353116.6666666667,354600.0,54663
2015-04-01,375500.0,383500.0,372000.0,372000.0,382200.0,358275.0,354266.6666666667,354525.0,42223
2015-04-02,373500.0,388500.0,373500.0,387000.0,381700.0,360300.0,355458.3333333333,354579.1666666667,56599
2015-04-03,390000.0,398000.0,388000.0,391000.0,382900.0,362600.0,356625.0,354645.8333333333,31151
2015-04-06,395000.0,399000.0,390500.0,391500.0,383900.0,365200.0,357816.6666666667,354695.8333333333,27418
2015-04-07,391500.0,395000.0,389500.0,394500.0,387200.0,368225.0,359008.3333333333,354854.1666666667,27672
2015-04-08,390000.0,393000.0,382000.0,388500.0,390500.0,371575.0,359958.3333333333,354983.3333333333,40681
2015-04-09,385500.0,391000.0,383000.0,383500.0,389800.0,374200.0,360758.3333333333,354979.1666666667,21527
2015-04-10,384000.0,392500.0,383500.0,392500.0,390100.0,377200.0,361700.0,354962.5,35379
2015-04-13,392000.0,393000.0,381500.0,383000.0,388400.0,379175.0,362475.0,354870.8333333333,49765
2015-04-14,383000.0,387000.0,379500.0,384000.0,386300.0,381125.0,363091.6666666667,354750.0,41566
2015-04-15,384500.0,407500.0,384000.0,396500.0,387900.0,383025.0,363983.3333333333,354666.6666666667,119227
2015-04-16,401000.0,415500.0,398500.0,402000.0,391600.0,384675.0,364983.3333333333,354545.8333333333,75015
2015-04-17,403000.0,420000.0,402000.0,408500.0,394800.0,386775.0,365941.6666666667,354504.1666666667,72621
2015-04-20,407500.0,423000.0,405000.0,414500.0,401100.0,389475.0,366950.0,354562.5,86393
2015-04-21,413000.0,418500.0,412000.0,416500.0,407600.0,391675.0,367933.3333333333,354708.3333333333,40706
2015-04-22,413000.0,414500.0,403500.0,410000.0,410300.0,392725.0,368800.0,354770.8333333333,58364
2015-04-23,406500.0,420000.0,400500.0,419500.0,413800.0,394225.0,369841.6666666667,354916.6666666667,51885
2015-04-24,417000.0,430000.0,401000.0,407000.0,413500.0,395325.0,370575.0,354945.8333333333,61989
2015-04-27,411500.0,416000.0,407500.0,415000.0,413600.0,396750.0,371541.6666666667,355145.8333333333,35900
2015-04-28,416000.0,418000.0,408000.0,409000.0,412100.0,398300.0,372466.6666666667,355366.6666666667,26485
2015-04-29,412500.0,415000.0,403000.0,408500.0,411800.0,400125.0,373408.3333333333,355637.5,27655
2015-04-30,406000.0,425000.0,406000.0,418500.0,411600.0,401700.0,374483.3333333333,355887.5,69254
2015-05-04,418500.0,427500.0,414000.0,421000.0,414400.0,403200.0,375508.3333333333,356283.3333333333,35022
2015-05-06,418000.0,426000.0,413000.0,421500.0,415700.0,404700.0,376375.0,356854.1666666667,31190
2015-05-07,418000.0,434000.0,405000.0,419000.0,417700.0,405925.0,377166.6666666667,357458.3333333333,77887
2015-05-08,422000.0,445500.0,418500.0,443500.0,424700.0,408675.0,378333.3333333333,358266.6666666667,110004
2015-05-11,445000.0,469500.0,444500.0,455500.0,432100.0,412275.0,379575.0,359162.5,64280
2015-05-12,452000.0,457000.0,445000.0,451500.0,438200.0,415225.0,380850.0,359920.8333333333,37810
2015-05-13,449500.0,456500.0,446000.0,450500.0,444000.0,418600.0,382150.0,360800.0,30609
2015-05-14,453000.0,454000.0,440500.0,447000.0,449600.0,421750.0,383533.3333333333,361679.1666666667,41340
2015-05-15,449000.0,451000.0,440000.0,443500.0,449600.0,424100.0,384808.3333333333,362475.0,33971
2015-05-18,443500.0,450500.0,440000.0,447000.0,447900.0,426350.0,386300.0,363308.3333333333,37230
2015-05-19,448000.0,455000.0,443500.0,445000.0,446600.0,428175.0,387716.6666666667,364191.6666666667,44781
2015-05-20,445000.0,453000.0,444000.0,447500.0,446000.0,429825.0,389208.3333333333,365037.5,43723
2015-05-21,448000.0,460500.0,446000.0,458500.0,448300.0,431925.0,390933.3333333333,366029.1666666667,47131
2015-05-22,461500.0,464000.0,436000.0,444500.0,448500.0,433650.0,392291.6666666667,366875.0,80727
2015-05-26,445000.0,445500.0,420000.0,425500.0,444200.0,433950.0,393558.3333333333,367533.3333333333,92660
2015-05-27,421000.0,424500.0,407500.0,424500.0,440100.0,434825.0,394675.0,368179.1666666667,81908
2015-05-28,420000.0,426500.0,418500.0,418500.0,434300.0,435000.0,395800.0,368725.0,32993
2015-05-29,415000.0,423000.0,410000.0,410000.0,424600.0,435050.0,396833.3333333333,369283.3333333333,56305
2015-06-01,412500.0,421500.0,404000.0,420500.0,419800.0,435650.0,398016.6666666667,369920.8333333333,49794
2015-06-02,421000.0,423500.0,400500.0,404000.0,415500.0,434925.0,398975.0,370420.8333333333,77343
2015-06-03,404000.0,409500.0,399500.0,406000.0,411800.0,434175.0,399991.6666666667,370975.0,52018
2015-06-04,398500.0,402000.0,390500.0,395500.0,407200.0,432875.0,400925.0,371445.8333333333,71777
2015-06-05,392000.0,404000.0,392000.0,402000.0,405600.0,432025.0,402058.3333333333,372112.5,43194
2015-06-08,403000.0,405000.0,395000.0,403000.0,402100.0,430000.0,403416.6666666667,372762.5,36426
2015-06-09,399000.0,415500.0,399000.0,408500.0,403000.0,427650.0,404708.3333333333,373454.1666666667,48003
2015-06-10,414000.0,414000.0,395500.0,398000.0,401400.0,424975.0,405800.0,374100.0,61087
2015-06-11,402000.0,402500.0,392000.0,395500.0,401400.0,422225.0,406666.6666666667,374787.5,36391
2015-06-12,397500.0,406500.0,394500.0,401500.0,401300.0,419950.0,407608.3333333333,375450.0,52707
2015-06-15,401500.0,405000.0,396500.0,404000.0,401500.0,417975.0,408366.6666666667,376145.8333333333,51160
2015-06-16,404000.0,405000.0,394000.0,402000.0,400200.0,415725.0,408916.6666666667,376820.8333333333,56857
2015-06-17,402000.0,412000.0,397000.0,412000.0,403000.0,414075.0,409675.0,377550.0,66576
2015-06-18,412000.0,422000.0,408000.0,421000.0,408100.0,412750.0,410683.3333333333,378383.3333333333,58144
2015-06-19,423500.0,430500.0,421000.0,425000.0,412800.0,411075.0,411558.3333333333,379300.0,73717
2015-06-22,428000.0,430500.0,416500.0,420500.0,416100.0,409875.0,412083.3333333333,380183.3333333333,53660
2015-06-23,420500.0,428000.0,419000.0,426000.0,420900.0,409900.0,412691.6666666667,381129.1666666667,32132
2015-06-24,425500.0,430000.0,413500.0,417000.0,421900.0,409525.0,413225.0,381962.5,52166
2015-06-25,415500.0,444000.0,414500.0,441000.0,425900.0,410650.0,414133.3333333333,383029.1666666667,75101
2015-06-26,441000.0,445500.0,432000.0,443500.0,429600.0,412325.0,415225.0,384170.8333333333,46226
2015-06-29,435000.0,439500.0,431000.0,433000.0,432100.0,412950.0,416241.6666666667,385254.1666666667,43508
2015-06-30,433000.0,441500.0,426000.0,441000.0,435100.0,414800.0,417141.6666666667,386300.0,44495
2015-07-01,441000.0,441000.0,403000.0,406500.0,433000.0,414825.0,417400.0,387012.5,214977
2015-07-02,411500.0,417500.0,406500.0,416000.0,428000.0,415850.0,417808.3333333333,387812.5,96992
2015-07-03,415500.0,416000.0,405000.0,405500.0,420400.0,416025.0,417991.6666666667,388500.0,45286
2015-07-06,402000.0,410000.0,395500.0,395500.0,412900.0,415650.0,418108.3333333333,389033.3333333333,46492
2015-07-07,398000.0,406500.0,392500.0,396500.0,404000.0,415050.0,418325.0,389541.6666666667,45974
2015-07-08,397500.0,404000.0,394000.0,402500.0,403200.0,415275.0,418491.6666666667,390095.8333333333,53376
2015-07-09,402500.0,405000.0,391000.0,399500.0,399900.0,415475.0,418766.6666666667,390620.8333333333,44430
2015-07-10,403500.0,410500.0,403000.0,410500.0,400900.0,415925.0,419208.3333333333,391150.0,29306
2015-07-13,406000.0,415000.0,406000.0,413000.0,404400.0,416375.0,419483.3333333333,391733.3333333333,27335
2015-07-14,415000.0,436000.0,413500.0,434000.0,411900.0,417975.0,420016.6666666667,392500.0,67069
2015-07-15,436500.0,445000.0,435000.0,441000.0,419600.0,419425.0,420558.3333333333,393250.0,68538
2015-07-16,443000.0,444000.0,436000.0,439000.0,427500.0,420325.0,420966.6666666667,393958.3333333333,33681
2015-07-17,439000.0,444500.0,430000.0,430000.0,431400.0,420575.0,421191.6666666667,394562.5,34701
2015-07-20,429000.0,441000.0,429000.0,440000.0,436800.0,421550.0,421691.6666666667,395245.8333333333,26363
2015-07-21,438500.0,443000.0,427000.0,436500.0,437300.0,422075.0,421975.0,395908.3333333333,38894
2015-07-22,432000.0,436000.0,426500.0,432000.0,435500.0,422825.0,422391.6666666667,396483.3333333333,32444
2015-07-23,436000.0,436500.0,423500.0,430000.0,433700.0,422275.0,422641.6666666667,397091.6666666667,51449
2015-07-24,433500.0,433500.0,422000.0,431500.0,434000.0,421675.0,423016.6666666667,397741.6666666667,32725
2015-07-27,425000.0,427500.0,414000.0,420500.0,430100.0,421050.0,423216.6666666667,398312.5,55488
2015-07-28,414000.0,423500.0,407000.0,417500.0,426300.0,419875.0,423200.0,398841.6666666667,42161
2015-07-29,412500.0,417500.0,411000.0,416500.0,423200.0,420375.0,423125.0,399316.6666666667,33356
2015-07-30,418000.0,421000.0,406000.0,409000.0,419000.0,420025.0,422916.6666666667,399645.8333333333,55479
2015-07-31,409500.0,413500.0,401000.0,411000.0,414900.0,420300.0,422783.3333333333,399975.0,45165
2015-08-03,410000.0,419500.0,409500.0,414000.0,413600.0,421225.0,422291.6666666667,400312.5,30278
2015-08-04,418500.0,419500.0,396500.0,400000.0,410100.0,421400.0,421366.6666666667,400470.8333333333,103216
2015-08-05,402000.0,415000.0,400500.0,410000.0,408800.0,421775.0,420675.0,400762.5,72217
2015-08-06,413500.0,433000.0,413500.0,420000.0,411000.0,422800.0,420166.6666666667,401158.3333333333,82622
2015-08-07,422000.0,435500.0,416500.0,432500.0,415300.0,423900.0,419925.0,401729.1666666667,68050
2015-08-10,435000.0,452500.0,433000.0,446500.0,421800.0,425575.0,419975.0,402391.6666666667,72640
2015-08-11,450000.0,456500.0,425500.0,429500.0,427700.0,425350.0,419683.3333333333,402991.6666666667,83329
2015-08-12,420000.0,426000.0,387000.0,403000.0,426300.0,423450.0,418983.3333333333,403350.0,146821
2015-08-13,403500.0,415500.0,400000.0,410000.0,424300.0,422000.0,418358.3333333333,403783.3333333333,55921
2015-08-14,410000.0,410000.0,410000.0,410000.0,419800.0,421000.0,417550.0,404241.6666666667,0
2015-08-17,412000.0,414000.0,406000.0,411500.0,412800.0,419575.0,417000.0,404645.8333333333,38120
2015-08-18,410000.0,413500.0,395000.0,399500.0,406800.0,417725.0,416566.6666666667,405062.5,57531
2015-08-19,398000.0,398000.0,372000.0,391500.0,404500.0,415700.0,416016.6666666667,405345.8333333333,67143
2015-08-20,384000.0,395000.0,381500.0,390500.0,400600.0,413725.0,415550.0,405675.0,52556
2015-08-21,378000.0,394500.0,375000.0,391000.0,396800.0,411700.0,415233.3333333333,406033.3333333333,50984
2015-08-24,391000.0,391000.0,372000.0,375000.0,389500.0,409425.0,414475.0,406245.8333333333,57652
2015-08-25,379500.0,380000.0,363000.0,372000.0,384000.0,407150.0,413941.6666666667,406458.3333333333,54524
2015-08-26,370000.0,393500.0,370000.0,390000.0,383700.0,405825.0,413675.0,406833.3333333333,52989
2015-08-27,387000.0,405500.0,382500.0,393000.0,384200.0,405025.0,413633.3333333333,407279.1666666667,70999
2015-08-28,401500.0,402500.0,390500.0,398500.0,385700.0,404400.0,413575.0,407816.6666666667,46168
2015-08-31,396000.0,402000.0,391500.0,393000.0,389300.0,403350.0,413408.3333333333,408412.5,38537
2015-09-01,389500.0,394500.0,385000.0,386500.0,392200.0,402675.0,413041.6666666667,408875.0,26386
2015-09-02,378500.0,392000.0,378500.0,387000.0,391600.0,401525.0,412858.3333333333,409329.1666666667,23458
2015-09-03,388500.0,392500.0,380000.0,382000.0,389400.0,399625.0,412633.3333333333,409650.0,25063
2015-09-04,382000.0,385000.0,360500.0,372000.0,384100.0,396600.0,412141.6666666667,409875.0,59645
2015-09-07,373000.0,373000.0,363500.0,363500.0,378200.0,392450.0,411466.6666666667,409916.6666666667,28181
2015-09-08,365000.0,369000.0,355000.0,362000.0,373300.0,389075.0,410800.0,409858.3333333333,36124
2015-09-09,365500.0,384500.0,365500.0,376000.0,371100.0,387725.0,410200.0,409937.5,64356
2015-09-10,373000.0,382000.0,370500.0,382000.0,371100.0,386325.0,409550.0,410116.6666666667,30392
2015-09-11,377000.0,378000.0,373500.0,376000.0,371900.0,384625.0,408733.3333333333,410145.8333333333,19696
2015-09-14,376500.0,380000.0,367500.0,373500.0,373900.0,382725.0,407950.0,410016.6666666667,23791
2015-09-15,373000.0,373000.0,366500.0,371500.0,375800.0,381325.0,407041.6666666667,409866.6666666667,20136
2015-09-16,373500.0,378500.0,371500.0,375500.0,375700.0,380525.0,406350.0,409787.5,27519
2015-09-17,380000.0,381000.0,372000.0,377000.0,374700.0,379850.0,405283.3333333333,409708.3333333333,32319
2015-09-18,378000.0,399000.0,378000.0,393500.0,378200.0,379975.0,404450.0,409837.5,98376
2015-09-21,391000.0,391500.0,380000.0,384500.0,380400.0,380450.0,403641.6666666667,409941.6666666667,30023
2015-09-22,385000.0,389000.0,383000.0,386000.0,383300.0,381150.0,402725.0,409933.3333333333,24606
2015-09-23,381500.0,382500.0,371000.0,372000.0,382600.0,380250.0,402150.0,409775.0,47521
2015-09-24,375500.0,381000.0,370000.0,375500.0,382300.0,379375.0,401475.0,409641.6666666667,27586
2015-09-25,376000.0,376000.0,366500.0,371500.0,377900.0,378025.0,400908.3333333333,409450.0,24260
2015-09-30,362000.0,380500.0,361500.0,380500.0,377100.0,377400.0,400658.3333333333,409383.3333333333,37007
2015-10-01,374500.0,386000.0,372500.0,384000.0,376700.0,377275.0,400450.0,409387.5,25631
2015-10-02,384000.0,386500.0,371000.0,374000.0,377100.0,376625.0,399975.0,409233.3333333333,32576
2015-10-05,376500.0,393000.0,375000.0,391500.0,380300.0,377100.0,399841.6666666667,409304.1666666667,50582
2015-10-06,395000.0,406500.0,394000.0,404000.0,386800.0,378700.0,399733.3333333333,409470.8333333333,69467
2015-10-07,401000.0,403000.0,384500.0,386500.0,388000.0,379850.0,399291.6666666667,409387.5,48779
2015-10-08,389500.0,390000.0,379000.0,385000.0,388200.0,381000.0,398475.0,409245.8333333333,45400
2015-10-12,383500.0,392500.0,378500.0,391500.0,391700.0,381775.0,397650.0,409104.1666666667,47522
2015-10-13,393000.0,395500.0,386500.0,394000.0,392200.0,382375.0,396900.0,408933.3333333333,37463
2015-10-14,394000.0,394000.0,379000.0,381000.0,387600.0,382625.0,396083.3333333333,408637.5,58241
2015-10-15,379500.0,382000.0,375500.0,376000.0,385500.0,382750.0,395016.6666666667,408354.1666666667,49159
2015-10-16,379000.0,385500.0,377000.0,384000.0,385300.0,383375.0,394141.6666666667,408058.3333333333,44029
2015-10-19,384000.0,385000.0,379000.0,383500.0,383700.0,383775.0,393333.3333333333,407862.5,26850
2015-10-20,381000.0,381500.0,370500.0,374500.0,379800.0,383650.0,392408.3333333333,407525.0,70281
2015-10-21,374500.0,376000.0,367500.0,370500.0,377700.0,382500.0,391391.6666666667,407204.1666666667,56374
2015-10-22,368500.0,369000.0,356000.0,359000.0,374300.0,381225.0,390366.6666666667,406791.6666666667,109085
2015-10-23,363000.0,365000.0,357500.0,361500.0,369800.0,380000.0,389433.3333333333,406316.6666666667,67520
2015-10-26,364500.0,367500.0,358500.0,367000.0,366500.0,379750.0,388608.3333333333,405866.6666666667,44688
2015-10-27,365000.0,368000.0,360500.0,367500.0,365100.0,379350.0,387916.6666666667,405416.6666666667,29762
2015-10-28,367500.0,372000.0,362500.0,371000.0,365200.0,379325.0,387250.0,405016.6666666667,37737
2015-10-29,367500.0,368500.0,357000.0,360500.0,365500.0,378325.0,386358.3333333333,404325.0,48094
2015-10-30,360000.0,360500.0,345500.0,350000.0,363200.0,376625.0,385525.0,403445.8333333333,86792
2015-11-02,349000.0,358000.0,348500.0,354500.0,360700.0,375650.0,384600.0,402637.5,29260
2015-11-03,355500.0,359500.0,355500.0,358500.0,358900.0,374000.0,383575.0,401870.8333333333,33113
2015-11-04,358000.0,363000.0,353500.0,360000.0,356700.0,371800.0,382366.6666666667,401145.8333333333,28165
2015-11-05,361000.0,361000.0,352000.0,355000.0,355600.0,370225.0,380841.6666666667,400408.3333333333,38015
2015-11-06,355000.0,368000.0,351500.0,362000.0,358000.0,369075.0,379716.6666666667,399700.0,60363
2015-11-09,360000.0,361500.0,340000.0,345000.0,356100.0,366750.0,378750.0,398866.6666666667,73918
2015-11-10,345000.0,345500.0,333500.0,336500.0,351700.0,363875.0,377525.0,397941.6666666667,61340
2015-11-11,333500.0,341000.0,333000.0,339500.0,347600.0,361800.0,376350.0,396950.0,39030
2015-11-12,337000.0,338000.0,330000.0,334500.0,343500.0,359725.0,375066.6666666667,396033.3333333333,39281
2015-11-13,330500.0,339500.0,328500.0,338000.0,338700.0,357425.0,374041.6666666667,395304.1666666667,30323
2015-11-16,332000.0,336000.0,331000.0,334000.0,336500.0,354950.0,373083.3333333333,394550.0,28062
2015-11-17,335000.0,346000.0,334000.0,343500.0,337900.0,353400.0,372300.0,393925.0,33044
2015-11-18,343500.0,343500.0,335000.0,338000.0,337600.0,351775.0,371416.6666666667,393325.0,24993
2015-11-19,340000.0,351500.0,338500.0,348000.0,340300.0,351225.0,370966.6666666667,392720.8333333333,38408
2015-11-20,348000.0,349000.0,342000.0,348000.0,342300.0,350550.0,370566.6666666667,392254.1666666667,23652
2015-11-23,349000.0,349000.0,343000.0,348000.0,345100.0,349600.0,369866.6666666667,391770.8333333333,20315
2015-11-24,346000.0,358500.0,345500.0,352500.0,346900.0,348850.0,369191.6666666667,391412.5,35751
2015-11-25,353000.0,365000.0,353000.0,358500.0,351000.0,348225.0,368525.0,391050.0,47655
2015-11-26,357000.0,367000.0,357000.0,363500.0,354100.0,348375.0,368033.3333333333,390720.8333333333,38167
2015-11-27,367000.0,367500.0,359500.0,361000.0,356700.0,348925.0,367608.3333333333,390325.0,33755
2015-11-30,359500.0,364000.0,357500.0,360500.0,359200.0,349225.0,367166.6666666667,390012.5,46492
2015-12-01,364500.0,370000.0,362000.0,368500.0,362400.0,349725.0,366941.6666666667,389787.5,28514
2015-12-02,365500.0,369000.0,360000.0,361000.0,362900.0,349775.0,366758.3333333333,389450.0,35285
2015-12-03,357500.0,361000.0,352500.0,359500.0,362100.0,350000.0,366691.6666666667,389079.1666666667,27548
2015-12-04,357500.0,358000.0,351500.0,354000.0,360700.0,349600.0,366558.3333333333,388679.1666666667,26117
2015-12-07,355500.0,358500.0,351000.0,353500.0,359300.0,350025.0,366183.3333333333,388191.6666666667,18482
2015-12-08,351000.0,354000.0,347000.0,349500.0,355500.0,350675.0,365641.6666666667,387595.8333333333,38096
2015-12-09,349500.0,358000.0,347000.0,348500.0,353000.0,351125.0,365183.3333333333,386958.3333333333,28682
2015-12-10,347500.0,352500.0,346000.0,348500.0,350800.0,351825.0,364766.6666666667,386358.3333333333,24316
2015-12-11,348500.0,353000.0,347000.0,351500.0,350300.0,352500.0,364433.3333333333,385737.5,28527
2015-12-14,347000.0,348000.0,341000.0,344000.0,348400.0,353000.0,363908.3333333333,385129.1666666667,30926
2015-12-15,347000.0,347000.0,338000.0,341000.0,346700.0,352875.0,363308.3333333333,384295.8333333333,27386
2015-12-16,342500.0,351000.0,342000.0,348500.0,346700.0,353400.0,362558.3333333333,383504.1666666667,35573
2015-12-17,352500.0,363500.0,351500.0,360000.0,349000.0,354000.0,362150.0,382895.8333333333,50880
2015-12-18,360000.0,362500.0,352500.0,359000.0,350500.0,354550.0,361700.0,382212.5,30782
2015-12-21,362500.0,371000.0,360500.0,366000.0,354900.0,355450.0,361600.0,381875.0,29701
2015-12-22,369000.0,370000.0,362500.0,364500.0,359600.0,356050.0,361416.6666666667,381445.8333333333,15122
2015-12-23,363000.0,371500.0,362500.0,366000.0,363100.0,356425.0,361325.0,381116.6666666667,24791
2015-12-24,366500.0,369000.0,361500.0,363000.0,363700.0,356400.0,361033.3333333333,380845.8333333333,24297
2015-12-28,368500.0,377000.0,366500.0,374500.0,366800.0,357075.0,360875.0,380662.5,64366
2015-12-29,371000.0,383500.0,371000.0,383000.0,370200.0,358200.0,361025.0,380500.0,53933
2015-12-30,383000.0,383000.0,375000.0,377500.0,372800.0,358650.0,360791.6666666667,380316.6666666667,32965
2016-01-04,375000.0,377500.0,369000.0,371000.0,373800.0,359150.0,360241.6666666667,379987.5,31318
2016-01-05,366000.0,376000.0,362000.0,371000.0,375400.0,359725.0,359983.3333333333,379637.5,63870
2016-01-06,371000.0,385000.0,369000.0,384000.0,377300.0,361225.0,359966.6666666667,379220.8333333333,64290
2016-01-07,383000.0,394500.0,383000.0,388000.0,378300.0,362950.0,359908.3333333333,378779.1666666667,71632
2016-01-08,385500.0,393500.0,376000.0,390500.0,380900.0,365000.0,359850.0,378375.0,50029
2016-01-11,386500.0,396500.0,386500.0,391500.0,385000.0,367150.0,360025.0,378054.1666666667,46899
2016-01-12,392000.0,401000.0,388500.0,396500.0,390100.0,369550.0,360366.6666666667,377691.6666666667,70410
2016-01-13,402000.0,426000.0,400500.0,422500.0,397800.0,373100.0,361008.3333333333,377575.0,140103
2016-01-14,417500.0,428000.0,412000.0,421000.0,404400.0,376950.0,361633.3333333333,377483.3333333333,91786
2016-01-15,424500.0,424500.0,406500.0,409500.0,408200.0,380375.0,362216.6666666667,377312.5,61341
2016-01-18,404500.0,420500.0,402000.0,417000.0,413300.0,383800.0,362991.6666666667,377191.6666666667,48141
2016-01-19,420000.0,427500.0,415500.0,416500.0,417300.0,386625.0,363950.0,377158.3333333333,51557
2016-01-20,418000.0,429500.0,405500.0,415500.0,415900.0,389450.0,364850.0,377141.6666666667,68099
2016-01-21,420500.0,422000.0,411500.0,417000.0,415100.0,392000.0,365683.3333333333,377145.8333333333,32845
2016-01-22,420500.0,421000.0,409500.0,413500.0,415900.0,394450.0,366450.0,377183.3333333333,36777
2016-01-25,421000.0,422000.0,408000.0,410000.0,414500.0,396650.0,367100.0,377175.0,55390
2016-01-26,411000.0,418500.0,404000.0,412500.0,413700.0,399125.0,367966.6666666667,377162.5,39421
2016-01-27,418500.0,418500.0,398000.0,400500.0,410700.0,400425.0,368808.3333333333,377166.6666666667,78787
2016-01-28,400500.0,410000.0,398500.0,403500.0,408000.0,401450.0,369625.0,377112.5,42828
2016-01-29,403500.0,412000.0,400000.0,411500.0,407600.0,403150.0,370508.3333333333,377041.6666666667,61955
2016-02-01,409500.0,422000.0,406500.0,412500.0,408100.0,405225.0,371383.3333333333,376875.0,40923
2016-02-02,410000.0,413000.0,402000.0,409000.0,407400.0,407125.0,372283.3333333333,376562.5,46808
2016-02-03,404000.0,408000.0,400000.0,405000.0,408300.0,408175.0,373000.0,376358.3333333333,42836
2016-02-04,405000.0,405000.0,394500.0,399500.0,407500.0,408750.0,373908.3333333333,376329.1666666667,72320
2016-02-05,385000.0,387000.0,369000.0,374500.0,400100.0,407950.0,374541.6666666667,376033.3333333333,226425
2016-02-11,365500.0,374000.0,361000.0,368000.0,391200.0,406775.0,375016.6666666667,375683.3333333333,79769
2016-02-12,364000.0,366500.0,350000.0,356000.0,380600.0,404750.0,375375.0,375220.8333333333,86416
2016-02-15,356000.0,360500.0,354500.0,355500.0,370700.0,401400.0,375666.6666666667,374854.1666666667,45563
2016-02-16,355500.0,368000.0,355500.0,364000.0,363600.0,398550.0,376166.6666666667,374625.0,51575
2016-02-17,360500.0,366000.0,350500.0,355000.0,359700.0,395825.0,376358.3333333333,374329.1666666667,67557
2016-02-18,361500.0,361500.0,350000.0,354000.0,356900.0,392675.0,376625.0,374020.8333333333,83462
2016-02-19,354000.0,369000.0,352500.0,365500.0,358800.0,390125.0,376916.6666666667,373941.6666666667,59666
2016-02-22,363000.0,368000.0,362000.0,365000.0,360700.0,387600.0,377200.0,373883.3333333333,34423
2016-02-23,367000.0,368500.0,360500.0,364500.0,360800.0,384975.0,377475.0,373670.8333333333,39360
2016-02-24,366500.0,369000.0,363000.0,365500.0,362900.0,382575.0,377691.6666666667,373441.6666666667,28411
2016-02-25,367000.0,368500.0,356500.0,359500.0,364000.0,380050.0,377708.3333333333,373116.6666666667,52493
2016-02-26,361500.0,362000.0,357500.0,360500.0,363000.0,377450.0,377658.3333333333,372845.8333333333,29215
2016-02-29,360500.0,367500.0,358000.0,362000.0,362400.0,375525.0,377675.0,372641.6666666667,46901
2016-03-02,366500.0,367500.0,356500.0,362500.0,362000.0,373475.0,377708.3333333333,372437.5,74424
2016-03-03,363000.0,363000.0,355500.0,362000.0,361300.0,371000.0,377600.0,372270.8333333333,41863
2016-03-04,361500.0,362500.0,356000.0,357000.0,360800.0,368225.0,377533.3333333333,372145.8333333333,55906
2016-03-07,358000.0,368500.0,357500.0,361500.0,361000.0,365850.0,377566.6666666667,372129.1666666667,72815
2016-03-08,361500.0,367500.0,359500.0,366000.0,361800.0,363900.0,377766.6666666667,372162.5,51233
2016-03-09,366000.0,382000.0,365000.0,381000.0,365500.0,362975.0,378225.0,372204.1666666667,87007
2016-03-10,380000.0,382500.0,374000.0,382500.0,369600.0,363375.0,378775.0,372208.3333333333,53005
2016-03-11,382500.0,383000.0,374500.0,377500.0,373700.0,363850.0,379258.3333333333,372220.8333333333,38213
2016-03-14,377500.0,382000.0,374500.0,376000.0,376600.0,364850.0,379716.6666666667,372241.6666666667,35568
2016-03-15,377500.0,381000.0,374000.0,379500.0,379300.0,366050.0,380183.3333333333,372308.3333333333,21811
2016-03-16,381500.0,383000.0,373000.0,377000.0,378500.0,366700.0,380733.3333333333,372320.8333333333,30434
2016-03-17,378500.0,383500.0,376000.0,377000.0,377400.0,367800.0,381333.3333333333,372320.8333333333,46508
2016-03-18,377500.0,390000.0,377000.0,388000.0,379500.0,369500.0,381991.6666666667,372275.0,74870
2016-03-21,387000.0,390000.0,373000.0,374500.0,379200.0,369950.0,382233.3333333333,372191.6666666667,79692
2016-03-22,375500.0,377500.0,364500.0,367000.0,376700.0,370050.0,382366.6666666667,372033.3333333333,67901
2016-03-23,368500.0,370500.0,366000.0,368500.0,375000.0,370250.0,382408.3333333333,372004.1666666667,36099
2016-03-24,366000.0,367000.0,357500.0,360500.0,371700.0,370000.0,382341.6666666667,371879.1666666667,79370
2016-03-25,358500.0,361500.0,356000.0,359000.0,365900.0,369975.0,382225.0,371775.0,37239
2016-03-28,359000.0,362000.0,355500.0,357000.0,362400.0,369800.0,382125.0,371579.1666666667,43463
2016-03-29,355000.0,356500.0,342000.0,352500.0,359500.0,369325.0,381758.3333333333,371316.6666666667,116370
2016-03-30,350500.0,353500.0,348000.0,353000.0,356400.0,368850.0,381258.3333333333,371141.6666666667,61119
2016-03-31,353000.0,353000.0,342500.0,347500.0,353800.0,368125.0,380758.3333333333,370775.0,81477
2016-04-01,350000.0,350000.0,343500.0,345500.0,351100.0,367550.0,380333.3333333333,370287.5,46797
2016-04-04,343500.0,345000.0,340000.0,341500.0,348000.0,366550.0,379841.6666666667,369912.5,60300
2016-04-05,342000.0,349500.0,341500.0,345500.0,346600.0,365525.0,379200.0,369583.3333333333,39731
2016-04-06,347500.0,361500.0,343000.0,361500.0,348300.0,364550.0,378758.3333333333,369333.3333333333,91499
2016-04-07,359000.0,361500.0,352500.0,360500.0,350900.0,363450.0,378258.3333333333,369054.1666666667,49719
2016-04-08,354500.0,357500.0,351500.0,357500.0,353300.0,362450.0,377691.6666666667,368858.3333333333,41557
2016-04-11,358000.0,361000.0,356000.0,357500.0,356500.0,361525.0,377041.6666666667,368704.1666666667,26657
2016-04-12,358000.0,359500.0,353000.0,358000.0,359000.0,360450.0,375966.6666666667,368487.5,20300
2016-04-14,358500.0,361000.0,351500.0,357000.0,358100.0,359450.0,374900.0,368266.6666666667,59125
2016-04-15,354500.0,364500.0,354500.0,361500.0,358300.0,358675.0,374100.0,368158.3333333333,38793
2016-04-18,357500.0,368500.0,356500.0,368000.0,360400.0,357675.0,373283.3333333333,368137.5,43209
2016-04-19,365500.0,368000.0,359000.0,365000.0,361900.0,357200.0,372425.0,368187.5,54353
2016-04-20,364500.0,367000.0,362000.0,365500.0,363400.0,357125.0,371591.6666666667,368220.8333333333,25255
2016-04-21,365500.0,369500.0,363500.0,369500.0,365900.0,357175.0,370800.0,368241.6666666667,31301
2016-04-22,369000.0,372500.0,365500.0,371000.0,367800.0,357700.0,370091.6666666667,368270.8333333333,27194
2016-04-25,367500.0,372000.0,363500.0,370000.0,368200.0,358250.0,369425.0,368262.5,26546
2016-04-26,368500.0,373000.0,367000.0,373000.0,369800.0,359050.0,368766.6666666667,368366.6666666667,23347
2016-04-27,372000.0,374500.0,369000.0,374000.0,371500.0,360125.0,368325.0,368566.6666666667,26419
2016-04-28,375000.0,384500.0,371500.0,378000.0,373200.0,361375.0,367900.0,368762.5,64063
2016-04-29,378000.0,380000.0,372000.0,380000.0,375000.0,363000.0,367375.0,368941.6666666667,27494
2016-05-02,380000.0,380000.0,372000.0,375000.0,376000.0,364475.0,366750.0,369066.6666666667,30413
2016-05-03,372500.0,378500.0,372500.0,376000.0,376600.0,366200.0,366200.0,369241.6666666667,26194
2016-05-04,372000.0,379000.0,370500.0,379000.0,377600.0,367875.0,365766.6666666667,369383.3333333333,38507
2016-05-09,375000.0,380000.0,373000.0,380000.0,378000.0,368800.0,365441.6666666667,369675.0,47593
2016-05-10,380000.0,395500.0,378000.0,387000.0,379400.0,370125.0,365650.0,370095.8333333333,91444
2016-05-11,390000.0,400000.0,387000.0,397500.0,383900.0,372125.0,366141.6666666667,370579.1666666667,84063
2016-05-12,396000.0,397000.0,390000.0,393500.0,387400.0,373925.0,366766.6666666667,371070.8333333333,51793
2016-05-13,395000.0,400000.0,391500.0,399500.0,391500.0,376000.0,367500.0,371583.3333333333,44869
2016-05-16,396000.0,399000.0,392500.0,398000.0,395100.0,378050.0,368066.6666666667,372116.6666666667,31036
2016-05-17,398000.0,399500.0,393500.0,399500.0,397600.0,379950.0,368808.3333333333,372583.3333333333,33468
2016-05-18,396000.0,398000.0,386500.0,389500.0,396000.0,381025.0,369400.0,373012.5,43110
2016-05-19,386500.0,392000.0,384000.0,389500.0,395200.0,382250.0,369800.0,373358.3333333333,35633
2016-05-20,387000.0,396500.0,384500.0,391500.0,393600.0,383550.0,370241.6666666667,373720.8333333333,28620
2016-05-23,391500.0,394000.0,385500.0,387500.0,391500.0,384450.0,370625.0,374050.0,24107
2016-05-24,382000.0,383500.0,372000.0,382000.0,388000.0,385000.0,370900.0,374295.8333333333,112510
2016-05-25,384000.0,393500.0,381500.0,391000.0,388300.0,386050.0,371425.0,374566.6666666667,53913
2016-05-26,387000.0,394000.0,383500.0,387500.0,387900.0,386775.0,371875.0,374766.6666666667,22729
2016-05-27,390000.0,390000.0,383000.0,385500.0,386700.0,387350.0,372266.6666666667,374970.8333333333,18509
2016-05-30,384000.0,387500.0,379500.0,386500.0,386500.0,387775.0,372666.6666666667,375187.5,22031
2016-05-31,383500.0,386000.0,381000.0,382500.0,386600.0,387900.0,373008.3333333333,375304.1666666667,51998
2016-06-01,382000.0,387500.0,381000.0,384000.0,385200.0,388350.0,373458.3333333333,375495.8333333333,24388
2016-06-02,383000.0,384500.0,378500.0,380000.0,383700.0,388550.0,373766.6666666667,375666.6666666667,30266
2016-06-03,380000.0,382500.0,377500.0,380000.0,382600.0,388600.0,374000.0,375883.3333333333,20906
2016-06-07,382500.0,383000.0,376500.0,379000.0,381100.0,388550.0,373966.6666666667,376095.8333333333,37338
2016-06-08,378500.0,385000.0,376500.0,383500.0,381300.0,388375.0,373983.3333333333,376379.1666666667,34222
2016-06-09,380500.0,382500.0,377500.0,378000.0,380100.0,387400.0,373991.6666666667,376625.0,50016
2016-06-10,378000.0,381500.0,376500.0,380500.0,380200.0,386750.0,374066.6666666667,376891.6666666667,23628
2016-06-13,380000.0,380500.0,370500.0,373000.0,378800.0,385425.0,373958.3333333333,377070.8333333333,28797
2016-06-14,372500.0,374500.0,363500.0,367000.0,376400.0,383875.0,373791.6666666667,377262.5,48692
2016-06-15,362500.0,366000.0,362500.0,364500.0,372600.0,382125.0,373583.3333333333,377458.3333333333,27792
2016-06-16,364500.0,367000.0,359000.0,361500.0,369300.0,380725.0,373141.6666666667,377566.6666666667,30195
2016-06-17,363000.0,368000.0,361500.0,365000.0,366200.0,379500.0,372983.3333333333,377608.3333333333,25758
2016-06-20,370000.0,380500.0,364000.0,379000.0,367400.0,378875.0,373183.3333333333,377775.0,61066
2016-06-21,381000.0,393000.0,375500.0,381500.0,370300.0,378575.0,373400.0,377904.1666666667,78241
2016-06-22,380500.0,394000.0,380000.0,391000.0,375600.0,379025.0,373908.3333333333,378125.0,60622
2016-06-23,390500.0,394500.0,385500.0,390000.0,381300.0,378975.0,374425.0,378325.0,39885
2016-06-24,386000.0,398000.0,373500.0,385000.0,385300.0,378850.0,374891.6666666667,378508.3333333333,91367
2016-06-27,381000.0,391000.0,375000.0,391000.0,387700.0,379125.0,375533.3333333333,378645.8333333333,37785
2016-06-28,384500.0,393000.0,384500.0,391000.0,389600.0,379350.0,376166.6666666667,378712.5,29445
2016-06-29,392000.0,398000.0,389000.0,392000.0,389800.0,379825.0,376908.3333333333,378833.3333333333,32762
2016-06-30,393000.0,394500.0,385000.0,388500.0,389500.0,380050.0,377625.0,378979.1666666667,30734
2016-07-01,387500.0,392000.0,385500.0,386500.0,389800.0,380375.0,378375.0,379108.3333333333,23880
2016-07-04,384500.0,391500.0,381000.0,389500.0,389500.0,380850.0,379108.3333333333,379154.1666666667,30358
2016-07-05,389500.0,393000.0,386500.0,389500.0,389200.0,381375.0,379575.0,379166.6666666667,14990
2016-07-06,391000.0,394500.0,383500.0,391000.0,389000.0,381750.0,380083.3333333333,379170.8333333333,37130
2016-07-07,391500.0,392000.0,384500.0,386000.0,388500.0,382150.0,380558.3333333333,379125.0,27933
2016-07-08,385000.0,388500.0,382500.0,386500.0,388500.0,382450.0,381041.6666666667,379041.6666666667,24431
2016-07-11,391000.0,391500.0,384000.0,390500.0,388700.0,383325.0,381583.3333333333,378775.0,23592
2016-07-12,391000.0,405000.0,388000.0,402000.0,391200.0,385075.0,382333.3333333333,378616.6666666667,74088
2016-07-13,400000.0,404500.0,398000.0,403000.0,393600.0,387000.0,383025.0,378562.5,43059
2016-07-14,403500.0,406500.0,397500.0,406500.0,397700.0,389250.0,383666.6666666667,378475.0,36022
2016-07-15,404000.0,405000.0,395000.0,399000.0,400200.0,390950.0,384233.3333333333,378329.1666666667,47108
2016-07-18,397000.0,401500.0,391500.0,396000.0,401300.0,391800.0,384741.6666666667,378166.6666666667,28305
2016-07-19,397000.0,397000.0,391500.0,396000.0,400100.0,392525.0,385183.3333333333,377991.6666666667,27404
2016-07-20,396000.0,400000.0,391000.0,399000.0,399300.0,392925.0,385650.0,377870.8333333333,28623
2016-07-21,398000.0,406000.0,396000.0,402500.0,398500.0,393550.0,386191.6666666667,377808.3333333333,44473
2016-07-22,402500.0,402500.0,395500.0,400000.0,398700.0,394300.0,386641.6666666667,377704.1666666667,22107
2016-07-25,399000.0,404000.0,394000.0,397500.0,399000.0,394625.0,387033.3333333333,377679.1666666667,31029
2016-07-26,396000.0,397500.0,391000.0,394500.0,398700.0,394800.0,387308.3333333333,377604.1666666667,32005
2016-07-27,396500.0,398500.0,392500.0,395000.0,397900.0,394950.0,387558.3333333333,377466.6666666667,20713
2016-07-28,393000.0,396000.0,386500.0,392500.0,395900.0,395150.0,387850.0,377300.0,34514
2016-07-29,386500.0,394000.0,386500.0,393500.0,394600.0,395500.0,388141.6666666667,377170.8333333333,32999
2016-08-01,394000.0,395500.0,381000.0,387000.0,392500.0,395375.0,388275.0,377020.8333333333,56835
2016-08-02,384500.0,386500.0,383000.0,384500.0,390500.0,395125.0,388350.0,376895.8333333333,29832
2016-08-03,381500.0,384500.0,378000.0,378500.0,387200.0,394500.0,388208.3333333333,376929.1666666667,21304
2016-08-04,378500.0,382000.0,371500.0,376500.0,384000.0,394025.0,387858.3333333333,377000.0,52723
2016-08-05,373500.0,380500.0,372000.0,380500.0,381400.0,393725.0,387641.6666666667,377204.1666666667,30880
2016-08-08,387500.0,397000.0,385500.0,393500.0,382700.0,393875.0,387541.6666666667,377520.8333333333,100167
2016-08-09,395000.0,398500.0,392500.0,395500.0,384900.0,393550.0,387500.0,377783.3333333333,29368
2016-08-10,396500.0,408000.0,392000.0,405500.0,390300.0,393675.0,387600.0,378204.1666666667,67371
2016-08-11,405500.0,416000.0,400000.0,406500.0,396300.0,393675.0,387883.3333333333,378641.6666666667,58002
2016-08-12,403000.0,410000.0,397000.0,398500.0,399900.0,393650.0,388033.3333333333,378916.6666666667,37756
2016-08-16,398500.0,406500.0,398500.0,403000.0,401800.0,394000.0,388225.0,379233.3333333333,23345
2016-08-17,401000.0,403000.0,393000.0,399500.0,402600.0,394175.0,388425.0,379525.0,35522
2016-08-18,396500.0,398500.0,393000.0,394500.0,400400.0,393950.0,388633.3333333333,379766.6666666667,24665
2016-08-19,392500.0,394500.0,382500.0,385500.0,396200.0,393100.0,388541.6666666667,379983.3333333333,52727
2016-08-22,384500.0,386000.0,381000.0,383500.0,393200.0,392275.0,388475.0,380175.0,23596
2016-08-23,382500.0,387000.0,380500.0,383000.0,389200.0,391550.0,388433.3333333333,380350.0,28214
2016-08-24,381500.0,385500.0,380000.0,384000.0,386100.0,391025.0,388391.6666666667,380529.1666666667,28619
2016-08-25,384000.0,387000.0,377000.0,380000.0,383200.0,390275.0,388350.0,380679.1666666667,38481
2016-08-26,381000.0,386500.0,378000.0,385000.0,383100.0,389900.0,388366.6666666667,380912.5,25489
2016-08-29,384000.0,390000.0,380500.0,387500.0,383900.0,389600.0,388491.6666666667,381129.1666666667,35214
2016-08-30,389500.0,391500.0,381000.0,383500.0,384000.0,389425.0,388550.0,381275.0,25657
2016-08-31,384000.0,389500.0,381000.0,389500.0,385100.0,389675.0,388725.0,381345.8333333333,36699
2016-09-01,386000.0,393500.0,384000.0,391500.0,387400.0,390325.0,388858.3333333333,381420.8333333333,38641
2016-09-02,392500.0,392500.0,384000.0,385000.0,387400.0,390750.0,388975.0,381483.3333333333,32225
2016-09-05,386500.0,388000.0,381000.0,385500.0,387000.0,391000.0,389058.3333333333,381562.5,55524
2016-09-06,386500.0,386500.0,382500.0,385000.0,387300.0,390575.0,389258.3333333333,381608.3333333333,49263
2016-09-07,384000.0,384500.0,367000.0,370000.0,383400.0,389300.0,389308.3333333333,381550.0,191289
2016-09-08,370000.0,373000.0,365000.0,371500.0,379400.0,387600.0,389425.0,381504.1666666667,46195
2016-09-09,371500.0,371500.0,365000.0,370000.0,376400.0,385775.0,389566.6666666667,381354.1666666667,32438
2016-09-12,366500.0,368000.0,364000.0,367000.0,372700.0,384200.0,389600.0,381291.6666666667,28049
2016-09-13,366500.0,368500.0,360500.0,366500.0,369000.0,382375.0,389391.6666666667,381287.5,40241
2016-09-19,362500.0,371000.0,362500.0,366000.0,368200.0,380700.0,389133.3333333333,381266.6666666667,32778
2016-09-20,364000.0,369500.0,364000.0,365000.0,366900.0,379225.0,388700.0,381304.1666666667,22048
2016-09-21,364500.0,371500.0,363000.0,369500.0,366800.0,378425.0,388358.3333333333,381391.6666666667,29466
2016-09-22,371000.0,376000.0,371000.0,374500.0,368300.0,377975.0,388183.3333333333,381537.5,28606
2016-09-23,378000.0,378000.0,373000.0,377500.0,370500.0,377700.0,387958.3333333333,381745.8333333333,26064
2016-09-26,377500.0,377500.0,369000.0,371000.0,371500.0,377050.0,387625.0,381895.8333333333,37080
2016-09-27,370000.0,373500.0,366500.0,371500.0,372800.0,376625.0,387283.3333333333,382095.8333333333,34653
2016-09-28,373000.0,376500.0,368500.0,370500.0,373000.0,375900.0,386983.3333333333,382304.1666666667,32649
2016-09-29,369500.0,375500.0,366000.0,367500.0,371600.0,374900.0,386666.6666666667,382520.8333333333,44297
2016-09-30,368000.0,369000.0,362000.0,363000.0,368700.0,373875.0,386225.0,382666.6666666667,45297
2016-10-04,366500.0,368000.0,364000.0,367500.0,368000.0,372775.0,385858.3333333333,382716.6666666667,31509
2016-10-05,363500.0,367500.0,360000.0,362500.0,366200.0,371325.0,385383.3333333333,382733.3333333333,42721
2016-10-06,360500.0,362500.0,355000.0,356000.0,363300.0,369875.0,384883.3333333333,382720.8333333333,56171
2016-10-07,356000.0,356500.0,349000.0,354000.0,360600.0,368300.0,384341.6666666667,382691.6666666667,57829
2016-10-10,357000.0,360000.0,354000.0,356000.0,359200.0,366850.0,383766.6666666667,382675.0,32017
2016-10-11,358500.0,358500.0,348500.0,352500.0,356200.0,365975.0,382941.6666666667,382637.5,62087
2016-10-12,352500.0,356000.0,351000.0,356000.0,354900.0,365200.0,382158.3333333333,382591.6666666667,36257
2016-10-13,355500.0,356000.0,348000.0,350000.0,353700.0,364200.0,381216.6666666667,382441.6666666667,45608
2016-10-14,350000.0,350500.0,343000.0,347000.0,352300.0,363200.0,380350.0,382291.6666666667,38131
2016-10-17,351500.0,352500.0,347000.0,349500.0,351000.0,362350.0,379575.0,382158.3333333333,32153
2016-10-18,351500.0,362500.0,349000.0,361500.0,352800.0,362125.0,379000.0,382091.6666666667,58391
2016-10-19,360500.0,361000.0,355000.0,356500.0,352900.0,361700.0,378291.6666666667,381970.8333333333,24894
2016-10-20,361000.0,366000.0,360000.0,363000.0,355500.0,361375.0,377633.3333333333,381912.5,44390
2016-10-21,361500.0,364000.0,357000.0,362000.0,358500.0,360750.0,377000.0,381820.8333333333,28199
2016-10-24,363500.0,369000.0,362000.0,363500.0,361300.0,360050.0,376433.3333333333,381733.3333333333,38752
2016-10-25,364000.0,364000.0,355000.0,357500.0,360500.0,359375.0,375816.6666666667,381562.5,39221
2016-10-26,357500.0,358000.0,350500.0,358000.0,360800.0,358700.0,375200.0,381379.1666666667,37654
2016-10-27,357500.0,358500.0,352500.0,356500.0,359500.0,358000.0,374600.0,381225.0,26060
2016-10-28,353500.0,358500.0,353000.0,357500.0,358600.0,357500.0,374000.0,381070.8333333333,21710
2016-10-31,353000.0,356500.0,346000.0,349500.0,355800.0,356825.0,373375.0,380825.0,34646
2016-11-01,348000.0,351000.0,339000.0,344000.0,353100.0,355650.0,372700.0,380525.0,50657
2016-11-02,343000.0,343000.0,335000.0,338500.0,349200.0,354450.0,372033.3333333333,380120.8333333333,43955
2016-11-03,343000.0,365000.0,342500.0,362000.0,350300.0,354750.0,371791.6666666667,379825.0,92023
2016-11-04,364500.0,365000.0,357500.0,364500.0,351700.0,355275.0,371525.0,379583.3333333333,37444
2016-11-07,367000.0,367000.0,360000.0,364000.0,354600.0,355675.0,371033.3333333333,379287.5,23741
2016-11-08,367500.0,374000.0,364000.0,371500.0,360100.0,356625.0,370633.3333333333,379066.6666666667,51772
2016-11-09,373000.0,375000.0,356000.0,365500.0,365500.0,357100.0,369966.6666666667,378783.3333333333,78104
2016-11-10,367000.0,374500.0,367000.0,373500.0,367800.0,358275.0,369416.6666666667,378650.0,61525
2016-11-11,369000.0,373500.0,365000.0,368000.0,368500.0,359325.0,368908.3333333333,378470.8333333333,35002
2016-11-14,368000.0,372000.0,367000.0,368000.0,369300.0,360250.0,368325.0,378275.0,30731
2016-11-15,371500.0,373500.0,365500.0,370000.0,369000.0,360675.0,367833.3333333333,378129.1666666667,44392
2016-11-16,379000.0,382500.0,374500.0,374500.0,370800.0,361575.0,367500.0,378066.6666666667,61537
2016-11-17,375000.0,380000.0,370500.0,378000.0,371700.0,362325.0,367375.0,377958.3333333333,35421
2016-11-18,380000.0,384000.0,375000.0,380000.0,374100.0,363225.0,367316.6666666667,377895.8333333333,58940
2016-11-21,380000.0,380000.0,369500.0,371500.0,374800.0,363625.0,367125.0,377779.1666666667,28615
2016-11-22,373500.0,376500.0,371500.0,372500.0,375300.0,364375.0,366933.3333333333,377662.5,22170
2016-11-23,370000.0,374500.0,366500.0,368500.0,374100.0,364900.0,366741.6666666667,377545.8333333333,25167
2016-11-24,370000.0,371500.0,365000.0,365000.0,371500.0,365325.0,366408.3333333333,377387.5,17789
2016-11-25,368000.0,370000.0,365000.0,367500.0,369000.0,365825.0,366075.0,377283.3333333333,13796
2016-11-28,365000.0,366500.0,360500.0,365500.0,367800.0,366625.0,365775.0,377162.5,16222
2016-11-29,368000.0,387500.0,366500.0,381500.0,369600.0,368500.0,365641.6666666667,377183.3333333333,83067
2016-11-30,383000.0,387500.0,380000.0,384000.0,372700.0,370775.0,365516.6666666667,377187.5,69468
2016-12-01,379500.0,389500.0,374500.0,388000.0,377300.0,372075.0,365566.6666666667,377270.8333333333,46693
2016-12-02,384500.0,388000.0,376500.0,377500.0,379300.0,372725.0,365433.3333333333,377245.8333333333,37787
2016-12-05,376500.0,381500.0,374500.0,381000.0,382400.0,373575.0,365366.6666666667,377312.5,21912
2016-12-06,385000.0,386000.0,380000.0,381500.0,382400.0,374075.0,365558.3333333333,377433.3333333333,20726
2016-12-07,381500.0,384000.0,377000.0,383000.0,382200.0,374950.0,365750.0,377587.5,22773
2016-12-08,383500.0,390500.0,381000.0,390500.0,382700.0,375800.0,366091.6666666667,377829.1666666667,38043
2016-12-09,386000.0,388000.0,378500.0,383000.0,383800.0,376550.0,366358.3333333333,377979.1666666667,33077
2016-12-12,385500.0,385500.0,380000.0,384000.0,384400.0,377350.0,366650.0,378020.8333333333,22646
2016-12-13,384000.0,385500.0,379000.0,384000.0,384900.0,378050.0,366950.0,378041.6666666667,26259
2016-12-14,381500.0,384000.0,377000.0,380500.0,384400.0,378350.0,367208.3333333333,377954.1666666667,27889
2016-12-15,377000.0,382000.0,376000.0,382000.0,382700.0,378550.0,367416.6666666667,377887.5,24629
2016-12-16,380000.0,383000.0,378500.0,383000.0,382700.0,378700.0,367558.3333333333,377870.8333333333,25806
2016-12-19,383000.0,383000.0,376000.0,376500.0,381200.0,378950.0,367541.6666666667,377750.0,18464
2016-12-20,376500.0,379000.0,373500.0,375000.0,379400.0,379075.0,367608.3333333333,377616.6666666667,20957
2016-12-21,375000.0,375000.0,367000.0,367500.0,376800.0,379025.0,367541.6666666667,377412.5,40972
2016-12-22,367000.0,368000.0,364000.0,367000.0,373800.0,379125.0,367483.3333333333,377233.3333333333,27647
2016-12-23,367000.0,369000.0,363000.0,365000.0,370200.0,379000.0,367441.6666666667,377054.1666666667,27191
2016-12-26,365500.0,367000.0,357500.0,358500.0,366600.0,378650.0,367366.6666666667,376795.8333333333,44000
2016-12-27,358000.0,359500.0,354000.0,358000.0,363200.0,377475.0,367208.3333333333,376533.3333333333,30892
2016-12-28,352500.0,361000.0,352500.0,356000.0,360900.0,376075.0,367100.0,376241.6666666667,32460
2016-12-29,357000.0,358000.0,351500.0,357500.0,359000.0,374550.0,367125.0,376004.1666666667,27337
2017-01-02,359000.0,363000.0,355000.0,359000.0,357800.0,373625.0,367208.3333333333,375775.0,23782
2017-01-03,359000.0,359000.0,351000.0,351500.0,356400.0,372150.0,367133.3333333333,375450.0,48616
2017-01-04,351500.0,353500.0,350500.0,350500.0,354900.0,370600.0,367100.0,375020.8333333333,42540
2017-01-05,353000.0,362000.0,351500.0,360000.0,355700.0,369450.0,367166.6666666667,374662.5,62213
2017-01-06,360000.0,363500.0,358500.0,361000.0,356400.0,367975.0,367350.0,374283.3333333333,24623
2017-01-09,359500.0,360000.0,354500.0,357000.0,356000.0,366675.0,367516.6666666667,373933.3333333333,21570
2017-01-10,354000.0,356000.0,350500.0,352500.0,356200.0,365100.0,367566.6666666667,373570.8333333333,30336
2017-01-11,352000.0,355000.0,350000.0,351500.0,356400.0,363475.0,367400.0,373200.0,46269
2017-01-12,355000.0,359000.0,353500.0,357500.0,355900.0,362325.0,367416.6666666667,372854.1666666667,36379
2017-01-13,356000.0,364500.0,355500.0,360500.0,355800.0,361250.0,367375.0,372504.1666666667,36442
2017-01-16,360000.0,360500.0,355000.0,356500.0,355700.0,359925.0,367283.3333333333,372141.6666666667,27325
2017-01-17,356000.0,357000.0,351000.0,351000.0,355400.0,358650.0,367075.0,371754.1666666667,40554
2017-01-18,352000.0,359500.0,352000.0,358000.0,356700.0,357800.0,367083.3333333333,371450.0,33098
2017-01-19,356000.0,359000.0,353000.0,354000.0,356000.0,357125.0,367016.6666666667,371108.3333333333,26308
2017-01-20,355000.0,360500.0,354000.0,355000.0,354900.0,356525.0,366991.6666666667,370795.8333333333,20703
2017-01-23,358000.0,359500.0,354500.0,356000.0,354800.0,356075.0,366966.6666666667,370483.3333333333,26351
2017-01-24,356000.0,357000.0,353500.0,356000.0,355800.0,355950.0,367075.0,370225.0,14130
2017-01-25,357500.0,357500.0,346000.0,348000.0,353800.0,355450.0,367141.6666666667,369920.8333333333,63874
2017-01-26,348000.0,350000.0,344500.0,348500.0,352700.0,355075.0,367308.3333333333,369670.8333333333,19978
2017-01-31,348500.0,356500.0,347500.0,354500.0,352600.0,354925.0,367183.3333333333,369487.5,30019
2017-02-01,356500.0,358000.0,350000.0,355500.0,352500.0,354750.0,367033.3333333333,369279.1666666667,35052
2017-02-02,354500.0,361000.0,353000.0,358500.0,353000.0,355100.0,366941.6666666667,368987.5,48290
2017-02-03,360500.0,363500.0,351500.0,356000.0,354600.0,355375.0,366683.3333333333,368658.3333333333,44455
2017-02-06,359500.0,371000.0,358000.0,371000.0,359100.0,355925.0,366775.0,368370.8333333333,92238
2017-02-07,369000.0,370000.0,362500.0,364000.0,361000.0,356075.0,366616.6666666667,368016.6666666667,51914
2017-02-08,363000.0,364000.0,351500.0,357000.0,361300.0,356075.0,366433.3333333333,367670.8333333333,57045
2017-02-09,353000.0,356000.0,352000.0,352500.0,360100.0,356075.0,366175.0,367250.0,41721
2017-02-10,359000.0,370500.0,358000.0,370500.0,363000.0,357025.0,366183.3333333333,367008.3333333333,78725
2017-02-13,369500.0,372500.0,366500.0,372000.0,363200.0,357750.0,366141.6666666667,366820.8333333333,34232
2017-02-14,371000.0,372000.0,362000.0,363000.0,363000.0,357875.0,365891.6666666667,366633.3333333333,53865
2017-02-15,363000.0,364500.0,357000.0,357500.0,363100.0,357925.0,365516.6666666667,366416.6666666667,63395
2017-02-16,360000.0,360500.0,355500.0,356000.0,363800.0,358175.0,365258.3333333333,366191.6666666667,29373
2017-02-17,356000.0,359500.0,354500.0,357000.0,361100.0,358125.0,365000.0,365966.6666666667,21890
2017-02-20,355500.0,370500.0,354000.0,370000.0,360700.0,358925.0,365025.0,365883.3333333333,73822
2017-02-21,370500.0,374500.0,364000.0,366000.0,361300.0,359475.0,365041.6666666667,365725.0,63300
2017-02-22,365500.0,365500.0,357000.0,357500.0,361300.0,359550.0,364875.0,365475.0,69826
2017-02-23,359500.0,363500.0,358000.0,362000.0,362500.0,359850.0,364816.6666666667,365295.8333333333,38559
2017-02-24,362000.0,364500.0,360500.0,364500.0,364000.0,360675.0,364533.3333333333,365087.5,28700
2017-02-27,364500.0,365500.0,359000.0,363500.0,362700.0,361425.0,364191.6666666667,364854.1666666667,31398
2017-02-28,363500.0,364500.0,360000.0,364500.0,362400.0,361925.0,363800.0,364683.3333333333,25471
2017-03-02,366000.0,366000.0,358000.0,360000.0,362900.0,362150.0,363508.3333333333,364470.8333333333,63899
2017-03-03,359500.0,360500.0,355000.0,355000.0,361500.0,361975.0,363075.0,364220.8333333333,29858
2017-03-06,353000.0,353500.0,347000.0,351000.0,358800.0,361725.0,362566.6666666667,364062.5,48354
2017-03-07,354000.0,355000.0,350500.0,353000.0,356700.0,360825.0,362066.6666666667,363908.3333333333,27421
2017-03-08,351000.0,354000.0,349500.0,350500.0,353900.0,360150.0,361400.0,363745.8333333333,28751
2017-03-09,350500.0,353000.0,349000.0,349000.0,351700.0,359750.0,360833.3333333333,363595.8333333333,23201
2017-03-10,349500.0,353000.0,349000.0,349000.0,350500.0,359575.0,360250.0,363450.0,24072
2017-03-13,350000.0,355000.0,349500.0,353500.0,351000.0,358725.0,359741.6666666667,363345.8333333333,26073
2017-03-14,352500.0,357000.0,352000.0,353000.0,351000.0,357775.0,359283.3333333333,363245.8333333333,29360
2017-03-15,352000.0,353500.0,346000.0,347500.0,350400.0,357000.0,358708.3333333333,363062.5,39067
2017-03-16,351500.0,352500.0,340500.0,345000.0,349600.0,356375.0,358075.0,362816.6666666667,61090
2017-03-17,345000.0,351000.0,343500.0,351000.0,350000.0,356125.0,357650.0,362595.8333333333,26672
2017-03-20,350500.0,351000.0,346000.0,346500.0,348600.0,355600.0,357175.0,362391.6666666667,21137
2017-03-21,349000.0,351000.0,346500.0,347000.0,347400.0,354450.0,356833.3333333333,362187.5,26566
2017-03-22,347000.0,350500.0,345000.0,347000.0,347300.0,353500.0,356500.0,361991.6666666667,23901
2017-03-23,348000.0,353000.0,344500.0,349000.0,348100.0,353075.0,356233.3333333333,361837.5,48171
2017-03-24,349500.0,355500.0,349000.0,352500.0,348400.0,352600.0,356133.3333333333,361750.0,43363
2017-03-27,355000.0,358000.0,352500.0,356000.0,350300.0,352175.0,356100.0,361654.1666666667,58560
2017-03-28,355500.0,358500.0,354000.0,357500.0,352400.0,351875.0,356125.0,361612.5,38867
2017-03-29,358000.0,358000.0,352500.0,353500.0,353700.0,351325.0,356058.3333333333,361591.6666666667,21829
2017-03-30,354500.0,358500.0,352500.0,358000.0,355500.0,351225.0,356041.6666666667,361625.0,35705
2017-03-31,356000.0,358000.0,351500.0,353000.0,355600.0,351125.0,356066.6666666667,361600.0,41618
2017-04-03,352500.0,356500.0,352000.0,353500.0,355100.0,351250.0,356116.6666666667,361608.3333333333,34038
2017-04-04,353000.0,357500.0,351500.0,356500.0,354900.0,351425.0,356058.3333333333,361612.5,25979
2017-04-05,354000.0,358000.0,352500.0,355000.0,355200.0,351650.0,355958.3333333333,361654.1666666667,31776
2017-04-06,355500.0,355500.0,347000.0,348000.0,353200.0,351600.0,355808.3333333333,361662.5,40320
2017-04-07,348000.0,349500.0,344500.0,346000.0,351800.0,351450.0,355700.0,361633.3333333333,40675
2017-04-10,346000.0,347000.0,342000.0,342000.0,349500.0,350875.0,355541.6666666667,361470.8333333333,26619
2017-04-11,341500.0,343500.0,337000.0,339000.0,346000.0,350175.0,355233.3333333333,361325.0,34884
2017-04-12,339000.0,340000.0,334500.0,335000.0,342000.0,349550.0,354808.3333333333,361091.6666666667,37782
2017-04-13,337000.0,342000.0,335000.0,340500.0,340500.0,349325.0,354541.6666666667,360912.5,44070
2017-04-14,338500.0,344500.0,338500.0,342000.0,339700.0,348875.0,354391.6666666667,360733.3333333333,20216
2017-04-17,341000.0,344000.0,338500.0,340000.0,339300.0,348550.0,354091.6666666667,360587.5,37530
2017-04-18,342000.0,342500.0,338500.0,342000.0,339900.0,348300.0,353891.6666666667,360454.1666666667,32853
2017-04-19,344500.0,344500.0,340000.0,342000.0,341300.0,348050.0,353675.0,360333.3333333333,28547
2017-04-20,341500.0,351000.0,340000.0,350500.0,343300.0,348125.0,353583.3333333333,360275.0,64362
2017-04-21,349500.0,350500.0,346000.0,348500.0,344600.0,347925.0,353458.3333333333,360266.6666666667,33041
2017-04-24,349500.0,349500.0,344500.0,346000.0,345800.0,347425.0,353425.0,360283.3333333333,22101
2017-04-25,345000.0,347000.0,343000.0,344000.0,346200.0,346750.0,353350.0,360329.1666666667,32839
2017-04-26,345000.0,348000.0,344000.0,345500.0,346900.0,346350.0,353200.0,360191.6666666667,22248
2017-04-27,347500.0,349500.0,342500.0,344500.0,345700.0,345675.0,353016.6666666667,360025.0,30545
2017-04-28,341500.0,343500.0,339500.0,341000.0,344200.0,345075.0,352725.0,359833.3333333333,31406
2017-05-02,341000.0,343000.0,338000.0,342000.0,343400.0,344500.0,352491.6666666667,359587.5,25082
2017-05-04,340000.0,344000.0,340000.0,343500.0,343300.0,343850.0,352033.3333333333,359404.1666666667,30420
2017-05-08,346500.0,354500.0,346000.0,354500.0,345100.0,343825.0,351875.0,359245.8333333333,76283
2017-05-10,354000.0,360000.0,353000.0,354000.0,347000.0,344125.0,351825.0,359129.1666666667,61475
2017-05-11,358500.0,358500.0,351500.0,358500.0,350500.0,344750.0,351925.0,359050.0,40038
2017-05-12,356500.0,359500.0,352000.0,358000.0,353700.0,345550.0,351716.6666666667,358950.0,75598
2017-05-15,358000.0,358000.0,352000.0,354000.0,355800.0,346300.0,351416.6666666667,358779.1666666667,41926
2017-05-16,354500.0,356500.0,351000.0,354500.0,355800.0,347275.0,351275.0,358583.3333333333,32924
2017-05-17,353500.0,355500.0,351000.0,353500.0,355700.0,347925.0,351208.3333333333,358362.5,32196
2017-05-18,351500.0,357000.0,350500.0,355000.0,355000.0,348575.0,351191.6666666667,358225.0,48281
2017-05-19,355000.0,363500.0,355000.0,362500.0,355900.0,349700.0,351283.3333333333,358141.6666666667,62164
2017-05-22,365500.0,367000.0,364000.0,366500.0,358400.0,350925.0,351225.0,358125.0,49125
2017-05-23,368500.0,375000.0,365000.0,370500.0,361600.0,352350.0,351300.0,358170.8333333333,83774
2017-05-24,371000.0,375500.0,369000.0,374000.0,365700.0,353525.0,351575.0,358225.0,58563
2017-05-25,375000.0,376000.0,370500.0,375500.0,369800.0,354875.0,351800.0,358308.3333333333,36406
2017-05-26,373000.0,380500.0,373000.0,380000.0,373300.0,356575.0,352058.3333333333,358295.8333333333,50929
2017-05-29,380000.0,384500.0,378000.0,381500.0,376300.0,358450.0,352358.3333333333,358275.0,41448
2017-05-30,381500.0,384000.0,377000.0,378000.0,377800.0,360075.0,352583.3333333333,358191.6666666667,40848
2017-05-31,380000.0,384000.0,379500.0,381500.0,379300.0,361925.0,352941.6666666667,358225.0,55675
2017-06-01,380500.0,382500.0,377000.0,381000.0,380400.0,363925.0,353375.0,358225.0,29768
2017-06-02,381000.0,385500.0,378500.0,384000.0,381200.0,366025.0,353925.0,358245.8333333333,44508
2017-06-05,385000.0,387500.0,380500.0,387000.0,382300.0,368200.0,354491.6666666667,358279.1666666667,38394
2017-06-07,384500.0,389000.0,381500.0,383500.0,383400.0,369650.0,355041.6666666667,358220.8333333333,30297
2017-06-08,382000.0,386000.0,378500.0,386000.0,384300.0,371250.0,355658.3333333333,358245.8333333333,52918
2017-06-09,385000.0,385000.0,378500.0,380000.0,384100.0,372325.0,356175.0,358212.5,57168
2017-06-12,377500.0,378000.0,372000.0,373500.0,382000.0,373100.0,356508.3333333333,358125.0,38348
2017-06-13,381500.0,385500.0,374000.0,378000.0,380200.0,374300.0,356925.0,358104.1666666667,62182
2017-06-14,378000.0,385000.0,378000.0,384500.0,380400.0,375800.0,357541.6666666667,358125.0,47338
2017-06-15,381000.0,383500.0,377500.0,380000.0,379200.0,377125.0,358125.0,358100.0,34238
2017-06-16,381500.0,381500.0,374000.0,379500.0,379100.0,378350.0,358600.0,358125.0,46934
2017-06-19,376500.0,381500.0,372500.0,374000.0,379200.0,378925.0,359058.3333333333,358116.6666666667,41472
2017-06-20,372000.0,375000.0,368000.0,371000.0,377800.0,379150.0,359458.3333333333,358145.8333333333,50804
2017-06-21,367000.0,373000.0,360500.0,373000.0,375500.0,379275.0,359891.6666666667,358195.8333333333,46429
2017-06-22,370000.0,373500.0,366000.0,373500.0,374200.0,379250.0,360300.0,358266.6666666667,33528
2017-06-23,376000.0,377000.0,369000.0,370500.0,372400.0,379000.0,360600.0,358366.6666666667,35982
2017-06-26,372500.0,372500.0,365000.0,367500.0,371100.0,378375.0,360791.6666666667,358445.8333333333,28493
2017-06-27,364500.0,367000.0,362000.0,365500.0,370000.0,377575.0,360925.0,358525.0,30636
2017-06-28,364500.0,364500.0,359000.0,363000.0,368000.0,376825.0,361083.3333333333,358570.8333333333,39800
2017-06-29,364500.0,364500.0,359500.0,361500.0,365600.0,375825.0,361141.6666666667,358591.6666666667,37265
2017-06-30,360500.0,362500.0,359000.0,361500.0,363800.0,374850.0,361283.3333333333,358675.0,30057
2017-07-03,362000.0,365000.0,360000.0,361500.0,362600.0,373725.0,361416.6666666667,358766.6666666667,27429
2017-07-04,361500.0,363500.0,358000.0,358500.0,361200.0,372300.0,361450.0,358754.1666666667,28430
2017-07-05,357500.0,359500.0,353500.0,354500.0,359500.0,370850.0,361441.6666666667,358700.0,38771
2017-07-06,354000.0,360000.0,354000.0,360000.0,359200.0,369550.0,361641.6666666667,358725.0,29849
2017-07-07,360000.0,360000.0,354500.0,357000.0,358300.0,368400.0,361825.0,358762.5,31438
2017-07-10,357000.0,357000.0,351500.0,352500.0,356500.0,367350.0,362000.0,358770.8333333333,29975
2017-07-11,352500.0,353500.0,349000.0,350500.0,354900.0,365975.0,362191.6666666667,358712.5,35861
2017-07-12,353000.0,356000.0,353000.0,355500.0,355100.0,364525.0,362533.3333333333,358670.8333333333,33662
2017-07-13,357000.0,357000.0,352000.0,355000.0,354100.0,363275.0,362775.0,358658.3333333333,41740
2017-07-14,357000.0,357000.0,351000.0,356000.0,353900.0,362100.0,363008.3333333333,358700.0,24030
2017-07-17,357000.0,358500.0,354000.0,355500.0,354500.0,361175.0,363266.6666666667,358679.1666666667,22566
2017-07-18,356000.0,356500.0,351500.0,352500.0,354900.0,360250.0,363441.6666666667,358666.6666666667,27646
2017-07-19,354000.0,355500.0,351500.0,355000.0,354800.0,359350.0,363658.3333333333,358666.6666666667,32032
2017-07-20,354000.0,355500.0,352000.0,353500.0,354500.0,358350.0,363708.3333333333,358645.8333333333,18860
2017-07-21,354500.0,357000.0,353000.0,355000.0,354300.0,357575.0,363816.6666666667,358637.5,24607
2017-07-24,357000.0,364000.0,355000.0,362500.0,355700.0,357325.0,364091.6666666667,358758.3333333333,43927
2017-07-25,363000.0,367000.0,362000.0,366500.0,358500.0,357375.0,364466.6666666667,358908.3333333333,41631
2017-07-26,368000.0,369000.0,364500.0,366000.0,360700.0,357525.0,364808.3333333333,359004.1666666667,22675
2017-07-27,366000.0,369500.0,362500.0,368500.0,363700.0,357875.0,365208.3333333333,359112.5,20656
2017-07-28,366000.0,372500.0,366000.0,367500.0,366200.0,358175.0,365650.0,359187.5,38741
2017-07-31,367500.0,371500.0,366000.0,370000.0,367700.0,358600.0,366116.6666666667,359304.1666666667,30795
2017-08-01,368500.0,376000.0,368500.0,371500.0,368700.0,359250.0,366583.3333333333,359308.3333333333,31048
2017-08-02,372000.0,372500.0,366500.0,367000.0,368900.0,359875.0,366791.6666666667,359333.3333333333,21833
2017-08-03,367000.0,367000.0,356000.0,356000.0,366400.0,359675.0,366825.0,359325.0,48769
2017-08-04,355000.0,359500.0,353500.0,354000.0,363700.0,359525.0,366750.0,359337.5,46646
2017-08-07,352000.0,367500.0,351000.0,357500.0,361200.0,359775.0,366741.6666666667,359229.1666666667,86738
2017-08-08,357500.0,362500.0,357500.0,360500.0,359000.0,360275.0,366850.0,359133.3333333333,44999
2017-08-09,358500.0,362000.0,356000.0,359000.0,357400.0,360450.0,366925.0,359100.0,25178
2017-08-10,359000.0,364500.0,355000.0,356500.0,357500.0,360525.0,366975.0,359091.6666666667,42525
2017-08-11,356000.0,366500.0,355000.0,360000.0,358700.0,360725.0,367058.3333333333,359125.0,51007
2017-08-14,363000.0,365000.0,358000.0,360000.0,359200.0,360950.0,367016.6666666667,359150.0,22565
2017-08-16,359000.0,361500.0,356000.0,360000.0,359100.0,361325.0,366908.3333333333,359066.6666666667,34765
2017-08-17,359500.0,359500.0,354500.0,358500.0,359000.0,361500.0,366708.3333333333,359004.1666666667,31933
2017-08-18,356000.0,358000.0,354000.0,355000.0,358700.0,361575.0,366391.6666666667,358983.3333333333,22846
2017-08-21,354500.0,356500.0,352000.0,353000.0,357300.0,361475.0,366016.6666666667,358908.3333333333,18649
2017-08-22,353000.0,355000.0,349500.0,350500.0,355400.0,360875.0,365525.0,358791.6666666667,25492
2017-08-23,349500.0,350500.0,347500.0,349500.0,353300.0,360025.0,364991.6666666667,358675.0,29850
2017-08-24,349500.0,354000.0,349500.0,352500.0,352100.0,359350.0,364566.6666666667,358575.0,18112
2017-08-25,352000.0,353500.0,347500.0,353000.0,351700.0,358575.0,364091.6666666667,358516.6666666667,32677
2017-08-28,353000.0,360000.0,352000.0,359000.0,352900.0,358150.0,363725.0,358550.0,32042
2017-08-29,360000.0,360000.0,354500.0,358000.0,354400.0,357550.0,363291.6666666667,358608.3333333333,22107
2017-08-30,358500.0,359500.0,355000.0,359500.0,356400.0,356950.0,362833.3333333333,358662.5,21641
2017-08-31,357000.0,362500.0,356000.0,362500.0,358400.0,356725.0,362483.3333333333,358762.5,30789
2017-09-01,360500.0,362000.0,353500.0,354500.0,358700.0,356650.0,361958.3333333333,358808.3333333333,32857
2017-09-04,354500.0,354500.0,354500.0,354500.0,357800.0,356675.0,361533.3333333333,358854.1666666667,0
2017-09-05,351000.0,351000.0,347000.0,348500.0,355900.0,356225.0,361116.6666666667,358812.5,19030
2017-09-06,352000.0,352000.0,346000.0,346000.0,353200.0,355500.0,360583.3333333333,358754.1666666667,17125
2017-09-07,349500.0,352000.0,346000.0,350000.0,350700.0,355050.0,360008.3333333333,358775.0,14136
2017-09-08,350000.0,351000.0,347000.0,349500.0,349700.0,354700.0,359500.0,358812.5,12174
2017-09-11,352500.0,353500.0,350500.0,352500.0,349300.0,354325.0,359050.0,358825.0,16172
2017-09-12,352500.0,353000.0,349500.0,352500.0,350100.0,353950.0,358691.6666666667,358875.0,19868
2017-09-13,352500.0,353000.0,346500.0,346500.0,350200.0,353275.0,358283.3333333333,358870.8333333333,27612
2017-09-14,347500.0,348500.0,345000.0,345500.0,349300.0,352625.0,357825.0,358858.3333333333,37588
2017-09-15,346000.0,352000.0,345000.0,350500.0,349500.0,352400.0,357441.6666666667,358870.8333333333,32775
2017-09-18,350000.0,353000.0,348000.0,350500.0,349100.0,352275.0,357108.3333333333,358854.1666666667,31247
2017-09-19,349000.0,351500.0,348500.0,350500.0,348700.0,352275.0,356825.0,358808.3333333333,11781
2017-09-20,350000.0,351500.0,347500.0,350500.0,349500.0,352325.0,356575.0,358750.0,25595
2017-09-21,348500.0,352000.0,348000.0,350000.0,350400.0,352200.0,356358.3333333333,358720.8333333333,22316
2017-09-25,357000.0,357000.0,347000.0,347500.0,349800.0,351925.0,356125.0,358633.3333333333,22785
2017-09-26,347500.0,347500.0,347500.0,347500.0,349200.0,351350.0,355891.6666666667,358587.5,0
2017-09-27,349000.0,353500.0,347000.0,353000.0,349700.0,351100.0,355750.0,358583.3333333333,23866
2017-09-28,350500.0,356000.0,347500.0,350500.0,349700.0,350650.0,355616.6666666667,358533.3333333333,30147
2017-09-29,353500.0,356000.0,350500.0,354500.0,350600.0,350250.0,355616.6666666667,358529.1666666667,28949
2017-10-10,356000.0,363000.0,355500.0,358500.0,352800.0,350450.0,355591.6666666667,358616.6666666667,44360
2017-10-11,355500.0,360500.0,353500.0,354000.0,354100.0,350425.0,355541.6666666667,358683.3333333333,23801
2017-10-12,353000.0,366500.0,353000.0,365000.0,356500.0,351250.0,355750.0,358875.0,47302
2017-10-13,365500.0,369000.0,363500.0,367000.0,359800.0,352300.0,356025.0,359108.3333333333,28344
2017-10-16,370000.0,371000.0,365500.0,370500.0,363000.0,353325.0,356275.0,359404.1666666667,33582
2017-10-17,371000.0,373000.0,367000.0,372000.0,365700.0,354450.0,356558.3333333333,359666.6666666667,32603
2017-10-18,370000.0,376000.0,369000.0,374000.0,369700.0,355525.0,356858.3333333333,359933.3333333333,26782
2017-10-19,375000.0,379500.0,371000.0,377000.0,372100.0,356750.0,357216.6666666667,360241.6666666667,24718
2017-10-20,376500.0,378000.0,373000.0,376500.0,374000.0,358250.0,357616.6666666667,360529.1666666667,23114
2017-10-23,373000.0,376500.0,369500.0,370000.0,373900.0,359475.0,357866.6666666667,360762.5,25075
2017-10-24,368500.0,375500.0,368000.0,371500.0,373800.0,360525.0,358166.6666666667,360937.5,19761
2017-10-25,370000.0,370000.0,365000.0,369000.0,372800.0,361450.0,358400.0,361108.3333333333,18283
2017-10-26,367500.0,374000.0,365500.0,372000.0,371800.0,362525.0,358558.3333333333,361325.0,23267
2017-10-27,371500.0,371500.0,365500.0,366500.0,369800.0,363325.0,358558.3333333333,361512.5,20196
2017-10-30,367500.0,368000.0,360000.0,361000.0,368000.0,363875.0,358475.0,361641.6666666667,26308
2017-10-31,362000.0,366000.0,360000.0,366000.0,366900.0,364800.0,358433.3333333333,361820.8333333333,19573
2017-11-01,362000.0,364500.0,358000.0,358500.0,364800.0,365350.0,358283.3333333333,361966.6666666667,50230
2017-11-02,359000.0,361000.0,356000.0,356500.0,361700.0,365525.0,358058.3333333333,362087.5,24340
2017-11-03,359000.0,373500.0,359000.0,373500.0,363100.0,366675.0,358091.6666666667,362337.5,57673
2017-11-06,371000.0,374500.0,369000.0,373500.0,365600.0,367625.0,358200.0,362495.8333333333,27278
2017-11-07,373000.0,374500.0,366000.0,370500.0,366500.0,368225.0,358441.6666666667,362633.3333333333,32072
2017-11-08,367000.0,374000.0,365500.0,372500.0,369300.0,369150.0,358750.0,362750.0,54495
2017-11-09,386000.0,401000.0,383000.0,400000.0,378000.0,370900.0,359458.3333333333,363100.0,271286
2017-11-10,399000.0,403000.0,393500.0,399500.0,383200.0,372525.0,360108.3333333333,363479.1666666667,72668
2017-11-13,398500.0,403500.0,387500.0,391500.0,386800.0,373575.0,360650.0,363787.5,84250
2017-11-14,392000.0,393500.0,385000.0,389000.0,390500.0,374425.0,361191.6666666667,364083.3333333333,52170
2017-11-15,390000.0,392500.0,383000.0,390000.0,394000.0,375225.0,361691.6666666667,364375.0,39873
2017-11-16,392000.0,396500.0,387500.0,396000.0,393200.0,376175.0,362291.6666666667,364654.1666666667,56245
2017-11-17,396000.0,406000.0,393500.0,398500.0,393000.0,377275.0,362933.3333333333,364920.8333333333,74783
2017-11-20,404500.0,416500.0,403000.0,415000.0,397700.0,379525.0,363875.0,365291.6666666667,110912
2017-11-21,412000.0,417500.0,411500.0,416000.0,403100.0,381750.0,364891.6666666667,365641.6666666667,43764
2017-11-22,417000.0,417000.0,407000.0,408000.0,406700.0,383700.0,365808.3333333333,365912.5,43943
2017-11-23,404000.0,410000.0,404000.0,407000.0,408900.0,385450.0,366750.0,366137.5,31561
2017-11-24,410000.0,417500.0,408000.0,409500.0,411100.0,387600.0,367750.0,366370.8333333333,29810
2017-11-27,410000.0,416000.0,406500.0,409500.0,410000.0,390025.0,368700.0,366633.3333333333,39809
2017-11-28,409500.0,413500.0,405500.0,412500.0,409300.0,392350.0,369691.6666666667,366891.6666666667,29140
2017-11-29,410500.0,414500.0,403500.0,404000.0,408500.0,394625.0,370441.6666666667,367083.3333333333,30330
2017-11-30,408500.0,409500.0,400000.0,401000.0,407300.0,396850.0,371158.3333333333,367225.0,45925
2017-12-01,401000.0,403500.0,390000.0,393000.0,404000.0,397825.0,371716.6666666667,367275.0,35984
2017-12-04,396500.0,401500.0,392000.0,395000.0,401100.0,398900.0,372258.3333333333,367370.8333333333,43371
2017-12-05,395000.0,399500.0,394000.0,398000.0,398200.0,400275.0,372983.3333333333,367470.8333333333,26823
2017-12-06,396000.0,397500.0,388000.0,390500.0,395500.0,401175.0,373583.3333333333,367558.3333333333,30231
2017-12-07,390500.0,393500.0,387500.0,389000.0,393100.0,400625.0,374258.3333333333,367687.5,26564
2017-12-08,387500.0,394500.0,386500.0,390000.0,392500.0,400150.0,374991.6666666667,367787.5,31020
2017-12-11,392500.0,394000.0,388000.0,391500.0,391800.0,400150.0,375683.3333333333,367845.8333333333,25502
2017-12-12,389500.0,393000.0,385500.0,390500.0,390300.0,400225.0,376366.6666666667,367933.3333333333,25890
2017-12-13,388500.0,401000.0,388500.0,401000.0,392400.0,400775.0,377175.0,368112.5,29490
2017-12-14,402000.0,405500.0,378500.0,378500.0,390300.0,399900.0,377608.3333333333,368150.0,62211
2017-12-15,392000.0,401000.0,392000.0,401000.0,392500.0,400025.0,378516.6666666667,368400.0,45427
2017-12-18,401000.0,408000.0,396500.0,398500.0,393900.0,399200.0,379400.0,368612.5,33230
2017-12-19,380000.0,380000.0,358500.0,370500.0,389900.0,396925.0,379733.3333333333,368587.5,231869
2017-12-21,365000.0,367500.0,359500.0,365000.0,382700.0,394775.0,379975.0,368541.6666666667,39868
2017-12-22,365000.0,368500.0,361500.0,367000.0,380400.0,392775.0,380250.0,368537.5,29576
2017-12-26,369500.0,370500.0,363000.0,368000.0,373800.0,390700.0,380541.6666666667,368558.3333333333,40204
2017-12-27,364500.0,368500.0,363500.0,368000.0,367700.0,388625.0,380841.6666666667,368600.0,24815
2017-12-28,368000.0,368500.0,364000.0,366000.0,366800.0,386300.0,381150.0,368637.5,29754
2018-01-02,367500.0,372500.0,364500.0,371500.0,368100.0,384675.0,381550.0,368720.8333333333,37993
2018-01-03,369000.0,373500.0,367000.0,371000.0,368900.0,383175.0,381850.0,368800.0,33347
2018-01-04,373000.0,380000.0,373000.0,376500.0,370600.0,382350.0,382283.3333333333,368950.0,52979
2018-01-05,377000.0,378000.0,367500.0,370000.0,371000.0,381100.0,382541.6666666667,369079.1666666667,40236
2018-01-08,373000.0,374000.0,369500.0,372000.0,372200.0,379800.0,382766.6666666667,369179.1666666667,18600
2018-01-09,371000.0,382000.0,371000.0,381500.0,374200.0,379350.0,383225.0,369383.3333333333,41836
2018-01-10,383000.0,390000.0,382000.0,385000.0,377000.0,379150.0,383558.3333333333,369654.1666666667,46508
2018-01-11,390000.0,394000.0,385000.0,392000.0,380100.0,379250.0,383975.0,370000.0,49899
2018-01-12,392000.0,393500.0,385000.0,386500.0,383400.0,379000.0,384241.6666666667,370258.3333333333,28708
2018-01-15,386000.0,389000.0,378000.0,378500.0,384700.0,378400.0,384350.0,370454.1666666667,31175
2018-01-16,377000.0,383000.0,370500.0,374000.0,383200.0,377050.0,384350.0,370604.1666666667,67576
2018-01-17,369500.0,372000.0,363000.0,364500.0,379100.0,376350.0,384141.6666666667,370679.1666666667,140803
2018-01-18,364500.0,365500.0,359000.0,361500.0,373000.0,374375.0,383891.6666666667,370754.1666666667,102395
2018-01-19,361500.0,362000.0,357500.0,358000.0,367300.0,372350.0,383691.6666666667,370779.1666666667,75366
2018-01-22,359500.0,364500.0,359500.0,363500.0,364300.0,372000.0,383558.3333333333,370862.5,49979
2018-01-23,364500.0,368500.0,362000.0,364500.0,362400.0,371975.0,383483.3333333333,370941.6666666667,69433
2018-01-24,364000.0,365500.0,360500.0,362000.0,361900.0,371725.0,383316.6666666667,370937.5,48920
2018-01-25,362000.0,364000.0,360000.0,362000.0,362000.0,371425.0,383241.6666666667,370900.0,34847
2018-01-26,362000.0,368000.0,362000.0,366500.0,363700.0,371350.0,383333.3333333333,370904.1666666667,52505
2018-01-29,367500.0,368000.0,364500.0,365500.0,364100.0,371325.0,383325.0,370879.1666666667,52562
2018-01-30,367000.0,368000.0,360000.0,360500.0,363300.0,370775.0,383358.3333333333,370820.8333333333,54677
2018-01-31,361000.0,361500.0,352500.0,358500.0,362600.0,370150.0,383391.6666666667,370725.0,47167
2018-02-01,358500.0,362500.0,358500.0,360500.0,362300.0,369350.0,383175.0,370633.3333333333,36293
2018-02-02,360000.0,363500.0,353000.0,353000.0,359600.0,368500.0,382833.3333333333,370516.6666666667,78936
2018-02-05,352500.0,352500.0,347500.0,349000.0,356300.0,367350.0,382475.0,370458.3333333333,52809
2018-02-06,343000.0,346500.0,339000.0,343500.0,352900.0,365450.0,381991.6666666667,370370.8333333333,63340
2018-02-07,344000.0,348500.0,344000.0,345000.0,350200.0,363450.0,381075.0,370266.6666666667,39664
2018-02-08,345000.0,346000.0,338500.0,339000.0,345900.0,360800.0,380066.6666666667,370087.5,66801
2018-02-09,333500.0,336500.0,321000.0,322500.0,339800.0,357600.0,378916.6666666667,369783.3333333333,134942
2018-02-12,324000.0,326500.0,318500.0,321000.0,334200.0,354725.0,377783.3333333333,369487.5,50907
2018-02-13,322500.0,327000.0,322500.0,323500.0,330200.0,352200.0,376675.0,369183.3333333333,52022
2018-02-14,323000.0,324500.0,318000.0,319500.0,325100.0,349950.0,375400.0,368845.8333333333,75303
2018-02-19,323000.0,327000.0,322000.0,324500.0,322200.0,348100.0,374166.6666666667,368550.0,47854
2018-02-20,323500.0,325500.0,322500.0,325000.0,322700.0,346450.0,372666.6666666667,368270.8333333333,31571
2018-02-21,327500.0,337000.0,324000.0,334500.0,325400.0,345000.0,371308.3333333333,368100.0,77508
2018-02-22,331000.0,336500.0,328000.0,335500.0,327800.0,343550.0,370100.0,367954.1666666667,45615
2018-02-23,336500.0,354000.0,332000.0,353000.0,334500.0,343100.0,369200.0,367975.0,116816
2018-02-26,352500.0,355000.0,348000.0,351000.0,339800.0,342550.0,368225.0,367987.5,65047
2018-02-27,347500.0,353000.0,343000.0,350500.0,344900.0,341750.0,367241.6666666667,367970.8333333333,79328
2018-02-28,345500.0,348500.0,336000.0,338000.0,345600.0,340375.0,366000.0,367845.8333333333,85462
2018-03-02,332000.0,335000.0,327000.0,328500.0,344200.0,338775.0,364741.6666666667,367591.6666666667,71885
2018-03-05,329500.0,330000.0,323000.0,323500.0,338300.0,337025.0,363450.0,367304.1666666667,53882
2018-03-06,325000.0,327500.0,320000.0,322500.0,332600.0,335125.0,362275.0,366995.8333333333,53231
2018-03-07,323000.0,328500.0,320000.0,322500.0,327000.0,333600.0,361066.6666666667,366662.5,53321
2018-03-08,325000.0,327500.0,321000.0,327000.0,324800.0,332500.0,359883.3333333333,366433.3333333333,56154
2018-03-09,328000.0,337500.0,326000.0,333000.0,325700.0,331975.0,358925.0,366254.1666666667,68920
2018-03-12,333500.0,335500.0,331500.0,333000.0,327600.0,331375.0,357991.6666666667,366125.0,46267
2018-03-13,330500.0,333000.0,324000.0,326000.0,328300.0,330725.0,356925.0,365958.3333333333,59700
2018-03-14,325500.0,328500.0,322500.0,327500.0,329300.0,330975.0,355858.3333333333,365770.8333333333,41851
2018-03-15,329000.0,341000.0,327500.0,340500.0,332000.0,331950.0,355025.0,365695.8333333333,75840
2018-03-16,341500.0,341500.0,335500.0,340000.0,333400.0,332775.0,354008.3333333333,365591.6666666667,46212
2018-03-19,340000.0,340000.0,331500.0,333000.0,333400.0,333450.0,353250.0,365429.1666666667,31926
2018-03-20,329500.0,337000.0,329500.0,333500.0,334900.0,333900.0,352125.0,365320.8333333333,20121
2018-03-21,331500.0,334000.0,327000.0,329000.0,335200.0,334100.0,350966.6666666667,365183.3333333333,42238
2018-03-22,329000.0,334500.0,328500.0,332500.0,333600.0,334000.0,350333.3333333333,365033.3333333333,23019
2018-03-23,325000.0,327000.0,321500.0,322500.0,330100.0,333350.0,349625.0,364800.0,40986
2018-03-26,322500.0,324500.0,319500.0,323000.0,328100.0,331850.0,348891.6666666667,364570.8333333333,32691
2018-03-27,324000.0,329000.0,323500.0,326000.0,326600.0,330600.0,348191.6666666667,364366.6666666667,22357
2018-03-28,323500.0,324500.0,319000.0,320000.0,324800.0,329075.0,347391.6666666667,364116.6666666667,34177
2018-03-29,319000.0,322000.0,319000.0,320000.0,322300.0,328175.0,346625.0,363887.5,47001
2018-03-30,322500.0,323000.0,320000.0,321500.0,322100.0,327825.0,345791.6666666667,363670.8333333333,47357
2018-04-02,322500.0,332000.0,322000.0,329500.0,323400.0,328125.0,345100.0,363475.0,84037
2018-04-03,328500.0,338500.0,326000.0,337000.0,325600.0,328850.0,344441.6666666667,363362.5,151899
2018-04-04,339500.0,339500.0,329500.0,330500.0,327700.0,329250.0,343783.3333333333,363162.5,43400
2018-04-05,333500.0,336500.0,323500.0,324500.0,328600.0,329125.0,342991.6666666667,362879.1666666667,56639
2018-04-06,325500.0,325500.0,321000.0,323000.0,328900.0,328625.0,342016.6666666667,362620.8333333333,32747
2018-04-09,323000.0,324000.0,320500.0,322500.0,327500.0,328100.0,340975.0,362266.6666666667,37322
2018-04-10,322000.0,322500.0,319500.0,320500.0,324200.0,327825.0,339783.3333333333,361879.1666666667,57998
2018-04-11,323000.0,328500.0,322000.0,328000.0,323700.0,327850.0,338808.3333333333,361525.0,61296
2018-04-12,328000.0,331000.0,323500.0,324500.0,323700.0,327050.0,337908.3333333333,361129.1666666667,35085
2018-04-13,324500.0,327000.0,321500.0,326000.0,324300.0,326350.0,337108.3333333333,360729.1666666667,50865
2018-04-16,327000.0,328000.0,322000.0,324500.0,324700.0,325925.0,336441.6666666667,360291.6666666667,37648
2018-04-17,324500.0,324500.0,320500.0,321500.0,324900.0,325325.0,335775.0,359833.3333333333,55091
2018-04-18,323000.0,324000.0,320500.0,322500.0,323800.0,325000.0,335183.3333333333,359437.5,62656
2018-04-19,322500.0,323000.0,318000.0,320500.0,323000.0,324400.0,334466.6666666667,359012.5,85952
2018-04-20,321000.0,321500.0,316000.0,321500.0,322100.0,324350.0,333750.0,358616.6666666667,49933
2018-04-23,322500.0,333500.0,322000.0,332000.0,323600.0,324800.0,333250.0,358283.3333333333,103719
2018-04-24,333000.0,342000.0,330000.0,340500.0,327400.0,325525.0,332891.6666666667,358066.6666666667,122083
2018-04-25,339500.0,343500.0,336000.0,340000.0,330900.0,326525.0,332450.0,357891.6666666667,72085
2018-04-26,340500.0,340500.0,332000.0,332000.0,333200.0,327125.0,331891.6666666667,357608.3333333333,53493
2018-04-27,332500.0,337000.0,332500.0,334500.0,335800.0,327775.0,331458.3333333333,357408.3333333333,29775
2018-04-30,337500.0,343000.0,335000.0,343000.0,338000.0,328450.0,331200.0,357295.8333333333,59988
2018-05-02,343000.0,346500.0,340000.0,345000.0,338900.0,328850.0,330941.6666666667,357058.3333333333,53713
2018-05-03,341000.0,345000.0,340500.0,341000.0,339100.0,329375.0,330741.6666666667,356787.5,26479
2018-05-04,337500.0,345500.0,334000.0,342500.0,341200.0,330275.0,330633.3333333333,356554.1666666667,45939
2018-05-08,344000.0,346000.0,340500.0,342500.0,342800.0,331250.0,330616.6666666667,356304.1666666667,35023
2018-05-09,342000.0,345000.0,334000.0,342000.0,342600.0,332225.0,330566.6666666667,355820.8333333333,52400
2018-05-10,340500.0,363500.0,338500.0,359500.0,345500.0,334175.0,330908.3333333333,355487.5,188281
2018-05-11,355000.0,359000.0,348000.0,356500.0,348600.0,335600.0,331475.0,355195.8333333333,83624
2018-05-14,356500.0,360000.0,353000.0,359500.0,352000.0,337350.0,332116.6666666667,354950.0,61934
2018-05-15,357500.0,359000.0,351000.0,351500.0,353800.0,338625.0,332583.3333333333,354629.1666666667,42789
2018-05-16,352500.0,357500.0,352000.0,354500.0,356300.0,340125.0,333166.6666666667,354283.3333333333,37912
2018-05-17,354000.0,356000.0,350000.0,350500.0,354500.0,341575.0,333600.0,353883.3333333333,29450
2018-05-18,350500.0,353500.0,344500.0,347500.0,352700.0,342825.0,333975.0,353320.8333333333,44120
2018-05-21,348000.0,350000.0,344500.0,346500.0,350100.0,344125.0,334175.0,352741.6666666667,30297
2018-05-23,344500.0,348000.0,342000.0,345000.0,348800.0,345300.0,334333.3333333333,352216.6666666667,22133
2018-05-24,347000.0,348000.0,340000.0,342500.0,346400.0,345825.0,334158.3333333333,351679.1666666667,36695
2018-05-25,343000.0,344000.0,336500.0,337000.0,343700.0,345650.0,333925.0,351075.0,36410
2018-05-28,338500.0,345500.0,337000.0,343000.0,342800.0,345800.0,333800.0,350520.8333333333,38634
2018-05-29,343500.0,351000.0,340500.0,346500.0,342800.0,346525.0,333941.6666666667,349970.8333333333,44936
2018-05-30,344000.0,349000.0,339500.0,340500.0,341900.0,346825.0,334141.6666666667,349441.6666666667,43429
2018-05-31,345500.0,353000.0,342000.0,350500.0,343500.0,347200.0,334591.6666666667,349020.8333333333,71161
2018-06-01,350500.0,358000.0,350000.0,355500.0,347200.0,347725.0,335141.6666666667,348708.3333333333,64736
2018-06-04,356000.0,360000.0,352500.0,357500.0,350100.0,348550.0,335725.0,348395.8333333333,57517
2018-06-05,357500.0,366000.0,352500.0,364000.0,353600.0,349625.0,336341.6666666667,348112.5,71081
2018-06-07,364000.0,382000.0,364000.0,379000.0,361300.0,351450.0,337108.3333333333,348016.6666666667,164708
2018-06-08,378500.0,380000.0,372500.0,372500.0,365700.0,352975.0,337766.6666666667,347879.1666666667,41098
2018-06-11,374000.0,383000.0,371500.0,380500.0,370700.0,354025.0,338675.0,347800.0,76552
2018-06-12,380000.0,382500.0,377500.0,381500.0,375500.0,355275.0,339575.0,347716.6666666667,46533
2018-06-14,377500.0,381500.0,372000.0,372000.0,377100.0,355900.0,340100.0,347562.5,89740
2018-06-15,373000.0,376000.0,365000.0,368000.0,374900.0,356725.0,340566.6666666667,347287.5,63863
2018-06-18,370000.0,371500.0,356000.0,359000.0,372200.0,356950.0,341000.0,347125.0,59873
2018-06-19,358000.0,361500.0,351500.0,353000.0,366700.0,357075.0,341325.0,346725.0,38199
2018-06-20,350500.0,356000.0,348500.0,349500.0,360300.0,357175.0,341666.6666666667,346316.6666666667,42794
2018-06-21,349500.0,359000.0,349000.0,350000.0,355900.0,357350.0,341958.3333333333,346145.8333333333,32010
2018-06-22,346000.0,350500.0,343500.0,350500.0,352400.0,357625.0,342425.0,346025.0,45468
2018-06-25,349000.0,355500.0,346000.0,355000.0,351600.0,358250.0,342958.3333333333,345925.0,39810
2018-06-26,355000.0,356000.0,346500.0,352000.0,351400.0,359000.0,343391.6666666667,345791.6666666667,36642
2018-06-27,348000.0,351000.0,346500.0,347500.0,351000.0,359225.0,343850.0,345620.8333333333,28165
2018-06-28,349500.0,357500.0,349000.0,350500.0,351100.0,359425.0,344358.3333333333,345491.6666666667,31518
2018-06-29,353000.0,354000.0,347000.0,352500.0,351500.0,360025.0,344875.0,345333.3333333333,25873
2018-07-02,349500.0,354000.0,347000.0,347500.0,350000.0,359875.0,345175.0,345137.5,24001
2018-07-03,354000.0,354000.0,334500.0,339000.0,347400.0,359050.0,345208.3333333333,344825.0,50961
2018-07-04,340500.0,342000.0,333500.0,335500.0,345000.0,357950.0,345291.6666666667,344537.5,25370
2018-07-05,335500.0,337500.0,326000.0,330500.0,341000.0,356275.0,345391.6666666667,344191.6666666667,33751
2018-07-06,329000.0,341500.0,329000.0,339500.0,338400.0,354300.0,345666.6666666667,343841.6666666667,40595
2018-07-09,338500.0,342000.0,331500.0,335500.0,336000.0,352450.0,345883.3333333333,343429.1666666667,22675
2018-07-10,337000.0,342500.0,335500.0,336500.0,335500.0,350250.0,346150.0,342966.6666666667,25120
2018-07-11,332000.0,339000.0,330000.0,338500.0,336100.0,348100.0,346325.0,342566.6666666667,26655
2018-07-12,340000.0,341500.0,336000.0,336000.0,337200.0,346300.0,346516.6666666667,342212.5,30265
2018-07-13,338500.0,345500.0,338000.0,342000.0,337700.0,345000.0,346783.3333333333,341945.8333333333,22276
2018-07-16,340000.0,342000.0,330500.0,331500.0,336900.0,343625.0,346900.0,341670.8333333333,53933
2018-07-17,331500.0,337000.0,331500.0,333000.0,336200.0,342625.0,347091.6666666667,341433.3333333333,23263
2018-07-18,333500.0,334000.0,329500.0,330000.0,334500.0,341650.0,347216.6666666667,341200.0,21706
2018-07-19,333000.0,334500.0,321500.0,323000.0,331900.0,340300.0,347258.3333333333,340862.5,36685
2018-07-20,323000.0,331500.0,323000.0,329500.0,329400.0,339250.0,347391.6666666667,340570.8333333333,35588
2018-07-23,328000.0,334500.0,326500.0,332000.0,329500.0,338100.0,347391.6666666667,340320.8333333333,25065
2018-07-24,333500.0,337000.0,332500.0,335000.0,329900.0,337250.0,347300.0,340095.8333333333,26832
2018-07-25,337000.0,337000.0,333000.0,335000.0,330900.0,336625.0,347216.6666666667,339833.3333333333,22805
2018-07-26,337500.0,338500.0,332500.0,334000.0,333100.0,335800.0,347250.0,339570.8333333333,25858
2018-07-27,336500.0,336500.0,331500.0,334500.0,334100.0,334900.0,347250.0,339354.1666666667,17499
2018-07-30,333000.0,337000.0,332000.0,334500.0,334600.0,334250.0,347108.3333333333,339154.1666666667,17031
2018-07-31,334500.0,339500.0,334500.0,338000.0,335200.0,334200.0,346991.6666666667,338966.6666666667,27265
2018-08-01,339500.0,343500.0,337500.0,342500.0,336700.0,334550.0,347016.6666666667,338879.1666666667,33469
2018-08-02,341500.0,344000.0,339000.0,339500.0,337800.0,335000.0,346966.6666666667,338800.0,26354
2018-08-03,340000.0,348000.0,336000.0,344000.0,339700.0,335225.0,346991.6666666667,338804.1666666667,37388
2018-08-06,342500.0,348000.0,342500.0,347000.0,342200.0,335800.0,347075.0,338820.8333333333,18771
2018-08-07,344000.0,346500.0,340500.0,343500.0,343300.0,336150.0,346808.3333333333,338858.3333333333,24760
2018-08-08,342500.0,344000.0,338000.0,339500.0,342700.0,336200.0,346525.0,339000.0,21663
2018-08-09,344500.0,345000.0,338000.0,341500.0,343100.0,336475.0,346225.0,339170.8333333333,40712
2018-08-10,343500.0,354500.0,343500.0,354000.0,345100.0,337075.0,346266.6666666667,339425.0,67825
2018-08-13,353000.0,353500.0,344000.0,349000.0,345500.0,337950.0,346175.0,339670.8333333333,32763
2018-08-14,348000.0,348000.0,342000.0,344500.0,345700.0,338525.0,346075.0,339837.5,30608
2018-08-16,341000.0,342000.0,333500.0,339500.0,345700.0,339000.0,345941.6666666667,339958.3333333333,30912
2018-08-17,339500.0,342500.0,335500.0,340500.0,345500.0,339875.0,345841.6666666667,340008.3333333333,17403
2018-08-20,343500.0,344500.0,334500.0,337000.0,342100.0,340250.0,345708.3333333333,340020.8333333333,28499
2018-08-21,335000.0,339000.0,333500.0,337000.0,339700.0,340500.0,345616.6666666667,339887.5,23772
2018-08-22,337000.0,339000.0,335000.0,337500.0,338300.0,340625.0,345625.0,339775.0,21903
2018-08-23,339000.0,340000.0,335500.0,337500.0,337900.0,340750.0,345533.3333333333,339666.6666666667,20326
2018-08-24,339000.0,341000.0,337000.0,338500.0,337500.0,340975.0,345400.0,339670.8333333333,22804
2018-08-27,340000.0,341500.0,337000.0,341000.0,338300.0,341300.0,345408.3333333333,339775.0,24318
2018-08-28,342000.0,349500.0,340000.0,349000.0,340700.0,342025.0,345383.3333333333,339987.5,34676
2018-08-29,348500.0,348500.0,342500.0,343000.0,341800.0,342275.0,345175.0,340158.3333333333,23094
2018-08-30,344000.0,345500.0,338000.0,339500.0,342200.0,342125.0,344875.0,340300.0,25832
2018-08-31,339500.0,342500.0,335500.0,342500.0,343000.0,342275.0,344516.6666666667,340429.1666666667,29981
2018-09-03,341000.0,345000.0,338000.0,345000.0,343800.0,342325.0,343950.0,340529.1666666667,19546
2018-09-04,345000.0,345000.0,337000.0,337000.0,341400.0,341825.0,343358.3333333333,340562.5,35976
2018-09-05,335500.0,339500.0,333500.0,334000.0,339600.0,341350.0,342583.3333333333,340629.1666666667,25376
2018-09-06,334000.0,336500.0,332500.0,332500.0,338200.0,341000.0,341766.6666666667,340670.8333333333,16078
2018-09-07,336000.0,337500.0,330000.0,332500.0,336200.0,340550.0,341108.3333333333,340604.1666666667,23742
2018-09-10,330500.0,335000.0,330500.0,333500.0,333900.0,339525.0,340533.3333333333,340550.0,20109
2018-09-11,333500.0,333500.0,326500.0,328000.0,332100.0,338475.0,340016.6666666667,340508.3333333333,34536
2018-09-12,330000.0,330500.0,322000.0,326500.0,330600.0,337575.0,339575.0,340450.0,54390
2018-09-13,328500.0,334000.0,326000.0,332000.0,330500.0,337200.0,339283.3333333333,340475.0,51720
2018-09-14,332000.0,334500.0,327000.0,327500.0,329500.0,336550.0,338908.3333333333,340433.3333333333,38632
2018-09-17,327500.0,329000.0,324000.0,327500.0,328300.0,336075.0,338525.0,340475.0,26778
2018-09-18,325500.0,328000.0,324000.0,325500.0,327800.0,335500.0,338033.3333333333,340495.8333333333,31388
2018-09-19,325000.0,328000.0,324500.0,325500.0,327600.0,334900.0,337591.6666666667,340491.6666666667,27112
2018-09-20,324500.0,330000.0,324500.0,328000.0,326800.0,334425.0,337266.6666666667,340558.3333333333,25201
2018-09-21,332000.0,332000.0,328500.0,331000.0,327500.0,334050.0,336941.6666666667,340650.0,39426
2018-09-27,333000.0,335000.0,328500.0,330500.0,328100.0,333525.0,336575.0,340725.0,39353
2018-09-28,332000.0,334000.0,329500.0,333500.0,329700.0,332750.0,336341.6666666667,340758.3333333333,35012
2018-10-01,331500.0,333500.0,330000.0,331500.0,330900.0,332175.0,336216.6666666667,340712.5,21988
2018-10-02,330500.0,335000.0,328500.0,329000.0,331100.0,331650.0,336108.3333333333,340700.0,35016
2018-10-04,330500.0,332000.0,325500.0,327000.0,330300.0,330875.0,336050.0,340720.8333333333,36508
2018-10-05,328500.0,328500.0,324000.0,327000.0,329600.0,329975.0,335841.6666666667,340754.1666666667,28022
2018-10-08,328500.0,331000.0,327000.0,330000.0,328900.0,329625.0,335750.0,340816.6666666667,30401
2018-10-10,330500.0,331500.0,323500.0,325000.0,327600.0,329175.0,335558.3333333333,340854.1666666667,57580
2018-10-11,315500.0,321500.0,308000.0,312000.0,324200.0,328150.0,335116.6666666667,340720.8333333333,64661
2018-10-12,315000.0,322500.0,308000.0,317500.0,322300.0,327400.0,334808.3333333333,340662.5,40087
2018-10-15,317500.0,325000.0,313500.0,322000.0,321300.0,326825.0,334475.0,340629.1666666667,26163
2018-10-16,323500.0,333000.0,323000.0,331500.0,321600.0,327000.0,334475.0,340687.5,40204
2018-10-17,334500.0,334500.0,330000.0,333000.0,323200.0,327325.0,334475.0,340783.3333333333,24978
2018-10-18,331000.0,335500.0,330500.0,333000.0,327400.0,327375.0,334525.0,340870.8333333333,14690
2018-10-19,329000.0,338000.0,328500.0,335500.0,331000.0,327775.0,334733.3333333333,340995.8333333333,34261
2018-10-22,332500.0,342500.0,332500.0,341500.0,334900.0,328475.0,334933.3333333333,341162.5,34054
2018-10-23,338000.0,341500.0,334000.0,335500.0,335700.0,328975.0,334991.6666666667,341191.6666666667,25557
2018-10-24,340000.0,343000.0,334500.0,343000.0,337700.0,329850.0,335125.0,341212.5,45707
2018-10-25,340000.0,340500.0,331000.0,338500.0,338800.0,330375.0,335183.3333333333,341200.0,31961
2018-10-26,335000.0,339500.0,328000.0,333000.0,338300.0,330475.0,335166.6666666667,341208.3333333333,32672
2018-10-29,330000.0,341000.0,330000.0,335500.0,337100.0,330725.0,335183.3333333333,341216.6666666667,51524
2018-10-30,335000.0,338500.0,323000.0,327500.0,335500.0,330425.0,335066.6666666667,341087.5,34096
2018-10-31,325000.0,329500.0,320000.0,324000.0,331700.0,330050.0,334833.3333333333,340912.5,49161
2018-11-01,322000.0,325500.0,318000.0,318000.0,327600.0,329500.0,334425.0,340720.8333333333,43440
2018-11-02,318000.0,328000.0,318000.0,326500.0,326300.0,329475.0,334208.3333333333,340587.5,28573
2018-11-05,324500.0,326000.0,320500.0,326000.0,324400.0,329425.0,333908.3333333333,340450.0,16120
2018-11-06,328500.0,330000.0,325500.0,330000.0,324900.0,329425.0,333625.0,340350.0,21813
2018-11-07,329000.0,341000.0,329000.0,335000.0,327100.0,329925.0,333483.3333333333,340145.8333333333,50127
2018-11-08,338000.0,341000.0,333000.0,333000.0,330100.0,330975.0,333375.0,339950.0,31964
2018-11-09,334000.0,344000.0,334000.0,343000.0,333400.0,332250.0,333400.0,339812.5,57026
2018-11-12,341000.0,347500.0,339000.0,347000.0,337600.0,333500.0,333283.3333333333,339775.0,40139
2018-11-13,344500.0,347500.0,339500.0,347000.0,341000.0,334275.0,333250.0,339712.5,32283
2018-11-14,344500.0,346000.0,340000.0,341500.0,342300.0,334700.0,333200.0,339637.5,22503
2018-11-15,339000.0,362500.0,338000.0,361500.0,348000.0,336125.0,333566.6666666667,339754.1666666667,82231
2018-11-16,362000.0,364500.0,349500.0,351000.0,349600.0,336900.0,333741.6666666667,339791.6666666667,61807
2018-11-19,352000.0,354500.0,348000.0,352500.0,350700.0,337450.0,334000.0,339854.1666666667,28434
2018-11-20,350000.0,355000.0,345500.0,347500.0,350800.0,338050.0,334175.0,339895.8333333333,31297
2018-11-21,345000.0,353500.0,341000.0,352000.0,352900.0,338500.0,334416.6666666667,340020.8333333333,32750
2018-11-22,350000.0,352000.0,344500.0,347000.0,350000.0,338925.0,334575.0,340054.1666666667,27463
2018-11-23,346500.0,349500.0,340500.0,347000.0,349200.0,339625.0,334716.6666666667,340058.3333333333,31417
2018-11-26,347000.0,350500.0,343500.0,344500.0,347600.0,340075.0,334775.0,340091.6666666667,36682
2018-11-27,344500.0,347500.0,339000.0,341000.0,346300.0,340750.0,334641.6666666667,340012.5,33125
2018-11-28,341000.0,342500.0,336500.0,341500.0,344200.0,341625.0,334616.6666666667,339895.8333333333,24091
2018-11-29,344500.0,346000.0,338500.0,342000.0,343200.0,342825.0,334658.3333333333,339766.6666666667,29405
2018-11-30,342000.0,342000.0,334000.0,336000.0,341000.0,343300.0,334550.0,339533.3333333333,52423
2018-12-03,339000.0,340500.0,334000.0,336000.0,339300.0,343800.0,334400.0,339175.0,27966
2018-12-04,337000.0,341000.0,336000.0,340000.0,339100.0,344300.0,334450.0,338904.1666666667,23286
2018-12-05,338000.0,348000.0,336500.0,345000.0,339800.0,344800.0,334633.3333333333,338608.3333333333,44483
2018-12-06,348000.0,348000.0,340000.0,343000.0,340000.0,345300.0,334808.3333333333,338287.5,28424
2018-12-07,343500.0,344500.0,337500.0,340500.0,340900.0,345175.0,334941.6666666667,338025.0,31348
2018-12-10,336000.0,352500.0,336000.0,349000.0,343500.0,345275.0,335200.0,337866.6666666667,63002
2018-12-11,347000.0,351000.0,346000.0,348000.0,345100.0,345325.0,335533.3333333333,337775.0,33982
2018-12-12,350000.0,351000.0,346500.0,350500.0,346200.0,345775.0,335933.3333333333,337754.1666666667,28963
2018-12-13,350500.0,351000.0,347500.0,351000.0,347800.0,345250.0,336250.0,337766.6666666667,49270
2018-12-14,351000.0,351000.0,344000.0,347000.0,349100.0,345050.0,336575.0,337741.6666666667,19788
2018-12-17,349000.0,355000.0,343000.0,345000.0,348300.0,344675.0,336866.6666666667,337695.8333333333,29854
2018-12-18,345000.0,350000.0,339000.0,342500.0,347200.0,344425.0,337150.0,337591.6666666667,29422
2018-12-19,342500.0,346000.0,338500.0,341500.0,345400.0,343900.0,337416.6666666667,337504.1666666667,31093
2018-12-20,341000.0,341000.0,329000.0,335500.0,342300.0,343325.0,337541.6666666667,337404.1666666667,38793
2018-12-21,338500.0,339000.0,330000.0,332500.0,339400.0,342600.0,337566.6666666667,337254.1666666667,57708
2018-12-24,334000.0,334500.0,330500.0,333000.0,337000.0,342025.0,337608.3333333333,337091.6666666667,23168
2018-12-26,329500.0,332000.0,325000.0,326000.0,333700.0,341275.0,337483.3333333333,336912.5,25311
2018-12-27,328000.0,330000.0,324500.0,325500.0,330500.0,340475.0,337383.3333333333,336800.0,25354
2018-12-28,324500.0,335000.0,324500.0,330500.0,329500.0,339900.0,337408.3333333333,336758.3333333333,33651
2019-01-02,330500.0,334500.0,326500.0,331000.0,329200.0,339650.0,337475.0,336762.5,36351
2019-01-03,331500.0,331500.0,326000.0,328000.0,328200.0,339250.0,337491.6666666667,336666.6666666667,22538
2019-01-04,329500.0,345000.0,326500.0,342000.0,331400.0,339350.0,337691.6666666667,336720.8333333333,51429
2019-01-07,342000.0,343500.0,338000.0,340500.0,334400.0,339125.0,337950.0,336754.1666666667,21483
2019-01-08,342000.0,342000.0,333500.0,335500.0,335400.0,338750.0,338341.6666666667,336729.1666666667,20033
2019-01-09,337000.0,339500.0,333500.0,337500.0,336700.0,338600.0,338675.0,336741.6666666667,23993
2019-01-10,337000.0,342500.0,337000.0,337000.0,338500.0,338000.0,338925.0,336700.0,21544
2019-01-11,337500.0,340000.0,333000.0,334500.0,337000.0,337325.0,338975.0,336725.0,36435
2019-01-14,335000.0,347000.0,334000.0,343000.0,337500.0,336950.0,339141.6666666667,336808.3333333333,53863
2019-01-15,343000.0,344000.0,338000.0,338500.0,338100.0,336325.0,339233.3333333333,336879.1666666667,26389
2019-01-16,338000.0,340500.0,336000.0,338000.0,338200.0,335875.0,339275.0,337004.1666666667,27367
2019-01-17,338000.0,341500.0,337000.0,340500.0,338900.0,335650.0,339258.3333333333,337095.8333333333,24607
2019-01-18,340500.0,341500.0,336000.0,341500.0,340300.0,335600.0,339358.3333333333,337175.0,24459
2019-01-21,342500.0,342500.0,339500.0,341500.0,340000.0,335600.0,339333.3333333333,337229.1666666667,19186
2019-01-22,339500.0,341500.0,336500.0,340000.0,340300.0,335825.0,339358.3333333333,337270.8333333333,23884
2019-01-23,340000.0,341500.0,338500.0,339500.0,340600.0,336175.0,339466.6666666667,337316.6666666667,25336
2019-01-24,338000.0,342000.0,336000.0,338500.0,340200.0,336450.0,339516.6666666667,337350.0,25064
2019-01-25,336000.0,340000.0,335000.0,335500.0,339000.0,336925.0,339650.0,337358.3333333333,35318
2019-01-28,335500.0,336500.0,332000.0,333000.0,337300.0,337300.0,339800.0,337316.6666666667,41393
2019-01-29,333500.0,335500.0,331500.0,333500.0,336000.0,337450.0,340058.3333333333,337241.6666666667,18657
2019-01-30,335500.0,335500.0,330000.0,333500.0,334800.0,337575.0,340175.0,337191.6666666667,36757
2019-01-31,335000.0,344000.0,330500.0,342500.0,335600.0,338300.0,340450.0,337179.1666666667,72702
2019-02-01,342000.0,343000.0,335000.0,335000.0,335500.0,337950.0,340533.3333333333,337079.1666666667,42812
2019-02-07,337000.0,341000.0,335000.0,340000.0,336900.0,337925.0,340616.6666666667,337050.0,29909
2019-02-08,340000.0,340500.0,336500.0,340000.0,338200.0,338150.0,340733.3333333333,337054.1666666667,24380
2019-02-11,340000.0,340500.0,336500.0,338000.0,339100.0,338175.0,340650.0,337025.0,19458
2019-02-12,339500.0,340000.0,331500.0,332000.0,337000.0,337925.0,340400.0,336841.6666666667,44392
2019-02-13,333000.0,335000.0,331000.0,333500.0,336700.0,337875.0,340175.0,336712.5,30438
2019-02-14,332500.0,339500.0,331000.0,339500.0,336600.0,337700.0,340141.6666666667,336670.8333333333,41054
2019-02-15,339500.0,341000.0,333000.0,336500.0,335900.0,337600.0,339725.0,336645.8333333333,31378
2019-02-18,340000.0,340000.0,334000.0,335500.0,335400.0,337475.0,339466.6666666667,336604.1666666667,36448
2019-02-19,336000.0,338000.0,333500.0,334000.0,335800.0,337150.0,339158.3333333333,336579.1666666667,27977
2019-02-20,334000.0,335500.0,333000.0,335000.0,336100.0,336825.0,338950.0,336562.5,49013
2019-02-21,334500.0,334500.0,332000.0,332500.0,334700.0,336375.0,338625.0,336520.8333333333,28239
2019-02-22,333500.0,334500.0,330000.0,331500.0,333700.0,335950.0,338366.6666666667,336470.8333333333,36421
2019-02-25,331500.0,333000.0,329000.0,330500.0,332700.0,335500.0,338091.6666666667,336404.1666666667,42795
2019-02-26,332500.0,332500.0,327500.0,328000.0,331500.0,334975.0,337816.6666666667,336295.8333333333,43403
2019-02-27,329000.0,330000.0,320500.0,323500.0,329200.0,334375.0,337525.0,336083.3333333333,120238
2019-02-28,324000.0,325000.0,321000.0,322000.0,327100.0,333825.0,337200.0,335908.3333333333,74343
2019-03-04,323000.0,325000.0,320500.0,321500.0,325100.0,333225.0,336858.3333333333,335758.3333333333,51229
2019-03-05,321500.0,322000.0,319000.0,321000.0,323200.0,332600.0,336608.3333333333,335579.1666666667,47184
2019-03-06,322000.0,326000.0,321000.0,325000.0,322600.0,331725.0,336425.0,335412.5,48242
2019-03-07,326500.0,326500.0,319500.0,321000.0,322100.0,331025.0,336108.3333333333,335279.1666666667,48150
2019-03-08,322500.0,324500.0,320000.0,322500.0,322200.0,330150.0,335733.3333333333,335183.3333333333,42713
2019-03-11,324500.0,328500.0,322500.0,328500.0,323600.0,329575.0,335491.6666666667,335150.0,46010
2019-03-12,329000.0,329000.0,324500.0,326500.0,324700.0,329000.0,335258.3333333333,335100.0,35549
2019-03-13,325000.0,327500.0,323000.0,327000.0,325100.0,328750.0,334891.6666666667,335045.8333333333,20624
2019-03-14,328000.0,328500.0,325000.0,327000.0,326300.0,328425.0,334541.6666666667,335037.5,32776
2019-03-15,326000.0,329500.0,325500.0,329000.0,327600.0,327900.0,334183.3333333333,335058.3333333333,63650
2019-03-18,329000.0,331000.0,329000.0,331000.0,328100.0,327625.0,333850.0,335050.0,29512
2019-03-19,331000.0,333000.0,329500.0,333000.0,329400.0,327500.0,333616.6666666667,335095.8333333333,30670
2019-03-20,332000.0,333000.0,328000.0,330000.0,330000.0,327300.0,333366.6666666667,335116.6666666667,18275
2019-03-21,330000.0,331000.0,326500.0,328000.0,330200.0,326950.0,333125.0,335137.5,22790
2019-03-22,326000.0,327500.0,324500.0,326000.0,329600.0,326625.0,332866.6666666667,335141.6666666667,26490
2019-03-25,322000.0,324000.0,320000.0,321000.0,327600.0,326100.0,332625.0,335083.3333333333,24882
2019-03-26,324000.0,327500.0,321500.0,324500.0,325900.0,325800.0,332491.6666666667,335029.1666666667,27200
2019-03-27,326000.0,328000.0,324500.0,327500.0,325400.0,325775.0,332400.0,335004.1666666667,30000
2019-03-28,325000.0,327000.0,321000.0,322000.0,324200.0,325700.0,332333.3333333333,334908.3333333333,23688
2019-03-29,322500.0,325000.0,320000.0,323000.0,323600.0,325750.0,332291.6666666667,334837.5,29480
2019-04-01,326500.0,328500.0,324000.0,324500.0,324300.0,325900.0,332191.6666666667,334800.0,27146
2019-04-02,324500.0,327500.0,323500.0,326000.0,324600.0,326150.0,332108.3333333333,334791.6666666667,22763
2019-04-03,323500.0,327500.0,323500.0,326000.0,324300.0,326200.0,332075.0,334783.3333333333,28687
2019-04-04,326000.0,326500.0,323500.0,325000.0,324900.0,326400.0,331791.6666666667,334741.6666666667,23028
2019-04-05,325000.0,325000.0,322500.0,322500.0,324800.0,326400.0,331491.6666666667,334720.8333333333,19792
2019-04-08,324500.0,330000.0,324500.0,328500.0,325600.0,326400.0,331375.0,334858.3333333333,33894
2019-04-09,328000.0,330000.0,326500.0,329000.0,326200.0,326525.0,331233.3333333333,334954.1666666667,23311
2019-04-10,326500.0,330500.0,326500.0,329500.0,326900.0,326650.0,331108.3333333333,335016.6666666667,23699
2019-04-11,329500.0,331000.0,323000.0,324500.0,326800.0,326525.0,330941.6666666667,334958.3333333333,51075
2019-04-12,324000.0,327500.0,324000.0,326500.0,327600.0,326400.0,330666.6666666667,334904.1666666667,25974
2019-04-15,325500.0,327000.0,324000.0,325500.0,327000.0,326125.0,330450.0,334841.6666666667,29726
2019-04-16,327000.0,328500.0,323500.0,324500.0,326100.0,325700.0,330225.0,334750.0,29213
2019-04-17,324500.0,324500.0,320000.0,320500.0,324300.0,325225.0,329891.6666666667,334575.0,60390
2019-04-18,323000.0,323000.0,315500.0,318000.0,323000.0,324725.0,329500.0,334429.1666666667,65358
2019-04-19,318000.0,318500.0,314000.0,315500.0,320800.0,324200.0,329066.6666666667,334200.0,49442
2019-04-22,316000.0,317500.0,313500.0,316000.0,318900.0,323950.0,328666.6666666667,334012.5,33428
2019-04-23,318000.0,319000.0,315000.0,317500.0,317500.0,323600.0,328300.0,333883.3333333333,27293
2019-04-24,318500.0,318500.0,314000.0,317000.0,316800.0,323075.0,327941.6666666667,333729.1666666667,35384
2019-04-25,317000.0,317500.0,313000.0,314000.0,316000.0,322675.0,327583.3333333333,333616.6666666667,27940
2019-04-26,315000.0,316500.0,312000.0,315500.0,316000.0,322300.0,327291.6666666667,333545.8333333333,26967
2019-04-29,315000.0,317500.0,314000.0,317500.0,316300.0,321950.0,327025.0,333541.6666666667,20910
2019-04-30,318000.0,318000.0,313500.0,315000.0,315800.0,321400.0,326716.6666666667,333445.8333333333,18087
2019-05-02,313000.0,315500.0,312500.0,314000.0,315200.0,320800.0,326241.6666666667,333345.8333333333,20497
2019-05-03,313500.0,313500.0,309500.0,309500.0,314300.0,320025.0,325816.6666666667,333175.0,37968
2019-05-07,309000.0,312000.0,308000.0,312000.0,313600.0,319500.0,325350.0,332983.3333333333,25772
2019-05-08,309000.0,313000.0,309000.0,310500.0,312200.0,318600.0,324858.3333333333,332795.8333333333,22794
2019-05-09,310000.0,313000.0,306000.0,306000.0,310400.0,317450.0,324325.0,332487.5,38992
2019-05-10,308500.0,308500.0,299000.0,300000.0,307600.0,315975.0,323791.6666666667,332095.8333333333,48574
2019-05-13,299000.0,300500.0,297500.0,298500.0,305400.0,314675.0,323208.3333333333,331691.6666666667,28126
2019-05-14,295500.0,295500.0,286500.0,288500.0,300700.0,312775.0,322358.3333333333,331250.0,109064
2019-05-15,291000.0,291000.0,284000.0,285500.0,295700.0,310775.0,321508.3333333333,330616.6666666667,75120
2019-05-16,286500.0,288500.0,285000.0,286500.0,291800.0,308875.0,320691.6666666667,330079.1666666667,45620
2019-05-17,286500.0,288000.0,279500.0,280000.0,287800.0,306850.0,319791.6666666667,329475.0,51179
2019-05-20,280000.0,285500.0,279500.0,283000.0,284700.0,305100.0,318925.0,328937.5,28261
2019-05-21,283500.0,285500.0,282000.0,283500.0,283700.0,303500.0,318108.3333333333,328366.6666666667,21153
2019-05-22,284000.0,286500.0,278000.0,278000.0,282200.0,301600.0,317216.6666666667,327791.6666666667,34044
2019-05-23,278500.0,285000.0,276000.0,285000.0,281900.0,299975.0,316458.3333333333,327275.0,31896
2019-05-24,284500.0,285500.0,278000.0,279500.0,281800.0,298100.0,315650.0,326733.3333333333,26185
2019-05-27,279500.0,280500.0,273500.0,276500.0,280500.0,296225.0,314866.6666666667,326195.8333333333,29389
2019-05-28,279000.0,286500.0,277500.0,284500.0,280700.0,294675.0,314241.6666666667,325720.8333333333,67332
2019-05-29,285500.0,286500.0,279000.0,282500.0,281600.0,292925.0,313591.6666666667,325225.0,19861
2019-05-30,282000.0,282000.0,277000.0,279000.0,280400.0,291125.0,312891.6666666667,324750.0,32453
2019-05-31,277000.0,282000.0,277000.0,280500.0,280600.0,289450.0,312150.0,324287.5,28019
2019-06-03,280500.0,282000.0,278000.0,280000.0,281300.0,287975.0,311466.6666666667,323787.5,23101
2019-06-04,282000.0,285500.0,279500.0,282000.0,280800.0,286475.0,310791.6666666667,323262.5,20942
2019-06-05,282500.0,284000.0,280000.0,282000.0,280700.0,285050.0,310016.6666666667,322754.1666666667,17866
2019-06-07,281500.0,282500.0,278500.0,280000.0,280900.0,283750.0,309241.6666666667,322250.0,21458
2019-06-10,281500.0,285500.0,280000.0,285000.0,281800.0,283000.0,308541.6666666667,321716.6666666667,22772
2019-06-11,284000.0,285500.0,282500.0,284000.0,282600.0,282275.0,307825.0,321183.3333333333,22826
2019-06-12,286000.0,286000.0,283500.0,285000.0,283200.0,282100.0,307091.6666666667,320637.5,22023
2019-06-13,286000.0,288000.0,281000.0,288000.0,284400.0,282225.0,306375.0,320112.5,39712
2019-06-14,286000.0,294000.0,283000.0,294000.0,287200.0,282600.0,305725.0,319670.8333333333,50829
2019-06-17,294000.0,294000.0,288500.0,289000.0,288000.0,283050.0,305041.6666666667,319204.1666666667,29117
2019-06-18,289500.0,295500.0,289500.0,295500.0,290300.0,283675.0,304500.0,318812.5,32169
2019-06-19,295000.0,299500.0,292500.0,297500.0,292800.0,284375.0,304025.0,318445.8333333333,36179
2019-06-20,296000.0,298500.0,296000.0,298000.0,294800.0,285375.0,303641.6666666667,318133.3333333333,26386
2019-06-21,296500.0,301500.0,296000.0,301500.0,296300.0,286200.0,303258.3333333333,317875.0,37798
2019-06-24,302000.0,302000.0,297500.0,300500.0,298600.0,287250.0,302808.3333333333,317604.1666666667,73162
2019-06-25,301000.0,302500.0,298000.0,301500.0,299800.0,288500.0,302466.6666666667,317400.0,30310
2019-06-26,299500.0,300000.0,297000.0,297000.0,299700.0,289125.0,302033.3333333333,317162.5,22918
2019-06-27,296000.0,300000.0,295500.0,298000.0,299700.0,289900.0,301591.6666666667,316891.6666666667,25794
2019-06-28,298500.0,298500.0,293500.0,297000.0,298800.0,290800.0,301108.3333333333,316608.3333333333,32758
2019-07-01,298500.0,299500.0,294500.0,298000.0,298300.0,291675.0,300641.6666666667,316358.3333333333,18540
2019-07-02,295500.0,296000.0,292000.0,292500.0,296500.0,292300.0,300100.0,315945.8333333333,24991
2019-07-03,295000.0,296000.0,293000.0,294500.0,296000.0,292925.0,299633.3333333333,315562.5,18668
2019-07-04,296000.0,296000.0,289000.0,294000.0,295200.0,293525.0,299058.3333333333,315216.6666666667,17681
2019-07-05,294500.0,296500.0,291000.0,294000.0,294600.0,294225.0,298475.0,314854.1666666667,13809
2019-07-08,294500.0,294500.0,288000.0,289000.0,292800.0,294425.0,297800.0,314454.1666666667,19281
2019-07-09,287500.0,291500.0,284000.0,284000.0,291100.0,294425.0,297125.0,314033.3333333333,23273
2019-07-10,284500.0,287000.0,283000.0,283000.0,288800.0,294325.0,296400.0,313533.3333333333,11696
2019-07-11,283500.0,288000.0,283000.0,285000.0,287000.0,294175.0,295725.0,313087.5,24287
2019-07-12,284500.0,292500.0,283000.0,291000.0,286400.0,294025.0,295166.6666666667,312695.8333333333,20975
2019-07-15,288500.0,290000.0,286000.0,286000.0,285800.0,293875.0,294591.6666666667,312241.6666666667,20422
2019-07-16,286500.0,289500.0,281000.0,283500.0,285700.0,293275.0,294016.6666666667,311758.3333333333,25092
2019-07-17,283000.0,283500.0,279500.0,282000.0,285500.0,292500.0,293458.3333333333,311262.5,18368
2019-07-18,281000.0,286000.0,280000.0,284000.0,285300.0,291800.0,292925.0,310795.8333333333,18264
2019-07-19,284500.0,288000.0,283000.0,284500.0,284000.0,290950.0,292375.0,310337.5,18480
2019-07-22,283500.0,285500.0,282500.0,282500.0,283300.0,290050.0,291800.0,309870.8333333333,11022
2019-07-23,282500.0,288500.0,282000.0,287500.0,284100.0,289350.0,291358.3333333333,309470.8333333333,17025
2019-07-24,286500.0,287500.0,283500.0,285000.0,284700.0,288750.0,290850.0,309070.8333333333,15823
2019-07-25,283500.0,290500.0,282500.0,290000.0,285900.0,288350.0,290391.6666666667,308708.3333333333,37271
2019-07-26,288500.0,290000.0,282500.0,283000.0,285600.0,287650.0,289858.3333333333,308287.5,26530
2019-07-29,280000.0,287000.0,278500.0,279500.0,285000.0,286725.0,289283.3333333333,307762.5,18924
2019-07-30,282500.0,283500.0,279000.0,282000.0,283900.0,286200.0,288825.0,307320.8333333333,15672
2019-07-31,284000.0,285500.0,280500.0,285000.0,283900.0,285725.0,288375.0,306862.5,21059
2019-08-01,283000.0,288000.0,280000.0,286500.0,283200.0,285350.0,287975.0,306416.6666666667,19870
2019-08-02,282500.0,286000.0,280500.0,281500.0,282900.0,284725.0,287566.6666666667,305945.8333333333,18925
2019-08-05,280000.0,280500.0,267500.0,271500.0,281300.0,283850.0,287091.6666666667,305441.6666666667,43387
2019-08-06,264000.0,273000.0,260000.0,269500.0,278800.0,283125.0,286608.3333333333,304908.3333333333,35975
2019-08-07,267500.0,272000.0,265500.0,266000.0,275000.0,282275.0,286233.3333333333,304295.8333333333,23274
2019-08-08,271000.0,277000.0,264000.0,272000.0,272100.0,281625.0,286008.3333333333,303758.3333333333,38716
2019-08-09,268000.0,268500.0,247000.0,248000.0,265400.0,279475.0,285366.6666666667,303029.1666666667,226654
2019-08-12,248500.0,249500.0,241000.0,242500.0,259600.0,277300.0,284741.6666666667,302266.6666666667,75526
2019-08-13,241000.0,241000.0,232500.0,235500.0,252800.0,274900.0,283950.0,301437.5,89398
2019-08-14,237000.0,241500.0,234500.0,234500.0,246500.0,272525.0,283133.3333333333,300620.8333333333,56356
2019-08-16,232000.0,233500.0,227000.0,229500.0,238000.0,269800.0,282325.0,299770.8333333333,68668
2019-08-19,229500.0,232500.0,229000.0,230500.0,234500.0,267100.0,281416.6666666667,298937.5,43206
2019-08-20,231000.0,234000.0,229000.0,234000.0,232800.0,264675.0,280658.3333333333,298154.1666666667,34301
2019-08-21,234000.0,234000.0,230000.0,230000.0,231700.0,261800.0,279883.3333333333,297375.0,48694
2019-08-22,230500.0,232500.0,229500.0,231500.0,231100.0,259125.0,279000.0,296620.8333333333,54690
2019-08-23,229500.0,230500.0,228500.0,229500.0,231100.0,256100.0,278116.6666666667,295854.1666666667,33445
2019-08-26,226000.0,226000.0,223000.0,225000.0,230000.0,253200.0,277216.6666666667,295054.1666666667,37768
2019-08-27,225500.0,226000.0,221500.0,223000.0,227800.0,250375.0,276258.3333333333,294204.1666666667,61012
2019-08-28,223500.0,223500.0,219000.0,221500.0,226100.0,247350.0,275283.3333333333,293375.0,43093
2019-08-29,222000.0,224500.0,222000.0,222500.0,224300.0,244225.0,274291.6666666667,292541.6666666667,28891
2019-08-30,224500.0,229500.0,224500.0,228500.0,224100.0,241325.0,273400.0,291708.3333333333,40163
2019-09-02,226000.0,228000.0,225000.0,226000.0,224300.0,238550.0,272500.0,290870.8333333333,34148
2019-09-03,224500.0,227000.0,223000.0,224500.0,224600.0,236200.0,271491.6666666667,290016.6666666667,55037
2019-09-04,224500.0,227500.0,223500.0,226500.0,225600.0,234050.0,270533.3333333333,289179.1666666667,43014
2019-09-05,226500.0,230000.0,225500.0,229500.0,227000.0,232225.0,269608.3333333333,288350.0,60916
2019-09-06,229500.0,231000.0,226500.0,227500.0,226800.0,230000.0,268600.0,287487.5,32286
2019-09-09,227000.0,229500.0,226500.0,227000.0,227000.0,228950.0,267483.3333333333,286604.1666666667,27670
2019-09-10,226500.0,231500.0,226000.0,230000.0,228100.0,228325.0,266500.0,285770.8333333333,42900
2019-09-11,231000.0,236500.0,230000.0,234000.0,229600.0,228250.0,265475.0,284987.5,90165
2019-09-16,235500.0,243000.0,235000.0,242000.0,232100.0,228625.0,264550.0,284287.5,66045
2019-09-17,242000.0,242500.0,239000.0,239500.0,234500.0,229125.0,263575.0,283608.3333333333,32294
2019-09-18,240000.0,246500.0,239000.0,246000.0,238300.0,229900.0,262650.0,282954.1666666667,53505
2019-09-19,245000.0,245500.0,236500.0,237500.0,239800.0,230075.0,261600.0,282204.1666666667,60535
2019-09-20,238000.0,238500.0,233500.0,234000.0,239800.0,230275.0,260475.0,281470.8333333333,70675
2019-09-23,234500.0,237000.0,234000.0,234500.0,238300.0,230425.0,259433.33333333334,280733.3333333333,28693
2019-09-24,233500.0,237500.0,233500.0,236500.0,237700.0,230775.0,258408.33333333334,280000.0,33048
2019-09-25,238000.0,241000.0,236000.0,236000.0,235700.0,231325.0,257391.66666666666,279250.0,32976
2019-09-26,236000.0,240000.0,234500.0,236500.0,235500.0,232000.0,256366.66666666666,278504.1666666667,23936
2019-09-27,238000.0,238000.0,232000.0,234000.0,235500.0,232625.0,255391.66666666666,277745.8333333333,17984
2019-09-30,234000.0,235000.0,231500.0,234500.0,235500.0,233225.0,254391.66666666666,277012.5,16739
2019-10-01,232500.0,234000.0,228500.0,231500.0,234500.0,233375.0,253350.0,276204.1666666667,51391
2019-10-02,230000.0,230500.0,219500.0,221000.0,231500.0,233125.0,252133.33333333334,275304.1666666667,90728
2019-10-04,220000.0,221500.0,213000.0,214500.0,227100.0,232625.0,250891.66666666666,274345.8333333333,84798
2019-10-07,214000.0,219000.0,213000.0,214000.0,223100.0,232000.0,249725.0,273425.0,62659
2019-10-08,213000.0,218500.0,213000.0,216500.0,219500.0,231350.0,248616.66666666666,272508.3333333333,35798
2019-10-10,216000.0,216500.0,211500.0,212000.0,215600.0,230575.0,247400.0,271562.5,80867
2019-10-11,214000.0,217000.0,214000.0,217000.0,214800.0,230075.0,246166.66666666666,270666.6666666667,39385
2019-10-14,218500.0,222000.0,218000.0,219000.0,215700.0,229525.0,245050.0,269820.8333333333,30818
2019-10-15,219000.0,224500.0,218500.0,222000.0,217300.0,228925.0,244025.0,269020.8333333333,44357
2019-10-16,222000.0,226000.0,221500.0,223000.0,218600.0,227975.0,243041.66666666666,268250.0,43551
2019-10-17,224500.0,227500.0,222500.0,223500.0,220900.0,227175.0,242033.33333333334,267479.1666666667,34165
2019-10-18,225500.0,226000.0,222000.0,223000.0,222100.0,226025.0,241008.33333333334,266691.6666666667,46498
2019-10-21,226000.0,230000.0,223500.0,229000.0,224100.0,225600.0,240116.66666666666,265958.3333333333,39310
2019-10-22,229500.0,231500.0,228500.0,230500.0,225800.0,225425.0,239166.66666666666,265262.5,35484
2019-10-23,226000.0,229000.0,225000.0,228000.0,226800.0,225100.0,238216.66666666666,264533.3333333333,35254
2019-10-24,225000.0,229000.0,224500.0,228500.0,227800.0,224700.0,237191.66666666666,263791.6666666667,22164
2019-10-25,226500.0,229000.0,224500.0,228500.0,228900.0,224325.0,236283.33333333334,263070.8333333333,24088
2019-10-28,230000.0,232000.0,229000.0,230500.0,229200.0,224025.0,235466.66666666666,262375.0,28648
2019-10-29,231000.0,231500.0,226000.0,226500.0,228400.0,223650.0,234541.66666666666,261683.33333333334,25135
2019-10-30,230000.0,230500.0,226500.0,226500.0,228100.0,223250.0,233566.66666666666,260970.83333333334,27871
2019-10-31,226500.0,230500.0,226500.0,228500.0,228100.0,223100.0,232600.0,260287.5,24426
2019-11-01,227000.0,231000.0,227000.0,230500.0,228500.0,223575.0,231750.0,259658.33333333334,24268
2019-11-04,230500.0,240000.0,230500.0,239000.0,230200.0,224800.0,231208.33333333334,259150.0,85481
2019-11-05,239000.0,246500.0,237000.0,245500.0,234000.0,226375.0,230808.33333333334,258708.33333333334,78413
2019-11-06,245000.0,245500.0,241500.0,243500.0,237400.0,227725.0,230433.33333333334,258333.33333333334,51049
2019-11-07,244000.0,250000.0,243000.0,248500.0,241400.0,229550.0,230041.66666666666,258025.0,66309
2019-11-08,247000.0,248000.0,242000.0,244500.0,244200.0,230925.0,229983.33333333334,257675.0,40097
2019-11-11,244000.0,244000.0,237500.0,238000.0,244000.0,231875.0,229908.33333333334,257325.0,36091
2019-11-12,245000.0,258500.0,245000.0,256000.0,246100.0,233575.0,230250.0,257100.0,151898
2019-11-13,255000.0,256000.0,251500.0,254000.0,248200.0,235125.0,230575.0,256854.16666666666,52766
2019-11-14,254500.0,256000.0,245500.0,246000.0,247700.0,236250.0,230850.0,256587.5,66554
2019-11-15,247500.0,251500.0,246000.0,249500.0,248700.0,237575.0,231166.66666666666,256291.66666666666,37875
2019-11-18,253000.0,254500.0,248500.0,250500.0,251200.0,238650.0,231441.66666666666,256050.0,45239
2019-11-19,250000.0,250500.0,246000.0,249500.0,249900.0,239600.0,231766.66666666666,255825.0,23380
2019-11-20,247500.0,249500.0,245000.0,248000.0,248700.0,240600.0,232041.66666666666,255520.83333333334,29168
2019-11-21,248500.0,252000.0,245500.0,246500.0,248800.0,241500.0,232325.0,255220.83333333334,33270
2019-11-22,243500.0,249500.0,243500.0,248000.0,248500.0,242475.0,232708.33333333334,254962.5,17071
2019-11-25,246500.0,250000.0,246500.0,250000.0,248400.0,243450.0,233158.33333333334,254708.33333333334,15569
2019-11-26,250000.0,250500.0,243500.0,243500.0,247200.0,244300.0,233525.0,254404.16666666666,58966
2019-11-27,245500.0,250500.0,245000.0,250000.0,247600.0,245475.0,233983.33333333334,254137.5,26679
2019-11-28,247500.0,250000.0,245500.0,249000.0,248100.0,246500.0,234325.0,253862.5,16238
2019-11-29,251000.0,251500.0,246500.0,248000.0,248100.0,247375.0,234691.66666666666,253595.83333333334,24431
2019-12-02,250000.0,250000.0,246000.0,246500.0,247400.0,247750.0,235058.33333333334,253275.0,15768
2019-12-03,247500.0,247500.0,241500.0,245500.0,247800.0,247750.0,235375.0,252954.16666666666,18475
2019-12-04,244000.0,244500.0,238000.0,238500.0,245500.0,247500.0,235525.0,252566.66666666666,32177
2019-12-05,238500.0,241000.0,237500.0,239000.0,243500.0,247025.0,235716.66666666666,252158.33333333334,24323
2019-12-06,238500.0,243000.0,238000.0,241000.0,242100.0,246850.0,235950.0,251716.66666666666,15469
2019-12-09,243000.0,243000.0,239000.0,239500.0,240700.0,246925.0,236108.33333333334,251304.16666666666,24462
2019-12-10,239000.0,255000.0,239000.0,253500.0,242300.0,246800.0,236433.33333333334,250954.16666666666,94999
2019-12-11,253500.0,254000.0,248500.0,252000.0,245000.0,246700.0,236600.0,250575.0,24453
2019-12-12,253500.0,254000.0,251500.0,252000.0,247600.0,247000.0,236808.33333333334,250191.66666666666,47410
2019-12-13,252500.0,257000.0,252500.0,254000.0,250200.0,247225.0,236941.66666666666,249795.83333333334,29909
2019-12-16,254500.0,254500.0,247500.0,248000.0,251900.0,247100.0,237116.66666666666,249358.33333333334,49511
2019-12-17,246500.0,251000.0,246000.0,249000.0,251000.0,247075.0,237366.66666666666,248920.83333333334,22899
2019-12-18,248000.0,250500.0,240500.0,242000.0,249000.0,246775.0,237491.66666666666,248462.5,58139
2019-12-19,244000.0,244000.0,237500.0,241000.0,246800.0,246500.0,237566.66666666666,247987.5,69492
2019-12-20,242500.0,244000.0,240500.0,241500.0,244300.0,246175.0,237658.33333333334,247525.0,90727
2019-12-23,244000.0,244500.0,240000.0,243500.0,243400.0,245850.0,237775.0,247070.83333333334,33748
2019-12-24,245500.0,245500.0,241500.0,242000.0,242000.0,245775.0,237908.33333333334,246650.0,17060
2019-12-26,244000.0,245000.0,241500.0,243000.0,242200.0,245425.0,238050.0,246220.83333333334,32651
2019-12-27,246000.0,251500.0,241000.0,250000.0,244000.0,245475.0,238358.33333333334,245854.16666666666,50065
2019-12-30,252500.0,254500.0,250000.0,252500.0,246200.0,245700.0,238883.33333333334,245508.33333333334,31019
2020-01-02,252500.0,253000.0,245000.0,245000.0,246500.0,245625.0,239391.66666666666,245141.66666666666,32615
2020-01-03,245500.0,248000.0,240500.0,241000.0,246300.0,245400.0,239841.66666666666,244783.33333333334,40183
2020-01-06,239500.0,240500.0,232000.0,233500.0,244400.0,245150.0,240125.0,244370.83333333334,39960
2020-01-07,236000.0,236500.0,232500.0,234000.0,241200.0,244900.0,240491.66666666666,243945.83333333334,29816
2020-01-08,230000.0,232500.0,227500.0,229500.0,236600.0,244325.0,240700.0,243433.33333333334,36835
2020-01-09,230000.0,233500.0,227000.0,231000.0,233800.0,243900.0,240900.0,242975.0,54201
2020-01-10,231000.0,231500.0,225000.0,229500.0,231500.0,242700.0,241025.0,242525.0,35305
2020-01-13,229500.0,235000.0,229500.0,233500.0,231500.0,241775.0,241200.0,242120.83333333334,31960
2020-01-14,236000.0,241500.0,236000.0,240000.0,232700.0,241175.0,241475.0,241754.16666666666,34929
2020-01-15,238500.0,248000.0,237500.0,247000.0,236200.0,240825.0,241875.0,241441.66666666666,53373
2020-01-16,247000.0,252000.0,245000.0,247000.0,239400.0,240775.0,242175.0,241145.83333333334,35093
2020-01-17,245500.0,252000.0,245000.0,250500.0,243600.0,240850.0,242508.33333333334,240837.5,36338
2020-01-20,249000.0,252000.0,248000.0,249500.0,246800.0,241225.0,242866.66666666666,240541.66666666666,29639
2020-01-21,249500.0,253000.0,248500.0,251000.0,249000.0,241725.0,243241.66666666666,240216.66666666666,33061
2020-01-22,252500.0,253500.0,249500.0,250500.0,249700.0,242175.0,243608.33333333334,239945.83333333334,29773
2020-01-23,247000.0,253000.0,246500.0,249500.0,250200.0,242475.0,243925.0,239695.83333333334,33991
2020-01-28,244000.0,249500.0,240500.0,242500.0,248600.0,242500.0,244191.66666666666,239366.66666666666,36792
2020-01-29,242500.0,243000.0,237500.0,237500.0,246200.0,242225.0,244375.0,238970.83333333334,37747
2020-01-30,238500.0,241500.0,235000.0,235500.0,243100.0,241500.0,244491.66666666666,238545.83333333334,28932
2020-01-31,235500.0,243000.0,235000.0,237500.0,240500.0,240750.0,244608.33333333334,238179.16666666666,59696
2020-02-03,238500.0,239500.0,229500.0,237500.0,238100.0,240375.0,244583.33333333334,237895.83333333334,42595
2020-02-04,237500.0,244500.0,235000.0,239500.0,237500.0,240300.0,244483.33333333334,237645.83333333334,35381
2020-02-05,239500.0,244000.0,239000.0,241500.0,238300.0,240700.0,244450.0,237441.66666666666,30503
2020-02-06,244500.0,249000.0,242500.0,247000.0,240600.0,241350.0,244425.0,237233.33333333334,37669
2020-02-07,246000.0,249000.0,241500.0,243500.0,241800.0,242050.0,244408.33333333334,237195.83333333334,31259
2020-02-10,239500.0,246500.0,239500.0,244000.0,243100.0,242700.0,244508.33333333334,237208.33333333334,28468
2020-02-11,246000.0,256500.0,246000.0,255000.0,246200.0,243975.0,244491.66666666666,237370.83333333334,85958
2020-02-12,253000.0,267000.0,253000.0,266500.0,251200.0,245625.0,244700.0,237637.5,92748
2020-02-13,273500.0,284500.0,270000.0,275500.0,256900.0,247400.0,245191.66666666666,238020.83333333334,219566
2020-02-14,275500.0,279000.0,267000.0,276000.0,263400.0,248850.0,245633.33333333334,238400.0,64161
2020-02-17,274000.0,278500.0,269500.0,271000.0,268800.0,250050.0,245975.0,238708.33333333334,51552
2020-02-18,271500.0,271500.0,263500.0,268500.0,271500.0,250950.0,246291.66666666666,239029.16666666666,43875
2020-02-19,272500.0,278000.0,272000.0,274500.0,273100.0,252200.0,246733.33333333334,239387.5,64463
2020-02-20,274000.0,274500.0,269000.0,273500.0,272700.0,253325.0,247183.33333333334,239754.16666666666,37609
2020-02-21,268500.0,275000.0,267500.0,267500.0,271000.0,254175.0,247508.33333333334,240108.33333333334,40858
2020-02-24,272500.0,279500.0,260000.0,263000.0,269400.0,254850.0,247725.0,240441.66666666666,89274
2020-02-25,263000.0,267500.0,260500.0,262000.0,268100.0,255825.0,248033.33333333334,240779.16666666666,49084
2020-02-26,259500.0,268000.0,259000.0,264500.0,266100.0,257175.0,248275.0,241129.16666666666,61033
2020-02-27,263000.0,263500.0,256000.0,259000.0,263200.0,258350.0,248441.66666666666,241383.33333333334,38562
2020-02-28,257500.0,257500.0,243500.0,244000.0,258500.0,258675.0,248375.0,241533.33333333334,75193
2020-03-02,245500.0,250000.0,239500.0,247000.0,255300.0,259150.0,248383.33333333334,241720.83333333334,56974
2020-03-03,253500.0,253500.0,248500.0,249500.0,252800.0,259650.0,248450.0,241912.5,47963
2020-03-04,253000.0,260000.0,247500.0,258500.0,251600.0,260500.0,248783.33333333334,242154.16666666666,47037
2020-03-05,259500.0,260500.0,254500.0,259500.0,251700.0,261125.0,249125.0,242420.83333333334,44751
2020-03-06,258500.0,262000.0,254500.0,261500.0,255200.0,262025.0,249466.66666666666,242708.33333333334,49725
2020-03-09,261500.0,261500.0,261500.0,261500.0,258100.0,262900.0,249833.33333333334,242970.83333333334,0
2020-03-10,254000.0,254500.0,247500.0,249500.0,258100.0,262625.0,249766.66666666666,243100.0,54301
2020-03-11,249500.0,251500.0,243500.0,246000.0,255600.0,261600.0,249666.66666666666,243133.33333333334,50695
2020-03-12,246000.0,246000.0,246000.0,246000.0,252900.0,260125.0,249566.66666666666,243187.5,0
2020-03-13,218500.0,227500.0,213000.0,222000.0,245000.0,257425.0,249033.33333333334,242987.5,108516
2020-03-16,224000.0,229000.0,217500.0,218000.0,236300.0,254775.0,248533.33333333334,242825.0,55956
2020-03-17,210000.0,222000.0,208500.0,214000.0,229200.0,252050.0,247950.0,242658.33333333334,51639
2020-03-18,214500.0,217000.0,209500.0,210000.0,222000.0,248825.0,247416.66666666666,242454.16666666666,66872
2020-03-19,210000.0,214000.0,148000.0,155000.0,203800.0,242900.0,245983.33333333334,241775.0,263704
2020-03-20,163000.0,189500.0,161000.0,188000.0,197000.0,238925.0,245091.66666666666,241375.0,191267
2020-03-23,171500.0,182000.0,165000.0,172500.0,187900.0,234400.0,243908.33333333334,240841.66666666666,84035
2020-03-24,178000.0,197500.0,175500.0,191000.0,183300.0,230850.0,243058.33333333334,240483.33333333334,97920
2020-03-25,202000.0,206000.0,196000.0,203000.0,181900.0,227775.0,242391.66666666666,240220.83333333334,98228
2020-03-26,203000.0,205500.0,199000.0,200000.0,190900.0,224825.0,241558.33333333334,239958.33333333334,69775
2020-03-27,209000.0,209000.0,195500.0,203500.0,194000.0,222800.0,240741.66666666666,239812.5,61337
2020-03-30,202000.0,214500.0,197000.0,213500.0,202200.0,221125.0,240216.66666666666,239804.16666666666,65338
2020-03-31,216000.0,225000.0,213500.0,216000.0,207200.0,219450.0,239800.0,239820.83333333334,73363
2020-04-01,220000.0,234000.0,214000.0,214000.0,209400.0,217225.0,239475.0,239800.0,108866
2020-04-02,217000.0,229000.0,210500.0,228000.0,215000.0,215650.0,239375.0,239933.33333333334,80386
2020-04-03,225500.0,232500.0,224500.0,230500.0,220400.0,214100.0,239391.66666666666,240045.83333333334,55439
2020-04-06,235000.0,249000.0,233000.0,245500.0,226800.0,213300.0,239633.33333333334,240266.66666666666,83605
2020-04-07,257000.0,257000.0,243000.0,248000.0,233200.0,213225.0,239941.66666666666,240483.33333333334,87731
2020-04-08,247500.0,250000.0,242500.0,243500.0,239100.0,213100.0,240108.33333333334,240654.16666666666,67150
2020-04-09,249000.0,249000.0,233500.0,238500.0,241200.0,212725.0,240083.33333333334,240779.16666666666,103520
2020-04-10,239500.0,239500.0,229000.0,231500.0,241400.0,213200.0,239825.0,240850.0,102231
2020-04-13,229000.0,237000.0,226500.0,229000.0,238100.0,213750.0,239525.0,240850.0,71348
2020-04-14,230000.0,237000.0,230000.0,236000.0,235700.0,214850.0,239283.33333333334,240895.83333333334,52513
2020-04-16,233000.0,240500.0,232000.0,237000.0,234400.0,216200.0,239075.0,240970.83333333334,66956
2020-04-17,238000.0,241500.0,236000.0,237000.0,234100.0,220300.0,238841.66666666666,241041.66666666666,75134
2020-04-20,237000.0,239000.0,234500.0,235500.0,234900.0,222675.0,238591.66666666666,241100.0,51991
2020-04-21,233000.0,235500.0,227500.0,233500.0,235800.0,225725.0,238325.0,241125.0,57790
2020-04-22,233000.0,236000.0,228000.0,236000.0,235800.0,227975.0,238216.66666666666,241204.16666666666,63289
2020-04-23,236500.0,252000.0,236000.0,250000.0,238400.0,230325.0,238425.0,241400.0,103721
2020-04-24,251000.0,270000.0,245000.0,259000.0,242800.0,233275.0,238816.66666666666,241654.16666666666,166536
2020-04-27,264500.0,276000.0,264000.0,274000.0,250500.0,236800.0,239425.0,242016.66666666666,122239
2020-04-28,274000.0,276000.0,266000.0,269500.0,257700.0,239600.0,239958.33333333334,242270.83333333334,77212
2020-04-29,269500.0,274500.0,268500.0,272500.0,265000.0,242425.0,240508.33333333334,242495.83333333334,72019
2020-05-04,268000.0,275000.0,260000.0,271000.0,269200.0,245275.0,241000.0,242725.0,62449
2020-05-06,274500.0,287000.0,272000.0,286500.0,274700.0,248200.0,241658.33333333334,243041.66666666666,106384
2020-05-07,286500.0,293000.0,282500.0,284500.0,276800.0,250900.0,242341.66666666666,243375.0,73423
2020-05-08,285500.0,289000.0,276000.0,277000.0,278300.0,252475.0,242891.66666666666,243700.0,94497
2020-05-11,277500.0,280500.0,273500.0,273500.0,278500.0,253750.0,243200.0,243845.83333333334,47980
2020-05-12,274500.0,288000.0,274000.0,287500.0,281800.0,255950.0,243550.0,244125.0,115839
2020-05-13,287500.0,293500.0,284000.0,292000.0,282900.0,258625.0,243825.0,244508.33333333334,76455
2020-05-14,291000.0,301000.0,286000.0,301000.0,286200.0,262100.0,244241.66666666666,244937.5,144145
2020-05-15,312000.0,322500.0,308000.0,308500.0,292500.0,266075.0,244866.66666666666,245420.83333333334,263558
2020-05-18,315500.0,322000.0,305000.0,308000.0,299400.0,269675.0,245525.0,245908.33333333334,128313
2020-05-19,305500.0,306000.0,294000.0,294500.0,300800.0,272550.0,245858.33333333334,246295.83333333334,159699
2020-05-20,296500.0,305000.0,294500.0,296000.0,301600.0,275500.0,246233.33333333334,246708.33333333334,131278
2020-05-21,296500.0,302000.0,290500.0,300000.0,301400.0,278725.0,246775.0,247141.66666666666,113048
2020-05-22,302000.0,302500.0,297500.0,301500.0,300000.0,282125.0,247416.66666666666,247570.83333333334,80322
2020-05-25,304000.0,304000.0,295500.0,303000.0,299000.0,285475.0,248100.0,248066.66666666666,62267
2020-05-26,303500.0,304500.0,298000.0,298500.0,299800.0,287900.0,248666.66666666666,248470.83333333334,63891
2020-05-27,301000.0,308500.0,300500.0,302000.0,301000.0,290050.0,249383.33333333334,248912.5,89616
2020-05-28,302000.0,303500.0,294000.0,298000.0,300600.0,291250.0,250283.33333333334,249329.16666666666,74989
2020-05-29,294000.0,299500.0,294000.0,297000.0,299700.0,292625.0,251116.66666666666,249750.0,80710
2020-06-01,295000.0,302000.0,295000.0,299000.0,298900.0,293950.0,251941.66666666666,250195.83333333334,42750
2020-06-02,300500.0,307000.0,299000.0,302000.0,299600.0,295500.0,252666.66666666666,250725.0,61739
2020-06-03,304000.0,306500.0,296000.0,299500.0,299100.0,296150.0,253333.33333333334,251229.16666666666,96388
2020-06-04,299000.0,300500.0,296000.0,297500.0,299000.0,296800.0,253933.33333333334,251700.0,96244
2020-06-05,299000.0,300000.0,296000.0,299000.0,299400.0,297900.0,254558.33333333334,252195.83333333334,62754
2020-06-08,300500.0,301000.0,296500.0,297500.0,299100.0,299100.0,255358.33333333334,252562.5,55673
2020-06-09,298500.0,308000.0,297500.0,305500.0,299800.0,300000.0,256350.0,253008.33333333334,94024
2020-06-10,307000.0,329500.0,307000.0,329500.0,305800.0,301875.0,257741.66666666666,253654.16666666666,207335
2020-06-11,327500.0,333000.0,317000.0,320000.0,310300.0,302825.0,259375.0,254204.16666666666,143966
2020-06-12,305500.0,333500.0,304500.0,328500.0,316200.0,303825.0,261216.66666666666,254875.0,178247
2020-06-15,329500.0,342000.0,316500.0,316500.0,320000.0,304250.0,262925.0,255437.5,194015
2020-06-16,328000.0,340000.0,326000.0,336500.0,326200.0,306350.0,265033.3333333333,256225.0,130120
2020-06-17,336500.0,342000.0,331000.0,337000.0,327700.0,308400.0,268066.6666666667,257025.0,89020
2020-06-18,335000.0,340500.0,332000.0,338000.0,331300.0,310300.0,270566.6666666667,257829.16666666666,52581
2020-06-19,340000.0,340000.0,327000.0,332000.0,332000.0,311825.0,273225.0,258566.66666666666,67834
2020-06-22,329000.0,332000.0,327000.0,329000.0,334500.0,313125.0,275525.0,259291.66666666666,40462
2020-06-23,330000.0,341000.0,327500.0,338000.0,334800.0,315100.0,277775.0,260083.33333333334,70173
2020-06-24,341000.0,346500.0,338000.0,346000.0,336600.0,317300.0,280208.3333333333,260883.33333333334,68032
2020-06-25,342500.0,345500.0,338000.0,339500.0,336900.0,319375.0,282475.0,261608.33333333334,52744
2020-06-26,342000.0,342500.0,334000.0,338000.0,338100.0,321425.0,284550.0,262383.3333333333,46777
2020-06-29,337500.0,337500.0,328000.0,328500.0,338000.0,322900.0,286425.0,263112.5,46185
2020-06-30,332000.0,333000.0,324000.0,326000.0,335600.0,324100.0,288291.6666666667,263883.3333333333,48346
2020-07-01,333000.0,344000.0,329000.0,339000.0,334200.0,326075.0,290141.6666666667,264758.3333333333,71848
2020-07-02,342000.0,356500.0,341000.0,356500.0,337600.0,329025.0,292241.6666666667,265816.6666666667,107583
2020-07-03,357500.0,360000.0,352000.0,357000.0,341400.0,331925.0,294100.0,266866.6666666667,49630
2020-07-06,357500.0,363000.0,351500.0,360500.0,347800.0,335075.0,295975.0,267958.3333333333,44473
2020-07-07,361000.0,370000.0,356000.0,369000.0,356400.0,338250.0,298066.6666666667,269087.5,77365
2020-07-08,368500.0,368500.0,361500.0,362000.0,361000.0,339875.0,300125.0,270104.1666666667,64227
2020-07-09,366500.0,384500.0,364000.0,382000.0,366100.0,342975.0,302633.3333333333,271229.1666666667,137719
2020-07-10,382000.0,399500.0,377000.0,390000.0,372700.0,346050.0,305316.6666666667,272420.8333333333,121447
2020-07-13,390000.0,400000.0,384500.0,400000.0,380600.0,350225.0,308050.0,273666.6666666667,65825
2020-07-14,398000.0,414000.0,395500.0,406000.0,388000.0,353700.0,310866.6666666667,274970.8333333333,127633
2020-07-15,410000.0,410000.0,391500.0,392500.0,394100.0,356475.0,313458.3333333333,276150.0,103449
2020-07-16,388500.0,393500.0,379500.0,384000.0,394500.0,358775.0,315933.3333333333,277262.5,85788
2020-07-17,383000.0,388000.0,375000.0,380000.0,392500.0,361175.0,318375.0,278350.0,69815
2020-07-20,380000.0,382000.0,368500.0,376000.0,387700.0,363525.0,320708.3333333333,279462.5,71177
2020-07-21,381000.0,383000.0,374500.0,376500.0,381800.0,365450.0,322816.6666666667,280620.8333333333,54558
2020-07-22,376000.0,376000.0,369000.0,371000.0,377500.0,366700.0,324683.3333333333,281750.0,57919
2020-07-23,371000.0,381000.0,370000.0,373000.0,375300.0,368375.0,326333.3333333333,282879.1666666667,75587
2020-07-24,372000.0,375500.0,366000.0,369000.0,373100.0,369925.0,327991.6666666667,283975.0,47447
2020-07-27,368500.0,375000.0,362500.0,369500.0,371800.0,371975.0,329608.3333333333,285058.3333333333,67295
2020-07-28,367000.0,369500.0,363000.0,366500.0,369800.0,374000.0,331200.0,286100.0,63561
2020-07-29,364000.0,368500.0,363000.0,366000.0,368800.0,375350.0,332525.0,287091.6666666667,47229
2020-07-30,365000.0,371000.0,364500.0,367000.0,367600.0,375875.0,333900.0,288120.8333333333,62059
2020-07-31,367000.0,390000.0,366000.0,386000.0,371000.0,377325.0,335716.6666666667,289304.1666666667,147404
2020-08-03,393000.0,414000.0,390000.0,414000.0,379900.0,380000.0,338058.3333333333,290629.1666666667,216845
2020-08-04,417500.0,420000.0,403000.0,415000.0,389600.0,382300.0,340183.3333333333,291866.6666666667,102043
2020-08-05,417000.0,419500.0,408500.0,417500.0,399900.0,385075.0,342275.0,293050.0,70042
2020-08-06,420000.0,428000.0,413500.0,420000.0,410500.0,386975.0,344258.3333333333,294250.0,70190
2020-08-07,422000.0,428500.0,413000.0,424000.0,418100.0,388675.0,346183.3333333333,295525.0,89595
2020-08-10,425500.0,431000.0,422500.0,427000.0,420700.0,390025.0,348166.6666666667,296845.8333333333,67787
2020-08-11,427000.0,443500.0,407000.0,443500.0,426400.0,391900.0,350650.0,298254.1666666667,194475
2020-08-12,438500.0,451000.0,413000.0,414500.0,425800.0,393000.0,352625.0,299429.1666666667,277899
2020-08-13,418500.0,425000.0,405500.0,414000.0,424600.0,394500.0,354525.0,300650.0,163946
2020-08-14,413000.0,417000.0,397500.0,401000.0,420000.0,395550.0,356183.3333333333,301800.0,121448
2020-08-18,407000.0,421000.0,398000.0,403000.0,415200.0,396900.0,357850.0,302975.0,133759
2020-08-19,408000.0,412500.0,402000.0,402500.0,407000.0,398200.0,359583.3333333333,304125.0,76931
2020-08-20,400000.0,420000.0,399000.0,400500.0,404200.0,399675.0,361225.0,305304.1666666667,138623
2020-08-21,403000.0,405000.0,387000.0,397000.0,400800.0,400875.0,362875.0,306579.1666666667,92889
2020-08-24,404000.0,410000.0,401500.0,406000.0,401800.0,402725.0,364691.6666666667,307904.1666666667,67976
2020-08-25,413000.0,417500.0,405500.0,416500.0,404500.0,405075.0,366650.0,309295.8333333333,87109
2020-08-26,416500.0,420000.0,408000.0,416500.0,407300.0,407575.0,368558.3333333333,310612.5,70882
2020-08-27,416500.0,419500.0,412000.0,418000.0,410800.0,410175.0,370533.3333333333,311933.3333333333,70579
2020-08-28,420000.0,422000.0,413000.0,416500.0,414700.0,412650.0,372516.6666666667,313225.0,58254
2020-08-31,419500.0,419500.0,404500.0,407000.0,414900.0,413700.0,374316.6666666667,314437.5,112822
2020-09-01,403500.0,409500.0,398500.0,403500.0,412300.0,413175.0,376083.3333333333,315720.8333333333,59447
2020-09-02,409500.0,409500.0,398500.0,401500.0,409300.0,412500.0,377683.3333333333,317016.6666666667,73476
2020-09-03,401500.0,405000.0,399500.0,401500.0,406000.0,411700.0,378883.3333333333,318312.5,57308
2020-09-04,394500.0,400000.0,393000.0,396500.0,402000.0,410525.0,380158.3333333333,319766.6666666667,69718
2020-09-07,399000.0,399500.0,387500.0,389500.0,398500.0,408800.0,381175.0,321195.8333333333,72911
2020-09-08,392500.0,396000.0,389500.0,389500.0,395700.0,406925.0,382391.6666666667,322658.3333333333,60046
2020-09-09,385000.0,388500.0,373000.0,375500.0,390500.0,403525.0,383041.6666666667,324037.5,138771
2020-09-10,381500.0,404500.0,380000.0,401500.0,390500.0,402875.0,384116.6666666667,326091.6666666667,172970
2020-09-11,401500.0,416500.0,399500.0,403500.0,391900.0,402350.0,385208.3333333333,327887.5,108033
2020-09-14,403500.0,404000.0,388000.0,392000.0,392400.0,401900.0,386208.3333333333,329716.6666666667,100636
2020-09-15,392000.0,396000.0,388000.0,394000.0,393300.0,401450.0,387291.6666666667,331408.3333333333,47654
2020-09-16,395000.0,402000.0,392500.0,393000.0,396800.0,400975.0,388208.3333333333,332991.6666666667,48945
2020-09-17,393000.0,396000.0,386000.0,387000.0,393900.0,400300.0,388891.6666666667,334550.0,51640
2020-09-18,387000.0,391500.0,382500.0,387000.0,390600.0,399800.0,389683.3333333333,336079.1666666667,42724
2020-09-21,387000.0,395000.0,386000.0,387500.0,389700.0,398875.0,390508.3333333333,337529.1666666667,41556
2020-09-22,389500.0,389500.0,377500.0,380500.0,387000.0,397075.0,391375.0,338900.0,63034
2020-09-23,380500.0,386000.0,378000.0,383000.0,385000.0,395400.0,392325.0,340308.3333333333,58639
2020-09-24,382500.0,395000.0,376000.0,387500.0,385100.0,393875.0,393133.3333333333,341637.5,82693
2020-09-25,392000.0,392000.0,384000.0,390000.0,385700.0,392550.0,393691.6666666667,342966.6666666667,37348
2020-09-28,391000.0,396000.0,391000.0,394000.0,387000.0,391900.0,394308.3333333333,344204.1666666667,33555
2020-09-29,398500.0,398500.0,392500.0,395000.0,389900.0,391475.0,394883.3333333333,345429.1666666667,40631
2020-10-05,395500.0,402000.0,392000.0,398500.0,393000.0,391325.0,395375.0,346720.8333333333,50811
2020-10-06,403000.0,417000.0,400000.0,410500.0,397600.0,391775.0,396183.3333333333,348154.1666666667,98125
2020-10-07,411000.0,411000.0,403500.0,407000.0,401000.0,392300.0,396600.0,349616.6666666667,45522
2020-10-08,411500.0,411500.0,405500.0,405500.0,403300.0,393100.0,396858.3333333333,351087.5,55070
2020-10-12,410000.0,411500.0,406000.0,410000.0,406300.0,394125.0,397025.0,352537.5,46338
2020-10-13,407000.0,408500.0,396500.0,398000.0,406200.0,395250.0,396891.6666666667,353879.1666666667,53648
2020-10-14,398000.0,404000.0,393000.0,393500.0,402800.0,394850.0,396908.3333333333,355183.3333333333,39985
2020-10-15,394000.0,396500.0,388500.0,391000.0,399600.0,394225.0,397025.0,356479.1666666667,30506
2020-10-16,390500.0,393500.0,387000.0,387500.0,396000.0,394000.0,397150.0,357762.5,36089
2020-10-19,388500.0,393500.0,385500.0,385500.0,391100.0,393575.0,397308.3333333333,359008.3333333333,41560
2020-10-20,383500.0,391500.0,381500.0,386500.0,388800.0,393250.0,397475.0,360145.8333333333,37641
2020-10-21,387000.0,392000.0,386000.0,388000.0,387700.0,393300.0,397758.3333333333,361220.8333333333,27584
2020-10-22,388500.0,389000.0,383000.0,387000.0,386900.0,393300.0,397991.6666666667,362162.5,23506
2020-10-23,387000.0,387500.0,380000.0,383000.0,386000.0,393075.0,398225.0,363108.3333333333,48119
2020-10-26,380500.0,383000.0,369000.0,371000.0,383100.0,392600.0,398250.0,363929.1666666667,58629
2020-10-27,367000.0,371000.0,362500.0,363000.0,378400.0,391600.0,398191.6666666667,364695.8333333333,66499
2020-10-28,363000.0,368000.0,362000.0,368000.0,374400.0,390625.0,398225.0,365375.0,29123
2020-10-29,364500.0,370000.0,360000.0,369000.0,370800.0,389575.0,398258.3333333333,366079.1666666667,43880
2020-10-30,369000.0,372000.0,360000.0,361000.0,366400.0,387925.0,397841.6666666667,366779.1666666667,38401
2020-11-02,361000.0,365500.0,357000.0,358500.0,363900.0,386100.0,396916.6666666667,367487.5,29321
2020-11-03,358500.0,368000.0,358500.0,363000.0,363900.0,384325.0,396050.0,368116.6666666667,33779
2020-11-04,365500.0,388500.0,365500.0,387000.0,367700.0,383150.0,395541.6666666667,368908.3333333333,93504
2020-11-05,389000.0,391000.0,382000.0,388000.0,371500.0,382200.0,395008.3333333333,369633.3333333333,51635
2020-11-06,388000.0,390500.0,383000.0,389000.0,377100.0,381375.0,394425.0,370304.1666666667,42408
2020-11-09,389500.0,398500.0,388000.0,395000.0,384400.0,380625.0,393891.6666666667,371029.1666666667,51902
2020-11-10,389500.0,389500.0,378500.0,379500.0,387700.0,379700.0,392825.0,371737.5,84054
2020-11-11,382000.0,382000.0,365500.0,367000.0,383700.0,378375.0,392033.3333333333,372329.1666666667,182413
2020-11-12,369500.0,372000.0,365000.0,366000.0,379300.0,377125.0,391233.3333333333,372879.1666666667,75041
2020-11-13,366000.0,370500.0,363500.0,366500.0,374800.0,376075.0,390658.3333333333,373420.8333333333,57373
2020-11-16,369500.0,369500.0,366500.0,367000.0,369200.0,375150.0,390058.3333333333,373954.1666666667,62531
2020-11-17,368500.0,369000.0,364000.0,364500.0,366200.0,374050.0,389425.0,374504.1666666667,66035
2020-11-18,365500.0,375000.0,364000.0,374500.0,367700.0,373375.0,388991.6666666667,375108.3333333333,79432
2020-11-19,376500.0,376500.0,369000.0,370000.0,368500.0,372525.0,388541.6666666667,375708.3333333333,54617
2020-11-20,370000.0,374000.0,369000.0,370500.0,369300.0,371900.0,387950.0,376320.8333333333,39315
2020-11-23,371500.0,375500.0,370000.0,370500.0,370000.0,371875.0,387183.3333333333,376916.6666666667,73571
2020-11-24,370500.0,371500.0,366500.0,367000.0,370500.0,372075.0,386358.3333333333,377458.3333333333,67138
2020-11-25,367000.0,368000.0,363500.0,366500.0,368900.0,372000.0,385500.0,378016.6666666667,77501
2020-11-26,365500.0,368500.0,365000.0,366500.0,368200.0,371875.0,384666.6666666667,378591.6666666667,39762
2020-11-27,366500.0,367000.0,365000.0,366500.0,367400.0,372150.0,383991.6666666667,379154.1666666667,51723
2020-11-30,366500.0,368500.0,361500.0,361500.0,365600.0,372300.0,383291.6666666667,379687.5,91321
2020-12-01,365000.0,365000.0,361000.0,362500.0,364700.0,372275.0,382641.6666666667,380162.5,46676
2020-12-02,362500.0,363000.0,358000.0,359500.0,363300.0,370900.0,381941.6666666667,380412.5,89069
2020-12-03,359500.0,360500.0,357000.0,360500.0,362100.0,369525.0,381341.6666666667,380750.0,68193
2020-12-04,360500.0,360500.0,355500.0,357000.0,360200.0,367925.0,380800.0,380987.5,99302
2020-12-07,357000.0,364000.0,352000.0,363000.0,360500.0,366325.0,380358.3333333333,381375.0,89633
2020-12-08,364000.0,365000.0,360000.0,362500.0,360500.0,365475.0,380141.6666666667,381591.6666666667,45165
2020-12-09,362000.0,364000.0,360500.0,363000.0,361200.0,365275.0,379500.0,381808.3333333333,52943
2020-12-10,363500.0,365000.0,357500.0,364000.0,361900.0,365175.0,378841.6666666667,382025.0,72564
2020-12-11,365500.0,377000.0,365500.0,377000.0,365900.0,365700.0,378591.6666666667,382400.0,166616
2020-12-14,380500.0,383000.0,373500.0,379000.0,369100.0,366300.0,378341.6666666667,382816.6666666667,93929
2020-12-15,382000.0,382000.0,374000.0,380000.0,372600.0,367075.0,378125.0,383166.6666666667,74279
2020-12-16,381000.0,383000.0,378000.0,383000.0,376600.0,367500.0,378058.3333333333,383475.0,64207
2020-12-17,383000.0,383500.0,378500.0,382000.0,380200.0,368100.0,377975.0,383829.1666666667,45791
2020-12-18,381500.0,381500.0,375500.0,376000.0,380000.0,368375.0,377783.3333333333,384145.8333333333,60817
2020-12-21,377000.0,377000.0,372500.0,376500.0,379500.0,368675.0,377716.6666666667,384545.8333333333,31458
2020-12-22,379000.0,390500.0,376000.0,379000.0,379300.0,369275.0,377650.0,384987.5,128762
2020-12-23,384500.0,386500.0,379000.0,384500.0,379600.0,370175.0,377600.0,385366.6666666667,58702
2020-12-24,387500.0,387500.0,382000.0,382500.0,379700.0,370975.0,377475.0,385583.3333333333,54395
2020-12-28,383500.0,387000.0,380500.0,382500.0,381000.0,371775.0,377283.3333333333,385795.8333333333,66282
2020-12-29,382500.0,386500.0,379000.0,383000.0,382300.0,372850.0,377083.3333333333,385983.3333333333,53807
2020-12-30,385000.0,385000.0,379000.0,381000.0,382700.0,373775.0,376791.6666666667,386083.3333333333,78987
2021-01-04,382500.0,385000.0,378000.0,384500.0,382700.0,375025.0,376358.3333333333,386270.8333333333,94480
2021-01-05,388000.0,415500.0,387500.0,414500.0,389100.0,377725.0,376483.3333333333,386541.6666666667,334236
2021-01-06,417000.0,418000.0,403000.0,403500.0,393300.0,380050.0,376450.0,386654.1666666667,139612
2021-01-07,408000.0,409500.0,402500.0,405000.0,397700.0,382150.0,376366.6666666667,386695.8333333333,99806
2021-01-08,406500.0,438500.0,406000.0,432500.0,408000.0,385650.0,376941.6666666667,386916.6666666667,288067
2021-01-11,433500.0,441000.0,412000.0,424000.0,415900.0,388700.0,377450.0,387179.1666666667,197206
2021-01-12,423500.0,423500.0,406000.0,417000.0,416400.0,391350.0,377883.3333333333,387454.1666666667,98843
2021-01-13,429500.0,442000.0,425500.0,432000.0,422100.0,394100.0,378625.0,387887.5,162369
2021-01-14,437500.0,452500.0,432000.0,448000.0,430700.0,397550.0,379666.6666666667,388487.5,202127
2021-01-15,450000.0,453000.0,434000.0,437000.0,431600.0,400400.0,380508.3333333333,388991.6666666667,100989
2021-01-18,435000.0,441000.0,423500.0,424000.0,431600.0,402450.0,381108.3333333333,389433.3333333333,92131
2021-01-19,427000.0,439500.0,421000.0,437000.0,435600.0,405200.0,381941.6666666667,389966.6666666667,77244
2021-01-20,437500.0,442500.0,430000.0,433500.0,435900.0,408075.0,382783.3333333333,390504.1666666667,70306
2021-01-21,435500.0,447500.0,435500.0,441000.0,434500.0,411300.0,383950.0,391100.0,68599
2021-01-22,447500.0,452000.0,441000.0,443500.0,435800.0,414525.0,385291.6666666667,391741.6666666667,90512
2021-01-25,446000.0,474000.0,446000.0,471000.0,445200.0,418850.0,387008.3333333333,392616.6666666667,156650
2021-01-26,469000.0,469500.0,458000.0,461000.0,450000.0,422775.0,388541.6666666667,393400.0,104761
2021-01-27,462500.0,471000.0,456000.0,461500.0,455600.0,426725.0,390216.6666666667,394029.1666666667,82215
2021-01-28,446000.0,458000.0,445000.0,450000.0,457400.0,430075.0,391741.6666666667,394329.1666666667,76665
2021-01-29,450000.0,450500.0,425500.0,426000.0,453900.0,432325.0,392791.6666666667,394420.8333333333,113415
2021-02-01,425500.0,437000.0,421000.0,434000.0,446500.0,434800.0,393575.0,394558.3333333333,71462
2021-02-02,437000.0,455000.0,434500.0,444000.0,443100.0,436275.0,394508.3333333333,394758.3333333333,74665
2021-02-03,444500.0,449000.0,438000.0,445500.0,439900.0,438375.0,395450.0,394937.5,63202
2021-02-04,445500.0,451000.0,435500.0,439500.0,437800.0,440100.0,396191.6666666667,395041.6666666667,58622
2021-02-05,443500.0,446000.0,439500.0,443500.0,441300.0,440650.0,397258.3333333333,395041.6666666667,60629
2021-02-08,443500.0,458000.0,436500.0,454500.0,445400.0,442175.0,398716.6666666667,395375.0,133654
2021-02-09,444000.0,446000.0,429500.0,431000.0,442800.0,442875.0,399800.0,395516.6666666667,221723
2021-02-10,431000.0,431500.0,420500.0,429000.0,439500.0,442725.0,400841.6666666667,395750.0,101661
2021-02-15,431500.0,433500.0,429000.0,429000.0,437400.0,441775.0,401875.0,395966.6666666667,64209
2021-02-16,432500.0,433000.0,429000.0,432000.0,435100.0,441525.0,403000.0,396212.5,50955
2021-02-17,433000.0,444000.0,432000.0,441000.0,432400.0,442375.0,404108.3333333333,396550.0,102494
2021-02-18,441500.0,448500.0,436000.0,440000.0,434200.0,442525.0,405275.0,396908.3333333333,62429
2021-02-19,438000.0,442000.0,430000.0,440000.0,436400.0,442850.0,406433.3333333333,397191.6666666667,66106
2021-02-22,439500.0,440000.0,430500.0,435000.0,437600.0,442550.0,407508.3333333333,397345.8333333333,57790
2021-02-23,430500.0,433000.0,426000.0,426000.0,436400.0,441675.0,408491.6666666667,397425.0,54742
2021-02-24,426500.0,431000.0,402500.0,408500.0,429900.0,438550.0,409191.6666666667,397345.8333333333,124623
2021-02-25,409000.0,412500.0,401000.0,411000.0,424100.0,436050.0,409933.3333333333,397300.0,94437
2021-02-26,400000.0,406500.0,393000.0,406500.0,417400.0,433300.0,410600.0,397295.8333333333,127142
2021-03-02,408000.0,411500.0,398000.0,400000.0,410400.0,430800.0,411241.6666666667,397266.6666666667,77574
2021-03-03,401500.0,406000.0,399500.0,406000.0,406400.0,429800.0,411966.6666666667,397304.1666666667,34055
2021-03-04,401000.0,420500.0,400000.0,415000.0,407700.0,428850.0,412891.6666666667,397416.6666666667,90293
2021-03-05,412000.0,412000.0,402500.0,410000.0,407500.0,427150.0,413716.6666666667,397529.1666666667,36414
2021-03-08,410500.0,410500.0,403500.0,405000.0,407200.0,425125.0,414516.6666666667,397658.3333333333,24412
2021-03-09,408000.0,410000.0,393000.0,396500.0,406500.0,422975.0,415075.0,397716.6666666667,52784
2021-03-10,399000.0,399500.0,391000.0,395500.0,404400.0,420575.0,415625.0,397883.3333333333,32882
2021-03-11,393000.0,398000.0,389000.0,395000.0,400400.0,417600.0,416158.3333333333,397829.1666666667,57507
2021-03-12,397500.0,407500.0,397000.0,407500.0,399900.0,416425.0,416883.3333333333,397862.5,42672
2021-03-15,409000.0,423000.0,402000.0,421000.0,403100.0,416025.0,417616.6666666667,398104.1666666667,69523
2021-03-16,423500.0,429000.0,422000.0,424000.0,408600.0,415775.0,418366.6666666667,398354.1666666667,58257
2021-03-17,427000.0,434000.0,421500.0,421500.0,413800.0,415250.0,419058.3333333333,398591.6666666667,55264
2021-03-18,426000.0,427500.0,417500.0,417500.0,418300.0,414075.0,419633.3333333333,398845.8333333333,45947
2021-03-19,418000.0,428500.0,412500.0,421000.0,421000.0,413125.0,420283.3333333333,399129.1666666667,59740
2021-03-22,424500.0,427500.0,419500.0,419500.0,420700.0,412100.0,421008.3333333333,399395.8333333333,34406
2021-03-23,423500.0,427500.0,416000.0,426500.0,421200.0,411675.0,421841.6666666667,399779.1666666667,58470
2021-03-24,426000.0,430000.0,420500.0,429000.0,422700.0,411825.0,422675.0,400162.5,47782
2021-03-25,426500.0,429000.0,420500.0,422500.0,423700.0,412525.0,423308.3333333333,400454.1666666667,39648
2021-03-26,423500.0,423500.0,416000.0,417500.0,423000.0,412850.0,423891.6666666667,400683.3333333333,35258
2021-03-29,417500.0,418000.0,408500.0,411000.0,421300.0,413075.0,424366.6666666667,400825.0,40692
2021-03-30,411000.0,413500.0,409000.0,411000.0,418200.0,413625.0,424833.3333333333,400958.3333333333,26888
2021-03-31,411000.0,418000.0,409000.0,411000.0,414600.0,413875.0,425333.3333333333,401062.5,45750
2021-04-01,413000.0,418000.0,412500.0,416000.0,413300.0,413925.0,425858.3333333333,401108.3333333333,38393
2021-04-02,415000.0,417500.0,410000.0,411500.0,412100.0,414000.0,425808.3333333333,401145.8333333333,33063
2021-04-05,412000.0,413000.0,407500.0,410000.0,411900.0,414250.0,425916.6666666667,401183.3333333333,28271
2021-04-06,410000.0,413000.0,407000.0,407000.0,411100.0,414775.0,425950.0,401158.3333333333,30405
2021-04-07,407000.0,409500.0,405000.0,408000.0,410500.0,415400.0,425541.6666666667,401241.6666666667,31835
2021-04-08,405500.0,407000.0,403000.0,405000.0,408300.0,415900.0,425225.0,401337.5,50303
2021-04-09,406500.0,421500.0,406000.0,420000.0,410000.0,416525.0,425275.0,401579.1666666667,99891
2021-04-12,420000.0,420000.0,413000.0,416500.0,411300.0,416300.0,425016.6666666667,401820.8333333333,29180
2021-04-13,420000.0,420000.0,414500.0,415000.0,412900.0,415850.0,424466.6666666667,402066.6666666667,31214
2021-04-14,415500.0,418500.0,413000.0,414500.0,414200.0,415500.0,424091.6666666667,402300.0,25980
2021-04-15,416500.0,417000.0,413000.0,417000.0,416600.0,415475.0,423975.0,402541.6666666667,36500
2021-04-16,415000.0,421000.0,414500.0,419500.0,416500.0,415400.0,423683.3333333333,402812.5,38748
2021-04-19,421500.0,421500.0,415000.0,416500.0,416500.0,415250.0,423400.0,403091.6666666667,36662
2021-04-20,416500.0,419500.0,415000.0,417500.0,417000.0,414800.0,423008.3333333333,403479.1666666667,31379
2021-04-21,417500.0,418000.0,411000.0,413000.0,416700.0,414000.0,422500.0,403895.8333333333,42918
2021-04-22,412000.0,414000.0,410500.0,410500.0,415400.0,413400.0,421491.6666666667,404250.0,30393
2021-04-23,410500.0,413000.0,407000.0,410500.0,413600.0,413050.0,420650.0,404595.8333333333,26969
2021-04-26,411500.0,412000.0,408500.0,409500.0,412200.0,412975.0,419783.3333333333,405000.0,30452
2021-04-27,409500.0,411000.0,407000.0,409000.0,410500.0,412875.0,419100.0,405420.8333333333,27705
2021-04-28,409000.0,410000.0,403500.0,406000.0,409100.0,412625.0,418766.6666666667,405779.1666666667,36552
2021-04-29,405000.0,407500.0,399500.0,400000.0,407000.0,411825.0,418200.0,405887.5,38024
2021-04-30,400000.0,401500.0,395500.0,395500.0,404000.0,411025.0,417391.6666666667,405950.0,42806
2021-05-03,399000.0,409500.0,396000.0,407500.0,403600.0,410900.0,416758.3333333333,406104.1666666667,69385
2021-05-04,409000.0,409500.0,399500.0,407000.0,403200.0,410900.0,416216.6666666667,406204.1666666667,43218
2021-05-06,407000.0,409000.0,400000.0,407500.0,403500.0,410875.0,415616.6666666667,406437.5,38246
2021-05-07,410500.0,429000.0,410000.0,427000.0,408900.0,411975.0,415158.3333333333,406937.5,199457
2021-05-10,430000.0,441000.0,427000.0,435000.0,416800.0,412725.0,415225.0,407512.5,154887
2021-05-11,440000.0,459500.0,436000.0,454000.0,426100.0,414600.0,415641.6666666667,408241.6666666667,353489
2021-05-12,459000.0,461500.0,447500.0,454500.0,435600.0,416575.0,416066.6666666667,408970.8333333333,160453
2021-05-13,447000.0,479500.0,444000.0,462000.0,446500.0,418950.0,416566.6666666667,409783.3333333333,217299
2021-05-14,463000.0,468500.0,450000.0,454000.0,451900.0,420800.0,416783.3333333333,410445.8333333333,97157
2021-05-17,452500.0,466500.0,448500.0,457500.0,456400.0,422700.0,417075.0,411175.0,64338
2021-05-18,457500.0,465000.0,451500.0,458500.0,457300.0,424800.0,417383.3333333333,411908.3333333333,54662
2021-05-20,453000.0,458000.0,441500.0,444500.0,455300.0,426150.0,417541.6666666667,412525.0,76460
2021-05-21,447000.0,450500.0,438000.0,440000.0,450900.0,427500.0,417775.0,413133.3333333333,46428
2021-05-24,437500.0,454000.0,433000.0,451500.0,450400.0,429550.0,418491.6666666667,413841.6666666667,65707
2021-05-25,451500.0,474000.0,450000.0,474000.0,453700.0,432725.0,419541.6666666667,414737.5,119605
2021-05-26,473500.0,484000.0,472000.0,477500.0,457500.0,436125.0,420725.0,415662.5,85602
2021-05-27,477500.0,490000.0,474000.0,478500.0,464300.0,439600.0,422033.3333333333,416637.5,102429
2021-05-28,478500.0,479000.0,470500.0,472500.0,470800.0,442925.0,423141.6666666667,417554.1666666667,43162
2021-05-31,472500.0,489000.0,470500.0,488500.0,478200.0,447350.0,424366.6666666667,418629.1666666667,72172
2021-06-01,489500.0,491000.0,476000.0,485500.0,480500.0,451850.0,425625.0,419670.8333333333,57895
2021-06-02,479500.0,485000.0,477000.0,477500.0,480500.0,455350.0,426833.3333333333,420675.0,37022
2021-06-03,481000.0,485000.0,472500.0,473500.0,479500.0,458675.0,428116.6666666667,421595.8333333333,47137
2021-06-04,470000.0,480000.0,470000.0,474000.0,479800.0,462000.0,429425.0,422525.0,38118
2021-06-07,478000.0,478500.0,469000.0,471500.0,476400.0,464225.0,430700.0,423429.1666666667,28779
2021-06-08,471500.0,479000.0,471500.0,473000.0,473900.0,466125.0,431791.6666666667,424337.5,26228
2021-06-09,470500.0,474000.0,464000.0,464000.0,471200.0,466625.0,432508.3333333333,425062.5,39082
2021-06-10,464000.0,469500.0,460000.0,465000.0,469500.0,467150.0,433191.6666666667,425779.1666666667,48262
2021-06-11,465000.0,467000.0,455000.0,455000.0,465700.0,466800.0,433750.0,426404.1666666667,56463
2021-06-14,460000.0,460500.0,454000.0,457500.0,462900.0,466975.0,434416.6666666667,427025.0,32810
2021-06-15,454500.0,454500.0,448500.0,450500.0,458400.0,466625.0,434908.3333333333,427595.8333333333,42269
2021-06-16,450000.0,457500.0,449000.0,452000.0,456000.0,466300.0,435450.0,428229.1666666667,46088
2021-06-17,450500.0,458500.0,449000.0,453000.0,453600.0,466725.0,435891.6666666667,428866.6666666667,58072
2021-06-18,455500.0,456500.0,445000.0,450000.0,452600.0,467225.0,436241.6666666667,429458.3333333333,59895
2021-06-21,447000.0,447000.0,439500.0,441500.0,449400.0,466725.0,436558.3333333333,429933.3333333333,42206
2021-06-22,440000.0,455000.0,440000.0,453500.0,450000.0,465700.0,437158.3333333333,430525.0,45875
2021-06-23,455000.0,455500.0,446000.0,449500.0,449500.0,464300.0,437800.0,431083.3333333333,36720
2021-06-24,448000.0,450500.0,442000.0,448000.0,448500.0,462775.0,438416.6666666667,431625.0,31298
2021-06-25,448000.0,455500.0,448000.0,452500.0,449000.0,461775.0,439108.3333333333,432220.8333333333,33580
2021-06-28,455000.0,467000.0,451500.0,459500.0,452600.0,460325.0,439833.3333333333,432845.8333333333,61670
2021-06-29,457000.0,466000.0,455000.0,459000.0,453700.0,459000.0,440625.0,433216.6666666667,36621
2021-06-30,461500.0,473000.0,459500.0,461000.0,456000.0,458175.0,441475.0,433695.8333333333,42509
2021-07-01,459000.0,462000.0,453500.0,454000.0,457200.0,457200.0,442258.3333333333,434104.1666666667,36600
2021-07-02,451000.0,455000.0,447500.0,449500.0,456600.0,455975.0,442950.0,434245.8333333333,38995
2021-07-05,450000.0,452000.0,447000.0,448000.0,454300.0,454800.0,443666.6666666667,434445.8333333333,18380
2021-07-06,448500.0,454500.0,445500.0,449000.0,452300.0,453600.0,444150.0,434712.5,27958
2021-07-07,445500.0,454500.0,445500.0,452500.0,450600.0,453025.0,444750.0,434883.3333333333,28961
2021-07-08,452500.0,454500.0,445000.0,446000.0,449000.0,452075.0,445266.6666666667,434866.6666666667,41462
2021-07-09,443500.0,447500.0,435500.0,442500.0,447600.0,451450.0,445733.3333333333,434912.5,49621
2021-07-12,443500.0,447000.0,442500.0,443000.0,446600.0,450725.0,446166.6666666667,435070.8333333333,16179
2021-07-13,447000.0,448000.0,441500.0,444500.0,445700.0,450425.0,446583.3333333333,435133.3333333333,26746
2021-07-14,444500.0,458000.0,441500.0,452000.0,445600.0,450425.0,447175.0,435287.5,43879
2021-07-15,455000.0,465500.0,448000.0,461000.0,448600.0,450825.0,447900.0,435454.1666666667,51896
2021-07-16,467000.0,477500.0,461000.0,465000.0,453100.0,451575.0,448766.6666666667,435633.3333333333,54899
2021-07-19,465500.0,477000.0,460000.0,472500.0,459000.0,453125.0,449800.0,435645.8333333333,59297
2021-07-20,467500.0,476500.0,467500.0,468000.0,463700.0,453850.0,450758.3333333333,435704.1666666667,39281
2021-07-21,470000.0,471500.0,459000.0,463000.0,465900.0,454525.0,451650.0,435716.6666666667,25993
2021-07-22,468500.0,470500.0,463000.0,469500.0,467600.0,455600.0,452658.3333333333,435879.1666666667,34888
2021-07-23,469500.0,474500.0,463000.0,470000.0,468600.0,456475.0,453725.0,436245.8333333333,26829
2021-07-26,470500.0,474500.0,464500.0,471000.0,468300.0,457050.0,454908.3333333333,436554.1666666667,26044
2021-07-27,474000.0,475000.0,467000.0,470500.0,468800.0,457625.0,456158.3333333333,436775.0,23334
2021-07-28,470500.0,471500.0,461000.0,464000.0,469000.0,457775.0,457100.0,436929.1666666667,25067
2021-07-29,465000.0,479000.0,465000.0,479000.0,470900.0,459025.0,458300.0,437258.3333333333,46852
2021-07-30,477500.0,477500.0,467500.0,468000.0,470500.0,459950.0,459308.3333333333,437462.5,38821
2021-08-02,471500.0,483000.0,468000.0,478500.0,472000.0,461475.0,460166.6666666667,437662.5,54570
2021-08-03,473000.0,483000.0,471000.0,482000.0,474300.0,463125.0,460950.0,438087.5,47996
2021-08-04,480000.0,493500.0,478000.0,492500.0,480000.0,465125.0,461591.6666666667,438616.6666666667,67149
2021-08-05,492000.0,492000.0,485000.0,487000.0,481600.0,467175.0,462133.3333333333,439100.0,34149
2021-08-06,487000.0,498500.0,477500.0,492000.0,486400.0,469650.0,462633.3333333333,439600.0,50998
2021-08-09,482000.0,494500.0,480500.0,489500.0,488600.0,471975.0,463225.0,440004.1666666667,59041
2021-08-10,492000.0,492000.0,458500.0,462500.0,484700.0,472875.0,463308.3333333333,440191.6666666667,223772
2021-08-11,463000.0,465500.0,451000.0,451500.0,476500.0,472850.0,463191.6666666667,440287.5,90585
2021-08-12,453000.0,461000.0,446000.0,449000.0,468900.0,472250.0,463266.6666666667,440404.1666666667,79794
2021-08-13,454000.0,454500.0,440000.0,445500.0,459600.0,471275.0,463358.3333333333,440566.6666666667,63692
2021-08-17,447500.0,449500.0,441500.0,442000.0,450100.0,469750.0,463200.0,440845.8333333333,53546
2021-08-18,446500.0,447500.0,439500.0,447500.0,447100.0,468725.0,462758.3333333333,441150.0,48684
2021-08-19,444000.0,444000.0,434000.0,434000.0,443600.0,467275.0,462033.3333333333,441379.1666666667,51665
2021-08-20,436000.0,439000.0,421500.0,426000.0,439000.0,465100.0,461158.3333333333,441595.8333333333,46465
2021-08-23,430000.0,433000.0,427000.0,429500.0,435800.0,463075.0,460441.6666666667,441791.6666666667,34645
2021-08-24,433000.0,447000.0,432500.0,443000.0,436000.0,461675.0,459683.3333333333,442025.0,41201
2021-08-25,444000.0,447500.0,440000.0,441500.0,434800.0,460225.0,458950.0,442287.5,31087
2021-08-26,442000.0,447500.0,436500.0,437000.0,435400.0,458875.0,458275.0,442554.1666666667,27776
2021-08-27,438500.0,442500.0,435500.0,439000.0,438000.0,456875.0,457700.0,442908.3333333333,29478
2021-08-30,446000.0,451000.0,442000.0,448000.0,441700.0,455875.0,457266.6666666667,443345.8333333333,32520
2021-08-31,448500.0,453500.0,444000.0,453500.0,443800.0,454625.0,456966.6666666667,443833.3333333333,45002
2021-09-01,450500.0,453000.0,446000.0,446500.0,444800.0,452850.0,456525.0,444158.3333333333,29555
2021-09-02,445000.0,445500.0,440000.0,443500.0,446100.0,450400.0,456183.3333333333,444345.8333333333,21995
2021-09-03,445000.0,450000.0,442000.0,444500.0,447200.0,448275.0,455841.6666666667,444516.6666666667,29326
2021-09-06,445000.0,445000.0,440000.0,442000.0,446000.0,445775.0,455625.0,444687.5,19461
2021-09-07,440000.0,449500.0,440000.0,442500.0,443800.0,443425.0,455375.0,444895.8333333333,23865
2021-09-08,440000.0,442500.0,438000.0,438000.0,442100.0,442200.0,455166.6666666667,445037.5,23934
2021-09-09,437000.0,440000.0,434000.0,437500.0,440900.0,441500.0,454925.0,445187.5,30130
2021-09-10,438000.0,438500.0,430000.0,432500.0,438500.0,440675.0,454583.3333333333,445237.5,37071
2021-09-13,431500.0,435500.0,429000.0,435000.0,437100.0,440150.0,454333.3333333333,445287.5,28226
2021-09-14,437500.0,443500.0,437000.0,441000.0,436800.0,440100.0,454325.0,445441.6666666667,37955
2021-09-15,438000.0,442500.0,434000.0,435000.0,436200.0,439475.0,454016.6666666667,445587.5,43530
2021-09-16,435000.0,437500.0,428000.0,429500.0,434600.0,439250.0,453683.3333333333,445741.6666666667,46630
2021-09-17,429500.0,433000.0,427000.0,431000.0,434300.0,439500.0,453400.0,445908.3333333333,42846
2021-09-23,430500.0,434500.0,426000.0,432500.0,433800.0,439650.0,453066.6666666667,446087.5,32735
2021-09-24,431500.0,433500.0,428000.0,430000.0,431600.0,439000.0,452575.0,446204.1666666667,19143
2021-09-27,428500.0,436500.0,427500.0,429000.0,430400.0,438375.0,452075.0,446350.0,25407
2021-09-28,427000.0,428000.0,414500.0,416500.0,427800.0,437350.0,451333.3333333333,446404.1666666667,44231
2021-09-29,411000.0,417000.0,404000.0,410500.0,423700.0,435925.0,450608.3333333333,446433.3333333333,51544
2021-09-30,409500.0,413500.0,405500.0,409500.0,419100.0,434000.0,449941.6666666667,446445.8333333333,31515
2021-10-01,407000.0,410500.0,397000.0,401000.0,413300.0,431375.0,449158.3333333333,446412.5,59272
2021-10-05,396500.0,402500.0,395000.0,397500.0,407000.0,428925.0,448300.0,446225.0,49095
2021-10-06,398000.0,401500.0,391000.0,391000.0,401900.0,426300.0,447275.0,446012.5,49255
2021-10-07,391000.0,399000.0,390500.0,397000.0,399200.0,423925.0,446458.3333333333,445862.5,40910
2021-10-08,392500.0,400500.0,386000.0,399000.0,397100.0,421775.0,445733.3333333333,445733.3333333333,74274
2021-10-12,399500.0,401500.0,391000.0,392000.0,395300.0,419250.0,444883.3333333333,445525.0,50291
2021-10-13,395000.0,399000.0,391500.0,398500.0,395500.0,417275.0,444116.6666666667,445350.0,36504
2021-10-14,399000.0,404500.0,398500.0,403000.0,397900.0,415550.0,443300.0,445237.5,34278
2021-10-15,407000.0,407000.0,400000.0,400000.0,398500.0,413925.0,442283.3333333333,445091.6666666667,40188
2021-10-18,404000.0,413500.0,400500.0,410000.0,400700.0,412675.0,441366.6666666667,445066.6666666667,46859
2021-10-19,415000.0,417500.0,403500.0,406500.0,403600.0,410950.0,440266.6666666667,445033.3333333333,28249
2021-10-20,404500.0,408000.0,399000.0,399500.0,403800.0,409175.0,439125.0,444941.6666666667,33642
2021-10-21,399500.0,401500.0,395500.0,395500.0,402300.0,407475.0,438000.0,444825.0,43030
2021-10-22,395500.0,398000.0,392000.0,394000.0,401100.0,405625.0,436741.6666666667,444700.0,34844
2021-10-25,392000.0,397000.0,390500.0,396000.0,398300.0,403800.0,435508.3333333333,444616.6666666667,24968
2021-10-26,398500.0,398500.0,393500.0,394500.0,395900.0,402025.0,434233.3333333333,444570.8333333333,33190
2021-10-27,394500.0,396000.0,392000.0,393000.0,394600.0,400225.0,432941.6666666667,444550.0,35994
2021-10-28,394000.0,395000.0,386500.0,386500.0,392800.0,398725.0,431650.0,444375.0,61206
2021-10-29,386500.0,389000.0,378000.0,380000.0,390000.0,397200.0,430000.0,444150.0,72829
2021-11-01,380500.0,388000.0,379000.0,387500.0,388300.0,396100.0,428658.3333333333,443983.3333333333,27954
2021-11-02,387500.0,394500.0,387000.0,387500.0,386900.0,395425.0,427141.6666666667,443654.1666666667,31296
2021-11-03,387000.0,388000.0,383500.0,386000.0,385500.0,394850.0,425541.6666666667,443245.8333333333,21256
2021-11-04,386500.0,392000.0,383000.0,384000.0,385000.0,394500.0,423733.3333333333,442662.5,29100
2021-11-05,385000.0,388000.0,379000.0,381500.0,385300.0,393725.0,421975.0,442054.1666666667,26010
2021-11-08,382000.0,382000.0,374000.0,376500.0,383100.0,392600.0,420050.0,441341.6666666667,40788
2021-11-09,382000.0,391500.0,373500.0,374500.0,380500.0,391725.0,418133.3333333333,440679.1666666667,67498
2021-11-10,373500.0,374000.0,364000.0,366000.0,376500.0,390100.0,416525.0,439916.6666666667,50545
2021-11-11,361000.0,368500.0,361000.0,366000.0,372900.0,388250.0,415100.0,439145.8333333333,33002
2021-11-12,366000.0,370000.0,363000.0,368500.0,370300.0,386675.0,413758.3333333333,438512.5,34177
2021-11-15,371500.0,374500.0,368500.0,373000.0,369600.0,384825.0,412550.0,437954.1666666667,30784
2021-11-16,371000.0,376000.0,369000.0,373000.0,369300.0,383150.0,411400.0,437300.0,30163
2021-11-17,373000.0,376500.0,366500.0,366500.0,369400.0,381500.0,410050.0,436404.1666666667,34649
2021-11-18,366500.0,366500.0,359000.0,359000.0,368000.0,379675.0,408800.0,435416.6666666667,48105
2021-11-19,358000.0,365000.0,355500.0,365000.0,367300.0,378225.0,407783.3333333333,434470.8333333333,35614
2021-11-22,363500.0,369000.0,360000.0,364000.0,365500.0,376625.0,406691.6666666667,433566.6666666667,33584
2021-11-23,360500.0,371500.0,360500.0,369500.0,364800.0,375375.0,405466.6666666667,432575.0,37188
2021-11-24,375500.0,392500.0,375000.0,383000.0,368100.0,374875.0,404491.6666666667,431720.8333333333,136621
2021-11-25,383500.0,384000.0,377000.0,379500.0,372200.0,374525.0,403533.3333333333,430904.1666666667,31004
2021-11-26,382000.0,382000.0,368500.0,369500.0,373100.0,374000.0,402375.0,430037.5,60546
2021-11-29,362500.0,374000.0,361000.0,369000.0,374100.0,373075.0,401058.3333333333,429162.5,42455
2021-11-30,369000.0,373500.0,351500.0,354000.0,371000.0,371400.0,399400.0,428183.3333333333,101418
2021-12-01,356000.0,356000.0,344000.0,350500.0,364500.0,369625.0,397800.0,427162.5,62052
2021-12-02,345000.0,367000.0,345000.0,364500.0,361500.0,368650.0,396483.3333333333,426333.3333333333,44400
2021-12-03,362000.0,371500.0,361000.0,363500.0,360300.0,367750.0,395133.3333333333,425487.5,34753
2021-12-06,363500.0,365500.0,357000.0,362500.0,359000.0,367050.0,393808.3333333333,424716.6666666667,24355
2021-12-07,360500.0,374500.0,357500.0,374500.0,363100.0,367050.0,392675.0,424025.0,47358
2021-12-08,378000.0,378000.0,369000.0,370000.0,367000.0,367250.0,391541.6666666667,423354.1666666667,40130
2021-12-09,375000.0,377000.0,372500.0,372500.0,368600.0,367575.0,390458.3333333333,422691.6666666667,44737
2021-12-10,372500.0,379500.0,370000.0,376000.0,371100.0,367950.0,389516.6666666667,422050.0,35979
2021-12-13,377500.0,388000.0,374000.0,378000.0,374200.0,368200.0,388566.6666666667,421450.0,43834
2021-12-14,374000.0,394500.0,373500.0,392000.0,377700.0,369150.0,387750.0,421037.5,90581
2021-12-15,394000.0,398000.0,388000.0,392000.0,382100.0,370425.0,387033.3333333333,420525.0,37658
2021-12-16,390500.0,391500.0,384500.0,390000.0,385600.0,371975.0,386375.0,420029.1666666667,43255
2021-12-17,389000.0,403500.0,387500.0,402500.0,390900.0,373850.0,385900.0,419650.0,87537
2021-12-20,398000.0,405000.0,397000.0,398000.0,394900.0,375550.0,385325.0,419195.8333333333,40120
2021-12-21,400000.0,402000.0,393000.0,395000.0,395500.0,376825.0,384741.6666666667,418658.3333333333,39790
2021-12-22,394000.0,397000.0,385500.0,390000.0,395100.0,377175.0,384091.6666666667,418083.3333333333,39804
2021-12-23,390500.0,394000.0,387000.0,391000.0,395300.0,377750.0,383666.6666666667,417500.0,29278
2021-12-24,391000.0,395000.0,387000.0,387500.0,392300.0,378650.0,383283.3333333333,416945.8333333333,24822
2021-12-27,389000.0,397500.0,387000.0,394000.0,391500.0,379900.0,383025.0,416483.3333333333,35701
2021-12-28,396000.0,396000.0,388500.0,392000.0,390900.0,381800.0,382875.0,416016.6666666667,29485
2021-12-29,388000.0,393000.0,386000.0,388500.0,390600.0,383700.0,382725.0,415512.5,26374
2021-12-30,386000.0,394000.0,385500.0,387500.0,389900.0,384850.0,382666.6666666667,414970.8333333333,29345
2022-01-04,379500.0,380500.0,374000.0,379500.0,388300.0,385650.0,382375.0,414416.6666666667,37341
2022-01-05,375500.0,381500.0,374500.0,378000.0,385100.0,386425.0,382025.0,413879.1666666667,31655
2022-01-06,373000.0,383500.0,373000.0,374500.0,381600.0,386425.0,381733.3333333333,413308.3333333333,32601
2022-01-07,374000.0,382000.0,373000.0,380500.0,380000.0,386950.0,381433.3333333333,412775.0,26954
2022-01-10,379500.0,388500.0,377000.0,385000.0,379500.0,387575.0,381133.3333333333,412216.6666666667,36588
2022-01-11,382500.0,389000.0,382500.0,383500.0,380300.0,387950.0,380858.3333333333,411570.8333333333,32826
2022-01-12,383000.0,385500.0,379500.0,383000.0,381300.0,388200.0,380408.3333333333,410887.5,39579
2022-01-13,381000.0,385500.0,379000.0,380000.0,382400.0,387600.0,379966.6666666667,410116.6666666667,46366
2022-01-14,380500.0,382000.0,373000.0,376500.0,381600.0,386825.0,379583.3333333333,409354.1666666667,30843
2022-01-17,373500.0,386500.0,373500.0,378000.0,380200.0,386225.0,379291.6666666667,408645.8333333333,31250
2022-01-18,379000.0,381000.0,371000.0,372500.0,378000.0,384725.0,378933.3333333333,407837.5,23499
2022-01-19,365000.0,374500.0,365000.0,367000.0,374800.0,383175.0,378450.0,406979.1666666667,25329
2022-01-20,369000.0,371500.0,364000.0,366000.0,372000.0,381725.0,377975.0,406104.1666666667,27787
2022-01-21,363500.0,365000.0,355500.0,361500.0,369000.0,380300.0,377450.0,405195.8333333333,38668
2022-01-24,361500.0,378500.0,361500.0,367000.0,366800.0,379100.0,377125.0,404387.5,66423
2022-01-25,366500.0,369500.0,350000.0,351500.0,362600.0,377300.0,376650.0,403325.0,50608
2022-01-26,351500.0,351500.0,351500.0,351500.0,359500.0,375175.0,376050.0,402354.1666666667,0
2022-01-27,358000.0,359500.0,332000.0,332000.0,352700.0,372175.0,375125.0,401133.3333333333,66051
2022-01-28,336000.0,351000.0,334500.0,346000.0,349600.0,370050.0,374458.3333333333,400000.0,69761
2022-02-03,350000.0,363500.0,350000.0,358000.0,347800.0,368575.0,374025.0,398879.1666666667,37171
2022-02-04,355000.0,372000.0,355000.0,368000.0,351100.0,368000.0,373800.0,397887.5,35930
2022-02-07,356000.0,384000.0,355500.0,379000.0,356600.0,368050.0,373841.6666666667,396945.8333333333,72718
2022-02-08,379000.0,379000.0,379000.0,379000.0,366000.0,368275.0,373916.6666666667,396025.0,0
2022-02-09,379000.0,379000.0,379000.0,379000.0,372600.0,368200.0,374133.3333333333,395329.1666666667,0
2022-02-10,379000.0,386000.0,377500.0,383000.0,377600.0,368100.0,374416.6666666667,394758.3333333333,34544
2022-02-11,378000.0,382000.0,373500.0,376000.0,379200.0,367725.0,374541.6666666667,394150.0,26981
2022-02-14,374000.0,376000.0,363500.0,371500.0,377700.0,367150.0,374516.6666666667,393533.3333333333,39730
2022-02-15,362000.0,364500.0,353000.0,361000.0,374100.0,366200.0,374316.6666666667,392858.3333333333,72372
2022-02-16,366000.0,371500.0,361000.0,369500.0,372200.0,365850.0,374366.6666666667,392208.3333333333,32673
2022-02-17,370000.0,378000.0,366500.0,373500.0,370300.0,365625.0,374608.3333333333,391704.1666666667,34936
2022-02-18,371500.0,387000.0,369000.0,380000.0,371100.0,366000.0,374858.3333333333,391320.8333333333,38311
2022-02-21,380000.0,380000.0,380000.0,380000.0,372800.0,366650.0,375125.0,390908.3333333333,0
2022-02-22,380000.0,380000.0,380000.0,380000.0,376600.0,367350.0,375300.0,390383.3333333333,0
2022-02-23,386500.0,387000.0,377000.0,380500.0,378800.0,368300.0,375258.3333333333,389875.0,27388
2022-02-24,376000.0,381000.0,369500.0,374000.0,378900.0,368650.0,375166.6666666667,389350.0,32302
2022-02-25,373000.0,380000.0,370500.0,372000.0,377300.0,369675.0,375208.3333333333,388791.6666666667,27736
2022-02-28,372000.0,372000.0,372000.0,372000.0,375700.0,370700.0,375258.3333333333,388158.3333333333,0
2022-03-02,378000.0,379500.0,373500.0,374500.0,374600.0,372825.0,375600.0,387500.0,21915
2022-03-03,373500.0,376500.0,369000.0,371000.0,372700.0,374075.0,375941.6666666667,386870.8333333333,38093
2022-03-04,371000.0,371000.0,371000.0,371000.0,372100.0,374725.0,376050.0,386266.6666666667,0
2022-03-07,369000.0,370000.0,353000.0,355500.0,368800.0,374100.0,375916.6666666667,385525.0,46060
2022-03-08,351500.0,353500.0,345000.0,345000.0,363400.0,372400.0,375625.0,384716.6666666667,43797
2022-03-10,345000.0,345000.0,345000.0,345000.0,357500.0,370700.0,375133.3333333333,383904.1666666667,0
2022-03-11,352000.0,353500.0,347500.0,348500.0,353000.0,369175.0,374775.0,383158.3333333333,23166
2022-03-14,349000.0,350000.0,338500.0,343500.0,347500.0,367200.0,374291.6666666667,382375.0,30272
2022-03-15,343500.0,343500.0,343500.0,343500.0,345100.0,365575.0,373750.0,381633.3333333333,0
2022-03-16,343500.0,343500.0,343500.0,343500.0,344800.0,364175.0,373175.0,380870.8333333333,0
2022-03-17,343500.0,343500.0,343500.0,343500.0,344500.0,363300.0,372366.6666666667,380058.3333333333,0
2022-03-18,353000.0,354000.0,349000.0,353500.0,345500.0,362500.0,371725.0,379379.1666666667,32457
2022-03-21,353500.0,353500.0,353500.0,353500.0,347500.0,361500.0,371116.6666666667,378745.8333333333,0
2022-03-22,353500.0,354500.0,349000.0,353000.0,349400.0,360150.0,370291.6666666667,378095.8333333333,20990
2022-03-23,356500.0,368500.0,354500.0,365500.0,353800.0,359425.0,369750.0,377537.5,47153
2022-03-24,361000.0,370500.0,357500.0,369500.0,359000.0,358900.0,369325.0,377033.3333333333,37612
2022-03-25,369000.0,371500.0,366000.0,367500.0,361800.0,358250.0,368950.0,376520.8333333333,26288
2022-03-28,366000.0,376500.0,363000.0,376500.0,366400.0,358375.0,368708.3333333333,376187.5,45261
2022-03-29,376500.0,378000.0,371000.0,372500.0,370300.0,358400.0,368458.3333333333,375870.8333333333,30813
2022-03-30,377000.0,378000.0,371000.0,373500.0,371900.0,358475.0,368116.6666666667,375570.8333333333,21564
2022-03-31,373500.0,376500.0,369500.0,369500.0,371900.0,358225.0,367741.6666666667,375308.3333333333,35318
2022-04-01,369500.0,381500.0,369500.0,379500.0,374300.0,358650.0,367591.6666666667,375158.3333333333,57243
2022-04-04,379500.0,388000.0,378000.0,388000.0,376600.0,359500.0,367600.0,375133.3333333333,37525
2022-04-05,387500.0,389000.0,383500.0,389000.0,379900.0,361175.0,367758.3333333333,375066.6666666667,21703
2022-04-06,390000.0,392000.0,386000.0,389000.0,383000.0,363375.0,367941.6666666667,374983.3333333333,25135
2022-04-07,385000.0,396500.0,379500.0,392000.0,387500.0,365725.0,368233.3333333333,374983.3333333333,69935
2022-04-08,396500.0,398000.0,391500.0,395000.0,390600.0,368050.0,368475.0,374954.1666666667,34644
2022-04-11,397000.0,397000.0,388500.0,397000.0,392400.0,370725.0,368675.0,374904.1666666667,26950
2022-04-12,392000.0,396000.0,390000.0,393500.0,393300.0,373225.0,368841.6666666667,374850.0,32323
2022-04-13,396500.0,397000.0,387000.0,390000.0,393500.0,375550.0,368958.3333333333,374683.3333333333,24757
2022-04-14,386500.0,393500.0,386000.0,393000.0,393700.0,378025.0,369175.0,374570.8333333333,24355
2022-04-15,388000.0,391000.0,385000.0,386000.0,391900.0,379650.0,369333.3333333333,374458.3333333333,25901
2022-04-18,383000.0,396000.0,381500.0,387500.0,390000.0,381350.0,369491.6666666667,374391.6666666667,34307
2022-04-19,392500.0,399000.0,390500.0,394500.0,390200.0,383425.0,369858.3333333333,374395.8333333333,42108
2022-04-20,391500.0,412500.0,390500.0,407000.0,393600.0,385500.0,370525.0,374487.5,103634
2022-04-21,410000.0,411500.0,400000.0,403500.0,395700.0,387200.0,371150.0,374562.5,45404
2022-04-22,400000.0,414000.0,397000.0,412500.0,401000.0,389450.0,372000.0,374725.0,82379
2022-04-25,416500.0,427500.0,414000.0,418000.0,407100.0,391525.0,372850.0,374987.5,135656
2022-04-26,420000.0,420500.0,398000.0,407000.0,409600.0,393250.0,373775.0,375212.5,73040
2022-04-27,402000.0,411000.0,399000.0,407500.0,409700.0,394950.0,374708.3333333333,375379.1666666667,47850
2022-04-28,407000.0,407500.0,401000.0,407000.0,410400.0,396825.0,375958.3333333333,375541.6666666667,33410
2022-04-29,403500.0,412000.0,396000.0,398000.0,407500.0,397750.0,376825.0,375641.6666666667,54369
2022-05-02,395000.0,402000.0,394000.0,401500.0,404200.0,398425.0,377550.0,375787.5,22168
2022-05-03,396500.0,400500.0,385000.0,388000.0,400400.0,398375.0,377883.3333333333,375841.6666666667,56262
2022-05-04,388000.0,391000.0,382500.0,387000.0,396300.0,398275.0,378016.6666666667,375929.1666666667,27003
2022-05-06,383000.0,386500.0,379000.0,383000.0,391500.0,397825.0,378083.3333333333,376000.0,20691
2022-05-10,387000.0,407500.0,386500.0,401000.0,392100.0,398125.0,378450.0,376291.6666666667,155540
2022-05-11,402000.0,410000.0,396500.0,399000.0,391600.0,398225.0,378716.6666666667,376566.6666666667,79436
2022-05-12,397500.0,412000.0,397500.0,401500.0,394300.0,398625.0,379141.6666666667,376841.6666666667,62414
2022-05-13,409000.0,409000.0,402000.0,404000.0,397700.0,399325.0,379683.3333333333,377100.0,25754
2022-05-16,410000.0,416500.0,404000.0,408000.0,402700.0,400075.0,380466.6666666667,377391.6666666667,29615
2022-05-17,408000.0,410000.0,392000.0,401000.0,402700.0,400825.0,380991.6666666667,377679.1666666667,38476
2022-05-18,401500.0,410000.0,398500.0,407500.0,404400.0,401825.0,381558.3333333333,378083.3333333333,32788
2022-05-19,400500.0,402000.0,392000.0,396000.0,403300.0,401900.0,381825.0,378341.6666666667,52950
2022-05-20,396500.0,402500.0,396000.0,398000.0,402100.0,401450.0,382125.0,378625.0,31094
2022-05-23,400000.0,406000.0,398500.0,403000.0,401100.0,401425.0,382508.3333333333,378904.1666666667,33731
2022-05-24,400500.0,405000.0,395000.0,396000.0,400100.0,400600.0,382766.6666666667,379012.5,32032
2022-05-25,403500.0,406000.0,392500.0,394000.0,397400.0,399400.0,383100.0,379133.3333333333,38918
2022-05-26,392500.0,393000.0,382000.0,387000.0,395600.0,398400.0,383350.0,379279.1666666667,58237
2022-05-27,392500.0,395000.0,387000.0,393000.0,394600.0,397675.0,383700.0,379479.1666666667,28858
2022-05-30,395000.0,401500.0,393500.0,394500.0,392900.0,397050.0,384033.3333333333,379816.6666666667,25449
2022-05-31,395000.0,399500.0,389500.0,393500.0,392400.0,396825.0,384408.3333333333,380175.0,73424
2022-06-02,404500.0,404500.0,392000.0,397500.0,393100.0,396625.0,384850.0,380450.0,42394
2022-06-03,400000.0,400000.0,390000.0,393500.0,394400.0,396900.0,385483.3333333333,380700.0,27251
2022-06-07,393500.0,393500.0,387000.0,388000.0,393400.0,396950.0,386200.0,380912.5,21037
2022-06-08,387000.0,390000.0,383000.0,386500.0,391800.0,397125.0,386891.6666666667,381012.5,34641
2022-06-09,384000.0,388000.0,381000.0,381500.0,389400.0,396150.0,387441.6666666667,381108.3333333333,39653
2022-06-10,380000.0,385000.0,375500.0,377000.0,385300.0,395050.0,388000.0,381145.8333333333,38349
2022-06-13,372000.0,376500.0,365500.0,366000.0,379800.0,393275.0,388375.0,381062.5,34053
2022-06-14,363000.0,366000.0,357000.0,366000.0,375400.0,391375.0,388750.0,380962.5,39802
2022-06-15,366500.0,378000.0,364000.0,366000.0,371300.0,389275.0,389125.0,380745.8333333333,48186
2022-06-16,367000.0,377000.0,360500.0,363500.0,367700.0,387400.0,389291.6666666667,380508.3333333333,28215
2022-06-17,361000.0,367000.0,357000.0,364000.0,365100.0,385225.0,389466.6666666667,380291.6666666667,33990
2022-06-20,365500.0,376500.0,365500.0,372000.0,366300.0,384025.0,389783.3333333333,380037.5,55249
2022-06-21,379000.0,379000.0,366000.0,372000.0,367500.0,382725.0,389891.6666666667,379820.8333333333,18909
2022-06-22,372500.0,382000.0,368000.0,371000.0,368500.0,381125.0,389916.6666666667,379620.8333333333,36065
2022-06-23,378000.0,392500.0,377500.0,382500.0,372300.0,380450.0,390166.6666666667,379558.3333333333,81763
2022-06-24,390000.0,390000.0,378000.0,382500.0,376000.0,379875.0,390266.6666666667,379487.5,35556
2022-06-27,382500.0,391500.0,381000.0,384000.0,378400.0,379725.0,390458.3333333333,379458.3333333333,29756
2022-06-28,389500.0,390500.0,380500.0,389500.0,381900.0,379550.0,390725.0,379420.8333333333,29308
2022-06-29,384000.0,389000.0,379500.0,381500.0,384000.0,378900.0,390925.0,379333.3333333333,25200
2022-06-30,377500.0,387500.0,377500.0,379000.0,383300.0,378175.0,390916.6666666667,379254.1666666667,26064
2022-07-01,388000.0,396500.0,382000.0,392000.0,385200.0,377900.0,390983.3333333333,379291.6666666667,57687
2022-07-04,396500.0,404000.0,391000.0,400500.0,388500.0,378250.0,391175.0,379466.6666666667,59743
2022-07-05,401500.0,401500.0,387500.0,397500.0,390100.0,378725.0,391316.6666666667,379629.1666666667,35560
2022-07-06,390500.0,400500.0,389000.0,393000.0,392400.0,379050.0,391333.3333333333,379783.3333333333,32653
2022-07-07,398500.0,398500.0,392000.0,392000.0,395000.0,379575.0,391283.3333333333,379879.1666666667,21510
2022-07-08,391500.0,396000.0,387000.0,389000.0,394400.0,380175.0,391150.0,379912.5,26223
2022-07-11,387500.0,389500.0,381500.0,386500.0,391600.0,381200.0,391033.3333333333,379937.5,22921
2022-07-12,389500.0,398500.0,388500.0,398500.0,391800.0,382825.0,391175.0,380066.6666666667,48509
2022-07-13,400000.0,407500.0,396500.0,403000.0,393800.0,384675.0,391341.6666666667,380258.3333333333,50183
2022-07-14,399000.0,405500.0,395000.0,402000.0,395800.0,386600.0,391608.3333333333,380470.8333333333,34230
2022-07-15,395000.0,401000.0,381000.0,397500.0,397500.0,388275.0,391775.0,380633.3333333333,40227
2022-07-18,396000.0,399000.0,389000.0,391000.0,398400.0,389225.0,391716.6666666667,380787.5,27816
2022-07-19,393000.0,405000.0,390000.0,405000.0,399700.0,390875.0,391683.3333333333,381104.1666666667,41409
2022-07-20,402000.0,403000.0,395500.0,396500.0,398400.0,392150.0,391566.6666666667,381358.3333333333,39486
2022-07-21,397000.0,399500.0,394000.0,398500.0,397700.0,392950.0,391333.3333333333,381666.6666666667,19596
2022-07-22,394500.0,398500.0,394500.0,397500.0,397700.0,393700.0,390991.6666666667,381920.8333333333,20025
2022-07-25,394500.0,398000.0,393500.0,395000.0,398500.0,394250.0,390791.6666666667,382283.3333333333,15932
2022-07-26,395000.0,400500.0,395000.0,397000.0,396900.0,394625.0,390616.6666666667,382662.5,19443
2022-07-27,396500.0,400000.0,394000.0,395000.0,396600.0,395300.0,390416.6666666667,383187.5,16778
2022-07-28,395500.0,398000.0,391000.0,395000.0,395900.0,396100.0,390366.6666666667,383595.8333333333,25944
2022-07-29,397500.0,397500.0,389000.0,391500.0,394700.0,396075.0,390200.0,383875.0,27618
2022-08-01,391500.0,392000.0,383500.0,387000.0,393100.0,395400.0,390183.3333333333,384033.3333333333,37653
2022-08-02,387000.0,388000.0,383000.0,385500.0,390800.0,394800.0,390158.3333333333,384087.5,29317
2022-08-03,385000.0,387500.0,383500.0,387500.0,389300.0,394525.0,390233.3333333333,384158.3333333333,30267
2022-08-04,388000.0,389500.0,383500.0,384500.0,387200.0,394150.0,389958.3333333333,384204.1666666667,24225
2022-08-05,386500.0,391000.0,385000.0,389000.0,386700.0,394150.0,389791.6666666667,384254.1666666667,26817
2022-08-08,389000.0,394500.0,386000.0,394500.0,388200.0,394550.0,389675.0,384408.3333333333,28337
2022-08-09,402000.0,437000.0,402000.0,428500.0,396800.0,396050.0,390083.3333333333,384883.3333333333,265521
2022-08-10,426500.0,428500.0,414500.0,423500.0,404000.0,397075.0,390341.6666666667,385404.1666666667,66726
2022-08-11,425000.0,425000.0,417000.0,421500.0,411400.0,398050.0,390683.3333333333,385837.5,66420
2022-08-12,419000.0,422000.0,414000.0,416500.0,416900.0,399000.0,390833.3333333333,386195.8333333333,43606
2022-08-16,418000.0,420500.0,416500.0,418500.0,421700.0,400375.0,391208.3333333333,386516.6666666667,31340
2022-08-17,419500.0,423000.0,413500.0,417000.0,419400.0,400975.0,391525.0,386825.0,31606
2022-08-18,414500.0,421000.0,412500.0,419000.0,418500.0,402100.0,391791.6666666667,387150.0,30924
2022-08-19,418000.0,421500.0,413500.0,416000.0,417400.0,402975.0,392125.0,387445.8333333333,26639
2022-08-22,412000.0,415500.0,408500.0,412500.0,416600.0,403725.0,392433.3333333333,387766.6666666667,24704
2022-08-23,408500.0,412500.0,404000.0,404000.0,413700.0,404175.0,392716.6666666667,388033.3333333333,31815
2022-08-24,405500.0,415500.0,404500.0,414000.0,413100.0,405025.0,393066.6666666667,388383.3333333333,36070
2022-08-25,416000.0,416000.0,410000.0,414000.0,412100.0,405975.0,393391.6666666667,388712.5,17185
2022-08-26,413000.0,415000.0,409000.0,414500.0,411800.0,406950.0,393741.6666666667,389075.0,17330
2022-08-29,407000.0,410000.0,399000.0,406500.0,410600.0,407700.0,393891.6666666667,389370.8333333333,33074
2022-08-30,409000.0,411500.0,405500.0,408000.0,411400.0,408750.0,394133.3333333333,389808.3333333333,17112
2022-08-31,406000.0,412500.0,403500.0,407500.0,410100.0,409850.0,394458.3333333333,390329.1666666667,27651
2022-09-01,402000.0,405500.0,398000.0,400500.0,407400.0,410500.0,394691.6666666667,390791.6666666667,38750
2022-09-02,401500.0,407500.0,400000.0,400000.0,404500.0,411275.0,395000.0,391220.8333333333,18335
2022-09-05,404500.0,404500.0,395500.0,397500.0,402700.0,411700.0,395341.6666666667,391670.8333333333,14164
2022-09-06,399000.0,399500.0,393500.0,398000.0,400700.0,411875.0,395875.0,392125.0,13650
2022-09-07,395000.0,398000.0,389500.0,390000.0,397200.0,409950.0,396275.0,392512.5,30584
2022-09-08,394000.0,394500.0,389000.0,390000.0,395100.0,408275.0,396675.0,392900.0,25209
2022-09-13,396000.0,402000.0,394500.0,395500.0,394200.0,406975.0,397208.3333333333,393250.0,18269
2022-09-14,387000.0,391000.0,385500.0,389500.0,392600.0,405625.0,397633.3333333333,393550.0,21300
2022-09-15,390000.0,394000.0,387000.0,389500.0,390900.0,404175.0,397925.0,393854.1666666667,17541
2022-09-16,390000.0,397000.0,383500.0,385500.0,390000.0,402600.0,398150.0,394020.8333333333,38859
2022-09-19,388500.0,400000.0,386500.0,393000.0,390600.0,401300.0,398516.6666666667,394216.6666666667,32955
2022-09-20,395000.0,405000.0,395000.0,404500.0,392400.0,400725.0,398883.3333333333,394525.0,34829
2022-09-21,404000.0,419500.0,401000.0,408500.0,396200.0,400525.0,399316.6666666667,394791.6666666667,60814
2022-09-22,411000.0,425000.0,410000.0,417500.0,401800.0,401200.0,399875.0,395166.6666666667,73744
2022-09-23,422000.0,426000.0,411500.0,413000.0,407300.0,401150.0,400266.6666666667,395495.8333333333,37527
2022-09-26,410000.0,416000.0,404000.0,405500.0,409800.0,400725.0,400666.6666666667,395795.8333333333,51344
2022-09-27,410000.0,423000.0,407000.0,420000.0,412900.0,401000.0,401350.0,396133.3333333333,68889
2022-09-28,412000.0,420000.0,402000.0,406500.0,412500.0,401000.0,401591.6666666667,396287.5,47609
2022-09-29,406500.0,412000.0,395500.0,407500.0,410500.0,400975.0,401708.3333333333,396441.6666666667,42641
2022-09-30,407000.0,417000.0,404500.0,411000.0,410100.0,401150.0,401933.3333333333,396625.0,46890
2022-10-04,411500.0,417500.0,401000.0,404000.0,409800.0,401325.0,402116.6666666667,396725.0,27511
2022-10-05,404500.0,404500.0,396000.0,402000.0,406200.0,401425.0,402283.3333333333,396783.3333333333,36730
2022-10-06,402500.0,408000.0,402000.0,402000.0,405300.0,401650.0,402500.0,396825.0,13009
2022-10-07,400000.0,409500.0,400000.0,402000.0,404200.0,401850.0,402758.3333333333,396895.8333333333,23598
2022-10-11,402000.0,404000.0,394500.0,400000.0,402000.0,402350.0,402783.3333333333,396979.1666666667,20343
2022-10-12,397500.0,400000.0,389500.0,398000.0,400800.0,402750.0,402700.0,397020.8333333333,28276
2022-10-13,399000.0,399500.0,388000.0,388500.0,398100.0,402400.0,402475.0,397041.6666666667,25684
2022-10-14,389500.0,408000.0,389000.0,404500.0,398600.0,403150.0,402591.6666666667,397183.3333333333,25952
2022-10-17,404000.0,407500.0,397000.0,401000.0,398400.0,403725.0,402758.3333333333,397237.5,28055
2022-10-18,405500.0,407500.0,398000.0,402000.0,398800.0,404550.0,402708.3333333333,397195.8333333333,18044
2022-10-19,406500.0,406500.0,399000.0,403000.0,399800.0,405050.0,402816.6666666667,397191.6666666667,17357
2022-10-20,399500.0,403500.0,395500.0,403500.0,402800.0,405000.0,402900.0,397116.6666666667,31996
2022-10-21,399000.0,401000.0,396500.0,398500.0,401600.0,404500.0,402916.6666666667,396954.1666666667,11325
2022-10-24,402500.0,404000.0,396000.0,398000.0,401000.0,403525.0,402966.6666666667,396879.1666666667,14675
2022-10-25,400000.0,401000.0,396000.0,400500.0,400700.0,402900.0,403025.0,396820.8333333333,16313
2022-10-26,397500.0,416000.0,397500.0,413500.0,402800.0,403300.0,403333.3333333333,396875.0,52264
2022-10-27,417500.0,419000.0,410500.0,416500.0,405400.0,403125.0,403691.6666666667,397029.1666666667,38236
2022-10-28,416000.0,416000.0,409000.0,414500.0,408600.0,403525.0,404075.0,397137.5,22128
2022-10-31,415500.0,422500.0,410000.0,414000.0,411800.0,403850.0,404525.0,397354.1666666667,38844
2022-11-01,414500.0,423000.0,411000.0,420000.0,415700.0,404300.0,405100.0,397629.1666666667,31675
2022-11-02,417000.0,428500.0,415500.0,427500.0,418500.0,405475.0,405766.6666666667,398000.0,39805
2022-11-03,425000.0,429000.0,421500.0,427000.0,420600.0,406725.0,406475.0,398216.6666666667,32611
2022-11-04,423000.0,426000.0,418000.0,424000.0,422500.0,407825.0,407058.3333333333,398425.0,25051
2022-11-07,424000.0,425500.0,409000.0,417500.0,423200.0,408600.0,407441.6666666667,398558.3333333333,45513
2022-11-08,418500.0,419500.0,413000.0,415500.0,422300.0,409375.0,407225.0,398654.1666666667,40167
2022-11-09,419500.0,422000.0,415000.0,417500.0,420300.0,410350.0,407125.0,398733.3333333333,34533
2022-11-10,417500.0,427000.0,414000.0,422000.0,419300.0,412025.0,407133.3333333333,398908.3333333333,51764
2022-11-11,423500.0,428000.0,411000.0,415500.0,417600.0,412575.0,407116.6666666667,398975.0,80999
2022-11-14,416500.0,421500.0,413500.0,417000.0,417500.0,413375.0,407091.6666666667,399150.0,49273
2022-11-15,413000.0,413500.0,392500.0,396500.0,413700.0,413100.0,406750.0,399137.5,158898
2022-11-16,396500.0,399000.0,392000.0,392000.0,408600.0,412550.0,406300.0,399045.8333333333,77786
2022-11-17,393000.0,393500.0,389500.0,392000.0,402600.0,411975.0,405900.0,399012.5,33260
2022-11-18,392500.0,396000.0,390000.0,394500.0,398400.0,411775.0,405600.0,399016.6666666667,39167
2022-11-21,395000.0,401000.0,392000.0,401000.0,395200.0,411925.0,405550.0,399133.3333333333,46168
2022-11-22,401000.0,401000.0,393500.0,394000.0,394700.0,411600.0,405216.6666666667,399141.6666666667,26962
2022-11-23,394500.0,395500.0,390500.0,391500.0,394600.0,410500.0,404841.6666666667,399116.6666666667,35335
2022-11-24,391500.0,393000.0,388500.0,390500.0,394300.0,409200.0,404441.6666666667,399091.6666666667,34491
2022-11-25,391500.0,394000.0,389500.0,392500.0,393900.0,408100.0,404208.3333333333,399050.0,28267
2022-11-28,392500.0,393000.0,383000.0,388000.0,391300.0,406800.0,403875.0,399004.1666666667,27177
2022-11-29,391500.0,391500.0,386500.0,389500.0,390400.0,405275.0,403575.0,399016.6666666667,20337
2022-11-30,387500.0,395000.0,387000.0,395000.0,391100.0,403650.0,403483.3333333333,399087.5,60786
2022-12-01,395500.0,396500.0,390000.0,390000.0,391000.0,401800.0,403316.6666666667,399158.3333333333,30081
2022-12-02,390000.0,390500.0,380500.0,380500.0,388600.0,399625.0,403033.3333333333,399187.5,45023
2022-12-05,381500.0,382500.0,373000.0,375000.0,386000.0,397500.0,402650.0,399262.5,52037
2022-12-06,371000.0,377500.0,371000.0,376000.0,383300.0,395525.0,402416.6666666667,399345.8333333333,25095
2022-12-07,377500.0,380000.0,372000.0,372500.0,378800.0,393275.0,402125.0,399400.0,31636
2022-12-08,375000.0,377500.0,370000.0,372000.0,375200.0,390775.0,401733.3333333333,399470.8333333333,43117
2022-12-09,372500.0,379000.0,371500.0,378500.0,374800.0,388925.0,401550.0,399591.6666666667,45053
2022-12-12,378000.0,380000.0,375500.0,376500.0,375100.0,386900.0,401333.3333333333,399629.1666666667,21997
2022-12-13,378500.0,378500.0,372500.0,374000.0,374700.0,385775.0,401141.6666666667,399645.8333333333,29216
2022-12-14,377000.0,381000.0,375000.0,378000.0,375800.0,385075.0,400891.6666666667,399704.1666666667,23660
2022-12-15,378000.0,380000.0,375500.0,378000.0,377000.0,384375.0,400450.0,399666.6666666667,26392
2022-12-16,375500.0,377500.0,373500.0,376000.0,376500.0,383450.0,399908.3333333333,399612.5,45772
2022-12-19,373500.0,376000.0,373000.0,374500.0,376100.0,382125.0,399191.6666666667,399533.3333333333,11785
2022-12-20,374500.0,379500.0,374500.0,379500.0,377200.0,381400.0,398633.3333333333,399450.0,33493
2022-12-21,380000.0,392500.0,379500.0,391000.0,379800.0,381375.0,398391.6666666667,399529.1666666667,64466
2022-12-22,389000.0,395500.0,386500.0,390500.0,382300.0,381375.0,397900.0,399625.0,35429
2022-12-23,390000.0,393500.0,386500.0,390500.0,385200.0,381275.0,397633.3333333333,399612.5,27241
2022-12-26,388500.0,392000.0,384500.0,386000.0,387500.0,381175.0,397275.0,399491.6666666667,18517
2022-12-27,389000.0,389000.0,380000.0,384000.0,388400.0,380900.0,396825.0,399379.1666666667,40969
2022-12-28,381500.0,392000.0,380500.0,388500.0,387900.0,380575.0,396566.6666666667,399341.6666666667,31626
2022-12-29,384000.0,387000.0,379000.0,380500.0,385900.0,380100.0,396208.3333333333,399245.8333333333,24104
2023-01-02,381000.0,383500.0,374500.0,376500.0,383100.0,379900.0,395783.3333333333,399141.6666666667,18755
2023-01-03,376500.0,378000.0,366000.0,369000.0,379700.0,379600.0,395233.3333333333,398995.8333333333,49245
2023-01-04,368000.0,368000.0,349000.0,349000.0,372700.0,378250.0,394383.3333333333,398583.3333333333,139501
2023-01-05,351000.0,351000.0,335000.0,338000.0,362600.0,376525.0,393383.3333333333,398041.6666666667,166569
2023-01-06,338000.0,342000.0,335500.0,340000.0,354500.0,374925.0,392575.0,397525.0,74250
2023-01-09,343000.0,347000.0,337000.0,343500.0,347900.0,373175.0,391558.3333333333,397075.0,76805
2023-01-10,343500.0,346000.0,340000.0,341500.0,342400.0,371425.0,390566.6666666667,396662.5,68885
2023-01-11,342000.0,343500.0,340000.0,342500.0,341100.0,369850.0,389575.0,396141.6666666667,48735
2023-01-12,344000.0,345000.0,341500.0,342500.0,342000.0,368075.0,388566.6666666667,395691.6666666667,48550
2023-01-13,344000.0,348500.0,343000.0,343000.0,342600.0,366325.0,387558.3333333333,395229.1666666667,69332
2023-01-16,345500.0,348500.0,344000.0,346500.0,343200.0,364850.0,386691.6666666667,394804.1666666667,47567
2023-01-17,348000.0,348500.0,343500.0,345500.0,344000.0,363400.0,385816.6666666667,394391.6666666667,39938
2023-01-18,346000.0,346000.0,340500.0,343000.0,344100.0,361575.0,384858.3333333333,393941.6666666667,36216
2023-01-19,341000.0,345500.0,340000.0,345000.0,344600.0,359275.0,383716.6666666667,393525.0,36268
2023-01-20,343000.0,344000.0,338000.0,340000.0,344000.0,356750.0,382441.6666666667,393066.6666666667,82894
2023-01-25,342000.0,342000.0,337500.0,338500.0,342400.0,354150.0,381175.0,392625.0,143
2023-01-26,339000.0,343000.0,338500.0,343000.0,341900.0,352000.0,379991.6666666667,392258.3333333333,410
2023-01-27,343500.0,353000.0,342000.0,343000.0,341900.0,349950.0,378708.3333333333,391904.1666666667,711
2023-01-30,353500.0,354000.0,345000.0,345500.0,342000.0,347800.0,377341.6666666667,391554.1666666667,1080
2023-01-31,347000.0,347500.0,343500.0,345000.0,343000.0,346025.0,375975.0,391225.0,163
2023-02-01,345000.0,346000.0,342000.0,344000.0,344100.0,344400.0,374641.6666666667,390850.0,219
2023-02-02,345000.0,345500.0,341000.0,343000.0,344100.0,343100.0,373400.0,390420.8333333333,226
2023-02-03,342500.0,349500.0,342000.0,347500.0,345000.0,343025.0,372266.6666666667,389745.8333333333,332
2023-02-06,348500.0,350000.0,345000.0,348500.0,345600.0,343550.0,371116.6666666667,389120.8333333333,116
2023-02-07,346000.0,348500.0,343000.0,344000.0,345400.0,343750.0,369816.6666666667,388475.0,382
2023-02-08,344500.0,347500.0,344000.0,347000.0,346000.0,343925.0,368675.0,387895.8333333333,333
2023-02-09,345000.0,347000.0,343500.0,344500.0,346300.0,344075.0,367466.6666666667,387279.1666666667,484
2023-02-10,343500.0,346000.0,343000.0,345500.0,345900.0,344225.0,366616.6666666667,386683.3333333333,78
2023-02-13,344000.0,347000.0,339500.0,347000.0,345600.0,344450.0,365866.6666666667,386083.3333333333,1415
2023-02-14,345000.0,345000.0,327500.0,334500.0,343700.0,344025.0,364908.3333333333,385404.1666666667,1023
2023-02-15,334000.0,334500.0,328500.0,329500.0,340200.0,343175.0,363825.0,384712.5,340
2023-02-16,330000.0,331500.0,327500.0,329000.0,337100.0,342350.0,362625.0,384087.5,383
2023-02-17,329000.0,329500.0,327000.0,329000.0,333800.0,341650.0,361541.6666666667,383379.1666666667,330
2023-02-20,329000.0,333500.0,328000.0,331000.0,330600.0,340950.0,360533.3333333333,382687.5,433
2023-02-21,331000.0,335000.0,329000.0,329500.0,329600.0,340425.0,359516.6666666667,381979.1666666667,261
2023-02-22,327500.0,328000.0,318000.0,319000.0,327500.0,339450.0,358291.6666666667,381250.0,287
2023-02-23,319000.0,327000.0,318000.0,324500.0,326600.0,338525.0,357233.3333333333,380554.1666666667,156
2023-02-24,323500.0,332500.0,323500.0,327500.0,326300.0,337750.0,356200.0,379887.5,155
2023-02-27,325000.0,326000.0,316000.0,321000.0,324300.0,336525.0,354966.6666666667,379225.0,67588
2023-02-28,321000.0,323500.0,320000.0,321000.0,322600.0,335325.0,353816.6666666667,378566.6666666667,74673
2023-03-02,318500.0,321000.0,315500.0,319500.0,322700.0,334100.0,352800.0,377916.6666666667,54605
2023-03-03,319500.0,325000.0,319500.0,322500.0,322300.0,333075.0,351925.0,377287.5,39686
2023-03-06,324000.0,326000.0,319000.0,320500.0,320900.0,331725.0,351000.0,376708.3333333333,46973
2023-03-07,320500.0,327000.0,319500.0,325500.0,321800.0,330575.0,350216.6666666667,376170.8333333333,51367
2023-03-08,323000.0,323000.0,317500.0,319000.0,321400.0,329325.0,349333.3333333333,375533.3333333333,44513
2023-03-09,319500.0,322000.0,316500.0,320000.0,321500.0,327975.0,348358.3333333333,374954.1666666667,45881
2023-03-10,316500.0,319000.0,312500.0,314000.0,319800.0,326450.0,347316.6666666667,374325.0,46131
2023-03-13,312000.0,312500.0,304000.0,309500.0,317600.0,324650.0,346241.6666666667,373691.6666666667,95157
2023-03-14,305000.0,307500.0,299500.0,305000.0,313500.0,322550.0,345025.0,372958.3333333333,83591
2023-03-15,308500.0,311000.0,304500.0,309000.0,311500.0,321275.0,343875.0,372162.5,67272
2023-03-16,305500.0,309500.0,305000.0,308000.0,309100.0,320200.0,342741.6666666667,371325.0,34262
2023-03-17,310500.0,313500.0,307500.0,311000.0,308500.0,319300.0,341683.3333333333,370437.5,63840
2023-03-20,311500.0,313000.0,310500.0,311000.0,308800.0,318400.0,340541.6666666667,369587.5,21387
2023-03-21,312000.0,315500.0,311500.0,314500.0,310700.0,317575.0,339266.6666666667,368829.1666666667,22429
2023-03-22,316500.0,318000.0,313500.0,315000.0,311900.0,316850.0,338008.3333333333,367954.1666666667,30455
2023-03-23,312500.0,317000.0,310500.0,315000.0,313300.0,316650.0,336750.0,367191.6666666667,27166
2023-03-24,312000.0,315500.0,310000.0,315000.0,314100.0,316175.0,335566.6666666667,366420.8333333333,31193
2023-03-27,315000.0,315500.0,307500.0,314500.0,314800.0,315525.0,334408.3333333333,365616.6666666667,56852
2023-03-28,315500.0,321000.0,314500.0,321000.0,316100.0,315525.0,333283.3333333333,364925.0,33768
2023-03-29,320000.0,323000.0,317000.0,322000.0,317500.0,315575.0,332308.3333333333,364258.3333333333,40448
2023-03-30,319500.0,321500.0,317000.0,319000.0,318300.0,315550.0,331350.0,363566.6666666667,28315
2023-03-31,320000.0,328500.0,319500.0,326000.0,320500.0,315725.0,330633.3333333333,362933.3333333333,61251
2023-04-03,327500.0,328000.0,323000.0,323500.0,322300.0,315875.0,330208.3333333333,362295.8333333333,27536
2023-04-04,325500.0,326000.0,320500.0,322500.0,322600.0,315725.0,329950.0,361666.6666666667,33955
2023-04-05,324500.0,324500.0,319500.0,320000.0,322200.0,315775.0,329616.6666666667,361095.8333333333,22317
2023-04-06,320000.0,322000.0,316500.0,319000.0,322200.0,315725.0,329208.3333333333,360383.3333333333,35175
2023-04-07,317500.0,318500.0,315500.0,315500.0,320100.0,315800.0,328775.0,359670.8333333333,28963
2023-04-10,315000.0,315000.0,308500.0,312500.0,317900.0,315950.0,328275.0,358925.0,44121
2023-04-11,311500.0,318000.0,309500.0,315000.0,316400.0,316450.0,327816.6666666667,358191.6666666667,33483
2023-04-12,313500.0,318500.0,313000.0,318000.0,316000.0,316900.0,327400.0,357479.1666666667,43916
2023-04-13,317500.0,320000.0,314000.0,318000.0,315800.0,317400.0,326925.0,356808.3333333333,36646
2023-04-14,317000.0,325000.0,317000.0,321500.0,317000.0,317925.0,326525.0,356170.8333333333,45227
2023-04-17,322500.0,323000.0,317000.0,319000.0,318300.0,318325.0,326125.0,355491.6666666667,34377
2023-04-18,317500.0,320000.0,315500.0,320000.0,319300.0,318600.0,325708.3333333333,354712.5,24507
2023-04-19,319000.0,322500.0,317500.0,318000.0,319300.0,318750.0,325341.6666666667,353891.6666666667,29546
2023-04-20,319000.0,323000.0,317000.0,319500.0,319600.0,318975.0,325025.0,353100.0,37425
2023-04-21,319500.0,322000.0,313500.0,315500.0,318400.0,319000.0,324566.6666666667,352279.1666666667,37206
2023-04-24,315500.0,316000.0,312000.0,314000.0,317400.0,318975.0,324083.3333333333,351395.8333333333,27030
2023-04-25,314000.0,314500.0,307500.0,309000.0,315200.0,318375.0,323475.0,350408.3333333333,34369
2023-04-26,307500.0,315000.0,306500.0,315000.0,314600.0,318025.0,322975.0,349475.0,33014
2023-04-27,315000.0,315500.0,307000.0,308000.0,312300.0,317475.0,322375.0,348508.3333333333,35558
2023-04-28,308000.0,309500.0,305500.0,309500.0,311100.0,316650.0,321816.6666666667,347608.3333333333,27579
2023-05-02,307500.0,311000.0,307500.0,310000.0,310300.0,315975.0,321191.6666666667,346729.1666666667,21937
2023-05-03,308500.0,313000.0,308000.0,313000.0,311100.0,315500.0,320600.0,345858.3333333333,22068
2023-05-04,311000.0,312500.0,308000.0,309500.0,310000.0,314975.0,320025.0,344920.8333333333,18263
2023-05-08,310000.0,323500.0,309500.0,322500.0,312900.0,315150.0,319616.6666666667,344145.8333333333,76743
2023-05-09,319500.0,321500.0,310500.0,318500.0,314700.0,315300.0,319183.3333333333,343325.0,70853
2023-05-10,319000.0,332500.0,317000.0,321500.0,317000.0,315750.0,318783.3333333333,342700.0,109672
2023-05-11,323000.0,323000.0,317000.0,317000.0,317800.0,315850.0,318283.3333333333,342075.0,40654
2023-05-12,318000.0,319500.0,314500.0,318000.0,319500.0,315850.0,318008.3333333333,341458.3333333333,21927
2023-05-15,316500.0,318500.0,313500.0,317000.0,318400.0,315800.0,317800.0,340812.5,28902
2023-05-16,316000.0,321000.0,315500.0,319500.0,318600.0,315700.0,317641.6666666667,340133.3333333333,29800
2023-05-17,318000.0,323500.0,317000.0,320500.0,318400.0,315775.0,317500.0,339520.8333333333,36814
2023-05-18,320500.0,322500.0,318500.0,320500.0,319100.0,315800.0,317325.0,338929.1666666667,23859
2023-05-19,319000.0,323500.0,319000.0,322500.0,320000.0,316025.0,317208.3333333333,338362.5,29209
2023-05-22,325000.0,329000.0,323500.0,328500.0,322300.0,316475.0,317366.6666666667,337829.1666666667,39390
2023-05-23,328500.0,328500.0,324000.0,324500.0,323300.0,316925.0,317366.6666666667,337300.0,32239
2023-05-24,323500.0,329500.0,321500.0,326000.0,324400.0,317525.0,317341.6666666667,336770.8333333333,21255
2023-05-25,324500.0,325000.0,320500.0,320500.0,324400.0,318100.0,317333.3333333333,336150.0,25102
2023-05-26,319500.0,320000.0,316000.0,317500.0,323400.0,318225.0,317275.0,335545.8333333333,16491
2023-05-30,318000.0,320500.0,316500.0,317500.0,321200.0,318700.0,317241.6666666667,335020.8333333333,23474
2023-05-31,316000.0,317500.0,310000.0,310000.0,318300.0,318725.0,317033.3333333333,334479.1666666667,74942
2023-06-01,311000.0,316000.0,311000.0,315500.0,316200.0,319000.0,316950.0,333975.0,25643
2023-06-02,315000.0,321000.0,314000.0,320500.0,316200.0,319375.0,316866.6666666667,333541.6666666667,29454
2023-06-05,320500.0,327500.0,320000.0,325500.0,317800.0,320175.0,316975.0,333154.1666666667,39885
2023-06-07,328500.0,329000.0,324000.0,324000.0,319100.0,320250.0,317041.6666666667,332700.0,32680
2023-06-08,324000.0,327500.0,321000.0,324000.0,321900.0,320525.0,317208.3333333333,332262.5,50760
2023-06-09,326000.0,326500.0,320500.0,321500.0,323100.0,320525.0,317408.3333333333,331825.0,33817
2023-06-12,324000.0,325500.0,320000.0,323000.0,323600.0,320825.0,317708.3333333333,331366.6666666667,32828
2023-06-13,323000.0,323000.0,313000.0,318500.0,322200.0,320850.0,317866.6666666667,330870.8333333333,62096
2023-06-14,318500.0,319000.0,312500.0,315000.0,320400.0,320750.0,317983.3333333333,330362.5,46226
2023-06-15,315000.0,317000.0,313500.0,314000.0,318400.0,320475.0,318033.3333333333,329858.3333333333,25780
2023-06-16,315500.0,317000.0,314500.0,314500.0,317000.0,320175.0,318091.6666666667,329316.6666666667,39931
2023-06-19,314500.0,316000.0,302500.0,303500.0,313100.0,319325.0,317908.3333333333,328587.5,80127
2023-06-20,304500.0,305000.0,290500.0,292000.0,307800.0,317800.0,317525.0,327766.6666666667,127452
2023-06-21,292000.0,292500.0,274000.0,276500.0,300100.0,315200.0,316883.3333333333,326816.6666666667,151271
2023-06-22,278500.0,285000.0,273500.0,280500.0,293400.0,313000.0,316308.3333333333,325937.5,77986
2023-06-23,280500.0,280500.0,272000.0,273500.0,285200.0,310375.0,315625.0,325016.6666666667,65675
2023-06-26,273500.0,275500.0,269000.0,273500.0,279200.0,308025.0,314833.3333333333,324058.3333333333,35607
2023-06-27,272000.0,275000.0,270000.0,274000.0,275600.0,305850.0,314033.3333333333,323170.8333333333,46888
2023-06-28,275000.0,280000.0,273500.0,274000.0,275100.0,303675.0,313283.3333333333,322316.6666666667,39855
2023-06-29,273000.0,275500.0,268500.0,268500.0,272700.0,301600.0,312325.0,321479.1666666667,32465
2023-06-30,267000.0,272000.0,265500.0,269500.0,271900.0,299300.0,311425.0,320816.6666666667,37038
2023-07-03,271500.0,283000.0,270000.0,280000.0,273200.0,297275.0,310716.6666666667,320333.3333333333,55058
2023-07-04,280500.0,281500.0,275000.0,277500.0,273900.0,294875.0,310008.3333333333,319812.5,33053
2023-07-05,275500.0,277500.0,270000.0,271500.0,273400.0,292250.0,309216.6666666667,319212.5,42655
2023-07-06,272000.0,272000.0,265500.0,267500.0,273200.0,289425.0,308416.6666666667,318595.8333333333,49530
2023-07-07,267500.0,268000.0,259500.0,264000.0,272100.0,286550.0,307608.3333333333,317941.6666666667,51402
2023-07-10,264000.0,267500.0,261000.0,266500.0,269400.0,283725.0,306800.0,317308.3333333333,26367
2023-07-11,269000.0,275500.0,268500.0,271000.0,268100.0,281350.0,306016.6666666667,316708.3333333333,35864
2023-07-12,273000.0,278000.0,271000.0,276000.0,269000.0,279400.0,305316.6666666667,316120.8333333333,39839
2023-07-13,280500.0,282500.0,277000.0,277000.0,270900.0,277550.0,304575.0,315550.0,50106
2023-07-14,280000.0,281500.0,277500.0,280000.0,274100.0,275825.0,303925.0,315025.0,32769
2023-07-17,280000.0,283000.0,276500.0,278500.0,276500.0,274575.0,303233.3333333333,314470.8333333333,23851
2023-07-18,279000.0,283000.0,278500.0,279000.0,278100.0,273925.0,302583.3333333333,313962.5,25890
2023-07-19,280000.0,280500.0,276000.0,278000.0,278500.0,274000.0,301891.6666666667,313458.3333333333,31393
2023-07-20,277000.0,280000.0,275500.0,276500.0,278400.0,273800.0,301241.6666666667,312904.1666666667,24471
2023-07-21,275500.0,284000.0,274000.0,282000.0,278800.0,274225.0,300708.3333333333,312395.8333333333,40677
2023-07-24,281500.0,282000.0,270000.0,273000.0,277700.0,274200.0,300108.3333333333,311791.6666666667,52196
2023-07-25,273500.0,274500.0,268000.0,270000.0,275900.0,274000.0,299358.3333333333,311166.6666666667,34439
2023-07-26,270000.0,270000.0,258000.0,262000.0,272700.0,273400.0,298591.6666666667,310483.3333333333,65792
2023-07-27,262000.0,281500.0,262000.0,281000.0,273600.0,274025.0,298116.6666666667,309966.6666666667,70671
2023-07-28,278000.0,280000.0,275000.0,277500.0,272700.0,274425.0,297575.0,309383.3333333333,39143
2023-07-31,280000.0,281500.0,275500.0,280000.0,274100.0,274425.0,297025.0,308812.5,36365
2023-08-01,278500.0,293500.0,277000.0,292500.0,278600.0,275175.0,296741.6666666667,308383.3333333333,70336
2023-08-02,292500.0,296000.0,288500.0,295000.0,285200.0,276350.0,296283.3333333333,307950.0,61974
2023-08-03,294500.0,297000.0,290000.0,294500.0,287900.0,277700.0,295883.3333333333,307533.3333333333,44091
2023-08-04,294500.0,296500.0,290000.0,294500.0,291300.0,279225.0,295433.3333333333,307108.3333333333,23294
2023-08-07,292000.0,301000.0,290000.0,297000.0,294700.0,280750.0,295100.0,306691.6666666667,48205
2023-08-08,304000.0,317500.0,302000.0,310500.0,298300.0,282725.0,294975.0,306491.6666666667,153533
2023-08-09,310000.0,310000.0,303000.0,305000.0,300300.0,284175.0,294775.0,306287.5,42995
2023-08-10,304500.0,311500.0,302500.0,310000.0,303400.0,285825.0,294616.6666666667,306129.1666666667,46933
2023-08-11,306000.0,311000.0,306000.0,308000.0,306100.0,287225.0,294408.3333333333,305954.1666666667,17293
2023-08-14,308500.0,316500.0,305000.0,314000.0,309500.0,289000.0,294300.0,305812.5,54404
2023-08-16,314000.0,318000.0,308500.0,309500.0,309300.0,290525.0,294083.3333333333,305645.8333333333,36173
2023-08-17,310000.0,310000.0,302500.0,307500.0,309800.0,292000.0,293733.3333333333,305550.0,38805
2023-08-18,302000.0,306000.0,300000.0,303500.0,308500.0,293350.0,293383.3333333333,305375.0,30286
2023-08-21,303500.0,309000.0,302000.0,304000.0,307700.0,294450.0,293016.6666666667,305179.1666666667,18201
2023-08-22,301500.0,307000.0,300000.0,300500.0,305000.0,295825.0,292683.3333333333,305008.3333333333,20233
2023-08-23,298000.0,310000.0,298000.0,305000.0,304100.0,297575.0,292475.0,304875.0,28307
2023-08-24,305500.0,305500.0,300000.0,301000.0,302800.0,299525.0,292200.0,304720.8333333333,15964
2023-08-25,298000.0,305500.0,297000.0,304000.0,302900.0,300675.0,292100.0,304566.6666666667,19472
2023-08-28,307000.0,312000.0,305000.0,308500.0,303800.0,302225.0,291983.3333333333,304466.6666666667,25290
2023-08-29,308500.0,310000.0,302500.0,303000.0,304300.0,303375.0,291691.6666666667,304279.1666666667,15618
2023-08-30,306000.0,308500.0,301500.0,302000.0,303700.0,303850.0,291300.0,304137.5,22433
2023-08-31,302500.0,304500.0,298000.0,299000.0,303300.0,304050.0,290883.3333333333,303962.5,34691
2023-09-01,297500.0,300500.0,295000.0,299500.0,302400.0,304300.0,290475.0,303841.6666666667,30178
2023-09-04,297000.0,303000.0,296500.0,303000.0,301300.0,304725.0,290166.6666666667,303787.5,18504
2023-09-05,301000.0,304000.0,299500.0,299500.0,300600.0,304850.0,289775.0,303741.6666666667,16330
2023-09-06,298500.0,302000.0,296000.0,297500.0,299700.0,304200.0,289425.0,303645.8333333333,27861
2023-09-07,296000.0,297000.0,290000.0,294000.0,298700.0,303650.0,289075.0,303529.1666666667,44545
2023-09-08,295000.0,299500.0,294000.0,297500.0,298300.0,303025.0,288800.0,303416.6666666667,22795
2023-09-11,298000.0,298000.0,292000.0,294000.0,296500.0,302325.0,288458.3333333333,303275.0,26751
2023-09-12,295000.0,300000.0,295000.0,297000.0,296000.0,301475.0,288350.0,303129.1666666667,25667
2023-09-13,294000.0,295500.0,292500.0,295500.0,295600.0,300775.0,288408.3333333333,302966.6666666667,23049
2023-09-14,293500.0,298000.0,293500.0,297000.0,296200.0,300250.0,288750.0,302816.6666666667,26302
2023-09-15,300000.0,308000.0,297000.0,305500.0,297800.0,300350.0,289166.6666666667,302737.5,59365
2023-09-18,304500.0,314000.0,304500.0,311000.0,301200.0,300700.0,289791.6666666667,302708.3333333333,38377
2023-09-19,310000.0,312500.0,308500.0,310000.0,303800.0,301175.0,290400.0,302616.6666666667,16834
2023-09-20,310000.0,311000.0,305000.0,306000.0,305900.0,301225.0,290933.3333333333,302483.3333333333,11984
2023-09-21,303000.0,308500.0,302500.0,305000.0,307500.0,301425.0,291450.0,302366.6666666667,22825
2023-09-22,304500.0,304500.0,295500.0,298500.0,306100.0,301150.0,291950.0,302137.5,15141
2023-09-25,299500.0,301000.0,296000.0,299500.0,303800.0,300700.0,292450.0,301937.5,12037
2023-09-26,296500.0,310500.0,295000.0,307000.0,303200.0,300900.0,292900.0,301808.3333333333,58554
2023-09-27,305000.0,309000.0,300500.0,307000.0,303400.0,301150.0,293391.6666666667,301700.0,26288
2023-10-04,306500.0,310000.0,291000.0,293000.0,301000.0,300850.0,293750.0,301483.3333333333,41064
2023-10-05,293500.0,295000.0,289000.0,291000.0,299500.0,300425.0,294141.6666666667,301279.1666666667,24087
2023-10-06,291000.0,291000.0,283000.0,284500.0,296500.0,299500.0,294483.3333333333,301045.8333333333,28663
2023-10-10,289500.0,294000.0,279500.0,281000.0,291300.0,298575.0,294725.0,300762.5,42829
2023-10-11,284000.0,284500.0,277000.0,281500.0,286200.0,297775.0,294900.0,300458.3333333333,43937
2023-10-12,283500.0,284000.0,278500.0,279000.0,283400.0,297025.0,294950.0,300133.3333333333,34387
2023-10-13,278000.0,281500.0,277500.0,279500.0,281100.0,296125.0,294991.6666666667,299783.3333333333,14975
2023-10-16,279000.0,285000.0,279000.0,283500.0,280900.0,295600.0,295050.0,299487.5,28111
2023-10-17,286500.0,288000.0,281000.0,281500.0,281000.0,294825.0,295100.0,299166.6666666667,15702
2023-10-18,281500.0,283500.0,279500.0,281500.0,281000.0,294125.0,295141.6666666667,298862.5,11555
2023-10-19,279500.0,286500.0,277000.0,282500.0,281700.0,293400.0,295216.6666666667,298554.1666666667,21040
2023-10-20,282000.0,282000.0,274000.0,274000.0,280600.0,291825.0,295175.0,298208.3333333333,30251
2023-10-23,276500.0,278000.0,271500.0,275000.0,278900.0,290025.0,295058.3333333333,297883.3333333333,19939
2023-10-24,277500.0,278500.0,267500.0,275500.0,277700.0,288300.0,295100.0,297604.1666666667,32615
2023-10-25,275500.0,284000.0,275500.0,281000.0,277600.0,287050.0,295283.3333333333,297320.8333333333,21051
2023-10-26,280000.0,283000.0,275500.0,276500.0,276400.0,285625.0,295525.0,297058.3333333333,18751
2023-10-27,277000.0,281000.0,274500.0,279000.0,277400.0,284650.0,295491.6666666667,296804.1666666667,19010
2023-10-30,276000.0,282500.0,276000.0,281000.0,278600.0,283725.0,295550.0,296562.5,16031
2023-10-31,283500.0,287500.0,280500.0,282500.0,280000.0,282500.0,295591.6666666667,296308.3333333333,15322
2023-11-01,282500.0,292000.0,282500.0,289000.0,281600.0,281600.0,295533.3333333333,296137.5,25386
2023-11-02,289500.0,293000.0,286000.0,287000.0,283700.0,281300.0,295400.0,295841.6666666667,21416
2023-11-03,290000.0,291000.0,285500.0,289500.0,285800.0,281225.0,295316.6666666667,295600.0,14013
2023-11-06,290000.0,299500.0,289500.0,299500.0,289500.0,281975.0,295400.0,295416.6666666667,24201
2023-11-07,297000.0,301000.0,291500.0,294500.0,291900.0,282650.0,295358.3333333333,295229.1666666667,33762
2023-11-08,300000.0,303000.0,294500.0,301500.0,294400.0,283650.0,295208.3333333333,295091.6666666667,26614
2023-11-09,299500.0,305500.0,298000.0,303500.0,297700.0,284875.0,295183.3333333333,294979.1666666667,25142
2023-11-10,301500.0,306500.0,300500.0,304500.0,300700.0,286125.0,295091.6666666667,294854.1666666667,15022
2023-11-13,306500.0,312500.0,305000.0,307000.0,302200.0,287300.0,295075.0,294741.6666666667,39905
2023-11-14,308000.0,320000.0,307000.0,318500.0,307000.0,289150.0,295150.0,294725.0,83086
2023-11-15,320500.0,322000.0,315500.0,319500.0,310600.0,291050.0,295316.6666666667,294700.0,38182
2023-11-16,317500.0,322500.0,316000.0,318500.0,313600.0,292850.0,295500.0,294616.6666666667,20852
2023-11-17,320000.0,322500.0,317000.0,319000.0,316500.0,295100.0,295758.3333333333,294570.8333333333,30129
2023-11-20,319000.0,322500.0,315500.0,320000.0,319100.0,297350.0,296025.0,294520.8333333333,22257
2023-11-21,323000.0,326500.0,320000.0,325500.0,320500.0,299850.0,296441.6666666667,294562.5,40664
2023-11-22,322500.0,327500.0,322000.0,326000.0,321800.0,302100.0,296791.6666666667,294633.3333333333,35122
2023-11-23,322500.0,327000.0,321000.0,324000.0,322900.0,304475.0,297175.0,294687.5,22336
2023-11-24,322500.0,324000.0,319000.0,319500.0,323000.0,306500.0,297433.3333333333,294766.6666666667,14316
2023-11-27,319500.0,322500.0,319000.0,319500.0,322900.0,308425.0,297616.6666666667,294800.0,15867
2023-11-28,322000.0,324500.0,317500.0,318000.0,321400.0,310200.0,297866.6666666667,294779.1666666667,18774
2023-11-29,316000.0,320000.0,315500.0,315500.0,319300.0,311525.0,298091.6666666667,294695.8333333333,17443
2023-11-30,314500.0,317500.0,309000.0,309000.0,316300.0,312625.0,298258.3333333333,294570.8333333333,53808
2023-12-01,309000.0,320500.0,308500.0,311500.0,314700.0,313725.0,298458.3333333333,294466.6666666667,22661
2023-12-04,313500.0,319000.0,308000.0,315500.0,313900.0,314525.0,298666.6666666667,294416.6666666667,20138
2023-12-05,314000.0,324000.0,312000.0,320500.0,314400.0,315825.0,299016.6666666667,294395.8333333333,19818
2023-12-06,324000.0,326500.0,320000.0,320000.0,315300.0,316750.0,299391.6666666667,294408.3333333333,24987
2023-12-07,318500.0,322500.0,314500.0,315000.0,316500.0,317325.0,299741.6666666667,294408.3333333333,17051
2023-12-08,317000.0,318500.0,311500.0,316500.0,317500.0,317925.0,300058.3333333333,294429.1666666667,19362
2023-12-11,318500.0,322500.0,316000.0,321000.0,318600.0,318625.0,300508.3333333333,294483.3333333333,16272
2023-12-12,324500.0,326000.0,320500.0,320500.0,318600.0,318725.0,300900.0,294625.0,22635
2023-12-13,324500.0,324500.0,316500.0,318500.0,318300.0,318675.0,301283.3333333333,294845.8333333333,17953
2023-12-14,316500.0,324500.0,316500.0,318500.0,319000.0,318675.0,301641.6666666667,295195.8333333333,30651
2023-12-15,316000.0,320000.0,313000.0,318500.0,319400.0,318650.0,301858.3333333333,295512.5,34572
2023-12-18,315500.0,323500.0,314500.0,316500.0,318500.0,318475.0,301950.0,295870.8333333333,13379
2023-12-19,315000.0,319000.0,315000.0,316500.0,317700.0,318025.0,302058.3333333333,296229.1666666667,10026
2023-12-20,318500.0,319500.0,315500.0,317500.0,317500.0,317600.0,302250.0,296591.6666666667,21307
2023-12-21,317500.0,319500.0,315500.0,319500.0,317700.0,317375.0,302491.6666666667,296970.8333333333,18612
2023-12-22,320500.0,321000.0,315500.0,320000.0,318000.0,317400.0,302850.0,297400.0,12591
2023-12-26,323000.0,323000.0,317000.0,320000.0,318700.0,317425.0,303191.6666666667,297820.8333333333,15053
2023-12-27,320000.0,320000.0,315500.0,320000.0,319400.0,317525.0,303408.3333333333,298154.1666666667,9624
2023-12-28,321000.0,324000.0,317500.0,324000.0,320700.0,317950.0,303691.6666666667,298541.6666666667,24175
2024-01-02,320500.0,325000.0,319500.0,323000.0,321400.0,318650.0,304191.6666666667,298970.8333333333,18530
2024-01-03,319000.0,322500.0,315500.0,315500.0,320500.0,318850.0,304600.0,299370.8333333333,21039
2024-01-04,315500.0,322500.0,313000.0,318000.0,320100.0,318975.0,305158.3333333333,299820.8333333333,23362
2024-01-05,318000.0,325000.0,313500.0,316000.0,319300.0,318750.0,305741.6666666667,300233.3333333333,33917
2024-01-08,317000.0,318000.0,300000.0,300000.0,314500.0,317750.0,306050.0,300475.0,52372
2024-01-09,305000.0,305000.0,300000.0,301500.0,310200.0,317075.0,306425.0,300687.5,24114
2024-01-10,303500.0,303500.0,300000.0,300000.0,307100.0,316250.0,306766.6666666667,300879.1666666667,15159
2024-01-11,302000.0,302500.0,292500.0,292500.0,302000.0,314825.0,306916.6666666667,300983.3333333333,28914
2024-01-12,295000.0,296500.0,291500.0,295000.0,297800.0,313550.0,307141.6666666667,301120.8333333333,16101
2024-01-15,298000.0,298000.0,295000.0,299000.0,297600.0,312575.0,307433.3333333333,301287.5,1049
2024-01-16,295000.0,297000.0,289000.0,290000.0,295300.0,311150.0,307558.3333333333,301387.5,24084
2024-01-17,292000.0,292000.0,286500.0,287500.0,292800.0,309600.0,307783.3333333333,301479.1666666667,16122
2024-01-18,285500.0,291500.0,284000.0,284500.0,291200.0,308000.0,307941.6666666667,301500.0,21429
2024-01-19,287000.0,289000.0,283500.0,286500.0,289500.0,306500.0,308125.0,301612.5,18417
2024-01-22,289000.0,291500.0,286000.0,286500.0,287000.0,304950.0,308216.6666666667,301750.0,16687
2024-01-23,288500.0,291000.0,287000.0,289500.0,286900.0,303450.0,308433.3333333333,301979.1666666667,18193
2024-01-24,289500.0,290000.0,282000.0,284500.0,286300.0,301675.0,308525.0,302008.3333333333,22370
2024-01-25,284500.0,285000.0,282500.0,284500.0,286300.0,299900.0,308583.3333333333,302066.6666666667,13823
2024-01-26,283500.0,288000.0,283000.0,286000.0,286200.0,298200.0,308641.6666666667,302116.6666666667,14290
2024-01-29,287000.0,294500.0,285500.0,290000.0,286900.0,296500.0,308658.3333333333,302095.8333333333,17645
2024-01-30,291000.0,294500.0,289500.0,291000.0,287200.0,294900.0,308725.0,302062.5,18908
2024-01-31,291000.0,293000.0,286500.0,292000.0,288700.0,293725.0,308766.6666666667,302041.6666666667,19764
2024-02-01,289000.0,299500.0,289000.0,297500.0,291300.0,292700.0,308733.3333333333,302066.6666666667,25811
2024-02-02,297500.0,307000.0,296000.0,305000.0,295100.0,292150.0,308908.3333333333,302133.3333333333,34111
2024-02-05,307000.0,307000.0,297000.0,300500.0,297200.0,292175.0,308891.6666666667,302050.0,37303
2024-02-06,297500.0,302000.0,295000.0,296500.0,298300.0,291925.0,308775.0,301979.1666666667,35976
2024-02-07,299500.0,302000.0,296500.0,300000.0,299900.0,291925.0,308700.0,301895.8333333333,27354
2024-02-08,300500.0,302000.0,295500.0,296000.0,299600.0,292100.0,308516.6666666667,301795.8333333333,35673
2024-02-13,299500.0,304000.0,296000.0,298000.0,298200.0,292250.0,308175.0,301662.5,25426
2024-02-14,298000.0,306500.0,295500.0,297000.0,297500.0,292150.0,307800.0,301558.3333333333,30290
2024-02-15,301500.0,301500.0,296500.0,298000.0,297800.0,292550.0,307458.3333333333,301479.1666666667,13615
2024-02-16,300000.0,303500.0,298500.0,302500.0,298300.0,293300.0,307183.3333333333,301470.8333333333,16725
2024-02-19,304500.0,307500.0,302000.0,304000.0,299900.0,294275.0,306916.6666666667,301470.8333333333,19431
2024-02-20,304500.0,307500.0,303500.0,305500.0,301400.0,295225.0,306583.3333333333,301512.5,23760
2024-02-21,307000.0,310000.0,305000.0,309500.0,303900.0,296375.0,306308.3333333333,301550.0,33470
2024-02-22,310500.0,310500.0,302500.0,303500.0,305000.0,297075.0,305966.6666666667,301570.8333333333,27124
2024-02-23,303500.0,308000.0,301500.0,308000.0,306100.0,298250.0,305775.0,301604.1666666667,23545
2024-02-26,308000.0,308000.0,301500.0,302500.0,305800.0,299150.0,305491.6666666667,301554.1666666667,18357
2024-02-27,305000.0,305000.0,297000.0,298500.0,304400.0,299775.0,305166.6666666667,301516.6666666667,31124
2024-02-28,299000.0,300000.0,295500.0,297000.0,301900.0,300125.0,304858.3333333333,301475.0,28133
2024-02-29,295000.0,299500.0,293000.0,299500.0,301100.0,300550.0,304700.0,301479.1666666667,52089
2024-03-04,300000.0,302000.0,293500.0,293500.0,298200.0,300625.0,304400.0,301429.1666666667,23089
2024-03-05,291000.0,295500.0,290500.0,291000.0,295900.0,300300.0,303991.6666666667,301329.1666666667,18106
2024-03-06,291000.0,292500.0,286000.0,289500.0,294100.0,299525.0,303475.0,301245.8333333333,29758
2024-03-07,290000.0,291000.0,281500.0,283500.0,291400.0,298675.0,302866.6666666667,301129.1666666667,47103
2024-03-08,286000.0,289500.0,285000.0,287500.0,289000.0,298225.0,302408.3333333333,301075.0,36067
2024-03-11,287500.0,288000.0,284500.0,287500.0,287800.0,297600.0,301925.0,300991.6666666667,17196
2024-03-12,289500.0,290500.0,286000.0,290000.0,287600.0,297300.0,301408.3333333333,300958.3333333333,21402
2024-03-13,292500.0,292500.0,282500.0,283000.0,286300.0,296550.0,300783.3333333333,300841.6666666667,36770
2024-03-14,285000.0,287500.0,284000.0,287000.0,287000.0,296050.0,300258.3333333333,300770.8333333333,35735
2024-03-15,287000.0,292000.0,286500.0,287500.0,287000.0,295525.0,299741.6666666667,300691.6666666667,39192
2024-03-18,290500.0,297500.0,287000.0,293500.0,288200.0,295075.0,299325.0,300591.6666666667,36825
2024-03-19,293000.0,297000.0,291000.0,292000.0,288600.0,294475.0,298916.6666666667,300433.3333333333,30116
2024-03-20,295500.0,295500.0,289500.0,292000.0,290400.0,293800.0,298508.3333333333,300283.3333333333,21578
2024-03-21,293000.0,293000.0,286000.0,288500.0,290700.0,292750.0,298025.0,300137.5,53924
2024-03-22,288000.0,292000.0,287500.0,289500.0,291100.0,292050.0,297525.0,300008.3333333333,31253
2024-03-25,290000.0,292500.0,288000.0,291000.0,290600.0,291200.0,297041.6666666667,299945.8333333333,19724
2024-03-26,293000.0,296500.0,291000.0,295000.0,291200.0,290825.0,296625.0,299908.3333333333,32268
2024-03-27,291500.0,294000.0,291500.0,292500.0,291300.0,290525.0,296166.6666666667,299787.5,18130
2024-03-28,293000.0,294000.0,289500.0,292000.0,292000.0,290275.0,295633.3333333333,299662.5,22443
2024-03-29,292500.0,295000.0,291000.0,294000.0,292900.0,290000.0,295150.0,299670.8333333333,21325
2024-04-01,295000.0,315000.0,292500.0,311000.0,296900.0,290875.0,295075.0,299837.5,86021
2024-04-02,308000.0,308000.0,303500.0,304500.0,298800.0,291550.0,294850.0,300004.1666666667,23657
2024-04-03,309000.0,321000.0,308500.0,317000.0,303700.0,292925.0,294866.6666666667,300304.1666666667,111430
2024-04-04,320000.0,327000.0,315500.0,323500.0,310000.0,294925.0,295258.3333333333,300654.1666666667,66480
2024-04-05,320000.0,324000.0,318000.0,321000.0,315400.0,296600.0,295583.3333333333,301004.1666666667,36957
2024-04-08,321000.0,324000.0,317000.0,318000.0,316800.0,298125.0,295883.3333333333,301325.0,27463
2024-04-09,319000.0,320000.0,315000.0,315500.0,319000.0,299400.0,296266.6666666667,301591.6666666667,13920
2024-04-11,311000.0,317500.0,309000.0,315000.0,318600.0,301000.0,296600.0,301870.8333333333,30440
2024-04-12,314000.0,320000.0,312000.0,314000.0,316700.0,302350.0,296850.0,302141.6666666667,28057
2024-04-15,314000.0,328000.0,313500.0,326000.0,317700.0,304275.0,297450.0,302504.1666666667,83014
2024-04-16,326000.0,338000.0,322000.0,332500.0,320600.0,306225.0,298200.0,302991.6666666667,138068
2024-04-17,335000.0,338000.0,327000.0,327500.0,323000.0,308000.0,298916.6666666667,303429.1666666667,45500
2024-04-18,332500.0,335000.0,330000.0,332000.0,326400.0,310000.0,299675.0,303900.0,43057
2024-04-19,331000.0,338000.0,327500.0,335000.0,330600.0,312325.0,300483.3333333333,304350.0,44438
2024-04-22,338500.0,347000.0,335500.0,347000.0,334800.0,315200.0,301441.6666666667,304937.5,86243
2024-04-23,345000.0,346500.0,339500.0,341500.0,336600.0,317725.0,302391.6666666667,305458.3333333333,47028
2024-04-24,341000.0,341500.0,333500.0,337000.0,338500.0,319825.0,303266.6666666667,305925.0,47050
2024-04-25,334000.0,341000.0,332500.0,332500.0,338600.0,321825.0,304041.6666666667,306341.6666666667,33374
2024-04-26,335500.0,338500.0,329000.0,337000.0,339000.0,324075.0,304825.0,306741.6666666667,20733
2024-04-29,339500.0,341500.0,334000.0,334500.0,336500.0,326100.0,305550.0,307137.5,29627
2024-04-30,335500.0,342500.0,335500.0,337000.0,335600.0,327400.0,306300.0,307533.3333333333,42984
2024-05-02,334500.0,345500.0,331500.0,342500.0,336700.0,329300.0,307050.0,307891.6666666667,48794
2024-05-03,345500.0,345500.0,339000.0,340000.0,338200.0,330450.0,307633.3333333333,308270.8333333333,25405
2024-05-07,347000.0,347000.0,336500.0,337500.0,338300.0,331150.0,308250.0,308570.8333333333,32283
2024-05-08,341000.0,345500.0,338000.0,340000.0,339400.0,332100.0,308975.0,308875.0,25369
2024-05-09,342000.0,342500.0,332000.0,334000.0,338800.0,332900.0,309541.6666666667,309120.8333333333,38911
2024-05-10,337500.0,339000.0,331000.0,336000.0,337500.0,333925.0,310208.3333333333,309362.5,25955
2024-05-13,339500.0,352500.0,337000.0,350000.0,339500.0,335675.0,311075.0,309625.0,75133
2024-05-14,351000.0,354000.0,329500.0,332500.0,338500.0,336600.0,311666.6666666667,309733.3333333333,147510
2024-05-16,334500.0,339500.0,328500.0,329000.0,336300.0,336750.0,312183.3333333333,309820.8333333333,47559
2024-05-17,332500.0,345000.0,332500.0,333500.0,336200.0,336800.0,312700.0,309941.6666666667,79396
2024-05-20,339000.0,345500.0,334500.0,342000.0,337400.0,337525.0,313333.3333333333,310125.0,52533
2024-05-21,345500.0,345500.0,338000.0,339000.0,335200.0,337875.0,313891.6666666667,310237.5,33256
2024-05-22,339000.0,356000.0,338000.0,354000.0,339500.0,338825.0,314633.3333333333,310470.8333333333,107402
2024-05-23,351000.0,354000.0,345000.0,346500.0,343000.0,338800.0,315350.0,310658.3333333333,45989
2024-05-24,343500.0,365500.0,340500.0,363000.0,348900.0,339875.0,316266.6666666667,311020.8333333333,92981
2024-05-27,366500.0,378000.0,363500.0,371500.0,354800.0,341600.0,317416.6666666667,311454.1666666667,88955
2024-05-28,372000.0,374500.0,362000.0,365000.0,360000.0,343225.0,318525.0,311845.8333333333,38882
2024-05-29,361500.0,366000.0,357000.0,360000.0,361200.0,344375.0,319575.0,312216.6666666667,42662
2024-05-30,361500.0,366500.0,350000.0,353500.0,362600.0,345325.0,320475.0,312587.5,52840
2024-05-31,357000.0,357000.0,348000.0,349500.0,359900.0,345950.0,321408.3333333333,312904.1666666667,105057
2024-06-03,353500.0,356000.0,348500.0,351500.0,355900.0,346400.0,322416.6666666667,313204.1666666667,33993
2024-06-04,347500.0,350500.0,341000.0,343500.0,351600.0,346575.0,323316.6666666667,313395.8333333333,55854
2024-06-05,344500.0,344500.0,337500.0,339000.0,347400.0,346650.0,324241.6666666667,313554.1666666667,27821
2024-06-07,341500.0,344500.0,339000.0,343500.0,345400.0,346825.0,325175.0,313791.6666666667,26394
2024-06-10,338500.0,367000.0,336500.0,363000.0,348100.0,348275.0,326433.3333333333,314179.1666666667,94217
2024-06-11,366500.0,372000.0,361000.0,362500.0,350300.0,349600.0,327641.6666666667,314525.0,46997
2024-06-12,361500.0,375000.0,357000.0,374500.0,356500.0,350825.0,329166.6666666667,314975.0,58646
2024-06-13,377000.0,386500.0,371000.0,374000.0,363500.0,352900.0,330616.6666666667,315437.5,98357
2024-06-14,372000.0,391500.0,369500.0,382000.0,371200.0,355550.0,332191.6666666667,315966.6666666667,77574
2024-06-17,385500.0,394000.0,379000.0,389500.0,376500.0,358350.0,333791.6666666667,316558.3333333333,68517
2024-06-18,393500.0,399500.0,388000.0,396500.0,383300.0,361075.0,335533.3333333333,317225.0,68725
2024-06-19,396000.0,399000.0,385000.0,396000.0,387600.0,363925.0,337266.6666666667,317887.5,69261
2024-06-20,392500.0,400000.0,388000.0,394000.0,391600.0,365925.0,339025.0,318525.0,44119
2024-06-21,390500.0,393500.0,382000.0,390500.0,393300.0,368125.0,340708.3333333333,319116.6666666667,51141
2024-06-24,391500.0,398500.0,385000.0,393000.0,394000.0,369625.0,342408.3333333333,319725.0,41338
2024-06-25,396500.0,401500.0,391000.0,397500.0,394200.0,370925.0,344116.6666666667,320370.8333333333,46847
2024-06-26,397500.0,407500.0,393000.0,398000.0,394600.0,372575.0,345875.0,321020.8333333333,54498
2024-06-27,394000.0,394500.0,373500.0,376000.0,391000.0,373375.0,347275.0,321454.1666666667,76662
2024-06-28,378000.0,388000.0,372500.0,385500.0,390000.0,374975.0,348800.0,321975.0,43021
2024-07-01,382000.0,382000.0,367000.0,369000.0,385200.0,375950.0,349766.6666666667,322420.8333333333,51954
2024-07-02,365500.0,371500.0,363500.0,370000.0,379700.0,376875.0,350858.3333333333,322854.1666666667,36995
2024-07-03,369000.0,370000.0,359000.0,365500.0,373200.0,377975.0,351666.6666666667,323266.6666666667,36511
2024-07-04,368500.0,375000.0,361000.0,365500.0,371100.0,379300.0,352366.6666666667,323812.5,43590
2024-07-05,366500.0,369000.0,360000.0,364000.0,366800.0,380325.0,353083.3333333333,324333.3333333333,42592
2024-07-08,363000.0,374000.0,360000.0,371500.0,367300.0,380750.0,353975.0,324929.1666666667,31210
2024-07-09,374000.0,374000.0,368000.0,373500.0,368000.0,381300.0,354941.6666666667,325604.1666666667,27832
2024-07-10,370000.0,374500.0,364500.0,366000.0,368100.0,380875.0,355791.6666666667,326195.8333333333,29025
2024-07-11,367500.0,371000.0,364500.0,367500.0,368500.0,380550.0,356683.3333333333,326766.6666666667,36412
2024-07-12,372000.0,372000.0,364500.0,370500.0,369800.0,379975.0,357425.0,327437.5,20207
2024-07-15,373000.0,377000.0,368000.0,371500.0,369800.0,379075.0,358075.0,328137.5,19437
2024-07-16,373000.0,379000.0,369500.0,372500.0,369600.0,377875.0,358825.0,328870.8333333333,28338
2024-07-17,372500.0,379500.0,372500.0,379500.0,372300.0,377050.0,359616.6666666667,329645.8333333333,33443
2024-07-18,381500.0,381500.0,372500.0,379500.0,374700.0,376325.0,360358.3333333333,330420.8333333333,22549
2024-07-19,375500.0,375500.0,365000.0,371000.0,374800.0,375350.0,360758.3333333333,331100.0,20406
2024-07-22,369500.0,371000.0,360500.0,365500.0,373600.0,373975.0,361158.3333333333,331775.0,25727
2024-07-23,366500.0,387000.0,366500.0,385000.0,376100.0,373350.0,361958.3333333333,332612.5,47835
2024-07-24,380500.0,390000.0,376500.0,385000.0,377200.0,372700.0,362833.3333333333,333437.5,22442
2024-07-25,386000.0,386500.0,374000.0,378500.0,377000.0,372825.0,363525.0,334175.0,23697
2024-07-26,380000.0,385000.0,375000.0,377000.0,378200.0,372400.0,364233.3333333333,334891.6666666667,17107
2024-07-29,379000.0,390000.0,372500.0,386500.0,382400.0,373275.0,365058.3333333333,335679.1666666667,20788
2024-07-30,385000.0,390000.0,379500.0,379500.0,381300.0,373750.0,365675.0,336362.5,25684
2024-07-31,379500.0,391000.0,377500.0,386500.0,381600.0,374800.0,366450.0,337041.6666666667,49533
2024-08-01,380500.0,381500.0,373000.0,373500.0,380600.0,375200.0,367050.0,337650.0,30614
2024-08-02,370000.0,374000.0,362000.0,368000.0,378800.0,375400.0,367516.6666666667,338245.8333333333,21439
2024-08-05,361000.0,361500.0,335000.0,343000.0,370100.0,373975.0,367666.6666666667,338604.1666666667,61311
2024-08-06,354500.0,354500.0,339000.0,344500.0,363100.0,372525.0,367808.3333333333,339008.3333333333,32982
2024-08-07,337500.0,362000.0,337000.0,352000.0,356200.0,371825.0,367841.6666666667,339458.3333333333,27768
2024-08-08,348500.0,353500.0,345000.0,353500.0,352200.0,371125.0,368191.6666666667,339929.1666666667,24752
2024-08-09,358000.0,362000.0,353500.0,355000.0,349600.0,370350.0,368625.0,340404.1666666667,15974
2024-08-12,361000.0,361500.0,354000.0,359000.0,352800.0,369725.0,369050.0,340875.0,12360
2024-08-13,355500.0,373500.0,355000.0,370000.0,357900.0,369600.0,369516.6666666667,341425.0,41122
2024-08-14,378500.0,380000.0,363500.0,366000.0,360700.0,368925.0,369966.6666666667,341929.1666666667,39537
2024-08-16,369500.0,370000.0,352000.0,353000.0,360600.0,367600.0,369950.0,342291.6666666667,40958
2024-08-19,353500.0,353500.0,339500.0,342500.0,358100.0,366175.0,369883.3333333333,342616.6666666667,63398
2024-08-20,345000.0,350500.0,344000.0,350000.0,356300.0,365400.0,369666.6666666667,342966.6666666667,30205
2024-08-21,351000.0,351000.0,345000.0,350000.0,352300.0,363650.0,369308.3333333333,343362.5,16059
2024-08-22,351500.0,352000.0,341500.0,344500.0,348000.0,361625.0,368966.6666666667,343745.8333333333,26883
2024-08-23,341000.0,343500.0,329500.0,331000.0,343600.0,359250.0,368483.3333333333,344029.1666666667,64276
2024-08-26,332000.0,332500.0,320500.0,330000.0,341100.0,356900.0,368091.6666666667,344283.3333333333,47207
2024-08-27,331000.0,339500.0,328500.0,338500.0,338800.0,354500.0,367908.3333333333,344658.3333333333,36989
2024-08-28,338000.0,341000.0,334000.0,335500.0,335900.0,352300.0,367641.6666666667,345029.1666666667,20201
2024-08-29,337000.0,337000.0,317000.0,319500.0,330900.0,348950.0,367241.6666666667,345279.1666666667,75019
2024-08-30,321500.0,326500.0,320000.0,322000.0,329100.0,346375.0,366958.3333333333,345600.0,42591
2024-09-02,324000.0,325500.0,319000.0,322000.0,327500.0,344075.0,366600.0,345887.5,20112
2024-09-03,323000.0,325000.0,320000.0,320500.0,323900.0,342950.0,365891.6666666667,346162.5,23827
2024-09-04,316000.0,318500.0,309500.0,310500.0,318900.0,341250.0,365025.0,346333.3333333333,35580
2024-09-05,313000.0,315500.0,307000.0,310500.0,317100.0,339175.0,363958.3333333333,346562.5,27066
2024-09-06,313000.0,313000.0,306000.0,307000.0,314100.0,336850.0,362841.6666666667,346729.1666666667,13637
2024-09-09,302000.0,312500.0,300000.0,310500.0,311800.0,334625.0,361650.0,346920.8333333333,22095
2024-09-10,313000.0,318000.0,311000.0,314000.0,310500.0,332375.0,360391.6666666667,347091.6666666667,28460
2024-09-11,317500.0,317500.0,308500.0,312500.0,310900.0,329500.0,358991.6666666667,347262.5,20800
2024-09-12,313500.0,314500.0,309500.0,314500.0,311700.0,326925.0,357633.3333333333,347450.0,29146
2024-09-13,317000.0,320000.0,314000.0,317000.0,313700.0,325125.0,356350.0,347687.5,17138
2024-09-19,324000.0,325000.0,315500.0,322000.0,316000.0,324100.0,355208.3333333333,347958.3333333333,23058
2024-09-20,322000.0,323500.0,309000.0,310500.0,315300.0,322125.0,353833.3333333333,348120.8333333333,72140
2024-09-23,312000.0,313500.0,308000.0,312500.0,315300.0,320250.0,352416.6666666667,348266.6666666667,19120
2024-09-24,313500.0,315500.0,310000.0,315500.0,315500.0,318800.0,351041.6666666667,348458.3333333333,22705
2024-09-25,317000.0,318500.0,306000.0,307000.0,313500.0,317600.0,349891.6666666667,348583.3333333333,65471
2024-09-26,309500.0,312500.0,306000.0,312500.0,311600.0,316725.0,348675.0,348737.5,35144
2024-09-27,312500.0,312500.0,306500.0,307000.0,310900.0,315150.0,347641.6666666667,348704.1666666667,56158
2024-09-30,309500.0,314000.0,304000.0,304000.0,309200.0,313575.0,346541.6666666667,348700.0,50886
2024-10-02,301500.0,303000.0,290000.0,292500.0,304600.0,312225.0,345325.0,348495.8333333333,76193
2024-10-04,293000.0,294000.0,289500.0,294000.0,302000.0,310825.0,344133.3333333333,348250.0,49542
2024-10-07,295000.0,295000.0,289500.0,293000.0,298100.0,309375.0,342950.0,348016.6666666667,54678
2024-10-08,290500.0,293000.0,280500.0,280500.0,292800.0,307375.0,341433.3333333333,347704.1666666667,105208
2024-10-10,283000.0,290500.0,279000.0,287000.0,289400.0,306200.0,339991.6666666667,347466.6666666667,80289
2024-10-11,287500.0,287500.0,280000.0,280500.0,287000.0,304700.0,338566.6666666667,347179.1666666667,65915
2024-10-14,281000.0,288500.0,281000.0,280500.0,284300.0,303375.0,337116.6666666667,346900.0,53539
2024-10-15,289000.0,291500.0,285500.0,287500.0,283200.0,302225.0,335733.3333333333,346579.1666666667,43557
2024-10-16,287000.0,290000.0,282500.0,290000.0,285100.0,301025.0,334375.0,346225.0,58266
2024-10-17,290000.0,290000.0,281500.0,281500.0,284000.0,299475.0,332858.3333333333,345841.6666666667,49626
2024-10-18,283000.0,285000.0,280500.0,281500.0,284200.0,297825.0,331225.0,345420.8333333333,17652
2024-10-21,280500.0,284000.0,278500.0,279500.0,284000.0,295950.0,329558.3333333333,344958.3333333333,29461
2024-10-22,278000.0,278000.0,273000.0,276000.0,281700.0,293650.0,327975.0,344366.6666666667,42234
2024-10-23,277000.0,280000.0,275500.0,276500.0,279000.0,291950.0,326491.6666666667,343825.0,29533
2024-10-24,274500.0,277500.0,273000.0,274000.0,277500.0,290025.0,324641.6666666667,343300.0,30725
2024-10-25,272500.0,274000.0,267500.0,269500.0,275100.0,287725.0,322716.6666666667,342775.0,38638
2024-10-28,270500.0,274000.0,269000.0,274000.0,274000.0,286075.0,320975.0,342250.0,25049
2024-10-29,274000.0,274500.0,269000.0,274000.0,273600.0,284150.0,319258.3333333333,341745.8333333333,23664
2024-10-30,274000.0,274000.0,269500.0,272000.0,272700.0,282400.0,317350.0,341204.1666666667,30384
2024-10-31,272000.0,277000.0,269000.0,274500.0,272800.0,280925.0,315600.0,340637.5,43837
2024-11-01,274000.0,277500.0,271000.0,273500.0,273600.0,279975.0,313716.6666666667,340083.3333333333,15335
2024-11-04,274000.0,279000.0,271500.0,278500.0,274500.0,279200.0,312133.3333333333,339591.6666666667,19440
2024-11-05,276000.0,279500.0,275000.0,276500.0,275000.0,278375.0,310608.3333333333,339062.5,19351
2024-11-06,277000.0,278500.0,272000.0,274500.0,275500.0,278075.0,309466.6666666667,338566.6666666667,19186
2024-11-07,273000.0,277500.0,272000.0,272000.0,275000.0,277325.0,308258.3333333333,338033.3333333333,23579
2024-11-08,275000.0,276000.0,262500.0,264500.0,273200.0,276525.0,306800.0,337320.8333333333,71309
2024-11-11,263500.0,264000.0,259000.0,260500.0,269600.0,275525.0,305250.0,336720.8333333333,40831
2024-11-12,258000.0,260500.0,251500.0,256500.0,265600.0,273975.0,303608.3333333333,336116.6666666667,56860
2024-11-13,253500.0,256000.0,246500.0,246500.0,260000.0,271800.0,301733.3333333333,335391.6666666667,78854
2024-11-14,247500.0,251000.0,240500.0,240500.0,253700.0,269750.0,299575.0,334545.8333333333,71156
2024-11-15,242500.0,248000.0,239000.0,246500.0,250100.0,268000.0,297583.3333333333,333775.0,46319
2024-11-18,244500.0,259000.0,242000.0,257500.0,249500.0,266900.0,295991.6666666667,332970.8333333333,63854
2024-11-19,271000.0,277500.0,264000.0,270500.0,252300.0,266625.0,294791.6666666667,332337.5,190976
2024-11-20,268000.0,288500.0,266500.0,284500.0,259900.0,267025.0,293700.0,331683.3333333333,141976
2024-11-21,288000.0,288500.0,275500.0,276500.0,267100.0,267150.0,292475.0,330891.6666666667,57233
2024-11-22,278500.0,278500.0,270500.0,272000.0,272200.0,267275.0,291266.6666666667,330116.6666666667,33086
2024-11-25,272000.0,275500.0,270500.0,270500.0,274800.0,267100.0,290258.3333333333,329370.8333333333,60344
2024-11-26,270000.0,276500.0,269000.0,275000.0,275700.0,267150.0,289341.6666666667,328716.6666666667,42105
2024-11-27,269500.0,278500.0,269500.0,273500.0,273500.0,267225.0,288258.3333333333,328083.3333333333,33207
2024-11-28,276000.0,276000.0,271000.0,273000.0,272800.0,267150.0,287216.6666666667,327429.1666666667,29721
2024-11-29,273000.0,273000.0,263000.0,263500.0,271100.0,266650.0,286283.3333333333,326762.5,58684
2024-12-02,265500.0,266000.0,261000.0,263500.0,269700.0,265900.0,285308.3333333333,326133.3333333333,34442
2024-12-03,266000.0,273500.0,263500.0,271500.0,269000.0,265650.0,284466.6666666667,325533.3333333333,37814
2024-12-04,269000.0,276000.0,265500.0,273500.0,269000.0,265600.0,283683.3333333333,324787.5,60359
2024-12-05,271000.0,272000.0,263000.0,265000.0,267400.0,265250.0,282925.0,323975.0,48512
2024-12-06,265000.0,265000.0,257500.0,262000.0,267100.0,265125.0,282116.6666666667,323037.5,49154
2024-12-09,258500.0,259000.0,250500.0,250500.0,264500.0,264625.0,281175.0,322008.3333333333,49278
2024-12-10,251500.0,266000.0,251500.0,265000.0,263200.0,265050.0,280416.6666666667,321033.3333333333,45726
2024-12-11,264500.0,272000.0,263000.0,265000.0,261500.0,265975.0,279600.0,319995.8333333333,37046
2024-12-12,267500.0,271000.0,263500.0,268000.0,262100.0,267350.0,278858.3333333333,318925.0,64834
2024-12-13,267000.0,275000.0,265000.0,269000.0,263500.0,268475.0,278100.0,317866.6666666667,31634
2024-12-16,270500.0,271000.0,266500.0,270000.0,267400.0,269100.0,277316.6666666667,316833.3333333333,32955
2024-12-17,271000.0,271000.0,266500.0,266500.0,267700.0,268900.0,276391.6666666667,315800.0,35701
2024-12-18,268500.0,277500.0,267500.0,272000.0,269100.0,268275.0,275750.0,314791.6666666667,38363
2024-12-19,266500.0,274500.0,262500.0,268000.0,269100.0,267850.0,275008.3333333333,313712.5,65652
2024-12-20,267000.0,269000.0,255500.0,260500.0,267400.0,267275.0,274091.6666666667,312566.6666666667,77632
2024-12-23,261000.0,266000.0,260000.0,265000.0,266400.0,267000.0,273391.6666666667,311641.6666666667,31482
2024-12-24,265000.0,266000.0,262000.0,264500.0,266000.0,266475.0,272591.6666666667,310633.3333333333,22151
2024-12-26,265000.0,266000.0,259000.0,261000.0,263800.0,265850.0,271825.0,309733.3333333333,24245
2024-12-27,258500.0,260000.0,251500.0,255500.0,261300.0,264975.0,271016.6666666667,308779.1666666667,28862
2024-12-30,255000.0,258500.0,253000.0,255500.0,260300.0,264575.0,270400.0,307862.5,29285
2025-01-02,255500.0,255500.0,247000.0,247500.0,256800.0,263775.0,269625.0,306879.1666666667,46996
2025-01-03,251500.0,255000.0,250000.0,251500.0,254200.0,262775.0,268933.3333333333,305941.6666666667,30799
2025-01-06,252000.0,254500.0,250000.0,252500.0,252500.0,261725.0,268466.6666666667,304950.0,28859
2025-01-07,252500.0,255500.0,248000.0,248000.0,251000.0,260875.0,267816.6666666667,303904.1666666667,65535
2025-01-08,247000.0,254000.0,247000.0,251000.0,250100.0,260325.0,267325.0,302945.8333333333,44188
2025-01-09,251000.0,253000.0,250000.0,250500.0,250700.0,260325.0,266825.0,301970.8333333333,46242
2025-01-10,250500.0,251500.0,245000.0,247000.0,249800.0,259425.0,266150.0,300941.6666666667,59289
2025-01-13,246500.0,248000.0,240500.0,241500.0,247600.0,258250.0,265341.6666666667,299858.3333333333,69642
2025-01-14,242000.0,243500.0,239500.0,242000.0,246400.0,256950.0,264683.3333333333,298770.8333333333,41598
2025-01-15,242500.0,244000.0,239000.0,240000.0,244200.0,255500.0,263991.6666666667,297608.3333333333,52582
2025-01-16,241500.0,242500.0,239500.0,241000.0,242300.0,254050.0,263350.0,296454.1666666667,49025
2025-01-17,241000.0,245000.0,241000.0,242500.0,241400.0,252850.0,262791.6666666667,295383.3333333333,38826
2025-01-20,243000.0,246500.0,241500.0,244000.0,241900.0,251450.0,262250.0,294370.8333333333,26357
2025-01-21,246500.0,247000.0,240000.0,242000.0,241900.0,250150.0,261716.66666666666,293179.1666666667,40946
2025-01-22,243500.0,244000.0,240500.0,241500.0,242200.0,249200.0,261250.0,291983.3333333333,41212
2025-01-23,241500.0,242000.0,232500.0,234500.0,240900.0,247675.0,260591.66666666666,290783.3333333333,104843
2025-01-24,235500.0,236500.0,232500.0,236000.0,239600.0,246250.0,259958.33333333334,289608.3333333333,39245
2025-01-31,238000.0,242000.0,234500.0,242000.0,239200.0,245300.0,259458.33333333334,288404.1666666667,54228
2025-02-03,239500.0,239500.0,232500.0,232500.0,237300.0,244150.0,258758.33333333334,287179.1666666667,47457
2025-02-04,235000.0,242000.0,234000.0,242000.0,237400.0,243475.0,258233.33333333334,285975.0,46379
2025-02-05,245500.0,252500.0,243000.0,244000.0,239300.0,243300.0,257658.33333333334,284895.8333333333,88275
2025-02-06,245000.0,251500.0,244000.0,247500.0,241600.0,243100.0,257175.0,283891.6666666667,51006
2025-02-07,247500.0,248500.0,244000.0,245000.0,242200.0,242725.0,256683.33333333334,283075.0,26309
2025-02-10,245000.0,252000.0,244000.0,250000.0,245700.0,242825.0,256316.66666666666,282287.5,58785
2025-02-11,247500.0,248500.0,239000.0,240000.0,245300.0,242275.0,255908.33333333334,281354.1666666667,118675
2025-02-12,242000.0,247500.0,240500.0,244500.0,245400.0,241975.0,255641.66666666666,280445.8333333333,64297
2025-02-13,245000.0,246000.0,241000.0,246000.0,245100.0,241925.0,255466.66666666666,279537.5,88053
2025-02-14,245000.0,250000.0,245000.0,247500.0,245600.0,242225.0,255483.33333333334,278608.3333333333,64436
2025-02-17,247000.0,247000.0,243000.0,246000.0,244800.0,242425.0,255575.0,277575.0,62971
2025-02-18,245000.0,245500.0,240500.0,242000.0,245200.0,242525.0,255500.0,276541.6666666667,86024
2025-02-19,242000.0,247500.0,241500.0,245000.0,245300.0,242725.0,255291.66666666666,275641.6666666667,87246
2025-02-20,246000.0,250000.0,245500.0,249500.0,246000.0,243075.0,254941.66666666666,274866.6666666667,69971
2025-02-21,250000.0,250000.0,246000.0,248000.0,246100.0,243275.0,254333.33333333334,274016.6666666667,57402
2025-02-24,247500.0,252500.0,244500.0,249500.0,246800.0,243650.0,253883.33333333334,273179.1666666667,56595
2025-02-25,249500.0,250500.0,244500.0,246000.0,247600.0,243875.0,253450.0,272358.3333333333,65095
2025-02-26,246500.0,249000.0,246000.0,247500.0,248100.0,244525.0,253066.66666666666,271662.5,44072
2025-02-27,247000.0,247000.0,244000.0,247000.0,247600.0,245075.0,252600.0,270970.8333333333,49000
2025-02-28,244000.0,244500.0,236000.0,237000.0,245400.0,244825.0,251991.66666666666,270125.0,152864
2025-03-04,236500.0,242000.0,236000.0,240000.0,243500.0,245200.0,251441.66666666666,269329.1666666667,49419
2025-03-05,240000.0,244500.0,240000.0,243000.0,242900.0,245250.0,251100.0,268691.6666666667,64952
2025-03-06,244000.0,258000.0,243500.0,257500.0,244900.0,245925.0,251000.0,268154.1666666667,153243
2025-03-07,258000.0,266500.0,253500.0,262000.0,247900.0,246650.0,250841.66666666666,267654.1666666667,171861
2025-03-10,260000.0,265000.0,257500.0,259000.0,252300.0,247350.0,250600.0,267141.6666666667,62437
2025-03-11,253000.0,259500.0,253000.0,257000.0,255700.0,247700.0,250466.66666666666,266695.8333333333,86665
2025-03-12,257000.0,262500.0,257000.0,257500.0,258600.0,248575.0,250391.66666666666,266254.1666666667,57472
2025-03-13,258500.0,259000.0,249000.0,250500.0,257200.0,248875.0,250391.66666666666,265783.3333333333,102173
2025-03-14,250500.0,253000.0,248000.0,250500.0,254900.0,249100.0,250150.0,265283.3333333333,55717
2025-03-17,252500.0,253000.0,250000.0,252500.0,253600.0,249350.0,249941.66666666666,264770.8333333333,43804
2025-03-18,253000.0,258000.0,252500.0,253500.0,252900.0,249725.0,249700.0,264279.1666666667,48586
2025-03-19,254000.0,266000.0,253500.0,265000.0,254400.0,250875.0,249633.33333333334,263866.6666666667,118202
2025-03-20,267500.0,272000.0,264000.0,265500.0,257400.0,251900.0,249558.33333333334,263437.5,104928
2025-03-21,265000.0,270000.0,263000.0,268500.0,261000.0,252850.0,249591.66666666666,262991.6666666667,93748
2025-03-24,269000.0,270000.0,265000.0,266000.0,263700.0,253750.0,249491.66666666666,262620.8333333333,46867
2025-03-25,264000.0,267500.0,258500.0,259000.0,264800.0,254225.0,249341.66666666666,262175.0,68723
2025-03-26,261000.0,263000.0,257500.0,257500.0,263300.0,254800.0,249291.66666666666,261691.66666666666,36438
2025-03-27,256000.0,261000.0,256000.0,256500.0,261500.0,255250.0,249150.0,261270.83333333334,27765
2025-03-28,257000.0,258000.0,253000.0,254500.0,258700.0,255625.0,248983.33333333334,260787.5,34561
2025-03-31,251500.0,251500.0,245500.0,246500.0,254800.0,256100.0,248741.66666666666,260283.33333333334,47600
2025-04-01,248500.0,250500.0,247000.0,249000.0,252800.0,256550.0,248633.33333333334,259825.0,33093
2025-04-02,249000.0,249500.0,241500.0,242500.0,249800.0,256525.0,248416.66666666666,259408.33333333334,74383
2025-04-03,237000.0,238500.0,235500.0,236500.0,245800.0,255475.0,248233.33333333334,258929.16666666666,85298
2025-04-04,234000.0,246000.0,233500.0,246000.0,244100.0,254675.0,248141.66666666666,258537.5,59684
2025-04-07,237500.0,242000.0,234500.0,238000.0,242400.0,253625.0,247900.0,258183.33333333334,58831
2025-04-08,241000.0,241000.0,232000.0,234500.0,239500.0,252500.0,247675.0,257745.83333333334,58489
2025-04-09,232000.0,234500.0,227500.0,228500.0,236700.0,251050.0,247300.0,257312.5,59695
2025-04-10,235500.0,240000.0,231000.0,240000.0,237400.0,250525.0,247125.0,256975.0,73013
2025-04-11,235000.0,235000.0,226500.0,231500.0,234500.0,249575.0,246866.66666666666,256508.33333333334,133826
2025-04-14,232000.0,234000.0,229000.0,232000.0,233300.0,248550.0,246708.33333333334,256025.0,63929
2025-04-15,232000.0,238000.0,232000.0,237500.0,233900.0,247750.0,246633.33333333334,255658.33333333334,31918
2025-04-16,236500.0,241500.0,236500.0,237500.0,235700.0,246375.0,246591.66666666666,255291.66666666666,49831
2025-04-17,239000.0,244500.0,237500.0,243500.0,236400.0,245275.0,246633.33333333334,254991.66666666666,58415
2025-04-18,243500.0,244500.0,237000.0,239000.0,237900.0,243800.0,246575.0,254683.33333333334,55167
2025-04-21,239000.0,240500.0,237500.0,240000.0,239500.0,242500.0,246508.33333333334,254379.16666666666,25616
2025-04-22,239500.0,242000.0,238500.0,240500.0,240100.0,241575.0,246483.33333333334,254100.0,35954
2025-04-23,243000.0,243500.0,240000.0,241500.0,240900.0,240775.0,246483.33333333334,253866.66666666666,28832
2025-04-24,242000.0,243000.0,240000.0,242500.0,240700.0,240075.0,246616.66666666666,253604.16666666666,32128
2025-04-25,244000.0,245000.0,242500.0,243500.0,241600.0,239525.0,246741.66666666666,253350.0,23481
2025-04-28,243500.0,245000.0,235000.0,236500.0,240900.0,239025.0,246650.0,253054.16666666666,79247
2025-04-29,236500.0,239500.0,236500.0,238000.0,240400.0,238475.0,246741.66666666666,252750.0,54543
2025-04-30,238500.0,240000.0,235500.0,239000.0,239900.0,238300.0,246691.66666666666,252462.5,57084
2025-05-02,237500.0,244000.0,237000.0,243000.0,240000.0,238625.0,246675.0,252166.66666666666,39070
2025-05-07,246500.0,248500.0,243000.0,246000.0,240500.0,238625.0,246650.0,251912.5,53088
2025-05-08,245500.0,247500.0,244500.0,245500.0,242300.0,239000.0,246658.33333333334,251670.83333333334,37068
2025-05-09,244500.0,249500.0,244000.0,249000.0,244500.0,239725.0,246641.66666666666,251479.16666666666,34601
2025-05-12,250000.0,250000.0,246500.0,248500.0,246400.0,240725.0,246783.33333333334,251345.83333333334,24247
2025-05-13,244500.0,244500.0,237500.0,238500.0,245500.0,240650.0,246683.33333333334,251162.5,109907
2025-05-14,238500.0,239500.0,235000.0,236000.0,243500.0,240875.0,246516.66666666666,250991.66666666666,88180
2025-05-15,235500.0,236500.0,232000.0,232000.0,240800.0,240875.0,246258.33333333334,250870.83333333334,84960
2025-05-16,233000.0,234000.0,228500.0,229500.0,236900.0,240475.0,245983.33333333334,250779.16666666666,74917
2025-05-19,229000.0,230000.0,226000.0,226500.0,232500.0,239925.0,245725.0,250612.5,74026
2025-05-20,228500.0,228500.0,225500.0,226000.0,230000.0,239050.0,245408.33333333334,250350.0,49924
2025-05-21,226500.0,227000.0,225000.0,225500.0,227900.0,238375.0,245008.33333333334,249975.0,62180
2025-05-22,225500.0,228000.0,225000.0,226500.0,226800.0,237700.0,244650.0,249491.66666666666,36209
2025-05-23,227000.0,227500.0,222000.0,223000.0,225500.0,236825.0,244208.33333333334,249045.83333333334,54604
2025-05-26,223000.0,225000.0,220000.0,224000.0,225000.0,235950.0,243841.66666666666,248645.83333333334,57967
2025-05-27,223000.0,226000.0,222500.0,225000.0,224800.0,235075.0,243466.66666666666,248266.66666666666,36665
2025-05-28,225500.0,231000.0,225500.0,229500.0,225600.0,234375.0,243175.0,247887.5,56164
2025-05-29,230000.0,233000.0,229000.0,230500.0,226400.0,234075.0,243066.66666666666,247529.16666666666,54356
2025-05-30,230500.0,232500.0,228000.0,231500.0,228100.0,233750.0,242925.0,247183.33333333334,93061
2025-06-02,230500.0,232500.0,229000.0,230500.0,229400.0,233325.0,242716.66666666666,246908.33333333334,34618
2025-06-04,231500.0,238000.0,230500.0,236500.0,231700.0,233000.0,242366.66666666666,246683.33333333334,88774
2025-06-05,237000.0,241000.0,236500.0,239000.0,233600.0,232650.0,241983.33333333334,246412.5,66329
2025-06-09,242000.0,249000.0,241500.0,245500.0,236600.0,232650.0,241758.33333333334,246179.16666666666,103843
2025-06-10,246000.0,248000.0,242000.0,246000.0,239500.0,232500.0,241575.0,246020.83333333334,61003
2025-06-11,246000.0,247000.0,243500.0,246500.0,242700.0,232400.0,241391.66666666666,245891.66666666666,35936
2025-06-12,246500.0,247000.0,244000.0,246000.0,244600.0,232775.0,241316.66666666666,245854.16666666666,72025
2025-06-13,244500.0,246000.0,238000.0,239500.0,244700.0,232950.0,241133.33333333334,245641.66666666666,70383
2025-06-16,239500.0,240500.0,235500.0,240500.0,243700.0,233375.0,240933.33333333334,245437.5,58626
2025-06-17,241500.0,242500.0,237000.0,241000.0,242700.0,233950.0,240725.0,245212.5,63655
2025-06-18,238500.0,241000.0,236000.0,238500.0,241100.0,234550.0,240283.33333333334,244958.33333333334,72113
2025-06-19,239500.0,248500.0,237000.0,238000.0,239500.0,235150.0,239825.0,244691.66666666666,94594
2025-06-20,239000.0,243500.0,237500.0,243000.0,240200.0,236025.0,239400.0,244495.83333333334,56371
2025-06-23,240500.0,241000.0,237000.0,238000.0,239700.0,236600.0,238933.33333333334,244212.5,76637
2025-06-24,242000.0,255000.0,241000.0,254000.0,242300.0,238150.0,238850.0,244095.83333333334,181759
2025-06-25,256000.0,259000.0,251000.0,255000.0,245600.0,239700.0,238808.33333333334,244050.0,107658
2025-06-26,259000.0,261500.0,252500.0,255500.0,249100.0,241225.0,238791.66666666666,243970.83333333334,99464
2025-06-27,258500.0,258500.0,247000.0,249500.0,250400.0,242225.0,238708.33333333334,243845.83333333334,84249
2025-06-30,251500.0,254500.0,247500.0,249000.0,252600.0,243150.0,238750.0,243745.83333333334,74779
2025-07-01,250000.0,258000.0,248500.0,254500.0,252700.0,244300.0,238841.66666666666,243737.5,85006
2025-07-02,259500.0,267250.0,255000.0,266500.0,255000.0,246100.0,239241.66666666666,243829.16666666666,145474
2025-07-03,269500.0,270000.0,262500.0,269500.0,257800.0,247750.0,239791.66666666666,244012.5,85369
2025-07-04,269000.0,269000.0,259500.0,261500.0,260200.0,248875.0,240050.0,244095.83333333334,75499
2025-07-07,259500.0,266500.0,256000.0,260500.0,262500.0,249625.0,240425.0,244162.5,83179
2025-07-08,260500.0,261000.0,256500.0,258500.0,263300.0,250250.0,240825.0,244250.0,41922
2025-07-09,258500.0,259000.0,252500.0,254000.0,260800.0,250625.0,241250.0,244275.0,100744
2025-07-10,255500.0,260000.0,254500.0,258000.0,258500.0,251225.0,241550.0,244337.5,77478
2025-07-11,258500.0,261500.0,257500.0,259000.0,258000.0,252200.0,242008.33333333334,244437.5,34351
2025-07-14,258500.0,263000.0,258000.0,260000.0,257900.0,253175.0,242475.0,244591.66666666666,41778
2025-07-15,261500.0,261500.0,256000.0,257500.0,257700.0,254000.0,242808.33333333334,244720.83333333334,70423
2025-07-16,256000.0,257000.0,252000.0,252500.0,257400.0,254700.0,243058.33333333334,244825.0,56836
2025-07-17,252500.0,255000.0,247500.0,254500.0,256700.0,255525.0,243241.66666666666,244937.5,77330
2025-07-18,254500.0,255000.0,249500.0,254500.0,255800.0,256100.0,243500.0,245037.5,67509
2025-07-21,253000.0,254500.0,251000.0,253000.0,254400.0,256850.0,243716.66666666666,245112.5,29570
2025-07-22,254000.0,254000.0,250500.0,252000.0,253300.0,256750.0,243908.33333333334,245195.83333333334,35958
2025-07-23,252500.0,254500.0,248500.0,252500.0,253300.0,256625.0,244091.66666666666,245287.5,50085
2025-07-24,253000.0,254000.0,248000.0,248500.0,252100.0,256275.0,244191.66666666666,245404.16666666666,55027
2025-07-25,247500.0,250500.0,247000.0,249000.0,251000.0,256250.0,244283.33333333334,245512.5,40956
2025-07-28,248000.0,251000.0,246000.0,247500.0,249900.0,256175.0,244466.66666666666,245558.33333333334,45051
2025-07-29,246500.0,251000.0,244000.0,249500.0,249400.0,255925.0,244658.33333333334,245700.0,41938
2025-07-30,249500.0,254000.0,248500.0,251500.0,249200.0,255175.0,244866.66666666666,245779.16666666666,47998
2025-07-31,252000.0,253000.0,249500.0,251500.0,249800.0,254275.0,245008.33333333334,245841.66666666666,37937
2025-08-01,249000.0,251000.0,245500.0,248500.0,249700.0,253625.0,245050.0,245850.0,69080
2025-08-04,247000.0,248500.0,242000.0,245000.0,249200.0,252850.0,245041.66666666666,245850.0,67278
2025-08-05,247500.0,249000.0,244000.0,245500.0,248400.0,252200.0,244983.33333333334,245812.5,57527
2025-08-06,246000.0,251000.0,246000.0,249500.0,248000.0,251975.0,245000.0,245891.66666666666,59228
2025-08-07,249000.0,252500.0,247500.0,251000.0,247900.0,251625.0,245208.33333333334,245945.83333333334,57191
2025-08-08,249000.0,253000.0,248000.0,252000.0,248600.0,251275.0,245475.0,245995.83333333334,44400
2025-08-11,251500.0,253000.0,248000.0,250000.0,249600.0,250775.0,245775.0,246016.66666666666,60331
2025-08-12,250500.0,254000.0,250000.0,251000.0,250700.0,250450.0,246133.33333333334,246058.33333333334,55148
2025-08-13,251000.0,251000.0,232500.0,233000.0,247400.0,249475.0,246241.66666666666,245983.33333333334,305292
2025-08-14,234500.0,236500.0,233000.0,236000.0,244400.0,248550.0,246408.33333333334,245908.33333333334,70392
2025-08-18,235500.0,235500.0,230500.0,231500.0,240300.0,247400.0,246508.33333333334,245758.33333333334,64626
2025-08-19,232000.0,232000.0,230000.0,230500.0,236400.0,246275.0,246575.0,245612.5,57113
2025-08-20,230500.0,231500.0,228000.0,231000.0,232400.0,245225.0,246708.33333333334,245458.33333333334,73178
2025-08-21,230500.0,232000.0,228500.0,228500.0,231500.0,244025.0,246783.33333333334,245312.5,87481
2025-08-22,231000.0,233500.0,229000.0,230000.0,230300.0,243100.0,246866.66666666666,245166.66666666666,75175
2025-08-25,232000.0,233000.0,229500.0,230000.0,230000.0,242150.0,246875.0,245025.0,87861
2025-08-26,230000.0,233000.0,229000.0,229000.0,229700.0,241225.0,246850.0,244958.33333333334,987812
2025-08-27,231500.0,234000.0,229000.0,230500.0,229600.0,240275.0,246833.33333333334,244879.16666666666,86785
2025-08-28,231000.0,234000.0,230500.0,231000.0,230100.0,239250.0,246841.66666666666,244779.16666666666,62265
2025-08-29,231000.0,231500.0,228000.0,229000.0,229900.0,238125.0,246716.66666666666,244541.66666666666,67713
2025-09-01,230000.0,230500.0,227500.0,229000.0,229700.0,237150.0,246550.0,244266.66666666666,38106
2025-09-02,229500.0,231500.0,228000.0,231500.0,230200.0,236475.0,246316.66666666666,244037.5,46349
2025-09-03,230000.0,231500.0,228500.0,230000.0,230100.0,235700.0,246050.0,243812.5,91788
2025-09-04,229500.0,232500.0,229500.0,232000.0,230300.0,234825.0,245808.33333333334,243600.0,36143
2025-09-05,232000.0,233500.0,231500.0,232500.0,231000.0,233900.0,245583.33333333334,243450.0,27981
2025-09-08,233000.0,233500.0,231500.0,232500.0,231700.0,232925.0,245466.66666666666,243300.0,29207
2025-09-09,233000.0,233500.0,231000.0,233000.0,232000.0,232075.0,245341.66666666666,243137.5,47252
2025-09-10,233000.0,235000.0,233000.0,234500.0,232900.0,231250.0,245233.33333333334,242979.16666666666,57669
2025-09-11,234500.0,238500.0,233250.0,237500.0,234000.0,231475.0,245216.66666666666,242750.0,110796
2025-09-12,245500.0,247500.0,241500.0,242000.0,235900.0,231775.0,245283.33333333334,242554.16666666666,98565
2025-09-15,243500.0,244000.0,240500.0,242000.0,237800.0,232300.0,245266.66666666666,242333.33333333334,51417
2025-09-16,243000.0,244500.0,241000.0,241000.0,239400.0,232825.0,245316.66666666666,242125.0,61462
2025-09-17,241500.0,242000.0,237500.0,237500.0,240000.0,233150.0,245041.66666666666,241945.83333333334,42245
2025-09-18,238500.0,240000.0,237000.0,238000.0,240100.0,233625.0,244758.33333333334,241783.33333333334,33185
2025-09-22,236500.0,237500.0,235500.0,236000.0,238900.0,233925.0,244433.33333333334,241612.5,41955
2025-09-23,235500.0,236500.0,234000.0,235000.0,237500.0,234175.0,244191.66666666666,241450.0,44962
2025-09-24,236000.0,236000.0,232500.0,233000.0,235900.0,234375.0,243925.0,241337.5,41147
2025-09-25,233000.0,235000.0,232000.0,234000.0,235200.0,234550.0,243583.33333333334,241212.5,43544
2025-09-26,233000.0,233500.0,230000.0,230500.0,233700.0,234525.0,242983.33333333334,241112.5,61198
2025-09-29,232000.0,234000.0,230500.0,233000.0,233100.0,234725.0,242375.0,241083.33333333334,36447
2025-09-30,232000.0,232000.0,230000.0,230500.0,232200.0,234800.0,241858.33333333334,240954.16666666666,42015
2025-10-01,235500.0,237500.0,231000.0,234500.0,232500.0,234950.0,241425.0,240925.0,85432
2025-10-02,235000.0,236000.0,232000.0,234500.0,232600.0,235175.0,241025.0,240925.0,78923
2025-10-10,232500.0,234500.0,230500.0,234000.0,233300.0,235275.0,240691.66666666666,240970.83333333334,87281
2025-10-13,232000.0,234500.0,230000.0,233500.0,233400.0,235325.0,240283.33333333334,240916.66666666666,50170
2025-10-14,232000.0,232500.0,230000.0,231500.0,233600.0,235275.0,239825.0,240916.66666666666,84861
2025-10-15,234500.0,236500.0,232000.0,233000.0,233300.0,235275.0,239375.0,240925.0,66706
2025-10-16,232500.0,233500.0,230000.0,230500.0,232500.0,235075.0,238925.0,240866.66666666666,82119
2025-10-17,230500.0,230500.0,229000.0,230000.0,231700.0,234700.0,238550.0,240804.16666666666,57620
2025-10-20,230000.0,232000.0,228000.0,231000.0,231200.0,234150.0,238158.33333333334,240700.0,73433
2025-10-21,231500.0,232500.0,229500.0,230500.0,231000.0,233575.0,237758.33333333334,240629.16666666666,82434
2025-10-22,231500.0,234000.0,228500.0,234000.0,231200.0,233225.0,237441.66666666666,240579.16666666666,74757
2025-10-23,233000.0,236000.0,232000.0,233000.0,231700.0,233000.0,237125.0,240516.66666666666,55651
2025-10-24,234000.0,234000.0,230500.0,232500.0,232200.0,232725.0,236791.66666666666,240441.66666666666,51445
2025-10-27,231500.0,234000.0,231000.0,233000.0,232600.0,232575.0,236533.33333333334,240362.5,50299
2025-10-28,233000.0,237000.0,232000.0,237000.0,233900.0,232675.0,236333.33333333334,240308.33333333334,65296
2025-10-29,237500.0,237500.0,232500.0,233500.0,233800.0,232700.0,236100.0,240283.33333333334,60134
2025-10-30,232500.0,234000.0,230500.0,230500.0,233300.0,232525.0,235783.33333333334,240220.83333333334,53808
2025-10-31,230500.0,231000.0,229000.0,229500.0,232700.0,232475.0,235416.66666666666,240141.66666666666,43615
2025-11-03,230500.0,231000.0,226500.0,227000.0,231500.0,232175.0,235008.33333333334,240008.33333333334,74955
2025-11-04,227000.0,231000.0,225500.0,230500.0,230200.0,232175.0,234708.33333333334,239879.16666666666,55502
2025-11-05,230500.0,230750.0,223500.0,225000.0,228500.0,231700.0,234375.0,239708.33333333334,73132
2025-11-06,227500.0,229000.0,223500.0,227000.0,227800.0,231325.0,234066.66666666666,239525.0,57665
2025-11-07,228000.0,228500.0,224000.0,225500.0,227000.0,230900.0,233666.66666666666,239333.33333333334,33960
2025-11-10,226500.0,230500.0,225500.0,230000.0,227600.0,230725.0,233316.66666666666,239262.5,61724
2025-11-11,229000.0,231500.0,226500.0,229000.0,227300.0,230600.0,232933.33333333334,239204.16666666666,51643
2025-11-12,228000.0,232500.0,227000.0,232500.0,228800.0,230575.0,232641.66666666666,239208.33333333334,61191
2025-11-13,231500.0,231500.0,227500.0,229000.0,229200.0,230500.0,232275.0,239204.16666666666,75523
2025-11-14,228500.0,229500.0,226000.0,226500.0,229400.0,230325.0,232166.66666666666,239204.16666666666,45949
2025-11-17,227500.0,228500.0,226000.0,226500.0,228700.0,230100.0,232008.33333333334,239208.33333333334,36242
2025-11-18,225500.0,227000.0,221000.0,221500.0,227200.0,229650.0,231841.66666666666,239175.0,80271
2025-11-19,223500.0,224000.0,220000.0,220000.0,224700.0,228950.0,231666.66666666666,239120.83333333334,73223
2025-11-20,221000.0,223500.0,219500.0,220000.0,222900.0,228300.0,231483.33333333334,239095.83333333334,79349
2025-11-21,218500.0,219500.0,217000.0,218000.0,221200.0,227575.0,231308.33333333334,239045.83333333334,54028
2025-11-24,219500.0,220000.0,214500.0,214500.0,218800.0,226650.0,231050.0,238958.33333333334,80257
2025-11-25,215500.0,216500.0,209000.0,209500.0,216400.0,225275.0,230708.33333333334,238791.66666666666,87838
2025-11-26,211000.0,213000.0,210000.0,212000.0,214800.0,224200.0,230425.0,238637.5,54421
2025-11-27,211500.0,213500.0,211000.0,211000.0,213000.0,223225.0,230100.0,238466.66666666666,30560
2025-11-28,211500.0,212000.0,209000.0,209500.0,211300.0,222225.0,229741.66666666666,238291.66666666666,49188
2025-12-01,211000.0,212500.0,209000.0,210500.0,210500.0,221400.0,229433.33333333334,238075.0,42540
2025-12-02,210500.0,211000.0,209000.0,209000.0,210400.0,220325.0,229100.0,237825.0,49420
2025-12-03,210500.0,214000.0,209500.0,213500.0,210700.0,219750.0,228800.0,237558.33333333334,65313
2025-12-04,214000.0,214000.0,210500.0,211000.0,210700.0,218950.0,228483.33333333334,237266.66666666666,39165
2025-12-05,211000.0,213000.0,211000.0,213000.0,211400.0,218325.0,228166.66666666666,236987.5,27376
2025-12-08,213500.0,214000.0,210000.0,211500.0,211600.0,217400.0,227816.66666666666,236700.0,54007
2025-12-09,211500.0,212000.0,209000.0,209500.0,211700.0,216425.0,227433.33333333334,236450.0,71267
2025-12-10,210500.0,210500.0,206000.0,207000.0,210400.0,215150.0,227000.0,236170.83333333334,79026
2025-12-11,208500.0,208500.0,205000.0,205500.0,209300.0,213975.0,226516.66666666666,235875.0,67597
2025-12-12,206000.0,209000.0,206000.0,209000.0,208500.0,213100.0,226041.66666666666,235629.16666666666,38458
2025-12-15,208500.0,211500.0,208000.0,208500.0,207900.0,212200.0,225483.33333333334,235383.33333333334,47298
2025-12-16,210000.0,210000.0,207500.0,208500.0,207700.0,211550.0,224925.0,235095.83333333334,36678
2025-12-17,210000.0,210000.0,207500.0,209000.0,208100.0,211000.0,224391.66666666666,234854.16666666666,31857
2025-12-18,208000.0,209500.0,206500.0,209000.0,208800.0,210450.0,223916.66666666666,234479.16666666666,36449
2025-12-19,210000.0,210500.0,208000.0,210000.0,209000.0,210050.0,223450.0,234104.16666666666,47618
2025-12-22,210500.0,211500.0,209500.0,211500.0,209600.0,209900.0,223041.66666666666,233737.5,45427
2025-12-23,211500.0,213500.0,210000.0,211000.0,210100.0,209975.0,222641.66666666666,233416.66666666666,36605
2025-12-24,210500.0,212000.0,209500.0,211000.0,210500.0,209925.0,222275.0,233100.0,28291
2025-12-26,211000.0,213500.0,210000.0,210500.0,210800.0,209900.0,221883.33333333334,232733.33333333334,47393
2025-12-29,209500.0,210500.0,208000.0,209500.0,210700.0,209900.0,221533.33333333334,232258.33333333334,40046
2025-12-30,209500.0,210000.0,207500.0,208000.0,210000.0,209775.0,221116.66666666666,231745.83333333334,40062
2026-01-02,208500.0,208500.0,205500.0,207000.0,209200.0,209675.0,220725.0,231291.66666666666,55105
2026-01-05,207500.0,208000.0,206000.0,206500.0,208300.0,209325.0,220258.33333333334,230841.66666666666,49524
2026-01-06,206500.0,207500.0,205000.0,205500.0,207300.0,209050.0,219775.0,230400.0,59350
2026-01-07,205000.0,205500.0,200500.0,203000.0,206000.0,208550.0,219258.33333333334,229975.0,118124
2026-01-08,201500.0,204000.0,200000.0,203500.0,205100.0,208150.0,218758.33333333334,229520.83333333334,87553
2026-01-09,204500.0,208500.0,203500.0,207500.0,205200.0,208050.0,218358.33333333334,229091.66666666666,80331
2026-01-12,209000.0,210500.0,205500.0,210000.0,205900.0,208200.0,217975.0,228675.0,57126
2026-01-13,210000.0,213000.0,209000.0,212000.0,207200.0,208525.0,217666.66666666666,228295.83333333334,74793
2026-01-14,212500.0,214000.0,209500.0,213500.0,209300.0,208750.0,217391.66666666666,227970.83333333334,68269
2026-01-15,213000.0,213500.0,210000.0,211500.0,210900.0,208900.0,217066.66666666666,227612.5,66496
2026-01-16,211000.0,212500.0,208500.0,208500.0,211100.0,208900.0,216700.0,227229.16666666666,55083
2026-01-19,208500.0,209000.0,206500.0,207500.0,210600.0,208825.0,216258.33333333334,226850.0,51904
2026-01-20,207500.0,214000.0,207000.0,213000.0,210800.0,209025.0,215925.0,226525.0,77342
2026-01-21,211500.0,213000.0,208500.0,213000.0,210700.0,209175.0,215600.0,226195.83333333334,69106
2026-01-22,213000.0,215500.0,211000.0,215500.0,211500.0,209375.0,215308.33333333334,225920.83333333334,82061
2026-01-23,215000.0,215500.0,213000.0,215500.0,212900.0,209600.0,214950.0,225641.66666666666,48974
2026-01-26,215000.0,217000.0,212500.0,213000.0,214000.0,209700.0,214608.33333333334,225354.16666666666,48124
2026-01-27,213500.0,215500.0,212500.0,214500.0,214300.0,209900.0,214341.66666666666,225062.5,52935
2026-01-28,214500.0,215000.0,211500.0,213000.0,214300.0,210075.0,214066.66666666666,224741.66666666666,60203
2026-01-29,211500.0,215500.0,208000.0,215500.0,214300.0,210450.0,213875.0,224441.66666666666,85627
2026-01-30,214500.0,216500.0,211500.0,213500.0,213900.0,210775.0,213591.66666666666,224150.0,71971
2026-02-02,214000.0,214500.0,208000.0,210500.0,213400.0,210975.0,213350.0,223862.5,82219
2026-02-03,210500.0,212500.0,208500.0,212000.0,212900.0,211300.0,213100.0,223583.33333333334,78292
2026-02-04,210500.0,220500.0,210500.0,219500.0,214200.0,212125.0,213000.0,223333.33333333334,111074
2026-02-05,218500.0,222000.0,217000.0,221000.0,215300.0,213000.0,212850.0,223083.33333333334,100380
2026-02-06,220000.0,220000.0,214000.0,218500.0,216300.0,213550.0,212675.0,222804.16666666666,74484
2026-02-09,220500.0,222500.0,218000.0,219000.0,218000.0,214000.0,212450.0,222545.83333333334,80952
2026-02-10,219500.0,230000.0,218500.0,228500.0,221300.0,214825.0,212441.66666666666,222358.33333333334,183306
2026-02-11,230500.0,235000.0,227500.0,228500.0,223100.0,215575.0,212475.0,222320.83333333334,147121
2026-02-12,231500.0,231500.0,227500.0,230500.0,225000.0,216525.0,212541.66666666666,222275.0,100560
2026-02-13,229000.0,229000.0,222000.0,222500.0,225800.0,217225.0,212558.33333333334,222200.0,78003
2026-02-19,223000.0,223500.0,221000.0,222500.0,226500.0,217975.0,212600.0,222133.33333333334,53575
2026-02-20,221500.0,223500.0,220500.0,221000.0,225000.0,218375.0,212616.66666666666,222050.0,63780
2026-02-23,222000.0,223000.0,220000.0,222000.0,223700.0,218825.0,212683.33333333334,221995.83333333334,84370
2026-02-24,221000.0,221500.0,218000.0,219500.0,221500.0,219025.0,212766.66666666666,221908.33333333334,53765
2026-02-25,221000.0,221500.0,218500.0,219500.0,220900.0,219225.0,212933.33333333334,221820.83333333334,58274
2026-02-26,219500.0,220000.0,215500.0,216000.0,219600.0,219375.0,213000.0,221712.5,98353
2026-02-27,216000.0,216500.0,213500.0,214000.0,218200.0,219350.0,213050.0,221575.0,66398
2026-03-03,212500.0,213000.0,207500.0,207500.0,215300.0,219075.0,213016.66666666666,221379.16666666666,96886
2026-03-04,201500.0,202500.0,189800.0,190300.0,209460.0,217815.0,212680.0,221056.66666666666,174778
2026-03-05,199100.0,199600.0,195200.0,197100.0,204980.0,216995.0,212481.66666666666,220790.83333333334,82706
2026-03-06,192600.0,196500.0,192600.0,195900.0,200960.0,216265.0,212188.33333333334,220494.16666666666,60598
2026-03-09,189600.0,190000.0,186100.0,190000.0,196160.0,215165.0,211838.33333333334,220160.83333333334,72188
2026-03-10,194000.0,194800.0,191800.0,194800.0,193620.0,213930.0,211535.0,219850.83333333334,51215
2026-03-11,194800.0,204000.0,194600.0,199100.0,195380.0,212835.0,211328.33333333334,219572.5,62439
2026-03-12,199100.0,201500.0,197400.0,201500.0,196260.0,211985.0,211195.0,219314.16666666666,48437
2026-03-13,197400.0,200500.0,196400.0,199800.0,197040.0,211025.0,211075.0,219037.5,44971
2026-03-16,198300.0,201500.0,197300.0,199300.0,198900.0,209565.0,210971.66666666666,218744.16666666666,51183
2026-03-17,200000.0,204500.0,199800.0,203000.0,200540.0,208290.0,210871.66666666666,218456.66666666666,34070
2026-03-18,204500.0,205500.0,202000.0,203500.0,201420.0,206940.0,210788.33333333334,218135.83333333334,44570
2026-03-19,199900.0,201500.0,199000.0,200000.0,201120.0,205815.0,210646.66666666666,217785.83333333334,27937
2026-03-20,200500.0,212000.0,200000.0,212000.0,203560.0,205290.0,210696.66666666666,217544.16666666666,127989
2026-03-23,206000.0,211500.0,204500.0,207000.0,205100.0,204590.0,210663.33333333334,217290.0,66936
2026-03-24,212000.0,217500.0,209000.0,217500.0,208000.0,204365.0,210788.33333333334,217119.16666666666,124499
2026-03-25,218000.0,223500.0,217500.0,219000.0,211100.0,204340.0,210913.33333333334,216977.5,52124
2026-03-26,219000.0,220000.0,215000.0,216500.0,214400.0,204190.0,211005.0,216823.33333333334,30233
2026-03-27,213000.0,218000.0,211000.0,214500.0,214900.0,204115.0,211063.33333333334,216669.16666666666,38090
2026-03-30,208000.0,220500.0,207500.0,217500.0,217000.0,204290.0,211180.0,216531.66666666666,61080
2026-03-31,215500.0,221000.0,214000.0,216500.0,216800.0,204740.0,211296.66666666666,216415.0,79907
2026-04-01,219000.0,220500.0,211000.0,219500.0,216900.0,206200.0,211488.33333333334,216302.5,85602
2026-04-02,220000.0,225000.0,218000.0,220000.0,217600.0,207345.0,211705.0,216215.0,158206
2026-04-03,222000.0,231500.0,221500.0,226000.0,219900.0,208850.0,212030.0,216144.16666666666,133853
2026-04-06,228000.0,233500.0,224500.0,233000.0,223000.0,211000.0,212488.33333333334,216131.66666666666,129176
2026-04-07,232000.0,240500.0,231000.0,239000.0,227500.0,213210.0,213088.33333333334,216173.33333333334,207980
2026-04-08,237000.0,239500.0,228500.0,229000.0,229400.0,214705.0,213513.33333333334,216135.83333333334,130158
2026-04-09,230500.0,236000.0,229000.0,232500.0,231900.0,216255.0,213930.0,216144.16666666666,99537
2026-04-10,233000.0,239000.0,232500.0,238500.0,234400.0,218190.0,214405.0,216190.0,68193
2026-04-13,235500.0,241500.0,235000.0,240500.0,235900.0,220250.0,214880.0,216273.33333333334,88662
2026-04-14,240500.0,240500.0,233500.0,234500.0,235000.0,221825.0,215230.0,216310.83333333334,92976
2026-04-15,235000.0,235000.0,230000.0,233500.0,235900.0,223325.0,215596.66666666666,216331.66666666666,73821
2026-04-16,234500.0,238500.0,234000.0,237500.0,236900.0,225200.0,216080.0,216390.0,51025
2026-04-17,237000.0,238500.0,235000.0,237000.0,236600.0,226450.0,216571.66666666666,216415.0,41813
2026-04-20,237500.0,239000.0,235500.0,236500.0,235800.0,227925.0,216963.33333333334,216444.16666666666,28007
2026-04-21,236500.0,239000.0,236500.0,237500.0,236400.0,228925.0,217371.66666666666,216485.83333333334,49498
2026-04-22,237500.0,237500.0,233000.0,234000.0,236500.0,229675.0,217680.0,216494.16666666666,44386
2026-04-23,235500.0,237500.0,231500.0,237500.0,236500.0,230725.0,218046.66666666666,216498.33333333334,58837
2026-04-24,235000.0,237000.0,233000.0,236000.0,236300.0,231800.0,218430.0,216519.16666666666,44324
2026-04-27,236000.0,236000.0,232500.0,234000.0,235800.0,232625.0,218755.0,216548.33333333334,46228
2026-04-28,232500.0,238500.0,232000.0,233000.0,234900.0,233450.0,219088.33333333334,216577.5,51049
2026-04-29,235500.0,245000.0,232500.0,243500.0,236800.0,234650.0,219555.0,216715.0,126722
2026-04-30,243500.0,252000.0,242000.0,246500.0,238600.0,235975.0,220105.0,216848.33333333334,98535
2026-05-04,249000.0,250000.0,238500.0,241000.0,239600.0,236725.0,220613.33333333334,216981.66666666666,66616
2026-05-06,240000.0,240500.0,230000.0,230000.0,238800.0,236575.0,220913.33333333334,217006.66666666666,76390
2026-05-07,234000.0,234000.0,228000.0,231500.0,238500.0,236200.0,221113.33333333334,217056.66666666666,55377
2026-05-08,230000.0,231500.0,225000.0,229000.0,235600.0,236200.0,221246.66666666666,217048.33333333334,47412
2026-05-11,226000.0,230500.0,224000.0,225500.0,231400.0,235850.0,221363.33333333334,217019.16666666666,55655
2026-05-12,226000.0,226500.0,209500.0,212500.0,225700.0,234550.0,221255.0,216852.5,127251
2026-05-13,214500.0,220000.0,207500.0,208500.0,221400.0,232950.0,220921.66666666666,216681.66666666666,76579
2026-05-14,209000.0,233000.0,209000.0,230500.0,221200.0,232750.0,220955.0,216715.0,138632
2026-05-15,229500.0,237000.0,226000.0,228500.0,221100.0,232500.0,220921.66666666666,216731.66666666666,101658
2026-05-18,231500.0,234500.0,220000.0,221500.0,220300.0,231700.0,220905.0,216731.66666666666,51363
2026-05-19,222500.0,223000.0,211000.0,216000.0,221000.0,230650.0,220796.66666666666,216698.33333333334,61487
2026-05-20,219000.0,219000.0,211000.0,214000.0,222100.0,229525.0,220680.0,216648.33333333334,44963
2026-05-21,216000.0,216500.0,211500.0,212500.0,218500.0,228275.0,220521.66666666666,216602.5,73241
2026-05-22,212500.0,216000.0,212500.0,215000.0,215800.0,227325.0,220446.66666666666,216606.66666666666,37162
2026-05-26,217500.0,219500.0,209500.0,211000.0,213700.0,226000.0,220305.0,216619.16666666666,67489
2026-05-27,211000.0,211000.0,204500.0,206500.0,211800.0,224525.0,220146.66666666666,216573.33333333334,60762
2026-05-28,207000.0,207500.0,200000.0,204000.0,209800.0,223025.0,219980.0,216515.0,60473
2026-05-29,206500.0,207000.0,199300.0,202000.0,207700.0,221475.0,219888.33333333334,216452.5,92849
2026-06-01,201500.0,204500.0,200000.0,203500.0,205400.0,219475.0,220108.33333333334,216394.16666666666,81540
2026-06-02,202500.0,203000.0,198700.0,201000.0,203400.0,217200.0,220173.33333333334,216327.5,114217
2026-06-04,200500.0,202000.0,197400.0,201000.0,202300.0,215200.0,220258.33333333334,216223.33333333334,64724
2026-06-05,201500.0,202500.0,197600.0,200000.0,201500.0,213700.0,220425.0,216131.66666666666,58206
2026-06-08,194400.0,198400.0,192100.0,196000.0,200300.0,211925.0,220445.0,215990.0,69513
2026-06-09,196200.0,199500.0,194700.0,195400.0,198680.0,210245.0,220383.33333333334,215855.83333333334,67595
2026-06-10,196300.0,196700.0,189500.0,194600.0,197400.0,208700.0,220268.33333333334,215731.66666666666,32
2026-06-11,191400.0,195600.0,190800.0,194700.0,196140.0,207810.0,220183.33333333334,215629.16666666666,72721
2026-06-12,198000.0,202500.0,196800.0,198700.0,195880.0,207320.0,220173.33333333334,215572.5,60275
2026-06-15,202500.0,207000.0,199700.0,202000.0,197080.0,205895.0,220156.66666666666,215514.16666666666,68230
2026-06-16,203000.0,203500.0,199200.0,200500.0,198100.0,204495.0,220106.66666666666,215447.5,57021
2026-06-17,200000.0,200500.0,197000.0,197300.0,198640.0,203285.0,220061.66666666666,215354.16666666666,69193
2026-06-18,197300.0,197300.0,191500.0,192900.0,198280.0,202130.0,219743.33333333334,215220.0,77673
2026-06-19,192800.0,193300.0,187700.0,193300.0,197200.0,201095.0,219515.0,215089.16666666666,128495
2026-06-22,192300.0,192300.0,187800.0,187800.0,194360.0,199860.0,219020.0,214904.16666666666,55576
2026-06-23,188000.0,196000.0,185800.0,185800.0,191420.0,198400.0,218466.66666666666,214690.0,84214
2026-06-24,187200.0,190800.0,182500.0,190000.0,189960.0,197350.0,218025.0,214515.0,65625
2026-06-25,190200.0,191500.0,179600.0,179600.0,187300.0,196005.0,217443.33333333334,214253.33333333334,121722
2026-06-26,181500.0,181500.0,172600.0,177500.0,184140.0,194680.0,216776.66666666666,213978.33333333334,58026
2026-06-29,179000.0,191900.0,177500.0,191400.0,184860.0,194150.0,216358.33333333334,213827.5,73563
2026-06-30,189800.0,190600.0,185100.0,185100.0,184720.0,193230.0,215785.0,213636.66666666666,68193
2026-07-01,188100.0,190500.0,185400.0,187800.0,184280.0,192570.0,215248.33333333334,213476.66666666666,50186
2026-07-02,188900.0,202000.0,186100.0,196300.0,187620.0,192335.0,214753.33333333334,213391.66666666666,114355
2026-07-03,196300.0,197000.0,192400.0,194400.0,191000.0,192055.0,214110.0,213299.16666666666,43455
2026-07-06,196300.0,202500.0,192700.0,199100.0,192540.0,192210.0,213445.0,213266.66666666666,59735
2026-07-07,198100.0,204000.0,197300.0,200500.0,195620.0,192465.0,212970.0,213241.66666666666,56300
2026-07-08,201500.0,202000.0,195500.0,198200.0,197700.0,192645.0,212398.33333333334,213164.16666666666,46506
2026-07-09,198100.0,198400.0,189400.0,191200.0,196680.0,192470.0,211610.0,213007.5,59694
2026-07-10,194200.0,197600.0,190000.0,191000.0,196000.0,192085.0,210785.0,212832.5,40222
2026-07-13,192700.0,198900.0,190800.0,191900.0,194560.0,191580.0,210075.0,212652.5,45165
2026-07-14,193600.0,193600.0,185800.0,186000.0,191660.0,190855.0,209283.33333333334,212440.0,60245
2026-07-15,188100.0,190800.0,181500.0,182600.0,188540.0,190120.0,208368.33333333334,212224.16666666666,62912
2026-07-16,183000.0,187000.0,182600.0,184800.0,187260.0,189715.0,207498.33333333334,212035.0,28325
