날짜,시가,고가,저가,종가,MA5,MA20,MA60,MA120,거래량
2017-05-10,61552.94921875,68492.7421875,54512.578125,56322.9609375,,,,,2700620
2017-05-11,56322.9609375,58736.80078125,55417.76953125,55820.078125,,,,,823600
2017-05-12,56524.11328125,57026.99609375,53808.54296875,53808.54296875,,,,,575665
2017-05-15,53205.08203125,53205.08203125,50590.0859375,50791.2421875,,,,,585105
2017-05-16,50087.203125,51092.97265625,47874.515625,49282.58984375,53205.0828125,,,,952347
2017-05-17,50992.39453125,55920.65234375,50992.39453125,54311.42578125,52802.77578125,,,,1102491
2017-05-18,54311.42578125,58334.49609375,53707.96484375,57228.1484375,53084.38984375,,,,788020
2017-05-19,56624.69140625,58133.33984375,56121.8046875,58032.765625,53929.234375,,,,320272
2017-05-22,57328.7265625,59038.53125,56825.84375,58032.765625,55377.5390625,,,,233110
2017-05-23,58435.0703125,59641.9921875,57328.7265625,58435.0703125,57208.03515625,,,,348579
2017-05-24,58837.37890625,59641.9921875,57932.1875,59541.4140625,58254.0328125,,,,200543
2017-05-25,60346.02734375,64670.828125,60245.453125,63866.21484375,59581.64609375,,,,620088
2017-05-26,62961.0234375,64469.671875,62759.87109375,63162.17578125,60607.528125,,,,183611
2017-05-29,63162.17578125,63564.484375,61754.1015625,62357.5625,61472.4875,,,,169149
2017-05-30,61955.2578125,62156.41015625,59340.26171875,60346.02734375,61854.67890625,,,,303236
2017-05-31,59742.56640625,60547.18359375,58435.0703125,58937.953125,61733.98671875,,,,264738
2017-06-01,58937.953125,63463.90625,58736.80078125,62659.29296875,61492.60234375,,,,222412
2017-06-02,63061.6015625,63061.6015625,61150.640625,61754.1015625,61210.9875,,,,152689
2017-06-05,61754.1015625,62961.0234375,60647.7578125,62055.83203125,61150.64140625,,,,100485
2017-06-07,61754.1015625,63765.63671875,61552.94921875,63463.90625,61774.2171875,58510.503515625,,,172654
2017-06-08,63463.90625,67386.3984375,62759.87109375,67185.2421875,63423.675,59053.617578125,,,332169
2017-06-09,66682.359375,68593.3203125,65173.7109375,66883.515625,64268.51953125,59606.789453125,,,247855
2017-06-12,66984.09375,66984.09375,64268.51953125,65274.2890625,64972.55703125,60180.0767578125,,,198370
2017-06-13,63665.05859375,65576.015625,63162.17578125,64067.3671875,65374.8640625,60843.8830078125,,,422741
2017-06-14,64067.3671875,65978.328125,63966.7890625,65073.1328125,65696.709375,61633.41015625,,,202462
2017-06-15,65073.1328125,65073.1328125,63363.328125,64167.9453125,65093.25,62126.2361328125,,,145898
2017-06-16,63966.7890625,64067.3671875,62357.5625,62759.87109375,64268.52109375,62402.822265625,,,204634
2017-06-19,62860.4453125,63966.7890625,62055.83203125,63866.21484375,63986.90625,62694.4947265625,,,132923
2017-06-20,63463.90625,63665.05859375,61854.6796875,62759.87109375,63725.40703125,62930.85,,,153564
2017-06-21,62961.0234375,62961.0234375,61150.640625,61854.6796875,63081.71640625,63101.83046875,,,128255
2017-06-22,61351.796875,62458.140625,59943.72265625,61955.2578125,62639.17890625,63222.52265625,,,214249
2017-06-23,61955.2578125,62860.4453125,61452.37109375,62860.4453125,62659.29375,63172.2341796875,,,110204
2017-06-26,62860.4453125,63061.6015625,61552.94921875,62357.5625,62357.56328125,63132.003515625,,,111397
2017-06-27,61854.6796875,63061.6015625,61653.52734375,61754.1015625,62156.409375,63101.83046875,,,103368
2017-06-28,61351.796875,62357.5625,61351.796875,61955.2578125,62176.525,63182.2919921875,,,115135
2017-06-29,61955.2578125,62558.71484375,61754.1015625,62156.41015625,62216.75546875,63343.21484375,,,115145
2017-06-30,61854.6796875,62759.87109375,61854.6796875,62659.29296875,62176.525,63343.21484375,,,110144
2017-07-03,62659.29296875,63966.7890625,62156.41015625,62961.0234375,62297.2171875,63403.5609375,,,93520
2017-07-04,62759.87109375,63564.484375,62659.29296875,63162.17578125,62578.83203125,63458.878125,,,68425
2017-07-05,62759.87109375,63564.484375,62659.29296875,63162.17578125,62820.215625,63443.7916015625,,,49733
2017-07-06,62759.87109375,63665.05859375,62659.29296875,63564.484375,63101.83046875,63262.7537109375,,,71099
2017-07-07,63665.05859375,64067.3671875,62961.0234375,63162.17578125,63202.40703125,63076.68671875,,,103761
2017-07-10,63866.21484375,63866.21484375,61251.21875,61854.6796875,62981.13828125,62905.70625,,,109056
2017-07-11,61854.6796875,61955.2578125,60346.02734375,60647.7578125,62478.2546875,62734.72578125,,,108325
2017-07-12,60748.3359375,61351.796875,58736.80078125,59641.9921875,61774.21796875,62463.16875,,,96752
2017-07-13,59742.56640625,60647.7578125,59742.56640625,60245.453125,61110.41171875,62267.044140625,,,83244
2017-07-14,59641.9921875,61351.796875,59139.109375,61251.21875,60728.2203125,62191.6115234375,,,47491
2017-07-17,61552.94921875,61955.2578125,60848.91015625,61754.1015625,60708.1046875,62086.005859375,,,78815
2017-07-18,61854.6796875,61854.6796875,60748.3359375,61552.94921875,60889.14296875,62025.659765625,,,52606
2017-07-19,61452.37109375,62156.41015625,61050.06640625,62156.41015625,61392.0265625,62040.7462890625,,,68763
2017-07-20,62458.140625,64570.25,61955.2578125,64369.09765625,62216.75546875,62161.43828125,,,338890
2017-07-21,64369.09765625,65777.171875,63765.63671875,65475.44140625,63061.6,62292.1880859375,,,219146
2017-07-24,64871.98046875,64972.55859375,62961.0234375,63162.17578125,63343.21484375,62332.41875,,,113843
2017-07-25,63162.17578125,64469.671875,63162.17578125,63564.484375,63745.521875,62422.937890625,,,123885
2017-07-26,64369.09765625,65978.328125,63966.7890625,65475.44140625,64409.328125,62598.9470703125,,,240940
2017-07-27,65475.44140625,66481.2109375,64369.09765625,66179.4765625,64771.40390625,62800.100390625,,,203019
2017-07-28,66280.0546875,66682.359375,64167.9453125,65576.015625,64791.51875,62945.9365234375,,,110343
2017-07-31,65475.44140625,66280.0546875,63866.21484375,65173.7109375,65193.82578125,63056.5708984375,,,120440
2017-08-01,64972.55859375,68995.625,62759.87109375,66682.359375,65817.40078125,63232.580078125,,,382832
2017-08-02,66782.9375,69297.359375,66682.359375,67587.5546875,66239.8234375,63453.8490234375,61802.71471354167,,222099
2017-08-03,68392.1640625,70504.2734375,67285.8203125,70101.96875,67024.321875,63780.7232421875,62032.36484375,,223436
2017-08-04,69498.5078125,70806.0078125,68995.625,70604.8515625,68030.0890625,64152.85703125,62278.777734375,,97443
2017-08-07,70504.2734375,70504.2734375,66280.0546875,66280.0546875,68251.3578125,64374.12578125,62486.63626302083,,111203
2017-08-08,66782.9375,67587.5546875,65877.75,66380.6328125,68191.0125,64660.76953125,62746.45944010417,,69832
2017-08-09,66179.4765625,66380.6328125,64871.98046875,65877.75,67849.0515625,64972.557421875,63023.04544270833,,60689
2017-08-10,65877.75,65978.328125,61754.1015625,64167.9453125,66662.246875,65168.68203125,63187.32076822917,,143343
2017-08-11,63765.63671875,64167.9453125,62357.5625,63564.484375,65254.1734375,65284.3453125,63292.9263671875,,34824
2017-08-14,63162.17578125,64369.09765625,60748.3359375,61050.06640625,64208.17578125,65249.1435546875,63343.21471354167,,83001
2017-08-16,61351.796875,61955.2578125,59440.83984375,60245.453125,62981.13984375,65183.76875,63380.09283854167,,120062
2017-08-17,60446.60546875,61251.21875,59641.9921875,60949.48828125,61995.4875,65123.42265625,63421.9998046875,,92466
2017-08-18,60547.18359375,61050.06640625,59742.56640625,60848.91015625,61331.68046875,64947.41328125,63443.79140625,,1547197
2017-08-21,60245.453125,62759.87109375,60245.453125,61251.21875,60869.02734375,64736.2021484375,63400.20813802083,,75847
2017-08-22,61854.6796875,61955.2578125,61050.06640625,61754.1015625,61009.834375,64665.7984375,63376.740234375,,47709
2017-08-23,62256.984375,62256.984375,60144.875,60245.453125,61009.834375,64499.846875,63341.538411458336,,81306
2017-08-24,60748.3359375,60748.3359375,59541.4140625,60044.296875,60828.79609375,64228.2896484375,63336.5095703125,,56906
2017-08-25,60346.02734375,60346.02734375,59742.56640625,59742.56640625,60607.52734375,63906.444140625,63349.91979166667,,48897
2017-08-28,59541.4140625,60044.296875,59239.68359375,59340.26171875,60225.3359375,63594.6564453125,63294.60260416667,,41903
2017-08-29,58937.953125,59340.26171875,57328.7265625,58032.765625,59481.06875,63237.6091796875,63232.580338541666,,86605
2017-08-30,57831.609375,57932.1875,54914.88671875,55317.19140625,58495.41640625,62669.35078125,63120.26966145833,,397631
2017-08-31,55618.921875,55719.5,54311.42578125,54613.15625,57409.18828125,62020.630859375,62972.757161458336,,175985
2017-09-01,54914.88671875,55216.6171875,52299.890625,52903.3515625,56041.3453125,61160.7,62734.72565104167,,433763
2017-09-04,51193.546875,55719.5,51092.97265625,55518.34765625,55276.9625,60406.3748046875,62545.30618489583,,273547
2017-09-05,55618.921875,55618.921875,50288.35546875,50590.0859375,53788.4265625,59621.8763671875,62300.56946614583,,626780
2017-09-06,50590.0859375,51394.69921875,50087.203125,50489.51171875,52822.890625,58827.3203125,62074.271875,,112093
2017-09-07,50590.0859375,50791.2421875,48980.859375,49081.4375,51716.546875,57987.5046875,61807.74361979167,,176059
2017-09-08,49182.01171875,49483.7421875,45862.98046875,46567.01953125,50449.28046875,57107.4583984375,61514.394856770836,,391656
2017-09-11,46868.75,47773.9375,45561.25,47069.90234375,48759.59140625,56282.729296875,61252.89537760417,,194677
2017-09-12,47069.90234375,47673.36328125,46466.44140625,47170.48046875,48075.6703125,55588.75,60974.633138020836,,104934
2017-09-13,46969.32421875,47673.36328125,46265.2890625,46567.01953125,47291.171875,54904.8283203125,60704.752278645836,,66063
2017-09-14,46768.171875,48578.5546875,46667.59375,48075.66796875,47090.01796875,54261.1373046875,60475.10208333333,,94256
2017-09-15,47773.9375,49584.3203125,47271.0546875,49584.3203125,47693.478125,53697.9078125,60268.91979166667,,144486
2017-09-18,49785.47265625,49785.47265625,48679.12890625,49282.58984375,48136.015625,53099.4763671875,60042.62220052083,,65397
2017-09-19,49182.01171875,51193.546875,48880.28125,51193.546875,48940.62890625,52571.4486328125,59856.5552734375,,133972
2017-09-20,51193.546875,51495.27734375,48779.70703125,51394.69921875,49906.16484375,52128.9109375,59683.89856770833,,126739
2017-09-21,51394.69921875,51394.69921875,50187.78125,50992.39453125,50489.51015625,51676.3158203125,59501.1841796875,,60327
2017-09-25,52400.46875,52501.04296875,50187.78125,50288.35546875,50630.3171875,51203.6052734375,59303.38326822917,,106306
2017-09-26,50288.35546875,50288.35546875,50288.35546875,50288.35546875,50831.4703125,50751.0099609375,59097.2009765625,,0
2017-09-27,51824.43359375,52573.9609375,49897.078125,50218.3046875,50636.421875,50360.2869140625,58884.82233072917,,103189
2017-09-28,50432.45703125,50432.45703125,47434.34765625,48719.25,50101.33203125,50030.38984375,58644.10690104167,,112971
2017-09-29,48719.25,49897.078125,48719.25,49254.62890625,49753.77890625,49762.4634765625,58412.314453125,,52575
2017-10-10,50218.3046875,51396.1328125,49575.8515625,51289.05859375,49953.91953125,49681.748828125,58207.7240234375,,66878
2017-10-11,51289.05859375,51610.28515625,49897.078125,51074.90625,50111.2296875,49459.5767578125,58006.26953125,,74242
2017-10-12,51074.90625,52145.66015625,50539.53125,51824.43359375,50432.45546875,49521.294140625,57839.09876302083,,33154
2017-10-13,52145.66015625,52145.66015625,51289.05859375,51931.5078125,51074.90703125,49593.3939453125,57693.8279296875,,30721
2017-10-16,52145.66015625,54715.46484375,51503.20703125,53644.71484375,51952.92421875,49821.5578125,57593.873307291666,,74330
2017-10-17,53002.26171875,54501.31640625,52788.11328125,54180.08984375,52531.13046875,50202.211328125,57492.783919270834,,54755
2017-10-18,54394.2421875,54394.2421875,52252.734375,52252.734375,52766.69609375,50461.3529296875,57342.8091796875,,52435
2017-10-19,52252.734375,52788.11328125,51503.20703125,52466.88671875,52895.18671875,50726.1732421875,57188.022265625,,43805
2017-10-20,52681.03515625,52681.03515625,51396.1328125,52252.734375,52959.43203125,51010.458984375,57033.01868489583,,18309
2017-10-23,52252.734375,52573.9609375,50967.83203125,52359.8125,52702.4515625,51224.6662109375,56869.74205729167,,45888
2017-10-24,51503.20703125,51610.28515625,49575.8515625,49682.9296875,51803.01953125,51229.5966796875,56624.97259114583,,131514
2017-10-25,49897.078125,50325.37890625,49361.703125,50004.15625,51353.30390625,51265.675,56367.117838541664,,66850
2017-10-26,50004.15625,50004.15625,48933.40234375,49575.8515625,50775.096875,51184.790234375,56140.6791015625,,60803
2017-10-27,49254.62890625,50325.37890625,49254.62890625,50325.37890625,50389.62578125,51131.32421875,55920.02734375,,46028
2017-10-30,50325.37890625,50432.45703125,49682.9296875,49790.00390625,49875.6640625,51071.2046875,55658.60338541667,,41708
2017-10-31,50004.15625,50860.7578125,49575.8515625,50539.53125,50046.984375,51083.7634765625,55397.93763020833,,67653
2017-11-01,50753.6796875,51181.984375,49897.078125,50646.60546875,50175.47421875,51101.6759765625,55149.11412760417,,67214
2017-11-02,50860.7578125,51396.1328125,50860.7578125,51396.1328125,50539.53046875,51160.5673828125,54919.48782552083,,74676
2017-11-03,51289.05859375,51289.05859375,50111.23046875,50325.37890625,50539.53046875,51240.873828125,54646.871484375,,59803
2017-11-06,50432.45703125,50539.53125,49147.55078125,50539.53125,50689.4359375,51305.1189453125,54362.73776041667,58082.726236979164,59514
2017-11-07,50004.15625,50004.15625,48719.25,49040.4765625,50389.625,51192.68984375,54011.712890625,58022.0388671875,434974
2017-11-08,48612.17578125,48612.17578125,48183.875,48398.0234375,49939.90859375,51058.845703125,53641.59908854167,57960.18841145833,49936
2017-11-09,48505.1015625,49147.55078125,47648.5,47648.5,49190.38203125,50850.0490234375,53331.07317708333,57908.854720052084,59266
2017-11-10,47755.57421875,47862.6484375,47327.2734375,47648.5,48655.00625,50635.8986328125,53018.87096354167,57882.665201822914,40504
2017-11-13,47755.57421875,47755.57421875,46577.74609375,47648.5,48076.8,50336.087890625,52715.050130208336,57869.04778645833,62488
2017-11-14,47755.57421875,48398.0234375,47220.19921875,48183.875,47905.4796875,50036.2771484375,52448.64895833333,57817.98486328125,75741
2017-11-15,48398.0234375,48612.17578125,47862.6484375,48290.94921875,47884.06484375,49838.187890625,52194.0900390625,57743.508203125,34896
2017-11-16,48290.94921875,49147.55078125,47755.57421875,49147.55078125,48183.875,49672.22109375,51995.71477864583,57669.46474609375,59892
2017-11-17,50325.37890625,50753.6796875,49040.4765625,50325.37890625,48719.25078125,49575.8533203125,51830.380208333336,57605.2365234375,64860
2017-11-20,50539.53125,50967.83203125,48826.328125,49254.62890625,49040.4765625,49420.594140625,51635.46588541667,57528.73284505208,47156
2017-11-21,49468.77734375,50111.23046875,48826.328125,49254.62890625,49254.62734375,49399.1791015625,51442.227864583336,57443.00963541667,22047
2017-11-22,48826.328125,49682.9296875,47969.72265625,49040.4765625,49404.5328125,49350.9951171875,51238.715494791664,57319.46181640625,35647
2017-11-23,49040.4765625,50539.53125,48398.0234375,50539.53125,49682.92890625,49399.1791015625,51051.805989583336,57214.273111979164,36152
2017-11-24,49254.62890625,50111.23046875,49040.4765625,49468.77734375,49511.60859375,49356.3490234375,50872.1947265625,57106.86656901042,61898
2017-11-27,49468.77734375,50111.23046875,48826.328125,50111.23046875,49682.92890625,49372.4103515625,50706.64361979167,57021.57659505208,30494
2017-11-28,49468.77734375,49897.078125,48826.328125,49254.62890625,49682.92890625,49308.165234375,50531.84466145833,56940.8822265625,42897
2017-11-29,48826.328125,49682.9296875,48826.328125,49468.77734375,49768.5890625,49249.273828125,50367.319921875,56830.961263020836,34919
2017-11-30,49254.62890625,50753.6796875,48826.328125,50539.53125,49768.5890625,49206.44375,50242.43268229167,56737.506510416664,57907
2017-12-01,51396.1328125,53109.3359375,50753.6796875,52252.734375,50325.38046875,49302.8115234375,50191.3583984375,56655.81402994792,123613
2017-12-04,52681.03515625,52681.03515625,51181.984375,52038.5859375,50710.8515625,49377.7642578125,50148.448893229164,56560.60302734375,36189
2017-12-05,52038.5859375,52252.734375,50967.83203125,51824.43359375,51224.8125,49516.962109375,50130.46692708333,56432.5962890625,53273
2017-12-06,52038.5859375,52252.734375,50753.6796875,51824.43359375,51695.94375,49688.2826171875,50068.901692708336,56307.10393880208,50319
2017-12-07,50967.83203125,51396.1328125,49682.9296875,50325.37890625,51653.11328125,49822.1265625,50064.489908854164,56182.5296875,55194
2017-12-08,49468.77734375,50753.6796875,49468.77734375,49897.078125,51181.98203125,49934.55546875,50054.616015625,56064.4439453125,37104
2017-12-11,49254.62890625,49468.77734375,46898.97265625,48183.875,50411.03984375,49961.32421875,50039.656640625,55923.70013020833,153576
2017-12-12,48612.17578125,49040.4765625,47541.421875,48183.875,49682.928125,49961.32421875,50066.604231770834,55790.49954427083,64300
2017-12-13,47969.72265625,49040.4765625,47755.57421875,48612.17578125,49040.4765625,49977.385546875,50092.3087890625,55672.60208333333,73359
2017-12-14,48612.17578125,49040.4765625,47969.72265625,47969.72265625,48569.3453125,49918.494140625,50105.6294921875,55540.13131510417,80623
2017-12-15,47969.72265625,49468.77734375,47969.72265625,49040.4765625,48398.025,49854.2490234375,50146.853776041666,55425.80302734375,94888
2017-12-18,48826.328125,49468.77734375,47969.72265625,49254.62890625,48612.17578125,49854.2490234375,50166.503125,55320.80260416667,64926
2017-12-19,49040.4765625,49040.4765625,47969.72265625,48183.875,48612.17578125,49800.711328125,50143.162369791666,55206.04108072917,64760
2017-12-21,48183.875,48612.17578125,46684.8203125,47755.57421875,48440.85546875,49736.4662109375,50117.712109375,55080.167154947914,73583
2017-12-22,47755.57421875,48398.0234375,46684.8203125,47327.2734375,48312.365625,49575.8533203125,50053.27421875,54954.91474609375,70571
2017-12-26,47755.57421875,47755.57421875,46042.37109375,46256.51953125,47755.57421875,49415.2404296875,49967.637890625,54825.768229166664,164279
2017-12-27,45185.765625,47755.57421875,44329.1640625,47113.12109375,47327.27265625,49265.3349609375,49902.98333333333,54702.083756510416,177302
2017-12-28,47113.12109375,49468.77734375,46684.8203125,48826.328125,47455.76328125,49243.919921875,49878.6162109375,54590.999739583334,127874
2018-01-02,48398.0234375,49682.9296875,48183.875,49468.77734375,47798.40390625,49243.919921875,49864.95657552083,54481.078776041664,83821
2018-01-03,49254.62890625,50539.53125,48826.328125,50111.23046875,48355.1953125,49222.5048828125,49863.17200520833,54373.99716796875,94643
2018-01-04,50539.53125,50967.83203125,49682.9296875,50111.23046875,49126.1375,49115.4296875,49886.3716796875,54265.23929036458,78916
2018-01-05,50111.23046875,51610.28515625,49682.9296875,51181.984375,49939.91015625,49072.599609375,49918.49427083333,54165.40436197917,143887
2018-01-08,50967.83203125,51610.28515625,49897.078125,50325.37890625,50239.7203125,48997.646875,49902.432942708336,54055.07848307292,154900
2018-01-09,50325.37890625,50325.37890625,49468.77734375,50111.23046875,50368.2109375,48911.98671875,49886.3716796875,53946.32060546875,613654
2018-01-10,50111.23046875,53109.3359375,49682.9296875,52895.1875,50925.00234375,49040.4771484375,49904.217578125,53871.65817057292,264813
2018-01-11,52466.88671875,52895.1875,50967.83203125,51610.28515625,51224.81328125,49126.1375,49898.8638671875,53796.3458984375,119051
2018-01-12,52038.5859375,52038.5859375,50539.53125,51610.28515625,51310.4734375,49297.4580078125,49864.956705729164,53729.41500651042,67431
2018-01-15,50753.6796875,51181.984375,49897.078125,50753.6796875,51396.13359375,49425.9482421875,49807.849869791666,53650.31689453125,133277
2018-01-16,50325.37890625,50753.6796875,49254.62890625,50111.23046875,51396.13359375,49500.9009765625,49772.15813802083,53557.483658854166,85878
2018-01-17,49682.9296875,50111.23046875,47969.72265625,49468.77734375,50710.8515625,49575.8537109375,49722.1896484375,53455.10595703125,95986
2018-01-18,49254.62890625,49468.77734375,48183.875,49254.62890625,50239.7203125,49586.561328125,49672.22122395833,53352.619954427086,72628
2018-01-19,49254.62890625,49897.078125,48183.875,49468.77734375,49811.41875,49597.26875,49624.0373046875,53246.88968098958,70609
2018-01-22,48826.328125,49254.62890625,48183.875,48612.17578125,49383.11796875,49618.6837890625,49606.19140625,53115.58199869792,69710
2018-01-23,48612.17578125,50111.23046875,47969.72265625,49468.77734375,49254.62734375,49704.3439453125,49597.26842447917,52982.193131510416,82668
2018-01-24,49468.77734375,50967.83203125,48826.328125,50753.6796875,49511.6078125,49875.6642578125,49616.89889322917,52878.78899739583,138453
2018-01-25,50967.83203125,51396.1328125,50539.53125,51396.1328125,49939.90859375,50132.644921875,49634.744791666664,52777.386067708336,138229
2018-01-26,51396.1328125,52038.5859375,50753.6796875,52038.5859375,50453.8703125,50378.9181640625,49672.22115885417,52665.412272135414,137153
2018-01-29,52466.88671875,55464.9921875,51610.28515625,54822.54296875,51695.94375,50678.72890625,49743.6046875,52570.771158854164,470872
2018-01-30,55036.69140625,56107.4453125,53109.3359375,53537.640625,52509.71640625,50882.1720703125,49791.78860677083,52470.4513671875,371535
2018-01-31,53537.640625,54180.08984375,51824.43359375,52681.03515625,52895.1875,51010.6623046875,49813.20364583333,52366.34573567708,224505
2018-02-01,52895.1875,55679.14453125,52895.1875,55036.69140625,53623.29921875,51256.9353515625,49891.72552083333,52269.298502604164,244988
2018-02-02,55464.9921875,55464.9921875,53323.48828125,53537.640625,53923.11015625,51374.7181640625,49941.694010416664,52152.21588541667,113522
2018-02-05,52466.88671875,53537.640625,51610.28515625,52895.1875,53537.6390625,51503.20859375,50005.939192708334,52008.82604166667,89684
2018-02-06,50967.83203125,51824.43359375,49897.078125,51824.43359375,53194.99765625,51588.86875,50063.04602864583,51852.32255859375,130272
2018-02-07,52895.1875,53109.3359375,48398.0234375,49682.9296875,52595.3765625,51428.255859375,50096.95319010417,51714.01318359375,95082
2018-02-08,49897.078125,50325.37890625,48398.0234375,49254.62890625,51438.9640625,51310.473046875,50123.722005208336,51571.296484375,141722
2018-02-09,45399.91796875,45614.06640625,41031.24609375,41245.3984375,48980.515625,50792.2287109375,50017.003645833334,51366.02688802083,1278308
2018-02-12,41545.20703125,42273.3203125,40774.265625,42059.16796875,46813.31171875,50357.503125,49914.9251953125,51181.78707682292,262457
2018-02-13,42487.46875,42530.30078125,41031.24609375,41973.5078125,44843.1265625,49950.6169921875,49809.634505208334,51001.86227213542,148652
2018-02-14,40902.7578125,41459.546875,40602.9453125,40817.09765625,43069.96015625,49518.0330078125,49670.793619791664,50833.25419921875,189436
2018-02-19,40731.43359375,41630.8671875,40731.43359375,40945.5859375,41408.1515625,49102.580859375,49514.46373697917,50672.42197265625,90298
2018-02-20,41074.078125,41459.546875,41031.24609375,41074.078125,41373.8875,48682.8458984375,49378.12122395833,50506.7935546875,78120
2018-02-21,40902.7578125,43472.5625,40902.7578125,43044.26171875,41570.90625,48404.4501953125,49274.61510416667,50358.421484375,309254
2018-02-22,42615.9609375,43472.5625,41416.71875,42358.98046875,41648.00078125,48048.9603515625,49163.2568359375,50200.986165364586,117674
2018-02-23,42401.80859375,42530.30078125,41031.24609375,41331.05859375,41750.79296875,47577.829296875,49009.78229166667,50030.794140625,291159
2018-02-26,41545.20703125,41545.20703125,40688.60546875,40817.09765625,41725.0953125,47048.8775390625,48865.587630208334,49868.89117838542,123919
2018-02-27,41159.73828125,41159.73828125,39746.34375,39917.6640625,41493.8125,46442.8314453125,48695.69485677083,49701.16923828125,192593
2018-02-28,39917.6640625,40217.47265625,38161.62890625,38761.25,40637.21015625,45639.766796875,48520.80520833333,49526.324934895834,211603
2018-03-02,38589.9296875,39018.23046875,37262.1953125,37433.515625,39652.1171875,44834.560546875,48320.217513020834,49343.768717447914,254556
2018-03-05,37433.515625,37690.49609375,36362.765625,36748.234375,38735.55234375,44037.9205078125,48090.362565104166,49166.397623697914,185411
2018-03-06,36919.5546875,37476.34765625,35934.46484375,36191.4453125,37810.421875,43095.658203125,47822.6744140625,49007.01640625,196114
2018-03-07,36191.4453125,36534.0859375,35763.14453125,36234.2734375,37073.74375,42230.48984375,47559.269205729164,48853.859049479164,106763
2018-03-08,36020.125,36748.234375,35848.8046875,36576.9140625,36636.8765625,41414.576171875,47305.143880208336,48717.805403645834,120945
2018-03-09,36619.74609375,37647.66796875,36576.9140625,36705.40625,36491.2546875,40658.6248046875,47053.16009114583,48561.03089192708,120886
2018-03-12,37347.85546875,37519.17578125,36876.7265625,37519.17578125,36645.44296875,40050.437109375,46839.723372395834,48452.106640625,95197
2018-03-13,37176.53515625,37861.81640625,36833.89453125,37861.81640625,36979.5171875,39480.796484375,46639.13567708333,48346.87584635417,112299
2018-03-14,37476.34765625,37562.0078125,35206.3515625,35506.16015625,36833.89453125,39193.8345703125,46427.8404296875,48233.74853515625,377054
2018-03-15,35463.33203125,36148.61328125,34820.87890625,35805.97265625,36679.70625,38881.1748046875,46221.54205729167,48144.07314453125,93322
2018-03-16,35805.97265625,36105.78515625,34992.19921875,35420.5,36422.725,38553.5244140625,46001.68079427083,48046.994791666664,146537
2018-03-19,35677.48046875,35677.48046875,35035.03125,35077.859375,35934.46171875,38266.5625,45786.81640625,47946.22294921875,74697
2018-03-20,34863.7109375,35334.83984375,33964.27734375,34435.41015625,35249.18046875,37941.0537109375,45543.3986328125,47845.126204427084,318948
2018-03-21,34735.21875,35035.03125,34092.76953125,34692.390625,35086.4265625,37621.9693359375,45300.694661458336,47733.598893229166,111052
2018-03-22,34692.390625,34906.5390625,33878.6171875,33921.44921875,34709.521875,37165.8287109375,45062.987565104166,47603.074967447916,155308
2018-03-23,33278.99609375,33493.1484375,32508.0546875,32722.205078125,34169.862890625,36683.98994140625,44812.431412760416,47465.07176106771,235154
2018-03-26,32336.734375,34135.59765625,32336.734375,33878.6171875,33930.014453125,36311.36787109375,44588.28714192708,47320.78068033854,112266
2018-03-27,34264.08984375,36748.234375,34264.08984375,36191.4453125,34281.221484375,36080.08525390625,44420.535904947916,47194.08689778646,289800
2018-03-28,36191.4453125,37048.046875,35120.69140625,35763.14453125,34495.372265625,35872.35927734375,44231.36962890625,47067.17648111979,150658
2018-03-29,35163.51953125,36105.78515625,34949.37109375,35206.3515625,34752.352734375,35694.61435546875,44004.37001953125,46941.49311523438,81127
2018-03-30,35548.9921875,35548.9921875,34820.87890625,35334.83984375,35274.8796875,35589.68056640625,43768.80439453125,46816.88048502604,48113
2018-04-02,35334.83984375,35591.8203125,34306.91796875,34649.55859375,35429.06796875,35484.74677734375,43511.10986328125,46687.140934244795,65348
2018-04-03,34178.4296875,34692.390625,34092.76953125,34178.4296875,35026.46484375,35384.09599609375,43245.56318359375,46565.96743164062,82586
2018-04-04,34392.578125,34392.578125,32765.03515625,33278.99609375,34529.63515625,35236.33212890625,42947.18004557292,46432.837158203125,129154
2018-04-05,33407.48828125,33707.296875,33064.84375,33535.9765625,34195.56015625,35084.28525390625,42667.356673177084,46284.89480794271,80485
2018-04-06,33535.9765625,33750.12890625,32979.18359375,33022.015625,33732.9953125,34900.11572265625,42382.53642578125,46134.45405273438,88033
2018-04-09,33064.84375,33621.63671875,32465.224609375,32508.0546875,33304.69453125,34649.55966796875,42042.75087890625,45973.48422851563,124141
2018-04-10,32508.0546875,32593.71484375,31694.28125,31865.6015625,32842.12890625,34349.74892578125,41713.67281901042,45806.26834309896,113950
2018-04-11,32036.923828125,33278.99609375,31908.43359375,33064.84375,32799.2984375,34227.68310546875,41404.58212890625,45634.76941731771,101052
2018-04-12,33107.67578125,33664.46875,32807.86328125,33621.63671875,32816.43046875,34118.46630859375,41119.048079427084,45463.448974609375,89308
2018-04-13,33707.296875,33964.27734375,33278.99609375,33707.296875,32953.48671875,34032.80615234375,40845.649186197916,45308.90366210938,40371
2018-04-16,33921.44921875,34007.109375,33193.3359375,33364.65625,33124.80703125,33947.14599609375,40577.24716796875,45149.71840820312,34727
2018-04-17,33407.48828125,33407.48828125,32850.6953125,32893.5234375,33330.39140625,33870.05166015625,40304.56207682292,44988.39165039062,36084
2018-04-18,33364.65625,33493.1484375,32850.6953125,33150.5078125,33347.52421875,33792.95751953125,40032.59091796875,44828.31411132812,54767
2018-04-19,33236.16796875,36705.40625,33150.5078125,36319.93359375,33887.18359375,33912.88173828125,39827.72021484375,44716.955810546875,411171
2018-04-20,37005.21484375,38547.1015625,36876.7265625,37390.6875,34623.86171875,34146.305859375,39626.418717447916,44611.843570963545,416011
2018-04-23,39403.703125,39746.34375,36705.40625,37390.6875,35429.06796875,34321.909375,39403.70218098958,44510.300537109375,577787
2018-04-24,37733.328125,39103.890625,36705.40625,37904.6484375,36431.29296875,34407.56953125,39178.84410807292,44406.79444986979,362252
2018-04-25,37690.49609375,38504.26953125,37133.70703125,37776.15625,37356.42265625,34508.2201171875,38941.136946614584,44306.67905273438,241344
2018-04-26,37818.98828125,38846.91015625,36919.5546875,37048.046875,37502.0453125,34600.3048828125,38644.895345052086,44194.25001627604,284353
2018-04-27,37262.1953125,37433.515625,35077.859375,35077.859375,37039.4796875,34587.455859375,38337.23232421875,44064.51046549479,456017
2018-04-30,35763.14453125,41973.5078125,35720.3125,40260.3046875,37613.403125,34867.9931640625,38130.22014973958,43971.71189778646,878755
2018-05-02,41759.359375,43900.86328125,40988.41796875,42530.30078125,38538.53359375,35285.58671875,37921.78030598958,43906.75291341146,918827
2018-05-03,39532.19140625,41545.20703125,39446.53125,39832.00390625,38949.703125,35613.237109375,37693.35302734375,43817.52351888021,657380
2018-05-04,39874.83203125,44115.015625,38932.5703125,42830.109375,40106.115625,36077.94375,37525.601725260414,43765.77045898438,658970
2018-05-08,42401.80859375,43258.41015625,40217.47265625,40731.43359375,41236.83046875,36463.4146484375,37340.71839192708,43701.88221028646,383475
2018-05-09,40731.43359375,40945.5859375,38290.12109375,39832.00390625,41151.1703125,36829.612109375,37176.536295572914,43636.74474283854,366527
2018-05-10,40902.7578125,40945.5859375,38761.25,39146.72265625,40474.4546875,37193.6681640625,37008.07119140625,43565.89659830729,222418
2018-05-11,38975.40234375,40217.47265625,38118.796875,40217.47265625,40551.5484375,37551.299609375,36990.93909505208,43503.971370442705,242717
2018-05-14,41973.5078125,45185.765625,40731.43359375,44115.015625,40808.5296875,38075.9685546875,37025.20322265625,43470.064208984375,657945
2018-05-15,45185.765625,47327.2734375,43258.41015625,44543.31640625,41570.90625,38617.76953125,37068.033365885414,43438.83393554688,630047
2018-05-16,41973.5078125,43258.41015625,39703.51171875,39703.51171875,41545.2078125,38934.7123046875,37049.47360026042,43360.133610026045,644686
2018-05-17,39832.00390625,42059.16796875,39189.55078125,40131.8125,41742.22578125,39296.6267578125,37035.91070963542,43275.18722330729,419914
2018-05-18,40303.1328125,40560.11328125,38761.25,39917.6640625,41682.2640625,39634.9845703125,37016.63714192708,43197.37918294271,308175
2018-05-21,39446.53125,39532.19140625,38675.58984375,38761.25,40611.5109375,39757.050390625,36945.25361328125,43109.93435872396,203823
2018-05-23,38547.1015625,38675.58984375,37476.34765625,37647.66796875,39232.38125,39769.8994140625,36866.73173828125,43014.99428710937,269140
2018-05-24,38247.2890625,38461.44140625,36448.42578125,36662.57421875,38624.19375,39733.49375,36788.923665364586,42899.35297851563,186882
2018-05-25,33022.015625,35591.8203125,33022.015625,35292.01171875,37656.23359375,39602.8619140625,36696.83889973958,42781.21326497396,572921
2018-05-28,37904.6484375,44757.46484375,37904.6484375,41759.359375,38024.57265625,39802.0220703125,36727.53382161458,42711.61433919271,1107358
2018-05-29,41545.20703125,41630.8671875,38718.421875,38889.7421875,38050.27109375,39894.1068359375,36729.67535807292,42625.24028320312,410141
2018-05-30,39146.72265625,41074.078125,37861.81640625,40817.09765625,38684.15703125,40181.06875,36786.06839192708,42553.14295247396,385228
2018-05-31,40260.3046875,40645.7734375,39189.55078125,39318.04296875,39215.25078125,40133.9556640625,36828.89853515625,42459.630550130205,227746
2018-06-01,39617.8515625,39617.8515625,38118.796875,38118.796875,39780.6078125,39913.38046875,36861.02106119792,42341.84773763021,229518
2018-06-04,39446.53125,39446.53125,37133.70703125,37904.6484375,39009.665625,39817.0126953125,36888.86064453125,42224.06492513021,243296
2018-06-05,37990.30859375,38889.7421875,37048.046875,38718.421875,38975.4015625,39611.4283203125,36924.55244140625,42114.84816080729,153343
2018-06-07,38718.421875,38889.7421875,37776.15625,38290.12109375,38470.00625,39489.3626953125,36950.96435546875,42002.06222330729,148899
2018-06-08,38075.96875,38118.796875,36833.89453125,36833.89453125,37973.1765625,39339.4572265625,36939.54300130208,41889.63318684896,167776
2018-06-11,37133.70703125,38118.796875,36705.40625,38118.796875,37973.1765625,39288.0609375,36943.826009114586,41791.48084309896,166565
2018-06-12,37947.4765625,38118.796875,36062.953125,36405.59375,37673.365625,39097.4669921875,36958.816569010414,41693.32849934896,259975
2018-06-14,35591.8203125,35848.8046875,33878.6171875,33878.6171875,36705.4046875,38585.6470703125,36926.69397786458,41574.11801757813,290330
2018-06-15,33878.6171875,35120.69140625,33321.828125,33621.63671875,35771.7078125,38039.5630859375,36896.71292317708,41449.19685872396,165395
2018-06-18,33535.9765625,34306.91796875,33535.9765625,33835.7890625,35172.08671875,37746.176953125,36876.01175130208,41331.41407877604,143478
2018-06-19,33493.1484375,34221.2578125,32251.07421875,32379.564453125,34024.240234375,37358.56455078125,36841.74765625,41192.57314453125,144543
2018-06-20,32036.923828125,32807.86328125,32036.923828125,32679.375,33278.996484375,36996.65009765625,36808.19739583333,41054.446028645834,118514
2018-06-21,32679.375,33022.015625,31394.470703125,31480.130859375,32799.29921875,36632.594140625,36767.50875651042,40915.24816080729,145603
2018-06-22,31522.9609375,31822.771484375,29809.7578125,31265.98046875,32328.16796875,36313.509765625,36743.23834635417,40777.83487955729,311173
2018-06-25,31480.130859375,31994.09375,31051.830078125,31223.150390625,31805.640234375,36041.53857421875,36698.98056640625,40643.63385416667,64330
2018-06-26,31180.3203125,32336.734375,30666.359375,30966.169921875,31522.961328125,35825.246484375,36611.89264322917,40516.21427408854,64293
2018-06-27,31223.150390625,31223.150390625,29852.587890625,29895.41796875,30966.169921875,35232.0494140625,36514.09720052083,40372.73341471354,105432
2018-06-28,29467.1171875,30323.71875,29167.3046875,29167.3046875,30503.6046875,34745.9275390625,36413.44641927083,40208.90821940104,123625
2018-06-29,29338.626953125,30238.05859375,29124.474609375,29981.078125,30246.62421875,34204.1265625,36324.217057291666,40046.51072591146,154398
2018-07-02,29981.078125,30066.73828125,27796.7421875,27925.232421875,29587.040625,33634.48603515625,36212.14495442708,39861.62740885417,171061
2018-07-03,28225.04296875,28310.703125,26811.650390625,27154.291015625,28824.66484375,33086.2607421875,36095.0759765625,39670.319580078125,159987
2018-07-04,26854.48046875,27668.251953125,26340.517578125,26811.650390625,28207.911328125,32531.61083984375,35987.286881510416,39467.23346354167,107545
2018-07-05,26725.98828125,27025.80078125,25783.7265625,26340.517578125,27642.55390625,31912.715625,35867.362565104166,39267.359619140625,157489
2018-07-06,26554.66796875,27968.0625,26469.0078125,27711.08203125,27188.5546875,31383.763671875,35778.847005208336,39080.691715494795,109320
2018-07-09,27496.931640625,27496.931640625,25526.74609375,26212.02734375,26845.913671875,30852.6703125,35673.91321614583,38858.33204752604,262859
2018-07-10,26254.857421875,27197.12109375,26126.3671875,26254.857421875,26666.026953125,30259.47333984375,35580.40081380208,38647.03681640625,91412
2018-07-11,26040.70703125,26297.6875,25612.40625,26169.197265625,26537.536328125,29747.653515625,35465.473372395834,38435.02775065104,120422
2018-07-12,26040.70703125,26169.197265625,25012.78515625,25098.4453125,26289.121875,29308.644921875,35323.420182291666,38221.234130859375,307311
2018-07-13,25141.275390625,25269.765625,24755.8046875,25141.275390625,25775.160546875,28884.62685546875,35180.653157552086,38013.151171875,221825
2018-07-16,25269.765625,25826.556640625,25184.10546875,25355.42578125,25603.840234375,28460.60869140625,35047.16598307292,37812.20657552083,118330
2018-07-17,25698.06640625,26554.66796875,25398.255859375,25655.236328125,25483.916015625,28124.39228515625,34926.52786458333,37615.54497070312,168467
2018-07-18,25869.38671875,25955.046875,24841.46484375,25098.4453125,25269.765625,27745.34580078125,34792.326822916664,37412.45887044271,85460
2018-07-19,25098.4453125,25269.765625,24541.654296875,24841.46484375,25218.36953125,27413.4125,34601.01901041667,37214.36961263021,72033
2018-07-20,24584.484375,24927.125,24327.50390625,24627.314453125,25115.57734375,27081.47919921875,34388.296126302084,37007.357421875,62105
2018-07-23,24670.14453125,25012.78515625,23984.861328125,24070.521484375,24858.596484375,26723.84775390625,34166.293359375,36784.99777018229,82540
2018-07-24,23770.7109375,25655.236328125,23770.7109375,25355.42578125,24798.634375,26443.310546875,33957.1396484375,36567.991878255205,120791
2018-07-25,25526.74609375,25698.06640625,25012.78515625,25441.0859375,24867.1625,26220.5939453125,33751.55514322917,36346.34604492188,133595
2018-07-26,25869.38671875,26254.857421875,24841.46484375,24969.955078125,24892.860546875,26010.72646484375,33550.25361328125,36097.574479166666,95734
2018-07-27,25226.935546875,25226.935546875,24712.974609375,24927.125,24952.82265625,25758.02880859375,33381.07470703125,35859.153515625,76149
2018-07-30,24927.125,28439.193359375,24927.125,28225.04296875,25783.726953125,25773.0193359375,33180.48701171875,35655.35358072917,384059
2018-07-31,28524.853515625,28524.853515625,26469.0078125,27411.271484375,26194.89609375,25785.868359375,32928.503190104166,35425.14174804687,289147
2018-08-01,27411.271484375,27882.40234375,26854.48046875,27496.931640625,26606.065234375,25820.132421875,32722.91865234375,35208.13583984375,105276
2018-08-02,27368.44140625,27496.931640625,26554.66796875,26854.48046875,26982.9703125,25845.83056640625,32456.658170572915,34991.12994791667,80996
2018-08-03,27154.291015625,28010.892578125,27111.4609375,27496.931640625,27496.931640625,25835.123046875,32236.083138020833,34788.40076497396,91045
2018-08-06,27454.1015625,27839.572265625,27197.12109375,27625.421875,27377.007421875,25905.7927734375,32032.640104166665,34604.588199869795,77795
2018-08-07,27625.421875,28225.04296875,26897.310546875,28010.892578125,27496.931640625,25993.59453125,31847.042936197915,34427.55706380208,96773
2018-08-08,28010.892578125,28267.873046875,27539.76171875,28010.892578125,27599.723828125,26085.679296875,31643.599934895832,34317.26951497396,54601
2018-08-09,27796.7421875,28010.892578125,27368.44140625,27411.271484375,27711.08203125,26201.32060546875,31365.20419921875,34195.2037109375,54723
2018-08-10,27882.40234375,27925.232421875,27368.44140625,27839.572265625,27779.61015625,26336.23544921875,31086.808463541667,34077.42091471354,72280
2018-08-13,27839.572265625,27968.0625,26725.98828125,26725.98828125,27599.7234375,26404.76357421875,30870.51640625,33959.99500325521,72348
2018-08-14,26768.8203125,27025.80078125,26469.0078125,26725.98828125,27342.742578125,26458.301171875,30647.086002604166,33841.498356119795,30581
2018-08-16,26383.34765625,27839.572265625,26383.34765625,27539.76171875,27248.51640625,26580.3669921875,30440.787630208335,33728.71238606771,119439
2018-08-17,27325.611328125,28225.04296875,27025.80078125,27539.76171875,27274.214453125,26715.2818359375,30253.762825520833,33599.50821940104,107688
2018-08-20,27839.572265625,28096.552734375,27454.1015625,27796.7421875,27265.6484375,26873.75322265625,30089.580729166668,33478.15623372396,55603
2018-08-21,28139.3828125,28139.3828125,27068.630859375,27625.421875,27445.53515625,27051.4982421875,29938.9615234375,33363.94259440104,108977
2018-08-22,27753.912109375,28225.04296875,27411.271484375,27668.251953125,27633.987890625,27167.13955078125,29811.898860677084,33254.368880208334,47398
2018-08-23,27711.08203125,27753.912109375,26982.970703125,27025.80078125,27531.195703125,27246.37529296875,29566.33955078125,33146.936686197914,73588
2018-08-24,26811.650390625,27368.44140625,26768.8203125,27368.44140625,27496.931640625,27366.299609375,29374.31787109375,33051.99661458333,42115
2018-08-27,26897.310546875,26897.310546875,26040.70703125,26426.177734375,27222.81875,27441.25224609375,29134.469205729165,32960.268798828125,139063
2018-08-28,26640.328125,26897.310546875,26126.3671875,26297.6875,26957.271875,27344.88447265625,28917.46328125,32873.180908203125,60758
2018-08-29,26212.02734375,26254.857421875,25655.236328125,26040.70703125,26631.762890625,27276.35625,28716.161783854168,32788.59142252604,93233
2018-08-30,26040.70703125,26554.66796875,25869.38671875,26083.537109375,26443.31015625,27205.6865234375,28519.14326171875,32704.001953125,76677
2018-08-31,26126.3671875,26126.3671875,25312.595703125,25355.42578125,26040.70703125,27130.7337890625,28296.42666015625,32610.48955078125,108045
2018-09-03,25483.916015625,25740.896484375,24841.46484375,25226.935546875,25800.85859375,27017.233984375,28078.706901041667,32514.83562825521,73770
2018-09-04,24969.955078125,25655.236328125,24884.294921875,25612.40625,25663.80234375,26916.583203125,27891.682096354165,32415.612548828125,56275
2018-09-05,25869.38671875,26254.857421875,25612.40625,25655.236328125,25586.708203125,26798.800390625,27683.956087239585,32313.891048177084,51092
2018-09-06,25655.236328125,26854.48046875,25655.236328125,26212.02734375,25612.40625,26708.85712890625,27514.063313802082,32236.43994140625,159868
2018-09-07,26383.34765625,26811.650390625,25826.556640625,26597.498046875,25860.820703125,26668.16845703125,27392.711328125,32159.70265299479,57795
2018-09-10,26683.158203125,27411.271484375,26554.66796875,27068.630859375,26229.159765625,26629.62138671875,27283.494563802084,32090.103743489584,105316
2018-09-11,27368.44140625,27454.1015625,26725.98828125,27197.12109375,26546.102734375,26653.17802734375,27172.85009765625,32024.430924479166,79813
2018-09-12,27454.1015625,27625.421875,26426.177734375,27025.80078125,26820.215625,26668.16865234375,27083.620703125,31962.6841796875,73490
2018-09-13,26854.48046875,28139.3828125,26768.8203125,27496.931640625,27077.196484375,26666.0271484375,26997.246647135416,31902.722021484376,151433
2018-09-14,27539.76171875,28010.892578125,27154.291015625,27454.1015625,27248.5171875,26661.744140625,26930.146158854168,31848.82745768229,74606
2018-09-17,27454.1015625,27625.421875,27025.80078125,27282.78125,27291.347265625,26636.04609375,26863.759505208334,31803.49892578125,54153
2018-09-18,27239.951171875,27753.912109375,26554.66796875,27496.931640625,27351.309375,26629.62158203125,26801.655859375,31750.318212890626,124333
2018-09-19,27411.271484375,28010.892578125,26811.650390625,26811.650390625,27308.479296875,26586.79150390625,26732.4138671875,31672.153255208334,90884
2018-09-20,27197.12109375,28867.494140625,26982.970703125,28867.494140625,27582.591796875,26678.876171875,26715.281803385416,31614.689501953126,194925
2018-09-21,29038.814453125,29938.248046875,29038.814453125,29509.947265625,27993.7609375,26785.95146484375,26720.992513020832,31567.219466145834,363410
2018-09-27,30152.3984375,30752.01953125,29081.64453125,29766.927734375,28490.590234375,26952.98896484375,26717.42333984375,31520.820198567708,212028
2018-09-28,29938.248046875,29938.248046875,29038.814453125,29595.607421875,28910.325390625,27117.8849609375,26745.262923177084,31478.703938802082,114655
2018-10-01,29595.607421875,30323.71875,29252.96484375,30238.05859375,29595.60703125,27327.7525390625,26796.659049479167,31445.867513020832,100830
2018-10-02,30023.908203125,30794.849609375,29809.7578125,30109.568359375,29844.021875,27529.0541015625,26851.624348958332,31419.455615234376,169878
2018-10-04,30837.6796875,31651.451171875,30452.208984375,30794.849609375,30101.00234375,27801.02529296875,26925.863216145834,31396.612890625,220583
2018-10-05,30580.69921875,31394.470703125,29338.626953125,31009.0,30349.416796875,28090.128515625,26980.828515625,31379.837760416667,207617
2018-10-08,31265.98046875,31265.98046875,30323.71875,30323.71875,30495.0390625,28325.694140625,27049.356705729166,31361.6349609375,68939
2018-10-10,30323.71875,30580.69921875,29210.134765625,29724.09765625,30392.246875,28529.13720703125,27107.177376302083,31343.789095052085,88626
2018-10-11,28696.173828125,29338.626953125,27411.271484375,28396.36328125,30049.605859375,28638.35400390625,27144.296809895834,31304.885091145832,161570
2018-10-12,27496.931640625,29766.927734375,27496.931640625,29210.134765625,29732.662890625,28768.98583984375,27212.824967447916,31268.12257486979,110202
2018-10-15,29552.77734375,30280.888671875,29167.3046875,30066.73828125,29544.210546875,28918.8912109375,27294.916015625,31237.784586588543,94951
2018-10-16,30409.37890625,30409.37890625,29124.474609375,29938.248046875,29467.11640625,29055.94755859375,27371.29638671875,31209.231184895834,97214
2018-10-17,30323.71875,30323.71875,29252.96484375,29981.078125,29518.5125,29203.71142578125,27443.39375,31184.960807291667,70592
2018-10-18,29595.607421875,30023.908203125,29167.3046875,29252.96484375,29689.8328125,29291.5130859375,27512.6357421875,31152.481282552082,61783
2018-10-19,29252.96484375,29467.1171875,28824.6640625,29338.626953125,29715.53125,29385.73935546875,27587.588444010416,31094.30372721354,51888
2018-10-22,29167.3046875,29509.947265625,28524.853515625,28610.513671875,29424.286328125,29452.1259765625,27653.97509765625,31021.135611979167,64004
2018-10-23,28610.513671875,28910.32421875,28182.212890625,28353.533203125,29107.343359375,29494.9560546875,27725.358626302084,30945.82599283854,69397
2018-10-24,28267.873046875,28739.00390625,27582.591796875,27882.40234375,28687.608203125,29548.49365234375,27767.47490234375,30862.307275390624,51575
2018-10-25,27068.630859375,27711.08203125,26383.34765625,26597.498046875,28156.51484375,29434.99384765625,27786.7484375,30769.151790364584,69294
2018-10-26,26597.498046875,27068.630859375,25698.06640625,25955.046875,27479.798828125,29257.248828125,27803.166634114583,30676.710123697918,59224
2018-10-29,25398.255859375,26426.177734375,25226.935546875,25226.935546875,26803.083203125,29030.24921875,27808.1634765625,30594.619091796874,83242
2018-10-30,24284.673828125,24969.955078125,22357.318359375,23513.73046875,25835.12265625,28726.15537109375,27729.6416015625,30455.064306640626,258593
2018-10-31,23385.240234375,23385.240234375,20087.322265625,20172.982421875,24293.238671875,28222.9015625,27609.003450520835,30268.7533203125,650493
2018-11-01,20108.736328125,20322.88671875,18845.248046875,19016.568359375,22777.052734375,27668.2515625,27467.6640625,30095.291357421876,553031
2018-11-02,19166.474609375,20686.943359375,19123.64453125,20065.90625,21599.224609375,27131.80439453125,27354.521158854168,29905.58966471354,572643
2018-11-05,19787.51171875,19808.92578125,19166.474609375,19316.380859375,20417.113671875,26547.1734375,27218.178645833334,29727.130891927085,232770
2018-11-06,19380.625,19916.001953125,18888.078125,19102.228515625,19534.81328125,25986.09892578125,27076.125423177084,29554.382763671874,230989
2018-11-07,19359.2109375,19787.51171875,16896.478515625,17303.365234375,18960.88984375,25365.0623046875,26897.666634114583,29372.35478515625,1174510
2018-11-08,17774.49609375,18052.892578125,17303.365234375,17410.439453125,18639.6640625,24815.76611328125,26720.992415364584,29182.29617513021,633185
2018-11-09,17688.8359375,20301.47265625,17688.8359375,18823.833984375,18391.249609375,24296.45107421875,26577.86845703125,28971.536328125,1398156
2018-11-12,18973.73828125,19209.3046875,18738.173828125,18738.173828125,18275.608203125,23730.0228515625,26426.178483072916,28756.49347330729,308040
2018-11-13,18416.947265625,19059.3984375,18331.287109375,18995.154296875,18254.193359375,23182.8681640625,26297.33125,28583.923828125,243865
2018-11-14,18973.73828125,19209.3046875,18267.04296875,18566.853515625,18506.891015625,22612.15693359375,26161.345670572915,28404.21583658854,243538
2018-11-15,18502.607421875,18738.173828125,17988.646484375,18395.533203125,18703.909765625,22069.2853515625,26008.941861979165,28224.86474609375,209793
2018-11-16,18395.533203125,18952.32421875,18245.626953125,18952.32421875,18729.6078125,21549.97021484375,25865.817903645835,28059.790364583332,208759
2018-11-19,19123.64453125,19530.53125,18909.494140625,19444.87109375,18870.947265625,21091.6880859375,25726.620052083334,27908.100390625,257027
2018-11-20,19402.041015625,19551.9453125,18267.04296875,19402.041015625,18952.324609375,20644.1134765625,25589.563704427084,27764.262613932293,176544
2018-11-21,19187.890625,19530.53125,19102.228515625,19530.53125,19145.06015625,20226.519921875,25453.935026041665,27632.916943359374,176520
2018-11-22,19551.9453125,19787.51171875,19123.64453125,19123.64453125,19290.682421875,19852.82724609375,25322.232421875,27444.285986328126,244811
2018-11-23,19616.19140625,19701.8515625,18245.626953125,18973.73828125,19294.965234375,19503.76181640625,25182.320703125,27278.319287109374,223471
2018-11-26,19102.228515625,21372.224609375,18888.078125,20387.1328125,19483.417578125,19261.7716796875,25081.669954427085,27108.069580078125,243424
2018-11-27,20387.1328125,21500.71484375,20215.8125,21500.71484375,19903.15234375,19161.1208984375,25001.72041015625,26959.591845703126,135709
2018-11-28,21543.544921875,25526.74609375,21543.544921875,23470.900390625,20691.226171875,19326.016796875,24958.890299479168,26837.526041666668,450569
2018-11-29,23470.900390625,24969.955078125,22914.109375,23556.560546875,21577.809375,19553.01640625,24916.7740234375,26717.958642578124,147155
2018-11-30,23556.560546875,23642.220703125,22614.298828125,23513.73046875,22485.8078125,19725.4076171875,24886.0791015625,26591.252880859374,70345
2018-12-03,23899.201171875,23899.201171875,23256.75,23642.220703125,23136.825390625,19941.699609375,24859.6671875,26469.187044270835,52163
2018-12-04,23984.861328125,24241.84375,23685.05078125,23856.37109375,23607.956640625,20179.40673828125,24830.399934895835,26361.041015625,61634
2018-12-05,23256.75,23899.201171875,23128.259765625,23685.05078125,23650.78671875,20498.491015625,24797.563509114585,26240.759798177085,46997
2018-12-06,23685.05078125,23685.05078125,22442.978515625,22442.978515625,23428.0703125,20750.11796875,24734.746028645834,26124.404671223958,67716
2018-12-07,22871.279296875,22999.76953125,22400.1484375,22914.109375,23308.14609375,20954.63173828125,24673.356217447916,26033.033772786457,47210
2018-12-10,22699.958984375,22999.76953125,22014.677734375,22785.619140625,23136.82578125,21157.00400390625,24601.972688802085,25942.733626302084,40264
2018-12-11,22400.1484375,22657.12890625,21929.017578125,22100.337890625,22785.619140625,21312.26318359375,24517.026302083334,25844.93819986979,36509
2018-12-12,21629.205078125,22828.44921875,21629.205078125,22699.958984375,22588.60078125,21518.91845703125,24444.928938802084,25764.274820963543,62388
2018-12-13,22571.46875,22999.76953125,22271.658203125,22742.7890625,22648.562890625,21736.28125,24365.693229166667,25681.46993815104,40846
2018-12-14,21886.1875,22614.298828125,21886.1875,22314.48828125,22528.638671875,21904.389453125,24280.0330078125,25605.089583333334,63178
2018-12-17,22271.658203125,22314.48828125,20986.75390625,21415.0546875,22254.52578125,22002.8986328125,24182.237565104166,25522.99853515625,68504
2018-12-18,20472.79296875,20644.11328125,19830.341796875,20258.642578125,21886.18671875,22045.7287109375,24061.5994140625,25431.62763671875,211527
2018-12-19,20515.623046875,20601.283203125,20044.4921875,20472.79296875,21440.753515625,22092.841796875,23955.951790364583,25344.18282877604,116981
2018-12-20,20515.623046875,21029.583984375,20215.8125,20686.943359375,21029.584375,22171.00673828125,23819.60927734375,25267.445540364584,90875
2018-12-21,20472.79296875,20772.603515625,19530.53125,19530.53125,20472.79296875,22198.84638671875,23653.285677083335,25187.139095052084,179168
2018-12-24,19359.2109375,19530.53125,18588.267578125,18673.927734375,19924.567578125,22113.1861328125,23468.40234375,25092.912841796875,169691
2018-12-26,18288.45703125,18802.41796875,18074.306640625,18416.947265625,19556.228515625,21958.99775390625,23282.091341145835,25013.677132161458,91649
2018-12-27,18888.078125,19059.3984375,18502.607421875,18845.248046875,19230.71953125,21727.71513671875,23092.211165364584,24944.435107421876,58859
2018-12-28,18888.078125,19402.041015625,18759.587890625,19016.568359375,18896.64453125,21500.71552734375,22907.32783203125,24879.47609049479,65584
2019-01-02,19145.060546875,19444.87109375,18502.607421875,18845.248046875,18759.587890625,21267.29140625,22708.167805989582,24817.015511067708,72073
2019-01-03,18759.587890625,19787.51171875,18759.587890625,19230.720703125,18870.946484375,21046.71640625,22511.863151041667,24746.345833333333,124909
2019-01-04,19059.3984375,19316.380859375,18331.287109375,19016.568359375,18990.870703125,20804.72626953125,22323.41064453125,24686.383675130208,148149
2019-01-07,19230.720703125,19958.83203125,19102.228515625,19573.361328125,19136.493359375,20599.141796875,22154.231705729166,24630.704541015624,146950
2019-01-08,19958.83203125,20429.962890625,19573.361328125,19958.83203125,19324.94609375,20474.93447265625,22013.606184895834,24578.951497395832,148884
2019-01-09,20301.47265625,21115.244140625,19958.83203125,20986.75390625,19753.247265625,20378.56669921875,21876.549837239585,24544.68740234375,226292
2019-01-10,20858.263671875,21415.0546875,20387.1328125,20472.79296875,20001.66171875,20262.925390625,21716.650748697917,24505.78338216146,166924
2019-01-11,20472.79296875,20772.603515625,20429.962890625,20644.11328125,20327.170703125,20190.11416015625,21561.748502604165,24466.52244466146,49111
2019-01-14,20772.603515625,20772.603515625,20258.642578125,20301.47265625,20472.79296875,20070.18984375,21400.421744791667,24421.907747395835,49102
2019-01-15,20130.15234375,20601.283203125,20130.15234375,20387.1328125,20558.453125,19952.40703125,21252.657877604168,24382.646809895832,85478
2019-01-16,20472.79296875,21286.564453125,20429.962890625,21115.244140625,20584.151171875,19892.44482421875,21115.601497395834,24351.594970703125,134076
2019-01-17,21115.244140625,21158.07421875,20601.283203125,20772.603515625,20644.11328125,19860.322265625,20984.969661458334,24319.47237955729,85812
2019-01-18,20729.7734375,20858.263671875,20515.623046875,20644.11328125,20644.11328125,19879.59580078125,20856.479329427082,24290.918977864585,44495
2019-01-21,20644.11328125,20901.09375,20601.283203125,20815.43359375,20746.90546875,19896.72783203125,20738.696516927084,24253.085709635416,57422
2019-01-22,20815.43359375,21200.904296875,20558.453125,20601.283203125,20789.735546875,19892.44482421875,20638.759602864582,24212.754020182292,69029
2019-01-23,20344.302734375,20986.75390625,20344.302734375,20901.09375,20746.90546875,19960.97294921875,20554.52705078125,24178.846842447918,61768
2019-01-24,20986.75390625,21800.52734375,20986.75390625,21457.884765625,20883.96171875,20100.17080078125,20491.709537760416,24149.93650716146,129327
2019-01-25,21714.8671875,21843.357421875,21029.583984375,21800.52734375,21115.24453125,20269.3498046875,20463.15615234375,24096.398876953124,99176
2019-01-28,21971.84765625,22614.298828125,21886.1875,22271.658203125,21406.489453125,20440.6703125,20498.13408203125,24053.568766276043,111871
2019-01-29,22357.318359375,22400.1484375,21372.224609375,21886.1875,21663.4703125,20584.15126953125,20545.961067708333,24006.812565104166,100403
2019-01-30,21929.017578125,23342.41015625,21886.1875,23256.75,22134.6015625,20804.7263671875,20599.141796875,23976.831477864584,181479
2019-01-31,23385.240234375,24712.974609375,23128.259765625,23770.7109375,22597.166796875,21031.72587890625,20673.380631510416,23945.779638671876,268709
2019-02-01,23984.861328125,27154.291015625,23984.861328125,26811.650390625,23599.39140625,21421.47998046875,20801.87099609375,23938.998209635418,522749
2019-02-07,27282.78125,27711.08203125,26212.02734375,26811.650390625,24507.38984375,21783.39443359375,20960.342415364583,23929.004524739583,188628
2019-02-08,26297.6875,26725.98828125,25783.7265625,26212.02734375,25372.5578125,22096.05419921875,21107.035546875,23914.01398111979,145449
2019-02-11,26297.6875,26725.98828125,25483.916015625,25569.576171875,25835.123046875,22325.1953125,21219.464583333334,23898.66652018229,108911
2019-02-12,25355.42578125,25740.896484375,25012.78515625,25526.74609375,26186.330078125,22577.89296875,21332.607454427085,23879.39296875,137927
2019-02-13,25869.38671875,27154.291015625,25698.06640625,26640.328125,26152.065625,22877.7037109375,21460.027018229168,23878.679134114584,216619
2019-02-14,26511.837890625,26511.837890625,25698.06640625,26126.3671875,26015.008984375,23168.9484375,21586.018912760417,23873.682291666668,102739
2019-02-15,25826.556640625,27239.951171875,25783.7265625,26854.48046875,26143.499609375,23492.3158203125,21727.0013671875,23867.971614583334,130215
2019-02-18,26854.48046875,27925.232421875,26597.498046875,27025.80078125,26434.74453125,23787.84365234375,21861.559309895834,23863.688606770833,161092
2019-02-19,27668.251953125,27711.08203125,26597.498046875,26597.498046875,26648.894921875,24079.08837890625,21980.769759114584,23853.694905598957,113789
2019-02-20,26640.328125,27796.7421875,26169.197265625,27668.251953125,26854.4796875,24430.2953125,22118.53994140625,23854.051822916666,123707
2019-02-21,27496.931640625,28524.853515625,27496.931640625,28439.193359375,27317.044921875,24811.48330078125,22267.017643229166,23860.476334635416,155092
2019-02-22,28267.873046875,28482.0234375,27711.08203125,27968.0625,27539.761328125,25179.822265625,22414.424609375,23868.328515625,78398
2019-02-25,27968.0625,28182.212890625,27239.951171875,27411.271484375,27616.85546875,25505.33115234375,22555.050162760417,23868.685432942708,76373
2019-02-26,27582.591796875,27925.232421875,26982.970703125,27025.80078125,27702.516015625,25783.726953125,22665.69462890625,23873.682291666668,71673
2019-02-27,27197.12109375,27625.421875,26768.8203125,27197.12109375,27608.28984375,26053.556640625,22760.634733072915,23881.177571614582,77925
2019-02-28,27239.951171875,27368.44140625,25612.40625,26040.70703125,27128.592578125,26242.00908203125,22803.46484375,23881.177571614582,92557
2019-03-04,25398.255859375,26554.66796875,25398.255859375,25826.556640625,26700.29140625,26439.0275390625,22841.298111979166,23879.036067708334,77189
2019-03-05,25569.576171875,25997.876953125,25312.595703125,25740.896484375,26366.21640625,26563.23486328125,22878.417545572916,23882.24832356771,53925
2019-03-06,25955.046875,25955.046875,24969.955078125,25055.615234375,25972.179296875,26627.480078125,22901.97412109375,23880.820654296876,60502
2019-03-07,24884.294921875,25612.40625,24584.484375,25526.74609375,25638.104296875,26563.23486328125,22929.813704427084,23880.106819661458,74745
2019-03-08,25012.78515625,25483.916015625,24627.314453125,24712.974609375,25372.5578125,26458.30107421875,22946.945768229165,23872.254638671875,59881
2019-03-11,24712.974609375,25098.4453125,23599.390625,24413.1640625,25089.879296875,26368.35791015625,22979.782194010415,23857.264111328124,78517
2019-03-12,24498.82421875,24755.8046875,23856.37109375,24241.84375,24790.06875,26301.9712890625,23001.911100260415,23837.633658854167,68318
2019-03-13,24241.84375,24370.333984375,23813.541015625,23856.37109375,24550.219921875,26218.4525390625,23019.756966145833,23810.864827473957,46470
2019-03-14,23599.390625,24156.181640625,23342.41015625,23556.560546875,24156.1828125,26064.26416015625,23044.02734375,23780.526822916665,83880
2019-03-15,23984.861328125,24241.84375,23042.599609375,23385.240234375,23890.6359375,25927.2078125,23055.448697916665,23750.188818359376,100863
2019-03-18,23385.240234375,23727.880859375,23299.580078125,23556.560546875,23719.315234375,25762.31181640625,23069.011555989582,23717.352392578126,41847
2019-03-19,23642.220703125,23813.541015625,23299.580078125,23513.73046875,23573.692578125,25586.70830078125,23088.99892578125,23684.515966796876,38725
2019-03-20,23685.05078125,23813.541015625,22271.658203125,22657.12890625,23333.844140625,25389.68984375,23109.700162760415,23645.968863932292,128973
2019-03-21,22442.978515625,22828.44921875,21886.1875,22143.16796875,23051.165625,25113.43564453125,23141.108919270835,23601.354166666668,98416
2019-03-22,22185.998046875,22528.638671875,21886.1875,22100.337890625,22794.18515625,24796.49287109375,23168.23466796875,23562.093229166665,73072
2019-03-25,21843.357421875,21971.84765625,21115.244140625,21329.39453125,22348.751953125,24464.55947265625,23178.9421875,23499.275732421876,85939
2019-03-26,21372.224609375,21971.84765625,21243.734375,21372.224609375,21920.45078125,24162.60712890625,23209.637076822917,23431.461376953124,81706
2019-03-27,21372.224609375,21757.697265625,21072.4140625,21415.0546875,21672.0359375,23882.06982421875,23255.322526041666,23361.862434895833,71245
2019-03-28,21415.0546875,21415.0546875,20729.7734375,20815.43359375,21406.4890625,23562.98544921875,23295.297298177084,23288.69431966146,60400
2019-03-29,20686.943359375,21329.39453125,20686.943359375,21329.39453125,21252.300390625,23327.41982421875,23336.699739583335,23214.455452473958,77437
2019-04-01,21543.544921875,21929.017578125,21158.07421875,21329.39453125,21252.300390625,23102.56171875,23375.246842447916,23141.287337239584,100752
2019-04-02,21629.205078125,21672.037109375,21072.4140625,21158.07421875,21209.4703125,22873.42060546875,23413.7939453125,23060.980875651043,57025
2019-04-03,21286.564453125,21629.205078125,20943.923828125,21500.71484375,21226.60234375,22695.6755859375,23451.627180989584,22981.745166015626,73137
2019-04-04,21629.205078125,22442.978515625,21415.0546875,22143.16796875,21492.14921875,22526.4966796875,23503.737174479167,22913.57390950521,100352
2019-04-05,22400.1484375,22442.978515625,21843.357421875,21886.1875,21603.5078125,22385.15732421875,23542.28427734375,22848.25799153646,73493
2019-04-08,21971.84765625,22143.16796875,21757.697265625,22057.5078125,21749.13046875,22267.37451171875,23577.26220703125,22795.434195963542,53949
2019-04-09,22143.16796875,22228.828125,21886.1875,21886.1875,21894.753125,22149.59169921875,23592.252766927082,22734.401302083334,42523
2019-04-10,21929.017578125,21929.017578125,21286.564453125,21329.39453125,21860.4890625,22023.24287109375,23606.529459635418,22661.590104166666,79754
2019-04-11,21243.734375,21500.71484375,21115.244140625,21415.0546875,21714.86640625,21916.167578125,23619.378483072916,22590.56349283854,64351
2019-04-12,21415.0546875,21415.0546875,20986.75390625,21072.4140625,21552.11171875,21800.52626953125,23632.227506510415,22516.324625651043,71368
2019-04-15,21115.244140625,21500.71484375,21072.4140625,21158.07421875,21372.225,21680.601953125,23645.076529947917,22448.86720377604,81578
2019-04-16,21286.564453125,22357.318359375,21072.4140625,22357.318359375,21466.451171875,21622.78134765625,23665.777766927084,22390.68963216146,196720
2019-04-17,22571.46875,23042.599609375,22185.998046875,22314.48828125,21663.469921875,21605.64931640625,23691.475846354166,22338.22275390625,129629
2019-04-18,21800.52734375,22014.677734375,20558.453125,20986.75390625,21577.809765625,21547.82861328125,23697.1865234375,22276.832926432293,213804
2019-04-19,20986.75390625,21072.4140625,20815.43359375,20815.43359375,21526.413671875,21483.5833984375,23697.1865234375,22217.941520182292,56882
2019-04-22,20815.43359375,20901.09375,20472.79296875,20515.623046875,21397.9234375,21442.89482421875,23695.758854166666,22167.259228515624,67373
2019-04-23,20558.453125,20686.943359375,20429.962890625,20644.11328125,21055.282421875,21406.4892578125,23691.475846354166,22123.00144856771,73073
2019-04-24,20644.11328125,20986.75390625,20515.623046875,20558.453125,20704.075390625,21363.6591796875,23676.485319010415,22084.097428385416,80855
2019-04-25,20558.453125,20686.943359375,19744.681640625,19873.171875,20481.358984375,21316.54609375,23644.362727864584,22053.759440104168,120203
2019-04-26,19873.171875,20087.322265625,19744.681640625,19830.341796875,20284.340625,21241.59345703125,23603.67412109375,22050.9041015625,42543
2019-04-29,19873.171875,20344.302734375,19530.53125,20215.8125,20224.378515625,21185.91435546875,23575.834537760416,22060.897802734376,52938
2019-04-30,20387.1328125,20387.1328125,19873.171875,20215.8125,20138.718359375,21138.80126953125,23525.15224609375,22062.147021484376,19046
2019-05-02,19402.041015625,20387.1328125,19402.041015625,19787.51171875,19984.530078125,21053.14111328125,23458.765592447915,22066.073111979167,86370
2019-05-03,19873.171875,19916.001953125,19016.568359375,19059.3984375,19821.775390625,20898.95263671875,23329.561393229167,22065.716194661458,145144
2019-05-07,18930.908203125,18973.73828125,18459.77734375,18459.77734375,19547.6625,20727.63212890625,23190.363509114584,22075.352962239584,73707
2019-05-08,18416.947265625,18631.09765625,18074.306640625,18245.626953125,19153.625390625,20537.0380859375,23057.590169270832,22082.312858072917,55019
2019-05-09,18416.947265625,18416.947265625,17988.646484375,18031.4765625,18716.758203125,20344.3025390625,22931.95517578125,22075.709879557293,74025
2019-05-10,18074.306640625,18245.626953125,17303.365234375,17646.005859375,18288.45703125,20160.13310546875,22800.609505208333,22066.608479817707,104149
2019-05-13,18031.4765625,18031.4765625,17132.044921875,17132.044921875,17902.986328125,19945.9826171875,22642.138118489584,22051.082568359376,60864
2019-05-14,16960.724609375,17089.21484375,15932.80078125,16361.1025390625,17483.2513671875,19710.417041015626,22479.383707682293,22032.701310221353,357688
2019-05-15,16275.4423828125,16660.9140625,16018.4619140625,16618.083984375,17157.7427734375,19483.417529296876,22308.777099609375,22017.889233398437,89054
2019-05-16,16703.744140625,16703.744140625,16061.2919921875,16275.4423828125,16806.5359375,19179.32373046875,22129.604459635415,21995.581884765626,73291
2019-05-17,16361.1025390625,16489.591796875,15718.650390625,15761.48046875,16429.630859375,18851.67333984375,21949.004166666666,21964.886962890625,108548
2019-05-20,15761.48046875,15975.6318359375,15504.5,15590.16015625,16121.25390625,18581.84365234375,21747.70263671875,21933.1212890625,41609
2019-05-21,15504.5,15632.990234375,15290.349609375,15418.83984375,15932.8013671875,18312.01396484375,21530.696744791665,21898.857194010416,43811
2019-05-22,15376.009765625,15504.5,15076.19921875,15247.51953125,15658.6884765625,18048.6087890625,21318.6876953125,21866.55615234375,62594
2019-05-23,15119.029296875,15204.689453125,14819.21875,15119.029296875,15427.405859375,17772.35458984375,21113.8169921875,21834.43357747396,49920
2019-05-24,15033.369140625,15161.859375,14476.5771484375,14562.2373046875,15187.5572265625,17472.543798828126,20906.090934244792,21785.89278157552,83039
2019-05-27,14433.7470703125,14733.55859375,14433.7470703125,14647.8974609375,14999.1046875,17211.280078125,20696.93720703125,21728.785970052082,44241
2019-05-28,14733.55859375,15847.140625,14733.55859375,15847.140625,15084.76484375,17012.12001953125,20527.04443359375,21665.254638671875,117612
2019-05-29,15632.990234375,15718.650390625,14990.5390625,15076.19921875,15050.50078125,16755.13935546875,20347.871809895834,21594.5849609375,53907
2019-05-30,14990.5390625,16146.9521484375,14990.5390625,15761.48046875,15178.991015625,16532.42275390625,20181.548209635417,21529.982877604165,85731
2019-05-31,15718.650390625,16018.4619140625,15590.16015625,15718.650390625,15410.2736328125,16328.9796875,20025.93212890625,21463.953125,38490
2019-06-03,15504.5,15718.650390625,15119.029296875,15290.349609375,15538.7640625,16140.52724609375,19855.325520833332,21392.56961263021,51624
2019-06-04,15290.349609375,15847.140625,15204.689453125,15504.5,15470.2359375,15992.76337890625,19701.850944010417,21324.398356119793,44557
2019-06-05,15675.8203125,16446.76171875,15504.5,15761.48046875,15607.2921875,15868.5560546875,19557.656217447915,21268.719205729165,116757
2019-06-07,15632.990234375,15932.80078125,15418.83984375,15590.16015625,15573.028125,15746.490234375,19413.461490885416,21207.686295572916,37026
2019-06-10,15675.8203125,15675.8203125,15247.51953125,15376.009765625,15504.5,15632.9904296875,19272.122135416666,21145.93955078125,89085
2019-06-11,15461.669921875,16403.931640625,15290.349609375,16146.9521484375,15675.8205078125,15583.735791015624,19148.628662109375,21096.328002929688,193507
2019-06-12,16189.7822265625,17132.044921875,15932.80078125,15932.80078125,15761.4806640625,15562.320703125,19024.421337890624,21039.935017903645,275082
2019-06-13,16104.1220703125,16832.234375,15932.80078125,16660.9140625,15941.3673828125,15564.46220703125,18909.493896484375,20989.25272623698,215661
2019-06-14,16789.404296875,18459.77734375,16532.421875,17988.646484375,16421.0646484375,15650.122412109375,18817.40916341146,20953.204044596354,737859
2019-06-17,17988.646484375,18031.4765625,16489.591796875,16618.083984375,16669.4794921875,15692.952587890624,18716.758414713542,20913.22928873698,351664
2019-06-18,16703.744140625,16917.89453125,16061.2919921875,16703.744140625,16780.837890625,15748.631787109374,18626.10135091146,20883.605135091148,149206
2019-06-19,16789.404296875,17089.21484375,16489.591796875,16660.9140625,16926.460546875,15810.735498046875,18535.444287109374,20851.839477539062,120131
2019-06-20,16703.744140625,17089.21484375,16489.591796875,16532.421875,16900.762109375,15874.980615234375,18455.494742838542,20817.21846516927,66936
2019-06-21,16575.25390625,16575.25390625,16061.2919921875,16446.76171875,16592.38515625,15941.367236328126,18373.403694661458,20791.520385742188,79357
2019-06-24,16532.421875,17003.5546875,16361.1025390625,16875.064453125,16643.78125,16057.00859375,18297.737190755208,20776.529858398437,130871
2019-06-25,17003.5546875,17217.705078125,16275.4423828125,16403.931640625,16583.81875,16144.810302734375,18224.212158203125,20759.754728190102,114115
2019-06-26,16361.1025390625,16446.76171875,15718.650390625,15889.970703125,16429.630078125,16146.951806640625,18133.555094401043,20735.12741699219,114268
2019-06-27,15889.970703125,15975.6318359375,15632.990234375,15718.650390625,16266.87578125,16179.074365234375,18040.04269205729,20707.644767252605,88001
2019-06-28,15718.650390625,15761.48046875,15376.009765625,15418.83984375,16061.29140625,16161.942333984374,17944.388785807292,20679.091365559896,71183
2019-07-01,15889.970703125,16061.2919921875,15547.330078125,15761.48046875,15838.574609375,16164.083837890625,17848.73487955729,20650.181030273438,63263
2019-07-02,15718.650390625,15889.970703125,15247.51953125,15290.349609375,15615.858203125,16164.083837890625,17734.521240234375,20619.12920735677,105557
2019-07-03,15290.349609375,15418.83984375,15033.369140625,15204.689453125,15478.801953125,16149.093310546876,17623.162939453126,20582.72360839844,43359
2019-07-04,15204.689453125,15418.83984375,14776.388671875,15076.19921875,15350.31171875,16114.829248046875,17506.80779622396,20542.035001627602,63925
2019-07-05,15161.859375,15247.51953125,14819.21875,14947.708984375,15256.085546875,16082.706689453125,17391.16648763021,20491.709627278648,44918
2019-07-08,14947.708984375,14990.5390625,14390.9169921875,14390.9169921875,14981.9728515625,16033.45205078125,17275.5251953125,20441.02732747396,86327
2019-07-09,14390.9169921875,14605.0673828125,13705.6357421875,13748.4658203125,14673.59609375,15913.527734375,17147.74871419271,20383.563598632812,131914
2019-07-10,13619.9755859375,14091.1064453125,13534.3154296875,14091.1064453125,14450.8794921875,15821.443017578125,17031.393587239585,20331.810546875,126979
2019-07-11,14091.1064453125,14176.7666015625,13876.9560546875,14091.1064453125,14253.8609375,15692.95263671875,16913.610791015624,20279.343660481773,60129
2019-07-12,14091.1064453125,14133.9365234375,13791.2958984375,13919.7861328125,14048.2763671875,15489.509619140625,16772.98525390625,20219.381510416668,81021
2019-07-15,13962.6162109375,14048.2763671875,13662.8056640625,13705.6357421875,13911.2201171875,15343.88720703125,16629.50437825521,20160.490112304688,49354
2019-07-16,13705.6357421875,14219.5966796875,13705.6357421875,14005.4462890625,13962.6162109375,15208.972314453125,16513.149251302082,20105.167887369793,113401
2019-07-17,13962.6162109375,14005.4462890625,13577.1455078125,13662.8056640625,13876.9560546875,15059.06689453125,16393.93878580729,20045.562654622398,70332
2019-07-18,13577.1455078125,13919.7861328125,13534.3154296875,13662.8056640625,13791.2958984375,14915.586083984375,16279.725162760416,19987.74200846354,51825
2019-07-19,13705.6357421875,13791.2958984375,13491.4853515625,13577.1455078125,13722.7677734375,14772.1052734375,16161.942366536457,19926.709106445312,61003
2019-07-22,13619.9755859375,13619.9755859375,13234.50390625,13405.8251953125,13662.8056640625,14598.643310546875,16042.731901041667,19859.60861002604,58814
2019-07-23,13362.994140625,13748.4658203125,13277.333984375,13577.1455078125,13577.1455078125,14457.30400390625,15937.798128255208,19791.080428059897,64944
2019-07-24,13534.3154296875,14219.5966796875,13534.3154296875,13662.8056640625,13577.1455078125,14345.945751953124,15835.005859375,19719.339990234374,139822
2019-07-25,13191.673828125,13320.1640625,12292.2421875,12592.052734375,13362.994921875,14189.615869140625,15707.943196614584,19641.8888671875,356314
2019-07-26,12377.90234375,12549.22265625,11906.7705078125,12206.58203125,13088.8822265625,14029.002978515626,15574.456022135417,19549.804134114584,142811
2019-07-29,12078.0908203125,12206.58203125,11435.6396484375,11521.2998046875,12711.9771484375,13816.9939453125,15436.685823567708,19447.725708007812,128874
2019-07-30,11521.2998046875,12335.072265625,11521.2998046875,11821.1103515625,12360.7701171875,13643.531982421875,15316.047688802084,19322.804541015626,135649
2019-07-31,11949.6005859375,11992.4306640625,11564.1298828125,11778.2802734375,11983.8650390625,13472.2115234375,15204.689404296874,19197.526456705727,38937
2019-08-01,11606.9599609375,11863.9404296875,11521.2998046875,11564.1298828125,11778.28046875,13296.608056640625,15093.331119791666,19075.46064453125,75087
2019-08-02,11264.3193359375,11307.1494140625,10921.6787109375,11007.3388671875,11538.4318359375,13099.58955078125,14976.262158203124,18954.108666992186,206975
2019-08-05,11092.9990234375,11135.8291015625,10065.076171875,10107.90625,11255.753125,12885.439013671876,14850.627164713542,18825.61833496094,214965
2019-08-06,9722.435546875,10621.8671875,9551.1142578125,10150.736328125,10921.6783203125,12705.5525390625,14734.272021484376,18688.20506998698,182096
2019-08-07,10107.90625,10322.056640625,9893.755859375,10022.24609375,10570.471484375,12502.109521484375,14628.6244140625,18554.004060872398,118152
2019-08-08,10193.56640625,10621.8671875,10150.736328125,10536.20703125,10364.8869140625,12324.36455078125,14527.259798177083,18418.01844889323,70802
2019-08-09,10579.037109375,10793.1875,10279.2265625,10364.88671875,10236.396484375,12146.619580078124,14428.750537109376,18279.177498372395,120237
2019-08-12,10450.546875,10836.0185546875,10236.396484375,10450.546875,10304.924609375,11983.86513671875,14340.234977213542,18144.619571940104,94563
2019-08-13,10364.88671875,10664.697265625,10193.56640625,10407.716796875,10356.320703125,11803.978662109375,14253.860921223959,18000.781778971355,56227
2019-08-14,10493.376953125,10836.0185546875,10322.056640625,10407.716796875,10433.41484375,11641.22421875,14170.342203776041,17850.519474283854,105846
2019-08-16,10193.56640625,10407.716796875,10150.736328125,10236.396484375,10373.452734375,11469.903759765624,14086.823486328125,17702.755590820314,64800
2019-08-19,10279.2265625,10621.8671875,10150.736328125,10493.376953125,10399.15078125,11315.71533203125,14009.729280598958,17561.77313639323,94895
2019-08-20,10579.037109375,11050.1689453125,10364.88671875,10878.8486328125,10484.8111328125,11189.36650390625,13948.339469401042,17427.215201822917,126545
2019-08-21,10836.0185546875,10964.5087890625,10750.357421875,10964.5087890625,10596.16953125,11058.73466796875,13886.949658203124,17291.943432617187,49357
2019-08-22,11050.1689453125,11221.4892578125,10793.1875,10836.0185546875,10681.8298828125,10917.3953125,13803.43095703125,17165.2376953125,78947
2019-08-23,10836.0185546875,10836.0185546875,10536.20703125,10579.037109375,10750.3580078125,10816.74453125,13728.478255208332,17038.175032552084,86978
2019-08-26,10279.2265625,10621.8671875,10279.2265625,10450.546875,10741.7919921875,10728.9427734375,13639.9626953125,16910.755452473957,50151
2019-08-27,10579.037109375,10793.1875,10322.056640625,10364.88671875,10638.999609375,10671.122119140626,13550.73330078125,16788.33271484375,48214
2019-08-28,10322.056640625,10450.546875,10236.396484375,10322.056640625,10510.5091796875,10596.16943359375,13467.92841796875,16661.62696940104,60162
2019-08-29,10364.88671875,10407.716796875,10150.736328125,10193.56640625,10382.01875,10516.933740234375,13379.412858072918,16540.631901041666,29746
2019-08-30,10322.056640625,11050.1689453125,10279.2265625,10878.8486328125,10441.9810546875,10482.669677734375,13298.035660807293,16427.845939127605,161812
2019-09-02,10793.1875,10921.6787109375,10621.8671875,10793.1875,10510.5091796875,10471.962109375,13218.086116536459,16315.773803710938,81429
2019-09-03,10793.1875,11264.3193359375,10707.52734375,11092.9990234375,10656.131640625,10521.216748046874,13146.702604166667,16209.412369791668,123005
2019-09-04,11050.1689453125,12120.921875,10964.5087890625,11606.9599609375,10913.1123046875,10594.0279296875,13071.036067708334,16109.832364908854,282476
2019-09-05,11606.9599609375,12035.2607421875,11521.2998046875,12035.2607421875,11281.451171875,10694.678662109374,13006.077067057291,16015.249202473959,147270
2019-09-06,12120.921875,12120.921875,11435.6396484375,11478.4697265625,11401.375390625,10741.791796875,12919.702994791667,15914.598445638021,111370
2019-09-09,11521.2998046875,11992.4306640625,11521.2998046875,11735.4501953125,11589.8279296875,10810.319970703125,12815.483056640625,15816.446110026041,125510
2019-09-10,11778.2802734375,12292.2421875,11778.2802734375,12292.2421875,11829.6765625,10902.404736328124,12743.385693359374,15730.072054036458,136071
2019-09-11,12335.072265625,12720.54296875,12206.58203125,12249.412109375,11958.1669921875,10994.489501953125,12669.146826171875,15647.624088541666,154741
2019-09-16,12377.90234375,13234.50390625,12377.90234375,13020.353515625,12155.185546875,11125.121337890625,12608.470817057292,15571.957552083333,174635
2019-09-17,10279.2265625,10964.5087890625,9936.5859375,10022.24609375,11863.9408203125,11114.413818359375,12499.967887369792,15477.731315104167,1767922
2019-09-18,10022.24609375,10150.736328125,9765.265625,9850.92578125,11487.0359375,11082.291259765625,12390.037288411459,15381.720491536458,346969
2019-09-19,9893.755859375,9979.416015625,9593.9453125,9636.775390625,10955.942578125,11020.18759765625,12269.399137369792,15283.5681640625,222001
2019-09-20,9636.775390625,9808.095703125,9551.1142578125,9636.775390625,10433.415234375,10953.800927734375,12156.613199869791,15190.412679036459,245251
2019-09-23,9636.775390625,9979.416015625,9551.1142578125,9893.755859375,9808.095703125,10906.68779296875,12056.676285807293,15095.115690104167,170786
2019-09-24,9850.92578125,10150.736328125,9765.265625,10107.90625,9825.227734375,10883.13125,11963.163883463541,15001.603287760418,155311
2019-09-25,9936.5859375,10150.736328125,9850.92578125,9850.92578125,9825.227734375,10853.1501953125,11870.365315755209,14907.37705078125,133796
2019-09-26,9936.5859375,10022.24609375,9679.60546875,9765.265625,9850.92578125,10823.169140625,11770.428401692709,14809.581640625,77429
2019-09-27,9808.095703125,9850.92578125,9551.1142578125,9551.1142578125,9833.7935546875,10784.622021484374,11674.774479166666,14704.64785970052,69202
2019-09-30,9593.9453125,9936.5859375,9551.1142578125,9593.9453125,9773.8314453125,10754.640966796875,11581.262076822917,14602.21250813802,196206
2019-10-01,9636.775390625,9722.435546875,9208.4736328125,9379.7939453125,9628.208984375,10679.688232421875,11486.321988932292,14496.564892578124,269469
2019-10-02,9465.4541015625,9508.2841796875,9208.4736328125,9336.9638671875,9525.4166015625,10606.87705078125,11392.8095703125,14391.988028971355,184532
2019-10-04,9336.9638671875,9379.7939453125,8908.6630859375,8994.3232421875,9371.228125,10501.94326171875,11302.866341145833,14289.195768229167,139580
2019-10-07,9037.1533203125,9122.8134765625,8908.6630859375,8994.3232421875,9259.869921875,10371.31142578125,11223.630631510418,14185.689672851562,116857
2019-10-08,8994.3232421875,9294.1337890625,8951.4931640625,9165.6435546875,9174.2095703125,10227.83056640625,11141.539583333333,14086.466585286458,180766
2019-10-10,9208.4736328125,9251.3037109375,8865.8330078125,8994.3232421875,9097.1154296875,10103.6232421875,11056.593196614584,13985.101993815104,128574
2019-10-11,9037.1533203125,9122.8134765625,8951.4931640625,8951.4931640625,9020.0212890625,9964.425390625,10973.788313802082,13873.386783854166,52566
2019-10-14,9037.1533203125,9336.9638671875,8994.3232421875,9165.6435546875,9054.2853515625,9808.095458984375,10898.12177734375,13763.81307779948,189297
2019-10-15,9122.8134765625,9422.6240234375,9122.8134765625,9336.9638671875,9122.8134765625,9662.473046875,10820.313736979168,13666.731494140626,120815
2019-10-16,9379.7939453125,9465.4541015625,9122.8134765625,9165.6435546875,9122.8134765625,9469.737548828125,10745.36103515625,13569.64991048177,120044
2019-10-17,9208.4736328125,9251.3037109375,8994.3232421875,9122.8134765625,9148.5115234375,9424.76591796875,10669.694498697916,13474.709830729167,79718
2019-10-18,9165.6435546875,9165.6435546875,8994.3232421875,9037.1533203125,9165.6435546875,9384.077294921875,10594.027962239583,13377.985164388021,65923
2019-10-21,8994.3232421875,9122.8134765625,8908.6630859375,8994.3232421875,9131.3794921875,9351.9546875,10520.5029296875,13281.617415364582,103514
2019-10-22,8994.3232421875,9037.1533203125,8865.8330078125,8908.6630859375,9045.7193359375,9315.549072265625,10442.694889322916,13190.246508789063,153104
2019-10-23,8865.8330078125,9079.9833984375,8651.6826171875,8737.3427734375,8960.0591796875,9257.72841796875,10360.603841145834,13097.804850260416,148547
2019-10-24,8694.5126953125,9079.9833984375,8651.6826171875,8994.3232421875,8934.3611328125,9202.049267578124,10300.641682942709,13004.292439778646,215821
2019-10-25,8951.4931640625,9079.9833984375,8780.1728515625,8823.0029296875,8891.5310546875,9150.653125,10244.248697916666,12909.352360026041,152824
2019-10-28,8908.6630859375,9765.265625,8737.3427734375,9765.265625,9045.71953125,9150.653125,10214.981461588543,12825.833642578125,370367
2019-10-29,9722.435546875,9979.416015625,9208.4736328125,9294.1337890625,9122.813671875,9137.8041015625,10172.865185546874,12744.45643717448,166867
2019-10-30,9294.1337890625,9336.9638671875,9122.8134765625,9251.3037109375,9225.605859375,9120.672021484375,10130.748909505208,12667.719156901041,45909
2019-10-31,9251.3037109375,9379.7939453125,9165.6435546875,9165.6435546875,9259.869921875,9109.964501953125,10090.774137369792,12592.05262858073,44764
2019-11-01,9165.6435546875,9336.9638671875,9079.9833984375,9165.6435546875,9328.398046875,9101.398486328126,10060.079215494792,12518.170686848958,71008
2019-11-04,9251.3037109375,9379.7939453125,9122.8134765625,9336.9638671875,9242.7376953125,9118.530517578125,10047.23017578125,12448.928670247396,107913
2019-11-05,9251.3037109375,9379.7939453125,9079.9833984375,9379.7939453125,9259.8697265625,9137.804052734375,10034.381136067708,12384.326578776041,266946
2019-11-06,9910.0,9910.0,9560.0,9620.0,9333.608984375,9160.521875,10027.677034505208,12328.150724283854,215613
2019-11-07,9570.0,9660.0,9470.0,9600.0,9420.4802734375,9190.805712890626,10012.073583984375,12269.666691080729,76667
2019-11-08,9550.0,9720.0,9550.0,9700.0,9527.3515625,9228.2310546875,10000.992138671874,12214.871337890625,57360
2019-11-11,9660.0,9700.0,9460.0,9510.0,9561.9587890625,9245.448876953125,9985.316357421874,12162.775667317708,62783
2019-11-12,9510.0,9540.0,9230.0,9250.0,9536.0,9241.10068359375,9966.021077473959,12109.940999348959,104067
2019-11-13,9250.0,9280.0,9010.0,9010.0,9414.0,9233.318505859375,9942.725797526042,12056.534000651041,96914
2019-11-14,9040.0,9160.0,8820.0,9010.0,9296.0,9227.67783203125,9922.285856119792,12004.554671223957,100322
2019-11-15,8980.0,9050.0,8950.0,8960.0,9148.0,9223.820166015625,9896.729573567709,11953.229427083334,71337
2019-11-18,9030.0,9040.0,8820.0,8850.0,9016.0,9216.60400390625,9862.9154296875,11905.62744954427,92134
2019-11-19,8830.0,8890.0,8710.0,8710.0,8908.0,9206.670849609374,9825.340283203124,11856.144970703124,85054
2019-11-20,8710.0,8740.0,8500.0,8520.0,8810.0,9195.8037109375,9786.739973958332,11795.085465494793,100715
2019-11-21,8420.0,8590.0,8150.0,8240.0,8656.0,9158.087548828125,9747.756022135416,11738.117138671874,154341
2019-11-22,8200.0,8680.0,8200.0,8410.0,8546.0,9137.43740234375,9713.746907552084,11676.854801432291,206916
2019-11-25,8410.0,8780.0,8230.0,8660.0,8508.0,9082.17412109375,9685.33212890625,11618.03271484375,233469
2019-11-26,8670.0,9360.0,8640.0,9350.0,8636.0,9084.967431640625,9669.131184895834,11568.529801432293,504497
2019-11-27,9350.0,10100.0,9230.0,9690.0,8870.0,9106.90224609375,9660.738411458333,11520.075634765624,811088
2019-11-28,9500.0,9500.0,9030.0,9050.0,9032.0,9101.120068359374,9630.257600911458,11464.146630859375,351650
2019-11-29,9000.0,9110.0,8740.0,9010.0,9152.0,9093.337890625,9600.537809244792,11409.311962890624,175080
2019-12-02,8950.0,9050.0,8550.0,8560.0,9132.0,9054.489697265624,9558.321158854167,11352.511881510416,179880
2019-12-03,8580.0,8760.0,8420.0,8660.0,8994.0,9018.5,9509.205159505209,11290.12061360677,124179
2019-12-04,8600.0,8690.0,8450.0,8550.0,8766.0,8965.0,9451.11748046875,11228.59727376302,145516
2019-12-05,8560.0,8590.0,8340.0,8470.0,8650.0,8908.5,9400.976318359375,11160.339656575521,163393
2019-12-06,8420.0,8550.0,8260.0,8350.0,8518.0,8841.0,9344.5521484375,11080.017602539063,131652
2019-12-09,8360.0,8710.0,8290.0,8670.0,8540.0,8799.0,9284.1814453125,11013.783569335938,142601
2019-12-10,8670.0,9040.0,8620.0,8940.0,8596.0,8783.5,9229.024576822916,10949.085701497395,254406
2019-12-11,8890.0,9010.0,8780.0,9000.0,8686.0,8783.0,9162.018684895833,10885.244750976562,109063
2019-12-12,9020.0,10850.0,9000.0,10000.0,8992.0,8832.5,9161.647916666667,10830.807902018229,2287123
2019-12-13,10000.0,10100.0,9790.0,9900.0,9302.0,8879.5,9162.4658203125,10776.25155436198,418434
2019-12-16,9900.0,9910.0,9270.0,9270.0,9422.0,8900.5,9156.352897135417,10712.876017252604,443430
2019-12-17,9280.0,10200.0,9280.0,9980.0,9630.0,8964.0,9162.073307291666,10659.34325358073,911557
2019-12-18,10050.0,10350.0,9770.0,9770.0,9784.0,9026.5,9160.010709635417,10608.343497721355,318256
2019-12-19,9810.0,9970.0,9660.0,9730.0,9730.0,9101.0,9153.712272135417,10558.43807779948,137552
2019-12-20,9670.0,9800.0,9450.0,9590.0,9668.0,9160.0,9149.363509114582,10509.864412434896,173841
2019-12-23,9560.0,10100.0,9360.0,10050.0,9824.0,9229.5,9154.10908203125,10462.268741861979,458355
2019-12-24,10150.0,10350.0,9640.0,9710.0,9770.0,9247.5,9156.757177734375,10415.765828450521,359567
2019-12-26,9670.0,9850.0,9480.0,9750.0,9766.0,9250.5,9159.358089192709,10370.310083007813,308336
2019-12-27,9770.0,11350.0,9770.0,10850.0,9990.0,9340.5,9183.8615234375,10335.091756184896,2289210
2019-12-30,10650.0,11800.0,10400.0,11550.0,10382.0,9467.5,9220.745458984375,10306.777514648438,1544847
2020-01-02,11550.0,11550.0,11100.0,11250.0,10622.0,9602.0,9258.340071614582,10280.603206380209,600262
2020-01-03,11250.0,11850.0,11150.0,11250.0,10930.0,9731.5,9295.934684244792,10259.782657877604,534169
2020-01-06,11050.0,11250.0,10750.0,10900.0,11160.0,9849.0,9324.840625,10233.190104166666,329798
2020-01-07,10950.0,11250.0,10750.0,10850.0,11160.0,9968.0,9355.768570963543,10206.180883789062,268979
2020-01-08,10700.0,10800.0,10200.0,10400.0,10930.0,10070.5,9379.9103515625,10176.849332682292,433481
2020-01-09,10700.0,11500.0,10700.0,11250.0,10930.0,10199.5,9414.649625651042,10156.385701497396,545993
2020-01-10,11400.0,13050.0,11250.0,12700.0,11220.0,10387.5,9470.700227864583,10145.506982421875,1750858
2020-01-13,12800.0,13350.0,11850.0,11950.0,11430.0,10535.0,9517.106168619792,10131.233601888021,1410309
2020-01-14,12050.0,12400.0,11750.0,12100.0,11680.0,10640.0,9566.725944010417,10118.210221354168,538771
2020-01-15,12100.0,12300.0,11950.0,12000.0,12000.0,10745.0,9616.106722005208,10105.067342122396,268725
2020-01-16,12050.0,12050.0,11600.0,11700.0,12090.0,10866.5,9661.201334635416,10090.852132161459,328733
2020-01-17,11850.0,12200.0,11700.0,11750.0,11900.0,10955.0,9708.556949869791,10075.625919596354,292654
2020-01-20,11900.0,12200.0,11800.0,11900.0,11890.0,11061.5,9761.267903645834,10060.935872395834,262261
2020-01-21,11950.0,12000.0,11350.0,11450.0,11760.0,11147.5,9802.195849609376,10051.418766276041,321549
2020-01-22,11350.0,11700.0,11250.0,11500.0,11660.0,11243.0,9846.812467447917,10045.530582682291,252486
2020-01-23,11550.0,11600.0,10950.0,11200.0,11560.0,11300.5,9870.72470703125,10042.853084309896,345671
2020-01-28,10600.0,10900.0,10300.0,10500.0,11310.0,11340.0,9890.822477213542,10031.843831380209,460763
2020-01-29,10700.0,10750.0,10500.0,10550.0,11040.0,11380.0,9912.467415364583,10021.608162434895,182301
2020-01-30,10550.0,10650.0,10050.0,10200.0,10790.0,11347.5,9929.706689453125,10010.240413411459,319996
2020-01-31,10200.0,10350.0,9790.0,9840.0,10458.0,11262.0,9940.945963541666,10000.51258951823,297018
2020-02-03,9690.0,9910.0,9300.0,9800.0,10178.0,11189.5,9948.663232421875,9997.946704101563,385601
2020-02-04,9830.0,10650.0,9830.0,10450.0,10168.0,11149.5,9966.5,10000.440568033855,448394
2020-02-05,10700.0,10950.0,10200.0,10750.0,10208.0,11142.0,9985.333333333334,10006.505183919271,407924
2020-02-06,11050.0,11350.0,10750.0,11200.0,10408.0,11159.5,10012.0,10012.036791992188,454668
2020-02-07,11100.0,11500.0,11100.0,11250.0,10690.0,11202.0,10037.833333333334,10019.412736002605,218528
2020-02-10,11150.0,11500.0,10950.0,11350.0,11000.0,11207.0,10068.5,10026.908178710937,178408
2020-02-11,11300.0,11550.0,11150.0,11250.0,11160.0,11134.5,10101.833333333334,10033.927205403646,209499
2020-02-12,11300.0,11300.0,10850.0,11000.0,11210.0,11087.0,10135.0,10038.86289876302,158763
2020-02-13,11050.0,11250.0,10450.0,10800.0,11130.0,11022.0,10164.833333333334,10043.559594726563,407303
2020-02-14,10850.0,11050.0,10750.0,10950.0,11070.0,10969.5,10198.0,10047.364786783854,127561
2020-02-17,10950.0,11000.0,10200.0,10350.0,10870.0,10902.0,10223.0,10042.95771484375,468465
2020-02-18,10350.0,10350.0,10100.0,10150.0,10650.0,10822.0,10247.0,10036.170141601562,152538
2020-02-19,10250.0,10300.0,9940.0,10100.0,10470.0,10732.0,10273.333333333334,10030.036653645833,128214
2020-02-20,10150.0,10150.0,9830.0,9890.0,10288.0,10654.0,10300.833333333334,10024.294677734375,214702
2020-02-21,9780.0,9950.0,9620.0,9660.0,10030.0,10562.0,10321.666666666666,10017.706787109375,131150
2020-02-24,9340.0,9370.0,8800.0,9070.0,9774.0,10455.5,10328.5,10006.916064453126,271694
2020-02-25,8890.0,9530.0,8890.0,9390.0,9622.0,10400.0,10329.166666666666,9999.14892578125,179327
2020-02-26,9120.0,9390.0,9090.0,9340.0,9470.0,10339.5,10323.333333333334,9992.035872395832,103860
2020-02-27,9410.0,9500.0,8950.0,8950.0,9282.0,10277.0,10321.666666666666,9975.962133789062,200072
2020-02-28,8790.0,8930.0,8550.0,8630.0,9076.0,10216.5,10315.333333333334,9957.935571289063,259616
2020-03-02,8640.0,9030.0,8610.0,8900.0,9042.0,10171.5,10321.0,9939.660579427084,144962
2020-03-03,9200.0,9460.0,9110.0,9170.0,8998.0,10107.5,10329.5,9919.352579752604,139383
2020-03-04,9100.0,9470.0,9000.0,9470.0,9024.0,10043.5,10344.833333333334,9897.975406901041,106312
2020-03-05,9520.0,9660.0,9310.0,9380.0,9110.0,9952.5,10360.0,9880.488159179688,101244
2020-03-06,9210.0,9360.0,9060.0,9160.0,9216.0,9848.0,10373.5,9859.02607421875,96885
2020-03-09,9160.0,9160.0,9160.0,9160.0,9268.0,9738.5,10381.666666666666,9832.924055989582,0
2020-03-10,8410.0,8750.0,8360.0,8660.0,9166.0,9609.0,10377.0,9803.012288411459,123674
2020-03-11,8750.0,8790.0,8140.0,8160.0,8904.0,9467.0,10363.0,9762.509342447916,215767
2020-03-12,8160.0,8160.0,8160.0,8160.0,8660.0,9335.0,10332.333333333334,9746.990625,0
2020-03-13,6980.0,6980.0,6130.0,6800.0,8188.0,9127.5,10280.666666666666,9721.566243489584,665845
2020-03-16,6900.0,7080.0,6500.0,6530.0,7662.0,8936.5,10235.0,9695.676448567709,240319
2020-03-17,5950.0,6790.0,5950.0,6610.0,7252.0,8759.5,10178.833333333334,9670.4533203125,260399
2020-03-18,6720.0,6830.0,5980.0,5980.0,6816.0,8553.5,10115.666666666666,9637.838688151041,317731
2020-03-19,5900.0,6180.0,4840.0,4900.0,6164.0,8304.0,10035.166666666666,9594.439469401043,576872
2020-03-20,4900.0,6170.0,4845.0,6170.0,6038.0,8129.5,9978.166666666666,9563.765087890624,347343
2020-03-23,5400.0,5400.0,5010.0,5200.0,5772.0,7936.0,9897.333333333334,9525.721207682293,343694
2020-03-24,5400.0,5770.0,5220.0,5510.0,5552.0,7742.0,9827.333333333334,9492.045255533854,206133
2020-03-25,5770.0,6260.0,5660.0,5880.0,5532.0,7569.0,9762.833333333334,9461.09571126302,413560
2020-03-26,6000.0,6340.0,5680.0,5860.0,5724.0,7414.5,9679.666666666666,9431.764095052084,395356
2020-03-27,6130.0,6310.0,5800.0,5970.0,5684.0,7281.5,9586.666666666666,9403.70606282552,243926
2020-03-30,5820.0,6270.0,5600.0,6140.0,5872.0,7143.5,9501.5,9379.920035807292,183580
2020-03-31,6380.0,6830.0,6250.0,6540.0,6078.0,7012.0,9423.0,9359.467342122396,333137
2020-04-01,6530.0,6790.0,6310.0,6430.0,6188.0,6860.0,9348.5,9336.6703125,218203
2020-04-02,6430.0,6570.0,6200.0,6540.0,6324.0,6718.0,9276.666666666666,9316.217618815104,154846
2020-04-03,6590.0,6700.0,6390.0,6490.0,6428.0,6584.5,9211.5,9295.70517578125,204826
2020-04-06,6490.0,6980.0,6480.0,6800.0,6560.0,6466.5,9137.333333333334,9275.991479492188,246556
2020-04-07,7070.0,7100.0,6730.0,6870.0,6626.0,6377.0,9040.166666666666,9255.433447265625,280818
2020-04-08,6900.0,6980.0,6770.0,6870.0,6714.0,6312.5,8955.5,9236.303084309895,211752
2020-04-09,6980.0,7050.0,6830.0,7030.0,6812.0,6256.0,8871.0,9218.862972005209,297451
2020-04-10,7070.0,7170.0,6750.0,7030.0,6920.0,6267.5,8788.166666666666,9202.136694335937,220322
2020-04-13,7020.0,7040.0,6880.0,6890.0,6938.0,6285.5,8708.0,9184.600667317709,151216
2020-04-14,6970.0,7090.0,6890.0,6980.0,6960.0,6304.0,8628.5,9168.528474934896,179249
2020-04-16,6910.0,7230.0,6710.0,7220.0,7030.0,6366.0,8550.5,9155.883951822916,378862
2020-04-17,7270.0,7670.0,7260.0,7400.0,7104.0,6491.0,8483.0,9142.597924804688,342642
2020-04-20,7420.0,7820.0,7420.0,7690.0,7236.0,6567.0,8419.5,9133.156233723957,285197
2020-04-21,7760.0,8250.0,7310.0,8040.0,7466.0,6709.0,8366.833333333334,9118.779020182292,600366
2020-04-22,7880.0,8290.0,7720.0,8270.0,7724.0,6847.0,8329.666666666666,9110.244571940104,228274
2020-04-23,8280.0,8840.0,8210.0,8500.0,7980.0,6978.0,8295.5,9103.983707682291,308083
2020-04-24,8500.0,8680.0,7710.0,8040.0,8108.0,7087.0,8259.5,9094.603344726562,272619
2020-04-27,8050.0,8600.0,8050.0,8260.0,8222.0,7201.5,8233.166666666666,9087.056315104166,446599
2020-04-28,8550.0,8580.0,8080.0,8140.0,8242.0,7301.5,8205.5,9077.081616210937,338052
2020-04-29,8200.0,8330.0,8140.0,8250.0,8238.0,7387.0,8168.833333333333,9067.666666666666,250562
2020-05-04,8160.0,8250.0,7620.0,7890.0,8116.0,7460.0,8121.166666666667,9053.25,290947
2020-05-06,8060.0,8060.0,7810.0,7990.0,8106.0,7532.5,8067.666666666667,9039.833333333334,117610
2020-05-07,7920.0,8120.0,7920.0,8050.0,8064.0,7610.5,8014.333333333333,9026.083333333334,89643
2020-05-08,8140.0,8160.0,8040.0,8080.0,8052.0,7674.5,7959.833333333333,9014.166666666666,124968
2020-05-11,8310.0,8480.0,8090.0,8140.0,8030.0,7738.0,7908.0,9004.916666666666,256683
2020-05-12,8210.0,8220.0,7930.0,8080.0,8068.0,7798.5,7859.333333333333,8997.166666666666,108171
2020-05-13,7880.0,8030.0,7870.0,7990.0,8068.0,7846.5,7812.5,8988.666666666666,96222
2020-05-14,7950.0,7950.0,7710.0,7710.0,8000.0,7880.5,7758.5,8978.25,191329
2020-05-15,7770.0,7840.0,7510.0,7540.0,7892.0,7913.0,7711.666666666667,8967.333333333334,169750
2020-05-18,7610.0,7620.0,7390.0,7480.0,7760.0,7938.0,7667.166666666667,8957.083333333334,175388
2020-05-19,7610.0,8320.0,7610.0,8180.0,7780.0,7986.0,7635.166666666667,8954.25,594350
2020-05-20,8100.0,8330.0,8040.0,8210.0,7824.0,8026.5,7607.166666666667,8954.0,230386
2020-05-21,8300.0,8940.0,8280.0,8540.0,7990.0,8069.0,7588.5,8955.083333333334,660218
2020-05-22,8550.0,8580.0,8080.0,8130.0,8108.0,8073.5,7572.833333333333,8950.666666666666,293747
2020-05-25,8190.0,8200.0,8030.0,8160.0,8244.0,8068.0,7552.333333333333,8940.75,112179
2020-05-26,8160.0,8430.0,8010.0,8320.0,8272.0,8059.0,7535.333333333333,8929.333333333334,225733
2020-05-27,8390.0,9380.0,8360.0,8820.0,8394.0,8098.0,7533.166666666667,8927.416666666666,1119706
2020-05-28,8860.0,9070.0,8370.0,8510.0,8388.0,8110.5,7531.166666666667,8923.25,466392
2020-05-29,8460.0,8520.0,8210.0,8270.0,8416.0,8117.0,7520.666666666667,8920.833333333334,228193
2020-06-01,8270.0,8860.0,8270.0,8850.0,8554.0,8147.0,7515.333333333333,8922.416666666666,304051
2020-06-02,9330.0,9460.0,8820.0,8920.0,8674.0,8198.5,7506.166666666667,8925.5,587354
2020-06-03,9060.0,9590.0,8960.0,9530.0,8816.0,8275.5,7508.666666666667,8934.333333333334,736432
2020-06-04,9590.0,9890.0,9120.0,9180.0,8950.0,8332.0,7509.0,8941.25,569189
2020-06-05,9210.0,9250.0,9010.0,9230.0,9142.0,8389.5,7510.166666666667,8945.916666666666,250994
2020-06-08,9400.0,9410.0,9200.0,9250.0,9222.0,8445.0,7520.0,8948.5,216318
2020-06-09,9250.0,9440.0,8880.0,9030.0,9244.0,8492.5,7534.5,8948.75,464305
2020-06-10,9030.0,9030.0,8760.0,8800.0,9098.0,8533.0,7545.166666666667,8938.75,330574
2020-06-11,8860.0,8900.0,8520.0,8600.0,8982.0,8577.5,7575.166666666667,8927.916666666666,372929
2020-06-12,7920.0,8230.0,7920.0,8150.0,8766.0,8608.0,7602.166666666667,8918.583333333334,527659
2020-06-15,8100.0,8190.0,7620.0,7650.0,8446.0,8616.5,7619.5,8899.166666666666,294738
2020-06-16,7810.0,8110.0,7810.0,8040.0,8248.0,8609.5,7653.833333333333,8884.75,289688
2020-06-17,7930.0,8060.0,7710.0,7870.0,8062.0,8592.5,7703.333333333333,8869.25,305828
2020-06-18,7800.0,7910.0,7730.0,7770.0,7896.0,8554.0,7730.0,8854.083333333334,220641
2020-06-19,7810.0,7970.0,7690.0,7890.0,7844.0,8542.0,7774.833333333333,8836.083333333334,296914
2020-06-22,7910.0,8030.0,7640.0,7710.0,7856.0,8519.5,7811.5,8819.416666666666,300615
2020-06-23,7770.0,7840.0,7550.0,7610.0,7770.0,8484.0,7840.333333333333,8801.583333333334,215652
2020-06-24,7690.0,7870.0,7660.0,7830.0,7762.0,8434.5,7873.166666666667,8776.416666666666,175828
2020-06-25,7700.0,7800.0,7610.0,7740.0,7756.0,8396.0,7902.666666666667,8744.666666666666,145292
2020-06-26,7790.0,7860.0,7680.0,7820.0,7742.0,8373.5,7930.666666666667,8716.083333333334,85361
2020-06-29,7680.0,7800.0,7580.0,7600.0,7720.0,8311.0,7948.333333333333,8685.666666666666,107801
2020-06-30,7720.0,8090.0,7660.0,7920.0,7782.0,8261.0,7973.166666666667,8660.833333333334,212829
2020-07-01,8050.0,8080.0,7700.0,7730.0,7762.0,8171.0,7993.0,8634.833333333334,176043
2020-07-02,7720.0,7830.0,7710.0,7800.0,7774.0,8102.0,8014.833333333333,8613.166666666666,64466
2020-07-03,7870.0,7870.0,7670.0,7780.0,7766.0,8029.5,8031.166666666667,8584.25,59937
2020-07-06,7800.0,8100.0,7710.0,8060.0,7858.0,7970.0,8051.0,8545.583333333334,174457
2020-07-07,8170.0,8400.0,8040.0,8100.0,7894.0,7923.5,8071.5,8513.5,274415
2020-07-08,8250.0,8440.0,8160.0,8240.0,7996.0,7895.5,8091.666666666667,8481.333333333334,196142
2020-07-09,8320.0,8360.0,8140.0,8250.0,8086.0,7878.0,8112.0,8450.083333333334,98370
2020-07-10,8180.0,8350.0,7940.0,8260.0,8182.0,7883.5,8134.833333333333,8421.416666666666,183196
2020-07-13,8340.0,8340.0,8180.0,8250.0,8220.0,7913.5,8156.0,8392.25,112474
2020-07-14,8100.0,8100.0,7930.0,8000.0,8200.0,7911.5,8169.0,8359.75,195293
2020-07-15,8080.0,8740.0,8080.0,8500.0,8252.0,7943.0,8187.333333333333,8335.166666666666,660066
2020-07-16,8510.0,8600.0,8390.0,8500.0,8302.0,7979.5,8200.833333333334,8310.166666666666,186487
2020-07-17,8500.0,8550.0,8190.0,8480.0,8346.0,8009.0,8208.166666666666,8287.5,234545
2020-07-20,8550.0,8580.0,8250.0,8410.0,8378.0,8044.0,8210.5,8270.083333333334,120874
2020-07-21,8410.0,9800.0,8380.0,9720.0,8722.0,8149.5,8230.833333333334,8263.166666666666,2096453
2020-07-22,9690.0,10300.0,9490.0,10000.0,9022.0,8258.0,8263.5,8261.5,1628138
2020-07-23,10000.0,10200.0,9530.0,9600.0,9242.0,8351.0,8285.833333333334,8259.5,760638
2020-07-24,9460.0,9780.0,9260.0,9410.0,9428.0,8430.5,8307.0,8256.25,401965
2020-07-27,9580.0,10400.0,9510.0,10300.0,9806.0,8565.5,8341.166666666666,8255.0,1442451
2020-07-28,10450.0,10750.0,9980.0,10050.0,9872.0,8672.0,8377.166666666666,8249.166666666666,901333
2020-07-29,10050.0,11700.0,10050.0,11600.0,10192.0,8865.5,8437.333333333334,8252.5,3431354
2020-07-30,11900.0,13000.0,11300.0,12400.0,10752.0,9095.5,8509.833333333334,8262.083333333334,3648370
2020-07-31,12400.0,12850.0,12100.0,12450.0,11360.0,9329.0,8582.666666666666,8271.25,1136925
2020-08-03,12100.0,12450.0,11800.0,12350.0,11770.0,9543.5,8652.833333333334,8280.416666666666,975201
2020-08-04,12200.0,12700.0,12200.0,12450.0,12250.0,9761.0,8725.666666666666,8292.5,718828
2020-08-05,12550.0,12550.0,11850.0,12200.0,12370.0,9959.0,8795.833333333334,8304.166666666666,815064
2020-08-06,12200.0,12750.0,11950.0,12600.0,12410.0,10176.5,8877.333333333334,8317.916666666666,951920
2020-08-07,12550.0,12600.0,12150.0,12250.0,12370.0,10376.0,8955.833333333334,8333.75,596474
2020-08-10,12250.0,12900.0,11950.0,12450.0,12390.0,10586.0,9038.666666666666,8352.916666666666,759511
2020-08-11,12450.0,12600.0,12050.0,12350.0,12370.0,10803.5,9108.166666666666,8371.666666666666,487173
2020-08-12,12300.0,12550.0,11500.0,11800.0,12290.0,10968.5,9168.0,8387.583333333334,846854
2020-08-13,11650.0,12500.0,11250.0,12200.0,12210.0,11153.5,9229.0,8408.75,1095364
2020-08-14,12000.0,12450.0,11700.0,11900.0,12140.0,11324.5,9291.833333333334,8432.333333333334,476747
2020-08-18,11600.0,12000.0,10750.0,10900.0,11830.0,11449.0,9337.5,8444.916666666666,720196
2020-08-19,10900.0,11450.0,10800.0,11150.0,11590.0,11520.5,9384.666666666666,8460.0,399647
2020-08-20,10950.0,11300.0,10350.0,10450.0,11320.0,11543.0,9411.833333333334,8472.5,539705
2020-08-21,10650.0,10850.0,10300.0,10650.0,11010.0,11595.5,9447.5,8489.333333333334,356272
2020-08-24,10600.0,11350.0,10300.0,11050.0,10840.0,11677.5,9493.833333333334,8507.25,279312
2020-08-25,11350.0,12250.0,11300.0,12050.0,11070.0,11765.0,9547.166666666666,8531.25,729324
2020-08-26,12100.0,12300.0,11750.0,11800.0,11200.0,11852.5,9595.166666666666,8550.666666666666,436885
2020-08-27,11800.0,11800.0,11200.0,11200.0,11350.0,11832.5,9623.0,8565.833333333334,432174
2020-08-28,11350.0,12000.0,11300.0,11500.0,11520.0,11787.5,9661.666666666666,8585.333333333334,355658
2020-08-31,11750.0,12350.0,11600.0,11750.0,11660.0,11752.5,9703.666666666666,8606.916666666666,596801
2020-09-01,11900.0,12250.0,11700.0,12150.0,11680.0,11742.5,9752.0,8636.0,469487
2020-09-02,12300.0,12350.0,11850.0,12250.0,11770.0,11732.5,9805.666666666666,8670.083333333334,368914
2020-09-03,12350.0,13650.0,12100.0,13550.0,12240.0,11800.0,9884.833333333334,8715.0,2045449
2020-09-04,12850.0,17350.0,12800.0,15850.0,13110.0,11962.5,10005.666666666666,8790.416666666666,8210775
2020-09-07,16300.0,18000.0,15850.0,17950.0,14350.0,12247.5,10169.0,8885.583333333334,4434119
2020-09-08,18300.0,18450.0,16850.0,17550.0,15430.0,12502.5,10334.0,8976.75,2073290
2020-09-09,17150.0,18500.0,17100.0,17400.0,16460.0,12755.0,10490.0,9071.916666666666,3766195
2020-09-10,18000.0,20800.0,17400.0,19250.0,17600.0,13127.5,10679.666666666666,9191.5,6868595
2020-09-11,19050.0,20100.0,18700.0,18850.0,18200.0,13460.0,10864.333333333334,9297.166666666666,1713805
2020-09-14,18800.0,18850.0,17700.0,17700.0,18150.0,13750.0,11027.833333333334,9401.333333333334,1266699
2020-09-15,17850.0,18400.0,17250.0,18300.0,18300.0,14120.0,11204.333333333334,9507.916666666666,1133100
2020-09-16,18000.0,18450.0,17300.0,17500.0,18320.0,14437.5,11369.166666666666,9604.75,742267
2020-09-17,17550.0,18550.0,17450.0,17950.0,18060.0,14812.5,11537.833333333334,9705.5,949909
2020-09-18,18050.0,18300.0,17200.0,17800.0,17850.0,15170.0,11705.5,9804.083333333334,572246
2020-09-21,17800.0,18150.0,16600.0,16850.0,17680.0,15460.0,11856.0,9893.333333333334,618425
2020-09-22,16650.0,16850.0,16150.0,16450.0,17310.0,15680.0,12003.5,9975.916666666666,633298
2020-09-23,16800.0,16850.0,15250.0,15750.0,16960.0,15877.5,12134.0,10053.583333333334,890098
2020-09-24,15200.0,16100.0,15000.0,15250.0,16420.0,16080.0,12259.333333333334,10126.166666666666,750355
2020-09-25,15500.0,15900.0,15000.0,15900.0,16040.0,16300.0,12394.333333333334,10204.583333333334,570483
2020-09-28,16300.0,16900.0,15900.0,16200.0,15910.0,16522.5,12534.666666666666,10282.916666666666,795755
2020-09-29,16200.0,16250.0,15300.0,15300.0,15680.0,16680.0,12655.333333333334,10353.166666666666,677248
2020-10-05,15450.0,16250.0,15100.0,16100.0,15750.0,16872.5,12788.666666666666,10430.083333333334,598750
2020-10-06,16150.0,16250.0,15400.0,15500.0,15800.0,16970.0,12909.666666666666,10500.666666666666,476401
2020-10-07,15200.0,15700.0,15200.0,15450.0,15710.0,16950.0,13029.666666666666,10570.833333333334,319114
2020-10-08,15750.0,16050.0,15600.0,15900.0,15650.0,16847.5,13157.0,10645.916666666666,549210
2020-10-12,16450.0,16700.0,16050.0,16400.0,15870.0,16790.0,13292.833333333334,10724.416666666666,579824
2020-10-13,16400.0,16550.0,15850.0,15900.0,15830.0,16715.0,13424.5,10796.75,316390
2020-10-14,16000.0,16050.0,15600.0,15650.0,15860.0,16535.0,13543.666666666666,10865.5,286474
2020-10-15,15700.0,15700.0,14700.0,15050.0,15780.0,16345.0,13652.833333333334,10926.833333333334,575046
2020-10-16,14950.0,15200.0,14250.0,14450.0,15490.0,16182.5,13752.333333333334,10980.25,356662
2020-10-19,14700.0,14800.0,14050.0,14100.0,15030.0,15972.5,13847.166666666666,11028.833333333334,366587
2020-10-20,14000.0,14550.0,13800.0,14550.0,14760.0,15825.0,13927.666666666666,11079.25,350884
2020-10-21,14700.0,14950.0,14300.0,14800.0,14590.0,15667.5,14007.666666666666,11135.583333333334,329411
2020-10-22,14650.0,14900.0,14400.0,14400.0,14460.0,15497.5,14087.666666666666,11186.75,290893
2020-10-23,14450.0,14650.0,14150.0,14600.0,14490.0,15385.0,14174.166666666666,11240.583333333334,232814
2020-10-26,14700.0,14700.0,14200.0,14200.0,14510.0,15272.5,14239.166666666666,11290.166666666666,298248
2020-10-27,13950.0,14500.0,13800.0,14050.0,14410.0,15187.5,14305.833333333334,11341.5,330610
2020-10-28,14100.0,15000.0,14000.0,15000.0,14450.0,15175.0,14362.5,11399.916666666666,333669
2020-10-29,14650.0,15750.0,14400.0,15700.0,14710.0,15165.0,14417.5,11463.666666666666,820879
2020-10-30,15600.0,15900.0,14950.0,15000.0,14790.0,15105.0,14460.0,11521.333333333334,462966
2020-11-02,15050.0,15800.0,15050.0,15800.0,15110.0,15130.0,14517.5,11585.166666666666,458412
2020-11-03,15900.0,15950.0,15400.0,15700.0,15440.0,15110.0,14571.666666666666,11648.666666666666,413663
2020-11-04,15800.0,16150.0,14350.0,14600.0,15360.0,15065.0,14611.666666666666,11703.75,942330
2020-11-05,15250.0,15450.0,15000.0,15100.0,15240.0,15047.5,14653.333333333334,11765.333333333334,491268
2020-11-06,15300.0,15350.0,14650.0,14750.0,15190.0,14990.0,14695.0,11825.416666666666,400457
2020-11-09,15100.0,17450.0,14950.0,17100.0,15450.0,15025.0,14772.5,11905.583333333334,2133707
2020-11-10,16900.0,17200.0,16500.0,17200.0,15750.0,15090.0,14853.333333333334,11980.75,818801
2020-11-11,17000.0,17150.0,16500.0,16750.0,16180.0,15145.0,14935.833333333334,12051.916666666666,567867
2020-11-12,16900.0,17050.0,16500.0,16500.0,16460.0,15217.5,15007.5,12118.25,333241
2020-11-13,16350.0,16450.0,15750.0,15900.0,16690.0,15290.0,15074.166666666666,12183.0,504390
2020-11-16,15950.0,16250.0,15750.0,15800.0,16430.0,15375.0,15155.833333333334,12246.666666666666,457256
2020-11-17,15950.0,16900.0,15900.0,16800.0,16350.0,15487.5,15250.0,12317.333333333334,1046775
2020-11-18,16800.0,17600.0,16650.0,17450.0,16490.0,15620.0,15366.666666666666,12389.25,983995
2020-11-19,17250.0,17750.0,17100.0,17550.0,16700.0,15777.5,15481.666666666666,12464.583333333334,641649
2020-11-20,17550.0,18150.0,17300.0,17500.0,17020.0,15922.5,15589.166666666666,12541.5,544856
2020-11-23,17500.0,18400.0,17300.0,17850.0,17430.0,16105.0,15685.833333333334,12616.5,785801
2020-11-24,17850.0,18200.0,17400.0,17550.0,17580.0,16280.0,15781.666666666666,12688.416666666666,530785
2020-11-25,17550.0,17650.0,16500.0,17050.0,17500.0,16382.5,15879.166666666666,12751.083333333334,760118
2020-11-26,17100.0,17200.0,16650.0,16950.0,17380.0,16445.0,15970.0,12815.833333333334,307191
2020-11-27,16850.0,17200.0,16700.0,16950.0,17270.0,16542.5,16056.666666666666,12880.166666666666,320964
2020-11-30,17050.0,17150.0,16200.0,16200.0,16940.0,16562.5,16124.166666666666,12938.083333333334,475438
2020-12-01,16300.0,17100.0,16300.0,16900.0,16810.0,16622.5,16201.666666666666,13003.666666666666,406509
2020-12-02,16900.0,17000.0,16300.0,16650.0,16730.0,16725.0,16253.333333333334,13069.083333333334,381635
2020-12-03,16650.0,16700.0,16300.0,16350.0,16610.0,16787.5,16261.666666666666,13133.666666666666,304352
2020-12-04,16350.0,16500.0,15550.0,15600.0,16340.0,16830.0,16222.5,13195.75,639992
2020-12-07,15500.0,16100.0,15400.0,15750.0,16250.0,16762.5,16192.5,13263.25,318920
2020-12-08,15700.0,15850.0,15200.0,15300.0,15930.0,16667.5,16157.5,13323.75,322820
2020-12-09,15400.0,16350.0,15300.0,16350.0,15870.0,16647.5,16109.166666666666,13394.416666666666,447702
2020-12-10,16150.0,16350.0,15900.0,16200.0,15840.0,16632.5,16065.0,13464.666666666666,179565
2020-12-11,16350.0,16550.0,16150.0,16300.0,15980.0,16652.5,16041.666666666666,13534.75,252057
2020-12-14,16150.0,16250.0,15800.0,15950.0,16020.0,16660.0,16002.5,13603.416666666666,205514
2020-12-15,15900.0,16300.0,15550.0,16300.0,16220.0,16635.0,15982.5,13675.833333333334,170559
2020-12-16,16450.0,16900.0,16200.0,16850.0,16320.0,16605.0,15964.166666666666,13751.0,421455
2020-12-17,16850.0,17400.0,16600.0,16850.0,16450.0,16570.0,15948.333333333334,13826.916666666666,584896
2020-12-18,16950.0,17150.0,16500.0,16600.0,16510.0,16525.0,15944.166666666666,13900.083333333334,336191
2020-12-21,16550.0,16600.0,15950.0,16500.0,16620.0,16457.5,15945.0,13974.25,233486
2020-12-22,16350.0,16500.0,15800.0,15900.0,16540.0,16375.0,15947.5,14040.75,247779
2020-12-23,15800.0,16050.0,15500.0,15700.0,16310.0,16307.5,15955.0,14107.166666666666,249691
2020-12-24,15800.0,16250.0,15700.0,15900.0,16120.0,16255.0,15955.0,14174.666666666666,164315
2020-12-28,15950.0,15950.0,15350.0,15400.0,15880.0,16177.5,15941.666666666666,14238.166666666666,295520
2020-12-29,15600.0,15950.0,15450.0,15950.0,15770.0,16165.0,15952.5,14303.916666666666,218189
2020-12-30,15900.0,16600.0,15850.0,16400.0,15870.0,16140.0,15957.5,14373.083333333334,313306
2021-01-04,16150.0,16600.0,15800.0,16400.0,16010.0,16127.5,15972.5,14441.083333333334,526350
2021-01-05,16400.0,18000.0,16400.0,17900.0,16410.0,16205.0,16013.333333333334,14521.5,2375690
2021-01-06,17900.0,18050.0,17150.0,17800.0,16890.0,16315.0,16045.0,14601.0,950175
2021-01-07,18300.0,19500.0,17950.0,19300.0,17560.0,16492.5,16093.333333333334,14693.083333333334,2721488
2021-01-08,20050.0,20750.0,19500.0,19950.0,18270.0,16725.0,16160.833333333334,14792.666666666666,2499071
2021-01-11,20400.0,20600.0,18300.0,19150.0,18820.0,16865.0,16219.166666666666,14881.416666666666,1471684
2021-01-12,18800.0,19350.0,18300.0,18950.0,19030.0,17002.5,16284.166666666666,14968.5,552267
2021-01-13,19150.0,19300.0,18550.0,18550.0,19180.0,17115.0,16352.5,15052.416666666666,484506
2021-01-14,18500.0,18850.0,18450.0,18650.0,19050.0,17250.0,16428.333333333332,15137.75,364515
2021-01-15,18650.0,18750.0,17800.0,17850.0,18630.0,17327.5,16483.333333333332,15205.5,532264
2021-01-18,17500.0,18700.0,17200.0,17850.0,18370.0,17377.5,16534.166666666668,15270.916666666666,651210
2021-01-19,17950.0,18850.0,17950.0,18850.0,18350.0,17477.5,16608.333333333332,15348.0,597030
2021-01-20,19000.0,19050.0,18300.0,18800.0,18400.0,17587.5,16678.333333333332,15426.25,383128
2021-01-21,18850.0,18950.0,18400.0,18600.0,18390.0,17692.5,16751.666666666668,15495.416666666666,360470
2021-01-22,18600.0,18600.0,17900.0,17900.0,18400.0,17792.5,16815.833333333332,15560.833333333334,477631
2021-01-25,18000.0,18750.0,17900.0,18300.0,18490.0,17922.5,16870.833333333332,15616.666666666666,481587
2021-01-26,18500.0,18650.0,18150.0,18350.0,18390.0,18045.0,16915.0,15666.25,313110
2021-01-27,18600.0,18650.0,17800.0,17850.0,18200.0,18167.5,16962.5,15711.25,330365
2021-01-28,17250.0,17800.0,17050.0,17050.0,17890.0,18222.5,16983.333333333332,15750.416666666666,361874
2021-01-29,17650.0,17950.0,16400.0,16750.0,17660.0,18240.0,17000.833333333332,15786.25,532781
2021-02-01,16700.0,17700.0,16300.0,17650.0,17530.0,18302.5,17051.666666666668,15831.666666666666,315822
2021-02-02,17800.0,17900.0,17300.0,17700.0,17400.0,18292.5,17095.0,15874.166666666666,299512
2021-02-03,17700.0,17900.0,17400.0,17500.0,17330.0,18277.5,17140.833333333332,15917.916666666666,371594
2021-02-04,17600.0,18100.0,17400.0,17800.0,17480.0,18202.5,17152.5,15962.5,384203
2021-02-05,17950.0,18000.0,17550.0,17800.0,17690.0,18095.0,17162.5,16007.916666666666,311296
2021-02-08,17800.0,18300.0,17600.0,17750.0,17710.0,18025.0,17179.166666666668,16057.5,307065
2021-02-09,17800.0,18000.0,17350.0,17500.0,17670.0,17952.5,17195.833333333332,16101.666666666666,286689
2021-02-10,17550.0,17650.0,17300.0,17600.0,17690.0,17905.0,17224.166666666668,16149.166666666666,203756
2021-02-15,17650.0,17800.0,17300.0,17800.0,17690.0,17862.5,17257.5,16206.666666666666,218989
2021-02-16,17900.0,17950.0,17500.0,17800.0,17690.0,17860.0,17274.166666666668,16262.083333333334,188132
2021-02-17,17850.0,18550.0,17700.0,18400.0,17820.0,17887.5,17290.0,16328.333333333334,519339
2021-02-18,18700.0,18850.0,18100.0,18100.0,17940.0,17850.0,17299.166666666668,16390.416666666668,436492
2021-02-19,18150.0,18400.0,17450.0,18400.0,18100.0,17830.0,17314.166666666668,16451.666666666668,319285
2021-02-22,18500.0,19100.0,18500.0,18700.0,18280.0,17835.0,17328.333333333332,16507.083333333332,799808
2021-02-23,18600.0,19050.0,18300.0,18800.0,18480.0,17880.0,17349.166666666668,16565.416666666668,469291
2021-02-24,19050.0,19050.0,17600.0,17600.0,18320.0,17845.0,17358.333333333332,16618.75,497942
2021-02-25,18000.0,18350.0,17600.0,18150.0,18330.0,17835.0,17378.333333333332,16674.166666666668,324621
2021-02-26,17400.0,17750.0,17150.0,17650.0,18180.0,17825.0,17390.0,16723.333333333332,341382
2021-03-02,18000.0,18050.0,17600.0,17850.0,18010.0,17865.0,17417.5,16770.833333333332,230192
2021-03-03,17800.0,18600.0,17750.0,18600.0,17970.0,17957.5,17445.833333333332,16823.75,368428
2021-03-04,18350.0,19100.0,18200.0,18600.0,18170.0,18005.0,17478.333333333332,16865.833333333332,496337
2021-03-05,18400.0,19350.0,18350.0,19200.0,18380.0,18080.0,17525.833333333332,16893.75,687437
2021-03-08,19600.0,19850.0,19000.0,19150.0,18680.0,18162.5,17585.0,16903.75,856643
2021-03-09,19150.0,19400.0,18250.0,19400.0,18990.0,18242.5,17645.833333333332,16919.166666666668,719667
2021-03-10,19550.0,19650.0,18600.0,18600.0,18990.0,18282.5,17700.833333333332,16929.166666666668,482349
2021-03-11,18800.0,19100.0,18300.0,18700.0,19010.0,18330.0,17740.0,16924.583333333332,471010
2021-03-12,18800.0,20650.0,18800.0,20250.0,19220.0,18467.5,17807.5,16936.25,3107678
2021-03-15,20200.0,20900.0,19800.0,20550.0,19500.0,18615.0,17878.333333333332,16960.0,1421720
2021-03-16,20650.0,21100.0,20100.0,20300.0,19680.0,18740.0,17950.833333333332,16976.666666666668,976714
2021-03-17,20400.0,21800.0,20100.0,21550.0,20270.0,18927.5,18038.333333333332,17010.416666666668,1109701
2021-03-18,21850.0,21950.0,19700.0,19850.0,20500.0,19000.0,18088.333333333332,17026.25,1981885
2021-03-19,19450.0,20300.0,19100.0,19500.0,20350.0,19070.0,18132.5,17040.416666666668,1061030
2021-03-22,19600.0,20150.0,19200.0,19450.0,20130.0,19122.5,18180.0,17062.083333333332,614742
2021-03-23,19650.0,20000.0,19250.0,19900.0,20050.0,19182.5,18236.666666666668,17090.833333333332,597638
2021-03-24,19750.0,20100.0,19400.0,19700.0,19680.0,19227.5,18300.0,17123.75,339345
2021-03-25,19600.0,20400.0,19550.0,20250.0,19760.0,19360.0,18375.833333333332,17165.416666666668,512224
2021-03-26,20300.0,20450.0,19950.0,20150.0,19890.0,19460.0,18446.666666666668,17200.833333333332,439098
2021-03-29,20400.0,21300.0,20150.0,20700.0,20140.0,19612.5,18535.0,17238.333333333332,1082617
2021-03-30,20950.0,21400.0,20700.0,20750.0,20310.0,19757.5,18615.0,17283.75,451580
2021-03-31,20850.0,21250.0,20400.0,20950.0,20560.0,19875.0,18690.833333333332,17324.166666666668,524826
2021-04-01,21200.0,21300.0,20750.0,21250.0,20760.0,20007.5,18771.666666666668,17372.083333333332,447868
2021-04-02,21400.0,21400.0,20400.0,20500.0,20830.0,20072.5,18815.0,17414.166666666668,581550
2021-04-05,20500.0,20650.0,19450.0,19950.0,20680.0,20112.5,18850.833333333332,17447.916666666668,544999
2021-04-06,20300.0,20400.0,19850.0,20150.0,20560.0,20150.0,18865.0,17479.166666666668,267174
2021-04-07,20250.0,20300.0,19600.0,19750.0,20320.0,20207.5,18861.666666666668,17511.25,409583
2021-04-08,19800.0,20100.0,19650.0,19800.0,20030.0,20262.5,18872.5,17545.833333333332,234921
2021-04-09,19900.0,19900.0,19200.0,19250.0,19780.0,20212.5,18877.5,17580.833333333332,437388
2021-04-12,19400.0,19700.0,19350.0,19450.0,19680.0,20157.5,18892.5,17622.5,264251
2021-04-13,19450.0,19800.0,19450.0,19700.0,19590.0,20127.5,18910.0,17669.166666666668,251619
2021-04-14,19650.0,19700.0,19200.0,19350.0,19510.0,20017.5,18935.0,17709.166666666668,313007
2021-04-15,19400.0,19400.0,19050.0,19050.0,19360.0,19977.5,18955.0,17744.583333333332,341297
2021-04-16,19200.0,19350.0,18950.0,19350.0,19380.0,19970.0,18963.333333333332,17785.833333333332,252150
2021-04-19,19450.0,19700.0,19350.0,19700.0,19430.0,19982.5,18978.333333333332,17828.333333333332,257389
2021-04-20,19650.0,19900.0,19550.0,19800.0,19450.0,19977.5,18998.333333333332,17875.0,197765
2021-04-21,19800.0,19800.0,19450.0,19550.0,19490.0,19970.0,19025.833333333332,17920.833333333332,178365
2021-04-22,19550.0,19950.0,19500.0,19850.0,19650.0,19950.0,19051.666666666668,17961.25,217697
2021-04-23,19800.0,19800.0,19400.0,19650.0,19710.0,19925.0,19073.333333333332,17994.166666666668,179712
2021-04-26,19700.0,19800.0,19400.0,19400.0,19650.0,19860.0,19099.166666666668,18030.833333333332,207968
2021-04-27,19550.0,20450.0,19400.0,20250.0,19740.0,19835.0,19152.5,18067.916666666668,671869
2021-04-28,20500.0,21150.0,20050.0,20350.0,19900.0,19805.0,19212.5,18106.666666666668,1010255
2021-04-29,20400.0,22150.0,19450.0,21900.0,20310.0,19837.5,19283.333333333332,18167.5,2147009
2021-04-30,22200.0,22450.0,21200.0,22050.0,20790.0,19915.0,19355.833333333332,18225.416666666668,1452803
2021-05-03,21700.0,22750.0,20800.0,20900.0,21090.0,19962.5,19412.5,18276.666666666668,1041939
2021-05-04,20900.0,22100.0,20200.0,22100.0,21460.0,20060.0,19484.166666666668,18318.333333333332,898450
2021-05-06,22000.0,23500.0,21900.0,23400.0,22070.0,20242.5,19577.5,18370.0,1455550
2021-05-07,23400.0,23850.0,23100.0,23450.0,22380.0,20425.0,19672.5,18425.833333333332,540858
2021-05-10,23400.0,23800.0,22800.0,23750.0,22720.0,20650.0,19776.666666666668,18486.25,608999
2021-05-11,23500.0,24700.0,23200.0,24450.0,23430.0,20900.0,19890.833333333332,18557.5,640853
2021-05-12,24250.0,25000.0,23900.0,24850.0,23980.0,21157.5,20008.333333333332,18632.916666666668,709647
2021-05-13,24300.0,24750.0,22550.0,22650.0,23830.0,21322.5,20089.166666666668,18681.666666666668,1002177
2021-05-14,23150.0,23500.0,22600.0,23050.0,23750.0,21522.5,20166.666666666668,18728.333333333332,365043
2021-05-17,23050.0,23250.0,22000.0,22150.0,23430.0,21662.5,20234.166666666668,18766.666666666668,428247
2021-05-18,22200.0,23200.0,22200.0,22900.0,23120.0,21822.5,20309.166666666668,18811.666666666668,283467
2021-05-20,22600.0,22700.0,21950.0,22400.0,22630.0,21952.5,20370.833333333332,18849.583333333332,306904
2021-05-21,22700.0,23200.0,21300.0,21500.0,22400.0,22050.0,20415.833333333332,18882.5,810001
2021-05-24,22850.0,22850.0,21350.0,21350.0,22060.0,22125.0,20478.333333333332,18918.333333333332,745300
2021-05-25,21550.0,21700.0,21100.0,21400.0,21910.0,22212.5,20532.5,18955.416666666668,295194
2021-05-26,21400.0,21700.0,21000.0,21150.0,21560.0,22300.0,20590.833333333332,18990.416666666668,296541
2021-05-27,21350.0,21950.0,21100.0,21950.0,21470.0,22385.0,20659.166666666668,19038.333333333332,302499
2021-05-28,21900.0,22000.0,21600.0,21750.0,21520.0,22455.0,20711.666666666668,19078.75,173890
2021-05-31,21650.0,21950.0,21300.0,21900.0,21630.0,22455.0,20766.666666666668,19122.5,243256
2021-06-01,21900.0,22550.0,21650.0,22200.0,21790.0,22462.5,20816.666666666668,19171.25,323071
2021-06-02,22250.0,23250.0,22100.0,23200.0,22200.0,22577.5,20884.166666666668,19234.583333333332,574758
2021-06-03,23050.0,23500.0,22800.0,23000.0,22410.0,22622.5,20944.166666666668,19295.0,343205
2021-06-04,22900.0,23450.0,22800.0,22950.0,22650.0,22600.0,21016.666666666668,19358.75,273629
2021-06-07,23200.0,23300.0,22250.0,22600.0,22790.0,22557.5,21081.666666666668,19410.833333333332,315366
2021-06-08,22600.0,22650.0,21600.0,21700.0,22690.0,22455.0,21105.833333333332,19456.666666666668,412686
2021-06-09,21700.0,22000.0,21400.0,21550.0,22360.0,22310.0,21122.5,19500.416666666668,230004
2021-06-10,21600.0,21800.0,21000.0,21250.0,22010.0,22130.0,21138.333333333332,19544.583333333332,371594
2021-06-11,21300.0,21900.0,21300.0,21800.0,21780.0,22087.5,21142.5,19590.416666666668,246807
2021-06-14,21950.0,22150.0,21700.0,21850.0,21630.0,22027.5,21175.833333333332,19632.083333333332,168369
2021-06-15,21900.0,21900.0,21400.0,21800.0,21650.0,22010.0,21214.166666666668,19673.333333333332,177209
2021-06-16,21850.0,21900.0,21400.0,21800.0,21700.0,21955.0,21253.333333333332,19716.666666666668,239653
2021-06-17,21750.0,21800.0,21350.0,21550.0,21760.0,21912.5,21280.833333333332,19758.75,202482
2021-06-18,21550.0,21600.0,20550.0,20650.0,21530.0,21870.0,21296.666666666668,19798.333333333332,814281
2021-06-21,20450.0,20750.0,20250.0,20300.0,21220.0,21817.5,21297.5,19836.666666666668,254518
2021-06-22,20500.0,20650.0,20400.0,20500.0,20960.0,21772.5,21303.333333333332,19875.0,188945
2021-06-23,20450.0,20750.0,20200.0,20450.0,20690.0,21737.5,21299.166666666668,19917.083333333332,225880
2021-06-24,20350.0,20400.0,19900.0,19950.0,20370.0,21637.5,21285.833333333332,19950.416666666668,333264
2021-06-25,20100.0,20700.0,20100.0,20350.0,20310.0,21567.5,21275.833333333332,19983.333333333332,265769
2021-06-28,20500.0,20800.0,20400.0,20550.0,20360.0,21500.0,21264.166666666668,20017.916666666668,170915
2021-06-29,20700.0,20700.0,20350.0,20500.0,20360.0,21415.0,21264.166666666668,20039.583333333332,124273
2021-06-30,20450.0,20800.0,20400.0,20600.0,20390.0,21285.0,21275.0,20062.916666666668,183089
2021-07-01,20750.0,20750.0,20500.0,20700.0,20540.0,21170.0,21284.166666666668,20074.583333333332,134522
2021-07-02,20700.0,21100.0,20650.0,20700.0,20610.0,21057.5,21300.0,20080.833333333332,212136
2021-07-05,21000.0,21000.0,20550.0,20600.0,20620.0,20957.5,21313.333333333332,20092.916666666668,118677
2021-07-06,20700.0,20700.0,20400.0,20650.0,20650.0,20905.0,21336.666666666668,20107.083333333332,103003
2021-07-07,20600.0,20600.0,20100.0,20200.0,20570.0,20837.5,21349.166666666668,20120.833333333332,228308
2021-07-08,20200.0,20350.0,19600.0,19850.0,20400.0,20767.5,21351.666666666668,20130.833333333332,291005
2021-07-09,19400.0,19600.0,19050.0,19250.0,20110.0,20640.0,21350.0,20142.5,296388
2021-07-12,19500.0,20500.0,19400.0,20400.0,20070.0,20567.5,21372.5,20163.75,221826
2021-07-13,20650.0,20750.0,20350.0,20650.0,20070.0,20510.0,21394.166666666668,20178.75,266587
2021-07-14,20700.0,21650.0,20400.0,21400.0,20310.0,20490.0,21422.5,20200.416666666668,614125
2021-07-15,21450.0,21700.0,21100.0,21450.0,20630.0,20485.0,21450.0,20224.166666666668,304658
2021-07-16,21450.0,21550.0,21050.0,21500.0,21080.0,20527.5,21482.5,20254.166666666668,300237
2021-07-19,21450.0,21450.0,21050.0,21250.0,21250.0,20575.0,21505.833333333332,20278.75,188873
2021-07-20,20800.0,21350.0,20700.0,21300.0,21380.0,20615.0,21533.333333333332,20303.333333333332,231708
2021-07-21,21550.0,22200.0,21350.0,22000.0,21500.0,20692.5,21576.666666666668,20337.916666666668,715168
2021-07-22,22200.0,22200.0,21500.0,22050.0,21620.0,20797.5,21606.666666666668,20379.583333333332,437734
2021-07-23,22300.0,22600.0,22000.0,22100.0,21740.0,20885.0,21635.833333333332,20424.166666666668,442099
2021-07-26,22250.0,23700.0,21650.0,23050.0,22100.0,21010.0,21655.0,20469.166666666668,1457206
2021-07-27,23100.0,23300.0,22600.0,23150.0,22470.0,21142.5,21673.333333333332,20514.583333333332,581041
2021-07-28,22850.0,23450.0,22500.0,22900.0,22650.0,21257.5,21706.666666666668,20559.583333333332,383063
2021-07-29,22950.0,23700.0,22500.0,23350.0,22910.0,21390.0,21727.5,20605.833333333332,581811
2021-07-30,23500.0,24100.0,23150.0,23550.0,23200.0,21532.5,21730.0,20653.75,702583
2021-08-02,23500.0,23750.0,21600.0,21700.0,22930.0,21587.5,21700.833333333332,20686.666666666668,1329867
2021-08-03,21800.0,22100.0,21350.0,21800.0,22660.0,21645.0,21668.333333333332,20722.5,439230
2021-08-04,21900.0,21900.0,21200.0,21550.0,22390.0,21712.5,21620.0,20755.416666666668,286148
2021-08-05,21600.0,21700.0,21200.0,21500.0,22020.0,21795.0,21564.166666666668,20786.25,240312
2021-08-06,21650.0,22100.0,21500.0,21900.0,21690.0,21927.5,21551.666666666668,20820.416666666668,280800
2021-08-09,21950.0,23100.0,21700.0,22950.0,21940.0,22055.0,21550.0,20858.333333333332,674132
2021-08-10,22950.0,23200.0,22500.0,22950.0,22170.0,22170.0,21563.333333333332,20898.75,369293
2021-08-11,22800.0,24600.0,22800.0,24200.0,22700.0,22310.0,21585.0,20947.083333333332,1550053
2021-08-12,24300.0,25100.0,23700.0,24500.0,23300.0,22462.5,21620.0,20995.416666666668,1114317
2021-08-13,24600.0,24850.0,23350.0,24250.0,23770.0,22600.0,21665.833333333332,21040.833333333332,634200
2021-08-17,24000.0,25200.0,24000.0,24700.0,24120.0,22772.5,21721.666666666668,21100.0,1044371
2021-08-18,24600.0,25000.0,23450.0,24800.0,24490.0,22947.5,21778.333333333332,21155.416666666668,684746
2021-08-19,24550.0,25650.0,23050.0,23150.0,24280.0,23005.0,21811.666666666668,21201.25,1039532
2021-08-20,23500.0,23650.0,22200.0,22600.0,23900.0,23032.5,21822.5,21240.833333333332,543650
2021-08-23,22850.0,22950.0,22100.0,22500.0,23550.0,23052.5,21835.0,21273.333333333332,304040
2021-08-24,22700.0,23550.0,22700.0,23300.0,23270.0,23065.0,21858.333333333332,21312.5,315936
2021-08-25,23350.0,23550.0,22850.0,23450.0,23000.0,23080.0,21879.166666666668,21347.916666666668,312260
2021-08-26,23650.0,23700.0,22700.0,23200.0,23010.0,23095.0,21879.166666666668,21381.666666666668,319188
2021-08-27,22850.0,23400.0,22750.0,23100.0,23110.0,23082.5,21880.833333333332,21412.5,194304
2021-08-30,23500.0,25250.0,23400.0,25050.0,23620.0,23157.5,21915.833333333332,21466.25,1328479
2021-08-31,25050.0,25200.0,24650.0,24950.0,23950.0,23320.0,21955.0,21518.333333333332,450247
2021-09-01,24950.0,25150.0,24150.0,24500.0,24160.0,23455.0,22001.666666666668,21553.75,490069
2021-09-02,24400.0,24600.0,24000.0,24500.0,24420.0,23602.5,22050.833333333332,21586.666666666668,245616
2021-09-03,24600.0,25750.0,24450.0,24450.0,24690.0,23750.0,22104.166666666668,21621.25,704870
2021-09-06,24450.0,25350.0,24100.0,25300.0,24740.0,23920.0,22162.5,21652.5,426143
2021-09-07,25600.0,26900.0,25150.0,26450.0,25040.0,24095.0,22239.166666666668,21707.5,1598920
2021-09-08,26500.0,27100.0,25650.0,26350.0,25410.0,24265.0,22315.0,21764.583333333332,898285
2021-09-09,26200.0,26500.0,25750.0,26250.0,25760.0,24367.5,22389.166666666668,21821.25,328057
2021-09-10,26200.0,26550.0,25250.0,25750.0,26020.0,24430.0,22459.166666666668,21870.0,391984
2021-09-13,25650.0,25750.0,24950.0,25450.0,26050.0,24490.0,22539.166666666668,21917.916666666668,242530
2021-09-14,25400.0,26500.0,25400.0,25850.0,25930.0,24547.5,22631.666666666668,21964.583333333332,352670
2021-09-15,25850.0,25850.0,25100.0,25500.0,25760.0,24582.5,22715.0,22009.166666666668,232350
2021-09-16,25600.0,25600.0,24750.0,25250.0,25560.0,24687.5,22795.0,22047.083333333332,261347
2021-09-17,25250.0,26050.0,24750.0,25650.0,25540.0,24840.0,22890.0,22087.916666666668,364466
2021-09-23,25250.0,25450.0,24650.0,25250.0,25500.0,24977.5,22971.666666666668,22123.75,267073
2021-09-24,25250.0,26250.0,25200.0,25900.0,25510.0,25107.5,23060.833333333332,22162.5,370875
2021-09-27,26000.0,26350.0,25700.0,26200.0,25650.0,25245.0,23155.833333333332,22210.0,248229
2021-09-28,26300.0,26700.0,25950.0,26600.0,25920.0,25415.0,23255.833333333332,22265.416666666668,409744
2021-09-29,26050.0,27150.0,25700.0,26900.0,26170.0,25605.0,23359.166666666668,22321.666666666668,493616
2021-09-30,26800.0,28300.0,26800.0,27800.0,26680.0,25742.5,23477.5,22388.75,878116
2021-10-01,27850.0,28300.0,26350.0,26650.0,26830.0,25827.5,23578.333333333332,22445.833333333332,618207
2021-10-05,26550.0,28250.0,26200.0,27550.0,27100.0,25980.0,23693.333333333332,22515.0,718499
2021-10-06,27700.0,28600.0,26450.0,26800.0,27140.0,26095.0,23803.333333333332,22576.25,603944
2021-10-07,27000.0,27250.0,25100.0,25900.0,26940.0,26167.5,23904.166666666668,22627.916666666668,609084
2021-10-08,25900.0,26300.0,24500.0,24700.0,26320.0,26137.5,23995.0,22672.5,588368
2021-10-12,24550.0,25350.0,24300.0,25100.0,26010.0,26070.0,24073.333333333332,22722.916666666668,253932
2021-10-13,25100.0,25500.0,24900.0,25100.0,25520.0,26007.5,24147.5,22770.833333333332,188776
2021-10-14,25100.0,25650.0,24950.0,25650.0,25290.0,25977.5,24218.333333333332,22820.416666666668,185780
2021-10-15,25750.0,25900.0,25300.0,25300.0,25170.0,25955.0,24282.5,22866.25,148561
2021-10-18,25550.0,25550.0,24100.0,24200.0,25070.0,25892.5,24327.5,22905.0,403456
2021-10-19,24250.0,24350.0,23500.0,24150.0,24880.0,25807.5,24375.833333333332,22940.833333333332,332322
2021-10-20,24200.0,24450.0,23300.0,23400.0,24540.0,25702.5,24410.833333333332,22972.083333333332,301793
2021-10-21,23400.0,23850.0,23200.0,23450.0,24100.0,25612.5,24435.0,23005.833333333332,192035
2021-10-22,23700.0,23800.0,22850.0,22850.0,23610.0,25472.5,24448.333333333332,23027.5,262118
2021-10-25,22700.0,23100.0,22550.0,23050.0,23380.0,25362.5,24464.166666666668,23050.0,235183
2021-10-26,23100.0,24050.0,23050.0,23750.0,23300.0,25255.0,24475.833333333332,23065.416666666668,235957
2021-10-27,23850.0,24000.0,20850.0,21150.0,22850.0,25002.5,24442.5,23057.916666666668,672079
2021-10-28,21300.0,23100.0,21250.0,23050.0,22770.0,24825.0,24445.0,23075.833333333332,816005
2021-10-29,23050.0,23050.0,21900.0,22100.0,22620.0,24585.0,24424.166666666668,23075.833333333332,376918
2021-11-01,22200.0,22600.0,21300.0,22350.0,22480.0,24312.5,24404.166666666668,23067.083333333332,292182
2021-11-02,22300.0,22600.0,21900.0,22450.0,22220.0,24102.5,24416.666666666668,23058.75,243895
2021-11-03,22450.0,22450.0,22050.0,22150.0,22420.0,23832.5,24422.5,23045.416666666668,126367
2021-11-04,22200.0,22450.0,21800.0,22100.0,22230.0,23597.5,24431.666666666668,23025.833333333332,175158
2021-11-05,22100.0,22600.0,21650.0,22550.0,22320.0,23430.0,24449.166666666668,23006.666666666668,231696
2021-11-08,22950.0,23800.0,22600.0,23150.0,22480.0,23352.5,24470.0,23010.833333333332,244357
2021-11-09,23300.0,24200.0,23050.0,24150.0,22820.0,23305.0,24490.0,23020.0,339775
2021-11-10,24150.0,24150.0,23500.0,23750.0,23140.0,23237.5,24503.333333333332,23033.333333333332,162096
2021-11-11,23450.0,24050.0,23250.0,23950.0,23510.0,23152.5,24499.166666666668,23042.083333333332,176149
2021-11-12,24150.0,24300.0,23800.0,24050.0,23810.0,23090.0,24491.666666666668,23055.833333333332,168935
2021-11-15,24250.0,24300.0,23600.0,23800.0,23940.0,23070.0,24484.166666666668,23075.0,129146
2021-11-16,24250.0,25450.0,24150.0,25400.0,24190.0,23132.5,24495.833333333332,23108.75,677263
2021-11-17,25350.0,25850.0,24950.0,25800.0,24600.0,23252.5,24512.5,23145.416666666668,388213
2021-11-18,25750.0,26400.0,25500.0,26350.0,25080.0,23397.5,24565.833333333332,23188.75,305440
2021-11-19,26500.0,27350.0,24750.0,25050.0,25280.0,23507.5,24606.666666666668,23214.583333333332,860090
2021-11-22,25050.0,25450.0,24000.0,24550.0,25430.0,23582.5,24640.833333333332,23237.916666666668,296285
2021-11-23,24550.0,24550.0,24100.0,24350.0,25220.0,23612.5,24658.333333333332,23258.333333333332,106085
2021-11-24,24100.0,24650.0,23700.0,24250.0,24910.0,23767.5,24671.666666666668,23275.416666666668,180554
2021-11-25,24200.0,25050.0,24000.0,24450.0,24530.0,23837.5,24692.5,23285.833333333332,139186
2021-11-26,24350.0,24700.0,23300.0,23750.0,24270.0,23920.0,24703.333333333332,23292.083333333332,208064
2021-11-29,22750.0,23150.0,22150.0,22650.0,23890.0,23935.0,24663.333333333332,23289.583333333332,309308
2021-11-30,22950.0,23500.0,21800.0,21800.0,23380.0,23902.5,24610.833333333332,23282.916666666668,279585
2021-12-01,21950.0,22200.0,21400.0,22100.0,22950.0,23900.0,24570.833333333332,23286.25,338036
2021-12-02,21700.0,22450.0,21700.0,22350.0,22530.0,23912.5,24535.0,23292.916666666668,149863
2021-12-03,22700.0,22700.0,22300.0,22650.0,22310.0,23917.5,24505.0,23304.583333333332,112955
2021-12-06,22500.0,23050.0,22050.0,23050.0,22390.0,23912.5,24467.5,23315.0,116419
2021-12-07,23100.0,23300.0,22750.0,22850.0,22600.0,23847.5,24407.5,23323.333333333332,119123
2021-12-08,23100.0,23100.0,22200.0,22350.0,22650.0,23777.5,24340.833333333332,23327.916666666668,192647
2021-12-09,22550.0,22700.0,22300.0,22700.0,22720.0,23715.0,24281.666666666668,23335.416666666668,110759
2021-12-10,22650.0,22650.0,22250.0,22500.0,22690.0,23637.5,24227.5,23343.333333333332,83666
2021-12-13,22550.0,22550.0,21900.0,22000.0,22480.0,23547.5,24170.0,23354.583333333332,226966
2021-12-14,21750.0,22100.0,21350.0,21500.0,22210.0,23352.5,24097.5,23364.583333333332,188154
2021-12-15,21200.0,22000.0,21200.0,21800.0,22100.0,23152.5,24035.833333333332,23375.416666666668,99529
2021-12-16,22050.0,22050.0,20950.0,21100.0,21780.0,22890.0,23966.666666666668,23380.833333333332,287711
2021-12-17,20750.0,21100.0,20000.0,20650.0,21410.0,22670.0,23883.333333333332,23386.666666666668,465856
2021-12-20,20650.0,21300.0,20400.0,21250.0,21260.0,22505.0,23816.666666666668,23394.166666666668,169767
2021-12-21,21200.0,21200.0,20250.0,20350.0,21030.0,22305.0,23724.166666666668,23392.5,377142
2021-12-22,20400.0,20450.0,19750.0,20000.0,20670.0,22092.5,23620.833333333332,23388.333333333332,349506
2021-12-23,20150.0,20800.0,20050.0,20500.0,20550.0,21895.0,23519.166666666668,23387.5,212842
2021-12-24,20500.0,20500.0,20050.0,20100.0,20440.0,21712.5,23405.833333333332,23382.5,193861
2021-12-27,20200.0,20300.0,20000.0,20100.0,20210.0,21585.0,23277.5,23377.5,104256
2021-12-28,20200.0,20250.0,19700.0,19900.0,20120.0,21490.0,23165.0,23371.666666666668,303694
2021-12-29,19900.0,20350.0,19800.0,20200.0,20160.0,21395.0,23042.5,23367.916666666668,110123
2021-12-30,20300.0,20300.0,19850.0,19900.0,20040.0,21272.5,22927.5,23365.416666666668,182945
2022-01-04,20150.0,20950.0,20100.0,20850.0,20190.0,21182.5,22843.333333333332,23373.75,267118
2022-01-05,20950.0,21100.0,20550.0,21000.0,20370.0,21080.0,22781.666666666668,23388.333333333332,221025
2022-01-06,20600.0,21450.0,20550.0,20850.0,20560.0,20980.0,22710.833333333332,23392.083333333332,234332
2022-01-07,20850.0,21000.0,20700.0,20800.0,20680.0,20902.5,22639.166666666668,23393.333333333332,102990
2022-01-10,20800.0,21000.0,20200.0,20500.0,20800.0,20792.5,22553.333333333332,23385.833333333332,105781
2022-01-11,20500.0,20600.0,20100.0,20250.0,20680.0,20680.0,22469.166666666668,23375.833333333332,113849
2022-01-12,20300.0,20450.0,20050.0,20350.0,20550.0,20597.5,22405.0,23366.25,149809
2022-01-13,20250.0,20600.0,20100.0,20350.0,20450.0,20540.0,22341.666666666668,23358.75,122512
2022-01-14,20250.0,20300.0,19950.0,20100.0,20310.0,20455.0,22286.666666666668,23348.75,111112
2022-01-17,19950.0,20050.0,19400.0,19500.0,20110.0,20375.0,22220.833333333332,23327.916666666668,143309
2022-01-18,19300.0,19900.0,19300.0,19900.0,20040.0,20337.5,22171.666666666668,23310.0,144857
2022-01-19,19500.0,19800.0,19350.0,19400.0,19850.0,20245.0,22110.833333333332,23287.5,133355
2022-01-20,19300.0,19650.0,19250.0,19650.0,19710.0,20210.0,22042.5,23259.166666666668,90935
2022-01-21,19350.0,20150.0,19350.0,19850.0,19660.0,20202.5,22020.833333333332,23231.666666666668,117443
2022-01-24,19600.0,19650.0,18900.0,19100.0,19580.0,20132.5,21955.0,23200.0,129967
2022-01-25,19100.0,19200.0,17550.0,17550.0,19110.0,20005.0,21879.166666666668,23151.666666666668,315892
2022-01-26,17550.0,17550.0,17550.0,17550.0,18740.0,19877.5,21799.166666666668,23101.666666666668,0
2022-01-27,17100.0,17200.0,15750.0,15900.0,17990.0,19677.5,21690.0,23053.333333333332,427456
2022-01-28,15900.0,17450.0,15850.0,17450.0,17510.0,19540.0,21611.666666666668,23017.083333333332,252024
2022-02-03,17750.0,18500.0,17600.0,18450.0,17380.0,19467.5,21550.833333333332,22991.25,217164
2022-02-04,17950.0,19700.0,17900.0,19200.0,17710.0,19385.0,21495.0,22972.083333333332,306667
2022-02-07,19400.0,19550.0,18700.0,19150.0,18030.0,19292.5,21428.333333333332,22949.166666666668,199347
2022-02-08,19150.0,19150.0,19150.0,19150.0,18680.0,19207.5,21345.0,22917.5,0
2022-02-09,19150.0,19150.0,19150.0,19150.0,19020.0,19125.0,21268.333333333332,22885.833333333332,0
2022-02-10,19650.0,19750.0,19400.0,19450.0,19220.0,19072.5,21193.333333333332,22846.25,63691
2022-02-11,19350.0,19350.0,18500.0,18550.0,19090.0,18987.5,21101.666666666668,22796.666666666668,112291
2022-02-14,18000.0,18200.0,17550.0,17850.0,18830.0,18862.5,21002.5,22743.333333333332,129145
2022-02-15,18100.0,18450.0,17700.0,18100.0,18620.0,18750.0,20880.833333333332,22688.333333333332,88400
2022-02-16,18400.0,19000.0,18400.0,18700.0,18530.0,18680.0,20762.5,22637.5,69652
2022-02-17,19000.0,19450.0,18500.0,18750.0,18390.0,18642.5,20635.833333333332,22600.833333333332,117594
2022-02-18,18550.0,19600.0,18400.0,19450.0,18570.0,18620.0,20542.5,22574.583333333332,117594
2022-02-21,19250.0,19650.0,19000.0,19600.0,18920.0,18630.0,20460.0,22550.416666666668,77236
2022-02-22,19200.0,19700.0,19100.0,19450.0,19190.0,18620.0,20378.333333333332,22518.333333333332,82803
2022-02-23,19400.0,19600.0,19250.0,19450.0,19340.0,18600.0,20298.333333333332,22485.0,60267
2022-02-24,19200.0,19900.0,18900.0,19200.0,19430.0,18605.0,20210.833333333332,22451.666666666668,154236
2022-02-25,19500.0,20650.0,19450.0,20200.0,19580.0,18737.5,20151.666666666668,22427.5,238122
2022-02-28,20200.0,20200.0,20200.0,20200.0,19700.0,18870.0,20110.833333333332,22387.083333333332,0
2022-03-02,20450.0,21000.0,20250.0,20650.0,19940.0,19107.5,20091.666666666668,22351.25,120305
2022-03-03,20650.0,20950.0,20450.0,20700.0,20190.0,19270.0,20068.333333333332,22319.583333333332,91960
2022-03-04,20700.0,20700.0,20700.0,20700.0,20490.0,19382.5,20040.833333333332,22287.916666666668,0
2022-03-07,20150.0,20500.0,19950.0,20150.0,20480.0,19430.0,19999.166666666668,22252.083333333332,79302
2022-03-08,19800.0,20150.0,19700.0,19700.0,20380.0,19457.5,19943.333333333332,22205.416666666668,88974
2022-03-10,19700.0,19700.0,19700.0,19700.0,20190.0,19485.0,19890.833333333332,22149.166666666668,0
2022-03-11,20000.0,20200.0,19600.0,19750.0,20000.0,19515.0,19847.5,22094.166666666668,83922
2022-03-14,19750.0,20850.0,19750.0,20600.0,19980.0,19572.5,19812.5,22047.083333333332,269350
2022-03-15,20600.0,20600.0,20600.0,20600.0,20070.0,19675.0,19780.833333333332,22004.166666666668,0
2022-03-16,20600.0,20600.0,20600.0,20600.0,20250.0,19812.5,19757.5,21963.75,0
2022-03-17,20600.0,20600.0,20600.0,20600.0,20430.0,19937.5,19742.5,21920.0,0
2022-03-18,20550.0,20750.0,20450.0,20500.0,20580.0,20027.5,19720.833333333332,21878.333333333332,67992
2022-03-21,20500.0,20500.0,20500.0,20500.0,20560.0,20115.0,19710.833333333332,21838.75,0
2022-03-22,20400.0,20500.0,20300.0,20400.0,20520.0,20162.5,19706.666666666668,21795.0,38484
2022-03-23,20450.0,20650.0,20200.0,20600.0,20520.0,20212.5,19695.833333333332,21756.25,90498
2022-03-24,20500.0,20700.0,20150.0,20200.0,20440.0,20250.0,19693.333333333332,21708.75,56966
2022-03-25,20500.0,20650.0,20150.0,20550.0,20450.0,20305.0,19702.5,21661.666666666668,89828
2022-03-28,20650.0,20700.0,20200.0,20250.0,20400.0,20357.5,19698.333333333332,21608.75,100476
2022-03-29,20500.0,20500.0,20100.0,20150.0,20350.0,20355.0,19699.166666666668,21552.5,72749
2022-03-30,20300.0,20750.0,20100.0,20750.0,20380.0,20382.5,19710.0,21493.75,155440
2022-03-31,20750.0,21550.0,20650.0,21450.0,20630.0,20422.5,19735.833333333332,21450.416666666668,321530
2022-04-01,21500.0,21500.0,20950.0,21250.0,20770.0,20450.0,19753.333333333332,21397.916666666668,133857
2022-04-04,21250.0,21350.0,21000.0,21200.0,20960.0,20475.0,19775.0,21351.25,75799
2022-04-05,20900.0,21450.0,20900.0,21400.0,21210.0,20537.5,19784.166666666668,21313.75,96768
2022-04-06,21250.0,21300.0,20800.0,20800.0,21220.0,20592.5,19780.833333333332,21281.25,100953
2022-04-07,20700.0,20850.0,20200.0,20250.0,20980.0,20620.0,19770.833333333332,21240.833333333332,94404
2022-04-08,20300.0,21050.0,20250.0,20800.0,20890.0,20672.5,19770.833333333332,21205.0,80348
2022-04-11,20950.0,21500.0,20650.0,21500.0,20950.0,20717.5,19787.5,21170.416666666668,139416
2022-04-12,21200.0,21900.0,21050.0,21550.0,20980.0,20765.0,19809.166666666668,21139.166666666668,137024
2022-04-13,21600.0,22650.0,21350.0,22000.0,21220.0,20835.0,19836.666666666668,21120.833333333332,283968
2022-04-14,22200.0,22500.0,21900.0,22300.0,21630.0,20920.0,19869.166666666668,21105.416666666668,150869
2022-04-15,22300.0,22550.0,21850.0,22100.0,21890.0,21000.0,19902.5,21094.583333333332,118749
2022-04-18,22150.0,22300.0,21400.0,21700.0,21930.0,21060.0,19939.166666666668,21080.0,100867
2022-04-19,21700.0,21800.0,21300.0,21700.0,21960.0,21125.0,19969.166666666668,21070.416666666668,86711
2022-04-20,21800.0,22200.0,21550.0,22100.0,21980.0,21200.0,20014.166666666668,21062.5,109991
2022-04-21,22300.0,22700.0,22000.0,22600.0,22040.0,21320.0,20063.333333333332,21052.916666666668,206241
2022-04-22,22300.0,22650.0,22000.0,22550.0,22130.0,21420.0,20108.333333333332,21064.583333333332,102196
2022-04-25,22150.0,22200.0,21350.0,21400.0,22070.0,21477.5,20146.666666666668,21050.833333333332,128570
2022-04-26,21400.0,21700.0,20700.0,21250.0,21980.0,21532.5,20208.333333333332,21043.75,144521
2022-04-27,20550.0,21500.0,20350.0,21250.0,21810.0,21557.5,20270.0,21034.583333333332,117461
2022-04-28,21550.0,22150.0,21150.0,22000.0,21690.0,21585.0,20371.666666666668,21030.833333333332,151351
2022-04-29,22200.0,22200.0,21700.0,21850.0,21550.0,21615.0,20445.0,21028.333333333332,69020
2022-05-02,22400.0,23100.0,22100.0,22900.0,21850.0,21700.0,20519.166666666668,21035.0,266250
2022-05-03,23150.0,24800.0,22900.0,24050.0,22410.0,21832.5,20600.0,21047.5,765227
2022-05-04,24150.0,24700.0,23900.0,24150.0,22990.0,22000.0,20683.333333333332,21055.833333333332,341635
2022-05-06,24000.0,24650.0,23700.0,24400.0,23470.0,22207.5,20770.833333333332,21057.916666666668,210962
2022-05-10,23000.0,24900.0,22750.0,24650.0,24030.0,22400.0,20862.5,21065.416666666668,415960
2022-05-11,24600.0,24850.0,23900.0,23950.0,24240.0,22522.5,20937.5,21065.416666666668,181542
2022-05-12,23950.0,24700.0,23600.0,23850.0,24200.0,22637.5,21025.833333333332,21063.75,314141
2022-05-13,23850.0,24600.0,23850.0,24450.0,24260.0,22760.0,21135.833333333332,21069.166666666668,199860
2022-05-16,24450.0,24800.0,24150.0,24500.0,24280.0,22870.0,21242.5,21061.666666666668,209710
2022-05-17,24300.0,24800.0,23450.0,23600.0,24070.0,22945.0,21324.166666666668,21043.333333333332,269947
2022-05-18,23900.0,24250.0,23350.0,23450.0,23970.0,23032.5,21402.5,21019.166666666668,227605
2022-05-19,22800.0,23000.0,21100.0,21450.0,23490.0,23020.0,21435.833333333332,20989.166666666668,774726
2022-05-20,21700.0,21800.0,20550.0,21400.0,22880.0,22985.0,21465.833333333332,20962.916666666668,1302172
2022-05-23,21650.0,22050.0,21400.0,22050.0,22390.0,22957.5,21509.166666666668,20943.75,434181
2022-05-24,21950.0,22400.0,21550.0,21700.0,22010.0,22915.0,21546.666666666668,20922.5,257773
2022-05-25,21850.0,22350.0,21300.0,21450.0,21610.0,22917.5,21584.166666666668,20897.5,304196
2022-05-26,21550.0,22500.0,21550.0,22150.0,21750.0,22962.5,21616.666666666668,20884.166666666668,314691
2022-05-27,22300.0,22650.0,21750.0,21850.0,21840.0,22992.5,21644.166666666668,20877.5,374778
2022-05-30,22050.0,22600.0,21950.0,22100.0,21850.0,22997.5,21668.333333333332,20880.0,204284
2022-05-31,22100.0,22550.0,22100.0,22550.0,22020.0,23032.5,21699.166666666668,20883.75,303006
2022-06-02,22350.0,22950.0,22300.0,22400.0,22210.0,23007.5,21727.5,20884.166666666668,280607
2022-06-03,22600.0,24850.0,22550.0,24700.0,22720.0,23040.0,21803.333333333332,20901.25,1466799
2022-06-07,24500.0,25250.0,23950.0,24350.0,23220.0,23050.0,21880.833333333332,20912.083333333332,609940
2022-06-08,24400.0,24650.0,23950.0,24050.0,23610.0,23032.5,21953.333333333332,20922.083333333332,354559
2022-06-09,23900.0,24200.0,23300.0,23850.0,23870.0,22992.5,22021.666666666668,20934.583333333332,282531
2022-06-10,23450.0,23750.0,23000.0,23500.0,24090.0,22970.0,22070.0,20941.25,218628
2022-06-13,22800.0,22950.0,22150.0,22350.0,23620.0,22895.0,22099.166666666668,20940.0,321585
2022-06-14,21750.0,22200.0,21000.0,21550.0,23060.0,22750.0,22115.0,20936.25,441320
2022-06-15,21550.0,21600.0,20600.0,20900.0,22430.0,22570.0,22120.0,20931.25,293578
2022-06-16,21250.0,21450.0,20650.0,20650.0,21790.0,22422.5,22122.5,20921.666666666668,196961
2022-06-17,19950.0,20850.0,19600.0,20600.0,21210.0,22280.0,22124.166666666668,20917.5,182771
2022-06-20,20900.0,20900.0,19850.0,20150.0,20770.0,22215.0,22120.0,20913.333333333332,180811
2022-06-21,20200.0,21850.0,19800.0,21350.0,20730.0,22212.5,22132.5,20914.166666666668,368563
2022-06-22,22200.0,23300.0,22100.0,22200.0,20990.0,22220.0,22165.833333333332,20929.583333333332,1039833
2022-06-23,22350.0,24150.0,21500.0,23000.0,21460.0,22285.0,22206.666666666668,20954.583333333332,1080898
2022-06-24,23000.0,24000.0,22300.0,23700.0,22080.0,22397.5,22264.166666666668,20981.25,500732
2022-06-27,23550.0,24150.0,22850.0,23150.0,22680.0,22447.5,22314.166666666668,21006.666666666668,368806
2022-06-28,23050.0,25800.0,23050.0,25800.0,23570.0,22645.0,22398.333333333332,21054.166666666668,1612961
2022-06-29,25500.0,26200.0,25500.0,25850.0,24300.0,22832.5,22471.666666666668,21103.75,684595
2022-06-30,25550.0,26150.0,24800.0,25350.0,24770.0,22972.5,22540.0,21146.666666666668,557206
2022-07-01,25300.0,25600.0,24450.0,25000.0,25030.0,23102.5,22603.333333333332,21189.166666666668,418221
2022-07-04,25150.0,25650.0,24100.0,24550.0,25310.0,23095.0,22655.833333333332,21220.0,553878
2022-07-05,24900.0,26550.0,23900.0,26500.0,25450.0,23202.5,22750.833333333332,21265.833333333332,965457
2022-07-06,26250.0,26600.0,23400.0,23400.0,24960.0,23170.0,22803.333333333332,21287.083333333332,1127096
2022-07-07,23700.0,24050.0,22500.0,23450.0,24580.0,23150.0,22847.5,21309.166666666668,609183
2022-07-08,23600.0,24950.0,23600.0,23900.0,24360.0,23170.0,22887.5,21337.5,510087
2022-07-11,24000.0,24300.0,23200.0,23550.0,24160.0,23230.0,22920.833333333332,21365.0,244870
2022-07-12,23300.0,23600.0,22750.0,23050.0,23470.0,23305.0,22938.333333333332,21387.5,241453
2022-07-13,22850.0,23050.0,21600.0,22050.0,23200.0,23362.5,22934.166666666668,21401.666666666668,608230
2022-07-14,21800.0,22950.0,21600.0,22450.0,23000.0,23452.5,22940.0,21421.25,340469
2022-07-15,22550.0,23600.0,22000.0,22900.0,22800.0,23567.5,22960.0,21449.583333333332,343972
2022-07-18,23150.0,24000.0,22900.0,23900.0,22870.0,23755.0,22996.666666666668,21482.916666666668,237815
2022-07-19,23750.0,24650.0,23650.0,24300.0,23120.0,23902.5,23033.333333333332,21523.75,264398
2022-07-20,24400.0,24400.0,23500.0,23500.0,23410.0,23967.5,23048.333333333332,21555.833333333332,195718
2022-07-21,23650.0,23850.0,22850.0,23100.0,23540.0,23972.5,23057.5,21582.916666666668,230561
2022-07-22,23350.0,23700.0,23000.0,23300.0,23620.0,23952.5,23089.166666666668,21617.916666666668,137928
2022-07-25,23300.0,25000.0,23200.0,24600.0,23760.0,24025.0,23145.0,21676.666666666668,540249
2022-07-26,24450.0,25350.0,23200.0,24000.0,23700.0,23935.0,23190.833333333332,21730.416666666668,771369
2022-07-27,24450.0,25200.0,23600.0,24000.0,23800.0,23842.5,23224.166666666668,21797.916666666668,614117
2022-07-28,24350.0,25800.0,24050.0,25200.0,24220.0,23835.0,23280.0,21862.5,883673
2022-07-29,25850.0,27650.0,25200.0,27450.0,25050.0,23957.5,23355.833333333332,21937.5,1499654
2022-08-01,27450.0,28050.0,27150.0,27650.0,25660.0,24112.5,23415.833333333332,22007.916666666668,733699
2022-08-02,27450.0,28350.0,26950.0,27200.0,26300.0,24147.5,23466.666666666668,22075.0,442125
2022-08-03,27200.0,27900.0,26500.0,26750.0,26850.0,24315.0,23505.833333333332,22138.333333333332,430918
2022-08-04,26900.0,26950.0,26050.0,26400.0,27090.0,24462.5,23535.0,22198.75,338134
2022-08-05,26400.0,27000.0,26250.0,26450.0,26890.0,24590.0,23576.666666666668,22257.083333333332,221480
2022-08-08,26650.0,28500.0,26050.0,28500.0,27060.0,24837.5,23654.166666666668,22340.0,774557
2022-08-09,28300.0,28950.0,27700.0,27800.0,27180.0,25075.0,23710.0,22422.916666666668,318049
2022-08-10,27800.0,30050.0,27700.0,29800.0,27790.0,25462.5,23798.333333333332,22520.416666666668,853467
2022-08-11,29750.0,30600.0,29450.0,29900.0,28490.0,25835.0,23903.333333333332,22613.75,508767
2022-08-12,30000.0,30650.0,29400.0,30650.0,29330.0,26222.5,24023.333333333332,22712.916666666668,326864
2022-08-16,30650.0,30650.0,29250.0,29800.0,29590.0,26517.5,24162.5,22799.166666666668,428594
2022-08-17,29450.0,30000.0,29250.0,29400.0,29910.0,26772.5,24295.833333333332,22880.833333333332,237245
2022-08-18,28950.0,30800.0,28850.0,30350.0,30020.0,27115.0,24434.166666666668,22971.666666666668,401792
2022-08-19,30200.0,31000.0,29850.0,30000.0,30040.0,27460.0,24572.5,23059.583333333332,209667
2022-08-22,29500.0,30550.0,29450.0,29900.0,29890.0,27790.0,24713.333333333332,23148.75,201289
2022-08-23,29700.0,31450.0,29700.0,30800.0,30090.0,28100.0,24857.5,23237.083333333332,453720
2022-08-24,31150.0,33250.0,30800.0,33100.0,30830.0,28555.0,25045.0,23344.583333333332,816861
2022-08-25,33300.0,34100.0,31200.0,32100.0,31180.0,28960.0,25211.666666666668,23440.0,719356
2022-08-26,32250.0,33950.0,31750.0,33000.0,31780.0,29350.0,25385.833333333332,23542.5,413566
2022-08-29,31700.0,34250.0,31600.0,34150.0,32630.0,29685.0,25581.666666666668,23654.583333333332,491475
2022-08-30,34150.0,34300.0,32150.0,33400.0,33150.0,29972.5,25726.666666666668,23765.0,820568
2022-08-31,33300.0,33400.0,31050.0,31950.0,32920.0,30210.0,25853.333333333332,23867.083333333332,719413
2022-09-01,32400.0,33500.0,31750.0,31850.0,32870.0,30465.0,25983.333333333332,23968.333333333332,708654
2022-09-02,32350.0,32600.0,31150.0,31550.0,32580.0,30722.5,26111.666666666668,24066.666666666668,317237
2022-09-05,31550.0,31750.0,30500.0,31200.0,31990.0,30960.0,26240.0,24155.0,316009
2022-09-06,31550.0,33150.0,31450.0,32500.0,31810.0,31160.0,26409.166666666668,24254.166666666668,459368
2022-09-07,32500.0,33500.0,32150.0,32800.0,31980.0,31410.0,26596.666666666668,24355.833333333332,481082
2022-09-08,33300.0,34450.0,32400.0,34000.0,32410.0,31620.0,26815.0,24467.5,602198
2022-09-13,33900.0,34000.0,31450.0,31850.0,32470.0,31717.5,27001.666666666668,24562.083333333332,730888
2022-09-14,31000.0,32200.0,30900.0,31900.0,32610.0,31780.0,27190.0,24657.083333333332,279301
2022-09-15,32000.0,33150.0,32000.0,32900.0,32690.0,31935.0,27402.5,24761.25,336337
2022-09-16,32300.0,32800.0,30900.0,32000.0,32530.0,32065.0,27580.0,24856.25,490098
2022-09-19,31700.0,32200.0,30300.0,30550.0,31840.0,32075.0,27719.166666666668,24942.5,359905
2022-09-20,30750.0,31250.0,30200.0,30950.0,31660.0,32122.5,27851.666666666668,25029.166666666668,227587
2022-09-21,31150.0,31650.0,30450.0,31400.0,31560.0,32197.5,27980.0,25122.083333333332,183460
2022-09-22,30900.0,33400.0,30900.0,33250.0,31630.0,32320.0,28148.333333333332,25231.25,334597
2022-09-23,32850.0,33800.0,31950.0,32000.0,31630.0,32265.0,28251.666666666668,25325.0,248141
2022-09-26,31350.0,31350.0,28750.0,28950.0,31310.0,32107.5,28303.333333333332,25387.5,649102
2022-09-27,29000.0,29500.0,28300.0,29250.0,30970.0,31920.0,28368.333333333332,25454.166666666668,369816
2022-09-28,29550.0,30500.0,28800.0,29000.0,30490.0,31662.5,28435.0,25519.166666666668,385617
2022-09-29,29650.0,31400.0,29650.0,30250.0,29890.0,31505.0,28530.0,25592.916666666668,489225
2022-09-30,30000.0,32600.0,29900.0,31850.0,29860.0,31500.0,28619.166666666668,25685.0,549757
2022-10-04,32350.0,33350.0,31750.0,33300.0,30730.0,31572.5,28784.166666666668,25793.75,415649
2022-10-05,34200.0,34500.0,33200.0,33600.0,31600.0,31675.0,28953.333333333332,25900.416666666668,454445
2022-10-06,33700.0,35000.0,33600.0,34950.0,32790.0,31862.5,29137.5,26012.5,424712
2022-10-07,34600.0,35750.0,32500.0,33000.0,33340.0,31887.5,29295.0,26107.916666666668,569773
2022-10-11,32300.0,33200.0,31650.0,32100.0,33390.0,31852.5,29445.833333333332,26192.083333333332,292365
2022-10-12,32100.0,33300.0,31750.0,33100.0,33350.0,31807.5,29630.0,26282.083333333332,265296
2022-10-13,33300.0,33500.0,32100.0,32100.0,33050.0,31820.0,29790.833333333332,26365.416666666668,215596
2022-10-14,33000.0,33650.0,32600.0,33300.0,32720.0,31890.0,29964.166666666668,26462.083333333332,214724
2022-10-17,32300.0,32850.0,30950.0,32200.0,32560.0,31855.0,30102.5,26549.583333333332,343175
2022-10-18,32600.0,33650.0,31950.0,33600.0,32860.0,31935.0,30257.5,26645.416666666668,241275
2022-10-19,33600.0,33850.0,32000.0,32400.0,32720.0,32027.5,30405.833333333332,26727.083333333332,182262
2022-10-20,32300.0,33050.0,32000.0,32400.0,32780.0,32100.0,30560.833333333332,26809.166666666668,128833
2022-10-21,32450.0,32600.0,30500.0,30700.0,32260.0,32065.0,30684.166666666668,26886.666666666668,302110
2022-10-24,31350.0,32150.0,31150.0,31950.0,32210.0,32000.0,30806.666666666668,26975.833333333332,323598
2022-10-25,32050.0,32350.0,30200.0,31300.0,31750.0,31965.0,30928.333333333332,27059.583333333332,281990
2022-10-26,31550.0,33550.0,30750.0,33100.0,31890.0,32172.5,31080.0,27152.083333333332,738512
2022-10-27,33150.0,34400.0,32350.0,34400.0,32290.0,32430.0,31233.333333333332,27256.666666666668,572344
2022-10-28,34200.0,35400.0,33850.0,34350.0,33020.0,32697.5,31348.333333333332,27352.083333333332,340767
2022-10-31,34300.0,34950.0,33550.0,34350.0,33500.0,32902.5,31460.0,27437.916666666668,187678
2022-11-01,34500.0,37350.0,34450.0,37200.0,34680.0,33170.0,31626.666666666668,27546.666666666668,824562
2022-11-02,37050.0,37950.0,36550.0,36800.0,35420.0,33345.0,31794.166666666668,27650.0,438763
2022-11-03,36050.0,38400.0,35900.0,38150.0,36170.0,33572.5,31990.0,27762.5,400439
2022-11-04,38150.0,39600.0,38050.0,38400.0,36980.0,33745.0,32189.166666666668,27882.916666666668,433526
2022-11-07,38400.0,39300.0,37250.0,38200.0,37750.0,34005.0,32350.833333333332,28002.5,294034
2022-11-08,38200.0,38450.0,37100.0,38100.0,37930.0,34305.0,32522.5,28116.25,286110
2022-11-09,38350.0,39400.0,37450.0,38200.0,38210.0,34560.0,32662.5,28230.416666666668,275592
2022-11-10,37700.0,39650.0,37700.0,38400.0,38260.0,34875.0,32804.166666666664,28353.75,277024
2022-11-11,39500.0,39550.0,37800.0,38400.0,38260.0,35130.0,32933.333333333336,28478.333333333332,311684
2022-11-14,38550.0,38550.0,37250.0,38150.0,38250.0,35427.5,33072.5,28617.5,290696
2022-11-15,38450.0,40850.0,38200.0,40800.0,38790.0,35787.5,33262.5,28779.166666666668,544783
2022-11-16,41000.0,41850.0,40150.0,41800.0,39510.0,36257.5,33453.333333333336,28943.75,295737
2022-11-17,42000.0,42800.0,41050.0,41300.0,40090.0,36702.5,33641.666666666664,29107.083333333332,232455
2022-11-18,41200.0,43500.0,39550.0,41400.0,40690.0,37237.5,33833.333333333336,29273.333333333332,1027802
2022-11-21,41800.0,43000.0,39850.0,40500.0,41160.0,37665.0,33995.0,29426.25,283845
2022-11-22,40100.0,43650.0,40100.0,42650.0,41530.0,38232.5,34154.166666666664,29599.583333333332,413288
2022-11-23,43050.0,43850.0,41800.0,43550.0,41880.0,38755.0,34345.0,29778.333333333332,207452
2022-11-24,43100.0,44050.0,42900.0,43450.0,42310.0,39207.5,34519.166666666664,29952.5,132095
2022-11-25,43750.0,44400.0,42600.0,43100.0,42650.0,39645.0,34668.333333333336,30125.0,138057
2022-11-28,42800.0,43600.0,42200.0,42600.0,43070.0,40057.5,34821.666666666664,30274.166666666668,150171
2022-11-29,42250.0,43900.0,42250.0,42850.0,43110.0,40340.0,35003.333333333336,30428.333333333332,171375
2022-11-30,42850.0,43700.0,41300.0,42050.0,42810.0,40602.5,35173.333333333336,30578.333333333332,252226
2022-12-01,42100.0,42150.0,39400.0,39700.0,42060.0,40680.0,35309.166666666664,30710.416666666668,700780
2022-12-02,39300.0,39650.0,37250.0,38200.0,41080.0,40670.0,35425.833333333336,30832.916666666668,615471
2022-12-05,38200.0,38400.0,37650.0,37950.0,40150.0,40657.5,35516.666666666664,30962.916666666668,246725
2022-12-06,37600.0,38300.0,36450.0,37650.0,39110.0,40635.0,35597.5,31097.083333333332,304341
2022-12-07,37400.0,38400.0,37000.0,38000.0,38300.0,40625.0,35664.166666666664,31239.583333333332,203553
2022-12-08,38250.0,39700.0,38000.0,39350.0,38230.0,40672.5,35789.166666666664,31395.416666666668,323962
2022-12-09,39500.0,39750.0,38750.0,39350.0,38460.0,40720.0,35913.333333333336,31551.666666666668,222951
2022-12-12,39250.0,41250.0,38850.0,41100.0,39090.0,40867.5,36050.0,31726.25,233475
2022-12-13,41150.0,42600.0,40500.0,41500.0,39860.0,40902.5,36208.333333333336,31894.166666666668,249072
2022-12-14,41900.0,42650.0,40450.0,40950.0,40450.0,40860.0,36381.666666666664,32050.416666666668,276703
2022-12-15,40950.0,42700.0,40600.0,41950.0,40970.0,40892.5,36565.0,32208.333333333332,260163
2022-12-16,41500.0,42900.0,41150.0,42350.0,41570.0,40940.0,36747.5,32363.75,212009
2022-12-19,42550.0,43100.0,41950.0,42350.0,41820.0,41032.5,36899.166666666664,32523.75,128665
2022-12-20,42700.0,44350.0,41250.0,42300.0,41980.0,41015.0,37070.833333333336,32661.25,560032
2022-12-21,42800.0,43900.0,42200.0,43050.0,42400.0,40990.0,37305.833333333336,32804.583333333336,243941
2022-12-22,43050.0,43200.0,40900.0,41350.0,42280.0,40885.0,37507.5,32937.916666666664,309354
2022-12-23,40500.0,41550.0,39700.0,41000.0,42010.0,40780.0,37707.5,33071.25,247014
2022-12-26,40350.0,41450.0,40300.0,41000.0,41740.0,40700.0,37886.666666666664,33208.333333333336,182322
2022-12-27,41000.0,43200.0,41000.0,42800.0,41840.0,40697.5,38069.166666666664,33344.166666666664,271601
2022-12-28,42800.0,44000.0,42300.0,43750.0,41980.0,40782.5,38243.333333333336,33513.75,248275
2022-12-29,43650.0,44000.0,42200.0,42500.0,42210.0,40922.5,38391.666666666664,33672.5,190241
2023-01-02,42050.0,43000.0,39600.0,40450.0,42100.0,41035.0,38483.333333333336,33810.416666666664,314158
2023-01-03,41200.0,41200.0,39050.0,40250.0,41950.0,41150.0,38604.166666666664,33949.583333333336,183318
2023-01-04,39800.0,39950.0,38200.0,38650.0,41120.0,41200.0,38713.333333333336,34079.583333333336,366524
2023-01-05,38850.0,38850.0,36000.0,37500.0,39870.0,41175.0,38786.666666666664,34208.333333333336,627755
2023-01-06,37350.0,38250.0,36750.0,37200.0,38810.0,41067.5,38871.666666666664,34331.25,325489
2023-01-09,37400.0,37950.0,36950.0,37450.0,38210.0,40972.5,38940.833333333336,34452.5,277233
2023-01-10,37700.0,37700.0,36750.0,37300.0,37620.0,40782.5,39025.833333333336,34564.166666666664,257729
2023-01-11,37500.0,38450.0,36150.0,38250.0,37540.0,40620.0,39103.333333333336,34680.416666666664,538052
2023-01-12,38800.0,41600.0,38500.0,40150.0,38070.0,40580.0,39232.5,34819.166666666664,697732
2023-01-13,40300.0,40950.0,39650.0,40300.0,38690.0,40497.5,39364.166666666664,34962.5,287057
2023-01-16,40300.0,40650.0,38500.0,38500.0,38900.0,40305.0,39494.166666666664,35089.166666666664,303720
2023-01-17,38950.0,40100.0,38450.0,39100.0,39260.0,40142.5,39613.333333333336,35210.0,398281
2023-01-18,39200.0,39400.0,37050.0,37150.0,39040.0,39885.0,39710.833333333336,35319.583333333336,336099
2023-01-19,37150.0,37650.0,36900.0,37100.0,38430.0,39587.5,39777.5,35428.75,166304
2023-01-20,37100.0,37100.0,36300.0,36500.0,37670.0,39345.0,39812.5,35522.916666666664,242928
2023-01-25,36600.0,36650.0,35700.0,36200.0,37210.0,39105.0,39843.333333333336,35595.833333333336,1548
2023-01-26,36200.0,36700.0,35850.0,36750.0,36740.0,38892.5,39883.333333333336,35671.666666666664,1436
2023-01-27,36800.0,39300.0,36800.0,38800.0,37070.0,38692.5,39910.0,35768.333333333336,1528
2023-01-30,38850.0,39500.0,38250.0,38350.0,37320.0,38422.5,39935.833333333336,35865.0,902
2023-01-31,38000.0,40300.0,38000.0,40100.0,38040.0,38302.5,39968.333333333336,35979.166666666664,2389
2023-02-01,40100.0,40300.0,38700.0,40050.0,38810.0,38282.5,39995.833333333336,36092.5,2801
2023-02-02,39500.0,41950.0,38850.0,40350.0,39530.0,38287.5,40031.666666666664,36191.25,2934
2023-02-03,41100.0,41700.0,38550.0,38750.0,39520.0,38292.5,40042.5,36282.5,3410
2023-02-06,38550.0,39850.0,38450.0,39150.0,39680.0,38375.0,40058.333333333336,36360.416666666664,483
2023-02-07,39250.0,39650.0,38700.0,38950.0,39450.0,38462.5,40067.5,36435.833333333336,3485
2023-02-08,39600.0,39950.0,39000.0,39200.0,39280.0,38550.0,40080.833333333336,36507.083333333336,950
2023-02-09,39200.0,39650.0,38600.0,39100.0,39030.0,38640.0,40096.666666666664,36584.583333333336,834
2023-02-10,39600.0,39600.0,38100.0,38500.0,38980.0,38652.5,40058.333333333336,36660.416666666664,1609
2023-02-13,38500.0,39600.0,38500.0,39450.0,39040.0,38617.5,40019.166666666664,36736.25,1889
2023-02-14,39400.0,39650.0,38900.0,39300.0,39110.0,38567.5,39985.833333333336,36813.75,583
2023-02-15,39400.0,39650.0,37650.0,38150.0,38900.0,38550.0,39931.666666666664,36882.5,653
2023-02-16,38200.0,38950.0,38200.0,38400.0,38760.0,38515.0,39896.666666666664,36945.833333333336,2033
2023-02-17,37900.0,39050.0,37750.0,38650.0,38790.0,38590.0,39830.0,36992.083333333336,392
2023-02-20,38750.0,39100.0,37500.0,38600.0,38620.0,38665.0,39747.5,37046.25,461
2023-02-21,38600.0,39150.0,38150.0,38300.0,38420.0,38755.0,39661.666666666664,37090.416666666664,788
2023-02-22,37950.0,40300.0,37950.0,40200.0,38830.0,38955.0,39613.333333333336,37140.833333333336,2011
2023-02-23,40450.0,41350.0,39950.0,40200.0,39190.0,39127.5,39573.333333333336,37197.5,1358
2023-02-24,41000.0,41450.0,39800.0,39950.0,39450.0,39185.0,39525.0,37264.166666666664,705
2023-02-27,39800.0,41400.0,39750.0,41300.0,39990.0,39332.5,39512.5,37342.916666666664,274383
2023-02-28,41650.0,42900.0,41300.0,42050.0,40740.0,39430.0,39551.666666666664,37430.416666666664,303903
2023-03-02,42400.0,45600.0,42250.0,45200.0,41740.0,39687.5,39668.333333333336,37547.083333333336,614676
2023-03-03,45350.0,45900.0,44350.0,44900.0,42680.0,39915.0,39784.166666666664,37650.416666666664,285011
2023-03-06,44800.0,44800.0,41750.0,42100.0,43110.0,40082.5,39858.333333333336,37727.916666666664,425468
2023-03-07,42100.0,42450.0,41200.0,42050.0,43260.0,40227.5,39925.833333333336,37795.0,237885
2023-03-08,41500.0,42550.0,41400.0,42050.0,43260.0,40382.5,39970.833333333336,37880.0,166708
2023-03-09,42000.0,42450.0,41300.0,41350.0,42490.0,40490.0,40004.166666666664,37958.75,129425
2023-03-10,40650.0,42050.0,40300.0,40350.0,41580.0,40552.5,39991.666666666664,38020.833333333336,152839
2023-03-13,40000.0,40500.0,39100.0,39850.0,41130.0,40620.0,39964.166666666664,38086.25,144214
2023-03-14,40300.0,40450.0,38600.0,39500.0,40620.0,40622.5,39940.0,38160.833333333336,175042
2023-03-15,39950.0,41500.0,39750.0,41200.0,40450.0,40717.5,39927.5,38246.25,165334
2023-03-16,40750.0,40950.0,39900.0,40000.0,40180.0,40810.0,39888.333333333336,38317.916666666664,132737
2023-03-17,40850.0,40900.0,39050.0,39100.0,39930.0,40845.0,39834.166666666664,38366.666666666664,209896
2023-03-20,38900.0,40100.0,38800.0,39650.0,39890.0,40895.0,39790.0,38430.416666666664,115769
2023-03-21,39900.0,40100.0,38950.0,39400.0,39870.0,40935.0,39729.166666666664,38517.5,140302
2023-03-22,39700.0,39700.0,38600.0,38850.0,39400.0,40962.5,39687.5,38597.5,193985
2023-03-23,38550.0,39250.0,37400.0,37550.0,38910.0,40830.0,39630.0,38668.75,350725
2023-03-24,37700.0,38200.0,37350.0,38150.0,38720.0,40727.5,39582.5,38734.583333333336,175104
2023-03-27,38550.0,38900.0,37750.0,38050.0,38400.0,40632.5,39503.333333333336,38786.25,198267
2023-03-28,38050.0,39600.0,38050.0,38900.0,38300.0,40512.5,39422.5,38832.916666666664,172703
2023-03-29,38900.0,38950.0,37400.0,37600.0,38050.0,40290.0,39340.833333333336,38866.25,304372
2023-03-30,37800.0,37900.0,36900.0,37650.0,38070.0,39912.5,39294.166666666664,38888.75,244822
2023-03-31,37400.0,38150.0,37150.0,37900.0,38020.0,39562.5,39255.0,38929.583333333336,214783
2023-04-03,38400.0,40000.0,37950.0,38750.0,38160.0,39395.0,39256.666666666664,38985.0,270238
2023-04-04,39350.0,39750.0,38300.0,38600.0,38100.0,39222.5,39275.0,39030.833333333336,151030
2023-04-05,39100.0,40250.0,39100.0,40050.0,38590.0,39122.5,39322.5,39097.083333333336,346308
2023-04-06,39550.0,40100.0,38800.0,39050.0,38870.0,39007.5,39349.166666666664,39145.0,187837
2023-04-07,39300.0,39350.0,37700.0,38200.0,38930.0,38900.0,39364.166666666664,39195.0,207414
2023-04-10,38350.0,38350.0,37400.0,38000.0,38780.0,38807.5,39360.0,39231.666666666664,171752
2023-04-11,38250.0,38700.0,37350.0,38550.0,38770.0,38760.0,39333.333333333336,39282.916666666664,133714
2023-04-12,38750.0,41250.0,38550.0,40900.0,38940.0,38745.0,39343.333333333336,39353.75,589476
2023-04-13,40800.0,45850.0,40200.0,45500.0,40230.0,39020.0,39460.0,39477.083333333336,1372901
2023-04-14,45550.0,48250.0,44950.0,47550.0,42100.0,39442.5,39600.833333333336,39607.083333333336,747933
2023-04-17,47800.0,50800.0,47800.0,50000.0,44500.0,39960.0,39815.0,39762.916666666664,681923
2023-04-18,49950.0,50900.0,49250.0,50700.0,46930.0,40525.0,40041.666666666664,39909.583333333336,370554
2023-04-19,50300.0,51100.0,49100.0,50100.0,48770.0,41087.5,40268.333333333336,40040.416666666664,255593
2023-04-20,50000.0,50000.0,47500.0,48350.0,49340.0,41627.5,40470.833333333336,40157.083333333336,389485
2023-04-21,48050.0,51900.0,46250.0,51000.0,50030.0,42270.0,40708.333333333336,40295.833333333336,594615
2023-04-24,51800.0,53700.0,47200.0,50500.0,50130.0,42892.5,40903.333333333336,40406.666666666664,683541
2023-04-25,51400.0,54800.0,50800.0,53000.0,50590.0,43597.5,41147.5,40541.666666666664,908011
2023-04-26,52500.0,53600.0,50800.0,51500.0,50870.0,44292.5,41337.5,40652.916666666664,307069
2023-04-27,51600.0,52000.0,49150.0,51400.0,51480.0,44980.0,41526.666666666664,40761.25,313356
2023-04-28,50800.0,52400.0,49500.0,50600.0,51400.0,45615.0,41697.5,40864.583333333336,343105
2023-05-02,50600.0,53600.0,49950.0,52900.0,51880.0,46322.5,41933.333333333336,40987.916666666664,315850
2023-05-03,52000.0,53400.0,51100.0,51600.0,51600.0,46972.5,42140.833333333336,41099.583333333336,227329
2023-05-04,51500.0,53200.0,50900.0,51900.0,51680.0,47565.0,42356.666666666664,41212.083333333336,195922
2023-05-08,51800.0,52200.0,49000.0,49200.0,51240.0,48072.5,42523.333333333336,41302.083333333336,414477
2023-05-09,49150.0,49900.0,48550.0,49000.0,50920.0,48612.5,42688.333333333336,41392.5,219730
2023-05-10,49000.0,50400.0,48150.0,49200.0,50180.0,49172.5,42866.666666666664,41462.5,222171
2023-05-11,49200.0,49650.0,48200.0,48600.0,49580.0,49675.0,43019.166666666664,41519.166666666664,170739
2023-05-12,48000.0,48850.0,46600.0,47400.0,48680.0,50000.0,43154.166666666664,41570.0,375438
2023-05-15,47000.0,49000.0,46800.0,47600.0,48360.0,50105.0,43311.666666666664,41621.666666666664,174892
2023-05-16,48050.0,48050.0,46200.0,47250.0,48010.0,50090.0,43459.166666666664,41677.916666666664,159950
2023-05-17,46800.0,47550.0,46250.0,47300.0,47630.0,49955.0,43603.333333333336,41716.666666666664,132555
2023-05-18,47450.0,48100.0,46850.0,47500.0,47410.0,49795.0,43751.666666666664,41749.583333333336,174145
2023-05-19,47950.0,47950.0,45100.0,45600.0,47050.0,49570.0,43873.333333333336,41767.5,590293
2023-05-22,45500.0,48800.0,45500.0,48400.0,47210.0,49572.5,44010.0,41811.666666666664,315112
2023-05-23,48750.0,49350.0,47950.0,48150.0,47390.0,49430.0,44142.5,41857.916666666664,179027
2023-05-24,48750.0,50800.0,48350.0,50100.0,47950.0,49410.0,44311.666666666664,41918.333333333336,280448
2023-05-25,50100.0,50500.0,48700.0,48950.0,48240.0,49207.5,44439.166666666664,41975.833333333336,212522
2023-05-26,49400.0,50200.0,48150.0,48250.0,48770.0,49045.0,44542.5,42047.083333333336,149201
2023-05-30,48300.0,48600.0,46800.0,48100.0,48710.0,48880.0,44590.833333333336,42129.583333333336,196698
2023-05-31,48800.0,50200.0,48200.0,48900.0,48860.0,48795.0,44657.5,42220.833333333336,209669
2023-06-01,48400.0,49150.0,47300.0,47800.0,48400.0,48540.0,44752.5,42305.416666666664,192797
2023-06-02,48550.0,52500.0,48550.0,52400.0,49090.0,48580.0,44925.0,42425.416666666664,687331
2023-06-05,52500.0,53900.0,51800.0,52400.0,49920.0,48605.0,45097.5,42534.166666666664,353200
2023-06-07,53100.0,53100.0,51600.0,52500.0,50800.0,48770.0,45283.333333333336,42643.75,175521
2023-06-08,52500.0,55000.0,52400.0,53200.0,51660.0,48980.0,45497.5,42744.583333333336,338346
2023-06-09,53300.0,54600.0,52500.0,54100.0,52920.0,49225.0,45735.0,42849.583333333336,211563
2023-06-12,54100.0,54200.0,51700.0,52400.0,52920.0,49415.0,45950.0,42945.0,265097
2023-06-13,52400.0,54100.0,51900.0,53200.0,53080.0,49705.0,46150.0,43038.75,173466
2023-06-14,53800.0,54700.0,51700.0,52400.0,53060.0,49945.0,46356.666666666664,43122.5,213985
2023-06-15,52400.0,54500.0,52000.0,53200.0,53060.0,50242.5,46591.666666666664,43212.916666666664,210179
2023-06-16,53800.0,56500.0,53400.0,56000.0,53440.0,50677.5,46864.166666666664,43327.083333333336,504523
2023-06-19,56000.0,58100.0,54800.0,57900.0,54540.0,51197.5,47172.5,43450.833333333336,345665
2023-06-20,58000.0,59500.0,56700.0,57500.0,55400.0,51792.5,47483.333333333336,43585.416666666664,276325
2023-06-21,57800.0,58700.0,56200.0,58300.0,56580.0,52287.5,47829.166666666664,43729.583333333336,251213
2023-06-22,57100.0,58100.0,56100.0,57200.0,57380.0,52740.0,48146.666666666664,43864.583333333336,149826
2023-06-23,57200.0,57700.0,55700.0,56900.0,57560.0,53080.0,48460.833333333336,43982.083333333336,105626
2023-06-26,56600.0,59400.0,55800.0,57200.0,57420.0,53492.5,48765.833333333336,44094.166666666664,219099
2023-06-27,57400.0,59200.0,56000.0,59000.0,57720.0,54030.0,49122.5,44231.666666666664,194472
2023-06-28,59800.0,59800.0,57700.0,57900.0,57640.0,54520.0,49460.0,44377.083333333336,225120
2023-06-29,58400.0,61000.0,56900.0,60500.0,58300.0,55100.0,49836.666666666664,44545.833333333336,413798
2023-06-30,61100.0,65900.0,59600.0,65100.0,59940.0,55965.0,50275.833333333336,44766.25,784235
2023-07-03,66500.0,67600.0,64300.0,64700.0,61440.0,56580.0,50710.833333333336,44992.916666666664,407323
2023-07-04,65000.0,69200.0,64900.0,67300.0,63100.0,57325.0,51165.0,45243.75,393254
2023-07-05,67700.0,69000.0,66000.0,66900.0,64900.0,58045.0,51629.166666666664,45489.166666666664,302109
2023-07-06,66900.0,67700.0,65500.0,66200.0,66040.0,58695.0,52095.833333333336,45730.0,227940
2023-07-07,65700.0,68300.0,65200.0,67700.0,66560.0,59375.0,52590.833333333336,45975.416666666664,201998
2023-07-10,67900.0,71000.0,67200.0,68400.0,67300.0,60175.0,53088.333333333336,46210.833333333336,343928
2023-07-11,68500.0,73000.0,68500.0,72500.0,68340.0,61140.0,53615.0,46479.166666666664,406261
2023-07-12,73000.0,74400.0,67500.0,69400.0,68840.0,61990.0,54013.333333333336,46736.666666666664,651435
2023-07-13,69600.0,69700.0,66600.0,69300.0,69460.0,62795.0,54375.833333333336,46988.333333333336,425077
2023-07-14,69700.0,69700.0,66400.0,67800.0,69480.0,63385.0,54672.5,47243.75,553287
2023-07-17,68300.0,69800.0,67500.0,68700.0,69540.0,63925.0,54972.5,47507.083333333336,272405
2023-07-18,68700.0,68900.0,66200.0,67600.0,68560.0,64430.0,55264.166666666664,47766.25,269603
2023-07-19,68000.0,68600.0,66400.0,67200.0,68120.0,64875.0,55578.333333333336,48024.583333333336,240678
2023-07-20,67000.0,71700.0,66600.0,70200.0,68300.0,65525.0,55898.333333333336,48303.333333333336,373145
2023-07-21,70000.0,71200.0,68800.0,70300.0,68800.0,66195.0,56228.333333333336,48565.833333333336,189997
2023-07-24,70500.0,73300.0,68600.0,71800.0,69420.0,66925.0,56541.666666666664,48844.583333333336,378211
2023-07-25,72100.0,81700.0,71000.0,80600.0,72020.0,68005.0,57026.666666666664,49182.083333333336,998076
2023-07-26,82800.0,84000.0,68000.0,69600.0,72500.0,68590.0,57330.0,49428.333333333336,1650564
2023-07-27,72000.0,74600.0,69000.0,70600.0,72580.0,69095.0,57663.333333333336,49680.416666666664,717461
2023-07-28,69400.0,73900.0,68500.0,72900.0,73100.0,69485.0,57996.666666666664,49965.0,329912
2023-07-31,74600.0,76200.0,72400.0,74300.0,73600.0,69965.0,58375.0,50257.916666666664,418255
2023-08-01,74500.0,74700.0,71900.0,73700.0,72220.0,70285.0,58738.333333333336,50547.5,352886
2023-08-02,73000.0,78000.0,73000.0,74800.0,73260.0,70680.0,59165.0,50844.166666666664,621389
2023-08-03,74500.0,75100.0,70300.0,73200.0,73780.0,71030.0,59568.333333333336,51128.333333333336,415586
2023-08-04,72800.0,74400.0,72500.0,73000.0,73800.0,71295.0,59965.0,51415.833333333336,129720
2023-08-07,74000.0,76100.0,71900.0,72600.0,73460.0,71505.0,60365.0,51692.083333333336,315396
2023-08-08,72600.0,77200.0,71600.0,76200.0,73960.0,71690.0,60845.0,51999.583333333336,411778
2023-08-09,75500.0,76800.0,73600.0,74300.0,73860.0,71935.0,61290.0,52300.833333333336,209621
2023-08-10,73600.0,74300.0,71800.0,71900.0,73600.0,72065.0,61700.833333333336,52580.0,268148
2023-08-11,72200.0,74600.0,69500.0,74000.0,73800.0,72375.0,62145.833333333336,52874.583333333336,273912
2023-08-14,73600.0,76400.0,73100.0,75100.0,74300.0,72695.0,62605.833333333336,53178.75,228992
2023-08-16,74700.0,76400.0,72700.0,72900.0,73640.0,72960.0,63060.833333333336,53467.083333333336,263414
2023-08-17,72300.0,73600.0,68800.0,70400.0,72860.0,73120.0,63427.5,53718.75,293042
2023-08-18,70000.0,70500.0,68000.0,69800.0,72440.0,73100.0,63788.333333333336,53965.416666666664,272371
2023-08-21,70800.0,71200.0,68000.0,69400.0,71520.0,73055.0,64110.0,54210.833333333336,252998
2023-08-22,69800.0,72600.0,69600.0,71900.0,70880.0,73060.0,64492.5,54465.833333333336,180550
2023-08-23,71500.0,72500.0,68200.0,68500.0,70000.0,72455.0,64830.0,54686.25,234974
2023-08-24,69200.0,70200.0,67500.0,70100.0,69940.0,72480.0,65196.666666666664,54893.75,177709
2023-08-25,68300.0,69500.0,66800.0,67400.0,69460.0,72320.0,65505.0,55081.25,299219
2023-08-28,67500.0,69800.0,67500.0,68800.0,69340.0,72115.0,65855.0,55303.75,161035
2023-08-29,69200.0,70200.0,68300.0,69600.0,68880.0,71880.0,66141.66666666667,55533.333333333336,133565
2023-08-30,70000.0,70200.0,68400.0,69800.0,69140.0,71685.0,66431.66666666667,55764.583333333336,170015
2023-08-31,69400.0,71500.0,69000.0,70400.0,69200.0,71465.0,66730.0,56006.666666666664,241656
2023-09-01,70000.0,70000.0,61400.0,63100.0,68340.0,70960.0,66895.0,56196.25,1027895
2023-09-04,64000.0,65200.0,63200.0,64600.0,67500.0,70540.0,67070.0,56402.5,322702
2023-09-05,64400.0,65300.0,63900.0,64700.0,66520.0,70145.0,67275.0,56612.5,201357
2023-09-06,64700.0,65500.0,63400.0,64400.0,65440.0,69555.0,67461.66666666667,56805.833333333336,228767
2023-09-07,64200.0,65000.0,61900.0,62600.0,63880.0,68970.0,67631.66666666667,56994.166666666664,342450
2023-09-08,61900.0,63100.0,61500.0,62700.0,63800.0,68510.0,67790.0,57190.833333333336,196587
2023-09-11,63000.0,68400.0,62400.0,67000.0,64280.0,68160.0,67973.33333333333,57418.75,519110
2023-09-12,68400.0,69700.0,67300.0,67500.0,64840.0,67780.0,68133.33333333333,57652.916666666664,372319
2023-09-13,69000.0,69000.0,66000.0,67100.0,65380.0,67490.0,68293.33333333333,57888.333333333336,250377
2023-09-14,67100.0,68200.0,66600.0,67100.0,66280.0,67325.0,68440.0,58134.583333333336,158520
2023-09-15,68400.0,71000.0,68000.0,70200.0,67780.0,67345.0,68656.66666666667,58401.666666666664,361165
2023-09-18,70300.0,72400.0,69900.0,71900.0,68760.0,67470.0,68906.66666666667,58683.75,216783
2023-09-19,72200.0,74800.0,71000.0,74400.0,70140.0,67595.0,69193.33333333333,58979.583333333336,283182
2023-09-20,74300.0,75000.0,71000.0,71200.0,70960.0,67730.0,69396.66666666667,59259.583333333336,200259
2023-09-21,70000.0,71100.0,69000.0,69200.0,71380.0,67685.0,69585.0,59522.5,187796
2023-09-22,67600.0,70600.0,67500.0,69800.0,71300.0,67805.0,69740.0,59788.333333333336,161308
2023-09-25,69300.0,70200.0,66300.0,67300.0,70380.0,67730.0,69776.66666666667,60026.25,281404
2023-09-26,67300.0,67900.0,65100.0,65400.0,68580.0,67520.0,69788.33333333333,60249.583333333336,189574
2023-09-27,65000.0,67000.0,65000.0,66600.0,67660.0,67360.0,69776.66666666667,60470.833333333336,113698
2023-10-04,66200.0,67500.0,64800.0,65100.0,66840.0,67095.0,69746.66666666667,60687.916666666664,146288
2023-10-05,66100.0,67700.0,65000.0,66000.0,66080.0,67240.0,69743.33333333333,60919.583333333336,122802
2023-10-06,66000.0,67200.0,65400.0,66100.0,65840.0,67315.0,69716.66666666667,61153.75,89400
2023-10-10,67000.0,71400.0,66800.0,67300.0,66220.0,67445.0,69698.33333333333,61393.333333333336,263843
2023-10-11,67400.0,71300.0,67100.0,71200.0,67140.0,67785.0,69676.66666666667,61645.833333333336,213145
2023-10-12,71500.0,72200.0,70100.0,70700.0,68260.0,68190.0,69698.33333333333,61855.833333333336,150113
2023-10-13,70200.0,72200.0,70200.0,71600.0,69380.0,68635.0,69736.66666666667,62056.25,165852
2023-10-16,70600.0,74400.0,70500.0,73000.0,70760.0,68935.0,69823.33333333333,62247.916666666664,277280
2023-10-17,73500.0,78000.0,73500.0,76000.0,72500.0,69360.0,69945.0,62458.75,469745
2023-10-18,75700.0,77300.0,74100.0,75400.0,73340.0,69775.0,70075.0,62669.583333333336,200982
2023-10-19,74100.0,74800.0,71000.0,71000.0,73400.0,69970.0,70138.33333333333,62858.333333333336,428520
2023-10-20,70300.0,73000.0,67700.0,72900.0,73660.0,70105.0,70183.33333333333,63040.833333333336,461365
2023-10-23,70500.0,70800.0,65500.0,68500.0,72760.0,69935.0,70153.33333333333,63190.833333333336,745473
2023-10-24,69200.0,73500.0,69200.0,73500.0,72260.0,69890.0,70181.66666666667,63361.666666666664,332551
2023-10-25,76800.0,78000.0,70300.0,74500.0,72080.0,70055.0,70080.0,63553.333333333336,609584
2023-10-26,72000.0,75000.0,71000.0,74000.0,72680.0,70295.0,70153.33333333333,63741.666666666664,295500
2023-10-27,74500.0,76800.0,73500.0,74400.0,72980.0,70525.0,70216.66666666667,63940.0,340825
2023-10-30,74400.0,75100.0,71400.0,73700.0,74020.0,70845.0,70230.0,64113.333333333336,239714
2023-10-31,75000.0,77600.0,74000.0,75000.0,74320.0,71325.0,70241.66666666667,64308.333333333336,490711
2023-11-01,76100.0,79000.0,75400.0,78700.0,75160.0,71930.0,70325.0,64531.666666666664,504336
2023-11-02,79600.0,79900.0,77000.0,77600.0,75880.0,72555.0,70371.66666666667,64768.333333333336,300624
2023-11-03,78500.0,78600.0,73600.0,76200.0,76240.0,73065.0,70421.66666666667,64995.0,337911
2023-11-06,75400.0,77200.0,75100.0,77000.0,76900.0,73610.0,70488.33333333333,65226.666666666664,308176
2023-11-07,76300.0,82000.0,76300.0,80200.0,77940.0,74255.0,70615.0,65490.0,499737
2023-11-08,80600.0,85900.0,80200.0,82300.0,78660.0,74810.0,70716.66666666667,65780.83333333333,646459
2023-11-09,82300.0,83300.0,81400.0,82100.0,79560.0,75380.0,70846.66666666667,66068.33333333333,182893
2023-11-10,82500.0,87200.0,82000.0,83500.0,81020.0,75975.0,71040.0,66370.41666666667,640302
2023-11-13,84000.0,87100.0,82500.0,84400.0,82500.0,76545.0,71213.33333333333,66679.58333333333,383598
2023-11-14,85100.0,85100.0,80500.0,82900.0,83040.0,76890.0,71343.33333333333,66974.58333333333,343014
2023-11-15,83900.0,84500.0,81400.0,84200.0,83420.0,77330.0,71531.66666666667,67296.25,181218
2023-11-16,84800.0,88200.0,83800.0,86800.0,84360.0,78120.0,71805.0,67616.25,383425
2023-11-17,86800.0,89800.0,86700.0,88000.0,85260.0,78875.0,72108.33333333333,67948.33333333333,342035
2023-11-20,87300.0,87500.0,84800.0,85400.0,85460.0,79720.0,72375.0,68242.5,235879
2023-11-21,85400.0,85700.0,84100.0,85300.0,85940.0,80310.0,72598.33333333333,68545.41666666667,157368
2023-11-22,84700.0,86800.0,83500.0,84600.0,86020.0,80815.0,72866.66666666667,68848.33333333333,175763
2023-11-23,84600.0,87000.0,83500.0,84100.0,85480.0,81320.0,73100.0,69148.33333333333,219677
2023-11-24,85000.0,87600.0,84500.0,86800.0,85240.0,81940.0,73423.33333333333,69464.16666666667,325080
2023-11-27,87000.0,89000.0,85100.0,86000.0,85360.0,82555.0,73710.0,69782.5,229413
2023-11-28,86500.0,87400.0,84400.0,85100.0,85320.0,83060.0,73968.33333333333,70055.0,196416
2023-11-29,85500.0,86500.0,83200.0,86200.0,85640.0,83435.0,74241.66666666667,70336.66666666667,282807
2023-11-30,87300.0,90800.0,83800.0,84100.0,85640.0,83760.0,74470.0,70600.0,429280
2023-12-01,84500.0,88400.0,84400.0,86300.0,85540.0,84265.0,74856.66666666667,70875.83333333333,299385
2023-12-04,86900.0,86900.0,81800.0,83900.0,85120.0,84610.0,75178.33333333333,71124.16666666667,286931
2023-12-05,82800.0,85500.0,80800.0,83100.0,84720.0,84755.0,75485.0,71380.0,173636
2023-12-06,83100.0,83400.0,79000.0,80900.0,83660.0,84685.0,75760.0,71610.83333333333,381593
2023-12-07,81000.0,81600.0,79800.0,80100.0,82860.0,84585.0,76051.66666666667,71841.66666666667,123900
2023-12-08,80100.0,80800.0,79100.0,80000.0,81600.0,84410.0,76340.0,72065.0,164608
2023-12-11,80700.0,84200.0,80000.0,82500.0,81320.0,84315.0,76598.33333333333,72285.83333333333,204692
2023-12-12,83500.0,84400.0,79400.0,80100.0,80720.0,84175.0,76808.33333333333,72470.83333333333,249281
2023-12-13,80100.0,83700.0,78800.0,81700.0,80880.0,84050.0,77051.66666666667,72672.5,312590
2023-12-14,82000.0,83400.0,80300.0,82200.0,81300.0,83820.0,77303.33333333333,72871.66666666667,735643
2023-12-15,82100.0,85300.0,81600.0,82000.0,81700.0,83520.0,77500.0,73078.33333333333,261559
2023-12-18,82000.0,85500.0,82000.0,84500.0,82100.0,83475.0,77710.0,73308.33333333333,209596
2023-12-19,85000.0,85000.0,83400.0,84100.0,82900.0,83415.0,77871.66666666667,73532.5,133653
2023-12-20,84300.0,86200.0,83900.0,84500.0,83460.0,83410.0,78093.33333333333,73745.0,144766
2023-12-21,83400.0,85500.0,83300.0,84500.0,83920.0,83430.0,78348.33333333333,73966.66666666667,128991
2023-12-22,84900.0,84900.0,82500.0,82500.0,84020.0,83215.0,78560.0,74150.0,118030
2023-12-26,83200.0,83200.0,79500.0,80000.0,83120.0,82915.0,78771.66666666667,74274.16666666667,194187
2023-12-27,80300.0,81100.0,79000.0,80400.0,82380.0,82680.0,79021.66666666667,74405.0,103438
2023-12-28,80400.0,83000.0,79900.0,82200.0,81920.0,82480.0,79281.66666666667,74529.16666666667,145124
2024-01-02,82200.0,82400.0,79400.0,80100.0,81040.0,82280.0,79531.66666666667,74639.16666666667,183124
2024-01-03,82500.0,90000.0,81300.0,85800.0,81700.0,82255.0,79861.66666666667,74802.5,767960
2024-01-04,85500.0,88900.0,83400.0,87100.0,83120.0,82415.0,80211.66666666667,74964.16666666667,288759
2024-01-05,87200.0,92600.0,86500.0,90300.0,85100.0,82775.0,80595.0,75146.66666666667,455850
2024-01-08,90200.0,93700.0,89100.0,92800.0,87220.0,83370.0,80955.0,75315.83333333333,338984
2024-01-09,93200.0,94500.0,90400.0,91100.0,89420.0,83920.0,81295.0,75496.66666666667,226227
2024-01-10,90900.0,93800.0,90100.0,90600.0,90380.0,84450.0,81611.66666666667,75674.16666666667,137921
2024-01-11,90700.0,93000.0,89600.0,89600.0,90880.0,84805.0,81888.33333333333,75855.83333333333,159879
2024-01-12,89500.0,93800.0,88500.0,92900.0,91400.0,85445.0,82170.0,76057.5,226453
2024-01-15,93200.0,96400.0,92200.0,95600.0,91960.0,86140.0,82506.66666666667,76290.83333333333,92262
2024-01-16,95700.0,96400.0,93000.0,93000.0,92340.0,86680.0,82873.33333333333,76505.83333333333,124471
2024-01-17,92600.0,95200.0,92400.0,93000.0,92820.0,87230.0,83208.33333333333,76695.83333333333,174757
2024-01-18,95000.0,98700.0,94900.0,97400.0,94380.0,87875.0,83690.0,76921.66666666667,316264
2024-01-19,98600.0,101500.0,97900.0,98700.0,95540.0,88605.0,84110.0,77145.83333333333,305215
2024-01-22,100200.0,100700.0,97100.0,100600.0,96540.0,89410.0,84545.0,77312.5,203556
2024-01-23,100900.0,102400.0,97500.0,100000.0,97940.0,90185.0,84978.33333333333,77565.83333333333,249689
2024-01-24,101000.0,101700.0,96000.0,101200.0,99580.0,91120.0,85425.0,77820.83333333333,327277
2024-01-25,101000.0,105000.0,99200.0,104400.0,100980.0,92340.0,85936.66666666667,78083.33333333333,223563
2024-01-26,103900.0,108400.0,103300.0,104400.0,102120.0,93540.0,86426.66666666667,78334.16666666667,202428
2024-01-29,104400.0,107700.0,101000.0,101200.0,102240.0,94490.0,86801.66666666667,78563.33333333333,219667
2024-01-30,101200.0,102000.0,98700.0,100000.0,102240.0,95485.0,87175.0,78773.33333333333,266559
2024-01-31,101000.0,104600.0,100400.0,102700.0,102540.0,96330.0,87616.66666666667,79019.16666666667,368303
2024-02-01,101900.0,102600.0,97500.0,99200.0,101500.0,96935.0,87986.66666666667,79237.5,339798
2024-02-02,99500.0,100700.0,97700.0,99600.0,100540.0,97400.0,88310.0,79462.5,210954
2024-02-05,99600.0,103700.0,99400.0,100900.0,100480.0,97805.0,88620.0,79668.33333333333,269447
2024-02-06,101000.0,106900.0,101000.0,106800.0,101840.0,98590.0,89031.66666666667,79939.16666666667,434500
2024-02-07,106700.0,106800.0,103300.0,103500.0,102000.0,99235.0,89365.0,80202.5,232295
2024-02-08,104300.0,109000.0,103600.0,107400.0,103640.0,100125.0,89748.33333333333,80480.83333333333,239095
2024-02-13,106600.0,109700.0,106600.0,107600.0,105240.0,100860.0,90160.0,80751.66666666667,182638
2024-02-14,106700.0,113500.0,106700.0,112300.0,107520.0,101695.0,90628.33333333333,81080.0,396511
2024-02-15,113700.0,119300.0,112700.0,116900.0,109540.0,102890.0,91130.0,81467.5,314855
2024-02-16,118500.0,120300.0,115300.0,115900.0,112020.0,104035.0,91595.0,81851.66666666667,264170
2024-02-19,117500.0,124000.0,117000.0,123600.0,115260.0,105345.0,92231.66666666667,82303.33333333333,325039
2024-02-20,127000.0,134500.0,125800.0,134400.0,120620.0,107130.0,93050.0,82824.16666666667,619912
2024-02-21,130500.0,133600.0,125200.0,130400.0,124240.0,108620.0,93813.33333333333,83340.0,534905
2024-02-22,128100.0,129800.0,125900.0,128300.0,126520.0,110035.0,94550.0,83825.0,345289
2024-02-23,128400.0,134200.0,127000.0,134100.0,130160.0,111680.0,95338.33333333333,84380.83333333333,272771
2024-02-26,135000.0,143500.0,134900.0,139300.0,133300.0,113425.0,96226.66666666667,84968.33333333333,323537
2024-02-27,135700.0,138500.0,127100.0,129000.0,132220.0,114655.0,96958.33333333333,85463.33333333333,342256
2024-02-28,129000.0,129000.0,117400.0,123200.0,130780.0,115755.0,97575.0,85908.33333333333,562434
2024-02-29,121200.0,127900.0,118600.0,124400.0,130000.0,116975.0,98246.66666666667,86358.33333333333,197397
2024-03-04,125100.0,136700.0,125100.0,131600.0,129500.0,118420.0,99001.66666666667,86929.16666666667,375308
2024-03-05,133000.0,135000.0,127700.0,129800.0,127600.0,119950.0,99766.66666666667,87472.5,186257
2024-03-06,128600.0,136300.0,126300.0,136000.0,129000.0,121770.0,100648.33333333333,88066.66666666667,202176
2024-03-07,136000.0,136000.0,126000.0,128700.0,130100.0,123160.0,101445.0,88602.5,244112
2024-03-08,130000.0,130000.0,125600.0,129400.0,131100.0,124290.0,102266.66666666667,89159.16666666667,204702
2024-03-11,127400.0,134000.0,126800.0,132000.0,131180.0,125715.0,103133.33333333333,89736.66666666667,240621
2024-03-12,130700.0,133800.0,128500.0,133500.0,131920.0,127020.0,103983.33333333333,90290.83333333333,200678
2024-03-13,134500.0,147600.0,134400.0,147000.0,134120.0,128990.0,105098.33333333333,90953.33333333333,712286
2024-03-14,146000.0,157600.0,145600.0,156300.0,139640.0,131190.0,106341.66666666667,91696.66666666667,866890
2024-03-15,153600.0,156900.0,145200.0,148000.0,143360.0,132745.0,107438.33333333333,92370.83333333333,581356
2024-03-18,149400.0,157500.0,149100.0,154600.0,147880.0,134680.0,108648.33333333333,93074.16666666667,441460
2024-03-19,154000.0,154600.0,148100.0,149100.0,151000.0,135955.0,109725.0,93717.5,325801
2024-03-20,150900.0,153700.0,148100.0,149700.0,151540.0,136720.0,110818.33333333333,94345.0,233706
2024-03-21,151000.0,162700.0,150800.0,162600.0,152800.0,138330.0,112120.0,95106.66666666667,459469
2024-03-22,163500.0,171600.0,162000.0,166500.0,156500.0,140240.0,113486.66666666667,95917.5,306616
2024-03-25,167100.0,171100.0,161000.0,169500.0,159480.0,142010.0,114936.66666666667,96748.33333333333,270867
2024-03-26,172100.0,184100.0,169200.0,184000.0,166460.0,144245.0,116670.0,97720.83333333333,514054
2024-03-27,180000.0,184100.0,175600.0,183100.0,173140.0,146950.0,118381.66666666667,98701.66666666667,467028
2024-03-28,181000.0,185000.0,177500.0,178700.0,176360.0,149725.0,119990.0,99635.83333333333,403342
2024-03-29,179400.0,183900.0,175000.0,179400.0,178940.0,152475.0,121645.0,100588.33333333333,353291
2024-04-01,179400.0,183900.0,169300.0,181500.0,181340.0,154970.0,123240.0,101550.83333333333,372836
2024-04-02,180500.0,190500.0,177000.0,182000.0,180940.0,157580.0,124821.66666666667,102516.66666666667,458558
2024-04-03,181700.0,188100.0,178600.0,185300.0,181380.0,160045.0,126405.0,103500.0,321583
2024-04-04,190000.0,202000.0,190000.0,198700.0,185380.0,163545.0,128170.0,104562.5,509667
2024-04-05,193100.0,202000.0,189000.0,194400.0,188380.0,166795.0,129891.66666666667,105593.33333333333,451391
2024-04-08,193900.0,214000.0,191600.0,201000.0,192280.0,170245.0,131731.66666666666,106671.66666666667,570276
2024-04-09,206500.0,225000.0,205000.0,211500.0,198180.0,174145.0,133763.33333333334,107825.83333333333,630433
2024-04-11,210500.0,237000.0,208500.0,232000.0,207520.0,178395.0,136081.66666666666,109125.83333333333,812474
2024-04-12,238500.0,265500.0,224000.0,235000.0,214780.0,182330.0,138405.0,110455.83333333333,1268393
2024-04-15,229500.0,246000.0,220000.0,241500.0,224200.0,187005.0,140880.0,111876.66666666667,888915
2024-04-16,234000.0,237000.0,200000.0,206500.0,225300.0,189600.0,142771.66666666666,112990.0,1323307
2024-04-17,208500.0,222000.0,206000.0,213000.0,225600.0,192795.0,144698.33333333334,114194.16666666667,1116597
2024-04-18,219000.0,239000.0,215500.0,239000.0,227000.0,197260.0,147036.66666666666,115573.33333333333,1139513
2024-04-19,244500.0,250000.0,221000.0,244000.0,228800.0,201330.0,149426.66666666666,116985.83333333333,1477448
2024-04-22,237000.0,248000.0,217500.0,227500.0,226000.0,204380.0,151551.66666666666,118265.0,1016971
2024-04-23,229000.0,251500.0,210000.0,240000.0,232700.0,207905.0,153865.0,119645.0,2313046
2024-04-24,245000.0,257000.0,232500.0,255000.0,241100.0,211455.0,156375.0,121155.83333333333,1352522
2024-04-25,250500.0,258500.0,241000.0,242000.0,241700.0,214400.0,158668.33333333334,122547.5,935109
2024-04-26,249500.0,256000.0,246000.0,250000.0,242900.0,217965.0,161148.33333333334,123975.0,728543
2024-04-29,253500.0,256000.0,240000.0,244000.0,246200.0,221195.0,163548.33333333334,125361.66666666667,518614
2024-04-30,246000.0,263000.0,243000.0,247000.0,247600.0,224470.0,165953.33333333334,126785.0,812711
2024-05-02,243000.0,244500.0,235500.0,239500.0,244500.0,227345.0,168291.66666666666,128139.16666666667,469294
2024-05-03,242500.0,243500.0,229000.0,230000.0,242100.0,229580.0,170465.0,129387.5,432784
2024-05-07,235000.0,255000.0,234500.0,252000.0,242500.0,232245.0,172983.33333333334,130801.66666666667,957841
2024-05-08,249000.0,262500.0,245500.0,259000.0,245500.0,235475.0,175520.0,132275.83333333334,637015
2024-05-09,262000.0,274500.0,261500.0,269000.0,249900.0,238875.0,178278.33333333334,133821.66666666666,620407
2024-05-10,272000.0,272500.0,259000.0,262000.0,254400.0,241400.0,180855.0,135301.66666666666,481723
2024-05-13,267000.0,267500.0,252000.0,257000.0,259800.0,242650.0,183345.0,136752.5,679627
2024-05-14,257000.0,260500.0,247000.0,256500.0,260700.0,243725.0,185748.33333333334,138188.33333333334,402723
2024-05-16,259500.0,264500.0,246000.0,256000.0,260100.0,244450.0,188066.66666666666,139598.33333333334,753399
2024-05-17,256000.0,258500.0,247500.0,250000.0,256300.0,246625.0,190301.66666666666,140948.33333333334,877160
2024-05-20,254500.0,266500.0,253500.0,260000.0,255900.0,248975.0,192575.0,142403.33333333334,710279
2024-05-21,263000.0,264500.0,252000.0,255500.0,255600.0,249800.0,194593.33333333334,143821.66666666666,447440
2024-05-22,256500.0,263500.0,251000.0,252500.0,254800.0,250225.0,196628.33333333334,145220.83333333334,499756
2024-05-23,253500.0,259500.0,246000.0,255500.0,254700.0,251625.0,198748.33333333334,146649.16666666666,442364
2024-05-24,251000.0,286000.0,250500.0,283000.0,261300.0,253775.0,201230.0,148284.16666666666,1343225
2024-05-27,285000.0,314000.0,276000.0,293500.0,268000.0,255700.0,203800.0,150013.33333333334,1217611
2024-05-28,296500.0,305500.0,294000.0,302500.0,277400.0,258725.0,206691.66666666666,151825.0,504736
2024-05-29,306000.0,309500.0,291000.0,296000.0,286100.0,261025.0,209571.66666666666,153573.33333333334,571078
2024-05-30,295500.0,304000.0,287500.0,289500.0,292900.0,263300.0,212323.33333333334,155285.0,512355
2024-05-31,289500.0,301000.0,277000.0,301000.0,296500.0,266000.0,215146.66666666666,157074.16666666666,2566280
2024-06-03,294500.0,302500.0,285000.0,291000.0,296000.0,268575.0,217833.33333333334,158800.0,555237
2024-06-04,289000.0,302000.0,288000.0,299000.0,295300.0,272025.0,220550.0,160599.16666666666,405719
2024-06-05,296000.0,296000.0,275000.0,277000.0,291500.0,273275.0,223021.66666666666,162233.33333333334,526864
2024-06-07,277000.0,278000.0,257500.0,260000.0,285600.0,273325.0,225198.33333333334,163732.5,794916
2024-06-10,256500.0,291500.0,254000.0,284500.0,282300.0,274100.0,227740.0,165436.66666666666,747230
2024-06-11,287000.0,287000.0,272500.0,272500.0,278600.0,274625.0,230056.66666666666,167020.0,461863
2024-06-12,271000.0,274500.0,257500.0,263500.0,271500.0,274950.0,231998.33333333334,168548.33333333334,492922
2024-06-13,266000.0,276500.0,262000.0,275500.0,271200.0,275900.0,233985.0,170163.33333333334,587056
2024-06-14,275500.0,296500.0,274000.0,290000.0,277200.0,277600.0,236351.66666666666,171895.0,790331
2024-06-17,290000.0,291500.0,277500.0,286500.0,277600.0,279425.0,238550.0,173599.16666666666,386152
2024-06-18,290000.0,293000.0,285500.0,289500.0,281000.0,280900.0,240890.0,175307.5,315563
2024-06-19,295500.0,301000.0,279500.0,295000.0,287300.0,282875.0,243311.66666666666,177065.0,471533
2024-06-20,291500.0,296500.0,287500.0,290000.0,290200.0,284750.0,245435.0,178777.5,204211
2024-06-21,287000.0,317000.0,285500.0,317000.0,295600.0,287825.0,247943.33333333334,180715.0,675837
2024-06-24,313500.0,314500.0,297000.0,300000.0,298300.0,288675.0,250118.33333333334,182527.5,398358
2024-06-25,298000.0,308500.0,293000.0,296500.0,299700.0,288825.0,251993.33333333334,184331.66666666666,308057
2024-06-26,297500.0,301500.0,287500.0,301500.0,301000.0,288775.0,253966.66666666666,186174.16666666666,389266
2024-06-27,295500.0,323000.0,294500.0,319000.0,306800.0,289925.0,256305.0,188147.5,477620
2024-06-28,317000.0,323500.0,303500.0,310000.0,305400.0,290950.0,258481.66666666666,190063.33333333334,326539
2024-07-01,310000.0,310000.0,293500.0,296500.0,304700.0,290725.0,260398.33333333334,191819.16666666666,310279
2024-07-02,295500.0,329000.0,294500.0,317000.0,308800.0,292025.0,262648.3333333333,193735.0,836157
2024-07-03,314000.0,321500.0,302000.0,318500.0,312200.0,293000.0,264868.3333333333,195636.66666666666,372325
2024-07-04,321500.0,323000.0,305000.0,311000.0,310600.0,294700.0,266740.0,197455.0,244462
2024-07-05,310000.0,316500.0,307500.0,312000.0,311000.0,297300.0,268700.0,199295.83333333334,158771
2024-07-08,308500.0,330500.0,308000.0,321000.0,315900.0,299125.0,270700.0,201215.83333333334,347749
2024-07-09,322500.0,333000.0,320000.0,326500.0,317800.0,301825.0,272616.6666666667,203190.0,282605
2024-07-10,329000.0,344500.0,327500.0,342000.0,322500.0,305750.0,274450.0,205265.83333333334,393043
2024-07-11,348000.0,363000.0,336500.0,336500.0,327600.0,308800.0,276141.6666666667,207273.33333333334,573489
2024-07-12,336500.0,352500.0,331000.0,334500.0,332100.0,311025.0,277691.6666666667,209285.83333333334,370068
2024-07-15,343000.0,350500.0,338500.0,343500.0,336600.0,313875.0,279975.0,211373.33333333334,230952
2024-07-16,345000.0,347500.0,328500.0,334500.0,338200.0,316125.0,282000.0,213349.16666666666,334421
2024-07-17,337500.0,342500.0,325500.0,326000.0,335000.0,317675.0,283450.0,215243.33333333334,270454
2024-07-18,317500.0,323000.0,299000.0,305000.0,328700.0,318425.0,284466.6666666667,216946.66666666666,575865
2024-07-19,304500.0,313500.0,297000.0,307000.0,323200.0,317925.0,285791.6666666667,218671.66666666666,293256
2024-07-22,310000.0,316000.0,283500.0,294000.0,313300.0,317625.0,286691.6666666667,220278.33333333334,484714
2024-07-23,298500.0,364000.0,298500.0,346000.0,315600.0,320100.0,288208.3333333333,222291.66666666666,1999868
2024-07-24,351000.0,374500.0,345500.0,365500.0,323500.0,323300.0,290266.6666666667,224467.5,1364773
2024-07-25,351500.0,365500.0,331000.0,334500.0,329400.0,324075.0,291675.0,226411.66666666666,865904
2024-07-26,343000.0,350500.0,316000.0,320000.0,332000.0,324575.0,292941.6666666667,228245.0,748272
2024-07-29,327000.0,335500.0,311500.0,316500.0,336500.0,325575.0,294100.0,230026.66666666666,445928
2024-07-30,313000.0,316000.0,297500.0,310000.0,329300.0,325225.0,295275.0,231783.33333333334,482011
2024-07-31,305000.0,315500.0,300000.0,310000.0,318200.0,324800.0,296608.3333333333,233536.66666666666,425113
2024-08-01,325500.0,338500.0,319000.0,320500.0,315400.0,325275.0,297750.0,235366.66666666666,695863
2024-08-02,304000.0,309500.0,275000.0,275000.0,306400.0,323425.0,298016.6666666667,236768.33333333334,1030300
2024-08-05,262000.0,280500.0,238000.0,264500.0,296000.0,320600.0,297941.6666666667,238110.0,993951
2024-08-06,280000.0,293500.0,270000.0,283000.0,290600.0,318425.0,298291.6666666667,239573.33333333334,1111107
2024-08-07,292000.0,310000.0,283000.0,305500.0,289700.0,316600.0,299100.0,241222.5,685763
2024-08-08,295500.0,300000.0,282000.0,286000.0,282800.0,314075.0,299591.6666666667,242670.0,683702
2024-08-09,300500.0,303000.0,287000.0,289000.0,285600.0,311800.0,300141.6666666667,244104.16666666666,466696
2024-08-12,291000.0,291500.0,278000.0,286000.0,289900.0,308925.0,300741.6666666667,245521.66666666666,273146
2024-08-13,287000.0,291500.0,274000.0,276500.0,288600.0,306025.0,301016.6666666667,246795.83333333334,340894
2024-08-14,284500.0,290000.0,273500.0,274000.0,282300.0,303425.0,301325.0,247959.16666666666,463421
2024-08-16,288000.0,301000.0,283000.0,297500.0,284600.0,303050.0,302075.0,249351.66666666666,670302
2024-08-19,300000.0,300000.0,287000.0,288500.0,284500.0,302125.0,302625.0,250686.66666666666,260319
2024-08-20,298500.0,314000.0,293500.0,307500.0,288800.0,302800.0,303033.3333333333,252131.66666666666,624678
2024-08-21,303000.0,321500.0,302500.0,319000.0,297300.0,301450.0,303458.3333333333,253629.16666666666,401841
2024-08-22,328000.0,329500.0,308000.0,314500.0,305400.0,298900.0,303658.3333333333,255175.0,374819
2024-08-23,309000.0,317500.0,305500.0,314000.0,308700.0,297875.0,303958.3333333333,256765.0,179413
2024-08-26,317500.0,322000.0,305500.0,307000.0,312400.0,297225.0,304250.0,258286.66666666666,211880
2024-08-27,303500.0,311500.0,290000.0,309500.0,312800.0,296875.0,304391.6666666667,259769.16666666666,387489
2024-08-28,306000.0,322000.0,301000.0,322000.0,313400.0,297475.0,304908.3333333333,261370.83333333334,315796
2024-08-29,312000.0,315500.0,287000.0,299500.0,310400.0,296950.0,304916.6666666667,262733.3333333333,656635
2024-08-30,301000.0,305500.0,294000.0,305500.0,308700.0,296200.0,305391.6666666667,264206.6666666667,398806
2024-09-02,307500.0,308000.0,292500.0,292500.0,305800.0,297075.0,305933.3333333333,265565.8333333333,254411
2024-09-03,289500.0,296000.0,277000.0,281000.0,300100.0,297900.0,305875.0,266807.5,350257
2024-09-04,266000.0,276500.0,265000.0,269000.0,289500.0,297200.0,305816.6666666667,267936.6666666667,446920
2024-09-05,271000.0,273000.0,240500.0,245000.0,278600.0,294175.0,305508.3333333333,268753.3333333333,947047
2024-09-06,245000.0,245500.0,228500.0,239000.0,265300.0,291825.0,304900.0,269442.5,691238
2024-09-09,231500.0,248500.0,225500.0,245500.0,255900.0,289650.0,304158.3333333333,270255.0,563221
2024-09-10,251500.0,264500.0,250000.0,255500.0,250800.0,288125.0,303641.6666666667,271095.8333333333,578933
2024-09-11,259500.0,280500.0,258500.0,278000.0,252600.0,288200.0,303450.0,272170.0,695996
2024-09-12,288000.0,292000.0,279000.0,290000.0,261600.0,289000.0,303366.6666666667,273339.1666666667,507834
2024-09-13,291000.0,292000.0,283500.0,283500.0,270500.0,288300.0,303258.3333333333,274346.6666666667,216420
2024-09-19,294500.0,321500.0,294000.0,317000.0,284800.0,289725.0,303258.3333333333,275600.8333333333,794174
2024-09-20,342000.0,342500.0,322500.0,334000.0,300500.0,291050.0,303825.0,276971.6666666667,1033445
2024-09-23,328500.0,334500.0,317000.0,326000.0,310100.0,291400.0,304316.6666666667,278155.0,318111
2024-09-24,328500.0,335000.0,310500.0,313500.0,314800.0,291350.0,304516.6666666667,279241.6666666667,414698
2024-09-25,319000.0,325500.0,310000.0,311000.0,320300.0,291200.0,304383.3333333333,280344.1666666667,259140
2024-09-26,319000.0,335000.0,317000.0,335000.0,323900.0,292600.0,304800.0,281640.8333333333,462700
2024-09-27,333000.0,333500.0,317000.0,319500.0,321000.0,293100.0,305183.3333333333,282790.8333333333,394690
2024-09-30,319000.0,332000.0,317000.0,329500.0,321700.0,293475.0,305391.6666666667,284020.0,309720
2024-10-02,334000.0,334000.0,317500.0,321500.0,323300.0,294575.0,305441.6666666667,285155.0,307149
2024-10-04,325000.0,327500.0,313500.0,322000.0,325500.0,295400.0,305625.0,286182.5,294011
2024-10-07,326500.0,351000.0,321000.0,342500.0,327000.0,297900.0,306133.3333333333,287416.6666666667,582212
2024-10-08,333000.0,334000.0,321000.0,321000.0,327300.0,299900.0,306133.3333333333,288416.6666666667,367796
2024-10-10,326000.0,328000.0,315500.0,315500.0,324500.0,302225.0,305950.0,289283.3333333333,210968
2024-10-11,316000.0,318000.0,306500.0,308000.0,321800.0,305375.0,305383.3333333333,289916.6666666667,161960
2024-10-14,310000.0,320500.0,308000.0,317500.0,320900.0,309300.0,305066.6666666667,290604.1666666667,119076
2024-10-15,321500.0,322000.0,307000.0,307000.0,313800.0,312375.0,304608.3333333333,291150.0,191430
2024-10-16,306500.0,306500.0,297000.0,299500.0,309500.0,314575.0,303875.0,291925.0,172965
2024-10-17,305000.0,312000.0,302500.0,306500.0,307700.0,316000.0,303408.3333333333,292704.1666666667,109150
2024-10-18,309500.0,316000.0,303000.0,310500.0,308200.0,317025.0,303150.0,293300.0,134612
2024-10-21,314000.0,323000.0,312000.0,319000.0,308500.0,318800.0,303383.3333333333,293925.0,139409
2024-10-22,321000.0,333500.0,316000.0,329500.0,313000.0,319425.0,303758.3333333333,294775.0,274146
2024-10-23,341000.0,341000.0,322000.0,338500.0,320800.0,319650.0,304500.0,295595.8333333333,446175
2024-10-24,338500.0,343000.0,333500.0,342000.0,327900.0,320450.0,304433.3333333333,296320.8333333333,231781
2024-10-25,347000.0,368500.0,327000.0,345000.0,334800.0,322025.0,304091.6666666667,297179.1666666667,901484
2024-10-28,349000.0,361000.0,333500.0,336500.0,338300.0,323300.0,304125.0,297900.0,422210
2024-10-29,334000.0,349000.0,331500.0,342000.0,340800.0,323650.0,304491.6666666667,298716.6666666667,192923
2024-10-30,335500.0,350000.0,335500.0,343000.0,341700.0,324825.0,304933.3333333333,299516.6666666667,159162
2024-10-31,337500.0,341000.0,327500.0,327500.0,338800.0,324725.0,305225.0,300250.0,240450
2024-11-01,323000.0,326500.0,315000.0,322500.0,334300.0,324775.0,305433.3333333333,301020.8333333333,201007
2024-11-04,322000.0,339000.0,320000.0,335500.0,334100.0,325450.0,305683.3333333333,301716.6666666667,219336
2024-11-05,333500.0,338500.0,326000.0,337500.0,333200.0,325200.0,306725.0,302370.8333333333,190877
2024-11-06,344500.0,355500.0,331000.0,332500.0,331100.0,325775.0,307858.3333333333,302900.0,511720
2024-11-07,339500.0,349500.0,329500.0,347000.0,335000.0,327350.0,308925.0,303608.3333333333,392773
2024-11-08,347000.0,367000.0,342000.0,363500.0,343200.0,330125.0,309891.6666666667,304495.8333333333,394931
2024-11-11,367000.0,395000.0,366500.0,390000.0,354100.0,333750.0,311625.0,305608.3333333333,597034
2024-11-12,396500.0,413500.0,378500.0,381500.0,362900.0,337475.0,313166.6666666667,306654.1666666667,467323
2024-11-13,376000.0,377000.0,350000.0,353000.0,367000.0,340150.0,314283.3333333333,307512.5,439721
2024-11-14,363000.0,380500.0,360500.0,379000.0,373400.0,343775.0,315991.6666666667,308504.1666666667,423076
2024-11-15,379000.0,383000.0,357000.0,362500.0,373200.0,346375.0,317466.6666666667,309395.8333333333,357461
2024-11-18,368000.0,375000.0,352000.0,361000.0,367400.0,348475.0,318525.0,310300.0,267690
2024-11-19,357500.0,374500.0,355500.0,369500.0,365000.0,350475.0,319875.0,311250.0,212994
2024-11-20,373500.0,381500.0,365000.0,367000.0,367800.0,351900.0,320866.6666666667,311950.0,216352
2024-11-21,367500.0,372000.0,355500.0,359000.0,363800.0,352750.0,321533.3333333333,312495.8333333333,208814
2024-11-22,360000.0,374500.0,360000.0,363000.0,363900.0,353650.0,322341.6666666667,313000.0,295984
2024-11-25,367000.0,388000.0,365000.0,386500.0,369000.0,356150.0,323550.0,313754.1666666667,408838
2024-11-26,382000.0,382500.0,360500.0,365000.0,368100.0,357300.0,324516.6666666667,314383.3333333333,318352
2024-11-27,370500.0,378000.0,358000.0,361500.0,367000.0,358225.0,325383.3333333333,314887.5,245545
2024-11-28,358000.0,360000.0,342000.0,347000.0,364600.0,359200.0,325800.0,315354.1666666667,274558
2024-11-29,347000.0,357000.0,336000.0,349500.0,361900.0,360550.0,326633.3333333333,315775.0,263004
2024-12-02,351500.0,354000.0,334000.0,335000.0,351600.0,360525.0,327125.0,316258.3333333333,228017
2024-12-03,339000.0,355500.0,338500.0,355000.0,349600.0,361400.0,328166.6666666667,317050.0,258868
2024-12-04,346000.0,361500.0,340500.0,357500.0,348800.0,362650.0,329441.6666666667,317658.3333333333,340313
2024-12-05,362500.0,374000.0,357500.0,368500.0,353100.0,363725.0,331100.0,318458.3333333333,277127
2024-12-06,364000.0,366500.0,351000.0,355000.0,354200.0,363300.0,332933.3333333333,319220.8333333333,255755
2024-12-09,345000.0,358000.0,342500.0,345500.0,356300.0,361075.0,334708.3333333333,319804.1666666667,203818
2024-12-10,347000.0,363000.0,345000.0,359000.0,357100.0,359950.0,336600.0,320379.1666666667,218964
2024-12-11,357500.0,368000.0,351500.0,362000.0,358000.0,360400.0,338375.0,321008.3333333333,226047
2024-12-12,368000.0,375500.0,364000.0,375500.0,359400.0,360225.0,340000.0,321725.0,392321
2024-12-13,372500.0,383000.0,370500.0,372000.0,362800.0,360700.0,341366.6666666667,322366.6666666667,268240
2024-12-16,378000.0,395500.0,376000.0,380000.0,369700.0,361650.0,342975.0,323116.6666666667,373775
2024-12-17,375500.0,397000.0,364000.0,388500.0,375600.0,362600.0,344166.6666666667,323712.5,502285
2024-12-18,386000.0,386000.0,371000.0,374000.0,378000.0,362950.0,344833.3333333333,324329.1666666667,351322
2024-12-19,365500.0,377500.0,365000.0,370000.0,376900.0,363500.0,345566.6666666667,324941.6666666667,171018
2024-12-20,367500.0,373000.0,362000.0,366000.0,375700.0,363650.0,346441.6666666667,325479.1666666667,150315
2024-12-23,374000.0,384000.0,371000.0,383500.0,376400.0,363500.0,347650.0,326016.6666666667,260888
2024-12-24,383500.0,396000.0,371000.0,389500.0,376600.0,364725.0,348558.3333333333,326679.1666666667,313560
2024-12-26,391500.0,392500.0,384500.0,391000.0,380000.0,366200.0,349750.0,327466.6666666667,140205
2024-12-27,387500.0,394500.0,382500.0,391500.0,384300.0,368425.0,350783.3333333333,328087.5,138317
2024-12-30,386500.0,388500.0,377500.0,382000.0,387500.0,370050.0,351791.6666666667,328616.6666666667,137571
2025-01-02,383500.0,409500.0,381000.0,407000.0,392200.0,373650.0,353208.3333333333,329416.6666666667,348761
2025-01-03,405000.0,409500.0,390000.0,400000.0,394300.0,375900.0,354166.6666666667,330150.0,260275
2025-01-06,404000.0,411500.0,389000.0,396000.0,395300.0,377825.0,355416.6666666667,330775.0,206715
2025-01-07,398000.0,406500.0,394500.0,398500.0,396700.0,379325.0,356800.0,331375.0,263862
2025-01-08,397500.0,405500.0,391000.0,400000.0,400300.0,381575.0,358333.3333333333,331858.3333333333,167510
2025-01-09,401500.0,417500.0,398000.0,414000.0,401700.0,385000.0,359941.6666666667,332504.1666666667,375429
2025-01-10,406000.0,409500.0,394000.0,397000.0,401100.0,386900.0,361441.6666666667,333025.0,187189
2025-01-13,397000.0,399000.0,388500.0,389000.0,399700.0,388250.0,362933.3333333333,333404.1666666667,102024
2025-01-14,397000.0,402500.0,394000.0,401500.0,400300.0,389550.0,364516.6666666667,333962.5,131605
2025-01-15,404500.0,408000.0,399000.0,403000.0,400900.0,391100.0,366058.3333333333,334604.1666666667,122561
2025-01-16,409500.0,419500.0,407000.0,417500.0,401600.0,392975.0,367700.0,335541.6666666667,204484
2025-01-17,413500.0,421000.0,413500.0,418000.0,405800.0,394450.0,369175.0,336466.6666666667,161397
2025-01-20,433000.0,436500.0,382000.0,385000.0,405000.0,395000.0,369950.0,337225.0,928873
2025-01-21,389000.0,390500.0,380000.0,385000.0,401700.0,395750.0,370666.6666666667,337550.0,273514
2025-01-22,389500.0,406000.0,389000.0,401500.0,401400.0,397525.0,371608.3333333333,337850.0,343799
2025-01-23,405000.0,409000.0,397000.0,408500.0,399600.0,398775.0,372808.3333333333,338466.6666666667,221031
2025-01-24,430000.0,450000.0,423000.0,445000.0,405000.0,401550.0,374525.0,339508.3333333333,720749
2025-01-31,412500.0,422000.0,398000.0,410000.0,410000.0,402500.0,375641.6666666667,340287.5,911560
2025-02-03,400000.0,412500.0,394000.0,408500.0,414700.0,403350.0,376991.6666666667,341108.3333333333,355317
2025-02-04,415500.0,422000.0,400500.0,402000.0,414800.0,404350.0,378316.6666666667,341875.0,366210
2025-02-05,402000.0,405000.0,390000.0,391500.0,411400.0,403575.0,379250.0,342466.6666666667,279223
2025-02-06,398000.0,402500.0,391500.0,398000.0,402000.0,403475.0,380258.3333333333,343491.6666666667,282582
2025-02-07,395000.0,399500.0,388500.0,391000.0,398200.0,403225.0,381233.3333333333,344545.8333333333,208565
2025-02-10,387000.0,387500.0,375000.0,378500.0,392200.0,402225.0,381758.3333333333,345341.6666666667,293410
2025-02-11,380000.0,390500.0,378500.0,386000.0,389000.0,401525.0,382133.3333333333,346012.5,178686
2025-02-12,386500.0,398500.0,380500.0,398500.0,390400.0,400750.0,382275.0,346950.0,243311
2025-02-13,402000.0,407000.0,394000.0,407000.0,392200.0,401250.0,382700.0,347933.3333333333,264331
2025-02-14,400500.0,400500.0,385500.0,386000.0,391200.0,401100.0,383250.0,348766.6666666667,282631
2025-02-17,385000.0,385000.0,365500.0,372500.0,390000.0,399650.0,383141.6666666667,349566.6666666667,487784
2025-02-18,373000.0,395000.0,368500.0,394000.0,391600.0,399200.0,383666.6666666667,350566.6666666667,472809
2025-02-19,399000.0,400500.0,383500.0,386500.0,389200.0,397650.0,384091.6666666667,351308.3333333333,241785
2025-02-20,387500.0,391000.0,370000.0,372000.0,382200.0,395350.0,384133.3333333333,352004.1666666667,298481
2025-02-21,372500.0,384500.0,366500.0,375000.0,380000.0,394850.0,384266.6666666667,352566.6666666667,182358
2025-02-24,366000.0,367500.0,352000.0,353500.0,376200.0,393275.0,384175.0,352854.1666666667,364082
2025-02-25,340000.0,353500.0,334000.0,348500.0,367100.0,390625.0,383933.3333333333,353137.5,435495
2025-02-26,341500.0,360000.0,339000.0,356000.0,361000.0,388000.0,383425.0,353487.5,267342
2025-02-27,362000.0,364000.0,339000.0,339500.0,354500.0,382725.0,383000.0,353758.3333333333,348758
2025-02-28,324500.0,331500.0,315000.0,325500.0,344600.0,378500.0,382400.0,353891.6666666667,654164
2025-03-04,319500.0,337000.0,314500.0,335000.0,340900.0,374825.0,382200.0,354000.0,407353
2025-03-05,335000.0,354000.0,335000.0,350000.0,341200.0,372225.0,382208.3333333333,354420.8333333333,362462
2025-03-06,352000.0,353000.0,344000.0,347000.0,339400.0,370000.0,382408.3333333333,354766.6666666667,283383
2025-03-07,341000.0,349000.0,329500.0,337500.0,339000.0,366975.0,382116.6666666667,355141.6666666667,248261
2025-03-10,332500.0,348000.0,328000.0,342000.0,342300.0,364525.0,381858.3333333333,355650.0,183723
2025-03-11,328000.0,333000.0,320500.0,330000.0,341300.0,362100.0,381216.6666666667,356158.3333333333,249493
2025-03-12,335000.0,349500.0,326000.0,341500.0,339600.0,359875.0,380991.6666666667,356962.5,382397
2025-03-13,344000.0,350000.0,328500.0,330500.0,336300.0,356475.0,380741.6666666667,357725.0,362927
2025-03-14,330500.0,343000.0,326000.0,338500.0,336500.0,353050.0,380400.0,358500.0,189927
2025-03-17,345500.0,361000.0,345000.0,359000.0,339900.0,351700.0,380350.0,359362.5,334627
2025-03-18,358500.0,371500.0,356500.0,361000.0,346100.0,351125.0,380108.3333333333,360054.1666666667,234457
2025-03-19,356000.0,362000.0,346000.0,346000.0,347000.0,348725.0,379675.0,360520.8333333333,208321
2025-03-20,351500.0,352000.0,337500.0,350500.0,351000.0,346925.0,379183.3333333333,361079.1666666667,235193
2025-03-21,342000.0,346500.0,329500.0,329500.0,349200.0,344800.0,378200.0,361183.3333333333,295290
2025-03-24,330000.0,339000.0,325500.0,335000.0,344400.0,342800.0,377550.0,361191.6666666667,125878
2025-03-25,345000.0,357000.0,344000.0,347000.0,341600.0,342475.0,377166.6666666667,361366.6666666667,272889
2025-03-26,345000.0,347500.0,326500.0,333000.0,339000.0,341700.0,376616.6666666667,361529.1666666667,240010
2025-03-27,321500.0,323000.0,303500.0,304000.0,329700.0,339100.0,375291.6666666667,361470.8333333333,483052
2025-03-28,302000.0,309500.0,293500.0,305000.0,324800.0,337375.0,373883.3333333333,361220.8333333333,333617
2025-03-31,294500.0,303500.0,292000.0,292000.0,316200.0,335700.0,372233.3333333333,360991.6666666667,418004
2025-04-01,300000.0,306000.0,296500.0,303000.0,307400.0,334100.0,370758.3333333333,360770.8333333333,154628
2025-04-02,305000.0,305500.0,292000.0,294000.0,299600.0,331300.0,369291.6666666667,360541.6666666667,296306
2025-04-03,277500.0,293000.0,275000.0,292500.0,297300.0,328575.0,367383.3333333333,360295.8333333333,385245
2025-04-04,291500.0,309000.0,291500.0,303000.0,296900.0,326850.0,365766.6666666667,359966.6666666667,362455
2025-04-07,288500.0,288500.0,264500.0,265000.0,291500.0,323000.0,363583.3333333333,359500.0,373643
2025-04-08,279000.0,282500.0,270500.0,276000.0,286100.0,320300.0,361541.6666666667,359170.8333333333,316106
2025-04-09,276000.0,276000.0,265000.0,269000.0,281100.0,316675.0,359358.3333333333,358845.8333333333,320165
2025-04-10,300500.0,314000.0,292500.0,314000.0,285400.0,315850.0,357691.6666666667,358816.6666666667,721695
2025-04-11,304000.0,310500.0,299500.0,310500.0,286900.0,314450.0,356250.0,358845.8333333333,272623
2025-04-14,316000.0,316000.0,301000.0,307000.0,295300.0,311850.0,354883.3333333333,358908.3333333333,260428
2025-04-15,308000.0,321000.0,303500.0,321000.0,304300.0,309850.0,353541.6666666667,359029.1666666667,263520
2025-04-16,317500.0,324000.0,309500.0,311000.0,312700.0,308100.0,352008.3333333333,359033.3333333333,239020
2025-04-17,309000.0,325000.0,300000.0,325000.0,314900.0,306825.0,350466.6666666667,359083.3333333333,282717
2025-04-18,331000.0,334500.0,323500.0,330500.0,318900.0,306875.0,349008.3333333333,359091.6666666667,201419
2025-04-21,329000.0,336500.0,319000.0,333500.0,324200.0,306800.0,348150.0,359050.0,233077
2025-04-22,329000.0,333500.0,300000.0,301000.0,320200.0,304500.0,346750.0,358708.3333333333,706084
2025-04-23,312000.0,312000.0,292000.0,297500.0,317500.0,302725.0,345016.6666666667,358312.5,599004
2025-04-24,301500.0,302000.0,291500.0,293000.0,311100.0,302175.0,343091.6666666667,357950.0,324948
2025-04-25,298000.0,304500.0,296500.0,299500.0,304900.0,301900.0,340666.6666666667,357595.8333333333,275583
2025-04-28,301500.0,303000.0,295500.0,298000.0,297800.0,302200.0,338800.0,357220.8333333333,138591
2025-04-29,301500.0,316000.0,299000.0,314500.0,300500.0,302775.0,337233.3333333333,357112.5,366719
2025-04-30,315000.0,315000.0,303500.0,307500.0,302500.0,303450.0,335658.3333333333,356987.5,249861
2025-05-02,312500.0,326500.0,310000.0,323000.0,308500.0,304975.0,334516.6666666667,356883.3333333333,402834
2025-05-07,331500.0,337000.0,326500.0,335500.0,315700.0,306600.0,333475.0,356866.6666666667,345682
2025-05-08,338500.0,343500.0,328000.0,343000.0,324700.0,310500.0,332675.0,356954.1666666667,358792
2025-05-09,340000.0,341500.0,331000.0,334500.0,328700.0,313425.0,331941.6666666667,356850.0,219745
2025-05-12,340500.0,350000.0,337500.0,341000.0,335400.0,317025.0,331191.6666666667,356662.5,304741
2025-05-13,347000.0,347000.0,336000.0,341000.0,339000.0,318375.0,330233.3333333333,356254.1666666667,190566
2025-05-14,347000.0,354500.0,341000.0,354000.0,342700.0,320550.0,329350.0,356025.0,282141
2025-05-15,355000.0,369500.0,349500.0,363500.0,346800.0,323375.0,328975.0,356112.5,345083
2025-05-16,363500.0,369000.0,360500.0,365000.0,352900.0,325575.0,328850.0,355995.8333333333,264402
2025-05-19,360500.0,361500.0,345500.0,350500.0,354800.0,327550.0,328125.0,355895.8333333333,211217
2025-05-20,357000.0,377000.0,356000.0,376500.0,361900.0,330125.0,327958.3333333333,356025.0,375736
2025-05-21,376000.0,377500.0,367000.0,375000.0,366100.0,332350.0,328008.3333333333,356070.8333333333,207159
2025-05-22,367000.0,389000.0,367000.0,384500.0,370300.0,334900.0,328166.6666666667,356216.6666666667,348124
2025-05-23,386000.0,387000.0,379000.0,386000.0,374500.0,339150.0,328708.3333333333,356441.6666666667,158069
2025-05-26,391000.0,391500.0,384000.0,389000.0,382200.0,343725.0,329383.3333333333,356658.3333333333,127152
2025-05-27,385500.0,392500.0,384000.0,392500.0,385400.0,348700.0,329991.6666666667,356708.3333333333,110623
2025-05-28,393500.0,396500.0,373000.0,379500.0,386300.0,352700.0,330658.3333333333,356829.1666666667,262512
2025-05-29,387000.0,398000.0,381000.0,383000.0,386000.0,356950.0,331616.6666666667,357008.3333333333,242649
2025-05-30,380000.0,382000.0,372500.0,379000.0,384600.0,360175.0,332350.0,357275.0,207284
2025-06-02,373500.0,379500.0,366500.0,378000.0,382400.0,363700.0,332816.6666666667,357512.5,131789
2025-06-04,383000.0,388500.0,380000.0,382000.0,380300.0,366650.0,333400.0,357904.1666666667,244896
2025-06-05,383000.0,394500.0,382500.0,389000.0,382200.0,369325.0,334258.3333333333,358187.5,232786
2025-06-09,401500.0,404500.0,396500.0,400500.0,385700.0,372200.0,335233.3333333333,358545.8333333333,278060
2025-06-10,403500.0,433000.0,402500.0,429500.0,395800.0,376950.0,336891.6666666667,359054.1666666667,522673
2025-06-11,428000.0,430500.0,416500.0,418500.0,403900.0,380825.0,338175.0,359583.3333333333,260051
2025-06-12,423000.0,434000.0,421000.0,434000.0,414300.0,385475.0,339900.0,360320.8333333333,318834
2025-06-13,434500.0,435000.0,418000.0,430000.0,422500.0,389275.0,341425.0,360912.5,241642
2025-06-16,434000.0,461000.0,433500.0,456500.0,433700.0,393925.0,343050.0,361700.0,301534
2025-06-17,460000.0,477000.0,455000.0,470500.0,441900.0,399200.0,344875.0,362491.6666666667,355866
2025-06-18,467000.0,471000.0,455500.0,467000.0,451600.0,405025.0,346891.6666666667,363283.3333333333,252204
2025-06-19,467000.0,474000.0,455000.0,473000.0,459400.0,409850.0,348933.3333333333,364058.3333333333,241767
2025-06-20,480000.0,483000.0,464500.0,470000.0,467400.0,414600.0,351275.0,364737.5,160125
2025-06-23,458500.0,475000.0,458000.0,474000.0,470900.0,419075.0,353591.6666666667,365570.8333333333,134593
2025-06-24,483500.0,496000.0,471500.0,482000.0,473200.0,423875.0,355841.6666666667,366504.1666666667,231072
2025-06-25,488000.0,506000.0,487000.0,497000.0,479200.0,429275.0,358575.0,367595.8333333333,243200
2025-06-26,493000.0,498000.0,470500.0,484000.0,481400.0,433850.0,361575.0,368433.3333333333,245035
2025-06-27,484000.0,498500.0,480500.0,487500.0,484900.0,439250.0,364616.6666666667,369250.0,216245
2025-06-30,496000.0,516000.0,484000.0,507000.0,491500.0,445450.0,368200.0,370216.6666666667,329685
2025-07-01,508000.0,520000.0,500000.0,508000.0,496700.0,451900.0,371616.6666666667,371187.5,205784
2025-07-02,501000.0,502000.0,471500.0,487500.0,494800.0,457375.0,374841.6666666667,372066.6666666667,299746
2025-07-03,485000.0,487000.0,452500.0,454500.0,488900.0,461000.0,377541.6666666667,372462.5,516978
2025-07-04,460000.0,460500.0,430500.0,432000.0,477800.0,463150.0,379691.6666666667,372729.1666666667,352170
2025-07-07,418500.0,440000.0,418000.0,437000.0,463800.0,464975.0,382558.3333333333,373070.8333333333,239682
2025-07-08,437500.0,451500.0,432500.0,451000.0,452400.0,466050.0,385475.0,373508.3333333333,228892
2025-07-09,453000.0,455500.0,445000.0,452000.0,445300.0,467725.0,388525.0,373941.6666666667,189163
2025-07-10,456500.0,465500.0,453000.0,460000.0,446400.0,469025.0,390958.3333333333,374325.0,190129
2025-07-11,461000.0,463000.0,439500.0,442500.0,448500.0,469650.0,393158.3333333333,374704.1666666667,209099
2025-07-14,435000.0,454500.0,434500.0,450500.0,451200.0,469350.0,395550.0,375216.6666666667,178958
2025-07-15,455000.0,477000.0,454000.0,474000.0,455800.0,469525.0,398100.0,375820.8333333333,253316
2025-07-16,472500.0,490000.0,463500.0,483000.0,462000.0,470325.0,400966.6666666667,376487.5,270736
2025-07-17,485000.0,485000.0,467500.0,476000.0,465200.0,470475.0,403483.3333333333,376975.0,173414
2025-07-18,482000.0,490000.0,476500.0,482500.0,473200.0,471100.0,406016.6666666667,377512.5,168007
2025-07-21,466500.0,495500.0,464500.0,495000.0,482100.0,472150.0,408708.3333333333,378429.1666666667,274140
2025-07-22,490000.0,490000.0,451000.0,468000.0,480900.0,471450.0,411491.6666666667,379120.8333333333,483008
2025-07-23,480000.0,503000.0,471000.0,479500.0,480200.0,470575.0,414525.0,379770.8333333333,491871
2025-07-24,492500.0,498500.0,482500.0,492000.0,483400.0,470975.0,417841.6666666667,380466.6666666667,300399
2025-07-25,487500.0,493000.0,485000.0,489000.0,484700.0,471050.0,421000.0,380833.3333333333,105380
2025-07-28,499000.0,507000.0,488500.0,489000.0,483500.0,470150.0,424183.3333333333,381491.6666666667,242493
2025-07-29,485000.0,498500.0,482500.0,495000.0,488900.0,469500.0,427191.6666666667,382212.5,159506
2025-07-30,491500.0,499500.0,490500.0,497000.0,492400.0,469975.0,430350.0,383004.1666666667,126362
2025-07-31,504000.0,507000.0,493000.0,501000.0,494200.0,472300.0,433316.6666666667,383916.6666666667,185403
2025-08-01,496000.0,501000.0,481500.0,484000.0,493200.0,474900.0,435791.6666666667,384633.3333333333,249449
2025-08-04,480000.0,496500.0,476500.0,494000.0,494200.0,477750.0,438308.3333333333,385491.6666666667,138271
2025-08-05,499500.0,508000.0,497500.0,504000.0,496000.0,480400.0,441133.3333333333,386537.5,172256
2025-08-06,499500.0,509000.0,492000.0,507000.0,498000.0,483150.0,443900.0,387545.8333333333,134344
2025-08-07,504000.0,517000.0,499500.0,502000.0,498200.0,485250.0,446583.3333333333,388408.3333333333,122445
2025-08-08,502000.0,502000.0,486500.0,489000.0,499200.0,487575.0,448833.3333333333,389091.6666666667,152639
2025-08-11,492000.0,501000.0,491000.0,497500.0,499900.0,489925.0,451066.6666666667,390020.8333333333,113250
2025-08-12,498000.0,506000.0,472500.0,473500.0,493800.0,489900.0,452875.0,390862.5,206357
2025-08-13,480500.0,487500.0,475000.0,487500.0,489900.0,490125.0,455158.3333333333,391641.6666666667,100024
2025-08-14,486000.0,487500.0,473500.0,487500.0,487000.0,490700.0,457008.3333333333,392483.3333333333,155959
2025-08-18,475000.0,480000.0,458000.0,460000.0,481200.0,489575.0,458425.0,393216.6666666667,270153
2025-08-19,464500.0,467000.0,454000.0,460000.0,473700.0,487825.0,459683.3333333333,393925.0,141014
2025-08-20,449000.0,456000.0,433500.0,446500.0,468300.0,486750.0,460691.6666666667,394700.0,218684
2025-08-21,456500.0,468000.0,454000.0,458500.0,462500.0,485700.0,461850.0,395616.6666666667,125626
2025-08-22,473000.0,497500.0,468000.0,490000.0,463000.0,485600.0,463475.0,396733.3333333333,322027
2025-08-25,498000.0,500000.0,490500.0,500000.0,471000.0,486150.0,465483.3333333333,398070.8333333333,135626
2025-08-26,496500.0,503000.0,494500.0,501000.0,479200.0,486750.0,467450.0,399533.3333333333,164444
2025-08-27,502000.0,503000.0,494000.0,496500.0,489200.0,486825.0,469408.3333333333,400879.1666666667,84020
2025-08-28,491500.0,499500.0,487000.0,494000.0,496300.0,486675.0,471341.6666666667,402079.1666666667,70810
2025-08-29,494000.0,505000.0,491500.0,492500.0,496800.0,486250.0,473183.3333333333,403291.6666666667,91436
2025-09-01,492500.0,495500.0,484000.0,487000.0,494200.0,486400.0,474816.6666666667,404537.5,60551
2025-09-02,491000.0,500000.0,490500.0,494500.0,492900.0,486425.0,476383.3333333333,405808.3333333333,73370
2025-09-03,496500.0,504000.0,495000.0,501000.0,493800.0,486275.0,477575.0,407233.3333333333,101264
2025-09-04,496000.0,502000.0,492000.0,493000.0,493600.0,485575.0,478816.6666666667,408495.8333333333,98511
2025-09-05,493500.0,519000.0,493500.0,517000.0,498500.0,486325.0,480200.0,410050.0,205971
2025-09-08,517000.0,517000.0,501000.0,509000.0,502900.0,487325.0,481516.6666666667,411470.8333333333,91563
2025-09-09,513000.0,518000.0,501000.0,516000.0,507200.0,488250.0,482508.3333333333,412779.1666666667,117845
2025-09-10,518000.0,560000.0,518000.0,560000.0,519000.0,492575.0,484000.0,414437.5,362471
2025-09-11,568000.0,585000.0,557000.0,585000.0,537400.0,497450.0,485966.6666666667,416429.1666666667,311805
2025-09-12,590000.0,602000.0,582000.0,595000.0,553000.0,502825.0,488000.0,418466.6666666667,141442
2025-09-15,585000.0,606000.0,583000.0,594000.0,570000.0,509525.0,490066.6666666667,420670.8333333333,117675
2025-09-16,601000.0,601000.0,585000.0,594000.0,585600.0,516225.0,492066.6666666667,422829.1666666667,130441
2025-09-17,594000.0,608000.0,583000.0,588000.0,591200.0,523300.0,493833.3333333333,424837.5,120068
2025-09-18,589000.0,602000.0,589000.0,594000.0,593000.0,530075.0,495450.0,427012.5,110236
2025-09-22,592000.0,599000.0,575000.0,585000.0,591000.0,534825.0,497133.3333333333,429354.1666666667,108671
2025-09-23,597000.0,624000.0,591000.0,594000.0,591000.0,539525.0,498908.3333333333,431762.5,134963
2025-09-24,600000.0,607000.0,587000.0,588000.0,589800.0,543875.0,500258.3333333333,434229.1666666667,128270
2025-09-25,589000.0,595000.0,583000.0,587000.0,589600.0,548400.0,501575.0,436595.8333333333,90365
2025-09-26,582000.0,588000.0,561000.0,569000.0,584600.0,552150.0,502933.3333333333,438887.5,168831
2025-09-29,576000.0,581000.0,567000.0,578000.0,583200.0,556425.0,504991.6666666667,441266.6666666667,97011
2025-09-30,577000.0,590000.0,574000.0,582000.0,580800.0,561175.0,507491.6666666667,443591.6666666667,118742
2025-10-01,592000.0,602000.0,590000.0,596000.0,582400.0,566250.0,510141.6666666667,446350.0,80853
2025-10-02,610000.0,629000.0,606000.0,622000.0,589400.0,572300.0,512991.6666666667,449233.3333333333,220423
2025-10-10,668000.0,668000.0,644000.0,660000.0,607600.0,580650.0,516458.3333333333,452491.6666666667,190547
2025-10-13,649000.0,675000.0,646000.0,666000.0,625200.0,588100.0,519891.6666666667,455425.0,166970
2025-10-14,668000.0,677000.0,636000.0,648000.0,638400.0,595050.0,523316.6666666667,458237.5,170863
2025-10-15,651000.0,672000.0,641000.0,668000.0,652800.0,602650.0,526941.6666666666,461245.8333333333,211360
2025-10-16,670000.0,685000.0,662000.0,685000.0,665400.0,608900.0,530458.3333333334,464279.1666666667,132978
2025-10-17,678000.0,685000.0,665000.0,667000.0,666800.0,613000.0,533525.0,467245.8333333333,101892
2025-10-20,674000.0,683000.0,669000.0,681000.0,669800.0,617300.0,536941.6666666666,470212.5,100790
2025-10-21,689000.0,697000.0,675000.0,678000.0,675800.0,621500.0,540200.0,473108.3333333333,119176
2025-10-22,679000.0,689000.0,673000.0,686000.0,679400.0,626100.0,543383.3333333334,476045.8333333333,88701
2025-10-23,687000.0,753000.0,681000.0,746000.0,691600.0,634000.0,548016.6666666666,479754.1666666667,404203
2025-10-24,750000.0,793000.0,746000.0,780000.0,714200.0,643300.0,553025.0,483775.0,254601
2025-10-27,807000.0,837000.0,790000.0,820000.0,742000.0,655050.0,558491.6666666666,488166.6666666667,241272
2025-10-28,833000.0,845500.0,820000.0,839000.0,774200.0,667300.0,564325.0,492662.5,198413
2025-10-29,841000.0,873000.0,832000.0,852000.0,807400.0,680500.0,570375.0,497279.1666666667,187101
2025-10-30,863000.0,918000.0,861000.0,885000.0,835200.0,695400.0,576875.0,502033.3333333333,209958
2025-10-31,898000.0,909000.0,870000.0,870000.0,853200.0,710450.0,583091.6666666666,506720.8333333333,184721
2025-11-03,892000.0,969000.0,889000.0,949000.0,879000.0,729000.0,590558.3333333334,511937.5,263089
2025-11-04,940000.0,976000.0,910000.0,918000.0,894800.0,745800.0,597791.6666666666,516791.6666666667,324505
2025-11-05,889000.0,894000.0,828000.0,868000.0,898000.0,759400.0,604025.0,521166.6666666667,486112
2025-11-06,896000.0,907000.0,854000.0,875000.0,896000.0,772050.0,610208.3333333334,525670.8333333334,269245
2025-11-07,832000.0,861000.0,802000.0,818000.0,885600.0,779950.0,615391.6666666666,529645.8333333334,377137
2025-11-10,821000.0,864000.0,813000.0,857000.0,867200.0,789500.0,621308.3333333334,533945.8333333334,204359
2025-11-11,880000.0,893000.0,846000.0,860000.0,855600.0,800100.0,627491.6666666666,538162.5,223542
2025-11-12,852000.0,853000.0,831000.0,848000.0,851600.0,809100.0,633333.3333333334,542200.0,190716
2025-11-13,840000.0,876000.0,840000.0,866000.0,849800.0,818150.0,639875.0,546375.0,175104
2025-11-14,830000.0,837000.0,821000.0,824000.0,851000.0,826000.0,645483.3333333334,550320.8333333334,180505
2025-11-17,832000.0,849000.0,831000.0,840000.0,847600.0,833950.0,651358.3333333334,554183.3333333334,111375
2025-11-18,819000.0,853000.0,803500.0,812000.0,838000.0,840650.0,657225.0,557825.0,137398
2025-11-19,817000.0,817000.0,768000.0,783000.0,825000.0,845500.0,662608.3333333334,561145.8333333334,299531
2025-11-20,837000.0,838000.0,810000.0,815000.0,814800.0,848950.0,668750.0,564720.8333333334,142972
2025-11-21,773000.0,790000.0,751000.0,751000.0,800200.0,847500.0,673625.0,567737.5,221598
2025-11-24,761000.0,766000.0,744000.0,750000.0,782200.0,844000.0,677958.3333333334,570716.6666666666,246868
2025-11-25,774000.0,798000.0,771000.0,780000.0,775800.0,841050.0,682625.0,574054.1666666666,148760
2025-11-26,812000.0,813000.0,770000.0,797000.0,778600.0,838300.0,687558.3333333334,577504.1666666666,102748
2025-11-27,810000.0,825000.0,797000.0,798000.0,775200.0,833950.0,692583.3333333334,580995.8333333334,72971
2025-11-28,802000.0,802000.0,764000.0,775000.0,780000.0,829200.0,697266.6666666666,584304.1666666666,120269
2025-12-01,787000.0,787000.0,736000.0,746000.0,779200.0,819050.0,701491.6666666666,587337.5,173891
2025-12-02,742000.0,785000.0,742000.0,781000.0,779400.0,812200.0,706391.6666666666,590604.1666666666,153005
2025-12-03,787000.0,823000.0,780000.0,820000.0,784000.0,809800.0,711816.6666666666,594100.0,181990
2025-12-04,819000.0,829000.0,787000.0,798000.0,784000.0,805950.0,716766.6666666666,597170.8333333334,121443
2025-12-05,804000.0,836000.0,796000.0,832000.0,795400.0,806650.0,722416.6666666666,600616.6666666666,133262
2025-12-08,830000.0,846000.0,822000.0,842000.0,814600.0,805900.0,727833.3333333334,604016.6666666666,115992
2025-12-09,834000.0,855000.0,826000.0,848000.0,828000.0,805300.0,733483.3333333334,607500.0,101223
2025-12-10,857000.0,872000.0,841000.0,849000.0,833800.0,805350.0,739033.3333333334,610770.8333333334,80526
2025-12-11,868000.0,882000.0,846000.0,846000.0,843400.0,804350.0,743800.0,613900.0,165857
2025-12-12,855000.0,877000.0,849000.0,866000.0,850200.0,806450.0,748483.3333333334,617225.0,134492
2025-12-15,839000.0,851000.0,824000.0,830000.0,847800.0,805950.0,752400.0,620200.0,123407
2025-12-16,827000.0,846000.0,819000.0,825000.0,843200.0,806600.0,756250.0,623158.3333333334,109808
2025-12-17,834000.0,837000.0,818000.0,822000.0,837800.0,808550.0,760050.0,626058.3333333334,83310
2025-12-18,796000.0,812000.0,788000.0,790000.0,826600.0,807300.0,763416.6666666666,628625.0,95019
2025-12-19,807000.0,822000.0,795000.0,807000.0,814800.0,810100.0,766966.6666666666,631208.3333333334,78227
2025-12-22,826000.0,833000.0,797000.0,805000.0,809800.0,812850.0,770633.3333333334,633883.3333333334,113153
2025-12-23,808000.0,809000.0,791000.0,794000.0,803600.0,813550.0,773966.6666666666,636437.5,67355
2025-12-24,797000.0,799000.0,780000.0,780000.0,795200.0,812700.0,777166.6666666666,638712.5,76403
2025-12-26,777000.0,779000.0,754000.0,764000.0,790000.0,811000.0,780116.6666666666,640845.8333333334,113903
2025-12-29,755000.0,793000.0,755000.0,788000.0,786200.0,811650.0,783766.6666666666,643350.0,95408
2025-12-30,779000.0,785000.0,774000.0,774000.0,780000.0,813050.0,787033.3333333334,646012.5,91306
2026-01-02,774000.0,822000.0,763000.0,819000.0,785000.0,814950.0,790983.3333333334,649237.5,132745
2026-01-05,819000.0,869000.0,811000.0,868000.0,802600.0,817350.0,795516.6666666666,652829.1666666666,165187
2026-01-06,826000.0,855000.0,790000.0,834000.0,816600.0,819150.0,799050.0,656020.8333333334,428669
2026-01-07,825000.0,830000.0,814000.0,821000.0,823200.0,818600.0,801733.3333333334,659095.8333333334,233958
2026-01-08,812000.0,868000.0,812000.0,862000.0,840800.0,819600.0,805000.0,662445.8333333334,219304
2026-01-09,855000.0,855000.0,825000.0,848000.0,846600.0,819600.0,808333.3333333334,665825.0,140739
2026-01-12,866000.0,898000.0,860000.0,876000.0,848200.0,820950.0,811800.0,669370.8333333334,189898
2026-01-13,896000.0,897000.0,857000.0,886000.0,858600.0,822950.0,815150.0,672804.1666666666,155578
2026-01-14,887000.0,929000.0,882000.0,922000.0,878800.0,825750.0,819400.0,676462.5,203916
2026-01-15,920000.0,947000.0,888000.0,892000.0,884800.0,828850.0,822916.6666666666,679929.1666666666,277030
2026-01-16,910000.0,915000.0,888000.0,906000.0,896400.0,832900.0,826716.6666666666,683458.3333333334,139572
2026-01-19,909000.0,934000.0,906000.0,918000.0,904800.0,837700.0,830583.3333333334,686983.3333333334,168381
2026-01-20,910000.0,928000.0,880000.0,915000.0,910600.0,843950.0,833400.0,690708.3333333334,137308
2026-01-21,891000.0,908000.0,881000.0,894000.0,905000.0,848300.0,835300.0,694162.5,121632
2026-01-22,899000.0,909000.0,886000.0,888000.0,904200.0,852450.0,836433.3333333334,697462.5,120807
2026-01-23,880000.0,902000.0,871000.0,884000.0,899800.0,856950.0,837183.3333333334,700754.1666666666,158561
2026-01-26,879000.0,891000.0,845000.0,872000.0,890600.0,861550.0,837516.6666666666,703945.8333333334,239517
2026-01-27,871000.0,913000.0,850000.0,901000.0,887800.0,868400.0,837783.3333333334,707329.1666666666,171752
2026-01-28,912000.0,927000.0,895000.0,902000.0,889400.0,874100.0,838316.6666666666,710704.1666666666,203258
2026-01-29,914000.0,926000.0,876000.0,897000.0,891200.0,880250.0,837450.0,714004.1666666666,159821
2026-01-30,893000.0,918000.0,885000.0,889000.0,892200.0,883750.0,836966.6666666666,717379.1666666666,173328
2026-02-02,882000.0,883000.0,821000.0,836000.0,885000.0,882150.0,836433.3333333334,720229.1666666666,183359
2026-02-03,866000.0,900000.0,864000.0,889000.0,882600.0,884900.0,836666.6666666666,723437.5,174695
2026-02-04,896000.0,929000.0,892000.0,924000.0,887000.0,890050.0,838433.3333333334,726912.5,146082
2026-02-05,894000.0,899000.0,855000.0,873000.0,882200.0,890600.0,838700.0,730004.1666666666,190097
2026-02-06,845000.0,849000.0,806000.0,840000.0,872400.0,890200.0,838366.6666666666,732929.1666666666,151989
2026-02-09,892000.0,943000.0,885000.0,933000.0,891800.0,893050.0,839783.3333333334,736558.3333333334,305359
2026-02-10,944000.0,980000.0,934000.0,939000.0,901800.0,895700.0,841000.0,740437.5,218860
2026-02-11,945000.0,998000.0,933000.0,995000.0,916000.0,899350.0,843850.0,744666.6666666666,222963
2026-02-12,997000.0,1000000.0,958000.0,966000.0,934600.0,903050.0,845950.0,748654.1666666666,182379
2026-02-13,950000.0,973000.0,946000.0,949000.0,956400.0,905200.0,848233.3333333334,752729.1666666666,112113
2026-02-19,970000.0,975000.0,950000.0,967000.0,963200.0,907650.0,851300.0,756954.1666666666,116109
2026-02-20,967000.0,1012000.0,966000.0,1011000.0,977600.0,912450.0,854566.6666666666,761658.3333333334,167876
2026-02-23,1030000.0,1080000.0,1020000.0,1067000.0,992000.0,921100.0,859833.3333333334,766729.1666666666,183729
2026-02-24,1055000.0,1076000.0,1041000.0,1070000.0,1012800.0,930200.0,865166.6666666666,771562.5,138670
2026-02-25,1096000.0,1097000.0,1049000.0,1065000.0,1036000.0,939250.0,869916.6666666666,776270.8333333334,157891
2026-02-26,1075000.0,1116000.0,1068000.0,1111000.0,1064800.0,951200.0,875150.0,781354.1666666666,253366
2026-02-27,1088000.0,1109000.0,1041000.0,1050000.0,1072600.0,958650.0,879350.0,785966.6666666666,340891
2026-03-03,1006000.0,1048000.0,983000.0,987000.0,1056600.0,962900.0,882883.3333333334,790075.0,192638
2026-03-04,920000.0,959000.0,853000.0,871000.0,1016800.0,961600.0,884966.6666666666,793229.1666666666,273582
2026-03-05,985000.0,1007000.0,962000.0,984000.0,1000600.0,966350.0,888350.0,797370.8333333334,220416
2026-03-06,957000.0,990000.0,941000.0,968000.0,972000.0,972950.0,890816.6666666666,801316.6666666666,208388
2026-03-09,910000.0,935000.0,877000.0,907000.0,943400.0,973850.0,892633.3333333334,804700.0,199628
2026-03-10,963000.0,970000.0,919000.0,941000.0,934200.0,974700.0,894450.0,808433.3333333334,141252
2026-03-11,962000.0,975000.0,930000.0,939000.0,947800.0,978000.0,896066.6666666666,811950.0,123719
2026-03-12,925000.0,962000.0,922000.0,944000.0,939800.0,983200.0,897666.6666666666,815575.0,106954
2026-03-13,911000.0,949000.0,908000.0,929000.0,932000.0,983000.0,899000.0,819016.6666666666,147873
2026-03-16,920000.0,930000.0,890000.0,905000.0,931600.0,981300.0,899983.3333333334,821891.6666666666,108390
2026-03-17,926000.0,950000.0,925000.0,931000.0,929600.0,978100.0,901066.6666666666,824775.0,86102
2026-03-18,959000.0,976000.0,954000.0,974000.0,936600.0,978500.0,903466.6666666666,827933.3333333334,103612
2026-03-19,950000.0,986000.0,948000.0,958000.0,939400.0,978950.0,905683.3333333334,830966.6666666666,112178
2026-03-20,971000.0,974000.0,952000.0,959000.0,945400.0,978550.0,907966.6666666666,834008.3333333334,107776
2026-03-23,925000.0,935000.0,900000.0,913000.0,947000.0,973650.0,910016.6666666666,836716.6666666666,112092
2026-03-24,949000.0,954000.0,896000.0,925000.0,945800.0,966550.0,911983.3333333334,839475.0,135896
2026-03-25,960000.0,997000.0,950000.0,992000.0,949400.0,962650.0,915100.0,842866.6666666666,145733
2026-03-26,991000.0,1006000.0,960000.0,965000.0,950800.0,957650.0,917950.0,845958.3333333334,82599
2026-03-27,933000.0,937000.0,887000.0,915000.0,942000.0,947850.0,920200.0,848683.3333333334,164950
2026-03-30,871000.0,899000.0,863000.0,872000.0,933800.0,938950.0,922000.0,851058.3333333334,121088
2026-03-31,853000.0,870000.0,830000.0,832000.0,915200.0,931200.0,922733.3333333334,853250.0,194755
2026-04-01,898000.0,915000.0,881000.0,897000.0,896200.0,932500.0,924783.3333333334,855908.3333333334,138793
2026-04-02,935000.0,943000.0,871000.0,882000.0,879600.0,927400.0,925833.3333333334,858408.3333333334,189874
2026-04-03,904000.0,907000.0,879000.0,883000.0,873200.0,923150.0,926083.3333333334,860800.0,82110
2026-04-06,903000.0,929000.0,888000.0,894000.0,877600.0,922500.0,927083.3333333334,863066.6666666666,64468
2026-04-07,907000.0,915000.0,883000.0,891000.0,889400.0,920000.0,928250.0,864991.6666666666,58022
2026-04-08,962000.0,992000.0,946000.0,980000.0,906000.0,922050.0,930216.6666666666,867608.3333333334,156758
2026-04-09,991000.0,1000000.0,973000.0,980000.0,925600.0,923850.0,932416.6666666666,870375.0,181604
2026-04-10,997000.0,1020000.0,994000.0,999000.0,948800.0,927350.0,934466.6666666666,873133.3333333334,136005
2026-04-13,984000.0,1012000.0,975000.0,1007000.0,971400.0,932450.0,936483.3333333334,875816.6666666666,112646
2026-04-14,1040000.0,1068000.0,1035000.0,1061000.0,1005400.0,938950.0,938800.0,879100.0,180694
2026-04-15,1091000.0,1093000.0,1043000.0,1050000.0,1019400.0,942750.0,941433.3333333334,882175.0,175241
2026-04-16,1051000.0,1086000.0,1051000.0,1085000.0,1040400.0,949100.0,944416.6666666666,885566.6666666666,121126
2026-04-17,1080000.0,1106000.0,1071000.0,1087000.0,1058000.0,955500.0,947233.3333333334,888908.3333333334,132742
2026-04-20,1094000.0,1100000.0,1075000.0,1087000.0,1074000.0,964200.0,950100.0,891750.0,115237
2026-04-21,1088000.0,1108000.0,1046000.0,1058000.0,1073400.0,970850.0,952833.3333333334,894066.6666666666,197856
2026-04-22,1066000.0,1090000.0,1034000.0,1090000.0,1081400.0,975750.0,956200.0,896316.6666666666,157761
2026-04-23,1122000.0,1149000.0,1098000.0,1129000.0,1090200.0,983950.0,960283.3333333334,898733.3333333334,197505
2026-04-24,1146000.0,1299000.0,1136000.0,1248000.0,1122400.0,1000600.0,966550.0,902033.3333333334,280050
2026-04-27,1300000.0,1324000.0,1260000.0,1306000.0,1166200.0,1022300.0,973300.0,905541.6666666666,254572
2026-04-28,1338000.0,1350000.0,1214000.0,1238000.0,1202200.0,1042600.0,978900.0,908608.3333333334,344085
2026-04-29,1260000.0,1290000.0,1246000.0,1260000.0,1236200.0,1060750.0,984950.0,911200.0,171099
2026-04-30,1254000.0,1281000.0,1251000.0,1252000.0,1260800.0,1079250.0,991000.0,913983.3333333334,153511
2026-05-04,1280000.0,1320000.0,1273000.0,1299000.0,1271000.0,1100050.0,998716.6666666666,917575.0,191307
2026-05-06,1354000.0,1420000.0,1337000.0,1389000.0,1287600.0,1124800.0,1007050.0,921858.3333333334,268160
2026-05-07,1417000.0,1430000.0,1331000.0,1420000.0,1324000.0,1151250.0,1015316.6666666666,926875.0,217221
2026-05-08,1403000.0,1409000.0,1367000.0,1403000.0,1352600.0,1172400.0,1024150.0,931425.0,186901
2026-05-11,1403000.0,1404000.0,1351000.0,1362000.0,1374600.0,1191500.0,1032850.0,935608.3333333334,167065
2026-05-12,1367000.0,1386000.0,1252000.0,1309000.0,1376600.0,1207000.0,1039116.6666666666,939450.0,218673
2026-05-13,1275000.0,1293000.0,1235000.0,1280000.0,1354800.0,1220650.0,1044800.0,942900.0,145588
2026-05-14,1325000.0,1355000.0,1243000.0,1267000.0,1324200.0,1230950.0,1049333.3333333333,946591.6666666666,133962
2026-05-15,1267000.0,1276000.0,1153000.0,1179000.0,1279400.0,1237400.0,1052883.3333333333,949416.6666666666,184128
2026-05-18,1137000.0,1174000.0,1073000.0,1147000.0,1236400.0,1240500.0,1056183.3333333333,952208.3333333334,195181
2026-05-19,1145000.0,1147000.0,1059000.0,1095000.0,1193600.0,1240900.0,1058316.6666666667,954808.3333333334,171144
2026-05-20,1080000.0,1120000.0,1035000.0,1066000.0,1150800.0,1239850.0,1059233.3333333333,956900.0,178086
2026-05-21,1119000.0,1150000.0,1090000.0,1136000.0,1124600.0,1243750.0,1060383.3333333333,960108.3333333334,187394
2026-05-22,1193000.0,1208000.0,1153000.0,1173000.0,1123400.0,1247900.0,1062100.0,963633.3333333334,123287
2026-05-26,1230000.0,1231000.0,1145000.0,1148000.0,1123600.0,1248850.0,1063483.3333333333,966700.0,139347
2026-05-27,1166000.0,1166000.0,1091000.0,1094000.0,1123400.0,1241150.0,1063200.0,969175.0,205620
2026-05-28,1091000.0,1100000.0,1007000.0,1047000.0,1119600.0,1228200.0,1063150.0,971250.0,283478
2026-05-29,1089000.0,1090000.0,1010000.0,1053000.0,1103000.0,1218950.0,1064250.0,973566.6666666666,275081
2026-06-01,1054000.0,1112000.0,1037000.0,1066000.0,1081600.0,1209250.0,1067500.0,976233.3333333334,223784
2026-06-02,1065000.0,1065000.0,982000.0,995000.0,1051000.0,1196400.0,1067683.3333333333,978016.6666666666,207853
2026-06-04,1017000.0,1031000.0,996000.0,999000.0,1032000.0,1181400.0,1068200.0,979508.3333333334,301379
2026-06-05,996000.0,997000.0,931000.0,956000.0,1013800.0,1159750.0,1069016.6666666667,980825.0,127356
2026-06-08,844000.0,917000.0,844000.0,889000.0,981000.0,1133200.0,1068150.0,981300.0,165152
2026-06-09,927000.0,958000.0,895000.0,944000.0,956600.0,1110250.0,1068233.3333333333,982150.0,126447
2026-06-10,924000.0,1033000.0,921000.0,986000.0,954800.0,1091450.0,1068933.3333333333,983300.0,1
2026-06-11,970000.0,1070000.0,931000.0,1033000.0,961600.0,1077650.0,1070666.6666666667,984833.3333333334,255349
2026-06-12,1107000.0,1165000.0,1049000.0,1130000.0,996400.0,1070150.0,1074416.6666666667,987200.0,470167
2026-06-15,1132000.0,1194000.0,1118000.0,1194000.0,1057400.0,1066500.0,1078800.0,989933.3333333334,314453
2026-06-16,1212000.0,1213000.0,1107000.0,1114000.0,1091400.0,1063250.0,1081133.3333333333,992300.0,183143
2026-06-17,1139000.0,1150000.0,1092000.0,1120000.0,1118200.0,1061900.0,1083833.3333333333,994758.3333333334,161117
2026-06-18,1138000.0,1150000.0,1070000.0,1087000.0,1129000.0,1061500.0,1085966.6666666667,996966.6666666666,142182
2026-06-19,1109000.0,1157000.0,1040000.0,1078000.0,1118600.0,1062100.0,1088716.6666666667,999366.6666666666,210942
2026-06-22,1070000.0,1082000.0,1033000.0,1033000.0,1086400.0,1056950.0,1090516.6666666667,1001250.0,145696
2026-06-23,1055000.0,1103000.0,949000.0,949000.0,1053400.0,1045750.0,1089800.0,1002450.0,227332
2026-06-24,943000.0,959000.0,911000.0,937000.0,1016800.0,1035200.0,1089333.3333333333,1003641.6666666666,213086
2026-06-25,980000.0,999000.0,950000.0,950000.0,989400.0,1028000.0,1089916.6666666667,1005058.3333333334,146580
2026-06-26,942000.0,952000.0,850000.0,883000.0,950400.0,1019800.0,1090100.0,1006050.0,177503
2026-06-29,944000.0,980000.0,901000.0,937000.0,931200.0,1014000.0,1091850.0,1007291.6666666666,152462
2026-06-30,972000.0,990000.0,924000.0,972000.0,935800.0,1009300.0,1093100.0,1008941.6666666666,186740
2026-07-01,1019000.0,1064000.0,989000.0,1012000.0,950800.0,1010150.0,1095266.6666666667,1010550.0,188721
2026-07-02,1007000.0,1084000.0,932000.0,969000.0,954600.0,1008650.0,1096700.0,1011391.6666666666,243717
2026-07-03,1001000.0,1007000.0,880000.0,945000.0,967000.0,1008100.0,1097550.0,1012316.6666666666,174000
2026-07-06,952000.0,953000.0,888000.0,929000.0,965400.0,1010100.0,1098183.3333333333,1013216.6666666666,120900
2026-07-07,920000.0,926000.0,876000.0,899000.0,950800.0,1007850.0,1096833.3333333333,1013525.0,171007
2026-07-08,864000.0,868000.0,787000.0,814000.0,911200.0,999250.0,1094066.6666666667,1013241.6666666666,275138
2026-07-09,820000.0,840000.0,780000.0,815000.0,880400.0,988350.0,1091000.0,1012733.3333333334,252571
2026-07-10,841000.0,873000.0,833000.0,851000.0,861600.0,974400.0,1088400.0,1012441.6666666666,100286
2026-07-13,851000.0,855000.0,779000.0,788000.0,833400.0,954100.0,1083850.0,1011325.0,172717
2026-07-14,782000.0,810000.0,756000.0,797000.0,813000.0,938250.0,1079633.3333333333,1010533.3333333334,215460
2026-07-15,826000.0,839000.0,806000.0,823000.0,814800.0,923400.0,1075266.6666666667,1009841.6666666666,150948
2026-07-16,805000.0,818000.0,776000.0,797000.0,811200.0,908900.0,1070433.3333333333,1008833.3333333334,155320
