날짜,시가,고가,저가,종가,MA5,MA20,MA60,MA120,거래량
2002-11-06,5000.0,5150.0,4870.0,5150.0,,,,,10017000
2002-11-07,5760.0,5760.0,5550.0,5760.0,,,,,8715500
2002-11-08,6020.0,6450.0,5950.0,6450.0,,,,,19867200
2002-11-11,6750.0,7220.0,6440.0,6440.0,,,,,23181500
2002-11-12,6300.0,6850.0,6070.0,6430.0,6046.0,,,,19511300
2002-11-13,6700.0,6730.0,6150.0,6150.0,6246.0,,,,8133100
2002-11-14,5850.0,6230.0,5510.0,5600.0,6214.0,,,,7571600
2002-11-15,5660.0,5840.0,5290.0,5370.0,5998.0,,,,6935900
2002-11-18,5370.0,6010.0,5280.0,6010.0,5912.0,,,,21168900
2002-11-19,6220.0,6350.0,5860.0,6010.0,5828.0,,,,17215300
2002-11-20,6100.0,6690.0,5980.0,6690.0,5936.0,,,,21457200
2002-11-21,6800.0,7010.0,6280.0,6350.0,6086.0,,,,11607000
2002-11-22,6440.0,6520.0,6070.0,6250.0,6262.0,,,,7370700
2002-11-25,6270.0,6380.0,6170.0,6180.0,6296.0,,,,4099700
2002-11-26,6150.0,6300.0,6100.0,6110.0,6316.0,,,,3902500
2002-11-27,6110.0,6480.0,6110.0,6230.0,6224.0,,,,7622500
2002-11-28,6350.0,6380.0,6130.0,6130.0,6180.0,,,,3503300
2002-11-29,6110.0,6210.0,6040.0,6050.0,6140.0,,,,3039600
2002-12-02,6050.0,6050.0,6050.0,6050.0,6114.0,,,,0
2002-12-03,6070.0,6370.0,6060.0,6240.0,6140.0,6082.5,,,6414800
2002-12-04,6150.0,6360.0,6060.0,6090.0,6112.0,6129.5,,,3589500
2002-12-05,6110.0,6210.0,6050.0,6110.0,6108.0,6147.0,,,3013200
2002-12-06,6060.0,6270.0,6060.0,6090.0,6116.0,6129.0,,,4650700
2002-12-09,6110.0,6180.0,5880.0,5920.0,6090.0,6103.0,,,2753100
2002-12-10,5760.0,5880.0,5710.0,5730.0,5988.0,6068.0,,,2472300
2002-12-11,5750.0,5820.0,5560.0,5580.0,5886.0,6039.5,,,2293600
2002-12-12,5550.0,5770.0,5550.0,5640.0,5792.0,6041.5,,,2007100
2002-12-13,5580.0,5690.0,5560.0,5570.0,5688.0,6051.5,,,1607900
2002-12-16,5500.0,5550.0,5360.0,5390.0,5582.0,6020.5,,,1686400
2002-12-17,5430.0,6030.0,5430.0,6030.0,5642.0,6021.5,,,9172000
2002-12-18,6080.0,6090.0,5650.0,5680.0,5662.0,5971.0,,,7557800
2002-12-19,5680.0,5680.0,5680.0,5680.0,5670.0,5937.5,,,0
2002-12-20,5770.0,5810.0,5560.0,5560.0,5668.0,5903.0,,,2131000
2002-12-23,5570.0,5720.0,5350.0,5350.0,5660.0,5861.5,,,2982600
2002-12-24,5270.0,5450.0,4920.0,5100.0,5474.0,5811.0,,,2327900
2002-12-25,5100.0,5100.0,5100.0,5100.0,5358.0,5754.5,,,0
2002-12-26,5000.0,5160.0,4910.0,4930.0,5208.0,5694.5,,,2026700
2002-12-27,4710.0,4890.0,4650.0,4670.0,5030.0,5625.5,,,1508900
2002-12-30,4530.0,4640.0,4120.0,4210.0,4802.0,5533.5,,,2219900
2002-12-31,4210.0,4210.0,4210.0,4210.0,4624.0,5432.0,,,0
2003-01-01,4210.0,4210.0,4210.0,4210.0,4446.0,5338.0,,,0
2003-01-02,4260.0,4680.0,4260.0,4640.0,4388.0,5264.5,,,3433400
2003-01-03,4800.0,4900.0,4710.0,4770.0,4408.0,5198.5,,,1929400
2003-01-06,4820.0,4830.0,4580.0,4720.0,4510.0,5138.5,,,1987200
2003-01-07,4880.0,4900.0,4620.0,4620.0,4592.0,5083.0,,,2147200
2003-01-08,4610.0,4650.0,4500.0,4530.0,4656.0,5030.5,,,1441900
2003-01-09,4410.0,4500.0,4320.0,4390.0,4606.0,4968.0,,,1876400
2003-01-10,4490.0,4880.0,4300.0,4510.0,4554.0,4915.0,,,6778000
2003-01-13,4700.0,4830.0,4640.0,4660.0,4542.0,4878.5,,,4086800
2003-01-14,4700.0,4720.0,4520.0,4540.0,4526.0,4804.0,,,1864200
2003-01-15,4600.0,4640.0,4490.0,4500.0,4520.0,4745.0,,,1492800
2003-01-16,4440.0,4710.0,4400.0,4550.0,4552.0,4688.5,,,2800900
2003-01-17,4460.0,4670.0,4410.0,4440.0,4538.0,4632.5,,,1416300
2003-01-20,4370.0,4460.0,4370.0,4390.0,4484.0,4584.5,,,1052400
2003-01-21,4370.0,4430.0,4340.0,4350.0,4446.0,4547.0,,,1037400
2003-01-22,4220.0,4300.0,4150.0,4200.0,4386.0,4502.0,,,1260000
2003-01-23,4190.0,4300.0,4190.0,4230.0,4322.0,4467.0,,,1335200
2003-01-24,4230.0,4280.0,3950.0,3970.0,4228.0,4432.0,,,1556300
2003-01-27,3710.0,3900.0,3710.0,3750.0,4100.0,4409.0,,,900500
2003-01-28,3700.0,4020.0,3700.0,3920.0,4014.0,4394.5,5303.0,,3802400
2003-01-29,3920.0,3970.0,3700.0,3700.0,3914.0,4369.0,5278.833333333333,,1181100
2003-01-30,3750.0,3830.0,3730.0,3770.0,3822.0,4325.5,5245.666666666667,,875800
2003-01-31,3770.0,3770.0,3770.0,3770.0,3782.0,4275.5,5201.0,,0
2003-02-03,3770.0,3930.0,3730.0,3910.0,3814.0,4235.0,5158.833333333333,,1624800
2003-02-04,3950.0,3960.0,3870.0,3870.0,3804.0,4197.5,5116.166666666667,,1094700
2003-02-05,3860.0,3900.0,3790.0,3800.0,3824.0,4161.0,5077.0,,873600
2003-02-06,3800.0,3860.0,3730.0,3750.0,3820.0,4129.0,5046.166666666667,,781300
2003-02-07,3710.0,3790.0,3630.0,3650.0,3796.0,4086.0,5017.5,,1058700
2003-02-10,3530.0,3690.0,3530.0,3630.0,3740.0,4034.5,4977.833333333333,,920400
2003-02-11,3690.0,3700.0,3480.0,3540.0,3674.0,3984.5,4936.666666666667,,1438200
2003-02-12,3480.0,3620.0,3480.0,3540.0,3622.0,3936.5,4884.166666666667,,2337600
2003-02-13,3550.0,3960.0,3550.0,3960.0,3664.0,3907.0,4844.333333333333,,2175900
2003-02-14,3960.0,4000.0,3770.0,3790.0,3692.0,3874.5,4803.333333333333,,4839600
2003-02-17,3910.0,4050.0,3820.0,4050.0,3776.0,3857.5,4767.833333333333,,3172400
2003-02-18,4120.0,4130.0,3940.0,4020.0,3872.0,3841.0,4733.0,,2329100
2003-02-19,4140.0,4160.0,3940.0,3940.0,3952.0,3828.0,4694.833333333333,,2193700
2003-02-20,3930.0,3960.0,3800.0,3830.0,3926.0,3808.0,4656.5,,1427300
2003-02-21,3790.0,3900.0,3780.0,3810.0,3930.0,3800.0,4619.166666666667,,1289700
2003-02-24,3850.0,3910.0,3820.0,3830.0,3886.0,3804.0,4582.166666666667,,1110100
2003-02-25,3760.0,3800.0,3660.0,3670.0,3816.0,3791.5,4539.333333333333,,1067100
2003-02-26,3730.0,3740.0,3640.0,3670.0,3762.0,3790.0,4499.0,,1149900
2003-02-27,3600.0,3640.0,3580.0,3620.0,3720.0,3782.5,4457.5,,668200
2003-02-28,3620.0,3740.0,3600.0,3650.0,3688.0,3776.5,4416.833333333333,,1203400
2003-03-03,3640.0,3720.0,3640.0,3710.0,3664.0,3766.5,4380.0,,849700
2003-03-04,3760.0,3990.0,3730.0,3760.0,3682.0,3761.0,4347.166666666667,,3172900
2003-03-05,3790.0,3800.0,3540.0,3580.0,3664.0,3750.0,4313.833333333333,,1335800
2003-03-06,3620.0,3620.0,3350.0,3380.0,3616.0,3731.5,4276.166666666667,,1089600
2003-03-07,3200.0,3280.0,3070.0,3110.0,3508.0,3704.5,4235.166666666667,,1262100
2003-03-10,3010.0,3100.0,2980.0,2980.0,3362.0,3672.0,4195.0,,772800
2003-03-11,2800.0,3000.0,2800.0,2900.0,3190.0,3640.0,4142.833333333333,,1043900
2003-03-12,2900.0,3080.0,2900.0,3020.0,3078.0,3614.0,4098.5,,1333400
2003-03-13,3020.0,3050.0,2830.0,2850.0,2972.0,3558.5,4051.3333333333335,,918000
2003-03-14,3020.0,3070.0,2940.0,2940.0,2938.0,3516.0,4007.6666666666665,,1105100
2003-03-17,2880.0,2940.0,2690.0,2720.0,2886.0,3449.5,3963.8333333333335,,949600
2003-03-18,2880.0,3040.0,2810.0,3010.0,2908.0,3399.0,3929.0,,1814700
2003-03-19,3000.0,3370.0,2970.0,3280.0,2960.0,3366.0,3898.6666666666665,,5225200
2003-03-20,3380.0,3570.0,3330.0,3570.0,3104.0,3353.0,3876.0,,3774200
2003-03-21,3620.0,3850.0,3480.0,3610.0,3238.0,3343.0,3858.3333333333335,,3881100
2003-03-24,3620.0,3780.0,3510.0,3550.0,3404.0,3329.0,3847.3333333333335,,2414300
2003-03-25,3400.0,3770.0,3340.0,3490.0,3500.0,3320.0,3835.3333333333335,,5646400
2003-03-26,3580.0,3650.0,3450.0,3480.0,3540.0,3310.5,3823.1666666666665,,2124100
2003-03-27,3300.0,3460.0,3300.0,3360.0,3498.0,3297.5,3801.8333333333335,,1153500
2003-03-28,3370.0,3460.0,3370.0,3410.0,3458.0,3285.5,3779.1666666666665,,1109300
2003-03-31,3320.0,3370.0,3120.0,3140.0,3376.0,3257.0,3752.8333333333335,,1159000
2003-04-01,3070.0,3230.0,3060.0,3190.0,3316.0,3228.5,3729.0,,1153900
2003-04-02,3260.0,3270.0,3180.0,3240.0,3268.0,3211.5,3707.5,,1014700
2003-04-03,3390.0,3400.0,3210.0,3240.0,3244.0,3204.5,3688.3333333333335,,1236900
2003-04-04,3190.0,3290.0,3160.0,3250.0,3212.0,3211.5,3667.3333333333335,,779400
2003-04-07,3340.0,3510.0,3340.0,3470.0,3278.0,3236.0,3647.5,,2148000
2003-04-08,3450.0,3740.0,3370.0,3590.0,3358.0,3270.5,3631.6666666666665,,4887400
2003-04-09,3590.0,3630.0,3420.0,3420.0,3394.0,3290.5,3613.6666666666665,,1738100
2003-04-10,3420.0,3490.0,3380.0,3430.0,3432.0,3319.5,3595.0,,935400
2003-04-11,3430.0,3660.0,3430.0,3620.0,3506.0,3353.5,3581.3333333333335,,3060000
2003-04-14,3680.0,4030.0,3680.0,3950.0,3602.0,3415.0,3574.0,,5725600
2003-04-15,4090.0,4090.0,3890.0,3930.0,3670.0,3461.0,3567.0,,3172500
2003-04-16,4050.0,4080.0,3970.0,4040.0,3794.0,3499.0,3564.3333333333335,,2733300
2003-04-17,4010.0,4020.0,3900.0,3900.0,3888.0,3515.5,3558.8333333333335,,1400600
2003-04-18,3930.0,4000.0,3900.0,3900.0,3944.0,3530.0,3557.6666666666665,,1519600
2003-04-21,3900.0,4030.0,3790.0,4000.0,3954.0,3552.5,3561.8333333333335,,2431400
2003-04-22,4040.0,4190.0,4000.0,4030.0,3974.0,3579.5,3563.6666666666665,4433.333333333333,2451200
2003-04-23,4120.0,4120.0,3850.0,3980.0,3962.0,3604.5,3568.3333333333335,4423.583333333333,1664900
2003-04-24,4150.0,4450.0,3980.0,3980.0,3978.0,3635.5,3571.8333333333335,4408.75,9274600
2003-04-25,3980.0,3990.0,3530.0,3800.0,3958.0,3655.0,3572.3333333333335,4386.666666666667,2298100
2003-04-28,3700.0,3870.0,3700.0,3830.0,3924.0,3689.5,3571.0,4364.916666666667,1251100
2003-04-29,3870.0,4090.0,3870.0,4090.0,3936.0,3734.5,3574.6666666666665,4345.416666666667,2042300
2003-04-30,4090.0,4150.0,3970.0,4050.0,3950.0,3775.0,3578.8333333333335,4327.916666666667,1167600
2003-05-01,4050.0,4050.0,4050.0,4050.0,3964.0,3815.5,3583.8333333333335,4315.0,0
2003-05-02,4100.0,4100.0,4000.0,4050.0,4014.0,3855.5,3590.5,4304.0,1130100
2003-05-05,4050.0,4050.0,4050.0,4050.0,4058.0,3884.5,3597.5,4287.666666666667,0
2003-05-06,4060.0,4280.0,4060.0,4180.0,4076.0,3914.0,3608.1666666666665,4272.416666666667,2128700
2003-05-07,4230.0,4290.0,4120.0,4200.0,4106.0,3953.0,3619.1666666666665,4251.666666666667,2135100
2003-05-08,4200.0,4200.0,4200.0,4200.0,4136.0,3991.5,3623.1666666666665,4233.75,0
2003-05-09,4170.0,4190.0,4100.0,4160.0,4158.0,4018.5,3629.3333333333335,4216.333333333333,960800
2003-05-12,4230.0,4260.0,4180.0,4180.0,4184.0,4030.0,3631.5,4199.666666666667,1155300
2003-05-13,4160.0,4200.0,4030.0,4030.0,4154.0,4035.0,3631.6666666666665,4182.333333333333,1005400
2003-05-14,4010.0,4110.0,3890.0,3910.0,4096.0,4028.5,3631.1666666666665,4163.0,1007600
2003-05-15,3920.0,4050.0,3880.0,3940.0,4044.0,4030.5,3633.0,4144.75,1156700
2003-05-16,3910.0,3980.0,3850.0,3890.0,3990.0,4030.0,3634.3333333333335,4126.75,822100
2003-05-19,3800.0,4150.0,3780.0,3950.0,3944.0,4027.5,3636.3333333333335,4109.25,1951100
2003-05-20,3890.0,4070.0,3890.0,3970.0,3932.0,4024.5,3641.3333333333335,4090.3333333333335,776700
2003-05-21,3950.0,4070.0,3950.0,3980.0,3946.0,4024.5,3646.5,4072.75,1221100
2003-05-22,3980.0,4080.0,3880.0,3880.0,3934.0,4019.5,3650.8333333333335,4054.1666666666665,1355300
2003-05-23,4020.0,4340.0,4000.0,4340.0,4024.0,4046.5,3662.3333333333335,4039.5833333333335,5889000
2003-05-26,4420.0,4740.0,4320.0,4500.0,4134.0,4080.0,3675.5,4027.75,5207200
2003-05-27,4590.0,4590.0,4260.0,4440.0,4228.0,4097.5,3686.8333333333335,4017.0,1974800
2003-05-28,4630.0,4880.0,4500.0,4540.0,4340.0,4122.0,3702.8333333333335,4008.3333333333335,4958700
2003-05-29,4500.0,4790.0,4470.0,4710.0,4506.0,4155.0,3725.0,4000.5833333333335,3567200
2003-05-30,4780.0,4820.0,4520.0,4520.0,4542.0,4178.5,3748.5,3991.8333333333335,3689800
2003-06-02,4470.0,4570.0,4350.0,4370.0,4516.0,4194.5,3771.6666666666665,3983.3333333333335,2124100
2003-06-03,4370.0,4450.0,4310.0,4330.0,4494.0,4202.0,3795.5,3969.1666666666665,1297400
2003-06-04,4330.0,4410.0,4290.0,4320.0,4450.0,4208.0,3817.1666666666665,3957.8333333333335,883500
2003-06-05,4330.0,4530.0,4330.0,4380.0,4384.0,4217.0,3842.6666666666665,3947.0,1897500
2003-06-06,4380.0,4380.0,4380.0,4380.0,4356.0,4228.0,3866.6666666666665,3937.1666666666665,0
2003-06-09,4360.0,4490.0,4360.0,4450.0,4372.0,4241.5,3895.5,3929.6666666666665,877400
2003-06-10,4500.0,4500.0,4380.0,4390.0,4384.0,4259.5,3918.5,3923.75,1036000
2003-06-11,4430.0,4450.0,4320.0,4320.0,4384.0,4280.0,3935.8333333333335,3917.25,996500
2003-06-12,4390.0,4830.0,4320.0,4830.0,4474.0,4324.5,3956.8333333333335,3916.4166666666665,5975600
2003-06-13,4900.0,5070.0,4710.0,4860.0,4570.0,4373.0,3977.6666666666665,3918.0,5547000
2003-06-16,4930.0,5300.0,4910.0,5080.0,4696.0,4429.5,4003.1666666666665,3925.25,5029800
2003-06-17,5220.0,5220.0,4980.0,5080.0,4834.0,4485.0,4029.6666666666665,3932.5,2313800
2003-06-18,5110.0,5400.0,4960.0,5010.0,4972.0,4536.5,4055.1666666666665,3939.1666666666665,4680300
2003-06-19,4950.0,5170.0,4800.0,4890.0,4984.0,4587.0,4080.6666666666665,3941.25,2872700
2003-06-20,4800.0,4880.0,4750.0,4750.0,4962.0,4607.5,4103.0,3941.0833333333335,1090100
2003-06-23,4750.0,4830.0,4710.0,4710.0,4888.0,4618.0,4129.166666666667,3941.0,918400
2003-06-24,4650.0,4930.0,4550.0,4910.0,4854.0,4641.5,4157.833333333333,3943.4166666666665,1885800
2003-06-25,4960.0,5100.0,4920.0,5030.0,4858.0,4666.0,4187.666666666667,3947.5833333333335,1868700
2003-06-26,5050.0,5050.0,4850.0,4850.0,4850.0,4673.0,4214.5,3951.4166666666665,906700
2003-06-27,4900.0,4970.0,4780.0,4820.0,4864.0,4688.0,4240.666666666667,3954.0,781400
2003-06-30,4750.0,4940.0,4730.0,4830.0,4888.0,4711.0,4263.333333333333,3955.4166666666665,979000
2003-07-01,4800.0,4980.0,4800.0,4930.0,4892.0,4741.0,4285.666666666667,3958.6666666666665,917300
2003-07-02,4980.0,5030.0,4870.0,4930.0,4872.0,4771.5,4310.833333333333,3962.25,1040800
2003-07-03,4960.0,5000.0,4870.0,4890.0,4880.0,4797.0,4335.166666666667,3965.0833333333335,910400
2003-07-04,4890.0,4930.0,4750.0,4780.0,4872.0,4817.0,4354.5,3967.9166666666665,1156100
2003-07-07,4730.0,5140.0,4730.0,5040.0,4914.0,4846.5,4372.666666666667,3973.3333333333335,3110900
2003-07-08,5190.0,5200.0,4930.0,4950.0,4918.0,4874.5,4389.666666666667,3978.3333333333335,1566000
2003-07-09,5050.0,5050.0,4870.0,4980.0,4928.0,4907.5,4405.333333333333,3984.8333333333335,1370400
2003-07-10,4960.0,5030.0,4850.0,4870.0,4924.0,4909.5,4421.5,3990.1666666666665,1041100
2003-07-11,4760.0,4830.0,4740.0,4770.0,4922.0,4905.0,4436.0,3996.8333333333335,738700
2003-07-14,4730.0,4840.0,4730.0,4760.0,4866.0,4889.0,4448.666666666667,4005.25,727900
2003-07-15,4770.0,4840.0,4610.0,4620.0,4800.0,4866.0,4458.5,4011.0833333333335,854300
2003-07-16,4630.0,4690.0,4450.0,4550.0,4714.0,4843.0,4468.0,4018.1666666666665,1382700
2003-07-17,4550.0,4550.0,4550.0,4550.0,4650.0,4826.0,4477.5,4024.6666666666665,0
2003-07-18,4370.0,4500.0,4360.0,4360.0,4568.0,4806.5,4486.833333333333,4029.5833333333335,821400
2003-07-21,4330.0,4400.0,4150.0,4155.0,4447.0,4778.75,4492.25,4031.625,687000
2003-07-22,4070.0,4270.0,4070.0,4190.0,4361.0,4742.75,4493.916666666667,4034.2916666666665,812700
2003-07-23,4195.0,4600.0,4120.0,4405.0,4332.0,4711.5,4499.833333333333,4039.3333333333335,2239200
2003-07-24,4500.0,4500.0,4350.0,4350.0,4292.0,4686.5,4504.833333333333,4044.3333333333335,625300
2003-07-25,4310.0,4420.0,4280.0,4315.0,4283.0,4661.25,4509.25,4049.875,442000
2003-07-28,4350.0,4430.0,4350.0,4420.0,4336.0,4640.75,4515.416666666667,4056.4583333333335,541300
2003-07-29,4380.0,4415.0,4320.0,4325.0,4363.0,4610.5,4517.833333333333,4063.0,431000
2003-07-30,4300.0,4350.0,4230.0,4260.0,4334.0,4577.0,4518.833333333333,4069.0,463300
2003-07-31,4200.0,4275.0,4200.0,4215.0,4307.0,4543.25,4519.083333333333,4071.125,327100
2003-08-01,4225.0,4280.0,4220.0,4270.0,4298.0,4517.75,4520.916666666667,4075.125,320400
2003-08-04,4200.0,4325.0,4175.0,4200.0,4254.0,4475.75,4521.25,4076.375,581400
2003-08-05,4250.0,4390.0,4200.0,4390.0,4267.0,4447.75,4527.25,4079.4583333333335,651400
2003-08-06,4290.0,4480.0,4270.0,4450.0,4305.0,4421.25,4536.25,4083.7083333333335,1120100
2003-08-07,4505.0,4520.0,4400.0,4440.0,4350.0,4399.75,4544.583333333333,4088.7916666666665,1017200
2003-08-08,4450.0,4480.0,4350.0,4350.0,4366.0,4378.75,4552.25,4093.2916666666665,521500
2003-08-11,4280.0,4350.0,4215.0,4245.0,4375.0,4353.0,4557.166666666667,4096.75,489200
2003-08-12,4300.0,4300.0,4230.0,4230.0,4343.0,4333.5,4561.5,4101.416666666667,372800
2003-08-13,4220.0,4280.0,4220.0,4235.0,4300.0,4317.75,4565.75,4106.125,350400
2003-08-14,4235.0,4355.0,4230.0,4290.0,4270.0,4304.75,4572.583333333333,4111.708333333333,532700
2003-08-15,4290.0,4290.0,4290.0,4290.0,4258.0,4301.25,4571.75,4117.041666666667,0
2003-08-18,4330.0,4465.0,4310.0,4440.0,4297.0,4315.5,4570.75,4123.125,918700
2003-08-19,4540.0,4685.0,4395.0,4580.0,4367.0,4335.0,4573.083333333333,4129.958333333333,2303600
2003-08-20,4600.0,4620.0,4405.0,4405.0,4401.0,4335.0,4570.833333333333,4136.833333333333,827500
2003-08-21,4435.0,4470.0,4375.0,4415.0,4426.0,4338.25,4565.916666666667,4145.458333333333,598700
2003-08-22,4440.0,4525.0,4410.0,4410.0,4450.0,4343.0,4564.083333333333,4156.291666666667,681700
2003-08-25,4360.0,4520.0,4360.0,4500.0,4462.0,4347.0,4566.25,4168.958333333333,754000
2003-08-26,4495.0,4495.0,4370.0,4370.0,4420.0,4349.25,4566.916666666667,4181.208333333333,423600
2003-08-27,4365.0,4410.0,4260.0,4285.0,4396.0,4350.5,4566.333333333333,4191.75,561400
2003-08-28,4280.0,4300.0,4220.0,4225.0,4358.0,4351.0,4563.75,4203.208333333333,490300
2003-08-29,4220.0,4275.0,4190.0,4250.0,4326.0,4350.0,4561.583333333333,4214.125,439300
2003-09-01,4280.0,4385.0,4250.0,4310.0,4288.0,4355.5,4559.25,4227.375,414000
2003-09-02,4330.0,4375.0,4270.0,4285.0,4271.0,4350.25,4557.5,4238.0,443000
2003-09-03,4335.0,4335.0,4200.0,4215.0,4257.0,4338.5,4555.75,4245.791666666667,491900
2003-09-04,4235.0,4280.0,4210.0,4210.0,4254.0,4327.0,4545.416666666667,4251.125,327900
2003-09-05,4205.0,4250.0,4160.0,4160.0,4236.0,4317.5,4533.75,4255.708333333333,495900
2003-09-08,4160.0,4190.0,4105.0,4115.0,4197.0,4311.0,4517.666666666667,4260.416666666667,342100
2003-09-09,4060.0,4150.0,4060.0,4070.0,4154.0,4303.0,4500.833333333333,4265.25,548700
2003-09-10,4070.0,4070.0,4070.0,4070.0,4125.0,4294.75,4485.166666666667,4270.166666666667,0
2003-09-11,4070.0,4070.0,4070.0,4070.0,4097.0,4283.75,4471.5,4276.083333333333,0
2003-09-12,4070.0,4070.0,4070.0,4070.0,4079.0,4272.75,4460.166666666667,4281.583333333333,0
2003-09-15,4105.0,4150.0,4080.0,4100.0,4076.0,4255.75,4450.0,4289.583333333333,249300
2003-09-16,4080.0,4140.0,4080.0,4125.0,4087.0,4233.0,4436.916666666667,4297.375,224600
2003-09-17,4135.0,4160.0,4085.0,4085.0,4090.0,4217.0,4421.166666666667,4304.416666666667,265200
2003-09-18,4080.0,4100.0,4030.0,4030.0,4082.0,4197.75,4407.5,4311.0,301800
2003-09-19,4050.0,4070.0,3945.0,3950.0,4058.0,4174.75,4393.0,4316.833333333333,516400
2003-09-22,3920.0,3990.0,3680.0,3700.0,3978.0,4134.75,4374.166666666667,4318.75,569900
2003-09-23,3645.0,3735.0,3520.0,3700.0,3893.0,4101.25,4353.666666666667,4319.666666666667,421200
2003-09-24,3730.0,4010.0,3725.0,3910.0,3858.0,4082.5,4336.666666666667,4323.75,1129600
2003-09-25,3790.0,3880.0,3710.0,3800.0,3812.0,4061.25,4318.5,4326.833333333333,242100
2003-09-26,3720.0,3785.0,3705.0,3715.0,3765.0,4034.5,4300.75,4327.625,240200
2003-09-29,3900.0,4160.0,3870.0,4040.0,3833.0,4021.0,4284.083333333333,4328.375,1796000
2003-09-30,4040.0,4380.0,4040.0,4045.0,3902.0,4009.0,4269.0,4329.333333333333,3028200
2003-10-01,4100.0,4100.0,3900.0,3930.0,3906.0,3994.75,4251.5,4328.416666666667,636800
2003-10-02,4000.0,4035.0,3950.0,3950.0,3936.0,3981.75,4236.166666666667,4328.833333333333,575200
2003-10-03,3950.0,3950.0,3950.0,3950.0,3983.0,3971.25,4222.5,4329.25,0
2003-10-06,3950.0,4090.0,3950.0,3980.0,3971.0,3964.5,4209.5,4329.083333333333,682800
2003-10-07,4030.0,4030.0,3930.0,3935.0,3949.0,3957.75,4198.083333333333,4328.291666666667,259500
2003-10-08,3935.0,3975.0,3870.0,3870.0,3937.0,3947.75,4186.75,4327.375,300700
2003-10-09,3870.0,3915.0,3850.0,3895.0,3926.0,3939.0,4175.833333333333,4326.666666666667,250000
2003-10-10,3900.0,3965.0,3900.0,3950.0,3926.0,3933.0,4169.0,4327.916666666667,329700
2003-10-13,3940.0,4020.0,3920.0,4000.0,3930.0,3928.0,4166.416666666667,4329.333333333333,399000
2003-10-14,4070.0,4075.0,3990.0,3990.0,3941.0,3921.25,4163.083333333333,4328.5,422600
2003-10-15,4070.0,4085.0,4005.0,4085.0,3984.0,3921.25,4157.75,4328.791666666667,518400
2003-10-16,4125.0,4250.0,4100.0,4200.0,4045.0,3929.75,4155.25,4330.041666666667,780800
2003-10-17,4290.0,4320.0,4160.0,4160.0,4087.0,3940.25,4152.666666666667,4330.958333333333,1014800
2003-10-20,4120.0,4175.0,4120.0,4140.0,4115.0,3962.25,4148.0,4331.708333333333,306100
2003-10-21,4120.0,4155.0,4030.0,4040.0,4125.0,3979.25,4143.25,4330.541666666667,493600
2003-10-22,4010.0,4055.0,4010.0,4010.0,4110.0,3984.25,4139.083333333333,4328.958333333333,273100
2003-10-23,3940.0,3980.0,3890.0,3980.0,4066.0,3993.25,4135.166666666667,4327.125,512500
2003-10-24,3980.0,4020.0,3930.0,3980.0,4030.0,4006.5,4130.333333333333,4325.625,328300
2003-10-27,3980.0,4000.0,3935.0,4000.0,4002.0,4004.5,4127.0,4324.125,456300
2003-10-28,4000.0,4020.0,3960.0,4000.0,3994.0,4002.25,4120.5,4323.875,618200
2003-10-29,4000.0,4045.0,3960.0,3990.0,3990.0,4005.25,4112.833333333333,4324.541666666667,895100
2003-10-30,3990.0,3995.0,3955.0,3990.0,3992.0,4007.25,4105.333333333333,4324.958333333333,434800
2003-10-31,3990.0,4000.0,3950.0,3985.0,3993.0,4009.0,4099.25,4325.75,406700
2003-11-03,3985.0,4000.0,3950.0,4000.0,3993.0,4010.0,4095.1666666666665,4326.166666666667,438200
2003-11-04,4030.0,4030.0,3955.0,3995.0,3992.0,4013.0,4091.25,4326.375,675000
2003-11-05,3950.0,3975.0,3945.0,3945.0,3983.0,4016.75,4086.4166666666665,4326.083333333333,379600
2003-11-06,3905.0,3945.0,3850.0,3850.0,3955.0,4014.5,4079.0833333333335,4325.833333333333,477000
2003-11-07,3850.0,3875.0,3805.0,3810.0,3920.0,4007.5,4071.0833333333335,4321.416666666667,464100
2003-11-10,3810.0,3860.0,3730.0,3775.0,3875.0,3996.25,4060.0,4315.375,461300
2003-11-11,3750.0,3935.0,3740.0,3830.0,3842.0,3988.25,4047.5,4310.291666666667,619400
2003-11-12,3890.0,3890.0,3815.0,3850.0,3823.0,3976.5,4038.25,4304.541666666667,311300
2003-11-13,3880.0,3905.0,3850.0,3860.0,3825.0,3959.5,4029.0,4297.458333333333,294500
2003-11-14,3850.0,3940.0,3850.0,3930.0,3849.0,3948.0,4021.0,4292.541666666667,394900
2003-11-17,3880.0,3925.0,3870.0,3925.0,3879.0,3937.25,4011.4166666666665,4288.833333333333,235400
2003-11-18,3900.0,3930.0,3880.0,3885.0,3890.0,3929.5,4003.3333333333335,4285.125,218600
2003-11-19,3850.0,3870.0,3760.0,3765.0,3873.0,3917.25,3994.6666666666665,4280.5,316500
2003-11-20,3710.0,3785.0,3710.0,3725.0,3846.0,3904.5,3986.3333333333335,4275.041666666667,209200
2003-11-21,3700.0,3725.0,3690.0,3710.0,3802.0,3891.0,3977.3333333333335,4269.458333333333,189300
2003-11-24,3715.0,3740.0,3580.0,3580.0,3733.0,3870.0,3965.1666666666665,4262.208333333333,305100
2003-11-25,3660.0,3700.0,3630.0,3690.0,3694.0,3854.5,3955.25,4256.375,231800
2003-11-26,3680.0,3740.0,3645.0,3695.0,3680.0,3839.75,3946.5833333333335,4251.166666666667,355900
2003-11-27,3700.0,3730.0,3675.0,3680.0,3671.0,3824.25,3937.75,4241.583333333333,155500
2003-11-28,3695.0,3735.0,3685.0,3730.0,3675.0,3811.5,3930.5833333333335,4232.166666666667,210000
2003-12-01,3740.0,3765.0,3735.0,3755.0,3710.0,3799.25,3924.5833333333335,4221.125,253500
2003-12-02,3770.0,4060.0,3765.0,3950.0,3762.0,3797.0,3922.5833333333335,4211.708333333333,1296000
2003-12-03,4020.0,4030.0,3955.0,3970.0,3817.0,3798.25,3920.9166666666665,4203.041666666667,673700
2003-12-04,3970.0,3985.0,3895.0,3980.0,3877.0,3804.75,3919.4166666666665,4195.458333333333,344400
2003-12-05,3980.0,4040.0,3965.0,3975.0,3926.0,3813.0,3917.8333333333335,4189.0,567900
2003-12-08,3860.0,3950.0,3860.0,3920.0,3959.0,3820.25,3914.8333333333335,4182.416666666667,255900
2003-12-09,3900.0,3970.0,3900.0,3960.0,3961.0,3826.75,3912.0833333333335,4174.5,266500
2003-12-10,3955.0,4090.0,3925.0,4090.0,3985.0,3838.75,3912.1666666666665,4166.666666666667,718700
2003-12-11,4070.0,4145.0,4020.0,4025.0,3994.0,3847.0,3912.0833333333335,4159.791666666667,636900
2003-12-12,4080.0,4080.0,3995.0,4010.0,4001.0,3851.0,3913.0833333333335,4153.041666666667,426300
2003-12-15,4070.0,4070.0,4010.0,4040.0,4025.0,3856.75,3918.75,4146.458333333333,271700
2003-12-16,4020.0,4050.0,4000.0,4045.0,4042.0,3864.75,3924.5,4139.083333333333,360700
2003-12-17,4030.0,4075.0,3945.0,3945.0,4013.0,3873.75,3925.0833333333335,4130.875,362900
2003-12-18,3905.0,4300.0,3905.0,4100.0,4028.0,3892.5,3930.0833333333335,4124.291666666667,1926800
2003-12-19,4100.0,4130.0,4040.0,4105.0,4047.0,3912.25,3936.5833333333335,4118.666666666667,763200
2003-12-22,4145.0,4145.0,3970.0,3970.0,4033.0,3931.75,3935.4166666666665,4109.75,534400
2003-12-23,3975.0,4015.0,3845.0,3855.0,3995.0,3940.0,3932.25,4100.625,540900
2003-12-24,3855.0,3920.0,3760.0,3875.0,3981.0,3949.0,3931.3333333333335,4091.4166666666665,484500
2003-12-25,3875.0,3875.0,3875.0,3875.0,3936.0,3958.75,3930.0833333333335,4083.125,0
2003-12-26,3885.0,4030.0,3860.0,4000.0,3915.0,3972.25,3930.9166666666665,4076.7083333333335,639300
2003-12-29,3750.0,3900.0,3750.0,3790.0,3879.0,3974.0,3927.75,4068.625,474700
2003-12-30,3810.0,3840.0,3780.0,3780.0,3864.0,3965.5,3925.1666666666665,4061.625,414500
2003-12-31,3780.0,3780.0,3780.0,3780.0,3845.0,3956.0,3923.6666666666665,4055.2083333333335,0
2004-01-01,3780.0,3780.0,3780.0,3780.0,3826.0,3946.0,3921.75,4048.7916666666665,0
2004-01-02,3780.0,3810.0,3745.0,3760.0,3778.0,3935.25,3918.5833333333335,4043.7916666666665,382700
2004-01-05,3755.0,3770.0,3705.0,3750.0,3770.0,3926.75,3914.4166666666665,4040.4166666666665,284500
2004-01-06,3770.0,3810.0,3740.0,3750.0,3764.0,3916.25,3910.4166666666665,4036.75,603500
2004-01-07,3720.0,3800.0,3720.0,3750.0,3758.0,3899.25,3904.8333333333335,4031.2916666666665,303000
2004-01-08,3730.0,3760.0,3705.0,3705.0,3743.0,3883.25,3896.5833333333335,4025.9166666666665,329200
2004-01-09,3705.0,3745.0,3590.0,3615.0,3714.0,3863.5,3887.5,4020.0833333333335,704100
2004-01-12,3635.0,3830.0,3635.0,3830.0,3730.0,3853.0,3882.3333333333335,4015.1666666666665,1095600
2004-01-13,3860.0,3910.0,3750.0,3850.0,3750.0,3843.25,3879.1666666666665,4011.2083333333335,778800
2004-01-14,3900.0,4050.0,3870.0,4015.0,3803.0,3846.75,3879.25,4009.1666666666665,1844200
2004-01-15,4035.0,4040.0,3940.0,4015.0,3865.0,3842.5,3879.8333333333335,4007.5,660500
2004-01-16,4020.0,4135.0,4020.0,4075.0,3957.0,3841.0,3881.4166666666665,4005.875,721500
2004-01-19,4130.0,4170.0,4000.0,4030.0,3997.0,3844.0,3881.9166666666665,4004.4583333333335,562500
2004-01-20,4070.0,4195.0,4030.0,4195.0,4066.0,3861.0,3885.1666666666665,4002.8333333333335,778500
2004-01-21,4195.0,4195.0,4195.0,4195.0,4102.0,3877.0,3888.5833333333335,4000.7083333333335,0
2004-01-22,4195.0,4195.0,4195.0,4195.0,4138.0,3893.0,3892.0,3998.6666666666665,0
2004-01-23,4195.0,4195.0,4195.0,4195.0,4162.0,3902.75,3895.5,3997.375,0
2004-01-26,4155.0,4230.0,4125.0,4175.0,4191.0,3922.0,3898.4166666666665,3996.7916666666665,419200
2004-01-27,4175.0,4175.0,4020.0,4020.0,4156.0,3934.0,3898.8333333333335,3995.0416666666665,442700
2004-01-28,4020.0,4070.0,3930.0,4030.0,4123.0,3946.5,3900.25,3993.3333333333335,562200
2004-01-29,4000.0,4065.0,3950.0,4015.0,4087.0,3958.25,3903.0,3991.0416666666665,416900
2004-01-30,3990.0,4070.0,3955.0,4065.0,4061.0,3973.5,3907.25,3989.1666666666665,481900
2004-02-02,4100.0,4420.0,4095.0,4360.0,4098.0,4004.0,3917.0,3988.5,1845800
2004-02-03,4420.0,4545.0,4360.0,4360.0,4166.0,4034.5,3925.8333333333335,3986.6666666666665,2426400
2004-02-04,4455.0,4655.0,4400.0,4535.0,4267.0,4073.75,3937.25,3987.75,2723000
2004-02-05,4565.0,4585.0,4375.0,4460.0,4356.0,4111.5,3947.25,3988.125,931200
2004-02-06,4460.0,4490.0,4250.0,4250.0,4393.0,4143.25,3952.5833333333335,3986.7916666666665,802100
2004-02-09,4300.0,4380.0,4270.0,4295.0,4380.0,4166.5,3958.75,3985.0833333333335,670300
2004-02-10,4370.0,4595.0,4320.0,4545.0,4417.0,4201.25,3969.75,3986.5416666666665,1468500
2004-02-11,4620.0,4625.0,4425.0,4450.0,4400.0,4223.0,3981.1666666666665,3987.9166666666665,843800
2004-02-12,4500.0,4605.0,4370.0,4600.0,4428.0,4252.25,3995.75,3991.0416666666665,984900
2004-02-13,4630.0,4870.0,4620.0,4790.0,4536.0,4288.0,4013.75,3995.5416666666665,2646900
2004-02-16,4850.0,5010.0,4840.0,4970.0,4671.0,4335.0,4036.9166666666665,4001.0416666666665,2293400
2004-02-17,5060.0,5090.0,4840.0,4840.0,4730.0,4367.25,4056.0833333333335,4005.6666666666665,984700
2004-02-18,4820.0,5040.0,4720.0,4900.0,4820.0,4402.5,4076.1666666666665,4011.375,1006500
2004-02-19,4900.0,4970.0,4760.0,4870.0,4874.0,4436.25,4096.0,4016.875,466800
2004-02-20,4770.0,4865.0,4710.0,4715.0,4859.0,4462.25,4112.416666666667,4021.5,511600
2004-02-23,4680.0,4800.0,4610.0,4800.0,4825.0,4493.5,4129.833333333333,4027.2083333333335,413600
2004-02-24,4635.0,4800.0,4610.0,4650.0,4787.0,4525.0,4141.5,4032.0416666666665,430000
2004-02-25,4600.0,4700.0,4600.0,4610.0,4729.0,4554.0,4152.166666666667,4036.5416666666665,342200
2004-02-26,4645.0,4725.0,4600.0,4600.0,4675.0,4583.25,4162.5,4040.9583333333335,432500
2004-02-27,4570.0,4600.0,4480.0,4490.0,4630.0,4604.5,4171.083333333333,4044.4583333333335,472000
2004-03-01,4490.0,4490.0,4490.0,4490.0,4568.0,4611.0,4180.583333333333,4047.7083333333335,0
2004-03-02,4550.0,4550.0,4485.0,4495.0,4537.0,4617.75,4189.5,4050.7916666666665,310700
2004-03-03,4495.0,4530.0,4405.0,4405.0,4496.0,4611.25,4194.75,4053.4583333333335,435300
2004-03-04,4410.0,4480.0,4375.0,4430.0,4462.0,4609.75,4201.5,4056.7916666666665,277800
2004-03-05,4480.0,4580.0,4450.0,4560.0,4476.0,4625.25,4210.666666666667,4061.875,565400
2004-03-08,5100.0,5100.0,4755.0,4755.0,4529.0,4648.25,4222.583333333333,4070.6666666666665,4346100
2004-03-09,4620.0,4880.0,4620.0,4880.0,4606.0,4665.0,4236.5,4080.5,953600
2004-03-10,4880.0,4925.0,4650.0,4650.0,4655.0,4675.0,4248.25,4086.6666666666665,691400
2004-03-11,4570.0,4695.0,4545.0,4660.0,4701.0,4678.0,4257.583333333333,4093.8333333333335,314900
2004-03-12,4570.0,4740.0,4150.0,4430.0,4675.0,4660.0,4263.0,4099.791666666667,734800
2004-03-15,4410.0,4680.0,4410.0,4510.0,4626.0,4637.0,4272.0,4103.708333333333,485200
2004-03-16,4420.0,4490.0,4400.0,4410.0,4532.0,4615.5,4281.25,4106.75,337100
2004-03-17,4420.0,4510.0,4420.0,4465.0,4495.0,4593.75,4291.083333333333,4111.208333333333,275100
2004-03-18,4485.0,4695.0,4465.0,4680.0,4499.0,4584.25,4304.5,4117.291666666667,662900
2004-03-19,4650.0,4720.0,4560.0,4650.0,4543.0,4581.0,4315.333333333333,4123.125,371900
2004-03-22,4620.0,4725.0,4565.0,4645.0,4570.0,4573.25,4329.583333333333,4128.666666666667,373700
2004-03-23,4680.0,4725.0,4620.0,4700.0,4628.0,4575.75,4344.916666666667,4135.041666666667,345600
2004-03-24,4705.0,4760.0,4565.0,4565.0,4648.0,4573.5,4358.0,4140.833333333333,603400
2004-03-25,4600.0,4700.0,4575.0,4630.0,4638.0,4575.0,4372.166666666667,4146.958333333333,403200
2004-03-26,4680.0,4780.0,4620.0,4710.0,4650.0,4586.0,4388.0,4153.291666666667,825500
2004-03-29,4720.0,4830.0,4720.0,4800.0,4681.0,4601.5,4405.5,4159.958333333333,828900
2004-03-30,4850.0,4850.0,4620.0,4620.0,4665.0,4607.75,4420.0,4165.208333333333,424300
2004-03-31,4610.0,4660.0,4505.0,4565.0,4665.0,4615.75,4433.583333333333,4169.208333333333,467700
2004-04-01,4550.0,4720.0,4550.0,4650.0,4669.0,4626.75,4449.333333333333,4172.958333333333,706700
2004-04-02,4645.0,4910.0,4645.0,4785.0,4684.0,4638.0,4468.833333333333,4178.166666666667,1606500
2004-04-05,4785.0,4785.0,4785.0,4785.0,4681.0,4639.5,4484.75,4183.541666666667,0
2004-04-06,4810.0,4870.0,4750.0,4845.0,4726.0,4637.75,4501.333333333333,4190.25,688000
2004-04-07,4890.0,4960.0,4880.0,4920.0,4797.0,4651.25,4516.416666666667,4197.833333333333,786900
2004-04-08,4920.0,5270.0,4920.0,5200.0,4907.0,4678.25,4536.166666666667,4208.0,2090200
2004-04-09,5170.0,5240.0,5030.0,5050.0,4960.0,4709.25,4552.416666666667,4216.916666666667,635200
2004-04-12,5090.0,5300.0,5080.0,5110.0,5025.0,4739.25,4570.416666666667,4226.166666666667,805100
2004-04-13,5160.0,5190.0,4930.0,4990.0,5054.0,4768.25,4583.666666666667,4234.416666666667,471200
2004-04-14,4915.0,5180.0,4915.0,5120.0,5094.0,4801.0,4599.083333333333,4243.833333333333,576100
2004-04-15,5120.0,5120.0,5120.0,5120.0,5078.0,4823.0,4614.5,4253.25,0
2004-04-16,5190.0,5330.0,5140.0,5210.0,5110.0,4851.0,4631.416666666667,4263.458333333333,670900
2004-04-19,5250.0,5320.0,5140.0,5190.0,5126.0,4878.25,4648.333333333333,4273.375,442900
2004-04-20,5300.0,5370.0,5270.0,5310.0,5190.0,4908.75,4669.833333333333,4284.333333333333,779900
2004-04-21,5390.0,5840.0,5320.0,5690.0,5304.0,4965.0,4697.5,4298.875,2915900
2004-04-22,5810.0,5830.0,5570.0,5670.0,5414.0,5017.0,4725.083333333333,4314.041666666667,1158800
2004-04-23,5850.0,5900.0,5670.0,5670.0,5506.0,5065.0,4751.833333333333,4329.541666666667,882100
2004-04-26,5800.0,5950.0,5790.0,5940.0,5656.0,5122.0,4778.166666666667,4347.583333333333,1911500
2004-04-27,5940.0,5950.0,5690.0,5750.0,5744.0,5178.5,4801.333333333333,4363.583333333333,601800
2004-04-28,5700.0,5820.0,5620.0,5750.0,5756.0,5237.75,4821.583333333333,4379.416666666667,682100
2004-04-29,5620.0,5700.0,5480.0,5480.0,5718.0,5279.25,4838.583333333333,4392.916666666667,515800
2004-04-30,5400.0,5650.0,5230.0,5440.0,5672.0,5312.0,4858.416666666667,4405.5,772000
2004-05-03,5300.0,5370.0,5100.0,5100.0,5504.0,5327.75,4871.833333333333,4415.291666666667,5404100
2004-05-04,5510.0,5690.0,5490.0,5500.0,5454.0,5360.5,4887.75,4428.75,1407600
2004-05-05,5500.0,5500.0,5500.0,5500.0,5404.0,5389.5,4905.25,4443.208333333333,0
2004-05-06,5550.0,5670.0,5260.0,5340.0,5376.0,5396.5,4917.583333333333,4456.666666666667,747800
2004-05-07,5300.0,5390.0,5140.0,5390.0,5366.0,5413.5,4927.583333333333,4470.666666666667,553400
2004-05-10,5270.0,5580.0,5250.0,5370.0,5420.0,5426.5,4934.25,4485.583333333333,1278800
2004-05-11,5370.0,5750.0,5370.0,5700.0,5460.0,5462.0,4948.583333333333,4502.333333333333,1469500
2004-05-12,5800.0,5890.0,5680.0,5780.0,5516.0,5495.0,4963.25,4519.708333333333,1291400
2004-05-13,5700.0,5770.0,5550.0,5650.0,5578.0,5521.5,4976.25,4536.125,695400
2004-05-14,5750.0,5760.0,5350.0,5500.0,5600.0,5536.0,4989.333333333333,4550.875,1144900
2004-05-17,5420.0,5580.0,5070.0,5100.0,5546.0,5531.5,4994.333333333333,4562.083333333333,893400
2004-05-18,4950.0,5150.0,4930.0,5060.0,5418.0,5519.0,5001.166666666667,4571.333333333333,806700
2004-05-19,5060.0,5270.0,5060.0,5200.0,5302.0,5494.5,5011.0,4581.583333333333,1159700
2004-05-20,5100.0,5210.0,4950.0,5070.0,5186.0,5464.5,5018.833333333333,4590.666666666667,523500
2004-05-21,5100.0,5170.0,5050.0,5090.0,5104.0,5435.5,5028.833333333333,4599.958333333333,363200
2004-05-24,5130.0,5180.0,5000.0,5080.0,5100.0,5392.5,5038.666666666667,4609.625,483300
2004-05-25,5030.0,5030.0,4760.0,4780.0,5044.0,5344.0,5043.416666666667,4616.458333333333,641900
2004-05-26,4780.0,4780.0,4780.0,4780.0,4960.0,5295.5,5049.666666666667,4622.208333333333,0
2004-05-27,4810.0,4930.0,4800.0,4805.0,4907.0,5261.75,5055.916666666667,4628.708333333333,781600
2004-05-28,4920.0,5010.0,4900.0,4950.0,4879.0,5237.25,5062.416666666667,4636.541666666667,403900
2004-05-31,4960.0,5120.0,4955.0,5000.0,4863.0,5232.25,5066.5,4644.541666666667,345800
2004-06-01,5010.0,5050.0,4945.0,4945.0,4896.0,5204.5,5067.583333333333,4652.041666666667,238800
2004-06-02,4920.0,4990.0,4880.0,4910.0,4922.0,5175.0,5071.916666666667,4660.083333333333,182600
2004-06-03,4980.0,4980.0,4660.0,4660.0,4893.0,5141.0,5071.916666666667,4664.75,555900
2004-06-04,4600.0,4785.0,4600.0,4785.0,4860.0,5110.75,5077.833333333333,4670.416666666667,345700
2004-06-07,4740.0,4920.0,4740.0,4855.0,4831.0,5085.0,5083.583333333333,4677.791666666667,339600
2004-06-08,4865.0,4935.0,4770.0,4770.0,4796.0,5038.5,5089.583333333333,4685.416666666667,337700
2004-06-09,4800.0,4820.0,4670.0,4700.0,4754.0,4984.5,5093.5,4692.291666666667,184400
2004-06-10,4670.0,4725.0,4650.0,4660.0,4754.0,4935.0,5093.166666666667,4698.833333333333,174100
2004-06-11,4670.0,4700.0,4460.0,4460.0,4689.0,4883.0,5090.0,4702.666666666667,292800
2004-06-14,4400.0,4600.0,4400.0,4450.0,4608.0,4850.5,5086.75,4708.166666666667,361100
2004-06-15,4530.0,4780.0,4510.0,4780.0,4610.0,4836.5,5088.083333333333,4716.5,575600
2004-06-16,4710.0,4890.0,4710.0,4850.0,4640.0,4819.0,5092.833333333333,4725.416666666667,485100
2004-06-17,4930.0,4935.0,4795.0,4820.0,4672.0,4806.5,5096.0,4734.083333333333,219200
2004-06-18,4820.0,4830.0,4715.0,4730.0,4726.0,4788.5,5096.333333333333,4742.166666666667,114700
2004-06-21,4800.0,4880.0,4705.0,4760.0,4788.0,4772.5,5095.666666666667,4750.583333333333,233000
2004-06-22,4765.0,4875.0,4765.0,4820.0,4796.0,4774.5,5099.0,4759.5,485700
2004-06-23,4800.0,4810.0,4610.0,4660.0,4758.0,4768.5,5100.583333333333,4767.083333333333,374400
2004-06-24,4630.0,4705.0,4610.0,4630.0,4720.0,4759.75,5100.25,4774.791666666667,327200
2004-06-25,4570.0,4660.0,4570.0,4630.0,4700.0,4743.75,5097.666666666667,4783.25,295500
2004-06-28,4650.0,4780.0,4635.0,4675.0,4683.0,4727.5,5095.833333333333,4790.291666666667,261900
2004-06-29,4755.0,4815.0,4660.0,4790.0,4677.0,4719.75,5094.916666666667,4798.125,340100
2004-06-30,4810.0,4895.0,4760.0,4860.0,4717.0,4717.25,5093.916666666667,4805.166666666667,372900
2004-07-01,4900.0,4935.0,4750.0,4760.0,4743.0,4722.25,5086.583333333333,4811.375,384200
2004-07-02,4630.0,4745.0,4630.0,4665.0,4750.0,4716.25,5080.166666666667,4816.291666666667,243000
2004-07-05,4700.0,4870.0,4700.0,4790.0,4773.0,4713.0,5074.833333333333,4822.625,267600
2004-07-06,4800.0,4800.0,4665.0,4700.0,4755.0,4709.5,5070.0,4826.833333333333,273900
2004-07-07,4600.0,4770.0,4600.0,4675.0,4718.0,4708.25,5062.583333333333,4830.833333333333,297000
2004-07-08,4650.0,4685.0,4600.0,4610.0,4688.0,4705.75,5054.083333333333,4834.291666666667,234800
2004-07-09,4605.0,4630.0,4540.0,4590.0,4673.0,4712.25,5043.75,4837.583333333333,276800
2004-07-12,4600.0,4665.0,4480.0,4495.0,4614.0,4714.5,5032.166666666667,4840.25,441300
2004-07-13,4495.0,4515.0,4415.0,4460.0,4566.0,4698.5,5018.0,4843.916666666667,405600
2004-07-14,4400.0,4430.0,4125.0,4125.0,4456.0,4662.25,4991.916666666667,4844.708333333333,1302100
2004-07-15,4290.0,4350.0,4150.0,4290.0,4392.0,4635.75,4968.916666666667,4847.0,1080900
2004-07-16,4190.0,4315.0,4190.0,4315.0,4337.0,4615.0,4946.333333333333,4849.083333333333,634900
2004-07-19,4170.0,4265.0,4170.0,4230.0,4284.0,4588.5,4917.833333333333,4848.0,262800
2004-07-20,4155.0,4230.0,4135.0,4160.0,4224.0,4555.5,4891.333333333333,4846.333333333333,521100
2004-07-21,4200.0,4345.0,4185.0,4255.0,4250.0,4535.25,4866.416666666667,4844.0,1176700
2004-07-22,4240.0,4300.0,4205.0,4210.0,4234.0,4514.25,4845.25,4841.916666666667,503100
2004-07-23,4260.0,4270.0,4200.0,4220.0,4215.0,4493.75,4824.916666666667,4841.666666666667,397400
2004-07-26,4145.0,4205.0,4140.0,4170.0,4203.0,4468.5,4809.416666666667,4840.625,326100
2004-07-27,4170.0,4255.0,4155.0,4250.0,4221.0,4441.5,4788.583333333333,4838.166666666667,309700
2004-07-28,4300.0,4365.0,4285.0,4350.0,4240.0,4416.0,4769.416666666667,4837.333333333333,543700
2004-07-29,4360.0,4420.0,4295.0,4400.0,4278.0,4398.0,4753.75,4835.666666666667,533300
2004-07-30,4380.0,4440.0,4260.0,4260.0,4286.0,4377.75,4734.916666666667,4831.25,396500
2004-08-02,4260.0,4290.0,4165.0,4175.0,4287.0,4347.0,4715.0,4824.625,444700
2004-08-03,4200.0,4230.0,4165.0,4200.0,4277.0,4322.0,4690.0,4819.291666666667,494400
2004-08-04,4125.0,4195.0,4090.0,4125.0,4232.0,4294.5,4662.416666666667,4812.833333333333,475600
2004-08-05,4145.0,4195.0,4145.0,4185.0,4189.0,4273.25,4638.0,4807.125,428100
2004-08-06,4100.0,4160.0,4100.0,4115.0,4160.0,4249.5,4614.916666666667,4802.125,287700
2004-08-09,4045.0,4270.0,4045.0,4255.0,4176.0,4237.5,4600.833333333333,4797.583333333333,573200
2004-08-10,4245.0,4300.0,4180.0,4200.0,4176.0,4224.5,4586.5,4793.833333333333,664200
2004-08-11,4250.0,4270.0,4100.0,4125.0,4176.0,4224.5,4568.583333333333,4789.791666666667,870900
2004-08-12,4145.0,4185.0,4100.0,4120.0,4163.0,4216.0,4552.75,4785.791666666667,1052200
2004-08-13,4130.0,4430.0,4130.0,4350.0,4210.0,4217.75,4540.416666666667,4784.625,2082900
2004-08-16,4350.0,4370.0,4260.0,4295.0,4218.0,4221.0,4527.333333333333,4783.0,305700
2004-08-17,4315.0,4340.0,4245.0,4255.0,4229.0,4225.75,4518.583333333333,4781.0,497100
2004-08-18,4310.0,4480.0,4310.0,4460.0,4296.0,4236.0,4513.25,4781.458333333333,1557900
2004-08-19,4520.0,4745.0,4460.0,4740.0,4420.0,4262.5,4512.166666666667,4784.041666666667,3642500
2004-08-20,4750.0,4750.0,4340.0,4450.0,4440.0,4274.0,4503.833333333333,4783.125,3328200
2004-08-23,4490.0,4515.0,4350.0,4380.0,4457.0,4284.5,4493.5,4780.0,1066100
2004-08-24,4445.0,4475.0,4360.0,4450.0,4496.0,4294.5,4485.25,4776.416666666667,886400
2004-08-25,4460.0,4475.0,4390.0,4410.0,4486.0,4297.5,4476.916666666667,4774.416666666667,650000
2004-08-26,4400.0,4445.0,4315.0,4320.0,4402.0,4293.5,4471.25,4771.583333333333,997600
2004-08-27,4330.0,4380.0,4315.0,4340.0,4380.0,4297.5,4463.833333333333,4770.833333333333,570600
2004-08-30,4370.0,4375.0,4230.0,4230.0,4350.0,4300.25,4453.416666666667,4768.5,1082600
2004-08-31,4165.0,4220.0,4155.0,4200.0,4300.0,4300.25,4443.916666666667,4766.75,914200
2004-09-01,4160.0,4265.0,4160.0,4240.0,4266.0,4306.0,4436.25,4764.875,703200
2004-09-02,4195.0,4375.0,4195.0,4320.0,4266.0,4312.75,4430.583333333333,4761.875,1180800
2004-09-03,4320.0,4405.0,4080.0,4150.0,4228.0,4314.5,4425.416666666667,4757.708333333333,2542100
2004-09-06,4110.0,4125.0,3960.0,4110.0,4204.0,4307.25,4419.75,4753.25,1507600
2004-09-07,4145.0,4230.0,4065.0,4230.0,4210.0,4308.75,4410.583333333333,4749.333333333333,1133800
2004-09-08,4210.0,4270.0,4150.0,4205.0,4203.0,4312.75,4399.833333333333,4746.333333333333,716800
2004-09-09,4190.0,4285.0,4175.0,4210.0,4181.0,4317.25,4389.666666666667,4742.833333333333,588600
2004-09-10,4250.0,4270.0,4195.0,4250.0,4201.0,4312.25,4381.666666666667,4739.0,419900
2004-09-13,4200.0,4270.0,4190.0,4245.0,4228.0,4309.75,4373.083333333333,4734.375,586900
2004-09-14,4250.0,4330.0,4250.0,4270.0,4236.0,4310.5,4363.916666666667,4731.458333333333,552800
2004-09-15,4285.0,4300.0,4200.0,4200.0,4235.0,4297.5,4356.25,4728.416666666667,347700
2004-09-16,4130.0,4130.0,4010.0,4100.0,4213.0,4265.5,4347.416666666667,4723.833333333333,942300
2004-09-17,4100.0,4140.0,4080.0,4090.0,4181.0,4247.5,4338.416666666667,4718.041666666667,299900
2004-09-20,4085.0,4125.0,4085.0,4085.0,4149.0,4232.75,4328.583333333333,4712.208333333333,407000
2004-09-21,4080.0,4100.0,4040.0,4090.0,4113.0,4214.75,4316.916666666667,4705.916666666667,264700
2004-09-22,4100.0,4145.0,4070.0,4070.0,4087.0,4197.75,4303.75,4698.833333333333,274900
2004-09-23,4030.0,4065.0,4020.0,4020.0,4071.0,4182.75,4291.416666666667,4689.0,307600
2004-09-24,3980.0,4030.0,3980.0,4015.0,4056.0,4166.5,4280.583333333333,4680.375,346700
2004-09-27,4015.0,4015.0,4015.0,4015.0,4042.0,4155.75,4267.666666666667,4671.25,0
2004-09-28,4015.0,4015.0,4015.0,4015.0,4027.0,4146.5,4256.25,4663.125,0
2004-09-29,4015.0,4015.0,4015.0,4015.0,4016.0,4135.25,4245.25,4653.916666666667,0
2004-09-30,4015.0,4050.0,4010.0,4010.0,4014.0,4119.75,4235.25,4644.666666666667,126600
2004-10-01,4020.0,4055.0,4000.0,4040.0,4019.0,4114.25,4226.083333333333,4634.916666666667,181800
2004-10-04,4060.0,4080.0,4010.0,4075.0,4031.0,4112.5,4219.083333333333,4625.625,745300
2004-10-05,4105.0,4105.0,4030.0,4045.0,4037.0,4103.25,4212.166666666667,4615.083333333333,473000
2004-10-06,4045.0,4080.0,4040.0,4050.0,4044.0,4095.5,4210.916666666667,4601.416666666667,437300
2004-10-07,4045.0,4055.0,4010.0,4010.0,4044.0,4085.5,4206.25,4587.583333333333,298600
2004-10-08,3950.0,4020.0,3950.0,3975.0,4031.0,4071.75,4200.583333333333,4573.458333333333,364400
2004-10-11,4000.0,4030.0,3985.0,4030.0,4022.0,4061.0,4197.25,4557.541666666667,270200
2004-10-12,4030.0,4165.0,4020.0,4120.0,4037.0,4053.5,4196.583333333333,4543.958333333333,891900
2004-10-13,4150.0,4230.0,4110.0,4130.0,4053.0,4050.0,4194.5,4530.458333333333,703800
2004-10-14,4135.0,4170.0,4020.0,4040.0,4059.0,4047.0,4191.666666666667,4518.458333333333,405700
2004-10-15,4040.0,4080.0,4010.0,4080.0,4080.0,4046.5,4189.333333333333,4507.125,167200
2004-10-18,4025.0,4090.0,4025.0,4050.0,4084.0,4044.75,4187.333333333333,4498.375,264300
2004-10-19,4075.0,4075.0,4015.0,4030.0,4066.0,4041.75,4183.666666666667,4486.125,244300
2004-10-20,4030.0,4060.0,3970.0,4010.0,4042.0,4038.75,4178.0,4473.708333333333,217300
2004-10-21,4010.0,4025.0,3975.0,3975.0,4029.0,4036.5,4170.916666666667,4462.333333333333,167600
2004-10-22,3970.0,3990.0,3855.0,3985.0,4010.0,4035.0,4166.333333333333,4450.625,361500
2004-10-25,3990.0,3990.0,3895.0,3900.0,3980.0,4029.25,4161.75,4438.375,152300
2004-10-26,3900.0,3940.0,3865.0,3900.0,3954.0,4023.5,4156.75,4423.375,135600
2004-10-27,3910.0,3940.0,3880.0,3900.0,3932.0,4017.75,4153.0,4407.708333333333,206900
2004-10-28,3950.0,3985.0,3945.0,3960.0,3929.0,4015.25,4149.25,4393.625,172600
2004-10-29,3980.0,4120.0,3960.0,4105.0,3953.0,4018.5,4149.083333333333,4382.0,488700
2004-11-01,4075.0,4180.0,4020.0,4150.0,4003.0,4022.25,4147.333333333333,4374.083333333333,530600
2004-11-02,4150.0,4150.0,4085.0,4095.0,4042.0,4024.75,4145.583333333333,4366.041666666667,333500
2004-11-03,4090.0,4180.0,4025.0,4105.0,4083.0,4027.5,4145.25,4356.916666666667,844200
2004-11-04,4150.0,4220.0,4120.0,4140.0,4119.0,4034.0,4145.583333333333,4349.166666666667,1172400
2004-11-05,4140.0,4155.0,4070.0,4150.0,4128.0,4042.75,4142.25,4341.333333333333,567700
2004-11-08,4150.0,4160.0,4070.0,4150.0,4128.0,4048.75,4139.833333333333,4333.583333333333,469700
2004-11-09,4105.0,4195.0,4105.0,4150.0,4139.0,4050.25,4138.083333333333,4328.333333333333,654900
2004-11-10,4130.0,4170.0,4070.0,4090.0,4136.0,4048.25,4131.916666666667,4322.583333333333,374500
2004-11-11,4090.0,4120.0,4070.0,4080.0,4124.0,4050.25,4120.916666666667,4316.541666666667,462700
2004-11-12,4085.0,4115.0,4010.0,4010.0,4096.0,4046.75,4113.583333333333,4308.708333333333,736200
2004-11-15,4010.0,4055.0,4000.0,4020.0,4070.0,4045.25,4107.583333333333,4300.541666666667,500600
2004-11-16,4040.0,4040.0,3985.0,4020.0,4044.0,4044.75,4100.416666666667,4292.833333333333,1171700
2004-11-17,4000.0,4070.0,4000.0,4055.0,4037.0,4047.0,4094.5,4285.708333333333,572800
2004-11-18,4030.0,4115.0,4020.0,4040.0,4029.0,4050.25,4089.8333333333335,4280.541666666667,683900
2004-11-19,4055.0,4075.0,4025.0,4045.0,4036.0,4053.25,4084.9166666666665,4274.375,238400
2004-11-22,4020.0,4045.0,3985.0,4005.0,4033.0,4058.5,4081.1666666666665,4267.291666666667,254900
2004-11-23,4000.0,4105.0,4000.0,4090.0,4047.0,4068.0,4079.3333333333335,4261.625,301900
2004-11-24,4100.0,4105.0,4060.0,4090.0,4054.0,4077.5,4076.8333333333335,4256.541666666667,222400
2004-11-25,4100.0,4140.0,4045.0,4070.0,4060.0,4083.0,4072.6666666666665,4251.625,202500
2004-11-26,4060.0,4110.0,4005.0,4005.0,4052.0,4078.0,4070.25,4247.833333333333,423700
2004-11-29,4050.0,4050.0,4000.0,4020.0,4055.0,4071.5,4068.75,4244.25,147100
2004-11-30,4030.0,4050.0,4000.0,4050.0,4047.0,4069.25,4065.75,4238.166666666667,420700
2004-12-01,4065.0,4070.0,4050.0,4065.0,4042.0,4067.25,4063.4166666666665,4231.625,482500
2004-12-02,4120.0,4270.0,4120.0,4130.0,4054.0,4066.75,4062.0833333333335,4225.875,1810200
2004-12-03,4220.0,4225.0,4130.0,4195.0,4092.0,4069.0,4061.1666666666665,4221.416666666667,678900
2004-12-06,4150.0,4180.0,4080.0,4080.0,4104.0,4065.5,4058.4166666666665,4215.75,318800
2004-12-07,4055.0,4135.0,4050.0,4090.0,4112.0,4062.5,4055.4166666666665,4209.666666666667,474500
2004-12-08,4070.0,4090.0,4025.0,4025.0,4104.0,4059.25,4052.5,4204.375,232500
2004-12-09,4025.0,4075.0,4025.0,4055.0,4089.0,4058.0,4051.75,4199.583333333333,148900
2004-12-10,4035.0,4080.0,4035.0,4080.0,4066.0,4061.5,4051.5833333333335,4195.0,150100
2004-12-13,4060.0,4155.0,4060.0,4140.0,4078.0,4067.5,4052.5,4190.541666666667,355700
2004-12-14,4180.0,4180.0,4030.0,4170.0,4094.0,4075.0,4053.8333333333335,4185.375,306400
2004-12-15,4155.0,4230.0,4155.0,4200.0,4129.0,4082.25,4056.0,4179.875,660800
2004-12-16,4200.0,4200.0,4130.0,4170.0,4152.0,4088.75,4058.5,4174.958333333333,169400
2004-12-17,4120.0,4180.0,4120.0,4130.0,4162.0,4093.0,4060.4166666666665,4170.5,219200
2004-12-20,4165.0,4220.0,4150.0,4180.0,4170.0,4101.75,4063.1666666666665,4165.416666666667,279600
2004-12-21,4160.0,4170.0,4050.0,4055.0,4147.0,4100.0,4063.8333333333335,4160.041666666667,542200
2004-12-22,4060.0,4075.0,4000.0,4030.0,4113.0,4097.0,4064.0833333333335,4154.666666666667,582100
2004-12-23,4030.0,4050.0,3990.0,4000.0,4079.0,4093.5,4063.9166666666665,4149.583333333333,620400
2004-12-24,3990.0,4030.0,3990.0,4000.0,4053.0,4093.25,4063.25,4144.666666666667,377600
2004-12-27,4030.0,4060.0,4010.0,4040.0,4025.0,4094.25,4062.6666666666665,4140.875,446100
2004-12-28,4050.0,4115.0,4040.0,4095.0,4033.0,4096.5,4063.5,4137.833333333333,823200
2004-12-29,3960.0,3970.0,3905.0,3915.0,4010.0,4089.0,4061.25,4136.083333333333,517500
2004-12-30,3900.0,3915.0,3880.0,3915.0,3993.0,4078.25,4059.6666666666665,4132.958333333333,394900
2004-12-31,3915.0,3915.0,3915.0,3915.0,3976.0,4064.25,4058.6666666666665,4129.625,0
2005-01-03,3900.0,3910.0,3865.0,3885.0,3945.0,4054.5,4056.25,4126.75,480600
2005-01-04,3885.0,3945.0,3880.0,3940.0,3914.0,4047.0,4053.25,4124.916666666667,370600
2005-01-05,3925.0,3945.0,3870.0,3915.0,3914.0,4041.5,4049.6666666666665,4122.083333333333,324000
2005-01-06,3905.0,3935.0,3885.0,3905.0,3912.0,4034.0,4047.4166666666665,4119.541666666667,392000
2005-01-07,3935.0,3940.0,3880.0,3905.0,3910.0,4025.25,4044.5,4116.916666666667,251900
2005-01-10,3925.0,3950.0,3920.0,3940.0,3921.0,4015.25,4042.6666666666665,4115.0,273400
2005-01-11,3960.0,3985.0,3920.0,3940.0,3921.0,4003.75,4041.1666666666665,4112.416666666667,287200
2005-01-12,3940.0,3990.0,3925.0,3970.0,3932.0,3992.25,4040.5,4109.25,511400
2005-01-13,3970.0,4005.0,3955.0,3985.0,3948.0,3983.0,4040.6666666666665,4105.791666666667,1045200
2005-01-14,4005.0,4045.0,3975.0,4045.0,3976.0,3978.75,4041.6666666666665,4104.0,657400
2005-01-17,4060.0,4115.0,4010.0,4110.0,4010.0,3975.25,4045.1666666666665,4103.458333333333,765900
2005-01-18,4110.0,4240.0,4040.0,4100.0,4042.0,3977.5,4048.5,4102.625,956500
2005-01-19,4115.0,4235.0,4115.0,4160.0,4080.0,3984.0,4052.8333333333335,4102.916666666667,1048200
2005-01-20,4140.0,4140.0,4040.0,4050.0,4093.0,3986.5,4054.3333333333335,4101.791666666667,810800
2005-01-21,3970.0,4070.0,3970.0,4065.0,4097.0,3989.75,4053.6666666666665,4101.375,484700
2005-01-24,4065.0,4090.0,4000.0,4015.0,4078.0,3988.5,4051.4166666666665,4099.375,458800
2005-01-25,4010.0,4100.0,3975.0,4100.0,4078.0,3988.75,4051.5,4098.541666666667,469900
2005-01-26,4100.0,4120.0,4030.0,4120.0,4070.0,3999.0,4051.75,4098.5,540800
2005-01-27,4085.0,4125.0,4030.0,4050.0,4070.0,4005.75,4050.25,4097.916666666667,342200
2005-01-28,4030.0,4130.0,4020.0,4050.0,4067.0,4012.5,4048.5833333333335,4095.4166666666665,351000
2005-01-31,4035.0,4075.0,4035.0,4060.0,4076.0,4021.25,4047.0833333333335,4093.4583333333335,365700
2005-02-01,4070.0,4105.0,4050.0,4065.0,4069.0,4027.5,4045.6666666666665,4091.875,500900
2005-02-02,4065.0,4140.0,4030.0,4060.0,4057.0,4034.75,4045.1666666666665,4088.5416666666665,575400
2005-02-03,4140.0,4160.0,4055.0,4125.0,4072.0,4045.75,4045.9166666666665,4083.4166666666665,2718700
2005-02-04,4125.0,4420.0,4085.0,4310.0,4124.0,4066.0,4050.9166666666665,4082.25,3762400
2005-02-07,4355.0,4415.0,4255.0,4360.0,4184.0,4087.0,4056.5833333333335,4082.0833333333335,1193400
2005-02-08,4360.0,4360.0,4360.0,4360.0,4243.0,4108.0,4062.25,4081.3333333333335,0
2005-02-09,4360.0,4360.0,4360.0,4360.0,4303.0,4127.5,4067.3333333333335,4080.9166666666665,0
2005-02-10,4360.0,4360.0,4360.0,4360.0,4350.0,4146.25,4072.6666666666665,4081.25,0
2005-02-11,4290.0,4370.0,4255.0,4295.0,4347.0,4158.75,4076.8333333333335,4080.875,592800
2005-02-14,4300.0,4490.0,4285.0,4410.0,4357.0,4173.75,4083.5833333333335,4082.375,1180400
2005-02-15,4410.0,4605.0,4385.0,4560.0,4397.0,4196.75,4091.4166666666665,4085.375,1982000
2005-02-16,4515.0,4575.0,4355.0,4575.0,4440.0,4217.5,4099.5,4088.1666666666665,1095200
2005-02-17,4550.0,4570.0,4425.0,4430.0,4454.0,4236.5,4105.5,4089.0833333333335,451900
2005-02-18,4360.0,4390.0,4305.0,4320.0,4459.0,4249.25,4110.75,4090.5,514100
2005-02-21,4335.0,4385.0,4250.0,4360.0,4449.0,4266.5,4116.416666666667,4092.5833333333335,482300
2005-02-22,4360.0,4360.0,4260.0,4355.0,4408.0,4279.25,4121.5,4093.625,421700
2005-02-23,4260.0,4420.0,4260.0,4350.0,4363.0,4290.75,4126.25,4094.8333333333335,578700
2005-02-24,4310.0,4440.0,4310.0,4400.0,4357.0,4308.25,4130.75,4096.416666666667,535000
2005-02-25,4415.0,4590.0,4360.0,4535.0,4400.0,4332.5,4136.416666666667,4098.791666666667,691400
2005-02-28,4605.0,4605.0,4505.0,4525.0,4433.0,4355.75,4143.833333333333,4101.125,476100
2005-03-01,4525.0,4525.0,4525.0,4525.0,4467.0,4378.75,4151.083333333333,4103.25,0
2005-03-02,4510.0,4510.0,4400.0,4500.0,4497.0,4400.75,4159.0,4105.75,308200
2005-03-03,4450.0,4500.0,4435.0,4480.0,4513.0,4418.5,4166.083333333333,4108.916666666667,162300
2005-03-04,4530.0,4550.0,4440.0,4480.0,4502.0,4427.0,4172.75,4112.166666666667,239900
2005-03-07,4540.0,4570.0,4375.0,4440.0,4485.0,4431.0,4177.75,4115.125,446600
2005-03-08,4460.0,4525.0,4355.0,4420.0,4464.0,4434.0,4181.916666666667,4117.875,201200
2005-03-09,4370.0,4475.0,4355.0,4465.0,4457.0,4439.25,4186.333333333333,4121.166666666667,238200
2005-03-10,4440.0,4500.0,4365.0,4500.0,4461.0,4446.25,4191.833333333333,4125.166666666667,295800
2005-03-11,4485.0,4700.0,4485.0,4635.0,4492.0,4463.25,4200.25,4130.333333333333,702000
2005-03-14,4690.0,4770.0,4640.0,4665.0,4537.0,4476.0,4208.333333333333,4135.75,488500
2005-03-15,4640.0,4665.0,4540.0,4635.0,4580.0,4479.75,4218.0,4140.916666666667,486700
2005-03-16,4545.0,4630.0,4480.0,4510.0,4589.0,4476.5,4226.0,4145.041666666667,458700
2005-03-17,4480.0,4500.0,4360.0,4400.0,4569.0,4475.0,4232.666666666667,4148.291666666667,288100
2005-03-18,4325.0,4470.0,4325.0,4370.0,4516.0,4477.5,4238.833333333333,4151.041666666667,210400
2005-03-21,4330.0,4360.0,4245.0,4300.0,4443.0,4474.5,4243.166666666667,4152.916666666667,223500
2005-03-22,4280.0,4350.0,4205.0,4215.0,4359.0,4467.5,4245.166666666667,4154.333333333333,409500
2005-03-23,4135.0,4215.0,4015.0,4215.0,4300.0,4460.75,4250.166666666667,4155.708333333333,656000
2005-03-24,4235.0,4265.0,4170.0,4180.0,4256.0,4449.75,4254.583333333333,4157.125,195300
2005-03-25,4160.0,4200.0,4090.0,4180.0,4218.0,4432.0,4259.0,4158.833333333333,348700
2005-03-28,4200.0,4270.0,4130.0,4170.0,4192.0,4414.25,4263.75,4160.0,389200
2005-03-29,4180.0,4200.0,4120.0,4120.0,4173.0,4394.0,4266.75,4160.0,471400
2005-03-30,4145.0,4165.0,4090.0,4120.0,4154.0,4375.0,4270.166666666667,4159.916666666667,281400
2005-03-31,4130.0,4150.0,4095.0,4100.0,4138.0,4356.0,4273.416666666667,4160.416666666667,391700
2005-04-01,4090.0,4210.0,4090.0,4195.0,4141.0,4341.75,4278.25,4161.375,219600
2005-04-04,4180.0,4210.0,4150.0,4160.0,4139.0,4327.75,4281.916666666667,4162.291666666667,266400
2005-04-05,4160.0,4160.0,4160.0,4160.0,4147.0,4314.75,4285.583333333333,4163.375,0
2005-04-06,4140.0,4325.0,4140.0,4325.0,4188.0,4307.75,4291.5,4166.0,414400
2005-04-07,4325.0,4335.0,4235.0,4325.0,4233.0,4299.0,4297.166666666667,4168.916666666667,376800
2005-04-08,4340.0,4340.0,4220.0,4250.0,4244.0,4279.75,4300.583333333333,4171.125,207800
2005-04-11,4205.0,4295.0,4195.0,4295.0,4271.0,4261.25,4303.666666666667,4174.416666666667,203900
2005-04-12,4260.0,4520.0,4260.0,4495.0,4338.0,4254.25,4310.25,4179.375,457300
2005-04-13,4495.0,4495.0,4380.0,4400.0,4353.0,4248.75,4314.25,4183.541666666667,87200
2005-04-14,4380.0,4380.0,4230.0,4250.0,4338.0,4241.25,4317.583333333333,4185.958333333333,220400
2005-04-15,4165.0,4285.0,4165.0,4285.0,4345.0,4237.0,4321.25,4187.458333333333,161900
2005-04-18,4180.0,4285.0,4180.0,4200.0,4326.0,4232.0,4324.333333333333,4187.875,177800
2005-04-19,4250.0,4320.0,4240.0,4300.0,4287.0,4236.25,4327.666666666667,4189.583333333333,272500
2005-04-20,4400.0,4490.0,4255.0,4300.0,4267.0,4240.5,4330.666666666667,4191.208333333333,133500
2005-04-21,4295.0,4330.0,4210.0,4300.0,4277.0,4246.5,4334.833333333333,4192.541666666667,54100
2005-04-22,4370.0,4470.0,4325.0,4345.0,4289.0,4254.75,4339.75,4194.166666666667,542400
2005-04-25,4340.0,4385.0,4315.0,4315.0,4312.0,4262.0,4344.0,4195.541666666667,87800
2005-04-26,4375.0,4375.0,4280.0,4310.0,4314.0,4271.5,4348.083333333333,4196.875,123000
2005-04-27,4275.0,4300.0,4220.0,4295.0,4313.0,4280.25,4352.0,4198.583333333333,358700
2005-04-28,4340.0,4340.0,4295.0,4300.0,4313.0,4290.25,4354.916666666667,4200.416666666667,116100
2005-04-29,4250.0,4320.0,4250.0,4285.0,4301.0,4294.75,4354.5,4202.708333333333,118300
2005-05-02,4300.0,4300.0,4230.0,4250.0,4288.0,4299.25,4352.666666666667,4204.625,109200
2005-05-03,4290.0,4300.0,4250.0,4250.0,4276.0,4303.75,4350.833333333333,4206.541666666667,89200
2005-05-04,4255.0,4365.0,4250.0,4360.0,4289.0,4305.5,4350.833333333333,4209.083333333333,305100
2005-05-05,4360.0,4360.0,4360.0,4360.0,4301.0,4307.25,4350.833333333333,4211.75,0
2005-05-06,4400.0,4400.0,4360.0,4390.0,4322.0,4314.25,4352.416666666667,4214.625,93700
2005-05-09,4415.0,4440.0,4390.0,4400.0,4352.0,4319.5,4352.25,4217.916666666667,331500
2005-05-10,4450.0,4450.0,4400.0,4400.0,4382.0,4314.75,4349.583333333333,4220.5,83900
2005-05-11,4400.0,4455.0,4370.0,4405.0,4391.0,4315.0,4346.75,4223.125,192500
2005-05-12,4400.0,4450.0,4400.0,4400.0,4399.0,4322.5,4346.25,4225.875,363200
2005-05-13,4400.0,4430.0,4360.0,4410.0,4403.0,4328.75,4347.75,4229.25,215800
2005-05-16,4450.0,4490.0,4410.0,4425.0,4408.0,4340.0,4348.833333333333,4232.625,174300
2005-05-17,4430.0,4510.0,4410.0,4475.0,4423.0,4348.75,4350.833333333333,4236.166666666667,214300
2005-05-18,4500.0,4630.0,4485.0,4535.0,4449.0,4360.5,4353.916666666667,4240.083333333333,399300
2005-05-19,4540.0,4635.0,4500.0,4630.0,4495.0,4377.0,4357.75,4244.25,257600
2005-05-20,4560.0,4650.0,4560.0,4650.0,4543.0,4392.25,4359.666666666667,4248.041666666667,178100
2005-05-23,4655.0,4695.0,4525.0,4695.0,4597.0,4411.25,4362.5,4253.166666666667,188600
2005-05-24,4700.0,4700.0,4580.0,4600.0,4622.0,4425.75,4363.75,4257.416666666667,274500
2005-05-25,4615.0,4640.0,4535.0,4600.0,4635.0,4441.0,4365.416666666667,4262.208333333333,306200
2005-05-26,4600.0,4600.0,4520.0,4560.0,4621.0,4454.0,4366.75,4266.416666666667,116000
2005-05-27,4510.0,4640.0,4510.0,4600.0,4611.0,4469.75,4368.75,4270.75,191400
2005-05-30,4660.0,4720.0,4610.0,4635.0,4599.0,4489.0,4372.0,4274.875,304900
2005-05-31,4690.0,4690.0,4565.0,4585.0,4596.0,4505.75,4374.75,4278.333333333333,265200
2005-06-01,4560.0,4675.0,4560.0,4600.0,4596.0,4517.75,4377.0,4281.666666666667,121000
2005-06-02,4600.0,4660.0,4550.0,4550.0,4594.0,4527.25,4377.833333333333,4284.833333333333,159200
2005-06-03,4545.0,4580.0,4525.0,4555.0,4585.0,4535.5,4376.5,4288.375,75500
2005-06-06,4555.0,4555.0,4555.0,4555.0,4569.0,4543.25,4374.666666666667,4291.5,0
2005-06-07,4555.0,4615.0,4555.0,4595.0,4571.0,4553.0,4374.0,4296.0,122400
2005-06-08,4640.0,4740.0,4610.0,4720.0,4595.0,4568.75,4377.5,4301.75,723700
2005-06-09,4740.0,4745.0,4700.0,4745.0,4634.0,4586.0,4383.25,4307.958333333333,282700
2005-06-10,4780.0,4885.0,4755.0,4755.0,4674.0,4603.25,4389.666666666667,4314.25,1010900
2005-06-13,4730.0,4775.0,4700.0,4700.0,4703.0,4617.0,4396.333333333333,4319.75,174500
2005-06-14,4770.0,4770.0,4700.0,4700.0,4724.0,4628.25,4404.416666666667,4324.791666666667,280600
2005-06-15,4660.0,4740.0,4660.0,4710.0,4722.0,4637.0,4412.666666666667,4331.416666666667,126100
2005-06-16,4720.0,4810.0,4695.0,4705.0,4714.0,4640.75,4421.416666666667,4338.0,191900
2005-06-17,4750.0,4820.0,4710.0,4755.0,4714.0,4646.0,4431.0,4345.0,552100
2005-06-20,4795.0,4845.0,4770.0,4800.0,4734.0,4651.25,4441.5,4352.625,459200
2005-06-21,4730.0,4770.0,4670.0,4690.0,4732.0,4655.75,4451.0,4358.875,133500
2005-06-22,4680.0,4735.0,4650.0,4720.0,4734.0,4661.75,4461.0,4365.583333333333,86100
2005-06-23,4720.0,4760.0,4675.0,4705.0,4734.0,4669.0,4471.083333333333,4372.25,126800
2005-06-24,4700.0,4720.0,4575.0,4600.0,4703.0,4669.0,4477.833333333333,4378.041666666667,117800
2005-06-27,4505.0,4720.0,4490.0,4720.0,4687.0,4673.25,4487.166666666667,4384.541666666667,228100
2005-06-28,4660.0,4750.0,4620.0,4725.0,4694.0,4680.25,4496.583333333333,4391.083333333333,127900
2005-06-29,4730.0,4770.0,4690.0,4740.0,4698.0,4687.25,4503.5,4397.5,112300
2005-06-30,4780.0,4800.0,4705.0,4800.0,4717.0,4699.75,4511.416666666667,4404.291666666667,148600
2005-07-01,4840.0,4840.0,4735.0,4790.0,4755.0,4711.5,4520.416666666667,4410.5,117600
2005-07-04,4720.0,4800.0,4720.0,4780.0,4767.0,4722.75,4528.5,4416.083333333333,148600
2005-07-05,4810.0,4810.0,4735.0,4770.0,4776.0,4731.5,4533.083333333333,4421.666666666667,105300
2005-07-06,4865.0,4865.0,4700.0,4700.0,4768.0,4730.5,4538.083333333333,4426.166666666667,256100
2005-07-07,4720.0,4800.0,4705.0,4780.0,4764.0,4732.25,4546.916666666667,4432.25,107900
2005-07-08,4790.0,4800.0,4745.0,4760.0,4758.0,4732.5,4554.833333333333,4438.041666666667,96600
2005-07-11,4800.0,4800.0,4745.0,4760.0,4754.0,4735.5,4564.166666666667,4444.25,202400
2005-07-12,4740.0,4770.0,4685.0,4690.0,4738.0,4735.0,4570.666666666667,4449.166666666667,296000
2005-07-13,4650.0,4680.0,4560.0,4620.0,4722.0,4730.5,4576.0,4453.333333333333,515200
2005-07-14,4600.0,4630.0,4580.0,4625.0,4691.0,4726.5,4581.416666666667,4458.125,352700
2005-07-15,4610.0,4645.0,4520.0,4520.0,4643.0,4714.75,4584.333333333333,4462.041666666667,201500
2005-07-18,4470.0,4550.0,4470.0,4475.0,4586.0,4698.5,4587.0,4465.5,324900
2005-07-19,4510.0,4510.0,4410.0,4415.0,4531.0,4684.75,4588.75,4468.416666666667,420200
2005-07-20,4415.0,4575.0,4415.0,4560.0,4519.0,4676.75,4593.166666666667,4472.583333333333,744900
2005-07-21,4600.0,4710.0,4560.0,4650.0,4524.0,4674.0,4599.0,4476.958333333333,396100
2005-07-22,4685.0,4740.0,4605.0,4700.0,4560.0,4679.0,4605.916666666667,4480.208333333333,372000
2005-07-25,4650.0,4720.0,4605.0,4715.0,4608.0,4678.75,4613.666666666667,4483.166666666667,198500
2005-07-26,4710.0,4725.0,4620.0,4700.0,4665.0,4677.5,4621.166666666667,4486.0,183900
2005-07-27,4775.0,5100.0,4770.0,4920.0,4737.0,4686.5,4630.5,4490.666666666667,1125700
2005-07-28,4940.0,4960.0,4850.0,4895.0,4786.0,4691.25,4639.416666666667,4495.125,340700
2005-07-29,4895.0,4920.0,4850.0,4890.0,4824.0,4696.25,4647.75,4500.083333333333,339700
2005-08-01,4890.0,4950.0,4850.0,4890.0,4859.0,4701.75,4655.916666666667,4504.083333333333,155200
2005-08-02,4990.0,4995.0,4865.0,4865.0,4892.0,4706.5,4663.666666666667,4506.625,315900
2005-08-03,4935.0,4935.0,4870.0,4905.0,4889.0,4716.75,4672.0,4509.375,274800
2005-08-04,4875.0,4930.0,4840.0,4875.0,4885.0,4721.5,4679.916666666667,4513.083333333333,398300
2005-08-05,4810.0,4860.0,4550.0,4750.0,4857.0,4721.0,4685.583333333333,4516.666666666667,372800
2005-08-08,4650.0,4700.0,4575.0,4590.0,4797.0,4712.5,4688.333333333333,4518.583333333333,109000
2005-08-09,4480.0,4580.0,4480.0,4505.0,4725.0,4703.25,4688.833333333333,4519.833333333333,260400
2005-08-10,4505.0,4650.0,4505.0,4650.0,4674.0,4704.75,4690.75,4522.333333333333,283800
2005-08-11,4685.0,4750.0,4650.0,4750.0,4649.0,4711.0,4692.75,4525.25,136300
2005-08-12,4900.0,5070.0,4780.0,4780.0,4655.0,4724.0,4694.916666666667,4527.291666666667,7325700
2005-08-15,4780.0,4780.0,4780.0,4780.0,4693.0,4739.25,4696.333333333333,4529.416666666667,0
2005-08-16,4875.0,4920.0,4640.0,4780.0,4748.0,4757.5,4699.333333333333,4531.541666666667,1343600
2005-08-17,4705.0,4810.0,4650.0,4770.0,4772.0,4768.0,4702.166666666667,4533.791666666667,195700
2005-08-18,4700.0,4790.0,4635.0,4635.0,4749.0,4767.25,4703.416666666667,4535.083333333333,149500
2005-08-19,4580.0,4670.0,4580.0,4665.0,4726.0,4765.5,4704.5,4536.625,122500
2005-08-22,4620.0,4705.0,4615.0,4670.0,4704.0,4763.25,4705.083333333333,4538.541666666667,107300
2005-08-23,4700.0,4785.0,4700.0,4750.0,4698.0,4765.75,4707.833333333333,4541.291666666667,188800
2005-08-24,4750.0,4870.0,4705.0,4800.0,4704.0,4759.75,4711.166666666667,4544.083333333333,644800
2005-08-25,4750.0,4900.0,4715.0,4850.0,4747.0,4757.5,4716.166666666667,4547.0,270400
2005-08-26,4900.0,4935.0,4825.0,4850.0,4784.0,4755.5,4721.083333333333,4548.791666666667,268200
2005-08-29,4850.0,4850.0,4810.0,4830.0,4816.0,4752.5,4725.666666666667,4550.166666666667,254300
2005-08-30,4850.0,4910.0,4810.0,4850.0,4836.0,4751.75,4729.916666666667,4551.958333333333,271400
2005-08-31,4800.0,4850.0,4780.0,4800.0,4836.0,4746.5,4731.25,4554.375,205000
2005-09-01,4800.0,4840.0,4785.0,4825.0,4831.0,4744.0,4732.583333333333,4557.916666666667,116100
2005-09-02,4810.0,4850.0,4785.0,4800.0,4821.0,4746.5,4733.333333333333,4561.5,83200
2005-09-05,4840.0,4940.0,4830.0,4860.0,4827.0,4760.0,4736.0,4566.166666666667,161800
2005-09-06,4885.0,4920.0,4800.0,4800.0,4817.0,4774.75,4737.666666666667,4571.041666666667,315100
2005-09-07,4910.0,4910.0,4810.0,4890.0,4835.0,4786.75,4740.666666666667,4576.666666666667,167300
2005-09-08,4890.0,4985.0,4795.0,4955.0,4861.0,4797.0,4744.833333333333,4583.125,557300
2005-09-09,4990.0,5030.0,4960.0,5000.0,4901.0,4808.0,4748.916666666667,4589.958333333333,681600
2005-09-12,5060.0,5060.0,4920.0,4980.0,4925.0,4818.0,4751.916666666667,4596.708333333333,232100
2005-09-13,4900.0,4970.0,4895.0,4950.0,4955.0,4826.5,4756.25,4603.625,186500
2005-09-14,4945.0,4995.0,4920.0,4940.0,4965.0,4835.0,4759.916666666667,4610.458333333333,192500
2005-09-15,4990.0,5050.0,4900.0,4900.0,4954.0,4848.25,4763.166666666667,4617.125,162700
2005-09-16,4860.0,4950.0,4860.0,4930.0,4940.0,4861.5,4768.666666666667,4623.25,167200
2005-09-19,4930.0,4930.0,4930.0,4930.0,4930.0,4874.5,4772.166666666667,4629.666666666667,0
2005-09-20,4970.0,4990.0,4915.0,4915.0,4923.0,4882.75,4775.333333333333,4635.958333333333,206600
2005-09-21,4935.0,5160.0,4925.0,5130.0,4961.0,4899.25,4781.833333333333,4642.666666666667,558700
2005-09-22,5180.0,5460.0,5130.0,5310.0,5043.0,4922.25,4790.333333333333,4650.875,2234500
2005-09-23,5400.0,5630.0,5400.0,5500.0,5157.0,4954.75,4802.166666666667,4661.291666666667,1580100
2005-09-26,5600.0,5600.0,5360.0,5430.0,5257.0,4984.75,4813.0,4670.75,494600
2005-09-27,5450.0,5540.0,5390.0,5410.0,5356.0,5012.75,4823.666666666667,4678.375,477300
2005-09-28,5430.0,5500.0,5390.0,5400.0,5410.0,5042.75,4835.333333333333,4686.708333333333,940100
2005-09-29,5480.0,5700.0,5430.0,5570.0,5462.0,5080.0,4848.5,4697.708333333333,654200
2005-09-30,5620.0,5820.0,5620.0,5700.0,5502.0,5125.0,4864.166666666667,4709.5,883800
2005-10-03,5700.0,5700.0,5700.0,5700.0,5556.0,5167.0,4879.833333333333,4722.0,0
2005-10-04,5740.0,6050.0,5740.0,5900.0,5654.0,5222.0,4900.0,4735.333333333333,1519500
2005-10-05,5950.0,5950.0,5670.0,5710.0,5716.0,5263.0,4918.166666666667,4747.083333333333,504600
2005-10-06,5700.0,5760.0,5480.0,5640.0,5730.0,5297.25,4935.083333333333,4758.25,449200
2005-10-07,5450.0,5550.0,5400.0,5550.0,5700.0,5324.75,4952.25,4768.291666666667,1027000
2005-10-10,5640.0,5640.0,5500.0,5560.0,5672.0,5353.75,4970.333333333333,4778.666666666667,492800
2005-10-11,5550.0,5700.0,5530.0,5680.0,5628.0,5390.25,4991.416666666667,4790.083333333333,447300
2005-10-12,5750.0,5790.0,5550.0,5600.0,5606.0,5423.25,5008.75,4800.958333333333,439100
2005-10-13,5600.0,5640.0,5500.0,5590.0,5596.0,5457.75,5024.416666666667,4811.708333333333,250100
2005-10-14,5500.0,5680.0,5500.0,5570.0,5600.0,5489.75,5038.916666666667,4822.416666666667,294100
2005-10-17,5540.0,5570.0,5500.0,5570.0,5602.0,5521.75,5053.166666666667,4833.416666666667,162800
2005-10-18,5700.0,5700.0,5580.0,5600.0,5586.0,5556.0,5068.166666666667,4844.666666666667,143300
2005-10-19,5550.0,5610.0,5390.0,5480.0,5562.0,5573.5,5077.5,4854.0,226000
2005-10-20,5470.0,5500.0,5300.0,5300.0,5504.0,5573.0,5084.25,4861.833333333333,362400
2005-10-21,5300.0,5420.0,5280.0,5300.0,5450.0,5563.0,5091.083333333333,4869.416666666667,307800
2005-10-24,5400.0,5460.0,5300.0,5350.0,5406.0,5559.0,5098.75,4877.333333333333,322600
2005-10-25,5370.0,5450.0,5300.0,5370.0,5360.0,5557.0,5107.166666666667,4885.416666666667,243500
2005-10-26,5330.0,5350.0,5300.0,5320.0,5328.0,5553.0,5114.083333333333,4893.041666666667,102900
2005-10-27,5300.0,5370.0,5300.0,5320.0,5332.0,5540.5,5121.5,4900.708333333333,327800
2005-10-28,5250.0,5320.0,5240.0,5250.0,5322.0,5518.0,5129.833333333333,4907.708333333333,574700
2005-10-31,5300.0,5330.0,5250.0,5300.0,5312.0,5498.0,5141.666666666667,4915.0,328300
2005-11-01,5300.0,5550.0,5300.0,5550.0,5348.0,5480.5,5159.083333333333,4923.958333333333,241400
2005-11-02,5470.0,5690.0,5360.0,5690.0,5422.0,5479.5,5176.416666666667,4933.583333333333,194700
2005-11-03,5650.0,5650.0,5540.0,5570.0,5472.0,5476.0,5190.083333333333,4941.416666666667,233000
2005-11-04,5550.0,5570.0,5460.0,5500.0,5522.0,5473.5,5202.083333333333,4948.5,158100
2005-11-07,5610.0,5670.0,5500.0,5500.0,5562.0,5470.5,5214.083333333333,4955.208333333333,413000
2005-11-08,5500.0,5560.0,5430.0,5530.0,5558.0,5463.0,5226.583333333333,4962.958333333333,126300
2005-11-09,5640.0,5670.0,5540.0,5670.0,5554.0,5466.5,5241.583333333333,4971.875,270800
2005-11-10,5690.0,5690.0,5460.0,5500.0,5540.0,5462.0,5256.0,4979.708333333333,239800
2005-11-11,5500.0,5560.0,5370.0,5450.0,5530.0,5456.0,5269.083333333333,4986.791666666667,699900
2005-11-14,5440.0,5500.0,5400.0,5410.0,5512.0,5448.0,5281.416666666667,4993.25,318500
2005-11-15,5420.0,5460.0,5400.0,5400.0,5486.0,5438.0,5292.25,5000.041666666667,88700
2005-11-16,5400.0,5490.0,5390.0,5450.0,5442.0,5436.5,5303.083333333333,5007.125,168200
2005-11-17,5500.0,5500.0,5400.0,5430.0,5428.0,5443.0,5312.75,5014.458333333333,114000
2005-11-18,5440.0,5500.0,5410.0,5490.0,5436.0,5452.5,5323.416666666667,5022.25,163300
2005-11-21,5570.0,5630.0,5520.0,5550.0,5464.0,5462.5,5335.416666666667,5030.541666666667,252400
2005-11-22,5560.0,5600.0,5480.0,5500.0,5484.0,5469.0,5346.25,5038.083333333333,155700
2005-11-23,5470.0,5540.0,5430.0,5500.0,5494.0,5478.0,5357.916666666667,5044.583333333333,387800
2005-11-24,5590.0,5590.0,5500.0,5510.0,5510.0,5487.5,5369.333333333333,5050.958333333333,168500
2005-11-25,5560.0,5810.0,5530.0,5750.0,5562.0,5512.5,5385.166666666667,5059.25,483600
2005-11-28,5700.0,5830.0,5700.0,5750.0,5602.0,5535.0,5400.0,5068.0,504200
2005-11-29,5750.0,5890.0,5630.0,5630.0,5628.0,5539.0,5413.833333333333,5075.75,164600
2005-11-30,5580.0,5680.0,5570.0,5570.0,5642.0,5533.0,5425.166666666667,5082.916666666667,310900
2005-12-01,5540.0,5850.0,5530.0,5800.0,5700.0,5544.5,5439.25,5092.041666666667,260500
2005-12-02,5890.0,5890.0,5640.0,5670.0,5684.0,5553.0,5450.416666666667,5099.666666666667,261800
2005-12-05,5670.0,5740.0,5620.0,5640.0,5662.0,5560.0,5461.416666666667,5106.666666666667,143700
2005-12-06,5640.0,5740.0,5620.0,5620.0,5660.0,5564.5,5472.583333333333,5114.416666666667,132300
2005-12-07,5610.0,5770.0,5550.0,5610.0,5668.0,5561.5,5483.75,5121.833333333333,192800
2005-12-08,5560.0,5650.0,5500.0,5580.0,5624.0,5565.5,5495.083333333333,5129.125,143300
2005-12-09,5580.0,5650.0,5520.0,5520.0,5594.0,5569.0,5504.916666666667,5136.791666666667,194600
2005-12-12,5500.0,5610.0,5500.0,5520.0,5570.0,5574.5,5514.75,5143.458333333333,205500
2005-12-13,5540.0,5700.0,5520.0,5600.0,5566.0,5584.5,5526.166666666667,5150.75,524700
2005-12-14,5630.0,5700.0,5470.0,5550.0,5554.0,5589.5,5533.166666666667,5157.5,661800
2005-12-15,5520.0,5530.0,5400.0,5450.0,5528.0,5590.5,5535.5,5162.916666666667,402600
2005-12-16,5360.0,5410.0,5290.0,5310.0,5486.0,5581.5,5532.333333333333,5167.25,286500
2005-12-19,5150.0,5500.0,5150.0,5500.0,5482.0,5579.0,5533.5,5173.25,340800
2005-12-20,5400.0,5480.0,5360.0,5360.0,5434.0,5572.0,5532.666666666667,5178.166666666667,142200
2005-12-21,5310.0,5400.0,5310.0,5370.0,5398.0,5565.5,5532.166666666667,5183.75,147900
2005-12-22,5370.0,5400.0,5310.0,5370.0,5382.0,5558.5,5528.833333333333,5188.666666666667,142500
2005-12-23,5330.0,5390.0,5250.0,5270.0,5374.0,5534.5,5521.666666666667,5192.916666666667,219600
2005-12-26,5270.0,5480.0,5250.0,5400.0,5354.0,5517.0,5516.666666666667,5198.25,226000
2005-12-27,5410.0,5460.0,5360.0,5400.0,5362.0,5505.5,5508.333333333333,5204.166666666667,287800
2005-12-28,5240.0,5300.0,5190.0,5190.0,5326.0,5486.5,5499.666666666667,5208.916666666667,150000
2005-12-29,5180.0,5210.0,5080.0,5200.0,5292.0,5456.5,5492.333333333333,5213.708333333333,146200
2006-01-02,5200.0,5250.0,5150.0,5170.0,5272.0,5431.5,5486.0,5219.125,184500
2006-01-03,5170.0,5200.0,4995.0,5060.0,5204.0,5402.5,5477.666666666667,5224.0,323100
2006-01-04,5060.0,5110.0,4960.0,4995.0,5123.0,5371.25,5466.25,5228.833333333333,621400
2006-01-05,4960.0,5000.0,4835.0,4855.0,5056.0,5333.5,5453.833333333333,5231.291666666667,558800
2006-01-06,4855.0,4855.0,4690.0,4755.0,4967.0,5292.25,5439.916666666667,5232.166666666667,1269200
2006-01-09,4835.0,5350.0,4775.0,5150.0,4963.0,5273.75,5432.916666666667,5235.916666666667,1743400
2006-01-10,5120.0,5120.0,4970.0,5020.0,4955.0,5248.75,5423.75,5238.458333333333,730100
2006-01-11,4950.0,4950.0,4880.0,4900.0,4936.0,5213.75,5412.083333333333,5240.125,376800
2006-01-12,4900.0,4950.0,4900.0,4905.0,4946.0,5181.5,5402.5,5240.0,237000
2006-01-13,4800.0,4880.0,4800.0,4840.0,4963.0,5151.0,5394.833333333333,5239.541666666667,292900
2006-01-16,4800.0,4910.0,4800.0,4840.0,4901.0,5127.5,5387.166666666667,5239.125,284800
2006-01-17,4840.0,4995.0,4775.0,4780.0,4853.0,5091.5,5377.666666666667,5238.208333333333,634200
2006-01-18,4750.0,4755.0,4560.0,4630.0,4799.0,5055.0,5365.333333333333,5236.25,425700
2006-01-19,4630.0,4795.0,4530.0,4795.0,4777.0,5026.25,5356.583333333333,5235.333333333333,604200
2006-01-20,4730.0,4825.0,4730.0,4780.0,4765.0,4996.75,5347.583333333333,5234.541666666667,479100
2006-01-23,4605.0,4720.0,4490.0,4510.0,4699.0,4958.75,5335.25,5232.541666666667,153100
2006-01-24,4435.0,4640.0,4380.0,4640.0,4671.0,4920.75,5324.25,5232.958333333333,399500
2006-01-25,4550.0,4655.0,4550.0,4580.0,4661.0,4879.75,5308.083333333333,5233.583333333333,243200
2006-01-26,4550.0,4600.0,4490.0,4510.0,4604.0,4845.75,5288.416666666667,5232.416666666667,143700
2006-01-27,4550.0,4705.0,4530.0,4705.0,4589.0,4821.0,5274.0,5232.041666666667,232200
2006-01-31,4705.0,4800.0,4615.0,4800.0,4647.0,4802.5,5262.333333333333,5232.208333333333,285500
2006-02-01,4750.0,4755.0,4495.0,4685.0,4656.0,4783.75,5248.75,5231.416666666667,346700
2006-02-02,4700.0,4700.0,4510.0,4600.0,4660.0,4764.0,5233.25,5229.916666666667,232200
2006-02-03,4510.0,4585.0,4490.0,4490.0,4656.0,4745.75,5213.583333333333,5227.583333333333,161000
2006-02-06,4430.0,4535.0,4430.0,4480.0,4611.0,4732.0,5196.583333333333,5226.291666666667,168600
2006-02-07,4445.0,4570.0,4430.0,4500.0,4551.0,4699.5,5180.75,5224.916666666667,315100
2006-02-08,4460.0,4495.0,4440.0,4450.0,4504.0,4671.0,5164.75,5223.083333333333,236500
2006-02-09,4460.0,4500.0,4390.0,4480.0,4480.0,4650.0,5149.416666666667,5220.833333333333,243200
2006-02-10,4430.0,4490.0,4410.0,4490.0,4480.0,4629.25,5133.416666666667,5218.25,125500
2006-02-13,4450.0,4505.0,4400.0,4470.0,4478.0,4610.75,5117.416666666667,5215.083333333333,203800
2006-02-14,4415.0,4470.0,4400.0,4450.0,4468.0,4591.25,5100.083333333333,5211.75,143900
2006-02-15,4490.0,4490.0,4320.0,4320.0,4442.0,4568.25,5079.583333333333,5207.5,373700
2006-02-16,4315.0,4370.0,4260.0,4320.0,4410.0,4552.75,5059.916666666667,5203.083333333333,207900
2006-02-17,4350.0,4350.0,4260.0,4270.0,4366.0,4526.5,5039.416666666667,5198.666666666667,203600
2006-02-20,4225.0,4325.0,4225.0,4300.0,4332.0,4502.5,5019.25,5194.291666666667,135200
2006-02-21,4260.0,4330.0,4260.0,4300.0,4302.0,4492.0,4995.083333333333,5190.125,154200
2006-02-22,4325.0,4450.0,4325.0,4400.0,4318.0,4480.0,4972.583333333333,5186.291666666667,263400
2006-02-23,4385.0,4535.0,4370.0,4470.0,4348.0,4474.5,4953.25,5183.541666666667,184800
2006-02-24,4495.0,4685.0,4470.0,4620.0,4418.0,4480.0,4937.416666666667,5181.291666666667,230200
2006-02-27,4620.0,4660.0,4525.0,4555.0,4469.0,4472.5,4916.666666666667,5177.958333333333,214100
2006-02-28,4590.0,4620.0,4460.0,4510.0,4511.0,4458.0,4897.333333333333,5173.875,329000
2006-03-02,4465.0,4505.0,4445.0,4500.0,4531.0,4448.75,4878.333333333333,5169.875,253100
2006-03-03,4455.0,4515.0,4445.0,4500.0,4537.0,4443.75,4859.666666666667,5166.125,216200
2006-03-06,4560.0,4575.0,4380.0,4445.0,4502.0,4441.5,4840.25,5162.0,254000
2006-03-07,4410.0,4460.0,4275.0,4450.0,4481.0,4440.0,4821.416666666667,5158.25,246500
2006-03-08,4325.0,4430.0,4320.0,4420.0,4463.0,4436.0,4803.083333333333,5154.0,185300
2006-03-09,4420.0,4555.0,4410.0,4500.0,4463.0,4438.5,4786.083333333333,5150.416666666667,400500
2006-03-10,4460.0,4535.0,4460.0,4505.0,4464.0,4439.75,4767.833333333333,5147.0,67700
2006-03-13,4515.0,4545.0,4455.0,4455.0,4466.0,4438.0,4749.583333333333,5141.375,82500
2006-03-14,4455.0,4460.0,4365.0,4400.0,4456.0,4434.5,4732.083333333333,5133.791666666667,76700
2006-03-15,4385.0,4485.0,4375.0,4400.0,4452.0,4432.0,4716.916666666667,5124.625,89700
2006-03-16,4400.0,4505.0,4320.0,4500.0,4452.0,4441.0,4700.25,5116.875,172300
2006-03-17,4460.0,4520.0,4400.0,4490.0,4449.0,4449.5,4685.75,5109.208333333333,79400
2006-03-20,4600.0,4730.0,4600.0,4600.0,4478.0,4466.0,4672.916666666667,5102.541666666667,594700
2006-03-21,4545.0,4560.0,4470.0,4530.0,4504.0,4477.5,4658.916666666667,5093.875,159000
2006-03-22,4450.0,4520.0,4450.0,4490.0,4522.0,4487.0,4645.916666666667,5083.791666666667,196900
2006-03-23,4465.0,4520.0,4455.0,4480.0,4518.0,4491.0,4630.583333333333,5073.625,223400
2006-03-24,4500.0,4575.0,4450.0,4550.0,4530.0,4495.0,4616.416666666667,5062.375,96500
2006-03-27,4610.0,4610.0,4500.0,4520.0,4514.0,4490.0,4605.25,5052.458333333333,53200
2006-03-28,4505.0,4645.0,4480.0,4600.0,4528.0,4492.25,4595.25,5043.791666666667,104900
2006-03-29,4600.0,4675.0,4550.0,4650.0,4560.0,4499.25,4586.583333333333,5036.291666666667,142700
2006-03-30,4685.0,4765.0,4650.0,4755.0,4615.0,4512.0,4581.5,5029.583333333333,223300
2006-03-31,4685.0,4780.0,4685.0,4745.0,4654.0,4524.25,4577.333333333333,5021.791666666667,94300
2006-04-03,4790.0,4810.0,4715.0,4810.0,4712.0,4542.5,4576.583333333333,5015.208333333333,480300
2006-04-04,4810.0,4900.0,4760.0,4870.0,4766.0,4563.5,4578.5,5009.208333333333,227500
2006-04-05,4930.0,4995.0,4855.0,4980.0,4832.0,4591.5,4575.666666666667,5004.291666666667,257300
2006-04-06,4980.0,4990.0,4775.0,4985.0,4878.0,4615.75,4575.083333333333,4999.416666666667,364600
2006-04-07,4900.0,4920.0,4780.0,4780.0,4885.0,4629.5,4573.083333333333,4992.583333333333,300700
2006-04-10,4715.0,4800.0,4695.0,4770.0,4877.0,4645.25,4570.833333333333,4986.666666666667,128800
2006-04-11,4780.0,4880.0,4710.0,4795.0,4862.0,4665.0,4570.083333333333,4982.458333333333,426800
2006-04-12,4720.0,4840.0,4720.0,4760.0,4818.0,4683.0,4568.75,4977.958333333333,54800
2006-04-13,4740.0,4830.0,4730.0,4825.0,4786.0,4699.25,4569.5,4973.583333333333,102100
2006-04-14,4770.0,4825.0,4770.0,4800.0,4790.0,4714.75,4572.333333333333,4968.833333333333,106500
2006-04-17,4820.0,4820.0,4765.0,4765.0,4789.0,4723.0,4571.833333333333,4964.208333333333,187800
2006-04-18,4790.0,4790.0,4655.0,4660.0,4762.0,4729.5,4569.833333333333,4958.708333333333,194000
2006-04-19,4615.0,4680.0,4610.0,4635.0,4737.0,4736.75,4571.916666666667,4953.583333333333,160800
2006-04-20,4565.0,4585.0,4490.0,4550.0,4682.0,4740.25,4570.416666666667,4947.333333333333,471700
2006-04-21,4550.0,4615.0,4535.0,4615.0,4645.0,4743.5,4571.0,4939.541666666667,244300
2006-04-24,4570.0,4715.0,4510.0,4510.0,4594.0,4743.0,4571.0,4929.708333333333,176800
2006-04-25,4510.0,4595.0,4470.0,4570.0,4576.0,4741.5,4568.75,4921.375,107900
2006-04-26,4510.0,4600.0,4500.0,4575.0,4564.0,4737.75,4565.0,4913.666666666667,126200
2006-04-27,4575.0,4640.0,4575.0,4640.0,4582.0,4732.0,4564.25,4906.5,84000
2006-04-28,4575.0,4640.0,4535.0,4580.0,4575.0,4723.75,4563.916666666667,4898.583333333333,100700
2006-05-02,4570.0,4630.0,4560.0,4615.0,4596.0,4714.0,4566.0,4889.791666666667,59700
2006-05-03,4675.0,4675.0,4590.0,4650.0,4612.0,4703.0,4568.833333333333,4882.708333333333,110300
2006-05-04,4630.0,4785.0,4500.0,4780.0,4653.0,4693.0,4573.5,4877.125,269100
2006-05-08,4765.0,4770.0,4580.0,4585.0,4642.0,4673.0,4575.75,4870.25,292100
2006-05-09,4610.0,4610.0,4500.0,4500.0,4626.0,4659.0,4576.083333333333,4862.75,199400
2006-05-10,4500.0,4500.0,4475.0,4480.0,4599.0,4644.5,4575.916666666667,4854.666666666667,165400
2006-05-11,4480.0,4480.0,4420.0,4445.0,4558.0,4627.0,4575.5,4846.458333333333,111600
2006-05-12,4400.0,4415.0,4290.0,4325.0,4467.0,4605.25,4573.416666666667,4836.75,450700
2006-05-15,4345.0,4345.0,4250.0,4330.0,4416.0,4580.5,4573.583333333333,4826.583333333333,264800
2006-05-16,4300.0,4320.0,4205.0,4300.0,4376.0,4555.5,4573.25,4816.583333333333,222100
2006-05-17,4235.0,4290.0,4145.0,4200.0,4320.0,4527.25,4572.083333333333,4805.75,293900
2006-05-18,4110.0,4185.0,4085.0,4130.0,4257.0,4500.75,4569.25,4794.25,121600
2006-05-19,4100.0,4175.0,4060.0,4085.0,4209.0,4473.25,4565.666666666667,4780.375,160000
2006-05-22,4090.0,4090.0,3920.0,3930.0,4129.0,4442.25,4557.833333333333,4765.208333333333,414000
2006-05-23,3900.0,3995.0,3830.0,3980.0,4065.0,4410.5,4549.666666666667,4751.458333333333,259100
2006-05-24,3900.0,3940.0,3850.0,3890.0,4003.0,4379.5,4537.5,4737.458333333333,144500
2006-05-25,3870.0,3910.0,3830.0,3850.0,3947.0,4343.5,4525.75,4721.208333333333,80500
2006-05-26,3860.0,4020.0,3860.0,3950.0,3920.0,4312.25,4516.416666666667,4706.875,166900
2006-05-29,3920.0,3985.0,3920.0,3985.0,3931.0,4279.5,4507.833333333333,4693.083333333333,46800
2006-05-30,3980.0,3980.0,3850.0,3910.0,3917.0,4246.0,4498.0,4678.833333333333,107800
2006-05-31,3910.0,3910.0,3910.0,3910.0,3921.0,4210.75,4489.083333333333,4664.666666666667,0
2006-06-01,3910.0,3910.0,3800.0,3805.0,3912.0,4168.5,4478.333333333333,4649.875,109000
2006-06-02,3890.0,3895.0,3800.0,3895.0,3901.0,4124.25,4469.583333333333,4636.333333333333,95200
2006-06-05,3895.0,3900.0,3750.0,3750.0,3854.0,4082.5,4457.083333333333,4621.583333333333,117100
2006-06-07,3640.0,3850.0,3635.0,3800.0,3832.0,4047.5,4445.333333333333,4606.583333333333,196100
2006-06-08,3800.0,3800.0,3495.0,3535.0,3757.0,4000.25,4430.0,4589.791666666667,540200
2006-06-09,3595.0,3650.0,3575.0,3575.0,3711.0,3956.75,4416.25,4574.166666666667,189000
2006-06-12,3615.0,3615.0,3550.0,3590.0,3650.0,3920.0,4402.75,4559.833333333333,44000
2006-06-13,3585.0,3600.0,3525.0,3575.0,3615.0,3882.25,4387.333333333333,4543.791666666667,169100
2006-06-14,3500.0,3605.0,3500.0,3575.0,3570.0,3846.0,4372.083333333333,4528.916666666667,89200
2006-06-15,3600.0,3635.0,3525.0,3550.0,3573.0,3813.5,4354.583333333333,4513.75,138900
2006-06-16,3595.0,3710.0,3575.0,3700.0,3598.0,3792.0,4340.75,4499.833333333333,146400
2006-06-19,3700.0,3735.0,3650.0,3730.0,3626.0,3774.25,4328.083333333333,4487.0,150800
2006-06-20,3720.0,3740.0,3645.0,3645.0,3640.0,3760.0,4314.166666666667,4472.375,167900
2006-06-21,3690.0,3725.0,3645.0,3725.0,3670.0,3747.25,4300.416666666667,4458.416666666667,117300
2006-06-22,3840.0,3970.0,3760.0,3850.0,3730.0,3745.25,4289.25,4447.25,153100
2006-06-23,3830.0,3940.0,3700.0,3885.0,3767.0,3747.0,4277.333333333333,4436.291666666667,133200
2006-06-26,3850.0,3885.0,3770.0,3885.0,3798.0,3743.75,4264.583333333333,4425.583333333333,87500
2006-06-27,3880.0,3945.0,3850.0,3885.0,3846.0,3738.75,4250.083333333333,4415.791666666667,117300
2006-06-28,3880.0,3925.0,3825.0,3880.0,3877.0,3737.25,4235.666666666667,4406.5,89300
2006-06-29,3885.0,3985.0,3875.0,3880.0,3883.0,3735.75,4220.166666666667,4398.375,83600
2006-06-30,3920.0,3960.0,3835.0,3850.0,3876.0,3738.0,4203.166666666667,4390.833333333333,187000
2006-07-03,3890.0,3890.0,3740.0,3810.0,3861.0,3733.75,4183.666666666667,4379.666666666667,111800
2006-07-04,3810.0,3855.0,3780.0,3850.0,3854.0,3738.75,4164.75,4369.916666666667,47500
2006-07-05,3765.0,3900.0,3765.0,3800.0,3838.0,3738.75,4148.416666666667,4360.75,79600
2006-07-06,3770.0,3865.0,3770.0,3805.0,3823.0,3752.25,4132.333333333333,4351.583333333333,70600
2006-07-07,3815.0,3860.0,3755.0,3800.0,3813.0,3763.5,4115.75,4342.916666666667,97400
2006-07-10,3760.0,3760.0,3645.0,3700.0,3791.0,3769.0,4098.083333333333,4333.416666666667,173500
2006-07-11,3690.0,3690.0,3585.0,3600.0,3741.0,3770.25,4077.6666666666665,4323.583333333333,290400
2006-07-12,3610.0,3645.0,3590.0,3640.0,3709.0,3773.5,4058.3333333333335,4315.333333333333,254600
2006-07-13,3600.0,3665.0,3595.0,3645.0,3677.0,3778.25,4039.6666666666665,4305.75,122600
2006-07-14,3555.0,3655.0,3555.0,3640.0,3645.0,3775.25,4022.6666666666665,4296.25,208900
2006-07-18,3650.0,3650.0,3575.0,3630.0,3631.0,3770.25,4005.9166666666665,4288.916666666667,718600
2006-07-19,3620.0,3625.0,3510.0,3540.0,3619.0,3765.0,3989.0833333333335,4279.75,169800
2006-07-20,3610.0,3675.0,3540.0,3600.0,3611.0,3758.75,3972.1666666666665,4271.583333333333,455600
2006-07-21,3610.0,3610.0,3550.0,3580.0,3598.0,3745.25,3956.6666666666665,4263.833333333333,138200
2006-07-24,3595.0,3595.0,3560.0,3560.0,3582.0,3729.0,3939.8333333333335,4254.291666666667,66800
2006-07-25,3610.0,3625.0,3560.0,3580.0,3572.0,3713.75,3923.25,4244.125,205900
2006-07-26,3570.0,3610.0,3525.0,3540.0,3572.0,3696.5,3904.9166666666665,4234.583333333333,223100
2006-07-27,3520.0,3830.0,3520.0,3550.0,3562.0,3680.0,3887.75,4225.833333333333,468600
2006-07-28,3555.0,3665.0,3555.0,3605.0,3567.0,3666.25,3870.9166666666665,4218.458333333333,440200
2006-07-31,3620.0,3640.0,3595.0,3605.0,3576.0,3654.0,3853.5,4211.166666666667,246000
2006-08-01,3600.0,3620.0,3565.0,3565.0,3573.0,3641.75,3833.25,4203.375,194700
2006-08-02,3560.0,3580.0,3525.0,3525.0,3570.0,3625.5,3815.5833333333335,4195.666666666667,159600
2006-08-03,3535.0,3540.0,3340.0,3345.0,3529.0,3602.75,3796.3333333333335,4186.208333333333,511200
2006-08-04,3375.0,3400.0,3360.0,3370.0,3482.0,3581.0,3777.8333333333335,4176.875,336700
2006-08-07,3365.0,3450.0,3360.0,3390.0,3439.0,3560.5,3760.25,4167.875,250900
2006-08-08,3360.0,3495.0,3360.0,3480.0,3422.0,3549.5,3746.1666666666665,4159.791666666667,83200
2006-08-09,3450.0,3550.0,3450.0,3480.0,3413.0,3543.5,3732.0,4152.791666666667,683600
2006-08-10,3500.0,3550.0,3500.0,3535.0,3451.0,3538.25,3719.25,4146.25,187000
2006-08-11,3550.0,3555.0,3480.0,3490.0,3475.0,3530.5,3707.4166666666665,4139.75,309900
2006-08-14,3550.0,3555.0,3490.0,3540.0,3505.0,3525.5,3697.5833333333335,4133.416666666667,91900
2006-08-16,3520.0,3570.0,3520.0,3550.0,3519.0,3521.5,3688.6666666666665,4127.166666666667,126100
2006-08-17,3565.0,3595.0,3520.0,3555.0,3534.0,3522.25,3682.4166666666665,4120.125,102800
2006-08-18,3570.0,3570.0,3500.0,3530.0,3533.0,3518.75,3674.9166666666665,4112.291666666667,133500
2006-08-21,3535.0,3600.0,3485.0,3580.0,3551.0,3518.75,3669.75,4103.625,138600
2006-08-22,3535.0,3615.0,3535.0,3590.0,3561.0,3520.25,3665.4166666666665,4095.5833333333335,169900
2006-08-23,3600.0,3600.0,3550.0,3600.0,3571.0,3521.25,3659.5833333333335,4088.0,174400
2006-08-24,3600.0,3630.0,3565.0,3625.0,3585.0,3525.5,3653.5833333333335,4080.7083333333335,145500
2006-08-25,3630.0,3740.0,3605.0,3710.0,3621.0,3533.5,3650.25,4074.125,108500
2006-08-28,3790.0,3805.0,3710.0,3715.0,3648.0,3539.0,3647.0,4068.0416666666665,105400
2006-08-29,3740.0,3795.0,3655.0,3790.0,3688.0,3548.25,3646.75,4062.5416666666665,126000
2006-08-30,3810.0,3810.0,3700.0,3780.0,3724.0,3559.0,3644.8333333333335,4057.2083333333335,89400
2006-08-31,3770.0,3810.0,3770.0,3800.0,3759.0,3572.75,3645.6666666666665,4051.375,35700
2006-09-01,3755.0,3820.0,3755.0,3800.0,3777.0,3595.5,3645.6666666666665,4045.5,54100
2006-09-04,3800.0,3930.0,3785.0,3840.0,3802.0,3619.0,3650.75,4040.375,176800
2006-09-05,3855.0,3925.0,3800.0,3830.0,3810.0,3641.0,3655.0,4035.625,82100
2006-09-06,3810.0,3840.0,3750.0,3750.0,3804.0,3654.5,3657.6666666666665,4030.2083333333335,141800
2006-09-07,3740.0,3900.0,3700.0,3800.0,3804.0,3670.5,3661.4166666666665,4024.375,193100
2006-09-08,3800.0,3850.0,3785.0,3785.0,3801.0,3683.0,3664.9166666666665,4018.5,47600
2006-09-11,3800.0,3850.0,3705.0,3765.0,3786.0,3696.75,3668.5,4011.5416666666665,117600
2006-09-12,3765.0,3810.0,3720.0,3760.0,3772.0,3707.75,3669.5,4005.125,108100
2006-09-13,3810.0,3810.0,3740.0,3740.0,3770.0,3717.25,3669.6666666666665,3998.875,66900
2006-09-14,3740.0,3830.0,3740.0,3790.0,3768.0,3729.0,3672.0833333333335,3993.125,160100
2006-09-15,3760.0,3790.0,3720.0,3770.0,3765.0,3741.0,3672.8333333333335,3986.625,110700
2006-09-18,3760.0,3870.0,3760.0,3840.0,3780.0,3754.0,3672.6666666666665,3980.9583333333335,270700
2006-09-19,3890.0,3910.0,3800.0,3900.0,3808.0,3769.5,3672.9166666666665,3975.125,195100
2006-09-20,3865.0,3915.0,3840.0,3850.0,3830.0,3782.0,3672.3333333333335,3968.4583333333335,287500
2006-09-21,3855.0,3875.0,3775.0,3800.0,3832.0,3790.75,3670.9166666666665,3960.5,191900
2006-09-22,3800.0,3805.0,3740.0,3745.0,3827.0,3792.5,3668.6666666666665,3952.1666666666665,290000
2006-09-25,3750.0,3760.0,3730.0,3750.0,3809.0,3794.25,3666.5,3943.3333333333335,87000
2006-09-26,3775.0,3780.0,3730.0,3730.0,3775.0,3791.25,3664.5,3933.8333333333335,129500
2006-09-27,3735.0,3820.0,3730.0,3775.0,3760.0,3791.0,3663.9166666666665,3923.7916666666665,172000
2006-09-28,3805.0,3805.0,3750.0,3760.0,3752.0,3789.0,3662.4166666666665,3913.5833333333335,120900
2006-09-29,3760.0,3860.0,3760.0,3800.0,3763.0,3789.0,3662.4166666666665,3905.4166666666665,202100
2006-10-02,3760.0,3835.0,3760.0,3830.0,3779.0,3788.5,3662.8333333333335,3897.5833333333335,64400
2006-10-04,3780.0,3835.0,3700.0,3720.0,3777.0,3783.0,3661.5,3888.625,84600
2006-10-09,3750.0,3850.0,3670.0,3720.0,3766.0,3781.5,3661.8333333333335,3879.9583333333335,257600
2006-10-10,3725.0,3800.0,3725.0,3750.0,3764.0,3779.0,3664.3333333333335,3871.0,91400
2006-10-11,3745.0,3825.0,3680.0,3690.0,3742.0,3774.25,3665.1666666666665,3861.75,181200
2006-10-12,3695.0,3765.0,3695.0,3750.0,3726.0,3773.5,3666.9166666666665,3853.2916666666665,113200
2006-10-13,3760.0,3825.0,3750.0,3760.0,3734.0,3773.5,3668.9166666666665,3845.7916666666665,103000
2006-10-16,3770.0,3815.0,3770.0,3795.0,3749.0,3776.25,3671.6666666666665,3838.7916666666665,57200
2006-10-17,3815.0,3840.0,3720.0,3720.0,3743.0,3772.75,3674.6666666666665,3831.875,135200
2006-10-18,3745.0,3745.0,3670.0,3670.0,3739.0,3767.75,3675.8333333333335,3824.0,342600
2006-10-19,3675.0,3730.0,3660.0,3700.0,3729.0,3760.75,3677.8333333333335,3817.25,173200
2006-10-20,3710.0,3745.0,3655.0,3655.0,3708.0,3748.5,3679.4166666666665,3809.625,317200
2006-10-23,3660.0,3690.0,3610.0,3615.0,3672.0,3736.75,3680.0,3801.625,331300
2006-10-24,3630.0,3765.0,3605.0,3640.0,3656.0,3728.75,3681.6666666666665,3793.2916666666665,503300
2006-10-25,3665.0,3685.0,3630.0,3665.0,3655.0,3724.75,3683.5833333333335,3785.6666666666665,483400
2006-10-26,3670.0,3675.0,3610.0,3615.0,3638.0,3718.0,3683.75,3777.3333333333335,324500
2006-10-27,3620.0,3640.0,3605.0,3615.0,3630.0,3712.25,3683.9166666666665,3768.7083333333335,265600
2006-10-30,3605.0,3610.0,3525.0,3540.0,3615.0,3700.5,3683.5,3758.375,442100
2006-10-31,3545.0,3560.0,3525.0,3535.0,3594.0,3689.25,3683.6666666666665,3749.625,257600
2006-11-01,3560.0,3610.0,3550.0,3600.0,3581.0,3679.25,3687.9166666666665,3742.125,208300
2006-11-02,3605.0,3665.0,3590.0,3635.0,3585.0,3669.5,3692.3333333333335,3735.0833333333335,331400
2006-11-03,3655.0,3670.0,3620.0,3620.0,3586.0,3664.5,3696.1666666666665,3728.2083333333335,313300
2006-11-06,3635.0,3655.0,3595.0,3630.0,3604.0,3660.0,3698.6666666666665,3722.4166666666665,205000
2006-11-07,3660.0,3815.0,3650.0,3690.0,3635.0,3657.0,3702.1666666666665,3717.0833333333335,1015700
2006-11-08,3700.0,3715.0,3650.0,3650.0,3645.0,3655.0,3704.0833333333335,3711.6666666666665,256100
2006-11-09,3650.0,3670.0,3625.0,3645.0,3647.0,3649.75,3706.6666666666665,3707.0416666666665,268200
2006-11-10,3630.0,3670.0,3630.0,3650.0,3653.0,3644.25,3708.5,3703.0416666666665,263400
2006-11-13,3660.0,3680.0,3620.0,3630.0,3653.0,3636.0,3709.8333333333335,3699.25,326400
2006-11-14,3635.0,3665.0,3620.0,3630.0,3641.0,3631.5,3711.0833333333335,3696.75,425300
2006-11-15,3490.0,3580.0,3475.0,3550.0,3621.0,3625.5,3711.4166666666665,3693.1666666666665,888400
2006-11-16,3570.0,3575.0,3530.0,3575.0,3607.0,3619.25,3711.3333333333335,3690.5416666666665,270000
2006-11-17,3580.0,3580.0,3430.0,3460.0,3569.0,3609.5,3709.1666666666665,3687.2916666666665,936400
2006-11-20,3420.0,3420.0,3310.0,3395.0,3522.0,3598.5,3705.75,3682.6666666666665,1009200
2006-11-21,3395.0,3420.0,3340.0,3400.0,3476.0,3586.5,3702.0,3677.7916666666665,404600
2006-11-22,3400.0,3425.0,3330.0,3385.0,3443.0,3572.5,3696.5833333333335,3673.4166666666665,903800
2006-11-23,3360.0,3375.0,3295.0,3335.0,3395.0,3558.5,3690.25,3668.625,1097000
2006-11-24,3335.0,3355.0,3315.0,3315.0,3366.0,3543.5,3682.3333333333335,3664.5416666666665,364300
2006-11-27,3295.0,3330.0,3280.0,3300.0,3347.0,3531.5,3674.3333333333335,3659.5833333333335,628800
2006-11-28,3270.0,3440.0,3270.0,3400.0,3347.0,3524.75,3667.6666666666665,3656.6666666666665,585500
2006-11-29,3425.0,3445.0,3365.0,3410.0,3352.0,3515.25,3661.1666666666665,3653.4166666666665,501300
2006-11-30,3400.0,3450.0,3400.0,3450.0,3375.0,3506.0,3654.6666666666665,3652.7083333333335,302200
2006-12-01,3415.0,3525.0,3415.0,3480.0,3408.0,3499.0,3648.8333333333335,3651.9166666666665,475300
2006-12-04,3550.0,3800.0,3550.0,3715.0,3491.0,3503.25,3648.25,3652.9583333333335,2378000
2006-12-05,3715.0,3760.0,3650.0,3745.0,3560.0,3506.0,3647.3333333333335,3654.375,724400
2006-12-06,3770.0,3980.0,3770.0,3835.0,3645.0,3515.25,3648.1666666666665,3656.5416666666665,1851000
2006-12-07,3855.0,3870.0,3750.0,3810.0,3717.0,3523.5,3648.9166666666665,3658.7083333333335,326100
2006-12-08,3810.0,3810.0,3700.0,3810.0,3783.0,3531.5,3649.75,3659.625,323000
2006-12-11,3740.0,3835.0,3715.0,3750.0,3790.0,3537.5,3649.9166666666665,3659.7916666666665,250200
2006-12-12,3800.0,3840.0,3745.0,3790.0,3799.0,3545.5,3649.9166666666665,3661.0,245300
2006-12-13,3790.0,4200.0,3750.0,3860.0,3804.0,3561.0,3651.4166666666665,3662.125,825200
2006-12-14,3865.0,3925.0,3850.0,3890.0,3820.0,3576.75,3652.25,3662.4583333333335,250200
2006-12-15,3855.0,3975.0,3855.0,3900.0,3838.0,3598.75,3652.25,3662.5833333333335,337500
2006-12-18,3900.0,3900.0,3850.0,3870.0,3862.0,3622.5,3652.5833333333335,3662.4583333333335,174300
2006-12-19,3845.0,3980.0,3845.0,3980.0,3900.0,3651.5,3655.5833333333335,3663.25,326800
2006-12-20,3980.0,3980.0,3900.0,3970.0,3922.0,3680.75,3659.3333333333335,3664.0,262700
2006-12-21,3990.0,4050.0,3860.0,3870.0,3918.0,3707.5,3661.3333333333335,3663.9166666666665,593300
2006-12-22,3860.0,3900.0,3840.0,3860.0,3910.0,3734.75,3663.5,3664.0,198000
2006-12-26,3820.0,3915.0,3820.0,3855.0,3907.0,3762.5,3664.8333333333335,3664.375,359100
2006-12-27,3800.0,3890.0,3770.0,3890.0,3889.0,3787.0,3667.0,3664.7083333333335,168700
2006-12-28,3850.0,3995.0,3850.0,3950.0,3885.0,3814.0,3669.5,3665.9583333333335,382800
2007-01-02,3975.0,3980.0,3855.0,3870.0,3885.0,3835.0,3670.1666666666665,3666.5,247200
2007-01-03,3870.0,3880.0,3850.0,3855.0,3884.0,3853.75,3672.4166666666665,3666.9583333333335,170700
2007-01-04,3855.0,3890.0,3835.0,3870.0,3887.0,3861.5,3674.9166666666665,3668.375,253300
2007-01-05,3865.0,3895.0,3810.0,3880.0,3885.0,3868.25,3677.0833333333335,3670.7083333333335,288900
2007-01-08,3880.0,3900.0,3840.0,3860.0,3867.0,3869.5,3679.9166666666665,3672.5416666666665,159900
2007-01-09,3860.0,3885.0,3855.0,3885.0,3870.0,3873.25,3682.1666666666665,3674.5416666666665,172200
2007-01-10,3840.0,3885.0,3820.0,3845.0,3868.0,3875.0,3683.5833333333335,3676.25,135900
2007-01-11,3845.0,3870.0,3815.0,3840.0,3862.0,3879.5,3684.3333333333335,3678.0,115600
2007-01-12,3845.0,3870.0,3820.0,3840.0,3854.0,3882.0,3686.3333333333335,3680.5,191400
2007-01-15,3845.0,3865.0,3825.0,3840.0,3850.0,3881.0,3689.1666666666665,3682.5,134800
2007-01-16,3835.0,3940.0,3835.0,3885.0,3850.0,3880.75,3692.25,3685.0416666666665,194200
2007-01-17,3900.0,3905.0,3860.0,3895.0,3860.0,3880.5,3696.25,3687.8333333333335,164400
2007-01-18,3920.0,3975.0,3860.0,3860.0,3864.0,3880.0,3700.3333333333335,3690.1666666666665,304000
2007-01-19,3860.0,3885.0,3790.0,3870.0,3870.0,3874.5,3704.1666666666665,3692.9166666666665,256800
2007-01-22,3870.0,3915.0,3860.0,3875.0,3877.0,3869.75,3707.6666666666665,3695.625,252700
2007-01-23,3860.0,3910.0,3840.0,3860.0,3872.0,3869.25,3711.75,3697.75,208800
2007-01-24,3860.0,3930.0,3835.0,3930.0,3879.0,3872.75,3717.0,3700.4583333333335,245900
2007-01-25,3950.0,3975.0,3915.0,3970.0,3901.0,3878.5,3724.1666666666665,3703.8333333333335,288300
2007-01-26,3970.0,4160.0,3960.0,3960.0,3919.0,3882.0,3731.25,3707.4583333333335,613300
2007-01-29,3915.0,3915.0,3840.0,3875.0,3919.0,3878.25,3735.8333333333335,3711.875,266900
2007-01-30,3875.0,3925.0,3855.0,3870.0,3921.0,3878.25,3739.75,3716.0416666666665,170700
2007-01-31,3870.0,3895.0,3840.0,3855.0,3906.0,3878.25,3743.6666666666665,3719.9166666666665,157900
2007-02-01,3850.0,3885.0,3780.0,3790.0,3870.0,3874.25,3746.3333333333335,3722.5,468100
2007-02-02,3755.0,3795.0,3640.0,3795.0,3837.0,3870.0,3748.0833333333335,3725.125,583800
2007-02-05,3770.0,3785.0,3630.0,3660.0,3794.0,3860.0,3748.25,3726.1666666666665,368600
2007-02-06,3670.0,3720.0,3510.0,3720.0,3764.0,3851.75,3749.5,3728.0833333333335,513900
2007-02-07,3740.0,3750.0,3650.0,3710.0,3735.0,3845.0,3750.5,3729.5,200200
2007-02-08,3750.0,3760.0,3700.0,3710.0,3719.0,3838.5,3751.8333333333335,3730.8333333333335,124700
2007-02-09,3710.0,3710.0,3655.0,3670.0,3694.0,3830.0,3752.5,3731.7916666666665,128200
2007-02-12,3670.0,3670.0,3610.0,3620.0,3686.0,3819.0,3753.6666666666665,3732.5416666666665,87400
2007-02-13,3580.0,3640.0,3575.0,3600.0,3662.0,3804.75,3754.0833333333335,3732.7083333333335,88200
2007-02-14,3590.0,3625.0,3570.0,3610.0,3642.0,3790.5,3756.5833333333335,3732.875,188600
2007-02-15,3605.0,3605.0,3500.0,3510.0,3602.0,3773.0,3758.5,3732.125,289300
2007-02-16,3500.0,3500.0,3370.0,3420.0,3552.0,3750.5,3758.8333333333335,3730.4166666666665,538400
2007-02-20,3420.0,3495.0,3405.0,3485.0,3525.0,3731.0,3760.5,3728.5416666666665,228600
2007-02-21,3490.0,3500.0,3435.0,3470.0,3499.0,3711.5,3762.75,3726.5,144000
2007-02-22,3490.0,3635.0,3475.0,3580.0,3493.0,3694.0,3767.1666666666665,3724.75,227400
2007-02-23,3560.0,3600.0,3500.0,3500.0,3491.0,3670.5,3770.5,3722.4166666666665,206000
2007-02-26,3490.0,3540.0,3465.0,3475.0,3502.0,3646.25,3771.75,3719.7083333333335,220200
2007-02-27,3445.0,3475.0,3430.0,3455.0,3496.0,3625.25,3772.5,3716.8333333333335,182300
2007-02-28,3380.0,3450.0,3340.0,3415.0,3485.0,3602.5,3771.9166666666665,3713.2916666666665,183600
2007-03-01,3415.0,3415.0,3415.0,3415.0,3452.0,3580.5,3770.8333333333335,3709.8333333333335,0
2007-03-05,3480.0,3550.0,3415.0,3530.0,3458.0,3567.5,3767.75,3708.0,176100
2007-03-06,3530.0,3550.0,3480.0,3495.0,3462.0,3552.5,3763.5833333333335,3705.4583333333335,131000
2007-03-07,3500.0,3570.0,3490.0,3565.0,3484.0,3547.75,3759.0833333333335,3703.625,146700
2007-03-08,3570.0,3630.0,3540.0,3630.0,3527.0,3543.25,3756.0833333333335,3702.5,196200
2007-03-09,3625.0,3640.0,3520.0,3600.0,3564.0,3537.75,3752.5833333333335,3701.1666666666665,182400
2007-03-12,3625.0,3625.0,3535.0,3570.0,3572.0,3530.75,3749.5833333333335,3699.75,87100
2007-03-13,3565.0,3640.0,3540.0,3625.0,3598.0,3528.5,3746.8333333333335,3698.375,244100
2007-03-14,3620.0,3630.0,3530.0,3600.0,3605.0,3527.5,3742.5,3696.9583333333335,180000
2007-03-15,3600.0,3715.0,3600.0,3690.0,3617.0,3532.0,3739.1666666666665,3695.7083333333335,190100
2007-03-16,3700.0,3725.0,3635.0,3635.0,3624.0,3533.25,3734.75,3693.5,90000
2007-03-19,3680.0,3695.0,3620.0,3630.0,3636.0,3539.25,3730.75,3691.6666666666665,147100
2007-03-20,3710.0,3820.0,3655.0,3700.0,3651.0,3553.25,3726.0833333333335,3690.8333333333335,732100
2007-03-21,3710.0,3750.0,3645.0,3660.0,3663.0,3562.0,3720.9166666666665,3690.125,237900
2007-03-22,3680.0,3685.0,3590.0,3645.0,3654.0,3570.75,3717.1666666666665,3689.25,263400
2007-03-23,3580.0,3670.0,3570.0,3575.0,3642.0,3570.5,3712.4166666666665,3687.9583333333335,232600
2007-03-26,3570.0,3600.0,3535.0,3595.0,3635.0,3575.25,3708.0833333333335,3686.4583333333335,151400
2007-03-27,3595.0,3615.0,3550.0,3600.0,3615.0,3581.5,3703.25,3685.125,176400
2007-03-28,3600.0,3620.0,3585.0,3600.0,3603.0,3588.75,3697.4166666666665,3683.4583333333335,153900
2007-03-29,3580.0,3630.0,3570.0,3610.0,3596.0,3598.5,3693.0833333333335,3681.625,146000
2007-03-30,3630.0,3640.0,3585.0,3630.0,3607.0,3609.25,3689.3333333333335,3680.875,146300
2007-04-02,3610.0,3650.0,3530.0,3600.0,3608.0,3612.75,3684.8333333333335,3679.875,262600
2007-04-03,3575.0,3605.0,3525.0,3555.0,3599.0,3615.75,3679.4166666666665,3678.25,201500
2007-04-04,3520.0,3575.0,3520.0,3545.0,3588.0,3614.75,3674.1666666666665,3677.0416666666665,171100
2007-04-05,3550.0,3575.0,3530.0,3540.0,3574.0,3610.25,3668.4166666666665,3675.2916666666665,153300
2007-04-06,3550.0,3560.0,3515.0,3515.0,3551.0,3606.0,3662.9166666666665,3673.25,242400
2007-04-09,3520.0,3530.0,3495.0,3525.0,3536.0,3603.75,3657.6666666666665,3671.0,277400
2007-04-10,3525.0,3585.0,3525.0,3585.0,3542.0,3601.75,3653.4166666666665,3669.875,241500
2007-04-11,3590.0,3600.0,3565.0,3570.0,3547.0,3600.25,3648.9166666666665,3669.0416666666665,164400
2007-04-12,3570.0,3585.0,3540.0,3565.0,3552.0,3594.0,3643.5833333333335,3667.9166666666665,197200
2007-04-13,3590.0,3590.0,3550.0,3555.0,3560.0,3590.0,3637.9166666666665,3667.0833333333335,150800
2007-04-16,3560.0,3580.0,3545.0,3580.0,3571.0,3587.5,3633.25,3666.7916666666665,145300
2007-04-17,3585.0,3585.0,3550.0,3570.0,3568.0,3581.0,3628.25,3666.2083333333335,218500
2007-04-18,3555.0,3585.0,3545.0,3570.0,3568.0,3576.5,3623.1666666666665,3665.4166666666665,155300
2007-04-19,3560.0,3570.0,3535.0,3565.0,3568.0,3572.5,3618.25,3665.0,154300
2007-04-20,3565.0,3570.0,3540.0,3540.0,3565.0,3570.75,3611.75,3664.375,144900
2007-04-23,3545.0,3560.0,3515.0,3560.0,3561.0,3569.0,3604.9166666666665,3664.5416666666665,142200
2007-04-24,3575.0,3575.0,3530.0,3535.0,3554.0,3565.75,3597.8333333333335,3664.5416666666665,98800
2007-04-25,3530.0,3540.0,3500.0,3500.0,3540.0,3560.75,3591.5833333333335,3663.7083333333335,117100
2007-04-26,3510.0,3530.0,3500.0,3500.0,3527.0,3555.25,3585.4166666666665,3662.5833333333335,141800
2007-04-27,3510.0,3530.0,3480.0,3480.0,3515.0,3547.75,3579.1666666666665,3661.4166666666665,201700
2007-04-30,3480.0,3550.0,3475.0,3550.0,3513.0,3545.25,3575.1666666666665,3660.75,108400
2007-05-02,3550.0,3550.0,3515.0,3515.0,3509.0,3543.25,3570.5,3659.2916666666665,184300
2007-05-03,3550.0,3650.0,3550.0,3630.0,3535.0,3547.5,3570.0,3659.125,524800
2007-05-04,3650.0,3705.0,3595.0,3630.0,3561.0,3552.0,3568.5,3659.0,399800
2007-05-07,3600.0,3685.0,3560.0,3590.0,3583.0,3555.75,3566.5,3658.5,350500
2007-05-08,3625.0,3625.0,3510.0,3520.0,3577.0,3555.5,3563.3333333333335,3657.5833333333335,501500
2007-05-09,3555.0,3600.0,3535.0,3565.0,3587.0,3554.5,3561.5833333333335,3657.0416666666665,342700
2007-05-10,3610.0,3620.0,3550.0,3555.0,3572.0,3553.75,3560.5,3657.0833333333335,289400
2007-05-11,3550.0,3625.0,3520.0,3625.0,3571.0,3556.75,3560.9166666666665,3657.5,281500
2007-05-14,3650.0,3770.0,3625.0,3645.0,3582.0,3561.25,3561.5,3659.0416666666665,518100
2007-05-15,3640.0,3705.0,3590.0,3595.0,3597.0,3562.0,3562.9166666666665,3660.7083333333335,377900
2007-05-16,3595.0,3600.0,3560.0,3570.0,3598.0,3562.0,3565.4166666666665,3662.125,230400
2007-05-17,3570.0,3635.0,3515.0,3595.0,3606.0,3563.25,3567.25,3663.875,396900
2007-05-18,3595.0,3595.0,3530.0,3570.0,3595.0,3563.5,3568.9166666666665,3665.8333333333335,164500
2007-05-21,3555.0,3580.0,3540.0,3575.0,3581.0,3565.25,3568.8333333333335,3668.0,147200
2007-05-22,3570.0,3580.0,3540.0,3550.0,3572.0,3564.75,3569.6666666666665,3670.0833333333335,205400
2007-05-23,3555.0,3560.0,3535.0,3550.0,3568.0,3565.5,3570.9166666666665,3671.3333333333335,156700
2007-05-25,3550.0,3550.0,3460.0,3505.0,3550.0,3565.75,3571.75,3672.125,432100
2007-05-28,3505.0,3555.0,3505.0,3550.0,3546.0,3568.25,3574.0,3672.9583333333335,528300
2007-05-29,3570.0,3570.0,3520.0,3555.0,3542.0,3572.0,3576.3333333333335,3673.5833333333335,382100
2007-05-30,3560.0,3570.0,3510.0,3570.0,3546.0,3573.0,3577.0,3672.375,244400
2007-05-31,3590.0,3600.0,3560.0,3575.0,3551.0,3576.0,3578.3333333333335,3670.9583333333335,448900
2007-06-01,3580.0,3585.0,3535.0,3565.0,3563.0,3572.75,3578.3333333333335,3668.7083333333335,578700
2007-06-04,3550.0,3600.0,3545.0,3600.0,3573.0,3571.25,3577.8333333333335,3666.9583333333335,502500
2007-06-05,3600.0,3660.0,3570.0,3650.0,3592.0,3574.25,3578.6666666666665,3665.625,563500
2007-06-07,3655.0,3705.0,3580.0,3700.0,3618.0,3583.25,3580.8333333333335,3665.2083333333335,571000
2007-06-08,3715.0,3720.0,3650.0,3695.0,3642.0,3589.75,3582.0,3664.4166666666665,460300
2007-06-11,3700.0,3805.0,3690.0,3720.0,3673.0,3598.0,3584.0,3663.25,496900
2007-06-12,3725.0,3770.0,3705.0,3710.0,3695.0,3602.25,3584.3333333333335,3661.75,249000
2007-06-13,3710.0,3710.0,3640.0,3675.0,3700.0,3603.75,3585.0,3659.875,255100
2007-06-14,3680.0,3760.0,3675.0,3705.0,3701.0,3609.25,3586.25,3658.5,149100
2007-06-15,3710.0,3950.0,3705.0,3860.0,3734.0,3623.75,3588.9166666666665,3657.5,967700
2007-06-18,4010.0,4080.0,3935.0,3970.0,3784.0,3642.5,3594.0833333333335,3657.5,1088800
2007-06-19,4000.0,4020.0,3915.0,4010.0,3844.0,3664.5,3600.1666666666665,3658.6666666666665,521900
2007-06-20,4030.0,4050.0,3980.0,4040.0,3917.0,3687.75,3607.9166666666665,3660.1666666666665,575000
2007-06-21,4000.0,4220.0,3985.0,4025.0,3981.0,3711.5,3615.0833333333335,3661.5833333333335,1459500
2007-06-22,4050.0,4065.0,3975.0,4005.0,4010.0,3734.25,3621.8333333333335,3662.5416666666665,539900
2007-06-25,3965.0,4030.0,3950.0,4000.0,4016.0,3759.0,3628.5,3662.9583333333335,380200
2007-06-26,4010.0,4065.0,3950.0,4010.0,4016.0,3782.0,3635.1666666666665,3664.125,302300
2007-06-27,4010.0,4030.0,3895.0,3980.0,4004.0,3803.25,3641.0,3665.1666666666665,317800
2007-06-28,4045.0,4050.0,3960.0,4030.0,4005.0,3826.25,3648.1666666666665,3666.5,191800
2007-06-29,4015.0,4035.0,3960.0,3960.0,3996.0,3845.5,3654.9166666666665,3667.1666666666665,171500
2007-07-02,3970.0,4000.0,3950.0,4000.0,3996.0,3867.25,3662.5,3668.3333333333335,196800
2007-07-03,4040.0,4040.0,3990.0,4010.0,3996.0,3887.75,3670.3333333333335,3669.375,222400
2007-07-04,4015.0,4205.0,4015.0,4085.0,4017.0,3909.5,3679.8333333333335,3671.375,697300
2007-07-05,4005.0,4050.0,3985.0,4000.0,4011.0,3924.5,3687.75,3672.7083333333335,451700
2007-07-06,4000.0,4060.0,3990.0,4020.0,4023.0,3940.75,3695.0,3674.2083333333335,349900
2007-07-09,4030.0,4060.0,4000.0,4005.0,4024.0,3955.0,3702.25,3675.5833333333335,331200
2007-07-10,4005.0,4040.0,3995.0,4025.0,4027.0,3970.75,3709.9166666666665,3676.75,207100
2007-07-11,4040.0,4185.0,4000.0,4000.0,4010.0,3987.0,3717.3333333333335,3677.625,587400
2007-07-12,4010.0,4050.0,3990.0,4050.0,4020.0,4004.25,3725.1666666666665,3679.2083333333335,300200
2007-07-13,4065.0,4140.0,4000.0,4120.0,4040.0,4017.25,3734.3333333333335,3681.2916666666665,521700
2007-07-16,4150.0,4160.0,4065.0,4110.0,4061.0,4024.25,3743.3333333333335,3683.25,232900
2007-07-18,4115.0,4270.0,4090.0,4240.0,4104.0,4035.75,3754.5833333333335,3686.4166666666665,359700
2007-07-19,4250.0,4330.0,4160.0,4165.0,4137.0,4042.0,3765.0,3688.375,236700
2007-07-20,4185.0,4200.0,4050.0,4070.0,4141.0,4044.25,3773.5,3689.2083333333335,276600
2007-07-23,4125.0,4435.0,4125.0,4315.0,4180.0,4059.75,3786.5,3692.1666666666665,833000
2007-07-24,4420.0,4460.0,4305.0,4360.0,4230.0,4077.75,3800.8333333333335,3696.2083333333335,403400
2007-07-25,4360.0,4395.0,4300.0,4380.0,4258.0,4096.25,3815.5,3700.4583333333335,157400
2007-07-26,4400.0,4405.0,4300.0,4390.0,4303.0,4116.75,3830.6666666666665,3704.9166666666665,214800
2007-07-27,4250.0,4320.0,4245.0,4290.0,4347.0,4129.75,3843.0,3709.0833333333335,321400
2007-07-30,4310.0,4460.0,4290.0,4340.0,4352.0,4148.75,3856.75,3713.625,642700
2007-07-31,4320.0,4430.0,4320.0,4400.0,4360.0,4168.75,3869.5833333333335,3719.7916666666665,488600
2007-08-01,4350.0,4490.0,4255.0,4290.0,4342.0,4182.75,3880.5833333333335,3724.5416666666665,475900
2007-08-02,4270.0,4380.0,4220.0,4250.0,4314.0,4191.0,3891.5833333333335,3729.0416666666665,215400
2007-08-03,4260.0,4590.0,4260.0,4370.0,4330.0,4209.5,3905.75,3734.5416666666665,1778900
2007-08-06,4435.0,4520.0,4350.0,4370.0,4336.0,4227.0,3919.1666666666665,3740.375,785000
2007-08-07,4450.0,4455.0,4310.0,4370.0,4330.0,4245.25,3932.75,3746.625,291300
2007-08-08,4370.0,4550.0,4335.0,4475.0,4367.0,4267.75,3946.9166666666665,3753.9166666666665,1054200
2007-08-09,4630.0,4715.0,4525.0,4640.0,4445.0,4299.75,3963.5,3762.5,1873700
2007-08-10,4505.0,4670.0,4490.0,4660.0,4503.0,4330.25,3981.25,3772.0833333333335,610900
2007-08-13,4660.0,4660.0,4660.0,4660.0,4561.0,4357.25,3999.4166666666665,3782.4166666666665,0
2007-08-14,4680.0,4695.0,4455.0,4500.0,4587.0,4376.75,4014.5,3790.875,488400
2007-08-16,4380.0,4430.0,4170.0,4170.0,4526.0,4373.25,4024.5,3796.7083333333335,697800
2007-08-17,4215.0,4500.0,4105.0,4200.0,4438.0,4375.0,4034.9166666666665,3801.875,1057600
2007-08-20,4395.0,4480.0,4340.0,4365.0,4379.0,4389.75,4048.5,3809.0833333333335,1017900
2007-08-21,4385.0,4385.0,4225.0,4245.0,4296.0,4386.25,4060.0833333333335,3815.5,546900
2007-08-22,4220.0,4325.0,4210.0,4285.0,4253.0,4382.5,4073.0833333333335,3822.4166666666665,434000
2007-08-23,4340.0,4700.0,4310.0,4575.0,4334.0,4392.25,4090.1666666666665,3832.0833333333335,1372400
2007-08-24,4575.0,4600.0,4405.0,4425.0,4379.0,4394.0,4104.666666666667,3840.5,554800
2007-08-27,4560.0,4560.0,4415.0,4430.0,4392.0,4401.0,4119.0,3848.0,430100
2007-08-28,4430.0,4510.0,4390.0,4425.0,4428.0,4405.25,4133.166666666667,3855.75,525600
2007-08-29,4230.0,4355.0,4230.0,4320.0,4435.0,4401.25,4145.75,3862.0416666666665,255600
2007-08-30,4420.0,4760.0,4415.0,4510.0,4422.0,4412.25,4160.916666666667,3869.375,2534500
2007-08-31,4510.0,4635.0,4475.0,4500.0,4437.0,4424.75,4175.083333333333,3876.875,755600
2007-09-03,4560.0,4560.0,4440.0,4490.0,4449.0,4430.75,4188.25,3884.5416666666665,357600
2007-09-04,4495.0,4665.0,4495.0,4575.0,4479.0,4441.0,4202.916666666667,3892.4583333333335,674100
2007-09-05,4585.0,4830.0,4575.0,4760.0,4567.0,4460.5,4220.25,3902.125,1106800
2007-09-06,4705.0,4730.0,4625.0,4650.0,4595.0,4469.25,4235.916666666667,3910.125,482900
2007-09-07,4680.0,4890.0,4675.0,4815.0,4658.0,4478.0,4254.916666666667,3919.9583333333335,1289300
2007-09-10,4720.0,4885.0,4700.0,4860.0,4732.0,4488.0,4274.166666666667,3930.2083333333335,531100
2007-09-11,4860.0,4920.0,4705.0,4720.0,4761.0,4491.0,4288.5,3938.7083333333335,743400
2007-09-12,4800.0,4800.0,4640.0,4700.0,4749.0,4501.0,4300.666666666667,3947.375,391800
2007-09-13,4660.0,4900.0,4660.0,4865.0,4792.0,4535.75,4314.916666666667,3957.5416666666665,674300
2007-09-14,4920.0,4990.0,4845.0,4895.0,4808.0,4570.5,4329.166666666667,3968.5416666666665,379700
2007-09-17,4940.0,5020.0,4900.0,4900.0,4816.0,4597.25,4343.75,3979.4166666666665,342400
2007-09-18,4900.0,4980.0,4810.0,4835.0,4839.0,4626.75,4357.583333333333,3989.7083333333335,240200
2007-09-19,5000.0,5000.0,4715.0,4750.0,4849.0,4650.0,4370.083333333333,3999.2916666666665,788100
2007-09-20,4745.0,4815.0,4670.0,4670.0,4810.0,4654.75,4381.083333333333,4008.125,466700
2007-09-21,4745.0,4825.0,4695.0,4810.0,4793.0,4674.0,4394.916666666667,4017.9583333333335,363900
2007-09-27,4810.0,4850.0,4735.0,4850.0,4783.0,4695.0,4408.583333333333,4028.375,388800
2007-09-28,4855.0,4860.0,4625.0,4690.0,4754.0,4708.25,4420.75,4037.8333333333335,359600
2007-10-01,4665.0,4700.0,4610.0,4620.0,4728.0,4723.25,4431.083333333333,4046.7916666666665,321200
2007-10-02,4640.0,4720.0,4590.0,4635.0,4721.0,4729.5,4441.5,4055.9166666666665,498900
2007-10-04,4645.0,4645.0,4545.0,4545.0,4668.0,4731.75,4449.166666666667,4064.5,449700
2007-10-05,4545.0,4545.0,4385.0,4400.0,4578.0,4727.25,4455.833333333333,4071.7916666666665,638900
2007-10-08,4430.0,4440.0,4195.0,4240.0,4488.0,4710.5,4459.5,4077.25,662800
2007-10-09,4240.0,4350.0,4150.0,4350.0,4434.0,4690.0,4465.25,4083.75,525800
2007-10-10,4315.0,4385.0,4260.0,4300.0,4367.0,4672.5,4469.833333333333,4089.875,468200
2007-10-11,4300.0,4310.0,4190.0,4220.0,4302.0,4642.75,4473.5,4095.4166666666665,398800
2007-10-12,4200.0,4255.0,4110.0,4165.0,4255.0,4608.0,4475.416666666667,4100.291666666667,364900
2007-10-15,4180.0,4230.0,4165.0,4180.0,4243.0,4581.0,4476.416666666667,4105.375,212000
2007-10-16,4185.0,4185.0,4120.0,4120.0,4197.0,4552.0,4476.583333333333,4109.958333333333,270300
2007-10-17,4120.0,4215.0,4015.0,4180.0,4173.0,4517.75,4475.583333333333,4115.083333333333,260800
2007-10-18,4210.0,4215.0,4110.0,4170.0,4163.0,4481.5,4475.666666666667,4120.333333333333,306600
2007-10-19,4130.0,4185.0,4105.0,4130.0,4156.0,4443.0,4476.666666666667,4125.083333333333,182300
2007-10-22,3905.0,4025.0,3905.0,3980.0,4116.0,4400.25,4471.083333333333,4128.791666666667,339200
2007-10-23,4005.0,4130.0,4005.0,4065.0,4105.0,4366.0,4466.166666666667,4133.5,327200
2007-10-24,4080.0,4105.0,3880.0,3945.0,4058.0,4329.75,4458.916666666667,4137.208333333333,300500
2007-10-25,4030.0,4250.0,3965.0,4200.0,4064.0,4299.25,4455.75,4143.208333333333,875900
2007-10-26,4200.0,4200.0,4050.0,4050.0,4048.0,4259.25,4451.75,4147.375,306200
2007-10-29,4075.0,4080.0,3960.0,4030.0,4058.0,4226.25,4446.583333333333,4151.666666666667,274800
2007-10-30,4055.0,4055.0,3920.0,3965.0,4038.0,4193.5,4439.333333333333,4154.458333333333,452800
2007-10-31,3950.0,3955.0,3855.0,3955.0,4040.0,4159.5,4433.75,4157.166666666667,475400
2007-11-01,3960.0,4080.0,3960.0,4020.0,4004.0,4133.25,4429.916666666667,4160.75,372300
2007-11-02,3900.0,3980.0,3890.0,3915.0,3977.0,4109.0,4422.333333333333,4164.041666666667,255300
2007-11-05,3970.0,3970.0,3865.0,3935.0,3958.0,4093.75,4415.083333333333,4167.125,212400
2007-11-06,3935.0,4120.0,3935.0,4025.0,3970.0,4077.5,4409.333333333333,4171.041666666667,426000
2007-11-07,4035.0,4240.0,3550.0,3800.0,3939.0,4052.5,4398.083333333333,4172.5,905800
2007-11-08,3640.0,3680.0,3400.0,3505.0,3836.0,4016.75,4379.166666666667,4171.333333333333,1217400
2007-11-09,3515.0,3530.0,3285.0,3340.0,3721.0,3975.5,4357.166666666667,4169.208333333333,849000
2007-11-12,3300.0,3330.0,3195.0,3245.0,3583.0,3928.75,4333.583333333333,4166.5,480000
2007-11-13,3250.0,3325.0,3235.0,3300.0,3438.0,3887.75,4313.583333333333,4164.041666666667,215300
2007-11-14,3355.0,3500.0,3340.0,3425.0,3363.0,3850.0,4301.166666666667,4162.833333333333,358300
2007-11-15,3400.0,3400.0,3235.0,3270.0,3316.0,3805.0,4285.666666666667,4160.291666666667,432600
2007-11-16,3285.0,3285.0,3190.0,3245.0,3297.0,3760.75,4267.0,4157.75,311400
2007-11-19,3255.0,3270.0,3210.0,3210.0,3290.0,3722.25,4249.75,4154.916666666667,326800
2007-11-20,3190.0,3225.0,3085.0,3085.0,3247.0,3673.25,4229.75,4151.416666666667,552300
2007-11-21,3065.0,3120.0,2965.0,2975.0,3157.0,3624.75,4203.083333333333,4146.625,515600
2007-11-22,2895.0,2955.0,2895.0,2935.0,3090.0,3561.5,4178.25,4141.458333333333,418900
2007-11-23,2920.0,2965.0,2900.0,2930.0,3027.0,3505.5,4153.25,4136.125,380700
2007-11-26,2965.0,3020.0,2945.0,3020.0,2989.0,3455.0,4129.833333333333,4131.5,349600
2007-11-27,2960.0,3020.0,2840.0,2905.0,2953.0,3402.0,4106.25,4126.0,619100
2007-11-28,2935.0,2940.0,2885.0,2910.0,2940.0,3349.75,4079.5833333333335,4120.25,574400
2007-11-29,2950.0,3000.0,2895.0,2895.0,2932.0,3293.5,4052.8333333333335,4113.958333333333,540900
2007-11-30,2905.0,2970.0,2900.0,2955.0,2937.0,3245.5,4027.25,4107.75,485500
2007-12-03,3030.0,3110.0,2960.0,3020.0,2937.0,3199.75,4001.3333333333335,4102.125,645200
2007-12-04,3055.0,3115.0,3030.0,3070.0,2970.0,3152.0,3973.1666666666665,4096.708333333333,354600
2007-12-05,3160.0,3200.0,3110.0,3200.0,3028.0,3122.0,3949.0,4092.4583333333335,718500
2007-12-06,3260.0,3260.0,3130.0,3135.0,3076.0,3103.5,3921.0,4087.9583333333335,841100
2007-12-07,3135.0,3200.0,3115.0,3170.0,3119.0,3095.0,3892.8333333333335,4083.5,399900
2007-12-10,3245.0,3370.0,3190.0,3245.0,3164.0,3095.0,3868.25,4078.375,840800
2007-12-11,3245.0,3250.0,3160.0,3215.0,3193.0,3090.75,3843.5,4072.0833333333335,390900
2007-12-12,3175.0,3320.0,3150.0,3315.0,3216.0,3085.25,3817.6666666666665,4066.2916666666665,308600
2007-12-13,3315.0,3375.0,3285.0,3300.0,3249.0,3086.75,3791.0833333333335,4060.125,291300
2007-12-14,3305.0,3340.0,3190.0,3220.0,3259.0,3085.5,3763.0833333333335,4053.4166666666665,576500
2007-12-17,3220.0,3250.0,3120.0,3120.0,3234.0,3081.0,3734.5,4046.0416666666665,331200
2007-12-18,3120.0,3180.0,3110.0,3145.0,3220.0,3084.0,3707.75,4038.9166666666665,164800
2007-12-20,3180.0,3205.0,3125.0,3200.0,3197.0,3095.25,3683.25,4032.1666666666665,348300
2007-12-21,3140.0,3270.0,3130.0,3260.0,3189.0,3111.5,3657.4166666666665,4026.1666666666665,286200
2007-12-24,3295.0,3470.0,3240.0,3400.0,3225.0,3135.0,3633.25,4020.9166666666665,383500
2007-12-26,3410.0,3500.0,3400.0,3440.0,3289.0,3156.0,3612.4166666666665,4016.5833333333335,794200
2007-12-27,3365.0,3370.0,3245.0,3295.0,3319.0,3175.5,3590.3333333333335,4010.7083333333335,263700
2007-12-28,3280.0,3415.0,3280.0,3340.0,3347.0,3197.0,3568.75,4005.125,155008
2008-01-02,3250.0,3340.0,3250.0,3300.0,3355.0,3217.25,3548.0,3998.5833333333335,225732
2008-01-03,3260.0,3350.0,3210.0,3305.0,3336.0,3234.75,3529.75,3992.7916666666665,80899
2008-01-04,3320.0,3340.0,3195.0,3310.0,3310.0,3249.25,3514.25,3986.875,473730
2008-01-07,3225.0,3350.0,3225.0,3310.0,3313.0,3261.25,3496.9166666666665,3981.0833333333335,249948
2008-01-08,3310.0,3410.0,3260.0,3275.0,3300.0,3265.0,3479.8333333333335,3974.8333333333335,297663
2008-01-09,3260.0,3300.0,3240.0,3295.0,3299.0,3273.0,3464.4166666666665,3968.9583333333335,124804
2008-01-10,3285.0,3350.0,3240.0,3290.0,3296.0,3279.0,3449.8333333333335,3962.625,241119
2008-01-11,3270.0,3335.0,3255.0,3255.0,3285.0,3279.5,3434.4166666666665,3955.4166666666665,276147
2008-01-14,3260.0,3295.0,3200.0,3260.0,3275.0,3281.75,3420.0833333333335,3948.3333333333335,195109
2008-01-15,3305.0,3310.0,3190.0,3270.0,3274.0,3279.5,3404.9166666666665,3940.25,283091
2008-01-16,3200.0,3290.0,3200.0,3235.0,3262.0,3276.25,3389.3333333333335,3932.5,382061
2008-01-17,3205.0,3260.0,3200.0,3240.0,3252.0,3277.25,3374.5,3925.5833333333335,135459
2008-01-18,3230.0,3265.0,3200.0,3235.0,3248.0,3283.0,3362.0833333333335,3916.5833333333335,241258
2008-01-21,3190.0,3270.0,3175.0,3200.0,3236.0,3285.75,3347.6666666666665,3906.9166666666665,210418
2008-01-22,3125.0,3210.0,3040.0,3055.0,3193.0,3278.5,3332.8333333333335,3895.875,487755
2008-01-23,3160.0,3160.0,2955.0,3000.0,3146.0,3265.5,3312.8333333333335,3884.2916666666665,391918
2008-01-24,3000.0,3135.0,3000.0,3055.0,3109.0,3248.25,3296.25,3874.0,179104
2008-01-25,3090.0,3510.0,3090.0,3380.0,3138.0,3245.25,3285.4166666666665,3866.0,918233
2008-01-28,3290.0,3525.0,3240.0,3290.0,3156.0,3245.0,3274.1666666666665,3856.75,483446
2008-01-29,3355.0,3400.0,3210.0,3330.0,3211.0,3244.5,3263.75,3848.75,224690
2008-01-30,3360.0,3370.0,2835.0,3135.0,3238.0,3236.25,3249.0,3839.4583333333335,277624
2008-01-31,3015.0,3335.0,3010.0,3200.0,3267.0,3231.0,3237.0833333333335,3829.7083333333335,213497
2008-02-01,3150.0,3300.0,3150.0,3200.0,3231.0,3225.5,3224.8333333333335,3819.9583333333335,119275
2008-02-04,3220.0,3320.0,3210.0,3280.0,3229.0,3224.0,3212.4166666666665,3810.875,233567
2008-02-05,3305.0,3370.0,3185.0,3350.0,3233.0,3227.75,3204.9166666666665,3801.5,384622
2008-02-11,3315.0,3350.0,3270.0,3290.0,3264.0,3227.5,3201.3333333333335,3790.25,310133
2008-02-12,3285.0,3365.0,3265.0,3290.0,3282.0,3227.5,3200.5,3778.8333333333335,148321
2008-02-13,3290.0,3330.0,3245.0,3245.0,3291.0,3227.0,3200.5,3767.0416666666665,77065
2008-02-14,3250.0,3290.0,3245.0,3260.0,3287.0,3227.0,3199.8333333333335,3756.7083333333335,97196
2008-02-15,3190.0,3240.0,3180.0,3190.0,3255.0,3223.0,3195.9166666666665,3748.5416666666665,167227
2008-02-18,3190.0,3220.0,3165.0,3175.0,3232.0,3220.0,3194.3333333333335,3740.0,71397
2008-02-19,3215.0,3245.0,3180.0,3210.0,3216.0,3218.5,3193.75,3730.375,89632
2008-02-20,3210.0,3240.0,3165.0,3195.0,3206.0,3216.5,3193.5,3721.625,124870
2008-02-21,3195.0,3220.0,3165.0,3180.0,3190.0,3215.5,3195.0833333333335,3712.4166666666665,213918
2008-02-22,3180.0,3200.0,3150.0,3170.0,3186.0,3221.25,3198.3333333333335,3700.7083333333335,103686
2008-02-25,3160.0,3200.0,3120.0,3145.0,3180.0,3228.5,3201.8333333333335,3690.0416666666665,193487
2008-02-26,3160.0,3175.0,3100.0,3105.0,3159.0,3231.0,3204.75,3679.0,123648
2008-02-27,3115.0,3180.0,3110.0,3165.0,3153.0,3220.25,3207.1666666666665,3668.5,117041
2008-02-28,3175.0,3215.0,3160.0,3215.0,3160.0,3216.5,3212.3333333333335,3659.2916666666665,342892
2008-02-29,3200.0,3260.0,3180.0,3260.0,3178.0,3213.0,3218.1666666666665,3648.875,253614
2008-03-03,3230.0,3260.0,3175.0,3225.0,3194.0,3217.5,3223.6666666666665,3638.25,259790
2008-03-04,3250.0,3250.0,3175.0,3175.0,3208.0,3216.25,3227.3333333333335,3627.2916666666665,89742
2008-03-05,3170.0,3240.0,3150.0,3225.0,3220.0,3217.5,3230.75,3616.0416666666665,179625
2008-03-06,3180.0,3220.0,3180.0,3195.0,3216.0,3213.25,3232.8333333333335,3603.0,117958
2008-03-07,3135.0,3205.0,3135.0,3200.0,3204.0,3205.75,3232.8333333333335,3590.9166666666665,101266
2008-03-10,3150.0,3200.0,3135.0,3160.0,3191.0,3199.25,3233.25,3577.125,113091
2008-03-11,3140.0,3210.0,3110.0,3165.0,3189.0,3193.0,3233.1666666666665,3563.0,214062
2008-03-12,3210.0,3250.0,3170.0,3185.0,3181.0,3190.0,3232.1666666666665,3550.2083333333335,381008
2008-03-13,3130.0,3225.0,3130.0,3195.0,3181.0,3186.75,3231.8333333333335,3537.6666666666665,163973
2008-03-14,3240.0,3315.0,3220.0,3260.0,3193.0,3190.25,3230.9166666666665,3524.2916666666665,292263
2008-03-17,3285.0,3315.0,3190.0,3190.0,3199.0,3191.0,3229.0833333333335,3510.0833333333335,428294
2008-03-18,3235.0,3265.0,3170.0,3250.0,3216.0,3193.0,3229.5833333333335,3496.3333333333335,356995
2008-03-19,3300.0,3300.0,3235.0,3235.0,3226.0,3195.0,3231.5,3483.0,315465
2008-03-20,3235.0,3235.0,3185.0,3200.0,3227.0,3196.0,3232.4166666666665,3470.0833333333335,177117
2008-03-21,3250.0,3250.0,3200.0,3245.0,3224.0,3199.75,3233.1666666666665,3458.2083333333335,78373
2008-03-24,3255.0,3340.0,3230.0,3340.0,3254.0,3209.5,3234.5,3445.9583333333335,234409
2008-03-25,3345.0,3350.0,3270.0,3275.0,3259.0,3218.0,3232.4166666666665,3432.8333333333335,306276
2008-03-26,3265.0,3305.0,3230.0,3240.0,3260.0,3221.75,3229.0833333333335,3420.75,213800
2008-03-27,3285.0,3285.0,3230.0,3235.0,3267.0,3222.75,3228.0833333333335,3409.2083333333335,228904
2008-03-28,3250.0,3250.0,3170.0,3200.0,3258.0,3219.75,3225.75,3397.25,468975
2008-03-31,3200.0,3215.0,3170.0,3200.0,3230.0,3218.5,3224.0833333333335,3386.0416666666665,421403
2008-04-01,3200.0,3225.0,3175.0,3200.0,3215.0,3219.75,3222.3333333333335,3376.0416666666665,263759
2008-04-02,3215.0,3235.0,3145.0,3180.0,3203.0,3217.5,3220.1666666666665,3367.2083333333335,410922
2008-04-03,3160.0,3225.0,3160.0,3195.0,3195.0,3217.5,3218.25,3357.5833333333335,423606
2008-04-04,3200.0,3225.0,3195.0,3200.0,3195.0,3217.5,3217.0,3348.4166666666665,147934
2008-04-07,3220.0,3225.0,3195.0,3200.0,3195.0,3219.5,3215.4166666666665,3339.9166666666665,391351
2008-04-08,3195.0,3225.0,3170.0,3185.0,3192.0,3220.5,3213.6666666666665,3331.75,317597
2008-04-10,3185.0,3195.0,3165.0,3175.0,3191.0,3220.0,3212.3333333333335,3323.375,194856
2008-04-11,3195.0,3200.0,3165.0,3200.0,3192.0,3220.25,3211.3333333333335,3315.7083333333335,212870
2008-04-14,3180.0,3220.0,3175.0,3210.0,3194.0,3217.75,3210.3333333333335,3307.625,238747
2008-04-15,3205.0,3215.0,3185.0,3185.0,3191.0,3217.5,3209.5,3299.4166666666665,244757
2008-04-16,3215.0,3315.0,3180.0,3300.0,3214.0,3220.0,3210.5,3292.5,610417
2008-04-17,3320.0,3320.0,3270.0,3305.0,3240.0,3223.5,3211.6666666666665,3286.875,475147
2008-04-18,3305.0,3355.0,3300.0,3330.0,3266.0,3230.0,3213.8333333333335,3280.75,682189
2008-04-21,3335.0,3345.0,3305.0,3310.0,3286.0,3233.25,3218.0833333333335,3275.4583333333335,572879
2008-04-22,3310.0,3340.0,3255.0,3320.0,3313.0,3232.25,3223.4166666666665,3268.125,750175
2008-04-23,3325.0,3430.0,3260.0,3260.0,3305.0,3231.5,3226.8333333333335,3261.5416666666665,975958
2008-04-24,3265.0,3305.0,3255.0,3295.0,3303.0,3234.25,3225.4166666666665,3255.4166666666665,253602
2008-04-25,3300.0,3305.0,3250.0,3250.0,3287.0,3235.0,3224.75,3249.4583333333335,355130
2008-04-28,3250.0,3280.0,3180.0,3195.0,3264.0,3234.75,3222.5,3243.125,382086
2008-04-29,3200.0,3240.0,3180.0,3205.0,3241.0,3235.0,3223.6666666666665,3236.3333333333335,273739
2008-04-30,3225.0,3260.0,3130.0,3190.0,3227.0,3234.5,3223.5,3230.2916666666665,511753
2008-05-01,3190.0,3190.0,3190.0,3190.0,3206.0,3235.0,3223.3333333333335,3224.0833333333335,0
2008-05-02,3220.0,3235.0,3175.0,3190.0,3194.0,3234.75,3221.8333333333335,3217.125,383349
2008-05-05,3190.0,3190.0,3190.0,3190.0,3193.0,3234.25,3219.1666666666665,3212.0416666666665,0
2008-05-06,3190.0,3235.0,3185.0,3200.0,3192.0,3234.25,3217.6666666666665,3209.5,158556
2008-05-07,3205.0,3205.0,3180.0,3190.0,3192.0,3234.5,3216.0,3208.25,351945
2008-05-08,3200.0,3275.0,3170.0,3190.0,3192.0,3235.25,3215.0833333333335,3207.7916666666665,650067
2008-05-09,3200.0,3200.0,3155.0,3185.0,3191.0,3234.5,3213.8333333333335,3206.8333333333335,154218
2008-05-12,3185.0,3185.0,3185.0,3185.0,3190.0,3233.25,3213.75,3204.8333333333335,0
2008-05-13,3180.0,3200.0,3180.0,3190.0,3188.0,3233.5,3214.0,3204.1666666666665,264826
2008-05-14,3190.0,3250.0,3185.0,3250.0,3200.0,3231.0,3214.6666666666665,3204.2083333333335,425977
2008-05-15,3270.0,3275.0,3240.0,3260.0,3214.0,3228.75,3215.75,3204.625,594940
2008-05-16,3270.0,3280.0,3245.0,3260.0,3229.0,3225.25,3217.0833333333335,3206.0833333333335,365792
2008-05-19,3270.0,3290.0,3240.0,3255.0,3243.0,3222.5,3218.5,3208.4166666666665,307775
2008-05-20,3250.0,3315.0,3235.0,3305.0,3266.0,3221.75,3221.1666666666665,3211.5,254725
2008-05-21,3305.0,3390.0,3260.0,3310.0,3278.0,3224.25,3224.5833333333335,3214.6666666666665,653365
2008-05-22,3270.0,3330.0,3210.0,3330.0,3292.0,3226.0,3227.3333333333335,3217.25,304608
2008-05-23,3355.0,3470.0,3330.0,3470.0,3334.0,3237.0,3231.5833333333335,3221.9583333333335,656082
2008-05-26,3500.0,3545.0,3380.0,3380.0,3359.0,3246.25,3233.5833333333335,3225.875,587934
2008-05-27,3380.0,3550.0,3320.0,3500.0,3398.0,3261.0,3238.1666666666665,3230.9166666666665,498150
2008-05-28,3545.0,3580.0,3465.0,3520.0,3440.0,3277.5,3243.9166666666665,3235.625,552348
2008-05-29,3500.0,3520.0,3430.0,3510.0,3476.0,3293.5,3248.6666666666665,3239.7083333333335,387247
2008-05-30,3560.0,3560.0,3475.0,3485.0,3479.0,3308.25,3253.5,3243.1666666666665,238909
2008-06-02,3460.0,3510.0,3350.0,3475.0,3498.0,3322.5,3258.0833333333335,3245.4583333333335,252610
2008-06-03,3500.0,3500.0,3430.0,3450.0,3488.0,3335.0,3262.9166666666665,3248.0833333333335,159911
2008-06-04,3405.0,3490.0,3405.0,3455.0,3475.0,3348.25,3267.75,3250.4583333333335,163717
2008-06-05,3455.0,3535.0,3440.0,3510.0,3475.0,3364.25,3273.1666666666665,3252.6666666666665,317689
2008-06-06,3510.0,3510.0,3510.0,3510.0,3480.0,3380.5,3278.4166666666665,3255.125,0
2008-06-09,3450.0,3550.0,3405.0,3530.0,3491.0,3397.75,3282.9166666666665,3256.9166666666665,700060
2008-06-10,3550.0,3600.0,3440.0,3500.0,3501.0,3413.25,3288.0833333333335,3258.5833333333335,354375
2008-06-11,3480.0,3520.0,3435.0,3510.0,3512.0,3426.25,3292.4166666666665,3261.0,215613
2008-06-12,3490.0,3490.0,3425.0,3460.0,3502.0,3436.25,3296.1666666666665,3263.8333333333335,382794
2008-06-13,3470.0,3545.0,3420.0,3480.0,3496.0,3447.25,3300.8333333333335,3266.625,314778
2008-06-16,3500.0,3580.0,3500.0,3535.0,3497.0,3461.25,3305.6666666666665,3269.4166666666665,249993
2008-06-17,3570.0,3575.0,3480.0,3500.0,3497.0,3471.0,3308.3333333333335,3271.4166666666665,206944
2008-06-18,3470.0,3490.0,3350.0,3360.0,3467.0,3473.5,3309.75,3271.0833333333335,456824
2008-06-19,3330.0,3410.0,3330.0,3380.0,3451.0,3476.0,3312.0833333333335,3270.5833333333335,183123
2008-06-20,3380.0,3420.0,3375.0,3400.0,3435.0,3472.5,3314.8333333333335,3271.4583333333335,336757
2008-06-23,3385.0,3420.0,3335.0,3400.0,3408.0,3473.5,3318.1666666666665,3271.9583333333335,204699
2008-06-24,3415.0,3420.0,3360.0,3365.0,3381.0,3466.75,3320.9166666666665,3272.5,175689
2008-06-25,3390.0,3390.0,3320.0,3390.0,3387.0,3460.25,3324.0833333333335,3273.2083333333335,176916
2008-06-26,3400.0,3430.0,3365.0,3380.0,3387.0,3453.75,3327.4166666666665,3273.7916666666665,138409
2008-06-27,3330.0,3450.0,3320.0,3405.0,3388.0,3449.75,3330.9166666666665,3274.5833333333335,274680
2008-06-30,3400.0,3445.0,3360.0,3400.0,3388.0,3446.0,3334.25,3275.625,163349
2008-07-01,3405.0,3405.0,3280.0,3280.0,3371.0,3437.5,3335.5833333333335,3275.5,141987
2008-07-02,3255.0,3270.0,2800.0,3190.0,3331.0,3424.25,3335.6666666666665,3274.6666666666665,501457
2008-07-03,3170.0,3265.0,3015.0,3235.0,3302.0,3410.5,3336.6666666666665,3274.5,259079
2008-07-04,3200.0,3245.0,3100.0,3100.0,3241.0,3390.0,3335.0,3273.1666666666665,146974
2008-07-07,3055.0,3120.0,3025.0,3095.0,3180.0,3368.25,3333.0833333333335,3271.7083333333335,120753
2008-07-08,3050.0,3070.0,2900.0,2980.0,3120.0,3342.25,3329.6666666666665,3269.5833333333335,167300
2008-07-09,3010.0,3015.0,2930.0,2930.0,3068.0,3313.25,3323.5,3267.0,219379
2008-07-10,2850.0,2985.0,2850.0,2985.0,3018.0,3289.5,3318.1666666666665,3264.9166666666665,204810
2008-07-11,3000.0,3090.0,2900.0,2965.0,2991.0,3263.75,3312.0833333333335,3262.9583333333335,143698
2008-07-14,2930.0,3030.0,2930.0,2995.0,2971.0,3236.75,3306.8333333333335,3262.4583333333335,62443
2008-07-15,2995.0,3050.0,2815.0,2835.0,2942.0,3203.5,3298.75,3261.0833333333335,264273
2008-07-16,2855.0,2870.0,2755.0,2765.0,2909.0,3173.75,3290.5,3258.6666666666665,128586
2008-07-17,2785.0,2830.0,2725.0,2745.0,2861.0,3142.0,3281.3333333333335,3253.375,212476
2008-07-18,2755.0,2990.0,2740.0,2800.0,2828.0,3112.0,3273.8333333333335,3249.2916666666665,350497
2008-07-21,2800.0,2920.0,2780.0,2920.0,2813.0,3088.0,3269.25,3245.875,604725
2008-07-22,2870.0,2900.0,2810.0,2895.0,2825.0,3064.5,3264.0833333333335,3243.875,217220
2008-07-23,2895.0,2930.0,2860.0,2900.0,2852.0,3040.0,3259.25,3241.375,280766
2008-07-24,2900.0,2925.0,2875.0,2910.0,2885.0,3016.5,3254.5833333333335,3238.9583333333335,254972
2008-07-25,2935.0,2935.0,2845.0,2915.0,2908.0,2992.0,3250.0,3235.9166666666665,373937
2008-07-28,2905.0,2920.0,2850.0,2860.0,2896.0,2965.0,3244.5,3231.8333333333335,144242
2008-07-29,2805.0,2860.0,2805.0,2850.0,2887.0,2943.5,3238.6666666666665,3228.1666666666665,152500
2008-07-30,2860.0,2890.0,2825.0,2850.0,2877.0,2926.5,3233.0,3224.5,105000
2008-07-31,2810.0,2850.0,2810.0,2845.0,2864.0,2907.0,3227.25,3221.1666666666665,160800
2008-08-01,2840.0,2845.0,2810.0,2845.0,2850.0,2894.25,3221.5833333333335,3217.7083333333335,153700
2008-08-04,2795.0,2850.0,2785.0,2790.0,2836.0,2879.0,3215.0,3214.375,129200
2008-08-05,2790.0,2840.0,2750.0,2800.0,2826.0,2870.0,3208.5,3211.25,376500
2008-08-06,2845.0,2865.0,2785.0,2800.0,2816.0,2863.5,3201.0,3207.8333333333335,168200
2008-08-07,2800.0,2820.0,2755.0,2755.0,2798.0,2852.0,3192.5833333333335,3204.1666666666665,189100
2008-08-08,2750.0,2785.0,2740.0,2755.0,2780.0,2841.5,3184.1666666666665,3200.625,140000
2008-08-11,2775.0,2795.0,2775.0,2785.0,2779.0,2831.0,3176.3333333333335,3197.4166666666665,59100
2008-08-12,2770.0,2795.0,2740.0,2760.0,2771.0,2827.25,3167.25,3194.2083333333335,193900
2008-08-13,2760.0,2805.0,2755.0,2775.0,2766.0,2827.75,3158.3333333333335,3191.4583333333335,107300
2008-08-14,2775.0,2795.0,2770.0,2795.0,2774.0,2830.25,3149.4166666666665,3188.375,94300
2008-08-15,2795.0,2795.0,2795.0,2795.0,2782.0,2830.0,3138.1666666666665,3184.875,0
2008-08-18,2795.0,2800.0,2740.0,2760.0,2777.0,2822.0,3127.8333333333335,3180.7083333333335,171921
2008-08-19,2760.0,2775.0,2725.0,2760.0,2777.0,2815.25,3115.5,3176.8333333333335,143639
2008-08-20,2740.0,2765.0,2730.0,2740.0,2770.0,2807.25,3102.5,3173.2083333333335,130646
2008-08-21,2740.0,2750.0,2725.0,2750.0,2761.0,2799.25,3089.8333333333335,3169.25,137469
2008-08-22,2750.0,2810.0,2715.0,2750.0,2752.0,2791.0,3077.5833333333335,3165.5416666666665,549723
2008-08-25,2755.0,2820.0,2740.0,2750.0,2750.0,2785.5,3065.5,3161.7916666666665,108606
2008-08-26,2760.0,2760.0,2690.0,2695.0,2737.0,2777.75,3052.9166666666665,3157.9166666666665,163666
2008-08-27,2655.0,2770.0,2630.0,2750.0,2739.0,2772.75,3041.1666666666665,3154.4583333333335,254871
2008-08-28,2730.0,2755.0,2675.0,2675.0,2724.0,2764.25,3027.25,3150.2083333333335,250845
2008-08-29,2705.0,2710.0,2545.0,2650.0,2704.0,2754.5,3012.9166666666665,3145.6666666666665,146996
2008-09-01,2640.0,2640.0,2450.0,2450.0,2644.0,2737.5,2994.9166666666665,3138.9166666666665,286544
2008-09-02,2085.0,2295.0,2085.0,2085.0,2522.0,2701.75,2971.3333333333335,3129.7083333333335,2623887
2008-09-03,2005.0,2100.0,1985.0,2095.0,2391.0,2666.5,2947.75,3120.0833333333335,364823
2008-09-04,2110.0,2220.0,2105.0,2190.0,2294.0,2638.25,2926.5833333333335,3111.375,607338
2008-09-05,2110.0,2200.0,2110.0,2170.0,2198.0,2609.0,2904.75,3102.7916666666665,322660
2008-09-08,2200.0,2240.0,2185.0,2205.0,2149.0,2580.0,2882.5833333333335,3094.125,359565
2008-09-09,2215.0,2220.0,2185.0,2205.0,2173.0,2552.25,2861.0,3084.6666666666665,156424
2008-09-10,2205.0,2495.0,2190.0,2410.0,2236.0,2534.0,2845.1666666666665,3077.4583333333335,907815
2008-09-11,2415.0,2515.0,2380.0,2470.0,2292.0,2517.75,2830.0,3071.0416666666665,735625
2008-09-12,2450.0,2520.0,2450.0,2460.0,2350.0,2501.0,2814.3333333333335,3064.5833333333335,271415
2008-09-15,2460.0,2460.0,2460.0,2460.0,2401.0,2486.0,2798.6666666666665,3058.4166666666665,0
2008-09-16,2300.0,2410.0,2255.0,2330.0,2426.0,2464.5,2781.4166666666665,3051.1666666666665,326722
2008-09-17,2400.0,2470.0,2365.0,2460.0,2436.0,2450.5,2765.9166666666665,3045.0,232495
2008-09-18,2390.0,2565.0,2335.0,2430.0,2428.0,2434.5,2750.0833333333335,3038.75,374006
2008-09-19,2480.0,2505.0,2425.0,2445.0,2425.0,2419.25,2734.0833333333335,3032.5,381009
2008-09-22,2450.0,2460.0,2415.0,2435.0,2420.0,2403.5,2718.0,3026.125,299992
2008-09-23,2445.0,2460.0,2405.0,2460.0,2446.0,2391.75,2704.3333333333335,3019.9583333333335,88391
2008-09-24,2460.0,2490.0,2430.0,2465.0,2447.0,2377.5,2692.25,3013.9583333333335,167600
2008-09-25,2495.0,2580.0,2465.0,2550.0,2471.0,2371.25,2680.8333333333335,3008.75,275119
2008-09-26,2600.0,2610.0,2535.0,2545.0,2491.0,2366.0,2671.5833333333335,3003.2916666666665,154786
2008-09-29,2545.0,2750.0,2515.0,2535.0,2511.0,2370.25,2662.25,2997.6666666666665,566738
2008-09-30,2350.0,2545.0,2350.0,2545.0,2528.0,2393.25,2655.0,2992.3333333333335,116832
2008-10-01,2560.0,2600.0,2550.0,2575.0,2550.0,2417.25,2649.0833333333335,2986.2916666666665,121352
2008-10-02,2600.0,2620.0,2490.0,2575.0,2555.0,2436.5,2642.25,2980.2083333333335,244356
2008-10-03,2575.0,2575.0,2575.0,2575.0,2561.0,2456.75,2635.75,2973.9166666666665,0
2008-10-06,2575.0,2575.0,2425.0,2520.0,2558.0,2472.5,2627.8333333333335,2967.3333333333335,420868
2008-10-07,2510.0,2515.0,2385.0,2485.0,2546.0,2486.5,2622.0,2960.375,233474
2008-10-08,2485.0,2535.0,2465.0,2470.0,2525.0,2489.5,2617.0833333333335,2953.7916666666665,171633
2008-10-09,2500.0,2510.0,2425.0,2455.0,2501.0,2488.75,2612.25,2946.7916666666665,133011
2008-10-10,2420.0,2420.0,2090.0,2250.0,2436.0,2478.25,2603.0833333333335,2938.4583333333335,589846
2008-10-13,2290.0,2335.0,2265.0,2330.0,2398.0,2471.75,2593.25,2931.25,238902
2008-10-14,2445.0,2445.0,2385.0,2430.0,2387.0,2476.75,2585.5,2924.7916666666665,220853
2008-10-15,2400.0,2495.0,2370.0,2495.0,2392.0,2478.5,2578.75,2919.0,272596
2008-10-16,2340.0,2445.0,2340.0,2385.0,2378.0,2476.25,2570.0,2912.2916666666665,382939
2008-10-17,2470.0,2470.0,2350.0,2415.0,2411.0,2474.75,2561.6666666666665,2905.8333333333335,133638
2008-10-20,2475.0,2495.0,2355.0,2485.0,2442.0,2477.25,2555.4166666666665,2899.9583333333335,133431
2008-10-21,2490.0,2550.0,2475.0,2500.0,2456.0,2479.25,2549.5833333333335,2894.125,157250
2008-10-22,2435.0,2495.0,2220.0,2455.0,2448.0,2478.75,2543.0,2888.0,278813
2008-10-23,2320.0,2370.0,2155.0,2185.0,2408.0,2460.5,2532.0,2879.625,325121
2008-10-24,2020.0,2100.0,1860.0,1860.0,2297.0,2426.25,2515.5833333333335,2868.5833333333335,452374
2008-10-27,1760.0,1940.0,1760.0,1860.0,2172.0,2392.5,2500.0833333333335,2857.5416666666665,560559
2008-10-28,1755.0,1880.0,1755.0,1850.0,2042.0,2357.75,2484.25,2846.375,522455
2008-10-29,1910.0,1970.0,1600.0,1835.0,1918.0,2320.75,2468.1666666666665,2834.5833333333335,674579
2008-10-30,1855.0,2070.0,1820.0,2065.0,1894.0,2295.25,2456.6666666666665,2824.625,1078682
2008-10-31,2065.0,2095.0,1940.0,2020.0,1926.0,2267.5,2444.4166666666665,2814.2916666666665,332921
2008-11-03,2020.0,2060.0,2000.0,2000.0,1954.0,2241.5,2431.3333333333335,2803.8333333333335,661994
2008-11-04,2100.0,2180.0,2010.0,2140.0,2012.0,2224.25,2421.0,2794.125,1244327
2008-11-05,2310.0,2390.0,2140.0,2150.0,2075.0,2208.25,2410.5833333333335,2784.4583333333335,1126746
2008-11-06,2060.0,2250.0,2060.0,2090.0,2080.0,2190.0,2398.8333333333335,2774.125,808868
2008-11-07,2060.0,2150.0,2020.0,2130.0,2102.0,2184.0,2387.75,2762.9583333333335,429480
2008-11-10,2135.0,2160.0,2095.0,2100.0,2122.0,2172.5,2376.75,2752.2916666666665,500863
2008-11-11,2095.0,2115.0,2065.0,2075.0,2109.0,2154.75,2365.3333333333335,2740.4166666666665,296720
2008-11-12,2035.0,2100.0,1995.0,2005.0,2080.0,2130.25,2353.0833333333335,2727.7916666666665,414744
2008-11-13,1950.0,1980.0,1895.0,1950.0,2052.0,2108.5,2339.75,2714.7916666666665,487738
2008-11-14,1995.0,2050.0,1970.0,1980.0,2022.0,2086.75,2326.9166666666665,2702.25,558134
2008-11-17,1995.0,2030.0,1980.0,2020.0,2006.0,2063.5,2314.75,2690.125,194550
2008-11-18,2000.0,2040.0,1990.0,2000.0,1991.0,2038.5,2303.1666666666665,2678.0416666666665,305021
2008-11-19,2030.0,2030.0,1910.0,1950.0,1980.0,2013.25,2289.8333333333335,2665.5,265444
2008-11-20,1850.0,1900.0,1845.0,1860.0,1962.0,1997.0,2276.25,2651.75,301214
2008-11-21,1805.0,2050.0,1775.0,1995.0,1965.0,2003.75,2265.3333333333335,2639.125,384771
2008-11-24,2010.0,2210.0,2010.0,2130.0,1987.0,2017.25,2260.0,2627.4583333333335,770979
2008-11-25,2250.0,2400.0,2155.0,2250.0,2037.0,2037.25,2262.75,2617.0416666666665,894195
2008-11-26,2300.0,2420.0,2270.0,2420.0,2131.0,2066.5,2268.1666666666665,2607.9583333333335,984503
2008-11-27,2450.0,2485.0,2345.0,2360.0,2231.0,2081.25,2271.0,2598.7916666666665,498625
2008-11-28,2320.0,2570.0,2320.0,2555.0,2343.0,2108.0,2277.4166666666665,2591.0833333333335,588739
2008-12-01,2600.0,2630.0,2525.0,2545.0,2426.0,2135.25,2283.0833333333335,2582.8333333333335,323829
2008-12-02,2435.0,2495.0,2430.0,2490.0,2474.0,2152.75,2287.8333333333335,2574.4166666666665,264968
2008-12-03,2530.0,2550.0,2445.0,2495.0,2489.0,2170.0,2289.25,2567.2083333333335,260310
2008-12-04,2545.0,2565.0,2450.0,2490.0,2515.0,2190.0,2289.5833333333335,2559.7916666666665,159502
2008-12-05,2490.0,2560.0,2425.0,2475.0,2499.0,2207.25,2289.8333333333335,2552.0833333333335,429880
2008-12-08,2830.0,2840.0,2650.0,2810.0,2552.0,2242.75,2295.6666666666665,2547.1666666666665,1203891
2008-12-09,2820.0,2820.0,2700.0,2745.0,2603.0,2276.25,2302.5833333333335,2542.0,513813
2008-12-10,2745.0,2785.0,2700.0,2705.0,2645.0,2311.25,2306.6666666666665,2536.2916666666665,458587
2008-12-11,2725.0,2760.0,2690.0,2735.0,2694.0,2350.5,2311.75,2530.9166666666665,254285
2008-12-12,2730.0,2770.0,2665.0,2735.0,2746.0,2388.25,2316.5833333333335,2525.3333333333335,268010
2008-12-15,2765.0,2800.0,2720.0,2760.0,2736.0,2425.25,2322.0,2520.0,317109
2008-12-16,2755.0,2770.0,2720.0,2760.0,2739.0,2463.25,2327.0,2515.6666666666665,231041
2008-12-17,2795.0,2795.0,2710.0,2715.0,2741.0,2501.5,2331.1666666666665,2511.7083333333335,181994
2008-12-18,2700.0,2745.0,2685.0,2710.0,2736.0,2544.0,2333.8333333333335,2507.3333333333335,89857
2008-12-19,2730.0,2870.0,2665.0,2865.0,2762.0,2587.5,2339.1666666666665,2505.375,212910
2008-12-22,2870.0,2880.0,2830.0,2860.0,2782.0,2624.0,2344.5833333333335,2503.4166666666665,91648
2008-12-23,2880.0,2880.0,2730.0,2800.0,2790.0,2651.5,2348.8333333333335,2501.9166666666665,141540
2008-12-24,2780.0,2800.0,2750.0,2795.0,2806.0,2670.25,2352.5,2500.7916666666665,72337
2008-12-25,2795.0,2795.0,2795.0,2795.0,2823.0,2692.0,2356.1666666666665,2499.2083333333335,0
2008-12-26,2795.0,2800.0,2755.0,2770.0,2804.0,2702.75,2359.4166666666665,2497.5833333333335,124364
2008-12-29,2650.0,2660.0,2520.0,2545.0,2741.0,2702.75,2359.8333333333335,2493.8333333333335,170894
2008-12-30,2580.0,2660.0,2525.0,2660.0,2713.0,2711.25,2362.75,2492.375,118572
2008-12-31,2660.0,2660.0,2660.0,2660.0,2686.0,2719.5,2365.9166666666665,2491.5,0
2009-01-02,2645.0,2645.0,2580.0,2600.0,2647.0,2725.0,2368.3333333333335,2490.2916666666665,116719
2009-01-05,2660.0,2700.0,2610.0,2700.0,2633.0,2736.25,2375.8333333333335,2489.4583333333335,245983
2009-01-06,2675.0,2785.0,2675.0,2780.0,2680.0,2734.75,2383.3333333333335,2488.2916666666665,405346
2009-01-07,2780.0,2810.0,2750.0,2795.0,2707.0,2737.25,2389.4166666666665,2487.4583333333335,210365
2009-01-08,2785.0,2815.0,2720.0,2770.0,2729.0,2740.5,2394.0,2486.375,356894
2009-01-09,2775.0,2880.0,2775.0,2865.0,2782.0,2747.0,2402.0,2486.0,403554
2009-01-12,2845.0,3140.0,2845.0,2965.0,2835.0,2758.5,2411.1666666666665,2486.4166666666665,890554
2009-01-13,2975.0,2985.0,2880.0,2985.0,2876.0,2769.75,2419.5,2487.4583333333335,474660
2009-01-14,2975.0,3065.0,2735.0,2850.0,2887.0,2774.25,2425.3333333333335,2487.4583333333335,1499921
2009-01-15,2805.0,2840.0,2755.0,2755.0,2884.0,2776.25,2430.3333333333335,2486.6666666666665,293542
2009-01-16,2800.0,2825.0,2755.0,2790.0,2869.0,2780.25,2440.4166666666665,2486.2083333333335,113469
2009-01-19,2810.0,2880.0,2775.0,2840.0,2844.0,2779.0,2456.75,2486.1666666666665,207435
2009-01-20,2825.0,2845.0,2740.0,2800.0,2807.0,2776.0,2472.4166666666665,2486.25,214217
2009-01-21,2710.0,2750.0,2710.0,2745.0,2786.0,2773.25,2487.3333333333335,2485.7916666666665,162658
2009-01-22,2840.0,2840.0,2735.0,2790.0,2793.0,2773.0,2503.25,2485.7083333333335,137121
2009-01-23,2740.0,2780.0,2730.0,2750.0,2785.0,2770.75,2514.6666666666665,2485.6666666666665,76661
2009-01-28,2790.0,2790.0,2750.0,2770.0,2771.0,2770.75,2527.1666666666665,2485.7916666666665,174086
2009-01-29,2790.0,2790.0,2745.0,2790.0,2769.0,2783.0,2540.3333333333335,2485.8333333333335,94137
2009-01-30,2750.0,2780.0,2705.0,2780.0,2776.0,2789.0,2551.0,2486.0,72219
2009-02-02,2780.0,2850.0,2735.0,2770.0,2772.0,2794.5,2561.3333333333335,2485.9583333333335,153476
2009-02-03,2795.0,2830.0,2740.0,2800.0,2782.0,2804.5,2573.1666666666665,2486.0,206824
2009-02-04,2810.0,2895.0,2790.0,2860.0,2800.0,2812.5,2585.3333333333335,2486.5416666666665,288509
2009-02-05,2870.0,2930.0,2840.0,2840.0,2810.0,2815.5,2597.6666666666665,2487.2083333333335,314230
2009-02-06,2880.0,2890.0,2730.0,2730.0,2800.0,2812.25,2608.5833333333335,2486.9583333333335,584412
2009-02-09,2770.0,2780.0,2725.0,2750.0,2796.0,2811.25,2621.0,2487.0416666666665,207579
2009-02-10,2750.0,2770.0,2720.0,2735.0,2783.0,2804.75,2634.0833333333335,2486.9166666666665,104134
2009-02-11,2705.0,2715.0,2690.0,2710.0,2753.0,2792.0,2646.25,2486.5833333333335,96219
2009-02-12,2720.0,2730.0,2660.0,2670.0,2719.0,2776.25,2657.0833333333335,2485.9166666666665,101781
2009-02-13,2700.0,2720.0,2680.0,2720.0,2717.0,2769.75,2669.0833333333335,2486.125,196633
2009-02-16,2730.0,2740.0,2690.0,2700.0,2707.0,2767.0,2681.5833333333335,2485.7083333333335,227184
2009-02-17,2690.0,2690.0,2550.0,2550.0,2670.0,2755.0,2693.0833333333335,2484.6666666666665,307633
2009-02-18,2500.0,2685.0,2450.0,2600.0,2648.0,2743.0,2703.1666666666665,2484.25,180212
2009-02-19,2565.0,2615.0,2550.0,2595.0,2633.0,2732.75,2710.9166666666665,2485.4583333333335,245477
2009-02-20,2600.0,2600.0,2460.0,2520.0,2593.0,2721.5,2715.4166666666665,2489.0833333333335,205593
2009-02-23,2500.0,2570.0,2475.0,2560.0,2565.0,2710.0,2717.75,2492.9583333333335,151561
2009-02-24,2500.0,2530.0,2495.0,2515.0,2558.0,2698.25,2720.3333333333335,2495.6666666666665,81810
2009-02-25,2580.0,2580.0,2490.0,2495.0,2537.0,2684.5,2719.3333333333335,2498.375,241034
2009-02-26,2520.0,2535.0,2455.0,2500.0,2518.0,2670.0,2718.5833333333335,2500.8333333333335,108629
2009-02-27,2510.0,2530.0,2465.0,2500.0,2514.0,2656.0,2718.75,2503.2916666666665,138465
2009-03-02,2475.0,2600.0,2460.0,2500.0,2502.0,2642.5,2718.8333333333335,2504.0416666666665,231936
2009-03-03,2450.0,2500.0,2420.0,2495.0,2498.0,2627.25,2718.9166666666665,2504.25,133459
2009-03-04,2475.0,2610.0,2465.0,2595.0,2518.0,2614.0,2720.9166666666665,2505.375,243699
2009-03-05,2615.0,2615.0,2560.0,2590.0,2536.0,2601.5,2717.25,2506.4583333333335,174922
2009-03-06,2555.0,2610.0,2535.0,2600.0,2556.0,2595.0,2714.8333333333335,2508.7083333333335,56084
2009-03-09,2600.0,2620.0,2555.0,2600.0,2576.0,2587.5,2713.0833333333335,2509.875,121492
2009-03-10,2580.0,2600.0,2550.0,2580.0,2593.0,2579.75,2710.5,2511.125,139415
2009-03-11,2625.0,2625.0,2565.0,2595.0,2593.0,2574.0,2708.1666666666665,2512.375,109837
2009-03-12,2595.0,2605.0,2555.0,2585.0,2592.0,2569.75,2705.25,2513.625,195867
2009-03-13,2585.0,2680.0,2575.0,2680.0,2608.0,2567.75,2703.9166666666665,2515.4583333333335,266161
2009-03-16,2675.0,2760.0,2655.0,2720.0,2632.0,2568.75,2704.0,2517.5833333333335,273376
2009-03-17,2730.0,2750.0,2715.0,2720.0,2660.0,2577.25,2704.1666666666665,2519.0,110590
2009-03-18,2720.0,2730.0,2675.0,2715.0,2684.0,2583.0,2701.6666666666665,2520.4166666666665,136561
2009-03-19,2715.0,2725.0,2675.0,2700.0,2707.0,2588.25,2699.0,2521.7916666666665,92924
2009-03-20,2675.0,2740.0,2675.0,2740.0,2719.0,2599.25,2698.0,2523.4166666666665,107875
2009-03-23,2750.0,2750.0,2730.0,2745.0,2724.0,2608.5,2697.1666666666665,2524.8333333333335,16797
2009-03-24,2765.0,2770.0,2725.0,2725.0,2725.0,2619.0,2696.0,2526.0833333333335,152551
2009-03-25,2705.0,2945.0,2680.0,2850.0,2752.0,2636.75,2697.3333333333335,2528.375,394971
2009-03-26,2930.0,3275.0,2860.0,3220.0,2856.0,2672.75,2708.5833333333335,2534.2083333333335,2275558
2009-03-27,3250.0,3295.0,3115.0,3200.0,2948.0,2707.75,2717.5833333333335,2540.1666666666665,653781
2009-03-30,3250.0,3270.0,3065.0,3115.0,3022.0,2738.5,2725.1666666666665,2545.5416666666665,465360
2009-03-31,3195.0,3300.0,2965.0,3130.0,3103.0,2770.25,2734.0,2551.1666666666665,688940
2009-04-01,3110.0,3220.0,3075.0,3155.0,3164.0,2798.25,2741.5833333333335,2558.7083333333335,382259
2009-04-02,3170.0,3230.0,3145.0,3155.0,3151.0,2826.5,2747.8333333333335,2565.5833333333335,283746
2009-04-03,3190.0,3200.0,3115.0,3165.0,3144.0,2854.75,2754.0,2571.7083333333335,306531
2009-04-06,3170.0,3270.0,3160.0,3200.0,3161.0,2884.75,2761.1666666666665,2577.5833333333335,412209
2009-04-07,3200.0,3225.0,3125.0,3200.0,3175.0,2915.75,2766.75,2584.375,498322
2009-04-08,3215.0,3350.0,3200.0,3300.0,3204.0,2951.0,2772.3333333333335,2591.75,1037214
2009-04-09,3370.0,3445.0,3300.0,3400.0,3253.0,2991.75,2779.25,2599.375,1289954
2009-04-10,3475.0,3475.0,3360.0,3375.0,3295.0,3026.5,2788.0,2606.6666666666665,473342
2009-04-13,3400.0,3405.0,3320.0,3380.0,3331.0,3059.5,2798.4166666666665,2614.375,561165
2009-04-14,3380.0,3390.0,3245.0,3260.0,3343.0,3086.5,2806.25,2623.3333333333335,551940
2009-04-15,3195.0,3315.0,3180.0,3235.0,3330.0,3112.5,2812.8333333333335,2634.7916666666665,278129
2009-04-16,3245.0,3300.0,3190.0,3200.0,3290.0,3137.5,2819.5,2645.9583333333335,298857
2009-04-17,3200.0,3230.0,2915.0,3005.0,3216.0,3150.75,2823.8333333333335,2655.5833333333335,1043645
2009-04-20,2990.0,3070.0,2935.0,3000.0,3140.0,3163.5,2827.3333333333335,2665.2916666666665,372262
2009-04-21,2955.0,3045.0,2945.0,3040.0,3096.0,3179.25,2832.1666666666665,2673.4166666666665,309963
2009-04-22,3110.0,3115.0,3045.0,3080.0,3065.0,3190.75,2837.3333333333335,2682.25,337866
2009-04-23,3110.0,3535.0,3100.0,3335.0,3092.0,3196.5,2846.4166666666665,2693.375,699927
2009-04-24,3300.0,3380.0,3200.0,3200.0,3131.0,3196.5,2853.4166666666665,2702.2083333333335,297099
2009-04-27,3220.0,3315.0,3120.0,3220.0,3175.0,3201.75,2860.9166666666665,2711.125,272269
2009-04-28,3205.0,3230.0,3055.0,3085.0,3184.0,3199.5,2865.6666666666665,2719.4166666666665,311785
2009-04-29,3130.0,3195.0,3075.0,3185.0,3205.0,3201.0,2871.0833333333335,2728.2083333333335,159817
2009-04-30,3265.0,3335.0,3190.0,3300.0,3198.0,3208.25,2878.75,2738.2083333333335,550844
2009-05-04,3405.0,3455.0,3365.0,3430.0,3244.0,3221.5,2890.4166666666665,2749.5,815675
2009-05-06,3430.0,3490.0,3200.0,3340.0,3268.0,3228.5,2900.25,2760.625,1203923
2009-05-07,3400.0,3415.0,3335.0,3390.0,3329.0,3238.0,2911.1666666666665,2772.625,598814
2009-05-08,3390.0,3390.0,3300.0,3360.0,3364.0,3241.0,2922.0,2784.125,232231
2009-05-11,3335.0,3370.0,3285.0,3295.0,3363.0,3235.75,2932.4166666666665,2794.75,254371
2009-05-12,3295.0,3320.0,3260.0,3305.0,3338.0,3232.25,2942.1666666666665,2805.625,226233
2009-05-13,3330.0,3335.0,3230.0,3305.0,3331.0,3228.5,2952.25,2816.9166666666665,375132
2009-05-14,3245.0,3310.0,3235.0,3250.0,3303.0,3228.0,2963.9166666666665,2828.5,198111
2009-05-15,3255.0,3260.0,3210.0,3250.0,3281.0,3228.75,2974.75,2838.9583333333335,250792
2009-05-18,3250.0,3280.0,3185.0,3245.0,3271.0,3231.0,2985.5833333333335,2848.25,368945
2009-05-19,3270.0,3270.0,3220.0,3245.0,3259.0,3243.0,2997.6666666666665,2856.5416666666665,282138
2009-05-20,3255.0,3315.0,3220.0,3300.0,3258.0,3258.0,3010.0,2863.875,341991
2009-05-21,3320.0,3385.0,3280.0,3330.0,3274.0,3272.5,3023.5833333333335,2871.9583333333335,834078
2009-05-22,3350.0,3485.0,3330.0,3450.0,3314.0,3291.0,3039.5,2879.4166666666665,1074208
2009-05-25,3525.0,3595.0,3150.0,3450.0,3355.0,3296.75,3055.3333333333335,2886.9583333333335,1258635
2009-05-26,3475.0,3475.0,3300.0,3370.0,3380.0,3305.25,3069.8333333333335,2894.2916666666665,309968
2009-05-27,3465.0,3505.0,3300.0,3300.0,3380.0,3309.25,3083.1666666666665,2901.0,685093
2009-05-28,3230.0,3335.0,3160.0,3200.0,3354.0,3315.0,3094.9166666666665,2906.9166666666665,456685
2009-05-29,3250.0,3300.0,3220.0,3285.0,3321.0,3320.0,3106.4166666666665,2913.6666666666665,251262
2009-06-01,3300.0,3325.0,3245.0,3300.0,3291.0,3320.0,3118.25,2917.75,181098
2009-06-02,3410.0,3490.0,3340.0,3345.0,3286.0,3315.75,3130.6666666666665,2922.75,403241
2009-06-03,3365.0,3400.0,3345.0,3385.0,3303.0,3318.0,3143.75,2928.4166666666665,280744
2009-06-04,3385.0,3425.0,3265.0,3280.0,3319.0,3312.5,3155.4166666666665,2932.9583333333335,369923
2009-06-05,3300.0,3345.0,3270.0,3330.0,3328.0,3311.0,3167.6666666666665,2937.9166666666665,209301
2009-06-08,3345.0,3415.0,3315.0,3340.0,3336.0,3313.25,3180.25,2942.75,195421
2009-06-09,3340.0,3360.0,3225.0,3255.0,3318.0,3310.75,3189.8333333333335,2946.875,185056
2009-06-10,3230.0,3275.0,3225.0,3255.0,3292.0,3308.25,3198.75,2951.375,180128
2009-06-11,3240.0,3275.0,3230.0,3235.0,3283.0,3307.5,3207.3333333333335,2955.75,102780
2009-06-12,3240.0,3280.0,3190.0,3190.0,3255.0,3304.5,3215.25,2958.4583333333335,305254
2009-06-15,3235.0,3280.0,3170.0,3190.0,3225.0,3301.75,3223.4166666666665,2961.2083333333335,361385
2009-06-16,3180.0,3180.0,3130.0,3140.0,3202.0,3296.5,3230.0833333333335,2964.0416666666665,185697
2009-06-17,3135.0,3135.0,3055.0,3100.0,3171.0,3286.5,3236.0,2966.5833333333335,279170
2009-06-18,3080.0,3145.0,3080.0,3085.0,3141.0,3274.25,3242.0,2969.0,85126
2009-06-19,3100.0,3145.0,3040.0,3125.0,3128.0,3258.0,3246.5833333333335,2971.9583333333335,173322
2009-06-22,3125.0,3165.0,3100.0,3150.0,3120.0,3243.0,3245.4166666666665,2977.0,75583
2009-06-23,3055.0,3145.0,3055.0,3140.0,3120.0,3231.5,3244.4166666666665,2981.0,117892
2009-06-24,3140.0,3150.0,3070.0,3140.0,3128.0,3223.5,3244.8333333333335,2985.0,155857
2009-06-25,3145.0,3165.0,3110.0,3140.0,3139.0,3220.5,3245.0,2989.5,123062
2009-06-26,3150.0,3150.0,3075.0,3090.0,3132.0,3210.75,3243.9166666666665,2992.75,138394
2009-06-29,3125.0,3130.0,3065.0,3090.0,3120.0,3200.25,3242.8333333333335,2995.3333333333335,102144
2009-06-30,3120.0,3160.0,3085.0,3150.0,3122.0,3190.5,3242.5833333333335,2998.2916666666665,137083
2009-07-01,3135.0,3190.0,3115.0,3190.0,3132.0,3180.75,3242.4166666666665,3001.7916666666665,88658
2009-07-02,3190.0,3205.0,3160.0,3190.0,3142.0,3176.25,3242.25,3004.5,64104
2009-07-03,3185.0,3195.0,3125.0,3175.0,3159.0,3168.5,3240.1666666666665,3006.25,54921
2009-07-06,3200.0,3200.0,3160.0,3175.0,3176.0,3160.25,3236.4166666666665,3007.8333333333335,48413
2009-07-07,3185.0,3220.0,3180.0,3200.0,3186.0,3157.5,3233.5,3010.75,133126
2009-07-08,3180.0,3205.0,3150.0,3185.0,3185.0,3154.0,3230.25,3014.3333333333335,63662
2009-07-09,3185.0,3210.0,3135.0,3180.0,3183.0,3151.25,3228.9166666666665,3017.5833333333335,102170
2009-07-10,3205.0,3250.0,3150.0,3185.0,3185.0,3151.0,3228.0833333333335,3020.4583333333335,123618
2009-07-13,3175.0,3190.0,3150.0,3150.0,3180.0,3149.0,3227.25,3023.375,139987
2009-07-14,3195.0,3195.0,3050.0,3080.0,3156.0,3146.0,3228.5,3026.1666666666665,191621
2009-07-15,3070.0,3125.0,3050.0,3050.0,3129.0,3143.5,3229.3333333333335,3028.3333333333335,138767
2009-07-16,3075.0,3100.0,3005.0,3025.0,3098.0,3140.5,3229.0833333333335,3030.625,231973
2009-07-17,3030.0,3060.0,2995.0,3025.0,3066.0,3135.5,3228.1666666666665,3032.75,117321
2009-07-20,3025.0,3140.0,3025.0,3140.0,3064.0,3135.0,3224.9166666666665,3035.6666666666665,152911
2009-07-21,3150.0,3155.0,3100.0,3130.0,3074.0,3134.5,3223.75,3038.5833333333335,83285
2009-07-22,3155.0,3155.0,3070.0,3115.0,3087.0,3133.25,3222.0,3041.4583333333335,117518
2009-07-23,3115.0,3140.0,3080.0,3135.0,3109.0,3133.0,3222.8333333333335,3044.25,75219
2009-07-24,3145.0,3160.0,3120.0,3160.0,3136.0,3136.5,3222.4166666666665,3046.75,107474
2009-07-27,3145.0,3215.0,3145.0,3200.0,3148.0,3142.0,3220.75,3049.75,122806
2009-07-28,3230.0,3350.0,3230.0,3330.0,3188.0,3151.0,3219.0833333333335,3054.75,555415
2009-07-29,3380.0,3415.0,3310.0,3380.0,3241.0,3160.5,3219.75,3060.0,528239
2009-07-30,3380.0,3400.0,3300.0,3335.0,3281.0,3167.75,3218.8333333333335,3065.0,204376
2009-07-31,3325.0,3500.0,3325.0,3355.0,3320.0,3176.75,3218.75,3070.375,1015141
2009-08-03,3355.0,3355.0,3280.0,3280.0,3336.0,3182.0,3218.5,3075.4583333333335,266668
2009-08-04,3330.0,3330.0,3165.0,3190.0,3308.0,3181.5,3216.5833333333335,3079.375,265576
2009-08-05,3220.0,3260.0,3190.0,3225.0,3277.0,3183.5,3215.25,3083.75,166754
2009-08-06,3230.0,3250.0,3170.0,3250.0,3260.0,3187.0,3215.25,3089.5833333333335,153703
2009-08-07,3250.0,3270.0,3185.0,3255.0,3240.0,3190.5,3215.3333333333335,3095.0416666666665,124965
2009-08-10,3260.0,3260.0,3195.0,3205.0,3225.0,3193.25,3214.6666666666665,3100.125,116447
2009-08-11,3210.0,3225.0,3190.0,3220.0,3231.0,3200.25,3214.25,3105.9583333333335,165264
2009-08-12,3230.0,3245.0,3165.0,3220.0,3230.0,3208.75,3212.9166666666665,3111.4583333333335,66855
2009-08-13,3220.0,3275.0,3200.0,3260.0,3232.0,3220.5,3211.75,3117.6666666666665,187841
2009-08-14,3285.0,3285.0,3230.0,3280.0,3237.0,3233.25,3208.9166666666665,3124.2083333333335,167942
2009-08-17,3280.0,3290.0,3195.0,3205.0,3237.0,3236.5,3204.8333333333335,3130.0833333333335,140628
2009-08-18,3190.0,3265.0,3170.0,3265.0,3246.0,3243.25,3203.0833333333335,3136.4583333333335,219802
2009-08-19,3265.0,3280.0,3225.0,3260.0,3254.0,3250.5,3202.4166666666665,3142.7916666666665,115981
2009-08-20,3265.0,3325.0,3260.0,3290.0,3260.0,3258.25,3203.9166666666665,3149.4166666666665,188720
2009-08-21,3305.0,3315.0,3225.0,3265.0,3257.0,3263.5,3203.5833333333335,3155.0,140082
2009-08-24,3270.0,3270.0,3175.0,3175.0,3251.0,3262.25,3201.5,3159.875,270280
2009-08-25,3155.0,3180.0,3140.0,3175.0,3233.0,3254.5,3198.6666666666665,3164.6666666666665,121172
2009-08-26,3160.0,3250.0,3160.0,3250.0,3231.0,3248.0,3196.4166666666665,3170.0833333333335,146066
2009-08-27,3210.0,3285.0,3210.0,3280.0,3229.0,3245.25,3196.4166666666665,3175.9166666666665,128229
2009-08-28,3295.0,3295.0,3250.0,3280.0,3232.0,3241.5,3195.5833333333335,3181.625,56707
2009-08-31,3280.0,3305.0,3250.0,3285.0,3254.0,3241.75,3194.6666666666665,3187.4583333333335,126882
2009-09-01,3285.0,3315.0,3245.0,3285.0,3276.0,3246.5,3195.1666666666665,3192.5,214411
2009-09-02,3275.0,3295.0,3250.0,3280.0,3282.0,3249.25,3195.5833333333335,3197.1666666666665,78439
2009-09-03,3280.0,3315.0,3275.0,3300.0,3286.0,3251.75,3196.6666666666665,3202.0,174650
2009-09-04,3315.0,3435.0,3305.0,3320.0,3294.0,3255.0,3198.8333333333335,3207.0416666666665,521015
2009-09-07,3330.0,3350.0,3240.0,3280.0,3293.0,3258.75,3200.3333333333335,3211.875,182530
2009-09-08,3260.0,3330.0,3250.0,3280.0,3292.0,3261.75,3202.6666666666665,3216.375,123526
2009-09-09,3290.0,3300.0,3250.0,3280.0,3292.0,3264.75,3205.6666666666665,3220.8333333333335,70103
2009-09-10,3300.0,3315.0,3255.0,3270.0,3286.0,3265.25,3208.75,3225.375,181100
2009-09-11,3280.0,3315.0,3270.0,3315.0,3285.0,3267.0,3211.9166666666665,3229.25,77367
2009-09-14,3275.0,3315.0,3270.0,3310.0,3291.0,3272.25,3214.5833333333335,3230.0,79817
2009-09-15,3320.0,3425.0,3310.0,3385.0,3312.0,3278.25,3218.6666666666665,3231.5416666666665,259177
2009-09-16,3390.0,3405.0,3285.0,3310.0,3318.0,3280.75,3221.5,3233.1666666666665,235962
2009-09-17,3330.0,3330.0,3280.0,3310.0,3326.0,3281.75,3224.3333333333335,3234.6666666666665,125376
2009-09-18,3320.0,3515.0,3320.0,3450.0,3353.0,3291.0,3230.3333333333335,3237.125,1386992
2009-09-21,3475.0,3515.0,3390.0,3485.0,3388.0,3306.5,3236.9166666666665,3239.875,654390
2009-09-22,3510.0,3595.0,3430.0,3475.0,3406.0,3321.5,3242.3333333333335,3242.4583333333335,1108511
2009-09-23,3495.0,3495.0,3400.0,3450.0,3434.0,3331.5,3246.6666666666665,3244.5416666666665,356838
2009-09-24,3465.0,3465.0,3360.0,3405.0,3453.0,3337.75,3250.25,3246.25,188643
2009-09-25,3380.0,3550.0,3380.0,3405.0,3444.0,3344.0,3254.0833333333335,3247.125,526179
2009-09-28,3455.0,3490.0,3405.0,3475.0,3442.0,3353.5,3259.0833333333335,3247.75,310455
2009-09-29,3495.0,3530.0,3445.0,3485.0,3444.0,3363.5,3263.8333333333335,3248.6666666666665,550887
2009-09-30,3520.0,3625.0,3475.0,3530.0,3460.0,3376.0,3269.5833333333335,3249.9166666666665,1033927
2009-10-01,3530.0,3535.0,3435.0,3460.0,3471.0,3384.0,3274.25,3251.5833333333335,297011
2009-10-05,3455.0,3515.0,3420.0,3450.0,3480.0,3390.5,3278.6666666666665,3253.375,352238
2009-10-06,3450.0,3570.0,3405.0,3570.0,3499.0,3405.0,3285.6666666666665,3256.4583333333335,679821
2009-10-07,3650.0,3695.0,3585.0,3590.0,3520.0,3420.5,3294.1666666666665,3261.3333333333335,954618
2009-10-08,3610.0,3645.0,3565.0,3590.0,3532.0,3436.0,3303.1666666666665,3266.25,281366
2009-10-09,3600.0,3665.0,3570.0,3625.0,3565.0,3453.75,3313.1666666666665,3271.125,421304
2009-10-12,3630.0,3655.0,3610.0,3655.0,3606.0,3470.75,3323.6666666666665,3275.9166666666665,408708
2009-10-13,3690.0,3690.0,3545.0,3545.0,3601.0,3482.5,3330.4166666666665,3277.6666666666665,431065
2009-10-14,3510.0,3565.0,3505.0,3545.0,3592.0,3490.5,3337.3333333333335,3280.5416666666665,328589
2009-10-15,3560.0,3580.0,3530.0,3530.0,3580.0,3501.5,3344.25,3283.125,247603
2009-10-16,3520.0,3595.0,3520.0,3590.0,3573.0,3515.5,3351.8333333333335,3287.3333333333335,180191
2009-10-19,3640.0,3715.0,3590.0,3615.0,3565.0,3523.75,3359.4166666666665,3290.9166666666665,602830
2009-10-20,3630.0,3670.0,3580.0,3650.0,3586.0,3532.0,3366.9166666666665,3293.8333333333335,260249
2009-10-21,3650.0,3690.0,3600.0,3640.0,3605.0,3540.25,3372.0833333333335,3295.5833333333335,255902
2009-10-22,3640.0,3700.0,3605.0,3630.0,3625.0,3549.25,3376.25,3298.0,590749
2009-10-23,3670.0,3695.0,3635.0,3680.0,3643.0,3563.0,3382.0,3300.4166666666665,490040
2009-10-26,3690.0,3710.0,3650.0,3650.0,3650.0,3575.25,3386.9166666666665,3302.8333333333335,270753
2009-10-27,3650.0,3650.0,3575.0,3605.0,3641.0,3581.75,3392.3333333333335,3305.4166666666665,290978
2009-10-28,3585.0,3635.0,3525.0,3525.0,3618.0,3583.75,3397.9166666666665,3307.25,303946
2009-10-29,3495.0,3495.0,3425.0,3430.0,3578.0,3578.75,3401.3333333333335,3308.2916666666665,327608
2009-10-30,3460.0,3495.0,3430.0,3475.0,3537.0,3579.5,3405.0833333333335,3310.1666666666665,217445
2009-11-02,3440.0,3525.0,3430.0,3525.0,3512.0,3583.25,3409.5833333333335,3312.4583333333335,253718
2009-11-03,3540.0,3590.0,3500.0,3500.0,3491.0,3579.75,3414.5,3314.5833333333335,322729
2009-11-04,3540.0,3570.0,3510.0,3525.0,3491.0,3576.5,3419.5833333333335,3316.9166666666665,150847
2009-11-05,3525.0,3545.0,3480.0,3500.0,3505.0,3572.0,3424.25,3318.5833333333335,115666
2009-11-06,3520.0,3540.0,3485.0,3485.0,3507.0,3565.0,3428.0,3319.875,469519
2009-11-09,3495.0,3500.0,3445.0,3455.0,3493.0,3555.0,3430.9166666666665,3319.9166666666665,310227
2009-11-10,3480.0,3495.0,3445.0,3460.0,3485.0,3550.75,3435.1666666666665,3320.0,174670
2009-11-11,3460.0,3495.0,3450.0,3490.0,3478.0,3548.0,3438.9166666666665,3321.0,156366
2009-11-12,3500.0,3530.0,3485.0,3515.0,3481.0,3547.25,3443.1666666666665,3322.7916666666665,176191
2009-11-13,3525.0,3525.0,3470.0,3490.0,3482.0,3542.25,3446.5,3325.2083333333335,81751
2009-11-16,3500.0,3505.0,3425.0,3445.0,3480.0,3533.75,3449.5,3326.5416666666665,191604
2009-11-17,3450.0,3465.0,3430.0,3445.0,3477.0,3523.5,3454.0,3327.75,281337
2009-11-18,3490.0,3505.0,3440.0,3465.0,3472.0,3514.75,3458.8333333333335,3328.75,246308
2009-11-19,3550.0,3590.0,3445.0,3460.0,3461.0,3506.25,3462.3333333333335,3329.375,912922
2009-11-20,3455.0,3620.0,3420.0,3550.0,3473.0,3499.75,3466.8333333333335,3331.625,1352560
2009-11-23,3575.0,3630.0,3520.0,3550.0,3494.0,3494.75,3471.3333333333335,3333.4583333333335,777102
2009-11-24,3585.0,3610.0,3540.0,3575.0,3520.0,3493.25,3476.1666666666665,3335.4166666666665,664442
2009-11-25,3590.0,3600.0,3545.0,3580.0,3543.0,3496.0,3481.0833333333335,3338.125,485755
2009-11-26,3595.0,3650.0,3590.0,3630.0,3577.0,3506.0,3486.9166666666665,3341.25,632963
2009-11-27,3635.0,3665.0,3530.0,3530.0,3573.0,3508.75,3490.75,3343.7083333333335,876137
2009-11-30,3580.0,3900.0,3575.0,3610.0,3585.0,3513.0,3495.5833333333335,3347.2083333333335,1745640
2009-12-01,3690.0,3835.0,3635.0,3820.0,3634.0,3529.0,3504.5833333333335,3352.4583333333335,2805777
2009-12-02,3880.0,3970.0,3780.0,3820.0,3682.0,3543.75,3513.5833333333335,3358.125,1939152
2009-12-03,3830.0,3860.0,3760.0,3810.0,3718.0,3559.25,3522.4166666666665,3364.0416666666665,884686
2009-12-04,3835.0,3960.0,3790.0,3935.0,3799.0,3581.75,3533.5,3371.125,1785243
2009-12-07,4000.0,4025.0,3905.0,3930.0,3863.0,3605.5,3543.75,3377.8333333333335,1033790
2009-12-08,3950.0,3965.0,3860.0,3885.0,3876.0,3626.75,3553.3333333333335,3383.9583333333335,649988
2009-12-09,3890.0,3905.0,3835.0,3865.0,3885.0,3645.5,3561.3333333333335,3390.0,457385
2009-12-10,3900.0,3955.0,3890.0,3910.0,3905.0,3665.25,3571.3333333333335,3396.4166666666665,689676
2009-12-11,3900.0,3985.0,3875.0,3950.0,3908.0,3688.25,3582.0,3403.1666666666665,949894
2009-12-14,4000.0,4190.0,3985.0,4115.0,3945.0,3721.75,3593.0833333333335,3411.7083333333335,1906192
2009-12-15,4130.0,4160.0,4060.0,4150.0,3998.0,3757.0,3604.1666666666665,3420.5416666666665,861057
2009-12-16,4160.0,4195.0,4120.0,4145.0,4054.0,3791.0,3615.3333333333335,3428.8333333333335,679285
2009-12-17,4170.0,4225.0,4140.0,4180.0,4108.0,3827.0,3627.5,3437.0833333333335,754110
2009-12-18,4150.0,4275.0,4110.0,4275.0,4173.0,3863.25,3642.0,3446.125,828949
2009-12-21,4375.0,4430.0,4310.0,4325.0,4215.0,3902.0,3657.3333333333335,3455.7083333333335,1065686
2009-12-22,4340.0,4395.0,4280.0,4285.0,4242.0,3937.5,3670.8333333333335,3464.9583333333335,747942
2009-12-23,4300.0,4300.0,4145.0,4260.0,4265.0,3971.5,3683.75,3473.7916666666665,720749
2009-12-24,4300.0,4350.0,4260.0,4295.0,4288.0,4004.75,3696.5,3483.0416666666665,569030
2009-12-28,4315.0,4330.0,4245.0,4290.0,4291.0,4042.75,3710.3333333333335,3492.2916666666665,1090301
2009-12-29,4100.0,4130.0,3910.0,3920.0,4210.0,4058.25,3718.1666666666665,3498.4166666666665,1136583
2009-12-30,3930.0,3940.0,3790.0,3810.0,4115.0,4057.75,3722.1666666666665,3503.9166666666665,703211
2010-01-04,3810.0,3920.0,3810.0,3900.0,4043.0,4061.75,3727.3333333333335,3510.75,586077
2010-01-05,3900.0,3930.0,3855.0,3865.0,3957.0,4064.5,3731.9166666666665,3517.5416666666665,568287
2010-01-06,3860.0,4035.0,3860.0,4000.0,3899.0,4067.75,3738.1666666666665,3525.6666666666665,1049146
2010-01-07,4000.0,4020.0,3850.0,3850.0,3885.0,4063.75,3741.4166666666665,3532.5416666666665,838096
2010-01-08,3870.0,3895.0,3740.0,3865.0,3896.0,4062.75,3746.75,3538.5833333333335,795817
2010-01-11,3890.0,3900.0,3790.0,3800.0,3876.0,4059.5,3751.0,3544.1666666666665,554471
2010-01-12,3805.0,3830.0,3675.0,3685.0,3840.0,4048.25,3753.5833333333335,3548.9166666666665,610922
2010-01-13,3690.0,3770.0,3645.0,3700.0,3780.0,4035.75,3755.4166666666665,3553.625,342119
2010-01-14,3730.0,3740.0,3650.0,3680.0,3746.0,4014.0,3756.5,3557.9583333333335,312128
2010-01-15,3700.0,3700.0,3580.0,3605.0,3694.0,3986.75,3755.75,3561.3333333333335,738646
2010-01-18,3615.0,3690.0,3605.0,3630.0,3660.0,3961.0,3755.5833333333335,3563.8333333333335,505324
2010-01-19,3650.0,3700.0,3625.0,3670.0,3657.0,3935.5,3756.25,3566.25,376738
2010-01-20,3690.0,3690.0,3570.0,3670.0,3651.0,3905.25,3756.0833333333335,3569.0416666666665,676055
2010-01-21,3670.0,3670.0,3615.0,3655.0,3646.0,3871.75,3756.1666666666665,3571.5416666666665,429824
2010-01-22,3630.0,3645.0,3600.0,3635.0,3652.0,3839.25,3756.6666666666665,3574.5,450280
2010-01-25,3625.0,3825.0,3590.0,3725.0,3671.0,3812.5,3760.0,3578.9583333333335,1042348
2010-01-26,3750.0,3875.0,3665.0,3675.0,3672.0,3781.5,3764.0833333333335,3582.7083333333335,1070646
2010-01-27,3700.0,3700.0,3575.0,3580.0,3654.0,3746.0,3765.8333333333335,3585.4583333333335,419020
2010-01-28,3580.0,3600.0,3445.0,3530.0,3629.0,3726.5,3765.9166666666665,3587.75,359923
2010-01-29,3525.0,3525.0,3360.0,3360.0,3574.0,3704.0,3763.5833333333335,3589.0416666666665,432851
2010-02-01,3345.0,3430.0,3345.0,3370.0,3503.0,3677.5,3761.0,3590.2916666666665,230082
2010-02-02,3390.0,3445.0,3380.0,3385.0,3445.0,3653.5,3759.0833333333335,3591.6666666666665,214349
2010-02-03,3400.0,3455.0,3375.0,3410.0,3411.0,3624.0,3757.8333333333335,3592.9166666666665,256288
2010-02-04,3465.0,3535.0,3460.0,3485.0,3402.0,3605.75,3758.3333333333335,3594.625,329928
2010-02-05,3300.0,3410.0,3290.0,3345.0,3399.0,3579.75,3756.4166666666665,3595.7916666666665,349734
2010-02-08,3350.0,3380.0,3300.0,3330.0,3391.0,3556.25,3753.75,3596.3333333333335,127009
2010-02-09,3305.0,3345.0,3295.0,3315.0,3377.0,3537.75,3750.4166666666665,3596.7916666666665,132336
2010-02-10,3350.0,3360.0,3305.0,3330.0,3361.0,3519.25,3747.75,3597.125,190882
2010-02-11,3335.0,3380.0,3325.0,3345.0,3333.0,3502.5,3746.0833333333335,3597.7916666666665,191391
2010-02-12,3320.0,3415.0,3305.0,3375.0,3339.0,3491.0,3744.9166666666665,3599.4583333333335,701297
2010-02-16,3395.0,3395.0,3300.0,3310.0,3335.0,3475.0,3742.3333333333335,3600.5833333333335,434461
2010-02-17,3320.0,3320.0,3225.0,3260.0,3324.0,3454.5,3739.0,3600.6666666666665,719498
2010-02-18,3275.0,3275.0,3170.0,3170.0,3292.0,3429.5,3732.6666666666665,3599.75,645763
2010-02-19,3170.0,3210.0,3100.0,3100.0,3243.0,3401.75,3725.1666666666665,3598.25,504026
2010-02-22,3120.0,3225.0,3120.0,3220.0,3212.0,3381.0,3719.25,3597.7083333333335,387683
2010-02-23,3225.0,3255.0,3165.0,3185.0,3187.0,3354.0,3712.6666666666665,3596.875,227771
2010-02-24,3165.0,3255.0,3165.0,3190.0,3173.0,3329.75,3705.3333333333335,3596.125,325506
2010-02-25,3250.0,3250.0,3135.0,3135.0,3166.0,3307.5,3698.75,3594.75,281494
2010-02-26,3135.0,3180.0,3135.0,3155.0,3177.0,3288.75,3691.1666666666665,3593.375,184564
2010-03-02,3210.0,3210.0,3155.0,3175.0,3168.0,3279.5,3680.4166666666665,3592.5,260630
2010-03-03,3160.0,3190.0,3145.0,3170.0,3165.0,3269.5,3669.5833333333335,3591.5833333333335,197583
2010-03-04,3150.0,3175.0,3065.0,3085.0,3144.0,3254.5,3657.5,3589.9583333333335,539619
2010-03-05,3090.0,3115.0,3065.0,3075.0,3132.0,3237.75,3643.1666666666665,3588.3333333333335,261314
2010-03-08,3105.0,3140.0,3065.0,3140.0,3129.0,3220.5,3630.0,3586.875,318907
2010-03-09,3140.0,3140.0,3100.0,3115.0,3117.0,3209.0,3617.1666666666665,3585.25,164416
2010-03-10,3115.0,3120.0,3090.0,3110.0,3105.0,3198.0,3604.5833333333335,3582.9583333333335,161869
2010-03-11,3110.0,3290.0,3110.0,3290.0,3146.0,3196.75,3594.25,3582.7916666666665,965809
2010-03-12,3395.0,3540.0,3380.0,3500.0,3231.0,3205.25,3586.75,3584.375,2255128
2010-03-15,3485.0,3485.0,3380.0,3380.0,3279.0,3207.0,3574.5,3583.7916666666665,450687
2010-03-16,3380.0,3480.0,3350.0,3380.0,3332.0,3207.25,3561.6666666666665,3582.9166666666665,333650
2010-03-17,3420.0,3435.0,3290.0,3290.0,3368.0,3206.25,3547.4166666666665,3581.375,597875
2010-03-18,3290.0,3325.0,3260.0,3265.0,3363.0,3206.5,3532.1666666666665,3579.8333333333335,320056
2010-03-19,3310.0,3390.0,3265.0,3390.0,3341.0,3217.5,3517.4166666666665,3579.7083333333335,325616
2010-03-22,3390.0,3390.0,3320.0,3345.0,3334.0,3229.75,3501.0833333333335,3579.2083333333335,198366
2010-03-23,3400.0,3400.0,3300.0,3380.0,3334.0,3237.75,3486.0,3578.4166666666665,250922
2010-03-24,3405.0,3410.0,3290.0,3320.0,3340.0,3244.5,3470.3333333333335,3577.0416666666665,239964
2010-03-25,3320.0,3320.0,3155.0,3195.0,3326.0,3244.75,3452.0,3574.25,1135982
2010-03-26,3180.0,3215.0,3160.0,3200.0,3288.0,3248.0,3433.8333333333335,3572.0833333333335,311321
2010-03-29,3165.0,3240.0,3145.0,3175.0,3254.0,3249.0,3421.4166666666665,3569.7916666666665,399005
2010-03-30,3195.0,3200.0,3170.0,3180.0,3214.0,3249.25,3410.9166666666665,3566.5416666666665,136549
2010-03-31,3170.0,3220.0,3170.0,3175.0,3185.0,3249.5,3398.8333333333335,3563.0833333333335,325028
2010-04-01,3155.0,3195.0,3155.0,3185.0,3183.0,3254.5,3387.5,3559.7083333333335,244090
2010-04-02,3180.0,3190.0,3100.0,3135.0,3170.0,3257.5,3373.0833333333335,3555.625,263579
2010-04-05,3140.0,3150.0,3075.0,3075.0,3150.0,3254.25,3360.1666666666665,3550.7916666666665,449107
2010-04-06,3080.0,3145.0,3080.0,3115.0,3137.0,3254.25,3347.6666666666665,3547.2083333333335,148094
2010-04-07,3125.0,3190.0,3110.0,3180.0,3138.0,3257.75,3337.3333333333335,3544.1666666666665,159213
2010-04-08,3180.0,3180.0,3125.0,3160.0,3133.0,3251.25,3328.5833333333335,3541.0833333333335,239392
2010-04-09,3160.0,3175.0,3100.0,3120.0,3130.0,3232.25,3318.9166666666665,3537.1666666666665,246325
2010-04-12,3125.0,3180.0,3120.0,3150.0,3145.0,3220.75,3310.0833333333335,3533.2916666666665,178350
2010-04-13,3155.0,3225.0,3155.0,3225.0,3167.0,3213.0,3303.75,3529.75,468169
2010-04-14,3250.0,3265.0,3190.0,3240.0,3179.0,3210.5,3297.25,3526.4166666666665,464311
2010-04-15,3245.0,3285.0,3205.0,3255.0,3198.0,3210.0,3290.3333333333335,3523.2916666666665,384078
2010-04-16,3245.0,3265.0,3230.0,3240.0,3222.0,3202.5,3283.1666666666665,3519.625,287305
2010-04-19,3195.0,3255.0,3195.0,3240.0,3240.0,3197.25,3276.25,3516.2083333333335,332004
2010-04-20,3250.0,3330.0,3250.0,3325.0,3260.0,3194.5,3271.0833333333335,3513.875,272395
2010-04-21,3335.0,3390.0,3280.0,3350.0,3282.0,3196.0,3264.8333333333335,3512.4166666666665,613800
2010-04-22,3350.0,3395.0,3310.0,3375.0,3306.0,3205.0,3259.8333333333335,3511.9583333333335,238686
2010-04-23,3375.0,3390.0,3340.0,3355.0,3329.0,3212.75,3256.0833333333335,3510.9583333333335,180197
2010-04-26,3385.0,3385.0,3300.0,3325.0,3346.0,3220.25,3252.6666666666665,3509.2916666666665,251752
2010-04-27,3305.0,3320.0,3250.0,3275.0,3336.0,3225.0,3251.25,3507.4166666666665,235118
2010-04-28,3225.0,3270.0,3220.0,3250.0,3316.0,3228.75,3249.25,3505.125,182008
2010-04-29,3250.0,3280.0,3230.0,3240.0,3289.0,3231.5,3246.8333333333335,3502.9583333333335,258547
2010-04-30,3240.0,3310.0,3235.0,3250.0,3268.0,3237.25,3244.1666666666665,3501.0,354249
2010-05-03,3260.0,3275.0,3215.0,3240.0,3251.0,3245.5,3240.0833333333335,3499.2083333333335,174935
2010-05-04,3240.0,3260.0,3205.0,3205.0,3237.0,3250.0,3237.75,3497.0833333333335,242924
2010-05-06,3145.0,3300.0,3145.0,3280.0,3243.0,3255.0,3236.9166666666665,3495.3333333333335,331141
2010-05-07,3245.0,3340.0,3205.0,3300.0,3255.0,3262.0,3236.6666666666665,3493.5416666666665,419999
2010-05-10,3295.0,3325.0,3280.0,3300.0,3265.0,3271.0,3236.1666666666665,3491.9583333333335,358306
2010-05-11,3305.0,3320.0,3255.0,3255.0,3268.0,3276.25,3234.6666666666665,3490.375,281746
2010-05-12,3245.0,3255.0,3205.0,3235.0,3274.0,3276.75,3232.3333333333335,3488.625,205607
2010-05-13,3240.0,3270.0,3225.0,3230.0,3264.0,3276.25,3231.0,3486.6666666666665,163352
2010-05-14,3195.0,3230.0,3190.0,3205.0,3245.0,3273.75,3230.0833333333335,3484.5416666666665,247792
2010-05-17,3175.0,3195.0,3140.0,3145.0,3214.0,3269.0,3229.6666666666665,3481.1666666666665,296580
2010-05-18,3145.0,3185.0,3125.0,3160.0,3195.0,3265.0,3230.6666666666665,3477.9166666666665,259915
2010-05-19,3170.0,3170.0,3120.0,3155.0,3179.0,3256.5,3229.5833333333335,3474.4166666666665,185655
2010-05-20,3135.0,3165.0,3120.0,3140.0,3161.0,3246.0,3228.8333333333335,3470.75,129598
2010-05-24,3090.0,3125.0,3085.0,3095.0,3139.0,3232.0,3227.25,3466.2916666666665,186848
2010-05-25,3065.0,3085.0,2900.0,3010.0,3112.0,3214.75,3225.1666666666665,3461.9583333333335,479237
2010-05-26,3010.0,3025.0,2975.0,3010.0,3082.0,3199.0,3222.75,3456.9583333333335,166250
2010-05-27,2970.0,3110.0,2970.0,3085.0,3068.0,3189.5,3221.25,3450.8333333333335,221582
2010-05-28,3105.0,3130.0,3095.0,3105.0,3061.0,3182.25,3220.1666666666665,3444.875,181507
2010-05-31,3120.0,3150.0,3100.0,3145.0,3071.0,3177.5,3221.1666666666665,3439.3333333333335,109392
2010-06-01,3155.0,3170.0,3120.0,3170.0,3103.0,3173.5,3222.75,3432.9583333333335,102959
2010-06-03,3190.0,3230.0,3170.0,3200.0,3141.0,3171.5,3223.75,3426.875,171426
2010-06-04,3215.0,3215.0,3175.0,3200.0,3164.0,3171.25,3225.1666666666665,3421.1666666666665,110861
2010-06-07,3165.0,3190.0,3130.0,3185.0,3180.0,3166.5,3226.4166666666665,3415.5,89984
2010-06-08,3185.0,3250.0,3185.0,3205.0,3192.0,3161.75,3225.0,3409.625,170754
2010-06-09,3205.0,3205.0,3155.0,3155.0,3189.0,3154.5,3219.25,3403.0,86994
2010-06-10,3170.0,3210.0,3140.0,3145.0,3178.0,3149.0,3215.3333333333335,3394.9166666666665,145908
2010-06-11,3160.0,3185.0,3140.0,3150.0,3168.0,3144.75,3211.5,3386.5833333333335,165135
2010-06-14,3170.0,3170.0,3110.0,3165.0,3164.0,3141.5,3209.4166666666665,3378.4166666666665,177692
2010-06-15,3140.0,3175.0,3125.0,3145.0,3152.0,3138.5,3207.4166666666665,3369.7916666666665,64597
2010-06-16,3155.0,3215.0,3145.0,3200.0,3161.0,3141.25,3204.25,3360.8333333333335,188608
2010-06-17,3200.0,3215.0,3180.0,3200.0,3172.0,3143.25,3201.8333333333335,3351.4583333333335,109440
2010-06-18,3230.0,3275.0,3215.0,3235.0,3189.0,3147.25,3199.4166666666665,3342.7083333333335,227817
2010-06-21,3275.0,3490.0,3260.0,3485.0,3253.0,3164.5,3202.1666666666665,3336.25,1331073
2010-06-22,3445.0,3540.0,3400.0,3450.0,3314.0,3182.25,3206.4166666666665,3329.2083333333335,856759
2010-06-23,3470.0,3565.0,3415.0,3495.0,3373.0,3206.5,3211.3333333333335,3322.5833333333335,920138
2010-06-24,3545.0,3590.0,3430.0,3445.0,3422.0,3228.25,3215.8333333333335,3318.625,784736
2010-06-25,3360.0,3405.0,3325.0,3335.0,3442.0,3240.75,3218.4166666666665,3314.6666666666665,494438
2010-06-28,3370.0,3380.0,3285.0,3300.0,3405.0,3250.5,3220.5,3309.6666666666665,287967
2010-06-29,3310.0,3430.0,3290.0,3375.0,3390.0,3262.0,3223.6666666666665,3305.5833333333335,483525
2010-06-30,3330.0,3360.0,3290.0,3330.0,3357.0,3270.0,3226.9166666666665,3300.0,360554
2010-07-01,3325.0,3360.0,3285.0,3290.0,3326.0,3274.5,3230.5,3295.3333333333335,350021
2010-07-02,3330.0,3410.0,3310.0,3340.0,3327.0,3281.5,3234.25,3290.9583333333335,402075
2010-07-05,3380.0,3380.0,3320.0,3340.0,3335.0,3289.25,3236.9166666666665,3287.125,162742
2010-07-06,3320.0,3340.0,3215.0,3220.0,3304.0,3290.0,3237.9166666666665,3283.25,354044
2010-07-07,3205.0,3300.0,3195.0,3300.0,3298.0,3297.25,3240.9166666666665,3279.9166666666665,289059
2010-07-08,3300.0,3410.0,3275.0,3390.0,3318.0,3309.5,3244.9166666666665,3277.5,397022
2010-07-09,3410.0,3410.0,3335.0,3365.0,3323.0,3320.25,3247.25,3275.5,136897
2010-07-12,3340.0,3360.0,3270.0,3295.0,3314.0,3326.75,3248.1666666666665,3272.7083333333335,285463
2010-07-13,3285.0,3310.0,3270.0,3280.0,3326.0,3333.5,3248.5833333333335,3269.4583333333335,221695
2010-07-14,3280.0,3320.0,3260.0,3285.0,3323.0,3337.75,3249.3333333333335,3266.25,262467
2010-07-15,3285.0,3310.0,3275.0,3285.0,3302.0,3342.0,3250.0833333333335,3263.1666666666665,167535
2010-07-16,3275.0,3285.0,3245.0,3255.0,3280.0,3343.0,3248.9166666666665,3260.0,194343
2010-07-19,3210.0,3270.0,3200.0,3225.0,3266.0,3330.0,3246.8333333333335,3255.8333333333335,175720
2010-07-20,3230.0,3315.0,3230.0,3295.0,3269.0,3322.25,3245.5,3252.6666666666665,178256
2010-07-21,3300.0,3325.0,3280.0,3325.0,3277.0,3313.75,3245.0,3250.5416666666665,174799
2010-07-22,3325.0,3325.0,3220.0,3240.0,3268.0,3303.5,3243.5833333333335,3248.125,190142
2010-07-23,3260.0,3285.0,3245.0,3260.0,3269.0,3299.75,3243.3333333333335,3247.2916666666665,139580
2010-07-26,3260.0,3280.0,3235.0,3270.0,3278.0,3298.25,3243.6666666666665,3246.4583333333335,193474
2010-07-27,3295.0,3295.0,3255.0,3270.0,3273.0,3293.0,3244.1666666666665,3245.5,293586
2010-07-28,3295.0,3330.0,3270.0,3285.0,3265.0,3290.75,3244.75,3244.4583333333335,453602
2010-07-29,3305.0,3320.0,3275.0,3290.0,3275.0,3290.75,3245.5833333333335,3242.8333333333335,267634
2010-07-30,3285.0,3295.0,3255.0,3270.0,3277.0,3287.25,3246.6666666666665,3242.2083333333335,219189
2010-08-02,3290.0,3295.0,3250.0,3290.0,3281.0,3284.75,3246.8333333333335,3241.875,245865
2010-08-03,3300.0,3385.0,3280.0,3330.0,3293.0,3290.25,3247.3333333333335,3242.0,542486
2010-08-04,3350.0,3355.0,3295.0,3350.0,3306.0,3292.75,3248.1666666666665,3242.1666666666665,390770
2010-08-05,3355.0,3395.0,3330.0,3380.0,3324.0,3292.25,3250.25,3242.4583333333335,319650
2010-08-06,3385.0,3445.0,3250.0,3285.0,3327.0,3288.25,3251.0833333333335,3241.7083333333335,775841
2010-08-09,3260.0,3290.0,3255.0,3270.0,3323.0,3287.0,3251.75,3241.375,203711
2010-08-10,3285.0,3285.0,3190.0,3200.0,3297.0,3283.0,3251.6666666666665,3240.875,440191
2010-08-11,3200.0,3225.0,3115.0,3120.0,3251.0,3274.75,3251.25,3240.4583333333335,583410
2010-08-12,3100.0,3165.0,3090.0,3140.0,3203.0,3267.5,3250.9166666666665,3240.7916666666665,162474
2010-08-13,3125.0,3195.0,3125.0,3170.0,3180.0,3263.25,3251.1666666666665,3240.375,154132
2010-08-16,3155.0,3195.0,3135.0,3150.0,3156.0,3259.5,3251.3333333333335,3240.0833333333335,83601
2010-08-17,3130.0,3175.0,3130.0,3135.0,3143.0,3251.5,3252.0,3239.625,171600
2010-08-18,3120.0,3145.0,3100.0,3110.0,3141.0,3240.75,3253.6666666666665,3239.4166666666665,232820
2010-08-19,3125.0,3160.0,3110.0,3140.0,3141.0,3235.75,3255.8333333333335,3239.2916666666665,137648
2010-08-20,3130.0,3150.0,3120.0,3135.0,3134.0,3229.5,3256.6666666666665,3238.9583333333335,86573
2010-08-23,3140.0,3200.0,3140.0,3175.0,3139.0,3224.75,3257.8333333333335,3239.0,132850
2010-08-24,3185.0,3205.0,3165.0,3190.0,3150.0,3220.75,3258.5833333333335,3239.875,144893
2010-08-25,3180.0,3185.0,3160.0,3160.0,3160.0,3214.5,3258.4166666666665,3240.5833333333335,113006
2010-08-26,3175.0,3185.0,3145.0,3160.0,3164.0,3208.0,3257.75,3240.75,124354
2010-08-27,3170.0,3175.0,3140.0,3150.0,3167.0,3202.0,3256.9166666666665,3241.0416666666665,105098
2010-08-30,3185.0,3185.0,3155.0,3175.0,3167.0,3196.25,3256.75,3241.5833333333335,109415
2010-08-31,3155.0,3185.0,3140.0,3150.0,3159.0,3187.25,3255.8333333333335,3240.4166666666665,144312
2010-09-01,3150.0,3175.0,3150.0,3175.0,3162.0,3178.5,3256.1666666666665,3237.7083333333335,157656
2010-09-02,3200.0,3240.0,3185.0,3235.0,3177.0,3171.25,3257.6666666666665,3236.5,242054
2010-09-03,3240.0,3245.0,3190.0,3220.0,3191.0,3168.0,3258.8333333333335,3235.1666666666665,224112
2010-09-06,3225.0,3245.0,3215.0,3230.0,3202.0,3166.0,3259.9166666666665,3234.6666666666665,145165
2010-09-07,3235.0,3240.0,3215.0,3215.0,3215.0,3166.75,3261.0833333333335,3234.25,113947
2010-09-08,3210.0,3225.0,3190.0,3220.0,3224.0,3171.75,3261.4166666666665,3232.8333333333335,123468
2010-09-09,3225.0,3265.0,3210.0,3265.0,3230.0,3178.0,3262.5,3232.1666666666665,202207
2010-09-10,3265.0,3325.0,3250.0,3315.0,3249.0,3185.25,3263.8333333333335,3231.625,275572
2010-09-13,3315.0,3315.0,3265.0,3290.0,3261.0,3192.25,3260.5833333333335,3231.375,267874
2010-09-14,3285.0,3320.0,3255.0,3315.0,3281.0,3201.25,3258.3333333333335,3232.375,257274
2010-09-15,3320.0,3320.0,3270.0,3310.0,3299.0,3211.25,3255.25,3233.2916666666665,151720
2010-09-16,3335.0,3345.0,3305.0,3335.0,3313.0,3221.0,3253.4166666666665,3234.625,295308
2010-09-17,3345.0,3365.0,3320.0,3355.0,3321.0,3232.0,3253.75,3236.0833333333335,307934
2010-09-20,3365.0,3400.0,3350.0,3380.0,3339.0,3242.25,3255.0833333333335,3237.7916666666665,289300
2010-09-24,3385.0,3440.0,3380.0,3440.0,3364.0,3254.75,3256.1666666666665,3239.9166666666665,245711
2010-09-27,3470.0,3480.0,3380.0,3415.0,3385.0,3267.5,3257.5833333333335,3242.25,398132
2010-09-28,3400.0,3420.0,3360.0,3380.0,3394.0,3278.5,3259.0833333333335,3244.7916666666665,277115
2010-09-29,3390.0,3450.0,3365.0,3450.0,3413.0,3293.5,3260.9166666666665,3247.5833333333335,369000
2010-09-30,3630.0,3830.0,3600.0,3680.0,3473.0,3318.75,3266.5833333333335,3251.75,3645501
2010-10-01,3735.0,3785.0,3680.0,3740.0,3533.0,3348.25,3275.25,3256.5833333333335,942438
2010-10-04,3760.0,3835.0,3720.0,3800.0,3610.0,3379.5,3283.5833333333335,3262.25,890999
2010-10-05,3815.0,3965.0,3805.0,3915.0,3717.0,3413.5,3292.3333333333335,3268.625,1340282
2010-10-06,3950.0,4295.0,3940.0,4130.0,3853.0,3459.0,3305.0833333333335,3276.1666666666665,2522300
2010-10-07,4195.0,4210.0,3985.0,4020.0,3921.0,3498.5,3317.1666666666665,3282.6666666666665,994681
2010-10-08,4060.0,4085.0,3900.0,3920.0,3957.0,3533.75,3327.8333333333335,3288.2083333333335,788069
2010-10-11,3920.0,4055.0,3870.0,4020.0,4001.0,3573.75,3340.0833333333335,3294.7083333333335,788283
2010-10-12,4025.0,4040.0,3875.0,3875.0,3993.0,3604.25,3349.9166666666665,3300.0,571367
2010-10-13,3945.0,3990.0,3865.0,3970.0,3961.0,3637.0,3361.8333333333335,3305.375,463077
2010-10-14,4015.0,4045.0,3970.0,3990.0,3955.0,3672.0,3374.5833333333335,3310.7083333333335,419416
2010-10-15,3995.0,4055.0,3955.0,3995.0,3970.0,3706.0,3386.25,3315.875,461787
2010-10-18,4040.0,4080.0,3975.0,4015.0,3969.0,3741.25,3397.75,3321.375,959470
2010-10-19,4050.0,4050.0,3975.0,4025.0,3999.0,3775.75,3410.8333333333335,3327.2083333333335,664959
2010-10-20,3970.0,4015.0,3965.0,3980.0,4001.0,3807.0,3422.8333333333335,3333.0833333333335,414964
2010-10-21,3985.0,4155.0,3965.0,4105.0,4024.0,3843.25,3436.75,3340.2083333333335,1597738
2010-10-22,4180.0,4180.0,4100.0,4130.0,4051.0,3877.75,3451.0833333333335,3347.625,856172
2010-10-25,4200.0,4235.0,4145.0,4145.0,4077.0,3914.25,3465.4166666666665,3355.0833333333335,787701
2010-10-26,4165.0,4170.0,4060.0,4065.0,4085.0,3948.5,3478.3333333333335,3361.9583333333335,449932
2010-10-27,4065.0,4105.0,4050.0,4080.0,4105.0,3980.0,3491.8333333333335,3369.25,246921
2010-10-28,4100.0,4135.0,4065.0,4065.0,4097.0,3999.25,3504.75,3375.7916666666665,343128
2010-10-29,4080.0,4125.0,4000.0,4100.0,4091.0,4017.25,3517.5833333333335,3382.4583333333335,398843
2010-11-01,4130.0,4140.0,4080.0,4100.0,4082.0,4032.25,3530.0833333333335,3389.125,294639
2010-11-02,4100.0,4140.0,4070.0,4125.0,4094.0,4042.75,3542.5,3396.375,286656
2010-11-03,4150.0,4165.0,4025.0,4045.0,4087.0,4038.5,3555.1666666666665,3403.125,640455
2010-11-04,4050.0,4050.0,3950.0,4010.0,4076.0,4038.0,3567.5,3409.625,695477
2010-11-05,4020.0,4160.0,4010.0,4070.0,4070.0,4045.5,3582.0,3416.8333333333335,908626
2010-11-08,4140.0,4305.0,4135.0,4225.0,4095.0,4055.75,3600.4166666666665,3425.8333333333335,1717830
2010-11-09,4220.0,4245.0,4105.0,4130.0,4096.0,4068.5,3616.9166666666665,3433.9166666666665,489132
2010-11-10,4110.0,4165.0,4105.0,4120.0,4111.0,4076.0,3632.75,3441.9583333333335,332970
2010-11-11,4075.0,4135.0,4070.0,4090.0,4127.0,4081.0,3648.4166666666665,3449.875,256790
2010-11-12,4090.0,4135.0,3835.0,3960.0,4105.0,4079.25,3662.1666666666665,3457.0833333333335,483807
2010-11-15,3870.0,3930.0,3820.0,3885.0,4037.0,4072.75,3675.0833333333335,3464.375,473187
2010-11-16,3900.0,3960.0,3855.0,3880.0,3987.0,4065.5,3687.4166666666665,3471.625,294165
2010-11-17,3860.0,3895.0,3830.0,3875.0,3938.0,4060.25,3699.75,3478.2083333333335,235576
2010-11-18,3905.0,4050.0,3905.0,4040.0,3928.0,4057.0,3714.1666666666665,3486.0,321945
2010-11-19,4090.0,4100.0,4025.0,4100.0,3956.0,4055.5,3729.3333333333335,3493.9583333333335,266468
2010-11-22,4170.0,4245.0,4120.0,4220.0,4023.0,4059.25,3747.0,3502.7083333333335,740188
2010-11-23,4250.0,4255.0,4115.0,4175.0,4082.0,4064.75,3763.9166666666665,3510.8333333333335,413232
2010-11-24,3975.0,4120.0,3950.0,4100.0,4127.0,4065.75,3779.75,3518.3333333333335,529613
2010-11-25,4170.0,4170.0,4085.0,4100.0,4139.0,4067.5,3795.1666666666665,3525.9583333333335,344103
2010-11-26,4100.0,4160.0,3900.0,3900.0,4099.0,4057.5,3807.6666666666665,3531.75,942754
2010-11-29,3905.0,3985.0,3900.0,3945.0,4044.0,4049.75,3820.5,3538.3333333333335,220519
2010-11-30,3940.0,4145.0,3940.0,4145.0,4038.0,4050.75,3835.6666666666665,3546.6666666666665,304131
2010-12-01,4130.0,4130.0,4055.0,4125.0,4043.0,4054.75,3850.75,3554.7916666666665,225133
2010-12-02,4130.0,4160.0,4105.0,4160.0,4055.0,4062.25,3866.25,3563.0833333333335,371889
2010-12-03,4290.0,4435.0,4280.0,4390.0,4153.0,4078.25,3885.8333333333335,3573.4583333333335,2326678
2010-12-06,4350.0,4390.0,4200.0,4245.0,4213.0,4079.25,3902.9166666666665,3582.1666666666665,1226500
2010-12-07,4240.0,4245.0,4100.0,4225.0,4229.0,4084.0,3918.9166666666665,3590.7083333333335,849967
2010-12-08,4225.0,4340.0,4170.0,4205.0,4245.0,4088.25,3933.75,3598.7916666666665,625196
2010-12-09,4240.0,4320.0,4205.0,4320.0,4277.0,4099.75,3950.9166666666665,3605.75,703217
2010-12-10,4340.0,4340.0,4215.0,4265.0,4252.0,4115.0,3966.75,3612.5416666666665,658800
2010-12-13,4265.0,4270.0,4175.0,4185.0,4240.0,4130.0,3981.3333333333335,3618.2916666666665,712258
2010-12-14,4190.0,4195.0,4100.0,4125.0,4220.0,4142.25,3994.5,3623.9583333333335,839512
2010-12-15,4130.0,4245.0,4130.0,4185.0,4216.0,4157.75,4008.3333333333335,3631.0416666666665,606669
2010-12-16,4190.0,4220.0,4150.0,4220.0,4196.0,4166.75,4022.3333333333335,3638.7083333333335,377100
2010-12-17,4245.0,4275.0,4160.0,4160.0,4175.0,4169.75,4034.3333333333335,3645.25,582187
2010-12-20,4095.0,4110.0,4030.0,4100.0,4158.0,4163.75,4045.75,3651.6666666666665,726229
2010-12-21,4180.0,4290.0,4150.0,4260.0,4185.0,4168.0,4060.4166666666665,3659.75,769745
2010-12-22,4280.0,4320.0,4225.0,4230.0,4194.0,4174.5,4073.4166666666665,3667.1666666666665,730505
2010-12-23,4270.0,4445.0,4240.0,4355.0,4221.0,4187.25,4084.6666666666665,3675.625,2437548
2010-12-24,4420.0,4840.0,4410.0,4600.0,4309.0,4222.25,4099.0,3687.125,5333585
2010-12-27,4675.0,4725.0,4495.0,4500.0,4389.0,4250.0,4110.666666666667,3697.125,2208082
2010-12-28,4530.0,4580.0,4350.0,4405.0,4418.0,4263.0,4118.833333333333,3705.5833333333335,2013531
2010-12-29,4270.0,4390.0,4125.0,4140.0,4400.0,4263.75,4119.0,3712.0416666666665,1704936
2010-12-30,4160.0,4160.0,3975.0,3995.0,4328.0,4255.5,4118.583333333333,3717.875,1829542
2011-01-03,4025.0,4105.0,3930.0,4080.0,4224.0,4240.0,4121.25,3724.5416666666665,1346453
2011-01-04,4070.0,4165.0,4030.0,4135.0,4151.0,4234.5,4123.166666666667,3731.625,1015322
2011-01-05,4175.0,4185.0,4130.0,4150.0,4100.0,4230.75,4127.75,3738.8333333333335,738752
2011-01-06,4150.0,4210.0,4130.0,4195.0,4111.0,4230.25,4131.5,3746.6666666666665,995056
2011-01-07,4220.0,4315.0,4200.0,4300.0,4172.0,4229.25,4136.666666666667,3755.625,980024
2011-01-10,4340.0,4375.0,4230.0,4275.0,4211.0,4229.75,4141.333333333333,3763.7916666666665,490194
2011-01-11,4295.0,4300.0,4155.0,4200.0,4224.0,4230.5,4144.416666666667,3771.0833333333335,716994
2011-01-12,4175.0,4200.0,4115.0,4180.0,4230.0,4233.25,4147.0,3778.9166666666665,475323
2011-01-13,4305.0,4470.0,4280.0,4410.0,4273.0,4244.5,4154.166666666667,3788.5,2081636
2011-01-14,4460.0,4465.0,4310.0,4345.0,4282.0,4250.75,4158.166666666667,3797.4583333333335,956397
2011-01-17,4335.0,4575.0,4320.0,4455.0,4318.0,4265.5,4163.583333333333,3807.3333333333335,1231332
2011-01-18,4540.0,4605.0,4450.0,4450.0,4368.0,4283.0,4168.666666666667,3817.0416666666665,975916
2011-01-19,4470.0,4480.0,4350.0,4440.0,4420.0,4292.0,4174.916666666667,3826.625,446734
2011-01-20,4440.0,4590.0,4440.0,4580.0,4454.0,4309.5,4183.25,3837.5416666666665,812878
2011-01-21,4590.0,4600.0,4370.0,4415.0,4468.0,4312.5,4189.083333333333,3846.9166666666665,660467
2011-01-24,4415.0,4435.0,4280.0,4320.0,4441.0,4298.5,4192.75,3855.1666666666665,510773
2011-01-25,4380.0,4390.0,4200.0,4200.0,4391.0,4283.5,4194.416666666667,3862.25,673903
2011-01-26,4210.0,4285.0,4180.0,4250.0,4353.0,4275.75,4196.5,3869.5,392476
2011-01-27,4190.0,4290.0,4170.0,4285.0,4294.0,4283.0,4200.5,3877.8333333333335,527240
2011-01-28,4285.0,4285.0,4170.0,4195.0,4250.0,4293.0,4203.583333333333,3885.5416666666665,257255
2011-01-31,4155.0,4155.0,4070.0,4070.0,4200.0,4292.5,4203.583333333333,3892.7916666666665,339237
2011-02-01,4070.0,4170.0,4070.0,4100.0,4180.0,4290.75,4201.5,3900.9583333333335,274014
2011-02-07,4135.0,4230.0,4115.0,4185.0,4167.0,4292.5,4202.416666666667,3909.6666666666665,265216
2011-02-08,4260.0,4340.0,4175.0,4210.0,4152.0,4293.25,4203.916666666667,3918.3333333333335,378884
2011-02-09,4215.0,4240.0,4110.0,4165.0,4146.0,4286.5,4205.166666666667,3926.7916666666665,277285
2011-02-10,4135.0,4160.0,3980.0,4055.0,4143.0,4275.5,4206.75,3934.4583333333335,395542
2011-02-11,4060.0,4110.0,4010.0,4010.0,4125.0,4266.0,4208.833333333333,3941.9583333333335,257029
2011-02-14,4055.0,4160.0,4050.0,4115.0,4111.0,4262.75,4212.75,3950.0833333333335,240307
2011-02-15,4180.0,4290.0,4160.0,4160.0,4101.0,4250.25,4217.5,3958.625,395558
2011-02-16,4160.0,4230.0,4100.0,4190.0,4106.0,4242.5,4220.0,3967.0833333333335,423047
2011-02-17,4240.0,4240.0,4155.0,4175.0,4130.0,4228.5,4221.25,3975.2916666666665,419900
2011-02-18,4260.0,4500.0,4250.0,4450.0,4218.0,4228.5,4225.083333333333,3986.0416666666665,1267593
2011-02-21,4480.0,4820.0,4475.0,4820.0,4359.0,4247.5,4235.833333333333,3999.875,1555555
2011-02-22,4835.0,5060.0,4770.0,4910.0,4509.0,4264.0,4249.333333333333,4014.5416666666665,2833946
2011-02-23,4950.0,4985.0,4780.0,4785.0,4628.0,4282.5,4260.75,4027.9583333333335,1058305
2011-02-24,4710.0,4930.0,4710.0,4850.0,4763.0,4309.0,4276.583333333333,4042.125,1038796
2011-02-25,4860.0,4980.0,4790.0,4790.0,4831.0,4338.5,4290.666666666667,4055.5833333333335,651342
2011-02-28,4780.0,4880.0,4605.0,4790.0,4825.0,4365.5,4301.416666666667,4068.5416666666665,777068
2011-03-02,4850.0,5070.0,4785.0,4960.0,4835.0,4399.25,4315.333333333333,4083.0416666666665,1111577
2011-03-03,5080.0,5600.0,5060.0,5260.0,4930.0,4452.5,4333.666666666667,4099.958333333333,3928211
2011-03-04,5270.0,5470.0,5120.0,5400.0,5040.0,4519.0,4350.5,4118.166666666667,1729823
2011-03-07,5400.0,5470.0,5260.0,5290.0,5140.0,4578.5,4367.916666666667,4135.416666666667,611846
2011-03-08,5490.0,5530.0,5240.0,5300.0,5242.0,4634.25,4385.833333333333,4152.375,1669242
2011-03-09,5240.0,5490.0,5180.0,5480.0,5346.0,4697.75,4407.083333333333,4170.416666666667,1070429
2011-03-10,5530.0,5550.0,5260.0,5330.0,5360.0,4756.0,4423.916666666667,4187.416666666667,759087
2011-03-11,5130.0,5290.0,5120.0,5190.0,5318.0,4812.75,4439.333333333333,4203.041666666667,715976
2011-03-14,4755.0,4940.0,4425.0,4600.0,5180.0,4842.25,4446.25,4213.791666666667,3078707
2011-03-15,4665.0,4900.0,4425.0,4690.0,5058.0,4871.0,4455.666666666667,4225.083333333333,1944870
2011-03-16,4780.0,5000.0,4700.0,4970.0,4956.0,4911.5,4468.75,4238.541666666667,1484237
2011-03-17,4800.0,4920.0,4720.0,4795.0,4849.0,4941.75,4478.333333333333,4250.333333333333,811198
2011-03-18,4845.0,4920.0,4825.0,4890.0,4789.0,4977.5,4490.5,4262.416666666667,618384
2011-03-21,4870.0,5230.0,4845.0,5160.0,4901.0,5013.0,4508.166666666667,4276.958333333333,1171276
2011-03-22,5240.0,5250.0,5060.0,5200.0,5003.0,5032.0,4523.833333333333,4292.125,801535
2011-03-23,5170.0,5220.0,5050.0,5090.0,5027.0,5041.0,4538.166666666667,4305.791666666667,565222
2011-03-24,5090.0,5160.0,4920.0,5150.0,5098.0,5059.25,4551.416666666667,4318.041666666667,1385048
2011-03-25,5230.0,5290.0,5120.0,5210.0,5162.0,5077.25,4561.583333333333,4330.291666666667,706624
2011-03-28,5260.0,5480.0,5250.0,5330.0,5196.0,5104.25,4575.416666666667,4343.041666666667,973669
2011-03-29,5430.0,5840.0,5420.0,5730.0,5302.0,5151.25,4597.5,4358.166666666667,2678341
2011-03-30,5740.0,5750.0,5600.0,5650.0,5414.0,5185.75,4622.666666666667,4370.833333333333,887379
2011-03-31,5600.0,5730.0,5470.0,5500.0,5484.0,5197.75,4647.75,4383.166666666667,670628
2011-04-01,5420.0,5550.0,5300.0,5550.0,5552.0,5205.25,4672.25,4396.75,1246837
2011-04-04,5520.0,5580.0,5440.0,5470.0,5580.0,5214.25,4694.5,4408.833333333333,649468
2011-04-05,5470.0,5580.0,5410.0,5540.0,5542.0,5226.25,4717.666666666667,4422.708333333333,555141
2011-04-06,5460.0,5590.0,5420.0,5420.0,5496.0,5223.25,4738.083333333333,4434.791666666667,854628
2011-04-07,5420.0,5460.0,5200.0,5330.0,5462.0,5223.25,4755.25,4445.958333333333,761227
2011-04-08,5250.0,5450.0,5200.0,5200.0,5392.0,5223.75,4770.666666666667,4456.0,1205288
2011-04-11,5300.0,5630.0,5300.0,5540.0,5406.0,5270.75,4793.0,4468.708333333333,1219038
2011-04-12,5550.0,5580.0,5380.0,5400.0,5378.0,5306.25,4813.333333333333,4480.166666666667,784677
2011-04-13,5430.0,5580.0,5260.0,5480.0,5390.0,5331.75,4831.166666666667,4492.666666666667,951252
2011-04-14,5500.0,5760.0,5500.0,5670.0,5458.0,5375.5,4853.25,4505.708333333333,1418075
2011-04-15,5680.0,6010.0,5560.0,5560.0,5530.0,5409.0,4871.666666666667,4517.625,1844519
2011-04-18,5700.0,5700.0,5450.0,5620.0,5546.0,5432.0,4891.166666666667,4529.916666666667,835676
2011-04-19,5580.0,5790.0,5550.0,5740.0,5614.0,5459.0,4912.833333333333,4543.875,1109854
2011-04-20,5810.0,6380.0,5740.0,6250.0,5768.0,5517.0,4940.666666666667,4561.958333333333,2772636
2011-04-21,6410.0,6690.0,6200.0,6270.0,5888.0,5573.0,4971.583333333333,4580.333333333333,2393556
2011-04-22,6210.0,6490.0,6110.0,6350.0,6046.0,5630.0,5005.416666666667,4599.083333333333,1024978
2011-04-25,6310.0,6420.0,6050.0,6100.0,6142.0,5668.5,5037.083333333333,4615.75,1015774
2011-04-26,6150.0,6450.0,6100.0,6340.0,6262.0,5699.0,5071.916666666667,4634.208333333333,1311961
2011-04-27,6480.0,6780.0,6420.0,6550.0,6322.0,5744.0,5109.666666666667,4655.083333333333,2027720
2011-04-28,6550.0,6640.0,6360.0,6450.0,6358.0,5791.5,5147.25,4675.416666666667,829416
2011-04-29,6490.0,6510.0,6180.0,6270.0,6342.0,5827.5,5183.916666666667,4693.75,770813
2011-05-02,6350.0,6510.0,6190.0,6500.0,6422.0,5879.0,5223.916666666667,4712.708333333333,591621
2011-05-03,6480.0,6760.0,6410.0,6650.0,6484.0,5934.5,5265.0,4733.708333333333,1313746
2011-05-04,6700.0,6740.0,6290.0,6390.0,6452.0,5983.0,5301.333333333333,4752.625,944232
2011-05-06,6290.0,6530.0,6180.0,6300.0,6422.0,6031.5,5336.916666666667,4771.041666666667,830857
2011-05-09,6450.0,6480.0,6340.0,6350.0,6438.0,6089.0,5375.166666666667,4790.958333333333,482849
2011-05-11,6440.0,6670.0,6220.0,6250.0,6388.0,6124.5,5412.5,4810.666666666667,1353804
2011-05-12,6300.0,6400.0,6200.0,6360.0,6330.0,6172.5,5449.916666666667,4831.333333333333,375008
2011-05-13,6380.0,6430.0,6260.0,6330.0,6318.0,6215.0,5486.083333333333,4851.791666666667,356242
2011-05-16,6370.0,6650.0,6260.0,6590.0,6376.0,6261.0,5526.083333333333,4873.041666666667,1163404
2011-05-17,6640.0,6900.0,6590.0,6590.0,6424.0,6312.5,5566.333333333333,4893.791666666667,1849658
2011-05-18,6660.0,6800.0,6570.0,6780.0,6530.0,6370.5,5605.166666666667,4915.125,762800
2011-05-19,6840.0,7230.0,6820.0,7090.0,6676.0,6438.0,5643.0,4939.416666666667,2605733
2011-05-20,7090.0,7330.0,7000.0,7140.0,6838.0,6482.5,5680.166666666667,4964.75,1184744
2011-05-23,7180.0,7520.0,7110.0,7300.0,6980.0,6534.0,5722.083333333333,4991.416666666667,1515007
2011-05-24,7310.0,7420.0,7100.0,7160.0,7094.0,6574.5,5760.583333333333,5018.583333333333,1163929
2011-05-25,7270.0,7280.0,6980.0,6980.0,7134.0,6618.5,5797.083333333333,5043.875,833245
2011-05-26,7050.0,7200.0,6960.0,7060.0,7128.0,6654.5,5834.916666666667,5068.166666666667,946307
2011-05-27,7200.0,7410.0,7150.0,7160.0,7132.0,6685.0,5871.583333333333,5093.458333333333,871551
2011-05-30,7230.0,7230.0,6900.0,7000.0,7072.0,6712.5,5900.583333333333,5117.125,513061
2011-05-31,7000.0,7040.0,6810.0,6940.0,7028.0,6746.0,5926.25,5138.375,825118
2011-06-01,7020.0,7230.0,6870.0,7110.0,7054.0,6776.5,5956.583333333333,5162.25,1351558
2011-06-02,6950.0,7200.0,6930.0,6980.0,7038.0,6793.0,5984.583333333333,5185.208333333333,662450
2011-06-03,7050.0,7270.0,6990.0,7240.0,7054.0,6835.5,6013.916666666667,5210.5,898180
2011-06-07,7220.0,7350.0,7080.0,7130.0,7080.0,6877.0,6043.916666666667,5233.916666666667,510196
2011-06-08,7130.0,7210.0,6970.0,7000.0,7092.0,6909.5,6074.083333333333,5256.708333333333,496713
2011-06-09,6990.0,7150.0,6640.0,6640.0,6998.0,6929.0,6108.083333333333,5277.166666666667,609431
2011-06-10,6810.0,7010.0,6720.0,6920.0,6986.0,6957.0,6145.25,5300.458333333333,842206
2011-06-13,6930.0,7130.0,6930.0,7020.0,6942.0,6991.5,6179.416666666667,5324.083333333333,419582
2011-06-14,6980.0,7140.0,6980.0,7070.0,6930.0,7015.5,6217.333333333333,5347.833333333333,622285
2011-06-15,7120.0,7120.0,6970.0,7020.0,6934.0,7037.0,6252.833333333333,5371.666666666667,423196
2011-06-16,7060.0,7070.0,6820.0,6920.0,6990.0,7044.0,6282.166666666667,5395.166666666667,480750
2011-06-17,7010.0,7010.0,6850.0,6950.0,6996.0,7037.0,6311.333333333333,5417.583333333333,462053
2011-06-20,6920.0,7300.0,6920.0,7260.0,7044.0,7043.0,6347.5,5442.833333333333,1174381
2011-06-21,7310.0,7350.0,7070.0,7100.0,7050.0,7033.0,6380.0,5465.708333333333,1018800
2011-06-22,7150.0,7170.0,7010.0,7040.0,7054.0,7027.0,6410.5,5486.041666666667,590348
2011-06-23,7280.0,7410.0,6890.0,6910.0,7052.0,7023.5,6436.833333333333,5506.125,2387672
2011-06-24,6970.0,7050.0,6920.0,6950.0,7052.0,7018.0,6457.166666666667,5527.333333333333,704040
2011-06-27,6960.0,7040.0,6910.0,6940.0,6988.0,7007.0,6478.666666666667,5550.666666666667,474708
2011-06-28,6990.0,7070.0,6860.0,6860.0,6940.0,7000.0,6501.333333333333,5574.541666666667,467391
2011-06-29,6930.0,6970.0,6690.0,6770.0,6886.0,6991.5,6521.666666666667,5596.958333333333,936901
2011-06-30,6800.0,6930.0,6740.0,6930.0,6890.0,6982.5,6546.0,5620.25,401015
2011-07-01,6990.0,7050.0,6850.0,6900.0,6880.0,6978.5,6568.666666666667,5643.166666666667,625344
2011-07-04,7000.0,7190.0,6920.0,7190.0,6930.0,6976.0,6598.166666666667,5668.125,1123632
2011-07-05,7240.0,7350.0,7160.0,7180.0,6994.0,6978.5,6629.0,5692.125,759813
2011-07-06,7280.0,7280.0,7180.0,7210.0,7082.0,6989.0,6662.5,5716.583333333333,671279
2011-07-07,7420.0,7540.0,7210.0,7300.0,7156.0,7022.0,6691.833333333333,5742.416666666667,1509792
2011-07-08,7350.0,7360.0,7170.0,7250.0,7226.0,7038.5,6722.666666666667,5768.0,589552
2011-07-11,7170.0,7290.0,7130.0,7170.0,7222.0,7046.0,6750.833333333333,5791.0,529515
2011-07-12,7100.0,7180.0,6960.0,7140.0,7214.0,7049.5,6775.333333333333,5814.291666666667,691020
2011-07-13,7200.0,7220.0,7100.0,7190.0,7210.0,7058.0,6802.5,5837.083333333333,510910
2011-07-14,7210.0,7210.0,7050.0,7150.0,7180.0,7069.5,6828.0,5859.583333333333,326197
2011-07-15,7150.0,7280.0,7130.0,7240.0,7178.0,7084.0,6853.0,5882.916666666667,543729
2011-07-18,7270.0,7270.0,7140.0,7160.0,7176.0,7079.0,6868.166666666667,5904.416666666667,386570
2011-07-19,7240.0,7990.0,7210.0,7880.0,7324.0,7118.0,6895.0,5933.291666666667,3261346
2011-07-20,7960.0,8020.0,7760.0,7850.0,7456.0,7158.5,6920.0,5962.708333333333,1899902
2011-07-21,7920.0,8060.0,7560.0,7660.0,7558.0,7196.0,6946.0,5991.541666666667,999475
2011-07-22,7650.0,7660.0,7410.0,7480.0,7606.0,7222.5,6965.0,6018.458333333333,1324471
2011-07-25,7460.0,7650.0,7370.0,7630.0,7700.0,7257.0,6983.0,6046.333333333333,667235
2011-07-26,7640.0,7680.0,7460.0,7520.0,7628.0,7290.0,7000.833333333333,6074.041666666667,540822
2011-07-27,7430.0,8000.0,7410.0,8000.0,7658.0,7351.5,7029.666666666667,6106.791666666667,1259394
2011-07-28,7940.0,8270.0,7830.0,8100.0,7746.0,7410.0,7056.333333333333,6140.125,1205196
2011-07-29,8200.0,8270.0,8010.0,8060.0,7862.0,7468.0,7079.833333333333,6172.416666666667,577750
2011-08-01,8100.0,8260.0,7950.0,8020.0,7940.0,7509.5,7107.0,6204.166666666667,528630
2011-08-02,8140.0,8240.0,7930.0,8000.0,8036.0,7550.5,7135.333333333333,6236.125,751095
2011-08-03,7880.0,8040.0,7700.0,8030.0,8042.0,7591.5,7163.333333333333,6269.25,617823
2011-08-04,8090.0,8140.0,7850.0,7850.0,7992.0,7619.0,7190.0,6301.25,471845
2011-08-05,7200.0,7630.0,7200.0,7520.0,7884.0,7632.5,7209.333333333333,6329.625,1081410
2011-08-08,7450.0,7740.0,6690.0,7400.0,7760.0,7644.0,7227.166666666667,6356.625,1322486
2011-08-09,7030.0,7300.0,6360.0,7150.0,7590.0,7644.5,7236.5,6381.291666666667,1019493
2011-08-10,7600.0,7600.0,7170.0,7180.0,7420.0,7644.0,7246.333333333333,6406.333333333333,806471
2011-08-11,6810.0,7310.0,6760.0,7250.0,7300.0,7649.0,7254.166666666667,6429.666666666667,581998
2011-08-12,7450.0,7970.0,7330.0,7620.0,7320.0,7668.0,7263.0,6453.0,1321866
2011-08-16,7840.0,8000.0,7770.0,7850.0,7410.0,7702.5,7274.833333333333,6477.5,628356
2011-08-17,7860.0,8190.0,7850.0,8190.0,7618.0,7718.0,7289.666666666667,6505.875,695849
2011-08-18,8190.0,9410.0,8090.0,9410.0,8064.0,7796.0,7327.166666666667,6543.875,2423442
2011-08-19,9110.0,10600.0,8910.0,9440.0,8502.0,7885.0,7368.166666666667,6582.625,4095193
2011-08-22,9810.0,9850.0,8610.0,9030.0,8784.0,7962.5,7401.0,6617.958333333333,1356712
2011-08-23,9050.0,9550.0,9010.0,9020.0,9018.0,8032.0,7432.0,6651.791666666667,1376395
2011-08-24,9200.0,9370.0,8920.0,8980.0,9176.0,8105.0,7465.0,6682.791666666667,1023657
2011-08-25,9140.0,9250.0,8250.0,8330.0,8960.0,8121.5,7488.166666666667,6707.208333333333,2005356
2011-08-26,8230.0,8290.0,7620.0,7910.0,8654.0,8112.0,7501.5,6729.041666666667,1343561
2011-08-29,8070.0,8550.0,8070.0,8450.0,8538.0,8131.5,7526.0,6755.291666666667,1378200
2011-08-30,8540.0,8950.0,8370.0,8950.0,8524.0,8178.0,7554.5,6784.208333333333,1227843
2011-08-31,9050.0,9280.0,8960.0,9090.0,8546.0,8232.5,7587.166666666667,6815.541666666667,917466
2011-09-01,9080.0,9140.0,8800.0,8900.0,8660.0,8276.0,7618.833333333333,6846.458333333333,981856
2011-09-02,8800.0,9060.0,8800.0,8900.0,8858.0,8328.5,7656.5,6882.291666666667,294636
2011-09-05,8770.0,9150.0,8770.0,8880.0,8944.0,8396.5,7689.166666666667,6917.208333333333,423426
2011-09-06,8800.0,8940.0,8380.0,8530.0,8860.0,8453.0,7714.333333333333,6946.875,422687
2011-09-07,8790.0,8980.0,8550.0,8900.0,8822.0,8540.5,7744.833333333333,6981.083333333333,1282481
2011-09-08,8900.0,8930.0,8550.0,8570.0,8756.0,8610.0,7770.666666666667,7011.75,702775
2011-09-09,8580.0,8780.0,8130.0,8200.0,8616.0,8657.5,7792.0,7037.083333333333,1026267
2011-09-14,8350.0,8350.0,7600.0,7600.0,8360.0,8656.5,7802.833333333333,7057.083333333333,829789
2011-09-15,7850.0,8180.0,7800.0,8030.0,8260.0,8665.5,7815.666666666667,7081.583333333333,1059129
2011-09-16,8220.0,8230.0,7830.0,7920.0,8064.0,8652.0,7829.333333333333,7104.666666666667,1131312
2011-09-19,7810.0,8070.0,7810.0,7940.0,7938.0,8578.5,7844.333333333333,7127.416666666667,575792
2011-09-20,7910.0,8040.0,7810.0,7950.0,7888.0,8504.0,7861.666666666667,7149.25,608927
2011-09-21,8050.0,8700.0,8030.0,8480.0,8064.0,8476.5,7887.166666666667,7172.166666666667,1915136
2011-09-22,8490.0,8830.0,8090.0,8150.0,8088.0,8433.0,7907.333333333333,7193.0,2207237
2011-09-23,7990.0,8520.0,7870.0,8260.0,8156.0,8397.0,7930.666666666667,7216.0,1922423
2011-09-26,8410.0,8590.0,7390.0,7970.0,8162.0,8379.0,7950.666666666667,7236.166666666667,1525448
2011-09-27,8360.0,8430.0,8160.0,8430.0,8258.0,8405.0,7975.666666666667,7260.833333333333,985546
2011-09-28,8590.0,8920.0,8530.0,8770.0,8316.0,8421.0,8006.833333333333,7287.75,1825909
2011-09-29,8750.0,9060.0,8200.0,8600.0,8406.0,8403.5,8030.333333333333,7314.25,2767181
2011-09-30,8650.0,8940.0,8360.0,8400.0,8434.0,8369.0,8050.666666666667,7339.833333333333,1756280
2011-10-04,7980.0,8140.0,7780.0,7900.0,8420.0,8319.0,8062.166666666667,7362.333333333333,1487861
2011-10-05,7860.0,7940.0,7000.0,7000.0,8134.0,8224.0,8057.166666666667,7374.5,2814116
2011-10-06,7320.0,7500.0,7150.0,7270.0,7834.0,8143.5,8057.5,7390.083333333333,1349392
2011-10-07,7450.0,7760.0,7400.0,7480.0,7610.0,8091.0,8062.666666666667,7406.75,1242569
2011-10-10,7410.0,7770.0,7400.0,7600.0,7450.0,8026.0,8070.333333333333,7422.833333333333,625160
2011-10-11,7640.0,7800.0,7640.0,7640.0,7398.0,7979.5,8077.833333333333,7440.166666666667,394554
2011-10-12,7710.0,7820.0,7620.0,7700.0,7538.0,7954.5,8087.0,7457.5,620122
2011-10-13,7700.0,7830.0,7560.0,7690.0,7622.0,7959.0,8094.5,7473.75,649699
2011-10-14,7900.0,8700.0,7730.0,8490.0,7824.0,7982.0,8116.666666666667,7492.416666666667,3037003
2011-10-17,8950.0,9060.0,8450.0,8450.0,7994.0,8008.5,8126.166666666667,7510.583333333333,2464304
2011-10-18,8340.0,8550.0,8130.0,8160.0,8098.0,8019.5,8131.333333333333,7525.666666666667,1112060
2011-10-19,8340.0,8780.0,8200.0,8470.0,8252.0,8045.5,8144.833333333333,7545.416666666667,1781882
2011-10-20,8450.0,8660.0,7860.0,8200.0,8354.0,8031.5,8156.833333333333,7560.916666666667,1166327
2011-10-21,8250.0,8360.0,7980.0,8110.0,8278.0,8029.5,8164.833333333333,7573.916666666667,837859
2011-10-24,8210.0,8280.0,8120.0,8220.0,8232.0,8027.5,8176.5,7588.666666666667,628297
2011-10-25,8370.0,8420.0,8120.0,8130.0,8226.0,8035.5,8178.666666666667,7604.166666666667,971271
2011-10-26,8130.0,8130.0,7960.0,8080.0,8148.0,8018.0,8178.333333333333,7617.333333333333,583968
2011-10-27,8150.0,8270.0,8110.0,8150.0,8138.0,7987.0,8179.833333333333,7629.833333333333,658086
2011-10-28,8320.0,8320.0,8020.0,8060.0,8128.0,7960.0,8180.5,7643.75,593970
2011-10-31,8070.0,8210.0,7880.0,7920.0,8068.0,7936.0,8179.166666666667,7657.25,465288
2011-11-01,7880.0,8000.0,7700.0,7760.0,7994.0,7929.0,8174.666666666667,7669.0,616557
2011-11-02,7550.0,7630.0,7340.0,7420.0,7862.0,7950.0,8167.5,7678.75,1530519
2011-11-03,7470.0,7470.0,6920.0,6980.0,7628.0,7935.5,8158.5,7683.916666666667,1724592
2011-11-04,7060.0,7310.0,7050.0,7120.0,7440.0,7917.5,8153.833333333333,7690.5,1354199
2011-11-07,7310.0,7620.0,7220.0,7600.0,7376.0,7917.5,8161.333333333333,7698.916666666667,1527918
2011-11-08,7630.0,7670.0,7360.0,7440.0,7312.0,7907.5,8165.666666666667,7706.0,728354
2011-11-09,7500.0,7660.0,7500.0,7580.0,7344.0,7901.5,8171.166666666667,7712.666666666667,735488
2011-11-10,7420.0,7550.0,7210.0,7400.0,7428.0,7887.0,8167.5,7715.25,679469
2011-11-11,7600.0,7600.0,7390.0,7420.0,7488.0,7833.5,8160.333333333333,7717.583333333333,380903
2011-11-14,7610.0,7760.0,7480.0,7500.0,7468.0,7786.0,8148.833333333333,7719.25,526605
2011-11-15,7590.0,7600.0,7280.0,7350.0,7450.0,7745.5,8114.5,7720.833333333333,626606
2011-11-16,7430.0,7440.0,7220.0,7230.0,7380.0,7683.5,8077.666666666667,7722.916666666667,424404
2011-11-17,7210.0,7380.0,7160.0,7310.0,7362.0,7639.0,8049.0,7725.0,330447
2011-11-18,7180.0,7340.0,7100.0,7130.0,7304.0,7590.0,8017.5,7724.75,407526
2011-11-21,7180.0,7190.0,7010.0,7030.0,7210.0,7530.5,7985.0,7725.0,358527
2011-11-22,6870.0,7150.0,6870.0,7140.0,7168.0,7481.0,7965.166666666667,7726.666666666667,411091
2011-11-23,7100.0,7120.0,6790.0,6790.0,7080.0,7416.5,7946.5,7724.0,769443
2011-11-24,6650.0,6830.0,6560.0,6590.0,6936.0,7338.5,7915.5,7720.75,1050609
2011-11-25,6640.0,6940.0,6640.0,6730.0,6856.0,7272.0,7878.5,7716.5,1223553
2011-11-28,6850.0,7200.0,6800.0,7200.0,6890.0,7236.0,7847.0,7717.083333333333,1595927
2011-11-29,7360.0,7440.0,7310.0,7390.0,6940.0,7217.5,7821.833333333333,7720.333333333333,1249971
2011-11-30,7330.0,7460.0,7150.0,7160.0,7014.0,7204.5,7792.833333333333,7724.666666666667,756828
2011-12-01,7330.0,7650.0,7220.0,7650.0,7226.0,7238.0,7772.333333333333,7730.75,1844113
2011-12-02,7630.0,7630.0,7420.0,7500.0,7380.0,7257.0,7755.166666666667,7734.75,417151
2011-12-05,7600.0,7600.0,7300.0,7410.0,7422.0,7247.5,7730.333333333333,7737.583333333333,555899
2011-12-06,7450.0,7500.0,7250.0,7250.0,7394.0,7238.0,7708.333333333333,7739.5,497805
2011-12-07,7300.0,7310.0,7090.0,7130.0,7388.0,7215.5,7690.5,7741.25,834843
2011-12-08,7210.0,7210.0,7070.0,7100.0,7278.0,7200.5,7682.166666666667,7742.5,554487
2011-12-09,7000.0,7090.0,6990.0,7010.0,7180.0,7180.0,7665.166666666667,7740.416666666667,699862
2011-12-12,7100.0,7140.0,7020.0,7030.0,7104.0,7156.5,7650.333333333333,7739.833333333333,691585
2011-12-13,6970.0,7180.0,6910.0,7100.0,7074.0,7144.0,7636.333333333333,7740.333333333333,656516
2011-12-14,7150.0,7340.0,7020.0,7310.0,7110.0,7148.0,7625.666666666667,7743.666666666667,700025
2011-12-15,7390.0,7640.0,7320.0,7390.0,7168.0,7152.0,7607.5,7747.333333333333,1785522
2011-12-16,7700.0,7720.0,7420.0,7420.0,7250.0,7166.5,7595.333333333333,7751.333333333333,1670500
2011-12-19,7380.0,7400.0,6730.0,7130.0,7270.0,7171.5,7576.5,7753.583333333333,1219639
2011-12-20,7370.0,7600.0,7220.0,7600.0,7370.0,7194.5,7570.333333333333,7760.5,897293
2011-12-21,7900.0,8210.0,7730.0,7880.0,7484.0,7249.0,7561.166666666667,7768.416666666667,2407251
2011-12-22,7760.0,8320.0,7760.0,8320.0,7670.0,7335.5,7553.666666666667,7780.25,1954770
2011-12-23,8360.0,8410.0,8050.0,8150.0,7816.0,7406.5,7546.166666666667,7788.25,1081962
2011-12-26,8140.0,8160.0,7820.0,8050.0,8000.0,7449.0,7540.333333333333,7795.5,746340
2011-12-27,8100.0,8230.0,7770.0,7970.0,8074.0,7478.0,7541.5,7801.833333333333,1181578
2011-12-28,7800.0,7910.0,7740.0,7910.0,8080.0,7515.5,7556.666666666667,7806.916666666667,803936
2011-12-29,8020.0,8700.0,7950.0,8400.0,8096.0,7553.0,7575.5,7816.5,3509283
2012-01-02,8680.0,8680.0,8340.0,8480.0,8162.0,7602.0,7592.166666666667,7827.416666666667,2056006
2012-01-03,8500.0,8610.0,8390.0,8490.0,8250.0,7656.0,7607.0,7838.666666666667,1290227
2012-01-04,8550.0,8730.0,8440.0,8510.0,8358.0,7719.0,7621.5,7849.666666666667,1085944
2012-01-05,8580.0,8680.0,8500.0,8600.0,8496.0,7792.5,7636.5,7861.75,825171
2012-01-06,8600.0,8690.0,8370.0,8630.0,8542.0,7869.0,7652.166666666667,7873.333333333333,787769
2012-01-09,8610.0,8720.0,8570.0,8630.0,8572.0,7950.0,7654.5,7885.583333333333,484197
2012-01-10,8660.0,8960.0,8610.0,8700.0,8614.0,8033.5,7658.666666666667,7892.416666666667,1132565
2012-01-11,8800.0,8830.0,8320.0,8550.0,8622.0,8106.0,7665.166666666667,7898.25,1125724
2012-01-12,8600.0,8630.0,8290.0,8360.0,8574.0,8158.5,7663.333333333333,7904.083333333333,585241
2012-01-13,8470.0,8570.0,8320.0,8430.0,8534.0,8210.5,7667.166666666667,7912.0,685543
2012-01-16,8300.0,8490.0,8300.0,8490.0,8506.0,8264.0,7673.5,7919.166666666667,513022
2012-01-17,8410.0,8570.0,8300.0,8300.0,8426.0,8322.5,7674.833333333333,7925.666666666667,648645
2012-01-18,8380.0,8400.0,8040.0,8230.0,8362.0,8354.0,7676.5,7927.583333333333,865743
2012-01-19,8350.0,8560.0,8200.0,8500.0,8390.0,8385.0,7683.5,7930.916666666667,757882
2012-01-20,8550.0,8570.0,8300.0,8380.0,8380.0,8388.0,7687.333333333333,7933.583333333333,530989
2012-01-25,8310.0,8550.0,8310.0,8520.0,8386.0,8406.5,7695.0,7937.75,629291
2012-01-26,8600.0,8890.0,8580.0,8890.0,8504.0,8448.5,7711.166666666667,7945.166666666667,1325597
2012-01-27,8990.0,9050.0,8660.0,9000.0,8658.0,8500.0,7731.833333333333,7953.25,1001395
2012-01-30,9040.0,9170.0,8920.0,9020.0,8762.0,8555.5,7758.5,7963.0,786909
2012-01-31,9020.0,9400.0,9000.0,9400.0,8966.0,8605.5,7798.833333333333,7978.666666666667,1377590
2012-02-01,9400.0,9500.0,9160.0,9320.0,9126.0,8647.5,7835.5,7994.666666666667,923217
2012-02-02,9390.0,9390.0,8990.0,9010.0,9150.0,8673.5,7859.0,8010.166666666667,1308150
2012-02-03,9050.0,9180.0,8920.0,9150.0,9180.0,8705.5,7887.5,8026.583333333333,448974
2012-02-06,9180.0,9290.0,9040.0,9040.0,9184.0,8727.5,7911.833333333333,8041.5,544606
2012-02-07,9050.0,9240.0,9010.0,9010.0,9106.0,8746.5,7938.666666666667,8053.083333333333,596258
2012-02-08,9070.0,9070.0,8800.0,8810.0,9004.0,8755.5,7961.833333333333,8061.083333333333,628287
2012-02-09,8810.0,8950.0,8800.0,8840.0,8970.0,8762.5,7984.166666666667,8066.5,441927
2012-02-10,8970.0,8980.0,8720.0,8770.0,8894.0,8773.5,8007.833333333333,8061.166666666667,320424
2012-02-13,8830.0,8870.0,8540.0,8580.0,8802.0,8784.5,8030.333333333333,8054.0,592032
2012-02-14,8630.0,8650.0,8460.0,8630.0,8726.0,8794.5,8052.333333333333,8050.666666666667,540322
2012-02-15,8600.0,9020.0,8580.0,9000.0,8764.0,8820.0,8083.5,8050.5,874428
2012-02-16,8940.0,9050.0,8700.0,8750.0,8746.0,8842.5,8112.166666666667,8048.583333333333,651994
2012-02-17,8920.0,8920.0,8590.0,8710.0,8734.0,8866.5,8138.333333333333,8051.75,703110
2012-02-20,8660.0,8780.0,8370.0,8410.0,8700.0,8862.0,8165.333333333333,8055.916666666667,725329
2012-02-21,8350.0,8470.0,8290.0,8310.0,8636.0,8858.5,8194.0,8054.75,716748
2012-02-22,8390.0,8500.0,8320.0,8480.0,8532.0,8856.5,8223.166666666666,8050.833333333333,456442
2012-02-23,8430.0,8470.0,8360.0,8390.0,8460.0,8831.5,8243.0,8045.0,322846
2012-02-24,8390.0,8610.0,8290.0,8610.0,8440.0,8812.0,8263.333333333334,8042.583333333333,574301
2012-02-27,8600.0,8620.0,8400.0,8600.0,8478.0,8791.0,8287.333333333334,8040.083333333333,325086
2012-02-28,8560.0,8580.0,8290.0,8430.0,8502.0,8742.5,8300.333333333334,8036.333333333333,560570
2012-02-29,8360.0,8390.0,7840.0,7850.0,8376.0,8669.0,8306.166666666666,8030.666666666667,2583795
2012-03-02,7920.0,8030.0,7900.0,7960.0,8290.0,8616.5,8315.333333333334,8022.833333333333,994068
2012-03-05,8020.0,8210.0,7910.0,8200.0,8208.0,8569.0,8331.166666666666,8019.75,840505
2012-03-06,8160.0,8200.0,8020.0,8160.0,8120.0,8525.0,8348.333333333334,8019.416666666667,388700
2012-03-07,8030.0,8430.0,7970.0,8240.0,8082.0,8486.5,8367.333333333334,8024.75,449089
2012-03-08,8300.0,8380.0,8260.0,8340.0,8180.0,8463.0,8389.5,8027.333333333333,565493
2012-03-09,8430.0,8440.0,8280.0,8370.0,8262.0,8439.5,8411.833333333334,8031.083333333333,475710
2012-03-12,8360.0,8370.0,8240.0,8370.0,8296.0,8419.5,8433.0,8034.666666666667,346265
2012-03-13,8310.0,8550.0,8300.0,8470.0,8358.0,8414.0,8452.333333333334,8039.0,953910
2012-03-14,8490.0,8500.0,8100.0,8220.0,8354.0,8393.5,8466.166666666666,8036.833333333333,1004492
2012-03-15,8210.0,8220.0,8040.0,8070.0,8300.0,8347.0,8477.0,8036.166666666667,527159
2012-03-16,8150.0,8210.0,7980.0,8000.0,8226.0,8309.5,8491.5,8034.0,647981
2012-03-19,8030.0,8060.0,7910.0,7920.0,8136.0,8270.0,8496.833333333334,8033.583333333333,481411
2012-03-20,8000.0,8230.0,8000.0,8070.0,8056.0,8253.0,8500.0,8030.583333333333,1014780
2012-03-21,8170.0,8520.0,8160.0,8510.0,8114.0,8263.0,8503.166666666666,8028.416666666667,1364693
2012-03-22,8730.0,8940.0,8650.0,8790.0,8258.0,8278.5,8513.833333333334,8030.0,1893263
2012-03-23,8820.0,8850.0,8650.0,8720.0,8402.0,8295.0,8525.0,8032.666666666667,612424
2012-03-26,8770.0,9020.0,8670.0,8820.0,8582.0,8305.5,8539.166666666666,8040.333333333333,772337
2012-03-27,8920.0,9070.0,8810.0,8970.0,8762.0,8324.0,8556.833333333334,8056.75,800811
2012-03-28,8970.0,9030.0,8790.0,8830.0,8826.0,8344.0,8564.0,8069.75,472011
2012-03-29,8820.0,8830.0,8520.0,8810.0,8830.0,8392.0,8569.5,8080.833333333333,622777
2012-03-30,8800.0,8960.0,8620.0,8790.0,8844.0,8433.5,8574.5,8090.75,383647
2012-04-02,8850.0,8930.0,8690.0,8750.0,8830.0,8461.0,8578.5,8100.0,332759
2012-04-03,8800.0,8800.0,8580.0,8690.0,8774.0,8487.5,8580.0,8108.25,363838
2012-04-04,8640.0,8740.0,8410.0,8500.0,8708.0,8500.5,8577.833333333334,8115.0,396455
2012-04-05,8450.0,8830.0,8380.0,8800.0,8706.0,8523.5,8580.666666666666,8117.583333333333,500710
2012-04-06,8760.0,8930.0,8610.0,8730.0,8694.0,8541.5,8581.166666666666,8119.916666666667,345089
2012-04-09,8640.0,8720.0,8430.0,8570.0,8658.0,8551.5,8581.5,8123.333333333333,220167
2012-04-10,8530.0,8700.0,8290.0,8550.0,8630.0,8555.5,8584.666666666666,8124.0,379297
2012-04-12,8420.0,8500.0,8170.0,8290.0,8588.0,8559.0,8582.333333333334,8124.75,631251
2012-04-13,8310.0,8700.0,8310.0,8670.0,8562.0,8589.0,8585.333333333334,8129.416666666667,522404
2012-04-16,8580.0,8950.0,8570.0,8900.0,8596.0,8634.0,8595.333333333334,8135.083333333333,491354
2012-04-17,8900.0,9030.0,8830.0,8950.0,8672.0,8685.5,8607.333333333334,8141.916666666667,535657
2012-04-18,9030.0,9070.0,8810.0,8920.0,8746.0,8728.0,8614.333333333334,8148.916666666667,532783
2012-04-19,9020.0,9580.0,9010.0,9480.0,8984.0,8776.5,8632.666666666666,8160.0,1646663
2012-04-20,9490.0,9970.0,9330.0,9640.0,9178.0,8819.0,8651.333333333334,8173.166666666667,1346724
2012-04-23,9500.0,10100.0,9410.0,9740.0,9346.0,8870.0,8665.5,8188.333333333333,1250489
2012-04-24,9690.0,9970.0,9410.0,9430.0,9442.0,8900.5,8672.666666666666,8202.25,550165
2012-04-25,9450.0,10350.0,9450.0,9990.0,9656.0,8951.5,8688.833333333334,8223.666666666666,2268318
2012-04-26,10100.0,10350.0,9800.0,10050.0,9770.0,9012.5,8699.666666666666,8249.25,954515
2012-04-27,10000.0,10100.0,9840.0,9940.0,9830.0,9069.0,8710.0,8272.75,476981
2012-04-30,9950.0,10100.0,9780.0,10000.0,9882.0,9129.5,8726.5,8292.75,578549
2012-05-02,10050.0,10400.0,9920.0,10200.0,10036.0,9202.0,8744.0,8315.75,796390
2012-05-03,10150.0,10200.0,9980.0,10100.0,10058.0,9272.5,8761.666666666666,8336.75,434098
2012-05-04,10050.0,10400.0,9980.0,10100.0,10068.0,9352.5,8779.833333333334,8359.25,659317
2012-05-07,10200.0,11050.0,10150.0,10900.0,10260.0,9457.5,8814.666666666666,8388.25,1457712
2012-05-08,11050.0,11150.0,10800.0,10850.0,10430.0,9563.5,8848.166666666666,8416.166666666666,777011
2012-05-09,10900.0,11400.0,10850.0,11400.0,10670.0,9705.0,8892.0,8449.916666666666,1001408
2012-05-10,11550.0,11900.0,11200.0,11450.0,10940.0,9850.0,8939.833333333334,8485.083333333334,888675
2012-05-11,11450.0,11600.0,10900.0,11500.0,11220.0,10010.5,8987.666666666666,8520.0,480820
2012-05-14,11400.0,11950.0,11200.0,11600.0,11360.0,10157.0,9031.0,8557.25,493819
2012-05-15,11500.0,12100.0,11300.0,12100.0,11610.0,10317.0,9086.833333333334,8599.5,639770
2012-05-16,12000.0,12200.0,11100.0,11250.0,11580.0,10432.0,9129.166666666666,8633.75,764616
2012-05-17,11250.0,11550.0,11000.0,11300.0,11550.0,10551.0,9177.333333333334,8671.333333333334,562535
2012-05-18,11100.0,11500.0,10850.0,11150.0,11480.0,10634.5,9224.666666666666,8709.333333333334,610563
2012-05-21,11300.0,11600.0,11100.0,11200.0,11400.0,10712.5,9270.0,8746.583333333334,479483
2012-05-22,11500.0,12100.0,11350.0,12000.0,11380.0,10825.5,9330.166666666666,8786.583333333334,906903
2012-05-23,12250.0,12800.0,12000.0,12800.0,11690.0,10994.0,9400.0,8831.666666666666,1249981
2012-05-24,12600.0,12800.0,12150.0,12300.0,11890.0,11109.5,9461.666666666666,8874.5,1092296
2012-05-25,12450.0,12600.0,12000.0,12050.0,12070.0,11209.5,9522.0,8911.166666666666,813777
2012-05-29,12100.0,12200.0,11600.0,12000.0,12230.0,11312.5,9591.166666666666,8948.666666666666,796548
2012-05-30,12050.0,12250.0,11600.0,11850.0,12200.0,11405.0,9656.0,8985.666666666666,627352
2012-05-31,11800.0,12350.0,11750.0,12350.0,12110.0,11512.5,9725.166666666666,9028.166666666666,718154
2012-06-01,12500.0,12700.0,12200.0,12300.0,12110.0,11622.5,9794.166666666666,9071.25,585136
2012-06-04,11900.0,12450.0,11900.0,12200.0,12140.0,11727.5,9860.166666666666,9113.75,617978
2012-06-05,12400.0,12400.0,11650.0,11700.0,12080.0,11767.5,9916.166666666666,9152.833333333334,865267
2012-06-07,11800.0,13250.0,11750.0,12550.0,12220.0,11852.5,9985.833333333334,9198.833333333334,1660089
2012-06-08,12650.0,13300.0,12600.0,13200.0,12390.0,11942.5,10066.333333333334,9249.666666666666,1125606
2012-06-11,13250.0,13300.0,12850.0,12900.0,12510.0,12015.0,10140.166666666666,9296.25,579511
2012-06-12,12850.0,13700.0,12850.0,13700.0,12810.0,12125.0,10231.5,9348.833333333334,1032145
2012-06-13,13750.0,13750.0,13350.0,13400.0,13150.0,12215.0,10320.333333333334,9398.666666666666,502802
2012-06-14,13550.0,14000.0,12950.0,13350.0,13310.0,12277.5,10409.5,9450.5,720472
2012-06-15,13550.0,13900.0,13050.0,13050.0,13280.0,12367.5,10495.0,9495.916666666666,729700
2012-06-18,13250.0,13400.0,12850.0,13050.0,13310.0,12455.0,10578.0,9539.0,612660
2012-06-19,13200.0,13300.0,12850.0,13200.0,13210.0,12557.5,10656.166666666666,9579.666666666666,484387
2012-06-20,13400.0,13400.0,12650.0,13000.0,13130.0,12647.5,10726.333333333334,9620.083333333334,1004961
2012-06-21,12950.0,13150.0,12550.0,12950.0,13050.0,12695.0,10796.833333333334,9660.916666666666,982315
2012-06-22,13000.0,13550.0,12950.0,13350.0,13110.0,12722.5,10872.333333333334,9705.75,906297
2012-06-25,13500.0,13700.0,13250.0,13350.0,13170.0,12775.0,10945.333333333334,9751.083333333334,495456
2012-06-26,13450.0,14450.0,13300.0,14350.0,13400.0,12890.0,11037.333333333334,9800.666666666666,1744125
2012-06-27,14500.0,15000.0,13850.0,13900.0,13580.0,12985.0,11122.166666666666,9845.833333333334,1604394
2012-06-28,13850.0,14050.0,13150.0,13850.0,13760.0,13085.0,11206.5,9890.5,1957283
2012-06-29,14200.0,14750.0,13650.0,13700.0,13830.0,13152.5,11289.0,9933.75,1416237
2012-07-02,13550.0,14600.0,13550.0,14400.0,14040.0,13257.5,11384.166666666666,9982.083333333334,1200771
2012-07-03,14300.0,14400.0,13900.0,13950.0,13960.0,13345.0,11475.0,10026.416666666666,1139594
2012-07-04,14050.0,14200.0,13750.0,13750.0,13930.0,13447.5,11557.5,10069.083333333334,603201
2012-07-05,13950.0,14050.0,13700.0,14050.0,13970.0,13522.5,11646.166666666666,10113.666666666666,350779
2012-07-06,14150.0,14200.0,13600.0,13950.0,14020.0,13560.0,11735.833333333334,10158.666666666666,539195
2012-07-09,13950.0,14400.0,13750.0,14400.0,14020.0,13635.0,11833.333333333334,10209.0,595522
2012-07-10,14450.0,14450.0,13700.0,14200.0,14070.0,13660.0,11931.833333333334,10257.083333333334,527431
2012-07-11,14200.0,14300.0,13900.0,14050.0,14130.0,13692.5,12021.5,10303.416666666666,381278
2012-07-12,14100.0,14300.0,13700.0,13900.0,14100.0,13720.0,12104.833333333334,10350.083333333334,716125
2012-07-13,13850.0,14100.0,13100.0,13200.0,13950.0,13727.5,12175.666666666666,10391.5,1318742
2012-07-16,13250.0,13300.0,12450.0,12850.0,13640.0,13717.5,12241.166666666666,10427.75,1569802
2012-07-17,12950.0,13000.0,12450.0,12650.0,13330.0,13690.0,12294.0,10463.333333333334,736326
2012-07-18,12700.0,13200.0,12550.0,12750.0,13070.0,13677.5,12345.833333333334,10498.583333333334,1502744
2012-07-19,12850.0,13150.0,12350.0,12750.0,12840.0,13667.5,12396.0,10530.75,1569279
2012-07-20,12950.0,13350.0,12850.0,13200.0,12840.0,13660.0,12458.833333333334,10565.75,1141219
2012-07-23,13150.0,13150.0,12650.0,12650.0,12800.0,13625.0,12503.166666666666,10596.0,651168
2012-07-24,12500.0,12750.0,11700.0,12400.0,12750.0,13527.5,12542.333333333334,10621.0,2255102
2012-07-25,12300.0,12800.0,12150.0,12450.0,12690.0,13455.0,12584.166666666666,10647.083333333334,742425
2012-07-26,12550.0,13400.0,12550.0,13400.0,12820.0,13432.5,12640.833333333334,10683.666666666666,1418417
2012-07-27,13450.0,13500.0,13000.0,13100.0,12800.0,13402.5,12689.166666666666,10716.583333333334,666623
2012-07-30,13000.0,13100.0,12600.0,12600.0,12790.0,13312.5,12730.833333333334,10746.25,713226
2012-07-31,12650.0,12950.0,12650.0,12750.0,12860.0,13252.5,12775.0,10777.416666666666,538480
2012-08-01,12900.0,13300.0,12900.0,13000.0,12970.0,13215.0,12810.0,10812.333333333334,707430
2012-08-02,12950.0,13700.0,12950.0,13200.0,12930.0,13172.5,12849.166666666666,10848.666666666666,938960
2012-08-03,12850.0,13450.0,12850.0,12950.0,12900.0,13122.5,12875.0,10883.5,626645
2012-08-06,13250.0,13300.0,12950.0,13100.0,13000.0,13057.5,12902.5,10921.166666666666,499866
2012-08-07,13200.0,13600.0,13100.0,13450.0,13140.0,13020.0,12935.0,10961.333333333334,825411
2012-08-08,13550.0,13550.0,13100.0,13100.0,13160.0,12972.5,12960.0,10995.5,606671
2012-08-09,13100.0,13250.0,12950.0,13100.0,13140.0,12932.5,12976.666666666666,11031.75,586853
2012-08-10,13050.0,13200.0,12950.0,13050.0,13160.0,12925.0,13006.666666666666,11067.916666666666,404702
2012-08-13,13050.0,13250.0,12900.0,13000.0,13140.0,12932.5,13035.0,11106.166666666666,508861
2012-08-14,13100.0,13250.0,13000.0,13050.0,13060.0,12952.5,13066.666666666666,11145.666666666666,343079
2012-08-16,13100.0,13250.0,12950.0,13200.0,13080.0,12975.0,13100.0,11185.0,531618
2012-08-17,13300.0,13300.0,12950.0,13050.0,13070.0,12990.0,13117.5,11223.833333333334,697594
2012-08-20,13150.0,13800.0,13050.0,13800.0,13220.0,13020.0,13134.166666666666,11267.083333333334,1342672
2012-08-21,13900.0,13950.0,13550.0,13750.0,13370.0,13075.0,13158.333333333334,11310.0,1002260
2012-08-22,13850.0,14400.0,13700.0,14350.0,13630.0,13172.5,13196.666666666666,11359.333333333334,1416627
2012-08-23,14350.0,14750.0,14200.0,14550.0,13900.0,13277.5,13239.166666666666,11415.166666666666,970355
2012-08-24,14650.0,15200.0,14500.0,14950.0,14280.0,13355.0,13290.833333333334,11473.416666666666,1029345
2012-08-27,15100.0,15350.0,14700.0,14800.0,14480.0,13440.0,13331.666666666666,11528.416666666666,640524
2012-08-28,14850.0,15350.0,14650.0,14700.0,14670.0,13545.0,13371.666666666666,11582.916666666666,757133
2012-08-29,14850.0,14950.0,14250.0,14650.0,14730.0,13640.0,13412.5,11636.333333333334,808016
2012-08-30,14750.0,15800.0,14700.0,15750.0,14970.0,13777.5,13480.0,11698.083333333334,1427308
2012-08-31,15900.0,16750.0,15500.0,15900.0,15160.0,13912.5,13535.833333333334,11760.833333333334,1946279
2012-09-03,15700.0,16200.0,15350.0,15650.0,15330.0,14047.5,13576.666666666666,11821.5,1002650
2012-09-04,15700.0,16200.0,15650.0,15950.0,15580.0,14190.0,13627.5,11883.833333333334,857233
2012-09-05,16000.0,16400.0,15250.0,15400.0,15730.0,14287.5,13655.833333333334,11943.666666666666,1010500
2012-09-06,15500.0,15700.0,15000.0,15400.0,15660.0,14402.5,13689.166666666666,12004.75,599040
2012-09-07,15600.0,15650.0,15250.0,15350.0,15550.0,14515.0,13722.5,12066.0,588704
2012-09-10,15500.0,16400.0,15450.0,16350.0,15690.0,14680.0,13777.5,12136.25,1187541
2012-09-11,16300.0,17050.0,16050.0,16700.0,15840.0,14865.0,13838.333333333334,12208.166666666666,1478977
2012-09-12,16900.0,17500.0,16600.0,16800.0,16120.0,15052.5,13898.333333333334,12277.25,1396165
2012-09-13,16950.0,17250.0,16700.0,16900.0,16420.0,15237.5,13963.333333333334,12344.833333333334,524263
2012-09-14,17050.0,17150.0,16200.0,16350.0,16620.0,15402.5,14020.0,12408.416666666666,902920
2012-09-17,16400.0,17000.0,15800.0,17000.0,16750.0,15562.5,14080.833333333334,12476.583333333334,1280599
2012-09-18,16850.0,17350.0,16800.0,16800.0,16770.0,15715.0,14138.333333333334,12541.833333333334,799390
2012-09-19,16850.0,17450.0,16750.0,17100.0,16830.0,15852.5,14184.166666666666,12610.75,1169342
2012-09-20,17350.0,18000.0,17300.0,17850.0,17020.0,16017.5,14250.0,12686.083333333334,1380422
2012-09-21,17900.0,18150.0,17550.0,18000.0,17350.0,16170.0,14319.166666666666,12762.833333333334,742008
2012-09-24,18450.0,19250.0,18350.0,18600.0,17670.0,16360.0,14400.833333333334,12844.916666666666,1426224
2012-09-25,18750.0,18750.0,17350.0,17550.0,17820.0,16502.5,14453.333333333334,12918.75,1207304
2012-09-26,17300.0,18000.0,16950.0,17400.0,17880.0,16640.0,14510.833333333334,12992.916666666666,1319694
2012-09-27,17350.0,17850.0,16900.0,17500.0,17810.0,16727.5,14573.333333333334,13065.416666666666,1071091
2012-09-28,17800.0,18250.0,17500.0,18050.0,17820.0,16835.0,14640.0,13143.083333333334,1087443
2012-10-02,18200.0,18400.0,17800.0,18150.0,17730.0,16960.0,14710.0,13222.916666666666,615319
2012-10-04,18200.0,18400.0,17500.0,17850.0,17790.0,17055.0,14767.5,13300.416666666666,815337
2012-10-05,17700.0,18100.0,17350.0,17950.0,17900.0,17182.5,14830.0,13380.916666666666,1005986
2012-10-08,18050.0,19300.0,17850.0,19100.0,18220.0,17367.5,14914.166666666666,13467.833333333334,1666633
2012-10-09,19300.0,19600.0,18850.0,19400.0,18490.0,17570.0,15005.833333333334,13555.333333333334,1043897
2012-10-10,19200.0,19300.0,18550.0,18750.0,18610.0,17690.0,15098.333333333334,13637.0,681385
2012-10-11,18550.0,19300.0,18500.0,19200.0,18880.0,17815.0,15204.166666666666,13722.666666666666,942804
2012-10-12,19450.0,20300.0,19300.0,20100.0,19310.0,17980.0,15328.333333333334,13811.166666666666,1336125
2012-10-15,20250.0,20950.0,19500.0,19950.0,19480.0,18132.5,15448.333333333334,13897.083333333334,1441838
2012-10-16,20200.0,20900.0,19150.0,20900.0,19780.0,18360.0,15584.166666666666,13990.083333333334,1250955
2012-10-17,20700.0,21000.0,20350.0,20500.0,20130.0,18535.0,15705.833333333334,14082.333333333334,812902
2012-10-18,20350.0,20450.0,18450.0,19050.0,20100.0,18647.5,15812.5,14157.833333333334,2194402
2012-10-19,18650.0,19400.0,17950.0,19000.0,19880.0,18742.5,15922.5,14232.416666666666,1783979
2012-10-22,18750.0,19850.0,18500.0,19850.0,19860.0,18842.5,16045.833333333334,14315.0,765714
2012-10-23,19900.0,20000.0,19500.0,19600.0,19600.0,18922.5,16149.166666666666,14395.0,529905
2012-10-24,19400.0,19950.0,19300.0,19800.0,19460.0,18982.5,16260.833333333334,14475.0,433971
2012-10-25,19850.0,20200.0,18400.0,18400.0,19330.0,19025.0,16357.5,14544.166666666666,1071281
2012-10-26,18550.0,18800.0,17550.0,18450.0,19220.0,19077.5,16452.5,14613.75,1100250
2012-10-29,18500.0,18700.0,17650.0,17900.0,18830.0,19097.5,16534.166666666668,14672.083333333334,852270
2012-10-30,17850.0,18850.0,17550.0,18600.0,18630.0,19125.0,16624.166666666668,14736.666666666666,918251
2012-10-31,18800.0,18900.0,18150.0,18250.0,18320.0,19130.0,16712.5,14793.75,641400
2012-11-01,18350.0,19150.0,18350.0,18900.0,18420.0,19182.5,16809.166666666668,14855.833333333334,1024862
2012-11-02,19100.0,20000.0,18800.0,20000.0,18730.0,19285.0,16918.333333333332,14926.666666666666,1332179
2012-11-05,20500.0,20850.0,20150.0,20150.0,19180.0,19337.5,17035.833333333332,14997.916666666666,1041463
2012-11-06,20500.0,20650.0,20050.0,20150.0,19490.0,19375.0,17153.333333333332,15065.0,538062
2012-11-07,20250.0,21000.0,20150.0,20250.0,19890.0,19450.0,17273.333333333332,15140.0,713400
2012-11-08,20250.0,20700.0,20050.0,20250.0,20160.0,19502.5,17394.166666666668,15214.583333333334,759916
2012-11-09,20400.0,20700.0,20200.0,20200.0,20200.0,19507.5,17513.333333333332,15290.0,480825
2012-11-12,20300.0,21100.0,19700.0,21100.0,20390.0,19565.0,17645.0,15372.5,736047
2012-11-13,21400.0,21650.0,20300.0,20300.0,20420.0,19535.0,17765.833333333332,15441.666666666666,740474
2012-11-14,20500.0,20700.0,19650.0,19800.0,20330.0,19500.0,17865.833333333332,15500.0,601505
2012-11-15,19600.0,20050.0,18900.0,19250.0,20130.0,19510.0,17957.5,15557.916666666666,903823
2012-11-16,19100.0,20300.0,18800.0,19250.0,19940.0,19522.5,18039.166666666668,15617.916666666666,1187963
2012-11-19,19550.0,20150.0,19450.0,20050.0,19730.0,19532.5,18130.833333333332,15685.0,541277
2012-11-20,20350.0,20600.0,19700.0,20400.0,19750.0,19572.5,18221.666666666668,15756.25,557672
2012-11-21,20550.0,20850.0,20050.0,20250.0,19840.0,19595.0,18312.5,15822.083333333334,481908
2012-11-22,20400.0,20950.0,20400.0,20950.0,20180.0,19722.5,18416.666666666668,15894.166666666666,515443
2012-11-23,21000.0,21000.0,20400.0,20700.0,20470.0,19835.0,18517.5,15965.0,422372
2012-11-26,20950.0,21450.0,20700.0,20750.0,20610.0,19977.5,18600.833333333332,16040.416666666666,475482
2012-11-27,21000.0,21000.0,19100.0,19500.0,20430.0,20022.5,18660.833333333332,16098.333333333334,1238535
2012-11-28,19150.0,19400.0,17850.0,18450.0,20070.0,20032.5,18707.5,16142.083333333334,3084154
2012-11-29,18500.0,18800.0,18150.0,18350.0,19550.0,20005.0,18747.5,16187.5,1160364
2012-11-30,18400.0,18900.0,18350.0,18750.0,19160.0,19942.5,18803.333333333332,16229.583333333334,660442
2012-12-03,18850.0,19150.0,18500.0,19100.0,18830.0,19890.0,18865.0,16277.083333333334,717379
2012-12-04,18900.0,19350.0,18850.0,19350.0,18800.0,19850.0,18931.666666666668,16327.083333333334,553039
2012-12-05,19450.0,19600.0,18200.0,18250.0,18760.0,19750.0,18963.333333333332,16370.416666666666,1205827
2012-12-06,18400.0,18550.0,16850.0,16850.0,18460.0,19580.0,18965.833333333332,16402.083333333332,2373868
2012-12-07,16850.0,17450.0,16600.0,17200.0,18150.0,19430.0,18972.5,16435.416666666668,929317
2012-12-10,17100.0,17650.0,17050.0,17400.0,17810.0,19245.0,18980.833333333332,16472.083333333332,770958
2012-12-11,17550.0,17800.0,16100.0,16600.0,17260.0,19060.0,18985.0,16502.5,1391814
2012-12-12,16450.0,16900.0,16350.0,16700.0,16950.0,18905.0,18980.0,16530.416666666668,806200
2012-12-13,16600.0,17150.0,16600.0,16800.0,16940.0,18782.5,18980.0,16559.166666666668,824988
2012-12-14,16800.0,17300.0,16700.0,16950.0,16890.0,18667.5,18977.5,16580.833333333332,810606
2012-12-17,17150.0,17350.0,16900.0,17350.0,16880.0,18532.5,18969.166666666668,16609.583333333332,592712
2012-12-18,17250.0,17700.0,17150.0,17200.0,17000.0,18372.5,18955.833333333332,16637.5,872406
2012-12-20,17350.0,17450.0,15600.0,16000.0,16860.0,18160.0,18912.5,16656.666666666668,2253303
2012-12-21,16050.0,16800.0,16050.0,16400.0,16780.0,17932.5,18893.333333333332,16673.333333333332,1687056
2012-12-24,16550.0,17200.0,16400.0,17150.0,16820.0,17755.0,18889.166666666668,16700.0,921887
2012-12-26,17350.0,17450.0,16950.0,17050.0,16760.0,17570.0,18881.666666666668,16727.5,630559
2012-12-27,17000.0,17400.0,16900.0,17400.0,16800.0,17465.0,18870.833333333332,16755.416666666668,357590
2012-12-28,17400.0,17650.0,17150.0,17200.0,17040.0,17402.5,18855.0,16782.5,540288
2013-01-02,17450.0,18050.0,17350.0,18000.0,17360.0,17385.0,18857.5,16812.5,645215
2013-01-03,18200.0,18250.0,16900.0,17200.0,17370.0,17307.5,18845.0,16837.5,1618899
2013-01-04,16100.0,17400.0,16050.0,17300.0,17420.0,17217.5,18815.0,16864.583333333332,2402131
2013-01-07,17250.0,17300.0,16700.0,17000.0,17340.0,17100.0,18775.0,16890.416666666668,1397627
2013-01-08,16850.0,17050.0,16550.0,16700.0,17240.0,17022.5,18740.833333333332,16919.583333333332,1050376
2013-01-09,16650.0,17800.0,16600.0,17750.0,17190.0,17067.5,18716.666666666668,16960.416666666668,1453631
2013-01-10,17800.0,18500.0,17650.0,18100.0,17370.0,17112.5,18683.333333333332,17005.833333333332,1845145
2013-01-11,18100.0,18650.0,18050.0,18500.0,17610.0,17167.5,18659.166666666668,17053.75,1020779
2013-01-14,18550.0,18800.0,18100.0,18400.0,17890.0,17257.5,18617.5,17100.833333333332,739674
2013-01-15,18200.0,18300.0,17600.0,17650.0,18080.0,17305.0,18570.0,17137.916666666668,751668
2013-01-16,17600.0,17800.0,17150.0,17350.0,18000.0,17332.5,18541.666666666668,17177.083333333332,553081
2013-01-17,17500.0,17850.0,17400.0,17500.0,17880.0,17360.0,18516.666666666668,17219.583333333332,564517
2013-01-18,17650.0,17900.0,17450.0,17850.0,17750.0,17385.0,18483.333333333332,17264.583333333332,498571
2013-01-21,17950.0,18000.0,17100.0,17250.0,17520.0,17387.5,18444.166666666668,17296.666666666668,1126048
2013-01-22,17250.0,17900.0,17250.0,17800.0,17550.0,17477.5,18410.833333333332,17335.833333333332,946907
2013-01-23,17800.0,17900.0,17350.0,17400.0,17560.0,17527.5,18394.166666666668,17375.833333333332,790841
2013-01-24,17400.0,17800.0,17050.0,17450.0,17550.0,17542.5,18377.5,17415.0,541117
2013-01-25,17550.0,18350.0,17550.0,18350.0,17650.0,17607.5,18385.0,17459.583333333332,1482676
2013-01-28,18450.0,18950.0,18050.0,18200.0,17840.0,17647.5,18378.333333333332,17501.25,1157264
2013-01-29,18350.0,18350.0,17800.0,18200.0,17920.0,17697.5,18377.5,17545.0,571686
2013-01-30,18300.0,18400.0,17900.0,18100.0,18060.0,17702.5,18364.166666666668,17586.666666666668,487087
2013-01-31,18100.0,19200.0,18100.0,19200.0,18410.0,17802.5,18350.833333333332,17634.583333333332,1403825
2013-02-01,19400.0,19600.0,18850.0,19450.0,18630.0,17910.0,18339.166666666668,17687.5,1075114
2013-02-04,19550.0,19650.0,19000.0,19150.0,18820.0,18017.5,18322.5,17737.916666666668,648170
2013-02-05,18900.0,19900.0,18850.0,19900.0,19160.0,18177.5,18316.666666666668,17795.0,1299530
2013-02-06,19850.0,20150.0,19550.0,19700.0,19480.0,18275.0,18307.5,17850.833333333332,888292
2013-02-07,19550.0,19650.0,18450.0,18850.0,19410.0,18312.5,18285.0,17899.166666666668,1291239
2013-02-08,18900.0,19150.0,18500.0,18750.0,19270.0,18325.0,18245.833333333332,17945.416666666668,586926
2013-02-12,18950.0,18950.0,17900.0,18150.0,19070.0,18312.5,18210.0,17987.916666666668,838940
2013-02-13,18200.0,18450.0,17850.0,18000.0,18690.0,18330.0,18180.0,18022.916666666668,766543
2013-02-14,18300.0,18800.0,18150.0,18800.0,18510.0,18402.5,18172.5,18065.0,1023142
2013-02-15,18750.0,19300.0,18700.0,19300.0,18600.0,18492.5,18173.333333333332,18106.25,808485
2013-02-18,19450.0,19650.0,19200.0,19300.0,18710.0,18565.0,18160.833333333332,18145.833333333332,585641
2013-02-19,19250.0,19800.0,18800.0,19350.0,18950.0,18670.0,18143.333333333332,18182.5,1317066
2013-02-20,19500.0,19600.0,18900.0,19000.0,19150.0,18730.0,18122.5,18217.5,995579
2013-02-21,19000.0,19300.0,18900.0,18900.0,19170.0,18805.0,18088.333333333332,18252.5,605734
2013-02-22,18900.0,19450.0,18700.0,19450.0,19200.0,18905.0,18067.5,18292.5,862382
2013-02-25,19550.0,19700.0,19350.0,19650.0,19270.0,18970.0,18049.166666666668,18325.0,578581
2013-02-26,19550.0,19800.0,19450.0,19650.0,19330.0,19042.5,18051.666666666668,18356.25,538922
2013-02-27,19750.0,19800.0,19250.0,19350.0,19400.0,19100.0,18066.666666666668,18387.083333333332,339291
2013-02-28,19400.0,19850.0,19400.0,19500.0,19520.0,19170.0,18085.833333333332,18416.666666666668,372195
2013-03-04,19450.0,19800.0,19250.0,19600.0,19550.0,19190.0,18100.0,18451.666666666668,318772
2013-03-05,19800.0,20200.0,19800.0,20200.0,19660.0,19227.5,18118.333333333332,18491.666666666668,737686
2013-03-06,20550.0,20550.0,19950.0,20050.0,19740.0,19272.5,18130.0,18530.833333333332,715551
2013-03-07,20200.0,20300.0,19800.0,20150.0,19900.0,19285.0,18161.666666666668,18562.5,411727
2013-03-08,20300.0,21150.0,20250.0,21000.0,20200.0,19350.0,18230.833333333332,18598.333333333332,1242648
2013-03-11,21150.0,21750.0,20750.0,21750.0,20630.0,19495.0,18306.666666666668,18639.583333333332,965715
2013-03-12,21800.0,21900.0,21050.0,21050.0,20800.0,19610.0,18367.5,18674.166666666668,612296
2013-03-13,21200.0,21950.0,21050.0,21800.0,21150.0,19792.5,18454.166666666668,18719.583333333332,485413
2013-03-14,21800.0,22100.0,21250.0,21600.0,21440.0,19972.5,18535.833333333332,18757.916666666668,502413
2013-03-15,22000.0,22100.0,21300.0,21650.0,21570.0,20115.0,18616.666666666668,18798.333333333332,434560
2013-03-18,21500.0,21750.0,21050.0,21100.0,21440.0,20205.0,18685.833333333332,18831.666666666668,313653
2013-03-19,21250.0,21500.0,20750.0,21050.0,21440.0,20292.5,18747.5,18858.333333333332,302775
2013-03-20,21050.0,21950.0,21000.0,21550.0,21390.0,20402.5,18820.0,18887.916666666668,572782
2013-03-21,21800.0,22100.0,21700.0,21850.0,21440.0,20545.0,18917.5,18915.0,397095
2013-03-22,21750.0,22500.0,21600.0,21650.0,21440.0,20682.5,19005.0,18949.166666666668,579013
2013-03-25,22000.0,22000.0,21100.0,21200.0,21460.0,20770.0,19072.5,18980.833333333332,427772
2013-03-26,21300.0,21750.0,20850.0,21050.0,21460.0,20840.0,19139.166666666668,19010.416666666668,529438
2013-03-27,21200.0,21550.0,21100.0,21400.0,21430.0,20927.5,19205.833333333332,19038.333333333332,421349
2013-03-28,21450.0,21600.0,20950.0,21200.0,21300.0,21020.0,19272.5,19063.75,313515
2013-03-29,21300.0,22100.0,20850.0,21900.0,21350.0,21140.0,19337.5,19097.5,648746
2013-04-01,21400.0,21400.0,20200.0,20200.0,21150.0,21170.0,19387.5,19116.25,2516101
2013-04-02,20300.0,21100.0,20250.0,20800.0,21100.0,21200.0,19445.833333333332,19130.416666666668,944662
2013-04-03,21100.0,21150.0,20800.0,20850.0,20990.0,21240.0,19510.0,19142.5,356197
2013-04-04,20450.0,21500.0,20350.0,21400.0,21030.0,21302.5,19588.333333333332,19164.583333333332,574715
2013-04-05,21400.0,21500.0,20550.0,21050.0,20860.0,21305.0,19643.333333333332,19180.0,443125
2013-04-08,20900.0,21000.0,20050.0,20100.0,20840.0,21222.5,19676.666666666668,19180.0,610103
2013-04-09,20100.0,20750.0,20000.0,20550.0,20790.0,21197.5,19710.833333333332,19185.0,424827
2013-04-10,20450.0,20800.0,20350.0,20500.0,20720.0,21132.5,19745.833333333332,19181.666666666668,651699
2013-04-11,20750.0,21000.0,20500.0,20900.0,20620.0,21097.5,19800.0,19185.0,553133
2013-04-12,20900.0,21900.0,20850.0,21800.0,20770.0,21105.0,19874.166666666668,19207.916666666668,865451
2013-04-15,21750.0,22550.0,21600.0,22500.0,21250.0,21175.0,19957.5,19237.083333333332,519835
2013-04-16,22150.0,22800.0,22100.0,22450.0,21630.0,21245.0,20034.166666666668,19258.75,369244
2013-04-17,22450.0,23000.0,22400.0,22500.0,22030.0,21292.5,20121.666666666668,19282.916666666668,436788
2013-04-18,22600.0,23150.0,22450.0,22700.0,22390.0,21335.0,20203.333333333332,19307.083333333332,387141
2013-04-19,23150.0,23150.0,22500.0,22650.0,22560.0,21385.0,20290.833333333332,19342.5,412410
2013-04-22,22800.0,23450.0,22500.0,23150.0,22690.0,21482.5,20385.833333333332,19381.666666666668,377314
2013-04-23,23450.0,24100.0,23250.0,24000.0,23000.0,21630.0,20480.0,19432.5,469141
2013-04-24,24350.0,24350.0,23550.0,23600.0,23220.0,21740.0,20570.0,19474.166666666668,479311
2013-04-25,23550.0,23700.0,22800.0,23000.0,23280.0,21830.0,20650.0,19513.75,503017
2013-04-26,23150.0,23450.0,22650.0,23250.0,23400.0,21897.5,20735.833333333332,19550.0,298789
2013-04-29,23450.0,23700.0,23150.0,23550.0,23480.0,22065.0,20808.333333333332,19579.583333333332,249139
2013-04-30,23500.0,23600.0,22750.0,22850.0,23250.0,22167.5,20865.0,19602.083333333332,341065
2013-05-02,22900.0,23150.0,22550.0,22550.0,23040.0,22252.5,20921.666666666668,19622.083333333332,282353
2013-05-03,22650.0,23200.0,22350.0,22500.0,22940.0,22307.5,20965.0,19640.833333333332,366799
2013-05-06,22550.0,23650.0,22550.0,23650.0,23020.0,22437.5,21030.833333333332,19669.166666666668,423199
2013-05-07,23600.0,23750.0,23150.0,23650.0,23040.0,22615.0,21110.833333333332,19697.916666666668,263837
2013-05-08,23800.0,23900.0,23250.0,23300.0,23130.0,22752.5,21186.666666666668,19716.25,177781
2013-05-09,23500.0,23950.0,23050.0,23700.0,23360.0,22912.5,21279.166666666668,19744.583333333332,274012
2013-05-10,24150.0,24600.0,23800.0,23900.0,23640.0,23062.5,21377.5,19778.75,642132
2013-05-13,24050.0,24600.0,23950.0,24350.0,23780.0,23190.0,21470.0,19821.25,294966
2013-05-14,24600.0,24950.0,23200.0,23350.0,23720.0,23232.5,21537.5,19855.416666666668,546816
2013-05-15,23600.0,23750.0,22800.0,22800.0,23620.0,23250.0,21595.833333333332,19878.333333333332,260588
2013-05-16,22850.0,24200.0,22850.0,24000.0,23680.0,23325.0,21673.333333333332,19908.333333333332,351587
2013-05-20,24100.0,25600.0,24050.0,25200.0,23940.0,23450.0,21776.666666666668,19949.583333333332,676513
2013-05-21,25300.0,25900.0,25150.0,25350.0,24140.0,23585.0,21884.166666666668,19986.25,458591
2013-05-22,25550.0,25750.0,24800.0,25000.0,24470.0,23677.5,21976.666666666668,20022.083333333332,245962
2013-05-23,24950.0,25350.0,24600.0,25000.0,24910.0,23727.5,22065.833333333332,20057.5,181427
2013-05-24,25250.0,25400.0,24400.0,24600.0,25030.0,23777.5,22148.333333333332,20100.0,308298
2013-05-27,24800.0,25150.0,24300.0,24650.0,24920.0,23860.0,22236.666666666668,20151.666666666668,279706
2013-05-28,24900.0,25600.0,24650.0,25450.0,24940.0,23970.0,22335.833333333332,20210.833333333332,348443
2013-05-29,25600.0,25900.0,25100.0,25700.0,25080.0,24077.5,22437.5,20268.75,288863
2013-05-30,25800.0,26100.0,24900.0,24900.0,25060.0,24180.0,22515.833333333332,20317.083333333332,359651
2013-05-31,25250.0,25400.0,24250.0,24450.0,25030.0,24275.0,22589.166666666668,20359.583333333332,341211
2013-06-03,24600.0,24800.0,24200.0,24300.0,24960.0,24365.0,22658.333333333332,20410.0,224348
2013-06-04,24300.0,24550.0,23200.0,23800.0,24630.0,24372.5,22705.0,20467.916666666668,460000
2013-06-05,23450.0,23800.0,22250.0,22600.0,24010.0,24320.0,22719.166666666668,20512.916666666668,839391
2013-06-07,22650.0,23150.0,21900.0,22650.0,23560.0,24287.5,22745.833333333332,20556.666666666668,495214
2013-06-10,22850.0,24250.0,22800.0,24250.0,23520.0,24315.0,22786.666666666668,20620.416666666668,384337
2013-06-11,24300.0,24900.0,23750.0,24850.0,23630.0,24362.5,22840.833333333332,20688.333333333332,293159
2013-06-12,24500.0,24750.0,23800.0,24150.0,23700.0,24352.5,22882.5,20749.583333333332,318704
2013-06-13,24100.0,24250.0,23150.0,24250.0,24030.0,24397.5,22935.0,20810.416666666668,234566
2013-06-14,24450.0,24450.0,23150.0,23500.0,24200.0,24432.5,22975.833333333332,20861.666666666668,582096
2013-06-17,23300.0,23400.0,21950.0,22700.0,23890.0,24367.5,22995.0,20907.5,561003
2013-06-18,23150.0,23950.0,22800.0,23800.0,23680.0,24297.5,23027.5,20972.5,388440
2013-06-19,24100.0,24150.0,23600.0,23800.0,23610.0,24220.0,23063.333333333332,21034.166666666668,208218
2013-06-20,23500.0,23900.0,23000.0,23900.0,23540.0,24165.0,23108.333333333332,21090.416666666668,261518
2013-06-21,23250.0,23600.0,22800.0,23450.0,23530.0,24087.5,23148.333333333332,21143.75,242740
2013-06-24,23400.0,24100.0,23250.0,23500.0,23690.0,24032.5,23183.333333333332,21194.583333333332,318420
2013-06-25,23250.0,23700.0,21550.0,21800.0,23290.0,23890.0,23193.333333333332,21232.916666666668,661594
2013-06-26,22300.0,22800.0,21450.0,22250.0,22980.0,23730.0,23199.166666666668,21268.333333333332,372766
2013-06-27,22450.0,23200.0,21950.0,23150.0,22830.0,23602.5,23248.333333333332,21317.916666666668,455790
2013-06-28,23350.0,23450.0,22900.0,23150.0,22770.0,23515.0,23287.5,21366.666666666668,373534
2013-07-01,23000.0,24000.0,23000.0,24000.0,22870.0,23492.5,23340.0,21425.0,346627
2013-07-02,24150.0,24150.0,23650.0,23900.0,23290.0,23472.5,23381.666666666668,21485.0,338227
2013-07-03,23950.0,24200.0,23200.0,23200.0,23480.0,23442.5,23417.5,21530.416666666668,197735
2013-07-04,23200.0,24150.0,23200.0,24100.0,23670.0,23517.5,23484.166666666668,21580.416666666668,242494
2013-07-05,24150.0,24800.0,24050.0,24750.0,23990.0,23622.5,23554.166666666668,21632.5,337420
2013-07-08,24850.0,25000.0,24050.0,24550.0,24100.0,23637.5,23621.666666666668,21683.75,262469
2013-07-09,24800.0,24800.0,22900.0,23400.0,24000.0,23565.0,23663.333333333332,21731.666666666668,591720
2013-07-10,23400.0,23950.0,23250.0,23300.0,24020.0,23522.5,23688.333333333332,21781.25,370605
2013-07-11,23650.0,23850.0,23250.0,23350.0,23870.0,23477.5,23702.5,21830.0,309463
2013-07-12,23600.0,24300.0,23450.0,24150.0,23750.0,23510.0,23730.833333333332,21882.5,544379
2013-07-15,24400.0,24400.0,22400.0,22700.0,23380.0,23510.0,23734.166666666668,21927.916666666668,1349474
2013-07-16,22800.0,23400.0,22750.0,23150.0,23330.0,23477.5,23741.666666666668,21972.5,876933
2013-07-17,23350.0,23450.0,22750.0,23300.0,23330.0,23452.5,23752.5,22021.666666666668,444111
2013-07-18,23800.0,24150.0,23700.0,23700.0,23400.0,23442.5,23761.666666666668,22073.75,537338
2013-07-19,24000.0,24050.0,23450.0,23800.0,23330.0,23460.0,23758.333333333332,22119.166666666668,266364
2013-07-22,23950.0,23950.0,23300.0,23300.0,23450.0,23450.0,23753.333333333332,22161.666666666668,272435
2013-07-23,23300.0,23700.0,23250.0,23350.0,23490.0,23527.5,23759.166666666668,22204.583333333332,157955
2013-07-24,23550.0,23750.0,23150.0,23400.0,23510.0,23585.0,23761.666666666668,22248.75,150481
2013-07-25,23450.0,23500.0,22950.0,23100.0,23390.0,23582.5,23754.166666666668,22281.25,203270
2013-07-26,23100.0,23200.0,22550.0,22850.0,23200.0,23567.5,23754.166666666668,22309.583333333332,214784
2013-07-29,22700.0,22950.0,22200.0,22950.0,23130.0,23515.0,23760.833333333332,22341.25,346824
2013-07-30,23000.0,23200.0,22800.0,23000.0,23060.0,23470.0,23769.166666666668,22367.083333333332,257843
2013-07-31,23150.0,23150.0,22450.0,22550.0,22890.0,23437.5,23750.833333333332,22390.833333333332,369045
2013-08-01,22600.0,22650.0,21700.0,21900.0,22650.0,23327.5,23721.666666666668,22416.25,667417
2013-08-02,22100.0,22450.0,21800.0,21900.0,22460.0,23185.0,23698.333333333332,22442.5,376305
2013-08-05,22000.0,22250.0,20900.0,21150.0,22100.0,23015.0,23655.833333333332,22467.5,663551
2013-08-06,21200.0,21700.0,21150.0,21550.0,21810.0,22922.5,23616.666666666668,22497.083333333332,534710
2013-08-07,21800.0,22650.0,21650.0,22300.0,21760.0,22872.5,23582.5,22526.25,872883
2013-08-08,22350.0,22600.0,21800.0,22200.0,21820.0,22815.0,23563.333333333332,22550.416666666668,618090
2013-08-09,22500.0,22550.0,21700.0,22100.0,21860.0,22712.5,23551.666666666668,22573.75,307754
2013-08-12,22150.0,22300.0,21500.0,21550.0,21940.0,22655.0,23510.833333333332,22592.083333333332,349302
2013-08-13,21600.0,21600.0,21050.0,21100.0,21850.0,22552.5,23442.5,22609.583333333332,455962
2013-08-14,21300.0,21750.0,21050.0,21750.0,21740.0,22475.0,23382.5,22633.333333333332,325697
2013-08-16,21350.0,21700.0,21250.0,21400.0,21580.0,22360.0,23322.5,22649.583333333332,181047
2013-08-19,21250.0,21800.0,21250.0,21700.0,21500.0,22255.0,23267.5,22666.666666666668,196277
2013-08-20,21500.0,21800.0,21200.0,21200.0,21430.0,22150.0,23210.833333333332,22679.583333333332,196439
2013-08-21,21050.0,21300.0,20500.0,20650.0,21340.0,22015.0,23144.166666666668,22690.416666666668,283897
2013-08-22,20250.0,20900.0,19700.0,20100.0,21010.0,21850.0,23055.0,22695.416666666668,473887
2013-08-23,20200.0,20400.0,19050.0,20050.0,20740.0,21697.5,22960.833333333332,22699.166666666668,1191416
2013-08-26,20300.0,21350.0,20300.0,21300.0,20660.0,21620.0,22900.833333333332,22708.333333333332,626191
2013-08-27,21250.0,21250.0,20650.0,20650.0,20550.0,21505.0,22837.5,22713.333333333332,475248
2013-08-28,20100.0,20900.0,20000.0,20350.0,20490.0,21372.5,22771.666666666668,22715.0,360343
2013-08-29,20800.0,21650.0,20750.0,21650.0,20800.0,21327.5,22735.833333333332,22720.416666666668,612869
2013-08-30,21900.0,22200.0,21450.0,22200.0,21230.0,21342.5,22729.166666666668,22724.166666666668,363063
2013-09-02,22550.0,23000.0,22150.0,22650.0,21500.0,21380.0,22729.166666666668,22737.5,594355
2013-09-03,22650.0,22650.0,22000.0,22150.0,21800.0,21430.0,22694.166666666668,22740.416666666668,423172
2013-09-04,22100.0,22700.0,22100.0,22700.0,22270.0,21487.5,22658.333333333332,22749.583333333332,363966
2013-09-05,22950.0,22950.0,22400.0,22750.0,22490.0,21510.0,22635.0,22758.75,283773
2013-09-06,22800.0,22850.0,22150.0,22550.0,22560.0,21527.5,22606.666666666668,22770.833333333332,267490
2013-09-09,22500.0,22750.0,22100.0,22450.0,22520.0,21545.0,22589.166666666668,22782.5,285161
2013-09-10,22450.0,22600.0,21600.0,21800.0,22450.0,21557.5,22574.166666666668,22784.583333333332,512542
2013-09-11,22000.0,22150.0,21800.0,22000.0,22310.0,21602.5,22544.166666666668,22785.833333333332,274658
2013-09-12,22000.0,22750.0,22000.0,22350.0,22230.0,21632.5,22520.0,22791.666666666668,521500
2013-09-13,22500.0,23350.0,22500.0,23200.0,22360.0,21722.5,22508.333333333332,22808.333333333332,744157
2013-09-16,23400.0,23650.0,23000.0,23200.0,22510.0,21797.5,22504.166666666668,22826.25,248945
2013-09-17,23050.0,23350.0,22600.0,22900.0,22730.0,21882.5,22494.166666666668,22838.75,311685
2013-09-23,22900.0,23000.0,22000.0,22050.0,22740.0,21952.5,22498.333333333332,22845.833333333332,428235
2013-09-24,22150.0,23500.0,22050.0,23300.0,22930.0,22112.5,22515.833333333332,22857.5,601726
2013-09-25,23450.0,23450.0,22700.0,22950.0,22880.0,22257.5,22512.5,22880.416666666668,187468
2013-09-26,23150.0,24400.0,23000.0,24250.0,23090.0,22405.0,22530.833333333332,22909.166666666668,734304
2013-09-27,24250.0,25250.0,24250.0,24900.0,23490.0,22617.5,22545.833333333332,22942.916666666668,603276
2013-09-30,25100.0,25100.0,24200.0,24500.0,23980.0,22825.0,22555.833333333332,22968.75,530727
2013-10-01,24900.0,25250.0,23500.0,24250.0,24170.0,22955.0,22573.333333333332,22995.416666666668,445245
2013-10-02,24450.0,24600.0,23750.0,24050.0,24390.0,23047.5,22572.5,23028.333333333332,426021
2013-10-04,24700.0,25850.0,24300.0,25700.0,24680.0,23200.0,22588.333333333332,23071.25,963510
2013-10-07,25850.0,25900.0,25550.0,25600.0,24820.0,23372.5,22605.833333333332,23113.75,603588
2013-10-08,25500.0,26450.0,25400.0,25450.0,25010.0,23510.0,22640.0,23151.666666666668,401287
2013-10-10,25800.0,26500.0,25200.0,25550.0,25270.0,23650.0,22677.5,23182.916666666668,348502
2013-10-11,25900.0,25900.0,25050.0,25150.0,25490.0,23780.0,22707.5,23205.0,404056
2013-10-14,25250.0,25300.0,24450.0,24500.0,25250.0,23882.5,22713.333333333332,23222.083333333332,270422
2013-10-15,24750.0,25150.0,24750.0,25150.0,25160.0,24050.0,22754.166666666668,23244.166666666668,236918
2013-10-16,25150.0,25300.0,24550.0,25250.0,25120.0,24212.5,22789.166666666668,23265.416666666668,289803
2013-10-17,25650.0,25650.0,24700.0,25100.0,25030.0,24350.0,22819.166666666668,23285.833333333332,187758
2013-10-18,25100.0,25100.0,24550.0,25000.0,25000.0,24440.0,22840.833333333332,23301.25,294239
2013-10-21,25150.0,26700.0,25050.0,26700.0,25440.0,24615.0,22889.166666666668,23323.75,561313
2013-10-22,26800.0,28250.0,26250.0,27650.0,25940.0,24852.5,22961.666666666668,23357.5,995231
2013-10-23,28050.0,28450.0,27400.0,27750.0,26440.0,25137.5,23035.0,23397.083333333332,432522
2013-10-24,27750.0,27750.0,26550.0,27150.0,26850.0,25330.0,23097.5,23429.583333333332,546698
2013-10-25,27250.0,27550.0,26700.0,27000.0,27250.0,25532.5,23162.5,23458.333333333332,291872
2013-10-28,27000.0,27300.0,26900.0,27200.0,27350.0,25680.0,23235.0,23494.583333333332,232253
2013-10-29,27150.0,27450.0,26550.0,26650.0,27150.0,25767.5,23296.666666666668,23528.75,210799
2013-10-30,26700.0,27600.0,26650.0,27600.0,27120.0,25922.5,23373.333333333332,23571.25,344055
2013-10-31,27750.0,27950.0,27200.0,27200.0,27130.0,26070.0,23450.833333333332,23600.833333333332,229113
2013-11-01,27250.0,27550.0,26900.0,27250.0,27180.0,26230.0,23540.0,23630.833333333332,197371
2013-11-04,27300.0,27550.0,27050.0,27050.0,27150.0,26297.5,23625.833333333332,23662.083333333332,95552
2013-11-05,27350.0,27850.0,26900.0,27050.0,27230.0,26370.0,23724.166666666668,23690.0,209425
2013-11-06,27050.0,27800.0,27050.0,27700.0,27250.0,26482.5,23826.666666666668,23721.666666666668,224174
2013-11-07,27750.0,27750.0,26800.0,27300.0,27270.0,26570.0,23910.0,23746.25,159743
2013-11-08,26900.0,27000.0,25700.0,25700.0,26960.0,26597.5,23968.333333333332,23765.833333333332,488376
2013-11-11,25700.0,25900.0,24700.0,24850.0,26520.0,26615.0,24014.166666666668,23782.916666666668,407045
2013-11-12,24850.0,26150.0,24850.0,26000.0,26310.0,26657.5,24088.333333333332,23799.583333333332,232010
2013-11-13,26150.0,26250.0,25200.0,25600.0,25890.0,26675.0,24163.333333333332,23802.916666666668,180920
2013-11-14,25500.0,26700.0,25500.0,26550.0,25740.0,26747.5,24243.333333333332,23812.916666666668,283800
2013-11-15,26900.0,26950.0,26200.0,26350.0,25870.0,26815.0,24325.833333333332,23824.166666666668,121908
2013-11-18,26600.0,26650.0,25900.0,25900.0,26080.0,26775.0,24395.833333333332,23831.666666666668,179550
2013-11-19,25900.0,26300.0,25250.0,25300.0,25940.0,26657.5,24464.166666666668,23837.5,275092
2013-11-20,25200.0,26150.0,25200.0,26000.0,26020.0,26570.0,24553.333333333332,23848.75,175535
2013-11-21,26150.0,26200.0,25700.0,25800.0,25870.0,26502.5,24648.333333333332,23851.666666666668,173594
2013-11-22,25750.0,27000.0,25700.0,26800.0,25960.0,26492.5,24760.833333333332,23860.833333333332,184344
2013-11-25,26850.0,27050.0,26550.0,26800.0,26140.0,26472.5,24852.5,23876.666666666668,120933
2013-11-26,26700.0,27050.0,26400.0,26750.0,26430.0,26477.5,24954.166666666668,23895.833333333332,131048
2013-11-27,26750.0,26850.0,26200.0,26550.0,26540.0,26425.0,25057.5,23914.583333333332,329966
2013-11-28,26700.0,27150.0,26450.0,27100.0,26800.0,26420.0,25148.333333333332,23942.083333333332,174524
2013-11-29,27050.0,27350.0,26550.0,27350.0,26910.0,26425.0,25234.166666666668,23981.666666666668,178138
2013-12-02,27350.0,27800.0,27150.0,27150.0,26980.0,26430.0,25309.166666666668,24019.166666666668,229297
2013-12-03,27150.0,27500.0,27000.0,27000.0,27030.0,26427.5,25390.0,24042.083333333332,231334
2013-12-04,26700.0,27250.0,26050.0,26550.0,27030.0,26370.0,25454.166666666668,24056.25,182794
2013-12-05,26550.0,26550.0,25950.0,26000.0,26810.0,26305.0,25508.333333333332,24071.666666666668,136656
2013-12-06,25850.0,26350.0,25800.0,26200.0,26580.0,26330.0,25569.166666666668,24087.916666666668,190713
2013-12-09,26400.0,26400.0,25800.0,25800.0,26310.0,26377.5,25625.0,24107.083333333332,125213
2013-12-10,26000.0,26150.0,25500.0,25550.0,26020.0,26355.0,25687.5,24130.833333333332,159854
2013-12-11,25000.0,26250.0,25000.0,26250.0,25960.0,26387.5,25758.333333333332,24151.25,259679
2013-12-12,26000.0,26800.0,25900.0,25950.0,25950.0,26357.5,25818.333333333332,24169.166666666668,246985
2013-12-13,25900.0,26150.0,24700.0,24850.0,25680.0,26282.5,25845.833333333332,24177.083333333332,293661
2013-12-16,25100.0,25700.0,24950.0,25050.0,25530.0,26240.0,25876.666666666668,24190.416666666668,182946
2013-12-17,24950.0,25450.0,24950.0,25400.0,25500.0,26245.0,25918.333333333332,24206.25,99708
2013-12-18,25200.0,25900.0,24950.0,25900.0,25430.0,26240.0,25982.5,24240.416666666668,147908
2013-12-19,26000.0,26100.0,25300.0,25400.0,25320.0,26220.0,26017.5,24266.666666666668,104824
2013-12-20,25550.0,25950.0,25500.0,25950.0,25540.0,26177.5,26067.5,24290.0,101441
2013-12-23,26100.0,26500.0,25800.0,26300.0,25790.0,26152.5,26101.666666666668,24316.25,192132
2013-12-24,26450.0,26750.0,26300.0,26350.0,25980.0,26132.5,26125.833333333332,24335.833333333332,166431
2013-12-26,26450.0,26550.0,25700.0,25800.0,25960.0,26095.0,26147.5,24351.666666666668,251481
2013-12-27,25800.0,26150.0,25550.0,26150.0,26110.0,26047.5,26179.166666666668,24376.25,135612
2013-12-30,26100.0,26450.0,25750.0,26450.0,26210.0,26002.5,26219.166666666668,24395.833333333332,175043
2014-01-02,26450.0,26950.0,26400.0,26700.0,26290.0,25980.0,26235.833333333332,24412.083333333332,223608
2014-01-03,26550.0,26800.0,26300.0,26750.0,26370.0,25967.5,26255.0,24430.416666666668,112482
2014-01-06,26850.0,26900.0,26350.0,26350.0,26480.0,25957.5,26270.0,24455.0,139921
2014-01-07,26350.0,26800.0,25550.0,25750.0,26400.0,25945.0,26273.333333333332,24475.416666666668,365259
2014-01-08,26000.0,29600.0,25900.0,28300.0,26770.0,26050.0,26325.833333333332,24516.666666666668,1513587
2014-01-09,28300.0,29200.0,28050.0,28350.0,27100.0,26177.5,26390.0,24551.666666666668,722629
2014-01-10,28550.0,28700.0,27600.0,27850.0,27320.0,26292.5,26435.0,24594.583333333332,355189
2014-01-13,27700.0,28150.0,27500.0,27550.0,27560.0,26357.5,26473.333333333332,24631.25,189324
2014-01-14,27400.0,28200.0,27400.0,27450.0,27900.0,26432.5,26512.5,24665.833333333332,181940
2014-01-15,27600.0,27700.0,26400.0,26950.0,27630.0,26537.5,26545.0,24692.916666666668,654525
2014-01-16,27150.0,27150.0,26150.0,26800.0,27320.0,26625.0,26546.666666666668,24717.916666666668,420739
2014-01-17,27050.0,27150.0,26650.0,26800.0,27110.0,26695.0,26532.5,24747.083333333332,195248
2014-01-20,27000.0,27800.0,26600.0,27550.0,27110.0,26777.5,26529.166666666668,24782.083333333332,346725
2014-01-21,27650.0,27900.0,27100.0,27250.0,27070.0,26870.0,26530.833333333332,24814.166666666668,202167
2014-01-22,27550.0,28400.0,27500.0,28400.0,27360.0,26992.5,26554.166666666668,24858.333333333332,363505
2014-01-23,28350.0,28800.0,27950.0,28000.0,27600.0,27077.5,26567.5,24901.25,311057
2014-01-24,27750.0,28300.0,27150.0,27900.0,27820.0,27155.0,26588.333333333332,24942.5,395257
2014-01-27,27200.0,27500.0,26750.0,27000.0,27710.0,27215.0,26578.333333333332,24975.833333333332,296729
2014-01-28,27000.0,27750.0,26700.0,27300.0,27720.0,27272.5,26580.0,25015.416666666668,251541
2014-01-29,27350.0,27800.0,27200.0,27800.0,27600.0,27340.0,26589.166666666668,25064.583333333332,237459
2014-02-03,27450.0,29000.0,27450.0,28850.0,27770.0,27447.5,26619.166666666668,25122.5,521876
2014-02-04,28500.0,28750.0,28100.0,28300.0,27850.0,27525.0,26640.0,25182.083333333332,368923
2014-02-05,28350.0,28750.0,28000.0,28450.0,28140.0,27630.0,26652.5,25239.583333333332,262719
2014-02-06,28650.0,28900.0,28550.0,28550.0,28390.0,27770.0,26673.333333333332,25291.666666666668,204955
2014-02-07,28900.0,29850.0,28750.0,29550.0,28740.0,27832.5,26737.5,25352.916666666668,452466
2014-02-10,29950.0,29950.0,28650.0,29050.0,28780.0,27867.5,26807.5,25410.833333333332,577150
2014-02-11,29050.0,29050.0,27850.0,27900.0,28700.0,27870.0,26839.166666666668,25463.75,573731
2014-02-12,28200.0,28500.0,27650.0,28400.0,28690.0,27912.5,26885.833333333332,25524.583333333332,354446
2014-02-13,28550.0,28650.0,28050.0,28150.0,28610.0,27947.5,26912.5,25577.916666666668,265359
2014-02-14,28000.0,28400.0,27850.0,28050.0,28310.0,28002.5,26940.833333333332,25633.333333333332,210912
2014-02-17,28100.0,28550.0,28000.0,28550.0,28210.0,28090.0,26985.0,25690.416666666668,159671
2014-02-18,29100.0,29200.0,28300.0,28350.0,28300.0,28167.5,27035.833333333332,25750.0,359408
2014-02-19,28450.0,28900.0,28450.0,28900.0,28400.0,28235.0,27084.166666666668,25818.75,353502
2014-02-20,28750.0,28750.0,28150.0,28450.0,28460.0,28295.0,27128.333333333332,25888.333333333332,208674
2014-02-21,28550.0,28650.0,27500.0,27750.0,28400.0,28262.5,27144.166666666668,25952.5,435531
2014-02-24,27750.0,27850.0,27450.0,27700.0,28230.0,28247.5,27159.166666666668,26005.833333333332,204294
2014-02-25,28000.0,29850.0,27650.0,28150.0,28190.0,28260.0,27182.5,26068.333333333332,839913
2014-02-26,27800.0,28650.0,27750.0,28650.0,28140.0,28342.5,27217.5,26137.5,258514
2014-02-27,28400.0,29150.0,28250.0,29050.0,28260.0,28430.0,27250.0,26199.166666666668,415195
2014-02-28,29200.0,29450.0,28850.0,29300.0,28570.0,28505.0,27282.5,26258.333333333332,226477
2014-03-03,29400.0,29900.0,28950.0,29700.0,28970.0,28547.5,27325.0,26317.083333333332,306725
2014-03-04,29400.0,30000.0,29150.0,29500.0,29240.0,28607.5,27366.666666666668,26378.333333333332,254574
2014-03-05,29950.0,30500.0,29900.0,30500.0,29610.0,28710.0,27432.5,26443.333333333332,391772
2014-03-06,30900.0,31600.0,30000.0,31500.0,30100.0,28857.5,27524.166666666668,26516.25,419384
2014-03-07,31800.0,34250.0,31500.0,32600.0,30760.0,29010.0,27630.833333333332,26600.0,838135
2014-03-10,32800.0,34200.0,32800.0,33550.0,31530.0,29235.0,27760.0,26692.5,534232
2014-03-11,33700.0,34450.0,32400.0,32450.0,32120.0,29462.5,27875.0,26781.25,585846
2014-03-12,32800.0,33300.0,32250.0,32550.0,32530.0,29670.0,27980.0,26869.166666666668,353896
2014-03-13,32700.0,33000.0,31750.0,32650.0,32760.0,29895.0,28091.666666666668,26955.0,310764
2014-03-14,32300.0,32650.0,31700.0,31700.0,32580.0,30077.5,28205.833333333332,27025.833333333332,264003
2014-03-17,31600.0,32750.0,31500.0,31750.0,32220.0,30237.5,28317.5,27097.083333333332,239637
2014-03-18,32100.0,36250.0,32100.0,33150.0,32360.0,30477.5,28446.666666666668,27182.5,1132728
2014-03-19,34600.0,36150.0,33650.0,34650.0,32780.0,30765.0,28592.5,27287.5,1320003
2014-03-20,34800.0,34850.0,33500.0,34500.0,33150.0,31067.5,28744.166666666668,27380.833333333332,520946
2014-03-21,34850.0,36000.0,34000.0,36000.0,34010.0,31480.0,28911.666666666668,27489.583333333332,466671
2014-03-24,36050.0,36700.0,34800.0,34850.0,34630.0,31837.5,29054.166666666668,27577.916666666668,635228
2014-03-25,34450.0,34500.0,32600.0,33400.0,34680.0,32100.0,29171.666666666668,27648.75,760638
2014-03-26,33600.0,33750.0,32950.0,33600.0,34470.0,32347.5,29301.666666666668,27724.583333333332,482035
2014-03-27,33300.0,33600.0,32750.0,32750.0,34120.0,32532.5,29411.666666666668,27795.416666666668,306419
2014-03-28,32500.0,33200.0,32500.0,32800.0,33480.0,32707.5,29517.5,27868.333333333332,536387
2014-03-31,32800.0,33400.0,31600.0,32450.0,33000.0,32845.0,29613.333333333332,27924.583333333332,623526
2014-04-01,32400.0,34150.0,32350.0,33800.0,33080.0,33060.0,29730.833333333332,27992.916666666668,511084
2014-04-02,34250.0,36100.0,34150.0,35500.0,33460.0,33310.0,29883.333333333332,28076.666666666668,675735
2014-04-03,35450.0,35700.0,34500.0,35000.0,33910.0,33485.0,30037.5,28155.416666666668,366065
2014-04-04,34950.0,35600.0,34150.0,35200.0,34390.0,33615.0,30152.5,28239.166666666668,387814
2014-04-07,34700.0,34800.0,33600.0,33850.0,34670.0,33630.0,30244.166666666668,28317.083333333332,687812
2014-04-08,33600.0,34500.0,33450.0,34450.0,34800.0,33730.0,30354.166666666668,28394.583333333332,534685
2014-04-09,34400.0,34600.0,33100.0,33900.0,34480.0,33797.5,30460.0,28466.666666666668,533404
2014-04-10,34200.0,35600.0,34200.0,35450.0,34570.0,33937.5,30593.333333333332,28552.916666666668,628212
2014-04-11,34750.0,35700.0,34650.0,35500.0,34630.0,34127.5,30735.833333333332,28640.416666666668,408946
2014-04-14,35500.0,36000.0,35400.0,35750.0,35010.0,34327.5,30885.0,28715.833333333332,142691
2014-04-15,36350.0,36400.0,34750.0,35000.0,35120.0,34420.0,31021.666666666668,28777.083333333332,383336
2014-04-16,35000.0,35600.0,35000.0,35550.0,35450.0,34465.0,31155.0,28842.083333333332,228529
2014-04-17,35800.0,36700.0,35650.0,36600.0,35680.0,34570.0,31310.833333333332,28920.833333333332,434301
2014-04-18,36800.0,37800.0,36350.0,37350.0,36050.0,34637.5,31460.0,29007.083333333332,421649
2014-04-21,37300.0,37700.0,36800.0,37000.0,36300.0,34745.0,31610.0,29088.75,165801
2014-04-22,37100.0,38050.0,37100.0,37550.0,36810.0,34952.5,31770.833333333332,29179.583333333332,319426
2014-04-23,37550.0,38250.0,37350.0,37450.0,37190.0,35145.0,31945.0,29261.666666666668,455484
2014-04-24,37750.0,37800.0,36550.0,37050.0,37280.0,35360.0,32107.5,29343.75,405065
2014-04-25,37050.0,37400.0,36350.0,37050.0,37220.0,35572.5,32261.666666666668,29425.416666666668,425511
2014-04-28,36750.0,37800.0,36750.0,37750.0,37370.0,35837.5,32410.0,29514.583333333332,157140
2014-04-29,38050.0,38300.0,37500.0,37700.0,37400.0,36032.5,32566.666666666668,29603.333333333332,322932
2014-04-30,38000.0,38400.0,37700.0,38400.0,37590.0,36177.5,32732.5,29692.5,225237
2014-05-02,38900.0,39950.0,38500.0,38650.0,37910.0,36360.0,32900.833333333336,29787.083333333332,618828
2014-05-07,38350.0,39050.0,38200.0,38900.0,38280.0,36545.0,33056.666666666664,29897.083333333332,366704
2014-05-08,39300.0,39600.0,36450.0,36800.0,38090.0,36692.5,33185.833333333336,29996.666666666668,705965
2014-05-09,36700.0,37200.0,34300.0,35500.0,37650.0,36745.0,33312.5,30075.833333333332,1358005
2014-05-12,35300.0,37250.0,35100.0,36800.0,37330.0,36890.0,33452.5,30169.166666666668,741768
2014-05-13,37400.0,38900.0,37300.0,38550.0,37310.0,37045.0,33625.833333333336,30269.166666666668,532080
2014-05-14,38250.0,38800.0,37750.0,38500.0,37230.0,37195.0,33800.0,30370.416666666668,312111
2014-05-15,39050.0,39400.0,36700.0,37250.0,37320.0,37270.0,33945.0,30465.0,771291
2014-05-16,37600.0,38100.0,36850.0,37750.0,37770.0,37407.5,34101.666666666664,30568.75,331878
2014-05-19,38200.0,38200.0,37350.0,37400.0,37890.0,37500.0,34243.333333333336,30663.75,327306
2014-05-20,37050.0,37700.0,36900.0,37700.0,37720.0,37555.0,34397.5,30762.916666666668,232145
2014-05-21,37150.0,37600.0,37100.0,37350.0,37490.0,37555.0,34557.5,30850.833333333332,215803
2014-05-22,37800.0,37950.0,37200.0,37950.0,37630.0,37602.5,34728.333333333336,30943.75,220871
2014-05-23,38050.0,38100.0,36950.0,37000.0,37480.0,37575.0,34875.833333333336,31029.166666666668,319288
2014-05-26,37300.0,37500.0,36800.0,36800.0,37360.0,37542.5,35011.666666666664,31114.583333333332,212074
2014-05-27,36800.0,37100.0,35900.0,37000.0,37220.0,37540.0,35144.166666666664,31197.083333333332,441401
2014-05-28,36900.0,36900.0,36200.0,36650.0,37080.0,37520.0,35266.666666666664,31274.583333333332,383390
2014-05-29,36700.0,37150.0,36150.0,36150.0,36720.0,37440.0,35374.166666666664,31349.583333333332,424428
2014-05-30,36500.0,37850.0,36000.0,37600.0,36840.0,37435.0,35509.166666666664,31437.916666666668,2885697
2014-06-02,37900.0,37900.0,36450.0,36600.0,36800.0,37345.0,35610.833333333336,31521.666666666668,533163
2014-06-03,36600.0,36700.0,35950.0,36650.0,36730.0,37245.0,35696.666666666664,31610.416666666668,232461
2014-06-05,36550.0,36950.0,36200.0,36550.0,36710.0,37127.5,35762.5,31696.666666666668,211986
2014-06-09,36700.0,38750.0,36450.0,38450.0,37170.0,37210.0,35844.166666666664,31802.083333333332,575241
2014-06-10,38900.0,38950.0,38000.0,38700.0,37390.0,37370.0,35948.333333333336,31911.666666666668,314321
2014-06-11,38700.0,38900.0,36600.0,37000.0,37470.0,37380.0,36022.5,32001.25,694139
2014-06-12,37100.0,37750.0,36800.0,36800.0,37500.0,37292.5,36091.666666666664,32091.666666666668,296896
2014-06-13,37350.0,37850.0,36650.0,37350.0,37660.0,37235.0,36185.833333333336,32195.833333333332,267071
2014-06-16,37800.0,39150.0,37550.0,38700.0,37710.0,37307.5,36301.666666666664,32309.583333333332,484511
2014-06-17,38950.0,39200.0,38700.0,38850.0,37740.0,37362.5,36396.666666666664,32421.666666666668,227077
2014-06-18,39050.0,39300.0,38100.0,39250.0,38190.0,37455.0,36473.333333333336,32532.916666666668,252042
2014-06-19,39300.0,39550.0,39050.0,39350.0,38700.0,37537.5,36554.166666666664,32649.166666666668,190217
2014-06-20,39400.0,40150.0,39100.0,39700.0,39170.0,37655.0,36615.833333333336,32763.75,222524
2014-06-23,39600.0,40100.0,38700.0,39400.0,39310.0,37727.5,36691.666666666664,32872.916666666664,180387
2014-06-24,39450.0,39900.0,38850.0,39450.0,39430.0,37850.0,36792.5,32982.083333333336,358159
2014-06-25,39200.0,39500.0,37800.0,37800.0,39140.0,37900.0,36862.5,33082.083333333336,364385
2014-06-26,38100.0,38800.0,36800.0,37100.0,38690.0,37905.0,36935.0,33173.333333333336,709560
2014-06-27,37350.0,37650.0,37000.0,37400.0,38230.0,37942.5,37011.666666666664,33264.583333333336,385282
2014-06-30,37050.0,37400.0,36500.0,37400.0,37830.0,38005.0,37094.166666666664,33353.75,423455
2014-07-01,37050.0,38650.0,37050.0,38500.0,37640.0,38050.0,37172.5,33451.666666666664,380598
2014-07-02,38600.0,38700.0,38100.0,38500.0,37780.0,38145.0,37222.5,33552.916666666664,274846
2014-07-03,38500.0,38500.0,37400.0,37450.0,37850.0,38185.0,37263.333333333336,33650.416666666664,428509
2014-07-04,37500.0,37950.0,35800.0,37000.0,37770.0,38207.5,37293.333333333336,33722.916666666664,1009136
2014-07-07,37100.0,37800.0,36850.0,37700.0,37830.0,38170.0,37357.5,33800.833333333336,271400
2014-07-08,38250.0,39400.0,37950.0,39200.0,37970.0,38195.0,37436.666666666664,33895.416666666664,821442
2014-07-09,39200.0,39650.0,38600.0,39650.0,38200.0,38327.5,37532.5,33996.25,360460
2014-07-10,39400.0,39700.0,38700.0,39700.0,38650.0,38472.5,37603.333333333336,34098.333333333336,333622
2014-07-11,38300.0,38450.0,37400.0,37600.0,38770.0,38485.0,37638.333333333336,34187.083333333336,9178998
2014-07-14,38100.0,38400.0,38000.0,38350.0,38900.0,38467.5,37681.666666666664,34283.333333333336,750436
2014-07-15,38800.0,38900.0,37800.0,38250.0,38710.0,38437.5,37735.833333333336,34378.75,606128
2014-07-16,38350.0,38450.0,36900.0,37050.0,38190.0,38327.5,37760.833333333336,34457.916666666664,723756
2014-07-17,37050.0,37350.0,36050.0,36450.0,37540.0,38182.5,37758.333333333336,34534.583333333336,891173
2014-07-18,36500.0,37050.0,36200.0,36500.0,37320.0,38022.5,37744.166666666664,34602.083333333336,907560
2014-07-21,36500.0,36950.0,35000.0,35350.0,36720.0,37820.0,37716.666666666664,34663.333333333336,1005038
2014-07-22,35100.0,36100.0,35000.0,35300.0,36130.0,37612.5,37679.166666666664,34725.0,730071
2014-07-23,35800.0,35950.0,34600.0,34800.0,35680.0,37462.5,37635.0,34790.0,547119
2014-07-24,34950.0,35150.0,33600.0,33650.0,35120.0,37290.0,37578.333333333336,34842.916666666664,808020
2014-07-25,33650.0,34450.0,33550.0,34200.0,34660.0,37130.0,37530.833333333336,34896.25,473747
2014-07-28,34450.0,34450.0,32600.0,34300.0,34450.0,36975.0,37473.333333333336,34941.666666666664,766583
2014-07-29,34300.0,34600.0,33250.0,33550.0,34100.0,36727.5,37404.166666666664,34985.416666666664,604468
2014-07-30,33300.0,34400.0,33150.0,33950.0,33930.0,36500.0,37330.0,35031.25,523299
2014-07-31,34200.0,34300.0,33300.0,33550.0,33910.0,36305.0,37245.0,35072.916666666664,583053
2014-08-01,33200.0,35600.0,32900.0,35500.0,34170.0,36230.0,37188.333333333336,35122.5,877894
2014-08-04,35750.0,36350.0,35600.0,36350.0,34580.0,36162.5,37180.833333333336,35183.333333333336,727071
2014-08-05,36300.0,36350.0,34250.0,34500.0,34770.0,35927.5,37164.166666666664,35238.333333333336,842338
2014-08-06,33950.0,35400.0,33850.0,35400.0,35060.0,35715.0,37140.833333333336,35296.666666666664,531272
2014-08-07,35300.0,36050.0,34650.0,35600.0,35470.0,35510.0,37091.666666666664,35358.75,533378
2014-08-08,35000.0,35300.0,34200.0,34350.0,35240.0,35347.5,37022.5,35411.25,509714
2014-08-11,34700.0,34750.0,33600.0,33900.0,34750.0,35125.0,36966.666666666664,35455.833333333336,447018
2014-08-12,34000.0,34500.0,33900.0,33900.0,34630.0,34907.5,36902.5,35502.083333333336,226521
2014-08-13,34500.0,35950.0,34450.0,35750.0,34700.0,34842.5,36875.0,35559.166666666664,861888
2014-08-14,35950.0,36700.0,35900.0,36350.0,34850.0,34837.5,36852.5,35625.0,795297
2014-08-18,37350.0,37450.0,36450.0,36950.0,35370.0,34860.0,36845.833333333336,35701.666666666664,761756
2014-08-19,37050.0,37150.0,36600.0,37100.0,36010.0,34947.5,36831.666666666664,35780.0,604124
2014-08-20,37900.0,37950.0,36400.0,36400.0,36510.0,35002.5,36821.666666666664,35848.75,793437
2014-08-21,36800.0,37650.0,36400.0,37650.0,36890.0,35145.0,36835.833333333336,35923.75,632617
2014-08-22,37850.0,38400.0,37450.0,38300.0,37280.0,35377.5,36857.5,36000.833333333336,574338
2014-08-25,38800.0,40650.0,38700.0,40650.0,38020.0,35700.0,36924.166666666664,36095.416666666664,1448781
2014-08-26,41350.0,41400.0,39300.0,39400.0,38480.0,35955.0,36978.333333333336,36176.25,953761
2014-08-27,39700.0,39750.0,38450.0,39300.0,39060.0,36242.5,37006.666666666664,36257.916666666664,481235
2014-08-28,39300.0,39500.0,38800.0,39500.0,39430.0,36520.0,37055.0,36332.916666666664,266690
2014-08-29,39150.0,39750.0,38400.0,39300.0,39630.0,36807.5,37099.166666666664,36397.916666666664,896102
2014-09-01,39800.0,39800.0,38600.0,39250.0,39350.0,36995.0,37144.166666666664,36453.333333333336,312040
2014-09-02,38800.0,39300.0,38150.0,38200.0,39110.0,37087.5,37140.0,36492.083333333336,553138
2014-09-03,38500.0,39150.0,38200.0,38650.0,38980.0,37295.0,37139.166666666664,36543.75,515713
2014-09-04,38850.0,39250.0,38250.0,38450.0,38770.0,37447.5,37163.333333333336,36592.916666666664,417900
2014-09-05,38500.0,39000.0,36450.0,36650.0,38240.0,37500.0,37160.833333333336,36626.25,1162808
2014-09-11,36750.0,36900.0,34750.0,35000.0,37390.0,37532.5,37121.666666666664,36653.75,1524800
2014-09-12,35200.0,35900.0,34050.0,35500.0,36850.0,37612.5,37068.333333333336,36685.0,1189265
2014-09-15,35700.0,36000.0,35100.0,35200.0,36160.0,37677.5,37007.5,36702.083333333336,425948
2014-09-16,35250.0,36150.0,35200.0,35850.0,35640.0,37682.5,36950.833333333336,36712.083333333336,507539
2014-09-17,36000.0,36500.0,35700.0,35850.0,35480.0,37657.5,36892.5,36723.333333333336,425169
2014-09-18,36100.0,36150.0,35700.0,36150.0,35710.0,37617.5,36833.333333333336,36724.583333333336,270663
2014-09-19,36450.0,37200.0,36200.0,37050.0,36020.0,37615.0,36794.166666666664,36742.916666666664,1128204
2014-09-22,37300.0,37400.0,35800.0,35900.0,36160.0,37590.0,36735.0,36763.75,499213
2014-09-23,35650.0,35800.0,34500.0,34550.0,35900.0,37435.0,36680.833333333336,36771.666666666664,760250
2014-09-24,34500.0,35050.0,34450.0,34700.0,35670.0,37255.0,36640.833333333336,36787.916666666664,465851
2014-09-25,34500.0,35350.0,34500.0,35100.0,35460.0,36977.5,36602.5,36807.083333333336,491505
2014-09-26,34450.0,34950.0,34100.0,34150.0,34880.0,36715.0,36548.333333333336,36821.25,678052
2014-09-29,34300.0,34900.0,33750.0,34600.0,34620.0,36480.0,36483.333333333336,36827.916666666664,440119
2014-09-30,34600.0,35350.0,33950.0,34550.0,34620.0,36232.5,36417.5,36820.0,436386
2014-10-01,35000.0,35150.0,33900.0,33900.0,34460.0,35962.5,36358.333333333336,36810.833333333336,400636
2014-10-02,33550.0,34600.0,33200.0,34550.0,34350.0,35727.5,36317.5,36805.416666666664,570777
2014-10-06,34600.0,34700.0,34050.0,34100.0,34340.0,35522.5,36257.5,36807.5,358457
2014-10-07,34000.0,35000.0,33950.0,34750.0,34370.0,35327.5,36183.333333333336,36810.0,428811
2014-10-08,34700.0,35050.0,34450.0,34650.0,34390.0,35137.5,36100.0,36816.25,352199
2014-10-10,34300.0,34750.0,32100.0,32100.0,34030.0,34910.0,35973.333333333336,36788.333333333336,603147
2014-10-13,31650.0,32000.0,28700.0,30150.0,33150.0,34667.5,35849.166666666664,36743.75,2066706
2014-10-14,30000.0,31500.0,29250.0,31400.0,32610.0,34462.5,35733.333333333336,36707.5,1122721
2014-10-15,31000.0,31350.0,30200.0,30700.0,31800.0,34237.5,35607.5,36671.666666666664,657864
2014-10-16,30200.0,32550.0,30100.0,31700.0,31210.0,34030.0,35518.333333333336,36639.583333333336,642539
2014-10-17,32150.0,32550.0,31500.0,31650.0,31120.0,33820.0,35438.333333333336,36598.333333333336,332430
2014-10-20,31600.0,33650.0,31600.0,33350.0,31760.0,33680.0,35385.833333333336,36565.0,444212
2014-10-21,33150.0,33750.0,32550.0,33500.0,32180.0,33502.5,35355.0,36535.833333333336,321848
2014-10-22,33850.0,34400.0,33750.0,34000.0,32840.0,33407.5,35333.333333333336,36506.25,423860
2014-10-23,34000.0,34600.0,33700.0,34200.0,33340.0,33390.0,35323.333333333336,36479.166666666664,283014
2014-10-24,34350.0,34500.0,32500.0,33500.0,33710.0,33330.0,35320.833333333336,36449.583333333336,299662
2014-10-27,33300.0,33950.0,32500.0,33900.0,33820.0,33270.0,35315.833333333336,36423.333333333336,229146
2014-10-28,34200.0,34400.0,33450.0,33600.0,33840.0,33242.5,35304.166666666664,36388.75,146324
2014-10-29,34250.0,34300.0,33800.0,33800.0,33800.0,33202.5,35308.333333333336,36356.25,341041
2014-10-30,33900.0,34050.0,32400.0,32600.0,33480.0,33105.0,35285.833333333336,36307.916666666664,358122
2014-10-31,32900.0,33000.0,32400.0,32850.0,33350.0,33052.5,35274.166666666664,36259.583333333336,263683
2014-11-03,33300.0,33300.0,32100.0,32250.0,33020.0,32937.5,35220.0,36204.166666666664,219692
2014-11-04,32050.0,32400.0,30400.0,31500.0,32600.0,32807.5,35139.166666666664,36160.0,503736
2014-11-05,31500.0,32100.0,31000.0,31150.0,32070.0,32627.5,35083.333333333336,36123.75,352080
2014-11-06,31000.0,31300.0,27500.0,29100.0,31370.0,32350.0,34978.333333333336,36059.583333333336,1454571
2014-11-07,29050.0,29300.0,27350.0,28400.0,30480.0,32165.0,34858.333333333336,35975.0,1717768
2014-11-10,28150.0,29550.0,28150.0,28700.0,29770.0,32092.5,34764.166666666664,35893.333333333336,606729
2014-11-11,28800.0,29250.0,28200.0,28800.0,29230.0,31962.5,34679.166666666664,35822.916666666664,730034
2014-11-12,28800.0,28850.0,28100.0,28150.0,28630.0,31835.0,34583.333333333336,35742.916666666664,664083
2014-11-13,28300.0,28600.0,27850.0,28100.0,28430.0,31655.0,34455.833333333336,35665.416666666664,378139
2014-11-14,28450.0,28450.0,27400.0,27650.0,28280.0,31455.0,34310.833333333336,35581.666666666664,633435
2014-11-17,27800.0,27800.0,26100.0,27100.0,27960.0,31142.5,34146.666666666664,35496.25,663002
2014-11-18,27100.0,28000.0,27100.0,27700.0,27740.0,30852.5,33990.0,35410.833333333336,467619
2014-11-19,27950.0,28100.0,27600.0,27800.0,27670.0,30542.5,33846.666666666664,35334.166666666664,412196
2014-11-20,28150.0,28250.0,27550.0,27600.0,27570.0,30212.5,33679.166666666664,35257.5,492510
2014-11-21,27900.0,28150.0,27550.0,28100.0,27660.0,29942.5,33509.166666666664,35183.333333333336,523625
2014-11-24,28400.0,28600.0,28250.0,28450.0,27930.0,29670.0,33305.833333333336,35115.0,516600
2014-11-25,28600.0,29800.0,28500.0,28950.0,28180.0,29437.5,33131.666666666664,35055.0,972133
2014-11-26,29250.0,29250.0,28650.0,29100.0,28440.0,29202.5,32961.666666666664,34984.166666666664,331975
2014-11-27,29250.0,29250.0,28450.0,28450.0,28610.0,28995.0,32777.5,34916.25,305696
2014-11-28,28350.0,28550.0,27600.0,27900.0,28570.0,28747.5,32587.5,34843.333333333336,457695
2014-12-01,28200.0,28500.0,27700.0,27900.0,28460.0,28530.0,32398.333333333332,34771.25,383147
2014-12-02,27600.0,28200.0,27600.0,28150.0,28300.0,28362.5,32230.833333333332,34685.416666666664,252910
2014-12-03,28100.0,28650.0,27900.0,28200.0,28120.0,28215.0,32056.666666666668,34597.916666666664,472679
2014-12-04,28100.0,28250.0,24000.0,24750.0,27380.0,27997.5,31828.333333333332,34495.833333333336,5006184
2014-12-05,25200.0,25750.0,24950.0,25400.0,26880.0,27847.5,31640.833333333332,34400.833333333336,1345380
2014-12-08,25400.0,26550.0,25400.0,25900.0,26480.0,27707.5,31489.166666666668,34305.416666666664,875140
2014-12-09,25550.0,26150.0,25550.0,25650.0,25980.0,27550.0,31325.0,34196.666666666664,394315
2014-12-10,25750.0,26050.0,25400.0,25600.0,25460.0,27422.5,31165.0,34086.25,374451
2014-12-11,25200.0,25600.0,24700.0,24800.0,25470.0,27257.5,30980.833333333332,33965.833333333336,565021
2014-12-12,25000.0,25850.0,25000.0,25700.0,25530.0,27160.0,30811.666666666668,33852.083333333336,407321
2014-12-15,25450.0,25650.0,24950.0,25450.0,25440.0,27077.5,30633.333333333332,33733.333333333336,297161
2014-12-16,25400.0,25650.0,24950.0,25050.0,25320.0,26945.0,30433.333333333332,33613.75,313274
2014-12-17,25200.0,25600.0,24100.0,24250.0,25050.0,26767.5,30239.166666666668,33487.083333333336,748507
2014-12-18,24300.0,24650.0,23150.0,23850.0,24860.0,26580.0,30060.833333333332,33370.833333333336,1013705
2014-12-19,24100.0,24500.0,23000.0,23650.0,24450.0,26357.5,29876.666666666668,33258.75,994942
2014-12-22,23450.0,24050.0,22550.0,24050.0,24170.0,26137.5,29692.5,33147.5,1011581
2014-12-23,24000.0,24100.0,23500.0,23950.0,23950.0,25887.5,29522.5,33035.416666666664,486428
2014-12-24,23800.0,24000.0,23400.0,23750.0,23850.0,25620.0,29341.666666666668,32912.5,536152
2014-12-26,23800.0,24350.0,23700.0,24250.0,23930.0,25410.0,29170.0,32793.75,503240
2014-12-29,24000.0,24050.0,23150.0,23600.0,23920.0,25195.0,28998.333333333332,32678.333333333332,487775
2014-12-30,23400.0,23750.0,23300.0,23600.0,23830.0,24980.0,28815.833333333332,32566.666666666668,256878
2015-01-02,23700.0,23850.0,23350.0,23350.0,23710.0,24740.0,28636.666666666668,32447.083333333332,293204
2015-01-05,23350.0,24550.0,23250.0,24050.0,23770.0,24532.5,28458.333333333332,32320.833333333332,823643
2015-01-06,23650.0,23700.0,22700.0,22950.0,23510.0,24442.5,28263.333333333332,32181.666666666668,1011136
2015-01-07,22750.0,22750.0,22000.0,22500.0,23290.0,24297.5,28103.333333333332,32038.333333333332,822765
2015-01-08,22450.0,23050.0,22350.0,22750.0,23120.0,24140.0,27980.0,31914.583333333332,580477
2015-01-09,22800.0,23550.0,22300.0,23200.0,23090.0,24017.5,27843.333333333332,31788.333333333332,1255713
2015-01-12,23300.0,23450.0,22750.0,23300.0,22940.0,23902.5,27720.0,31663.75,654840
2015-01-13,23350.0,24350.0,23200.0,24100.0,23170.0,23867.5,27593.333333333332,31555.833333333332,1103373
2015-01-14,24350.0,25500.0,24200.0,25400.0,23750.0,23852.5,27489.166666666668,31463.75,1657368
2015-01-15,25200.0,25550.0,24900.0,25500.0,24300.0,23855.0,27358.333333333332,31372.083333333332,594976
2015-01-16,25350.0,25450.0,24750.0,25150.0,24690.0,23860.0,27219.166666666668,31287.083333333332,533126
2015-01-19,26550.0,28050.0,25150.0,25200.0,25070.0,23907.5,27072.5,31202.916666666668,2131537
2015-01-20,24900.0,25350.0,24350.0,24850.0,25220.0,23957.5,26916.666666666668,31120.0,729128
2015-01-21,24800.0,25100.0,24550.0,24700.0,25080.0,24010.0,26770.0,31045.416666666668,497249
2015-01-22,24700.0,25100.0,24100.0,24350.0,24850.0,24025.0,26610.833333333332,30963.333333333332,565929
2015-01-23,24700.0,25700.0,24400.0,25700.0,24960.0,24112.5,26479.166666666668,30891.666666666668,775826
2015-01-26,25850.0,26000.0,25200.0,25300.0,24980.0,24190.0,26337.5,30822.916666666668,382045
2015-01-27,25350.0,25650.0,25050.0,25600.0,25130.0,24257.5,26220.833333333332,30753.333333333332,361731
2015-01-28,25450.0,27000.0,25350.0,27000.0,25590.0,24427.5,26123.333333333332,30698.75,1088060
2015-01-29,27350.0,28150.0,26950.0,26950.0,26110.0,24595.0,26035.0,30627.5,1111638
2015-01-30,27150.0,27200.0,26200.0,26300.0,26230.0,24742.5,25948.333333333332,30543.75,513429
2015-02-02,26250.0,26400.0,25350.0,25950.0,26360.0,24837.5,25861.666666666668,30472.5,576757
2015-02-03,25900.0,27000.0,25850.0,27000.0,26640.0,25040.0,25826.666666666668,30402.5,719733
2015-02-04,27200.0,27600.0,26600.0,27000.0,26640.0,25265.0,25803.333333333332,30330.833333333332,684637
2015-02-05,27000.0,27000.0,24600.0,26100.0,26470.0,25432.5,25760.0,30262.083333333332,2398714
2015-02-06,26100.0,26150.0,24550.0,24850.0,26180.0,25515.0,25694.166666666668,30186.666666666668,1319582
2015-02-09,24400.0,24650.0,21550.0,21800.0,25350.0,25440.0,25588.333333333332,30085.833333333332,3056377
2015-02-10,22050.0,22600.0,22000.0,22300.0,24410.0,25350.0,25491.666666666668,29973.75,1464057
2015-02-11,22300.0,22900.0,22300.0,22400.0,23490.0,25200.0,25404.166666666668,29857.5,1060973
2015-02-12,22500.0,22600.0,22200.0,22550.0,22780.0,25052.5,25328.333333333332,29737.5,514543
2015-02-13,22600.0,22700.0,21050.0,21450.0,22100.0,24867.5,25224.166666666668,29607.083333333332,1478873
2015-02-16,21550.0,22250.0,21350.0,22050.0,22150.0,24710.0,25128.333333333332,29487.5,819875
2015-02-17,21900.0,21950.0,21500.0,21650.0,22020.0,24550.0,25029.166666666668,29354.166666666668,633724
2015-02-23,21800.0,21850.0,20750.0,20900.0,21720.0,24360.0,24909.166666666668,29209.166666666668,865983
2015-02-24,20600.0,21450.0,20600.0,21400.0,21490.0,24212.5,24791.666666666668,29048.75,764528
2015-02-25,21500.0,21550.0,21100.0,21300.0,21460.0,23992.5,24664.166666666668,28897.916666666668,526543
2015-02-26,21350.0,21400.0,20600.0,20700.0,21190.0,23762.5,24524.166666666668,28742.916666666668,839438
2015-02-27,21050.0,21350.0,21000.0,21150.0,21090.0,23540.0,24402.5,28590.0,894042
2015-03-02,21250.0,21700.0,21100.0,21400.0,21190.0,23260.0,24294.166666666668,28440.833333333332,920484
2015-03-03,21500.0,21600.0,20950.0,21200.0,21150.0,22972.5,24182.5,28290.416666666668,792524
2015-03-04,21100.0,21700.0,20900.0,21550.0,21200.0,22735.0,24072.5,28151.666666666668,873544
2015-03-05,21500.0,22350.0,21300.0,21900.0,21440.0,22532.5,23967.5,28012.083333333332,1333706
2015-03-06,21700.0,21750.0,21050.0,21200.0,21450.0,22242.5,23908.333333333332,27868.333333333332,1594486
2015-03-09,21300.0,21550.0,21200.0,21300.0,21430.0,21957.5,23840.0,27740.416666666668,531849
2015-03-10,21450.0,22150.0,21350.0,21750.0,21540.0,21740.0,23770.833333333332,27630.0,1231060
2015-03-11,21500.0,22300.0,21450.0,21550.0,21540.0,21575.0,23702.5,27513.75,1049789
2015-03-12,21850.0,21950.0,21450.0,21850.0,21530.0,21577.5,23640.0,27402.5,554081
2015-03-13,21950.0,22650.0,21800.0,22400.0,21770.0,21582.5,23600.0,27290.416666666668,1470297
2015-03-16,22300.0,22550.0,22050.0,22200.0,21950.0,21572.5,23541.666666666668,27176.666666666668,684604
2015-03-17,22400.0,22400.0,21300.0,21600.0,21920.0,21525.0,23477.5,27055.416666666668,1055817
2015-03-18,21750.0,21750.0,20900.0,21000.0,21810.0,21502.5,23410.0,26921.666666666668,1102584
2015-03-19,21100.0,21250.0,20600.0,20800.0,21600.0,21440.0,23352.5,26795.833333333332,1073811
2015-03-20,20900.0,21450.0,20750.0,21400.0,21400.0,21427.5,23311.666666666668,26686.25,808475
2015-03-23,21400.0,21800.0,21250.0,21300.0,21220.0,21447.5,23272.5,26574.583333333332,532904
2015-03-24,20950.0,21000.0,20600.0,20900.0,21080.0,21422.5,23220.0,26456.25,751766
2015-03-25,21000.0,21550.0,20900.0,21500.0,21180.0,21432.5,23179.166666666668,26350.833333333332,695319
2015-03-26,21350.0,21800.0,21150.0,21500.0,21320.0,21472.5,23141.666666666668,26241.666666666668,724556
2015-03-27,21650.0,21700.0,21100.0,21450.0,21330.0,21487.5,23095.0,26132.5,444058
2015-03-30,21500.0,22050.0,21250.0,21900.0,21450.0,21512.5,23066.666666666668,26032.5,978138
2015-03-31,22150.0,24350.0,22000.0,24250.0,22120.0,21665.0,23077.5,25946.666666666668,4678941
2015-04-01,24350.0,24550.0,23650.0,24250.0,22670.0,21800.0,23092.5,25864.583333333332,2481910
2015-04-02,24050.0,24100.0,23400.0,23900.0,23150.0,21900.0,23090.0,25774.166666666668,1652080
2015-04-03,24150.0,25700.0,24050.0,25400.0,23940.0,22110.0,23130.833333333332,25697.083333333332,3637303
2015-04-06,25850.0,26900.0,24050.0,24200.0,24400.0,22255.0,23159.166666666668,25631.25,4729301
2015-04-07,24450.0,24900.0,23350.0,24750.0,24500.0,22405.0,23192.5,25586.25,2691253
2015-04-08,24450.0,24600.0,23400.0,23400.0,24330.0,22497.5,23195.833333333332,25519.583333333332,2220860
2015-04-09,23600.0,23950.0,23200.0,23700.0,24290.0,22590.0,23202.5,25461.25,1522715
2015-04-10,23900.0,24100.0,23500.0,23500.0,23910.0,22645.0,23192.5,25392.916666666668,1033049
2015-04-13,23450.0,24250.0,23450.0,23900.0,23850.0,22730.0,23167.5,25328.333333333332,1185761
2015-04-14,24050.0,24400.0,23050.0,23600.0,23620.0,22830.0,23135.833333333332,25247.083333333332,1650207
2015-04-15,24150.0,25950.0,24150.0,25150.0,23970.0,23037.5,23135.833333333332,25177.5,4788736
2015-04-16,25250.0,25600.0,24600.0,25500.0,24330.0,23272.5,23140.833333333332,25106.666666666668,1840759
2015-04-17,25700.0,26450.0,25150.0,26200.0,24870.0,23512.5,23163.333333333332,25040.0,2172670
2015-04-20,25850.0,27200.0,25800.0,26900.0,25470.0,23792.5,23200.0,24985.0,2212357
2015-04-21,27300.0,27600.0,26550.0,26800.0,26110.0,24087.5,23240.833333333332,24925.833333333332,1889807
2015-04-22,27300.0,29000.0,25200.0,26150.0,26310.0,24320.0,23248.333333333332,24863.75,5456826
2015-04-23,26400.0,26550.0,25150.0,26000.0,26410.0,24545.0,23260.0,24798.75,1593500
2015-04-24,26450.0,27100.0,25850.0,26450.0,26460.0,24795.0,23274.166666666668,24747.5,1359797
2015-04-27,26550.0,27300.0,26350.0,26600.0,26400.0,25030.0,23267.5,24695.416666666668,1247712
2015-04-28,26600.0,26650.0,25600.0,25850.0,26210.0,25110.0,23249.166666666668,24642.083333333332,892869
2015-04-29,25800.0,26150.0,24650.0,25050.0,25990.0,25150.0,23228.333333333332,24588.333333333332,1239677
2015-04-30,25300.0,25550.0,24800.0,24950.0,25780.0,25202.5,23211.666666666668,24536.666666666668,645447
2015-05-04,24800.0,24900.0,23500.0,23900.0,25270.0,25127.5,23160.0,24493.333333333332,1261929
2015-05-06,23550.0,24600.0,23500.0,24150.0,24780.0,25125.0,23112.5,24457.916666666668,770726
2015-05-07,24450.0,25800.0,23650.0,25550.0,24720.0,25165.0,23103.333333333332,24431.666666666668,1312337
2015-05-08,25800.0,26750.0,25550.0,26300.0,24970.0,25310.0,23127.5,24410.833333333332,1638944
2015-05-11,26900.0,27000.0,26300.0,26400.0,25260.0,25445.0,23204.166666666668,24396.25,1134646
2015-05-12,29800.0,30350.0,29350.0,30350.0,26550.0,25787.5,23338.333333333332,24415.0,2279309
2015-05-13,32050.0,32450.0,28600.0,29250.0,27570.0,26055.0,23452.5,24428.333333333332,8273927
2015-05-14,29600.0,29950.0,29050.0,29400.0,28340.0,26345.0,23566.666666666668,24447.5,1255792
2015-05-15,29700.0,30050.0,29150.0,29250.0,28930.0,26550.0,23696.666666666668,24460.416666666668,1321086
2015-05-18,28800.0,28950.0,27750.0,28000.0,29250.0,26675.0,23795.833333333332,24462.083333333332,1554067
2015-05-19,27900.0,28750.0,27850.0,28250.0,28830.0,26777.5,23905.833333333332,24467.5,904553
2015-05-20,28500.0,28950.0,28250.0,28600.0,28700.0,26862.5,24034.166666666668,24471.666666666668,799670
2015-05-21,28500.0,28750.0,27500.0,27950.0,28410.0,26920.0,24143.333333333332,24467.5,1069790
2015-05-22,28350.0,29200.0,28250.0,28800.0,28320.0,27052.5,24268.333333333332,24466.25,1399468
2015-05-26,29250.0,29700.0,28650.0,29500.0,28620.0,27227.5,24415.0,24469.583333333332,1035331
2015-05-27,29100.0,29500.0,28700.0,29000.0,28770.0,27355.0,24545.833333333332,24474.166666666668,617887
2015-05-28,29400.0,32750.0,28850.0,31500.0,29350.0,27600.0,24714.166666666668,24504.166666666668,3360304
2015-05-29,31650.0,32400.0,30650.0,30700.0,29900.0,27842.5,24872.5,24527.5,1474219
2015-06-01,30350.0,31550.0,29200.0,30450.0,30230.0,28112.5,25020.833333333332,24546.666666666668,1506388
2015-06-02,29750.0,30450.0,27900.0,28300.0,29990.0,28280.0,25127.5,24547.5,2416371
2015-06-03,27500.0,29450.0,27000.0,28050.0,29800.0,28487.5,25241.666666666668,24575.0,1939993
2015-06-04,28450.0,29350.0,27850.0,29300.0,29360.0,28745.0,25375.0,24607.5,1263613
2015-06-05,28450.0,29650.0,28350.0,29200.0,29060.0,28927.5,25499.166666666668,24635.0,1128329
2015-06-08,29250.0,31000.0,28850.0,30950.0,29160.0,29160.0,25655.833333333332,24679.166666666668,1395785
2015-06-09,30800.0,31300.0,30400.0,31000.0,29700.0,29390.0,25808.333333333332,24724.166666666668,899779
2015-06-10,31000.0,31300.0,29450.0,29650.0,30020.0,29355.0,25929.166666666668,24764.583333333332,1085240
2015-06-11,30300.0,30600.0,29600.0,30150.0,30190.0,29400.0,26061.666666666668,24801.666666666668,669236
2015-06-12,30100.0,31000.0,29900.0,30950.0,30540.0,29477.5,26217.5,24847.5,798903
2015-06-15,30550.0,31300.0,29800.0,31200.0,30590.0,29575.0,26387.5,24898.75,908854
2015-06-16,31100.0,31900.0,30500.0,31700.0,30730.0,29760.0,26569.166666666668,24960.833333333332,1200915
2015-06-17,31950.0,32300.0,31600.0,32300.0,31260.0,29962.5,26750.833333333332,25031.25,876920
2015-06-18,31950.0,32100.0,28100.0,28150.0,30860.0,29940.0,26865.0,25068.75,4416724
2015-06-19,26750.0,26800.0,24350.0,24800.0,29630.0,29782.5,26930.0,25075.0,7436560
2015-06-22,25200.0,26250.0,25050.0,25500.0,28490.0,29617.5,26996.666666666668,25087.916666666668,3636500
2015-06-23,26200.0,26250.0,25500.0,25600.0,27270.0,29422.5,27065.0,25103.333333333332,1758428
2015-06-24,25750.0,25800.0,24850.0,25100.0,25830.0,29227.5,27125.833333333332,25110.416666666668,1315865
2015-06-25,24750.0,25000.0,24050.0,24200.0,25040.0,28862.5,27164.166666666668,25115.416666666668,2350655
2015-06-26,24200.0,24800.0,23450.0,23500.0,24780.0,28502.5,27151.666666666668,25114.583333333332,2495724
2015-06-29,23050.0,24050.0,22800.0,23250.0,24330.0,28142.5,27135.0,25113.75,1455066
2015-06-30,23350.0,24150.0,22850.0,24050.0,24020.0,27930.0,27137.5,25113.75,1317506
2015-07-01,24100.0,24500.0,23750.0,24300.0,23860.0,27742.5,27119.166666666668,25125.0,1795177
2015-07-02,24300.0,24300.0,23900.0,24000.0,23820.0,27477.5,27115.833333333332,25137.5,1241415
2015-07-03,23700.0,25750.0,23600.0,25450.0,24210.0,27290.0,27127.5,25160.0,3496025
2015-07-06,24950.0,25500.0,24000.0,24200.0,24400.0,26952.5,27140.833333333332,25168.333333333332,1712213
2015-07-07,24500.0,24550.0,23350.0,23500.0,24290.0,26577.5,27137.5,25170.0,1300609
2015-07-08,23700.0,24500.0,23500.0,23850.0,24200.0,26287.5,27143.333333333332,25167.916666666668,1007347
2015-07-09,23550.0,24150.0,23300.0,23750.0,24150.0,25967.5,27140.833333333332,25154.166666666668,1081572
2015-07-10,24150.0,24450.0,23750.0,24150.0,23890.0,25627.5,27150.0,25142.916666666668,818967
2015-07-13,23750.0,24850.0,23650.0,24800.0,24010.0,25307.5,27144.166666666668,25140.0,1053721
2015-07-14,25200.0,25850.0,25100.0,25600.0,24430.0,25002.5,27145.833333333332,25143.333333333332,1502050
2015-07-15,25750.0,25800.0,25100.0,25300.0,24720.0,24652.5,27130.833333333332,25147.083333333332,924820
2015-07-16,25150.0,25200.0,24300.0,24600.0,24890.0,24475.0,27092.5,25146.25,1136843
2015-07-17,24550.0,24850.0,24300.0,24650.0,24990.0,24467.5,27056.666666666668,25148.75,750037
2015-07-20,24600.0,24700.0,23600.0,23700.0,24770.0,24377.5,27015.833333333332,25132.083333333332,1123294
2015-07-21,23550.0,24000.0,23500.0,23600.0,24370.0,24277.5,26975.833333333332,25117.916666666668,633063
2015-07-22,23750.0,24200.0,23450.0,23500.0,24010.0,24197.5,26926.666666666668,25100.416666666668,789009
2015-07-23,23600.0,23750.0,23100.0,23100.0,23710.0,24142.5,26868.333333333332,25067.916666666668,527573
2015-07-24,23300.0,23600.0,22000.0,22200.0,23220.0,24077.5,26807.5,25028.333333333332,1272961
2015-07-27,22000.0,22500.0,21600.0,22400.0,22960.0,24035.0,26763.333333333332,24995.833333333332,712280
2015-07-28,22250.0,23900.0,22100.0,23800.0,23000.0,24022.5,26744.166666666668,24977.916666666668,1757304
2015-07-29,23950.0,24050.0,23250.0,23300.0,22960.0,23972.5,26734.166666666668,24947.083333333332,653292
2015-07-30,23300.0,23750.0,22800.0,23200.0,22980.0,23932.5,26718.333333333332,24915.416666666668,636860
2015-07-31,23200.0,23700.0,23050.0,23700.0,23280.0,23845.0,26687.5,24895.416666666668,488913
2015-08-03,23900.0,24750.0,23700.0,23850.0,23570.0,23827.5,26646.666666666668,24887.083333333332,1008051
2015-08-04,24100.0,24100.0,23250.0,23900.0,23590.0,23847.5,26605.0,24904.583333333332,510497
2015-08-05,23850.0,24500.0,23500.0,24100.0,23750.0,23860.0,26500.833333333332,24919.583333333332,631134
2015-08-06,24250.0,24750.0,23800.0,23850.0,23880.0,23865.0,26410.833333333332,24931.666666666668,1022673
2015-08-07,23700.0,24100.0,23650.0,23700.0,23880.0,23842.5,26315.833333333332,24941.25,556741
2015-08-10,23350.0,23450.0,22500.0,22700.0,23650.0,23737.5,26206.666666666668,24951.666666666668,1073944
2015-08-11,22850.0,23200.0,22300.0,22450.0,23360.0,23580.0,26114.166666666668,24955.0,716454
2015-08-12,22100.0,22600.0,21100.0,21700.0,22880.0,23400.0,26005.0,24955.416666666668,1022971
2015-08-13,21650.0,22500.0,21650.0,22300.0,22570.0,23285.0,25900.0,24967.083333333332,549343
2015-08-14,22300.0,22300.0,22300.0,22300.0,22290.0,23167.5,25805.833333333332,24974.583333333332,0
2015-08-17,22550.0,22900.0,22050.0,22150.0,22180.0,23090.0,25695.0,24981.666666666668,350688
2015-08-18,22200.0,22450.0,21700.0,21850.0,22060.0,23002.5,25567.5,24991.25,410471
2015-08-19,21350.0,21650.0,20600.0,20800.0,21880.0,22867.5,25430.833333333332,24988.333333333332,679100
2015-08-20,20350.0,20900.0,20200.0,20200.0,21460.0,22722.5,25242.5,24978.333333333332,490345
2015-08-21,19000.0,20200.0,18950.0,19700.0,20940.0,22597.5,25059.166666666668,24965.833333333332,1022564
2015-08-24,19400.0,20650.0,19300.0,19750.0,20460.0,22465.0,24880.833333333332,24950.833333333332,769317
2015-08-25,20200.0,20600.0,19650.0,20350.0,20160.0,22292.5,24748.333333333332,24937.916666666668,732853
2015-08-26,20250.0,20550.0,19900.0,20450.0,20090.0,22150.0,24621.666666666668,24931.666666666668,852048
2015-08-27,20700.0,21450.0,20600.0,21300.0,20310.0,22055.0,24488.333333333332,24931.666666666668,735857
2015-08-28,21900.0,21950.0,21500.0,21600.0,20690.0,21950.0,24361.666666666668,24930.416666666668,522749
2015-08-31,21700.0,22800.0,21700.0,22800.0,21300.0,21897.5,24225.833333333332,24940.833333333332,839700
2015-09-01,22900.0,23000.0,22550.0,22900.0,21810.0,21847.5,24090.833333333332,24949.583333333332,600536
2015-09-02,22500.0,22800.0,22200.0,22800.0,22280.0,21782.5,23976.666666666668,24952.916666666668,695055
2015-09-03,23000.0,23150.0,22200.0,22200.0,22460.0,21700.0,23844.166666666668,24952.916666666668,506690
2015-09-04,22200.0,22550.0,21700.0,21800.0,22500.0,21605.0,23691.666666666668,24954.583333333332,333163
2015-09-07,21850.0,22250.0,21050.0,21400.0,22220.0,21540.0,23528.333333333332,24957.916666666668,438367
2015-09-08,21250.0,21600.0,20300.0,20500.0,21740.0,21442.5,23341.666666666668,24955.416666666668,680792
2015-09-09,20900.0,21050.0,20600.0,20900.0,21360.0,21402.5,23151.666666666668,24951.25,416299
2015-09-10,20650.0,21250.0,20500.0,21250.0,21170.0,21350.0,23036.666666666668,24950.833333333332,330011
2015-09-11,21250.0,21350.0,20900.0,21350.0,21080.0,21302.5,22979.166666666668,24954.583333333332,415538
2015-09-14,21350.0,21850.0,21200.0,21700.0,21140.0,21280.0,22915.833333333332,24956.25,522183
2015-09-15,21750.0,21900.0,21400.0,21650.0,21370.0,21270.0,22850.0,24957.5,306045
2015-09-16,21750.0,22300.0,21650.0,22200.0,21630.0,21340.0,22801.666666666668,24963.75,544645
2015-09-17,22350.0,22450.0,21750.0,21850.0,21750.0,21422.5,22762.5,24963.333333333332,443397
2015-09-18,22050.0,22350.0,21900.0,21950.0,21870.0,21535.0,22736.666666666668,24944.166666666668,408410
2015-09-21,21900.0,22450.0,21700.0,22000.0,21930.0,21647.5,22715.833333333332,24925.416666666668,440314
2015-09-22,22450.0,23150.0,22200.0,23100.0,22220.0,21785.0,22700.0,24918.75,972424
2015-09-23,22950.0,23300.0,22550.0,22600.0,22300.0,21892.5,22671.666666666668,24895.416666666668,547758
2015-09-24,22900.0,23200.0,22650.0,22800.0,22490.0,21967.5,22651.666666666668,24883.75,415051
2015-09-25,22800.0,22900.0,22400.0,22800.0,22660.0,22027.5,22607.5,24867.5,274993
2015-09-30,22400.0,22800.0,22100.0,22450.0,22750.0,22010.0,22578.333333333332,24859.583333333332,346851
2015-10-01,22600.0,23000.0,22550.0,22700.0,22670.0,22000.0,22565.0,24851.25,354596
2015-10-02,22900.0,23200.0,21250.0,22050.0,22560.0,21962.5,22535.0,24839.166666666668,921846
2015-10-05,22550.0,23450.0,22350.0,23450.0,22690.0,22025.0,22530.0,24835.416666666668,898750
2015-10-06,23650.0,23650.0,23150.0,23350.0,22800.0,22102.5,22516.666666666668,24833.333333333332,481968
2015-10-07,23450.0,23650.0,22550.0,22750.0,22860.0,22170.0,22482.5,24813.333333333332,556702
2015-10-08,22850.0,22900.0,22050.0,22250.0,22770.0,22257.5,22426.666666666668,24786.25,529709
2015-10-12,22450.0,22800.0,22200.0,22500.0,22860.0,22337.5,22380.0,24755.416666666668,255580
2015-10-13,22400.0,22700.0,22150.0,22500.0,22670.0,22400.0,22345.0,24718.75,472396
2015-10-14,22050.0,22050.0,21300.0,21500.0,22300.0,22407.5,22292.5,24674.583333333332,1112976
2015-10-15,21350.0,21650.0,21150.0,21250.0,22000.0,22385.0,22251.666666666668,24633.75,715116
2015-10-16,21100.0,21500.0,21050.0,21250.0,21800.0,22365.0,22212.5,24594.166666666668,572354
2015-10-19,21400.0,21750.0,21350.0,21500.0,21600.0,22330.0,22179.166666666668,24552.916666666668,556709
2015-10-20,21550.0,21650.0,21050.0,21200.0,21340.0,22297.5,22147.5,24507.916666666668,493136
2015-10-21,21200.0,21200.0,20600.0,20750.0,21190.0,22237.5,22123.333333333332,24465.416666666668,643506
2015-10-22,20650.0,21100.0,20550.0,20700.0,21080.0,22172.5,22095.0,24429.166666666668,486336
2015-10-23,21000.0,21500.0,20850.0,21500.0,21130.0,22092.5,22056.666666666668,24400.416666666668,510066
2015-10-26,21700.0,21700.0,21200.0,21600.0,21150.0,22042.5,22028.333333333332,24381.25,316835
2015-10-27,21350.0,21550.0,21200.0,21350.0,21180.0,21970.0,21997.5,24357.916666666668,426766
2015-10-28,21400.0,22000.0,21200.0,21750.0,21380.0,21917.5,21965.0,24326.25,704890
2015-10-29,21900.0,21900.0,21400.0,21500.0,21540.0,21870.0,21925.833333333332,24286.25,489172
2015-10-30,21350.0,21700.0,21200.0,21600.0,21560.0,21815.0,21887.5,24246.25,418596
2015-11-02,21700.0,21850.0,21350.0,21750.0,21590.0,21800.0,21848.333333333332,24174.583333333332,420252
2015-11-03,21700.0,22950.0,21600.0,22800.0,21880.0,21767.5,21830.833333333332,24120.833333333332,1325478
2015-11-04,22900.0,23150.0,22550.0,23100.0,22150.0,21755.0,21820.833333333332,24068.333333333332,905081
2015-11-05,23050.0,23450.0,22200.0,23400.0,22530.0,21787.5,21832.5,24019.583333333332,1375915
2015-11-06,23250.0,23600.0,22800.0,23150.0,22840.0,21832.5,21844.166666666668,23979.166666666668,725228
2015-11-09,23000.0,23150.0,22300.0,22900.0,23070.0,21852.5,21864.166666666668,23934.583333333332,713838
2015-11-10,22600.0,23000.0,22300.0,22750.0,23060.0,21865.0,21871.666666666668,23885.833333333332,445567
2015-11-11,22750.0,22750.0,21150.0,21700.0,22780.0,21875.0,21861.666666666668,23833.75,1352064
2015-11-12,21350.0,21550.0,20700.0,20900.0,22280.0,21857.5,21840.833333333332,23767.916666666668,906351
2015-11-13,20650.0,20800.0,19950.0,20350.0,21720.0,21812.5,21815.833333333332,23691.666666666668,729277
2015-11-16,19650.0,19900.0,19450.0,19450.0,21030.0,21710.0,21793.333333333332,23612.083333333332,684040
2015-11-17,19500.0,20050.0,19200.0,20000.0,20480.0,21650.0,21790.0,23516.25,622361
2015-11-18,20000.0,20050.0,19550.0,19900.0,20120.0,21607.5,21793.333333333332,23426.25,455545
2015-11-19,19900.0,20250.0,19800.0,20050.0,19950.0,21575.0,21798.333333333332,23339.583333333332,294011
2015-11-20,19850.0,20350.0,19850.0,20050.0,19890.0,21502.5,21793.333333333332,23270.833333333332,294603
2015-11-23,20250.0,20350.0,20000.0,20250.0,20050.0,21435.0,21790.0,23205.833333333332,197306
2015-11-24,20350.0,20450.0,20100.0,20450.0,20140.0,21390.0,21775.833333333332,23132.083333333332,231993
2015-11-25,20400.0,20500.0,20250.0,20450.0,20250.0,21325.0,21756.666666666668,23059.166666666668,310272
2015-11-26,20450.0,20600.0,19900.0,19950.0,20230.0,21247.5,21709.166666666668,22967.5,537271
2015-11-27,20000.0,20100.0,19850.0,20000.0,20220.0,21167.5,21660.833333333332,22875.833333333332,380710
2015-11-30,20050.0,20200.0,19950.0,20100.0,20190.0,21085.0,21615.833333333332,22796.25,381240
2015-12-01,20050.0,20300.0,20050.0,20100.0,20120.0,20950.0,21580.833333333332,22712.5,208479
2015-12-02,20100.0,20350.0,19850.0,19950.0,20020.0,20792.5,21550.0,22620.833333333332,452265
2015-12-03,19800.0,19900.0,19500.0,19850.0,20000.0,20615.0,21524.166666666668,22526.25,278126
2015-12-04,19650.0,19950.0,19450.0,19450.0,19890.0,20430.0,21506.666666666668,22424.166666666668,300803
2015-12-07,19650.0,19700.0,19050.0,19200.0,19710.0,20245.0,21478.333333333332,22315.0,395612
2015-12-08,19050.0,19300.0,18250.0,18250.0,19340.0,20020.0,21428.333333333332,22232.5,772921
2015-12-09,18050.0,18300.0,17450.0,17600.0,18870.0,19815.0,21365.833333333332,22172.5,872487
2015-12-10,17450.0,18500.0,17450.0,18500.0,18600.0,19695.0,21312.5,22114.166666666668,669093
2015-12-11,18300.0,18500.0,18050.0,18100.0,18330.0,19582.5,21253.333333333332,22051.666666666668,242189
2015-12-14,17700.0,17800.0,17150.0,17400.0,17970.0,19480.0,21173.333333333332,21987.5,631597
2015-12-15,17250.0,17700.0,17250.0,17650.0,17850.0,19362.5,21103.333333333332,21932.916666666668,206616
2015-12-16,17800.0,18150.0,17600.0,17800.0,17890.0,19257.5,21034.166666666668,21885.416666666668,337500
2015-12-17,18100.0,18300.0,17850.0,17950.0,17780.0,19152.5,20966.666666666668,21841.25,230580
2015-12-18,17750.0,18300.0,17750.0,18000.0,17760.0,19050.0,20881.666666666668,21790.833333333332,236655
2015-12-21,18000.0,18150.0,17750.0,18100.0,17900.0,18942.5,20806.666666666668,21739.166666666668,228788
2015-12-22,18100.0,18100.0,17750.0,18000.0,17970.0,18820.0,20726.666666666668,21689.166666666668,194594
2015-12-23,18000.0,18000.0,17600.0,17700.0,17950.0,18682.5,20641.666666666668,21624.583333333332,424102
2015-12-24,17750.0,17950.0,17700.0,17950.0,17950.0,18582.5,20566.666666666668,21572.5,141714
2015-12-28,17900.0,18100.0,17550.0,17750.0,17900.0,18470.0,20484.166666666668,21524.583333333332,288332
2015-12-29,17600.0,17700.0,17500.0,17600.0,17800.0,18345.0,20410.0,21472.5,215950
2015-12-30,17700.0,18000.0,17650.0,17650.0,17730.0,18222.5,20313.333333333332,21421.666666666668,250413
2016-01-04,17900.0,17900.0,17100.0,17100.0,17610.0,18080.0,20209.166666666668,21362.916666666668,288997
2016-01-05,16950.0,17300.0,16650.0,16750.0,17370.0,17925.0,20109.166666666668,21295.833333333332,566337
2016-01-06,16700.0,16850.0,15650.0,16150.0,17050.0,17760.0,20007.5,21217.083333333332,1169856
2016-01-07,15900.0,16450.0,15750.0,15800.0,16690.0,17590.0,19895.833333333332,21137.916666666668,844306
2016-01-08,15700.0,15700.0,15250.0,15450.0,16250.0,17450.0,19778.333333333332,21061.666666666668,1004753
2016-01-11,15300.0,15850.0,15250.0,15400.0,15910.0,17340.0,19676.666666666668,20984.583333333332,780841
2016-01-12,15700.0,16150.0,15600.0,15800.0,15720.0,17205.0,19585.833333333332,20918.75,837279
2016-01-13,16050.0,16400.0,15900.0,16100.0,15710.0,17105.0,19500.0,20856.25,430981
2016-01-14,15800.0,15950.0,15200.0,15400.0,15630.0,17005.0,19398.333333333332,20788.75,625111
2016-01-15,15600.0,15700.0,14850.0,15200.0,15580.0,16882.5,19298.333333333332,20722.916666666668,570612
2016-01-18,14900.0,15550.0,14800.0,15000.0,15500.0,16742.5,19202.5,20662.916666666668,404831
2016-01-19,14950.0,15300.0,14800.0,15050.0,15350.0,16597.5,19108.333333333332,20601.666666666668,366414
2016-01-20,15050.0,15150.0,13950.0,14150.0,14960.0,16405.0,18985.833333333332,20521.25,821453
2016-01-21,14000.0,14250.0,13700.0,13750.0,14630.0,16187.5,18855.0,20441.666666666668,858235
2016-01-22,13800.0,15150.0,13800.0,14350.0,14460.0,16005.0,18738.333333333332,20367.916666666668,1763124
2016-01-25,14700.0,14850.0,14300.0,14400.0,14340.0,15840.0,18615.833333333332,20290.416666666668,1004281
2016-01-26,14150.0,14750.0,14100.0,14300.0,14190.0,15657.5,18495.833333333332,20210.833333333332,505995
2016-01-27,14400.0,14650.0,14150.0,14300.0,14220.0,15485.0,18374.166666666668,20130.833333333332,731929
2016-01-28,14300.0,14600.0,14200.0,14550.0,14380.0,15332.5,18254.166666666668,20051.25,553880
2016-01-29,14500.0,14850.0,14350.0,14800.0,14470.0,15190.0,18120.833333333332,19975.833333333332,654714
2016-02-01,14950.0,15100.0,14250.0,14350.0,14460.0,15052.5,17975.0,19897.916666666668,954589
2016-02-02,14300.0,14450.0,14000.0,14050.0,14410.0,14917.5,17819.166666666668,19825.833333333332,504248
2016-02-03,13900.0,14200.0,13900.0,14100.0,14370.0,14815.0,17668.333333333332,19756.25,442623
2016-02-04,14100.0,16500.0,14050.0,15850.0,14630.0,14817.5,17550.833333333332,19707.5,2641270
2016-02-05,15550.0,16100.0,15250.0,15650.0,14800.0,14827.5,17432.5,19652.083333333332,1386097
2016-02-11,15100.0,15350.0,14300.0,14300.0,14790.0,14772.5,17309.166666666668,19585.416666666668,1490248
2016-02-12,14150.0,14350.0,13650.0,13850.0,14750.0,14675.0,17191.666666666668,19516.25,879007
2016-02-15,14300.0,14350.0,13800.0,14100.0,14750.0,14575.0,17087.5,19451.666666666668,852674
2016-02-16,14150.0,14800.0,14150.0,14550.0,14490.0,14532.5,17005.833333333332,19399.583333333332,1051798
2016-02-17,14650.0,14650.0,13950.0,14100.0,14180.0,14477.5,16907.5,19348.75,844379
2016-02-18,14250.0,14400.0,14050.0,14150.0,14150.0,14435.0,16811.666666666668,19302.5,1077698
2016-02-19,14300.0,14700.0,14100.0,14600.0,14300.0,14412.5,16720.833333333332,19259.583333333332,1205067
2016-02-22,14700.0,15050.0,14500.0,15050.0,14490.0,14457.5,16637.5,19215.416666666668,887279
2016-02-23,15150.0,15150.0,14550.0,14700.0,14520.0,14505.0,16545.0,19167.5,850168
2016-02-24,14600.0,15050.0,14550.0,14950.0,14690.0,14535.0,16453.333333333332,19114.583333333332,615149
2016-02-25,15000.0,15350.0,14800.0,14850.0,14830.0,14557.5,16360.0,19058.333333333332,641300
2016-02-26,14900.0,15250.0,14800.0,15200.0,14950.0,14602.5,16280.833333333334,18995.0,897564
2016-02-29,15150.0,15200.0,14650.0,14650.0,14870.0,14620.0,16191.666666666666,18926.25,824552
2016-03-02,14900.0,16000.0,14850.0,15450.0,15020.0,14665.0,16114.166666666666,18865.0,3129357
2016-03-03,15400.0,15500.0,14900.0,15200.0,15070.0,14685.0,16032.5,18806.666666666668,939722
2016-03-04,15100.0,15250.0,14600.0,15200.0,15140.0,14727.5,15953.333333333334,18751.666666666668,955524
2016-03-07,15350.0,15850.0,15150.0,15700.0,15240.0,14810.0,15884.166666666666,18704.166666666668,1168129
2016-03-08,15800.0,16250.0,15450.0,15550.0,15420.0,14882.5,15819.166666666666,18662.916666666668,1268585
2016-03-09,15500.0,15950.0,15400.0,15950.0,15520.0,14887.5,15765.0,18621.666666666668,652425
2016-03-10,16200.0,16250.0,15750.0,16100.0,15700.0,14910.0,15729.166666666666,18578.75,891122
2016-03-11,16050.0,16050.0,15800.0,15900.0,15840.0,14990.0,15700.833333333334,18533.333333333332,510563
2016-03-14,16000.0,16000.0,15450.0,15500.0,15800.0,15072.5,15650.833333333334,18481.666666666668,575458
2016-03-15,15450.0,15800.0,15400.0,15600.0,15810.0,15147.5,15609.166666666666,18431.25,425558
2016-03-16,15700.0,15900.0,15200.0,15300.0,15680.0,15185.0,15574.166666666666,18373.75,536802
2016-03-17,15400.0,15900.0,15350.0,15650.0,15590.0,15262.5,15540.833333333334,18322.083333333332,724348
2016-03-18,15700.0,15700.0,15300.0,15500.0,15510.0,15330.0,15502.5,18268.333333333332,526003
2016-03-21,15550.0,15550.0,14950.0,15200.0,15450.0,15360.0,15456.666666666666,18211.666666666668,839053
2016-03-22,15200.0,15250.0,14900.0,15050.0,15340.0,15360.0,15407.5,18144.583333333332,725487
2016-03-23,15100.0,15300.0,15000.0,15150.0,15310.0,15382.5,15358.333333333334,18082.5,465507
2016-03-24,15100.0,15200.0,14800.0,14850.0,15150.0,15377.5,15305.833333333334,18016.25,567717
2016-03-25,14800.0,14900.0,14350.0,14400.0,14930.0,15355.0,15250.833333333334,17946.25,785369
2016-03-28,14500.0,14800.0,14400.0,14750.0,14840.0,15332.5,15197.5,17882.083333333332,471545
2016-03-29,14700.0,14800.0,14500.0,14650.0,14760.0,15332.5,15145.833333333334,17815.0,356153
2016-03-30,14750.0,14800.0,14500.0,14600.0,14650.0,15290.0,15095.833333333334,17752.916666666668,425253
2016-03-31,14600.0,14850.0,14450.0,14500.0,14580.0,15255.0,15043.333333333334,17678.333333333332,440727
2016-04-01,14500.0,14550.0,14100.0,14150.0,14530.0,15202.5,14994.166666666666,17601.666666666668,627220
2016-04-04,14200.0,14250.0,13900.0,13950.0,14370.0,15115.0,14947.5,17528.333333333332,553616
2016-04-05,14050.0,14750.0,13950.0,14600.0,14360.0,15067.5,14921.666666666666,17464.583333333332,1259655
2016-04-06,14500.0,15850.0,14450.0,15450.0,14530.0,15042.5,14915.833333333334,17405.833333333332,3235234
2016-04-07,15500.0,16050.0,15350.0,15550.0,14740.0,15015.0,14917.5,17347.916666666668,1419232
2016-04-08,15600.0,16300.0,15600.0,16000.0,15110.0,15020.0,14927.5,17302.083333333332,1774867
2016-04-11,16300.0,16650.0,16150.0,16500.0,15620.0,15070.0,14939.166666666666,17262.5,1522813
2016-04-12,16500.0,16500.0,15700.0,15750.0,15850.0,15077.5,14933.333333333334,17216.666666666668,1249916
2016-04-14,15800.0,16400.0,15800.0,16400.0,16040.0,15132.5,14950.0,17174.166666666668,975465
2016-04-15,16500.0,16550.0,16000.0,16300.0,16190.0,15165.0,14968.333333333334,17133.333333333332,762794
2016-04-18,16350.0,16750.0,16100.0,16350.0,16260.0,15207.5,14990.833333333334,17096.666666666668,989356
2016-04-19,16550.0,16550.0,16100.0,16500.0,16260.0,15272.5,15015.0,17061.666666666668,701898
2016-04-20,16550.0,16600.0,16350.0,16350.0,16380.0,15337.5,15051.666666666666,17018.75,590068
2016-04-21,16550.0,16800.0,16450.0,16700.0,16440.0,15415.0,15100.833333333334,16977.916666666668,959279
2016-04-22,16700.0,17100.0,16500.0,16700.0,16520.0,15507.5,15140.0,16939.166666666668,1026533
2016-04-25,16800.0,16900.0,16300.0,16450.0,16540.0,15610.0,15174.166666666666,16895.0,666691
2016-04-26,16300.0,16400.0,16050.0,16300.0,16500.0,15687.5,15207.5,16851.666666666668,689214
2016-04-27,16500.0,17350.0,16300.0,17000.0,16630.0,15805.0,15252.5,16813.333333333332,1722724
2016-04-28,17100.0,17350.0,16750.0,16850.0,16660.0,15917.5,15290.833333333334,16772.5,920839
2016-04-29,16900.0,17500.0,16550.0,17350.0,16790.0,16060.0,15333.333333333334,16727.083333333332,972424
2016-05-02,17450.0,17750.0,17250.0,17350.0,16970.0,16220.0,15383.333333333334,16679.166666666668,905071
2016-05-03,17500.0,17600.0,17350.0,17600.0,17230.0,16402.5,15442.5,16630.833333333332,612326
2016-05-04,17600.0,18600.0,17300.0,18450.0,17520.0,16595.0,15515.0,16591.666666666668,2068906
2016-05-09,18600.0,18600.0,17950.0,18200.0,17790.0,16732.5,15554.166666666666,16552.5,990343
2016-05-10,18250.0,18500.0,17550.0,17650.0,17850.0,16837.5,15587.5,16510.0,1615587
2016-05-11,17650.0,17650.0,16600.0,16850.0,17750.0,16880.0,15630.0,16469.583333333332,2125980
2016-05-12,16700.0,17200.0,16600.0,16950.0,17620.0,16902.5,15681.666666666666,16436.666666666668,823558
2016-05-13,16950.0,17300.0,16650.0,16800.0,17290.0,16955.0,15726.666666666666,16407.083333333332,596783
2016-05-16,16700.0,16950.0,16400.0,16450.0,16940.0,16957.5,15758.333333333334,16382.083333333334,482977
2016-05-17,16450.0,16700.0,16200.0,16400.0,16690.0,16962.5,15796.666666666666,16352.083333333334,655345
2016-05-18,16450.0,16450.0,15950.0,15950.0,16510.0,16942.5,15826.666666666666,16319.166666666666,539163
2016-05-19,16000.0,16150.0,15550.0,15700.0,16260.0,16902.5,15845.0,16282.916666666666,390020
2016-05-20,15700.0,16200.0,15700.0,16000.0,16100.0,16885.0,15860.833333333334,16249.166666666666,415999
2016-05-23,16100.0,16150.0,15550.0,15600.0,15930.0,16830.0,15875.833333333334,16210.416666666666,459614
2016-05-24,15700.0,15850.0,15400.0,15400.0,15730.0,16765.0,15883.333333333334,16168.333333333334,383220
2016-05-25,15650.0,16250.0,15500.0,15900.0,15720.0,16737.5,15900.833333333334,16130.416666666666,735131
2016-05-26,15950.0,16150.0,15600.0,15750.0,15730.0,16710.0,15910.0,16095.416666666666,347967
2016-05-27,15700.0,16050.0,15700.0,15950.0,15720.0,16657.5,15931.666666666666,16061.666666666666,358365
2016-05-30,16300.0,16950.0,16150.0,16950.0,15990.0,16662.5,15956.666666666666,16035.416666666666,1149335
2016-05-31,17300.0,17300.0,16750.0,17300.0,16370.0,16660.0,15991.666666666666,16012.083333333334,1023822
2016-06-01,17100.0,17300.0,16950.0,16950.0,16580.0,16640.0,16020.833333333334,15987.083333333334,402065
2016-06-02,17000.0,17150.0,16650.0,16750.0,16780.0,16597.5,16038.333333333334,15961.25,373369
2016-06-03,16750.0,16900.0,16000.0,16400.0,16870.0,16495.0,16052.5,15935.833333333334,740888
2016-06-07,16700.0,16900.0,16400.0,16800.0,16840.0,16425.0,16066.666666666666,15915.833333333334,415536
2016-06-08,16900.0,16900.0,16700.0,16850.0,16750.0,16385.0,16079.166666666666,15904.166666666666,290205
2016-06-09,16900.0,16950.0,16500.0,16500.0,16660.0,16367.5,16089.166666666666,15895.0,464429
2016-06-10,16550.0,16850.0,16350.0,16350.0,16580.0,16337.5,16103.333333333334,15877.083333333334,588403
2016-06-13,16200.0,16250.0,15800.0,15800.0,16460.0,16287.5,16106.666666666666,15857.916666666666,567057
2016-06-14,15550.0,15900.0,15450.0,15550.0,16210.0,16242.5,16110.833333333334,15842.5,542226
2016-06-15,15550.0,15750.0,15500.0,15550.0,15950.0,16200.0,16109.166666666666,15825.0,300527
2016-06-16,15650.0,15650.0,15000.0,15100.0,15670.0,16157.5,16102.5,15802.5,435525
2016-06-17,15250.0,15450.0,14700.0,14900.0,15380.0,16117.5,16097.5,15777.083333333334,642065
2016-06-20,15100.0,15300.0,15000.0,15100.0,15240.0,16072.5,16098.333333333334,15752.916666666666,317100
2016-06-21,15300.0,15400.0,15100.0,15300.0,15190.0,16057.5,16100.833333333334,15729.583333333334,283638
2016-06-22,15400.0,15400.0,15200.0,15400.0,15160.0,16057.5,16110.0,15707.916666666666,226213
2016-06-23,15300.0,15400.0,15100.0,15200.0,15180.0,16022.5,16123.333333333334,15687.083333333334,272793
2016-06-24,15400.0,15600.0,14000.0,14500.0,15100.0,15960.0,16119.166666666666,15658.333333333334,1136191
2016-06-27,14100.0,14950.0,14050.0,14750.0,15030.0,15900.0,16120.833333333334,15633.333333333334,555201
2016-06-28,14500.0,15100.0,14500.0,15000.0,14970.0,15802.5,16127.5,15611.666666666666,406957
2016-06-29,15200.0,15450.0,15100.0,15150.0,14920.0,15695.0,16138.333333333334,15590.833333333334,388354
2016-06-30,15350.0,15450.0,15100.0,15150.0,14910.0,15605.0,16155.0,15574.583333333334,332403
2016-07-01,15350.0,15600.0,15200.0,15300.0,15070.0,15532.5,16177.5,15562.5,344040
2016-07-04,15400.0,15750.0,15350.0,15700.0,15260.0,15497.5,16195.833333333334,15558.75,418606
2016-07-05,15800.0,16500.0,15700.0,16500.0,15560.0,15482.5,16213.333333333334,15564.583333333334,1151645
2016-07-06,16750.0,17300.0,16200.0,16550.0,15840.0,15467.5,16230.0,15573.75,1756207
2016-07-07,16600.0,16850.0,16400.0,16550.0,16120.0,15470.0,16239.166666666666,15583.333333333334,597955
2016-07-08,16800.0,16800.0,15650.0,15700.0,16200.0,15437.5,16225.833333333334,15582.5,1347635
2016-07-11,15400.0,15450.0,14950.0,15100.0,16080.0,15402.5,16215.0,15574.166666666666,1390509
2016-07-12,15200.0,15500.0,15050.0,15100.0,15800.0,15380.0,16193.333333333334,15571.666666666666,730313
2016-07-13,15250.0,15300.0,15100.0,15200.0,15530.0,15362.5,16175.0,15571.666666666666,438337
2016-07-14,15150.0,15200.0,14950.0,15000.0,15220.0,15357.5,16152.5,15571.666666666666,600334
2016-07-15,15000.0,15400.0,15000.0,15150.0,15110.0,15370.0,16130.0,15572.5,600578
2016-07-18,15200.0,15250.0,15100.0,15150.0,15120.0,15372.5,16110.0,15580.833333333334,284656
2016-07-19,15200.0,15750.0,15150.0,15500.0,15200.0,15382.5,16090.0,15595.416666666666,718629
2016-07-20,15650.0,15650.0,15350.0,15450.0,15250.0,15385.0,16069.166666666666,15604.583333333334,269222
2016-07-21,15550.0,15600.0,15100.0,15200.0,15290.0,15385.0,16048.333333333334,15611.25,334518
2016-07-22,15200.0,15350.0,15100.0,15350.0,15330.0,15427.5,16032.5,15620.0,187251
2016-07-25,15500.0,15550.0,15150.0,15200.0,15340.0,15450.0,16002.5,15627.5,294681
2016-07-26,15250.0,16000.0,15250.0,15900.0,15420.0,15495.0,15986.666666666666,15638.75,1085846
2016-07-27,16100.0,16400.0,15900.0,16150.0,15560.0,15545.0,15966.666666666666,15650.0,947513
2016-07-28,16250.0,16300.0,15850.0,15950.0,15710.0,15585.0,15943.333333333334,15663.333333333334,473823
2016-07-29,15950.0,16100.0,15700.0,16050.0,15850.0,15622.5,15917.5,15680.0,342913
2016-08-01,16250.0,16450.0,16000.0,16100.0,16030.0,15642.5,15878.333333333334,15696.666666666666,460331
2016-08-02,16200.0,16250.0,15800.0,15800.0,16010.0,15607.5,15838.333333333334,15696.25,318531
2016-08-03,15700.0,15800.0,15350.0,15750.0,15930.0,15567.5,15806.666666666666,15697.083333333334,448608
2016-08-04,15750.0,16450.0,15750.0,16200.0,15980.0,15550.0,15795.833333333334,15712.916666666666,1746446
2016-08-05,16000.0,16250.0,15400.0,15500.0,15870.0,15540.0,15771.666666666666,15726.666666666666,1346234
2016-08-08,15550.0,15750.0,15500.0,15650.0,15780.0,15567.5,15752.5,15739.583333333334,381775
2016-08-09,15800.0,16150.0,15750.0,15950.0,15810.0,15610.0,15744.166666666666,15751.25,723434
2016-08-10,16100.0,16100.0,15750.0,15800.0,15820.0,15640.0,15734.166666666666,15765.416666666666,428033
2016-08-11,15850.0,16100.0,15700.0,16050.0,15790.0,15692.5,15735.833333333334,15781.25,516108
2016-08-12,16100.0,16300.0,15950.0,16100.0,15910.0,15740.0,15742.5,15793.75,478482
2016-08-16,16200.0,16450.0,16100.0,16450.0,16070.0,15805.0,15750.0,15805.416666666666,604495
2016-08-17,16400.0,16600.0,16250.0,16400.0,16160.0,15850.0,15763.333333333334,15819.583333333334,493205
2016-08-18,16500.0,16850.0,16450.0,16650.0,16330.0,15910.0,15784.166666666666,15833.75,779619
2016-08-19,16800.0,16800.0,16100.0,16300.0,16380.0,15965.0,15790.833333333334,15845.833333333334,655965
2016-08-22,16200.0,16400.0,15850.0,16200.0,16400.0,16007.5,15798.333333333334,15854.166666666666,452275
2016-08-23,16250.0,16600.0,16250.0,16500.0,16410.0,16072.5,15807.5,15869.583333333334,633674
2016-08-24,16600.0,17000.0,16400.0,16900.0,16510.0,16122.5,15806.666666666666,15881.666666666666,1279782
2016-08-25,17000.0,17050.0,16750.0,16850.0,16550.0,16157.5,15799.166666666666,15895.416666666666,464402
2016-08-26,16900.0,17300.0,16550.0,16650.0,16620.0,16192.5,15794.166666666666,15907.5,829006
2016-08-29,16700.0,16900.0,16450.0,16500.0,16680.0,16215.0,15790.0,15914.166666666666,429587
2016-08-30,16700.0,17000.0,16550.0,16800.0,16740.0,16250.0,15796.666666666666,15924.583333333334,472752
2016-08-31,16900.0,17000.0,16600.0,16750.0,16710.0,16297.5,15795.833333333334,15931.25,425872
2016-09-01,16800.0,17050.0,16650.0,17000.0,16740.0,16360.0,15798.333333333334,15938.75,469677
2016-09-02,17250.0,17650.0,17200.0,17450.0,16900.0,16422.5,15814.166666666666,15951.666666666666,1158091
2016-09-05,17600.0,17700.0,16900.0,17000.0,17000.0,16497.5,15825.0,15964.166666666666,920867
2016-09-06,16900.0,17050.0,16500.0,16650.0,16970.0,16547.5,15839.166666666666,15972.916666666666,765133
2016-09-07,16800.0,16800.0,16200.0,16300.0,16880.0,16565.0,15851.666666666666,15981.25,645570
2016-09-08,16350.0,16450.0,16150.0,16350.0,16750.0,16592.5,15865.0,15987.083333333334,401800
2016-09-09,16350.0,16500.0,15950.0,16100.0,16480.0,16595.0,15881.666666666666,15992.083333333334,449199
2016-09-12,15850.0,15950.0,15450.0,15500.0,16180.0,16565.0,15891.666666666666,15994.583333333334,703275
2016-09-13,15650.0,15950.0,15500.0,15900.0,16030.0,16537.5,15905.0,16001.666666666666,364826
2016-09-19,16000.0,16200.0,15750.0,16050.0,15980.0,16520.0,15917.5,16009.166666666666,221567
2016-09-20,16100.0,16150.0,15950.0,16150.0,15940.0,16495.0,15930.0,16020.0,165455
2016-09-21,16150.0,16150.0,15950.0,16100.0,15940.0,16485.0,15945.0,16034.166666666666,186741
2016-09-22,16200.0,16400.0,16000.0,16000.0,16040.0,16475.0,15970.0,16044.583333333334,281252
2016-09-23,16100.0,16200.0,15950.0,16000.0,16060.0,16450.0,15990.833333333334,16055.833333333334,244336
2016-09-26,16150.0,16200.0,15650.0,15750.0,16000.0,16392.5,16003.333333333334,16065.416666666666,423261
2016-09-27,15650.0,16300.0,15450.0,16250.0,16020.0,16362.5,16021.666666666666,16080.0,616792
2016-09-28,16250.0,16400.0,15900.0,15900.0,15980.0,16325.0,16034.166666666666,16094.583333333334,324778
2016-09-29,16000.0,16200.0,16000.0,16050.0,15990.0,16302.5,16046.666666666666,16112.083333333334,192736
2016-09-30,15900.0,16100.0,15800.0,15900.0,15970.0,16257.5,16050.0,16122.916666666666,265426
2016-10-04,15900.0,16100.0,15900.0,16000.0,16020.0,16220.0,16041.666666666666,16127.5,208586
2016-10-05,15950.0,16650.0,15850.0,16650.0,16100.0,16202.5,16043.333333333334,16136.666666666666,933108
2016-10-06,16600.0,16650.0,16100.0,16200.0,16160.0,16140.0,16037.5,16138.333333333334,669853
2016-10-07,16250.0,16250.0,15750.0,15900.0,16130.0,16085.0,16040.833333333334,16133.333333333334,535182
2016-10-10,15750.0,15950.0,15600.0,15600.0,16070.0,16032.5,16049.166666666666,16132.083333333334,429837
2016-10-11,15550.0,15750.0,15200.0,15250.0,15920.0,15980.0,16051.666666666666,16122.5,716740
2016-10-12,15250.0,15500.0,15200.0,15350.0,15660.0,15930.0,16054.166666666666,16114.583333333334,187231
2016-10-13,15350.0,15500.0,15200.0,15200.0,15460.0,15885.0,16057.5,16105.0,227295
2016-10-14,15250.0,15300.0,15050.0,15150.0,15310.0,15867.5,16057.5,16093.75,352001
2016-10-17,15200.0,15250.0,14700.0,14850.0,15160.0,15815.0,16052.5,16081.25,598188
2016-10-18,14850.0,14900.0,14100.0,14150.0,14940.0,15720.0,16030.0,16060.0,1594303
2016-10-19,14250.0,14400.0,14000.0,14200.0,14710.0,15622.5,16009.166666666666,16039.166666666666,768517
2016-10-20,14250.0,14250.0,14000.0,14050.0,14480.0,15520.0,15990.0,16019.166666666666,557848
2016-10-21,14100.0,14150.0,13700.0,13850.0,14220.0,15412.5,15965.0,15998.75,803712
2016-10-24,13850.0,14150.0,13800.0,13950.0,14040.0,15310.0,15944.166666666666,15973.333333333334,513731
2016-10-25,13950.0,14000.0,13250.0,13250.0,13860.0,15185.0,15900.0,15943.333333333334,1408738
2016-10-26,13100.0,13400.0,12850.0,13100.0,13640.0,15027.5,15849.166666666666,15907.916666666666,1162089
2016-10-27,13350.0,13550.0,13200.0,13400.0,13510.0,14902.5,15806.666666666666,15875.0,714144
2016-10-28,13450.0,13500.0,13300.0,13300.0,13400.0,14765.0,15760.833333333334,15839.166666666666,300791
2016-10-31,13300.0,13350.0,13000.0,13000.0,13210.0,14620.0,15709.166666666666,15793.75,400008
2016-11-01,13050.0,13600.0,13050.0,13150.0,13190.0,14477.5,15665.0,15751.666666666666,524764
2016-11-02,13100.0,13300.0,12950.0,13050.0,13180.0,14297.5,15620.0,15713.333333333334,409360
2016-11-03,12950.0,13550.0,12950.0,13350.0,13170.0,14155.0,15572.5,15684.166666666666,604897
2016-11-04,13300.0,13700.0,13050.0,13550.0,13220.0,14037.5,15540.0,15655.833333333334,510575
2016-11-07,13600.0,13650.0,13200.0,13350.0,13290.0,13925.0,15501.666666666666,15627.083333333334,462420
2016-11-08,13400.0,13750.0,13350.0,13400.0,13340.0,13832.5,15459.166666666666,15601.666666666666,490337
2016-11-09,13450.0,13650.0,12800.0,13100.0,13350.0,13720.0,15414.166666666666,15574.166666666666,795220
2016-11-10,13400.0,13600.0,13300.0,13400.0,13360.0,13630.0,15370.0,15552.916666666666,439437
2016-11-11,13500.0,13500.0,13050.0,13050.0,13260.0,13525.0,15319.166666666666,15530.833333333334,520683
2016-11-14,13100.0,13200.0,12900.0,12950.0,13180.0,13430.0,15260.833333333334,15505.416666666666,314713
2016-11-15,12900.0,12950.0,12300.0,12500.0,13000.0,13347.5,15195.833333333334,15479.583333333334,1524898
2016-11-16,12500.0,13250.0,12400.0,13000.0,12980.0,13287.5,15135.0,15459.583333333334,977633
2016-11-17,13100.0,13600.0,12850.0,13600.0,13020.0,13265.0,15090.0,15440.416666666666,623693
2016-11-18,13500.0,13600.0,13200.0,13300.0,13070.0,13237.5,15041.666666666666,15420.0,427380
2016-11-21,13500.0,13600.0,13250.0,13400.0,13160.0,13210.0,14990.0,15398.75,507491
2016-11-22,13350.0,13650.0,13200.0,13450.0,13350.0,13220.0,14932.5,15369.583333333334,637227
2016-11-23,13500.0,13600.0,13250.0,13550.0,13460.0,13242.5,14877.5,15338.333333333334,458942
2016-11-24,13550.0,13600.0,13250.0,13300.0,13400.0,13237.5,14821.666666666666,15307.916666666666,393458
2016-11-25,13300.0,13350.0,13100.0,13100.0,13360.0,13227.5,14765.0,15277.5,242754
2016-11-28,13100.0,13300.0,12900.0,12900.0,13260.0,13222.5,14700.0,15248.333333333334,370870
2016-11-29,12800.0,13650.0,12800.0,13550.0,13280.0,13242.5,14646.666666666666,15221.25,575994
2016-11-30,13600.0,13650.0,13300.0,13400.0,13250.0,13260.0,14586.666666666666,15192.5,3935143
2016-12-01,13400.0,13600.0,13300.0,13400.0,13270.0,13262.5,14519.166666666666,15166.666666666666,337541
2016-12-02,13450.0,13550.0,13350.0,13450.0,13340.0,13257.5,14460.0,15142.5,268472
2016-12-05,13250.0,13250.0,12500.0,12600.0,13280.0,13220.0,14392.5,15115.833333333334,1068296
2016-12-06,12600.0,12800.0,12550.0,12650.0,13100.0,13182.5,14331.666666666666,15091.666666666666,401412
2016-12-07,12650.0,12800.0,12250.0,12300.0,12880.0,13142.5,14264.166666666666,15064.583333333334,573802
2016-12-08,12350.0,12600.0,12300.0,12300.0,12660.0,13087.5,14200.833333333334,15041.25,504548
2016-12-09,12300.0,12700.0,12200.0,12650.0,12500.0,13067.5,14153.333333333334,15022.5,643198
2016-12-12,12750.0,12800.0,12600.0,12750.0,12530.0,13057.5,14100.833333333334,15002.916666666666,341860
2016-12-13,12650.0,12850.0,12650.0,12800.0,12560.0,13072.5,14046.666666666666,14982.083333333334,254336
2016-12-14,12900.0,12950.0,12700.0,12750.0,12650.0,13060.0,13990.0,14960.0,297966
2016-12-15,12750.0,12800.0,12600.0,12750.0,12740.0,13017.5,13934.166666666666,14939.583333333334,307854
2016-12-16,12800.0,12800.0,12550.0,12550.0,12720.0,12980.0,13876.666666666666,14923.333333333334,410884
2016-12-19,12550.0,12650.0,12300.0,12400.0,12650.0,12930.0,13816.666666666666,14903.75,391310
2016-12-20,12500.0,12500.0,12100.0,12200.0,12530.0,12867.5,13757.5,14880.416666666666,717601
2016-12-21,12250.0,12300.0,12050.0,12100.0,12400.0,12795.0,13688.333333333334,14855.0,559119
2016-12-22,12100.0,12400.0,12050.0,12050.0,12260.0,12732.5,13624.166666666666,14829.166666666666,477951
2016-12-23,12050.0,12250.0,12050.0,12200.0,12190.0,12687.5,13560.0,14803.333333333334,426365
2016-12-26,12300.0,12300.0,12050.0,12100.0,12130.0,12647.5,13496.666666666666,14773.333333333334,409615
2016-12-27,12100.0,12250.0,12050.0,12100.0,12110.0,12575.0,13431.666666666666,14736.666666666666,606487
2016-12-28,12000.0,12200.0,11950.0,12150.0,12120.0,12512.5,13356.666666666666,14700.0,420343
2016-12-29,12100.0,12150.0,12000.0,12150.0,12140.0,12450.0,13289.166666666666,14663.333333333334,293279
2017-01-02,12050.0,12250.0,12000.0,12200.0,12140.0,12387.5,13227.5,14634.166666666666,253969
2017-01-03,12250.0,12250.0,12050.0,12150.0,12150.0,12365.0,13170.0,14609.583333333334,370855
2017-01-04,12200.0,12650.0,12100.0,12600.0,12250.0,12362.5,13125.833333333334,14588.75,687983
2017-01-05,12600.0,12750.0,12500.0,12700.0,12360.0,12382.5,13081.666666666666,14567.916666666666,406926
2017-01-06,12750.0,13050.0,12600.0,12950.0,12520.0,12415.0,13044.166666666666,14550.833333333334,922275
2017-01-09,13100.0,13200.0,12850.0,12950.0,12670.0,12430.0,13007.5,14532.5,469266
2017-01-10,12900.0,12900.0,12500.0,12550.0,12750.0,12420.0,12969.166666666666,14510.833333333334,580268
2017-01-11,12500.0,12850.0,12400.0,12800.0,12790.0,12420.0,12946.666666666666,14488.333333333334,340860
2017-01-12,12850.0,13450.0,12800.0,13400.0,12930.0,12452.5,12933.333333333334,14471.25,1277475
2017-01-13,13450.0,13700.0,13400.0,13550.0,13050.0,12492.5,12925.0,14457.5,837363
2017-01-16,13600.0,14100.0,13550.0,14000.0,13260.0,12565.0,12927.5,14446.25,994557
2017-01-17,14050.0,14050.0,13650.0,13750.0,13500.0,12632.5,12924.166666666666,14434.166666666666,711307
2017-01-18,13650.0,14050.0,13650.0,14000.0,13740.0,12722.5,12936.666666666666,14418.333333333334,542033
2017-01-19,14000.0,14100.0,13800.0,13950.0,13850.0,12815.0,12950.833333333334,14400.0,403744
2017-01-20,13900.0,14000.0,13850.0,13850.0,13910.0,12905.0,12958.333333333334,14382.5,246405
2017-01-23,13850.0,14300.0,13650.0,14200.0,13950.0,13005.0,12973.333333333334,14367.083333333334,648560
2017-01-24,14250.0,14350.0,14000.0,14050.0,14010.0,13102.5,12990.833333333334,14350.0,416019
2017-01-25,14000.0,14000.0,13250.0,13350.0,13880.0,13165.0,12994.166666666666,14329.583333333334,768393
2017-01-26,13350.0,13850.0,13350.0,13750.0,13840.0,13245.0,13005.833333333334,14312.916666666666,350622
2017-01-31,13600.0,13750.0,13400.0,13400.0,13750.0,13307.5,13006.666666666666,14289.583333333334,354597
2017-02-01,13500.0,13500.0,13250.0,13400.0,13590.0,13367.5,13004.166666666666,14272.083333333334,473581
2017-02-02,13400.0,13750.0,13300.0,13500.0,13480.0,13435.0,13006.666666666666,14254.166666666666,504379
2017-02-03,13350.0,13450.0,12950.0,13000.0,13410.0,13455.0,13000.0,14229.583333333334,691392
2017-02-06,13000.0,13150.0,12750.0,13100.0,13280.0,13475.0,13000.0,14207.083333333334,372091
2017-02-07,13100.0,13350.0,13050.0,13150.0,13230.0,13485.0,12995.833333333334,14182.916666666666,287719
2017-02-08,13100.0,13350.0,13000.0,13350.0,13220.0,13505.0,13000.833333333334,14160.0,252740
2017-02-09,13300.0,13350.0,12850.0,13200.0,13160.0,13537.5,13005.0,14132.916666666666,525227
2017-02-10,13200.0,14150.0,13100.0,13950.0,13350.0,13595.0,13029.166666666666,14112.5,1433014
2017-02-13,14000.0,14000.0,13650.0,13750.0,13480.0,13612.5,13041.666666666666,14088.333333333334,537667
2017-02-14,13900.0,14300.0,13750.0,14250.0,13700.0,13647.5,13052.5,14071.25,1010507
2017-02-15,14250.0,14650.0,14150.0,14550.0,13940.0,13675.0,13073.333333333334,14057.5,1019039
2017-02-16,14600.0,14600.0,14150.0,14250.0,14150.0,13700.0,13087.5,14038.75,492935
2017-02-17,14250.0,14350.0,14000.0,14250.0,14210.0,13712.5,13100.833333333334,14016.666666666666,531333
2017-02-20,14150.0,14750.0,14150.0,14600.0,14380.0,13745.0,13118.333333333334,13997.916666666666,834440
2017-02-21,14600.0,14750.0,14450.0,14650.0,14460.0,13785.0,13140.833333333334,13981.25,516857
2017-02-22,14750.0,15000.0,14550.0,14900.0,14530.0,13820.0,13170.833333333334,13967.916666666666,707718
2017-02-23,15000.0,15400.0,14950.0,15250.0,14730.0,13880.0,13210.0,13955.0,1231310
2017-02-24,15250.0,15350.0,15000.0,15200.0,14920.0,13972.5,13237.5,13942.083333333334,706560
2017-02-27,15350.0,15600.0,15250.0,15300.0,15060.0,14050.0,13269.166666666666,13927.916666666666,678799
2017-02-28,15350.0,15550.0,15000.0,15500.0,15230.0,14155.0,13304.166666666666,13911.666666666666,704313
2017-03-02,15500.0,15600.0,15350.0,15450.0,15340.0,14257.5,13337.5,13898.75,357622
2017-03-03,14700.0,14700.0,13350.0,13400.0,14970.0,14252.5,13350.833333333334,13871.666666666666,3856042
2017-03-06,12950.0,13350.0,12700.0,13250.0,14580.0,14265.0,13360.833333333334,13846.25,1894020
2017-03-07,13300.0,13350.0,12950.0,13050.0,14130.0,14262.5,13373.333333333334,13818.75,926757
2017-03-08,13050.0,13350.0,12950.0,13100.0,13650.0,14260.0,13386.666666666666,13793.75,833114
2017-03-09,13150.0,13700.0,13100.0,13550.0,13270.0,14270.0,13401.666666666666,13777.5,1170166
2017-03-10,13600.0,14150.0,13300.0,13500.0,13290.0,14285.0,13414.166666666666,13757.5,1621487
2017-03-13,13500.0,13650.0,13300.0,13300.0,13300.0,14252.5,13422.5,13734.583333333334,779971
2017-03-14,13400.0,13450.0,13050.0,13150.0,13320.0,14222.5,13429.166666666666,13709.583333333334,735305
2017-03-15,13100.0,13250.0,12500.0,12600.0,13220.0,14140.0,13426.666666666666,13680.416666666666,1889188
2017-03-16,12700.0,12850.0,12600.0,12700.0,13050.0,14047.5,13429.166666666666,13652.916666666666,681203
2017-03-17,12700.0,13150.0,12700.0,13150.0,12980.0,13992.5,13441.666666666666,13629.166666666666,816548
2017-03-20,13150.0,13250.0,12800.0,12900.0,12900.0,13925.0,13453.333333333334,13605.416666666666,580031
2017-03-21,12900.0,13050.0,12850.0,12950.0,12860.0,13842.5,13467.5,13577.916666666666,402554
2017-03-22,12800.0,13250.0,12800.0,13100.0,12960.0,13765.0,13485.0,13554.583333333334,912304
2017-03-23,13200.0,13250.0,13000.0,13100.0,13040.0,13675.0,13500.0,13530.0,613875
2017-03-24,13150.0,13500.0,13050.0,13500.0,13110.0,13587.5,13523.333333333334,13510.0,868879
2017-03-27,13550.0,13650.0,13250.0,13500.0,13230.0,13502.5,13546.666666666666,13489.166666666666,426495
2017-03-28,13550.0,14200.0,13500.0,14050.0,13450.0,13440.0,13578.333333333334,13467.5,1728616
2017-03-29,14100.0,14100.0,13800.0,13950.0,13620.0,13362.5,13608.333333333334,13448.75,420249
2017-03-30,13950.0,14000.0,13750.0,13750.0,13750.0,13277.5,13634.166666666666,13430.833333333334,356251
2017-03-31,13700.0,14050.0,13700.0,13800.0,13810.0,13297.5,13661.666666666666,13415.833333333334,591256
2017-04-03,13850.0,14750.0,13800.0,14550.0,14020.0,13362.5,13694.166666666666,13410.0,1902984
2017-04-04,14550.0,14700.0,14450.0,14600.0,14130.0,13440.0,13725.833333333334,13403.75,599145
2017-04-05,14700.0,14750.0,13950.0,14150.0,14170.0,13492.5,13745.833333333334,13395.0,1179140
2017-04-06,14200.0,14500.0,13950.0,14500.0,14320.0,13540.0,13771.666666666666,13389.583333333334,541778
2017-04-07,14550.0,14600.0,14200.0,14300.0,14420.0,13580.0,13800.833333333334,13385.0,369261
2017-04-10,14150.0,14250.0,13550.0,13650.0,14240.0,13597.5,13815.0,13380.833333333334,1095473
2017-04-11,13650.0,14050.0,13650.0,14050.0,14130.0,13642.5,13825.833333333334,13379.583333333334,595406
2017-04-12,14050.0,14100.0,13800.0,14000.0,14100.0,13712.5,13833.333333333334,13379.166666666666,429436
2017-04-13,14000.0,14600.0,14000.0,14350.0,14070.0,13795.0,13839.166666666666,13383.333333333334,750317
2017-04-14,14400.0,14400.0,14050.0,14150.0,14040.0,13845.0,13845.833333333334,13385.0,251674
2017-04-17,14250.0,14950.0,14250.0,14900.0,14290.0,13945.0,13860.833333333334,13398.75,1285037
2017-04-18,14850.0,15200.0,14700.0,15000.0,14480.0,14047.5,13878.333333333334,13414.583333333334,849663
2017-04-19,15000.0,15050.0,14550.0,14950.0,14670.0,14140.0,13896.666666666666,13427.5,830291
2017-04-20,15050.0,15100.0,14450.0,14500.0,14700.0,14210.0,13901.666666666666,13437.5,957423
2017-04-21,14700.0,15150.0,14600.0,14850.0,14840.0,14277.5,13915.0,13452.916666666666,1048476
2017-04-24,14850.0,14900.0,14350.0,14400.0,14740.0,14322.5,13932.5,13463.333333333334,728371
2017-04-25,14450.0,14600.0,14100.0,14200.0,14580.0,14330.0,13940.0,13472.916666666666,733301
2017-04-26,14100.0,14600.0,14100.0,14500.0,14490.0,14357.5,13958.333333333334,13482.5,609165
2017-04-27,14500.0,14550.0,14250.0,14400.0,14470.0,14390.0,13975.0,13489.583333333334,388002
2017-04-28,14400.0,14400.0,14050.0,14100.0,14320.0,14405.0,13985.0,13495.833333333334,596988
2017-05-02,14100.0,14300.0,14050.0,14200.0,14280.0,14387.5,14005.0,13502.5,356227
2017-05-04,14300.0,14900.0,14200.0,14850.0,14410.0,14400.0,14034.166666666666,13517.083333333334,850326
2017-05-08,14850.0,15200.0,14750.0,15150.0,14540.0,14450.0,14067.5,13531.666666666666,960582
2017-05-10,15300.0,15350.0,14800.0,15050.0,14670.0,14477.5,14095.833333333334,13548.333333333334,840351
2017-05-11,15000.0,15550.0,14850.0,15450.0,14940.0,14535.0,14133.333333333334,13569.166666666666,1101759
2017-05-12,15350.0,15550.0,15150.0,15350.0,15170.0,14620.0,14156.666666666666,13592.916666666666,828725
2017-05-15,15350.0,16100.0,15300.0,15800.0,15360.0,14707.5,14190.833333333334,13616.25,1643773
2017-05-16,15850.0,16000.0,15650.0,15900.0,15510.0,14802.5,14218.333333333334,13635.416666666666,1037970
2017-05-17,16100.0,17050.0,16050.0,17050.0,15910.0,14937.5,14260.0,13666.666666666666,3030539
2017-05-18,16800.0,17500.0,16800.0,17350.0,16290.0,15097.5,14311.666666666666,13699.583333333334,2124952
2017-05-19,17350.0,17350.0,16700.0,16850.0,16590.0,15195.0,14355.0,13727.916666666666,1495924
2017-05-22,16800.0,16800.0,16400.0,16450.0,16720.0,15267.5,14385.833333333334,13752.083333333334,1075668
2017-05-23,16600.0,17200.0,16550.0,16650.0,16870.0,15352.5,14419.166666666666,13780.0,1474461
2017-05-24,16700.0,16900.0,16400.0,16750.0,16810.0,15465.0,14450.0,13810.416666666666,800271
2017-05-25,16900.0,16900.0,15950.0,16100.0,16560.0,15527.5,14464.166666666666,13837.083333333334,1650730
2017-05-26,16050.0,16300.0,15750.0,16000.0,16390.0,15607.5,14477.5,13857.5,1401888
2017-05-29,16050.0,16100.0,15350.0,15450.0,16190.0,15670.0,14480.0,13874.583333333334,1498400
2017-05-30,15600.0,15800.0,15400.0,15550.0,15970.0,15722.5,14480.833333333334,13892.5,909000
2017-05-31,15600.0,15650.0,15250.0,15400.0,15700.0,15772.5,14480.0,13908.75,783993
2017-06-01,15450.0,15600.0,15050.0,15200.0,15520.0,15827.5,14510.0,13930.416666666666,799011
2017-06-02,15250.0,15500.0,15000.0,15100.0,15340.0,15872.5,14540.833333333334,13950.833333333334,1135293
2017-06-05,15100.0,15450.0,14950.0,15300.0,15310.0,15895.0,14578.333333333334,13975.833333333334,945196
2017-06-07,15400.0,15700.0,15350.0,15650.0,15330.0,15920.0,14620.833333333334,14003.75,1018826
2017-06-08,15700.0,16400.0,15550.0,16400.0,15530.0,15987.5,14668.333333333334,14035.0,2038391
2017-06-09,16500.0,16550.0,16050.0,16100.0,15710.0,16020.0,14711.666666666666,14062.916666666666,870182
2017-06-12,15950.0,16100.0,15550.0,15700.0,15830.0,16037.5,14751.666666666666,14087.083333333334,628925
2017-06-13,15700.0,16000.0,15550.0,15650.0,15900.0,16030.0,14793.333333333334,14111.25,545432
2017-06-14,15700.0,15750.0,15150.0,15300.0,15830.0,16000.0,14838.333333333334,14132.5,826084
2017-06-15,15250.0,15600.0,15150.0,15600.0,15670.0,15927.5,14886.666666666666,14157.916666666666,469533
2017-06-16,15550.0,15800.0,15450.0,15450.0,15540.0,15832.5,14925.0,14183.333333333334,344311
2017-06-19,15300.0,15400.0,15000.0,15050.0,15410.0,15742.5,14960.833333333334,14207.083333333334,854042
2017-06-20,15100.0,15350.0,14950.0,15250.0,15330.0,15682.5,14999.166666666666,14233.333333333334,495883
2017-06-21,15300.0,15550.0,15150.0,15400.0,15350.0,15620.0,15037.5,14261.25,426098
2017-06-22,15450.0,15550.0,15300.0,15300.0,15290.0,15547.5,15074.166666666666,14287.083333333334,365960
2017-06-23,15400.0,15650.0,15200.0,15400.0,15280.0,15512.5,15105.833333333334,14314.583333333334,496824
2017-06-26,15400.0,15500.0,14900.0,14950.0,15260.0,15460.0,15130.0,14338.333333333334,740598
2017-06-27,14950.0,15150.0,14550.0,14650.0,15140.0,15420.0,15140.0,14359.166666666666,936362
2017-06-28,14700.0,14900.0,14550.0,14650.0,14990.0,15375.0,15151.666666666666,14380.0,267075
2017-06-29,14550.0,14700.0,14100.0,14200.0,14770.0,15315.0,15159.166666666666,14396.666666666666,1302527
2017-06-30,14150.0,14600.0,14000.0,14350.0,14560.0,15272.5,15168.333333333334,14415.0,764068
2017-07-03,14300.0,14550.0,14150.0,14400.0,14450.0,15237.5,15165.833333333334,14430.0,338126
2017-07-04,14350.0,14500.0,14050.0,14100.0,14340.0,15177.5,15157.5,14441.666666666666,424211
2017-07-05,14100.0,14200.0,13650.0,13900.0,14190.0,15090.0,15153.333333333334,14449.583333333334,728907
2017-07-06,13850.0,13900.0,13750.0,13850.0,14120.0,14962.5,15142.5,14457.083333333334,404295
2017-07-07,13850.0,13950.0,13450.0,13500.0,13950.0,14832.5,15129.166666666666,14465.0,672352
2017-07-10,13450.0,13500.0,12800.0,12850.0,13640.0,14690.0,15115.833333333334,14465.416666666666,1577181
2017-07-11,12850.0,13200.0,12800.0,12850.0,13390.0,14550.0,15095.833333333334,14460.833333333334,954295
2017-07-12,12900.0,13200.0,12750.0,13050.0,13220.0,14437.5,15080.0,14456.666666666666,657857
2017-07-13,13150.0,13250.0,13050.0,13150.0,13080.0,14315.0,15060.0,14449.583333333334,501763
2017-07-14,13200.0,13400.0,13100.0,13400.0,13060.0,14212.5,15047.5,14446.666666666666,564797
2017-07-17,13350.0,13600.0,13250.0,13550.0,13200.0,14137.5,15025.0,14442.916666666666,440391
2017-07-18,13600.0,13650.0,13350.0,13400.0,13310.0,14045.0,14998.333333333334,14438.333333333334,297537
2017-07-19,13400.0,13850.0,13300.0,13750.0,13450.0,13962.5,14978.333333333334,14437.5,474047
2017-07-20,13750.0,13750.0,13450.0,13450.0,13510.0,13870.0,14960.833333333334,14431.25,381390
2017-07-21,13400.0,13400.0,13200.0,13350.0,13500.0,13767.5,14935.833333333334,14425.416666666666,316217
2017-07-24,13300.0,13350.0,13050.0,13100.0,13410.0,13675.0,14914.166666666666,14423.333333333334,401578
2017-07-25,13100.0,13450.0,13050.0,13400.0,13410.0,13612.5,14900.833333333334,14420.416666666666,410048
2017-07-26,13400.0,13900.0,13400.0,13550.0,13370.0,13557.5,14885.0,14421.666666666666,573131
2017-07-27,13550.0,13700.0,13350.0,13450.0,13370.0,13520.0,14869.166666666666,14422.083333333334,411504
2017-07-28,13550.0,13900.0,13500.0,13850.0,13470.0,13495.0,14865.0,14425.0,732386
2017-07-31,13600.0,13600.0,13200.0,13300.0,13510.0,13440.0,14850.0,14427.5,512316
2017-08-01,13400.0,13750.0,13400.0,13750.0,13580.0,13422.5,14831.666666666666,14432.916666666666,393204
2017-08-02,13650.0,13850.0,13600.0,13700.0,13610.0,13412.5,14807.5,14437.5,214001
2017-08-03,13700.0,13700.0,13300.0,13300.0,13580.0,13385.0,14778.333333333334,14437.083333333334,369441
2017-08-04,13350.0,13550.0,13300.0,13400.0,13490.0,13380.0,14744.166666666666,14438.75,285083
2017-08-07,13400.0,13750.0,13400.0,13650.0,13560.0,13420.0,14715.833333333334,14436.25,352629
2017-08-08,13650.0,14600.0,13450.0,14500.0,13710.0,13502.5,14694.166666666666,14442.5,2014060
2017-08-09,14500.0,15250.0,14450.0,15050.0,13980.0,13602.5,14680.0,14449.166666666666,3467849
2017-08-10,14950.0,15200.0,14800.0,15150.0,14350.0,13702.5,14648.333333333334,14454.166666666666,1309328
2017-08-11,14800.0,14950.0,14550.0,14600.0,14590.0,13762.5,14602.5,14457.083333333334,945811
2017-08-14,14600.0,15100.0,14500.0,15000.0,14860.0,13835.0,14571.666666666666,14463.333333333334,802426
2017-08-16,15100.0,15150.0,14700.0,14850.0,14930.0,13907.5,14545.0,14465.416666666666,668855
2017-08-17,14900.0,14950.0,14650.0,14950.0,14910.0,13967.5,14516.666666666666,14467.916666666666,392849
2017-08-18,14700.0,14900.0,14600.0,14700.0,14820.0,14030.0,14482.5,14466.25,355825
2017-08-21,14700.0,15150.0,14550.0,14750.0,14850.0,14100.0,14460.0,14462.083333333334,624786
2017-08-22,14750.0,14850.0,14650.0,14700.0,14790.0,14180.0,14438.333333333334,14457.916666666666,256224
2017-08-23,14700.0,14850.0,14350.0,14450.0,14710.0,14232.5,14421.666666666666,14450.833333333334,384296
2017-08-24,14450.0,14900.0,14450.0,14900.0,14700.0,14300.0,14410.833333333334,14445.833333333334,420993
2017-08-25,14950.0,15150.0,14700.0,14750.0,14710.0,14365.0,14400.0,14440.0,336915
2017-08-28,14800.0,15300.0,14750.0,15250.0,14810.0,14435.0,14400.833333333334,14455.416666666666,871267
2017-08-29,15100.0,15400.0,14950.0,15350.0,14940.0,14537.5,14405.0,14472.916666666666,574398
2017-08-30,15350.0,15400.0,14950.0,15000.0,15050.0,14600.0,14400.0,14489.166666666666,434782
2017-08-31,15050.0,15100.0,14550.0,14600.0,14990.0,14645.0,14382.5,14501.666666666666,476746
2017-09-01,14650.0,14800.0,14550.0,14700.0,14980.0,14715.0,14354.166666666666,14511.25,303131
2017-09-04,14700.0,14700.0,14700.0,14700.0,14870.0,14780.0,14330.833333333334,14521.25,0
2017-09-05,14350.0,14450.0,13950.0,14200.0,14640.0,14807.5,14305.833333333334,14528.75,557029
2017-09-06,14200.0,14350.0,13900.0,13950.0,14430.0,14780.0,14277.5,14535.416666666666,453514
2017-09-07,13950.0,14100.0,13500.0,13850.0,14280.0,14720.0,14253.333333333334,14545.833333333334,948354
2017-09-08,13650.0,13850.0,13250.0,13450.0,14030.0,14635.0,14217.5,14552.083333333334,941596
2017-09-11,13400.0,13700.0,13300.0,13650.0,13820.0,14587.5,14187.5,14556.25,302488
2017-09-12,13700.0,13700.0,13500.0,13650.0,13710.0,14520.0,14164.166666666666,14562.5,243086
2017-09-13,13500.0,13650.0,13350.0,13600.0,13640.0,14457.5,14136.666666666666,14567.916666666666,399650
2017-09-14,13550.0,13850.0,13450.0,13850.0,13640.0,14402.5,14110.833333333334,14574.166666666666,448402
2017-09-15,13750.0,13750.0,13400.0,13500.0,13650.0,14342.5,14080.833333333334,14577.5,378636
2017-09-18,13450.0,13500.0,13200.0,13300.0,13580.0,14270.0,14045.833333333334,14575.833333333334,458960
2017-09-19,13250.0,13500.0,13250.0,13300.0,13510.0,14200.0,14018.333333333334,14574.166666666666,315107
2017-09-20,13300.0,13400.0,13100.0,13150.0,13420.0,14135.0,13993.333333333334,14566.666666666666,322947
2017-09-21,13200.0,13650.0,13100.0,13550.0,13360.0,14067.5,13975.0,14563.333333333334,490501
2017-09-25,13650.0,13950.0,13550.0,13600.0,13380.0,14010.0,13965.0,14562.083333333334,969352
2017-09-26,13600.0,13600.0,13600.0,13600.0,13440.0,13927.5,13952.5,14560.416666666666,0
2017-09-27,14700.0,14700.0,14100.0,14350.0,13650.0,13877.5,13951.666666666666,14558.75,828906
2017-09-28,14350.0,15000.0,14250.0,14900.0,14000.0,13872.5,13965.0,14561.25,1227413
2017-09-29,14900.0,15300.0,14900.0,15150.0,14320.0,13900.0,13985.833333333334,14569.583333333334,1577524
2017-10-10,14950.0,15350.0,14650.0,14700.0,14540.0,13900.0,14000.0,14571.25,910591
2017-10-11,14800.0,15950.0,14650.0,15900.0,15000.0,13960.0,14040.0,14584.583333333334,2040195
2017-10-12,15900.0,16300.0,15700.0,16050.0,15340.0,14052.5,14093.333333333334,14604.583333333334,1475750
2017-10-13,16150.0,16850.0,15850.0,16700.0,15700.0,14190.0,14157.5,14626.666666666666,1990961
2017-10-16,16850.0,17450.0,16800.0,17400.0,16150.0,14367.5,14230.0,14655.0,2854336
2017-10-17,17450.0,17900.0,16850.0,17100.0,16630.0,14550.0,14295.833333333334,14677.916666666666,2562539
2017-10-18,17150.0,17800.0,17000.0,17350.0,16920.0,14735.0,14361.666666666666,14704.583333333334,1587905
2017-10-19,17550.0,17600.0,16800.0,17350.0,17180.0,14920.0,14425.0,14725.0,971248
2017-10-20,17250.0,18050.0,17200.0,17800.0,17400.0,15130.0,14498.333333333334,14748.333333333334,2614874
2017-10-23,17800.0,18150.0,17200.0,17250.0,17370.0,15300.0,14556.666666666666,14767.5,1338980
2017-10-24,17150.0,17950.0,17100.0,17750.0,17500.0,15512.5,14628.333333333334,14794.583333333334,1165215
2017-10-25,17950.0,18450.0,17850.0,18350.0,17700.0,15765.0,14711.666666666666,14823.75,1358719
2017-10-26,18500.0,19600.0,18100.0,19350.0,18100.0,16067.5,14815.833333333334,14865.0,3342748
2017-10-27,19550.0,20000.0,18950.0,19700.0,18480.0,16395.0,14920.833333333334,14910.833333333334,2331595
2017-10-30,20000.0,20550.0,19950.0,20200.0,19070.0,16727.5,15031.666666666666,14958.333333333334,1715897
2017-10-31,20350.0,20950.0,19350.0,20100.0,19540.0,17052.5,15142.5,15005.833333333334,3298970
2017-11-01,20300.0,20400.0,19700.0,19800.0,19830.0,17362.5,15241.666666666666,15053.333333333334,1253030
2017-11-02,20150.0,20600.0,19650.0,20050.0,19970.0,17647.5,15354.166666666666,15102.083333333334,1323023
2017-11-03,20100.0,20400.0,19550.0,20400.0,20110.0,17922.5,15465.0,15148.333333333334,1051087
2017-11-06,20600.0,20650.0,20100.0,20400.0,20150.0,18185.0,15576.666666666666,15192.083333333334,785797
2017-11-07,20500.0,22150.0,20100.0,21950.0,20520.0,18547.5,15720.833333333334,15249.583333333334,3681242
2017-11-08,21900.0,24000.0,21700.0,23700.0,21300.0,18937.5,15892.5,15318.333333333334,3649112
2017-11-09,24300.0,25100.0,23500.0,24050.0,22100.0,19337.5,16065.833333333334,15390.833333333334,2860145
2017-11-10,23800.0,25000.0,23550.0,24950.0,23010.0,19750.0,16240.0,15467.083333333334,1547279
2017-11-13,25750.0,25800.0,23950.0,24750.0,23880.0,20117.5,16401.666666666668,15540.833333333334,2257319
2017-11-14,25300.0,26100.0,24650.0,26000.0,24690.0,20562.5,16582.5,15615.416666666666,1893919
2017-11-15,26400.0,28000.0,26150.0,27250.0,25400.0,21057.5,16793.333333333332,15697.916666666666,3105248
2017-11-16,27550.0,27600.0,26300.0,26650.0,25920.0,21522.5,16987.5,15779.583333333334,1960305
2017-11-17,26200.0,26200.0,24100.0,24550.0,25840.0,21860.0,17149.166666666668,15847.083333333334,5609599
2017-11-20,24700.0,25800.0,24400.0,25500.0,25990.0,22272.5,17325.0,15920.833333333334,2707946
2017-11-21,25800.0,26350.0,24700.0,25050.0,25800.0,22637.5,17497.5,15990.0,2220518
2017-11-22,25350.0,25450.0,24400.0,25150.0,25380.0,22977.5,17670.833333333332,16065.416666666666,1535279
2017-11-23,25200.0,26100.0,25000.0,25700.0,25190.0,23295.0,17854.166666666668,16146.25,1401868
2017-11-24,25750.0,25800.0,25200.0,25200.0,25320.0,23570.0,18033.333333333332,16227.5,696427
2017-11-27,25000.0,25700.0,24550.0,25400.0,25300.0,23830.0,18208.333333333332,16309.583333333334,984696
2017-11-28,25700.0,26750.0,24850.0,25950.0,25480.0,24122.5,18395.0,16397.5,2020270
2017-11-29,26000.0,26700.0,25150.0,25550.0,25560.0,24410.0,18566.666666666668,16483.75,1724325
2017-11-30,25250.0,25900.0,24800.0,25400.0,25500.0,24677.5,18734.166666666668,16569.583333333332,907703
2017-12-01,25800.0,25850.0,25050.0,25600.0,25580.0,24937.5,18910.833333333332,16655.416666666668,907826
2017-12-04,25700.0,27700.0,25550.0,27100.0,25920.0,25272.5,19119.166666666668,16750.833333333332,2956912
2017-12-05,27250.0,27550.0,25000.0,25000.0,25730.0,25425.0,19290.833333333332,16822.5,2934787
2017-12-06,25300.0,26100.0,23950.0,24550.0,25530.0,25467.5,19455.0,16892.916666666668,2885371
2017-12-07,24650.0,24700.0,22350.0,22650.0,24980.0,25397.5,19595.833333333332,16950.833333333332,4359738
2017-12-08,22600.0,23300.0,21700.0,22150.0,24290.0,25257.5,19732.5,17005.0,2711760
2017-12-11,22400.0,23400.0,22350.0,23400.0,23550.0,25190.0,19891.666666666668,17072.5,1593163
2017-12-12,23400.0,23550.0,21700.0,21800.0,22910.0,24980.0,20030.833333333332,17124.166666666668,2070537
2017-12-13,21950.0,23200.0,21800.0,23000.0,22600.0,24767.5,20186.666666666668,17187.083333333332,1471140
2017-12-14,23000.0,23100.0,22100.0,22100.0,22490.0,24540.0,20327.5,17245.833333333332,2172727
2017-12-15,22400.0,22700.0,22100.0,22550.0,22570.0,24440.0,20476.666666666668,17306.666666666668,843387
2017-12-18,23000.0,23650.0,22750.0,22900.0,22470.0,24310.0,20627.5,17369.166666666668,1692407
2017-12-19,22800.0,22950.0,21300.0,22200.0,22550.0,24167.5,20772.5,17426.666666666668,2168401
2017-12-21,21400.0,22100.0,21200.0,21200.0,22190.0,23970.0,20904.166666666668,17475.0,1211594
2017-12-22,21350.0,21450.0,19900.0,21100.0,21990.0,23740.0,21034.166666666668,17526.25,2944683
2017-12-26,21250.0,22400.0,21150.0,21550.0,21790.0,23557.5,21174.166666666668,17583.75,1725625
2017-12-27,22000.0,22300.0,21750.0,22250.0,21660.0,23400.0,21319.166666666668,17647.083333333332,828297
2017-12-28,22450.0,22450.0,21650.0,22300.0,21680.0,23217.5,21464.166666666668,17714.583333333332,882433
2018-01-02,22650.0,23050.0,22200.0,22650.0,21970.0,23072.5,21615.0,17783.75,1529033
2018-01-03,22550.0,22700.0,21800.0,22400.0,22230.0,22922.5,21749.166666666668,17850.416666666668,1695526
2018-01-04,22350.0,22400.0,21050.0,21100.0,22140.0,22697.5,21852.5,17908.75,1766353
2018-01-05,21300.0,21950.0,21200.0,21950.0,22080.0,22440.0,21965.833333333332,17975.833333333332,1117114
2018-01-08,21250.0,21650.0,20550.0,20850.0,21790.0,22232.5,22068.333333333332,18034.166666666668,1874617
2018-01-09,21050.0,21550.0,20900.0,21250.0,21510.0,22067.5,22157.5,18098.75,929492
2018-01-10,21500.0,23200.0,21250.0,23200.0,21670.0,22095.0,22276.666666666668,18185.0,3068575
2018-01-11,23450.0,23500.0,22450.0,22950.0,22040.0,22135.0,22380.833333333332,18269.166666666668,1853368
2018-01-12,23000.0,23000.0,21850.0,22150.0,22080.0,22072.5,22460.0,18345.0,1762097
2018-01-15,21850.0,22850.0,21550.0,22350.0,22380.0,22100.0,22547.5,18421.666666666668,1436566
2018-01-16,22200.0,22750.0,22050.0,22400.0,22610.0,22070.0,22631.666666666668,18496.666666666668,1432676
2018-01-17,22550.0,24900.0,22450.0,24900.0,22950.0,22210.0,22757.5,18591.25,5309903
2018-01-18,25150.0,25400.0,24250.0,25000.0,23360.0,22332.5,22877.5,18687.916666666668,2991825
2018-01-19,25150.0,26150.0,24800.0,25600.0,24050.0,22467.5,23016.666666666668,18786.666666666668,2811107
2018-01-22,26000.0,26350.0,24700.0,25500.0,24680.0,22632.5,23145.833333333332,18887.083333333332,1963896
2018-01-23,25400.0,25700.0,24650.0,24900.0,25180.0,22817.5,23255.0,18983.333333333332,1597379
2018-01-24,24600.0,24700.0,23750.0,24150.0,25030.0,22970.0,23335.0,19075.416666666668,2029944
2018-01-25,23950.0,24400.0,23500.0,23900.0,24810.0,23087.5,23405.0,19162.916666666668,1650698
2018-01-26,24100.0,24600.0,23950.0,24300.0,24550.0,23190.0,23473.333333333332,19252.5,1835661
2018-01-29,24350.0,24600.0,23700.0,24100.0,24270.0,23280.0,23540.0,19341.25,1668051
2018-01-30,23900.0,24050.0,23600.0,23700.0,24030.0,23332.5,23605.0,19423.333333333332,933484
2018-01-31,23300.0,24150.0,22850.0,23650.0,23930.0,23395.0,23665.0,19509.583333333332,1419948
2018-02-01,24000.0,25450.0,23750.0,25200.0,24190.0,23600.0,23745.0,19605.0,3129288
2018-02-02,25400.0,25450.0,24600.0,25200.0,24370.0,23762.5,23825.0,19700.833333333332,1847125
2018-02-05,24400.0,24700.0,23350.0,23450.0,24240.0,23892.5,23850.0,19785.416666666668,2241228
2018-02-06,22200.0,23250.0,21650.0,23050.0,24110.0,23982.5,23839.166666666668,19865.833333333332,2436828
2018-02-07,23600.0,23650.0,21850.0,21850.0,23750.0,23915.0,23802.5,19934.166666666668,1717687
2018-02-08,21200.0,23000.0,21000.0,22600.0,23230.0,23897.5,23763.333333333332,20001.666666666668,2333399
2018-02-09,21600.0,22200.0,21450.0,21700.0,22530.0,23875.0,23712.5,20057.083333333332,1667209
2018-02-12,22050.0,22350.0,21500.0,22100.0,22260.0,23862.5,23647.5,20115.0,737617
2018-02-13,22100.0,22350.0,21300.0,21300.0,21910.0,23807.5,23548.333333333332,20170.833333333332,1041282
2018-02-14,21400.0,21500.0,20900.0,21250.0,21790.0,23625.0,23458.333333333332,20222.916666666668,919114
2018-02-19,21350.0,21600.0,21050.0,21600.0,21590.0,23455.0,23409.166666666668,20279.166666666668,821304
2018-02-20,21600.0,21850.0,21250.0,21400.0,21530.0,23245.0,23340.833333333332,20332.916666666668,660814
2018-02-21,21350.0,21600.0,21100.0,21250.0,21360.0,23032.5,23277.5,20387.5,691244
2018-02-22,21250.0,21300.0,20350.0,20700.0,21240.0,22822.5,23203.333333333332,20437.083333333332,1099420
2018-02-23,20700.0,20750.0,20000.0,20100.0,21010.0,22620.0,23110.0,20482.083333333332,1732746
2018-02-26,20150.0,20400.0,18700.0,19200.0,20530.0,22385.0,23010.0,20521.666666666668,3021929
2018-02-27,19250.0,19800.0,19200.0,19350.0,20120.0,22137.5,22909.166666666668,20558.75,1243045
2018-02-28,19150.0,19550.0,18000.0,18300.0,19530.0,21847.5,22781.666666666668,20588.333333333332,2179572
2018-03-02,18050.0,18300.0,17750.0,18200.0,19030.0,21572.5,22659.166666666668,20612.916666666668,1459422
2018-03-05,18300.0,19400.0,18150.0,19150.0,18840.0,21347.5,22555.0,20644.583333333332,2479512
2018-03-06,19250.0,19550.0,18900.0,19100.0,18820.0,21042.5,22446.666666666668,20678.75,878515
2018-03-07,19350.0,19850.0,19000.0,19450.0,18840.0,20755.0,22319.166666666668,20719.166666666668,1126622
2018-03-08,19500.0,19850.0,19200.0,19600.0,19100.0,20562.5,22229.166666666668,20760.0,820483
2018-03-09,19700.0,21950.0,19650.0,21850.0,19830.0,20502.5,22184.166666666668,20819.583333333332,4080450
2018-03-12,22000.0,22300.0,21200.0,21700.0,20340.0,20495.0,22168.333333333332,20882.083333333332,1947162
2018-03-13,21650.0,21650.0,20350.0,20500.0,20620.0,20390.0,22140.833333333332,20936.666666666668,1740233
2018-03-14,20250.0,20600.0,19850.0,20400.0,20810.0,20325.0,22090.833333333332,20991.25,1027281
2018-03-15,20300.0,20800.0,19850.0,20750.0,21040.0,20257.5,22073.333333333332,21052.083333333332,1026835
2018-03-16,20700.0,21000.0,20300.0,20900.0,20850.0,20237.5,22038.333333333332,21112.5,721848
2018-03-19,20600.0,20800.0,20200.0,20200.0,20550.0,20185.0,22006.666666666668,21167.083333333332,513004
2018-03-20,19900.0,20250.0,19800.0,20250.0,20500.0,20117.5,21968.333333333332,21222.5,700041
2018-03-21,20100.0,20600.0,20000.0,20100.0,20440.0,20052.5,21921.666666666668,21274.583333333332,493181
2018-03-22,20000.0,20800.0,20000.0,20050.0,20300.0,19992.5,21885.833333333332,21329.166666666668,812148
2018-03-23,19350.0,19950.0,18800.0,18800.0,19880.0,19897.5,21845.833333333332,21375.0,1033734
2018-03-26,18800.0,19600.0,18650.0,19500.0,19740.0,19867.5,21819.166666666668,21426.666666666668,654412
2018-03-27,19800.0,20350.0,19550.0,20150.0,19720.0,19915.0,21795.833333333332,21485.0,859626
2018-03-28,19850.0,20600.0,19750.0,20350.0,19770.0,19965.0,21764.166666666668,21541.666666666668,626964
2018-03-29,20550.0,20550.0,19900.0,20400.0,19840.0,20070.0,21732.5,21598.333333333332,398364
2018-03-30,20450.0,21100.0,20200.0,21000.0,20280.0,20210.0,21705.0,21660.0,1165542
2018-04-02,23050.0,24100.0,22350.0,23600.0,21100.0,20432.5,21725.0,21737.083333333332,6328039
2018-04-03,23450.0,24900.0,23250.0,24350.0,21940.0,20695.0,21779.166666666668,21815.833333333332,4212740
2018-04-04,24200.0,24250.0,22950.0,23200.0,22510.0,20882.5,21800.0,21882.916666666668,2237578
2018-04-05,23550.0,23650.0,22200.0,22800.0,22990.0,21042.5,21832.5,21950.416666666668,1937734
2018-04-06,22500.0,23100.0,22150.0,22400.0,23270.0,21070.0,21851.666666666668,22004.583333333332,1053932
2018-04-09,22650.0,23050.0,22400.0,22550.0,23060.0,21112.5,21840.833333333332,22058.75,811633
2018-04-10,22600.0,22700.0,21800.0,22550.0,22700.0,21215.0,21834.166666666668,22107.5,843775
2018-04-11,22650.0,22750.0,21800.0,21950.0,22450.0,21292.5,21830.833333333332,22145.416666666668,1177679
2018-04-12,22000.0,22000.0,21400.0,21400.0,22170.0,21325.0,21815.0,22181.25,900939
2018-04-13,21700.0,22800.0,21300.0,22700.0,22230.0,21415.0,21820.0,22225.833333333332,1531777
2018-04-16,22950.0,23900.0,22850.0,23050.0,22330.0,21557.5,21789.166666666668,22273.333333333332,2164403
2018-04-17,23150.0,23200.0,22300.0,22500.0,22320.0,21670.0,21747.5,22312.5,1023223
2018-04-18,22700.0,23400.0,22650.0,23150.0,22560.0,21822.5,21706.666666666668,22361.666666666668,1089692
2018-04-19,23100.0,23600.0,22900.0,23400.0,22960.0,21990.0,21671.666666666668,22408.75,1065023
2018-04-20,23550.0,23750.0,22400.0,22550.0,22930.0,22177.5,21632.5,22443.75,1074658
2018-04-23,22200.0,22650.0,21400.0,21900.0,22700.0,22297.5,21595.0,22465.0,1213654
2018-04-24,22100.0,22600.0,21950.0,22100.0,22620.0,22395.0,21565.0,22485.0,782143
2018-04-25,21800.0,22300.0,21600.0,22150.0,22420.0,22485.0,21529.166666666668,22501.25,556215
2018-04-26,22450.0,22950.0,21850.0,21950.0,22130.0,22562.5,21493.333333333332,22516.666666666668,752237
2018-04-27,22150.0,22700.0,21900.0,22700.0,22160.0,22647.5,21476.666666666668,22540.833333333332,685370
2018-04-30,22900.0,23600.0,22550.0,23350.0,22450.0,22635.0,21471.666666666668,22568.333333333332,1400172
2018-05-02,23400.0,23450.0,22750.0,22900.0,22610.0,22562.5,21433.333333333332,22589.166666666668,706372
2018-05-03,23000.0,23150.0,22100.0,22500.0,22680.0,22527.5,21388.333333333332,22606.666666666668,913351
2018-05-04,23500.0,23600.0,22650.0,23050.0,22900.0,22540.0,21381.666666666668,22615.833333333332,1302595
2018-05-08,23700.0,23700.0,22100.0,22100.0,22780.0,22525.0,21365.833333333332,22602.5,1272958
2018-05-09,22100.0,22350.0,21300.0,21700.0,22450.0,22482.5,21363.333333333332,22582.916666666668,1079287
2018-05-10,21750.0,22550.0,20300.0,20500.0,21970.0,22380.0,21328.333333333332,22545.833333333332,3862357
2018-05-11,20400.0,20800.0,19900.0,20350.0,21540.0,22300.0,21305.833333333332,22509.166666666668,2410546
2018-05-14,20550.0,20600.0,19800.0,19800.0,20890.0,22220.0,21267.5,22457.5,2009260
2018-05-15,20000.0,20300.0,19750.0,19950.0,20460.0,22082.5,21245.0,22396.666666666668,1345791
2018-05-16,19900.0,20700.0,19550.0,20400.0,20200.0,21950.0,21230.833333333332,22344.583333333332,1271581
2018-05-17,20650.0,20650.0,20050.0,20250.0,20150.0,21837.5,21208.333333333332,22308.75,769667
2018-05-18,20100.0,20450.0,20050.0,20300.0,20140.0,21695.0,21190.0,22265.416666666668,536361
2018-05-21,20350.0,20500.0,20050.0,20250.0,20230.0,21537.5,21173.333333333332,22225.416666666668,565336
2018-05-23,20300.0,20300.0,19500.0,19600.0,20160.0,21390.0,21155.0,22179.166666666668,1173477
2018-05-24,19550.0,19950.0,19350.0,19500.0,19980.0,21270.0,21145.0,22127.5,868618
2018-05-25,19150.0,19250.0,18800.0,19050.0,19740.0,21117.5,21142.5,22076.25,1020516
2018-05-28,19050.0,19600.0,19050.0,19500.0,19580.0,20985.0,21145.0,22027.083333333332,858434
2018-05-29,19600.0,20200.0,19400.0,19850.0,19500.0,20880.0,21170.833333333332,21976.25,949076
2018-05-30,19750.0,19750.0,19100.0,19250.0,19430.0,20707.5,21188.333333333332,21923.75,709495
2018-05-31,19400.0,19450.0,19200.0,19400.0,19410.0,20510.0,21192.5,21873.75,526845
2018-06-01,19500.0,19800.0,19200.0,19400.0,19480.0,20335.0,21197.5,21822.083333333332,674958
2018-06-04,19450.0,19500.0,18800.0,18850.0,19350.0,20152.5,21187.5,21753.333333333332,1097218
2018-06-05,19250.0,20750.0,19250.0,19950.0,19370.0,19997.5,21193.333333333332,21711.25,4330451
2018-06-07,20200.0,20400.0,19950.0,20100.0,19540.0,19897.5,21164.166666666668,21674.166666666668,1014102
2018-06-08,20200.0,20200.0,19550.0,19750.0,19610.0,19800.0,21131.666666666668,21650.0,774334
2018-06-11,19750.0,20250.0,19650.0,20050.0,19740.0,19777.5,21124.166666666668,21632.5,648814
2018-06-12,20200.0,20600.0,20000.0,20100.0,19990.0,19765.0,21119.166666666668,21605.0,855592
2018-06-14,20050.0,20500.0,19550.0,19850.0,19970.0,19767.5,21104.166666666668,21588.75,892938
2018-06-15,19800.0,19900.0,19200.0,19350.0,19820.0,19737.5,21078.333333333332,21558.333333333332,715757
2018-06-18,19250.0,19550.0,18700.0,18950.0,19660.0,19665.0,21057.5,21532.083333333332,879354
2018-06-19,18900.0,19300.0,18650.0,18650.0,19380.0,19585.0,21030.833333333332,21499.583333333332,604741
2018-06-20,18650.0,18850.0,18150.0,18600.0,19080.0,19500.0,21005.833333333332,21463.75,1016903
2018-06-21,18700.0,18750.0,17550.0,17600.0,18630.0,19367.5,20965.0,21425.416666666668,1178619
2018-06-22,17550.0,18200.0,17400.0,18000.0,18360.0,19287.5,20951.666666666668,21398.75,694902
2018-06-25,17900.0,18400.0,17750.0,18400.0,18250.0,19232.5,20933.333333333332,21376.25,421685
2018-06-26,18150.0,18400.0,18000.0,18400.0,18200.0,19200.0,20904.166666666668,21350.0,447267
2018-06-27,18300.0,18350.0,17750.0,17800.0,18040.0,19115.0,20861.666666666668,21312.916666666668,511385
2018-06-28,17550.0,18400.0,17550.0,17900.0,18100.0,19017.5,20820.0,21276.25,563775
2018-06-29,18050.0,18150.0,17550.0,18050.0,18110.0,18957.5,20770.833333333332,21237.916666666668,332420
2018-07-02,18100.0,18150.0,17050.0,17100.0,17850.0,18842.5,20662.5,21193.75,541515
2018-07-03,17150.0,17550.0,16600.0,17550.0,17680.0,18750.0,20549.166666666668,21164.166666666668,1044515
2018-07-04,17300.0,17650.0,17250.0,17500.0,17620.0,18682.5,20454.166666666668,21127.083333333332,374774
2018-07-05,17450.0,18300.0,17250.0,18200.0,17680.0,18595.0,20377.5,21105.0,611538
2018-07-06,18050.0,18050.0,17100.0,17600.0,17590.0,18470.0,20297.5,21074.583333333332,1143982
2018-07-09,17350.0,17650.0,17250.0,17500.0,17670.0,18357.5,20213.333333333332,21027.083333333332,312038
2018-07-10,17500.0,18100.0,17500.0,17650.0,17690.0,18237.5,20131.666666666668,20982.916666666668,598330
2018-07-11,17550.0,17600.0,17100.0,17250.0,17640.0,18095.0,20053.333333333332,20942.083333333332,458787
2018-07-12,17300.0,17600.0,17250.0,17350.0,17470.0,17970.0,19985.833333333332,20900.416666666668,267459
2018-07-13,17400.0,18400.0,17400.0,17950.0,17540.0,17900.0,19906.666666666668,20863.333333333332,841819
2018-07-16,18050.0,18050.0,17600.0,17800.0,17600.0,17842.5,19819.166666666668,20804.166666666668,300855
2018-07-17,17800.0,18450.0,17750.0,18350.0,17740.0,17827.5,19750.0,20748.75,627921
2018-07-18,18550.0,18850.0,18400.0,18750.0,18040.0,17835.0,19676.666666666668,20691.666666666668,768574
2018-07-19,18750.0,19050.0,18500.0,18700.0,18310.0,17890.0,19598.333333333332,20635.0,479699
2018-07-20,18550.0,19050.0,18500.0,19000.0,18520.0,17940.0,19539.166666666668,20585.833333333332,498201
2018-07-23,18800.0,18800.0,18000.0,18300.0,18620.0,17935.0,19479.166666666668,20537.083333333332,669631
2018-07-24,18300.0,18700.0,18250.0,18550.0,18660.0,17942.5,19420.0,20492.5,343079
2018-07-25,18600.0,18800.0,18250.0,18600.0,18630.0,17982.5,19360.833333333332,20445.0,422264
2018-07-26,18800.0,18800.0,18250.0,18350.0,18560.0,18005.0,19300.833333333332,20397.083333333332,347396
2018-07-27,18250.0,18400.0,17850.0,17900.0,18340.0,17997.5,19220.833333333332,20348.75,463772
2018-07-30,17900.0,18000.0,17500.0,17850.0,18250.0,18035.0,19129.166666666668,20300.416666666668,359196
2018-07-31,17700.0,17750.0,17550.0,17600.0,18060.0,18037.5,19040.833333333332,20237.083333333332,301397
2018-08-01,17850.0,19350.0,17800.0,19350.0,18210.0,18130.0,18988.333333333332,20188.333333333332,1877281
2018-08-02,19200.0,19350.0,18100.0,18400.0,18220.0,18140.0,18910.833333333332,20146.25,1532198
2018-08-03,18500.0,18600.0,18300.0,18450.0,18330.0,18182.5,18850.0,20107.916666666668,437435
2018-08-06,18550.0,19950.0,18500.0,19200.0,18600.0,18267.5,18808.333333333332,20085.833333333332,2821499
2018-08-07,19200.0,19600.0,18900.0,19600.0,19000.0,18365.0,18793.333333333332,20060.833333333332,1132373
2018-08-08,19600.0,19700.0,19100.0,19200.0,18970.0,18462.5,18774.166666666668,20040.0,1022351
2018-08-09,19250.0,19900.0,18900.0,19900.0,19270.0,18590.0,18775.833333333332,20021.666666666668,1404291
2018-08-10,19700.0,20400.0,19500.0,20200.0,19620.0,18702.5,18780.0,20012.5,1620722
2018-08-13,19950.0,20000.0,19000.0,19250.0,19630.0,18775.0,18760.833333333332,19995.833333333332,1213717
2018-08-14,19250.0,19450.0,19150.0,19300.0,19570.0,18822.5,18745.0,19976.666666666668,422822
2018-08-16,19100.0,19100.0,18400.0,18900.0,19510.0,18830.0,18721.666666666668,19955.833333333332,923402
2018-08-17,18950.0,19900.0,18950.0,19850.0,19500.0,18887.5,18715.0,19944.166666666668,931327
2018-08-20,20000.0,20850.0,19950.0,20400.0,19540.0,18957.5,18728.333333333332,19941.666666666668,1566679
2018-08-21,20450.0,20700.0,20250.0,20500.0,19790.0,19067.5,18745.0,19945.0,608860
2018-08-22,20500.0,20650.0,20000.0,20400.0,20010.0,19160.0,18767.5,19955.0,525952
2018-08-23,20800.0,21500.0,20400.0,20800.0,20390.0,19270.0,18789.166666666668,19967.083333333332,2119871
2018-08-24,20850.0,20850.0,20200.0,20550.0,20530.0,19380.0,18800.833333333332,19985.833333333332,923376
2018-08-27,20550.0,20650.0,19850.0,19950.0,20440.0,19482.5,18812.5,20000.416666666668,995711
2018-08-28,20100.0,20400.0,19900.0,20050.0,20350.0,19592.5,18823.333333333332,20007.916666666668,424000
2018-08-29,20250.0,20250.0,19850.0,20150.0,20300.0,19720.0,18835.833333333332,20016.666666666668,448820
2018-08-30,20800.0,20800.0,19900.0,20050.0,20150.0,19755.0,18855.833333333332,20021.666666666668,1003426
2018-08-31,20050.0,20300.0,19750.0,20250.0,20090.0,19847.5,18860.833333333332,20027.083333333332,461941
2018-09-03,20350.0,20400.0,19650.0,19750.0,20050.0,19912.5,18855.0,20009.583333333332,655583
2018-09-04,19900.0,20850.0,19800.0,20800.0,20200.0,19992.5,18872.5,20002.083333333332,1240517
2018-09-05,20700.0,21050.0,20400.0,20450.0,20260.0,20035.0,18879.166666666668,20001.666666666668,527346
2018-09-06,20600.0,20750.0,20150.0,20350.0,20320.0,20092.5,18883.333333333332,20001.25,472438
2018-09-07,20400.0,20800.0,20150.0,20700.0,20410.0,20132.5,18897.5,20000.833333333332,661800
2018-09-10,20300.0,20450.0,19850.0,19900.0,20440.0,20117.5,18906.666666666668,19992.5,990211
2018-09-11,20050.0,20400.0,19950.0,20200.0,20320.0,20165.0,18927.5,19992.5,487254
2018-09-12,20350.0,20550.0,20050.0,20250.0,20280.0,20212.5,18954.166666666668,19992.5,475121
2018-09-13,20450.0,21450.0,20450.0,21350.0,20480.0,20335.0,19000.0,20002.916666666668,2034745
2018-09-14,21550.0,21600.0,21150.0,21400.0,20620.0,20412.5,19063.333333333332,20014.166666666668,894592
2018-09-17,21750.0,21950.0,21250.0,21350.0,20910.0,20460.0,19119.166666666668,20035.416666666668,814623
2018-09-18,21350.0,21750.0,21250.0,21350.0,21140.0,20502.5,19168.333333333332,20050.833333333332,642130
2018-09-19,21500.0,21500.0,20600.0,20750.0,21240.0,20520.0,19207.5,20055.833333333332,935720
2018-09-20,20900.0,21250.0,20750.0,20850.0,21140.0,20522.5,19258.333333333332,20060.0,536090
2018-09-21,21050.0,21250.0,20800.0,21050.0,21070.0,20547.5,19310.833333333332,20065.416666666668,455614
2018-09-27,20950.0,21250.0,20700.0,21200.0,21040.0,20610.0,19363.333333333332,20067.083333333332,440391
2018-09-28,21300.0,21600.0,20900.0,20950.0,20960.0,20655.0,19427.5,20045.0,700402
2018-10-01,21200.0,21250.0,19900.0,20050.0,20820.0,20650.0,19469.166666666668,20009.166666666668,1146080
2018-10-02,20150.0,20150.0,18750.0,18800.0,20410.0,20587.5,19490.833333333332,19972.5,1805861
2018-10-04,18800.0,19050.0,18050.0,18450.0,19890.0,20497.5,19495.0,19936.25,1311901
2018-10-05,18400.0,19050.0,18350.0,18700.0,19390.0,20445.0,19513.333333333332,19905.416666666668,666597
2018-10-08,18700.0,19150.0,18600.0,18850.0,18970.0,20347.5,19535.833333333332,19874.583333333332,403827
2018-10-10,18850.0,19150.0,18550.0,18600.0,18680.0,20255.0,19551.666666666668,19841.666666666668,397654
2018-10-11,17800.0,18250.0,17550.0,17550.0,18430.0,20115.0,19556.666666666668,19805.0,944631
2018-10-12,17200.0,18100.0,17200.0,18050.0,18350.0,19982.5,19568.333333333332,19777.083333333332,576868
2018-10-15,18000.0,18400.0,17850.0,18050.0,18220.0,19890.0,19570.0,19738.333333333332,382853
2018-10-16,18000.0,18700.0,18000.0,18650.0,18180.0,19812.5,19584.166666666668,19701.666666666668,487782
2018-10-17,18950.0,19400.0,18700.0,18900.0,18240.0,19745.0,19593.333333333332,19671.666666666668,757239
2018-10-18,19000.0,19150.0,18600.0,18700.0,18470.0,19612.5,19592.5,19634.583333333332,356157
2018-10-19,18550.0,19250.0,18500.0,18850.0,18630.0,19485.0,19595.0,19596.666666666668,452789
2018-10-22,19000.0,19850.0,18950.0,19850.0,18990.0,19410.0,19609.166666666668,19574.166666666668,716643
2018-10-23,19850.0,20500.0,19400.0,19650.0,19190.0,19325.0,19631.666666666668,19555.416666666668,1093973
2018-10-24,20100.0,20150.0,19300.0,19800.0,19370.0,19277.5,19652.5,19536.25,745223
2018-10-25,19250.0,19500.0,18700.0,19100.0,19450.0,19190.0,19660.833333333332,19510.833333333332,647903
2018-10-26,19350.0,19350.0,18700.0,19150.0,19510.0,19095.0,19674.166666666668,19487.5,729752
2018-10-29,19100.0,19350.0,17200.0,17950.0,19130.0,18932.5,19675.0,19447.916666666668,1284315
2018-10-30,17700.0,18100.0,16700.0,17700.0,18740.0,18770.0,19672.5,19400.833333333332,1101138
2018-10-31,17800.0,18050.0,17250.0,17900.0,18360.0,18662.5,19677.5,19359.166666666668,528255
2018-11-01,18100.0,18750.0,17800.0,18350.0,18210.0,18640.0,19660.833333333332,19324.583333333332,816858
2018-11-02,18700.0,20700.0,18700.0,20700.0,18520.0,18752.5,19699.166666666668,19305.0,2858519
2018-11-05,20800.0,21100.0,20100.0,20650.0,19060.0,18850.0,19735.833333333332,19292.916666666668,1511272
2018-11-06,20850.0,20900.0,20400.0,20800.0,19680.0,18947.5,19762.5,19285.416666666668,616206
2018-11-07,20900.0,21150.0,19650.0,20150.0,20130.0,19025.0,19771.666666666668,19282.5,1444605
2018-11-08,20450.0,21800.0,19450.0,19900.0,20440.0,19142.5,19783.333333333332,19278.75,3087137
2018-11-09,19950.0,20000.0,19150.0,19550.0,20210.0,19217.5,19777.5,19276.666666666668,1119921
2018-11-12,19350.0,19700.0,18900.0,18900.0,19860.0,19260.0,19755.833333333332,19267.916666666668,820425
2018-11-13,18550.0,18950.0,18100.0,18850.0,19470.0,19270.0,19749.166666666668,19255.0,928585
2018-11-14,18800.0,19100.0,18450.0,18800.0,19200.0,19265.0,19740.833333333332,19242.916666666668,618939
2018-11-15,19350.0,20250.0,19150.0,20250.0,19270.0,19342.5,19763.333333333332,19242.5,1904217
2018-11-16,20300.0,20600.0,19850.0,20250.0,19410.0,19412.5,19770.0,19242.5,980461
2018-11-19,20450.0,20500.0,19850.0,20200.0,19670.0,19430.0,19766.666666666668,19247.5,646626
2018-11-20,19700.0,19900.0,19300.0,19450.0,19790.0,19420.0,19749.166666666668,19247.083333333332,786926
2018-11-21,19000.0,19950.0,18850.0,19850.0,20000.0,19422.5,19740.0,19253.75,675461
2018-11-22,19900.0,19950.0,19400.0,19400.0,19830.0,19437.5,19716.666666666668,19252.916666666668,398573
2018-11-23,19500.0,20400.0,19350.0,20000.0,19780.0,19480.0,19707.5,19254.166666666668,1581667
2018-11-26,20150.0,20700.0,20050.0,20600.0,19860.0,19612.5,19718.333333333332,19265.416666666668,1016223
2018-11-27,20800.0,20850.0,20250.0,20500.0,20070.0,19752.5,19725.833333333332,19274.583333333332,611476
2018-11-28,20600.0,20900.0,20200.0,20800.0,20260.0,19897.5,19736.666666666668,19286.25,716211
2018-11-29,21050.0,21300.0,20800.0,20850.0,20550.0,20022.5,19750.0,19302.916666666668,1114634
2018-11-30,20900.0,21200.0,20150.0,21050.0,20760.0,20040.0,19763.333333333332,19312.083333333332,797143
2018-12-03,21350.0,21500.0,20850.0,21050.0,20850.0,20060.0,19785.0,19320.0,726246
2018-12-04,21100.0,21300.0,20900.0,21300.0,21010.0,20085.0,19793.333333333332,19332.916666666668,612074
2018-12-05,20750.0,21200.0,20350.0,20650.0,20980.0,20110.0,19796.666666666668,19337.916666666668,1102329
2018-12-06,20600.0,20900.0,20250.0,20250.0,20860.0,20127.5,19795.0,19339.166666666668,645987
2018-12-07,20550.0,20950.0,20150.0,20500.0,20750.0,20175.0,19791.666666666668,19344.583333333332,593963
2018-12-10,20150.0,20750.0,20150.0,20500.0,20640.0,20255.0,19801.666666666668,19354.166666666668,483444
2018-12-11,20750.0,20950.0,20400.0,20750.0,20530.0,20350.0,19810.833333333332,19369.166666666668,579123
2018-12-12,20900.0,21000.0,20550.0,20750.0,20550.0,20447.5,19819.166666666668,19386.666666666668,548095
2018-12-13,20800.0,20800.0,19750.0,19750.0,20450.0,20422.5,19792.5,19396.25,1653316
2018-12-14,19950.0,20150.0,19600.0,19850.0,20320.0,20402.5,19766.666666666668,19415.0,581466
2018-12-17,19800.0,19950.0,19550.0,19900.0,20200.0,20387.5,19742.5,19430.833333333332,393077
2018-12-18,19650.0,20000.0,19550.0,19800.0,20010.0,20405.0,19716.666666666668,19442.5,418563
2018-12-19,19850.0,19900.0,19050.0,19200.0,19700.0,20372.5,19690.833333333332,19449.166666666668,855907
2018-12-20,19100.0,19300.0,18600.0,18700.0,19490.0,20337.5,19655.0,19456.666666666668,989015
2018-12-21,18650.0,19050.0,18400.0,18750.0,19270.0,20275.0,19616.666666666668,19463.75,637721
2018-12-24,18600.0,19000.0,18550.0,18650.0,19020.0,20177.5,19574.166666666668,19468.75,455914
2018-12-26,18400.0,18500.0,17950.0,18450.0,18750.0,20075.0,19532.5,19480.0,970292
2018-12-27,18750.0,19200.0,18600.0,18950.0,18700.0,19982.5,19514.166666666668,19491.666666666668,615207
2018-12-28,19050.0,19050.0,18750.0,18850.0,18730.0,19882.5,19515.0,19502.916666666668,367556
2019-01-02,19000.0,19000.0,18300.0,18400.0,18660.0,19750.0,19514.166666666668,19504.583333333332,487151
2019-01-03,18400.0,18850.0,18350.0,18650.0,18660.0,19630.0,19513.333333333332,19513.333333333332,470288
2019-01-04,18500.0,19800.0,18500.0,19650.0,18900.0,19547.5,19526.666666666668,19531.25,893327
2019-01-07,19900.0,20400.0,19650.0,20100.0,19130.0,19520.0,19551.666666666668,19551.666666666668,986980
2019-01-08,20150.0,20300.0,19050.0,19050.0,19170.0,19460.0,19576.666666666668,19566.666666666668,739990
2019-01-09,19150.0,19450.0,18700.0,18800.0,19250.0,19375.0,19589.166666666668,19578.75,952901
2019-01-10,18900.0,19050.0,18500.0,18600.0,19240.0,19280.0,19598.333333333332,19584.166666666668,1056916
2019-01-11,18800.0,18850.0,18550.0,18650.0,19040.0,19175.0,19598.333333333332,19591.25,494279
2019-01-14,18700.0,19200.0,18700.0,18800.0,18780.0,19077.5,19596.666666666668,19595.0,781816
2019-01-15,19000.0,19050.0,18800.0,18900.0,18750.0,19035.0,19600.0,19596.25,457133
2019-01-16,18950.0,19000.0,18700.0,18800.0,18750.0,18982.5,19599.166666666668,19597.083333333332,417088
2019-01-17,18800.0,18850.0,18200.0,18350.0,18700.0,18905.0,19574.166666666668,19591.666666666668,837140
2019-01-18,18400.0,18550.0,18100.0,18200.0,18610.0,18825.0,19550.0,19590.833333333332,727169
2019-01-21,18300.0,18350.0,17900.0,18000.0,18450.0,18765.0,19520.0,19586.25,811893
2019-01-22,18050.0,18100.0,17550.0,17700.0,18210.0,18715.0,19496.666666666668,19578.75,944456
2019-01-23,17650.0,18250.0,17600.0,18200.0,18090.0,18687.5,19480.833333333332,19577.5,927473
2019-01-24,18200.0,18250.0,18000.0,18100.0,18040.0,18660.0,19483.333333333332,19579.166666666668,325959
2019-01-25,18100.0,18350.0,18100.0,18250.0,18050.0,18650.0,19492.5,19582.5,563567
2019-01-28,18400.0,18400.0,18050.0,18150.0,18080.0,18610.0,19496.666666666668,19587.083333333332,561610
2019-01-29,18100.0,18150.0,17900.0,18050.0,18150.0,18570.0,19491.666666666668,19576.25,415185
2019-01-30,18150.0,18400.0,18050.0,18250.0,18160.0,18562.5,19450.833333333332,19575.0,526458
2019-01-31,18400.0,18500.0,18250.0,18250.0,18190.0,18542.5,19410.833333333332,19573.333333333332,458164
2019-02-01,18400.0,18450.0,18250.0,18250.0,18190.0,18472.5,19368.333333333332,19565.416666666668,342214
2019-02-07,18250.0,18350.0,17850.0,17950.0,18150.0,18365.0,19331.666666666668,19551.666666666668,702126
2019-02-08,17850.0,17950.0,17600.0,17800.0,18100.0,18302.5,19296.666666666668,19540.0,674574
2019-02-11,17850.0,18150.0,17800.0,18050.0,18060.0,18265.0,19271.666666666668,19524.583333333332,419668
2019-02-12,18100.0,18100.0,17550.0,17650.0,17940.0,18217.5,19250.833333333332,19503.333333333332,878236
2019-02-13,17700.0,18550.0,17600.0,18400.0,17970.0,18205.0,19243.333333333332,19496.25,976538
2019-02-14,18400.0,18550.0,18150.0,18350.0,18050.0,18182.5,19235.833333333332,19488.333333333332,536420
2019-02-15,18350.0,18500.0,18150.0,18400.0,18170.0,18157.5,19205.0,19484.166666666668,643970
2019-02-18,18500.0,18500.0,18100.0,18300.0,18220.0,18132.5,19172.5,19471.25,569087
2019-02-19,18150.0,18350.0,18050.0,18200.0,18330.0,18125.0,19139.166666666668,19452.916666666668,442939
2019-02-20,18250.0,18900.0,18200.0,18850.0,18420.0,18157.5,19129.166666666668,19439.166666666668,1410027
2019-02-21,19150.0,19250.0,18750.0,18900.0,18530.0,18202.5,19113.333333333332,19426.666666666668,1093548
2019-02-22,19000.0,19200.0,18800.0,19150.0,18680.0,18275.0,19109.166666666668,19412.916666666668,686836
2019-02-25,19250.0,19300.0,18900.0,19200.0,18860.0,18325.0,19095.833333333332,19401.666666666668,555616
2019-02-26,19250.0,19300.0,18900.0,19000.0,19020.0,18370.0,19069.166666666668,19393.75,555439
2019-02-27,19100.0,19200.0,19000.0,19150.0,19080.0,18415.0,19046.666666666668,19386.25,459800
2019-02-28,19150.0,19150.0,18400.0,18400.0,18980.0,18427.5,19006.666666666668,19371.666666666668,734411
2019-03-04,18700.0,19250.0,18700.0,19250.0,19000.0,18487.5,18980.0,19365.0,878082
2019-03-05,19200.0,19800.0,19100.0,19700.0,19100.0,18560.0,18957.5,19360.416666666668,1450915
2019-03-06,19800.0,19800.0,19500.0,19700.0,19240.0,18632.5,18935.0,19360.0,745666
2019-03-07,19750.0,19750.0,18700.0,18900.0,19190.0,18665.0,18895.0,19344.166666666668,882131
2019-03-08,18700.0,19150.0,18700.0,19000.0,19310.0,18717.5,18867.5,19332.083333333332,518985
2019-03-11,18900.0,18950.0,18200.0,18400.0,19140.0,18747.5,18836.666666666668,19315.833333333332,706718
2019-03-12,18550.0,18850.0,18500.0,18650.0,18930.0,18777.5,18805.833333333332,19298.75,531009
2019-03-13,18600.0,18850.0,18500.0,18650.0,18720.0,18827.5,18775.0,19288.333333333332,370862
2019-03-14,18700.0,18750.0,18500.0,18550.0,18650.0,18835.0,18738.333333333332,19274.583333333332,470304
2019-03-15,18550.0,18700.0,18250.0,18300.0,18510.0,18832.5,18697.5,19258.333333333332,624623
2019-03-18,18500.0,19500.0,18450.0,19250.0,18680.0,18875.0,18689.166666666668,19240.833333333332,1733102
2019-03-19,19250.0,19300.0,18800.0,18850.0,18720.0,18902.5,18672.5,19219.583333333332,683865
2019-03-20,18900.0,18950.0,18400.0,18650.0,18720.0,18925.0,18651.666666666668,19197.083333333332,611221
2019-03-21,18650.0,18750.0,18300.0,18350.0,18680.0,18900.0,18627.5,19172.083333333332,568562
2019-03-22,18400.0,18500.0,18000.0,18150.0,18650.0,18862.5,18610.0,19150.416666666668,697651
2019-03-25,17800.0,18050.0,17650.0,17900.0,18380.0,18800.0,18596.666666666668,19125.833333333332,507089
2019-03-26,17950.0,18050.0,17650.0,17700.0,18150.0,18725.0,18579.166666666668,19097.916666666668,589679
2019-03-27,17850.0,17850.0,17500.0,17650.0,17950.0,18657.5,18562.5,19068.333333333332,582842
2019-03-28,17600.0,17700.0,17400.0,17450.0,17770.0,18572.5,18545.833333333332,19039.166666666668,460073
2019-03-29,17500.0,17900.0,17450.0,17900.0,17720.0,18547.5,18528.333333333332,19021.25,533692
2019-04-01,18000.0,18250.0,17750.0,18200.0,17780.0,18495.0,18517.5,19016.25,495647
2019-04-02,18350.0,18400.0,17850.0,17950.0,17830.0,18407.5,18510.0,19012.083333333332,455674
2019-04-03,17950.0,18200.0,17850.0,18000.0,17900.0,18322.5,18499.166666666668,19006.25,453606
2019-04-04,18000.0,18100.0,17650.0,17700.0,17950.0,18262.5,18466.666666666668,18996.666666666668,665456
2019-04-05,17750.0,17900.0,17700.0,17800.0,17930.0,18202.5,18428.333333333332,18990.0,304602
2019-04-08,17950.0,18400.0,17850.0,17900.0,17870.0,18177.5,18409.166666666668,18992.916666666668,814069
2019-04-09,18100.0,18250.0,17750.0,18200.0,17920.0,18155.0,18399.166666666668,18994.166666666668,631878
2019-04-10,18150.0,18500.0,18000.0,18400.0,18000.0,18142.5,18395.833333333332,18997.083333333332,876414
2019-04-11,18400.0,18750.0,18400.0,18550.0,18170.0,18142.5,18394.166666666668,18996.25,823368
2019-04-12,18500.0,18700.0,18250.0,18650.0,18340.0,18160.0,18391.666666666668,18994.166666666668,573791
2019-04-15,18850.0,19250.0,18750.0,19000.0,18560.0,18147.5,18393.333333333332,18996.666666666668,1611539
2019-04-16,19100.0,19200.0,18850.0,18950.0,18710.0,18152.5,18395.833333333332,18997.5,707542
2019-04-17,19200.0,19200.0,18600.0,18800.0,18790.0,18160.0,18403.333333333332,18988.75,647085
2019-04-18,18750.0,18900.0,18500.0,18650.0,18810.0,18175.0,18410.833333333332,18980.416666666668,425099
2019-04-19,18650.0,19000.0,18550.0,18650.0,18810.0,18200.0,18421.666666666668,18970.833333333332,548936
2019-04-22,18650.0,18850.0,18450.0,18550.0,18720.0,18232.5,18435.833333333332,18966.25,410483
2019-04-23,18550.0,18900.0,18450.0,18550.0,18640.0,18275.0,18441.666666666668,18961.25,422254
2019-04-24,18750.0,19150.0,18700.0,18900.0,18660.0,18337.5,18455.0,18969.166666666668,957197
2019-04-25,18950.0,18950.0,18450.0,18550.0,18640.0,18392.5,18460.0,18976.25,582011
2019-04-26,18550.0,18550.0,18100.0,18200.0,18550.0,18407.5,18460.833333333332,18978.75,487866
2019-04-29,18400.0,18400.0,18150.0,18350.0,18510.0,18415.0,18465.833333333332,18978.75,193639
2019-04-30,18450.0,18600.0,18300.0,18550.0,18510.0,18445.0,18470.833333333332,18960.833333333332,298022
2019-05-02,18600.0,18900.0,18450.0,18800.0,18490.0,18485.0,18480.0,18945.416666666668,429234
2019-05-03,18700.0,18800.0,18550.0,18650.0,18510.0,18532.5,18486.666666666668,18927.5,265716
2019-05-07,18200.0,18450.0,18050.0,18200.0,18510.0,18552.5,18490.833333333332,18911.25,365635
2019-05-08,18000.0,18400.0,18000.0,18100.0,18460.0,18562.5,18495.833333333332,18896.25,349740
2019-05-09,18100.0,18200.0,17600.0,17650.0,18280.0,18535.0,18489.166666666668,18880.416666666668,711537
2019-05-10,17550.0,17900.0,17100.0,17700.0,18060.0,18500.0,18490.0,18870.416666666668,542863
2019-05-13,17600.0,17800.0,17000.0,17000.0,17730.0,18422.5,18466.666666666668,18855.0,487565
2019-05-14,16700.0,17200.0,16300.0,16900.0,17470.0,18335.0,18442.5,18839.166666666668,745387
2019-05-15,17550.0,17650.0,17300.0,17350.0,17320.0,18252.5,18425.0,18815.0,630920
2019-05-16,17400.0,17400.0,16650.0,16800.0,17150.0,18145.0,18400.0,18786.25,462512
2019-05-17,17000.0,17150.0,16550.0,16650.0,16940.0,18037.5,18374.166666666668,18756.666666666668,459359
2019-05-20,16600.0,17100.0,16600.0,16700.0,16880.0,17940.0,18338.333333333332,18733.75,373829
2019-05-21,16900.0,17050.0,16700.0,16950.0,16890.0,17855.0,18305.833333333332,18709.583333333332,281961
2019-05-22,16950.0,17100.0,16600.0,16800.0,16780.0,17767.5,18266.666666666668,18687.916666666668,329594
2019-05-23,16700.0,16750.0,16500.0,16500.0,16720.0,17665.0,18221.666666666668,18658.75,298584
2019-05-24,16400.0,16450.0,15650.0,15750.0,16540.0,17507.5,18167.5,18618.333333333332,806863
2019-05-27,15750.0,15900.0,15200.0,15900.0,16380.0,17375.0,18113.333333333332,18580.0,615946
2019-05-28,15800.0,16050.0,15800.0,15900.0,16170.0,17260.0,18071.666666666668,18539.166666666668,403870
2019-05-29,15700.0,15950.0,15650.0,15700.0,15950.0,17127.5,18012.5,18496.25,264136
2019-05-30,15600.0,15950.0,15050.0,15250.0,15700.0,16962.5,17938.333333333332,18447.916666666668,784532
2019-05-31,15250.0,15450.0,15200.0,15400.0,15630.0,16792.5,17866.666666666668,18400.833333333332,419212
2019-06-03,15150.0,15300.0,15100.0,15250.0,15500.0,16622.5,17805.833333333332,18350.416666666668,495144
2019-06-04,15250.0,15850.0,15250.0,15750.0,15470.0,16500.0,17751.666666666668,18309.583333333332,623655
2019-06-05,15900.0,16350.0,15750.0,16300.0,15590.0,16410.0,17716.666666666668,18276.666666666668,632627
2019-06-07,16400.0,16700.0,16100.0,16450.0,15830.0,16350.0,17680.0,18242.916666666668,506355
2019-06-10,16600.0,16700.0,16300.0,16400.0,16030.0,16285.0,17642.5,18208.75,380163
2019-06-11,16400.0,16600.0,16400.0,16500.0,16280.0,16260.0,17608.333333333332,18173.333333333332,217010
2019-06-12,16700.0,17100.0,16550.0,16800.0,16490.0,16255.0,17583.333333333332,18140.416666666668,562398
2019-06-13,16650.0,16800.0,16450.0,16550.0,16540.0,16215.0,17538.333333333332,18113.75,469979
2019-06-14,16550.0,16800.0,16500.0,16550.0,16560.0,16202.5,17500.0,18086.25,201729
2019-06-17,16650.0,16700.0,16450.0,16600.0,16600.0,16200.0,17465.833333333332,18058.75,208453
2019-06-18,16450.0,16750.0,16350.0,16700.0,16640.0,16200.0,17438.333333333332,18032.916666666668,214659
2019-06-19,16800.0,16900.0,16600.0,16700.0,16620.0,16187.5,17414.166666666668,18012.083333333332,221673
2019-06-20,16650.0,16850.0,16650.0,16800.0,16670.0,16187.5,17395.833333333332,17996.25,221686
2019-06-21,16850.0,16850.0,16400.0,16700.0,16700.0,16197.5,17379.166666666668,17979.166666666668,304818
2019-06-24,16550.0,16700.0,16350.0,16400.0,16660.0,16230.0,17358.333333333332,17960.416666666668,208526
2019-06-25,16500.0,16800.0,16500.0,16500.0,16620.0,16260.0,17342.5,17944.166666666668,266260
2019-06-26,16550.0,16600.0,16250.0,16300.0,16540.0,16280.0,17315.833333333332,17922.083333333332,267858
2019-06-27,16250.0,16650.0,16250.0,16450.0,16470.0,16317.5,17286.666666666668,17902.083333333332,300472
2019-06-28,16550.0,16550.0,16300.0,16300.0,16390.0,16370.0,17259.166666666668,17884.583333333332,229339
2019-07-01,16500.0,16900.0,16500.0,16650.0,16440.0,16432.5,17236.666666666668,17867.916666666668,269677
2019-07-02,16650.0,17750.0,16550.0,17450.0,16630.0,16542.5,17232.5,17849.583333333332,1557573
2019-07-03,17700.0,17750.0,16850.0,16850.0,16740.0,16597.5,17216.666666666668,17822.5,620529
2019-07-04,17000.0,17400.0,16950.0,17350.0,16920.0,16650.0,17207.5,17808.333333333332,459025
2019-07-05,17350.0,17350.0,16900.0,17050.0,17070.0,16680.0,17188.333333333332,17793.75,278255
2019-07-08,16900.0,17000.0,16000.0,16050.0,16950.0,16662.5,17149.166666666668,17772.5,596063
2019-07-09,16150.0,16450.0,15800.0,15950.0,16650.0,16635.0,17105.833333333332,17750.0,470411
2019-07-10,16050.0,16200.0,15900.0,16000.0,16480.0,16595.0,17061.666666666668,17726.666666666668,287279
2019-07-11,16150.0,16500.0,16000.0,16400.0,16290.0,16587.5,17018.333333333332,17705.833333333332,375213
2019-07-12,16400.0,16500.0,16200.0,16400.0,16160.0,16580.0,16975.833333333332,17685.833333333332,251469
2019-07-15,16450.0,16500.0,16200.0,16500.0,16250.0,16575.0,16937.5,17670.416666666668,256207
2019-07-16,16500.0,16550.0,16100.0,16150.0,16290.0,16547.5,16895.833333333332,17653.333333333332,388947
2019-07-17,15950.0,16000.0,15350.0,15600.0,16210.0,16492.5,16845.0,17633.333333333332,543618
2019-07-18,15500.0,15850.0,15350.0,15550.0,16040.0,16430.0,16795.0,17615.416666666668,242947
2019-07-19,15650.0,15850.0,15550.0,15800.0,15920.0,16385.0,16749.166666666668,17595.416666666668,248621
2019-07-22,15600.0,15900.0,15600.0,15700.0,15760.0,16350.0,16695.833333333332,17575.416666666668,138846
2019-07-23,15700.0,15900.0,15500.0,15650.0,15660.0,16307.5,16647.5,17553.75,169109
2019-07-24,15700.0,15850.0,15600.0,15600.0,15660.0,16272.5,16604.166666666668,17532.5,193591
2019-07-25,15500.0,15700.0,15300.0,15400.0,15630.0,16220.0,16555.0,17510.416666666668,302176
2019-07-26,15400.0,15700.0,15150.0,15650.0,15600.0,16187.5,16506.666666666668,17488.75,351186
2019-07-29,15550.0,15600.0,15100.0,15100.0,15480.0,16110.0,16445.0,17462.5,311169
2019-07-30,15050.0,16000.0,15050.0,16000.0,15550.0,16037.5,16400.833333333332,17443.75,716860
2019-07-31,16000.0,16400.0,15650.0,16350.0,15700.0,16012.5,16370.0,17430.416666666668,449269
2019-08-01,16150.0,16550.0,15850.0,15900.0,15800.0,15940.0,16333.333333333334,17414.583333333332,389676
2019-08-02,15600.0,15900.0,15450.0,15700.0,15810.0,15872.5,16300.833333333334,17395.0,329400
2019-08-05,15600.0,15750.0,13750.0,13800.0,15550.0,15760.0,16235.833333333334,17362.916666666668,1257430
2019-08-06,13500.0,14300.0,13300.0,13800.0,15110.0,15652.5,16182.5,17324.583333333332,996148
2019-08-07,13900.0,14400.0,13650.0,13850.0,14610.0,15545.0,16131.666666666666,17287.083333333332,661555
2019-08-08,14000.0,14950.0,14000.0,14950.0,14420.0,15472.5,16091.666666666666,17258.333333333332,933982
2019-08-09,15050.0,15100.0,14700.0,14900.0,14260.0,15397.5,16060.0,17230.0,328588
2019-08-12,14750.0,15100.0,14700.0,14850.0,14470.0,15315.0,16030.0,17202.083333333332,231442
2019-08-13,14750.0,15850.0,14600.0,15050.0,14720.0,15260.0,16002.5,17170.416666666668,723928
2019-08-14,15600.0,16150.0,15150.0,15450.0,15040.0,15252.5,15977.5,17141.666666666668,1004103
2019-08-16,15300.0,15450.0,15100.0,15350.0,15120.0,15242.5,15953.333333333334,17110.0,201320
2019-08-19,15400.0,15500.0,15000.0,15400.0,15220.0,15222.5,15935.0,17078.333333333332,299332
2019-08-20,15350.0,15800.0,15250.0,15650.0,15380.0,15220.0,15933.333333333334,17050.416666666668,292104
2019-08-21,15600.0,16050.0,15550.0,16000.0,15570.0,15237.5,15935.0,17024.166666666668,343665
2019-08-22,16050.0,16250.0,15800.0,15900.0,15660.0,15252.5,15935.0,17003.333333333332,274338
2019-08-23,15650.0,15950.0,15550.0,15650.0,15720.0,15265.0,15934.166666666666,16973.333333333332,289543
2019-08-26,15150.0,15300.0,14850.0,15000.0,15640.0,15232.5,15930.0,16934.166666666668,549469
2019-08-27,15250.0,15400.0,15150.0,15350.0,15580.0,15245.0,15929.166666666666,16897.916666666668,238761
2019-08-28,15300.0,15800.0,15250.0,15800.0,15540.0,15235.0,15938.333333333334,16872.083333333332,291665
2019-08-29,15900.0,16150.0,15700.0,16100.0,15580.0,15222.5,15944.166666666666,16847.916666666668,362005
2019-08-30,16250.0,16400.0,16100.0,16200.0,15690.0,15237.5,15942.5,16829.583333333332,353981
2019-09-02,16100.0,16600.0,16000.0,16550.0,16000.0,15280.0,15944.166666666666,16812.083333333332,346527
2019-09-03,16450.0,17450.0,16450.0,17350.0,16400.0,15457.5,15960.0,16801.25,1300635
2019-09-04,17500.0,17850.0,17350.0,17700.0,16780.0,15652.5,15980.0,16794.166666666668,818337
2019-09-05,17850.0,18200.0,17450.0,17850.0,17130.0,15852.5,15997.5,16790.416666666668,726594
2019-09-06,17900.0,17950.0,17650.0,17800.0,17450.0,15995.0,16018.333333333334,16778.333333333332,267846
2019-09-09,17850.0,18150.0,17700.0,17950.0,17730.0,16147.5,16041.666666666666,16770.833333333332,376615
2019-09-10,17950.0,18000.0,17650.0,18000.0,17860.0,16305.0,16065.0,16765.416666666668,415126
2019-09-11,17950.0,18050.0,17650.0,17750.0,17870.0,16440.0,16082.5,16760.416666666668,384053
2019-09-16,17800.0,18000.0,17650.0,17750.0,17850.0,16555.0,16100.0,16757.083333333332,289444
2019-09-17,17800.0,17950.0,17650.0,17800.0,17850.0,16677.5,16116.666666666666,16756.25,361351
2019-09-18,17800.0,18100.0,17750.0,18050.0,17870.0,16810.0,16139.166666666666,16759.166666666668,326709
2019-09-19,18200.0,18800.0,18000.0,18600.0,17990.0,16957.5,16175.833333333334,16767.083333333332,1029496
2019-09-20,18750.0,19000.0,18450.0,18650.0,18170.0,17090.0,16211.666666666666,16777.083333333332,780270
2019-09-23,18650.0,19000.0,18650.0,18900.0,18400.0,17240.0,16255.0,16785.416666666668,484938
2019-09-24,18900.0,19100.0,18650.0,19050.0,18650.0,17410.0,16298.333333333334,16792.5,520774
2019-09-25,18900.0,19000.0,18350.0,18400.0,18720.0,17580.0,16333.333333333334,16796.25,496448
2019-09-26,18600.0,18700.0,18200.0,18500.0,18700.0,17737.5,16364.166666666666,16800.416666666668,372832
2019-09-27,18450.0,18650.0,18300.0,18550.0,18680.0,17875.0,16382.5,16807.5,244478
2019-09-30,18700.0,18700.0,18300.0,18500.0,18600.0,17995.0,16410.0,16813.333333333332,267125
2019-10-01,18450.0,18800.0,18400.0,18650.0,18520.0,18117.5,16431.666666666668,16819.583333333332,296294
2019-10-02,18550.0,19000.0,18300.0,18550.0,18550.0,18217.5,16456.666666666668,16822.5,612419
2019-10-04,18500.0,18550.0,17700.0,17750.0,18400.0,18237.5,16485.0,16817.083333333332,764356
2019-10-07,17800.0,17900.0,17250.0,17850.0,18260.0,18245.0,16516.666666666668,16811.25,396508
2019-10-08,17650.0,18050.0,17550.0,17900.0,18140.0,18247.5,16548.333333333332,16805.0,423648
2019-10-10,17700.0,17900.0,17500.0,17650.0,17940.0,18240.0,16569.166666666668,16793.75,310248
2019-10-11,17900.0,18750.0,17800.0,18450.0,17920.0,18265.0,16603.333333333332,16789.583333333332,635046
2019-10-14,18600.0,19000.0,18600.0,18900.0,18150.0,18310.0,16643.333333333332,16790.416666666668,528073
2019-10-15,18900.0,19000.0,18700.0,19000.0,18380.0,18372.5,16690.833333333332,16793.333333333332,348500
2019-10-16,19050.0,19100.0,18650.0,18800.0,18560.0,18425.0,16744.166666666668,16794.583333333332,225918
2019-10-17,19050.0,19350.0,18700.0,18750.0,18780.0,18472.5,16797.5,16796.25,604990
2019-10-18,18950.0,19200.0,18800.0,18950.0,18880.0,18517.5,16850.0,16799.583333333332,428939
2019-10-21,19100.0,19100.0,18650.0,18800.0,18860.0,18527.5,16901.666666666668,16798.75,307637
2019-10-22,18850.0,18950.0,18650.0,18800.0,18820.0,18535.0,16954.166666666668,16800.833333333332,311056
2019-10-23,18800.0,19000.0,18650.0,18750.0,18810.0,18527.5,17006.666666666668,16805.416666666668,260675
2019-10-24,18850.0,18900.0,18450.0,18750.0,18810.0,18512.5,17062.5,16808.75,440185
2019-10-25,18850.0,19000.0,18650.0,18800.0,18780.0,18532.5,17115.0,16810.833333333332,273593
2019-10-28,18800.0,18950.0,18500.0,18500.0,18720.0,18532.5,17171.666666666668,16808.333333333332,306893
2019-10-29,18650.0,18850.0,18550.0,18800.0,18720.0,18545.0,17218.333333333332,16809.583333333332,283107
2019-10-30,18850.0,18900.0,18500.0,18750.0,18720.0,18557.5,17258.333333333332,16814.166666666668,260829
2019-10-31,18800.0,19000.0,18600.0,18650.0,18700.0,18557.5,17304.166666666668,16818.75,410962
2019-11-01,18650.0,18700.0,18450.0,18600.0,18660.0,18560.0,17352.5,16826.666666666668,227375
2019-11-04,18700.0,19600.0,18650.0,19550.0,18870.0,18650.0,17448.333333333332,16842.083333333332,1453665
2019-11-05,19600.0,20000.0,19550.0,19900.0,19090.0,18752.5,17550.0,16866.25,940235
2019-11-06,20000.0,20000.0,19700.0,19850.0,19310.0,18850.0,17650.0,16890.833333333332,533478
2019-11-07,20050.0,21050.0,19750.0,20300.0,19640.0,18982.5,17739.166666666668,16915.416666666668,2746143
2019-11-08,20400.0,20450.0,19950.0,20300.0,19980.0,19075.0,17829.166666666668,16944.583333333332,665553
2019-11-11,20300.0,20450.0,20150.0,20250.0,20120.0,19142.5,17919.166666666668,16974.583333333332,462147
2019-11-12,20250.0,20300.0,19300.0,19500.0,20040.0,19167.5,17993.333333333332,16997.916666666668,1184287
2019-11-13,19600.0,19800.0,19200.0,19350.0,19940.0,19195.0,18058.333333333332,17017.916666666668,459239
2019-11-14,19450.0,19500.0,18850.0,19050.0,19690.0,19210.0,18120.0,17036.666666666668,542978
2019-11-15,19050.0,19300.0,18650.0,18850.0,19400.0,19205.0,18177.5,17056.25,790632
2019-11-18,19000.0,19700.0,18950.0,19600.0,19270.0,19245.0,18243.333333333332,17088.333333333332,721799
2019-11-19,19600.0,19900.0,19300.0,19750.0,19320.0,19292.5,18305.833333333332,17120.416666666668,397316
2019-11-20,19850.0,19850.0,19100.0,19100.0,19270.0,19310.0,18359.166666666668,17147.083333333332,521198
2019-11-21,19000.0,19050.0,18300.0,18800.0,19220.0,19312.5,18411.666666666668,17172.916666666668,784849
2019-11-22,18600.0,18950.0,18550.0,18650.0,19180.0,19305.0,18472.5,17201.25,325003
2019-11-25,19000.0,19500.0,18900.0,19450.0,19150.0,19352.5,18540.833333333332,17235.0,622590
2019-11-26,19500.0,19550.0,19050.0,19050.0,19010.0,19365.0,18595.0,17266.666666666668,517053
2019-11-27,19150.0,19250.0,18750.0,18900.0,18970.0,19372.5,18641.666666666668,17292.916666666668,368351
2019-11-28,18700.0,18900.0,18450.0,18600.0,18930.0,19370.0,18681.666666666668,17312.083333333332,378247
2019-11-29,18800.0,19200.0,18600.0,18800.0,18960.0,19380.0,18719.166666666668,17331.666666666668,600672
2019-12-02,18900.0,19050.0,18550.0,18800.0,18830.0,19342.5,18743.333333333332,17351.666666666668,284246
2019-12-03,18600.0,18800.0,18450.0,18600.0,18740.0,19277.5,18758.333333333332,17369.166666666668,326301
2019-12-04,18450.0,18600.0,18050.0,18250.0,18610.0,19197.5,18765.0,17381.25,552401
2019-12-05,18450.0,18650.0,18200.0,18250.0,18540.0,19095.0,18772.5,17395.416666666668,612600
2019-12-06,18450.0,18600.0,18250.0,18600.0,18500.0,19010.0,18783.333333333332,17412.5,282810
2019-12-09,18750.0,18900.0,18450.0,18800.0,18500.0,18937.5,18796.666666666668,17430.833333333332,314029
2019-12-10,18650.0,18850.0,18500.0,18750.0,18530.0,18900.0,18813.333333333332,17447.916666666668,200671
2019-12-11,18700.0,19000.0,18550.0,19000.0,18680.0,18882.5,18834.166666666668,17467.083333333332,300114
2019-12-12,19150.0,19250.0,18900.0,19100.0,18850.0,18885.0,18855.833333333332,17486.25,612950
2019-12-13,19400.0,19500.0,19200.0,19350.0,19000.0,18910.0,18877.5,17508.333333333332,457122
2019-12-16,19400.0,19550.0,19250.0,19500.0,19140.0,18905.0,18892.5,17534.166666666668,321437
2019-12-17,19550.0,19600.0,19050.0,19300.0,19250.0,18882.5,18903.333333333332,17557.5,447365
2019-12-18,19200.0,19200.0,18750.0,18950.0,19240.0,18875.0,18904.166666666668,17579.583333333332,438011
2019-12-19,18950.0,19450.0,18850.0,19350.0,19290.0,18902.5,18909.166666666668,17603.75,665217
2019-12-20,19400.0,19400.0,19000.0,19300.0,19280.0,18935.0,18924.166666666668,17628.75,382907
2019-12-23,19500.0,19500.0,19050.0,19200.0,19220.0,18922.5,18935.833333333332,17650.0,401140
2019-12-24,19250.0,19400.0,19050.0,19100.0,19180.0,18925.0,18945.0,17663.75,369002
2019-12-26,19200.0,19550.0,19150.0,19450.0,19280.0,18952.5,18960.833333333332,17685.416666666668,784891
2019-12-27,19350.0,19500.0,19200.0,19350.0,19280.0,18990.0,18972.5,17702.083333333332,510321
2019-12-30,19350.0,19850.0,19250.0,19750.0,19370.0,19037.5,18992.5,17724.583333333332,540579
2020-01-02,19750.0,20350.0,19450.0,20150.0,19560.0,19105.0,19032.5,17758.75,1047446
2020-01-03,20200.0,20600.0,19900.0,19900.0,19720.0,19170.0,19066.666666666668,17791.666666666668,1179123
2020-01-06,19600.0,19650.0,18850.0,19000.0,19630.0,19207.5,19085.0,17816.666666666668,1336187
2020-01-07,19200.0,20150.0,19150.0,20000.0,19760.0,19295.0,19124.166666666668,17846.666666666668,1079288
2020-01-08,19800.0,20300.0,19300.0,19700.0,19750.0,19350.0,19145.0,17874.166666666668,1287264
2020-01-09,20500.0,20650.0,20150.0,20400.0,19800.0,19430.0,19170.0,17906.666666666668,1007237
2020-01-10,20600.0,21250.0,20550.0,21150.0,20050.0,19550.0,19205.833333333332,17948.333333333332,1709190
2020-01-13,21400.0,21900.0,21250.0,21500.0,20550.0,19675.0,19250.833333333332,17997.5,1388798
2020-01-14,21700.0,22200.0,21200.0,21500.0,20850.0,19795.0,19296.666666666668,18047.083333333332,1321692
2020-01-15,21350.0,21800.0,21200.0,21600.0,21230.0,19907.5,19340.833333333332,18095.416666666668,732703
2020-01-16,21550.0,21850.0,21400.0,21800.0,21510.0,20022.5,19390.833333333332,18146.25,505207
2020-01-17,21600.0,21800.0,21250.0,21550.0,21590.0,20135.0,19436.666666666668,18195.416666666668,576383
2020-01-20,21700.0,22000.0,20300.0,20550.0,21400.0,20215.0,19466.666666666668,18236.666666666668,1997526
2020-01-21,20350.0,20750.0,20200.0,20300.0,21160.0,20262.5,19492.5,18277.5,1034365
2020-01-22,20000.0,20450.0,19600.0,20350.0,20910.0,20315.0,19518.333333333332,18316.666666666668,1716870
2020-01-23,19950.0,20150.0,19800.0,20000.0,20550.0,20355.0,19543.333333333332,18357.5,1116238
2020-01-28,18100.0,18350.0,17100.0,17400.0,19720.0,20270.0,19520.0,18369.166666666668,4444947
2020-01-29,17700.0,17900.0,16750.0,17650.0,19140.0,20180.0,19501.666666666668,18380.0,2275297
2020-01-30,17600.0,17850.0,16800.0,17050.0,18490.0,20065.0,19475.0,18389.583333333332,1745399
2020-01-31,17250.0,17450.0,16900.0,17000.0,17820.0,19927.5,19448.333333333332,18400.416666666668,1092386
2020-02-03,16400.0,17400.0,16200.0,17300.0,17280.0,19785.0,19410.833333333332,18429.583333333332,1456992
2020-02-04,17250.0,18300.0,17100.0,18050.0,17410.0,19692.5,19380.0,18465.0,1689801
2020-02-05,18250.0,18300.0,17550.0,17700.0,17420.0,19627.5,19344.166666666668,18497.083333333332,984352
2020-02-06,17800.0,18350.0,17700.0,18250.0,17660.0,19540.0,19310.0,18524.583333333332,1204040
2020-02-07,18250.0,18800.0,18050.0,18600.0,17980.0,19485.0,19281.666666666668,18555.416666666668,1184168
2020-02-10,18500.0,18550.0,18200.0,18350.0,18190.0,19382.5,19250.0,18584.583333333332,677206
2020-02-11,18450.0,19150.0,18450.0,19000.0,18380.0,19275.0,19241.666666666668,18617.5,1042575
2020-02-12,19000.0,19550.0,18950.0,19500.0,18740.0,19175.0,19244.166666666668,18651.25,1115794
2020-02-13,19600.0,19700.0,19050.0,19350.0,18960.0,19067.5,19249.166666666668,18684.583333333332,937037
2020-02-14,19300.0,19850.0,19150.0,19550.0,19150.0,18965.0,19260.833333333332,18719.166666666668,796451
2020-02-17,19550.0,20000.0,19350.0,19700.0,19420.0,18860.0,19262.5,18752.916666666668,621157
2020-02-18,19600.0,19800.0,19200.0,19200.0,19460.0,18742.5,19253.333333333332,18779.583333333332,649971
2020-02-19,19250.0,19500.0,18850.0,19050.0,19370.0,18667.5,19252.5,18805.833333333332,731178
2020-02-20,19000.0,19200.0,18550.0,18650.0,19230.0,18585.0,19250.0,18830.833333333332,767604
2020-02-21,18400.0,18550.0,17600.0,18000.0,18920.0,18467.5,19239.166666666668,18855.833333333332,1740757
2020-02-24,17450.0,17600.0,17100.0,17150.0,18410.0,18325.0,19200.833333333332,18870.833333333332,1302019
2020-02-25,17100.0,17900.0,17100.0,17700.0,18110.0,18340.0,19178.333333333332,18886.666666666668,808015
2020-02-26,17250.0,18000.0,17100.0,17300.0,17760.0,18322.5,19151.666666666668,18896.666666666668,1166150
2020-02-27,17550.0,17750.0,16600.0,16800.0,17390.0,18310.0,19121.666666666668,18901.666666666668,1204377
2020-02-28,16300.0,16500.0,15700.0,16400.0,17070.0,18280.0,19081.666666666668,18900.416666666668,1822228
2020-03-02,16300.0,16750.0,15900.0,16450.0,16930.0,18237.5,19042.5,18892.916666666668,928704
2020-03-03,16950.0,17450.0,16400.0,16550.0,16700.0,18162.5,19008.333333333332,18883.333333333332,1438157
2020-03-04,16400.0,17350.0,16400.0,17350.0,16710.0,18145.0,18993.333333333332,18879.166666666668,1058346
2020-03-05,17450.0,17750.0,17200.0,17600.0,16870.0,18112.5,18982.5,18877.5,967474
2020-03-06,17150.0,17150.0,16400.0,16650.0,16920.0,18015.0,18950.0,18866.666666666668,1763903
2020-03-09,16650.0,16650.0,16650.0,16650.0,16960.0,17930.0,18914.166666666668,18855.416666666668,0
2020-03-10,15150.0,15900.0,15050.0,15850.0,16820.0,17772.5,18865.833333333332,18839.583333333332,1362202
2020-03-11,15900.0,16050.0,15250.0,15400.0,16430.0,17567.5,18805.833333333332,18820.0,864729
2020-03-12,15400.0,15400.0,15400.0,15400.0,15990.0,17370.0,18744.166666666668,18800.0,0
2020-03-13,13000.0,14050.0,12250.0,13250.0,15310.0,17055.0,18642.5,18760.0,2018202
2020-03-16,13500.0,13750.0,12800.0,12800.0,14540.0,16710.0,18530.833333333332,18711.666666666668,1198454
2020-03-17,12250.0,13450.0,12200.0,13100.0,13990.0,16405.0,18427.5,18665.416666666668,1112227
2020-03-18,13200.0,13400.0,12200.0,12200.0,13350.0,16062.5,18315.0,18609.583333333332,938822
2020-03-19,12400.0,12750.0,10100.0,10900.0,12450.0,15675.0,18174.166666666668,18541.666666666668,2052131
2020-03-20,11100.0,11600.0,10500.0,11250.0,12050.0,15337.5,18040.0,18482.083333333332,1280752
2020-03-23,10400.0,10500.0,9790.0,9790.0,11448.0,14969.5,17883.166666666668,18409.5,1644128
2020-03-24,9890.0,10850.0,9800.0,10850.0,10998.0,14627.0,17745.666666666668,18345.333333333332,1534078
2020-03-25,11450.0,12500.0,11200.0,12350.0,11028.0,14379.5,17627.333333333332,18294.083333333332,1811745
2020-03-26,12450.0,13700.0,11750.0,12800.0,11408.0,14179.5,17518.166666666668,18245.333333333332,2067578
2020-03-27,13450.0,13500.0,12600.0,13000.0,11758.0,14009.5,17405.666666666668,18199.083333333332,1162613
2020-03-30,12300.0,13050.0,12100.0,12950.0,12390.0,13834.5,17285.666666666668,18159.083333333332,1154375
2020-03-31,13150.0,13250.0,12600.0,12950.0,12810.0,13654.5,17169.833333333332,18118.25,897657
2020-04-01,12700.0,13100.0,12100.0,12150.0,12770.0,13394.5,17055.666666666668,18070.333333333332,1332205
2020-04-02,12200.0,12650.0,11700.0,12650.0,12740.0,13147.0,16933.166666666668,18028.666666666668,971165
2020-04-03,12300.0,12450.0,11850.0,12100.0,12560.0,12919.5,16806.5,17975.75,1109012
2020-04-06,12000.0,12500.0,11600.0,12400.0,12450.0,12707.0,16673.166666666668,17921.583333333332,1656756
2020-04-07,12950.0,13750.0,12600.0,13650.0,12590.0,12597.0,16548.166666666668,17877.0,2771452
2020-04-08,13400.0,14150.0,13150.0,13400.0,12840.0,12497.0,16413.166666666668,17832.0,1704358
2020-04-09,13700.0,14350.0,13550.0,14350.0,13180.0,12444.5,16294.0,17795.333333333332,2084548
2020-04-10,14100.0,14200.0,13650.0,14050.0,13570.0,12484.5,16168.166666666666,17754.5,1200909
2020-04-13,13850.0,13850.0,13300.0,13300.0,13750.0,12509.5,16026.5,17708.666666666668,1045442
2020-04-14,13500.0,14150.0,13400.0,13950.0,13810.0,12552.0,15899.833333333334,17668.25,1041947
2020-04-16,13750.0,15100.0,13600.0,14850.0,14100.0,12684.5,15804.833333333334,17635.75,1568819
2020-04-17,15200.0,15750.0,14950.0,15550.0,14340.0,12917.0,15725.666666666666,17609.083333333332,2049100
2020-04-20,15900.0,16250.0,15250.0,15450.0,14620.0,13127.0,15644.0,17581.166666666668,1387029
2020-04-21,15650.0,15750.0,14300.0,15150.0,14990.0,13395.0,15563.166666666666,17553.25,1689359
2020-04-22,14850.0,15800.0,14550.0,15800.0,15360.0,13642.5,15536.5,17528.25,1030193
2020-04-23,15750.0,15900.0,15450.0,15700.0,15530.0,13810.0,15504.0,17502.833333333332,548521
2020-04-24,15500.0,15700.0,14800.0,15000.0,15420.0,13920.0,15469.833333333334,17472.416666666668,812448
2020-04-27,15100.0,15500.0,14850.0,15300.0,15390.0,14035.0,15441.5,17444.916666666668,552761
2020-04-28,15650.0,16400.0,15450.0,15950.0,15550.0,14185.0,15419.0,17414.916666666668,2360784
2020-04-29,16100.0,16150.0,15550.0,15750.0,15540.0,14325.0,15380.666666666666,17380.333333333332,864210
2020-05-04,15300.0,15550.0,15100.0,15200.0,15440.0,14477.5,15339.0,17341.583333333332,668445
2020-05-06,15400.0,15550.0,15150.0,15450.0,15530.0,14617.5,15292.333333333334,17301.166666666668,696390
2020-05-07,15400.0,15550.0,15200.0,15500.0,15570.0,14787.5,15240.666666666666,17261.166666666668,452949
2020-05-08,15650.0,15850.0,15500.0,15650.0,15510.0,14950.0,15195.666666666666,17222.833333333332,711182
2020-05-11,15400.0,15500.0,14900.0,15100.0,15380.0,15022.5,15130.666666666666,17186.166666666668,941017
2020-05-12,14900.0,14950.0,14150.0,14600.0,15260.0,15082.5,15049.0,17146.583333333332,1462976
2020-05-13,14300.0,14350.0,14100.0,14300.0,15030.0,15080.0,14964.833333333334,17107.0,747004
2020-05-14,14200.0,14550.0,14050.0,14400.0,14810.0,15097.5,14879.0,17069.916666666668,696194
2020-05-15,14450.0,14550.0,14000.0,14100.0,14500.0,15137.5,14785.666666666666,17024.083333333332,510487
2020-05-18,14200.0,14250.0,13850.0,14050.0,14290.0,15142.5,14699.833333333334,16976.583333333332,541867
2020-05-19,15100.0,15900.0,15100.0,15600.0,14490.0,15180.0,14642.333333333334,16947.416666666668,4161913
2020-05-20,15350.0,15750.0,15100.0,15400.0,14710.0,15172.5,14588.166666666666,16919.083333333332,1159112
2020-05-21,15700.0,15750.0,14950.0,15000.0,14830.0,15150.0,14538.166666666666,16888.666666666668,1248595
2020-05-22,15000.0,15100.0,14450.0,14550.0,14920.0,15120.0,14494.833333333334,16847.833333333332,762695
2020-05-25,14600.0,14700.0,14250.0,14500.0,15010.0,15055.0,14441.5,16809.916666666668,624755
2020-05-26,14600.0,15200.0,14200.0,15050.0,14900.0,15022.5,14404.0,16777.833333333332,1124437
2020-05-27,15400.0,15500.0,14900.0,15450.0,14910.0,15045.0,14381.5,16751.583333333332,1279830
2020-05-28,15350.0,15400.0,14500.0,14800.0,14870.0,15020.0,14354.833333333334,16718.25,1142194
2020-05-29,14600.0,14800.0,14400.0,14500.0,14860.0,14947.5,14322.333333333334,16682.416666666668,557962
2020-06-01,14450.0,14800.0,14400.0,14700.0,14900.0,14895.0,14291.5,16649.916666666668,507703
2020-06-02,14700.0,14800.0,14400.0,14600.0,14810.0,14865.0,14245.666666666666,16619.5,706251
2020-06-03,14700.0,15300.0,14550.0,15050.0,14730.0,14845.0,14203.166666666666,16592.833333333332,1885150
2020-06-04,15500.0,15850.0,15200.0,15300.0,14830.0,14835.0,14180.666666666666,16565.333333333332,3308564
2020-06-05,15500.0,15650.0,15200.0,15550.0,15040.0,14830.0,14162.333333333334,16538.25,1098608
2020-06-08,15850.0,15950.0,15450.0,15650.0,15230.0,14857.5,14159.0,16512.416666666668,1208814
2020-06-09,15750.0,16100.0,15500.0,15600.0,15430.0,14907.5,14162.333333333334,16484.083333333332,1186257
2020-06-10,15450.0,15550.0,15150.0,15200.0,15460.0,14952.5,14159.0,16451.583333333332,665553
2020-06-11,15100.0,15150.0,14650.0,14800.0,15360.0,14972.5,14184.833333333334,16413.666666666668,1254986
2020-06-12,13950.0,14400.0,13900.0,14400.0,15130.0,14987.5,14211.5,16371.166666666666,1080462
2020-06-15,14200.0,14200.0,13050.0,13250.0,14650.0,14947.5,14214.0,16320.75,1382962
2020-06-16,13600.0,13850.0,13500.0,13800.0,14290.0,14857.5,14240.666666666666,16277.833333333334,651311
2020-06-17,13650.0,13900.0,13350.0,13500.0,13950.0,14762.5,14284.0,16229.083333333334,665769
2020-06-18,13300.0,13550.0,13150.0,13250.0,13640.0,14675.0,14317.333333333334,16178.666666666666,632578
2020-06-19,13400.0,13550.0,13100.0,13300.0,13420.0,14612.5,14375.833333333334,16129.5,543705
2020-06-22,13150.0,13200.0,13000.0,13050.0,13380.0,14540.0,14412.5,16079.083333333334,442502
2020-06-23,13100.0,13200.0,12650.0,12850.0,13190.0,14430.0,14420.833333333334,16024.083333333334,557927
2020-06-24,13000.0,13350.0,12950.0,13050.0,13100.0,14310.0,14425.0,15971.583333333334,521886
2020-06-25,12750.0,12950.0,12600.0,12650.0,12980.0,14202.5,14419.166666666666,15912.416666666666,524120
2020-06-26,12800.0,12800.0,12500.0,12750.0,12870.0,14115.0,14415.833333333334,15850.75,401484
2020-06-29,12500.0,12600.0,12000.0,12100.0,12680.0,13985.0,14401.666666666666,15785.75,623163
2020-06-30,12300.0,14200.0,12150.0,13350.0,12780.0,13922.5,14421.666666666666,15738.666666666666,4362600
2020-07-01,13350.0,13350.0,12550.0,12600.0,12690.0,13800.0,14420.833333333334,15677.0,1294276
2020-07-02,12650.0,13250.0,12600.0,12950.0,12750.0,13682.5,14435.0,15620.75,806110
2020-07-03,13050.0,13250.0,12900.0,13100.0,12820.0,13560.0,14446.666666666666,15559.916666666666,471756
2020-07-06,13100.0,13100.0,12750.0,12900.0,12980.0,13422.5,14434.166666666666,15491.166666666666,520951
2020-07-07,12950.0,13100.0,12700.0,12750.0,12860.0,13280.0,14423.333333333334,15418.25,394387
2020-07-08,12750.0,13050.0,12650.0,12900.0,12920.0,13165.0,14399.166666666666,15346.583333333334,426526
2020-07-09,12900.0,12900.0,12650.0,12700.0,12870.0,13060.0,14376.666666666666,15272.416666666666,668025
2020-07-10,12650.0,12700.0,12350.0,12600.0,12770.0,12970.0,14365.0,15195.75,612717
2020-07-13,12700.0,13200.0,12650.0,12950.0,12780.0,12955.0,14348.333333333334,15124.083333333334,756921
2020-07-14,13050.0,13300.0,12750.0,13200.0,12870.0,12925.0,14320.833333333334,15062.833333333334,655481
2020-07-15,13500.0,13900.0,13300.0,13900.0,13070.0,12945.0,14293.333333333334,15009.5,1524783
2020-07-16,14000.0,14250.0,13350.0,13550.0,13240.0,12960.0,14261.666666666666,14952.833333333334,1186569
2020-07-17,13550.0,13700.0,13150.0,13350.0,13390.0,12962.5,14231.666666666666,14897.416666666666,565741
2020-07-20,13450.0,13550.0,13300.0,13400.0,13480.0,12980.0,14191.666666666666,14864.083333333334,418793
2020-07-21,13500.0,13900.0,13300.0,13750.0,13590.0,13025.0,14159.166666666666,14831.583333333334,922857
2020-07-22,13750.0,13800.0,13400.0,13600.0,13530.0,13052.5,14135.833333333334,14802.833333333334,555961
2020-07-23,13450.0,13500.0,13000.0,13150.0,13450.0,13077.5,14100.0,14770.75,774711
2020-07-24,13000.0,13200.0,12900.0,13050.0,13390.0,13092.5,14051.666666666666,14735.333333333334,499851
2020-07-27,12950.0,13200.0,12900.0,13100.0,13330.0,13142.5,14007.5,14694.083333333334,463969
2020-07-28,13150.0,13500.0,13050.0,13400.0,13260.0,13145.0,13977.5,14658.25,502712
2020-07-29,13400.0,13600.0,13100.0,13300.0,13200.0,13180.0,13941.666666666666,14617.0,688665
2020-07-30,13250.0,13500.0,13150.0,13450.0,13260.0,13205.0,13907.5,14574.083333333334,728131
2020-07-31,13400.0,13500.0,13000.0,13100.0,13270.0,13205.0,13865.0,14530.333333333334,707531
2020-08-03,13150.0,13150.0,12800.0,12850.0,13220.0,13202.5,13827.5,14479.083333333334,542811
2020-08-04,12900.0,13050.0,12800.0,12850.0,13110.0,13207.5,13798.333333333334,14423.666666666666,367862
2020-08-05,12900.0,13150.0,12800.0,12900.0,13030.0,13207.5,13775.0,14369.916666666666,638778
2020-08-06,12900.0,13100.0,12700.0,13000.0,12940.0,13222.5,13751.666666666666,14315.333333333334,853789
2020-08-07,13050.0,14250.0,13050.0,13650.0,13050.0,13275.0,13744.166666666666,14264.916666666666,5264992
2020-08-10,13600.0,13700.0,13200.0,13400.0,13160.0,13297.5,13733.333333333334,14216.583333333334,1574383
2020-08-11,13600.0,13800.0,13400.0,13550.0,13300.0,13315.0,13699.166666666666,14170.75,1388867
2020-08-12,13900.0,15050.0,13850.0,14950.0,13710.0,13367.5,13691.666666666666,14139.916666666666,8149947
2020-08-13,14850.0,15150.0,14550.0,15000.0,14110.0,13440.0,13691.666666666666,14114.916666666666,2861416
2020-08-14,15050.0,15650.0,14650.0,14700.0,14320.0,13507.5,13694.166666666666,14094.5,3181268
2020-08-18,14200.0,14250.0,13150.0,13500.0,14340.0,13512.5,13677.5,14059.5,2638119
2020-08-19,13400.0,13700.0,13000.0,13500.0,14330.0,13500.0,13651.666666666666,14027.833333333334,1455840
2020-08-20,13400.0,13400.0,12700.0,12850.0,13910.0,13462.5,13608.333333333334,13994.916666666666,1373060
2020-08-21,12950.0,13150.0,12700.0,13100.0,13530.0,13460.0,13580.0,13967.416666666666,736384
2020-08-24,12850.0,13050.0,12700.0,13050.0,13200.0,13460.0,13555.833333333334,13939.083333333334,698269
2020-08-25,13350.0,13550.0,13200.0,13550.0,13210.0,13482.5,13536.666666666666,13914.083333333334,823765
2020-08-26,13400.0,13400.0,13000.0,13200.0,13150.0,13472.5,13513.333333333334,13879.5,757879
2020-08-27,13100.0,13150.0,12800.0,12850.0,13150.0,13450.0,13476.666666666666,13839.916666666666,963038
2020-08-28,12950.0,13150.0,12800.0,13100.0,13150.0,13432.5,13440.0,13810.333333333334,850194
2020-08-31,13300.0,13350.0,13050.0,13300.0,13200.0,13442.5,13402.5,13782.416666666666,678216
2020-09-01,13300.0,13900.0,13150.0,13750.0,13240.0,13487.5,13370.833333333334,13764.916666666666,1414358
2020-09-02,13950.0,14200.0,13550.0,13900.0,13380.0,13540.0,13342.5,13752.416666666666,1450275
2020-09-03,14050.0,14050.0,13700.0,14000.0,13610.0,13595.0,13322.5,13740.75,796271
2020-09-04,13550.0,13900.0,13500.0,13750.0,13740.0,13632.5,13305.0,13744.916666666666,1210931
2020-09-07,13750.0,14000.0,13500.0,13850.0,13850.0,13642.5,13295.833333333334,13753.666666666666,708319
2020-09-08,13950.0,14500.0,13850.0,14400.0,13980.0,13692.5,13315.0,13764.5,1421264
2020-09-09,14100.0,14200.0,13900.0,14200.0,14040.0,13725.0,13321.666666666666,13781.166666666666,703506
2020-09-10,14200.0,14250.0,13900.0,14150.0,14070.0,13685.0,13332.5,13808.25,592867
2020-09-11,14100.0,14100.0,13800.0,13950.0,14110.0,13632.5,13344.166666666666,13830.75,486919
2020-09-14,14000.0,14050.0,13850.0,14000.0,14140.0,13597.5,13355.833333333334,13865.833333333334,422130
2020-09-15,14050.0,14100.0,13850.0,14100.0,14080.0,13627.5,13373.333333333334,13892.916666666666,464383
2020-09-16,14100.0,14200.0,13900.0,14200.0,14080.0,13662.5,13395.833333333334,13908.333333333334,582855
2020-09-17,14150.0,14850.0,14050.0,14500.0,14150.0,13745.0,13420.0,13922.5,1801750
2020-09-18,14600.0,14650.0,14250.0,14400.0,14240.0,13810.0,13449.166666666666,13934.166666666666,453153
2020-09-21,14250.0,14500.0,13900.0,14000.0,14240.0,13857.5,13470.0,13942.916666666666,648511
2020-09-22,13900.0,13950.0,13550.0,13550.0,14130.0,13857.5,13494.166666666666,13947.916666666666,541586
2020-09-23,13700.0,13850.0,13350.0,13750.0,14040.0,13885.0,13500.833333333334,13961.25,362539
2020-09-24,13450.0,13650.0,12950.0,13050.0,13750.0,13895.0,13508.333333333334,13964.583333333334,1004230
2020-09-25,13150.0,13300.0,13000.0,13100.0,13490.0,13895.0,13510.833333333334,13972.916666666666,411145
2020-09-28,13200.0,13700.0,13200.0,13550.0,13400.0,13907.5,13518.333333333334,13982.5,617741
2020-09-29,13550.0,13750.0,13500.0,13750.0,13440.0,13907.5,13532.5,13983.333333333334,331701
2020-10-05,13500.0,13900.0,13450.0,13650.0,13420.0,13895.0,13547.5,13985.416666666666,448018
2020-10-06,13700.0,13700.0,13300.0,13450.0,13500.0,13867.5,13556.666666666666,13977.916666666666,461193
2020-10-07,13250.0,13500.0,13250.0,13450.0,13570.0,13852.5,13569.166666666666,13972.916666666666,310267
2020-10-08,13500.0,13550.0,13350.0,13450.0,13550.0,13832.5,13583.333333333334,13974.166666666666,410449
2020-10-12,13650.0,14100.0,13550.0,13850.0,13570.0,13805.0,13598.333333333334,13973.333333333334,975842
2020-10-13,13950.0,13950.0,13500.0,13800.0,13600.0,13785.0,13608.333333333334,13964.583333333334,542124
2020-10-14,13800.0,13800.0,13400.0,13400.0,13590.0,13747.5,13600.0,13946.666666666666,543157
2020-10-15,13300.0,13350.0,13100.0,13150.0,13530.0,13707.5,13593.333333333334,13927.5,540514
2020-10-16,13250.0,13250.0,13000.0,13200.0,13480.0,13667.5,13590.833333333334,13911.25,360050
2020-10-19,13250.0,13750.0,13150.0,13600.0,13430.0,13642.5,13594.166666666666,13892.916666666666,643674
2020-10-20,13600.0,13600.0,13250.0,13550.0,13380.0,13610.0,13590.833333333334,13875.0,439373
2020-10-21,13600.0,13750.0,13400.0,13650.0,13430.0,13567.5,13591.666666666666,13863.75,570922
2020-10-22,13550.0,13550.0,13200.0,13250.0,13450.0,13510.0,13593.333333333334,13846.666666666666,478973
2020-10-23,13450.0,13550.0,13200.0,13250.0,13460.0,13472.5,13596.666666666666,13824.166666666666,389076
2020-10-26,13100.0,13250.0,12850.0,12900.0,13320.0,13440.0,13593.333333333334,13800.416666666666,606472
2020-10-27,12800.0,13200.0,12700.0,13150.0,13240.0,13410.0,13589.166666666666,13783.333333333334,487159
2020-10-28,13000.0,13300.0,12900.0,13250.0,13160.0,13420.0,13588.333333333334,13765.0,282592
2020-10-29,12950.0,13100.0,12850.0,13050.0,13120.0,13417.5,13581.666666666666,13744.583333333334,405779
2020-10-30,13000.0,13000.0,12700.0,12700.0,13010.0,13375.0,13575.0,13720.0,398568
2020-11-02,12700.0,12850.0,12550.0,12800.0,12990.0,13327.5,13574.166666666666,13700.833333333334,211971
2020-11-03,12850.0,13000.0,12800.0,12850.0,12930.0,13287.5,13574.166666666666,13686.25,261704
2020-11-04,13050.0,13050.0,12750.0,12850.0,12850.0,13257.5,13573.333333333334,13674.166666666666,421633
2020-11-05,12900.0,13150.0,12800.0,13100.0,12860.0,13240.0,13575.0,13663.333333333334,413951
2020-11-06,13100.0,13100.0,12650.0,12850.0,12890.0,13210.0,13561.666666666666,13652.916666666666,671698
2020-11-09,12900.0,13050.0,12850.0,13050.0,12940.0,13170.0,13555.833333333334,13644.583333333334,374791
2020-11-10,14800.0,14800.0,13850.0,13950.0,13160.0,13177.5,13562.5,13630.833333333334,5196926
2020-11-11,14050.0,14550.0,13850.0,14300.0,13450.0,13222.5,13551.666666666666,13621.666666666666,2438946
2020-11-12,14100.0,14450.0,13950.0,14350.0,13700.0,13282.5,13540.833333333334,13616.25,973242
2020-11-13,14100.0,14350.0,13900.0,13900.0,13910.0,13317.5,13527.5,13610.833333333334,759475
2020-11-16,14050.0,14450.0,13900.0,14200.0,14140.0,13347.5,13539.166666666666,13608.333333333334,846616
2020-11-17,14700.0,14950.0,14400.0,14600.0,14270.0,13400.0,13557.5,13604.583333333334,2006099
2020-11-18,14500.0,14700.0,14350.0,14450.0,14300.0,13440.0,13584.166666666666,13596.25,643992
2020-11-19,14450.0,15200.0,14000.0,15000.0,14430.0,13527.5,13615.833333333334,13597.916666666666,1526898
2020-11-20,14950.0,15350.0,14850.0,15050.0,14660.0,13617.5,13649.166666666666,13602.5,1380671
2020-11-23,15000.0,15200.0,14700.0,14900.0,14800.0,13717.5,13671.666666666666,13604.166666666666,1241040
2020-11-24,15100.0,15250.0,14900.0,15150.0,14910.0,13817.5,13704.166666666666,13608.75,984590
2020-11-25,15400.0,16000.0,15100.0,15550.0,15130.0,13932.5,13749.166666666666,13612.916666666666,3033182
2020-11-26,15450.0,15500.0,14950.0,15200.0,15170.0,14040.0,13784.166666666666,13612.083333333334,969021
2020-11-27,15050.0,15400.0,14950.0,15150.0,15190.0,14162.5,13815.0,13608.75,608906
2020-11-30,15150.0,15200.0,14800.0,14800.0,15170.0,14262.5,13832.5,13601.666666666666,658257
2020-12-01,14850.0,15700.0,14850.0,15700.0,15280.0,14405.0,13862.5,13602.5,1348124
2020-12-02,15600.0,16500.0,15600.0,16300.0,15430.0,14577.5,13900.833333333334,13611.666666666666,2361016
2020-12-03,16400.0,16650.0,15850.0,16050.0,15600.0,14725.0,13939.166666666666,13622.083333333334,1104701
2020-12-04,16150.0,16200.0,15500.0,15750.0,15720.0,14870.0,13970.833333333334,13633.333333333334,928038
2020-12-07,15500.0,15900.0,15100.0,15650.0,15890.0,15000.0,13991.666666666666,13653.333333333334,923737
2020-12-08,15700.0,16150.0,15500.0,16100.0,15970.0,15107.5,14023.333333333334,13672.5,926100
2020-12-09,16100.0,16500.0,15900.0,16050.0,15920.0,15195.0,14055.0,13693.75,915654
2020-12-10,15950.0,16700.0,15800.0,16450.0,16000.0,15300.0,14096.666666666666,13720.416666666666,1187769
2020-12-11,16500.0,16800.0,16400.0,16600.0,16170.0,15435.0,14140.0,13747.916666666666,669884
2020-12-14,16250.0,16300.0,15950.0,16050.0,16250.0,15527.5,14172.5,13772.916666666666,673370
2020-12-15,16000.0,16100.0,15650.0,16000.0,16230.0,15597.5,14202.5,13799.166666666666,614786
2020-12-16,16100.0,16150.0,15800.0,15850.0,16190.0,15667.5,14225.0,13822.5,426638
2020-12-17,15900.0,15900.0,15300.0,15450.0,15990.0,15690.0,14242.5,13845.833333333334,793407
2020-12-18,15400.0,15750.0,15250.0,15550.0,15780.0,15715.0,14268.333333333334,13869.166666666666,492049
2020-12-21,15400.0,15500.0,15000.0,15400.0,15650.0,15740.0,14299.166666666666,13896.666666666666,642144
2020-12-22,15200.0,15500.0,14850.0,14900.0,15430.0,15727.5,14318.333333333334,13909.583333333334,633884
2020-12-23,14850.0,15100.0,14500.0,14600.0,15180.0,15680.0,14344.166666666666,13926.25,745435
2020-12-24,14800.0,15300.0,14750.0,15150.0,15120.0,15677.5,14378.333333333334,13944.583333333334,747713
2020-12-28,15050.0,15100.0,14800.0,15050.0,15020.0,15672.5,14403.333333333334,13960.833333333334,691728
2020-12-29,15150.0,15400.0,14900.0,15350.0,15010.0,15700.0,14430.0,13981.25,520215
2020-12-30,15250.0,15600.0,15100.0,15300.0,15090.0,15680.0,14457.5,14002.5,604250
2021-01-04,15350.0,15400.0,15100.0,15200.0,15210.0,15625.0,14486.666666666666,14021.666666666666,686191
2021-01-05,15000.0,15350.0,15000.0,15200.0,15220.0,15582.5,14515.833333333334,14042.5,564107
2021-01-06,15250.0,15800.0,15150.0,15500.0,15310.0,15570.0,14550.0,14066.666666666666,1170188
2021-01-07,15600.0,15700.0,15200.0,15350.0,15310.0,15555.0,14575.0,14086.666666666666,791568
2021-01-08,15450.0,15600.0,15200.0,15600.0,15370.0,15530.0,14605.0,14106.666666666666,804018
2021-01-11,15700.0,15750.0,14950.0,15250.0,15380.0,15490.0,14635.833333333334,14117.916666666666,1143314
2021-01-12,15100.0,15850.0,14900.0,15700.0,15480.0,15452.5,14678.333333333334,14135.833333333334,1504391
2021-01-13,15900.0,16250.0,15500.0,16250.0,15630.0,15435.0,14729.166666666666,14160.0,1421500
2021-01-14,16300.0,17250.0,16050.0,16600.0,15880.0,15462.5,14779.166666666666,14186.666666666666,2150930
2021-01-15,16750.0,17000.0,16350.0,16750.0,16110.0,15500.0,14832.5,14211.666666666666,1591762
2021-01-18,16450.0,17150.0,15350.0,15400.0,16140.0,15477.5,14861.666666666666,14226.666666666666,3138696
2021-01-19,15550.0,16150.0,15500.0,15800.0,16160.0,15495.0,14904.166666666666,14248.75,1288144
2021-01-20,15900.0,16000.0,15600.0,15900.0,16090.0,15512.5,14948.333333333334,14272.5,816905
2021-01-21,16100.0,16200.0,15800.0,15900.0,15950.0,15537.5,14998.333333333334,14295.833333333334,696891
2021-01-22,16150.0,16800.0,15650.0,16700.0,15940.0,15627.5,15057.5,14323.333333333334,1818813
2021-01-25,16700.0,17500.0,16700.0,17100.0,16280.0,15752.5,15121.666666666666,14355.0,2095214
2021-01-26,17250.0,17250.0,16350.0,16550.0,16430.0,15822.5,15180.0,14380.833333333334,1305224
2021-01-27,16700.0,16850.0,16050.0,16650.0,16580.0,15902.5,15245.833333333334,14410.416666666666,1226351
2021-01-28,16150.0,16500.0,16050.0,16500.0,16700.0,15960.0,15307.5,14440.833333333334,971245
2021-01-29,16600.0,16650.0,15350.0,15800.0,16520.0,15985.0,15356.666666666666,14465.416666666666,1393542
2021-02-01,15650.0,15950.0,15300.0,15800.0,16260.0,16015.0,15405.833333333334,14489.583333333334,732254
2021-02-02,16000.0,16100.0,15650.0,15850.0,16120.0,16047.5,15451.666666666666,14513.333333333334,782943
2021-02-03,16100.0,16150.0,15750.0,16050.0,16000.0,16075.0,15505.0,14533.333333333334,989774
2021-02-04,16000.0,16400.0,15800.0,16100.0,15920.0,16112.5,15555.833333333334,14555.833333333334,884058
2021-02-05,16150.0,16400.0,15900.0,16300.0,16020.0,16147.5,15595.0,14578.75,927040
2021-02-08,16250.0,16750.0,16100.0,16650.0,16190.0,16217.5,15634.166666666666,14592.916666666666,1284484
2021-02-09,16750.0,16750.0,16000.0,16300.0,16280.0,16247.5,15666.666666666666,14603.75,1114691
2021-02-10,16150.0,16250.0,15850.0,16200.0,16310.0,16245.0,15705.0,14616.25,870833
2021-02-15,16350.0,16450.0,16050.0,16250.0,16340.0,16227.5,15739.166666666666,14639.166666666666,802820
2021-02-16,16250.0,16450.0,16100.0,16400.0,16360.0,16210.0,15769.166666666666,14663.333333333334,615965
2021-02-17,16400.0,16450.0,16050.0,16100.0,16250.0,16245.0,15796.666666666666,14690.416666666666,511741
2021-02-18,16050.0,16350.0,15950.0,16200.0,16230.0,16265.0,15816.666666666666,14716.25,667036
2021-02-19,16150.0,16200.0,15500.0,15750.0,16140.0,16257.5,15828.333333333334,14738.75,1199809
2021-02-22,15850.0,16200.0,15750.0,15900.0,16070.0,16257.5,15845.0,14758.333333333334,1002142
2021-02-23,15950.0,17450.0,15850.0,17300.0,16250.0,16287.5,15880.833333333334,14792.5,6485683
2021-02-24,17200.0,18000.0,16800.0,16900.0,16410.0,16277.5,15903.333333333334,14826.25,4649636
2021-02-25,17500.0,17600.0,16900.0,17550.0,16680.0,16327.5,15942.5,14863.333333333334,2162445
2021-02-26,17000.0,17550.0,16950.0,17200.0,16970.0,16355.0,15976.666666666666,14895.833333333334,2090347
2021-03-02,17550.0,17900.0,17200.0,17650.0,17320.0,16412.5,16024.166666666666,14928.333333333334,2330193
2021-03-03,17550.0,18000.0,17300.0,18000.0,17460.0,16522.5,16062.5,14962.5,1502993
2021-03-04,17850.0,18800.0,17650.0,18600.0,17800.0,16662.5,16100.833333333334,15000.833333333334,3428797
2021-03-05,18450.0,18750.0,18050.0,18650.0,18020.0,16802.5,16144.166666666666,15041.666666666666,1308587
2021-03-08,18550.0,18600.0,17550.0,17750.0,18130.0,16887.5,16177.5,15074.166666666666,1886379
2021-03-09,17750.0,18350.0,17500.0,18100.0,18220.0,16987.5,16218.333333333334,15105.0,1635640
2021-03-10,17800.0,18050.0,17550.0,17900.0,18200.0,17067.5,16248.333333333334,15135.833333333334,965268
2021-03-11,17800.0,18050.0,17300.0,17800.0,18040.0,17125.0,16277.5,15166.25,1361791
2021-03-12,18050.0,18200.0,17750.0,17950.0,17900.0,17207.5,16302.5,15199.583333333334,816080
2021-03-15,18100.0,18350.0,17800.0,18050.0,17960.0,17300.0,16326.666666666666,15233.333333333334,714595
2021-03-16,18250.0,18700.0,18150.0,18400.0,18020.0,17407.5,16365.833333333334,15269.166666666666,1374595
2021-03-17,18400.0,18500.0,17900.0,18250.0,18090.0,17500.0,16403.333333333332,15302.916666666666,919285
2021-03-18,18300.0,18400.0,17650.0,17650.0,18060.0,17577.5,16433.333333333332,15329.166666666666,1275127
2021-03-19,17400.0,17850.0,17400.0,17700.0,18010.0,17652.5,16470.833333333332,15356.666666666666,654962
2021-03-22,17700.0,18100.0,17500.0,18050.0,18010.0,17767.5,16512.5,15390.416666666666,831926
2021-03-23,18000.0,18100.0,17750.0,17800.0,17890.0,17862.5,16552.5,15425.833333333334,433753
2021-03-24,17400.0,17800.0,17300.0,17800.0,17800.0,17887.5,16600.833333333332,15459.583333333334,576686
2021-03-25,17650.0,18000.0,17550.0,17900.0,17850.0,17937.5,16655.833333333332,15500.0,600196
2021-03-26,17950.0,18000.0,17250.0,17500.0,17810.0,17935.0,16695.0,15536.666666666666,933084
2021-03-29,17500.0,17500.0,16850.0,17100.0,17620.0,17930.0,16729.166666666668,15566.25,875526
2021-03-30,17050.0,17250.0,16550.0,16650.0,17390.0,17880.0,16750.833333333332,15590.416666666666,1729934
2021-03-31,16700.0,16850.0,16550.0,16650.0,17160.0,17812.5,16773.333333333332,15615.416666666666,632875
2021-04-01,16750.0,17050.0,16650.0,17000.0,16980.0,17732.5,16803.333333333332,15645.0,727685
2021-04-02,17050.0,17100.0,16550.0,16700.0,16820.0,17635.0,16828.333333333332,15672.083333333334,1113777
2021-04-05,16700.0,16800.0,16500.0,16800.0,16760.0,17587.5,16850.0,15700.0,375740
2021-04-06,16900.0,17100.0,16650.0,17100.0,16850.0,17537.5,16879.166666666668,15727.083333333334,697788
2021-04-07,17050.0,17100.0,16850.0,17050.0,16930.0,17495.0,16903.333333333332,15754.166666666666,687655
2021-04-08,16850.0,17050.0,16800.0,17050.0,16940.0,17457.5,16933.333333333332,15784.583333333334,711121
2021-04-09,16950.0,17000.0,16700.0,16750.0,16950.0,17397.5,16950.833333333332,15814.583333333334,578178
2021-04-12,16700.0,16700.0,16350.0,16550.0,16900.0,17322.5,16955.833333333332,15842.5,685416
2021-04-13,16550.0,16800.0,16450.0,16750.0,16830.0,17240.0,16958.333333333332,15868.75,470901
2021-04-14,16650.0,16700.0,16250.0,16300.0,16680.0,17142.5,16950.833333333332,15891.666666666666,943689
2021-04-15,16350.0,16350.0,15950.0,16050.0,16480.0,17062.5,16961.666666666668,15911.666666666666,1002363
2021-04-16,16150.0,16300.0,16050.0,16150.0,16360.0,16985.0,16967.5,15935.833333333334,537220
2021-04-19,16200.0,16400.0,16050.0,16300.0,16310.0,16897.5,16974.166666666668,15961.25,546031
2021-04-20,16350.0,16800.0,16250.0,16700.0,16300.0,16842.5,16987.5,15992.916666666666,725655
2021-04-21,16550.0,16650.0,16350.0,16500.0,16340.0,16777.5,16984.166666666668,16020.833333333334,541752
2021-04-22,16550.0,16600.0,16400.0,16600.0,16450.0,16712.5,16975.833333333332,16048.75,352983
2021-04-23,16300.0,16650.0,16250.0,16600.0,16540.0,16667.5,16976.666666666668,16078.333333333334,465326
2021-04-26,16650.0,17100.0,16600.0,17100.0,16700.0,16667.5,16984.166666666668,16115.0,949043
2021-04-27,17150.0,17200.0,16900.0,17200.0,16800.0,16695.0,16995.833333333332,16151.666666666666,617994
2021-04-28,17150.0,17300.0,16700.0,17300.0,16960.0,16727.5,17020.833333333332,16188.75,961710
2021-04-29,17450.0,17850.0,17100.0,17800.0,17200.0,16767.5,17054.166666666668,16230.0,1675397
2021-04-30,17800.0,18500.0,17550.0,18000.0,17480.0,16832.5,17090.0,16270.833333333334,3215598
2021-05-03,18050.0,18250.0,17500.0,18000.0,17660.0,16892.5,17122.5,16313.75,1734156
2021-05-04,17900.0,17950.0,16750.0,17300.0,17680.0,16902.5,17142.5,16349.166666666666,2297797
2021-05-06,17300.0,17850.0,17000.0,17750.0,17770.0,16937.5,17166.666666666668,16380.833333333334,1221452
2021-05-07,17800.0,17900.0,17500.0,17600.0,17730.0,16965.0,17182.5,16408.333333333332,879132
2021-05-10,17600.0,18450.0,17500.0,18150.0,17760.0,17035.0,17213.333333333332,16440.0,1933853
2021-05-11,18150.0,18650.0,18100.0,18400.0,17840.0,17127.5,17250.0,16477.5,1777020
2021-05-12,18400.0,18600.0,17850.0,18250.0,18030.0,17202.5,17283.333333333332,16511.25,1165128
2021-05-13,17900.0,19150.0,17800.0,18600.0,18200.0,17317.5,17320.0,16544.583333333332,2405045
2021-05-14,18800.0,19100.0,18600.0,18700.0,18420.0,17450.0,17363.333333333332,16580.0,1403604
2021-05-17,18850.0,19100.0,18400.0,18900.0,18570.0,17587.5,17408.333333333332,16612.5,1252624
2021-05-18,19000.0,19300.0,18750.0,19050.0,18700.0,17725.0,17463.333333333332,16645.833333333332,999853
2021-05-20,18950.0,19300.0,18650.0,19250.0,18900.0,17852.5,17519.166666666668,16682.083333333332,781681
2021-05-21,19250.0,19300.0,18100.0,18350.0,18850.0,17945.0,17536.666666666668,16708.75,1983416
2021-05-24,18200.0,18600.0,18050.0,18550.0,18820.0,18042.5,17564.166666666668,16733.75,690822
2021-05-25,18650.0,19200.0,18450.0,19050.0,18850.0,18165.0,17589.166666666668,16765.833333333332,1264176
2021-05-26,19100.0,19550.0,19050.0,19450.0,18930.0,18282.5,17626.666666666668,16801.666666666668,1284051
2021-05-27,19450.0,19800.0,19250.0,19650.0,19010.0,18405.0,17660.0,16842.083333333332,1256696
2021-05-28,19500.0,19600.0,19100.0,19500.0,19240.0,18515.0,17685.0,16873.75,887093
2021-05-31,19450.0,20050.0,19400.0,19850.0,19500.0,18617.5,17705.833333333332,16903.333333333332,1365797
2021-06-01,19850.0,20000.0,19000.0,19400.0,19570.0,18687.5,17718.333333333332,16931.25,1828647
2021-06-02,19400.0,19900.0,19250.0,19800.0,19640.0,18777.5,17752.5,16965.0,1085957
2021-06-03,19850.0,20000.0,19600.0,19900.0,19690.0,18907.5,17782.5,17000.416666666668,669975
2021-06-04,19800.0,19800.0,18950.0,19100.0,19610.0,18975.0,17802.5,17025.416666666668,1808696
2021-06-07,19250.0,19250.0,18700.0,19100.0,19460.0,19050.0,17824.166666666668,17050.833333333332,880138
2021-06-08,19000.0,19300.0,18900.0,19150.0,19410.0,19100.0,17844.166666666668,17073.333333333332,565714
2021-06-09,19250.0,19550.0,19050.0,19250.0,19300.0,19142.5,17864.166666666668,17095.416666666668,814651
2021-06-10,19500.0,20100.0,19300.0,19650.0,19250.0,19212.5,17885.0,17125.416666666668,2405042
2021-06-11,19700.0,19700.0,19100.0,19400.0,19310.0,19252.5,17904.166666666668,17153.75,1024603
2021-06-14,19400.0,19400.0,18900.0,19000.0,19290.0,19267.5,17926.666666666668,17180.0,741049
2021-06-15,18850.0,19100.0,18500.0,19050.0,19270.0,19275.0,17949.166666666668,17210.0,1010376
2021-06-16,18950.0,19300.0,18800.0,19300.0,19280.0,19287.5,17970.0,17241.25,807041
2021-06-17,19200.0,19550.0,19050.0,19500.0,19250.0,19300.0,17998.333333333332,17275.416666666668,793688
2021-06-18,19400.0,19500.0,19200.0,19450.0,19260.0,19355.0,18025.833333333332,17313.333333333332,506709
2021-06-21,19200.0,19300.0,18400.0,18600.0,19180.0,19357.5,18037.5,17346.666666666668,1765616
2021-06-22,18850.0,19050.0,18700.0,18900.0,19150.0,19350.0,18060.833333333332,17377.916666666668,716323
2021-06-23,18800.0,18800.0,18250.0,18550.0,19000.0,19305.0,18085.0,17407.083333333332,987686
2021-06-24,18400.0,18400.0,17850.0,18350.0,18770.0,19240.0,18113.333333333332,17432.083333333332,1049521
2021-06-25,18350.0,18700.0,18250.0,18400.0,18560.0,19185.0,18142.5,17457.916666666668,618645
2021-06-28,18150.0,18400.0,18050.0,18300.0,18500.0,19107.5,18164.166666666668,17483.75,559036
2021-06-29,18250.0,18450.0,17900.0,18200.0,18360.0,19047.5,18189.166666666668,17508.75,955607
2021-06-30,18150.0,18250.0,17900.0,18100.0,18270.0,18962.5,18210.833333333332,17530.416666666668,762029
2021-07-01,18050.0,18200.0,17950.0,18100.0,18220.0,18872.5,18227.5,17553.333333333332,591485
2021-07-02,18100.0,18150.0,17900.0,18050.0,18150.0,18820.0,18244.166666666668,17573.75,711190
2021-07-05,18000.0,18250.0,17900.0,18200.0,18130.0,18775.0,18263.333333333332,17598.333333333332,536178
2021-07-06,18200.0,18700.0,18150.0,18650.0,18220.0,18750.0,18295.0,17622.916666666668,920499
2021-07-07,18300.0,18350.0,17800.0,17850.0,18170.0,18680.0,18316.666666666668,17636.25,1082282
2021-07-08,17700.0,17950.0,17150.0,17150.0,17980.0,18555.0,18323.333333333332,17640.833333333332,1171641
2021-07-09,17000.0,17200.0,16700.0,17100.0,17790.0,18440.0,18336.666666666668,17643.75,1269531
2021-07-12,17200.0,17350.0,17050.0,17200.0,17590.0,18350.0,18355.833333333332,17658.75,497268
2021-07-13,17250.0,17650.0,17150.0,17550.0,17370.0,18275.0,18379.166666666668,17673.333333333332,557532
2021-07-14,17300.0,17350.0,17000.0,17050.0,17210.0,18162.5,18391.666666666668,17682.916666666668,917841
2021-07-15,17100.0,17250.0,17050.0,17200.0,17220.0,18047.5,18400.0,17693.75,424277
2021-07-16,17150.0,17250.0,16950.0,17000.0,17200.0,17925.0,18408.333333333332,17696.25,698980
2021-07-19,16850.0,17000.0,16700.0,16800.0,17120.0,17835.0,18411.666666666668,17693.75,615399
2021-07-20,16550.0,16900.0,16500.0,16850.0,16980.0,17732.5,18415.833333333332,17696.25,462547
2021-07-21,17050.0,17100.0,16700.0,16800.0,16930.0,17645.0,18410.833333333332,17697.5,681422
2021-07-22,16950.0,17500.0,16850.0,17200.0,16930.0,17587.5,18410.833333333332,17703.333333333332,1186537
2021-07-23,17100.0,17200.0,16900.0,17200.0,16970.0,17527.5,18409.166666666668,17715.0,521396
2021-07-26,17150.0,17150.0,16800.0,16800.0,16970.0,17452.5,18392.5,17723.333333333332,487245
2021-07-27,16900.0,17150.0,16800.0,17100.0,17020.0,17397.5,18377.5,17733.75,581340
2021-07-28,16950.0,17100.0,16800.0,17100.0,17080.0,17347.5,18362.5,17742.5,459284
2021-07-29,17050.0,17250.0,16950.0,17250.0,17090.0,17305.0,18361.666666666668,17752.083333333332,552188
2021-07-30,17200.0,17200.0,16650.0,16800.0,17010.0,17242.5,18345.833333333332,17756.25,992022
2021-08-02,16750.0,16850.0,16350.0,16450.0,16940.0,17155.0,18326.666666666668,17754.583333333332,843284
2021-08-03,16450.0,16700.0,16300.0,16600.0,16840.0,17052.5,18300.833333333332,17757.083333333332,605830
2021-08-04,16600.0,17000.0,16550.0,16950.0,16810.0,17007.5,18276.666666666668,17763.333333333332,772540
2021-08-05,16650.0,16850.0,16600.0,16750.0,16710.0,16987.5,18251.666666666668,17767.5,529743
2021-08-06,16950.0,17050.0,16750.0,16850.0,16720.0,16975.0,18222.5,17771.25,514315
2021-08-09,16750.0,16800.0,16600.0,16750.0,16780.0,16952.5,18190.0,17776.666666666668,408615
2021-08-10,16750.0,16750.0,16450.0,16500.0,16760.0,16900.0,18150.0,17779.166666666668,587776
2021-08-11,16450.0,16750.0,16400.0,16500.0,16670.0,16872.5,18107.5,17785.416666666668,520996
2021-08-12,16400.0,16600.0,16250.0,16450.0,16610.0,16835.0,18060.833333333332,17790.0,1040635
2021-08-13,16400.0,16500.0,16050.0,16200.0,16480.0,16795.0,18025.0,17780.833333333332,692438
2021-08-17,16150.0,16200.0,15600.0,15600.0,16250.0,16735.0,17975.833333333332,17770.0,864115
2021-08-18,15450.0,16000.0,15250.0,15900.0,16130.0,16687.5,17923.333333333332,17756.25,651808
2021-08-19,15600.0,15900.0,15100.0,15100.0,15850.0,16602.5,17850.833333333332,17738.75,919973
2021-08-20,15150.0,15250.0,14800.0,15050.0,15570.0,16495.0,17774.166666666668,17717.083333333332,661975
2021-08-23,15050.0,15650.0,15050.0,15550.0,15440.0,16412.5,17708.333333333332,17696.666666666668,513413
2021-08-24,15750.0,16400.0,15650.0,16400.0,15600.0,16392.5,17650.833333333332,17678.333333333332,763943
2021-08-25,16500.0,16500.0,16150.0,16450.0,15710.0,16360.0,17601.666666666668,17660.0,433469
2021-08-26,16500.0,16800.0,16400.0,16600.0,16010.0,16335.0,17548.333333333332,17650.416666666668,556308
2021-08-27,16450.0,16750.0,16300.0,16700.0,16340.0,16307.5,17495.0,17638.75,480850
2021-08-30,16850.0,17200.0,16800.0,16950.0,16620.0,16315.0,17459.166666666668,17630.833333333332,761248
2021-08-31,16900.0,17050.0,16550.0,17000.0,16740.0,16342.5,17424.166666666668,17624.166666666668,526111
2021-09-01,16950.0,17150.0,16800.0,17100.0,16870.0,16367.5,17390.0,17617.083333333332,482220
2021-09-02,17050.0,17600.0,16850.0,17450.0,17040.0,16392.5,17360.0,17612.083333333332,1849933
2021-09-03,17500.0,17550.0,17150.0,17450.0,17190.0,16427.5,17323.333333333332,17604.166666666668,932597
2021-09-06,17400.0,17450.0,16750.0,16900.0,17180.0,16430.0,17281.666666666668,17592.916666666668,1280458
2021-09-07,16900.0,17250.0,16700.0,17250.0,17230.0,16455.0,17252.5,17589.583333333332,608177
2021-09-08,17150.0,17300.0,16800.0,17250.0,17260.0,16492.5,17222.5,17585.833333333332,1164762
2021-09-09,17000.0,17050.0,16650.0,16900.0,17150.0,16512.5,17182.5,17576.25,787606
2021-09-10,16900.0,17300.0,16800.0,17200.0,17100.0,16550.0,17144.166666666668,17571.25,837003
2021-09-13,17100.0,17200.0,16600.0,16900.0,17100.0,16585.0,17101.666666666668,17563.75,780105
2021-09-14,16900.0,17400.0,16850.0,17350.0,17120.0,16672.5,17080.833333333332,17559.166666666668,1795081
2021-09-15,17350.0,18200.0,17100.0,17700.0,17210.0,16762.5,17060.833333333332,17560.833333333332,2332755
2021-09-16,17750.0,17800.0,17100.0,17350.0,17300.0,16875.0,17040.833333333332,17562.916666666668,1424581
2021-09-17,17500.0,17800.0,16900.0,17100.0,17280.0,16977.5,17020.0,17566.666666666668,1809946
2021-09-23,16850.0,17550.0,16700.0,17450.0,17390.0,17072.5,17004.166666666668,17573.333333333332,1329931
2021-09-24,17600.0,17700.0,17000.0,17100.0,17340.0,17107.5,16984.166666666668,17574.166666666668,877541
2021-09-27,17000.0,17350.0,16850.0,17250.0,17250.0,17147.5,16968.333333333332,17578.75,457174
2021-09-28,17200.0,17450.0,17050.0,17450.0,17270.0,17190.0,16957.5,17584.166666666668,713895
2021-09-29,17100.0,17450.0,17000.0,17450.0,17340.0,17227.5,16946.666666666668,17587.083333333332,684549
2021-09-30,17450.0,17650.0,17200.0,17650.0,17380.0,17262.5,16940.0,17592.083333333332,708019
2021-10-01,17350.0,17500.0,17050.0,17350.0,17430.0,17280.0,16925.833333333332,17594.583333333332,794776
2021-10-05,17350.0,18050.0,17350.0,17850.0,17550.0,17317.5,16912.5,17603.75,2263238
2021-10-06,17900.0,17950.0,17150.0,17450.0,17550.0,17317.5,16905.833333333332,17611.25,1569260
2021-10-07,17500.0,17700.0,17250.0,17650.0,17590.0,17327.5,16914.166666666668,17618.75,954548
2021-10-08,17700.0,17750.0,17200.0,17250.0,17510.0,17345.0,16916.666666666668,17626.666666666668,844072
2021-10-12,17250.0,17300.0,17000.0,17150.0,17470.0,17340.0,16915.833333333332,17635.833333333332,583338
2021-10-13,17300.0,17700.0,17300.0,17600.0,17420.0,17357.5,16916.666666666668,17647.916666666668,1063737
2021-10-14,17650.0,17850.0,17450.0,17650.0,17460.0,17395.0,16926.666666666668,17659.166666666668,1432396
2021-10-15,17800.0,18150.0,17650.0,17950.0,17520.0,17432.5,16939.166666666668,17669.583333333332,1391622
2021-10-18,18100.0,18300.0,17800.0,18100.0,17690.0,17492.5,16957.5,17682.916666666668,1120082
2021-10-19,18200.0,18200.0,17900.0,18100.0,17880.0,17530.0,16979.166666666668,17695.416666666668,695718
2021-10-20,18000.0,18350.0,17700.0,17700.0,17900.0,17530.0,16993.333333333332,17704.583333333332,821542
2021-10-21,17700.0,17950.0,17600.0,17850.0,17940.0,17555.0,17010.833333333332,17710.833333333332,661855
2021-10-22,17700.0,17850.0,17500.0,17800.0,17910.0,17590.0,17020.833333333332,17715.833333333332,881862
2021-10-25,17850.0,18300.0,17600.0,18250.0,17940.0,17630.0,17038.333333333332,17723.75,1295142
2021-10-26,18350.0,18350.0,18050.0,18200.0,17960.0,17685.0,17061.666666666668,17727.083333333332,633108
2021-10-27,18200.0,18200.0,17800.0,17850.0,17990.0,17715.0,17074.166666666668,17725.833333333332,749763
2021-10-28,17800.0,17850.0,17550.0,17800.0,17980.0,17732.5,17085.833333333332,17724.166666666668,677227
2021-10-29,17750.0,17850.0,17300.0,17400.0,17900.0,17730.0,17088.333333333332,17725.0,848393
2021-11-01,17400.0,17650.0,16900.0,16950.0,17640.0,17695.0,17090.833333333332,17718.333333333332,726805
2021-11-02,17000.0,17350.0,16950.0,17300.0,17460.0,17692.5,17105.0,17715.833333333332,437559
2021-11-03,17200.0,17200.0,16600.0,16650.0,17220.0,17632.5,17105.833333333332,17703.333333333332,821236
2021-11-04,16750.0,16850.0,16550.0,16700.0,17000.0,17595.0,17101.666666666668,17689.166666666668,558970
2021-11-05,16700.0,16700.0,16000.0,16100.0,16740.0,17517.5,17090.833333333332,17671.25,925017
2021-11-08,16750.0,17150.0,16650.0,17050.0,16760.0,17507.5,17094.166666666668,17658.333333333332,1269214
2021-11-09,16900.0,17200.0,16750.0,17050.0,16710.0,17502.5,17099.166666666668,17644.583333333332,694047
2021-11-10,16900.0,16950.0,16650.0,16700.0,16720.0,17457.5,17102.5,17626.25,447731
2021-11-11,16500.0,16850.0,16250.0,16700.0,16720.0,17410.0,17105.833333333332,17606.666666666668,789207
2021-11-12,16550.0,16900.0,16450.0,16850.0,16870.0,17355.0,17112.5,17586.666666666668,436251
2021-11-15,16850.0,16850.0,16400.0,16450.0,16750.0,17272.5,17116.666666666668,17570.833333333332,497981
2021-11-16,16500.0,16600.0,16200.0,16400.0,16620.0,17187.5,17130.0,17552.916666666668,509683
2021-11-17,16350.0,16350.0,15800.0,15900.0,16460.0,17097.5,17130.0,17526.666666666668,728918
2021-11-18,15750.0,15800.0,15350.0,15400.0,16200.0,16975.0,17135.0,17492.916666666668,761180
2021-11-19,15400.0,15600.0,15400.0,15500.0,15930.0,16860.0,17142.5,17458.333333333332,375705
2021-11-22,15300.0,15550.0,15200.0,15500.0,15740.0,16722.5,17141.666666666668,17425.0,536141
2021-11-23,15450.0,15800.0,15350.0,15650.0,15590.0,16595.0,17129.166666666668,17390.0,339692
2021-11-24,15550.0,15600.0,15000.0,15100.0,15430.0,16457.5,17106.666666666668,17354.166666666668,829833
2021-11-25,15150.0,15200.0,14800.0,14850.0,15320.0,16310.0,17077.5,17312.916666666668,463186
2021-11-26,14800.0,14850.0,14250.0,14400.0,15100.0,16160.0,17039.166666666668,17267.083333333332,855356
2021-11-29,13750.0,14200.0,13750.0,14050.0,14810.0,16015.0,16990.833333333332,17225.0,1188917
2021-11-30,14150.0,14250.0,13550.0,13700.0,14420.0,15835.0,16935.833333333332,17180.0,885734
2021-12-01,13500.0,14250.0,13500.0,14250.0,14250.0,15715.0,16888.333333333332,17139.166666666668,728654
2021-12-02,13900.0,14450.0,13800.0,14400.0,14160.0,15600.0,16837.5,17098.75,538341
2021-12-03,14700.0,14850.0,14350.0,14550.0,14190.0,15522.5,16789.166666666668,17056.25,602268
2021-12-06,14400.0,14850.0,14150.0,14800.0,14340.0,15410.0,16754.166666666668,17017.916666666668,408442
2021-12-07,15150.0,15250.0,14900.0,15000.0,14600.0,15307.5,16716.666666666668,16984.583333333332,476149
2021-12-08,15100.0,15100.0,14750.0,14850.0,14720.0,15215.0,16676.666666666668,16949.583333333332,352097
2021-12-09,14950.0,15250.0,14850.0,15100.0,14860.0,15135.0,16646.666666666668,16914.583333333332,415280
2021-12-10,14900.0,15100.0,14850.0,15050.0,14960.0,15045.0,16610.833333333332,16877.5,245001
2021-12-13,14950.0,15100.0,14750.0,14800.0,14960.0,14962.5,16575.833333333332,16838.75,261599
2021-12-14,14650.0,14850.0,14550.0,14700.0,14900.0,14877.5,16531.666666666668,16806.25,210875
2021-12-15,14700.0,15000.0,14600.0,14700.0,14870.0,14817.5,16481.666666666668,16771.25,221900
2021-12-16,14750.0,14800.0,14400.0,14400.0,14730.0,14767.5,16432.5,16736.666666666668,274886
2021-12-17,14250.0,14600.0,14200.0,14600.0,14640.0,14722.5,16390.833333333332,16705.416666666668,206167
2021-12-20,14450.0,14500.0,14200.0,14250.0,14530.0,14660.0,16337.5,16670.833333333332,206840
2021-12-21,14250.0,14400.0,14200.0,14350.0,14460.0,14595.0,16291.666666666666,16637.916666666668,204383
2021-12-22,14500.0,14850.0,14450.0,14800.0,14480.0,14580.0,16250.833333333334,16609.583333333332,368594
2021-12-23,14850.0,15100.0,14800.0,14900.0,14580.0,14582.5,16208.333333333334,16582.916666666668,332191
2021-12-24,15050.0,15150.0,14950.0,15000.0,14660.0,14612.5,16167.5,16557.083333333332,284826
2021-12-27,14900.0,15000.0,14800.0,15000.0,14810.0,14660.0,16123.333333333334,16531.666666666668,188984
2021-12-28,15050.0,15250.0,14950.0,15250.0,14990.0,14737.5,16088.333333333334,16507.083333333332,391569
2021-12-29,15250.0,15450.0,15100.0,15200.0,15070.0,14785.0,16044.166666666666,16478.333333333332,402338
2021-12-30,15150.0,15150.0,14850.0,14950.0,15080.0,14812.5,16002.5,16454.166666666668,254156
2022-01-04,15150.0,15200.0,14950.0,15100.0,15100.0,14840.0,15960.0,16437.083333333332,267793
2022-01-05,15100.0,15100.0,14850.0,14950.0,15090.0,14847.5,15921.666666666666,16419.166666666668,292009
2022-01-06,14750.0,15000.0,14750.0,14950.0,15030.0,14845.0,15885.0,16400.416666666668,272442
2022-01-07,14950.0,15150.0,14800.0,15150.0,15020.0,14860.0,15844.166666666666,16380.416666666666,257787
2022-01-10,15150.0,15150.0,14750.0,14900.0,15010.0,14850.0,15798.333333333334,16362.5,296506
2022-01-11,14850.0,15000.0,14650.0,14850.0,14960.0,14840.0,15746.666666666666,16342.916666666666,211944
2022-01-12,14950.0,15200.0,14950.0,15050.0,14980.0,14852.5,15695.833333333334,16326.666666666666,274205
2022-01-13,15050.0,15650.0,15000.0,15600.0,15110.0,14897.5,15654.166666666666,16316.666666666666,804088
2022-01-14,15600.0,15800.0,15300.0,15450.0,15170.0,14935.0,15616.666666666666,16305.0,393602
2022-01-17,15600.0,15650.0,15200.0,15450.0,15280.0,14987.5,15576.666666666666,16293.75,423061
2022-01-18,15500.0,15600.0,15000.0,15200.0,15350.0,15017.5,15533.333333333334,16277.083333333334,461357
2022-01-19,15000.0,15200.0,14700.0,14850.0,15310.0,15047.5,15476.666666666666,16257.5,390535
2022-01-20,14850.0,15200.0,14750.0,15200.0,15230.0,15090.0,15426.666666666666,16244.166666666666,267808
2022-01-21,14950.0,15200.0,14900.0,15150.0,15170.0,15107.5,15381.666666666666,16227.916666666666,311444
2022-01-24,15150.0,15200.0,14650.0,14650.0,15010.0,15095.0,15329.166666666666,16207.5,314928
2022-01-25,14700.0,14750.0,14050.0,14250.0,14820.0,15057.5,15276.666666666666,16182.5,408442
2022-01-26,14250.0,14250.0,14250.0,14250.0,14700.0,15020.0,15231.666666666666,16161.25,0
2022-01-27,14650.0,14650.0,14050.0,14050.0,14470.0,14960.0,15177.5,16141.25,384463
2022-01-28,14000.0,15000.0,13850.0,14950.0,14430.0,14947.5,15149.166666666666,16127.5,601908
2022-02-03,15100.0,15500.0,14950.0,15100.0,14520.0,14955.0,15122.5,16112.083333333334,592886
2022-02-04,15000.0,16500.0,14850.0,16400.0,14950.0,15020.0,15127.5,16109.166666666666,1703729
2022-02-07,16350.0,17000.0,16050.0,16450.0,15390.0,15095.0,15117.5,16105.833333333334,2096850
2022-02-08,16450.0,16450.0,16450.0,16450.0,15870.0,15170.0,15107.5,16103.333333333334,0
2022-02-09,16450.0,16450.0,16450.0,16450.0,16170.0,15235.0,15103.333333333334,16102.916666666666,0
2022-02-10,16500.0,16750.0,16250.0,16500.0,16450.0,15315.0,15100.0,16102.916666666666,783834
2022-02-11,16400.0,17300.0,16250.0,16600.0,16490.0,15402.5,15095.833333333334,16104.166666666666,1756437
2022-02-14,16350.0,16950.0,16350.0,16650.0,16530.0,15482.5,15099.166666666666,16107.916666666666,1082669
2022-02-15,16700.0,16900.0,16250.0,16550.0,16550.0,15530.0,15101.666666666666,16115.833333333334,1027608
2022-02-16,17050.0,17200.0,16650.0,17200.0,16700.0,15617.5,15123.333333333334,16126.666666666666,1257196
2022-02-17,17100.0,17650.0,16850.0,17100.0,16820.0,15700.0,15151.666666666666,16143.333333333334,1778208
2022-02-18,17000.0,17450.0,16250.0,16600.0,16820.0,15770.0,15170.0,16156.25,1518800
2022-02-21,16600.0,16600.0,16600.0,16600.0,16810.0,15857.5,15188.333333333334,16165.0,0
2022-02-22,16600.0,16600.0,16600.0,16600.0,16820.0,15927.5,15204.166666666666,16166.666666666666,0
2022-02-23,16600.0,16600.0,16600.0,16600.0,16700.0,16000.0,15229.166666666666,16167.916666666666,0
2022-02-24,16600.0,16650.0,16000.0,16100.0,16500.0,16072.5,15250.0,16163.75,1385458
2022-02-25,16450.0,16550.0,16050.0,16450.0,16470.0,16182.5,15284.166666666666,16161.666666666666,749684
2022-02-28,16450.0,16450.0,16450.0,16450.0,16440.0,16292.5,15324.166666666666,16157.5,0
2022-03-02,16500.0,16800.0,16400.0,16650.0,16450.0,16422.5,15373.333333333334,16154.583333333334,469277
2022-03-03,16950.0,17000.0,16550.0,16650.0,16460.0,16507.5,15413.333333333334,16150.833333333334,518422
2022-03-04,16650.0,16650.0,16650.0,16650.0,16570.0,16585.0,15450.833333333334,16144.166666666666,0
2022-03-07,16400.0,16650.0,16050.0,16050.0,16490.0,16567.5,15475.833333333334,16132.5,640782
2022-03-08,15750.0,16150.0,15400.0,15650.0,16330.0,16527.5,15490.0,16122.083333333334,972959
2022-03-10,15650.0,15650.0,15650.0,15650.0,16130.0,16487.5,15500.833333333334,16108.75,0
2022-03-11,16300.0,17250.0,16250.0,17200.0,16240.0,16525.0,15540.0,16108.333333333334,1842435
2022-03-14,17200.0,17450.0,16650.0,16750.0,16260.0,16537.5,15567.5,16107.083333333334,1035374
2022-03-15,16650.0,17000.0,16400.0,16600.0,16370.0,16537.5,15593.333333333334,16102.083333333334,731310
2022-03-16,16900.0,16950.0,16500.0,16900.0,16620.0,16550.0,15628.333333333334,16102.083333333334,839901
2022-03-17,17050.0,17100.0,16700.0,16950.0,16880.0,16570.0,15665.833333333334,16098.75,655884
2022-03-18,16850.0,16900.0,16400.0,16450.0,16730.0,16532.5,15695.0,16088.333333333334,736768
2022-03-21,16450.0,16450.0,16450.0,16450.0,16670.0,16500.0,15729.166666666666,16080.833333333334,0
2022-03-22,16500.0,16650.0,16500.0,16550.0,16660.0,16497.5,15761.666666666666,16076.25,206048
2022-03-23,16650.0,16650.0,16350.0,16400.0,16560.0,16487.5,15797.5,16067.5,380397
2022-03-24,16300.0,16550.0,16200.0,16500.0,16470.0,16482.5,15833.333333333334,16062.5,334019
2022-03-25,16500.0,16500.0,16500.0,16500.0,16480.0,16477.5,15861.666666666666,16056.25,0
2022-03-28,16300.0,16400.0,16100.0,16200.0,16430.0,16482.5,15883.333333333334,16045.833333333334,360533
2022-03-29,16300.0,16600.0,16200.0,16550.0,16430.0,16487.5,15909.166666666666,16038.333333333334,513853
2022-03-30,16650.0,16700.0,16500.0,16550.0,16460.0,16492.5,15935.0,16029.166666666666,317555
2022-03-31,16500.0,16600.0,16400.0,16550.0,16470.0,16487.5,15956.666666666666,16022.5,272000
2022-04-01,16500.0,17400.0,16450.0,17250.0,16620.0,16517.5,15990.833333333334,16017.5,1720766
2022-04-04,17350.0,17550.0,17100.0,17500.0,16880.0,16560.0,16033.333333333334,16017.916666666666,934834
2022-04-05,17700.0,18250.0,17150.0,17700.0,17110.0,16642.5,16076.666666666666,16018.333333333334,2255590
2022-04-06,17650.0,17850.0,17500.0,17650.0,17330.0,16742.5,16121.666666666666,16021.666666666666,818654
2022-04-07,17450.0,17450.0,16850.0,16950.0,17410.0,16807.5,16155.0,16020.0,931641
2022-04-08,17000.0,17000.0,16550.0,16800.0,17320.0,16787.5,16182.5,16013.333333333334,484373
2022-04-11,16800.0,16950.0,16550.0,16750.0,17170.0,16787.5,16213.333333333334,16005.833333333334,549200
2022-04-12,16500.0,16700.0,16350.0,16400.0,16910.0,16777.5,16239.166666666666,15992.916666666666,480473
2022-04-13,16450.0,16600.0,16300.0,16600.0,16700.0,16762.5,16265.0,15980.416666666666,387733
2022-04-14,16750.0,16850.0,16600.0,16650.0,16640.0,16747.5,16282.5,15968.333333333334,437678
2022-04-15,16750.0,17050.0,16650.0,16950.0,16670.0,16772.5,16307.5,15962.083333333334,710050
2022-04-18,16950.0,17250.0,16800.0,16850.0,16690.0,16792.5,16330.833333333334,15953.75,543746
2022-04-19,17000.0,17000.0,16700.0,16900.0,16790.0,16810.0,16359.166666666666,15946.25,369181
2022-04-20,16950.0,17000.0,16700.0,16750.0,16820.0,16827.5,16390.833333333332,15933.75,290633
2022-04-21,16800.0,16900.0,16650.0,16650.0,16820.0,16835.0,16415.0,15920.833333333334,367123
2022-04-22,16550.0,16600.0,16250.0,16300.0,16690.0,16825.0,16434.166666666668,15907.916666666666,638999
2022-04-25,16000.0,16250.0,15800.0,16150.0,16550.0,16822.5,16459.166666666668,15894.166666666666,642831
2022-04-26,16250.0,16550.0,16050.0,16400.0,16450.0,16815.0,16495.0,15885.833333333334,351429
2022-04-27,15950.0,16350.0,15950.0,16200.0,16340.0,16797.5,16527.5,15879.583333333334,307105
2022-04-28,16300.0,16400.0,16150.0,16400.0,16290.0,16790.0,16566.666666666668,15872.083333333334,377313
2022-04-29,16450.0,16850.0,16400.0,16650.0,16360.0,16760.0,16595.0,15872.083333333334,499643
2022-05-02,16450.0,16750.0,16400.0,16600.0,16450.0,16715.0,16620.0,15871.25,457791
2022-05-03,16650.0,16650.0,16250.0,16250.0,16420.0,16642.5,16617.5,15872.5,492305
2022-05-04,16300.0,16350.0,16000.0,16050.0,16390.0,16562.5,16610.833333333332,15864.166666666666,375552
2022-05-06,15850.0,16000.0,15500.0,15700.0,16250.0,16500.0,16598.333333333332,15852.916666666666,645772
2022-05-10,14750.0,15100.0,14550.0,15100.0,15940.0,16415.0,16575.833333333332,15839.583333333334,679283
2022-05-11,15050.0,15350.0,14850.0,15250.0,15670.0,16340.0,16555.0,15827.5,430599
2022-05-12,15050.0,15150.0,14700.0,14700.0,15360.0,16255.0,16523.333333333332,15809.583333333334,544991
2022-05-13,14800.0,15450.0,14800.0,15450.0,15240.0,16197.5,16503.333333333332,15801.25,573483
2022-05-16,15550.0,15550.0,15250.0,15400.0,15180.0,16135.0,16484.166666666668,15792.916666666666,319946
2022-05-17,15450.0,15450.0,15200.0,15300.0,15220.0,16052.5,16452.5,15787.916666666666,238932
2022-05-18,15400.0,15500.0,15200.0,15350.0,15240.0,15977.5,16423.333333333332,15787.5,273987
2022-05-19,15000.0,15150.0,14850.0,15000.0,15300.0,15882.5,16396.666666666668,15783.333333333334,328613
2022-05-20,15100.0,15450.0,15100.0,15350.0,15280.0,15812.5,16375.833333333334,15782.083333333334,320917
2022-05-23,15350.0,15350.0,15050.0,15250.0,15250.0,15742.5,16353.333333333334,15778.75,278088
2022-05-24,15100.0,15250.0,14850.0,14950.0,15180.0,15675.0,16325.833333333334,15777.5,328909
2022-05-25,15000.0,15250.0,14950.0,15050.0,15120.0,15620.0,16308.333333333334,15779.166666666666,252177
2022-05-26,15200.0,15850.0,15150.0,15600.0,15240.0,15580.0,16294.166666666666,15789.166666666666,838813
2022-05-27,15950.0,16400.0,15700.0,16300.0,15430.0,15585.0,16291.666666666666,15807.916666666666,1205735
2022-05-30,16400.0,16550.0,16300.0,16350.0,15650.0,15582.5,16286.666666666666,15830.0,436290
2022-05-31,16450.0,16500.0,16150.0,16400.0,15940.0,15570.0,16282.5,15847.916666666666,428670
2022-06-02,16400.0,16600.0,16150.0,16500.0,16230.0,15565.0,16280.0,15865.416666666666,474278
2022-06-03,16600.0,16900.0,16500.0,16650.0,16440.0,15585.0,16290.0,15882.916666666666,737884
2022-06-07,16700.0,16800.0,16450.0,16550.0,16490.0,15610.0,16305.0,15897.5,463827
2022-06-08,16650.0,16750.0,16450.0,16550.0,16530.0,15652.5,16320.0,15910.416666666666,308488
2022-06-09,16600.0,16650.0,16350.0,16550.0,16560.0,15725.0,16309.166666666666,15924.583333333334,399739
2022-06-10,16400.0,16800.0,16250.0,16600.0,16580.0,15792.5,16306.666666666666,15937.083333333334,627370
2022-06-13,16250.0,16350.0,15750.0,15800.0,16410.0,15847.5,16293.333333333334,15943.333333333334,771225
2022-06-14,15500.0,15900.0,15350.0,15800.0,16260.0,15865.0,16275.0,15951.666666666666,650771
2022-06-15,15750.0,15800.0,15150.0,15400.0,16030.0,15865.0,16249.166666666666,15957.5,502946
2022-06-16,15650.0,15700.0,15150.0,15150.0,15750.0,15857.5,16227.5,15961.25,371493
2022-06-17,14650.0,15350.0,14650.0,15300.0,15490.0,15855.0,16208.333333333334,15968.75,513883
2022-06-20,15350.0,15400.0,14800.0,15000.0,15330.0,15855.0,16182.5,15972.083333333334,499557
2022-06-21,14950.0,15600.0,14900.0,15350.0,15240.0,15855.0,16165.0,15981.25,465754
2022-06-22,15450.0,15500.0,14600.0,14700.0,15100.0,15827.5,16135.0,15984.166666666666,639813
2022-06-23,14600.0,14950.0,12700.0,12850.0,14640.0,15722.5,16074.166666666666,15967.916666666666,2448595
2022-06-24,12900.0,13600.0,12900.0,13450.0,14270.0,15642.5,16028.333333333334,15955.833333333334,900369
2022-06-27,13600.0,14100.0,13350.0,13950.0,14060.0,15560.0,15985.0,15947.083333333334,613331
2022-06-28,13900.0,14000.0,13500.0,13650.0,13720.0,15427.5,15936.666666666666,15935.833333333334,444842
2022-06-29,13700.0,13950.0,13350.0,13750.0,13530.0,15297.5,15890.0,15923.333333333334,661554
2022-06-30,13800.0,13850.0,13450.0,13500.0,13660.0,15152.5,15827.5,15909.166666666666,353700
2022-07-01,13550.0,13750.0,13200.0,13350.0,13640.0,14995.0,15758.333333333334,15895.833333333334,447582
2022-07-04,13400.0,13550.0,13050.0,13300.0,13510.0,14827.5,15685.0,15880.833333333334,322157
2022-07-05,13300.0,13900.0,13250.0,13650.0,13510.0,14682.5,15618.333333333334,15870.0,496835
2022-07-06,13650.0,13900.0,13400.0,13400.0,13440.0,14525.0,15559.166666666666,15857.083333333334,447999
2022-07-07,13500.0,13900.0,13400.0,13850.0,13510.0,14390.0,15510.0,15846.25,440991
2022-07-08,13900.0,13950.0,13550.0,13700.0,13580.0,14245.0,15459.166666666666,15836.25,257449
2022-07-11,13650.0,13650.0,12650.0,12700.0,13460.0,14090.0,15397.5,15818.333333333334,1276542
2022-07-12,12500.0,12600.0,12050.0,12350.0,13200.0,13917.5,15326.666666666666,15795.833333333334,891480
2022-07-13,12250.0,12800.0,12250.0,12750.0,13070.0,13785.0,15261.666666666666,15772.083333333334,543752
2022-07-14,12550.0,13000.0,12500.0,12750.0,12850.0,13665.0,15191.666666666666,15749.583333333334,443373
2022-07-15,12850.0,12900.0,12400.0,12650.0,12640.0,13532.5,15121.666666666666,15726.25,298566
2022-07-18,12800.0,12900.0,12650.0,12750.0,12650.0,13420.0,15052.5,15705.833333333334,420403
2022-07-19,12600.0,12750.0,12500.0,12600.0,12700.0,13282.5,14983.333333333334,15687.083333333334,281683
2022-07-20,12800.0,12950.0,12600.0,12650.0,12680.0,13180.0,14916.666666666666,15665.833333333334,394536
2022-07-21,12800.0,13050.0,12700.0,12850.0,12700.0,13180.0,14859.166666666666,15646.666666666666,442113
2022-07-22,12900.0,13350.0,12850.0,13100.0,12790.0,13162.5,14808.333333333334,15633.75,735317
2022-07-25,13050.0,13250.0,13000.0,13250.0,12890.0,13127.5,14755.833333333334,15625.416666666666,276606
2022-07-26,13150.0,13250.0,13000.0,13150.0,13000.0,13102.5,14705.0,15616.25,206091
2022-07-27,13100.0,13150.0,13000.0,13150.0,13100.0,13072.5,14650.833333333334,15608.75,158316
2022-07-28,13250.0,13450.0,13100.0,13400.0,13210.0,13067.5,14596.666666666666,15595.833333333334,421533
2022-07-29,13450.0,13650.0,13400.0,13550.0,13300.0,13077.5,14545.833333333334,15582.916666666666,296675
2022-08-01,13600.0,13800.0,13500.0,13600.0,13370.0,13092.5,14501.666666666666,15559.583333333334,206927
2022-08-02,13500.0,14050.0,13450.0,13900.0,13520.0,13105.0,14465.833333333334,15538.333333333334,676439
2022-08-03,13900.0,14400.0,13750.0,14300.0,13750.0,13150.0,14442.5,15520.416666666666,720927
2022-08-04,14450.0,14900.0,14350.0,14550.0,13980.0,13185.0,14433.333333333334,15504.583333333334,928192
2022-08-05,14550.0,14600.0,14300.0,14550.0,14180.0,13227.5,14421.666666666666,15488.333333333334,382775
2022-08-08,14450.0,14800.0,14350.0,14700.0,14400.0,13327.5,14421.666666666666,15472.5,410645
2022-08-09,14700.0,14900.0,14450.0,14800.0,14580.0,13450.0,14410.833333333334,15457.083333333334,374439
2022-08-10,14700.0,14950.0,14500.0,14750.0,14670.0,13550.0,14400.0,15442.083333333334,428970
2022-08-11,14800.0,15200.0,14800.0,15100.0,14780.0,13667.5,14396.666666666666,15424.583333333334,652042
2022-08-12,15150.0,15250.0,14850.0,15150.0,14900.0,13792.5,14393.333333333334,15408.333333333334,330465
2022-08-16,15300.0,15500.0,15100.0,15200.0,15000.0,13915.0,14396.666666666666,15396.666666666666,408916
2022-08-17,15100.0,15300.0,14900.0,15200.0,15080.0,14045.0,14394.166666666666,15385.0,247425
2022-08-18,15000.0,15500.0,14900.0,15300.0,15190.0,14177.5,14395.0,15374.166666666666,470428
2022-08-19,15200.0,15300.0,15000.0,15150.0,15200.0,14292.5,14398.333333333334,15362.083333333334,368743
2022-08-22,14950.0,15250.0,14750.0,15050.0,15180.0,14390.0,14398.333333333334,15353.333333333334,367476
2022-08-23,14850.0,15100.0,14650.0,14750.0,15090.0,14465.0,14384.166666666666,15339.166666666666,419223
2022-08-24,14500.0,16000.0,14500.0,15850.0,15220.0,14600.0,14376.666666666666,15334.166666666666,1784630
2022-08-25,15900.0,16200.0,15700.0,16050.0,15370.0,14745.0,14371.666666666666,15329.166666666666,609401
2022-08-26,16000.0,16050.0,15500.0,15550.0,15450.0,14852.5,14357.5,15320.0,475249
2022-08-29,15100.0,15750.0,15050.0,15600.0,15560.0,14955.0,14342.5,15311.25,783574
2022-08-30,15700.0,16050.0,15600.0,15800.0,15770.0,15065.0,14328.333333333334,15309.166666666666,568652
2022-08-31,15800.0,16200.0,15550.0,16000.0,15800.0,15170.0,14319.166666666666,15312.083333333334,877660
2022-09-01,15900.0,16400.0,15800.0,16050.0,15800.0,15257.5,14310.833333333334,15315.416666666666,1065081
2022-09-02,16150.0,16550.0,15950.0,16300.0,15950.0,15345.0,14306.666666666666,15307.916666666666,903518
2022-09-05,16350.0,16600.0,16000.0,16100.0,16050.0,15422.5,14298.333333333334,15302.5,588799
2022-09-06,16250.0,16400.0,16000.0,16150.0,16120.0,15495.0,14304.166666666666,15298.75,415779
2022-09-07,16050.0,16100.0,15750.0,16050.0,16130.0,15557.5,14308.333333333334,15291.666666666666,381878
2022-09-08,16250.0,16300.0,15900.0,16050.0,16130.0,15622.5,14319.166666666666,15284.166666666666,394160
2022-09-13,16200.0,16500.0,16150.0,16300.0,16130.0,15682.5,14338.333333333334,15282.916666666666,435065
2022-09-14,15800.0,16400.0,15700.0,16150.0,16140.0,15732.5,14352.5,15280.416666666666,475504
2022-09-15,16200.0,16350.0,16100.0,16200.0,16150.0,15782.5,14372.5,15277.5,251280
2022-09-16,16150.0,16200.0,15900.0,16200.0,16180.0,15832.5,14386.666666666666,15275.833333333334,306699
2022-09-19,16200.0,16250.0,15900.0,16000.0,16170.0,15867.5,14408.333333333334,15271.666666666666,342042
2022-09-20,16200.0,16850.0,16150.0,16750.0,16260.0,15947.5,14473.333333333334,15273.75,1184618
2022-09-21,16800.0,16950.0,16400.0,16450.0,16320.0,16017.5,14523.333333333334,15275.833333333334,614557
2022-09-22,16250.0,16750.0,16000.0,16650.0,16410.0,16112.5,14568.333333333334,15276.666666666666,682396
2022-09-23,16550.0,16550.0,15400.0,15650.0,16300.0,16102.5,14601.666666666666,15269.166666666666,1534034
2022-09-26,15350.0,15550.0,14900.0,15050.0,16110.0,16052.5,14623.333333333334,15256.666666666666,720759
2022-09-27,15300.0,16250.0,15200.0,16200.0,16000.0,16085.0,14668.333333333334,15247.916666666666,1630429
2022-09-28,16200.0,16450.0,15650.0,15900.0,15890.0,16100.0,14710.833333333334,15234.583333333334,930376
2022-09-29,15950.0,16100.0,15550.0,15650.0,15690.0,16092.5,14750.0,15217.5,703622
2022-09-30,15550.0,15800.0,15200.0,15400.0,15640.0,16062.5,14779.166666666666,15198.75,637828
2022-10-04,15500.0,16000.0,15450.0,16000.0,15830.0,16060.0,14822.5,15190.833333333334,419481
2022-10-05,16150.0,16200.0,15350.0,15600.0,15710.0,16025.0,14851.666666666666,15180.833333333334,698250
2022-10-06,15700.0,15750.0,15200.0,15700.0,15670.0,16005.0,14885.0,15172.083333333334,774837
2022-10-07,15700.0,16300.0,15550.0,16200.0,15780.0,16007.5,14943.333333333334,15170.416666666666,998972
2022-10-11,15950.0,16100.0,14850.0,15050.0,15710.0,15957.5,14988.333333333334,15157.5,1128127
2022-10-12,15050.0,15150.0,14700.0,15000.0,15510.0,15905.0,15025.833333333334,15143.75,555918
2022-10-13,14850.0,14950.0,14250.0,14350.0,15260.0,15807.5,15052.5,15122.083333333334,751123
2022-10-14,14700.0,15000.0,14450.0,14850.0,15090.0,15742.5,15089.166666666666,15105.416666666666,515670
2022-10-17,14550.0,14750.0,14400.0,14600.0,14770.0,15662.5,15120.0,15086.25,351935
2022-10-18,14850.0,15500.0,14800.0,15400.0,14840.0,15622.5,15166.666666666666,15075.0,830248
2022-10-19,15500.0,15550.0,14950.0,15050.0,14850.0,15575.0,15206.666666666666,15061.666666666666,424486
2022-10-20,15050.0,15200.0,14550.0,14800.0,14940.0,15477.5,15239.166666666666,15049.166666666666,363162
2022-10-21,14850.0,14950.0,14550.0,14750.0,14920.0,15392.5,15266.666666666666,15037.5,286496
2022-10-24,14950.0,15000.0,14350.0,14450.0,14890.0,15282.5,15286.666666666666,15021.25,518907
2022-10-25,14350.0,14400.0,13750.0,13950.0,14600.0,15197.5,15300.0,15002.5,796482
2022-10-26,13900.0,14000.0,13600.0,13850.0,14360.0,15137.5,15311.666666666666,14981.25,518605
2022-10-27,13850.0,14300.0,13800.0,14050.0,14210.0,15030.0,15322.5,14959.583333333334,524094
2022-10-28,14000.0,14550.0,13900.0,14150.0,14090.0,14942.5,15332.5,14939.166666666666,385200
2022-10-31,14300.0,14350.0,13850.0,14200.0,14040.0,14870.0,15342.5,14922.083333333334,256720
2022-11-01,14150.0,14550.0,14150.0,14500.0,14150.0,14825.0,15352.5,14909.166666666666,323863
2022-11-02,14400.0,14800.0,14300.0,14750.0,14330.0,14762.5,15360.0,14901.25,516813
2022-11-03,14550.0,14750.0,14450.0,14450.0,14410.0,14705.0,15358.333333333334,14895.833333333334,293257
2022-11-04,14400.0,15200.0,14150.0,15100.0,14600.0,14675.0,15367.5,14894.583333333334,1202491
2022-11-07,14800.0,15000.0,14200.0,14900.0,14740.0,14610.0,15370.833333333334,14896.25,771140
2022-11-08,14900.0,15300.0,14750.0,15150.0,14870.0,14615.0,15376.666666666666,14893.75,492403
2022-11-09,15150.0,15300.0,14900.0,15000.0,14920.0,14615.0,15380.833333333334,14890.416666666666,513078
2022-11-10,14850.0,15850.0,14700.0,15250.0,15080.0,14660.0,15383.333333333334,14890.0,1738096
2022-11-11,15950.0,16600.0,15900.0,16550.0,15370.0,14745.0,15406.666666666666,14900.0,2151493
2022-11-14,16600.0,16950.0,16500.0,16650.0,15720.0,14847.5,15430.833333333334,14913.75,1070603
2022-11-15,16650.0,16950.0,16550.0,16900.0,16070.0,14922.5,15459.166666666666,14926.666666666666,602558
2022-11-16,16900.0,17100.0,16600.0,17050.0,16480.0,15022.5,15488.333333333334,14941.666666666666,832221
2022-11-17,16900.0,17250.0,16500.0,16900.0,16810.0,15127.5,15517.5,14957.916666666666,774579
2022-11-18,16900.0,17000.0,16600.0,16750.0,16850.0,15227.5,15545.833333333334,14972.083333333334,572774
2022-11-21,16750.0,16800.0,16050.0,16200.0,16760.0,15315.0,15570.0,14977.083333333334,996726
2022-11-22,16200.0,16300.0,15500.0,15650.0,16510.0,15400.0,15566.666666666666,14971.666666666666,1020983
2022-11-23,15750.0,16150.0,15600.0,16050.0,16310.0,15510.0,15566.666666666666,14969.166666666666,552453
2022-11-24,16100.0,16350.0,16000.0,16150.0,16160.0,15615.0,15576.666666666666,14967.083333333334,352746
2022-11-25,16200.0,16300.0,15950.0,16200.0,16050.0,15717.5,15586.666666666666,14964.583333333334,232147
2022-11-28,16050.0,16300.0,15850.0,16200.0,16050.0,15817.5,15593.333333333334,14960.833333333334,390614
2022-11-29,16100.0,17100.0,16050.0,16900.0,16300.0,15937.5,15608.333333333334,14963.75,1443661
2022-11-30,16800.0,17450.0,16700.0,17200.0,16530.0,16060.0,15627.5,14969.166666666666,1348710
2022-12-01,17400.0,17600.0,17050.0,17250.0,16750.0,16200.0,15643.333333333334,14975.0,1354772
2022-12-02,17150.0,17550.0,17050.0,17400.0,16990.0,16315.0,15665.0,14981.666666666666,794374
2022-12-05,17550.0,18250.0,17450.0,18050.0,17360.0,16472.5,15696.666666666666,15000.416666666666,2256936
2022-12-06,17950.0,18200.0,17550.0,17750.0,17530.0,16602.5,15725.0,15016.666666666666,987198
2022-12-07,17750.0,18200.0,17600.0,17700.0,17630.0,16737.5,15752.5,15035.833333333334,990955
2022-12-08,17650.0,17850.0,17050.0,17650.0,17710.0,16857.5,15775.0,15056.666666666666,1222912
2022-12-09,17800.0,17850.0,17200.0,17650.0,17760.0,16912.5,15800.0,15076.25,963545
2022-12-12,17500.0,17700.0,17300.0,17600.0,17670.0,16960.0,15823.333333333334,15097.916666666666,465060
2022-12-13,17750.0,17750.0,17250.0,17450.0,17610.0,16987.5,15844.166666666666,15115.416666666666,495799
2022-12-14,17500.0,17550.0,17300.0,17500.0,17570.0,17010.0,15869.166666666666,15138.75,347268
2022-12-15,17550.0,17700.0,17200.0,17300.0,17500.0,17030.0,15878.333333333334,15175.833333333334,495959
2022-12-16,17000.0,17750.0,16950.0,17700.0,17510.0,17077.5,15899.166666666666,15211.25,656816
2022-12-19,17650.0,17900.0,17350.0,17750.0,17540.0,17155.0,15917.5,15242.916666666666,520684
2022-12-20,17700.0,17700.0,17100.0,17400.0,17530.0,17242.5,15946.666666666666,15274.166666666666,620561
2022-12-21,17450.0,17500.0,17100.0,17450.0,17520.0,17312.5,15986.666666666666,15305.0,296380
2022-12-22,17500.0,17600.0,17200.0,17600.0,17580.0,17385.0,16010.0,15339.166666666666,508871
2022-12-23,17300.0,17500.0,17200.0,17400.0,17520.0,17445.0,16035.0,15372.916666666666,429134
2022-12-26,17300.0,17400.0,16600.0,17000.0,17370.0,17485.0,16057.5,15403.75,662945
2022-12-27,17150.0,17900.0,17150.0,17750.0,17440.0,17527.5,16096.666666666666,15437.916666666666,950183
2022-12-28,17750.0,18350.0,17550.0,18100.0,17570.0,17572.5,16131.666666666666,15477.083333333334,1438424
2022-12-29,17750.0,18000.0,17450.0,17600.0,17570.0,17590.0,16165.0,15508.333333333334,850809
2023-01-02,17200.0,17600.0,16500.0,17450.0,17580.0,17592.5,16194.166666666666,15539.583333333334,1209714
2023-01-03,17350.0,17900.0,17100.0,17600.0,17700.0,17570.0,16217.5,15580.416666666666,725268
2023-01-04,17550.0,17800.0,17150.0,17600.0,17670.0,17562.5,16260.0,15624.166666666666,499513
2023-01-05,17700.0,17950.0,17500.0,17900.0,17630.0,17572.5,16308.333333333334,15667.083333333334,586475
2023-01-06,17850.0,18150.0,17400.0,17500.0,17610.0,17565.0,16360.833333333334,15706.666666666666,797768
2023-01-09,17650.0,17800.0,17450.0,17600.0,17640.0,17562.5,16406.666666666668,15747.916666666666,673145
2023-01-10,17500.0,17650.0,17150.0,17200.0,17560.0,17542.5,16450.0,15785.0,722954
2023-01-11,17250.0,17800.0,17200.0,17700.0,17580.0,17555.0,16488.333333333332,15827.5,754043
2023-01-12,17650.0,17700.0,16900.0,16900.0,17380.0,17525.0,16519.166666666668,15862.916666666666,1413710
2023-01-13,17000.0,17250.0,16950.0,17000.0,17280.0,17510.0,16555.833333333332,15897.5,551061
2023-01-16,17050.0,17700.0,17000.0,17500.0,17260.0,17500.0,16601.666666666668,15934.166666666666,832528
2023-01-17,17550.0,17700.0,17400.0,17550.0,17330.0,17490.0,16653.333333333332,15970.0,523808
2023-01-18,17500.0,18150.0,17300.0,17550.0,17300.0,17497.5,16713.333333333332,16006.666666666666,1342226
2023-01-19,17450.0,17950.0,17400.0,17900.0,17500.0,17520.0,16780.833333333332,16046.25,694920
2023-01-20,17950.0,18250.0,17650.0,18200.0,17740.0,17550.0,16850.0,16086.25,936569
2023-01-25,18350.0,18450.0,17960.0,18280.0,17896.0,17594.0,16918.833333333332,16125.666666666666,5762
2023-01-26,18290.0,18430.0,18090.0,18280.0,18042.0,17658.0,16986.833333333332,16164.666666666666,2424
2023-01-27,18230.0,18670.0,17680.0,18100.0,18152.0,17675.5,17046.833333333332,16199.666666666666,2309
2023-01-30,18120.0,18220.0,17980.0,18050.0,18182.0,17673.0,17101.833333333332,16230.916666666666,2535
2023-01-31,18000.0,18150.0,17880.0,18050.0,18152.0,17695.5,17161.833333333332,16260.083333333334,9191
2023-02-01,18150.0,18200.0,17580.0,17650.0,18026.0,17705.5,17204.333333333332,16285.916666666666,3916
2023-02-02,17740.0,17910.0,17390.0,17610.0,17892.0,17706.0,17249.5,16310.166666666666,4204
2023-02-03,17600.0,17690.0,17280.0,17350.0,17742.0,17693.5,17286.166666666668,16331.416666666666,4362
2023-02-06,17300.0,17840.0,17110.0,17560.0,17644.0,17676.5,17328.833333333332,16354.833333333334,6966
2023-02-07,17550.0,17640.0,17270.0,17600.0,17554.0,17681.5,17368.0,16375.666666666666,6685
2023-02-08,17670.0,17670.0,17400.0,17440.0,17512.0,17673.5,17382.833333333332,16394.75,3316
2023-02-09,17490.0,18180.0,17430.0,17980.0,17586.0,17712.5,17405.0,16417.916666666668,4451
2023-02-10,18060.0,18800.0,18000.0,18320.0,17780.0,17743.5,17428.666666666668,16443.916666666668,7972
2023-02-13,18430.0,18600.0,17880.0,18030.0,17874.0,17800.0,17445.0,16466.666666666668,4845
2023-02-14,18130.0,18360.0,17950.0,18130.0,17980.0,17856.5,17465.5,16491.5,3459
2023-02-15,18250.0,18260.0,17850.0,17880.0,18068.0,17875.5,17484.333333333332,16515.083333333332,2381
2023-02-16,17990.0,18100.0,17710.0,17880.0,18048.0,17892.0,17512.333333333332,16541.166666666668,1636
2023-02-17,17850.0,18060.0,17560.0,17790.0,17942.0,17904.0,17548.0,16557.333333333332,2058
2023-02-20,17790.0,17830.0,17500.0,17580.0,17852.0,17888.0,17573.5,16570.083333333332,3208
2023-02-21,17670.0,17670.0,16910.0,17000.0,17626.0,17828.0,17587.666666666668,16582.166666666668,5684
2023-02-22,16840.0,16840.0,16440.0,16490.0,17348.0,17738.5,17592.5,16589.583333333332,6925
2023-02-23,16630.0,16960.0,16630.0,16730.0,17118.0,17661.0,17601.333333333332,16597.333333333332,2958
2023-02-24,16780.0,16780.0,16470.0,16480.0,16856.0,17580.0,17594.333333333332,16601.333333333332,6135
2023-02-27,16480.0,16540.0,16110.0,16440.0,16628.0,17499.5,17581.666666666668,16604.583333333332,546971
2023-02-28,16530.0,16930.0,16530.0,16740.0,16576.0,17434.0,17573.166666666668,16608.25,814704
2023-03-02,16990.0,17260.0,16990.0,17100.0,16698.0,17406.5,17568.166666666668,16616.583333333332,935166
2023-03-03,17210.0,17220.0,16820.0,16880.0,16728.0,17370.0,17548.666666666668,16622.666666666668,560604
2023-03-06,17040.0,17040.0,16610.0,16790.0,16790.0,17342.0,17532.666666666668,16628.833333333332,590099
2023-03-07,16850.0,16860.0,16140.0,16200.0,16742.0,17274.0,17507.666666666668,16630.083333333332,1016564
2023-03-08,16040.0,16100.0,15700.0,15990.0,16592.0,17193.5,17480.0,16627.5,718608
2023-03-09,16080.0,16410.0,15930.0,16130.0,16398.0,17128.0,17454.666666666668,16627.333333333332,488731
2023-03-10,16050.0,16050.0,15760.0,15800.0,16182.0,17019.0,17424.666666666668,16624.0,441999
2023-03-13,15670.0,15850.0,15420.0,15850.0,15994.0,16895.5,17398.0,16621.083333333332,483093
2023-03-14,15760.0,15800.0,15200.0,15540.0,15862.0,16771.0,17365.333333333332,16617.25,717718
2023-03-15,15700.0,15700.0,15260.0,15380.0,15740.0,16633.5,17333.333333333332,16605.833333333332,608063
2023-03-16,15260.0,15580.0,15070.0,15450.0,15604.0,16512.0,17295.833333333332,16597.5,501281
2023-03-17,15550.0,16010.0,15460.0,15900.0,15624.0,16413.0,17265.0,16591.25,738261
2023-03-20,15860.0,16500.0,15850.0,15970.0,15648.0,16322.0,17241.166666666668,16593.916666666668,1075769
2023-03-21,16060.0,16340.0,15900.0,16300.0,15800.0,16258.0,17222.0,16604.333333333332,638805
2023-03-22,16350.0,16360.0,15740.0,15970.0,15918.0,16206.5,17194.833333333332,16602.416666666668,909970
2023-03-23,15940.0,16510.0,15820.0,16400.0,16108.0,16202.0,17178.166666666668,16606.583333333332,1090181
2023-03-24,16450.0,16450.0,16080.0,16360.0,16200.0,16183.5,17167.5,16612.5,635705
2023-03-27,16390.0,16460.0,15840.0,16230.0,16252.0,16171.0,17142.166666666668,16619.416666666668,1053462
2023-03-28,16250.0,16450.0,16170.0,16390.0,16270.0,16168.5,17113.666666666668,16622.666666666668,621463
2023-03-29,16420.0,16770.0,16310.0,16750.0,16426.0,16169.0,17099.5,16632.25,889429
2023-03-30,16800.0,16830.0,16470.0,16700.0,16486.0,16149.0,17087.0,16640.583333333332,647109
2023-03-31,16750.0,16800.0,16580.0,16790.0,16572.0,16144.5,17073.5,16645.5,522024
2023-04-03,16890.0,17150.0,16800.0,16890.0,16704.0,16149.5,17061.666666666668,16660.833333333332,800011
2023-04-04,16870.0,17100.0,16570.0,16750.0,16776.0,16177.0,17042.5,16675.416666666668,931968
2023-04-05,16660.0,16770.0,16210.0,16240.0,16674.0,16189.5,17021.5,16691.166666666668,1084645
2023-04-06,16250.0,16460.0,16130.0,16350.0,16604.0,16200.5,17000.666666666668,16703.666666666668,518094
2023-04-07,16350.0,16540.0,16270.0,16400.0,16526.0,16230.5,16987.333333333332,16718.666666666668,429585
2023-04-10,16390.0,16390.0,16010.0,16120.0,16372.0,16244.0,16961.0,16724.666666666668,687225
2023-04-11,16110.0,16540.0,16100.0,16350.0,16292.0,16284.5,16951.833333333332,16735.5,614387
2023-04-12,16390.0,16480.0,16160.0,16240.0,16292.0,16327.5,16939.166666666668,16747.5,388022
2023-04-13,16200.0,16370.0,16020.0,16130.0,16248.0,16361.5,16916.333333333332,16759.0,839463
2023-04-14,16200.0,16330.0,16090.0,16150.0,16198.0,16374.0,16893.0,16773.166666666668,633617
2023-04-17,16180.0,16180.0,15710.0,15790.0,16132.0,16365.0,16863.666666666668,16788.5,1167180
2023-04-18,15870.0,16460.0,15740.0,16440.0,16150.0,16372.0,16839.333333333332,16810.083333333332,1444823
2023-04-19,16490.0,16630.0,16250.0,16500.0,16202.0,16398.5,16811.0,16830.5,863852
2023-04-20,16560.0,16580.0,16230.0,16450.0,16266.0,16401.0,16780.5,16849.666666666668,881521
2023-04-21,16350.0,16360.0,14620.0,14740.0,15984.0,16320.0,16721.5,16854.166666666668,4305875
2023-04-24,14700.0,14890.0,14460.0,14840.0,15794.0,16250.5,16667.166666666668,16857.0,1260433
2023-04-25,14750.0,15050.0,14610.0,14880.0,15482.0,16175.0,16614.333333333332,16858.083333333332,1084662
2023-04-26,14750.0,15200.0,14690.0,15180.0,15218.0,16096.5,16566.5,16864.166666666668,825641
2023-04-27,15200.0,15250.0,15000.0,15150.0,14958.0,16019.0,16524.833333333332,16864.583333333332,511971
2023-04-28,15180.0,15460.0,15040.0,15350.0,15080.0,15947.0,16487.166666666668,16868.333333333332,763955
2023-05-02,15360.0,15770.0,15250.0,15750.0,15262.0,15890.0,16460.5,16873.333333333332,753754
2023-05-03,15690.0,15930.0,15540.0,15550.0,15396.0,15830.0,16427.0,16877.916666666668,690525
2023-05-04,15580.0,15590.0,15290.0,15370.0,15434.0,15786.5,16389.833333333332,16878.916666666668,419221
2023-05-08,15480.0,15480.0,14840.0,14870.0,15378.0,15712.5,16347.0,16864.916666666668,1487652
2023-05-09,14930.0,15080.0,14830.0,14920.0,15292.0,15638.5,16296.0,16850.5,657218
2023-05-10,14950.0,15230.0,14910.0,14980.0,15138.0,15581.5,16240.333333333334,16834.5,793072
2023-05-11,15200.0,15230.0,14960.0,14980.0,15024.0,15513.0,16189.5,16817.25,885964
2023-05-12,15000.0,15200.0,14910.0,15110.0,14972.0,15456.5,16139.166666666666,16802.333333333332,882005
2023-05-15,15100.0,15100.0,14750.0,14950.0,14988.0,15397.5,16090.333333333334,16787.333333333332,735132
2023-05-16,15010.0,15070.0,14770.0,14780.0,14960.0,15329.0,16038.666666666666,16775.5,450600
2023-05-17,14750.0,15180.0,14750.0,15150.0,14994.0,15297.0,15994.666666666666,16771.333333333332,482265
2023-05-18,15210.0,15340.0,15040.0,15080.0,15014.0,15229.0,15953.0,16763.25,494719
2023-05-19,15090.0,15240.0,14990.0,15190.0,15030.0,15163.5,15922.833333333334,16755.25,473109
2023-05-22,15250.0,15310.0,15100.0,15210.0,15082.0,15101.5,15901.5,16747.0,408520
2023-05-23,15160.0,15310.0,15060.0,15270.0,15180.0,15128.0,15877.166666666666,16739.25,352669
2023-05-24,15120.0,15150.0,15000.0,15000.0,15150.0,15136.0,15852.5,16723.416666666668,322819
2023-05-25,14950.0,15060.0,14680.0,14720.0,15078.0,15128.0,15823.833333333334,16702.75,533963
2023-05-26,14700.0,14850.0,14590.0,14800.0,15000.0,15109.0,15791.5,16682.333333333332,371505
2023-05-30,14800.0,14800.0,14360.0,14470.0,14852.0,15075.0,15747.666666666666,16657.916666666668,669597
2023-05-31,14440.0,14580.0,14310.0,14360.0,14670.0,15025.5,15705.666666666666,16627.166666666668,515805
2023-06-01,14370.0,14660.0,14260.0,14430.0,14556.0,14959.5,15666.333333333334,16599.5,778533
2023-06-02,14500.0,14500.0,14290.0,14340.0,14480.0,14899.0,15635.333333333334,16571.5,378432
2023-06-05,14500.0,14670.0,14420.0,14460.0,14412.0,14853.5,15609.833333333334,16544.916666666668,507219
2023-06-07,14510.0,14620.0,14460.0,14460.0,14410.0,14833.0,15582.0,16518.333333333332,403299
2023-06-08,14490.0,14490.0,14270.0,14270.0,14392.0,14800.5,15556.5,16490.583333333332,598319
2023-06-09,14360.0,14490.0,14120.0,14180.0,14342.0,14760.5,15528.666666666666,16463.333333333332,739706
2023-06-12,14180.0,14180.0,13610.0,13920.0,14258.0,14707.5,15501.666666666666,16433.5,1129582
2023-06-13,13950.0,14230.0,13920.0,13930.0,14152.0,14648.5,15477.5,16405.416666666668,759720
2023-06-14,13960.0,13970.0,13640.0,13800.0,14020.0,14591.0,15450.0,16372.916666666666,558559
2023-06-15,13800.0,13820.0,13480.0,13620.0,13890.0,14533.0,15412.0,16338.5,652826
2023-06-16,13650.0,13890.0,13650.0,13740.0,13802.0,14462.5,15374.833333333334,16308.0,427925
2023-06-19,13770.0,14030.0,13700.0,13910.0,13800.0,14404.0,15335.0,16278.5,498744
2023-06-20,14100.0,14510.0,14090.0,14140.0,13842.0,14351.5,15304.5,16249.666666666666,1420438
2023-06-21,14140.0,14640.0,14100.0,14550.0,13992.0,14318.5,15273.666666666666,16225.916666666666,1481501
2023-06-22,14500.0,14630.0,14300.0,14470.0,14162.0,14278.5,15242.166666666666,16204.833333333334,579938
2023-06-23,14530.0,14550.0,14330.0,14400.0,14294.0,14248.5,15211.666666666666,16176.916666666666,475724
2023-06-26,14390.0,14470.0,13960.0,14000.0,14312.0,14212.5,15171.833333333334,16142.75,580662
2023-06-27,14000.0,14370.0,13940.0,14090.0,14302.0,14177.0,15127.5,16113.5,601809
2023-06-28,14110.0,14300.0,14060.0,14190.0,14230.0,14163.0,15085.666666666666,16086.333333333334,438747
2023-06-29,14240.0,14260.0,13810.0,13880.0,14112.0,14139.0,15037.166666666666,16055.333333333334,504659
2023-06-30,13870.0,14210.0,13820.0,14130.0,14058.0,14124.0,14991.166666666666,16026.416666666666,621156
2023-07-03,14230.0,14750.0,14080.0,14490.0,14156.0,14131.5,14953.5,15998.0,1291958
2023-07-04,14750.0,15100.0,14480.0,14520.0,14242.0,14134.5,14924.833333333334,15973.166666666666,1633861
2023-07-05,14580.0,14850.0,14460.0,14520.0,14308.0,14137.5,14894.333333333334,15947.5,829720
2023-07-06,14520.0,14520.0,14050.0,14080.0,14348.0,14128.0,14855.666666666666,15921.5,759915
2023-07-07,14200.0,14410.0,14180.0,14350.0,14392.0,14136.5,14826.166666666666,15893.583333333334,623980
2023-07-10,14430.0,14670.0,14200.0,14460.0,14386.0,14163.5,14794.666666666666,15873.25,664547
2023-07-11,14530.0,14680.0,14430.0,14640.0,14410.0,14199.0,14768.0,15853.583333333334,455226
2023-07-12,14610.0,14980.0,14560.0,14860.0,14478.0,14252.0,14746.833333333334,15831.583333333334,706011
2023-07-13,14980.0,14980.0,14520.0,14610.0,14584.0,14301.5,14721.166666666666,15807.083333333334,817756
2023-07-14,14680.0,15270.0,14670.0,15000.0,14714.0,14364.5,14708.0,15785.833333333334,1353131
2023-07-17,14930.0,15000.0,14580.0,14680.0,14758.0,14403.0,14678.666666666666,15759.0,794754
2023-07-18,14680.0,14810.0,14360.0,14380.0,14706.0,14415.0,14643.333333333334,15727.166666666666,617288
2023-07-19,14420.0,14590.0,14180.0,14440.0,14622.0,14409.5,14609.833333333334,15695.166666666666,715901
2023-07-20,14460.0,14490.0,14060.0,14120.0,14524.0,14392.0,14599.5,15660.5,678395
2023-07-21,14130.0,14140.0,13880.0,13930.0,14310.0,14368.5,14584.333333333334,15625.75,478538
2023-07-24,13920.0,13920.0,13550.0,13560.0,14086.0,14346.5,14562.333333333334,15588.333333333334,718149
2023-07-25,13580.0,13620.0,13160.0,13240.0,13858.0,14304.0,14530.0,15548.25,911356
2023-07-26,13160.0,13170.0,12570.0,12790.0,13528.0,14234.0,14490.666666666666,15507.75,1298493
2023-07-27,12810.0,14170.0,12810.0,14160.0,13536.0,14248.0,14470.833333333334,15479.0,1618169
2023-07-28,14080.0,14200.0,13760.0,14190.0,13588.0,14251.0,14444.833333333334,15452.666666666666,858513
2023-07-31,14280.0,14450.0,14060.0,14360.0,13748.0,14244.5,14425.0,15426.0,695376
2023-08-01,14300.0,14550.0,14090.0,14290.0,13958.0,14233.0,14407.0,15398.416666666666,667388
2023-08-02,14270.0,14410.0,14000.0,14240.0,14248.0,14219.0,14396.5,15371.75,576063
2023-08-03,14210.0,14220.0,13910.0,13990.0,14214.0,14214.5,14381.0,15338.5,531200
2023-08-04,13950.0,14550.0,13920.0,14420.0,14260.0,14218.0,14371.666666666666,15306.0,652432
2023-08-07,14430.0,14540.0,14360.0,14520.0,14292.0,14221.0,14364.0,15276.75,541352
2023-08-08,14580.0,14650.0,14330.0,14350.0,14304.0,14206.5,14351.333333333334,15245.25,401397
2023-08-09,14380.0,14450.0,14150.0,14450.0,14346.0,14186.0,14343.0,15216.666666666666,548882
2023-08-10,16300.0,17740.0,15520.0,17070.0,14962.0,14309.0,14381.166666666666,15209.916666666666,20996063
2023-08-11,17650.0,17810.0,16800.0,17480.0,15574.0,14433.0,14420.0,15207.333333333334,7845818
2023-08-14,17800.0,18550.0,17800.0,18010.0,16272.0,14599.5,14468.833333333334,15210.916666666666,7148746
2023-08-16,17880.0,17980.0,17300.0,17800.0,16962.0,14770.5,14512.333333333334,15217.583333333334,2823030
2023-08-17,17410.0,17420.0,16700.0,17180.0,17508.0,14907.5,14545.166666666666,15223.333333333334,2115318
2023-08-18,16960.0,17470.0,16720.0,17200.0,17534.0,15061.5,14577.333333333334,15227.25,2427626
2023-08-21,16850.0,17260.0,16350.0,16630.0,17364.0,15196.5,14604.5,15228.5,1637604
2023-08-22,16700.0,16870.0,16510.0,16620.0,17086.0,15349.5,14636.166666666666,15230.0,948160
2023-08-23,16680.0,17100.0,16600.0,16680.0,16862.0,15521.5,14667.5,15229.5,1091934
2023-08-24,16800.0,17200.0,16470.0,17020.0,16830.0,15733.0,14710.0,15228.833333333334,1518125
2023-08-25,16940.0,17180.0,16760.0,17030.0,16796.0,15876.5,14754.5,15230.083333333334,815682
2023-08-28,17470.0,17900.0,17100.0,17190.0,16908.0,16026.5,14800.5,15233.416666666666,1712924
2023-08-29,17260.0,17270.0,16780.0,16790.0,16942.0,16148.0,14841.333333333334,15238.333333333334,1012949
2023-08-30,16950.0,17000.0,16690.0,16900.0,16986.0,16278.5,14882.0,15245.916666666666,699514
2023-08-31,16860.0,16960.0,16710.0,16850.0,16952.0,16409.0,14921.833333333334,15251.916666666666,701655
2023-09-01,16860.0,17420.0,16760.0,17120.0,16970.0,16565.5,14969.333333333334,15262.916666666666,1543253
2023-09-04,17230.0,17230.0,16710.0,17010.0,16934.0,16695.0,15016.5,15272.583333333334,904575
2023-09-05,17100.0,17490.0,16790.0,16850.0,16946.0,16811.5,15065.333333333334,15283.5,1045997
2023-09-06,17000.0,17500.0,16900.0,17250.0,17016.0,16956.5,15120.666666666666,15299.083333333334,1674492
2023-09-07,17330.0,17350.0,16930.0,17140.0,17074.0,17091.0,15176.333333333334,15313.166666666666,718633
2023-09-08,17200.0,17640.0,17140.0,17560.0,17162.0,17115.5,15242.0,15327.0,1225609
2023-09-11,17600.0,17610.0,17270.0,17480.0,17256.0,17115.5,15304.333333333334,15339.583333333334,825211
2023-09-12,17550.0,17730.0,16780.0,16930.0,17272.0,17061.5,15354.666666666666,15344.833333333334,1104282
2023-09-13,16930.0,17170.0,16810.0,16950.0,17212.0,17019.0,15401.5,15353.0,503041
2023-09-14,17090.0,17120.0,16820.0,16900.0,17164.0,17005.0,15440.666666666666,15357.166666666666,587384
2023-09-15,16800.0,17100.0,16800.0,16960.0,17044.0,16993.0,15482.166666666666,15362.166666666666,551423
2023-09-18,16900.0,17120.0,16850.0,16940.0,16936.0,17008.5,15524.5,15368.083333333334,451328
2023-09-19,17050.0,17300.0,16760.0,16840.0,16918.0,17019.5,15571.833333333334,15371.833333333334,708187
2023-09-20,16840.0,16850.0,16530.0,16650.0,16858.0,17018.0,15614.5,15371.0,554461
2023-09-21,16580.0,16930.0,16260.0,16440.0,16766.0,16989.0,15652.0,15368.833333333334,751309
2023-09-22,16300.0,16560.0,16220.0,16550.0,16684.0,16965.0,15696.5,15366.833333333334,409538
2023-09-25,16600.0,16840.0,16440.0,16530.0,16602.0,16932.0,15736.5,15363.833333333334,608443
2023-09-26,16530.0,16590.0,15940.0,16010.0,16436.0,16893.0,15761.833333333334,15357.666666666666,644445
2023-09-27,15940.0,16300.0,15880.0,16270.0,16360.0,16861.5,15791.0,15357.916666666666,424432
2023-10-04,16190.0,16190.0,14990.0,15210.0,16114.0,16779.5,15802.5,15348.416666666666,1469125
2023-10-05,15350.0,15420.0,14840.0,14880.0,15780.0,16667.5,15815.833333333334,15335.75,799256
2023-10-06,15010.0,15240.0,14760.0,14800.0,15434.0,16557.0,15823.333333333334,15324.75,553016
2023-10-10,14600.0,15140.0,14460.0,14580.0,15148.0,16443.5,15825.333333333334,15310.0,846256
2023-10-11,14740.0,14970.0,14660.0,14820.0,14858.0,16322.0,15828.333333333334,15298.166666666666,382498
2023-10-12,14890.0,15100.0,14840.0,14950.0,14806.0,16212.5,15829.833333333334,15288.333333333334,447111
2023-10-13,14860.0,15140.0,14700.0,14800.0,14790.0,16074.5,15833.0,15277.083333333334,475789
2023-10-16,14690.0,14740.0,14390.0,14530.0,14736.0,15927.0,15825.166666666666,15266.583333333334,462337
2023-10-17,14620.0,14780.0,14510.0,14580.0,14736.0,15809.5,15823.5,15251.083333333334,310195
2023-10-18,14600.0,14640.0,14300.0,14410.0,14654.0,15682.5,15824.0,15233.666666666666,482630
2023-10-19,14240.0,14240.0,14030.0,14060.0,14476.0,15540.5,15817.666666666666,15213.75,420949
2023-10-20,14000.0,14100.0,13720.0,13880.0,14292.0,15386.5,15813.666666666666,15206.583333333334,547137
2023-10-23,13930.0,14360.0,13930.0,14140.0,14214.0,15246.5,15817.166666666666,15200.75,531420
2023-10-24,14290.0,14500.0,14010.0,14470.0,14192.0,15128.0,15832.333333333334,15197.333333333334,483072
2023-10-25,14490.0,14880.0,14310.0,14670.0,14244.0,15029.0,15856.166666666666,15193.083333333334,602154
2023-10-26,14410.0,14840.0,14230.0,14500.0,14332.0,14932.0,15884.666666666666,15187.666666666666,423515
2023-10-27,14600.0,14750.0,14240.0,14440.0,14444.0,14826.5,15889.333333333334,15180.083333333334,450247
2023-10-30,14360.0,14740.0,14360.0,14670.0,14550.0,14733.5,15897.333333333334,15171.083333333334,281939
2023-10-31,14700.0,14990.0,14480.0,14660.0,14588.0,14666.0,15902.333333333334,15163.666666666666,495174
2023-11-01,14710.0,14710.0,14460.0,14550.0,14564.0,14580.0,15906.666666666666,15156.833333333334,241735
2023-11-02,14710.0,14800.0,13490.0,13580.0,14380.0,14498.5,15895.666666666666,15146.083333333334,2045147
2023-11-03,13710.0,14270.0,13640.0,14180.0,14328.0,14463.5,15898.833333333334,15139.916666666666,1568212
2023-11-06,14400.0,14650.0,14260.0,14500.0,14294.0,14448.5,15900.166666666666,15135.916666666666,793341
2023-11-07,14610.0,14690.0,14180.0,14430.0,14248.0,14441.0,15898.666666666666,15131.333333333334,572732
2023-11-08,14550.0,14620.0,14390.0,14420.0,14222.0,14421.0,15899.833333333334,15125.583333333334,402637
2023-11-09,14510.0,14880.0,14440.0,14670.0,14440.0,14407.0,15903.5,15123.25,1039667
2023-11-10,14670.0,14670.0,14020.0,14120.0,14428.0,14373.0,15854.333333333334,15117.75,990549
2023-11-13,14280.0,14280.0,13650.0,13660.0,14260.0,14329.5,15790.666666666666,15105.333333333334,743133
2023-11-14,13690.0,13880.0,13680.0,13840.0,14142.0,14292.5,15721.166666666666,15095.0,371914
2023-11-15,14090.0,14420.0,13970.0,14340.0,14126.0,14289.0,15663.5,15087.916666666666,533008
2023-11-16,14340.0,14350.0,14150.0,14240.0,14040.0,14298.0,15614.5,15079.833333333334,332159
2023-11-17,14210.0,14210.0,13980.0,14070.0,14030.0,14307.5,15562.333333333334,15069.833333333334,330305
2023-11-20,14090.0,14230.0,13990.0,14180.0,14134.0,14309.5,15521.5,15063.0,276415
2023-11-21,14220.0,14220.0,14080.0,14120.0,14190.0,14292.0,15479.833333333334,15058.0,319121
2023-11-22,14070.0,14160.0,13960.0,14060.0,14134.0,14261.5,15436.166666666666,15051.833333333334,381073
2023-11-23,14100.0,14110.0,14010.0,14050.0,14096.0,14239.0,15386.666666666666,15048.333333333334,222280
2023-11-24,14130.0,14190.0,13980.0,14050.0,14092.0,14219.5,15337.0,15045.75,422329
2023-11-27,14050.0,14060.0,13740.0,13860.0,14028.0,14179.0,15281.5,15041.0,507115
2023-11-28,13860.0,13890.0,13700.0,13720.0,13948.0,14132.0,15230.333333333334,15035.833333333334,496093
2023-11-29,13710.0,13710.0,13370.0,13460.0,13828.0,14077.5,15173.0,15027.5,841693
2023-11-30,13450.0,13450.0,13260.0,13350.0,13688.0,14066.0,15114.666666666666,15018.25,652118
2023-12-01,13310.0,13500.0,13290.0,13320.0,13542.0,14023.0,15051.333333333334,15010.333333333334,383405
2023-12-04,13320.0,13450.0,13250.0,13330.0,13436.0,13964.5,14990.0,15003.25,297342
2023-12-05,13340.0,13340.0,13250.0,13280.0,13348.0,13907.0,14930.5,14997.916666666666,282070
2023-12-06,13270.0,13490.0,13210.0,13440.0,13344.0,13858.0,14867.0,14993.833333333334,476551
2023-12-07,13440.0,13460.0,13200.0,13200.0,13314.0,13784.5,14801.333333333334,14988.833333333334,359700
2023-12-08,13210.0,13360.0,13160.0,13330.0,13316.0,13745.0,14730.833333333334,14986.416666666666,279501
2023-12-11,13380.0,13640.0,13370.0,13570.0,13364.0,13740.5,14665.666666666666,14985.0,405177
2023-12-12,13570.0,13660.0,13440.0,13590.0,13426.0,13728.0,14610.0,14982.333333333334,298410
2023-12-13,13590.0,13700.0,13490.0,13600.0,13458.0,13691.0,14554.166666666666,14977.833333333334,316358
2023-12-14,13710.0,13810.0,13670.0,13750.0,13568.0,13666.5,14501.666666666666,14971.166666666666,452278
2023-12-15,13750.0,13770.0,13600.0,13700.0,13642.0,13648.0,14447.333333333334,14964.75,327463
2023-12-18,13700.0,13730.0,13610.0,13730.0,13674.0,13625.5,14393.833333333334,14959.166666666666,209923
2023-12-19,13670.0,13680.0,13510.0,13550.0,13666.0,13597.0,14339.0,14955.416666666666,360313
2023-12-20,13600.0,13710.0,13570.0,13650.0,13676.0,13576.5,14289.0,14951.75,246529
2023-12-21,13500.0,13650.0,13380.0,13380.0,13602.0,13543.0,14238.0,14945.0,353975
2023-12-22,13430.0,13460.0,13320.0,13410.0,13544.0,13511.0,14185.666666666666,14941.083333333334,187856
2023-12-26,13410.0,13430.0,13140.0,13220.0,13442.0,13479.0,14130.5,14933.5,426216
2023-12-27,13140.0,13280.0,13120.0,13160.0,13364.0,13451.0,14083.0,14922.416666666666,275228
2023-12-28,13120.0,13320.0,13120.0,13320.0,13298.0,13444.0,14033.833333333334,14912.416666666666,268827
2024-01-02,13300.0,13510.0,13300.0,13440.0,13310.0,13448.5,14004.333333333334,14903.416666666666,283637
2024-01-03,13400.0,13470.0,13260.0,13290.0,13286.0,13447.0,13977.833333333334,14896.833333333334,334088
2024-01-04,13300.0,13310.0,13010.0,13030.0,13248.0,13432.0,13948.333333333334,14885.833333333334,551972
2024-01-05,13020.0,13100.0,12930.0,12960.0,13208.0,13416.0,13921.333333333334,14873.333333333334,453950
2024-01-08,12950.0,13110.0,12930.0,13050.0,13154.0,13396.5,13891.833333333334,14860.083333333334,219214
2024-01-09,13130.0,13310.0,13070.0,13310.0,13128.0,13402.0,13864.5,14847.166666666666,295144
2024-01-10,13300.0,13310.0,13040.0,13050.0,13080.0,13388.0,13835.333333333334,14834.166666666666,301189
2024-01-11,13050.0,13140.0,13020.0,13060.0,13086.0,13362.5,13810.833333333334,14818.0,270595
2024-01-12,13060.0,13130.0,12790.0,12850.0,13064.0,13325.5,13782.0,14802.75,538586
2024-01-15,12870.0,12980.0,12870.0,12840.0,13022.0,13287.5,13755.833333333334,14789.916666666666,46149
2024-01-16,12810.0,12850.0,12490.0,12520.0,12864.0,13226.0,13730.166666666666,14773.916666666666,514501
2024-01-17,12530.0,12600.0,12210.0,12300.0,12714.0,13156.0,13703.833333333334,14758.75,557166
2024-01-18,12210.0,12480.0,12210.0,12310.0,12564.0,13085.0,13673.333333333334,14745.25,267847
2024-01-19,12400.0,12780.0,12400.0,12650.0,12524.0,13040.0,13643.0,14737.666666666666,473572
2024-01-22,12730.0,12830.0,12580.0,12660.0,12488.0,12990.5,13609.5,14732.833333333334,277492
2024-01-23,12780.0,12780.0,12490.0,12560.0,12496.0,12949.5,13577.166666666666,14730.916666666666,248965
2024-01-24,12540.0,12680.0,12510.0,12590.0,12554.0,12908.5,13546.333333333334,14717.833333333334,347029
2024-01-25,12560.0,12560.0,12270.0,12450.0,12582.0,12870.0,13509.333333333334,14703.333333333334,399609
2024-01-26,12400.0,13050.0,12400.0,12990.0,12650.0,12861.5,13481.5,14691.916666666666,591509
2024-01-29,12930.0,12960.0,12700.0,12750.0,12668.0,12833.0,13451.5,14679.083333333334,288963
2024-01-30,12750.0,12990.0,12740.0,12780.0,12712.0,12800.0,13438.166666666666,14666.916666666666,296925
2024-01-31,12780.0,12830.0,12620.0,12650.0,12724.0,12768.0,13412.666666666666,14655.75,230276
2024-02-01,12690.0,12970.0,12600.0,12930.0,12820.0,12763.0,13386.5,14643.333333333334,403507
2024-02-02,13000.0,13140.0,12890.0,13050.0,12832.0,12767.5,13363.5,14631.083333333334,550772
2024-02-05,13090.0,13110.0,12850.0,13020.0,12886.0,12766.0,13340.166666666666,14620.0,267109
2024-02-06,13000.0,13250.0,12920.0,13020.0,12934.0,12751.5,13312.666666666666,14608.083333333334,433377
2024-02-07,13140.0,13180.0,12970.0,13120.0,13028.0,12755.0,13296.0,14575.166666666666,286785
2024-02-08,13150.0,13280.0,13070.0,13180.0,13078.0,12761.0,13288.0,14539.333333333334,490500
2024-02-13,13220.0,13280.0,12940.0,13150.0,13098.0,12776.0,13276.5,14498.833333333334,387836
2024-02-14,12970.0,13290.0,12970.0,13120.0,13118.0,12790.0,13256.166666666666,14459.833333333334,308566
2024-02-15,13180.0,13280.0,12980.0,13090.0,13132.0,12818.5,13237.0,14425.75,520406
2024-02-16,13370.0,13500.0,13070.0,13160.0,13140.0,12861.5,13221.833333333334,14392.083333333334,815466
2024-02-19,13140.0,13530.0,13140.0,13410.0,13186.0,12916.5,13209.0,14365.25,933308
2024-02-20,13450.0,13460.0,13070.0,13110.0,13178.0,12939.5,13192.166666666666,14336.0,624462
2024-02-21,13010.0,13210.0,12970.0,13100.0,13174.0,12961.5,13176.166666666666,14306.166666666666,315226
2024-02-22,13120.0,13120.0,12830.0,12840.0,13124.0,12975.5,13156.0,14271.333333333334,581997
2024-02-23,12840.0,12850.0,12590.0,12650.0,13022.0,12978.5,13132.666666666666,14234.833333333334,528252
2024-02-26,12590.0,12660.0,12520.0,12590.0,12858.0,12985.5,13111.5,14196.5,275215
2024-02-27,12530.0,12540.0,12300.0,12370.0,12710.0,12954.5,13089.0,14159.666666666666,465386
2024-02-28,12380.0,12710.0,12310.0,12630.0,12616.0,12948.5,13075.166666666666,14124.083333333334,350837
2024-02-29,12560.0,12660.0,12500.0,12660.0,12580.0,12942.5,13063.666666666666,14089.166666666666,290194
2024-03-04,12720.0,12810.0,12620.0,12800.0,12610.0,12950.0,13055.0,14053.166666666666,313807
2024-03-05,12830.0,13090.0,12780.0,13000.0,12692.0,12953.5,13049.5,14019.75,610906
2024-03-06,13000.0,13050.0,12860.0,12900.0,12798.0,12946.0,13043.166666666666,13986.833333333334,502933
2024-03-07,13440.0,13740.0,13170.0,13550.0,12982.0,12972.5,13045.0,13956.0,2585781
2024-03-08,13630.0,13660.0,13200.0,13210.0,13092.0,12982.0,13045.166666666666,13923.25,799421
2024-03-11,13210.0,13360.0,13100.0,13110.0,13154.0,12981.5,13041.5,13886.166666666666,411188
2024-03-12,13120.0,13260.0,13080.0,13250.0,13204.0,12985.0,13036.166666666666,13850.916666666666,301919
2024-03-13,13260.0,13300.0,13040.0,13090.0,13242.0,12982.0,13027.833333333334,13818.916666666666,423979
2024-03-14,13090.0,13320.0,13050.0,13320.0,13196.0,12992.0,13023.166666666666,13788.666666666666,382757
2024-03-15,13190.0,13250.0,13030.0,13070.0,13168.0,12991.0,13011.833333333334,13756.75,344139
2024-03-18,13090.0,13120.0,13010.0,13050.0,13156.0,12985.5,13001.0,13724.166666666666,185119
2024-03-19,13170.0,13560.0,13160.0,13450.0,13196.0,12987.5,12996.333333333334,13695.083333333334,1094710
2024-03-20,13560.0,13640.0,13400.0,13530.0,13284.0,13008.5,12996.0,13667.5,767155
2024-03-21,13550.0,13650.0,13420.0,13580.0,13336.0,13032.5,12994.833333333334,13641.916666666666,518869
2024-03-22,13580.0,13790.0,13500.0,13680.0,13458.0,13074.5,12999.833333333334,13618.916666666666,547380
2024-03-25,13820.0,13820.0,13600.0,13770.0,13602.0,13130.5,13005.833333333334,13595.75,520687
2024-03-26,13790.0,14140.0,13620.0,14120.0,13736.0,13207.0,13020.833333333334,13575.666666666666,983893
2024-03-27,14170.0,14450.0,14120.0,14420.0,13914.0,13309.5,13041.833333333334,13562.416666666666,1273303
2024-03-28,14490.0,14620.0,14310.0,14310.0,14060.0,13393.5,13058.333333333334,13546.083333333334,956820
2024-03-29,14310.0,14340.0,14050.0,14220.0,14168.0,13471.5,13071.333333333334,13537.833333333334,519336
2024-04-01,14300.0,15310.0,14290.0,15310.0,14476.0,13597.0,13105.0,13541.416666666666,2213276
2024-04-02,15130.0,15190.0,14590.0,14650.0,14582.0,13679.5,13132.0,13540.166666666666,1191235
2024-04-03,14650.0,15050.0,14590.0,14800.0,14658.0,13774.5,13162.666666666666,13542.0,957517
2024-04-04,14940.0,15180.0,14590.0,14980.0,14792.0,13846.0,13194.833333333334,13543.333333333334,965115
2024-04-05,14870.0,15100.0,14750.0,15010.0,14950.0,13936.0,13223.166666666666,13543.833333333334,527559
2024-04-08,15050.0,15150.0,14740.0,15090.0,14906.0,14035.0,13257.166666666666,13546.25,644360
2024-04-09,15190.0,15670.0,15060.0,15180.0,15012.0,14131.5,13292.5,13551.666666666666,1253000
2024-04-11,15180.0,15220.0,14660.0,14750.0,15002.0,14214.5,13324.166666666666,13553.083333333334,848480
2024-04-12,14680.0,14780.0,14310.0,14640.0,14934.0,14280.5,13354.166666666666,13555.0,713228
2024-04-15,14400.0,14570.0,14290.0,14470.0,14826.0,14350.5,13386.666666666666,13558.416666666666,457849
2024-04-16,14390.0,14570.0,14140.0,14560.0,14720.0,14426.0,13424.333333333334,13564.083333333334,505517
2024-04-17,14790.0,15100.0,14700.0,14850.0,14654.0,14496.0,13466.666666666666,13570.0,916292
2024-04-18,15000.0,15180.0,14890.0,15070.0,14718.0,14573.0,13507.0,13575.0,474346
2024-04-19,14980.0,15240.0,14810.0,15090.0,14808.0,14648.5,13547.5,13578.5,795758
2024-04-22,15150.0,15160.0,14690.0,14830.0,14880.0,14706.0,13585.333333333334,13581.25,551449
2024-04-23,14830.0,14920.0,14540.0,14680.0,14904.0,14751.5,13620.166666666666,13583.25,308020
2024-04-24,14820.0,14890.0,14610.0,14730.0,14880.0,14782.0,13658.166666666666,13583.75,343075
2024-04-25,14610.0,14780.0,14520.0,14710.0,14808.0,14796.5,13686.833333333334,13584.166666666666,344427
2024-04-26,14730.0,14960.0,14570.0,14910.0,14772.0,14826.5,13722.833333333334,13587.166666666666,420166
2024-04-29,14980.0,15140.0,14920.0,15050.0,14816.0,14868.0,13760.666666666666,13599.416666666666,538163
2024-04-30,15080.0,15180.0,14960.0,15060.0,14892.0,14855.5,13800.833333333334,13606.75,364771
2024-05-02,15060.0,15710.0,14920.0,15400.0,15026.0,14893.0,13842.0,13614.25,1303543
2024-05-03,15560.0,15570.0,15200.0,15410.0,15166.0,14923.5,13881.333333333334,13622.416666666666,593574
2024-05-07,15550.0,15580.0,14720.0,14890.0,15162.0,14919.0,13912.5,13626.333333333334,1420193
2024-05-08,14850.0,14930.0,14740.0,14920.0,15136.0,14914.5,13944.166666666666,13628.416666666666,506153
2024-05-09,14920.0,15130.0,14750.0,14850.0,15094.0,14902.5,13973.0,13634.5,699133
2024-05-10,14960.0,15120.0,14780.0,15020.0,15018.0,14894.5,14003.666666666666,13645.833333333334,798677
2024-05-13,15130.0,15280.0,14910.0,15240.0,14984.0,14919.0,14038.5,13657.5,735825
2024-05-14,15210.0,15290.0,14970.0,15020.0,15010.0,14938.0,14070.166666666666,13663.166666666666,457846
2024-05-16,15120.0,15170.0,14940.0,14970.0,15020.0,14963.0,14101.5,13669.25,428246
2024-05-17,15100.0,15100.0,14870.0,14890.0,15028.0,14979.5,14130.333333333334,13676.083333333334,288740
2024-05-20,14890.0,14950.0,14590.0,14900.0,15004.0,14982.0,14155.166666666666,13682.083333333334,613276
2024-05-21,14920.0,14920.0,14530.0,14580.0,14872.0,14957.5,14179.666666666666,13685.916666666666,491384
2024-05-22,14580.0,14670.0,14290.0,14490.0,14766.0,14927.5,14202.833333333334,13689.5,571302
2024-05-23,14480.0,14690.0,14450.0,14530.0,14678.0,14912.5,14231.0,13693.5,293026
2024-05-24,14390.0,14700.0,14380.0,14490.0,14598.0,14903.0,14261.666666666666,13697.166666666666,359194
2024-05-27,14670.0,14840.0,14500.0,14580.0,14534.0,14895.5,14294.833333333334,13703.166666666666,356885
2024-05-28,14570.0,14570.0,14110.0,14120.0,14442.0,14866.0,14324.0,13706.5,730711
2024-05-29,14120.0,14130.0,13800.0,13820.0,14308.0,14811.5,14343.833333333334,13709.5,615417
2024-05-30,13820.0,14060.0,13760.0,14010.0,14204.0,14759.5,14366.333333333334,13715.0,368484
2024-05-31,14050.0,14360.0,14010.0,14320.0,14170.0,14722.5,14391.666666666666,13723.333333333334,477988
2024-06-03,14350.0,14390.0,14100.0,14230.0,14100.0,14664.0,14412.166666666666,13730.833333333334,277081
2024-06-04,14190.0,14270.0,13940.0,13940.0,14064.0,14590.5,14429.5,13736.333333333334,299965
2024-06-05,13960.0,14110.0,13870.0,13950.0,14090.0,14543.5,14436.166666666666,13740.583333333334,233089
2024-06-07,14020.0,14080.0,13950.0,14010.0,14090.0,14498.0,14449.5,13747.333333333334,158285
2024-06-10,13910.0,14160.0,13820.0,14050.0,14036.0,14458.0,14465.166666666666,13753.333333333334,180040
2024-06-11,14050.0,14200.0,13980.0,14030.0,13996.0,14408.5,14478.166666666666,13757.166666666666,155834
2024-06-12,14020.0,14130.0,13940.0,13990.0,14006.0,14346.0,14493.166666666666,13760.5,159753
2024-06-13,14130.0,14190.0,13990.0,14000.0,14016.0,14295.0,14504.5,13763.833333333334,342882
2024-06-14,14100.0,14570.0,14030.0,14520.0,14118.0,14272.5,14528.666666666666,13770.25,846451
2024-06-17,14430.0,14540.0,14150.0,14290.0,14166.0,14242.5,14549.333333333334,13775.166666666666,311011
2024-06-18,14300.0,14420.0,14200.0,14240.0,14208.0,14209.5,14562.5,13779.416666666666,274734
2024-06-19,14310.0,14310.0,13800.0,13900.0,14190.0,14175.5,14568.666666666666,13782.333333333334,732386
2024-06-20,13900.0,14100.0,13870.0,14020.0,14194.0,14152.0,14576.0,13785.416666666666,274274
2024-06-21,14120.0,14860.0,14050.0,14860.0,14262.0,14168.5,14595.666666666666,13797.75,1534677
2024-06-24,14860.0,14860.0,14230.0,14240.0,14252.0,14156.0,14603.5,13804.666666666666,644282
2024-06-25,14250.0,14490.0,14210.0,14380.0,14280.0,14146.0,14607.833333333334,13814.333333333334,290087
2024-06-26,14380.0,14430.0,14160.0,14230.0,14346.0,14151.5,14604.666666666666,13823.25,253393
2024-06-27,14220.0,14230.0,13970.0,14060.0,14354.0,14163.5,14600.5,13829.416666666666,255833
2024-06-28,14090.0,14220.0,13950.0,14100.0,14202.0,14168.0,14598.5,13834.916666666666,194007
2024-07-01,14080.0,14290.0,14080.0,14230.0,14200.0,14163.5,14580.5,13842.75,197398
2024-07-02,14230.0,14230.0,13960.0,14040.0,14132.0,14154.0,14570.333333333334,13851.166666666666,276512
2024-07-03,14050.0,14060.0,13010.0,13070.0,13900.0,14110.5,14541.5,13852.083333333334,1266610
2024-07-04,12930.0,13140.0,12550.0,12700.0,13628.0,14048.0,14503.5,13849.166666666666,1102609
2024-07-05,12750.0,12750.0,12360.0,12510.0,13310.0,13973.0,14461.833333333334,13842.5,1167501
2024-07-08,12510.0,12690.0,12510.0,12680.0,13000.0,13904.5,14421.666666666666,13839.416666666666,437804
2024-07-09,12680.0,12810.0,12560.0,12700.0,12732.0,13838.0,14380.333333333334,13836.416666666666,370256
2024-07-10,12720.0,12770.0,12600.0,12740.0,12666.0,13775.5,14346.833333333334,13835.5,265173
2024-07-11,12750.0,12930.0,12710.0,12840.0,12694.0,13717.5,14316.833333333334,13835.5,359861
2024-07-12,12860.0,12990.0,12820.0,12950.0,12782.0,13639.0,14291.5,13839.083333333334,313743
2024-07-15,12950.0,12980.0,12910.0,12970.0,12840.0,13573.0,14265.0,13844.666666666666,146559
2024-07-16,12970.0,12990.0,12650.0,12780.0,12856.0,13500.0,14230.5,13848.583333333334,312642
2024-07-17,12800.0,12810.0,12530.0,12570.0,12822.0,13433.5,14188.833333333334,13847.916666666666,570767
2024-07-18,12510.0,12590.0,12400.0,12530.0,12760.0,13359.0,14146.166666666666,13846.833333333334,232514
2024-07-19,12490.0,12520.0,12200.0,12220.0,12614.0,13227.0,14102.666666666666,13844.0,752620
2024-07-22,12230.0,12300.0,12070.0,12120.0,12444.0,13121.0,14060.0,13840.083333333334,321599
2024-07-23,12200.0,12280.0,11940.0,12150.0,12318.0,13009.5,14017.0,13837.583333333334,608150
2024-07-24,12140.0,12170.0,12000.0,12050.0,12214.0,12900.5,13972.666666666666,13829.75,256088
2024-07-25,11940.0,12120.0,11930.0,12060.0,12120.0,12800.5,13925.166666666666,13824.0,287947
2024-07-26,12060.0,12090.0,11930.0,11970.0,12070.0,12694.0,13873.833333333334,13817.25,317972
2024-07-29,12000.0,12120.0,11940.0,12090.0,12064.0,12587.0,13824.333333333334,13812.583333333334,171560
2024-07-30,12070.0,12130.0,11800.0,11840.0,12002.0,12477.0,13765.0,13803.5,325347
2024-07-31,11860.0,12050.0,11790.0,11800.0,11952.0,12413.5,13704.833333333334,13793.083333333334,603552
2024-08-01,11890.0,12110.0,11830.0,12070.0,11954.0,12382.0,13657.833333333334,13785.166666666666,293015
2024-08-02,11920.0,11990.0,11770.0,11810.0,11922.0,12347.0,13606.0,13775.083333333334,407963
2024-08-05,11740.0,11740.0,10330.0,10470.0,11598.0,12236.5,13533.0,13753.0,1110426
2024-08-06,10450.0,11140.0,10450.0,11080.0,11446.0,12155.5,13467.333333333334,13735.5,509498
2024-08-07,11040.0,11300.0,10910.0,11080.0,11302.0,12072.5,13398.0,13718.25,321276
2024-08-08,10910.0,11120.0,10870.0,11000.0,11088.0,11980.5,13331.0,13700.583333333334,192421
2024-08-09,11170.0,11250.0,10770.0,10840.0,10894.0,11875.0,13262.166666666666,13681.833333333334,374362
2024-08-12,10840.0,11010.0,10770.0,10840.0,10968.0,11768.5,13194.666666666666,13662.5,442123
2024-08-13,10820.0,10870.0,10600.0,10620.0,10876.0,11660.5,13123.333333333334,13639.25,345376
2024-08-14,10700.0,10930.0,10650.0,10930.0,10846.0,11578.5,13062.5,13621.083333333334,289018
2024-08-16,10980.0,11030.0,10810.0,10820.0,10810.0,11493.0,13001.333333333334,13602.083333333334,297009
2024-08-19,10850.0,10880.0,10710.0,10750.0,10792.0,11419.5,12938.333333333334,13584.666666666666,188205
2024-08-20,10760.0,10830.0,10760.0,10780.0,10780.0,11352.5,12876.5,13569.083333333334,153346
2024-08-21,10800.0,10870.0,10740.0,10850.0,10826.0,11287.5,12814.333333333334,13554.583333333334,198802
2024-08-22,10900.0,11230.0,10880.0,11010.0,10842.0,11235.5,12762.5,13543.25,413637
2024-08-23,11010.0,11190.0,10960.0,11100.0,10898.0,11187.5,12717.166666666666,13530.5,185961
2024-08-26,11210.0,11210.0,11000.0,11090.0,10966.0,11143.5,12668.5,13517.416666666666,193336
2024-08-27,11100.0,11240.0,10990.0,11150.0,11040.0,11096.5,12615.666666666666,13503.666666666666,184844
2024-08-28,11170.0,11180.0,11010.0,11050.0,11080.0,11057.0,12562.666666666666,13487.416666666666,128820
2024-08-29,11000.0,11060.0,10910.0,11030.0,11084.0,11018.5,12514.166666666666,13471.833333333334,142993
2024-08-30,11030.0,11190.0,10960.0,11190.0,11102.0,10974.5,12468.166666666666,13452.166666666666,206463
2024-09-02,11230.0,11380.0,11070.0,11320.0,11148.0,10950.0,12423.333333333334,13436.416666666666,212527
2024-09-03,11380.0,11670.0,11330.0,11540.0,11226.0,11003.5,12381.5,13423.333333333334,527284
2024-09-04,11280.0,11400.0,11180.0,11230.0,11262.0,11011.0,12334.833333333334,13406.5,313798
2024-09-05,11380.0,12020.0,11310.0,11650.0,11386.0,11039.5,12295.833333333334,13394.5,1162153
2024-09-06,11720.0,11800.0,11390.0,11490.0,11446.0,11064.0,12254.0,13379.25,413087
2024-09-09,11280.0,11600.0,11130.0,11500.0,11482.0,11097.0,12203.666666666666,13366.166666666666,229969
2024-09-10,11540.0,11600.0,11310.0,11320.0,11438.0,11121.0,12154.166666666666,13351.75,209715
2024-09-11,11330.0,11440.0,11150.0,11180.0,11428.0,11149.0,12103.166666666666,13332.833333333334,205526
2024-09-12,11200.0,11450.0,11190.0,11320.0,11362.0,11168.5,12060.166666666666,13314.416666666666,288011
2024-09-13,11300.0,11490.0,11220.0,11460.0,11356.0,11200.5,12017.5,13296.75,210065
2024-09-19,11600.0,11620.0,11130.0,11140.0,11284.0,11220.0,11955.5,13275.583333333334,461161
2024-09-20,11160.0,11180.0,10980.0,11040.0,11228.0,11233.0,11902.166666666666,13252.833333333334,429640
2024-09-23,11100.0,11100.0,10980.0,10980.0,11188.0,11239.5,11845.5,13226.666666666666,135636
2024-09-24,10980.0,11110.0,10960.0,11100.0,11144.0,11244.0,11793.333333333334,13199.0,172890
2024-09-25,11200.0,11560.0,11140.0,11170.0,11086.0,11247.5,11745.166666666666,13172.833333333334,880546
2024-09-26,11260.0,11400.0,11160.0,11380.0,11134.0,11262.0,11699.833333333334,13149.166666666666,395957
2024-09-27,11420.0,12130.0,11400.0,12050.0,11336.0,11307.0,11663.5,13122.0,1558820
2024-09-30,12230.0,12480.0,12050.0,12070.0,11554.0,11358.0,11630.666666666666,13100.5,1130064
2024-10-02,11970.0,12100.0,11820.0,11890.0,11712.0,11401.0,11611.0,13076.25,355825
2024-10-04,11730.0,11780.0,11100.0,11260.0,11730.0,11404.5,11587.0,13045.25,1016495
2024-10-07,11400.0,11400.0,11200.0,11290.0,11712.0,11403.0,11566.666666666666,13014.25,201849
2024-10-08,11390.0,11440.0,11010.0,11020.0,11506.0,11377.0,11539.0,12980.333333333334,517015
2024-10-10,11040.0,11090.0,10850.0,10850.0,11262.0,11358.0,11508.166666666666,12944.25,703945
2024-10-11,10810.0,10980.0,10810.0,10930.0,11070.0,11322.0,11478.0,12912.416666666666,240891
2024-10-14,10940.0,10940.0,10590.0,10930.0,11004.0,11294.0,11446.166666666666,12881.5,348719
2024-10-15,10820.0,10840.0,10530.0,10610.0,10868.0,11249.5,11407.166666666666,12849.333333333334,508653
2024-10-16,10530.0,10700.0,10350.0,10700.0,10804.0,11218.5,11369.333333333334,12817.166666666666,512414
2024-10-17,10620.0,10720.0,10520.0,10700.0,10774.0,11194.5,11334.666666666666,12782.583333333334,246369
2024-10-18,10690.0,10740.0,10530.0,10590.0,10706.0,11158.0,11301.666666666666,12745.25,210489
2024-10-21,10510.0,10650.0,10510.0,10580.0,10636.0,11114.0,11269.166666666666,12707.666666666666,139890
2024-10-22,10500.0,10560.0,10340.0,10360.0,10586.0,11075.0,11238.166666666666,12670.416666666666,236485
2024-10-23,10370.0,10420.0,10290.0,10400.0,10526.0,11043.0,11209.5,12634.75,213027
2024-10-24,10350.0,10430.0,10280.0,10300.0,10446.0,11009.0,11178.666666666666,12597.833333333334,125417
2024-10-25,10310.0,10360.0,10050.0,10100.0,10348.0,10959.0,11146.166666666666,12559.416666666666,201556
2024-10-28,10050.0,10300.0,10050.0,10260.0,10284.0,10913.5,11116.166666666666,12520.666666666666,95656
2024-10-29,10260.0,10390.0,10220.0,10360.0,10284.0,10862.5,11089.333333333334,12481.583333333334,84131
2024-10-30,10360.0,10570.0,10200.0,10350.0,10274.0,10777.5,11060.333333333334,12442.333333333334,192846
2024-10-31,10350.0,10580.0,10240.0,10580.0,10330.0,10703.0,11039.333333333334,12402.166666666666,158776
2024-11-01,10540.0,10580.0,10400.0,10470.0,10404.0,10632.0,11017.166666666666,12361.0,136240
2024-11-04,10540.0,10720.0,10500.0,10570.0,10466.0,10597.5,10992.166666666666,12325.0,222418
2024-11-05,10570.0,10580.0,10410.0,10420.0,10478.0,10554.0,10969.0,12287.5,133799
2024-11-06,10440.0,10480.0,10190.0,10230.0,10454.0,10514.5,10965.0,12249.0,205703
2024-11-07,10230.0,10260.0,10130.0,10200.0,10378.0,10482.0,10950.333333333334,12208.833333333334,121562
2024-11-08,10240.0,10260.0,10160.0,10180.0,10320.0,10444.5,10935.333333333334,12166.666666666666,154872
2024-11-11,10180.0,10200.0,9830.0,9830.0,10172.0,10389.5,10915.833333333334,12123.416666666666,521622
2024-11-12,9830.0,9860.0,9320.0,9460.0,9980.0,10332.0,10892.833333333334,12077.5,652854
2024-11-13,9290.0,9450.0,9160.0,9170.0,9768.0,10255.5,10865.0,12029.833333333334,342326
2024-11-14,9170.0,9310.0,9020.0,9020.0,9532.0,10171.5,10838.333333333334,11980.833333333334,298110
2024-11-15,9020.0,9370.0,9000.0,9340.0,9364.0,10109.0,10811.833333333334,11937.166666666666,252490
2024-11-18,9250.0,9590.0,9250.0,9490.0,9296.0,10054.5,10789.666666666666,11895.5,217977
2024-11-19,9500.0,9610.0,9460.0,9600.0,9324.0,10016.5,10770.5,11854.416666666666,99983
2024-11-20,9620.0,9720.0,9550.0,9670.0,9424.0,9980.0,10752.0,11814.25,115278
2024-11-21,9650.0,9710.0,9570.0,9710.0,9562.0,9950.5,10733.0,11773.666666666666,90485
2024-11-22,9730.0,9760.0,9660.0,9720.0,9638.0,9931.5,10711.5,11737.0,103863
2024-11-25,9730.0,10000.0,9720.0,10000.0,9740.0,9918.5,10693.166666666666,11705.166666666666,180294
2024-11-26,9990.0,10070.0,9900.0,10030.0,9826.0,9902.0,10675.5,11672.0,134190
2024-11-27,10040.0,10070.0,9940.0,10030.0,9898.0,9886.0,10656.833333333334,11636.25,201727
2024-11-28,10000.0,10050.0,9960.0,10050.0,9966.0,9859.5,10640.166666666666,11601.416666666666,124183
2024-11-29,10050.0,10050.0,9840.0,10050.0,10032.0,9838.5,10623.833333333334,11569.0,234210
2024-12-02,10080.0,10300.0,10020.0,10280.0,10088.0,9824.0,10608.666666666666,11538.416666666666,229058
2024-12-03,10280.0,10480.0,10250.0,10460.0,10174.0,9826.0,10594.333333333334,11508.833333333334,222993
2024-12-04,10210.0,10340.0,9990.0,10040.0,10176.0,9816.5,10569.333333333334,11475.416666666666,327167
2024-12-05,10040.0,10140.0,9900.0,9990.0,10164.0,9806.0,10548.666666666666,11441.75,140208
2024-12-06,9990.0,10000.0,9460.0,9960.0,10146.0,9795.0,10520.5,11408.166666666666,208303
2024-12-09,9750.0,9790.0,9230.0,9410.0,9972.0,9774.0,10485.833333333334,11369.916666666666,200463
2024-12-10,9410.0,9870.0,9410.0,9850.0,9850.0,9793.5,10458.333333333334,11331.0,144179
2024-12-11,9850.0,10010.0,9810.0,9970.0,9836.0,9833.5,10435.833333333334,11295.0,91184
2024-12-12,9970.0,10060.0,9890.0,9980.0,9834.0,9881.5,10415.833333333334,11259.5,148740
2024-12-13,9980.0,10180.0,9960.0,10030.0,9848.0,9916.0,10394.333333333334,11227.25,129314
2024-12-16,10130.0,10200.0,10080.0,10150.0,9996.0,9949.0,10372.5,11195.0,108176
2024-12-17,10150.0,10160.0,10020.0,10050.0,10036.0,9971.5,10354.333333333334,11154.916666666666,80579
2024-12-18,10100.0,10100.0,9950.0,10000.0,10042.0,9988.0,10337.0,11119.583333333334,113434
2024-12-19,9860.0,9920.0,9800.0,9810.0,10008.0,9993.0,10317.5,11081.5,105995
2024-12-20,9810.0,9870.0,9650.0,9680.0,9938.0,9991.0,10293.833333333334,11043.583333333334,159454
2024-12-23,9690.0,9810.0,9650.0,9730.0,9854.0,9977.5,10269.833333333334,11007.5,151707
2024-12-24,9800.0,9900.0,9750.0,9780.0,9800.0,9965.0,10243.166666666666,10971.5,98487
2024-12-26,9830.0,9890.0,9720.0,9730.0,9746.0,9950.0,10204.5,10934.0,142844
2024-12-27,9730.0,9790.0,9550.0,9590.0,9702.0,9927.0,10163.166666666666,10896.916666666666,103687
2024-12-30,9560.0,9750.0,9500.0,9600.0,9686.0,9904.5,10125.0,10868.0,100761
2025-01-02,9610.0,9740.0,9610.0,9670.0,9674.0,9874.0,10098.5,10842.75,74608
2025-01-03,9670.0,9980.0,9670.0,9800.0,9678.0,9841.0,10073.666666666666,10820.166666666666,164118
2025-01-06,9800.0,10060.0,9800.0,10000.0,9732.0,9839.0,10056.666666666666,10797.833333333334,236773
2025-01-07,10090.0,10150.0,9880.0,9930.0,9800.0,9836.0,10041.333333333334,10774.75,148812
2025-01-08,9900.0,10070.0,9900.0,9940.0,9868.0,9835.0,10024.833333333334,10751.416666666666,106194
2025-01-09,10000.0,10010.0,9850.0,9860.0,9906.0,9857.5,10007.0,10726.583333333334,122008
2025-01-10,9960.0,10020.0,9600.0,9980.0,9942.0,9864.0,9996.5,10701.833333333334,138153
2025-01-13,9980.0,10070.0,9860.0,9920.0,9926.0,9861.5,9983.5,10676.416666666666,97867
2025-01-14,9940.0,10040.0,9890.0,9980.0,9936.0,9861.5,9971.5,10653.083333333334,88771
2025-01-15,10040.0,10240.0,10040.0,10120.0,9972.0,9866.0,9963.666666666666,10632.666666666666,330290
2025-01-16,10210.0,10210.0,9960.0,9960.0,9992.0,9856.5,9953.333333333334,10611.25,230910
2025-01-17,10000.0,10190.0,9960.0,10170.0,10030.0,9862.5,9950.166666666666,10594.166666666666,254932
2025-01-20,10190.0,10240.0,10050.0,10090.0,10064.0,9867.0,9945.0,10577.25,167367
2025-01-21,10110.0,10190.0,10000.0,10030.0,10074.0,9878.0,9940.5,10559.583333333334,131471
2025-01-22,10010.0,10090.0,9990.0,9990.0,10048.0,9893.5,9938.666666666666,10542.416666666666,126347
2025-01-23,10040.0,10040.0,9940.0,9950.0,10046.0,9904.5,9933.5,10524.833333333334,93264
2025-01-24,9950.0,10080.0,9950.0,9980.0,10008.0,9914.5,9927.166666666666,10508.25,119134
2025-01-31,9980.0,10000.0,9850.0,9910.0,9972.0,9923.5,9919.833333333334,10490.083333333334,161842
2025-02-03,9870.0,9870.0,9650.0,9730.0,9912.0,9930.5,9905.666666666666,10472.5,139121
2025-02-04,9730.0,10010.0,9730.0,9970.0,9908.0,9949.0,9897.333333333334,10457.25,124299
2025-02-05,9960.0,10080.0,9910.0,9910.0,9900.0,9961.0,9886.333333333334,10439.25,150894
2025-02-06,9930.0,9990.0,9890.0,9920.0,9888.0,9967.0,9878.0,10423.5,113761
2025-02-07,9930.0,9980.0,9870.0,9920.0,9890.0,9963.0,9872.833333333334,10418.916666666666,160539
2025-02-10,9940.0,10060.0,9910.0,10000.0,9944.0,9966.5,9869.5,10409.916666666666,155980
2025-02-11,10040.0,10200.0,9980.0,9990.0,9948.0,9969.0,9866.333333333334,10400.833333333334,244030
2025-02-12,10070.0,10280.0,10050.0,10280.0,10022.0,9990.0,9873.833333333334,10394.833333333334,415688
2025-02-13,10390.0,10390.0,10200.0,10240.0,10086.0,10003.0,9886.833333333334,10389.833333333334,353615
2025-02-14,10300.0,10400.0,10250.0,10350.0,10172.0,10024.5,9906.5,10385.75,255940
2025-02-17,10400.0,10490.0,10350.0,10470.0,10266.0,10049.0,9930.666666666666,10384.5,357668
2025-02-18,10500.0,10520.0,10290.0,10430.0,10354.0,10064.5,9948.833333333334,10380.333333333334,251370
2025-02-19,10420.0,10430.0,10210.0,10410.0,10380.0,10087.0,9964.166666666666,10376.916666666666,286355
2025-02-20,10580.0,11120.0,10560.0,10840.0,10500.0,10120.5,9984.833333333334,10377.666666666666,1310642
2025-02-21,10840.0,10930.0,10730.0,10860.0,10602.0,10159.0,10004.666666666666,10378.333333333334,368223
2025-02-24,10720.0,10830.0,10650.0,10740.0,10656.0,10194.5,10021.833333333334,10377.416666666666,262991
2025-02-25,10720.0,11330.0,10650.0,11300.0,10830.0,10260.0,10048.166666666666,10379.833333333334,970215
2025-02-26,11300.0,11310.0,11050.0,11170.0,10982.0,10321.0,10067.666666666666,10380.416666666666,439774
2025-02-27,11170.0,11340.0,11070.0,11230.0,11060.0,10383.5,10087.666666666666,10381.583333333334,294862
2025-02-28,11150.0,11290.0,10900.0,10910.0,11070.0,10433.5,10102.333333333334,10379.583333333334,430761
2025-03-04,10840.0,11060.0,10670.0,10720.0,11066.0,10483.0,10113.5,10376.833333333334,301158
2025-03-05,10710.0,10890.0,10550.0,10690.0,10944.0,10519.0,10124.166666666666,10374.0,258492
2025-03-06,10790.0,10840.0,10610.0,10650.0,10840.0,10556.0,10130.333333333334,10369.5,211427
2025-03-07,10750.0,11130.0,10550.0,11010.0,10796.0,10610.5,10139.5,10366.916666666666,432102
2025-03-10,11110.0,11110.0,10910.0,10980.0,10810.0,10663.5,10155.166666666666,10362.25,174285
2025-03-11,10780.0,11130.0,10720.0,11060.0,10878.0,10716.5,10173.0,10360.833333333334,212639
2025-03-12,11060.0,11140.0,10980.0,11020.0,10944.0,10768.0,10190.666666666666,10355.583333333334,174099
2025-03-13,11090.0,11090.0,10050.0,10300.0,10874.0,10769.0,10205.5,10345.666666666666,818554
2025-03-14,10230.0,10360.0,10100.0,10320.0,10736.0,10773.0,10213.333333333334,10335.833333333334,345083
2025-03-17,10400.0,10540.0,10330.0,10520.0,10644.0,10781.5,10222.5,10329.166666666666,195241
2025-03-18,10540.0,10580.0,10470.0,10560.0,10544.0,10786.0,10232.166666666666,10324.0,136215
2025-03-19,10580.0,10770.0,10520.0,10620.0,10464.0,10795.5,10242.0,10318.166666666666,152296
2025-03-20,10620.0,10700.0,10510.0,10550.0,10514.0,10802.5,10248.666666666666,10310.583333333334,176649
2025-03-21,10680.0,11080.0,10650.0,10790.0,10608.0,10800.0,10261.0,10307.666666666666,1058520
2025-03-24,10870.0,10980.0,10700.0,10710.0,10646.0,10792.5,10272.833333333334,10304.916666666666,365736
2025-03-25,10770.0,10840.0,10570.0,10760.0,10686.0,10793.5,10288.666666666666,10303.083333333334,258852
2025-03-26,10750.0,10930.0,10680.0,10840.0,10730.0,10770.5,10308.0,10300.916666666666,225241
2025-03-27,10840.0,10920.0,10600.0,10850.0,10790.0,10754.5,10326.666666666666,10298.25,174075
2025-03-28,10930.0,11000.0,10720.0,11000.0,10832.0,10743.0,10347.0,10295.083333333334,294226
2025-03-31,11000.0,11040.0,10730.0,10930.0,10876.0,10744.0,10367.0,10285.75,287737
2025-04-01,10970.0,11200.0,10960.0,11150.0,10954.0,10765.5,10393.0,10278.083333333334,284806
2025-04-02,11200.0,11210.0,10820.0,10830.0,10952.0,10772.5,10413.5,10269.25,221219
2025-04-03,10690.0,11160.0,10630.0,11070.0,10996.0,10793.5,10436.833333333334,10267.666666666666,259079
2025-04-04,10900.0,11570.0,10900.0,11570.0,11110.0,10821.5,10466.333333333334,10270.0,719525
2025-04-07,11390.0,11450.0,11010.0,11120.0,11148.0,10828.5,10485.0,10270.833333333334,482447
2025-04-08,11230.0,11640.0,11160.0,11560.0,11230.0,10853.5,10512.166666666666,10276.75,461603
2025-04-09,11480.0,11540.0,11120.0,11210.0,11306.0,10863.0,10533.333333333334,10279.083333333334,293151
2025-04-10,11590.0,11610.0,11320.0,11420.0,11376.0,10919.0,10559.333333333334,10283.166666666666,267575
2025-04-11,11380.0,11620.0,11300.0,11530.0,11368.0,10979.5,10585.166666666666,10290.833333333334,260180
2025-04-14,11580.0,11700.0,11450.0,11640.0,11472.0,11035.5,10613.833333333334,10298.666666666666,267685
2025-04-15,11680.0,12100.0,11610.0,12000.0,11560.0,11107.5,10647.5,10309.5,548693
2025-04-16,11990.0,12200.0,11950.0,12030.0,11724.0,11178.0,10679.333333333334,10321.5,368285
2025-04-17,12140.0,12410.0,11940.0,12180.0,11876.0,11259.5,10716.333333333334,10334.833333333334,468739
2025-04-18,12200.0,12320.0,12080.0,12140.0,11998.0,11327.0,10749.166666666666,10349.666666666666,301656
2025-04-21,12230.0,12390.0,12100.0,12260.0,12122.0,11404.5,10785.333333333334,10365.166666666666,303330
2025-04-22,12180.0,12400.0,12160.0,12260.0,12174.0,11479.5,10822.5,10381.5,293694
2025-04-23,12330.0,12350.0,12000.0,12270.0,12222.0,11551.0,10860.5,10399.583333333334,321931
2025-04-24,12220.0,12220.0,11910.0,12010.0,12188.0,11609.0,10894.833333333334,10414.166666666666,222746
2025-04-25,11960.0,12060.0,11720.0,12030.0,12166.0,11660.5,10929.0,10428.083333333334,248287
2025-04-28,12050.0,12340.0,11980.0,12260.0,12166.0,11727.0,10968.166666666666,10444.0,365125
2025-04-29,12300.0,12370.0,12160.0,12330.0,12180.0,11786.0,11011.5,10458.583333333334,236351
2025-04-30,12310.0,12530.0,12280.0,12350.0,12196.0,11862.0,11051.166666666666,10474.25,247818
2025-05-02,12380.0,12380.0,12220.0,12360.0,12266.0,11926.5,11092.0,10489.166666666666,128299
2025-05-07,12200.0,12400.0,12040.0,12380.0,12336.0,11967.0,11133.0,10505.5,192638
2025-05-08,12350.0,12420.0,12290.0,12400.0,12364.0,12031.0,11174.333333333334,10523.583333333334,97574
2025-05-09,12410.0,12490.0,12350.0,12480.0,12394.0,12077.0,11215.666666666666,10542.583333333334,186974
2025-05-12,12470.0,12500.0,12310.0,12490.0,12422.0,12141.0,11257.333333333334,10561.833333333334,181092
2025-05-13,12570.0,12800.0,12420.0,12740.0,12498.0,12207.0,11298.333333333334,10586.083333333334,319886
2025-05-14,12750.0,12980.0,12750.0,12900.0,12602.0,12275.5,11342.666666666666,10614.75,357710
2025-05-15,12900.0,13190.0,12810.0,13070.0,12736.0,12347.0,11388.0,10647.25,391351
2025-05-16,13130.0,13230.0,13000.0,13190.0,12878.0,12406.5,11433.333333333334,10682.0,366520
2025-05-19,13080.0,13520.0,13060.0,13350.0,13050.0,12472.5,11482.0,10715.416666666666,366912
2025-05-20,13400.0,13550.0,13070.0,13550.0,13212.0,12541.0,11534.333333333334,10749.25,349672
2025-05-21,13540.0,13700.0,13320.0,13450.0,13322.0,12606.5,11577.833333333334,10781.333333333334,313066
2025-05-22,13360.0,13810.0,13300.0,13550.0,13418.0,12671.0,11622.666666666666,10813.666666666666,391138
2025-05-23,13410.0,13580.0,13210.0,13230.0,13426.0,12719.5,11664.166666666666,10843.0,396257
2025-05-26,13200.0,13300.0,12860.0,13120.0,13380.0,12762.0,11694.5,10871.333333333334,542352
2025-05-27,13150.0,13380.0,13130.0,13280.0,13326.0,12825.5,11729.666666666666,10898.666666666666,219080
2025-05-28,13340.0,13490.0,12970.0,13010.0,13238.0,12874.5,11759.333333333334,10923.5,349612
2025-05-29,13030.0,13100.0,12590.0,12640.0,13056.0,12893.5,11788.166666666666,10945.25,745445
2025-05-30,12650.0,12730.0,12430.0,12550.0,12920.0,12904.5,11818.666666666666,10966.083333333334,399970
2025-06-02,12550.0,12990.0,12410.0,12810.0,12858.0,12927.5,11854.0,10989.083333333334,595984
2025-06-04,13020.0,13430.0,12970.0,13210.0,12844.0,12970.0,11896.666666666666,11013.5,572714
2025-06-05,13110.0,13570.0,12980.0,13480.0,12938.0,13025.0,11937.833333333334,11038.666666666666,659915
2025-06-09,13640.0,14040.0,13600.0,13890.0,13188.0,13099.5,11986.333333333334,11070.75,845671
2025-06-10,13850.0,13930.0,13620.0,13880.0,13454.0,13169.5,12033.333333333334,11103.166666666666,318347
2025-06-11,14000.0,14010.0,13680.0,13850.0,13662.0,13237.5,12080.5,11135.583333333334,246319
2025-06-12,13900.0,14300.0,13880.0,14000.0,13820.0,13300.5,12142.166666666666,11173.833333333334,415078
2025-06-13,14050.0,14190.0,13450.0,13590.0,13842.0,13335.0,12196.666666666666,11205.0,368799
2025-06-16,13600.0,13860.0,13500.0,13720.0,13808.0,13367.5,12250.0,11236.25,289590
2025-06-17,13830.0,13940.0,13430.0,13650.0,13762.0,13390.5,12301.5,11266.833333333334,432638
2025-06-18,13730.0,14220.0,13650.0,14110.0,13814.0,13428.5,12359.666666666666,11300.833333333334,895503
2025-06-19,14420.0,14680.0,14320.0,14630.0,13940.0,13482.5,12427.666666666666,11338.166666666666,1475135
2025-06-20,14590.0,14590.0,14260.0,14540.0,14130.0,13537.0,12490.166666666666,11375.583333333334,579539
2025-06-23,14270.0,14550.0,14060.0,14540.0,14294.0,13586.5,12554.0,11413.416666666666,525403
2025-06-24,14650.0,15000.0,14330.0,14860.0,14536.0,13668.0,12622.333333333334,11455.5,639303
2025-06-25,14890.0,15040.0,14730.0,14950.0,14704.0,13759.5,12690.833333333334,11499.416666666666,504436
2025-06-26,15080.0,15080.0,14550.0,14970.0,14772.0,13844.0,12759.5,11543.083333333334,356744
2025-06-27,14930.0,15020.0,14600.0,15000.0,14864.0,13943.5,12826.166666666666,11586.583333333334,339001
2025-06-30,15000.0,15370.0,15000.0,15270.0,15010.0,14075.0,12898.5,11632.75,399964
2025-07-01,15310.0,15330.0,14590.0,14660.0,14970.0,14180.5,12957.0,11675.0,756330
2025-07-02,14800.0,15230.0,14660.0,15090.0,14998.0,14294.5,13028.0,11720.75,434059
2025-07-03,15380.0,16330.0,15250.0,15560.0,15116.0,14412.0,13102.833333333334,11769.833333333334,1943326
2025-07-04,15560.0,16210.0,15310.0,16020.0,15320.0,14539.0,13177.0,11821.666666666666,1540664
2025-07-07,16200.0,16940.0,16130.0,16790.0,15624.0,14684.0,13271.5,11878.25,1704754
2025-07-08,16570.0,17810.0,16560.0,17780.0,16248.0,14879.0,13375.166666666666,11943.666666666666,1961269
2025-07-09,17800.0,18120.0,17450.0,18000.0,16830.0,15086.5,13488.333333333334,12010.833333333334,1101329
2025-07-10,17970.0,18680.0,17760.0,18400.0,17398.0,15306.5,13604.666666666666,12082.0,1187194
2025-07-11,18460.0,18950.0,17980.0,18780.0,17950.0,15566.0,13725.5,12155.333333333334,1250996
2025-07-14,18940.0,18950.0,18340.0,18590.0,18310.0,15809.5,13841.333333333334,12227.583333333334,757940
2025-07-15,18480.0,18940.0,18350.0,18690.0,18492.0,16061.5,13952.833333333334,12300.166666666666,634117
2025-07-16,18900.0,19250.0,18570.0,18580.0,18608.0,16285.0,14062.0,12370.666666666666,852631
2025-07-17,18500.0,18950.0,18300.0,18950.0,18718.0,16501.0,14174.833333333334,12445.583333333334,873150
2025-07-18,19100.0,19710.0,18600.0,19050.0,18772.0,16726.5,14290.0,12519.583333333334,1230226
2025-07-21,19100.0,19480.0,18900.0,19320.0,18918.0,16965.5,14407.666666666666,12596.5,778158
2025-07-22,19420.0,19930.0,18950.0,19500.0,19080.0,17197.5,14528.333333333334,12675.416666666666,1185980
2025-07-23,19720.0,19790.0,18750.0,19500.0,19264.0,17425.0,14648.833333333334,12754.666666666666,888631
2025-07-24,19490.0,19570.0,18950.0,19190.0,19312.0,17636.0,14768.5,12831.666666666666,709610
2025-07-25,19110.0,19450.0,18150.0,18470.0,19196.0,17809.5,14875.833333333334,12902.416666666666,1205496
2025-07-28,18450.0,18870.0,18190.0,18420.0,19016.0,17967.0,14978.5,12973.333333333334,994423
2025-07-29,18180.0,18210.0,17350.0,17830.0,18682.0,18125.5,15070.166666666666,13040.833333333334,1334091
2025-07-30,17820.0,17820.0,17090.0,17470.0,18276.0,18244.5,15155.5,13103.333333333334,1572244
2025-07-31,17550.0,18240.0,17480.0,18110.0,18060.0,18372.0,15251.333333333334,13171.666666666666,1017660
2025-08-01,17900.0,17900.0,17460.0,17720.0,17910.0,18457.0,15340.333333333334,13236.666666666666,616450
2025-08-04,17700.0,18620.0,17700.0,18220.0,17870.0,18528.5,15437.333333333334,13305.833333333334,876860
2025-08-05,18350.0,18670.0,17940.0,18320.0,17968.0,18555.5,15534.666666666666,13375.166666666666,671963
2025-08-06,18320.0,18900.0,18260.0,18850.0,18244.0,18598.0,15640.666666666666,13449.0,1127463
2025-08-07,19300.0,19670.0,19000.0,19500.0,18522.0,18653.0,15753.333333333334,13525.833333333334,1527534
2025-08-08,19750.0,22600.0,19690.0,21650.0,19308.0,18796.5,15899.166666666666,13620.916666666666,5778587
2025-08-11,21550.0,21750.0,21250.0,21550.0,19974.0,18944.5,16040.5,13714.25,926941
2025-08-12,21450.0,21850.0,21100.0,21550.0,20620.0,19087.5,16179.833333333334,13806.583333333334,736964
2025-08-13,21500.0,21950.0,20350.0,21400.0,21130.0,19228.5,16314.0,13898.0,1064823
2025-08-14,21250.0,21450.0,20500.0,20500.0,21330.0,19306.0,16429.833333333332,13982.083333333334,828591
2025-08-18,20300.0,21000.0,20300.0,20650.0,21130.0,19386.0,16549.833333333332,14063.833333333334,985535
2025-08-19,20150.0,20550.0,19520.0,20300.0,20880.0,19435.0,16662.333333333332,14142.5,1304056
2025-08-20,20000.0,20950.0,19860.0,20750.0,20720.0,19497.5,16787.666666666668,14225.916666666666,1016729
2025-08-21,21000.0,21300.0,20550.0,20800.0,20600.0,19562.5,16915.666666666668,14305.083333333334,687958
2025-08-22,20950.0,21000.0,20450.0,20600.0,20620.0,19633.0,17037.666666666668,14383.666666666666,431744
2025-08-25,20600.0,20900.0,20350.0,20550.0,20600.0,19737.0,17163.333333333332,14461.333333333334,427954
2025-08-26,20650.0,21550.0,20600.0,20850.0,20710.0,19858.5,17300.166666666668,14544.166666666666,1532311
2025-08-27,21200.0,21525.0,20250.0,20500.0,20660.0,19992.0,17432.666666666668,14625.666666666666,967379
2025-08-28,20100.0,20550.0,20000.0,20400.0,20580.0,20138.5,17559.166666666668,14706.583333333334,453326
2025-08-29,20450.0,21150.0,20250.0,21000.0,20660.0,20283.0,17689.0,14792.833333333334,706036
2025-09-01,21000.0,21200.0,20500.0,20650.0,20680.0,20429.5,17808.5,14873.166666666666,634504
2025-09-02,20600.0,21100.0,19470.0,19470.0,20404.0,20492.0,17901.5,14943.916666666666,1620243
2025-09-03,19600.0,21200.0,19600.0,21100.0,20524.0,20631.0,18021.833333333332,15027.583333333334,2299116
2025-09-04,21250.0,21800.0,20800.0,21150.0,20674.0,20746.0,18143.5,15112.0,1480640
2025-09-05,21300.0,21500.0,20600.0,20700.0,20614.0,20806.0,18255.166666666668,15198.666666666666,675545
2025-09-08,20900.0,21650.0,20500.0,21650.0,20814.0,20806.0,18389.5,15293.083333333334,1097208
2025-09-09,21750.0,21900.0,21100.0,21450.0,21210.0,20801.0,18518.333333333332,15384.166666666666,875082
2025-09-10,21550.0,22100.0,21150.0,21550.0,21300.0,20801.0,18650.0,15475.75,1047433
2025-09-11,21750.0,21750.0,21200.0,21350.0,21340.0,20798.5,18770.666666666668,15565.166666666666,735849
2025-09-12,21550.0,21950.0,21200.0,21400.0,21480.0,20843.5,18883.5,15655.583333333334,890415
2025-09-15,21450.0,21500.0,20150.0,21050.0,21360.0,20863.5,18992.0,15741.083333333334,2776622
2025-09-16,21050.0,21400.0,20450.0,21300.0,21330.0,20913.5,19104.666666666668,15829.333333333334,963767
2025-09-17,21300.0,23400.0,21250.0,22650.0,21550.0,21008.5,19234.5,15928.416666666666,6070820
2025-09-18,22750.0,22800.0,21700.0,21850.0,21650.0,21061.0,19349.5,16020.166666666666,3543229
2025-09-22,22900.0,23250.0,22300.0,22500.0,21870.0,21156.0,19475.0,16117.25,1210863
2025-09-23,22350.0,24000.0,22250.0,23650.0,22390.0,21311.0,19619.166666666668,16222.666666666666,2950724
2025-09-24,23900.0,23900.0,21950.0,22200.0,22570.0,21378.5,19734.666666666668,16316.583333333334,3232536
2025-09-25,22300.0,22500.0,21100.0,21350.0,22310.0,21421.0,19846.166666666668,16401.583333333332,1359427
2025-09-26,21450.0,21600.0,20950.0,21150.0,22170.0,21458.5,19947.166666666668,16487.583333333332,878527
2025-09-29,21350.0,22100.0,20600.0,20900.0,21850.0,21453.5,20036.166666666668,16569.5,1541366
2025-09-30,21000.0,21350.0,20700.0,21100.0,21340.0,21476.0,20120.833333333332,16648.916666666668,819066
2025-10-01,21150.0,21300.0,20550.0,20950.0,21090.0,21550.0,20190.166666666668,16730.833333333332,904188
2025-10-02,21150.0,21450.0,20650.0,21400.0,21100.0,21565.0,20250.5,16812.833333333332,1260007
2025-10-10,20500.0,20650.0,18860.0,19800.0,20830.0,21497.5,20280.5,16884.416666666668,4276681
2025-10-13,19210.0,19910.0,19100.0,19260.0,20502.0,21425.5,20294.833333333332,16949.75,1302677
2025-10-14,19100.0,19290.0,18530.0,18850.0,20052.0,21285.5,20296.0,17010.75,1748651
2025-10-15,18850.0,19440.0,18430.0,19210.0,19704.0,21173.5,20306.333333333332,17073.833333333332,1320878
2025-10-16,19210.0,19460.0,18880.0,18880.0,19200.0,21040.0,20309.5,17131.166666666668,746415
2025-10-17,18880.0,19550.0,18790.0,18850.0,19010.0,20915.0,20314.0,17188.0,972534
2025-10-20,18880.0,19580.0,18500.0,19480.0,19054.0,20819.0,20322.833333333332,17248.833333333332,1065961
2025-10-21,19510.0,19870.0,19090.0,19230.0,19130.0,20728.0,20325.833333333332,17307.916666666668,968168
2025-10-22,19230.0,19410.0,19040.0,19210.0,19130.0,20623.5,20324.0,17365.833333333332,635822
2025-10-23,19190.0,19240.0,18780.0,18860.0,19126.0,20434.0,20313.333333333332,17420.833333333332,891167
2025-10-24,19000.0,19060.0,18660.0,18870.0,19130.0,20285.0,20302.833333333332,17475.833333333332,710686
2025-10-27,18860.0,19100.0,18570.0,18990.0,19032.0,20109.5,20299.5,17534.0,921540
2025-10-28,19090.0,19300.0,18780.0,19180.0,19022.0,19886.0,20311.333333333332,17593.583333333332,797022
2025-10-29,19230.0,19240.0,18540.0,18730.0,18926.0,19712.5,20316.5,17647.5,854440
2025-10-30,18660.0,18820.0,18350.0,18490.0,18852.0,19569.5,20327.5,17698.833333333332,740718
2025-10-31,18410.0,18850.0,18200.0,18490.0,18776.0,19436.5,20344.5,17750.0,832230
2025-11-03,18620.0,19070.0,18170.0,18380.0,18654.0,19310.5,20349.0,17800.166666666668,1397951
2025-11-04,18390.0,18820.0,18090.0,18750.0,18568.0,19193.0,20366.166666666668,17853.25,1381669
2025-11-05,18810.0,18900.0,17000.0,17060.0,18234.0,18998.5,20346.833333333332,17892.083333333332,2056396
2025-11-06,17230.0,17610.0,16940.0,17340.0,18004.0,18795.5,20330.5,17932.583333333332,1555884
2025-11-07,17150.0,17430.0,16560.0,16800.0,17666.0,18645.5,20296.333333333332,17968.5,1339766
2025-11-10,16870.0,17290.0,16750.0,17190.0,17428.0,18542.0,20257.833333333332,18005.583333333332,802049
2025-11-11,16700.0,16700.0,14110.0,14600.0,16598.0,18329.5,20140.333333333332,18019.75,7825506
2025-11-12,14610.0,15040.0,14550.0,15010.0,16188.0,18119.5,20031.333333333332,18035.916666666668,1767249
2025-11-13,14980.0,15470.0,14950.0,15040.0,15728.0,17927.5,19922.833333333332,18051.333333333332,1557207
2025-11-14,14950.0,15320.0,14790.0,14910.0,15350.0,17730.5,19814.666666666668,18064.333333333332,912470
2025-11-17,15350.0,15940.0,15250.0,15650.0,15042.0,17539.0,19733.833333333332,18081.833333333332,2616621
2025-11-18,15710.0,16260.0,15590.0,16100.0,15342.0,17382.5,19658.0,18103.916666666668,2606179
2025-11-19,16530.0,16790.0,15930.0,16190.0,15578.0,17231.5,19589.5,18125.916666666668,1845188
2025-11-20,16200.0,18700.0,16000.0,18400.0,16250.0,17208.5,19550.333333333332,18169.0,5088024
2025-11-21,18170.0,18890.0,18070.0,18090.0,16886.0,17169.5,19505.166666666668,18210.416666666668,2643715
2025-11-24,18360.0,18600.0,17300.0,17300.0,17216.0,17085.0,19450.166666666668,18243.916666666668,1730832
2025-11-25,17330.0,17550.0,16670.0,16730.0,17342.0,16962.5,19386.5,18274.916666666668,1525839
2025-11-26,16780.0,16940.0,16580.0,16870.0,17478.0,16869.5,19320.166666666668,18310.166666666668,1278706
2025-11-27,16750.0,16990.0,16350.0,16540.0,17106.0,16772.0,19254.166666666668,18343.416666666668,1154041
2025-11-28,16630.0,17070.0,16410.0,17050.0,16898.0,16700.0,19198.333333333332,18378.75,839205
2025-12-01,17180.0,18590.0,17110.0,18040.0,17046.0,16683.0,19149.0,18419.0,1925557
2025-12-02,18290.0,18700.0,17950.0,18210.0,17342.0,16656.0,19108.333333333332,18458.416666666668,1110365
2025-12-03,18360.0,18760.0,17880.0,17990.0,17566.0,16702.5,19083.666666666668,18492.583333333332,1422485
2025-12-04,18000.0,18070.0,17260.0,17440.0,17746.0,16707.5,19022.666666666668,18522.25,1232934
2025-12-05,17440.0,17570.0,17120.0,17460.0,17828.0,16740.5,18961.166666666668,18552.333333333332,666197
2025-12-08,17480.0,17930.0,17350.0,17650.0,17750.0,16763.5,18910.333333333332,18582.75,730358
2025-12-09,17750.0,18460.0,17680.0,18040.0,17716.0,16935.5,18850.166666666668,18619.833333333332,1072279
2025-12-10,18050.0,18050.0,17690.0,17690.0,17656.0,17069.5,18787.5,18652.916666666668,449258
2025-12-11,17790.0,18170.0,17570.0,17900.0,17748.0,17212.5,18726.666666666668,18688.333333333332,2221560
2025-12-12,18120.0,18550.0,17670.0,18090.0,17874.0,17371.5,18672.333333333332,18721.5,1217282
2025-12-15,17890.0,18190.0,17580.0,18000.0,17944.0,17489.0,18615.666666666668,18749.583333333332,666022
2025-12-16,17840.0,18000.0,17400.0,17480.0,17832.0,17558.0,18556.166666666668,18774.083333333332,657153
2025-12-17,16590.0,16880.0,15570.0,16260.0,17546.0,17561.5,18472.166666666668,18788.416666666668,2842431
2025-12-18,16200.0,16570.0,16020.0,16520.0,17270.0,17467.5,18370.0,18802.25,737989
2025-12-19,16720.0,16890.0,16560.0,16770.0,17006.0,17401.5,18285.333333333332,18817.416666666668,423207
2025-12-22,16780.0,16990.0,16650.0,16980.0,16802.0,17385.5,18193.333333333332,18834.166666666668,500050
2025-12-23,16980.0,17030.0,16320.0,16400.0,16586.0,17369.0,18072.5,18845.833333333332,921472
2025-12-24,16500.0,16600.0,16300.0,16430.0,16620.0,17347.0,17976.333333333332,18855.5,408237
2025-12-26,16440.0,16450.0,16110.0,16160.0,16548.0,17328.0,17889.833333333332,18868.0,560243
2025-12-29,16010.0,16370.0,15910.0,16360.0,16466.0,17293.5,17810.0,18878.583333333332,389260
2025-12-30,16310.0,16590.0,16150.0,16550.0,16380.0,17219.0,17737.5,18886.833333333332,515479
2026-01-02,16720.0,16950.0,16370.0,16660.0,16432.0,17141.5,17663.5,18892.166666666668,368777
2026-01-05,16890.0,16890.0,16250.0,16440.0,16434.0,17064.0,17588.333333333332,18889.25,571872
2026-01-06,16540.0,16540.0,15830.0,15900.0,16382.0,16987.0,17496.666666666668,18873.583333333332,589006
2026-01-07,15850.0,15890.0,15390.0,15550.0,16220.0,16891.5,17425.833333333332,18853.166666666668,554584
2026-01-08,15580.0,15950.0,15360.0,15800.0,16070.0,16799.0,17368.166666666668,18831.5,550355
2026-01-09,15900.0,16750.0,15810.0,16590.0,16056.0,16726.5,17330.5,18813.25,730790
2026-01-12,16600.0,17050.0,16230.0,16690.0,16106.0,16676.5,17288.5,18797.416666666668,592648
2026-01-13,16950.0,17020.0,16560.0,17010.0,16328.0,16632.0,17257.333333333332,18783.416666666668,542425
2026-01-14,16970.0,17170.0,16820.0,16920.0,16602.0,16573.5,17225.166666666668,18769.583333333332,357098
2026-01-15,16920.0,17320.0,16920.0,17080.0,16858.0,16527.5,17185.166666666668,18754.0,408308
2026-01-16,17200.0,17200.0,16660.0,16780.0,16896.0,16492.5,17144.333333333332,18735.083333333332,452708
2026-01-19,16760.0,17020.0,16520.0,16880.0,16934.0,16523.5,17105.5,18714.75,457004
2026-01-20,16800.0,17560.0,16800.0,17420.0,17016.0,16568.5,17081.5,18697.416666666668,636624
2026-01-21,17280.0,17390.0,16900.0,17140.0,17060.0,16587.0,17052.666666666668,18677.75,389702
2026-01-22,17090.0,17540.0,16910.0,17230.0,17090.0,16599.5,17023.333333333332,18661.416666666668,428384
2026-01-23,17550.0,17550.0,16960.0,17140.0,17162.0,16636.5,16989.333333333332,18650.333333333332,407920
2026-01-26,17090.0,17300.0,16790.0,16910.0,17168.0,16660.5,16959.0,18637.75,479268
2026-01-27,16920.0,17170.0,16400.0,16570.0,16998.0,16681.0,16927.0,18627.25,649333
2026-01-28,16720.0,17270.0,16640.0,16960.0,16962.0,16711.0,16901.5,18623.0,712909
2026-01-29,16960.0,17830.0,16650.0,17710.0,17058.0,16769.0,16890.333333333332,18619.666666666668,1160267
2026-01-30,17730.0,18400.0,17230.0,17740.0,17178.0,16823.0,16873.5,18619.833333333332,1180798
2026-02-02,17900.0,18100.0,17080.0,17420.0,17280.0,16872.0,16879.5,18613.166666666668,894106
2026-02-03,17890.0,18580.0,17730.0,18550.0,17676.0,17004.5,16899.666666666668,18615.083333333332,1443042
2026-02-04,19010.0,20500.0,18940.0,20050.0,18294.0,17229.5,16953.833333333332,18625.083333333332,2303204
2026-02-05,20250.0,21850.0,19800.0,20750.0,18902.0,17477.0,17013.166666666668,18635.5,2602773
2026-02-06,20550.0,20650.0,19850.0,20350.0,19424.0,17665.0,17109.0,18624.666666666668,1056129
2026-02-09,20400.0,21400.0,19900.0,20900.0,20120.0,17875.5,17207.166666666668,18619.25,1475551
2026-02-10,20750.0,21600.0,20550.0,21250.0,20660.0,18087.5,17310.666666666668,18616.75,872603
2026-02-11,21200.0,21500.0,20750.0,21400.0,20930.0,18311.5,17418.833333333332,18616.75,1013851
2026-02-12,21450.0,21500.0,20250.0,20750.0,20930.0,18495.0,17503.833333333332,18618.833333333332,1265989
2026-02-13,20700.0,20850.0,20100.0,20500.0,20960.0,18681.0,17577.166666666668,18617.583333333332,617454
2026-02-19,20400.0,20500.0,19540.0,20150.0,20810.0,18844.5,17643.166666666668,18616.333333333332,986614
2026-02-20,20100.0,20800.0,20050.0,20400.0,20640.0,18993.5,17676.5,18613.416666666668,664027
2026-02-23,20300.0,20850.0,19900.0,20500.0,20460.0,19161.5,17716.666666666668,18610.916666666668,628105
2026-02-24,20550.0,20600.0,19980.0,19990.0,20308.0,19299.5,17761.5,18605.833333333332,515778
2026-02-25,20050.0,20050.0,18900.0,19620.0,20132.0,19423.5,17809.666666666668,18598.083333333332,1119378
2026-02-26,19570.0,19800.0,19350.0,19510.0,20004.0,19553.5,17853.666666666668,18586.916666666668,695729
2026-02-27,19510.0,20300.0,19430.0,19950.0,19914.0,19722.5,17910.5,18582.333333333332,736773
2026-03-03,19520.0,19550.0,18300.0,18600.0,19534.0,19804.5,17936.333333333332,18567.333333333332,733204
2026-03-04,17600.0,17850.0,15500.0,16100.0,18756.0,19724.0,17904.0,18526.5,1141688
2026-03-05,17130.0,17560.0,16910.0,17090.0,18250.0,19691.5,17885.333333333332,18496.833333333332,761486
2026-03-06,16660.0,17300.0,16560.0,16960.0,17740.0,19668.5,17868.166666666668,18475.916666666668,507255
2026-03-09,15830.0,16090.0,15580.0,15900.0,16930.0,19536.0,17842.5,18432.583333333332,532427
2026-03-10,16700.0,16700.0,16110.0,16240.0,16458.0,19345.5,17822.166666666668,18391.666666666668,456253
2026-03-11,16400.0,17480.0,16380.0,17070.0,16652.0,19161.5,17812.5,18361.416666666668,596693
2026-03-12,17060.0,17470.0,16810.0,17020.0,16638.0,18995.0,17795.5,18322.833333333332,251113
2026-03-13,16380.0,17040.0,16380.0,16750.0,16596.0,18787.5,17779.833333333332,18283.666666666668,408837
2026-03-16,16950.0,17840.0,16810.0,17100.0,16836.0,18580.0,17766.5,18246.583333333332,397136
2026-03-17,17320.0,18340.0,17260.0,18070.0,17202.0,18413.5,17766.166666666668,18219.25,708279
2026-03-18,18190.0,18200.0,17790.0,17960.0,17380.0,18274.0,17765.5,18190.583333333332,480816
2026-03-19,17760.0,19340.0,17620.0,18890.0,17754.0,18193.5,17789.0,18172.583333333332,1220362
2026-03-20,18870.0,19190.0,18190.0,18190.0,18042.0,18095.5,17821.166666666668,18146.666666666668,692119
2026-03-23,17600.0,17600.0,16650.0,16700.0,17962.0,17910.5,17824.166666666668,18097.083333333332,551339
2026-03-24,17250.0,18030.0,17130.0,17910.0,17930.0,17781.0,17843.166666666668,18064.25,802875
2026-03-25,17910.0,17990.0,16860.0,16970.0,17732.0,17630.0,17843.0,18018.166666666668,882601
2026-03-26,17130.0,17450.0,16930.0,16990.0,17352.0,17498.5,17852.833333333332,17962.666666666668,547301
2026-03-27,16800.0,17840.0,16730.0,17830.0,17280.0,17414.5,17876.166666666668,17926.25,767003
2026-03-30,17130.0,17180.0,16300.0,16500.0,17240.0,17242.0,17881.833333333332,17885.833333333332,802875
2026-03-31,16290.0,16690.0,15850.0,16100.0,16878.0,17117.0,17877.5,17843.75,805054
2026-04-01,16690.0,17040.0,16520.0,16900.0,16864.0,17157.0,17883.333333333332,17810.416666666668,416149
2026-04-02,17140.0,17290.0,16440.0,16490.0,16764.0,17127.0,17880.5,17772.0,585576
2026-04-03,15700.0,15980.0,14850.0,15020.0,16202.0,17030.0,17856.833333333332,17722.583333333332,1936639
2026-04-06,14900.0,15290.0,14740.0,14810.0,15864.0,16975.5,17838.666666666668,17667.666666666668,677168
2026-04-07,14870.0,15480.0,14400.0,14600.0,15564.0,16893.5,17822.833333333332,17624.333333333332,745976
2026-04-08,15130.0,15320.0,14740.0,14850.0,15154.0,16782.5,17807.0,17587.583333333332,950301
2026-04-09,14930.0,15050.0,14750.0,14820.0,14820.0,16672.5,17777.5,17554.0,568785
2026-04-10,14920.0,15290.0,14920.0,15170.0,14850.0,16593.5,17752.166666666668,17520.333333333332,544380
2026-04-13,15020.0,15180.0,14870.0,15160.0,14920.0,16496.5,17721.333333333332,17489.333333333332,313317
2026-04-14,15340.0,15450.0,15090.0,15400.0,15080.0,16363.0,17696.0,17460.583333333332,750685
2026-04-15,15720.0,15780.0,15300.0,15400.0,15190.0,16235.0,17668.0,17426.583333333332,723399
2026-04-16,15570.0,16000.0,15560.0,15920.0,15410.0,16086.5,17653.666666666668,17399.0,569392
2026-04-17,16180.0,16180.0,15650.0,15710.0,15518.0,15962.5,17634.166666666668,17369.833333333332,555927
2026-04-20,15630.0,15630.0,15410.0,15460.0,15578.0,15900.5,17601.5,17341.5,426422
2026-04-21,15560.0,15620.0,15210.0,15350.0,15568.0,15772.5,17571.666666666668,17312.166666666668,650772
2026-04-22,15300.0,15590.0,15210.0,15380.0,15564.0,15693.0,17540.833333333332,17282.083333333332,598390
2026-04-23,15570.0,15600.0,15100.0,15290.0,15438.0,15608.0,17510.0,17249.666666666668,553510
2026-04-24,15260.0,15950.0,15210.0,15860.0,15468.0,15509.5,17492.5,17225.75,894488
2026-04-27,16250.0,16680.0,16000.0,16080.0,15592.0,15488.5,17484.333333333332,17205.666666666668,1178803
2026-04-28,16080.0,16470.0,15930.0,16090.0,15740.0,15488.0,17469.833333333332,17185.666666666668,711994
2026-04-29,16230.0,16440.0,15850.0,16140.0,15892.0,15450.0,17443.666666666668,17167.0,529698
2026-04-30,16110.0,16130.0,15800.0,15850.0,16004.0,15418.0,17412.166666666668,17142.833333333332,314976
2026-05-04,16060.0,16200.0,15820.0,15850.0,16002.0,15459.5,17386.0,17132.75,532100
2026-05-06,15830.0,15860.0,15210.0,15420.0,15870.0,15490.0,17333.833333333332,17116.75,640638
2026-05-07,15660.0,16610.0,15570.0,16000.0,15852.0,15560.0,17266.333333333332,17110.083333333332,1295545
2026-05-08,16020.0,16160.0,15600.0,15810.0,15786.0,15608.0,17184.0,17098.583333333332,539903
2026-05-11,15790.0,15790.0,15130.0,15240.0,15664.0,15629.0,17098.833333333332,17103.916666666668,595531
2026-05-12,15280.0,15280.0,14570.0,14810.0,15456.0,15611.0,16997.333333333332,17102.25,547085
2026-05-13,14840.0,15200.0,14670.0,14990.0,15370.0,15602.5,16893.0,17101.833333333332,647243
2026-05-14,14970.0,15980.0,14970.0,15980.0,15366.0,15631.5,16802.666666666668,17110.75,728966
2026-05-15,15950.0,16220.0,15160.0,15310.0,15266.0,15627.0,16712.0,17107.916666666668,721788
2026-05-18,15270.0,15270.0,14180.0,14430.0,15104.0,15552.5,16610.833333333332,17094.0,1088041
2026-05-19,14460.0,14890.0,14190.0,14450.0,15032.0,15489.5,16515.833333333332,17079.5,518847
2026-05-20,14760.0,14760.0,13950.0,14160.0,14866.0,15424.5,16411.833333333332,17044.166666666668,637972
2026-05-21,14200.0,14520.0,14160.0,14250.0,14520.0,15369.5,16307.666666666666,17012.166666666668,736519
2026-05-22,14440.0,14900.0,14170.0,14700.0,14398.0,15335.5,16219.5,16990.5,529188
2026-05-26,14940.0,14960.0,14300.0,14370.0,14386.0,15289.5,16132.0,16970.833333333332,557956
2026-05-27,14120.0,14410.0,13900.0,14050.0,14306.0,15199.0,16041.0,16947.333333333332,659127
2026-05-28,14120.0,14290.0,13540.0,13920.0,14258.0,15091.0,15940.5,16925.5,480555
2026-05-29,14080.0,14260.0,13550.0,14100.0,14228.0,14991.5,15865.5,16900.916666666668,478983
2026-06-01,13960.0,14100.0,13610.0,13850.0,14058.0,14877.0,15828.0,16866.0,862435
2026-06-02,13750.0,13800.0,13300.0,13680.0,13920.0,14768.5,15771.166666666666,16828.25,652403
2026-06-04,14400.0,15170.0,14090.0,14690.0,14048.0,14710.5,15733.333333333334,16800.75,1509971
2026-06-05,15240.0,15950.0,14680.0,15500.0,14364.0,14714.5,15726.666666666666,16784.583333333332,1884916
2026-06-08,14900.0,15310.0,14530.0,14800.0,14504.0,14654.5,15702.666666666666,16762.416666666668,1218778
2026-06-09,14990.0,16000.0,14270.0,15020.0,14738.0,14615.0,15668.5,16740.5,1544179
2026-06-10,14930.0,15480.0,14640.0,15120.0,15026.0,14609.0,15636.833333333334,16716.166666666668,644681
2026-06-11,14930.0,15180.0,14570.0,14760.0,15040.0,14606.5,15603.666666666666,16691.75,916362
2026-06-12,15120.0,15390.0,14600.0,15000.0,14940.0,14607.0,15568.666666666666,16667.583333333332,664154
2026-06-15,15100.0,15270.0,14800.0,14970.0,14974.0,14556.5,15517.0,16641.583333333332,572570
2026-06-16,15060.0,15570.0,15010.0,15460.0,15062.0,14564.0,15475.333333333334,16620.416666666668,591602
2026-06-17,15600.0,15670.0,15080.0,15100.0,15058.0,14597.5,15412.166666666666,16600.583333333332,783987
2026-06-18,14900.0,15200.0,14610.0,14680.0,15042.0,14609.0,15353.666666666666,16587.416666666668,620996
2026-06-19,14600.0,14730.0,14200.0,14410.0,14924.0,14621.5,15315.5,16569.833333333332,635837
2026-06-22,14340.0,14770.0,13960.0,13960.0,14722.0,14607.0,15249.666666666666,16546.416666666668,354850
2026-06-23,13950.0,13970.0,12850.0,12860.0,14202.0,14515.0,15181.166666666666,16512.083333333332,786148
2026-06-24,12900.0,12930.0,12500.0,12680.0,13718.0,14430.5,15109.333333333334,16481.083333333332,675578
2026-06-25,12900.0,13730.0,12900.0,13070.0,13396.0,14381.5,15030.0,16453.083333333332,639266
2026-06-26,13240.0,13240.0,12350.0,12410.0,12996.0,14306.0,14961.833333333334,16421.833333333332,299498
2026-06-29,13120.0,14570.0,13100.0,14370.0,13078.0,14319.5,14933.0,16405.25,1031728
2026-06-30,14330.0,14740.0,13800.0,13800.0,13266.0,14317.0,14881.333333333334,16382.333333333334,481215
2026-07-01,14000.0,14540.0,13800.0,14440.0,13618.0,14355.0,14847.166666666666,16363.833333333334,357734
2026-07-02,14500.0,15600.0,14250.0,14530.0,13910.0,14347.0,14839.0,16347.916666666666,779977
2026-07-03,13810.0,13820.0,12220.0,12820.0,13992.0,14213.0,14805.833333333334,16322.25,1698873
2026-07-06,12820.0,13350.0,12710.0,13090.0,13736.0,14127.5,14780.666666666666,16301.75,649249
2026-07-07,13100.0,13720.0,12850.0,13410.0,13658.0,14047.0,14756.666666666666,16281.833333333334,621754
2026-07-08,13380.0,13400.0,12650.0,12920.0,13354.0,13937.0,14725.0,16251.25,496166
2026-07-09,12830.0,12920.0,12070.0,12210.0,12890.0,13809.5,14675.666666666666,16213.916666666666,635329
2026-07-10,12340.0,13100.0,12340.0,12660.0,12858.0,13692.5,14634.0,16177.666666666666,614277
2026-07-13,12780.0,13120.0,12320.0,12550.0,12750.0,13571.5,14586.5,16141.25,453283
