날짜,시가,고가,저가,종가,MA5,MA20,MA60,MA120,거래량
2017-05-15,159000.0,165500.0,158000.0,160000.0,,,,,1504154
2017-05-16,161500.0,162500.0,156000.0,156000.0,,,,,1146762
2017-05-17,153000.0,154500.0,142000.0,144000.0,,,,,2006418
2017-05-18,144000.0,149500.0,142000.0,148000.0,,,,,1587826
2017-05-19,147500.0,149500.0,143500.0,143500.0,150300.0,,,,680357
2017-05-22,143000.0,143500.0,138000.0,140000.0,146300.0,,,,1133489
2017-05-23,141000.0,144000.0,139000.0,143500.0,143800.0,,,,634619
2017-05-24,145000.0,146000.0,143500.0,145000.0,144000.0,,,,473540
2017-05-25,145500.0,146000.0,141000.0,144000.0,143200.0,,,,492961
2017-05-26,143500.0,143500.0,139500.0,142000.0,142900.0,,,,791714
2017-05-29,142000.0,147000.0,140500.0,147000.0,144300.0,,,,675099
2017-05-30,147000.0,149500.0,146500.0,149500.0,145500.0,,,,576607
2017-05-31,150000.0,152000.0,148500.0,152000.0,146900.0,,,,1989706
2017-06-01,152000.0,155000.0,150000.0,151500.0,148400.0,,,,405486
2017-06-02,152500.0,160000.0,152500.0,158500.0,151700.0,,,,1005171
2017-06-05,159000.0,161000.0,158000.0,161000.0,154500.0,,,,578458
2017-06-07,160000.0,161000.0,155000.0,160500.0,156700.0,,,,639485
2017-06-08,161000.0,161000.0,152500.0,153500.0,157000.0,,,,1255870
2017-06-09,153000.0,153000.0,147000.0,149000.0,156500.0,,,,822530
2017-06-12,143000.0,146000.0,141000.0,141500.0,153100.0,149500.0,,,1361725
2017-06-13,142000.0,145500.0,141500.0,145500.0,150000.0,148775.0,,,518659
2017-06-14,146000.0,146500.0,143000.0,143000.0,146500.0,148125.0,,,284894
2017-06-15,144000.0,149000.0,143500.0,147500.0,145300.0,148300.0,,,515357
2017-06-16,149500.0,154000.0,149000.0,152000.0,145900.0,148500.0,,,665089
2017-06-19,151500.0,152000.0,146500.0,150500.0,147700.0,148850.0,,,420046
2017-06-20,149500.0,153500.0,147000.0,153500.0,149300.0,149525.0,,,439121
2017-06-21,154000.0,155000.0,150000.0,153000.0,151300.0,150000.0,,,320623
2017-06-22,152000.0,154500.0,151000.0,151500.0,152100.0,150325.0,,,274429
2017-06-23,153000.0,155000.0,152500.0,153500.0,152400.0,150800.0,,,262224
2017-06-26,154000.0,155500.0,151500.0,152500.0,152800.0,151325.0,,,256090
2017-06-27,152000.0,153500.0,148000.0,150000.0,152100.0,151475.0,,,246479
2017-06-28,150500.0,152500.0,149000.0,149000.0,151300.0,151450.0,,,177019
2017-06-29,149500.0,155000.0,149500.0,155000.0,152000.0,151600.0,,,305111
2017-06-30,154000.0,156500.0,153500.0,155000.0,152300.0,151775.0,,,207954
2017-07-03,155000.0,156000.0,152000.0,152500.0,152300.0,151475.0,,,177684
2017-07-04,153000.0,154000.0,151500.0,152500.0,152800.0,151050.0,,,125481
2017-07-05,152500.0,152500.0,149000.0,149500.0,152900.0,150500.0,,,173393
2017-07-06,149500.0,151000.0,147500.0,148000.0,151500.0,150225.0,,,165756
2017-07-07,149500.0,156000.0,149000.0,155000.0,151500.0,150525.0,,,452333
2017-07-10,154500.0,154500.0,150500.0,151000.0,151200.0,151000.0,,,151964
2017-07-11,151000.0,152000.0,148500.0,148500.0,150400.0,151150.0,,,190487
2017-07-12,149000.0,150500.0,144500.0,145000.0,149500.0,151250.0,,,340497
2017-07-13,146500.0,147000.0,144500.0,145000.0,148900.0,151125.0,,,209308
2017-07-14,146000.0,147000.0,144500.0,145500.0,147000.0,150800.0,,,148846
2017-07-17,145500.0,146500.0,144500.0,145500.0,145900.0,150550.0,,,102387
2017-07-18,146000.0,146500.0,144500.0,145000.0,145200.0,150125.0,,,115522
2017-07-19,145000.0,145000.0,142500.0,145000.0,145200.0,149725.0,,,158087
2017-07-20,146000.0,149000.0,145000.0,148500.0,145900.0,149575.0,,,190152
2017-07-21,149000.0,149500.0,146500.0,148000.0,146400.0,149300.0,,,120518
2017-07-24,149500.0,149500.0,148000.0,149000.0,147100.0,149125.0,,,86607
2017-07-25,149500.0,149500.0,146000.0,146500.0,147400.0,148950.0,,,133767
2017-07-26,147500.0,147500.0,144500.0,146000.0,147600.0,148800.0,,,121396
2017-07-27,146500.0,146500.0,145000.0,146000.0,147100.0,148350.0,,,67004
2017-07-28,146000.0,146500.0,144500.0,144500.0,146400.0,147825.0,,,115409
2017-07-31,144000.0,145500.0,142500.0,143000.0,145200.0,147350.0,,,126376
2017-08-01,143500.0,144000.0,141500.0,141500.0,144200.0,146800.0,,,165735
2017-08-02,142500.0,143000.0,141500.0,141500.0,143300.0,146400.0,,,104535
2017-08-03,141500.0,141500.0,135500.0,136500.0,141400.0,145825.0,,,314969
2017-08-04,136000.0,137500.0,129500.0,130500.0,138600.0,144600.0,,,505939
2017-08-07,128500.0,135500.0,128500.0,134500.0,136900.0,143775.0,148091.66666666666,,334626
2017-08-08,135500.0,136000.0,133500.0,135500.0,135700.0,143125.0,147683.33333333334,,108453
2017-08-09,134500.0,137000.0,134000.0,134500.0,134300.0,142600.0,147325.0,,136255
2017-08-10,134000.0,134500.0,129500.0,130500.0,133100.0,141875.0,147100.0,,284470
2017-08-11,128500.0,131000.0,126500.0,127500.0,132500.0,140975.0,146758.33333333334,,241741
2017-08-14,127000.0,131500.0,123500.0,131000.0,131800.0,140250.0,146550.0,,484611
2017-08-16,131000.0,136500.0,129500.0,136500.0,132000.0,139825.0,146491.66666666666,,335214
2017-08-17,135500.0,137000.0,134000.0,135500.0,132200.0,139350.0,146358.33333333334,,122988
2017-08-18,134000.0,138500.0,132000.0,138500.0,133800.0,138850.0,146250.0,,181977
2017-08-21,139000.0,143000.0,137500.0,142500.0,136800.0,138575.0,146225.0,,299616
2017-08-22,143000.0,145000.0,142000.0,144500.0,139500.0,138350.0,146266.66666666666,,326501
2017-08-23,145000.0,145500.0,141500.0,143500.0,140900.0,138200.0,146208.33333333334,,220314
2017-08-24,154500.0,157000.0,151500.0,155500.0,144900.0,138675.0,146308.33333333334,,1363312
2017-08-25,153000.0,153500.0,147000.0,150000.0,147200.0,138875.0,146275.0,,922485
2017-08-28,151500.0,153500.0,148000.0,148500.0,148400.0,139075.0,146225.0,,254527
2017-08-29,148000.0,149000.0,143500.0,145500.0,148600.0,139200.0,146008.33333333334,,248788
2017-08-30,148000.0,153000.0,148000.0,152500.0,150400.0,139750.0,145866.66666666666,,389665
2017-08-31,153000.0,154500.0,149000.0,154500.0,150200.0,140400.0,145766.66666666666,,263067
2017-09-01,153000.0,155000.0,151500.0,154500.0,151100.0,141300.0,145783.33333333334,,206062
2017-09-04,154500.0,154500.0,154500.0,154500.0,152300.0,142500.0,145875.0,,0
2017-09-05,152000.0,152500.0,149500.0,150500.0,153300.0,143300.0,146025.0,,125772
2017-09-06,152000.0,157000.0,150500.0,157000.0,154200.0,144375.0,146216.66666666666,,408286
2017-09-07,156000.0,159000.0,156000.0,158000.0,154900.0,145550.0,146466.66666666666,,317444
2017-09-08,156500.0,157000.0,149000.0,150500.0,154100.0,146550.0,146516.66666666666,,369958
2017-09-11,151000.0,152500.0,149500.0,150000.0,153200.0,147675.0,146483.33333333334,,146497
2017-09-12,150500.0,151000.0,146000.0,147000.0,152500.0,148475.0,146425.0,,220881
2017-09-13,147000.0,149000.0,145500.0,149000.0,150900.0,149100.0,146350.0,,189246
2017-09-14,149500.0,152000.0,147500.0,149500.0,149200.0,149800.0,146291.66666666666,,195202
2017-09-15,149000.0,150500.0,148000.0,150500.0,149200.0,150400.0,146275.0,,181765
2017-09-18,150500.0,155000.0,150000.0,154500.0,150100.0,151000.0,146291.66666666666,,287462
2017-09-19,155000.0,156000.0,153000.0,154500.0,151600.0,151500.0,146325.0,,196158
2017-09-20,156000.0,157500.0,155000.0,156500.0,153100.0,152150.0,146433.33333333334,,256313
2017-09-21,156000.0,156500.0,154000.0,156000.0,154400.0,152175.0,146550.0,,163436
2017-09-25,151500.0,152500.0,149000.0,150000.0,154300.0,152175.0,146466.66666666666,,147017
2017-09-26,150000.0,150000.0,150000.0,150000.0,153400.0,152250.0,146383.33333333334,,0
2017-09-27,149500.0,152500.0,149000.0,149500.0,152400.0,152450.0,146333.33333333334,,193536
2017-09-28,149000.0,150000.0,147500.0,148000.0,150700.0,152225.0,146258.33333333334,,128300
2017-09-29,150000.0,151500.0,148500.0,151500.0,149800.0,152075.0,146291.66666666666,,113389
2017-10-10,152500.0,152500.0,149500.0,151500.0,150100.0,151925.0,146350.0,,153927
2017-10-11,151500.0,153500.0,150500.0,152500.0,150600.0,151825.0,146308.33333333334,,88344
2017-10-12,153500.0,153500.0,148500.0,149000.0,150500.0,151750.0,146275.0,,293874
2017-10-13,149000.0,163500.0,148500.0,162000.0,153300.0,152000.0,146500.0,,905002
2017-10-16,162000.0,163500.0,159500.0,161000.0,155200.0,152150.0,146766.66666666666,,277650
2017-10-17,162500.0,171500.0,160500.0,169500.0,158800.0,153100.0,147175.0,,775357
2017-10-18,171000.0,177000.0,170000.0,176500.0,163600.0,154425.0,147691.66666666666,,729789
2017-10-19,176500.0,176500.0,170500.0,173000.0,168400.0,155725.0,148150.0,,415227
2017-10-20,171500.0,174500.0,167000.0,173500.0,170700.0,156950.0,148625.0,,381346
2017-10-23,173000.0,175500.0,169000.0,171000.0,172700.0,158025.0,149058.33333333334,,210946
2017-10-24,172500.0,178000.0,171000.0,177000.0,174200.0,159350.0,149533.33333333334,,534099
2017-10-25,177000.0,179000.0,173500.0,175000.0,173900.0,160375.0,149983.33333333334,,302473
2017-10-26,175000.0,177000.0,173500.0,175500.0,174400.0,161425.0,150425.0,,190939
2017-10-27,175500.0,178000.0,172500.0,177500.0,175200.0,162475.0,150941.66666666666,,237931
2017-10-30,177500.0,178000.0,170000.0,170500.0,175100.0,163200.0,151350.0,,319823
2017-10-31,170500.0,174500.0,167500.0,174000.0,174500.0,164400.0,151816.66666666666,,266244
2017-11-01,172000.0,173500.0,170000.0,172000.0,173900.0,165500.0,152275.0,,233214
2017-11-02,172500.0,179500.0,172500.0,177500.0,174300.0,166900.0,152850.0,,340360
2017-11-03,173500.0,176000.0,172500.0,175000.0,173800.0,168250.0,153408.33333333334,,189676
2017-11-06,176000.0,187500.0,176000.0,186500.0,177000.0,170000.0,154158.33333333334,,759611
2017-11-07,188500.0,189000.0,185000.0,185500.0,179300.0,171700.0,154975.0,,331002
2017-11-08,186000.0,187500.0,181500.0,184500.0,181800.0,173300.0,155875.0,,447132
2017-11-09,186500.0,187000.0,182500.0,186000.0,183500.0,175150.0,156733.33333333334,152412.5,317563
2017-11-10,186500.0,192500.0,186000.0,189500.0,186400.0,176525.0,157633.33333333334,152658.33333333334,435867
2017-11-13,190500.0,197500.0,182000.0,185500.0,186200.0,177750.0,158483.33333333334,152904.16666666666,637935
2017-11-14,179500.0,188000.0,179000.0,186500.0,186400.0,178600.0,159416.66666666666,153258.33333333334,2349191
2017-11-15,190500.0,193500.0,186500.0,192500.0,188000.0,179400.0,160500.0,153629.16666666666,538018
2017-11-16,190000.0,192000.0,186500.0,191000.0,189000.0,180300.0,161500.0,154025.0,304893
2017-11-17,193000.0,194000.0,184000.0,185000.0,188100.0,180875.0,162308.33333333334,154400.0,397025
2017-11-20,185500.0,187000.0,183500.0,183500.0,187700.0,181500.0,163108.33333333334,154733.33333333334,226439
2017-11-21,186500.0,192500.0,185500.0,191000.0,188600.0,182200.0,163983.33333333334,155116.66666666666,501789
2017-11-22,192500.0,193000.0,184500.0,185000.0,187100.0,182700.0,164691.66666666666,155458.33333333334,382312
2017-11-23,187500.0,189000.0,185500.0,187500.0,186400.0,183300.0,165408.33333333334,155837.5,204055
2017-11-24,189500.0,192000.0,188000.0,188500.0,187100.0,183850.0,166158.33333333334,156183.33333333334,247320
2017-11-27,191000.0,191500.0,182500.0,186000.0,187600.0,184625.0,166666.66666666666,156487.5,321870
2017-11-28,186500.0,188000.0,175000.0,178000.0,185000.0,184825.0,167133.33333333334,156704.16666666666,476893
2017-11-29,180500.0,183000.0,173000.0,179000.0,183800.0,185175.0,167641.66666666666,156933.33333333334,524606
2017-11-30,177500.0,177500.0,169000.0,169000.0,180100.0,184750.0,168033.33333333334,157020.83333333334,511746
2017-12-01,170000.0,184000.0,170000.0,183000.0,179000.0,185150.0,168541.66666666666,157204.16666666666,617111
2017-12-04,183000.0,187000.0,181500.0,186000.0,179000.0,185125.0,169066.66666666666,157416.66666666666,331679
2017-12-05,184500.0,185000.0,178000.0,182500.0,179900.0,184975.0,169533.33333333334,157658.33333333334,297149
2017-12-06,180000.0,187000.0,180000.0,183000.0,180700.0,184900.0,170008.33333333334,157941.66666666666,281721
2017-12-07,186500.0,186500.0,179000.0,182000.0,183300.0,184700.0,170533.33333333334,158279.16666666666,298715
2017-12-08,182000.0,186000.0,181000.0,185500.0,183800.0,184500.0,171008.33333333334,158612.5,332765
2017-12-11,186000.0,189500.0,186000.0,188000.0,184200.0,184625.0,171508.33333333334,158987.5,369858
2017-12-12,188500.0,192500.0,187000.0,192500.0,186200.0,184925.0,172208.33333333334,159362.5,357803
2017-12-13,191000.0,200000.0,191000.0,198500.0,189300.0,185225.0,173016.66666666666,159750.0,703577
2017-12-14,199000.0,200000.0,193500.0,199500.0,192800.0,185650.0,173891.66666666666,160158.33333333334,1878360
2017-12-15,197500.0,197500.0,189500.0,191000.0,193900.0,185950.0,174591.66666666666,160470.83333333334,621734
2017-12-18,190000.0,194000.0,188500.0,190500.0,194400.0,186300.0,175275.0,160783.33333333334,321564
2017-12-19,188000.0,192000.0,186500.0,188000.0,193500.0,186150.0,175900.0,161087.5,240933
2017-12-21,179500.0,181000.0,178000.0,178500.0,189500.0,185825.0,176300.0,161295.83333333334,216249
2017-12-22,180000.0,184500.0,178500.0,183000.0,186200.0,185600.0,176775.0,161550.0,230688
2017-12-26,183000.0,185500.0,181500.0,184500.0,184900.0,185400.0,177241.66666666666,161837.5,232325
2017-12-27,185000.0,189500.0,182000.0,189500.0,184700.0,185575.0,177800.0,162175.0,185701
2017-12-28,190500.0,193500.0,186500.0,188500.0,184800.0,186100.0,178441.66666666666,162454.16666666666,147604
2018-01-02,188500.0,191000.0,187000.0,188500.0,186800.0,186575.0,179083.33333333334,162733.33333333334,116732
2018-01-03,184000.0,186000.0,180000.0,181000.0,186400.0,187175.0,179608.33333333334,162970.83333333334,339535
2018-01-04,180000.0,180000.0,170500.0,171500.0,183800.0,186600.0,180000.0,163129.16666666666,617781
2018-01-05,171500.0,172000.0,165000.0,166500.0,179200.0,185625.0,180250.0,163270.83333333334,548947
2018-01-08,168500.0,169000.0,164000.0,165500.0,174600.0,184775.0,180483.33333333334,163416.66666666666,319328
2018-01-09,166000.0,169500.0,165500.0,168500.0,170600.0,184050.0,180750.0,163529.16666666666,282347
2018-01-10,169500.0,170000.0,165000.0,168000.0,168000.0,183350.0,181066.66666666666,163670.83333333334,277028
2018-01-11,168500.0,169000.0,165500.0,166000.0,166900.0,182375.0,181133.33333333334,163816.66666666666,256453
2018-01-12,168000.0,169000.0,159500.0,161500.0,165900.0,181050.0,181141.66666666666,163954.16666666666,476619
2018-01-15,164000.0,167000.0,162500.0,163500.0,165500.0,179600.0,181041.66666666666,164108.33333333334,275891
2018-01-16,163000.0,167000.0,162000.0,166500.0,165100.0,178000.0,180875.0,164283.33333333334,192237
2018-01-17,165000.0,169000.0,163500.0,168500.0,165200.0,176450.0,180800.0,164475.0,235947
2018-01-18,166500.0,169000.0,166000.0,166500.0,165300.0,175225.0,180683.33333333334,164654.16666666666,236254
2018-01-19,166000.0,170000.0,164500.0,167500.0,166500.0,174075.0,180625.0,164841.66666666666,252453
2018-01-22,169500.0,169500.0,163000.0,164000.0,166600.0,172875.0,180408.33333333334,164970.83333333334,184331
2018-01-23,163000.0,169000.0,163000.0,167500.0,166800.0,172325.0,180283.33333333334,165133.33333333334,198715
2018-01-24,166500.0,168500.0,165500.0,167500.0,166600.0,171550.0,180150.0,165287.5,139936
2018-01-25,166000.0,169000.0,165000.0,165500.0,166400.0,170600.0,179950.0,165445.83333333334,157691
2018-01-26,165000.0,176000.0,165000.0,175500.0,168000.0,169900.0,180033.33333333334,165691.66666666666,635249
2018-01-29,175000.0,175000.0,171000.0,172000.0,169600.0,169075.0,180000.0,165908.33333333334,238003
2018-01-30,173000.0,175000.0,170000.0,170000.0,170100.0,168150.0,179966.66666666666,166120.83333333334,172204
2018-01-31,169000.0,174500.0,168000.0,174000.0,171400.0,167800.0,179908.33333333334,166379.16666666666,200071
2018-02-01,173000.0,178000.0,172000.0,173500.0,173000.0,167900.0,179883.33333333334,166645.83333333334,174593
2018-02-02,173000.0,174000.0,168500.0,169500.0,171800.0,168050.0,179600.0,166879.16666666666,163586
2018-02-05,165500.0,168000.0,160000.0,161000.0,169600.0,167825.0,179191.66666666666,167083.33333333334,257288
2018-02-06,154500.0,157500.0,149500.0,153000.0,166200.0,167050.0,178666.66666666666,167270.83333333334,459578
2018-02-07,153500.0,154000.0,140500.0,140500.0,159500.0,165675.0,177908.33333333334,167320.83333333334,1037686
2018-02-08,140500.0,142000.0,136000.0,140500.0,152900.0,164400.0,177091.66666666666,167362.5,392298
2018-02-09,136000.0,139500.0,135000.0,136000.0,146200.0,163125.0,176266.66666666666,167375.0,354694
2018-02-12,137500.0,143500.0,137000.0,142500.0,142500.0,162075.0,175533.33333333334,167475.0,274326
2018-02-13,145500.0,148000.0,143500.0,146000.0,141100.0,161050.0,174758.33333333334,167629.16666666666,472444
2018-02-14,146000.0,146500.0,141500.0,142500.0,141500.0,159750.0,173950.0,167725.0,258855
2018-02-19,146500.0,148500.0,143500.0,147500.0,142900.0,158800.0,173325.0,167816.66666666666,208728
2018-02-20,146500.0,148000.0,144000.0,144000.0,144500.0,157625.0,172666.66666666666,167887.5,176958
2018-02-21,143500.0,149500.0,142500.0,148500.0,145700.0,156850.0,171958.33333333334,167970.83333333334,188547
2018-02-22,147500.0,152500.0,146000.0,151500.0,146800.0,156050.0,171400.0,168045.83333333334,231471
2018-02-23,151500.0,158000.0,151500.0,158000.0,149900.0,155575.0,170908.33333333334,168158.33333333334,262177
2018-02-26,159000.0,160000.0,155000.0,159000.0,152200.0,155250.0,170416.66666666666,168287.5,244569
2018-02-27,157000.0,158500.0,155000.0,156000.0,154600.0,154275.0,169916.66666666666,168291.66666666666,202309
2018-02-28,155000.0,155500.0,147000.0,147500.0,154400.0,153050.0,169408.33333333334,168270.83333333334,899146
2018-03-02,145000.0,151500.0,144500.0,150000.0,154100.0,152050.0,168925.0,168283.33333333334,178473
2018-03-05,147500.0,149000.0,142500.0,143000.0,151100.0,150500.0,168491.66666666666,168262.5,270337
2018-03-06,144000.0,146500.0,142500.0,144000.0,148100.0,149025.0,167841.66666666666,168191.66666666666,252933
2018-03-07,147000.0,148500.0,141500.0,142000.0,145300.0,147650.0,167108.33333333334,168087.5,268632
2018-03-08,142000.0,145500.0,141500.0,145000.0,144800.0,146850.0,166483.33333333334,168008.33333333334,272121
2018-03-09,148000.0,155000.0,146500.0,151500.0,145100.0,146775.0,165958.33333333334,167983.33333333334,459122
2018-03-12,152500.0,154500.0,150000.0,151500.0,146800.0,147325.0,165450.0,167991.66666666666,231306
2018-03-13,150500.0,152000.0,148000.0,148500.0,147700.0,147725.0,164833.33333333334,167920.83333333334,202796
2018-03-14,147000.0,148500.0,144500.0,147000.0,148700.0,148275.0,164150.0,167829.16666666666,129347
2018-03-15,147500.0,148500.0,147000.0,147500.0,149200.0,148525.0,163400.0,167804.16666666666,166750
2018-03-16,149500.0,152500.0,147500.0,149500.0,148800.0,148700.0,162583.33333333334,167800.0,210624
2018-03-19,149500.0,150500.0,146000.0,146000.0,147700.0,148875.0,161691.66666666666,167791.66666666666,135759
2018-03-20,144500.0,151000.0,144000.0,148000.0,147600.0,148900.0,160975.0,167783.33333333334,185968
2018-03-21,148000.0,152000.0,148000.0,149000.0,148000.0,149150.0,160283.33333333334,167779.16666666666,171749
2018-03-22,149500.0,151500.0,147500.0,148000.0,148100.0,149125.0,159616.66666666666,167758.33333333334,93791
2018-03-23,143500.0,146000.0,142500.0,143000.0,146800.0,148700.0,159025.0,167662.5,204733
2018-03-26,142500.0,147000.0,141000.0,146000.0,146800.0,148100.0,158408.33333333334,167591.66666666666,210746
2018-03-27,147500.0,148000.0,145000.0,145500.0,146300.0,147425.0,157758.33333333334,167500.0,187474
2018-03-28,143500.0,147000.0,143500.0,145000.0,145500.0,146875.0,157016.66666666666,167408.33333333334,134381
2018-03-29,147000.0,147500.0,145000.0,147000.0,145300.0,146850.0,156325.0,167383.33333333334,231934
2018-03-30,150000.0,160500.0,149500.0,153000.0,147300.0,147000.0,155733.33333333334,167408.33333333334,725123
2018-04-02,154500.0,160500.0,153000.0,157500.0,149600.0,147725.0,155341.66666666666,167475.0,465021
2018-04-03,155000.0,160000.0,154500.0,159000.0,152300.0,148475.0,155133.33333333334,167566.66666666666,306607
2018-04-04,154500.0,155500.0,146000.0,146500.0,152600.0,148700.0,154800.0,167525.0,612059
2018-04-05,152500.0,153000.0,144500.0,146500.0,152500.0,148775.0,154483.33333333334,167483.33333333334,495606
2018-04-06,147000.0,147000.0,142000.0,142500.0,150400.0,148325.0,154050.0,167400.0,307450
2018-04-09,142000.0,145500.0,142000.0,142500.0,147400.0,147875.0,153625.0,167345.83333333334,226812
2018-04-10,142000.0,142500.0,138000.0,139000.0,143400.0,147400.0,153175.0,167154.16666666666,539097
2018-04-11,140000.0,141000.0,138500.0,139000.0,141900.0,147000.0,152800.0,166970.83333333334,277581
2018-04-12,138500.0,140000.0,137000.0,137500.0,140100.0,146500.0,152366.66666666666,166704.16666666666,269038
2018-04-13,137500.0,139500.0,136500.0,138500.0,139300.0,145950.0,151900.0,166387.5,179732
2018-04-16,139500.0,140000.0,133000.0,133500.0,137500.0,145325.0,151316.66666666666,166058.33333333334,351512
2018-04-17,134500.0,136500.0,133500.0,134000.0,136500.0,144625.0,150775.0,165729.16666666666,210004
2018-04-18,135000.0,136000.0,134500.0,134500.0,135600.0,143900.0,150225.0,165425.0,172263
2018-04-19,132500.0,133000.0,128500.0,129500.0,134000.0,142975.0,149650.0,165029.16666666666,359780
2018-04-20,130000.0,131000.0,128500.0,128500.0,132000.0,142250.0,149000.0,164641.66666666666,186533
2018-04-23,128000.0,130000.0,126000.0,127500.0,130800.0,141325.0,148333.33333333334,164241.66666666666,482895
2018-04-24,127500.0,131500.0,126500.0,129500.0,129900.0,140525.0,147733.33333333334,163841.66666666666,345125
2018-04-25,130500.0,133500.0,128500.0,131000.0,129200.0,139825.0,146991.66666666666,163512.5,218142
2018-04-26,132500.0,135000.0,131000.0,132000.0,129700.0,139075.0,146325.0,163162.5,163482
2018-04-27,137000.0,145500.0,135500.0,142000.0,132400.0,138525.0,145858.33333333334,162912.5,1015443
2018-04-30,145500.0,148500.0,143000.0,147500.0,136400.0,138025.0,145416.66666666666,162662.5,555092
2018-05-02,144500.0,149000.0,143000.0,148500.0,140200.0,137500.0,145000.0,162441.66666666666,375438
2018-05-03,149500.0,149500.0,142000.0,143000.0,142600.0,137325.0,144558.33333333334,162079.16666666666,331607
2018-05-04,141000.0,143000.0,135000.0,136000.0,143400.0,136800.0,144141.66666666666,161666.66666666666,337502
2018-05-08,135500.0,136500.0,132000.0,134500.0,141900.0,136400.0,143833.33333333334,161250.0,253630
2018-05-09,134000.0,137000.0,132500.0,135000.0,139400.0,136025.0,143741.66666666666,160825.0,308114
2018-05-10,135000.0,140000.0,135000.0,140000.0,137700.0,136075.0,143733.33333333334,160412.5,251083
2018-05-11,140000.0,141000.0,136500.0,140000.0,137100.0,136125.0,143800.0,160033.33333333334,146147
2018-05-14,140500.0,143500.0,138500.0,143000.0,138500.0,136400.0,143808.33333333334,159670.83333333334,216668
2018-05-15,142500.0,144500.0,139000.0,139500.0,139500.0,136450.0,143700.0,159229.16666666666,200443
2018-05-16,139000.0,143000.0,137500.0,141500.0,140800.0,136850.0,143683.33333333334,158816.66666666666,147887
2018-05-17,141000.0,141000.0,138000.0,140000.0,140800.0,137150.0,143558.33333333334,158441.66666666666,121293
2018-05-18,139000.0,140000.0,137500.0,139500.0,140700.0,137400.0,143483.33333333334,158075.0,89278
2018-05-21,141500.0,144500.0,140500.0,141500.0,140400.0,138000.0,143366.66666666666,157662.5,198467
2018-05-23,141500.0,146500.0,141500.0,145500.0,141600.0,138850.0,143266.66666666666,157333.33333333334,344285
2018-05-24,145500.0,149500.0,142500.0,147500.0,142800.0,139850.0,143091.66666666666,157000.0,363553
2018-05-25,148500.0,150000.0,146000.0,150000.0,144800.0,140875.0,142941.66666666666,156679.16666666666,260127
2018-05-28,150000.0,155000.0,148500.0,151500.0,147200.0,141900.0,142866.66666666666,156391.66666666666,338418
2018-05-29,156500.0,161500.0,154500.0,158000.0,150500.0,143200.0,143041.66666666666,156225.0,831698
2018-05-30,160500.0,165000.0,155000.0,157500.0,152900.0,143975.0,143166.66666666666,156045.83333333334,559721
2018-05-31,161500.0,161500.0,152500.0,157000.0,154800.0,144450.0,143400.0,155945.83333333334,402782
2018-06-01,157500.0,160500.0,153500.0,154500.0,155700.0,144750.0,143575.0,155708.33333333334,238444
2018-06-04,161500.0,161500.0,156000.0,157000.0,156800.0,145450.0,143825.0,155466.66666666666,399459
2018-06-05,156000.0,156500.0,150500.0,152000.0,155600.0,146250.0,143941.66666666666,155212.5,244202
2018-06-07,150000.0,154000.0,148000.0,154000.0,154900.0,147225.0,143983.33333333334,154970.83333333334,288833
2018-06-08,152000.0,154000.0,150500.0,151000.0,153700.0,148025.0,143975.0,154712.5,138967
2018-06-11,150500.0,153500.0,149500.0,151000.0,153000.0,148575.0,144016.66666666666,154425.0,184607
2018-06-12,151000.0,153000.0,150000.0,151000.0,151800.0,149125.0,144083.33333333334,154116.66666666666,130121
2018-06-14,152500.0,153000.0,150000.0,152000.0,151800.0,149575.0,144158.33333333334,153779.16666666666,192413
2018-06-15,152500.0,152500.0,148000.0,149000.0,150800.0,150050.0,144150.0,153366.66666666666,190294
2018-06-18,147000.0,150000.0,146500.0,148000.0,150200.0,150375.0,144183.33333333334,152937.5,157847
2018-06-19,146500.0,150500.0,146500.0,149000.0,149800.0,150825.0,144200.0,152587.5,172448
2018-06-20,148000.0,149500.0,141500.0,148000.0,149200.0,151250.0,144183.33333333334,152233.33333333334,310522
2018-06-21,146000.0,153000.0,146000.0,150500.0,148900.0,151700.0,144225.0,151920.83333333334,171999
2018-06-22,149500.0,156000.0,149500.0,155500.0,150200.0,152200.0,144433.33333333334,151729.16666666666,262467
2018-06-25,155500.0,158500.0,153500.0,154000.0,151400.0,152525.0,144566.66666666666,151487.5,224534
2018-06-26,153500.0,158000.0,152500.0,158000.0,153200.0,152925.0,144775.0,151266.66666666666,212663
2018-06-27,158000.0,159000.0,155000.0,158000.0,155200.0,153250.0,144991.66666666666,151004.16666666666,169430
2018-06-28,158500.0,159500.0,153500.0,154000.0,155900.0,153050.0,145108.33333333334,150716.66666666666,197652
2018-06-29,157000.0,157000.0,151500.0,152500.0,155300.0,152800.0,145100.0,150416.66666666666,183324
2018-07-02,151500.0,152000.0,148000.0,149000.0,154300.0,152400.0,144958.33333333334,150150.0,154323
2018-07-03,151000.0,153500.0,149000.0,153000.0,153300.0,152325.0,144858.33333333334,149995.83333333334,179485
2018-07-04,152500.0,159000.0,152000.0,158500.0,153400.0,152400.0,145058.33333333334,149929.16666666666,220130
2018-07-05,158000.0,158500.0,153500.0,155500.0,153700.0,152575.0,145208.33333333334,149845.83333333334,157910
2018-07-06,154500.0,156500.0,150500.0,156000.0,154400.0,152675.0,145433.33333333334,149741.66666666666,186159
2018-07-09,156000.0,160500.0,156000.0,160500.0,156700.0,153150.0,145733.33333333334,149679.16666666666,240017
2018-07-10,161500.0,164000.0,161000.0,163000.0,158700.0,153750.0,146133.33333333334,149654.16666666666,205541
2018-07-11,160500.0,163000.0,158500.0,162500.0,159500.0,154325.0,146525.0,149662.5,164209
2018-07-12,162500.0,167000.0,160500.0,166500.0,161700.0,155050.0,147008.33333333334,149687.5,321006
2018-07-13,164500.0,167000.0,158000.0,159000.0,162300.0,155550.0,147350.0,149625.0,292058
2018-07-16,155500.0,156500.0,148000.0,150000.0,160200.0,155650.0,147625.0,149470.83333333334,486751
2018-07-17,149500.0,150500.0,146000.0,149500.0,157500.0,155675.0,147883.33333333334,149329.16666666666,174137
2018-07-18,149500.0,151500.0,148000.0,148500.0,154700.0,155700.0,148116.66666666666,149170.83333333334,127235
2018-07-19,148500.0,150500.0,145500.0,146000.0,150600.0,155475.0,148391.66666666666,149020.83333333334,129437
2018-07-20,147000.0,149000.0,146000.0,146000.0,148000.0,155000.0,148683.33333333334,148841.66666666666,99020
2018-07-23,146500.0,148500.0,146000.0,148500.0,147700.0,154725.0,149033.33333333334,148683.33333333334,113095
2018-07-24,149500.0,151000.0,146500.0,147000.0,147200.0,154175.0,149325.0,148529.16666666666,113300
2018-07-25,147500.0,149500.0,147000.0,149000.0,147300.0,153725.0,149625.0,148308.33333333334,96526
2018-07-26,150000.0,150500.0,148500.0,150000.0,148100.0,153525.0,149925.0,148125.0,81443
2018-07-27,151500.0,151500.0,146500.0,146500.0,148200.0,153225.0,150000.0,147929.16666666666,132989
2018-07-30,144500.0,146000.0,140500.0,141000.0,146700.0,152825.0,149891.66666666666,147654.16666666666,252571
2018-07-31,141000.0,147000.0,140500.0,144500.0,146200.0,152400.0,149825.0,147412.5,170296
2018-08-01,146500.0,149000.0,145000.0,145500.0,145500.0,151750.0,149866.66666666666,147212.5,126748
2018-08-02,145500.0,146500.0,141500.0,142500.0,144000.0,151100.0,149975.0,147058.33333333334,136733
2018-08-03,142500.0,143500.0,142000.0,143000.0,143300.0,150450.0,150116.66666666666,146975.0,80136
2018-08-06,142500.0,145000.0,142500.0,144500.0,144000.0,149650.0,150275.0,147008.33333333334,90193
2018-08-07,143500.0,144000.0,142000.0,143500.0,143800.0,148675.0,150333.33333333334,147033.33333333334,78647
2018-08-08,142500.0,143500.0,140500.0,142000.0,143100.0,147650.0,150366.66666666666,147083.33333333334,164582
2018-08-09,130000.0,130500.0,122500.0,126000.0,139800.0,145625.0,150083.33333333334,146945.83333333334,1245103
2018-08-10,126500.0,128500.0,125000.0,127000.0,136600.0,144025.0,149875.0,146787.5,255849
2018-08-13,125000.0,126000.0,122000.0,122500.0,132200.0,142650.0,149558.33333333334,146620.83333333334,338008
2018-08-14,123500.0,126500.0,122500.0,123500.0,128200.0,141350.0,149283.33333333334,146420.83333333334,203431
2018-08-16,122000.0,122000.0,113000.0,116000.0,123000.0,139725.0,148891.66666666666,146187.5,1068017
2018-08-17,117000.0,120000.0,117000.0,119000.0,121600.0,138375.0,148516.66666666666,145941.66666666666,294794
2018-08-20,120000.0,120500.0,116500.0,117000.0,119600.0,136925.0,148041.66666666666,145654.16666666666,394064
2018-08-21,118500.0,124500.0,118000.0,123500.0,119800.0,135675.0,147641.66666666666,145366.66666666666,398822
2018-08-22,123500.0,123500.0,119500.0,120000.0,119100.0,134325.0,147141.66666666666,145041.66666666666,185990
2018-08-23,120000.0,124000.0,120000.0,122500.0,120400.0,133000.0,146658.33333333334,144762.5,191111
2018-08-24,122000.0,124000.0,120500.0,123500.0,121300.0,131675.0,146083.33333333334,144562.5,153723
2018-08-27,125000.0,127500.0,122500.0,122500.0,122400.0,130475.0,145500.0,144333.33333333334,214003
2018-08-28,122000.0,122500.0,118000.0,118500.0,121400.0,129350.0,144858.33333333334,144129.16666666666,322096
2018-08-29,118500.0,122000.0,118500.0,120500.0,121500.0,128150.0,144291.66666666666,143933.33333333334,205291
2018-08-30,121000.0,121500.0,119000.0,120000.0,121000.0,126875.0,143675.0,143750.0,148152
2018-08-31,117500.0,118000.0,114500.0,116500.0,119600.0,125575.0,143083.33333333334,143512.5,437052
2018-09-03,116000.0,118000.0,114500.0,116500.0,118400.0,124250.0,142458.33333333334,143220.83333333334,227605
2018-09-04,117000.0,119500.0,116000.0,119000.0,118500.0,122975.0,141925.0,142950.0,271379
2018-09-05,119000.0,119000.0,115500.0,116000.0,117600.0,121600.0,141341.66666666666,142679.16666666666,187190
2018-09-06,116000.0,116500.0,113500.0,114000.0,116400.0,120200.0,140725.0,142404.16666666666,249942
2018-09-07,115000.0,117000.0,112000.0,113000.0,115700.0,119550.0,140075.0,142116.66666666666,438750
2018-09-10,112500.0,114500.0,112500.0,113500.0,115100.0,118875.0,139483.33333333334,141816.66666666666,174202
2018-09-11,113500.0,114000.0,112000.0,112500.0,113800.0,118375.0,138891.66666666666,141537.5,140891
2018-09-12,112500.0,115000.0,111000.0,115000.0,113600.0,117950.0,138325.0,141262.5,249953
2018-09-13,115000.0,117500.0,114000.0,117000.0,114200.0,118000.0,137808.33333333334,140995.83333333334,266620
2018-09-14,117500.0,118000.0,115000.0,116000.0,114800.0,117850.0,137233.33333333334,140729.16666666666,203328
2018-09-17,115000.0,116500.0,113000.0,113500.0,114800.0,117675.0,136533.33333333334,140483.33333333334,178611
2018-09-18,113500.0,113500.0,110000.0,111000.0,114500.0,117050.0,135816.66666666666,140191.66666666666,293813
2018-09-19,111500.0,113500.0,110500.0,112000.0,113900.0,116650.0,135050.0,139912.5,236437
2018-09-20,112500.0,118000.0,112500.0,117500.0,114000.0,116400.0,134375.0,139683.33333333334,664074
2018-09-21,119000.0,122000.0,116500.0,119000.0,114600.0,116175.0,133791.66666666666,139450.0,409214
2018-09-27,119000.0,121000.0,118000.0,118500.0,115600.0,115975.0,133225.0,139162.5,207035
2018-09-28,118500.0,119500.0,114500.0,115000.0,116400.0,115800.0,132658.33333333334,138808.33333333334,278236
2018-10-01,115000.0,118000.0,114000.0,116500.0,117300.0,115600.0,132050.0,138454.16666666666,260431
2018-10-02,117500.0,122500.0,117000.0,121000.0,118000.0,115650.0,131425.0,138241.66666666666,675222
2018-10-04,122000.0,122500.0,118500.0,119500.0,118100.0,115800.0,130825.0,138016.66666666666,358698
2018-10-05,119000.0,120000.0,116000.0,117500.0,117900.0,115850.0,130183.33333333333,137808.33333333334,305896
2018-10-08,121000.0,124500.0,120500.0,122500.0,119400.0,116025.0,129550.0,137641.66666666666,465353
2018-10-10,123000.0,126500.0,122500.0,126000.0,121300.0,116525.0,128933.33333333333,137533.33333333334,628279
2018-10-11,120500.0,127000.0,120000.0,126000.0,122300.0,117125.0,128325.0,137425.0,823236
2018-10-12,126000.0,126000.0,120000.0,121000.0,122600.0,117525.0,127566.66666666667,137287.5,453725
2018-10-15,120500.0,121000.0,113500.0,114000.0,121900.0,117550.0,126816.66666666667,137083.33333333334,455347
2018-10-16,113500.0,117500.0,113000.0,114500.0,120300.0,117650.0,126225.0,136925.0,273838
2018-10-17,115500.0,117000.0,111000.0,112000.0,117500.0,117500.0,125600.0,136741.66666666666,338420
2018-10-18,112500.0,115500.0,112500.0,114500.0,115200.0,117375.0,125033.33333333333,136575.0,245678
2018-10-19,113000.0,114000.0,111000.0,114000.0,113800.0,117275.0,124500.0,136445.83333333334,168500
2018-10-22,114000.0,115000.0,112500.0,114000.0,113800.0,117300.0,123966.66666666667,136325.0,169660
2018-10-23,114000.0,115000.0,112000.0,112500.0,113400.0,117375.0,123366.66666666667,136200.0,231814
2018-10-24,114000.0,114500.0,107000.0,109000.0,112800.0,117225.0,122733.33333333333,136029.16666666666,288615
2018-10-25,106000.0,111500.0,104000.0,108500.0,111600.0,116775.0,122058.33333333333,135841.66666666666,322753
2018-10-26,109000.0,109500.0,99200.0,100000.0,108800.0,115825.0,121225.0,135575.0,437001
2018-10-29,97300.0,101000.0,90900.0,91800.0,104360.0,114490.0,120313.33333333333,135156.66666666666,799904
2018-10-30,91000.0,108500.0,90300.0,106500.0,103160.0,114065.0,119738.33333333333,134815.0,1159588
2018-10-31,107500.0,112500.0,104000.0,112000.0,103760.0,113840.0,119196.66666666667,134510.83333333334,550466
2018-11-01,112500.0,114000.0,109000.0,109500.0,103960.0,113265.0,118596.66666666667,134231.66666666666,291210
2018-11-02,110500.0,116000.0,110000.0,115000.0,106960.0,113040.0,118138.33333333333,134056.66666666666,301230
2018-11-05,113500.0,118000.0,112500.0,117500.0,112100.0,113040.0,117713.33333333333,133915.0,249663
2018-11-06,118000.0,119000.0,115000.0,116000.0,114000.0,112715.0,117238.33333333333,133756.66666666666,186157
2018-11-07,116500.0,117000.0,113500.0,114500.0,114500.0,112140.0,116755.0,133544.16666666666,209062
2018-11-08,116500.0,118000.0,116000.0,116000.0,115800.0,111640.0,116321.66666666667,133344.16666666666,206230
2018-11-09,119500.0,120000.0,117000.0,118500.0,116500.0,111515.0,116196.66666666667,133140.0,303333
2018-11-12,118000.0,126000.0,117500.0,122500.0,117500.0,111940.0,116121.66666666667,132998.33333333334,445248
2018-11-13,122000.0,124500.0,120000.0,123000.0,118900.0,112365.0,116130.0,132844.16666666666,264908
2018-11-14,123500.0,127000.0,123000.0,125000.0,121000.0,113015.0,116155.0,132719.16666666666,265452
2018-11-15,126000.0,127500.0,124000.0,125500.0,122900.0,113565.0,116313.33333333333,132602.5,144916
2018-11-16,125500.0,126500.0,122000.0,122500.0,123700.0,113990.0,116371.66666666667,132444.16666666666,222117
2018-11-19,121500.0,124500.0,121500.0,123000.0,123800.0,114440.0,116471.66666666667,132256.66666666666,163891
2018-11-20,122500.0,124500.0,122000.0,124000.0,124000.0,115015.0,116480.0,132060.83333333334,153788
2018-11-21,123500.0,123500.0,117500.0,119500.0,122900.0,115540.0,116471.66666666667,131806.66666666666,298028
2018-11-22,119500.0,123000.0,117500.0,122000.0,122200.0,116215.0,116463.33333333333,131560.83333333334,159773
2018-11-23,123000.0,126500.0,122000.0,123500.0,122400.0,117390.0,116463.33333333333,131273.33333333334,217497
2018-11-26,124000.0,125500.0,122500.0,125000.0,122800.0,119050.0,116505.0,131002.5,156029
2018-11-27,125000.0,126500.0,124500.0,126000.0,123200.0,120025.0,116630.0,130744.16666666667,184668
2018-11-28,127000.0,130000.0,125500.0,129000.0,125100.0,120875.0,116771.66666666667,130531.66666666667,197228
2018-11-29,131500.0,133500.0,131000.0,132500.0,127200.0,122025.0,116980.0,130327.5,296070
2018-11-30,132500.0,133000.0,129000.0,130500.0,128600.0,122800.0,117213.33333333333,130148.33333333333,332003
2018-12-03,131000.0,131500.0,125000.0,127000.0,129000.0,123275.0,117388.33333333333,129923.33333333333,441903
2018-12-04,126500.0,128000.0,124500.0,124500.0,128700.0,123700.0,117480.0,129702.5,296094
2018-12-05,125000.0,126500.0,123500.0,125500.0,128000.0,124250.0,117638.33333333333,129490.0,302915
2018-12-06,119000.0,119500.0,109500.0,110500.0,123600.0,123975.0,117580.0,129152.5,1579206
2018-12-07,113000.0,114500.0,111000.0,112500.0,120000.0,123675.0,117571.66666666667,128823.33333333333,423257
2018-12-10,109500.0,110000.0,102500.0,105500.0,115700.0,122825.0,117438.33333333333,128460.83333333333,779248
2018-12-11,104000.0,104500.0,100000.0,103500.0,111500.0,121850.0,117288.33333333333,128090.0,613311
2018-12-12,102500.0,107000.0,102500.0,105500.0,107500.0,120875.0,117130.0,127727.5,325466
2018-12-13,106000.0,111000.0,106000.0,109000.0,107200.0,120050.0,116996.66666666667,127402.5,700939
2018-12-14,109000.0,109500.0,103500.0,106000.0,105900.0,119225.0,116830.0,127031.66666666667,425642
2018-12-17,106000.0,108000.0,104500.0,107500.0,106300.0,118450.0,116730.0,126631.66666666667,200784
2018-12-18,106500.0,108500.0,105000.0,108500.0,107300.0,117675.0,116688.33333333333,126252.5,184232
2018-12-19,108500.0,112000.0,107500.0,110500.0,108300.0,117225.0,116663.33333333333,125856.66666666667,213304
2018-12-20,110000.0,110500.0,108000.0,109000.0,108300.0,116575.0,116521.66666666667,125448.33333333333,163422
2018-12-21,110000.0,117000.0,108500.0,114500.0,110000.0,116125.0,116446.66666666667,125119.16666666667,510705
2018-12-24,114500.0,116000.0,113000.0,114000.0,111300.0,115575.0,116371.66666666667,124798.33333333333,190788
2018-12-26,111000.0,113500.0,109000.0,110000.0,111600.0,114775.0,116288.33333333333,124473.33333333333,252426
2018-12-27,111000.0,115500.0,110500.0,115000.0,112500.0,114075.0,116263.33333333333,124156.66666666667,250236
2018-12-28,114500.0,115500.0,111000.0,111500.0,113000.0,113025.0,116105.0,123765.0,147134
2019-01-02,113500.0,113500.0,105500.0,106000.0,111300.0,111800.0,115880.0,123352.5,271562
2019-01-03,105500.0,109000.0,104000.0,104000.0,109300.0,110650.0,115655.0,122919.16666666667,236841
2019-01-04,103500.0,109500.0,103000.0,108500.0,109000.0,109850.0,115421.66666666667,122485.83333333333,218348
2019-01-07,109000.0,111500.0,109000.0,110500.0,108100.0,109100.0,115163.33333333333,122048.33333333333,154726
2019-01-08,112000.0,113500.0,109000.0,109000.0,107600.0,109025.0,114880.0,121602.5,126350
2019-01-09,109500.0,113000.0,109000.0,112000.0,108800.0,109000.0,114730.0,121148.33333333333,150310
2019-01-10,112000.0,119500.0,112000.0,114000.0,110800.0,109425.0,114730.0,120773.33333333333,316851
2019-01-11,113000.0,117000.0,112000.0,115500.0,112200.0,110025.0,114746.66666666667,120485.83333333333,179824
2019-01-14,114500.0,116500.0,112000.0,113000.0,112700.0,110400.0,114763.33333333333,120181.66666666667,134281
2019-01-15,113000.0,113500.0,111500.0,112000.0,113300.0,110550.0,114721.66666666667,119877.5,111048
2019-01-16,111000.0,113500.0,109000.0,109500.0,112800.0,110725.0,114646.66666666667,119573.33333333333,147350
2019-01-17,109500.0,111000.0,108500.0,109500.0,111900.0,110825.0,114571.66666666667,119269.16666666667,185042
2019-01-18,111000.0,111000.0,105500.0,106000.0,110000.0,110700.0,114463.33333333333,118915.0,312789
2019-01-21,106000.0,106500.0,103000.0,103500.0,108100.0,110350.0,114371.66666666667,118552.5,361789
2019-01-22,104000.0,106500.0,102000.0,106000.0,106900.0,110200.0,114330.0,118194.16666666667,275732
2019-01-23,105500.0,108500.0,105500.0,107500.0,106500.0,109850.0,114455.0,117840.0,184452
2019-01-24,106500.0,107500.0,105000.0,106500.0,105900.0,109475.0,114700.0,117506.66666666667,131913
2019-01-25,108000.0,113500.0,108000.0,110000.0,106700.0,109475.0,114758.33333333333,117248.33333333333,360582
2019-01-28,111500.0,112500.0,109500.0,111500.0,108300.0,109300.0,114750.0,116973.33333333333,172596
2019-01-29,111500.0,113500.0,110000.0,110500.0,109200.0,109250.0,114766.66666666667,116681.66666666667,165637
2019-01-30,110500.0,112000.0,109500.0,110000.0,109700.0,109450.0,114683.33333333333,116410.83333333333,250144
2019-01-31,112000.0,112000.0,106500.0,107000.0,109800.0,109600.0,114508.33333333333,116110.83333333333,266698
2019-02-01,107500.0,110000.0,107500.0,109500.0,109700.0,109650.0,114400.0,115819.16666666667,166109
2019-02-07,110000.0,110500.0,108000.0,109500.0,109300.0,109600.0,114316.66666666667,115535.83333333333,123492
2019-02-08,115000.0,128000.0,112500.0,119000.0,111000.0,110100.0,114366.66666666667,115344.16666666667,1354003
2019-02-11,119000.0,124500.0,117500.0,119000.0,112800.0,110450.0,114375.0,115285.83333333333,541698
2019-02-12,119000.0,119500.0,116500.0,118000.0,115000.0,110650.0,114300.0,115210.83333333333,217809
2019-02-13,117500.0,123500.0,116500.0,123500.0,117800.0,111050.0,114308.33333333333,115219.16666666667,447866
2019-02-14,118500.0,124000.0,117000.0,124000.0,120700.0,111600.0,114291.66666666667,115223.33333333333,459918
2019-02-15,121500.0,123000.0,118500.0,119000.0,120700.0,111950.0,114183.33333333333,115248.33333333333,221949
2019-02-18,119000.0,121500.0,117000.0,119500.0,120800.0,112450.0,114133.33333333333,115252.5,140160
2019-02-19,119500.0,120500.0,108000.0,117000.0,120600.0,112825.0,114033.33333333333,115252.5,726269
2019-02-20,116000.0,118500.0,114000.0,115000.0,118900.0,113275.0,113883.33333333333,115181.66666666667,256806
2019-02-21,115500.0,119500.0,115500.0,118500.0,117800.0,114025.0,113866.66666666667,115169.16666666667,264047
2019-02-22,119000.0,120500.0,116500.0,118500.0,117700.0,114650.0,113808.33333333333,115135.83333333333,165340
2019-02-25,118500.0,122000.0,117500.0,121500.0,118100.0,115350.0,113775.0,115119.16666666667,167349
2019-02-26,121000.0,123000.0,121000.0,122000.0,119100.0,116125.0,113725.0,115115.0,170833
2019-02-27,122000.0,123000.0,120500.0,122000.0,120500.0,116725.0,113658.33333333333,115144.16666666667,134672
2019-02-28,119500.0,120000.0,117000.0,118000.0,120400.0,117050.0,113475.0,115123.33333333333,228333
2019-03-04,118000.0,119000.0,115000.0,115500.0,119800.0,117300.0,113191.66666666667,115085.83333333333,181551
2019-03-05,115500.0,116500.0,111500.0,112000.0,117900.0,117400.0,112883.33333333333,115048.33333333333,240465
2019-03-06,112500.0,114000.0,112000.0,113000.0,116100.0,117700.0,112650.0,115019.16666666667,134736
2019-03-07,114000.0,114000.0,112000.0,112500.0,114200.0,117850.0,112450.0,114965.0,96231
2019-03-08,113000.0,114000.0,112000.0,113000.0,113200.0,118025.0,112241.66666666667,114940.0,109035
2019-03-11,113500.0,113500.0,112000.0,113500.0,112800.0,117750.0,112291.66666666667,114935.83333333333,94465
2019-03-12,114000.0,115000.0,113500.0,114000.0,113200.0,117500.0,112316.66666666667,114944.16666666667,98278
2019-03-13,113500.0,114500.0,111500.0,114000.0,113400.0,117300.0,112458.33333333333,114948.33333333333,130370
2019-03-14,115000.0,115500.0,114000.0,115500.0,114000.0,116900.0,112658.33333333333,114973.33333333333,220885
2019-03-15,115500.0,120000.0,115000.0,120000.0,115400.0,116700.0,112900.0,115015.0,211681
2019-03-18,120500.0,122000.0,119000.0,120500.0,116800.0,116775.0,113091.66666666667,115044.16666666667,129947
2019-03-19,121000.0,121500.0,118000.0,118500.0,117700.0,116725.0,113300.0,115065.0,84853
2019-03-20,117000.0,118000.0,114000.0,117500.0,118400.0,116750.0,113466.66666666667,115098.33333333333,139562
2019-03-21,117000.0,120000.0,115500.0,115500.0,118400.0,116775.0,113583.33333333333,115135.83333333333,128292
2019-03-22,115500.0,117500.0,114500.0,115500.0,117500.0,116625.0,113666.66666666667,115165.0,74808
2019-03-25,114000.0,117000.0,114000.0,115000.0,116400.0,116450.0,113766.66666666667,115144.16666666667,66003
2019-03-26,116000.0,121000.0,115500.0,121000.0,116900.0,116425.0,113875.0,115160.83333333333,296414
2019-03-27,121500.0,122000.0,119000.0,121000.0,117600.0,116375.0,113991.66666666667,115181.66666666667,159243
2019-03-28,120500.0,130000.0,119000.0,124500.0,119400.0,116500.0,114233.33333333333,115260.83333333333,567869
2019-03-29,125000.0,126000.0,123500.0,125000.0,121300.0,116850.0,114400.0,115331.66666666667,201459
2019-04-01,126000.0,127000.0,123500.0,123500.0,123000.0,117250.0,114600.0,115352.5,160664
2019-04-02,123500.0,125000.0,120000.0,120500.0,122900.0,117675.0,114841.66666666667,115360.83333333333,171624
2019-04-03,125000.0,126500.0,122500.0,125500.0,123800.0,118300.0,115200.0,115427.5,312809
2019-04-04,126000.0,126500.0,124000.0,124500.0,123800.0,118900.0,115466.66666666667,115444.16666666667,104300
2019-04-05,126000.0,126000.0,122500.0,124000.0,123600.0,119450.0,115691.66666666667,115427.5,98804
2019-04-08,126000.0,126000.0,122500.0,123500.0,123600.0,119950.0,115933.33333333333,115406.66666666667,103618
2019-04-09,123500.0,124500.0,121500.0,123000.0,124100.0,120400.0,116116.66666666667,115423.33333333333,102691
2019-04-10,123500.0,128000.0,123500.0,128000.0,124600.0,121100.0,116350.0,115540.0,287938
2019-04-11,128000.0,130000.0,127500.0,130000.0,125700.0,121825.0,116591.66666666667,115669.16666666667,288933
2019-04-12,131000.0,133000.0,130000.0,132000.0,127300.0,122425.0,116908.33333333333,115835.83333333333,314942
2019-04-15,134500.0,138000.0,133000.0,134500.0,129500.0,123125.0,117283.33333333333,116002.5,347649
2019-04-16,136000.0,138000.0,134000.0,136000.0,132100.0,124000.0,117725.0,116185.83333333333,190618
2019-04-17,137000.0,137500.0,133000.0,135500.0,133600.0,124900.0,118158.33333333333,116365.0,137448
2019-04-18,135000.0,135000.0,132500.0,132500.0,134100.0,125750.0,118600.0,116531.66666666667,99576
2019-04-19,132500.0,135500.0,132500.0,133000.0,134300.0,126625.0,119091.66666666667,116731.66666666667,96400
2019-04-22,134000.0,137500.0,133500.0,136000.0,134600.0,127675.0,119591.66666666667,116960.83333333333,221337
2019-04-23,136500.0,136500.0,129000.0,130000.0,133400.0,128125.0,119966.66666666667,117210.83333333333,268321
2019-04-24,130500.0,131000.0,126500.0,128000.0,131900.0,128475.0,120325.0,117512.5,239649
2019-04-25,128000.0,128500.0,125000.0,125500.0,130500.0,128525.0,120583.33333333333,117670.83333333333,125965
2019-04-26,125500.0,127000.0,125000.0,126000.0,129100.0,128575.0,120825.0,117787.5,118517
2019-04-29,126000.0,127500.0,124000.0,127000.0,127300.0,128750.0,121100.0,117933.33333333333,89570
2019-04-30,128000.0,131000.0,126000.0,127500.0,126800.0,129100.0,121391.66666666667,118037.5,123064
2019-05-02,126500.0,128500.0,126000.0,126000.0,126400.0,129125.0,121708.33333333333,118108.33333333333,97344
2019-05-03,126000.0,126500.0,122500.0,122500.0,125800.0,129025.0,121925.0,118162.5,145048
2019-05-07,120500.0,124500.0,120000.0,122000.0,125000.0,128925.0,122133.33333333333,118225.0,161738
2019-05-08,120000.0,128000.0,120000.0,126500.0,124900.0,129075.0,122258.33333333333,118312.5,283696
2019-05-09,127500.0,129000.0,123500.0,123500.0,124100.0,129100.0,122333.33333333333,118354.16666666667,317101
2019-05-10,124500.0,131000.0,123500.0,131000.0,125100.0,129250.0,122550.0,118425.0,377194
2019-05-13,132000.0,135000.0,128500.0,129000.0,126400.0,129200.0,122641.66666666667,118475.0,326761
2019-05-14,127000.0,128000.0,121500.0,123000.0,126600.0,128750.0,122625.0,118458.33333333333,379799
2019-05-15,121000.0,121000.0,115500.0,118000.0,124900.0,127925.0,122608.33333333333,118395.83333333333,467372
2019-05-16,117500.0,119500.0,115500.0,118000.0,123800.0,127025.0,122583.33333333333,118358.33333333333,224703
2019-05-17,119500.0,121000.0,117000.0,117500.0,121100.0,126125.0,122591.66666666667,118312.5,161348
2019-05-20,116500.0,119500.0,114000.0,114500.0,118200.0,125225.0,122583.33333333333,118233.33333333333,170305
2019-05-21,113500.0,116500.0,112500.0,114000.0,116400.0,124275.0,122508.33333333333,118187.5,188028
2019-05-22,115000.0,117000.0,114500.0,115500.0,115900.0,123250.0,122458.33333333333,118133.33333333333,99493
2019-05-23,116000.0,116000.0,110500.0,112000.0,114700.0,122350.0,122300.0,118037.5,166215
2019-05-24,111500.0,115000.0,110500.0,113500.0,113900.0,121625.0,122158.33333333333,117941.66666666667,177240
2019-05-27,111000.0,112000.0,108000.0,112000.0,113400.0,120950.0,121991.66666666667,117825.0,183291
2019-05-28,110500.0,113500.0,110500.0,112500.0,113100.0,120275.0,121900.0,117687.5,170652
2019-05-29,113000.0,113000.0,107000.0,109500.0,111900.0,119400.0,121800.0,117495.83333333333,275228
2019-05-30,110000.0,114000.0,109500.0,113000.0,112100.0,118675.0,121816.66666666667,117350.0,232450
2019-05-31,114000.0,117500.0,113000.0,114500.0,112300.0,118100.0,121841.66666666667,117245.83333333333,335364
2019-06-03,115500.0,121000.0,114000.0,120000.0,113900.0,117975.0,121966.66666666667,117208.33333333333,321145
2019-06-04,121500.0,124500.0,118000.0,123000.0,116000.0,118025.0,122133.33333333333,117187.5,338228
2019-06-05,125000.0,127000.0,121500.0,124000.0,118900.0,117900.0,122308.33333333333,117300.0,278163
2019-06-07,124000.0,124000.0,118500.0,119000.0,120100.0,117675.0,122391.66666666667,117354.16666666667,385292
2019-06-10,120000.0,123500.0,119000.0,122500.0,121700.0,117250.0,122533.33333333333,117495.83333333333,332187
2019-06-11,123000.0,123500.0,120500.0,121000.0,121900.0,116850.0,122625.0,117641.66666666667,153738
2019-06-12,122500.0,124000.0,121500.0,122000.0,121700.0,116800.0,122658.33333333333,117779.16666666667,318484
2019-06-13,122000.0,124000.0,121000.0,121500.0,121200.0,116975.0,122675.0,117883.33333333333,311542
2019-06-14,127500.0,130500.0,125500.0,126500.0,122700.0,117400.0,122808.33333333333,118054.16666666667,597483
2019-06-17,127500.0,129000.0,124500.0,126500.0,123500.0,117850.0,122958.33333333333,118212.5,253828
2019-06-18,128000.0,129000.0,126000.0,127000.0,124700.0,118475.0,123150.0,118366.66666666667,292249
2019-06-19,127500.0,128500.0,125500.0,125500.0,125400.0,119050.0,123316.66666666667,118491.66666666667,277441
2019-06-20,126500.0,126500.0,124500.0,126000.0,126300.0,119575.0,123500.0,118633.33333333333,214702
2019-06-21,125500.0,128000.0,124500.0,126000.0,126200.0,120275.0,123583.33333333333,118729.16666666667,252825
2019-06-24,127000.0,130000.0,126500.0,129500.0,126800.0,121075.0,123725.0,118858.33333333333,273775
2019-06-25,131000.0,131000.0,122000.0,122500.0,125900.0,121600.0,123691.66666666667,118962.5,507583
2019-06-26,121000.0,123000.0,117500.0,121500.0,125100.0,122050.0,123633.33333333333,119016.66666666667,342126
2019-06-27,124000.0,126000.0,119000.0,122500.0,124400.0,122700.0,123616.66666666667,119108.33333333333,498944
2019-06-28,119500.0,121000.0,112500.0,113000.0,121800.0,122700.0,123491.66666666667,119166.66666666667,778528
2019-07-01,109500.0,110000.0,100000.0,100500.0,116000.0,122000.0,123075.0,119137.5,1322257
2019-07-02,102000.0,102500.0,100000.0,101500.0,111800.0,121075.0,122691.66666666667,119079.16666666667,627641
2019-07-03,101000.0,102500.0,100000.0,100000.0,107500.0,119925.0,122291.66666666667,118991.66666666667,590221
2019-07-04,100500.0,101500.0,95600.0,96600.0,102320.0,118555.0,121843.33333333333,118888.33333333333,609373
2019-07-05,96600.0,97700.0,95600.0,96500.0,99020.0,117430.0,121401.66666666667,118759.16666666667,399957
2019-07-08,96400.0,97000.0,93600.0,93600.0,97640.0,115985.0,120828.33333333333,118589.16666666667,342868
2019-07-09,94000.0,101500.0,94000.0,98500.0,97040.0,114860.0,120303.33333333333,118447.5,1049234
2019-07-10,98500.0,98700.0,94100.0,94100.0,95860.0,113465.0,119671.66666666667,118290.0,664558
2019-07-11,94700.0,98500.0,94700.0,96500.0,95840.0,112215.0,119038.33333333333,118160.83333333333,658603
2019-07-12,97100.0,97800.0,95900.0,96400.0,95820.0,110710.0,118378.33333333333,118051.66666666667,224922
2019-07-15,96700.0,97100.0,93600.0,93800.0,95860.0,109075.0,117683.33333333333,117920.83333333333,365881
2019-07-16,93800.0,93900.0,90700.0,91700.0,94500.0,107310.0,117003.33333333333,117801.66666666667,686064
2019-07-17,91200.0,92000.0,88600.0,89500.0,93580.0,105510.0,116278.33333333333,117685.0,672680
2019-07-18,89100.0,92500.0,88900.0,92100.0,92700.0,103815.0,115546.66666666667,117569.16666666667,382860
2019-07-19,91600.0,93100.0,90300.0,92500.0,91920.0,102140.0,114921.66666666667,117444.16666666667,410428
2019-07-22,92300.0,92300.0,90500.0,91000.0,91360.0,100215.0,114305.0,117315.0,211957
2019-07-23,90700.0,92600.0,90100.0,90900.0,91200.0,98635.0,113728.33333333333,117155.83333333333,360034
2019-07-24,91100.0,92000.0,90500.0,91600.0,91620.0,97140.0,113155.0,116990.0,161846
2019-07-25,91600.0,91800.0,90500.0,91800.0,91560.0,95605.0,112568.33333333333,116834.16666666667,211277
2019-07-26,91000.0,92000.0,91000.0,91600.0,91380.0,94535.0,111970.0,116680.83333333333,135985
2019-07-29,91300.0,92800.0,90500.0,90600.0,91300.0,94040.0,111380.0,116544.16666666667,170585
2019-07-30,90000.0,91000.0,89500.0,90600.0,91240.0,93495.0,110848.33333333333,116386.66666666667,101498
2019-07-31,89900.0,91500.0,89900.0,90800.0,91080.0,93035.0,110328.33333333333,116230.83333333333,128490
2019-08-01,90100.0,91200.0,90000.0,90100.0,90740.0,92710.0,109721.66666666667,115990.0,143466
2019-08-02,89500.0,92100.0,89100.0,90900.0,90600.0,92430.0,109178.33333333333,115755.83333333333,271998
2019-08-05,90200.0,91700.0,88000.0,88300.0,90140.0,92165.0,108466.66666666667,115508.33333333333,347796
2019-08-06,85000.0,89400.0,83500.0,88100.0,89640.0,91645.0,107785.0,115213.33333333333,390071
2019-08-07,87700.0,89100.0,87200.0,88600.0,89200.0,91370.0,107211.66666666667,114918.33333333333,180314
2019-08-08,89600.0,90900.0,89200.0,89800.0,89140.0,91035.0,106741.66666666667,114675.0,202785
2019-08-09,89600.0,90600.0,89200.0,90000.0,88960.0,90715.0,106275.0,114429.16666666667,161744
2019-08-12,89200.0,90400.0,88200.0,90200.0,89340.0,90535.0,105820.0,114205.83333333333,93062
2019-08-13,88200.0,88900.0,84200.0,84600.0,88640.0,90180.0,105321.66666666667,113952.5,737962
2019-08-14,84700.0,91300.0,84700.0,90700.0,89060.0,90240.0,104933.33333333333,113720.83333333333,460427
2019-08-16,88800.0,91000.0,87900.0,88400.0,88780.0,90055.0,104481.66666666667,113470.0,231731
2019-08-19,89200.0,89300.0,88500.0,89000.0,88580.0,89880.0,104098.33333333333,113199.16666666667,143163
2019-08-20,88500.0,94000.0,88500.0,93500.0,89240.0,90005.0,103765.0,112961.66666666667,321647
2019-08-21,93900.0,94700.0,92400.0,93100.0,90940.0,90115.0,103450.0,112720.83333333333,172945
2019-08-22,93000.0,95800.0,93000.0,94800.0,91760.0,90275.0,103155.0,112527.5,207883
2019-08-23,94100.0,95600.0,93500.0,94200.0,92920.0,90395.0,102900.0,112350.0,114109
2019-08-26,91900.0,93000.0,91700.0,92600.0,93640.0,90445.0,102560.0,112188.33333333333,122911
2019-08-27,93000.0,94100.0,92500.0,92900.0,93520.0,90560.0,102200.0,112020.83333333333,130973
2019-08-28,95400.0,95400.0,93000.0,93700.0,93640.0,90715.0,101761.66666666667,111864.16666666667,126370
2019-08-29,93100.0,94700.0,92900.0,94300.0,93540.0,90890.0,101283.33333333333,111708.33333333333,95270
2019-08-30,94500.0,95700.0,94200.0,94200.0,93540.0,91095.0,100786.66666666667,111547.5,129984
2019-09-02,94300.0,95800.0,94300.0,95100.0,94040.0,91305.0,100388.33333333333,111390.0,106346
2019-09-03,95000.0,96100.0,94600.0,95200.0,94500.0,91650.0,99933.33333333333,111233.33333333333,198087
2019-09-04,95000.0,97500.0,94400.0,97400.0,95240.0,92115.0,99540.0,111082.5,179631
2019-09-05,97000.0,98000.0,96700.0,96900.0,95760.0,92530.0,99121.66666666667,110890.0,135290
2019-09-06,96200.0,97100.0,94400.0,94900.0,95900.0,92785.0,98678.33333333333,110676.66666666667,116031
2019-09-09,94600.0,97200.0,94600.0,96400.0,96160.0,93105.0,98176.66666666667,110492.5,107508
2019-09-10,96500.0,97100.0,95300.0,95800.0,96280.0,93385.0,97665.0,110311.66666666667,97110
2019-09-11,96400.0,98300.0,96300.0,98300.0,96460.0,94070.0,97186.66666666667,110168.33333333333,250723
2019-09-16,98600.0,99500.0,97300.0,99000.0,96880.0,94485.0,96745.0,110030.83333333333,118255
2019-09-17,98700.0,100000.0,98000.0,99000.0,97700.0,95015.0,96295.0,109897.5,123790
2019-09-18,99100.0,100500.0,98200.0,98200.0,98060.0,95475.0,95831.66666666667,109707.5,150817
2019-09-19,98100.0,98900.0,95500.0,95700.0,98040.0,95585.0,95268.33333333333,109496.66666666667,161548
2019-09-20,96000.0,96100.0,93900.0,95700.0,97520.0,95715.0,94821.66666666667,109256.66666666667,164971
2019-09-23,95500.0,98400.0,94500.0,97900.0,97300.0,95870.0,94428.33333333333,109030.83333333333,98626
2019-09-24,97900.0,98700.0,97200.0,98000.0,97100.0,96060.0,94020.0,108818.33333333333,102858
2019-09-25,98600.0,98600.0,95000.0,95100.0,96480.0,96185.0,93721.66666666667,108606.66666666667,200777
2019-09-26,94600.0,96500.0,94600.0,95400.0,96420.0,96310.0,93636.66666666667,108355.83333333333,75974
2019-09-27,96600.0,96600.0,93300.0,94100.0,96100.0,96330.0,93513.33333333333,108102.5,98908
2019-09-30,94100.0,95100.0,93300.0,94500.0,95420.0,96340.0,93421.66666666667,107856.66666666667,115862
2019-10-01,93800.0,97000.0,92300.0,96600.0,95140.0,96460.0,93421.66666666667,107632.5,161705
2019-10-02,95600.0,96800.0,92300.0,92400.0,94600.0,96325.0,93353.33333333333,107377.5,249884
2019-10-04,91800.0,92900.0,86800.0,87400.0,93000.0,95935.0,93250.0,107039.16666666667,385123
2019-10-07,92400.0,95500.0,90300.0,91600.0,92500.0,95645.0,93135.0,106719.16666666667,466800
2019-10-08,92300.0,95800.0,90800.0,95700.0,92740.0,95585.0,93161.66666666667,106416.66666666667,264671
2019-10-10,94600.0,96700.0,94500.0,96200.0,92660.0,95650.0,93156.66666666667,106097.5,285631
2019-10-11,93500.0,96400.0,91200.0,92800.0,92740.0,95470.0,93096.66666666667,105737.5,273552
2019-10-14,93000.0,94700.0,91200.0,92100.0,93680.0,95285.0,93068.33333333333,105375.83333333333,271333
2019-10-15,92100.0,93000.0,91700.0,92200.0,93800.0,94980.0,93076.66666666667,105040.0,152968
2019-10-16,92300.0,92600.0,90300.0,90400.0,92740.0,94550.0,93091.66666666667,104685.0,186699
2019-10-17,90600.0,91600.0,90500.0,91400.0,91780.0,94170.0,93080.0,104313.33333333333,140897
2019-10-18,91600.0,91700.0,89400.0,89600.0,91140.0,93740.0,93031.66666666667,103976.66666666667,151474
2019-10-21,89600.0,91000.0,89600.0,90400.0,90800.0,93475.0,93021.66666666667,103663.33333333333,80576
2019-10-22,90300.0,90900.0,89500.0,90200.0,90400.0,93200.0,93010.0,103369.16666666667,149026
2019-10-23,89700.0,90300.0,88300.0,88600.0,90040.0,92735.0,92960.0,103057.5,199147
2019-10-24,88200.0,88500.0,86800.0,87000.0,89160.0,92185.0,92880.0,102724.16666666667,226512
2019-10-25,86900.0,87900.0,86800.0,87500.0,88740.0,91805.0,92811.66666666667,102390.83333333333,206221
2019-10-28,87700.0,88200.0,86900.0,87100.0,88080.0,91390.0,92753.33333333333,102066.66666666667,175680
2019-10-29,87500.0,87600.0,86300.0,86400.0,87320.0,91005.0,92683.33333333333,101765.83333333333,210201
2019-10-30,92000.0,92100.0,87000.0,88000.0,87200.0,90680.0,92636.66666666667,101482.5,1047811
2019-10-31,88900.0,90900.0,87800.0,89900.0,87780.0,90345.0,92633.33333333333,101177.5,808062
2019-11-01,89900.0,90700.0,88300.0,88900.0,88060.0,90170.0,92600.0,100889.16666666667,215300
2019-11-04,90100.0,92200.0,89500.0,91800.0,89000.0,90390.0,92658.33333333333,100562.5,255255
2019-11-05,91900.0,92200.0,91000.0,91800.0,90080.0,90400.0,92720.0,100252.5,181049
2019-11-06,92100.0,95000.0,92000.0,94100.0,91300.0,90320.0,92811.66666666667,100011.66666666667,452355
2019-11-07,93600.0,94500.0,92600.0,92700.0,91860.0,90145.0,92860.0,99800.83333333333,186927
2019-11-08,93600.0,94500.0,93000.0,94000.0,92880.0,90205.0,92926.66666666667,99600.83333333333,155089
2019-11-11,94100.0,94300.0,91000.0,91100.0,92740.0,90155.0,92941.66666666667,99380.83333333333,153208
2019-11-12,91400.0,92700.0,90700.0,92700.0,92920.0,90180.0,93076.66666666667,99199.16666666667,148173
2019-11-13,90700.0,91400.0,87500.0,88800.0,91860.0,90100.0,93045.0,98989.16666666667,403124
2019-11-14,88900.0,89900.0,88200.0,88900.0,91100.0,89975.0,93053.33333333333,98767.5,212049
2019-11-15,88900.0,90700.0,88800.0,90000.0,90300.0,89995.0,93070.0,98584.16666666667,189156
2019-11-18,89800.0,90700.0,89300.0,90100.0,90100.0,89980.0,93013.33333333333,98389.16666666667,119238
2019-11-19,89200.0,90300.0,87700.0,87800.0,89120.0,89860.0,92925.0,98187.5,228342
2019-11-20,87500.0,88500.0,87100.0,87800.0,88920.0,89820.0,92808.33333333333,97981.66666666667,172915
2019-11-21,87700.0,88400.0,86400.0,87000.0,88540.0,89820.0,92688.33333333333,97794.16666666667,151003
2019-11-22,86900.0,88600.0,86500.0,88200.0,88180.0,89855.0,92615.0,97587.5,104944
2019-11-25,88200.0,90000.0,88200.0,89600.0,88080.0,89980.0,92560.0,97380.0,121708
2019-11-26,89700.0,90200.0,89200.0,90200.0,88560.0,90170.0,92501.66666666667,97131.66666666667,175048
2019-11-27,90900.0,91000.0,89100.0,89100.0,88820.0,90225.0,92415.0,96849.16666666667,101393
2019-11-28,88700.0,90000.0,88600.0,89000.0,89220.0,90180.0,92328.33333333333,96557.5,72389
2019-11-29,90000.0,90100.0,87700.0,88000.0,89180.0,90135.0,92210.0,96299.16666666667,156529
2019-12-02,87900.0,90200.0,87900.0,89400.0,89140.0,90015.0,92113.33333333333,96023.33333333333,104221
2019-12-03,89100.0,89100.0,87500.0,88700.0,88840.0,89860.0,91968.33333333333,95754.16666666667,95501
2019-12-04,87400.0,88800.0,87400.0,88700.0,88760.0,89590.0,91831.66666666667,95476.66666666667,96365
2019-12-05,88100.0,88700.0,86500.0,86800.0,88320.0,89295.0,91696.66666666667,95187.5,120249
2019-12-06,86400.0,88300.0,86400.0,87900.0,88300.0,88990.0,91555.0,94865.83333333333,66904
2019-12-09,88100.0,88200.0,86500.0,86500.0,87720.0,88760.0,91400.0,94532.5,107332
2019-12-10,86500.0,87300.0,86300.0,87200.0,87420.0,88485.0,91215.0,94200.83333333333,77884
2019-12-11,87500.0,88400.0,86700.0,88300.0,87340.0,88460.0,91036.66666666667,93890.83333333333,104365
2019-12-12,88700.0,89200.0,88400.0,89200.0,87820.0,88475.0,90873.33333333333,93584.16666666667,287930
2019-12-13,89400.0,90400.0,89400.0,90300.0,88300.0,88490.0,90741.66666666667,93286.66666666667,135467
2019-12-16,90300.0,91000.0,90000.0,90500.0,89100.0,88510.0,90655.0,92961.66666666667,116029
2019-12-17,89200.0,90800.0,88800.0,90700.0,89800.0,88655.0,90571.66666666667,92696.66666666667,138703
2019-12-18,89900.0,91100.0,89800.0,90100.0,90160.0,88770.0,90441.66666666667,92435.0,103557
2019-12-19,90000.0,90800.0,88800.0,89300.0,90180.0,88885.0,90296.66666666667,92158.33333333333,113711
2019-12-20,89800.0,91000.0,88800.0,89200.0,89960.0,88935.0,90198.33333333333,91960.0,148968
2019-12-23,90500.0,91900.0,89900.0,91900.0,90240.0,89050.0,90140.0,91888.33333333333,243057
2019-12-24,92200.0,92900.0,91400.0,91700.0,90440.0,89125.0,90100.0,91806.66666666667,122736
2019-12-26,92500.0,92500.0,89800.0,90400.0,90500.0,89190.0,90031.66666666667,91726.66666666667,136918
2019-12-27,89600.0,91300.0,89200.0,90200.0,90680.0,89250.0,89925.0,91673.33333333333,160256
2019-12-30,90600.0,92700.0,90500.0,92400.0,91320.0,89470.0,89925.0,91639.16666666667,171933
2020-01-02,92200.0,92400.0,90300.0,90300.0,91000.0,89515.0,89973.33333333333,91611.66666666667,150304
2020-01-03,91500.0,92200.0,90300.0,90600.0,90780.0,89610.0,89956.66666666667,91545.83333333333,157973
2020-01-06,89700.0,90100.0,87700.0,87800.0,90260.0,89565.0,89825.0,91493.33333333333,200760
2020-01-07,87900.0,89500.0,87900.0,89100.0,90040.0,89680.0,89706.66666666667,91431.66666666667,97663
2020-01-08,87700.0,88300.0,86200.0,87300.0,89020.0,89650.0,89615.0,91355.83333333333,218616
2020-01-09,87500.0,89000.0,87400.0,89000.0,88760.0,89775.0,89563.33333333333,91315.83333333333,184099
2020-01-10,88400.0,90800.0,88300.0,89700.0,88580.0,89900.0,89521.66666666667,91299.16666666667,159126
2020-01-13,90000.0,97000.0,89800.0,96500.0,90320.0,90310.0,89623.33333333333,91357.5,571447
2020-01-14,98200.0,101000.0,96300.0,98300.0,92160.0,90765.0,89738.33333333333,91409.16666666667,486097
2020-01-15,97700.0,99700.0,97700.0,98900.0,94480.0,91195.0,89893.33333333333,91462.5,169884
2020-01-16,98800.0,98900.0,97300.0,98100.0,96300.0,91575.0,90021.66666666667,91521.66666666667,133887
2020-01-17,98000.0,98300.0,95000.0,95200.0,97400.0,91800.0,90105.0,91557.5,223712
2020-01-20,95400.0,96100.0,94400.0,94600.0,97020.0,92025.0,90205.0,91582.5,166563
2020-01-21,94400.0,95100.0,93200.0,93600.0,96080.0,92240.0,90315.0,91597.5,151849
2020-01-22,93000.0,94800.0,93000.0,94100.0,95120.0,92485.0,90425.0,91618.33333333333,150127
2020-01-23,93300.0,97300.0,92500.0,96400.0,94780.0,92710.0,90580.0,91666.66666666667,319617
2020-01-28,93900.0,95300.0,91200.0,91900.0,94120.0,92720.0,90671.66666666667,91677.5,242539
2020-01-29,91500.0,92300.0,90500.0,91100.0,93420.0,92755.0,90723.33333333333,91680.0,213910
2020-01-30,91100.0,91900.0,88500.0,88900.0,92480.0,92690.0,90706.66666666667,91670.0,263879
2020-01-31,89000.0,93300.0,88100.0,89600.0,91580.0,92550.0,90718.33333333333,91659.16666666667,429661
2020-02-03,89600.0,92300.0,89600.0,90700.0,90440.0,92570.0,90700.0,91679.16666666667,284650
2020-02-04,90900.0,92400.0,90000.0,91900.0,90440.0,92635.0,90701.66666666667,91710.83333333333,215829
2020-02-05,92000.0,92100.0,90500.0,90600.0,90340.0,92775.0,90643.33333333333,91727.5,208973
2020-02-06,91700.0,94900.0,91200.0,94400.0,91440.0,93040.0,90671.66666666667,91765.83333333333,255725
2020-02-07,94100.0,95600.0,93000.0,93500.0,92220.0,93350.0,90663.33333333333,91795.0,193643
2020-02-10,92900.0,94100.0,91800.0,93900.0,92860.0,93595.0,90710.0,91825.83333333333,133222
2020-02-11,93900.0,94900.0,93700.0,94100.0,93300.0,93815.0,90733.33333333333,91905.0,135011
2020-02-12,93100.0,94900.0,93000.0,94900.0,94160.0,93735.0,90835.0,91940.0,160053
2020-02-13,94900.0,95400.0,93200.0,93400.0,93960.0,93490.0,90910.0,91981.66666666667,252523
2020-02-14,93000.0,98400.0,92200.0,97700.0,94800.0,93430.0,91038.33333333333,92054.16666666667,540815
2020-02-17,99600.0,99700.0,94400.0,95700.0,95160.0,93310.0,91131.66666666667,92072.5,502970
2020-02-18,96100.0,96800.0,94200.0,94500.0,95240.0,93275.0,91243.33333333333,92084.16666666667,217957
2020-02-19,95400.0,95600.0,92000.0,94300.0,95120.0,93260.0,91351.66666666667,92080.0,231965
2020-02-20,93300.0,94400.0,92800.0,93100.0,95060.0,93235.0,91453.33333333333,92070.83333333333,209334
2020-02-21,92300.0,94300.0,92000.0,92300.0,93980.0,93145.0,91521.66666666667,92068.33333333333,174947
2020-02-24,91100.0,93700.0,90100.0,90300.0,92900.0,92840.0,91533.33333333333,92046.66666666667,280824
2020-02-25,90900.0,93200.0,90100.0,92100.0,92420.0,92850.0,91565.0,92033.33333333333,240443
2020-02-26,91000.0,92200.0,90500.0,91100.0,91780.0,92850.0,91598.33333333333,92006.66666666667,198622
2020-02-27,90500.0,91600.0,88700.0,89500.0,91060.0,92880.0,91606.66666666667,91967.5,206632
2020-02-28,88200.0,88900.0,87400.0,88600.0,90320.0,92830.0,91616.66666666667,91913.33333333333,300929
2020-03-02,89000.0,89600.0,86600.0,88300.0,89920.0,92710.0,91598.33333333333,91855.83333333333,241318
2020-03-03,89900.0,90600.0,87600.0,88000.0,89100.0,92515.0,91586.66666666667,91777.5,210329
2020-03-04,88700.0,94500.0,88400.0,94300.0,89740.0,92700.0,91680.0,91755.83333333333,453992
2020-03-05,95000.0,96500.0,94300.0,96300.0,91100.0,92795.0,91838.33333333333,91767.5,358464
2020-03-06,95300.0,95900.0,92000.0,92500.0,91880.0,92745.0,91915.0,91735.0,280031
2020-03-09,92500.0,92500.0,92500.0,92500.0,92720.0,92675.0,92015.0,91707.5,0
2020-03-10,88400.0,91000.0,87500.0,90900.0,93300.0,92515.0,92076.66666666667,91645.83333333333,292412
2020-03-11,90700.0,91400.0,87900.0,88600.0,92160.0,92200.0,92081.66666666667,91559.16666666667,255600
2020-03-12,88600.0,88600.0,88600.0,88600.0,90620.0,91960.0,92071.66666666667,91472.5,0
2020-03-13,82000.0,94800.0,80000.0,91800.0,90480.0,91665.0,92096.66666666667,91419.16666666667,892080
2020-03-16,93000.0,95000.0,89300.0,91400.0,90260.0,91450.0,92111.66666666667,91383.33333333333,430767
2020-03-17,88000.0,94500.0,88000.0,94300.0,90940.0,91440.0,92171.66666666667,91371.66666666667,423552
2020-03-18,93400.0,94300.0,89700.0,89700.0,91160.0,91210.0,92165.0,91303.33333333333,346239
2020-03-19,92000.0,93200.0,88900.0,90700.0,91580.0,91090.0,92188.33333333333,91242.5,617969
2020-03-20,91300.0,93500.0,89900.0,93500.0,91920.0,91150.0,92260.0,91229.16666666667,514529
2020-03-23,90300.0,93400.0,90000.0,91900.0,92020.0,91230.0,92260.0,91200.0,422115
2020-03-24,92100.0,94600.0,91700.0,94400.0,92040.0,91345.0,92305.0,91202.5,533904
2020-03-25,96200.0,96900.0,92900.0,95200.0,93140.0,91550.0,92385.0,91208.33333333333,648733
2020-03-26,94500.0,95900.0,93200.0,93500.0,93700.0,91750.0,92440.0,91182.5,474626
2020-03-27,95200.0,95700.0,92100.0,93800.0,93760.0,92010.0,92463.33333333333,91194.16666666667,431391
2020-03-30,92900.0,93900.0,91800.0,93500.0,94080.0,92270.0,92516.66666666667,91245.0,261773
2020-03-31,92700.0,93900.0,91800.0,93200.0,93840.0,92530.0,92560.0,91258.33333333333,417503
2020-04-01,92300.0,100500.0,92200.0,93800.0,93560.0,92505.0,92660.0,91242.5,1300326
2020-04-02,96000.0,97600.0,93400.0,96600.0,94180.0,92520.0,92785.0,91245.83333333333,515146
2020-04-03,96000.0,96700.0,94000.0,94700.0,94360.0,92630.0,92908.33333333333,91261.66666666667,322239
2020-04-06,95200.0,97800.0,94900.0,96800.0,95020.0,92845.0,93038.33333333333,91300.83333333333,380797
2020-04-07,97600.0,97800.0,95300.0,97300.0,95840.0,93165.0,93165.0,91343.33333333333,409542
2020-04-08,97400.0,99100.0,96500.0,96800.0,96440.0,93575.0,93170.0,91396.66666666667,461738
2020-04-09,98100.0,98300.0,95500.0,96500.0,96420.0,93970.0,93140.0,91439.16666666667,366550
2020-04-10,96500.0,96500.0,93200.0,95000.0,96480.0,94130.0,93075.0,91484.16666666667,321841
2020-04-13,95100.0,96500.0,94600.0,95000.0,96120.0,94310.0,93023.33333333333,91522.5,228372
2020-04-14,95600.0,95800.0,94500.0,95200.0,95700.0,94355.0,93023.33333333333,91564.16666666667,195917
2020-04-16,94300.0,96700.0,93600.0,96200.0,95580.0,94680.0,93050.0,91627.5,385133
2020-04-17,96900.0,97200.0,95700.0,96400.0,95560.0,94965.0,93096.66666666667,91705.83333333333,325756
2020-04-20,95700.0,96000.0,94000.0,94300.0,95420.0,95005.0,93100.0,91762.5,330084
2020-04-21,93500.0,94800.0,90500.0,92500.0,94920.0,95035.0,93035.0,91807.5,414994
2020-04-22,92400.0,92400.0,90400.0,91500.0,94180.0,94890.0,93028.33333333333,91850.0,242656
2020-04-23,91500.0,92800.0,91100.0,92700.0,93480.0,94765.0,93055.0,91889.16666666667,249135
2020-04-24,92400.0,92500.0,90500.0,90900.0,92380.0,94635.0,93088.33333333333,91897.5,240492
2020-04-27,91500.0,92400.0,91000.0,92400.0,92000.0,94565.0,93135.0,91926.66666666667,529690
2020-04-28,93100.0,95900.0,92100.0,95300.0,92560.0,94655.0,93211.66666666667,91955.83333333333,561560
2020-04-29,97300.0,97800.0,95100.0,95500.0,93360.0,94770.0,93271.66666666667,91986.66666666667,425067
2020-05-04,92700.0,94000.0,92300.0,92500.0,93320.0,94705.0,93303.33333333333,91973.33333333333,262783
2020-05-06,94000.0,96500.0,93200.0,96200.0,94380.0,94685.0,93333.33333333333,92002.5,325862
2020-05-07,96200.0,99000.0,95800.0,98400.0,95580.0,94870.0,93415.0,92039.16666666667,486776
2020-05-08,99500.0,100500.0,97500.0,97800.0,96080.0,94920.0,93480.0,92095.0,386594
2020-05-11,98500.0,101500.0,97700.0,100000.0,96980.0,95055.0,93578.33333333333,92155.83333333333,590268
2020-05-12,101000.0,107500.0,100500.0,105500.0,99580.0,95490.0,93755.0,92295.0,1060894
2020-05-13,105000.0,106000.0,102000.0,104000.0,101140.0,95865.0,93931.66666666667,92420.83333333333,647584
2020-05-14,97100.0,98000.0,94500.0,94700.0,100400.0,95850.0,93881.66666666667,92460.0,1205146
2020-05-15,94700.0,95400.0,92700.0,93900.0,99620.0,95795.0,93851.66666666667,92491.66666666667,412711
2020-05-18,94200.0,95300.0,93200.0,94500.0,98520.0,95760.0,93851.66666666667,92547.5,236785
2020-05-19,94700.0,95800.0,94500.0,95700.0,96560.0,95735.0,93875.0,92613.33333333333,303228
2020-05-20,95700.0,95900.0,94700.0,95600.0,94880.0,95695.0,93916.66666666667,92685.0,180295
2020-05-21,95100.0,96000.0,94600.0,95200.0,94980.0,95740.0,93965.0,92743.33333333333,236135
2020-05-22,95900.0,95900.0,93600.0,94300.0,95060.0,95830.0,94031.66666666667,92782.5,188008
2020-05-25,94900.0,97000.0,94500.0,96800.0,95520.0,96095.0,94110.0,92837.5,310578
2020-05-26,97400.0,98600.0,96300.0,97300.0,95840.0,96325.0,94213.33333333333,92905.83333333333,350651
2020-05-27,98300.0,98900.0,97300.0,98600.0,96440.0,96710.0,94365.0,92985.83333333333,371458
2020-05-28,98000.0,98500.0,94300.0,94800.0,96360.0,96830.0,94468.33333333333,93042.5,423947
2020-05-29,95900.0,96500.0,92300.0,92300.0,95960.0,96680.0,94535.0,93066.66666666667,717913
2020-06-01,93300.0,95600.0,93100.0,95500.0,95700.0,96680.0,94660.0,93123.33333333333,296795
2020-06-02,94800.0,96200.0,94700.0,95400.0,95320.0,96825.0,94678.33333333333,93179.16666666667,245686
2020-06-03,96000.0,97400.0,95800.0,97000.0,95000.0,96865.0,94690.0,93264.16666666667,385618
2020-06-04,97000.0,98000.0,95800.0,95900.0,95220.0,96740.0,94746.66666666667,93330.83333333333,376988
2020-06-05,96000.0,97300.0,94900.0,97000.0,96160.0,96700.0,94821.66666666667,93418.33333333333,274023
2020-06-08,98500.0,101500.0,98100.0,98500.0,96760.0,96625.0,94948.33333333333,93512.5,745551
2020-06-09,98700.0,99300.0,96900.0,97800.0,97240.0,96240.0,95101.66666666667,93591.66666666667,362537
2020-06-10,97900.0,99400.0,97400.0,97500.0,97340.0,95915.0,95250.0,93660.83333333333,297508
2020-06-11,97100.0,99300.0,96600.0,97700.0,97700.0,96065.0,95348.33333333333,93722.5,420058
2020-06-12,94200.0,96000.0,94200.0,95500.0,97400.0,96145.0,95416.66666666667,93764.16666666667,295562
2020-06-15,94600.0,97200.0,92600.0,92600.0,96220.0,96050.0,95388.33333333333,93780.0,425093
2020-06-16,94300.0,96900.0,94200.0,96900.0,96040.0,96110.0,95508.33333333333,93836.66666666667,309927
2020-06-17,96900.0,98700.0,96300.0,97700.0,96080.0,96215.0,95625.0,93906.66666666667,367286
2020-06-18,97500.0,98600.0,96800.0,97200.0,95980.0,96315.0,95686.66666666667,93973.33333333333,256934
2020-06-19,98000.0,98000.0,95500.0,97200.0,96320.0,96460.0,95775.0,94017.5,283902
2020-06-22,96500.0,97400.0,95600.0,95600.0,96920.0,96400.0,95795.0,94050.0,191807
2020-06-23,96200.0,103000.0,95800.0,101500.0,97840.0,96610.0,95900.0,94142.5,1064185
2020-06-24,103500.0,104000.0,99100.0,101000.0,98500.0,96730.0,96025.0,94232.5,579879
2020-06-25,99200.0,100500.0,97300.0,97400.0,98540.0,96860.0,96085.0,94274.16666666667,422995
2020-06-26,98000.0,98300.0,96200.0,97500.0,98600.0,97120.0,96151.66666666667,94334.16666666667,240218
2020-06-29,96500.0,97500.0,94600.0,95200.0,98520.0,97105.0,96185.0,94372.5,269647
2020-06-30,96100.0,103000.0,95800.0,100500.0,98320.0,97360.0,96296.66666666667,94478.33333333333,724776
2020-07-01,100500.0,101000.0,97100.0,97100.0,97540.0,97365.0,96305.0,94545.0,307952
2020-07-02,98200.0,107500.0,97800.0,106000.0,99260.0,97870.0,96493.33333333333,94700.83333333333,1403159
2020-07-03,106500.0,109000.0,103500.0,106500.0,101060.0,98345.0,96655.0,94846.66666666667,563824
2020-07-06,108000.0,119000.0,108000.0,116500.0,105320.0,99245.0,96975.0,95070.0,2030908
2020-07-07,117500.0,124500.0,114000.0,123000.0,109820.0,100505.0,97411.66666666667,95290.83333333333,1525070
2020-07-08,125500.0,127000.0,121000.0,124500.0,115300.0,101855.0,97878.33333333333,95509.16666666667,876968
2020-07-09,124000.0,130000.0,122000.0,125500.0,119200.0,103245.0,98386.66666666667,95730.83333333333,833585
2020-07-10,125500.0,131000.0,125000.0,127500.0,123400.0,104845.0,98928.33333333333,95975.83333333333,749864
2020-07-13,131000.0,135000.0,128000.0,133500.0,126800.0,106890.0,99566.66666666667,96295.0,739238
2020-07-14,131500.0,137000.0,130500.0,135000.0,129200.0,108795.0,100213.33333333333,96631.66666666667,830489
2020-07-15,133500.0,135000.0,125500.0,126500.0,129600.0,110235.0,100715.0,96905.83333333333,911921
2020-07-16,125000.0,128500.0,122000.0,124000.0,129300.0,111575.0,101210.0,97155.0,516751
2020-07-17,126000.0,129500.0,125000.0,126500.0,129100.0,113040.0,101776.66666666667,97405.83333333333,380622
2020-07-20,126500.0,131000.0,126000.0,129500.0,128300.0,114735.0,102410.0,97719.16666666667,459752
2020-07-21,129000.0,132000.0,128000.0,129000.0,127100.0,116110.0,103015.0,98035.0,325886
2020-07-22,129000.0,129000.0,122000.0,126000.0,127000.0,117360.0,103600.0,98344.16666666667,588801
2020-07-23,125000.0,128000.0,123000.0,125500.0,127300.0,118765.0,104151.66666666667,98643.33333333333,330236
2020-07-24,126000.0,126500.0,124000.0,124500.0,126900.0,120115.0,104638.33333333333,98925.0,292579
2020-07-27,124500.0,127500.0,124000.0,125500.0,126100.0,121630.0,105138.33333333333,99205.0,285125
2020-07-28,126500.0,131500.0,125500.0,127500.0,125800.0,122980.0,105721.66666666667,99512.5,594652
2020-07-29,126500.0,130500.0,125000.0,130500.0,126700.0,124650.0,106293.33333333333,99813.33333333333,386356
2020-07-30,133000.0,133500.0,125000.0,125500.0,126700.0,125625.0,106745.0,100080.0,869417
2020-07-31,123000.0,128500.0,122500.0,128000.0,127400.0,126700.0,107248.33333333333,100364.16666666667,384485
2020-08-03,128000.0,129500.0,124500.0,127500.0,127800.0,127250.0,107706.66666666667,100642.5,363435
2020-08-04,129000.0,133500.0,129000.0,132500.0,128800.0,127725.0,108156.66666666667,100955.83333333333,460498
2020-08-05,134000.0,137000.0,131000.0,136000.0,129900.0,128300.0,108690.0,101310.83333333333,469039
2020-08-06,138000.0,140000.0,135000.0,140000.0,132800.0,129025.0,109445.0,101663.33333333333,484739
2020-08-07,143500.0,155500.0,143000.0,151000.0,137400.0,130200.0,110396.66666666667,102124.16666666667,1548323
2020-08-10,156500.0,160000.0,150000.0,155000.0,142900.0,131275.0,111405.0,102628.33333333333,1107751
2020-08-11,151500.0,154000.0,148000.0,150000.0,146400.0,132025.0,112310.0,103092.5,662236
2020-08-12,148500.0,152500.0,146000.0,149500.0,149100.0,133175.0,113208.33333333333,103562.5,613777
2020-08-13,156000.0,157000.0,146500.0,149500.0,151000.0,134450.0,114113.33333333333,104039.16666666667,920922
2020-08-14,150000.0,150000.0,143000.0,145500.0,149900.0,135400.0,114966.66666666667,104499.16666666667,476480
2020-08-18,147500.0,153000.0,145500.0,148500.0,148600.0,136350.0,115828.33333333333,104969.16666666667,708632
2020-08-19,152000.0,154000.0,148500.0,154000.0,149400.0,137600.0,116773.33333333333,105493.33333333333,500380
2020-08-20,153000.0,155000.0,147500.0,148000.0,149100.0,138700.0,117596.66666666667,105980.83333333333,527406
2020-08-21,150000.0,150500.0,146500.0,148000.0,148800.0,139825.0,118483.33333333333,106475.83333333333,346529
2020-08-24,149500.0,153000.0,148000.0,152000.0,150100.0,141200.0,119478.33333333333,107006.66666666667,385524
2020-08-25,153500.0,153500.0,149500.0,151000.0,150600.0,142475.0,120403.33333333333,107531.66666666667,318266
2020-08-26,150500.0,152000.0,148500.0,150000.0,149800.0,143600.0,121313.33333333333,107995.83333333333,323248
2020-08-27,149500.0,155000.0,148500.0,150500.0,150300.0,144600.0,122205.0,108447.5,594484
2020-08-28,154000.0,154500.0,150500.0,152500.0,151200.0,145950.0,123148.33333333333,108947.5,415107
2020-08-31,154000.0,168500.0,153500.0,166500.0,154100.0,147875.0,124306.66666666667,109564.16666666667,1798138
2020-09-01,177500.0,179500.0,160000.0,162500.0,156400.0,149625.0,125373.33333333333,110160.83333333333,1795522
2020-09-02,165000.0,173000.0,164500.0,173000.0,161000.0,151650.0,126626.66666666667,110864.16666666667,1202889
2020-09-03,181500.0,202000.0,176000.0,194500.0,169800.0,154575.0,128243.33333333333,111746.66666666667,4764031
2020-09-04,188500.0,200000.0,188000.0,197500.0,178800.0,157450.0,129906.66666666667,112627.5,2571667
2020-09-07,204000.0,204500.0,193000.0,193500.0,184200.0,159575.0,131540.0,113478.33333333333,1160050
2020-09-08,193500.0,197000.0,188500.0,193000.0,190300.0,161475.0,133213.33333333334,114300.83333333333,831827
2020-09-09,190000.0,194500.0,188500.0,189000.0,193500.0,163425.0,134748.33333333334,115128.33333333333,777175
2020-09-10,195000.0,195000.0,181000.0,187000.0,192000.0,165300.0,136236.66666666666,115930.83333333333,1339368
2020-09-11,185500.0,188500.0,182000.0,183500.0,189200.0,167000.0,137675.0,116680.83333333333,528319
2020-09-14,183500.0,184000.0,176500.0,181500.0,186800.0,168800.0,139080.0,117427.5,684796
2020-09-15,179000.0,186500.0,178000.0,184500.0,185100.0,170600.0,140561.66666666666,118178.33333333333,548135
2020-09-16,184500.0,187000.0,182000.0,182500.0,183800.0,172025.0,141911.66666666666,118905.83333333333,325331
2020-09-17,180500.0,184000.0,179500.0,180500.0,182500.0,173650.0,143236.66666666666,119630.83333333333,410928
2020-09-18,182000.0,189000.0,181000.0,186000.0,183000.0,175550.0,144713.33333333334,120399.16666666667,689778
2020-09-21,188500.0,191000.0,185500.0,188000.0,184300.0,177350.0,146221.66666666666,121186.66666666667,505537
2020-09-22,188000.0,190000.0,180000.0,181000.0,183600.0,178850.0,147651.66666666666,121918.33333333333,626845
2020-09-23,183000.0,184000.0,167500.0,174500.0,182000.0,180075.0,148885.0,122590.83333333333,904823
2020-09-24,174000.0,178000.0,166000.0,167500.0,179400.0,180925.0,150058.33333333334,123181.66666666667,905067
2020-09-25,168500.0,170500.0,160000.0,166000.0,175400.0,181600.0,151058.33333333334,123775.83333333333,702880
2020-09-28,170000.0,170000.0,162000.0,167000.0,171200.0,181625.0,152066.66666666666,124360.83333333333,631876
2020-09-29,170500.0,171000.0,163000.0,166000.0,168200.0,181800.0,152891.66666666666,124933.33333333333,533354
2020-10-05,168000.0,169500.0,162500.0,163500.0,166000.0,181325.0,153566.66666666666,125489.16666666667,429111
2020-10-06,161000.0,163500.0,155000.0,160000.0,164500.0,179600.0,154158.33333333334,126018.33333333333,1105858
2020-10-07,158000.0,162500.0,156500.0,161000.0,163500.0,177775.0,154750.0,126568.33333333333,545160
2020-10-08,161500.0,163000.0,156500.0,158000.0,161700.0,176000.0,155258.33333333334,127093.33333333333,648894
2020-10-12,158500.0,159000.0,151500.0,153000.0,159100.0,174000.0,155583.33333333334,127575.0,766052
2020-10-13,154000.0,156000.0,148500.0,153500.0,157100.0,172225.0,155891.66666666666,128052.5,797497
2020-10-14,152500.0,153000.0,149500.0,152000.0,155500.0,170475.0,156316.66666666666,128515.83333333333,480331
2020-10-15,154500.0,154500.0,135000.0,137000.0,150700.0,168150.0,156533.33333333334,128871.66666666667,1995819
2020-10-16,136000.0,140500.0,134000.0,136500.0,146400.0,165900.0,156700.0,129238.33333333333,939361
2020-10-19,136000.0,137500.0,133000.0,133000.0,142400.0,163325.0,156758.33333333334,129584.16666666667,562067
2020-10-20,132500.0,136000.0,130500.0,135500.0,138800.0,160975.0,156866.66666666666,129940.83333333333,529898
2020-10-21,135500.0,136500.0,131000.0,133000.0,135000.0,158600.0,156983.33333333334,130291.66666666667,387195
2020-10-22,132000.0,132000.0,127000.0,127500.0,133100.0,155675.0,157016.66666666666,130584.16666666667,563312
2020-10-23,128000.0,130000.0,126500.0,127000.0,131200.0,152625.0,157058.33333333334,130848.33333333333,304384
2020-10-26,126000.0,126500.0,121000.0,121500.0,128900.0,149650.0,156991.66666666666,131065.0,448855
2020-10-27,120000.0,124500.0,120000.0,122500.0,126300.0,147050.0,156908.33333333334,131315.0,380980
2020-10-28,122000.0,126500.0,121500.0,126000.0,124900.0,144975.0,156833.33333333334,131563.33333333334,293576
2020-10-29,123500.0,124500.0,121000.0,123500.0,124100.0,142850.0,156800.0,131772.5,300676
2020-10-30,122500.0,122500.0,116500.0,117000.0,122100.0,140350.0,156616.66666666666,131932.5,442160
2020-11-02,117000.0,122500.0,116500.0,121000.0,122000.0,138100.0,156508.33333333334,132107.5,317711
2020-11-03,121500.0,124000.0,121500.0,122000.0,121900.0,136025.0,156333.33333333334,132245.0,217192
2020-11-04,124000.0,125500.0,122000.0,124000.0,121500.0,134225.0,156133.33333333334,132411.66666666666,348794
2020-11-05,125000.0,129000.0,124000.0,126000.0,122000.0,132475.0,155900.0,132672.5,479470
2020-11-06,126500.0,128000.0,125000.0,126500.0,123900.0,130900.0,155491.66666666666,132944.16666666666,310401
2020-11-09,128500.0,131500.0,127000.0,129000.0,125500.0,129700.0,155058.33333333334,133231.66666666666,390032
2020-11-10,126000.0,127500.0,123500.0,125500.0,126200.0,128300.0,154650.0,133480.0,372072
2020-11-11,124500.0,130000.0,121000.0,129500.0,127300.0,127175.0,154316.66666666666,133762.5,591124
2020-11-12,129500.0,132500.0,126000.0,126000.0,127300.0,126625.0,153925.0,134019.16666666666,621015
2020-11-13,124500.0,127500.0,123500.0,126000.0,127200.0,126100.0,153600.0,134283.33333333334,254669
2020-11-16,126000.0,127500.0,125000.0,125500.0,126500.0,125725.0,153216.66666666666,134522.5,266620
2020-11-17,125000.0,128000.0,123000.0,127000.0,126800.0,125300.0,152766.66666666666,134770.0,335548
2020-11-18,128000.0,131500.0,127500.0,129000.0,126700.0,125100.0,152450.0,135023.33333333334,432735
2020-11-19,129500.0,130500.0,127000.0,129500.0,127400.0,125200.0,152141.66666666666,135312.5,277320
2020-11-20,129500.0,131500.0,128500.0,130500.0,128300.0,125375.0,151783.33333333334,135630.83333333334,263688
2020-11-23,134000.0,135000.0,130500.0,131000.0,129400.0,125850.0,151450.0,135926.66666666666,415434
2020-11-24,130000.0,130500.0,127000.0,127500.0,129500.0,126100.0,151075.0,136194.16666666666,389542
2020-11-25,128000.0,128500.0,125500.0,125500.0,128800.0,126075.0,150658.33333333334,136431.66666666666,357331
2020-11-26,125000.0,126500.0,124000.0,126000.0,128100.0,126200.0,150216.66666666666,136682.5,186701
2020-11-27,125500.0,130500.0,125500.0,128500.0,127700.0,126775.0,149583.33333333334,136945.0,302689
2020-11-30,128500.0,128500.0,125000.0,125000.0,126500.0,126975.0,148958.33333333334,137165.83333333334,402064
2020-12-01,126500.0,127500.0,125500.0,125500.0,126100.0,127150.0,148166.66666666666,137396.66666666666,212888
2020-12-02,126000.0,127000.0,125000.0,125500.0,126100.0,127225.0,147016.66666666666,137630.0,242458
2020-12-03,132000.0,134000.0,129000.0,130000.0,126900.0,127425.0,145891.66666666666,137899.16666666666,929592
2020-12-04,133000.0,134000.0,131000.0,132000.0,127600.0,127700.0,144866.66666666666,138203.33333333334,585657
2020-12-07,131000.0,131500.0,128000.0,129500.0,128500.0,127725.0,143808.33333333334,138510.83333333334,321251
2020-12-08,129500.0,130000.0,128000.0,128000.0,129000.0,127850.0,142791.66666666666,138770.0,223528
2020-12-09,128500.0,129500.0,126500.0,128000.0,129500.0,127775.0,141808.33333333334,139022.5,253576
2020-12-10,128500.0,130000.0,126500.0,128000.0,129100.0,127875.0,140883.33333333334,139279.16666666666,429705
2020-12-11,128500.0,130500.0,128000.0,128500.0,128400.0,128000.0,140000.0,139540.0,276177
2020-12-14,129000.0,129000.0,126500.0,126500.0,127800.0,128050.0,139033.33333333334,139797.5,217110
2020-12-15,127000.0,127500.0,125000.0,127000.0,127600.0,128050.0,138108.33333333334,140010.0,224131
2020-12-16,127500.0,128000.0,126500.0,127000.0,127400.0,127950.0,137216.66666666666,140226.66666666666,183083
2020-12-17,127000.0,127500.0,125500.0,126500.0,127100.0,127800.0,136225.0,140469.16666666666,211466
2020-12-18,126500.0,127000.0,125000.0,125500.0,126500.0,127550.0,135183.33333333334,140702.5,226805
2020-12-21,126000.0,126000.0,123500.0,124500.0,126100.0,127225.0,134241.66666666666,140946.66666666666,243962
2020-12-22,123500.0,124000.0,122500.0,122500.0,125200.0,126975.0,133375.0,141130.0,227472
2020-12-23,122500.0,126000.0,122500.0,124000.0,124600.0,126900.0,132650.0,141354.16666666666,264262
2020-12-24,124000.0,125000.0,122500.0,125000.0,124300.0,126850.0,131966.66666666666,141512.5,215286
2020-12-28,124500.0,125000.0,122500.0,124500.0,124100.0,126650.0,131258.33333333334,141662.5,292295
2020-12-29,123500.0,127000.0,123000.0,126000.0,124400.0,126700.0,130591.66666666667,141741.66666666666,258021
2020-12-30,126500.0,132000.0,125500.0,131500.0,126200.0,127000.0,130058.33333333333,141812.5,584685
2021-01-04,132000.0,132500.0,128500.0,131000.0,127600.0,127275.0,129575.0,141866.66666666666,448819
2021-01-05,129500.0,132500.0,128500.0,132500.0,129100.0,127400.0,129100.0,141925.0,438454
2021-01-06,134000.0,135000.0,129500.0,129500.0,130100.0,127275.0,128625.0,141941.66666666666,589459
2021-01-07,130500.0,131500.0,129500.0,129500.0,130800.0,127275.0,128233.33333333333,141908.33333333334,352928
2021-01-08,131000.0,136500.0,129500.0,134000.0,131300.0,127575.0,127908.33333333333,141900.0,1143219
2021-01-11,134500.0,135000.0,125000.0,127000.0,130500.0,127525.0,127491.66666666667,141904.16666666666,1242320
2021-01-12,126500.0,127000.0,123000.0,125000.0,129000.0,127375.0,127291.66666666667,141912.5,534016
2021-01-13,125500.0,128500.0,124500.0,127000.0,128500.0,127300.0,127133.33333333333,141916.66666666666,428076
2021-01-14,126500.0,129000.0,126000.0,126500.0,127900.0,127300.0,127025.0,141891.66666666666,331250
2021-01-15,128000.0,130000.0,124000.0,124000.0,125900.0,127150.0,126833.33333333333,141850.0,448770
2021-01-18,123500.0,124000.0,120000.0,120500.0,124600.0,126825.0,126625.0,141804.16666666666,408961
2021-01-19,121500.0,122000.0,118500.0,120500.0,123700.0,126525.0,126508.33333333333,141762.5,420523
2021-01-20,120500.0,121000.0,119000.0,121000.0,122500.0,126300.0,126408.33333333333,141733.33333333334,359759
2021-01-21,121500.0,123500.0,120000.0,121000.0,121400.0,126125.0,126400.0,141695.83333333334,346636
2021-01-22,121000.0,128500.0,120500.0,127000.0,122000.0,126350.0,126475.0,141691.66666666666,888658
2021-01-25,128000.0,133000.0,127500.0,130000.0,123900.0,126650.0,126541.66666666667,141687.5,1010911
2021-01-26,129500.0,129500.0,126000.0,127500.0,125300.0,126775.0,126608.33333333333,141704.16666666666,522203
2021-01-27,128500.0,131500.0,127500.0,131000.0,127300.0,127100.0,126841.66666666667,141729.16666666666,599445
2021-01-28,129000.0,136000.0,128000.0,135000.0,130100.0,127550.0,127075.0,141791.66666666666,1164296
2021-01-29,136500.0,138000.0,130000.0,131500.0,131000.0,127550.0,127233.33333333333,141783.33333333334,1117823
2021-02-01,133500.0,140000.0,131000.0,139500.0,132900.0,127975.0,127491.66666666667,141812.5,1056831
2021-02-02,140000.0,147500.0,138000.0,142500.0,135900.0,128475.0,127766.66666666667,141833.33333333334,1421778
2021-02-03,144000.0,148500.0,143000.0,145500.0,138800.0,129275.0,128083.33333333333,141787.5,836459
2021-02-04,144000.0,144000.0,137000.0,138000.0,139400.0,129700.0,128233.33333333333,141645.83333333334,820392
2021-02-05,138500.0,140000.0,133500.0,138500.0,140800.0,129925.0,128450.0,141550.0,438903
2021-02-08,139000.0,141500.0,136500.0,137500.0,140400.0,130450.0,128583.33333333333,141450.0,400677
2021-02-09,138000.0,139500.0,135500.0,136500.0,139200.0,131025.0,128758.33333333333,141341.66666666666,265078
2021-02-10,137000.0,141000.0,137000.0,138000.0,137700.0,131575.0,128958.33333333333,141279.16666666666,400679
2021-02-15,139500.0,140000.0,134000.0,134500.0,137000.0,131975.0,129108.33333333333,141162.5,431777
2021-02-16,135000.0,138000.0,133500.0,136000.0,136500.0,132575.0,129258.33333333333,141012.5,348058
2021-02-17,135500.0,136000.0,132000.0,133000.0,135600.0,133200.0,129325.0,140887.5,292382
2021-02-18,132500.0,133500.0,130000.0,130000.0,134300.0,133675.0,129333.33333333333,140737.5,244227
2021-02-19,130000.0,133000.0,128000.0,131000.0,132900.0,134175.0,129341.66666666667,140562.5,275175
2021-02-22,131000.0,131500.0,126000.0,127000.0,131400.0,134475.0,129275.0,140362.5,309374
2021-02-23,127000.0,128000.0,124000.0,125500.0,129300.0,134400.0,129241.66666666667,140158.33333333334,253980
2021-02-24,125500.0,128500.0,122000.0,123500.0,127400.0,134075.0,129208.33333333333,139933.33333333334,297041
2021-02-25,124500.0,130000.0,123000.0,130000.0,127400.0,134200.0,129275.0,139745.83333333334,363011
2021-02-26,126500.0,127000.0,122500.0,123500.0,125900.0,133825.0,129191.66666666667,139387.5,396171
2021-03-02,126500.0,126500.0,123000.0,123500.0,125200.0,133250.0,129166.66666666667,139062.5,262577
2021-03-03,122500.0,127000.0,122500.0,126500.0,125400.0,133000.0,129183.33333333333,138675.0,181042
2021-03-04,123500.0,125000.0,122500.0,125000.0,125700.0,132275.0,129175.0,138095.83333333334,200804
2021-03-05,123000.0,123500.0,120500.0,122500.0,124200.0,131275.0,129050.0,137470.83333333334,193535
2021-03-08,123000.0,123500.0,120000.0,121000.0,123700.0,130050.0,128866.66666666667,136866.66666666666,185587
2021-03-09,121000.0,122000.0,117000.0,119000.0,122800.0,129100.0,128691.66666666667,136250.0,261815
2021-03-10,121000.0,121000.0,117500.0,118500.0,121200.0,128100.0,128533.33333333333,135662.5,156759
2021-03-11,119000.0,121500.0,118500.0,120000.0,120200.0,127225.0,128400.0,135104.16666666666,251264
2021-03-12,121500.0,123000.0,121000.0,122500.0,120200.0,126525.0,128308.33333333333,134595.83333333334,120592
2021-03-15,122000.0,122500.0,120500.0,120500.0,120100.0,125650.0,128175.0,134087.5,125560
2021-03-16,121000.0,123500.0,120500.0,122000.0,120700.0,125025.0,128100.0,133566.66666666666,156957
2021-03-17,122500.0,124500.0,122500.0,123500.0,121700.0,124400.0,128041.66666666667,133075.0,185669
2021-03-18,124000.0,125500.0,122500.0,122500.0,122200.0,123875.0,127966.66666666667,132591.66666666666,169417
2021-03-19,121000.0,123500.0,120500.0,121000.0,121900.0,123425.0,127875.0,132050.0,207125
2021-03-22,121500.0,123000.0,120500.0,122500.0,122300.0,123000.0,127825.0,131504.16666666666,172063
2021-03-23,123500.0,127500.0,122500.0,125500.0,123000.0,122925.0,127841.66666666667,131041.66666666667,367474
2021-03-24,126000.0,126500.0,123000.0,124000.0,123100.0,122850.0,127866.66666666667,130620.83333333333,188409
2021-03-25,123500.0,126500.0,123500.0,126000.0,123800.0,122975.0,127900.0,130275.0,217947
2021-03-26,125500.0,127000.0,124500.0,126000.0,124800.0,122775.0,127916.66666666667,129941.66666666667,169543
2021-03-29,126000.0,126000.0,124000.0,124000.0,125100.0,122800.0,127908.33333333333,129583.33333333333,166435
2021-03-30,124000.0,128500.0,123500.0,127000.0,125400.0,122975.0,127925.0,129258.33333333333,260811
2021-03-31,127500.0,129000.0,126500.0,129000.0,126400.0,123100.0,127883.33333333333,128970.83333333333,199833
2021-04-01,129000.0,129000.0,124500.0,125500.0,126300.0,123125.0,127791.66666666667,128683.33333333333,275069
2021-04-02,125500.0,128000.0,125500.0,127000.0,126500.0,123350.0,127700.0,128400.0,149213
2021-04-05,128500.0,131500.0,127000.0,131000.0,127900.0,123850.0,127725.0,128175.0,326986
2021-04-06,131500.0,131500.0,128500.0,129500.0,128400.0,124375.0,127725.0,127979.16666666667,170513
2021-04-07,129500.0,129500.0,127500.0,128500.0,128300.0,124875.0,127633.33333333333,127770.83333333333,161167
2021-04-08,128000.0,130000.0,127000.0,128000.0,128800.0,125275.0,127650.0,127570.83333333333,190005
2021-04-09,127500.0,133000.0,127000.0,131500.0,129700.0,125725.0,127758.33333333333,127525.0,345643
2021-04-12,133000.0,140000.0,132000.0,140000.0,131500.0,126700.0,127975.0,127554.16666666667,941931
2021-04-13,140500.0,140500.0,136500.0,138500.0,133300.0,127525.0,128175.0,127600.0,444932
2021-04-14,141000.0,144000.0,140000.0,141500.0,135900.0,128425.0,128466.66666666667,127650.0,621442
2021-04-15,144000.0,144000.0,138500.0,141000.0,138500.0,129350.0,128808.33333333333,127716.66666666667,390405
2021-04-16,144000.0,147500.0,142500.0,146000.0,141400.0,130600.0,129233.33333333333,127870.83333333333,814441
2021-04-19,147000.0,151000.0,143500.0,143500.0,142100.0,131650.0,129608.33333333333,128008.33333333333,609663
2021-04-20,144500.0,147500.0,144000.0,147500.0,143900.0,132750.0,130050.0,128225.0,284111
2021-04-21,147000.0,147000.0,144000.0,145500.0,144700.0,133825.0,130358.33333333333,128416.66666666667,333753
2021-04-22,145000.0,145000.0,139500.0,141000.0,144700.0,134575.0,130541.66666666667,128541.66666666667,562426
2021-04-23,141000.0,142000.0,137500.0,140000.0,143500.0,135275.0,130750.0,128679.16666666667,284588
2021-04-26,141500.0,142500.0,139000.0,139500.0,142700.0,136050.0,130891.66666666667,128866.66666666667,269232
2021-04-27,139500.0,140500.0,136000.0,137000.0,140600.0,136550.0,130925.0,129000.0,309455
2021-04-28,136000.0,136500.0,132000.0,132000.0,137900.0,136700.0,130933.33333333333,129083.33333333333,379089
2021-04-29,134000.0,135500.0,131000.0,132500.0,136200.0,137050.0,130816.66666666667,129154.16666666667,243947
2021-04-30,132000.0,132500.0,128500.0,129500.0,134100.0,137175.0,130600.0,129183.33333333333,287814
2021-05-03,129500.0,130000.0,125500.0,126000.0,131400.0,136925.0,130275.0,129179.16666666667,270238
2021-05-04,125000.0,127000.0,121500.0,125500.0,129100.0,136725.0,130066.66666666667,129150.0,426606
2021-05-06,125000.0,128000.0,123000.0,127000.0,128100.0,136650.0,129875.0,129162.5,247982
2021-05-07,127000.0,131500.0,127000.0,130500.0,127700.0,136775.0,129758.33333333333,129170.83333333333,251700
2021-05-10,132500.0,134500.0,131000.0,133000.0,128400.0,136850.0,129700.0,129229.16666666667,223887
2021-05-11,132000.0,132500.0,128500.0,130000.0,129200.0,136350.0,129566.66666666667,129262.5,232351
2021-05-12,130000.0,130500.0,126500.0,127500.0,129600.0,135800.0,129450.0,129279.16666666667,195924
2021-05-13,125000.0,130000.0,123500.0,128500.0,129900.0,135150.0,129325.0,129291.66666666667,265116
2021-05-14,128500.0,129500.0,126500.0,127500.0,129300.0,134475.0,129233.33333333333,129279.16666666667,182417
2021-05-17,128000.0,131500.0,127500.0,131500.0,129000.0,133750.0,129258.33333333333,129295.83333333333,296640
2021-05-18,132500.0,135000.0,132000.0,134000.0,129800.0,133275.0,129308.33333333333,129325.0,216194
2021-05-20,132500.0,136000.0,131500.0,136000.0,131500.0,132700.0,129458.33333333333,129366.66666666667,204196
2021-05-21,137500.0,138000.0,133000.0,135000.0,132800.0,132175.0,129616.66666666667,129429.16666666667,259819
2021-05-24,135000.0,137500.0,133000.0,137500.0,134800.0,132000.0,129850.0,129529.16666666667,193266
2021-05-25,138000.0,138500.0,136000.0,138000.0,136100.0,131900.0,129983.33333333333,129629.16666666667,288140
2021-05-26,138000.0,138000.0,135500.0,136000.0,136500.0,131725.0,130191.66666666667,129691.66666666667,175354
2021-05-27,136000.0,138000.0,133500.0,137500.0,136800.0,131750.0,130425.0,129795.83333333333,269450
2021-05-28,138000.0,138500.0,136000.0,137000.0,137200.0,132000.0,130600.0,129891.66666666667,152954
2021-05-31,137000.0,141500.0,137000.0,139500.0,137600.0,132350.0,130841.66666666667,130008.33333333333,450595
2021-06-01,140500.0,141000.0,139500.0,140500.0,138100.0,132900.0,131141.66666666666,130095.83333333333,153676
2021-06-02,140500.0,141000.0,137500.0,139500.0,138800.0,133575.0,131450.0,130158.33333333333,182174
2021-06-03,138500.0,140000.0,138000.0,138500.0,139000.0,134225.0,131775.0,130233.33333333333,143250
2021-06-04,137500.0,138500.0,135000.0,136500.0,138900.0,134700.0,132075.0,130304.16666666667,219664
2021-06-07,137000.0,141000.0,136000.0,140000.0,139000.0,135175.0,132408.33333333334,130404.16666666667,237879
2021-06-08,140000.0,143000.0,136000.0,138500.0,138600.0,135450.0,132675.0,130491.66666666667,366460
2021-06-09,141500.0,141500.0,138000.0,138500.0,138400.0,135875.0,132975.0,130575.0,292600
2021-06-10,140500.0,146000.0,137500.0,144500.0,139600.0,136725.0,133350.0,130725.0,1120746
2021-06-11,147000.0,148000.0,139000.0,141000.0,140500.0,137350.0,133641.66666666666,130841.66666666667,859782
2021-06-14,142500.0,146000.0,140000.0,141000.0,140700.0,138025.0,133950.0,130958.33333333333,521016
2021-06-15,140500.0,141000.0,134000.0,134000.0,139800.0,138150.0,134166.66666666666,131020.83333333333,774035
2021-06-16,134000.0,135000.0,131000.0,132000.0,138500.0,138050.0,134325.0,131075.0,458591
2021-06-17,131000.0,136000.0,129000.0,134500.0,136500.0,137975.0,134475.0,131158.33333333334,620407
2021-06-18,134000.0,135500.0,132500.0,134500.0,135200.0,137950.0,134650.0,131258.33333333334,286431
2021-06-21,133500.0,136000.0,132000.0,134500.0,133900.0,137800.0,134791.66666666666,131345.83333333334,259620
2021-06-22,135500.0,135500.0,132000.0,132000.0,133500.0,137500.0,134891.66666666666,131404.16666666666,212913
2021-06-23,131500.0,133000.0,130000.0,130500.0,133200.0,137225.0,135000.0,131454.16666666666,247717
2021-06-24,130500.0,132500.0,129500.0,130500.0,132400.0,136875.0,135058.33333333334,131491.66666666666,177806
2021-06-25,130500.0,131500.0,130000.0,131500.0,131800.0,136600.0,135100.0,131491.66666666666,190047
2021-06-28,132000.0,132000.0,130000.0,130500.0,131000.0,136150.0,135183.33333333334,131487.5,175700
2021-06-29,132500.0,134500.0,132000.0,133500.0,131300.0,135800.0,135291.66666666666,131495.83333333334,373156
2021-06-30,136000.0,136500.0,134000.0,134000.0,132000.0,135525.0,135341.66666666666,131533.33333333334,305659
2021-07-01,136500.0,141000.0,135000.0,139500.0,133800.0,135575.0,135508.33333333334,131616.66666666666,674588
2021-07-02,139500.0,140000.0,136500.0,138500.0,135200.0,135675.0,135675.0,131654.16666666666,366858
2021-07-05,141000.0,144000.0,139000.0,141000.0,137300.0,135725.0,135891.66666666666,131770.83333333334,590709
2021-07-06,142000.0,142500.0,138000.0,138000.0,138200.0,135700.0,136000.0,131879.16666666666,368620
2021-07-07,137000.0,139500.0,135500.0,136000.0,138600.0,135575.0,135933.33333333334,131954.16666666666,312727
2021-07-08,136000.0,139000.0,135000.0,135000.0,137700.0,135100.0,135875.0,132025.0,340704
2021-07-09,133000.0,134500.0,131000.0,133500.0,136700.0,134725.0,135741.66666666666,132104.16666666666,334524
2021-07-12,135000.0,136000.0,133500.0,135500.0,135600.0,134450.0,135650.0,132229.16666666666,173417
2021-07-13,135500.0,138000.0,135500.0,136500.0,135300.0,134575.0,135491.66666666666,132362.5,231266
2021-07-14,136000.0,138000.0,135500.0,137000.0,135500.0,134825.0,135383.33333333334,132495.83333333334,164733
2021-07-15,138000.0,139500.0,136500.0,138000.0,136100.0,135000.0,135225.0,132637.5,215844
2021-07-16,137000.0,142000.0,136500.0,140000.0,137400.0,135275.0,135133.33333333334,132745.83333333334,431459
2021-07-19,139000.0,139500.0,137000.0,137500.0,137800.0,135425.0,135075.0,132808.33333333334,192747
2021-07-20,136500.0,143500.0,135000.0,142500.0,139000.0,135950.0,135116.66666666666,132933.33333333334,720720
2021-07-21,143500.0,145000.0,139500.0,141000.0,139800.0,136475.0,135141.66666666666,133016.66666666666,390510
2021-07-22,141500.0,142500.0,139500.0,140500.0,140300.0,136975.0,135200.0,133062.5,253550
2021-07-23,141000.0,144000.0,140500.0,143000.0,140900.0,137550.0,135383.33333333334,133158.33333333334,371690
2021-07-26,145500.0,145500.0,138500.0,140000.0,141400.0,138025.0,135508.33333333334,133162.5,413979
2021-07-27,139500.0,140500.0,138000.0,138500.0,140600.0,138275.0,135658.33333333334,133129.16666666666,221295
2021-07-28,138500.0,140000.0,137000.0,139500.0,140300.0,138550.0,135883.33333333334,133079.16666666666,235980
2021-07-29,138500.0,142500.0,138500.0,142500.0,140700.0,138700.0,136166.66666666666,133116.66666666666,263433
2021-07-30,141000.0,141000.0,137000.0,138500.0,139800.0,138700.0,136358.33333333334,133116.66666666666,309795
2021-08-02,138000.0,138000.0,135500.0,137000.0,139200.0,138500.0,136466.66666666666,133112.5,244818
2021-08-03,141000.0,145500.0,132500.0,134500.0,138400.0,138325.0,136491.66666666666,133095.83333333334,1179981
2021-08-04,135000.0,138500.0,132500.0,137000.0,137900.0,138375.0,136608.33333333334,133087.5,335375
2021-08-05,137500.0,139000.0,135500.0,136000.0,136600.0,138425.0,136750.0,133100.0,205757
2021-08-06,135500.0,137000.0,134000.0,136500.0,136200.0,138575.0,136883.33333333334,133104.16666666666,171840
2021-08-09,135500.0,136000.0,134000.0,135000.0,135800.0,138550.0,137008.33333333334,133120.83333333334,231939
2021-08-10,134000.0,136000.0,133500.0,134500.0,135800.0,138450.0,137058.33333333334,133158.33333333334,149719
2021-08-11,136500.0,138000.0,135000.0,136500.0,135700.0,138425.0,137100.0,133204.16666666666,256680
2021-08-12,134000.0,135000.0,130000.0,132000.0,134900.0,138125.0,137033.33333333334,133245.83333333334,507930
2021-08-13,133000.0,133500.0,126500.0,127000.0,133000.0,137475.0,136900.0,133258.33333333334,433183
2021-08-17,126500.0,127000.0,123000.0,125000.0,131000.0,136850.0,136691.66666666666,133270.83333333334,268509
2021-08-18,124500.0,130000.0,124000.0,129500.0,130000.0,136200.0,136550.0,133266.66666666666,200426
2021-08-19,128500.0,129000.0,126000.0,126500.0,128000.0,135475.0,136391.66666666666,133291.66666666666,216530
2021-08-20,126500.0,128500.0,124000.0,125000.0,126600.0,134700.0,136183.33333333334,133304.16666666666,230207
2021-08-23,126500.0,131500.0,126500.0,129000.0,127000.0,134000.0,136050.0,133325.0,233037
2021-08-24,130000.0,133000.0,129500.0,132000.0,128400.0,133600.0,135925.0,133383.33333333334,185105
2021-08-25,135500.0,137000.0,132500.0,136500.0,129800.0,133500.0,135858.33333333334,133500.0,415984
2021-08-26,131500.0,133500.0,126000.0,127000.0,129900.0,132875.0,135650.0,133550.0,742075
2021-08-27,126000.0,129500.0,125500.0,127500.0,130400.0,132125.0,135466.66666666666,133620.83333333334,231911
2021-08-30,128000.0,128500.0,124000.0,125000.0,129600.0,131450.0,135275.0,133675.0,236501
2021-08-31,123500.0,129500.0,123000.0,129000.0,129000.0,131050.0,135091.66666666666,133750.0,328533
2021-09-01,127500.0,129500.0,126500.0,127500.0,127200.0,130700.0,134908.33333333334,133791.66666666666,153267
2021-09-02,127500.0,129000.0,125000.0,126000.0,127000.0,130150.0,134700.0,133837.5,197545
2021-09-03,125500.0,127500.0,125000.0,126000.0,126700.0,129650.0,134391.66666666666,133870.83333333334,131338
2021-09-06,125500.0,126500.0,124500.0,126000.0,126900.0,129125.0,134141.66666666666,133891.66666666666,108869
2021-09-07,126000.0,127000.0,124500.0,125000.0,126100.0,128625.0,133875.0,133912.5,157585
2021-09-08,124500.0,125500.0,123500.0,125000.0,125600.0,128150.0,133725.0,133945.83333333334,170794
2021-09-09,124000.0,125000.0,122000.0,122500.0,124900.0,127450.0,133566.66666666666,133945.83333333334,239547
2021-09-10,123000.0,123500.0,120500.0,122500.0,124200.0,126975.0,133366.66666666666,133920.83333333334,160169
2021-09-13,122500.0,124000.0,120500.0,121500.0,123300.0,126700.0,133150.0,133900.0,116294
2021-09-14,122000.0,125500.0,122000.0,124000.0,123100.0,126650.0,132975.0,133883.33333333334,132706
2021-09-15,123000.0,125000.0,122500.0,124000.0,122900.0,126375.0,132841.66666666666,133866.66666666666,98409
2021-09-16,124000.0,124500.0,122000.0,122000.0,122800.0,126150.0,132700.0,133850.0,99786
2021-09-17,121000.0,122500.0,119000.0,122000.0,122700.0,126000.0,132558.33333333334,133808.33333333334,218449
2021-09-23,120500.0,121500.0,119000.0,121000.0,122600.0,125600.0,132383.33333333334,133741.66666666666,131078
2021-09-24,120500.0,121500.0,119500.0,120000.0,121800.0,125000.0,132208.33333333334,133695.83333333334,113801
2021-09-27,119000.0,120500.0,118500.0,119000.0,120800.0,124125.0,131966.66666666666,133629.16666666666,103886
2021-09-28,118500.0,119000.0,114500.0,116000.0,119600.0,123575.0,131666.66666666666,133504.16666666666,250658
2021-09-29,113500.0,115500.0,112500.0,114500.0,118100.0,122925.0,131250.0,133379.16666666666,217282
2021-09-30,114000.0,118500.0,113500.0,118000.0,117500.0,122575.0,130908.33333333333,133291.66666666666,183792
2021-10-01,116000.0,117500.0,114000.0,115000.0,116500.0,121875.0,130475.0,133183.33333333334,115543
2021-10-05,113000.0,116000.0,112000.0,114000.0,115500.0,121200.0,130075.0,133037.5,200733
2021-10-06,113500.0,119000.0,113500.0,116500.0,115600.0,120725.0,129750.0,132841.66666666666,252294
2021-10-07,118500.0,123000.0,118000.0,121000.0,116900.0,120475.0,129516.66666666667,132695.83333333334,240965
2021-10-08,121000.0,122500.0,119500.0,121500.0,117600.0,120250.0,129316.66666666667,132529.16666666666,175364
2021-10-12,121500.0,121500.0,118500.0,119000.0,118400.0,119950.0,129041.66666666667,132345.83333333334,154726
2021-10-13,119000.0,122000.0,118500.0,120000.0,119600.0,119700.0,128766.66666666667,132129.16666666666,124326
2021-10-14,121000.0,123000.0,120000.0,122500.0,120800.0,119700.0,128525.0,131954.16666666666,148693
2021-10-15,121000.0,123000.0,121000.0,121500.0,120900.0,119650.0,128250.0,131737.5,132493
2021-10-18,121500.0,122500.0,119000.0,120500.0,120700.0,119600.0,127925.0,131529.16666666666,204927
2021-10-19,121500.0,128500.0,121000.0,127500.0,122400.0,119775.0,127758.33333333333,131416.66666666666,343569
2021-10-20,125500.0,129000.0,125500.0,126000.0,123600.0,119875.0,127483.33333333333,131300.0,168967
2021-10-21,125500.0,128500.0,125000.0,126000.0,124300.0,120075.0,127233.33333333333,131187.5,138301
2021-10-22,126500.0,130500.0,126500.0,129000.0,125800.0,120425.0,127041.66666666667,131120.83333333334,257301
2021-10-25,129000.0,130000.0,125500.0,127000.0,127100.0,120725.0,126775.0,131079.16666666666,157942
2021-10-26,128000.0,130000.0,127500.0,128500.0,127300.0,121150.0,126583.33333333333,131045.83333333333,137579
2021-10-27,128500.0,129500.0,126500.0,129000.0,127900.0,121650.0,126425.0,131041.66666666667,134424
2021-10-28,128500.0,129000.0,123500.0,123500.0,127400.0,122025.0,126158.33333333333,131020.83333333333,219269
2021-10-29,124000.0,125500.0,122000.0,123500.0,126300.0,122475.0,125841.66666666667,131004.16666666667,149518
2021-11-01,123500.0,127500.0,123000.0,127000.0,126300.0,122925.0,125650.0,131004.16666666667,182848
2021-11-02,127500.0,128500.0,126000.0,126500.0,125900.0,123500.0,125475.0,130970.83333333333,119550
2021-11-03,126000.0,127500.0,125000.0,125500.0,125200.0,124075.0,125325.0,130908.33333333333,124687
2021-11-04,126500.0,128000.0,123500.0,124000.0,125300.0,124450.0,125108.33333333333,130858.33333333333,196548
2021-11-05,124000.0,124500.0,120000.0,123000.0,125200.0,124550.0,124891.66666666667,130820.83333333333,208315
2021-11-08,123000.0,126000.0,121500.0,125000.0,124800.0,124725.0,124700.0,130791.66666666667,214306
2021-11-09,125500.0,132000.0,125500.0,131500.0,125800.0,125350.0,124641.66666666667,130825.0,663818
2021-11-10,132000.0,133500.0,129000.0,131000.0,126900.0,125900.0,124583.33333333333,130820.83333333333,420096
2021-11-11,128500.0,140500.0,125000.0,135000.0,129100.0,126525.0,124558.33333333333,130829.16666666667,1662986
2021-11-12,138500.0,139500.0,131500.0,132500.0,131000.0,127075.0,124566.66666666667,130800.0,675624
2021-11-15,132500.0,135000.0,129000.0,131500.0,132300.0,127625.0,124641.66666666667,130770.83333333333,348248
2021-11-16,131500.0,135000.0,131000.0,135000.0,133000.0,128000.0,124808.33333333333,130750.0,329879
2021-11-17,135500.0,136000.0,131500.0,132000.0,133200.0,128300.0,124850.0,130700.0,309573
2021-11-18,132000.0,136000.0,130500.0,134000.0,133000.0,128700.0,124975.0,130683.33333333333,337696
2021-11-19,132000.0,133500.0,125500.0,126500.0,131800.0,128575.0,125000.0,130591.66666666667,557279
2021-11-22,124000.0,126000.0,121000.0,124000.0,130300.0,128425.0,124916.66666666667,130483.33333333333,406653
2021-11-23,122000.0,125500.0,122000.0,123000.0,127900.0,128150.0,124766.66666666667,130345.83333333333,205988
2021-11-24,121500.0,124000.0,120000.0,122000.0,125900.0,127800.0,124525.0,130191.66666666667,217473
2021-11-25,121500.0,125000.0,121000.0,123000.0,123700.0,127775.0,124458.33333333333,130054.16666666667,149488
2021-11-26,123000.0,123500.0,119500.0,120000.0,122400.0,127600.0,124333.33333333333,129900.0,199993
2021-11-29,118500.0,123500.0,118000.0,120000.0,121600.0,127250.0,124250.0,129762.5,204984
2021-11-30,120500.0,122000.0,115500.0,117000.0,120400.0,126775.0,124050.0,129570.83333333333,314056
2021-12-01,117000.0,119500.0,115500.0,118000.0,119600.0,126400.0,123891.66666666667,129400.0,195728
2021-12-02,116500.0,119000.0,114500.0,118000.0,118600.0,126100.0,123758.33333333333,129229.16666666667,219816
2021-12-03,117000.0,123000.0,117000.0,121000.0,118800.0,126000.0,123675.0,129033.33333333333,162296
2021-12-06,120500.0,121000.0,116500.0,118500.0,118500.0,125675.0,123550.0,128845.83333333333,145099
2021-12-07,118500.0,121500.0,117000.0,120000.0,119100.0,125100.0,123466.66666666667,128670.83333333333,168673
2021-12-08,120500.0,123000.0,118500.0,119000.0,119300.0,124500.0,123366.66666666667,128545.83333333333,245427
2021-12-09,122000.0,125000.0,120000.0,121500.0,120000.0,123825.0,123350.0,128458.33333333333,505705
2021-12-10,121500.0,122000.0,120000.0,121000.0,120000.0,123250.0,123325.0,128345.83333333333,134363
2021-12-13,121500.0,121500.0,119000.0,119000.0,120100.0,122625.0,123283.33333333333,128216.66666666667,119759
2021-12-14,118500.0,120500.0,118000.0,119500.0,120000.0,121850.0,123208.33333333333,128091.66666666667,119159
2021-12-15,119500.0,120000.0,117000.0,118000.0,119800.0,121150.0,123108.33333333333,127975.0,165403
2021-12-16,119000.0,120000.0,117500.0,119000.0,119300.0,120400.0,123058.33333333333,127879.16666666667,135792
2021-12-17,118500.0,119500.0,118000.0,118000.0,118700.0,119975.0,122991.66666666667,127775.0,123893
2021-12-20,118000.0,122000.0,117000.0,121500.0,119200.0,119850.0,123000.0,127691.66666666667,248375
2021-12-21,122000.0,122000.0,118500.0,119500.0,119200.0,119675.0,122991.66666666667,127600.0,165789
2021-12-22,119500.0,121000.0,118500.0,120000.0,119600.0,119575.0,123008.33333333333,127487.5,106168
2021-12-23,120500.0,122500.0,120000.0,121000.0,120000.0,119475.0,123091.66666666667,127379.16666666667,129505
2021-12-24,121500.0,122000.0,120500.0,121000.0,120600.0,119525.0,123200.0,127225.0,99421
2021-12-27,121500.0,122000.0,120000.0,121500.0,120600.0,119600.0,123258.33333333333,127083.33333333333,97061
2021-12-28,121000.0,122500.0,120000.0,121000.0,120900.0,119800.0,123358.33333333333,126916.66666666667,216010
2021-12-29,120000.0,121500.0,119000.0,119000.0,120700.0,119850.0,123441.66666666667,126758.33333333333,207933
2021-12-30,118500.0,127500.0,118000.0,125000.0,121500.0,120200.0,123583.33333333333,126666.66666666667,518930
2022-01-04,127500.0,127500.0,121500.0,123000.0,121900.0,120300.0,123616.66666666667,126566.66666666667,323862
2022-01-05,122000.0,122500.0,117000.0,118000.0,121200.0,120275.0,123558.33333333333,126437.5,392117
2022-01-06,115500.0,117000.0,112000.0,112500.0,119500.0,119900.0,123450.0,126245.83333333333,358343
2022-01-07,113000.0,115000.0,112500.0,113000.0,118300.0,119600.0,123333.33333333333,126050.0,204409
2022-01-10,111500.0,113000.0,109500.0,111500.0,115600.0,119100.0,123150.0,125837.5,208350
2022-01-11,111000.0,113000.0,110000.0,110000.0,113000.0,118550.0,122958.33333333333,125604.16666666667,149836
2022-01-12,111000.0,116000.0,111000.0,114000.0,112200.0,118300.0,122850.0,125387.5,199271
2022-01-13,113000.0,114000.0,111000.0,112500.0,112200.0,117950.0,122600.0,125179.16666666667,177128
2022-01-14,111500.0,112000.0,110000.0,110500.0,111700.0,117575.0,122341.66666666667,124912.5,120886
2022-01-17,110000.0,112000.0,109000.0,112000.0,111800.0,117225.0,122108.33333333333,124670.83333333333,148665
2022-01-18,112000.0,114000.0,108000.0,108500.0,111500.0,116750.0,121766.66666666667,124404.16666666667,171734
2022-01-19,107500.0,109500.0,105500.0,105500.0,109800.0,115950.0,121408.33333333333,124091.66666666667,183509
2022-01-20,106000.0,119000.0,105500.0,116000.0,110500.0,115775.0,121200.0,123891.66666666667,409378
2022-01-21,114000.0,120000.0,113000.0,118500.0,112100.0,115700.0,121025.0,123725.0,382709
2022-01-24,116500.0,120000.0,116500.0,118500.0,113400.0,115575.0,120941.66666666667,123550.0,265191
2022-01-25,117500.0,121500.0,117000.0,117500.0,115200.0,115400.0,120841.66666666667,123341.66666666667,385387
2022-01-26,117500.0,117500.0,117500.0,117500.0,117600.0,115200.0,120683.33333333333,123166.66666666667,0
2022-01-27,116000.0,117000.0,105000.0,108000.0,116000.0,114550.0,120375.0,122925.0,516339
2022-01-28,110000.0,112000.0,108000.0,109500.0,114200.0,114075.0,120108.33333333333,122716.66666666667,272481
2022-02-03,110000.0,110000.0,100000.0,100000.0,110500.0,112825.0,119708.33333333333,122408.33333333333,842238
2022-02-04,100000.0,106000.0,100000.0,103500.0,107700.0,111850.0,119383.33333333333,122137.5,442304
2022-02-07,103500.0,104000.0,101500.0,103000.0,104800.0,111100.0,119016.66666666667,121858.33333333333,315133
2022-02-08,103000.0,103000.0,103000.0,103000.0,103800.0,110625.0,118541.66666666667,121591.66666666667,0
2022-02-09,103000.0,103000.0,103000.0,103000.0,102500.0,110125.0,118075.0,121329.16666666667,0
2022-02-10,103500.0,105000.0,100500.0,101000.0,102700.0,109600.0,117508.33333333333,121033.33333333333,331873
2022-02-11,100000.0,101500.0,97200.0,99700.0,101940.0,109085.0,116961.66666666667,120764.16666666667,450924
2022-02-14,97900.0,101000.0,97900.0,99700.0,101280.0,108370.0,116431.66666666667,120536.66666666667,214801
2022-02-15,98000.0,101500.0,98000.0,98600.0,100400.0,107675.0,115825.0,120316.66666666667,164054
2022-02-16,100000.0,103500.0,99600.0,102000.0,100200.0,107250.0,115325.0,120087.5,230973
2022-02-17,102000.0,102500.0,99600.0,100500.0,100100.0,106675.0,114766.66666666667,119870.83333333333,232570
2022-02-18,99700.0,102000.0,99600.0,101000.0,100360.0,106300.0,114341.66666666667,119670.83333333333,128186
2022-02-21,99900.0,102000.0,99700.0,101500.0,100720.0,106100.0,113966.66666666667,119441.66666666667,143456
2022-02-22,100500.0,101000.0,99100.0,100500.0,101100.0,105325.0,113591.66666666667,119179.16666666667,171245
2022-02-23,101000.0,102500.0,100000.0,102500.0,101200.0,104525.0,113266.66666666667,118895.83333333333,138458
2022-02-24,101000.0,102500.0,99600.0,100000.0,101100.0,103600.0,112883.33333333333,118670.83333333333,199931
2022-02-25,101500.0,103500.0,100500.0,102500.0,101400.0,102850.0,112591.66666666667,118462.5,210640
2022-02-28,102500.0,102500.0,102500.0,102500.0,101600.0,102100.0,112300.0,118275.0,0
2022-03-02,102500.0,104500.0,101500.0,103000.0,102100.0,101850.0,112066.66666666667,118058.33333333333,138902
2022-03-03,103500.0,105000.0,103000.0,104500.0,102500.0,101600.0,111841.66666666667,117866.66666666667,164184
2022-03-04,104500.0,104500.0,104500.0,104500.0,103400.0,101825.0,111616.66666666667,117687.5,0
2022-03-07,100500.0,102000.0,100000.0,100000.0,102900.0,101650.0,111266.66666666667,117470.83333333333,142262
2022-03-08,100000.0,103500.0,99800.0,101500.0,102700.0,101575.0,110983.33333333333,117266.66666666667,167785
2022-03-10,101500.0,101500.0,101500.0,101500.0,102400.0,101500.0,110675.0,117070.83333333333,0
2022-03-11,103500.0,109000.0,103500.0,108000.0,103100.0,101750.0,110491.66666666667,116929.16666666667,256373
2022-03-14,108500.0,110000.0,105500.0,106000.0,103400.0,102000.0,110233.33333333333,116791.66666666667,184217
2022-03-15,106000.0,106000.0,106000.0,106000.0,104600.0,102315.0,109983.33333333333,116654.16666666667,0
2022-03-16,106000.0,106000.0,106000.0,106000.0,105500.0,102630.0,109766.66666666667,116525.0,0
2022-03-17,106000.0,106000.0,106000.0,106000.0,106400.0,103000.0,109541.66666666667,116375.0,0
2022-03-18,109000.0,111000.0,108000.0,110000.0,106800.0,103400.0,109408.33333333333,116258.33333333333,137004
2022-03-21,110000.0,110000.0,110000.0,110000.0,107600.0,103875.0,109258.33333333333,116158.33333333333,0
2022-03-22,109500.0,110500.0,108000.0,109000.0,108200.0,104275.0,109108.33333333333,116050.0,111066
2022-03-23,109500.0,114000.0,109000.0,112000.0,109400.0,104800.0,108950.0,115975.0,211268
2022-03-24,110500.0,111500.0,109000.0,110000.0,110200.0,105275.0,108791.66666666667,115891.66666666667,124138
2022-03-25,110000.0,111000.0,109000.0,109500.0,110100.0,105625.0,108616.66666666667,115812.5,105175
2022-03-28,109000.0,110500.0,107000.0,110000.0,110100.0,106125.0,108433.33333333333,115762.5,157011
2022-03-29,110000.0,112000.0,109000.0,110000.0,110300.0,106500.0,108250.0,115725.0,124993
2022-03-30,111500.0,113000.0,110000.0,111000.0,110100.0,106925.0,108075.0,115666.66666666667,142152
2022-03-31,111000.0,112500.0,110500.0,111500.0,110400.0,107350.0,107916.66666666667,115637.5,87024
2022-04-01,110500.0,110500.0,107000.0,108000.0,110100.0,107525.0,107733.33333333333,115587.5,193323
2022-04-04,107500.0,110000.0,106500.0,109500.0,110000.0,107775.0,107475.0,115529.16666666667,103717
2022-04-05,110000.0,112000.0,109500.0,111500.0,110300.0,108350.0,107283.33333333333,115450.0,120509
2022-04-06,110500.0,110500.0,108500.0,109500.0,110000.0,108750.0,107141.66666666667,115350.0,138731
2022-04-07,108000.0,108500.0,103000.0,104000.0,108500.0,108875.0,107000.0,115225.0,276227
2022-04-08,104000.0,104500.0,102500.0,103500.0,107600.0,108650.0,106841.66666666667,115087.5,148367
2022-04-11,103500.0,105000.0,102500.0,102500.0,106200.0,108475.0,106691.66666666667,114920.83333333333,105567
2022-04-12,102500.0,104000.0,101000.0,102500.0,104400.0,108300.0,106566.66666666667,114762.5,143601
2022-04-13,103000.0,105000.0,102000.0,104500.0,103400.0,108225.0,106408.33333333333,114629.16666666667,111452
2022-04-14,104500.0,105500.0,103000.0,103500.0,103300.0,108100.0,106258.33333333333,114429.16666666667,130971
2022-04-15,102500.0,103500.0,101000.0,103000.0,103200.0,107750.0,106133.33333333333,114237.5,109501
2022-04-18,102000.0,103000.0,101500.0,103000.0,103300.0,107400.0,105983.33333333333,114045.83333333333,59109
2022-04-19,103000.0,104000.0,102500.0,103500.0,103500.0,107125.0,105900.0,113833.33333333333,84748
2022-04-20,103000.0,103500.0,101500.0,101500.0,102900.0,106600.0,105833.33333333333,113620.83333333333,95131
2022-04-21,102500.0,103000.0,101500.0,102000.0,102600.0,106200.0,105600.0,113400.0,93274
2022-04-22,101000.0,101500.0,99800.0,99900.0,101980.0,105720.0,105290.0,113157.5,170120
2022-04-25,99300.0,99300.0,96200.0,96200.0,100620.0,105030.0,104918.33333333333,112930.0,182605
2022-04-26,96100.0,99200.0,96000.0,98200.0,99560.0,104440.0,104596.66666666667,112719.16666666667,125964
2022-04-27,96300.0,96500.0,93700.0,94200.0,98100.0,103600.0,104208.33333333333,112445.83333333333,247546
2022-04-28,94200.0,94500.0,93100.0,94400.0,96580.0,102745.0,103981.66666666667,112178.33333333333,125786
2022-04-29,94400.0,95600.0,94100.0,95600.0,95720.0,102125.0,103750.0,111929.16666666667,116238
2022-05-02,94000.0,94800.0,92000.0,93000.0,95080.0,101300.0,103633.33333333333,111670.83333333333,190495
2022-05-03,92900.0,93800.0,92800.0,93100.0,94060.0,100380.0,103460.0,111421.66666666667,118874
2022-05-04,93100.0,93400.0,91100.0,91500.0,93520.0,99480.0,103268.33333333333,111142.5,170307
2022-05-06,90500.0,90500.0,88800.0,88900.0,92420.0,98725.0,103033.33333333333,110787.5,189774
2022-05-10,87400.0,88900.0,85200.0,88400.0,90980.0,97970.0,102790.0,110432.5,226619
2022-05-11,87500.0,89200.0,87500.0,88600.0,90100.0,97275.0,102583.33333333333,110045.83333333333,110228
2022-05-12,87100.0,87300.0,83300.0,83900.0,88260.0,96345.0,102320.0,109640.83333333333,547555
2022-05-13,79000.0,79600.0,71200.0,72300.0,84420.0,94735.0,101863.33333333333,109147.5,1215132
2022-05-16,72000.0,74500.0,72000.0,73800.0,81400.0,93250.0,101450.0,108637.5,304526
2022-05-17,73500.0,74200.0,72500.0,73800.0,78480.0,91790.0,100980.0,108152.5,200903
2022-05-18,73900.0,76700.0,73800.0,76600.0,76080.0,90470.0,100581.66666666667,107674.16666666667,251800
2022-05-19,74800.0,80300.0,73800.0,80000.0,75300.0,89295.0,100231.66666666667,107286.66666666667,364466
2022-05-20,79900.0,81700.0,79000.0,80800.0,77000.0,88260.0,99886.66666666667,106926.66666666667,255721
2022-05-23,79900.0,81200.0,77800.0,80800.0,78400.0,87200.0,99558.33333333333,106575.0,146807
2022-05-24,80000.0,81600.0,78500.0,78500.0,79340.0,86130.0,99158.33333333333,106212.5,184265
2022-05-25,79600.0,82200.0,79300.0,80200.0,80060.0,85330.0,98828.33333333333,105855.83333333333,289762
2022-05-26,80400.0,82800.0,79200.0,79500.0,79960.0,84395.0,98445.0,105518.33333333333,184481
2022-05-27,81400.0,83100.0,80900.0,81800.0,80160.0,83775.0,98100.0,105200.0,205034
2022-05-30,82300.0,82700.0,81500.0,82000.0,80400.0,83155.0,97750.0,104908.33333333333,101167
2022-05-31,82100.0,83700.0,81500.0,83500.0,81400.0,82550.0,97400.0,104620.83333333333,269549
2022-06-02,82100.0,82100.0,79900.0,80800.0,81520.0,81940.0,97005.0,104310.83333333333,219106
2022-06-03,81300.0,82400.0,80800.0,82300.0,82080.0,81400.0,96710.0,103988.33333333333,108512
2022-06-07,81600.0,81800.0,79700.0,80000.0,81720.0,80825.0,96351.66666666667,103667.5,157925
2022-06-08,79400.0,82100.0,79300.0,81500.0,81620.0,80455.0,96018.33333333333,103346.66666666667,132855
2022-06-09,81000.0,81500.0,79700.0,81200.0,81160.0,80095.0,95571.66666666667,103031.66666666667,192850
2022-06-10,79400.0,81100.0,79100.0,80900.0,81180.0,79710.0,95153.33333333333,102693.33333333333,112467
2022-06-13,79100.0,79200.0,75500.0,75700.0,79860.0,79300.0,94648.33333333333,102315.83333333333,226023
2022-06-14,74800.0,75500.0,73200.0,74900.0,78840.0,79430.0,94130.0,101948.33333333333,251333
2022-06-15,74100.0,75200.0,71200.0,71900.0,76920.0,79335.0,93561.66666666667,101551.66666666667,292591
2022-06-16,72600.0,73000.0,71000.0,71200.0,74920.0,79205.0,92915.0,101161.66666666667,214394
2022-06-17,69000.0,72200.0,69000.0,71300.0,73000.0,78940.0,92270.0,100764.16666666667,215760
2022-06-20,71500.0,72100.0,68600.0,69500.0,71760.0,78415.0,91611.66666666667,100360.0,178292
2022-06-21,71000.0,72900.0,69600.0,71400.0,71060.0,77945.0,90935.0,99942.5,163391
2022-06-22,71500.0,71600.0,69100.0,69300.0,70540.0,77370.0,90256.66666666667,99524.16666666667,144023
2022-06-23,69300.0,71600.0,68700.0,69600.0,70220.0,76925.0,89591.66666666667,99104.16666666667,232387
2022-06-24,69700.0,72900.0,69500.0,72800.0,70520.0,76555.0,88971.66666666667,98702.5,145970
2022-06-27,72200.0,73000.0,70200.0,71600.0,70940.0,76160.0,88331.66666666667,98290.83333333333,160891
2022-06-28,71600.0,72500.0,71100.0,72200.0,71100.0,75680.0,87685.0,97880.0,100749
2022-06-29,71300.0,72200.0,69600.0,70300.0,71300.0,75095.0,86998.33333333333,97457.5,179231
2022-06-30,70100.0,70300.0,68400.0,68900.0,71160.0,74365.0,86346.66666666667,97040.0,155033
2022-07-01,70200.0,70300.0,66100.0,67400.0,70080.0,73695.0,85645.0,96560.0,250735
2022-07-04,67400.0,69500.0,66200.0,68200.0,69400.0,72990.0,84923.33333333333,96103.33333333333,216712
2022-07-05,68200.0,69700.0,67800.0,68900.0,68740.0,72435.0,84246.66666666667,95694.16666666667,143544
2022-07-06,67000.0,70000.0,66600.0,68200.0,68320.0,71770.0,83650.0,95325.0,198716
2022-07-07,69500.0,70000.0,68400.0,69000.0,68340.0,71160.0,83075.0,94958.33333333333,145185
2022-07-08,68900.0,70000.0,68400.0,68700.0,68600.0,70550.0,82511.66666666667,94601.66666666667,151270
2022-07-11,68600.0,69400.0,67600.0,67800.0,68520.0,70155.0,81933.33333333333,94250.0,120001
2022-07-12,68300.0,68300.0,66800.0,67200.0,68180.0,69770.0,81311.66666666667,93860.0,94210
2022-07-13,67500.0,69400.0,67100.0,69000.0,68340.0,69625.0,80736.66666666667,93497.5,123497
2022-07-14,68300.0,70100.0,67900.0,68300.0,68200.0,69480.0,80158.33333333333,93145.83333333333,192299
2022-07-15,69200.0,69400.0,67700.0,68400.0,68140.0,69335.0,79581.66666666667,92782.5,134965
2022-07-18,68800.0,69900.0,68100.0,68700.0,68320.0,69295.0,79001.66666666667,92450.83333333333,125263
2022-07-19,68700.0,71200.0,68300.0,70400.0,68960.0,69245.0,78483.33333333333,92158.33333333333,145108
2022-07-20,71000.0,71900.0,69800.0,70200.0,69200.0,69290.0,77953.33333333333,91776.66666666667,133835
2022-07-21,69800.0,71800.0,69300.0,70900.0,69720.0,69355.0,77470.0,91380.0,162824
2022-07-22,70400.0,71700.0,69700.0,69900.0,70020.0,69210.0,77031.66666666667,90975.0,119040
2022-07-25,69900.0,72200.0,69600.0,71800.0,70640.0,69220.0,76591.66666666667,90594.16666666667,129668
2022-07-26,71800.0,71800.0,70400.0,71200.0,70800.0,69170.0,76208.33333333333,90208.33333333333,95713
2022-07-27,71000.0,71500.0,70500.0,70700.0,70900.0,69190.0,75813.33333333333,89897.5,86737
2022-07-28,71700.0,73100.0,69300.0,69600.0,70640.0,69225.0,75380.0,89565.0,265730
2022-07-29,70300.0,74100.0,70300.0,72100.0,71080.0,69460.0,75031.66666666667,89332.5,422354
2022-08-01,71000.0,71200.0,69700.0,69900.0,70700.0,69545.0,74645.0,89052.5,284601
2022-08-02,69400.0,69400.0,66800.0,67200.0,69900.0,69460.0,74240.0,88754.16666666667,366282
2022-08-03,67200.0,69500.0,67200.0,68600.0,69480.0,69480.0,73901.66666666667,88467.5,301202
2022-08-04,69100.0,71900.0,69100.0,71600.0,69880.0,69610.0,73621.66666666667,88205.83333333333,364580
2022-08-05,71700.0,73300.0,70900.0,71900.0,69840.0,69770.0,73343.33333333333,87963.33333333333,207209
2022-08-08,71000.0,72200.0,70500.0,71500.0,70160.0,69955.0,73136.66666666667,87728.33333333333,235687
2022-08-09,71100.0,73600.0,71100.0,73500.0,71420.0,70270.0,73156.66666666667,87510.0,214080
2022-08-10,73500.0,73700.0,70400.0,70500.0,71800.0,70345.0,73101.66666666667,87275.83333333333,216251
2022-08-11,71400.0,72900.0,71100.0,72500.0,71980.0,70555.0,73080.0,87030.0,264048
2022-08-12,70000.0,70500.0,66700.0,68600.0,71320.0,70565.0,72946.66666666667,86764.16666666667,783955
2022-08-16,69000.0,69100.0,68200.0,68500.0,70720.0,70555.0,72755.0,86493.33333333333,168182
2022-08-17,68500.0,69200.0,67900.0,68000.0,69620.0,70435.0,72541.66666666667,86214.16666666667,142251
2022-08-18,67400.0,67900.0,66200.0,67300.0,68980.0,70290.0,72316.66666666667,85937.5,218355
2022-08-19,67200.0,67800.0,66400.0,66800.0,67840.0,70085.0,72121.66666666667,85640.0,95977
2022-08-22,66200.0,66300.0,65000.0,65500.0,67220.0,69865.0,71876.66666666667,85352.5,183158
2022-08-23,64300.0,64800.0,63200.0,63200.0,66160.0,69435.0,71605.0,85025.0,237004
2022-08-24,63200.0,64100.0,62800.0,63700.0,65300.0,69060.0,71303.33333333333,84701.66666666667,139093
2022-08-25,63700.0,64800.0,63700.0,64100.0,64660.0,68730.0,71005.0,84377.5,116338
2022-08-26,64200.0,64800.0,63100.0,63400.0,63980.0,68420.0,70670.0,84035.0,138129
2022-08-29,61100.0,62100.0,60600.0,61800.0,63240.0,67905.0,70353.33333333333,83679.16666666667,168001
2022-08-30,61800.0,63700.0,61700.0,63400.0,63280.0,67580.0,70038.33333333333,83374.16666666667,143175
2022-08-31,62900.0,64300.0,62100.0,63500.0,63240.0,67395.0,69763.33333333333,83057.5,145886
2022-09-01,62500.0,63000.0,60900.0,60900.0,62600.0,67010.0,69420.0,82719.16666666667,212586
2022-09-02,61100.0,61500.0,59500.0,60000.0,61920.0,66430.0,69066.66666666667,82319.16666666667,222487
2022-09-05,59700.0,61700.0,59600.0,61000.0,61760.0,65885.0,68735.0,81944.16666666667,158352
2022-09-06,60400.0,61000.0,59700.0,60000.0,61080.0,65310.0,68473.33333333333,81560.83333333333,124944
2022-09-07,59700.0,59700.0,57500.0,58800.0,60140.0,64575.0,68205.0,81167.5,236685
2022-09-08,59100.0,62600.0,59100.0,61500.0,60260.0,64125.0,68031.66666666667,80796.66666666667,396064
2022-09-13,62100.0,63400.0,61700.0,62500.0,60760.0,63625.0,67886.66666666667,80400.83333333333,213066
2022-09-14,60500.0,62500.0,60200.0,61700.0,60900.0,63280.0,67726.66666666667,79998.33333333333,164268
2022-09-15,61900.0,61900.0,60300.0,61000.0,61100.0,62905.0,67585.0,79598.33333333333,170402
2022-09-16,60200.0,61900.0,59800.0,60700.0,61480.0,62540.0,67406.66666666667,79170.83333333333,147971
2022-09-19,60700.0,61200.0,58800.0,59000.0,60980.0,62125.0,67235.0,78745.83333333333,89668
2022-09-20,60600.0,60900.0,59300.0,59700.0,60420.0,61770.0,67070.0,78330.83333333333,128351
2022-09-21,58600.0,59000.0,57800.0,58400.0,59760.0,61415.0,66830.0,77900.83333333333,154349
2022-09-22,57600.0,57800.0,55700.0,56200.0,58800.0,61065.0,66573.33333333333,77452.5,198799
2022-09-23,56200.0,56300.0,54400.0,55200.0,57700.0,60640.0,66290.0,76987.5,153316
2022-09-26,53800.0,55500.0,53800.0,54500.0,56800.0,60160.0,66026.66666666667,76512.5,255684
2022-09-27,54800.0,55800.0,53700.0,54600.0,55780.0,59720.0,65788.33333333333,76067.5,182395
2022-09-28,53900.0,54800.0,52100.0,53100.0,54720.0,59285.0,65550.0,75597.5,233422
2022-09-29,53700.0,55600.0,53200.0,53500.0,54180.0,58790.0,65305.0,75114.16666666667,178220
2022-09-30,53500.0,54200.0,51000.0,51300.0,53400.0,58180.0,65011.666666666664,74629.16666666667,243009
2022-10-04,51700.0,54300.0,51300.0,53600.0,53220.0,57815.0,64768.333333333336,74209.16666666667,198899
2022-10-05,53900.0,54300.0,50500.0,50800.0,52460.0,57355.0,64465.0,73770.0,231467
2022-10-06,50900.0,52000.0,50900.0,50900.0,52020.0,56850.0,64168.333333333336,73340.0,110550
2022-10-07,50400.0,51400.0,48500.0,50200.0,51360.0,56360.0,63875.0,72904.16666666667,188578
2022-10-11,48950.0,50200.0,47800.0,48700.0,50840.0,55855.0,63566.666666666664,72439.16666666667,191527
2022-10-12,48050.0,48500.0,42950.0,44350.0,48990.0,54997.5,63155.833333333336,71946.25,529251
2022-10-13,43600.0,44250.0,42400.0,43300.0,47490.0,54037.5,62739.166666666664,71448.75,389820
2022-10-14,44000.0,45950.0,43850.0,45500.0,46410.0,53227.5,62357.5,70969.58333333333,247154
2022-10-17,44250.0,44500.0,43300.0,44300.0,45230.0,52392.5,61950.833333333336,70476.25,187612
2022-10-18,45300.0,47200.0,45200.0,46850.0,44860.0,51700.0,61558.333333333336,70020.83333333333,232754
2022-10-19,46550.0,48100.0,45800.0,45950.0,45180.0,51047.5,61154.166666666664,69553.75,182474
2022-10-20,45100.0,45600.0,43850.0,44600.0,45440.0,50292.5,60715.833333333336,69092.91666666667,240308
2022-10-21,44100.0,45350.0,43950.0,45100.0,45360.0,49627.5,60302.5,68667.08333333333,128378
2022-10-24,46050.0,46300.0,44750.0,45100.0,45520.0,49072.5,59857.5,68224.58333333333,123582
2022-10-25,45150.0,45200.0,44350.0,44750.0,45100.0,48550.0,59416.666666666664,67812.5,131127
2022-10-26,44400.0,44400.0,41900.0,41950.0,44300.0,47922.5,58937.5,67375.41666666667,425558
2022-10-27,42050.0,44650.0,42050.0,44450.0,44270.0,47415.0,58518.333333333336,66949.16666666667,230414
2022-10-28,44450.0,44500.0,43600.0,43800.0,44010.0,46950.0,58046.666666666664,66539.16666666667,174823
2022-10-31,44300.0,45700.0,43800.0,44600.0,43910.0,46505.0,57625.0,66135.0,156925
2022-11-01,44750.0,46300.0,44600.0,45450.0,44050.0,46212.5,57262.5,65751.25,154413
2022-11-02,44850.0,48100.0,44800.0,47550.0,45170.0,45910.0,56911.666666666664,65406.666666666664,339134
2022-11-03,46200.0,46400.0,44900.0,45000.0,45280.0,45620.0,56468.333333333336,65045.0,244116
2022-11-04,44750.0,46400.0,44500.0,46400.0,45800.0,45395.0,56043.333333333336,64693.333333333336,235539
2022-11-07,46100.0,47350.0,45850.0,46650.0,46210.0,45217.5,55629.166666666664,64382.916666666664,212324
2022-11-08,47200.0,48900.0,46750.0,47850.0,46690.0,45175.0,55201.666666666664,64179.166666666664,219389
2022-11-09,48200.0,49100.0,47500.0,47600.0,46700.0,45337.5,54820.0,63960.833333333336,223363
2022-11-10,47500.0,50300.0,46800.0,48200.0,47340.0,45582.5,54415.0,63747.5,340774
2022-11-11,50100.0,52200.0,49300.0,50600.0,48180.0,45837.5,54115.0,63530.833333333336,485198
2022-11-14,49350.0,51300.0,48400.0,48450.0,48540.0,46045.0,53780.833333333336,63267.916666666664,474735
2022-11-15,48950.0,52700.0,48750.0,52400.0,49450.0,46322.5,53520.833333333336,63031.25,257289
2022-11-16,52200.0,52700.0,50300.0,50900.0,50110.0,46570.0,53247.5,62782.083333333336,274208
2022-11-17,51400.0,54700.0,51200.0,53400.0,51150.0,47010.0,53024.166666666664,62572.916666666664,404831
2022-11-18,53400.0,54000.0,51600.0,51900.0,51410.0,47350.0,52797.5,62337.083333333336,232558
2022-11-21,52000.0,52800.0,51200.0,51800.0,52080.0,47685.0,52607.5,62106.25,248869
2022-11-22,51000.0,54900.0,48500.0,48700.0,51340.0,47882.5,52357.5,61830.416666666664,1023125
2022-11-23,49300.0,50700.0,48850.0,50000.0,51160.0,48285.0,52122.5,61563.75,310051
2022-11-24,50000.0,51800.0,50000.0,51600.0,50800.0,48642.5,51925.833333333336,61297.916666666664,267724
2022-11-25,50700.0,51500.0,49550.0,49850.0,50390.0,48945.0,51726.666666666664,61040.0,239565
2022-11-28,49350.0,49800.0,48100.0,48550.0,49740.0,49142.5,51479.166666666664,60758.75,182056
2022-11-29,48450.0,49300.0,46950.0,49200.0,49840.0,49330.0,51240.833333333336,60502.083333333336,128034
2022-11-30,48350.0,48950.0,47900.0,48950.0,49630.0,49400.0,51041.666666666664,60230.833333333336,388998
2022-12-01,50000.0,51300.0,49650.0,50900.0,49490.0,49695.0,50890.0,59978.333333333336,229931
2022-12-02,51000.0,55700.0,50700.0,54300.0,50380.0,50090.0,50778.333333333336,59756.666666666664,608359
2022-12-05,54000.0,54100.0,51200.0,51600.0,50990.0,50337.5,50638.333333333336,59555.833333333336,317996
2022-12-06,51300.0,51400.0,48700.0,48850.0,50920.0,50387.5,50472.5,59338.75,307036
2022-12-07,48850.0,48850.0,47150.0,47450.0,50620.0,50380.0,50238.333333333336,59135.0,335105
2022-12-08,47800.0,52500.0,47400.0,51900.0,50820.0,50565.0,50061.666666666664,58974.166666666664,800867
2022-12-09,50800.0,52700.0,49550.0,50000.0,49960.0,50535.0,49866.666666666664,58796.666666666664,554766
2022-12-12,49850.0,51800.0,49750.0,51000.0,49840.0,50662.5,49700.0,58642.5,261249
2022-12-13,51600.0,51700.0,49200.0,50400.0,50150.0,50562.5,49528.333333333336,58467.5,238651
2022-12-14,51100.0,52200.0,50600.0,52000.0,51060.0,50617.5,49411.666666666664,58323.333333333336,206065
2022-12-15,52000.0,52400.0,50200.0,50300.0,50740.0,50462.5,49255.0,58162.5,166565
2022-12-16,49750.0,50400.0,49350.0,50300.0,50800.0,50382.5,49120.0,57975.0,296671
2022-12-19,49600.0,51600.0,49500.0,51100.0,50820.0,50347.5,49035.0,57804.166666666664,127773
2022-12-20,51100.0,51600.0,49150.0,49400.0,50620.0,50382.5,48938.333333333336,57614.166666666664,113887
2022-12-21,50100.0,50300.0,49100.0,49700.0,50160.0,50367.5,48858.333333333336,57442.5,87761
2022-12-22,49800.0,51900.0,49500.0,51900.0,50480.0,50382.5,48813.333333333336,57300.833333333336,216289
2022-12-23,51300.0,51800.0,49250.0,49750.0,50370.0,50377.5,48757.5,57153.75,212175
2022-12-26,49750.0,52200.0,49750.0,51900.0,50530.0,50545.0,48730.833333333336,57017.916666666664,237448
2022-12-27,52100.0,52500.0,51300.0,52000.0,51050.0,50685.0,48742.5,56877.083333333336,160568
2022-12-28,51100.0,52200.0,50500.0,51300.0,51370.0,50802.5,48704.166666666664,56736.25,184359
2022-12-29,59200.0,63700.0,57500.0,60400.0,53070.0,51277.5,48864.166666666664,56664.583333333336,4107844
2023-01-02,59700.0,60400.0,55000.0,55900.0,54300.0,51357.5,48947.5,56557.916666666664,940006
2023-01-03,55500.0,55900.0,52600.0,54800.0,54880.0,51517.5,49024.166666666664,56449.583333333336,670123
2023-01-04,53500.0,54300.0,52300.0,53200.0,55120.0,51735.0,49099.166666666664,56332.916666666664,587739
2023-01-05,53500.0,55200.0,51700.0,52100.0,55280.0,51967.5,49228.333333333336,56192.083333333336,730291
2023-01-06,51500.0,52300.0,51100.0,51700.0,53540.0,51957.5,49368.333333333336,56053.75,392381
2023-01-09,52200.0,53500.0,52000.0,53400.0,53040.0,52127.5,49500.0,55928.75,368372
2023-01-10,53400.0,54900.0,52700.0,54000.0,52880.0,52277.5,49661.666666666664,55806.25,407131
2023-01-11,54500.0,55200.0,53000.0,54600.0,53160.0,52487.5,49790.833333333336,55674.583333333336,325211
2023-01-12,55100.0,57300.0,54600.0,57200.0,54180.0,52747.5,49978.333333333336,55566.25,609868
2023-01-13,57200.0,58000.0,56000.0,57700.0,55380.0,53117.5,50196.666666666664,55456.25,386178
2023-01-16,57900.0,59300.0,57400.0,59200.0,56540.0,53562.5,50431.666666666664,55367.083333333336,316802
2023-01-17,59300.0,59400.0,56300.0,57900.0,57320.0,53902.5,50645.0,55251.25,403424
2023-01-18,58300.0,60000.0,56800.0,57400.0,57880.0,54302.5,50855.833333333336,55136.25,450683
2023-01-19,56600.0,57500.0,56400.0,57300.0,57900.0,54682.5,51111.666666666664,55024.583333333336,192231
2023-01-20,57400.0,58400.0,56700.0,57000.0,57760.0,54937.5,51320.833333333336,54919.583333333336,176533
2023-01-25,58100.0,58500.0,57300.0,58000.0,57520.0,55350.0,51557.5,54802.083333333336,1560
2023-01-26,58400.0,63000.0,57700.0,60900.0,58120.0,55800.0,51829.166666666664,54727.083333333336,3433
2023-01-27,61100.0,61400.0,58800.0,60100.0,58660.0,56205.0,52073.333333333336,54667.916666666664,985
2023-01-30,60000.0,61900.0,59200.0,60000.0,59200.0,56640.0,52280.833333333336,54596.25,3315
2023-01-31,60600.0,61200.0,59600.0,60800.0,59960.0,56660.0,52544.166666666664,54506.25,1394
2023-02-01,60800.0,61600.0,60000.0,61300.0,60620.0,56930.0,52792.5,54417.916666666664,1258
2023-02-02,62000.0,63300.0,61300.0,62000.0,60840.0,57290.0,53048.333333333336,54338.75,1645
2023-02-03,61900.0,63900.0,61500.0,63600.0,61540.0,57810.0,53310.833333333336,54256.25,2073
2023-02-06,63000.0,63100.0,60100.0,63600.0,62260.0,58385.0,53577.5,54198.75,1216
2023-02-07,60300.0,61700.0,60200.0,61400.0,62380.0,58870.0,53797.5,54106.25,1241
2023-02-08,61500.0,61600.0,60100.0,60400.0,62200.0,59220.0,53960.833333333336,54037.916666666664,6392
2023-02-09,59600.0,62900.0,57400.0,60400.0,61880.0,59540.0,54160.0,53970.416666666664,2100
2023-02-10,61400.0,63000.0,60600.0,61800.0,61520.0,59900.0,54316.666666666664,53918.75,2550
2023-02-13,61500.0,61600.0,58500.0,59000.0,60600.0,59990.0,54451.666666666664,53849.583333333336,2441
2023-02-14,59100.0,61500.0,59100.0,60700.0,60460.0,60140.0,54573.333333333336,53798.75,560
2023-02-15,60500.0,60600.0,56400.0,56600.0,59700.0,60010.0,54651.666666666664,53724.583333333336,2180
2023-02-16,57600.0,61500.0,57200.0,61400.0,59900.0,60185.0,54811.666666666664,53709.583333333336,2049
2023-02-17,60000.0,60300.0,58600.0,59200.0,59380.0,60275.0,54986.666666666664,53672.083333333336,898
2023-02-20,59300.0,62600.0,58900.0,62000.0,59980.0,60510.0,55186.666666666664,53654.583333333336,477
2023-02-21,61300.0,62700.0,61000.0,61900.0,60220.0,60755.0,55358.333333333336,53642.083333333336,296
2023-02-22,61200.0,61800.0,59700.0,59700.0,60840.0,60840.0,55522.5,53624.583333333336,1616
2023-02-23,60200.0,66700.0,60000.0,64600.0,61480.0,61025.0,55790.0,53634.583333333336,4865
2023-02-24,63700.0,64300.0,62300.0,63000.0,62240.0,61170.0,56020.0,53630.416666666664,717
2023-02-27,62200.0,62700.0,60700.0,61600.0,62160.0,61250.0,56230.833333333336,53636.25,214313
2023-02-28,61700.0,63500.0,61300.0,61800.0,62140.0,61300.0,56412.5,53651.25,235725
2023-03-02,61800.0,62000.0,60000.0,60900.0,62380.0,61280.0,56522.5,53650.416666666664,198054
2023-03-03,61100.0,61700.0,59800.0,60400.0,61540.0,61200.0,56669.166666666664,53653.75,185452
2023-03-06,60900.0,62200.0,60400.0,61200.0,61180.0,61080.0,56875.0,53673.75,168153
2023-03-07,60800.0,61400.0,59900.0,60000.0,60860.0,60900.0,57084.166666666664,53661.25,171632
2023-03-08,59600.0,59800.0,58300.0,58800.0,60260.0,60770.0,57199.166666666664,53630.416666666664,194007
2023-03-09,59000.0,59400.0,57600.0,57700.0,59620.0,60635.0,57327.5,53597.083333333336,220436
2023-03-10,56800.0,57100.0,55300.0,55900.0,58720.0,60410.0,57409.166666666664,53554.583333333336,257768
2023-03-13,56400.0,56900.0,55000.0,55900.0,57660.0,60115.0,57500.833333333336,53514.583333333336,171775
2023-03-14,54700.0,58000.0,54600.0,56900.0,57040.0,60010.0,57582.5,53497.083333333336,315053
2023-03-15,57100.0,57600.0,55500.0,56300.0,56540.0,59790.0,57682.5,53468.75,185800
2023-03-16,56700.0,58000.0,55200.0,57100.0,56420.0,59815.0,57795.833333333336,53457.916666666664,182978
2023-03-17,57900.0,59300.0,56900.0,58900.0,57020.0,59690.0,57925.833333333336,53480.416666666664,210284
2023-03-20,58800.0,59500.0,58200.0,58700.0,57580.0,59665.0,58080.833333333336,53509.583333333336,105333
2023-03-21,62900.0,66100.0,61600.0,62400.0,58680.0,59685.0,58292.5,53575.416666666664,1172154
2023-03-22,63000.0,65400.0,62600.0,65000.0,60420.0,59840.0,58510.833333333336,53662.083333333336,452628
2023-03-23,65000.0,65600.0,63600.0,64400.0,61880.0,60075.0,58755.0,53756.25,259719
2023-03-24,63800.0,64900.0,63400.0,64000.0,62900.0,60045.0,58956.666666666664,53843.75,189512
2023-03-27,64300.0,64500.0,62300.0,63900.0,63940.0,60090.0,59155.0,53948.75,189399
2023-03-28,64300.0,65600.0,63400.0,65200.0,64500.0,60270.0,59386.666666666664,54045.416666666664,221811
2023-03-29,65200.0,66700.0,64500.0,65300.0,64560.0,60445.0,59468.333333333336,54166.25,220148
2023-03-30,64800.0,65000.0,63300.0,64300.0,64540.0,60615.0,59608.333333333336,54277.916666666664,171775
2023-03-31,65000.0,67000.0,64200.0,66300.0,65000.0,60910.0,59800.0,54412.083333333336,252751
2023-04-03,65600.0,66300.0,64400.0,65600.0,65340.0,61130.0,60006.666666666664,54552.916666666664,199516
2023-04-04,65700.0,70200.0,65400.0,69800.0,66260.0,61620.0,60301.666666666664,54765.0,453137
2023-04-05,69800.0,70500.0,69000.0,69600.0,67120.0,62160.0,60600.0,54984.166666666664,225828
2023-04-06,70000.0,72500.0,69400.0,70300.0,68320.0,62790.0,60881.666666666664,55190.833333333336,366444
2023-04-07,70600.0,72700.0,69900.0,72100.0,69480.0,63600.0,61183.333333333336,55422.5,246914
2023-04-10,71800.0,73300.0,70900.0,71400.0,70640.0,64375.0,61463.333333333336,55627.083333333336,214897
2023-04-11,71400.0,72000.0,70300.0,70900.0,70860.0,65075.0,61691.666666666664,55835.0,163473
2023-04-12,70200.0,71700.0,70200.0,70400.0,71020.0,65780.0,61903.333333333336,56050.0,132037
2023-04-13,69900.0,71800.0,69400.0,71700.0,71300.0,66510.0,62111.666666666664,56271.666666666664,246541
2023-04-14,71500.0,72500.0,69900.0,70500.0,70980.0,67090.0,62321.666666666664,56483.333333333336,215172
2023-04-17,70200.0,71800.0,69700.0,70900.0,70880.0,67700.0,62546.666666666664,56701.25,169806
2023-04-18,69900.0,71000.0,68500.0,69000.0,70500.0,68030.0,62741.666666666664,56926.666666666664,201910
2023-04-19,69100.0,69700.0,67300.0,68000.0,70020.0,68180.0,62925.0,57122.916666666664,163557
2023-04-20,68200.0,68600.0,65100.0,66400.0,68960.0,68280.0,63065.0,57311.25,319102
2023-04-21,66500.0,67300.0,65000.0,66200.0,68100.0,68390.0,63153.333333333336,57491.25,170497
2023-04-24,66000.0,66900.0,64100.0,65900.0,67100.0,68490.0,63250.0,57661.666666666664,151053
2023-04-25,66000.0,66900.0,64200.0,64500.0,66200.0,68455.0,63325.0,57802.916666666664,164289
2023-04-26,64100.0,66300.0,63800.0,64500.0,65500.0,68415.0,63386.666666666664,57965.416666666664,126249
2023-04-27,64100.0,65300.0,63400.0,64400.0,65100.0,68420.0,63438.333333333336,58115.416666666664,140231
2023-04-28,64400.0,66400.0,64400.0,64800.0,64820.0,68345.0,63485.0,58266.666666666664,209167
2023-05-02,64400.0,66900.0,62800.0,66100.0,64860.0,68370.0,63526.666666666664,58418.75,155839
2023-05-03,65200.0,67300.0,65200.0,66200.0,65200.0,68190.0,63570.0,58573.75,108076
2023-05-04,65500.0,68400.0,65400.0,68000.0,65900.0,68110.0,63680.0,58738.75,205976
2023-05-08,67300.0,69100.0,67200.0,67600.0,66540.0,67975.0,63800.0,58880.416666666664,167173
2023-05-09,67300.0,69000.0,67100.0,67100.0,67000.0,67725.0,63911.666666666664,59035.833333333336,80922
2023-05-10,67100.0,67600.0,66100.0,66700.0,67120.0,67490.0,63993.333333333336,59155.0,99205
2023-05-11,66500.0,67400.0,64800.0,65000.0,66880.0,67195.0,64093.333333333336,59272.5,178181
2023-05-12,64100.0,64500.0,56100.0,58200.0,64920.0,66585.0,64051.666666666664,59312.5,890007
2023-05-15,57600.0,59800.0,57500.0,58300.0,63060.0,65915.0,64080.0,59365.833333333336,191905
2023-05-16,57800.0,58500.0,56900.0,57300.0,61100.0,65255.0,64011.666666666664,59411.666666666664,190776
2023-05-17,57100.0,58400.0,56400.0,57800.0,59320.0,64600.0,63988.333333333336,59487.5,138181
2023-05-18,57600.0,58500.0,57400.0,58100.0,57940.0,64055.0,63923.333333333336,59555.0,127068
2023-05-19,58100.0,59600.0,58100.0,58600.0,58020.0,63585.0,63868.333333333336,59613.333333333336,183517
2023-05-22,59100.0,60700.0,58600.0,60000.0,58360.0,63265.0,63873.333333333336,59697.916666666664,220660
2023-05-23,60700.0,60700.0,59600.0,59700.0,58840.0,62940.0,63791.666666666664,59790.833333333336,85483
2023-05-24,59000.0,59200.0,57800.0,59000.0,59080.0,62595.0,63725.0,59872.5,137668
2023-05-25,58000.0,59400.0,57700.0,58100.0,59080.0,62275.0,63666.666666666664,59948.75,125405
2023-05-26,57600.0,58000.0,56500.0,56700.0,58700.0,61885.0,63581.666666666664,59997.083333333336,165306
2023-05-30,57000.0,57400.0,56000.0,56600.0,58020.0,61495.0,63510.0,60016.25,179713
2023-05-31,56300.0,57100.0,55900.0,55900.0,57260.0,61050.0,63435.0,60052.083333333336,368813
2023-06-01,56500.0,56800.0,55200.0,55300.0,56520.0,60510.0,63336.666666666664,60105.833333333336,144824
2023-06-02,55600.0,56200.0,55400.0,56000.0,56100.0,60000.0,63270.0,60177.083333333336,89317
2023-06-05,56200.0,57000.0,56000.0,56500.0,56060.0,59425.0,63231.666666666664,60215.416666666664,82442
2023-06-07,57300.0,57300.0,55900.0,56000.0,55940.0,58845.0,63203.333333333336,60265.416666666664,112950
2023-06-08,56200.0,57500.0,55700.0,57000.0,56160.0,58340.0,63221.666666666664,60315.416666666664,231148
2023-06-09,57500.0,57500.0,55400.0,55900.0,56280.0,57800.0,63221.666666666664,60361.25,207620
2023-06-12,56000.0,57100.0,55800.0,56300.0,56340.0,57365.0,63211.666666666664,60397.083333333336,111040
2023-06-13,56600.0,57200.0,56000.0,56300.0,56300.0,57270.0,63211.666666666664,60447.083333333336,122667
2023-06-14,56100.0,56500.0,55000.0,55500.0,56200.0,57130.0,63185.0,60490.416666666664,166643
2023-06-15,55500.0,56000.0,53700.0,54000.0,55600.0,56965.0,63103.333333333336,60514.583333333336,258637
2023-06-16,54100.0,55700.0,54100.0,54600.0,55340.0,56805.0,63035.0,60557.916666666664,315024
2023-06-19,54500.0,54800.0,53000.0,53500.0,54780.0,56575.0,62886.666666666664,60589.583333333336,158222
2023-06-20,53000.0,54300.0,53000.0,53700.0,54260.0,56330.0,62698.333333333336,60604.583333333336,97066
2023-06-21,53800.0,54000.0,52100.0,52500.0,53660.0,55955.0,62500.0,60627.5,143478
2023-06-22,52500.0,53200.0,52000.0,52500.0,53360.0,55595.0,62308.333333333336,60632.5,99788
2023-06-23,51900.0,52400.0,51700.0,51900.0,52820.0,55240.0,62108.333333333336,60631.666666666664,119840
2023-06-26,51600.0,52700.0,51300.0,51700.0,52460.0,54920.0,61883.333333333336,60635.0,93212
2023-06-27,51500.0,51900.0,50900.0,51600.0,52040.0,54665.0,61655.0,60561.666666666664,111502
2023-06-28,51800.0,52000.0,49800.0,50900.0,51720.0,54380.0,61431.666666666664,60520.0,173804
2023-06-29,50600.0,50600.0,49200.0,49200.0,51060.0,54045.0,61146.666666666664,60473.333333333336,216242
2023-06-30,49750.0,49950.0,48750.0,49100.0,50500.0,53735.0,60871.666666666664,60439.166666666664,139711
2023-07-03,49600.0,50600.0,49500.0,49950.0,50150.0,53432.5,60540.833333333336,60421.25,139472
2023-07-04,49500.0,49500.0,47700.0,48250.0,49480.0,53020.0,60185.0,60392.5,242022
2023-07-05,47900.0,48750.0,47300.0,47300.0,48760.0,52585.0,59801.666666666664,60341.666666666664,169358
2023-07-06,47400.0,47450.0,46150.0,46450.0,48210.0,52057.5,59374.166666666664,60278.75,207420
2023-07-07,45800.0,45800.0,44300.0,44900.0,47370.0,51507.5,58932.5,60197.916666666664,257349
2023-07-10,44950.0,45550.0,44150.0,44200.0,46220.0,50902.5,58487.5,60089.583333333336,178559
2023-07-11,44450.0,46400.0,44350.0,45850.0,45740.0,50380.0,58078.333333333336,59990.833333333336,211034
2023-07-12,46200.0,46300.0,45300.0,46200.0,45520.0,49915.0,57653.333333333336,59882.5,125267
2023-07-13,46650.0,49000.0,46500.0,47850.0,45800.0,49607.5,57275.833333333336,59798.75,370736
2023-07-14,47850.0,48700.0,47300.0,48650.0,46550.0,49310.0,56905.0,59725.833333333336,171023
2023-07-17,48150.0,49650.0,47650.0,49500.0,47610.0,49110.0,56580.0,59660.833333333336,162081
2023-07-18,49900.0,50100.0,48900.0,49750.0,48390.0,48912.5,56275.833333333336,59600.416666666664,142150
2023-07-19,50000.0,50300.0,48300.0,48700.0,48890.0,48722.5,55980.833333333336,59522.916666666664,121185
2023-07-20,47950.0,49050.0,47850.0,48050.0,48930.0,48500.0,55678.333333333336,59415.833333333336,140865
2023-07-21,47700.0,48650.0,47500.0,48400.0,48880.0,48325.0,55386.666666666664,59318.333333333336,125520
2023-07-24,47900.0,47950.0,46650.0,47150.0,48410.0,48097.5,55097.5,59211.25,150982
2023-07-25,47150.0,47250.0,45700.0,45750.0,47610.0,47805.0,54785.0,59085.833333333336,127311
2023-07-26,45600.0,46100.0,43850.0,44750.0,46820.0,47497.5,54457.5,58947.916666666664,245876
2023-07-27,44800.0,49700.0,44800.0,49300.0,47070.0,47502.5,54199.166666666664,58842.083333333336,337503
2023-07-28,48800.0,48950.0,46300.0,48300.0,47050.0,47462.5,53902.5,58714.583333333336,246236
2023-07-31,49050.0,50300.0,48200.0,49200.0,47460.0,47425.0,53619.166666666664,58594.583333333336,181608
2023-08-01,49350.0,51400.0,49300.0,51400.0,48590.0,47582.5,53342.5,58511.25,211180
2023-08-02,51200.0,51200.0,49200.0,49700.0,49580.0,47702.5,53044.166666666664,58422.083333333336,190719
2023-08-03,49200.0,49650.0,48500.0,48650.0,49450.0,47812.5,52736.666666666664,58324.166666666664,148619
2023-08-04,48750.0,49800.0,48100.0,48500.0,49490.0,47992.5,52433.333333333336,58213.333333333336,100359
2023-08-07,48500.0,50200.0,48200.0,49000.0,49450.0,48232.5,52166.666666666664,58130.0,120426
2023-08-08,49550.0,49800.0,47200.0,47550.0,48680.0,48317.5,51989.166666666664,58020.416666666664,166622
2023-08-09,47550.0,50700.0,47350.0,49900.0,48720.0,48502.5,51849.166666666664,57964.583333333336,206728
2023-08-10,49450.0,49950.0,48200.0,48400.0,48670.0,48530.0,51700.833333333336,57856.25,258086
2023-08-11,49050.0,50300.0,48850.0,49600.0,48890.0,48577.5,51564.166666666664,57776.25,197317
2023-08-14,49650.0,49650.0,46300.0,46550.0,48400.0,48430.0,51371.666666666664,57647.5,268369
2023-08-16,46650.0,47700.0,46450.0,46650.0,48220.0,48275.0,51172.5,57520.416666666664,114414
2023-08-17,46650.0,46700.0,43900.0,44100.0,47060.0,48045.0,50907.5,57390.416666666664,295373
2023-08-18,43650.0,44150.0,43150.0,44100.0,46200.0,47847.5,50647.5,57219.583333333336,138739
2023-08-21,43500.0,44450.0,43150.0,43150.0,44910.0,47585.0,50383.333333333336,57054.166666666664,164002
2023-08-22,43250.0,43600.0,42500.0,42900.0,44180.0,47372.5,50130.0,56898.333333333336,150872
2023-08-23,42400.0,42950.0,42050.0,42250.0,43300.0,47197.5,49889.166666666664,56735.416666666664,148081
2023-08-24,42300.0,43200.0,42250.0,42750.0,43030.0,47097.5,49658.333333333336,56584.166666666664,155714
2023-08-25,42150.0,43050.0,42100.0,42550.0,42720.0,46760.0,49435.833333333336,56435.416666666664,112255
2023-08-28,43000.0,43100.0,42250.0,42900.0,42670.0,46490.0,49229.166666666664,56282.916666666664,157619
2023-08-29,42950.0,44050.0,42900.0,43350.0,42760.0,46197.5,49018.333333333336,56144.166666666664,129782
2023-08-30,43800.0,44300.0,43350.0,43750.0,43060.0,45815.0,48805.833333333336,56018.75,108479
2023-08-31,43600.0,43900.0,42700.0,42850.0,43080.0,45472.5,48586.666666666664,55895.0,156715
2023-09-01,42550.0,44400.0,42550.0,43250.0,43220.0,45202.5,48357.5,55789.583333333336,166419
2023-09-04,43150.0,44250.0,43150.0,43800.0,43400.0,44967.5,48155.833333333336,55688.75,133163
2023-09-05,43400.0,44200.0,43250.0,43300.0,43390.0,44682.5,47939.166666666664,55575.416666666664,97019
2023-09-06,43350.0,43500.0,42400.0,43000.0,43240.0,44455.0,47717.5,55464.583333333336,149323
2023-09-07,43500.0,45200.0,42950.0,43100.0,43290.0,44115.0,47510.833333333336,55347.916666666664,240700
2023-09-08,43100.0,43850.0,42200.0,42500.0,43140.0,43820.0,47319.166666666664,55211.25,201073
2023-09-11,44100.0,48000.0,43850.0,46250.0,43630.0,43652.5,47180.0,55107.5,928988
2023-09-12,46700.0,54000.0,46450.0,52900.0,45550.0,43970.0,47170.0,55028.333333333336,1690432
2023-09-13,51300.0,52000.0,46250.0,46550.0,46260.0,43965.0,47050.833333333336,54874.583333333336,977943
2023-09-14,46650.0,46700.0,44950.0,46150.0,46870.0,44067.5,46945.0,54722.5,607136
2023-09-15,46150.0,47700.0,46100.0,47350.0,47840.0,44230.0,46859.166666666664,54583.75,388568
2023-09-18,46900.0,48100.0,46900.0,47400.0,48070.0,44442.5,46784.166666666664,54446.25,226030
2023-09-19,47450.0,47450.0,45650.0,45850.0,46660.0,44590.0,46686.666666666664,54285.0,226561
2023-09-20,46100.0,46400.0,44900.0,45250.0,46400.0,44740.0,46580.833333333336,54117.916666666664,189031
2023-09-21,45100.0,45100.0,43550.0,43600.0,45890.0,44782.5,46459.166666666664,53945.416666666664,263360
2023-09-22,43000.0,43400.0,42550.0,42550.0,44930.0,44782.5,46348.333333333336,53747.5,185010
2023-09-25,42750.0,43950.0,42500.0,42700.0,43990.0,44772.5,46241.666666666664,53556.666666666664,185101
2023-09-26,42750.0,42900.0,41650.0,42400.0,43300.0,44725.0,46115.833333333336,53328.333333333336,241850
2023-09-27,41800.0,42300.0,41550.0,42100.0,42670.0,44642.5,46013.333333333336,53099.166666666664,155841
2023-10-04,41550.0,42000.0,40200.0,40550.0,42060.0,44527.5,45900.833333333336,52851.25,408149
2023-10-05,41000.0,41250.0,40100.0,40850.0,41720.0,44407.5,45807.5,52590.833333333336,165848
2023-10-06,40750.0,41950.0,40700.0,41350.0,41450.0,44285.0,45748.333333333336,52340.416666666664,155070
2023-10-10,42450.0,42700.0,41300.0,41650.0,41300.0,44202.5,45705.833333333336,52096.666666666664,182032
2023-10-11,41800.0,42250.0,41200.0,41900.0,41260.0,44147.5,45640.0,51859.166666666664,185200
2023-10-12,42500.0,42500.0,41500.0,41800.0,41510.0,44082.5,45566.666666666664,51610.0,200227
2023-10-13,41300.0,42300.0,40950.0,42200.0,41780.0,44067.5,45472.5,51374.166666666664,182072
2023-10-16,41950.0,41950.0,40150.0,40750.0,41660.0,43792.5,45340.833333333336,51122.916666666664,288330
2023-10-17,41250.0,41900.0,40850.0,41700.0,41670.0,43232.5,45210.833333333336,50895.416666666664,196337
2023-10-18,41600.0,42500.0,40600.0,41050.0,41500.0,42957.5,45065.833333333336,50670.833333333336,211075
2023-10-19,40650.0,40750.0,38500.0,38650.0,40870.0,42582.5,44898.333333333336,50439.583333333336,497172
2023-10-20,38300.0,38900.0,37350.0,37500.0,39930.0,42090.0,44722.5,50200.416666666664,258592
2023-10-23,37050.0,38000.0,37000.0,37450.0,39270.0,41592.5,44540.0,49963.333333333336,203960
2023-10-24,37900.0,38250.0,36750.0,38250.0,38580.0,41212.5,44391.666666666664,49744.583333333336,221128
2023-10-25,38150.0,38600.0,37800.0,38250.0,38020.0,40862.5,44266.666666666664,49525.833333333336,153231
2023-10-26,37900.0,37900.0,36850.0,37200.0,37730.0,40542.5,44140.833333333336,49299.166666666664,226572
2023-10-27,37550.0,38700.0,37400.0,38000.0,37830.0,40315.0,43952.5,49075.833333333336,179197
2023-10-30,37650.0,38450.0,37600.0,38350.0,38010.0,40097.5,43786.666666666664,48844.583333333336,113608
2023-10-31,38950.0,39350.0,38150.0,38600.0,38080.0,39907.5,43610.0,48614.583333333336,136675
2023-11-01,38800.0,38900.0,38400.0,38800.0,38190.0,39742.5,43400.0,48371.25,112792
2023-11-02,39300.0,39350.0,37800.0,38450.0,38440.0,39637.5,43212.5,48128.333333333336,259673
2023-11-03,38800.0,41100.0,38800.0,41100.0,39060.0,39650.0,43086.666666666664,47911.666666666664,334766
2023-11-06,42350.0,45450.0,42150.0,45450.0,40480.0,39855.0,43035.833333333336,47734.583333333336,474400
2023-11-07,46000.0,46950.0,43050.0,44650.0,41690.0,40005.0,42963.333333333336,47565.0,338146
2023-11-08,45950.0,47350.0,45200.0,47200.0,43370.0,40270.0,42957.5,47473.333333333336,403255
2023-11-09,45900.0,48000.0,44550.0,46900.0,45060.0,40525.0,42907.5,47378.333333333336,276891
2023-11-10,46200.0,47400.0,45700.0,47000.0,46240.0,40765.0,42884.166666666664,47292.5,149876
2023-11-13,47000.0,47400.0,45800.0,46750.0,46500.0,41065.0,42836.666666666664,47200.416666666664,124076
2023-11-14,47200.0,48250.0,46850.0,48200.0,47210.0,41390.0,42864.166666666664,47117.916666666664,187832
2023-11-15,49550.0,52300.0,49550.0,52200.0,48210.0,41947.5,42956.666666666664,47064.583333333336,639952
2023-11-16,51700.0,52600.0,50600.0,51100.0,49050.0,42570.0,43073.333333333336,46990.416666666664,220757
2023-11-17,51300.0,51800.0,47700.0,47950.0,49240.0,43092.5,43137.5,46892.5,215733
2023-11-20,48050.0,51100.0,47750.0,50000.0,49890.0,43720.0,43251.666666666664,46817.5,198918
2023-11-21,50200.0,52900.0,49650.0,52600.0,50770.0,44437.5,43413.333333333336,46771.666666666664,193375
2023-11-22,51700.0,53500.0,51100.0,52700.0,50870.0,45160.0,43587.5,46738.333333333336,110455
2023-11-23,52900.0,54700.0,52200.0,54300.0,51510.0,46015.0,43780.0,46719.166666666664,198912
2023-11-24,54300.0,55700.0,53500.0,55500.0,53020.0,46890.0,43995.833333333336,46715.833333333336,184156
2023-11-27,55700.0,57600.0,55600.0,57600.0,54540.0,47852.5,44240.833333333336,46735.0,277710
2023-11-28,58100.0,59900.0,56900.0,59800.0,55980.0,48912.5,44515.0,46766.666666666664,244817
2023-11-29,59000.0,59800.0,57300.0,58900.0,57220.0,49917.5,44767.5,46786.666666666664,222995
2023-11-30,58900.0,60000.0,57300.0,59400.0,58240.0,50965.0,45043.333333333336,46815.0,485236
2023-12-01,58500.0,59800.0,57000.0,57100.0,58560.0,51765.0,45274.166666666664,46815.833333333336,124434
2023-12-04,58300.0,58700.0,56900.0,57000.0,58440.0,52342.5,45494.166666666664,46825.0,148989
2023-12-05,56400.0,57500.0,55200.0,56300.0,57740.0,52925.0,45710.833333333336,46825.0,143900
2023-12-06,56000.0,56300.0,54200.0,55600.0,57080.0,53345.0,45920.833333333336,46819.166666666664,131238
2023-12-07,55200.0,59400.0,55100.0,58800.0,56960.0,53940.0,46182.5,46846.666666666664,222009
2023-12-08,59200.0,59500.0,57600.0,59400.0,57420.0,54560.0,46464.166666666664,46891.666666666664,152981
2023-12-11,59700.0,60200.0,57600.0,58600.0,57740.0,55152.5,46670.0,46925.0,127000
2023-12-12,59400.0,59500.0,56500.0,56900.0,57860.0,55587.5,46736.666666666664,46953.333333333336,161366
2023-12-13,56600.0,57100.0,55800.0,56100.0,57960.0,55782.5,46895.833333333336,46973.333333333336,88708
2023-12-14,58200.0,58200.0,53600.0,54700.0,57140.0,55962.5,47038.333333333336,46991.666666666664,851187
2023-12-15,55000.0,55300.0,52500.0,54400.0,56140.0,56285.0,47155.833333333336,47007.5,220531
2023-12-18,54400.0,56500.0,54300.0,55000.0,55420.0,56535.0,47282.5,47033.333333333336,115657
2023-12-19,54600.0,55600.0,54500.0,54900.0,55020.0,56650.0,47433.333333333336,47060.0,51069
2023-12-20,55800.0,59600.0,55000.0,59400.0,55680.0,56985.0,47669.166666666664,47125.0,249103
2023-12-21,58500.0,60500.0,57500.0,59400.0,56620.0,57240.0,47932.5,47195.833333333336,194435
2023-12-22,59500.0,60100.0,55800.0,56100.0,56960.0,57270.0,48158.333333333336,47253.333333333336,143820
2023-12-26,56100.0,57500.0,55600.0,56700.0,57300.0,57225.0,48391.666666666664,47316.666666666664,139618
2023-12-27,57900.0,57900.0,55800.0,57600.0,57840.0,57115.0,48645.0,47380.416666666664,83088
2023-12-28,58000.0,58100.0,56300.0,58100.0,57580.0,57075.0,48911.666666666664,47462.5,87250
2024-01-02,57200.0,58600.0,56600.0,58000.0,57300.0,57005.0,49202.5,47551.666666666664,93555
2024-01-03,57600.0,58600.0,56800.0,56900.0,57460.0,56995.0,49470.0,47638.75,98689
2024-01-04,56700.0,56700.0,54200.0,55000.0,57120.0,56895.0,49697.5,47722.916666666664,91023
2024-01-05,54700.0,56400.0,54200.0,55500.0,56700.0,56855.0,49928.333333333336,47817.083333333336,51198
2024-01-08,56200.0,58400.0,55600.0,57800.0,56640.0,56965.0,50193.333333333336,47916.666666666664,87635
2024-01-09,59000.0,59300.0,57800.0,58400.0,56720.0,56945.0,50470.0,48018.333333333336,72977
2024-01-10,58300.0,59200.0,57800.0,58500.0,57040.0,56900.0,50741.666666666664,48107.083333333336,55563
2024-01-11,59300.0,60200.0,58600.0,58900.0,57820.0,56915.0,51044.166666666664,48192.5,116574
2024-01-12,59000.0,59000.0,57600.0,58100.0,58340.0,56975.0,51317.5,48264.166666666664,49846
2024-01-15,58200.0,58600.0,57600.0,58000.0,58380.0,57070.0,51600.0,48332.916666666664,5675
2024-01-16,57300.0,58300.0,56000.0,56000.0,57900.0,57135.0,51889.166666666664,48393.75,67541
2024-01-17,56000.0,56900.0,54700.0,55000.0,57200.0,57165.0,52180.833333333336,48451.666666666664,68814
2024-01-18,55300.0,56800.0,54500.0,56000.0,56620.0,57215.0,52490.0,48515.0,75367
2024-01-19,56000.0,57200.0,55700.0,55900.0,56180.0,57265.0,52784.166666666664,48587.916666666664,49307
2024-01-22,56500.0,57600.0,55200.0,55500.0,55680.0,57070.0,53071.666666666664,48669.166666666664,73936
2024-01-23,56300.0,57400.0,55000.0,57100.0,55900.0,56955.0,53403.333333333336,48772.083333333336,115573
2024-01-24,58300.0,58300.0,56200.0,57200.0,56340.0,57010.0,53723.333333333336,48837.916666666664,63672
2024-01-25,57900.0,57900.0,54500.0,55400.0,56220.0,56945.0,54007.5,48897.083333333336,88030
2024-01-26,54900.0,57000.0,54900.0,55700.0,56180.0,56850.0,54292.5,48951.25,50695
2024-01-29,55700.0,62200.0,55700.0,58200.0,56720.0,56855.0,54615.833333333336,49007.916666666664,348355
2024-01-30,58200.0,62300.0,56400.0,61700.0,57640.0,57040.0,55003.333333333336,49107.916666666664,282700
2024-01-31,61900.0,62000.0,57400.0,58300.0,57860.0,57110.0,55290.0,49188.333333333336,179344
2024-02-01,57000.0,58300.0,55900.0,56500.0,58080.0,57185.0,55474.166666666664,49255.0,149517
2024-02-02,56600.0,61000.0,56600.0,60200.0,58980.0,57420.0,55733.333333333336,49348.333333333336,184870
2024-02-05,59900.0,61200.0,58600.0,59800.0,59300.0,57520.0,55943.333333333336,49450.416666666664,99495
2024-02-06,60900.0,61500.0,59000.0,60400.0,59040.0,57620.0,56168.333333333336,49537.916666666664,125160
2024-02-07,60800.0,61900.0,60300.0,61000.0,59580.0,57745.0,56401.666666666664,49642.916666666664,106010
2024-02-08,61700.0,63700.0,61200.0,62900.0,60860.0,57945.0,56670.833333333336,49753.75,221675
2024-02-13,63700.0,65100.0,61900.0,62200.0,61260.0,58150.0,56904.166666666664,49884.166666666664,165485
2024-02-14,61100.0,63300.0,60500.0,62500.0,61800.0,58375.0,57075.833333333336,50016.25,98828
2024-02-15,63800.0,64400.0,63100.0,64000.0,62520.0,58775.0,57290.833333333336,50182.083333333336,90228
2024-02-16,64300.0,65000.0,63900.0,64700.0,63260.0,59260.0,57570.0,50353.75,93266
2024-02-19,65000.0,66200.0,64100.0,64600.0,63600.0,59690.0,57813.333333333336,50532.5,89041
2024-02-20,64300.0,64900.0,62500.0,62600.0,63680.0,60025.0,57980.0,50696.666666666664,64550
2024-02-21,63100.0,64600.0,62600.0,63500.0,63880.0,60425.0,58160.0,50873.75,41803
2024-02-22,64600.0,64600.0,62700.0,62800.0,63640.0,60710.0,58301.666666666664,51040.833333333336,48066
2024-02-23,63000.0,64400.0,62500.0,63000.0,63300.0,61000.0,58426.666666666664,51211.25,49292
2024-02-26,63500.0,65500.0,63100.0,65200.0,63420.0,61490.0,58553.333333333336,51397.083333333336,94745
2024-02-27,64800.0,67000.0,64500.0,66800.0,64260.0,62045.0,58670.0,51592.5,130187
2024-02-28,66900.0,67500.0,63900.0,65200.0,64600.0,62395.0,58775.0,51771.25,80237
2024-02-29,64600.0,65900.0,59500.0,61700.0,64380.0,62395.0,58813.333333333336,51928.333333333336,251855
2024-03-04,61700.0,62100.0,58800.0,59000.0,63580.0,62430.0,58845.0,52059.583333333336,82683
2024-03-05,58400.0,59500.0,57600.0,57800.0,62100.0,62495.0,58858.333333333336,52176.25,88229
2024-03-06,57700.0,58200.0,56300.0,57000.0,60140.0,62335.0,58870.0,52290.416666666664,66662
2024-03-07,57200.0,57700.0,56300.0,56600.0,58420.0,62175.0,58886.666666666664,52403.75,44155
2024-03-08,57200.0,58500.0,57200.0,57700.0,57620.0,62040.0,58868.333333333336,52525.416666666664,54207
2024-03-11,57900.0,59700.0,57600.0,59200.0,57660.0,61950.0,58865.0,52664.583333333336,58383
2024-03-12,59500.0,59800.0,58200.0,58900.0,57880.0,61750.0,58870.0,52770.0,36405
2024-03-13,59400.0,60000.0,58700.0,59300.0,58340.0,61605.0,58910.0,52823.333333333336,56666
2024-03-14,59800.0,61600.0,58600.0,60800.0,59180.0,61520.0,58988.333333333336,52942.083333333336,231418
2024-03-15,60100.0,60200.0,57000.0,59100.0,59460.0,61275.0,59061.666666666664,53050.0,249032
2024-03-18,59200.0,60400.0,57900.0,60300.0,59680.0,61055.0,59160.0,53157.916666666664,84249
2024-03-19,59500.0,59700.0,56800.0,57500.0,59400.0,60700.0,59201.666666666664,53242.083333333336,100683
2024-03-20,57900.0,58800.0,57100.0,57300.0,59000.0,60435.0,59241.666666666664,53337.5,47665
2024-03-21,57800.0,59200.0,57800.0,59000.0,58640.0,60210.0,59235.0,53452.083333333336,71609
2024-03-22,58300.0,59500.0,58100.0,58700.0,58560.0,60005.0,59223.333333333336,53577.916666666664,54338
2024-03-25,59500.0,64300.0,58800.0,62700.0,59040.0,59990.0,59333.333333333336,53745.833333333336,195842
2024-03-26,62800.0,65900.0,62700.0,65200.0,60580.0,59990.0,59475.0,53933.333333333336,174225
2024-03-27,65200.0,66200.0,63400.0,65000.0,62120.0,59900.0,59598.333333333336,54121.666666666664,103225
2024-03-28,64300.0,65500.0,63000.0,63100.0,62940.0,59795.0,59681.666666666664,54296.666666666664,71688
2024-03-29,63200.0,63800.0,61200.0,62100.0,63620.0,59815.0,59750.0,54476.25,76840
2024-04-01,62700.0,65600.0,62200.0,64000.0,63880.0,60065.0,59868.333333333336,54669.166666666664,99482
2024-04-02,63400.0,63400.0,61600.0,61600.0,63160.0,60255.0,59978.333333333336,54837.916666666664,78263
2024-04-03,61600.0,61700.0,60200.0,60300.0,62220.0,60420.0,60058.333333333336,54993.333333333336,58664
2024-04-04,61200.0,61700.0,59500.0,59800.0,61560.0,60580.0,60091.666666666664,55142.5,55592
2024-04-05,59000.0,59400.0,57300.0,57700.0,60680.0,60580.0,60080.0,55275.0,113893
2024-04-08,57400.0,59400.0,57100.0,58500.0,59580.0,60545.0,60080.0,55410.833333333336,61521
2024-04-09,58500.0,60700.0,58200.0,59400.0,59140.0,60570.0,60088.333333333336,55566.25,72811
2024-04-11,58000.0,59100.0,56500.0,57000.0,58480.0,60455.0,60070.0,55693.75,149461
2024-04-12,57200.0,57900.0,56700.0,56800.0,57880.0,60255.0,60050.0,55825.0,75012
2024-04-15,56600.0,56600.0,55500.0,55600.0,57460.0,60080.0,60043.333333333336,55966.25,60131
2024-04-16,54900.0,55400.0,53000.0,54900.0,56740.0,59810.0,60041.666666666664,56111.25,91524
2024-04-17,55800.0,56900.0,54500.0,54500.0,55760.0,59660.0,60016.666666666664,56253.333333333336,71055
2024-04-18,54700.0,57500.0,54700.0,56100.0,55580.0,59600.0,60020.0,56402.083333333336,83932
2024-04-19,55100.0,57900.0,54300.0,57000.0,55620.0,59500.0,60045.0,56558.333333333336,110663
2024-04-22,57900.0,59100.0,57500.0,58600.0,56220.0,59495.0,60070.0,56736.666666666664,62585
2024-04-23,58000.0,58700.0,55500.0,55500.0,56340.0,59135.0,60041.666666666664,56882.5,142359
2024-04-24,56000.0,57900.0,55600.0,56900.0,56820.0,58720.0,60066.666666666664,57037.083333333336,133918
2024-04-25,55600.0,56000.0,52100.0,53100.0,56220.0,58125.0,60023.333333333336,57157.916666666664,373308
2024-04-26,53200.0,54800.0,53100.0,53300.0,55480.0,57635.0,59941.666666666664,57278.75,92805
2024-04-29,54100.0,55700.0,53700.0,55500.0,54860.0,57305.0,59838.333333333336,57420.833333333336,115191
2024-04-30,55500.0,57000.0,55200.0,55900.0,54940.0,56900.0,59798.333333333336,57544.166666666664,114068
2024-05-02,55900.0,58500.0,55300.0,57300.0,55020.0,56685.0,59811.666666666664,57642.916666666664,131070
2024-05-03,57300.0,58400.0,56400.0,56600.0,55720.0,56500.0,59751.666666666664,57742.5,90837
2024-05-07,57400.0,58500.0,57200.0,58000.0,56660.0,56410.0,59721.666666666664,57832.5,145007
2024-05-08,59500.0,62600.0,58700.0,60700.0,57700.0,56560.0,59726.666666666664,57947.5,422968
2024-05-09,65900.0,65900.0,61100.0,64800.0,59480.0,56875.0,59790.0,58095.833333333336,928384
2024-05-10,68500.0,72400.0,66500.0,69400.0,61900.0,57375.0,59898.333333333336,58284.583333333336,1732775
2024-05-13,69100.0,69200.0,65000.0,65100.0,63600.0,57780.0,59946.666666666664,58425.416666666664,490495
2024-05-14,64900.0,66200.0,62400.0,62900.0,64580.0,58085.0,59953.333333333336,58514.583333333336,350594
2024-05-16,63300.0,64400.0,62700.0,63700.0,65180.0,58490.0,59948.333333333336,58619.583333333336,197210
2024-05-17,64400.0,67500.0,64300.0,65700.0,65360.0,59030.0,59965.0,58767.5,401296
2024-05-20,65400.0,67300.0,63900.0,66000.0,64680.0,59605.0,59988.333333333336,58900.833333333336,205427
2024-05-21,66100.0,68200.0,65200.0,66200.0,64900.0,60110.0,60048.333333333336,59014.166666666664,218229
2024-05-22,66800.0,67600.0,65000.0,65700.0,65460.0,60545.0,60085.0,59122.5,170782
2024-05-23,65100.0,65700.0,63900.0,64500.0,65620.0,60840.0,60113.333333333336,59207.5,150739
2024-05-24,63600.0,65000.0,63300.0,64400.0,65360.0,61285.0,60136.666666666664,59281.666666666664,108133
2024-05-27,65000.0,66900.0,64900.0,66600.0,65480.0,61770.0,60160.0,59356.666666666664,196554
2024-05-28,66600.0,66800.0,63900.0,64400.0,65120.0,62335.0,60120.0,59395.0,173785
2024-05-29,65000.0,66500.0,64700.0,66000.0,65180.0,62970.0,60133.333333333336,59454.166666666664,191671
2024-05-30,64200.0,64200.0,59500.0,60200.0,64320.0,63205.0,60108.333333333336,59460.833333333336,382597
2024-05-31,60000.0,62400.0,59300.0,60200.0,63480.0,63420.0,60128.333333333336,59486.666666666664,334188
2024-06-03,60200.0,61300.0,59200.0,60500.0,62260.0,63580.0,60173.333333333336,59515.833333333336,143420
2024-06-04,59800.0,62000.0,59600.0,61200.0,61620.0,63810.0,60243.333333333336,59556.666666666664,123483
2024-06-05,61800.0,62700.0,61000.0,61200.0,60660.0,63970.0,60320.0,59603.333333333336,98539
2024-06-07,62000.0,63300.0,60900.0,61300.0,60880.0,64000.0,60380.0,59624.166666666664,104746
2024-06-10,60600.0,60700.0,57100.0,57700.0,60380.0,63645.0,60355.0,59610.0,229436
2024-06-11,57800.0,58300.0,55800.0,56100.0,59500.0,62980.0,60308.333333333336,59589.166666666664,198984
2024-06-12,56000.0,58000.0,55700.0,57400.0,58740.0,62595.0,60276.666666666664,59593.333333333336,139424
2024-06-13,57500.0,58700.0,57200.0,58000.0,58100.0,62350.0,60230.0,59609.166666666664,256604
2024-06-14,57400.0,57400.0,55400.0,55900.0,57020.0,61960.0,60176.666666666664,59619.166666666664,315170
2024-06-17,55500.0,57100.0,55500.0,56000.0,56680.0,61475.0,60105.0,59632.5,121087
2024-06-18,56400.0,56600.0,54400.0,55400.0,56540.0,60945.0,60070.0,59635.833333333336,160569
2024-06-19,55700.0,55700.0,53600.0,54500.0,55960.0,60360.0,60023.333333333336,59632.5,229488
2024-06-20,54400.0,54700.0,53700.0,53900.0,55140.0,59770.0,59938.333333333336,59586.666666666664,113438
2024-06-21,53900.0,54900.0,53400.0,53700.0,54700.0,59230.0,59855.0,59539.166666666664,193003
2024-06-24,53800.0,54500.0,52400.0,52800.0,54060.0,58650.0,59690.0,59511.666666666664,119371
2024-06-25,53300.0,54800.0,52800.0,54300.0,53840.0,58035.0,59508.333333333336,59491.666666666664,176227
2024-06-26,54300.0,55900.0,53500.0,55400.0,54020.0,57585.0,59348.333333333336,59473.333333333336,184249
2024-06-27,54800.0,54800.0,52500.0,52900.0,53820.0,56930.0,59178.333333333336,59430.0,157964
2024-06-28,52900.0,53800.0,52500.0,53700.0,53820.0,56605.0,59038.333333333336,59394.166666666664,69209
2024-07-01,55200.0,56300.0,54700.0,55000.0,54260.0,56345.0,58888.333333333336,59378.333333333336,151925
2024-07-02,54500.0,56000.0,53700.0,55200.0,54440.0,56080.0,58781.666666666664,59380.0,143489
2024-07-03,56200.0,58200.0,55900.0,56400.0,54640.0,55840.0,58716.666666666664,59387.5,215287
2024-07-04,56500.0,56500.0,54600.0,55200.0,55100.0,55540.0,58640.0,59365.833333333336,118879
2024-07-05,55700.0,57400.0,55200.0,56400.0,55640.0,55295.0,58618.333333333336,59349.166666666664,153732
2024-07-08,56100.0,56700.0,54900.0,55700.0,55780.0,55195.0,58571.666666666664,59325.833333333336,116681
2024-07-09,55700.0,57700.0,55700.0,56800.0,56100.0,55230.0,58528.333333333336,59308.333333333336,133535
2024-07-10,56800.0,59100.0,56200.0,58200.0,56460.0,55270.0,58548.333333333336,59309.166666666664,4456433
2024-07-11,58300.0,61700.0,56600.0,61300.0,57680.0,55435.0,58623.333333333336,59336.666666666664,561190
2024-07-12,60800.0,64100.0,60800.0,63300.0,59060.0,55805.0,58751.666666666664,59397.5,373136
2024-07-15,63500.0,63600.0,61900.0,62400.0,60400.0,56125.0,58876.666666666664,59459.166666666664,150208
2024-07-16,62300.0,63300.0,60000.0,61000.0,61240.0,56405.0,58985.0,59500.833333333336,134367
2024-07-17,61300.0,61800.0,60100.0,60600.0,61720.0,56710.0,59060.0,59540.0,147776
2024-07-18,60200.0,60400.0,58800.0,60400.0,61540.0,57035.0,59116.666666666664,59580.833333333336,89353
2024-07-19,59700.0,60700.0,59300.0,60100.0,60900.0,57355.0,59141.666666666664,59605.833333333336,60908
2024-07-22,60500.0,62000.0,60100.0,61400.0,60700.0,57785.0,59240.0,59640.833333333336,108491
2024-07-23,61400.0,62000.0,57800.0,58400.0,60180.0,57990.0,59265.0,59665.833333333336,232850
2024-07-24,57500.0,62800.0,57100.0,62700.0,60600.0,58355.0,59425.0,59724.166666666664,218222
2024-07-25,62500.0,64400.0,61000.0,63500.0,61220.0,58885.0,59595.0,59768.333333333336,264700
2024-07-26,64100.0,64100.0,61600.0,62200.0,61640.0,59310.0,59706.666666666664,59772.5,100575
2024-07-29,62500.0,63700.0,60400.0,63100.0,61980.0,59715.0,59826.666666666664,59812.5,121992
2024-07-30,62200.0,64300.0,61700.0,62200.0,62740.0,60065.0,59908.333333333336,59860.0,108366
2024-07-31,62600.0,65100.0,61400.0,63300.0,62860.0,60410.0,60020.0,59885.833333333336,211349
2024-08-01,62600.0,64900.0,62000.0,63300.0,62820.0,60815.0,60108.333333333336,59915.0,113520
2024-08-02,62700.0,65000.0,62100.0,64600.0,63300.0,61225.0,60173.333333333336,59950.0,199927
2024-08-05,64600.0,64600.0,58900.0,60500.0,62780.0,61465.0,60101.666666666664,59945.833333333336,285951
2024-08-06,62200.0,65000.0,60500.0,63400.0,63020.0,61795.0,60001.666666666664,59950.0,276396
2024-08-07,62900.0,66000.0,62700.0,65500.0,63460.0,62160.0,60008.333333333336,59977.5,229320
2024-08-08,65500.0,69400.0,63800.0,69400.0,64680.0,62565.0,60116.666666666664,60035.0,497418
2024-08-09,72000.0,72100.0,61500.0,61900.0,64140.0,62495.0,60086.666666666664,60017.5,1045055
2024-08-12,61900.0,63100.0,60500.0,62300.0,64500.0,62490.0,60030.0,59997.5,266870
2024-08-13,62200.0,63700.0,61500.0,62600.0,64340.0,62570.0,59973.333333333336,59980.833333333336,236179
2024-08-14,62800.0,63600.0,61500.0,63200.0,63880.0,62700.0,59923.333333333336,59985.833333333336,192545
2024-08-16,63700.0,64200.0,58000.0,58000.0,61600.0,62580.0,59795.0,59940.0,528525
2024-08-19,58000.0,58600.0,56900.0,57100.0,60640.0,62430.0,59671.666666666664,59892.5,204456
2024-08-20,57500.0,57900.0,56900.0,57500.0,59680.0,62235.0,59556.666666666664,59846.666666666664,111408
2024-08-21,57800.0,59300.0,57400.0,59200.0,59000.0,62275.0,59433.333333333336,59796.666666666664,167402
2024-08-22,59000.0,60200.0,58900.0,60200.0,58400.0,62150.0,59363.333333333336,59741.666666666664,143327
2024-08-23,60000.0,60800.0,59500.0,60400.0,58880.0,61995.0,59270.0,59701.666666666664,98361
2024-08-26,60000.0,62200.0,59900.0,61500.0,59760.0,61960.0,59291.666666666664,59700.0,179477
2024-08-27,61500.0,61900.0,60100.0,61600.0,60580.0,61885.0,59315.0,59721.666666666664,84242
2024-08-28,61600.0,62100.0,60200.0,60900.0,60920.0,61820.0,59321.666666666664,59747.5,79372
2024-08-29,60500.0,61400.0,59600.0,61300.0,61140.0,61720.0,59323.333333333336,59783.333333333336,132205
2024-08-30,61900.0,62600.0,60400.0,60900.0,61240.0,61600.0,59318.333333333336,59819.166666666664,349212
2024-09-02,60600.0,60700.0,57600.0,58200.0,60580.0,61280.0,59266.666666666664,59823.333333333336,115745
2024-09-03,59300.0,60100.0,58400.0,59000.0,60060.0,61205.0,59288.333333333336,59821.666666666664,92950
2024-09-04,57300.0,58900.0,56600.0,57000.0,59280.0,60885.0,59303.333333333336,59805.833333333336,126346
2024-09-05,57000.0,59300.0,57000.0,58500.0,58720.0,60535.0,59321.666666666664,59799.166666666664,94648
2024-09-06,58600.0,59700.0,56700.0,57000.0,57940.0,59915.0,59305.0,59767.5,89087
2024-09-09,55700.0,57500.0,55000.0,57500.0,57800.0,59695.0,59331.666666666664,59754.166666666664,58430
2024-09-10,57800.0,58500.0,56000.0,56400.0,57280.0,59400.0,59338.333333333336,59721.666666666664,67814
2024-09-11,56300.0,59500.0,56300.0,58800.0,57640.0,59210.0,59395.0,59732.5,123255
2024-09-12,58500.0,61700.0,58500.0,61700.0,58280.0,59135.0,59515.0,59769.166666666664,204225
2024-09-13,61000.0,61000.0,59200.0,60700.0,59020.0,59270.0,59628.333333333336,59783.333333333336,79307
2024-09-19,61300.0,61400.0,60000.0,61000.0,59720.0,59465.0,59750.0,59802.5,101886
2024-09-20,61100.0,61300.0,58300.0,58600.0,60160.0,59520.0,59846.666666666664,59768.333333333336,201096
2024-09-23,58900.0,59100.0,57300.0,58300.0,60060.0,59475.0,59913.333333333336,59710.833333333336,77583
2024-09-24,58600.0,59700.0,58300.0,59700.0,59660.0,59450.0,59985.0,59666.666666666664,75698
2024-09-25,60200.0,61700.0,59700.0,60500.0,59620.0,59455.0,60111.666666666664,59645.0,140191
2024-09-26,60800.0,61300.0,59600.0,60900.0,59600.0,59425.0,60231.666666666664,59635.0,77068
2024-09-27,61000.0,62300.0,59300.0,61500.0,60180.0,59420.0,60340.0,59614.166666666664,121665
2024-09-30,62200.0,63500.0,59500.0,59500.0,60420.0,59350.0,60411.666666666664,59596.666666666664,132663
2024-10-02,59200.0,59900.0,58000.0,58600.0,60200.0,59215.0,60448.333333333336,59582.5,130346
2024-10-04,59000.0,60500.0,57800.0,59500.0,60000.0,59145.0,60520.0,59580.0,105751
2024-10-07,60000.0,61100.0,59100.0,59800.0,59780.0,59225.0,60576.666666666664,59597.5,89935
2024-10-08,59700.0,62500.0,58700.0,61300.0,59740.0,59340.0,60670.0,59620.833333333336,151684
2024-10-10,62300.0,62400.0,59200.0,59800.0,59800.0,59480.0,60720.0,59624.166666666664,169274
2024-10-11,59900.0,61400.0,59200.0,59400.0,59960.0,59525.0,60740.0,59644.166666666664,67588
2024-10-14,59100.0,59600.0,57800.0,58300.0,59720.0,59590.0,60690.0,59656.666666666664,88296
2024-10-15,58300.0,59300.0,57800.0,59000.0,59560.0,59665.0,60618.333333333336,59685.0,70144
2024-10-16,58500.0,59200.0,58100.0,59000.0,59100.0,59795.0,60561.666666666664,59719.166666666664,67896
2024-10-17,59300.0,59300.0,58100.0,58500.0,58840.0,59780.0,60520.0,59752.5,61370
2024-10-18,58800.0,59400.0,55600.0,56000.0,58160.0,59495.0,60443.333333333336,59751.666666666664,145875
2024-10-21,56500.0,60600.0,56500.0,59500.0,58400.0,59435.0,60428.333333333336,59772.5,186426
2024-10-22,59300.0,59800.0,57000.0,57800.0,58160.0,59275.0,60390.0,59765.833333333336,111960
2024-10-23,58200.0,58700.0,55200.0,56300.0,57620.0,59160.0,60305.0,59772.5,119902
2024-10-24,56100.0,56700.0,55500.0,56200.0,57160.0,59055.0,60268.333333333336,59766.666666666664,60586
2024-10-25,56300.0,57000.0,55500.0,56000.0,57160.0,58870.0,60156.666666666664,59790.833333333336,67886
2024-10-28,56200.0,57800.0,55900.0,57500.0,56760.0,58720.0,60056.666666666664,59825.833333333336,87538
2024-10-29,57500.0,57600.0,56500.0,57400.0,56680.0,58545.0,59976.666666666664,59841.666666666664,89324
2024-10-30,57500.0,58200.0,57200.0,57300.0,56880.0,58335.0,59880.0,59853.333333333336,59913
2024-10-31,56600.0,58000.0,55900.0,58000.0,57240.0,58260.0,59810.0,59859.166666666664,108237
2024-11-01,57600.0,57700.0,55300.0,55500.0,57140.0,58105.0,59680.0,59850.0,152060
2024-11-04,55800.0,56600.0,55500.0,56200.0,56880.0,57940.0,59561.666666666664,59835.0,60208
2024-11-05,55800.0,57700.0,55000.0,56600.0,56720.0,57780.0,59428.333333333336,59800.833333333336,132625
2024-11-06,56800.0,57200.0,54800.0,55500.0,56360.0,57490.0,59345.0,59723.333333333336,103448
2024-11-07,55000.0,55300.0,53600.0,54200.0,55600.0,57210.0,59191.666666666664,59596.666666666664,56108
2024-11-08,55100.0,55700.0,53100.0,53400.0,55180.0,56910.0,58990.0,59499.166666666664,91152
2024-11-11,53100.0,53100.0,50500.0,50600.0,54060.0,56525.0,58676.666666666664,59396.666666666664,110112
2024-11-12,49950.0,51800.0,49200.0,50400.0,52820.0,56095.0,58485.0,59285.833333333336,96475
2024-11-13,50000.0,51000.0,49200.0,49600.0,51640.0,55625.0,58273.333333333336,59151.666666666664,80755
2024-11-14,50100.0,51500.0,47950.0,48250.0,50450.0,55112.5,58034.166666666664,59003.75,134751
2024-11-15,48250.0,48300.0,46100.0,46850.0,49140.0,54655.0,57761.666666666664,58842.5,122833
2024-11-18,46500.0,48950.0,46500.0,47900.0,48600.0,54075.0,57593.333333333336,58694.166666666664,80742
2024-11-19,47750.0,50400.0,47750.0,49450.0,48410.0,53657.5,57465.833333333336,58568.75,121086
2024-11-20,49150.0,50800.0,49100.0,49950.0,48480.0,53340.0,57340.0,58448.333333333336,61588
2024-11-21,50800.0,50900.0,49600.0,49600.0,48750.0,53010.0,57180.0,58306.666666666664,41390
2024-11-22,49500.0,50400.0,49200.0,49750.0,49330.0,52697.5,57005.833333333336,58184.583333333336,49775
2024-11-25,50000.0,53400.0,50000.0,53400.0,50430.0,52492.5,56889.166666666664,58079.583333333336,131952
2024-11-26,52100.0,52100.0,49050.0,50100.0,50560.0,52127.5,56699.166666666664,57995.416666666664,125402
2024-11-27,50600.0,52800.0,50300.0,51400.0,50850.0,51832.5,56529.166666666664,57922.083333333336,96622
2024-11-28,51300.0,52200.0,50500.0,51700.0,51270.0,51517.5,56375.833333333336,57848.75,58137
2024-11-29,51700.0,54000.0,50000.0,53000.0,51920.0,51392.5,56237.5,57780.416666666664,147659
2024-12-02,53800.0,57700.0,53600.0,56400.0,52520.0,51402.5,56162.5,57740.416666666664,253662
2024-12-03,57000.0,57700.0,55200.0,57200.0,53940.0,51432.5,56145.833333333336,57706.25,102584
2024-12-04,56000.0,57500.0,55700.0,56600.0,54980.0,51487.5,56105.833333333336,57697.083333333336,89260
2024-12-05,56500.0,56800.0,53700.0,55200.0,55680.0,51537.5,56075.833333333336,57689.583333333336,102921
2024-12-06,55500.0,56900.0,54800.0,56100.0,56300.0,51672.5,56035.833333333336,57678.75,114055
2024-12-09,55400.0,55400.0,52600.0,53400.0,55700.0,51812.5,55975.833333333336,57640.416666666664,120379
2024-12-10,53900.0,54700.0,53300.0,54500.0,55160.0,52017.5,55925.833333333336,57628.75,70967
2024-12-11,54400.0,55300.0,54000.0,55100.0,54860.0,52292.5,55904.166666666664,57621.25,55974
2024-12-12,55500.0,57300.0,55200.0,56900.0,55200.0,52725.0,55872.5,57633.75,188338
2024-12-13,56400.0,58600.0,56200.0,58000.0,55580.0,53282.5,55810.833333333336,57662.916666666664,122705
2024-12-16,57700.0,57700.0,55300.0,56100.0,56120.0,53692.5,55734.166666666664,57681.25,84567
2024-12-17,56300.0,56300.0,55200.0,55600.0,56340.0,54000.0,55644.166666666664,57697.083333333336,66145
2024-12-18,55500.0,57400.0,55200.0,56900.0,56700.0,54347.5,55615.833333333336,57731.25,60477
2024-12-19,55500.0,55700.0,53300.0,53600.0,56040.0,54547.5,55537.5,57725.416666666664,142550
2024-12-20,53200.0,54500.0,52900.0,52900.0,55020.0,54705.0,55424.166666666664,57704.583333333336,99454
2024-12-23,53400.0,53800.0,51900.0,52900.0,54380.0,54680.0,55297.5,57704.583333333336,99804
2024-12-24,53000.0,54700.0,52500.0,53000.0,53860.0,54825.0,55165.833333333336,57698.75,61577
2024-12-26,53200.0,54800.0,52100.0,52300.0,52940.0,54870.0,55012.5,57676.25,80957
2024-12-27,52600.0,53000.0,50900.0,51400.0,52500.0,54855.0,54877.5,57644.583333333336,63262
2024-12-30,51800.0,52800.0,51000.0,51700.0,52260.0,54790.0,54762.5,57605.416666666664,75267
2025-01-02,51700.0,51900.0,50200.0,50600.0,51800.0,54500.0,54614.166666666664,57567.083333333336,56943
2025-01-03,50600.0,53400.0,50600.0,52500.0,51700.0,54265.0,54492.5,57534.583333333336,89641
2025-01-06,52100.0,53000.0,51700.0,52700.0,51780.0,54070.0,54349.166666666664,57509.583333333336,65036
2025-01-07,52700.0,53700.0,52300.0,52600.0,52020.0,53940.0,54229.166666666664,57474.583333333336,54412
2025-01-08,52100.0,53500.0,52100.0,52700.0,52220.0,53770.0,54117.5,57428.75,63331
2025-01-09,52200.0,53000.0,51900.0,52300.0,52560.0,53715.0,54017.5,57353.75,96285
2025-01-10,52100.0,53100.0,51800.0,51800.0,52420.0,53580.0,53897.5,57257.916666666664,70425
2025-01-13,51600.0,52100.0,49850.0,50000.0,51880.0,53325.0,53747.5,57154.583333333336,89471
2025-01-14,50300.0,50300.0,48700.0,49900.0,51340.0,52975.0,53604.166666666664,57062.083333333336,74781
2025-01-15,49900.0,50500.0,47350.0,47700.0,50340.0,52460.0,53465.833333333336,56954.583333333336,182310
2025-01-16,48100.0,48950.0,47900.0,48650.0,49610.0,52087.5,53285.0,56856.666666666664,89491
2025-01-17,48400.0,48950.0,46800.0,47000.0,48650.0,51657.5,53105.0,56747.5,140533
2025-01-20,47050.0,47550.0,46500.0,46950.0,48040.0,51160.0,52949.166666666664,56627.083333333336,75457
2025-01-21,47100.0,48100.0,46200.0,46350.0,47330.0,50797.5,52785.0,56526.666666666664,135041
2025-01-22,46650.0,47000.0,45200.0,45850.0,46960.0,50445.0,52615.833333333336,56386.25,182682
2025-01-23,46000.0,46050.0,43850.0,44000.0,46030.0,50000.0,52390.833333333336,56223.75,223448
2025-01-24,44100.0,44300.0,43400.0,43550.0,45340.0,49527.5,52160.0,56068.333333333336,132991
2025-01-31,44400.0,44600.0,43600.0,44300.0,44810.0,49127.5,51943.333333333336,55911.666666666664,88819
2025-02-03,43650.0,43850.0,42350.0,43500.0,44240.0,48732.5,51701.666666666664,55755.833333333336,152883
2025-02-04,43700.0,44500.0,43700.0,44500.0,43970.0,48372.5,51518.333333333336,55599.166666666664,138815
2025-02-05,44400.0,45700.0,44350.0,45000.0,44170.0,48092.5,51331.666666666664,55446.666666666664,99483
2025-02-06,45450.0,45650.0,44900.0,45550.0,44570.0,47745.0,51147.5,55287.916666666664,73923
2025-02-07,45200.0,45500.0,44500.0,44500.0,44610.0,47335.0,50964.166666666664,55154.583333333336,68092
2025-02-10,44500.0,45850.0,44500.0,45450.0,45000.0,46977.5,50818.333333333336,55005.0,100326
2025-02-11,45400.0,46400.0,45200.0,46100.0,45320.0,46647.5,50696.666666666664,54843.333333333336,90854
2025-02-12,46400.0,46450.0,44950.0,46050.0,45530.0,46335.0,50620.833333333336,54648.75,109181
2025-02-13,46450.0,46750.0,45000.0,46750.0,45770.0,46082.5,50560.0,54522.5,185253
2025-02-14,47700.0,48000.0,45650.0,46250.0,46120.0,45895.0,50504.166666666664,54388.75,169083
2025-02-17,46450.0,46450.0,45450.0,45550.0,46140.0,45677.5,50459.166666666664,54246.666666666664,84338
2025-02-18,45500.0,46200.0,45000.0,46150.0,46150.0,45600.0,50447.5,54104.583333333336,68544
2025-02-19,45750.0,47150.0,45750.0,46700.0,46280.0,45502.5,50427.5,54010.416666666664,73806
2025-02-20,47850.0,48100.0,47100.0,47300.0,46390.0,45517.5,50391.666666666664,53928.75,113128
2025-02-21,47300.0,47550.0,46800.0,46900.0,46520.0,45515.0,50340.833333333336,53840.416666666664,52912
2025-02-24,46700.0,47200.0,46250.0,46500.0,46710.0,45522.5,50289.166666666664,53734.583333333336,68086
2025-02-25,46050.0,46450.0,44700.0,44750.0,46430.0,45467.5,50205.833333333336,53605.833333333336,174315
2025-02-26,44750.0,45700.0,44600.0,45200.0,46130.0,45527.5,50069.166666666664,53479.166666666664,125066
2025-02-27,45200.0,45650.0,44050.0,44350.0,45540.0,45567.5,49973.333333333336,53336.25,231955
2025-02-28,43800.0,43900.0,40250.0,40250.0,44210.0,45365.0,49787.5,53158.333333333336,3242896
2025-03-04,40100.0,40900.0,39750.0,40050.0,42920.0,45192.5,49593.333333333336,52984.583333333336,458786
2025-03-05,40350.0,41250.0,40050.0,40700.0,42110.0,45002.5,49388.333333333336,52812.916666666664,268288
2025-03-06,40850.0,42150.0,40650.0,41550.0,41380.0,44830.0,49140.833333333336,52651.666666666664,214261
2025-03-07,41200.0,41550.0,40800.0,41000.0,40710.0,44602.5,48870.833333333336,52508.333333333336,146438
2025-03-10,41000.0,42150.0,40550.0,41150.0,40890.0,44435.0,48613.333333333336,52359.583333333336,154640
2025-03-11,40000.0,40550.0,39800.0,40100.0,40900.0,44167.5,48361.666666666664,52218.75,189695
2025-03-12,39950.0,40400.0,38450.0,39250.0,40610.0,43825.0,48080.833333333336,52058.333333333336,278726
2025-03-13,39500.0,40950.0,39200.0,40400.0,40380.0,43542.5,47864.166666666664,51920.0,462722
2025-03-14,40450.0,41000.0,39950.0,40100.0,40200.0,43210.0,47624.166666666664,51775.0,122892
2025-03-17,40300.0,40800.0,40150.0,40500.0,40070.0,42922.5,47380.833333333336,51642.5,97669
2025-03-18,40650.0,41300.0,40300.0,40350.0,40120.0,42662.5,47105.0,51488.75,121960
2025-03-19,40350.0,40750.0,40200.0,40350.0,40340.0,42372.5,46810.833333333336,51310.833333333336,96436
2025-03-20,40500.0,40900.0,39850.0,40000.0,40260.0,42037.5,46542.5,51138.333333333336,115585
2025-03-21,39800.0,41200.0,39300.0,40900.0,40420.0,41717.5,46297.5,50970.833333333336,270498
2025-03-24,40500.0,40900.0,40050.0,40050.0,40330.0,41375.0,46016.666666666664,50816.25,80139
2025-03-25,40150.0,40550.0,39700.0,40250.0,40310.0,41062.5,45794.166666666664,50665.833333333336,96754
2025-03-26,40950.0,41650.0,40500.0,41400.0,40520.0,40895.0,45602.5,50513.333333333336,171177
2025-03-27,41450.0,42150.0,41050.0,41450.0,40810.0,40707.5,45411.666666666664,50354.583333333336,131767
2025-03-28,41600.0,41650.0,40400.0,40700.0,40770.0,40525.0,45206.666666666664,50186.25,81790
2025-03-31,40500.0,40500.0,38700.0,39150.0,40590.0,40470.0,44987.5,50000.0,144607
2025-04-01,39250.0,41100.0,39250.0,40750.0,40690.0,40505.0,44810.0,49843.75,164453
2025-04-02,41000.0,42150.0,39750.0,41500.0,40710.0,40545.0,44640.0,49701.25,118072
2025-04-03,40350.0,41750.0,40150.0,41650.0,40750.0,40550.0,44490.833333333336,49552.5,137422
2025-04-04,40950.0,42250.0,40550.0,41650.0,40940.0,40582.5,44310.0,49401.25,96437
2025-04-07,40250.0,40550.0,39400.0,39550.0,41020.0,40502.5,44090.833333333336,49220.0,110425
2025-04-08,40000.0,40400.0,38500.0,38500.0,40570.0,40422.5,43855.833333333336,49042.5,129098
2025-04-09,37800.0,38550.0,37500.0,37500.0,39770.0,40335.0,43602.5,48860.0,144499
2025-04-10,39100.0,39850.0,38350.0,39400.0,39320.0,40285.0,43387.5,48702.5,245859
2025-04-11,38600.0,41000.0,38600.0,40900.0,39170.0,40325.0,43205.833333333336,48551.666666666664,102699
2025-04-14,40600.0,41500.0,40600.0,41400.0,39540.0,40370.0,43062.5,48405.0,94403
2025-04-15,41350.0,41800.0,40850.0,41700.0,40180.0,40437.5,42925.833333333336,48265.0,70059
2025-04-16,41500.0,41750.0,41300.0,41350.0,40950.0,40487.5,42820.0,48142.916666666664,61767
2025-04-17,41250.0,43900.0,41250.0,43600.0,41790.0,40667.5,42735.833333333336,48010.416666666664,310423
2025-04-18,43900.0,44350.0,43100.0,44000.0,42410.0,40822.5,42685.833333333336,47895.416666666664,129928
2025-04-21,43600.0,43950.0,43050.0,43350.0,42800.0,40987.5,42625.833333333336,47787.5,73002
2025-04-22,43350.0,43500.0,42550.0,42800.0,43020.0,41115.0,42566.666666666664,47675.833333333336,64849
2025-04-23,43000.0,43300.0,42800.0,42950.0,43340.0,41192.5,42518.333333333336,47567.083333333336,79408
2025-04-24,43000.0,43800.0,42650.0,43600.0,43340.0,41300.0,42511.666666666664,47451.25,101699
2025-04-25,43750.0,44300.0,43550.0,43800.0,43300.0,41455.0,42515.833333333336,47337.916666666664,96226
2025-04-28,43500.0,45650.0,43500.0,44850.0,43600.0,41740.0,42525.0,47234.166666666664,132318
2025-04-29,45000.0,46050.0,44800.0,45000.0,44040.0,41952.5,42550.0,47125.833333333336,99000
2025-04-30,44750.0,45450.0,44550.0,44700.0,44390.0,42112.5,42553.333333333336,47035.833333333336,61950
2025-05-02,44300.0,45600.0,44300.0,45150.0,44700.0,42287.5,42555.833333333336,46943.75,67805
2025-05-07,45950.0,46400.0,45150.0,45550.0,45050.0,42482.5,42555.833333333336,46851.666666666664,120678
2025-05-08,45550.0,46250.0,44950.0,44950.0,45070.0,42752.5,42563.333333333336,46763.75,143632
2025-05-09,48000.0,53100.0,47500.0,51500.0,46370.0,43402.5,42664.166666666664,46741.25,900069
2025-05-12,51100.0,52100.0,50100.0,50500.0,47530.0,44052.5,42737.5,46717.083333333336,166985
2025-05-13,50300.0,52100.0,50300.0,51500.0,48800.0,44657.5,42828.333333333336,46724.583333333336,222792
2025-05-14,51500.0,51600.0,50300.0,50500.0,49790.0,45137.5,42890.833333333336,46725.416666666664,159487
2025-05-15,50500.0,51300.0,50000.0,50200.0,50840.0,45577.5,42956.666666666664,46730.416666666664,96891
2025-05-16,51600.0,54050.0,51300.0,53000.0,51140.0,46142.5,43080.833333333336,46770.0,383041
2025-05-19,53400.0,53700.0,50600.0,51200.0,51280.0,46635.0,43165.0,46806.25,219968
2025-05-20,51800.0,52500.0,51000.0,51500.0,51280.0,47030.0,43245.0,46836.25,145938
2025-05-21,51700.0,52100.0,51100.0,51400.0,51460.0,47400.0,43313.333333333336,46852.5,85841
2025-05-22,51500.0,52700.0,51200.0,51400.0,51700.0,47802.5,43388.333333333336,46864.583333333336,116097
2025-05-23,51400.0,51800.0,49750.0,50500.0,51200.0,48187.5,43455.0,46872.083333333336,118033
2025-05-26,50700.0,52600.0,50700.0,52400.0,51440.0,48660.0,43582.5,46894.166666666664,189207
2025-05-27,51500.0,52300.0,51000.0,51300.0,51400.0,49045.0,43684.166666666664,46876.666666666664,61260
2025-05-28,51300.0,52500.0,51100.0,51600.0,51440.0,49435.0,43805.0,46889.166666666664,87761
2025-05-29,52200.0,52200.0,50300.0,51000.0,51360.0,49742.5,43984.166666666664,46885.833333333336,172930
2025-05-30,50800.0,51700.0,50400.0,51100.0,51480.0,50047.5,44168.333333333336,46880.833333333336,109373
2025-06-02,51500.0,55400.0,51400.0,55100.0,52020.0,50567.5,44408.333333333336,46898.333333333336,359288
2025-06-04,54900.0,55700.0,54100.0,54700.0,52700.0,51045.0,44627.5,46884.166666666664,147353
2025-06-05,54600.0,57000.0,54400.0,55900.0,53560.0,51562.5,44875.833333333336,46873.333333333336,169961
2025-06-09,55400.0,55600.0,54500.0,54800.0,54320.0,52055.0,45103.333333333336,46858.333333333336,161096
2025-06-10,56200.0,61300.0,55900.0,60100.0,56120.0,52485.0,45436.666666666664,46899.166666666664,703124
2025-06-11,59500.0,60800.0,58400.0,59600.0,57020.0,52940.0,45775.833333333336,46928.333333333336,257666
2025-06-12,58300.0,60100.0,58100.0,59900.0,58060.0,53360.0,46100.833333333336,46982.5,499657
2025-06-13,60400.0,60800.0,57100.0,58100.0,58500.0,53740.0,46400.833333333336,47012.5,324754
2025-06-16,57700.0,58400.0,56300.0,57000.0,58940.0,54080.0,46675.833333333336,47028.333333333336,155633
2025-06-17,57800.0,58500.0,56500.0,57000.0,58320.0,54280.0,46953.333333333336,47029.166666666664,206039
2025-06-18,56500.0,60900.0,56400.0,60200.0,58440.0,54730.0,47284.166666666664,47047.5,395028
2025-06-19,60100.0,60500.0,58400.0,59900.0,58440.0,55150.0,47615.833333333336,47079.166666666664,221653
2025-06-20,60300.0,60900.0,58900.0,60500.0,58920.0,55605.0,47942.5,47120.0,389210
2025-06-23,60100.0,60700.0,58400.0,59700.0,59460.0,56020.0,48270.0,47143.333333333336,199110
2025-06-24,60300.0,61600.0,58900.0,61100.0,60280.0,56550.0,48617.5,47205.833333333336,296303
2025-06-25,61000.0,61100.0,59500.0,60500.0,60340.0,56955.0,48935.833333333336,47269.166666666664,184415
2025-06-26,60200.0,60400.0,58400.0,60200.0,60400.0,57400.0,49248.333333333336,47330.0,184206
2025-06-27,60200.0,60200.0,58500.0,59100.0,60120.0,57775.0,49555.0,47380.833333333336,125406
2025-06-30,59300.0,62900.0,59100.0,62000.0,60580.0,58325.0,49935.833333333336,47461.666666666664,332411
2025-07-01,62100.0,62700.0,61200.0,62000.0,60760.0,58870.0,50290.0,47550.0,218273
2025-07-02,61600.0,62600.0,60600.0,61300.0,60920.0,59180.0,50620.0,47630.0,174354
2025-07-03,61900.0,63900.0,61500.0,62100.0,61300.0,59550.0,50960.833333333336,47725.833333333336,548428
2025-07-04,61800.0,62300.0,60900.0,61400.0,61760.0,59825.0,51290.0,47800.0,158151
2025-07-07,62100.0,62700.0,60800.0,61700.0,61700.0,60170.0,51659.166666666664,47875.0,117684
2025-07-08,62500.0,63000.0,61000.0,61700.0,61640.0,60250.0,52045.833333333336,47950.833333333336,134056
2025-07-09,62300.0,63200.0,61700.0,62200.0,61820.0,60380.0,52457.5,48030.0,161844
2025-07-10,61800.0,62500.0,60800.0,62000.0,61800.0,60485.0,52834.166666666664,48110.833333333336,272064
2025-07-11,61500.0,63000.0,61000.0,61700.0,61860.0,60665.0,53180.833333333336,48193.333333333336,277626
2025-07-14,61500.0,62500.0,60800.0,61700.0,61860.0,60900.0,53519.166666666664,48290.833333333336,208115
2025-07-15,61300.0,62500.0,61100.0,61700.0,61860.0,61135.0,53852.5,48389.166666666664,332907
2025-07-16,61400.0,62800.0,61000.0,62300.0,61880.0,61240.0,54201.666666666664,48510.833333333336,168811
2025-07-17,61500.0,62000.0,57000.0,60000.0,61480.0,61245.0,54475.0,48605.416666666664,598609
2025-07-18,61100.0,62100.0,60100.0,61200.0,61380.0,61280.0,54761.666666666664,48723.75,299792
2025-07-21,62300.0,64200.0,61800.0,63800.0,61800.0,61485.0,55102.5,48864.166666666664,517943
2025-07-22,63900.0,64000.0,62500.0,63300.0,62120.0,61595.0,55444.166666666664,49005.416666666664,153976
2025-07-23,62600.0,62900.0,59600.0,60200.0,61700.0,61580.0,55731.666666666664,49125.0,1985690
2025-07-24,61000.0,61300.0,58200.0,58700.0,61440.0,61505.0,55983.333333333336,49247.5,300283
2025-07-25,58200.0,59900.0,58100.0,59300.0,61060.0,61515.0,56241.666666666664,49378.75,175578
2025-07-28,59400.0,60300.0,58100.0,59000.0,60100.0,61365.0,56477.5,49501.25,117957
2025-07-29,58700.0,61200.0,58200.0,61200.0,59680.0,61325.0,56747.5,49648.75,244608
2025-07-30,60900.0,61200.0,59600.0,59700.0,59580.0,61245.0,56997.5,49775.416666666664,126407
2025-07-31,59700.0,60000.0,59000.0,59600.0,59760.0,61120.0,57238.333333333336,49897.083333333336,167124
2025-08-01,58900.0,59400.0,57200.0,58200.0,59540.0,60960.0,57449.166666666664,50002.5,172452
2025-08-04,58200.0,60500.0,58100.0,58700.0,59480.0,60810.0,57678.333333333336,50120.833333333336,204327
2025-08-05,58900.0,59900.0,57900.0,58500.0,58940.0,60650.0,57795.0,50229.583333333336,424880
2025-08-06,58200.0,59650.0,58100.0,58800.0,58760.0,60480.0,57933.333333333336,50335.416666666664,310394
2025-08-07,59300.0,62300.0,58400.0,61900.0,59220.0,60475.0,58106.666666666664,50467.5,559985
2025-08-08,60700.0,60700.0,55600.0,55600.0,58700.0,60170.0,58191.666666666664,50541.25,898011
2025-08-11,55800.0,56800.0,55200.0,56600.0,58280.0,59915.0,58298.333333333336,50627.5,281976
2025-08-12,56200.0,58800.0,56100.0,58200.0,58220.0,59740.0,58385.0,50732.916666666664,386712
2025-08-13,57700.0,57700.0,55900.0,57000.0,57860.0,59475.0,58481.666666666664,50823.333333333336,229297
2025-08-14,57000.0,59300.0,56900.0,58900.0,57260.0,59420.0,58605.0,50925.0,450492
2025-08-18,58500.0,59800.0,58200.0,58900.0,57920.0,59305.0,58730.0,51021.666666666664,147935
2025-08-19,59400.0,61300.0,59300.0,60800.0,58760.0,59155.0,58886.666666666664,51137.5,282394
2025-08-20,60600.0,61000.0,59700.0,60800.0,59280.0,59030.0,59058.333333333336,51256.666666666664,164231
2025-08-21,60800.0,62100.0,60700.0,61700.0,60220.0,59105.0,59213.333333333336,51397.916666666664,175589
2025-08-22,61400.0,61600.0,60200.0,60400.0,60520.0,59190.0,59365.0,51524.583333333336,108013
2025-08-25,61000.0,61400.0,60500.0,61000.0,60940.0,59275.0,59521.666666666664,51663.333333333336,98026
2025-08-26,60800.0,63200.0,60600.0,62200.0,61220.0,59435.0,59708.333333333336,51846.25,268046
2025-08-27,62300.0,62400.0,61200.0,61800.0,61420.0,59465.0,59886.666666666664,52027.5,111794
2025-08-28,61600.0,61900.0,60400.0,61200.0,61320.0,59540.0,59988.333333333336,52198.333333333336,125132
2025-08-29,61200.0,61400.0,59600.0,59900.0,61220.0,59555.0,60075.0,52351.25,156780
2025-09-01,60200.0,60200.0,58400.0,59000.0,60820.0,59595.0,60126.666666666664,52501.25,100271
2025-09-02,59000.0,59600.0,58200.0,58900.0,60160.0,59605.0,60195.0,52649.166666666664,86201
2025-09-03,58900.0,60000.0,58700.0,59400.0,59680.0,59650.0,60183.333333333336,52810.0,114317
2025-09-04,60000.0,60500.0,59300.0,60300.0,59500.0,59725.0,60195.0,52985.416666666664,95377
2025-09-05,60400.0,61100.0,60000.0,60800.0,59680.0,59670.0,60210.0,53155.416666666664,166985
2025-09-08,62500.0,65000.0,61800.0,64400.0,60760.0,60110.0,60315.0,53357.916666666664,395570
2025-09-09,64100.0,64300.0,62300.0,62700.0,61520.0,60415.0,60410.0,53542.916666666664,218821
2025-09-10,62700.0,63300.0,61900.0,62200.0,62080.0,60615.0,60496.666666666664,53725.0,186371
2025-09-11,62000.0,62500.0,60800.0,61700.0,62360.0,60850.0,60521.666666666664,53902.916666666664,294599
2025-09-12,62100.0,62600.0,61700.0,61900.0,62580.0,61000.0,60555.0,54085.416666666664,103921
2025-09-15,61600.0,63600.0,61500.0,62200.0,62140.0,61165.0,60583.333333333336,54262.916666666664,162278
2025-09-16,62200.0,64000.0,62200.0,63500.0,62300.0,61300.0,60646.666666666664,54458.333333333336,261911
2025-09-17,63800.0,68600.0,63700.0,68000.0,63460.0,61660.0,60761.666666666664,54689.583333333336,503895
2025-09-18,67400.0,68500.0,66600.0,67050.0,64530.0,61927.5,60870.833333333336,54903.333333333336,241557
2025-09-22,68000.0,69000.0,65300.0,66500.0,65450.0,62232.5,60975.833333333336,55112.083333333336,232423
2025-09-23,66600.0,66700.0,64200.0,65000.0,66010.0,62432.5,61074.166666666664,55314.583333333336,163503
2025-09-24,65600.0,66500.0,64600.0,65200.0,66350.0,62582.5,61127.5,55531.666666666664,150478
2025-09-25,64800.0,65500.0,63800.0,63900.0,65530.0,62687.5,61159.166666666664,55724.583333333336,183491
2025-09-26,64200.0,64500.0,62000.0,62200.0,64560.0,62737.5,61174.166666666664,55897.083333333336,130981
2025-09-29,63300.0,64300.0,62400.0,63000.0,63860.0,62892.5,61189.166666666664,56075.0,99704
2025-09-30,62800.0,63500.0,61700.0,61700.0,63200.0,63027.5,61194.166666666664,56242.083333333336,84570
2025-10-01,62900.0,63900.0,62100.0,62100.0,62580.0,63187.5,61200.833333333336,56430.0,86219
2025-10-02,62500.0,62600.0,58900.0,59400.0,61680.0,63187.5,61162.5,56604.166666666664,333846
2025-10-10,58800.0,59000.0,56900.0,58000.0,60840.0,63072.5,61092.5,56775.0,232384
2025-10-13,57400.0,57500.0,56200.0,57000.0,59640.0,62882.5,61009.166666666664,56921.666666666664,159218
2025-10-14,56900.0,57100.0,55500.0,55600.0,58420.0,62442.5,60907.5,57044.166666666664,261738
2025-10-15,56000.0,56700.0,55400.0,56100.0,57220.0,62112.5,60814.166666666664,57166.666666666664,159127
2025-10-16,56500.0,57000.0,55000.0,55300.0,56400.0,61767.5,60707.5,57280.0,253839
2025-10-17,55100.0,55400.0,53600.0,54200.0,55640.0,61392.5,60572.5,57387.083333333336,170006
2025-10-20,54400.0,55300.0,53500.0,54600.0,55160.0,61027.5,60482.5,57478.75,208017
2025-10-21,56200.0,56700.0,54800.0,54900.0,55020.0,60662.5,60377.5,57569.583333333336,273327
2025-10-22,55300.0,57300.0,55000.0,56600.0,55120.0,60317.5,60257.5,57680.0,252512
2025-10-23,57000.0,58400.0,55800.0,55800.0,55220.0,59707.5,60132.5,57788.333333333336,281286
2025-10-24,56000.0,56400.0,54600.0,54600.0,55300.0,59085.0,60039.166666666664,57885.416666666664,199827
2025-10-27,54600.0,55900.0,54500.0,55200.0,55420.0,58520.0,59980.833333333336,57982.083333333336,139224
2025-10-28,55700.0,56900.0,55100.0,56100.0,55660.0,58075.0,59927.5,58084.583333333336,165176
2025-10-29,56700.0,56700.0,54600.0,55000.0,55340.0,57565.0,59860.833333333336,58169.166666666664,230042
2025-10-30,54900.0,55300.0,53800.0,54800.0,55140.0,57110.0,59754.166666666664,58250.833333333336,240468
2025-10-31,54700.0,55300.0,54000.0,54100.0,55040.0,56705.0,59660.833333333336,58329.166666666664,188874
2025-11-03,54600.0,57000.0,54600.0,55900.0,55180.0,56350.0,59599.166666666664,58418.75,284212
2025-11-04,55000.0,56100.0,54700.0,55600.0,55080.0,56045.0,59555.833333333336,58502.5,99977
2025-11-05,55900.0,56000.0,53400.0,54300.0,54940.0,55655.0,59482.5,58580.416666666664,169929
2025-11-06,55500.0,56000.0,53400.0,55400.0,55060.0,55455.0,59430.833333333336,58612.916666666664,206926
2025-11-07,55000.0,55000.0,50300.0,50900.0,54420.0,55100.0,59299.166666666664,58616.25,495168
2025-11-10,51700.0,54300.0,51500.0,54300.0,54100.0,54965.0,59172.5,58639.583333333336,314306
2025-11-11,53900.0,55700.0,53400.0,55200.0,54020.0,54945.0,59165.833333333336,58678.75,221490
2025-11-12,54900.0,56300.0,54500.0,56000.0,54360.0,54940.0,59155.833333333336,58727.083333333336,128830
2025-11-13,56300.0,56900.0,56000.0,56400.0,54560.0,54995.0,59125.833333333336,58755.416666666664,181981
2025-11-14,55600.0,56800.0,54600.0,55200.0,55420.0,55045.0,59095.833333333336,58788.75,120076
2025-11-17,55200.0,55500.0,53400.0,53800.0,55320.0,55005.0,59010.833333333336,58807.916666666664,135849
2025-11-18,53800.0,53900.0,52000.0,52500.0,54780.0,54885.0,58904.166666666664,58817.083333333336,151528
2025-11-19,53000.0,53100.0,51500.0,52300.0,54040.0,54670.0,58762.5,58824.583333333336,132930
2025-11-20,52400.0,52700.0,50800.0,52300.0,53220.0,54495.0,58620.833333333336,58839.583333333336,170048
2025-11-21,52000.0,52200.0,50700.0,51900.0,52560.0,54360.0,58457.5,58835.416666666664,122372
2025-11-24,52500.0,53200.0,51600.0,51600.0,52120.0,54180.0,58310.833333333336,58837.916666666664,154169
2025-11-25,52000.0,52900.0,51300.0,51700.0,51960.0,53960.0,58155.833333333336,58838.75,129919
2025-11-26,52600.0,54500.0,52100.0,53800.0,52260.0,53900.0,58015.833333333336,58862.083333333336,199259
2025-11-27,53100.0,53900.0,52800.0,53200.0,52440.0,53820.0,57872.5,58879.583333333336,125863
2025-11-28,52600.0,53800.0,52600.0,53000.0,52660.0,53765.0,57735.833333333336,58862.083333333336,120808
2025-12-01,53200.0,55100.0,53200.0,53800.0,53100.0,53660.0,57634.166666666664,58854.583333333336,134379
2025-12-02,54100.0,54600.0,52900.0,53000.0,53360.0,53530.0,57534.166666666664,58830.416666666664,126683
2025-12-03,53200.0,53600.0,52600.0,53500.0,53300.0,53490.0,57444.166666666664,58819.583333333336,84300
2025-12-04,52600.0,52600.0,50800.0,50900.0,52840.0,53265.0,57302.5,58742.916666666664,232178
2025-12-05,51200.0,51400.0,50200.0,50700.0,52380.0,53255.0,57142.5,58668.75,206566
2025-12-08,50700.0,50800.0,48650.0,49050.0,51430.0,52992.5,56946.666666666664,58578.333333333336,412193
2025-12-09,49050.0,49450.0,48800.0,49400.0,50710.0,52702.5,56696.666666666664,58505.833333333336,127540
2025-12-10,49150.0,49600.0,48800.0,49400.0,49890.0,52372.5,56475.0,58442.5,129875
2025-12-11,49450.0,50200.0,49000.0,49150.0,49540.0,52010.0,56257.5,58377.083333333336,294492
2025-12-12,49650.0,50600.0,49650.0,50200.0,49440.0,51760.0,56065.833333333336,58293.75,113570
2025-12-15,49800.0,49850.0,49200.0,49200.0,49470.0,51530.0,55854.166666666664,58204.583333333336,173709
2025-12-16,49150.0,49900.0,49000.0,49050.0,49400.0,51357.5,55635.0,58109.166666666664,190799
2025-12-17,49300.0,49600.0,48800.0,49250.0,49370.0,51205.0,55397.5,58022.083333333336,138104
2025-12-18,49000.0,49000.0,47650.0,48450.0,49230.0,51012.5,55071.666666666664,57916.666666666664,183454
2025-12-19,48900.0,49450.0,48600.0,49150.0,49020.0,50875.0,54773.333333333336,57822.083333333336,422029
2025-12-22,49900.0,50100.0,49350.0,49600.0,49100.0,50775.0,54491.666666666664,57733.75,98414
2025-12-23,49750.0,50200.0,49050.0,49100.0,49110.0,50645.0,54226.666666666664,57650.416666666664,94783
2025-12-24,49250.0,49700.0,48900.0,49500.0,49160.0,50430.0,53965.0,57546.25,76404
2025-12-26,49350.0,49650.0,48350.0,48350.0,49140.0,50187.5,53705.833333333336,57432.5,70629
2025-12-29,47850.0,48650.0,47750.0,48400.0,48990.0,49957.5,53475.833333333336,57325.0,79996
2025-12-30,48050.0,48600.0,47850.0,48250.0,48720.0,49680.0,53230.0,57209.583333333336,65260
2026-01-02,48550.0,50000.0,48450.0,49550.0,48810.0,49507.5,53027.5,57110.833333333336,251132
2026-01-05,50200.0,50600.0,48850.0,49200.0,48750.0,49292.5,52812.5,57006.666666666664,154380
2026-01-06,49450.0,50000.0,49250.0,49450.0,48970.0,49220.0,52646.666666666664,56904.583333333336,103588
2026-01-07,49200.0,49250.0,47650.0,48500.0,48990.0,49110.0,52488.333333333336,56790.416666666664,230034
2026-01-08,48200.0,49100.0,47750.0,48900.0,49120.0,49102.5,52353.333333333336,56681.25,148081
2026-01-09,49150.0,49350.0,48200.0,48600.0,48930.0,49062.5,52236.666666666664,56572.083333333336,140505
2026-01-12,48750.0,49400.0,48325.0,49100.0,48910.0,49047.5,52120.0,56467.083333333336,137758
2026-01-13,49800.0,50600.0,49500.0,50500.0,49120.0,49115.0,52040.0,56373.75,176954
2026-01-14,51000.0,51800.0,50200.0,51200.0,49660.0,49165.0,51990.0,56281.25,155441
2026-01-15,51000.0,51800.0,50400.0,50800.0,50040.0,49245.0,51926.666666666664,56204.583333333336,156768
2026-01-16,51200.0,51200.0,49950.0,50100.0,50340.0,49297.5,51846.666666666664,56112.083333333336,152819
2026-01-19,48750.0,49400.0,48000.0,48900.0,50300.0,49280.0,51718.333333333336,55987.916666666664,181882
2026-01-20,48700.0,51500.0,48700.0,51000.0,50400.0,49407.5,51638.333333333336,55885.416666666664,236318
2026-01-21,50100.0,50300.0,48750.0,49100.0,49980.0,49405.0,51546.666666666664,55792.916666666664,205323
2026-01-22,48950.0,51300.0,48950.0,50900.0,50000.0,49470.0,51475.0,55727.916666666664,221533
2026-01-23,51000.0,51900.0,50400.0,51800.0,50340.0,49605.0,51403.333333333336,55665.416666666664,170940
2026-01-26,52000.0,52800.0,51800.0,52000.0,50960.0,49730.0,51353.333333333336,55607.083333333336,170218
2026-01-27,52200.0,53800.0,52000.0,53000.0,51360.0,49962.5,51323.333333333336,55538.75,265027
2026-01-28,53300.0,54000.0,52600.0,52800.0,52100.0,50182.5,51301.666666666664,55481.25,178778
2026-01-29,52100.0,53900.0,51400.0,53600.0,52640.0,50450.0,51263.333333333336,55431.25,252131
2026-01-30,53200.0,54100.0,52800.0,52800.0,52840.0,50612.5,51216.666666666664,55386.25,205231
2026-02-02,52500.0,52700.0,50200.0,50700.0,52580.0,50687.5,51156.666666666664,55319.583333333336,237784
2026-02-03,51900.0,52300.0,50800.0,51700.0,52320.0,50800.0,51095.0,55262.916666666664,158811
2026-02-04,51500.0,52600.0,51100.0,51600.0,52080.0,50955.0,51106.666666666664,55202.916666666664,138465
2026-02-05,51400.0,51900.0,50700.0,50800.0,51520.0,51050.0,51048.333333333336,55110.416666666664,174295
2026-02-06,54600.0,57900.0,52300.0,54700.0,51900.0,51355.0,51040.0,55102.916666666664,1262545
2026-02-09,55600.0,56400.0,54700.0,55500.0,52860.0,51675.0,51031.666666666664,55093.75,281463
2026-02-10,55600.0,57500.0,54800.0,56500.0,53820.0,51975.0,51033.333333333336,55079.583333333336,325152
2026-02-11,57300.0,58900.0,57100.0,57900.0,55080.0,52310.0,51078.333333333336,55087.083333333336,324087
2026-02-12,57700.0,57900.0,56300.0,57000.0,56320.0,52620.0,51131.666666666664,55071.25,348959
2026-02-13,57200.0,58200.0,56800.0,57200.0,56820.0,52975.0,51210.0,55057.083333333336,257164
2026-02-19,57900.0,58900.0,57200.0,57600.0,57240.0,53410.0,51298.333333333336,55030.416666666664,180624
2026-02-20,57400.0,57600.0,56800.0,57300.0,57400.0,53725.0,51381.666666666664,55001.25,123566
2026-02-23,57200.0,57300.0,56600.0,56800.0,57180.0,54110.0,51463.333333333336,54960.416666666664,163053
2026-02-24,57100.0,57700.0,56700.0,57500.0,57280.0,54440.0,51561.666666666664,54936.25,182249
2026-02-25,57700.0,57900.0,56500.0,57400.0,57320.0,54720.0,51656.666666666664,54906.25,196719
2026-02-26,57100.0,57800.0,54200.0,54300.0,56660.0,54835.0,51665.0,54840.416666666664,457272
2026-02-27,54900.0,55000.0,51900.0,52600.0,55720.0,54815.0,51655.0,54763.75,460106
2026-03-03,52300.0,53300.0,51100.0,51400.0,54640.0,54745.0,51628.333333333336,54682.083333333336,285956
2026-03-04,50600.0,50600.0,45400.0,45750.0,52290.0,54352.5,51494.166666666664,54564.166666666664,385194
2026-03-05,48100.0,48750.0,45800.0,48500.0,50510.0,54137.5,51419.166666666664,54476.666666666664,588777
2026-03-06,50900.0,56300.0,50900.0,54000.0,50450.0,54302.5,51427.5,54435.833333333336,1126580
2026-03-09,51700.0,55800.0,50600.0,55200.0,50970.0,54477.5,51499.166666666664,54400.833333333336,617152
2026-03-10,56100.0,57200.0,54200.0,55200.0,51730.0,54657.5,51574.166666666664,54358.333333333336,251345
2026-03-11,55400.0,55900.0,52000.0,52200.0,53020.0,54727.5,51626.666666666664,54286.666666666664,398724
2026-03-12,52400.0,54400.0,51700.0,52900.0,53900.0,54637.5,51685.0,54190.833333333336,597296
2026-03-13,52300.0,55800.0,52100.0,54800.0,54060.0,54602.5,51775.0,54125.0,469577
2026-03-16,55100.0,55300.0,53000.0,53200.0,53660.0,54437.5,51842.5,54050.0,254265
2026-03-17,53500.0,55000.0,52700.0,54800.0,53580.0,54282.5,51919.166666666664,53992.5,344738
2026-03-18,55100.0,55100.0,53200.0,53700.0,53880.0,54117.5,51994.166666666664,53924.166666666664,376826
2026-03-19,52500.0,52600.0,50500.0,51000.0,53500.0,53807.5,52026.666666666664,53830.833333333336,307565
2026-03-20,51400.0,52700.0,51100.0,52300.0,53000.0,53542.5,52077.5,53737.5,190208
2026-03-23,51100.0,51400.0,49500.0,49700.0,52300.0,53162.5,52098.333333333336,53585.0,204197
2026-03-24,51000.0,51300.0,49950.0,51300.0,51600.0,52887.5,52134.166666666664,53453.75,149135
2026-03-25,51900.0,52300.0,51300.0,51400.0,51140.0,52582.5,52164.166666666664,53327.916666666664,171514
2026-03-26,52700.0,53200.0,51300.0,51500.0,51240.0,52287.5,52204.166666666664,53215.416666666664,178988
2026-03-27,50900.0,52400.0,50300.0,52200.0,51220.0,52182.5,52249.166666666664,53107.083333333336,229135
2026-03-30,50700.0,51000.0,49450.0,49750.0,51230.0,52040.0,52272.5,52989.166666666664,213890
2026-03-31,49300.0,50900.0,49000.0,49200.0,50810.0,51930.0,52285.833333333336,52880.833333333336,225493
2026-04-01,50500.0,52000.0,49950.0,51400.0,50810.0,52212.5,52338.333333333336,52784.166666666664,215081
2026-04-02,51200.0,51700.0,48650.0,49000.0,50310.0,52237.5,52329.166666666664,52678.333333333336,235024
2026-04-03,49600.0,51300.0,49250.0,50000.0,49870.0,52037.5,52342.5,52577.5,225530
2026-04-06,50200.0,50800.0,49650.0,49700.0,49860.0,51762.5,52346.666666666664,52496.666666666664,142356
2026-04-07,49600.0,49900.0,48450.0,48700.0,49760.0,51437.5,52350.0,52419.166666666664,204787
2026-04-08,50400.0,50900.0,50000.0,50200.0,49520.0,51337.5,52371.666666666664,52362.5,155600
2026-04-09,50300.0,51500.0,49400.0,50000.0,49720.0,51192.5,52395.0,52315.833333333336,249037
2026-04-10,50100.0,50800.0,49650.0,50300.0,49780.0,50967.5,52415.0,52267.5,306395
2026-04-13,50000.0,51700.0,49650.0,50200.0,49880.0,50817.5,52410.0,52225.0,224471
2026-04-14,50500.0,51600.0,50500.0,50700.0,50280.0,50612.5,52401.666666666664,52195.833333333336,168194
2026-04-15,51300.0,51700.0,50700.0,50800.0,50400.0,50467.5,52401.666666666664,52164.166666666664,153119
2026-04-16,51400.0,52600.0,51300.0,51900.0,50780.0,50512.5,52431.666666666664,52139.166666666664,172805
2026-04-17,52200.0,52200.0,51000.0,51600.0,51040.0,50477.5,52476.666666666664,52097.5,139505
2026-04-20,52500.0,53200.0,51300.0,51500.0,51300.0,50567.5,52485.0,52061.666666666664,169404
2026-04-21,51800.0,51900.0,50200.0,50600.0,51280.0,50532.5,52510.0,52028.333333333336,239621
2026-04-22,50400.0,51400.0,50300.0,51100.0,51340.0,50517.5,52513.333333333336,51994.166666666664,189561
2026-04-23,51500.0,51500.0,49500.0,49650.0,50890.0,50425.0,52477.5,51940.416666666664,314676
2026-04-24,49900.0,50800.0,49800.0,50400.0,50650.0,50335.0,52450.833333333336,51902.083333333336,171054
2026-04-27,50700.0,51000.0,49900.0,50000.0,50350.0,50347.5,52400.833333333336,51862.083333333336,191119
2026-04-28,50200.0,51000.0,50000.0,50600.0,50350.0,50417.5,52364.166666666664,51832.916666666664,148043
2026-04-29,50800.0,52200.0,50800.0,51300.0,50390.0,50412.5,52325.833333333336,51794.583333333336,396308
2026-04-30,51000.0,51300.0,49550.0,49650.0,50390.0,50445.0,52273.333333333336,51745.0,246576
2026-05-04,50600.0,50800.0,49350.0,49500.0,50210.0,50420.0,52253.333333333336,51705.0,205726
2026-05-06,49350.0,49450.0,48450.0,48450.0,49900.0,50357.5,52199.166666666664,51647.083333333336,221351
2026-05-07,48600.0,48750.0,46750.0,47100.0,49200.0,50277.5,52124.166666666664,51615.416666666664,268843
2026-05-08,47550.0,47600.0,42150.0,43000.0,47540.0,49917.5,51994.166666666664,51521.25,1010484
2026-05-11,43050.0,43600.0,42600.0,42750.0,46160.0,49555.0,51795.0,51417.5,250685
2026-05-12,42700.0,42850.0,41200.0,41950.0,44650.0,49137.5,51569.166666666664,51300.416666666664,314956
2026-05-13,43000.0,43400.0,41600.0,42000.0,43360.0,48727.5,51327.5,51180.416666666664,233067
2026-05-14,42050.0,44050.0,41850.0,44050.0,42750.0,48395.0,51096.666666666664,51087.5,334870
2026-05-15,44050.0,44800.0,42750.0,43200.0,42790.0,48015.0,50866.666666666664,50999.166666666664,267898
2026-05-18,43450.0,43550.0,41650.0,42350.0,42710.0,47537.5,50619.166666666664,50914.583333333336,158466
2026-05-19,43600.0,44000.0,42350.0,43000.0,42920.0,47107.5,50375.833333333336,50837.083333333336,222423
2026-05-20,43600.0,43600.0,41800.0,41950.0,42910.0,46630.0,50120.0,50750.833333333336,166758
2026-05-21,42550.0,43250.0,41600.0,41900.0,42480.0,46195.0,49871.666666666664,50667.5,244892
2026-05-22,41950.0,43800.0,41950.0,43400.0,42520.0,45810.0,49636.666666666664,50599.166666666664,175345
2026-05-26,43750.0,44000.0,41850.0,42000.0,42450.0,45427.5,49380.0,50518.333333333336,233194
2026-05-27,42000.0,42550.0,41000.0,41250.0,42100.0,44970.0,49162.5,50413.75,306451
2026-05-28,41650.0,43000.0,40200.0,41550.0,42020.0,44547.5,48978.333333333336,50316.666666666664,315205
2026-05-29,42050.0,42550.0,41650.0,42500.0,42140.0,44142.5,48830.0,50229.166666666664,275344
2026-06-01,42300.0,43600.0,41900.0,42900.0,42040.0,43722.5,48782.5,50138.333333333336,205083
2026-06-02,43100.0,45300.0,42300.0,44900.0,42620.0,43485.0,48722.5,50070.833333333336,460751
2026-06-04,44450.0,44800.0,42900.0,43850.0,43140.0,43202.5,48553.333333333336,49990.416666666664,196438
2026-06-05,44200.0,44200.0,40900.0,42000.0,43230.0,42880.0,48333.333333333336,49916.25,188814
2026-06-08,40600.0,41750.0,39750.0,40050.0,42740.0,42527.5,48080.833333333336,49827.5,180150
2026-06-09,40650.0,43100.0,40100.0,40600.0,42280.0,42407.5,47887.5,49757.083333333336,297387
2026-06-10,40150.0,40800.0,39000.0,40000.0,41300.0,42270.0,47672.5,49678.75,21
2026-06-11,39100.0,43050.0,39000.0,43050.0,41140.0,42325.0,47476.666666666664,49625.833333333336,449135
2026-06-12,43400.0,43550.0,41100.0,42450.0,41230.0,42347.5,47297.5,49570.0,415870
2026-06-15,42800.0,43100.0,40550.0,41150.0,41450.0,42202.5,47070.0,49494.583333333336,305541
2026-06-16,41300.0,41950.0,40800.0,41800.0,41690.0,42132.5,46871.666666666664,49432.916666666664,179746
2026-06-17,41850.0,42400.0,40550.0,41650.0,42020.0,42097.5,46715.833333333336,49371.25,213665
2026-06-18,41250.0,41800.0,39900.0,40350.0,41480.0,41965.0,46516.666666666664,49297.083333333336,355330
2026-06-19,40800.0,41250.0,39700.0,40850.0,41160.0,41910.0,46369.166666666664,49233.75,280966
2026-06-22,40700.0,40750.0,38100.0,38400.0,40610.0,41735.0,46154.166666666664,49144.166666666664,240288
2026-06-23,38000.0,39200.0,36950.0,37050.0,39660.0,41417.5,45915.0,49039.583333333336,230751
2026-06-24,36550.0,37400.0,35650.0,36600.0,38650.0,41147.5,45666.666666666664,48935.416666666664,222854
2026-06-25,36650.0,37150.0,35650.0,36000.0,37780.0,40885.0,45396.666666666664,48822.916666666664,235097
2026-06-26,35600.0,35850.0,34450.0,35150.0,36640.0,40565.0,45153.333333333336,48712.916666666664,196541
2026-06-29,35500.0,38300.0,35350.0,37900.0,36540.0,40335.0,44965.0,48625.416666666664,224695
2026-06-30,37900.0,38850.0,37050.0,37350.0,36600.0,40057.5,44730.833333333336,48534.583333333336,235207
2026-07-01,38050.0,38500.0,37300.0,37800.0,36840.0,39702.5,44544.166666666664,48436.666666666664,143712
2026-07-02,38650.0,39200.0,36900.0,38400.0,37320.0,39430.0,44350.833333333336,48346.666666666664,116914
2026-07-03,38450.0,38800.0,37500.0,38200.0,37930.0,39240.0,44159.166666666664,48252.916666666664,131984
2026-07-06,38200.0,38950.0,37950.0,38300.0,38010.0,39152.5,43985.833333333336,48167.916666666664,84969
2026-07-07,38350.0,39300.0,37700.0,39250.0,38390.0,39085.0,43803.333333333336,48087.5,123112
2026-07-08,39300.0,39900.0,37850.0,38800.0,38590.0,39025.0,43616.666666666664,48005.833333333336,158606
2026-07-09,38800.0,38900.0,37500.0,38250.0,38560.0,38785.0,43415.833333333336,47915.416666666664,223782
2026-07-10,39150.0,39200.0,37500.0,37550.0,38430.0,38540.0,43205.0,47807.5,170878
2026-07-13,37600.0,38550.0,37500.0,38150.0,38400.0,38390.0,42995.833333333336,47698.75,161659
